timestamp,datetime,open,high,low,close,volume
-2322639000,"1896-05-25 14:30:00",40.94,40.94,40.2,40.63,0
-2322034200,"1896-06-01 14:30:00",40.6,40.6,39.77,40.32,0
-2321429400,"1896-06-08 14:30:00",39.81,39.81,38.41,39.31,0
-2320824600,"1896-06-15 14:30:00",39.93,40.54,39.76,40.03,0
-2320219800,"1896-06-22 14:30:00",38.73,38.73,37.89,37.89,0
-2319615000,"1896-06-29 14:30:00",35.53,36.15,34.59,34.74,0
-2319010200,"1896-07-06 14:30:00",34.87,35.19,34.68,34.84,0
-2318405400,"1896-07-13 14:30:00",34.69,34.69,31.94,31.94,0
-2317800600,"1896-07-20 14:30:00",30.5,32.29,30.5,31.54,0
-2317195800,"1896-07-27 14:30:00",31.46,32.02,30.82,32.02,0
-2316591000,"1896-08-03 14:30:00",31.49,31.49,28.66,28.66,0
-2315986200,"1896-08-10 14:30:00",28.96,30.73,28.96,30.73,0
-2315381400,"1896-08-17 14:30:00",31.06,31.31,30.55,30.55,0
-2314776600,"1896-08-24 14:30:00",30.67,30.88,30.29,30.88,0
-2314171800,"1896-08-31 14:30:00",31.97,34.7,31.97,34.7,0
-2313567000,"1896-09-07 14:30:00",35.5,35.5,34.58,35.3,0
-2312962200,"1896-09-14 14:30:00",34.86,34.86,33.32,34.81,0
-2312357400,"1896-09-21 14:30:00",35.53,36.61,35.53,36.61,0
-2311752600,"1896-09-28 14:30:00",36.35,36.35,35.88,35.88,0
-2311147800,"1896-10-05 14:30:00",35.92,35.92,34.96,34.96,0
-2310543000,"1896-10-12 14:30:00",34.74,36.26,34.74,36.26,0
-2309938200,"1896-10-19 14:30:00",36.5,38.49,36.5,38.49,0
-2309333400,"1896-10-26 14:30:00",38.71,39.4,37.75,39.4,0
-2308728600,"1896-11-02 14:30:00",40.93,43.33,40.93,43.33,0
-2308123800,"1896-11-09 14:30:00",44.44,44.9,44.33,44.5,0
-2307519000,"1896-11-16 14:30:00",43.59,43.63,43.24,43.24,0
-2306914200,"1896-11-23 14:30:00",42.95,42.95,41.9,41.9,0
-2306309400,"1896-11-30 14:30:00",41,42.22,41,42.07,0
-2305704600,"1896-12-07 14:30:00",41.58,41.78,41.42,41.42,0
-2305099800,"1896-12-14 14:30:00",40.42,40.8,38.59,38.59,0
-2304495000,"1896-12-21 14:30:00",39.8,40.02,39.53,40.02,0
-2303890200,"1896-12-28 14:30:00",40.14,40.62,40.14,40.45,0
-2303285400,"1897-01-04 14:30:00",40.37,40.97,40.37,40.97,0
-2302680600,"1897-01-11 14:30:00",40.75,42.27,40.75,42.27,0
-2302075800,"1897-01-18 14:30:00",42.76,43.25,42.42,42.42,0
-2301471000,"1897-01-25 14:30:00",41.91,42.22,41.88,42.06,0
-2300866200,"1897-02-01 14:30:00",42.38,42.38,41.23,41.23,0
-2300261400,"1897-02-08 14:30:00",41.11,41.11,40.27,40.27,0
-2299656600,"1897-02-15 14:30:00",39.74,40.32,39.74,40.28,0
-2299051800,"1897-02-22 14:30:00",40.69,41.29,40.21,41.29,0
-2298447000,"1897-03-01 14:30:00",41.69,42.13,41.34,41.45,0
-2297842200,"1897-03-08 14:30:00",41.9,42.05,41.62,42.05,0
-2297237400,"1897-03-15 14:30:00",42.08,42.08,41.12,41.12,0
-2296632600,"1897-03-22 14:30:00",41.39,41.39,40.07,40.07,0
-2296027800,"1897-03-29 14:30:00",39.13,39.86,39.13,39.81,0
-2295423000,"1897-04-05 14:30:00",39.74,40.37,39.57,40.21,0
-2294818200,"1897-04-12 14:30:00",39.95,40.43,39.41,39.41,0
-2294213400,"1897-04-19 14:30:00",38.49,38.91,38.49,38.49,0
-2293608600,"1897-04-26 14:30:00",39.22,39.22,38.96,38.96,0
-2293003800,"1897-05-03 14:30:00",38.78,39.59,38.78,39.59,0
-2292399000,"1897-05-10 14:30:00",39.95,39.95,38.94,38.94,0
-2291794200,"1897-05-17 14:30:00",38.67,39.2,38.67,38.83,0
-2291189400,"1897-05-24 14:30:00",39.33,39.64,39.2,39.64,0
-2290584600,"1897-05-31 14:30:00",40.01,40.52,40.01,40.52,0
-2289979800,"1897-06-07 14:30:00",41.32,42.54,41.32,42.54,0
-2289375000,"1897-06-14 14:30:00",42.96,43.07,42.39,43.07,0
-2288770200,"1897-06-21 14:30:00",42.62,43.39,42.62,43.28,0
-2288165400,"1897-06-28 14:30:00",44.61,44.61,44.1,44.18,0
-2287560600,"1897-07-05 14:30:00",43.6,44.16,43.6,44.16,0
-2286955800,"1897-07-12 14:30:00",45.05,45.71,45.05,45.48,0
-2286351000,"1897-07-19 14:30:00",46.45,47.88,46.45,47.88,0
-2285746200,"1897-07-26 14:30:00",47.71,47.95,47.11,47.95,0
-2285141400,"1897-08-02 14:30:00",48.84,51.72,48.84,51.72,0
-2284536600,"1897-08-09 14:30:00",51.32,51.97,51.32,51.5,0
-2283931800,"1897-08-16 14:30:00",52.19,52.19,51.55,51.65,0
-2283327000,"1897-08-23 14:30:00",52.39,52.92,52.13,52.92,0
-2282722200,"1897-08-30 14:30:00",53.23,55.77,53.23,55.64,0
-2282117400,"1897-09-06 14:30:00",55.75,55.82,55.6,55.82,0
-2281512600,"1897-09-13 14:30:00",54.61,55.62,54.61,55.46,0
-2280907800,"1897-09-20 14:30:00",54.66,54.66,52.48,52.48,0
-2280303000,"1897-09-27 14:30:00",52.93,52.93,50.98,51.54,0
-2279698200,"1897-10-04 14:30:00",52.66,52.66,51.37,51.64,0
-2279093400,"1897-10-11 14:30:00",50.64,50.64,48.42,48.42,0
-2278488600,"1897-10-18 14:30:00",49.2,50.39,49.2,50,0
-2277883800,"1897-10-25 14:30:00",48.76,49.1,48.46,48.81,0
-2277279000,"1897-11-01 14:30:00",49.11,49.11,45.73,45.73,0
-2276674200,"1897-11-08 14:30:00",45.65,47.12,45.65,46.44,0
-2276069400,"1897-11-15 14:30:00",46.47,47.27,46.47,47.27,0
-2275464600,"1897-11-22 14:30:00",46.89,46.89,46.21,46.7,0
-2274859800,"1897-11-29 14:30:00",46.8,48.41,46.8,48.31,0
-2274255000,"1897-12-06 14:30:00",48.79,49.6,48.79,49.18,0
-2273650200,"1897-12-13 14:30:00",49.81,49.81,48.14,48.14,0
-2273045400,"1897-12-20 14:30:00",48.45,49.39,48.25,49.39,0
-2272440600,"1897-12-27 14:30:00",49.29,49.41,49.21,49.41,0
-2271835800,"1898-01-03 14:30:00",49.31,50.67,48.91,50.67,0
-2271231000,"1898-01-10 14:30:00",50.53,50.53,49.63,49.63,0
-2270626200,"1898-01-17 14:30:00",49.36,49.36,48.81,48.92,0
-2270021400,"1898-01-24 14:30:00",48,49.78,48,49.32,0
-2269416600,"1898-01-31 14:30:00",50.01,50.01,49.54,49.82,0
-2268811800,"1898-02-07 14:30:00",50.11,50.16,49.62,50.14,0
-2268207000,"1898-02-14 14:30:00",49.49,50.04,48.59,48.59,0
-2267602200,"1898-02-21 14:30:00",47.11,47.11,44.67,45.31,0
-2266997400,"1898-02-28 14:30:00",46.17,47.47,46.16,46.16,0
-2266392600,"1898-03-07 14:30:00",44.86,45.51,44.44,44.44,0
-2265787800,"1898-03-14 14:30:00",44.73,45.53,44.41,44.86,0
-2265183000,"1898-03-21 14:30:00",44.5,44.5,42,42,0
-2264578200,"1898-03-28 14:30:00",45.34,46.15,44.14,44.14,0
-2263973400,"1898-04-04 14:30:00",45.58,46.02,45.06,45.48,0
-2263368600,"1898-04-11 14:30:00",45.95,46.32,45.19,45.37,0
-2262763800,"1898-04-18 14:30:00",44.92,44.92,43.27,43.87,0
-2262159000,"1898-04-25 14:30:00",44.02,45.75,44.02,45.75,0
-2261554200,"1898-05-02 14:30:00",48.6,49.43,48.3,49.16,0
-2260949400,"1898-05-09 14:30:00",51.05,51.63,50.46,50.82,0
-2260344600,"1898-05-16 14:30:00",50.33,51.26,50.33,50.74,0
-2259739800,"1898-05-23 14:30:00",51.73,52.29,51.73,52.08,0
-2259135000,"1898-05-30 14:30:00",52.74,53.36,52.74,52.77,0
-2258530200,"1898-06-06 14:30:00",53.33,53.71,53.12,53.71,0
-2257925400,"1898-06-13 14:30:00",52.61,52.61,50.87,52.13,0
-2257320600,"1898-06-20 14:30:00",51.9,52.01,51.38,52.01,0
-2256715800,"1898-06-27 14:30:00",52.66,53,52.44,53,0
-2256111000,"1898-07-04 14:30:00",52.99,53.25,52.78,53.25,0
-2255506200,"1898-07-11 14:30:00",53.35,53.35,52.53,52.53,0
-2254901400,"1898-07-18 14:30:00",52.27,53.13,52.27,53.01,0
-2254296600,"1898-07-25 14:30:00",53.67,54.17,53.67,54.02,0
-2253691800,"1898-08-01 14:30:00",54.6,55.85,54.6,55.85,0
-2253087000,"1898-08-08 14:30:00",56.31,56.61,56.21,56.21,0
-2252482200,"1898-08-15 14:30:00",57.5,59.09,57.5,59.09,0
-2251877400,"1898-08-22 14:30:00",59.39,60.97,59.39,60.97,0
-2251272600,"1898-08-29 14:30:00",59.57,60.5,59.57,60.38,0
-2250667800,"1898-09-05 14:30:00",60.16,60.16,57.77,57.77,0
-2250063000,"1898-09-12 14:30:00",58.08,58.38,57.42,58.04,0
-2249458200,"1898-09-19 14:30:00",57.61,58.33,57.23,57.63,0
-2248853400,"1898-09-26 14:30:00",56.55,56.55,53.44,53.44,0
-2248248600,"1898-10-03 14:30:00",53.62,53.8,53.08,53.08,0
-2247643800,"1898-10-10 14:30:00",52.51,52.87,51.81,52.28,0
-2247039000,"1898-10-17 14:30:00",52.18,52.21,51.56,52.21,0
-2246434200,"1898-10-24 14:30:00",52.85,54.89,52.85,54.89,0
-2245829400,"1898-10-31 14:30:00",55.43,55.43,54.51,54.75,0
-2245224600,"1898-11-07 14:30:00",55.57,56.4,55.3,56.4,0
-2244619800,"1898-11-14 14:30:00",57.08,57.08,56.58,56.58,0
-2244015000,"1898-11-21 14:30:00",56.75,56.97,56.27,56.27,0
-2243410200,"1898-11-28 14:30:00",56.79,58.16,56.79,58.14,0
-2242805400,"1898-12-05 14:30:00",58.3,59.75,58.3,59.75,0
-2242200600,"1898-12-12 14:30:00",60.28,60.28,58.81,58.81,0
-2241595800,"1898-12-19 14:30:00",58.78,60.09,58.78,60.09,0
-2240991000,"1898-12-26 14:30:00",60.42,60.52,59,60.52,0
-2240386200,"1899-01-02 14:30:00",60.41,60.91,60.41,60.86,0
-2239781400,"1899-01-09 14:30:00",61.98,61.98,61.23,61.71,0
-2239176600,"1899-01-16 14:30:00",61.28,62.4,61.28,62.4,0
-2238571800,"1899-01-23 14:30:00",62.37,64.64,61.8,64.64,0
-2237967000,"1899-01-30 14:30:00",65.02,65.02,63.61,63.61,0
-2237362200,"1899-02-06 14:30:00",63.05,63.05,61.95,62.11,0
-2236757400,"1899-02-13 14:30:00",62.55,63.13,62.5,63.13,0
-2236152600,"1899-02-20 14:30:00",66.76,67.35,66.76,67.35,0
-2235547800,"1899-02-27 14:30:00",66.98,67.02,65.9,67.02,0
-2234943000,"1899-03-06 14:30:00",65.95,68.14,65.95,68.14,0
-2234338200,"1899-03-13 14:30:00",68.89,71.26,68.89,71.26,0
-2233733400,"1899-03-20 14:30:00",71.19,71.98,71.19,71.98,0
-2233128600,"1899-03-27 14:30:00",73.73,74.7,73.73,74.33,0
-2232523800,"1899-04-03 14:30:00",76.02,76.04,73.08,73.08,0
-2231919000,"1899-04-10 14:30:00",72.6,76.04,72.6,76.04,0
-2231314200,"1899-04-17 14:30:00",75.96,76.71,75.96,76.71,0
-2230709400,"1899-04-24 14:30:00",76.53,77.28,76.53,77.1,0
-2230104600,"1899-05-01 14:30:00",74.59,76.04,74.48,74.48,0
-2229499800,"1899-05-08 14:30:00",72.18,72.47,69.98,72.18,0
-2228895000,"1899-05-15 14:30:00",69.77,72.75,69.77,71.81,0
-2228290200,"1899-05-22 14:30:00",71.71,71.71,70.27,70.29,0
-2227685400,"1899-05-29 14:30:00",67.51,70.11,67.51,70.11,0
-2227080600,"1899-06-05 14:30:00",69.73,72.29,69.73,72.29,0
-2226475800,"1899-06-12 14:30:00",73.08,73.08,71.62,71.62,0
-2225871000,"1899-06-19 14:30:00",70.43,70.43,68.84,69.82,0
-2225266200,"1899-06-26 14:30:00",69.85,70.54,69.85,70.38,0
-2224661400,"1899-07-03 14:30:00",71.48,72.15,71.48,72.15,0
-2224056600,"1899-07-10 14:30:00",70.55,71.67,70.55,71.02,0
-2223451800,"1899-07-17 14:30:00",70.9,72.08,70.9,72.08,0
-2222847000,"1899-07-24 14:30:00",71.75,72.95,71.75,72.95,0
-2222242200,"1899-07-31 14:30:00",73.73,74.68,73.73,74.68,0
-2221637400,"1899-08-07 14:30:00",73.68,75.37,73.68,75.19,0
-2221032600,"1899-08-14 14:30:00",76.23,76.23,75.15,75.64,0
-2220427800,"1899-08-21 14:30:00",75.73,76,75.1,75.59,0
-2219823000,"1899-08-28 14:30:00",75.64,76.04,75.26,75.57,0
-2219218200,"1899-09-04 14:30:00",77.61,77.61,76.56,76.56,0
-2218613400,"1899-09-11 14:30:00",75.59,76.11,74.55,74.55,0
-2218008600,"1899-09-18 14:30:00",72.39,74.22,72.39,74.22,0
-2217403800,"1899-09-25 14:30:00",72.76,72.87,72.4,72.87,0
-2216799000,"1899-10-02 14:30:00",70.95,72.3,70.95,72.3,0
-2216194200,"1899-10-09 14:30:00",72.67,73.47,71.81,71.81,0
-2215589400,"1899-10-16 14:30:00",72.47,73.11,72.22,73.11,0
-2214984600,"1899-10-23 14:30:00",74.61,74.61,74.31,74.42,0
-2214379800,"1899-10-30 14:30:00",74.37,75.72,74.37,75.34,0
-2213775000,"1899-11-06 14:30:00",75.13,75.13,73.67,73.67,0
-2213170200,"1899-11-13 14:30:00",74.08,75.8,74.08,75.8,0
-2212565400,"1899-11-20 14:30:00",75.63,75.8,75.05,75.8,0
-2211960600,"1899-11-27 14:30:00",75.69,75.69,75.47,75.47,0
-2211355800,"1899-12-04 14:30:00",74.26,74.26,70.27,70.27,0
-2210751000,"1899-12-11 14:30:00",67.43,67.54,64.03,66.21,0
-2210146200,"1899-12-18 14:30:00",58.27,61.19,58.27,58.69,0
-2209541400,"1899-12-25 14:30:00",62,65.73,62,65.73,0
-2208936600,"1900-01-01 14:30:00",68.13,68.13,66.61,66.71,0
-2208331800,"1900-01-08 14:30:00",66.41,66.41,63.27,64.93,0
-2207727000,"1900-01-15 14:30:00",64.22,65.29,64.22,65.29,0
-2207122200,"1900-01-22 14:30:00",65.37,65.37,64.23,64.23,0
-2206517400,"1900-01-29 14:30:00",64.45,67.86,64.45,67.86,0
-2205912600,"1900-02-05 14:30:00",68.36,68.36,66.86,66.86,0
-2205307800,"1900-02-12 14:30:00",67.39,67.39,66.4,66.4,0
-2204703000,"1900-02-19 14:30:00",66.25,66.25,64.52,64.52,0
-2204098200,"1900-02-26 14:30:00",63.56,63.96,61.95,61.95,0
-2203493400,"1900-03-05 14:30:00",62.12,62.12,61.11,61.11,0
-2202888600,"1900-03-12 14:30:00",63.31,63.31,61.81,61.91,0
-2202283800,"1900-03-19 14:30:00",62.91,64.08,62.91,63.67,0
-2201679000,"1900-03-26 14:30:00",64.06,65.39,64.06,65.39,0
-2201074200,"1900-04-02 14:30:00",65.55,66.15,65.11,66.15,0
-2200469400,"1900-04-09 14:30:00",65.46,65.46,64.4,64.4,0
-2199864600,"1900-04-16 14:30:00",61.55,62.38,61.55,62.2,0
-2199259800,"1900-04-23 14:30:00",61.19,63.05,61.19,62.25,0
-2198655000,"1900-04-30 14:30:00",61.33,61.33,61.02,61.18,0
-2198050200,"1900-05-07 14:30:00",60.62,60.62,58.62,58.62,0
-2197445400,"1900-05-14 14:30:00",57.55,57.76,56.62,57.76,0
-2196840600,"1900-05-21 14:30:00",57.4,58.35,57.26,57.26,0
-2196235800,"1900-05-28 14:30:00",57.67,59.38,57.67,59.38,0
-2195631000,"1900-06-04 14:30:00",57.97,57.97,56.62,56.62,0
-2195026200,"1900-06-11 14:30:00",56.03,57.12,56.03,56.17,0
-2194421400,"1900-06-18 14:30:00",54.96,55.08,54.11,54.11,0
-2193816600,"1900-06-25 14:30:00",53.68,54.83,53.68,54.83,0
-2193211800,"1900-07-02 14:30:00",55.48,56.51,55.48,56.13,0
-2192607000,"1900-07-09 14:30:00",55.76,56.91,55.76,55.98,0
-2192002200,"1900-07-16 14:30:00",56.22,58.35,56.22,58.35,0
-2191397400,"1900-07-23 14:30:00",59.02,59.02,57.93,58.03,0
-2190792600,"1900-07-30 14:30:00",57.13,57.29,56.8,57.29,0
-2190187800,"1900-08-06 14:30:00",57.57,58,57.57,58,0
-2189583000,"1900-08-13 14:30:00",58.5,58.9,58.5,58.84,0
-2188978200,"1900-08-20 14:30:00",58.8,58.8,58.3,58.3,0
-2188373400,"1900-08-27 14:30:00",58.22,58.43,57.79,57.81,0
-2187768600,"1900-09-03 14:30:00",58.55,58.58,58.32,58.32,0
-2187163800,"1900-09-10 14:30:00",58.07,58.25,57.47,57.47,0
-2186559000,"1900-09-17 14:30:00",56.67,56.67,54.37,54.37,0
-2185954200,"1900-09-24 14:30:00",52.96,54.53,52.96,54.14,0
-2185349400,"1900-10-01 14:30:00",54.96,55.7,54.52,55.7,0
-2184744600,"1900-10-08 14:30:00",55.38,56.09,54.9,56.09,0
-2184139800,"1900-10-15 14:30:00",57.9,58.73,57.82,58.73,0
-2183535000,"1900-10-22 14:30:00",60.63,60.79,60.5,60.5,0
-2182930200,"1900-10-29 14:30:00",59.31,59.53,59.04,59.39,0
-2182325400,"1900-11-05 14:30:00",60.87,65.15,60.87,65.15,0
-2181720600,"1900-11-12 14:30:00",67.33,68.19,65.73,68.19,0
-2181115800,"1900-11-19 14:30:00",68.88,69.07,66.92,66.92,0
-2180511000,"1900-11-26 14:30:00",67.23,67.23,66.59,66.59,0
-2179906200,"1900-12-03 14:30:00",66.43,66.43,64.17,64.17,0
-2179301400,"1900-12-10 14:30:00",64.65,65.54,64.65,65.54,0
-2178696600,"1900-12-17 14:30:00",65.7,68.63,65.7,68.63,0
-2178091800,"1900-12-24 14:30:00",70.85,71.04,69.79,69.79,0
-2177487000,"1900-12-31 14:30:00",70.71,70.71,67.97,69.33,0
-2176882200,"1901-01-07 14:30:00",67.12,67.89,67.12,67.85,0
-2176277400,"1901-01-14 14:30:00",67.26,67.26,65.21,65.21,0
-2175672600,"1901-01-21 14:30:00",64.92,66.37,64.92,66.16,0
-2175067800,"1901-01-28 14:30:00",66.29,67.71,66.29,67.71,0
-2174463000,"1901-02-04 14:30:00",68.46,69.89,68.46,69.8,0
-2173858200,"1901-02-11 14:30:00",70.48,70.78,69.45,70.78,0
-2173253400,"1901-02-18 14:30:00",68.92,68.92,67.96,68.55,0
-2172648600,"1901-02-25 14:30:00",68.27,68.27,67,67.76,0
-2172043800,"1901-03-04 14:30:00",67.58,67.72,67.35,67.55,0
-2171439000,"1901-03-11 14:30:00",67.48,67.54,67.18,67.33,0
-2170834200,"1901-03-18 14:30:00",68.42,68.93,68.42,68.92,0
-2170229400,"1901-03-25 14:30:00",68.59,69.43,68.52,69.43,0
-2169624600,"1901-04-01 14:30:00",70.91,72.01,70.91,72.01,0
-2169019800,"1901-04-08 14:30:00",71.47,73.11,71.47,72.88,0
-2168415000,"1901-04-15 14:30:00",75.35,75.89,74.88,75.89,0
-2167810200,"1901-04-22 14:30:00",74.56,74.56,73.21,74.35,0
-2167205400,"1901-04-29 14:30:00",75.23,75.93,74.37,74.37,0
-2166600600,"1901-05-06 14:30:00",75.55,75.55,67.38,71.67,0
-2165995800,"1901-05-13 14:30:00",71.92,73.09,69.59,73.09,0
-2165391000,"1901-05-20 14:30:00",72.76,73.73,72.76,73.73,0
-2164786200,"1901-05-27 14:30:00",73.67,75.77,73.67,75.77,0
-2164181400,"1901-06-03 14:30:00",77.73,77.73,76.31,76.31,0
-2163576600,"1901-06-10 14:30:00",76.27,77.31,76.11,77.07,0
-2162971800,"1901-06-17 14:30:00",78.26,78.26,77.22,77.94,0
-2162367000,"1901-06-24 14:30:00",77.71,77.71,76.47,76.47,0
-2161762200,"1901-07-01 14:30:00",77.08,77.08,76.6,76.6,0
-2161157400,"1901-07-08 14:30:00",74.04,74.66,70.77,70.77,0
-2160552600,"1901-07-15 14:30:00",69.46,71.97,69.46,71.97,0
-2159947800,"1901-07-22 14:30:00",70.43,72.13,70.43,72.13,0
-2159343000,"1901-07-29 14:30:00",72.94,72.94,71.28,71.28,0
-2158738200,"1901-08-05 14:30:00",69.21,70.42,69.05,69.66,0
-2158133400,"1901-08-12 14:30:00",69.91,71.71,69.91,71.58,0
-2157528600,"1901-08-19 14:30:00",71.01,73.03,71.01,73.03,0
-2156923800,"1901-08-26 14:30:00",73.83,73.83,72.71,73.47,0
-2156319000,"1901-09-02 14:30:00",72.65,73.27,72.23,72.23,0
-2155714200,"1901-09-09 14:30:00",70.69,71.45,67.25,67.25,0
-2155109400,"1901-09-16 14:30:00",70.01,70.47,69.87,70.47,0
-2154504600,"1901-09-23 14:30:00",67.57,67.69,66.22,67.69,0
-2153899800,"1901-09-30 14:30:00",66.66,66.66,64.48,64.57,0
-2153295000,"1901-10-07 14:30:00",63.72,65.91,63.72,65.91,0
-2152690200,"1901-10-14 14:30:00",65.79,65.79,64.91,65.48,0
-2152085400,"1901-10-21 14:30:00",65.42,65.66,65.29,65.29,0
-2151480600,"1901-10-28 14:30:00",64.01,64.86,64.01,64.67,0
-2150875800,"1901-11-04 14:30:00",64.48,65.1,64.48,65.1,0
-2150271000,"1901-11-11 14:30:00",66.52,66.52,65.36,66.1,0
-2149666200,"1901-11-18 14:30:00",65.87,65.88,65.15,65.88,0
-2149061400,"1901-11-25 14:30:00",65.15,65.78,65.15,65.68,0
-2148456600,"1901-12-02 14:30:00",64.02,64.87,63.82,63.82,0
-2147851800,"1901-12-09 14:30:00",63.68,63.68,61.61,61.84,0
-2147247000,"1901-12-16 14:30:00",61.95,63.17,61.95,63.17,0
-2146642200,"1901-12-23 14:30:00",62.11,63.31,61.52,63.31,0
-2146037400,"1901-12-30 14:30:00",63.33,64.56,63.33,64.25,0
-2145432600,"1902-01-06 14:30:00",64.9,64.9,63.85,63.85,0
-2144827800,"1902-01-13 14:30:00",63.31,64.02,62.57,64.02,0
-2144223000,"1902-01-20 14:30:00",63.45,64.13,63.44,64.13,0
-2143618200,"1902-01-27 14:30:00",64.17,65.17,64.17,64.95,0
-2143013400,"1902-02-03 14:30:00",64.77,65.31,64.62,65.31,0
-2142408600,"1902-02-10 14:30:00",64.82,65.16,64.58,64.61,0
-2141803800,"1902-02-17 14:30:00",65.3,65.53,64.68,64.98,0
-2141199000,"1902-02-24 14:30:00",65.3,65.53,64.81,64.81,0
-2140594200,"1902-03-03 14:30:00",65.3,66.16,64.77,65.56,0
-2139989400,"1902-03-10 14:30:00",65.11,65.38,64.88,65.38,0
-2139384600,"1902-03-17 14:30:00",65.59,67.52,65.59,67.52,0
-2138779800,"1902-03-24 14:30:00",67.3,67.3,67.01,67.21,0
-2138175000,"1902-03-31 14:30:00",67.19,67.2,66.82,66.82,0
-2137570200,"1902-04-07 14:30:00",66.6,66.76,65.95,66.18,0
-2136965400,"1902-04-14 14:30:00",66.03,67.75,66.03,67.75,0
-2136360600,"1902-04-21 14:30:00",67.1,68.44,66.2,67.62,0
-2135755800,"1902-04-28 14:30:00",67.31,67.37,65.89,65.89,0
-2135151000,"1902-05-05 14:30:00",66.06,67.01,66.06,66.4,0
-2134546200,"1902-05-12 14:30:00",65.51,66.06,65.35,65.35,0
-2133941400,"1902-05-19 14:30:00",64.73,66.44,64.73,66.44,0
-2133336600,"1902-05-26 14:30:00",66.46,66.46,66.21,66.42,0
-2132731800,"1902-06-02 14:30:00",66.26,66.26,65.32,65.46,0
-2132127000,"1902-06-09 14:30:00",65.68,66.2,65.68,65.94,0
-2131522200,"1902-06-16 14:30:00",65.9,65.9,64.76,64.76,0
-2130917400,"1902-06-23 14:30:00",64.2,64.2,63.67,63.73,0
-2130312600,"1902-06-30 14:30:00",64.31,64.89,64.25,64.89,0
-2129707800,"1902-07-07 14:30:00",65.09,65.09,64.27,64.5,0
-2129103000,"1902-07-14 14:30:00",64.64,66.03,64.64,66.03,0
-2128498200,"1902-07-21 14:30:00",66.01,66.59,66.01,66.59,0
-2127893400,"1902-07-28 14:30:00",67.28,67.28,65.82,65.91,0
-2127288600,"1902-08-04 14:30:00",65.96,66.53,65.96,66.53,0
-2126683800,"1902-08-11 14:30:00",66.19,66.78,66.07,66.59,0
-2126079000,"1902-08-18 14:30:00",66.38,66.46,65.33,65.8,0
-2125474200,"1902-08-25 14:30:00",65.87,66.28,65.79,66.28,0
-2124869400,"1902-09-01 14:30:00",66.55,66.8,66.55,66.8,0
-2124264600,"1902-09-08 14:30:00",67.12,67.12,66.05,66.05,0
-2123659800,"1902-09-15 14:30:00",66.11,67.77,66.11,67.77,0
-2123055000,"1902-09-22 14:30:00",66.91,66.91,65.42,66.34,0
-2122450200,"1902-09-29 14:30:00",64.07,66.58,64.07,66.58,0
-2121845400,"1902-10-06 14:30:00",64.21,65.06,63.84,64.76,0
-2121240600,"1902-10-13 14:30:00",64.17,66.57,64.17,66.57,0
-2120635800,"1902-10-20 14:30:00",66.58,66.58,65.78,66.37,0
-2120031000,"1902-10-27 14:30:00",66.06,66.06,65.13,66.05,0
-2119426200,"1902-11-03 14:30:00",65.55,65.55,64.19,64.19,0
-2118821400,"1902-11-10 14:30:00",62.35,62.35,60.62,60.62,0
-2118216600,"1902-11-17 14:30:00",62.19,62.94,61.61,62.94,0
-2117611800,"1902-11-24 14:30:00",62.79,62.79,61.41,62.14,0
-2117007000,"1902-12-01 14:30:00",62.53,62.53,61.76,61.76,0
-2116402200,"1902-12-08 14:30:00",62.14,62.19,59.97,60.19,0
-2115797400,"1902-12-15 14:30:00",59.57,61.36,59.57,61.36,0
-2115192600,"1902-12-22 14:30:00",62.67,63.21,62,63.21,0
-2114587800,"1902-12-29 14:30:00",63.3,64.6,63.3,64.6,0
-2113983000,"1903-01-05 14:30:00",65.38,66.33,65.38,66.21,0
-2113378200,"1903-01-12 14:30:00",65.65,65.65,64.5,64.8,0
-2112773400,"1903-01-19 14:30:00",64.52,65,64.19,64.3,0
-2112168600,"1903-01-26 14:30:00",64.9,65.55,64.9,64.96,0
-2111563800,"1903-02-02 14:30:00",65.53,66.55,65.53,66.38,0
-2110959000,"1903-02-09 14:30:00",67.1,67.22,66.93,66.93,0
-2110354200,"1903-02-16 14:30:00",67.7,67.7,66.69,67.26,0
-2109749400,"1903-02-23 14:30:00",67.43,67.43,66.16,66.16,0
-2109144600,"1903-03-02 14:30:00",66.01,66.01,64.7,64.82,0
-2108539800,"1903-03-09 14:30:00",64.42,64.42,63.9,64.11,0
-2107935000,"1903-03-16 14:30:00",64.19,65.75,64.19,65.75,0
-2107330200,"1903-03-23 14:30:00",65.39,65.39,63.45,63.45,0
-2106725400,"1903-03-30 14:30:00",62.86,63.64,62.55,62.55,0
-2106120600,"1903-04-06 14:30:00",62.4,62.4,62.09,62.32,0
-2105515800,"1903-04-13 14:30:00",60.79,63.84,60.79,63.84,0
-2104911000,"1903-04-20 14:30:00",64.43,64.56,64.07,64.07,0
-2104306200,"1903-04-27 14:30:00",63.48,64.09,63.48,63.84,0
-2103701400,"1903-05-04 14:30:00",64.06,64.06,63.55,63.7,0
-2103096600,"1903-05-11 14:30:00",63.76,63.76,63.01,63.01,0
-2102491800,"1903-05-18 14:30:00",62.12,62.56,61.25,62.56,0
-2101887000,"1903-05-25 14:30:00",60.67,61.53,60.27,60.27,0
-2101282200,"1903-06-01 14:30:00",59.59,59.9,58.53,58.53,0
-2100677400,"1903-06-08 14:30:00",57.97,59.38,56.78,59.38,0
-2100072600,"1903-06-15 14:30:00",57.75,57.84,56.89,57.48,0
-2099467800,"1903-06-22 14:30:00",56.65,57.61,56.65,57.27,0
-2098863000,"1903-06-29 14:30:00",58.77,59.08,58.08,58.21,0
-2098258200,"1903-07-06 14:30:00",58.08,58.08,56.61,56.61,0
-2097653400,"1903-07-13 14:30:00",56.12,56.12,54.1,54.73,0
-2097048600,"1903-07-20 14:30:00",52.76,52.76,49.84,49.84,0
-2096443800,"1903-07-27 14:30:00",50.11,51.52,50.11,50.76,0
-2095839000,"1903-08-03 14:30:00",50.57,50.57,47.98,48.64,0
-2095234200,"1903-08-10 14:30:00",48.06,52.8,48.06,52.8,0
-2094629400,"1903-08-17 14:30:00",53.88,53.88,51.43,51.45,0
-2094024600,"1903-08-24 14:30:00",51.36,53.02,51.36,53.02,0
-2093419800,"1903-08-31 14:30:00",53.19,53.19,51.85,51.93,0
-2092815000,"1903-09-07 14:30:00",51.53,51.53,50.93,50.93,0
-2092210200,"1903-09-14 14:30:00",50.16,50.3,48.73,48.73,0
-2091605400,"1903-09-21 14:30:00",48.45,48.45,46.62,46.64,0
-2091000600,"1903-09-28 14:30:00",45.09,47.62,45.09,47.62,0
-2090395800,"1903-10-05 14:30:00",47.05,47.23,45.34,45.34,0
-2089791000,"1903-10-12 14:30:00",43.67,44.41,42.25,44.41,0
-2089186200,"1903-10-19 14:30:00",43.19,45.1,43.19,44.59,0
-2088581400,"1903-10-26 14:30:00",45.33,45.46,44.82,44.82,0
-2087976600,"1903-11-02 14:30:00",45.46,45.46,43.6,43.94,0
-2087371800,"1903-11-09 14:30:00",42.15,43.41,42.15,43.41,0
-2086767000,"1903-11-16 14:30:00",43.36,44.53,43.36,44.19,0
-2086162200,"1903-11-23 14:30:00",44.55,44.55,43.64,44.25,0
-2085557400,"1903-11-30 14:30:00",44.33,46.5,44.33,46.5,0
-2084952600,"1903-12-07 14:30:00",47.4,47.4,46.12,46.12,0
-2084347800,"1903-12-14 14:30:00",46.7,47.16,46.7,47.16,0
-2083743000,"1903-12-21 14:30:00",46.95,47.75,46.63,47.75,0
-2083138200,"1903-12-28 14:30:00",48.64,49.35,48.64,49.11,0
-2082533400,"1904-01-04 14:30:00",47.77,48.09,47.07,47.92,0
-2081928600,"1904-01-11 14:30:00",47.82,47.97,47.63,47.97,0
-2081323800,"1904-01-18 14:30:00",48.82,49.94,48.58,49.94,0
-2080719000,"1904-01-25 14:30:00",49.61,50.5,49.11,49.11,0
-2080114200,"1904-02-01 14:30:00",49.03,49.03,47.87,47.87,0
-2079509400,"1904-02-08 14:30:00",48.1,48.16,46.98,48.16,0
-2078904600,"1904-02-15 14:30:00",48.86,48.86,47.51,47.51,0
-2078299800,"1904-02-22 14:30:00",46.86,47.47,46.71,47.14,0
-2077695000,"1904-02-29 14:30:00",47.53,48,47.53,47.9,0
-2077090200,"1904-03-07 14:30:00",47.18,47.72,46.46,46.46,0
-2076485400,"1904-03-14 14:30:00",46.5,48.3,46.5,47.91,0
-2075880600,"1904-03-21 14:30:00",48.26,48.62,48.15,48.15,0
-2075275800,"1904-03-28 14:30:00",48.68,49.12,48.6,49.12,0
-2074671000,"1904-04-04 14:30:00",48.68,49.98,48.68,49.59,0
-2074066200,"1904-04-11 14:30:00",49.98,49.98,49.35,49.35,0
-2073461400,"1904-04-18 14:30:00",49.33,49.33,48.62,49.09,0
-2072856600,"1904-04-25 14:30:00",48.65,48.95,48.65,48.9,0
-2072251800,"1904-05-02 14:30:00",48.42,48.71,48.33,48.71,0
-2071647000,"1904-05-09 14:30:00",48.71,48.71,47.72,47.72,0
-2071042200,"1904-05-16 14:30:00",47.56,47.67,47.43,47.53,0
-2070437400,"1904-05-23 14:30:00",48.53,48.53,48.01,48.26,0
-2069832600,"1904-05-30 14:30:00",48.18,48.26,48.1,48.17,0
-2069227800,"1904-06-06 14:30:00",48.08,49.06,48.08,49.06,0
-2068623000,"1904-06-13 14:30:00",48.88,49.05,48.73,48.73,0
-2068018200,"1904-06-20 14:30:00",48.97,49.47,48.97,49.32,0
-2067413400,"1904-06-27 14:30:00",49.29,49.31,49.08,49.31,0
-2066808600,"1904-07-04 14:30:00",49.62,50.44,49.62,50.44,0
-2066203800,"1904-07-11 14:30:00",50.67,52.06,50.67,52.06,0
-2065599000,"1904-07-18 14:30:00",52.5,52.96,52.47,52.65,0
-2064994200,"1904-07-25 14:30:00",52.98,52.98,52.12,52.12,0
-2064389400,"1904-08-01 14:30:00",52.73,52.85,52.68,52.85,0
-2063784600,"1904-08-08 14:30:00",52.73,53.39,52.73,53.39,0
-2063179800,"1904-08-15 14:30:00",53.98,54.25,53.54,53.76,0
-2062575000,"1904-08-22 14:30:00",53.13,54.44,53.13,54.44,0
-2061970200,"1904-08-29 14:30:00",54.61,55.15,54.44,55.15,0
-2061365400,"1904-09-05 14:30:00",55.38,56.54,55.38,56.54,0
-2060760600,"1904-09-12 14:30:00",56.46,57.19,56.32,57.19,0
-2060155800,"1904-09-19 14:30:00",56.55,56.55,55.67,56.31,0
-2059551000,"1904-09-26 14:30:00",56.91,57.59,56.91,57.59,0
-2058946200,"1904-10-03 14:30:00",58.65,58.65,57.59,57.96,0
-2058341400,"1904-10-10 14:30:00",58.75,61.42,58.75,61.42,0
-2057736600,"1904-10-17 14:30:00",62.06,62.35,61.72,62.35,0
-2057131800,"1904-10-24 14:30:00",63.17,63.39,61.97,63.39,0
-2056527000,"1904-10-31 14:30:00",63.03,65.31,63.03,65.31,0
-2055922200,"1904-11-07 14:30:00",66.21,68.03,66.21,68.03,0
-2055317400,"1904-11-14 14:30:00",68.78,70.08,68.78,69.69,0
-2054712600,"1904-11-21 14:30:00",70.62,70.83,69.8,70.83,0
-2054107800,"1904-11-28 14:30:00",72.36,72.46,72.02,72.46,0
-2053503000,"1904-12-05 14:30:00",73.23,73.23,68,69.22,0
-2052898200,"1904-12-12 14:30:00",65.77,68.73,65.77,68.73,0
-2052293400,"1904-12-19 14:30:00",68.48,69.09,67.87,68.47,0
-2051688600,"1904-12-26 14:30:00",69.13,71.07,69.13,70.05,0
-2051083800,"1905-01-02 14:30:00",70.39,70.39,69.46,69.46,0
-2050479000,"1905-01-09 14:30:00",69.52,70.31,69.52,70.31,0
-2049874200,"1905-01-16 14:30:00",70.94,70.98,70.63,70.63,0
-2049269400,"1905-01-23 14:30:00",69.45,70.43,68.76,70.43,0
-2048664600,"1905-01-30 14:30:00",70.77,71.47,70.77,71.47,0
-2048059800,"1905-02-06 14:30:00",71.8,73.27,71.8,73.27,0
-2047455000,"1905-02-13 14:30:00",73.48,73.92,73.48,73.92,0
-2046850200,"1905-02-20 14:30:00",74.94,76.11,74.94,76.11,0
-2046245400,"1905-02-27 14:30:00",75.75,76.81,75.15,75.92,0
-2045640600,"1905-03-06 14:30:00",76.33,77.88,76.02,77.88,0
-2045035800,"1905-03-13 14:30:00",78.22,78.22,77.18,77.18,0
-2044431000,"1905-03-20 14:30:00",78.02,79.27,76.44,79.27,0
-2043826200,"1905-03-27 14:30:00",78.58,80.02,78.13,80.02,0
-2043221400,"1905-04-03 14:30:00",81.13,83.12,81.13,83.12,0
-2042616600,"1905-04-10 14:30:00",82.2,83.75,81.93,83.75,0
-2042011800,"1905-04-17 14:30:00",83.41,83.44,80.95,80.95,0
-2041407000,"1905-04-24 14:30:00",79.97,81.26,77.87,77.87,0
-2040802200,"1905-05-01 14:30:00",76.9,77.77,74.68,76.82,0
-2040197400,"1905-05-08 14:30:00",74.52,78.05,74.52,78.05,0
-2039592600,"1905-05-15 14:30:00",77.46,77.46,73.87,73.87,0
-2038987800,"1905-05-22 14:30:00",71.37,73.75,71.37,73.01,0
-2038383000,"1905-05-29 14:30:00",74.12,74.32,73.17,73.31,0
-2037778200,"1905-06-05 14:30:00",73.51,73.51,72.53,73.27,0
-2037173400,"1905-06-12 14:30:00",74.61,74.61,73.76,73.96,0
-2036568600,"1905-06-19 14:30:00",73.68,75.78,73.68,75.78,0
-2035963800,"1905-06-26 14:30:00",77.45,77.78,76.87,76.87,0
-2035359000,"1905-07-03 14:30:00",78.7,79.54,78.65,79.54,0
-2034754200,"1905-07-10 14:30:00",79.47,79.47,78.02,78.56,0
-2034149400,"1905-07-17 14:30:00",79.1,79.6,79.1,79.3,0
-2033544600,"1905-07-24 14:30:00",78.69,80.46,78.36,80.46,0
-2032939800,"1905-07-31 14:30:00",81.7,81.9,81.31,81.9,0
-2032335000,"1905-08-07 14:30:00",82.2,82.2,81.83,82.2,0
-2031730200,"1905-08-14 14:30:00",82.12,82.73,82.03,82.03,0
-2031125400,"1905-08-21 14:30:00",82.26,82.82,82.1,82.37,0
-2030520600,"1905-08-28 14:30:00",82.22,82.79,79.66,79.66,0
-2029915800,"1905-09-04 14:30:00",80.73,80.73,78.6,79.78,0
-2029311000,"1905-09-11 14:30:00",79.06,80.52,79.06,80.52,0
-2028706200,"1905-09-18 14:30:00",81.38,81.91,80.77,81.91,0
-2028101400,"1905-09-25 14:30:00",81.05,81.39,80.92,81.39,0
-2027496600,"1905-10-02 14:30:00",82.17,82.78,82.17,82.55,0
-2026891800,"1905-10-09 14:30:00",81.65,82.02,80.83,81.54,0
-2026287000,"1905-10-16 14:30:00",81.48,82.27,80.96,82.27,0
-2025682200,"1905-10-23 14:30:00",82.86,82.86,81.97,81.97,0
-2025077400,"1905-10-30 14:30:00",82.33,84.14,82.33,83.78,0
-2024472600,"1905-11-06 14:30:00",83.32,83.32,81.56,82.57,0
-2023867800,"1905-11-13 14:30:00",80.83,84.19,80.83,84.19,0
-2023263000,"1905-11-20 14:30:00",85.22,86.11,85.22,85.81,0
-2022658200,"1905-11-27 14:30:00",89.43,89.89,89.43,89.62,0
-2022053400,"1905-12-04 14:30:00",89.56,93.2,89.56,93.2,0
-2021448600,"1905-12-11 14:30:00",93.59,96.05,93.59,96.05,0
-2020843800,"1905-12-18 14:30:00",95.71,95.71,94.2,94.43,0
-2020239000,"1905-12-25 14:30:00",95.84,96.56,94.04,96.56,0
-2019634200,"1906-01-01 14:30:00",95,96.09,94.44,96.09,0
-2019029400,"1906-01-08 14:30:00",98.03,100.25,97.85,100.25,0
-2018424600,"1906-01-15 14:30:00",100.8,103,100.8,103,0
-2017819800,"1906-01-22 14:30:00",102.37,102.9,102.37,102.9,0
-2017215000,"1906-01-29 14:30:00",99.32,101.71,98.31,101.71,0
-2016610200,"1906-02-05 14:30:00",100.05,100.39,99.5,99.93,0
-2016005400,"1906-02-12 14:30:00",100.08,100.08,97.31,97.31,0
-2015400600,"1906-02-19 14:30:00",97.31,97.31,96.25,96.76,0
-2014795800,"1906-02-26 14:30:00",97.38,97.38,93.83,93.86,0
-2014191000,"1906-03-05 14:30:00",92.9,96.43,92.9,96.43,0
-2013586200,"1906-03-12 14:30:00",96.4,96.96,95.33,95.33,0
-2012981400,"1906-03-19 14:30:00",93.05,95.06,93.05,95.06,0
-2012376600,"1906-03-26 14:30:00",96.25,96.64,95.82,96.6,0
-2011771800,"1906-04-02 14:30:00",97.84,98.19,97,97.09,0
-2011167000,"1906-04-09 14:30:00",95.93,96.51,95.05,96.51,0
-2010562200,"1906-04-16 14:30:00",97.01,97.01,94.23,95.29,0
-2009957400,"1906-04-23 14:30:00",93.46,93.6,89.92,89.92,0
-2009352600,"1906-04-30 14:30:00",90.53,90.53,86.45,89.08,0
-2008747800,"1906-05-07 14:30:00",90.78,93.41,90.78,93.41,0
-2008143000,"1906-05-14 14:30:00",92.8,93.77,92.75,92.75,0
-2007538200,"1906-05-21 14:30:00",92.2,93.42,92.15,93.42,0
-2006933400,"1906-05-28 14:30:00",93.29,94.01,93.29,94.01,0
-2006328600,"1906-06-04 14:30:00",95.19,95.21,94.5,94.5,0
-2005723800,"1906-06-11 14:30:00",94.38,94.38,92.25,92.25,0
-2005119000,"1906-06-18 14:30:00",90.66,92,90.55,90.95,0
-2004514200,"1906-06-25 14:30:00",89.02,89.38,87.29,87.29,0
-2003909400,"1906-07-02 14:30:00",86.12,87.79,86.12,87.79,0
-2003304600,"1906-07-09 14:30:00",87.87,87.87,85.18,85.18,0
-2002699800,"1906-07-16 14:30:00",86.45,88.12,86.45,88.12,0
-2002095000,"1906-07-23 14:30:00",88.59,91.41,88.12,91.41,0
-2001490200,"1906-07-30 14:30:00",91.72,93.72,91.72,92.44,0
-2000885400,"1906-08-06 14:30:00",92.85,92.97,91.7,91.92,0
-2000280600,"1906-08-13 14:30:00",92.53,93.38,92.53,93.38,0
-1999675800,"1906-08-20 14:30:00",95.96,96.07,95.09,96.07,0
-1999071000,"1906-08-27 14:30:00",95.19,95.19,94.01,94.01,0
-1998466200,"1906-09-03 14:30:00",93.31,94.63,93.31,94.22,0
-1997861400,"1906-09-10 14:30:00",94.55,95.89,93.53,95.89,0
-1997256600,"1906-09-17 14:30:00",95.63,96.07,95.47,96,0
-1996651800,"1906-09-24 14:30:00",95.92,95.92,94.68,94.98,0
-1996047000,"1906-10-01 14:30:00",95.77,95.77,94.66,95.48,0
-1995442200,"1906-10-08 14:30:00",96.53,96.75,96.51,96.58,0
-1994837400,"1906-10-15 14:30:00",95.78,96.14,94.77,94.77,0
-1994232600,"1906-10-22 14:30:00",94.58,94.58,93.12,93.16,0
-1993627800,"1906-10-29 14:30:00",93.85,94.28,92.91,94.28,0
-1993023000,"1906-11-05 14:30:00",94.6,94.6,93.37,93.37,0
-1992418200,"1906-11-12 14:30:00",92.38,94.76,92.38,94.76,0
-1991813400,"1906-11-19 14:30:00",94.92,95.33,94.92,95.33,0
-1991208600,"1906-11-26 14:30:00",94.77,95.27,94.77,95.12,0
-1990603800,"1906-12-03 14:30:00",95.35,95.35,94.82,95.3,0
-1989999000,"1906-12-10 14:30:00",95.58,95.89,94.1,94.82,0
-1989394200,"1906-12-17 14:30:00",94.5,94.59,93.11,94.59,0
-1988789400,"1906-12-24 14:30:00",92.94,94.34,92.94,94.28,0
-1988184600,"1906-12-31 14:30:00",94.35,95.98,94.25,95.98,0
-1987579800,"1907-01-07 14:30:00",96.37,96.37,95.53,95.53,0
-1986975000,"1907-01-14 14:30:00",95.58,95.58,92.62,92.62,0
-1986370200,"1907-01-21 14:30:00",93.28,94.03,93,93,0
-1985765400,"1907-01-28 14:30:00",91.89,91.89,90.59,90.59,0
-1985160600,"1907-02-04 14:30:00",90.5,92.46,90.5,92.46,0
-1984555800,"1907-02-11 14:30:00",92.94,93.39,92.73,93.07,0
-1983951000,"1907-02-18 14:30:00",92.81,92.81,91.87,91.87,0
-1983346200,"1907-02-25 14:30:00",90.33,90.61,89.75,90.12,0
-1982741400,"1907-03-04 14:30:00",88,88,85.21,85.21,0
-1982136600,"1907-03-11 14:30:00",85.7,86.53,76.23,81.33,0
-1981531800,"1907-03-18 14:30:00",82.13,82.13,80.4,80.4,0
-1980927000,"1907-03-25 14:30:00",75.39,80.15,75.39,80.15,0
-1980322200,"1907-04-01 14:30:00",82.3,83.96,81.84,83.96,0
-1979717400,"1907-04-08 14:30:00",84.36,84.78,83.85,83.85,0
-1979112600,"1907-04-15 14:30:00",81.4,83.11,81.4,83.11,0
-1978507800,"1907-04-22 14:30:00",84.8,84.8,83.51,83.51,0
-1977903000,"1907-04-29 14:30:00",84.37,85.02,83.87,85.02,0
-1977298200,"1907-05-06 14:30:00",84.31,84.31,83.06,83.06,0
-1976693400,"1907-05-13 14:30:00",83.56,83.84,83.1,83.1,0
-1976088600,"1907-05-20 14:30:00",80.79,80.79,78.77,79.45,0
-1975483800,"1907-05-27 14:30:00",77.3,78.27,77.3,78.1,0
-1974879000,"1907-06-03 14:30:00",77.4,79.35,77.4,79.35,0
-1974274200,"1907-06-10 14:30:00",79.95,79.95,78.01,78.01,0
-1973669400,"1907-06-17 14:30:00",77.9,78.11,77.43,77.43,0
-1973064600,"1907-06-24 14:30:00",77.93,80.22,77.93,80,0
-1972459800,"1907-07-01 14:30:00",81.27,81.85,80.9,81.85,0
-1971855000,"1907-07-08 14:30:00",82.52,82.52,80.61,80.71,0
-1971250200,"1907-07-15 14:30:00",81.2,81.51,80.4,81.16,0
-1970645400,"1907-07-22 14:30:00",81.11,81.32,80.98,81.25,0
-1970040600,"1907-07-29 14:30:00",80.1,80.1,78.36,78.87,0
-1969435800,"1907-08-05 14:30:00",77.41,77.41,74.72,74.72,0
-1968831000,"1907-08-12 14:30:00",71.18,72.37,69.29,69.29,0
-1968226200,"1907-08-19 14:30:00",69.5,70.37,69.25,69.27,0
-1967621400,"1907-08-26 14:30:00",70.43,72.28,70.27,72.28,0
-1967016600,"1907-09-02 14:30:00",73.51,73.89,72.74,73.89,0
-1966411800,"1907-09-09 14:30:00",73.44,73.44,69.69,69.69,0
-1965807000,"1907-09-16 14:30:00",68.14,70.1,68.14,70.1,0
-1965202200,"1907-09-23 14:30:00",69.53,69.82,67.72,67.72,0
-1964597400,"1907-09-30 14:30:00",67.72,67.95,67.62,67.76,0
-1963992600,"1907-10-07 14:30:00",67.56,67.56,63.51,63.51,0
-1963387800,"1907-10-14 14:30:00",62.14,62.14,59.13,59.13,0
-1962783000,"1907-10-21 14:30:00",60.81,60.81,58.18,58.3,0
-1962178200,"1907-10-28 14:30:00",58.13,58.42,57.23,57.56,0
-1961573400,"1907-11-04 14:30:00",58.48,58.48,56.39,56.68,0
-1960968600,"1907-11-11 14:30:00",56.88,56.88,53,53,0
-1960363800,"1907-11-18 14:30:00",55.05,55.05,53.08,53.08,0
-1959759000,"1907-11-25 14:30:00",53.63,57.51,53.63,57.51,0
-1959154200,"1907-12-02 14:30:00",60.14,61.77,59.47,61.77,0
-1958549400,"1907-12-09 14:30:00",59.72,59.72,57.29,57.29,0
-1957944600,"1907-12-16 14:30:00",57.03,58.98,56.85,58.98,0
-1957339800,"1907-12-23 14:30:00",58.21,58.65,57.6,58.65,0
-1956735000,"1907-12-30 14:30:00",59.47,60.62,58.75,60.62,0
-1956130200,"1908-01-06 14:30:00",61.75,63.5,61.42,63.01,0
-1955525400,"1908-01-13 14:30:00",64.98,65.84,64.19,64.53,0
-1954920600,"1908-01-20 14:30:00",63.19,63.21,61.31,61.31,0
-1954315800,"1908-01-27 14:30:00",62.06,62.7,62.06,62.7,0
-1953711000,"1908-02-03 14:30:00",61.82,62.14,60.77,60.77,0
-1953106200,"1908-02-10 14:30:00",58.8,59.73,58.62,59.73,0
-1952501400,"1908-02-17 14:30:00",58.88,60.2,58.84,60.2,0
-1951896600,"1908-02-24 14:30:00",60,61.07,59.92,61.07,0
-1951291800,"1908-03-02 14:30:00",61.09,61.68,60.97,61.68,0
-1950687000,"1908-03-09 14:30:00",63.66,65.15,63.5,65.15,0
-1950082200,"1908-03-16 14:30:00",65.23,66.41,65.07,66.41,0
-1949477400,"1908-03-23 14:30:00",68.32,69.92,68.32,69.78,0
-1948872600,"1908-03-30 14:30:00",68.64,68.64,67.22,67.22,0
-1948267800,"1908-04-06 14:30:00",67.04,68.76,67.04,68.76,0
-1947663000,"1908-04-13 14:30:00",68.17,68.52,68.01,68.44,0
-1947058200,"1908-04-20 14:30:00",67.94,70.01,67.94,70.01,0
-1946453400,"1908-04-27 14:30:00",69.8,70.29,69.55,69.92,0
-1945848600,"1908-05-04 14:30:00",69.78,71.26,69.78,71.26,0
-1945243800,"1908-05-11 14:30:00",72.47,74.38,72.3,74.38,0
-1944639000,"1908-05-18 14:30:00",75.12,75.12,73.73,73.73,0
-1944034200,"1908-05-25 14:30:00",73.04,73.04,72.15,72.76,0
-1943429400,"1908-06-01 14:30:00",74.38,74.38,72.66,73.16,0
-1942824600,"1908-06-08 14:30:00",73.38,73.42,72.82,72.82,0
-1942219800,"1908-06-15 14:30:00",72.93,73.55,72.65,72.65,0
-1941615000,"1908-06-22 14:30:00",71.71,72.34,71.7,72.34,0
-1941010200,"1908-06-29 14:30:00",72.91,73.12,72.59,73.12,0
-1940405400,"1908-07-06 14:30:00",74.5,76.37,74.5,75.63,0
-1939800600,"1908-07-13 14:30:00",76.06,77.08,76.06,77.08,0
-1939195800,"1908-07-20 14:30:00",78.75,79.56,78.55,78.55,0
-1938591000,"1908-07-27 14:30:00",79.1,80.34,79.1,80.34,0
-1937986200,"1908-08-03 14:30:00",81.07,84.46,81.07,84.46,0
-1937381400,"1908-08-10 14:30:00",85.4,85.4,82.08,82.08,0
-1936776600,"1908-08-17 14:30:00",82.61,83,82.15,82.15,0
-1936171800,"1908-08-24 14:30:00",81.91,84.1,81.91,84.1,0
-1935567000,"1908-08-31 14:30:00",84.66,84.66,82.57,83.55,0
-1934962200,"1908-09-07 14:30:00",83.67,83.67,82,82,0
-1934357400,"1908-09-14 14:30:00",82.48,82.48,79,79.85,0
-1933752600,"1908-09-21 14:30:00",77.68,80.19,77.07,80.19,0
-1933147800,"1908-09-28 14:30:00",79.58,80.53,79.23,80.53,0
-1932543000,"1908-10-05 14:30:00",80.56,81.33,80.56,80.64,0
-1931938200,"1908-10-12 14:30:00",81.49,81.81,81.21,81.81,0
-1931333400,"1908-10-19 14:30:00",81.26,82.83,81.26,82.44,0
-1930728600,"1908-10-26 14:30:00",82.22,83.55,82.22,82.92,0
-1930123800,"1908-11-02 14:30:00",82.9,87.28,82.9,87.28,0
-1929519000,"1908-11-09 14:30:00",87.47,88.38,87.09,88.38,0
-1928914200,"1908-11-16 14:30:00",87.68,87.69,86.69,86.69,0
-1928309400,"1908-11-23 14:30:00",86.17,87.61,86.17,87.61,0
-1927704600,"1908-11-30 14:30:00",87.3,87.67,86.58,87.26,0
-1927099800,"1908-12-07 14:30:00",86.38,87.42,86.38,86.61,0
-1926495000,"1908-12-14 14:30:00",85.31,85.88,83.91,83.91,0
-1925890200,"1908-12-21 14:30:00",83.46,85.68,83.46,85.68,0
-1925285400,"1908-12-28 14:30:00",86.97,86.97,85.91,86.15,0
-1924680600,"1909-01-04 14:30:00",85.26,86.95,84.85,86.22,0
-1924075800,"1909-01-11 14:30:00",85.28,85.28,84.48,84.48,0
-1923471000,"1909-01-18 14:30:00",84.79,85.72,84.76,85.72,0
-1922866200,"1909-01-25 14:30:00",85.86,85.86,84.62,84.62,0
-1922261400,"1909-02-01 14:30:00",84.44,85.03,84.44,84.86,0
-1921656600,"1909-02-08 14:30:00",85.61,86.22,85.6,86.22,0
-1921051800,"1909-02-15 14:30:00",86.72,86.72,84.33,84.33,0
-1920447000,"1909-02-22 14:30:00",79.91,81.44,79.91,81.34,0
-1919842200,"1909-03-01 14:30:00",82.72,83.28,81.79,82.1,0
-1919237400,"1909-03-08 14:30:00",82.2,82.2,81.64,82.03,0
-1918632600,"1909-03-15 14:30:00",81.88,83.06,81.88,82.4,0
-1918027800,"1909-03-22 14:30:00",83.28,83.6,82.94,83.6,0
-1917423000,"1909-03-29 14:30:00",85.31,86.12,85.29,85.37,0
-1916818200,"1909-04-05 14:30:00",86.92,87.78,86.81,87.78,0
-1916213400,"1909-04-12 14:30:00",88.11,88.11,86.56,86.56,0
-1915608600,"1909-04-19 14:30:00",87.81,88.1,87.65,87.66,0
-1915003800,"1909-04-26 14:30:00",87.63,88.29,87.44,88.29,0
-1914399000,"1909-05-03 14:30:00",88.76,91.4,88.76,91.4,0
-1913794200,"1909-05-10 14:30:00",90.94,91.25,90.79,90.93,0
-1913189400,"1909-05-17 14:30:00",90.84,91.41,90.84,91.15,0
-1912584600,"1909-05-24 14:30:00",91.76,92.18,91.18,92.18,0
-1911979800,"1909-05-31 14:30:00",92.38,94.16,92.38,94.16,0
-1911375000,"1909-06-07 14:30:00",93.97,93.98,93.78,93.98,0
-1910770200,"1909-06-14 14:30:00",94.19,94.19,91.16,91.34,0
-1910165400,"1909-06-21 14:30:00",89.66,91.86,89.66,91.51,0
-1909560600,"1909-06-28 14:30:00",91.59,93.14,91.59,93.14,0
-1908955800,"1909-07-05 14:30:00",93.13,93.16,92.9,92.9,0
-1908351000,"1909-07-12 14:30:00",93.4,94.09,92.82,94.09,0
-1907746200,"1909-07-19 14:30:00",94.33,94.68,93.39,93.39,0
-1907141400,"1909-07-26 14:30:00",94.02,96.17,94.02,96.17,0
-1906536600,"1909-08-02 14:30:00",97.52,98.3,97.07,98.3,0
-1905931800,"1909-08-09 14:30:00",98.37,99.11,98.37,98.85,0
-1905327000,"1909-08-16 14:30:00",98.35,98.91,97.5,97.5,0
-1904722200,"1909-08-23 14:30:00",98.89,99.06,96.3,97.18,0
-1904117400,"1909-08-30 14:30:00",98.32,98.47,97.5,98.47,0
-1903512600,"1909-09-06 14:30:00",97.41,97.41,95.86,97.22,0
-1902907800,"1909-09-13 14:30:00",96.17,99.16,96.17,99.16,0
-1902303000,"1909-09-20 14:30:00",99.73,99.92,99.08,99.17,0
-1901698200,"1909-09-27 14:30:00",99.32,100.36,99.32,100.36,0
-1901093400,"1909-10-04 14:30:00",100.19,100.19,98.07,98.07,0
-1900488600,"1909-10-11 14:30:00",96.95,98.57,96.79,98.57,0
-1899883800,"1909-10-18 14:30:00",98.78,98.78,96.82,96.82,0
-1899279000,"1909-10-25 14:30:00",96.83,98.97,96.21,98.97,0
-1898674200,"1909-11-01 14:30:00",99.44,100.44,99.44,99.8,0
-1898069400,"1909-11-08 14:30:00",99.41,99.41,98.67,98.77,0
-1897464600,"1909-11-15 14:30:00",99.31,100.53,99.21,100.53,0
-1896859800,"1909-11-22 14:30:00",98.98,98.98,98.03,98.73,0
-1896255000,"1909-11-29 14:30:00",95.89,97.46,95.89,97.46,0
-1895650200,"1909-12-06 14:30:00",97.52,98.69,97.52,98.41,0
-1895045400,"1909-12-13 14:30:00",99,99,98.58,98.86,0
-1894440600,"1909-12-20 14:30:00",98.84,98.87,98.56,98.61,0
-1893835800,"1909-12-27 14:30:00",98.28,99.28,98.28,99.05,0
-1893231000,"1910-01-03 14:30:00",98.34,98.34,97.06,97.67,0
-1892626200,"1910-01-10 14:30:00",97.1,97.1,93.69,93.69,0
-1892021400,"1910-01-17 14:30:00",93.75,94.41,92.35,94.41,0
-1891416600,"1910-01-24 14:30:00",93.08,93.08,90.66,91.91,0
-1890811800,"1910-01-31 14:30:00",91.91,91.91,87.5,87.77,0
-1890207000,"1910-02-07 14:30:00",85.35,89.07,85.03,89.07,0
-1889602200,"1910-02-14 14:30:00",89.65,90.92,89.23,90.92,0
-1888997400,"1910-02-21 14:30:00",90.7,91.31,90.62,91.31,0
-1888392600,"1910-02-28 14:30:00",91.34,92.83,91.34,92.83,0
-1887787800,"1910-03-07 14:30:00",94.35,94.56,92.63,92.63,0
-1887183000,"1910-03-14 14:30:00",93.1,93.1,91.35,92.71,0
-1886578200,"1910-03-21 14:30:00",92.33,92.36,91.3,91.31,0
-1885973400,"1910-03-28 14:30:00",89.72,90.21,89.47,89.71,0
-1885368600,"1910-04-04 14:30:00",89.75,91.16,89.53,89.53,0
-1884763800,"1910-04-11 14:30:00",91.1,92.36,90.92,92.04,0
-1884159000,"1910-04-18 14:30:00",91.67,91.78,89.97,89.97,0
-1883554200,"1910-04-25 14:30:00",88.73,88.83,86.29,87.17,0
-1882949400,"1910-05-02 14:30:00",85.51,87.32,84.72,86.51,0
-1882344600,"1910-05-09 14:30:00",88.03,88.73,88.03,88.72,0
-1881739800,"1910-05-16 14:30:00",88.78,89.34,88.26,89.34,0
-1881135000,"1910-05-23 14:30:00",88.77,89.05,87.86,87.86,0
-1880530200,"1910-05-30 14:30:00",86.32,86.32,82.7,82.7,0
-1879925400,"1910-06-06 14:30:00",82.05,84.89,82.05,83.46,0
-1879320600,"1910-06-13 14:30:00",83.88,84.28,83.84,84.26,0
-1878715800,"1910-06-20 14:30:00",85.08,86.28,84.93,84.93,0
-1878111000,"1910-06-27 14:30:00",83.14,83.14,81.18,81.64,0
-1877506200,"1910-07-04 14:30:00",80.23,80.83,80.23,80.83,0
-1876901400,"1910-07-11 14:30:00",81.07,81.41,80.14,81.29,0
-1876296600,"1910-07-18 14:30:00",80.89,81.53,77.78,77.78,0
-1875691800,"1910-07-25 14:30:00",75.87,78.09,73.62,77.57,0
-1875087000,"1910-08-01 14:30:00",76.14,77.69,76.14,77.58,0
-1874482200,"1910-08-08 14:30:00",78.13,79.65,78.13,79.65,0
-1873877400,"1910-08-15 14:30:00",79.77,81.41,79.77,80.31,0
-1873272600,"1910-08-22 14:30:00",79.47,79.68,78.59,79.28,0
-1872667800,"1910-08-29 14:30:00",79.67,79.68,78.58,78.68,0
-1872063000,"1910-09-05 14:30:00",78.35,78.44,78.35,78.44,0
-1871458200,"1910-09-12 14:30:00",79.13,79.71,78.38,78.55,0
-1870853400,"1910-09-19 14:30:00",78.48,79.17,78.37,78.65,0
-1870248600,"1910-09-26 14:30:00",79.19,79.72,78.96,79.72,0
-1869643800,"1910-10-03 14:30:00",80.68,81.48,80.68,81.48,0
-1869039000,"1910-10-10 14:30:00",81.91,84.63,81.91,84.63,0
-1868434200,"1910-10-17 14:30:00",85.63,86.02,85.11,85.35,0
-1867829400,"1910-10-24 14:30:00",85.01,85.51,84.59,85.45,0
-1867224600,"1910-10-31 14:30:00",84.77,85.85,84.77,85.64,0
-1866619800,"1910-11-07 14:30:00",85.7,85.7,83.5,83.53,0
-1866015000,"1910-11-14 14:30:00",84.4,85.21,84.4,85.12,0
-1865410200,"1910-11-21 14:30:00",84.9,85.32,84.84,85.32,0
-1864805400,"1910-11-28 14:30:00",83.28,83.62,80.6,80.6,0
-1864200600,"1910-12-05 14:30:00",81,81,79.68,81,0
-1863595800,"1910-12-12 14:30:00",80.96,81.47,80.77,81.2,0
-1862991000,"1910-12-19 14:30:00",82.16,82.16,81.33,81.33,0
-1862386200,"1910-12-26 14:30:00",80.45,81.76,80.45,81.41,0
-1861781400,"1911-01-02 14:30:00",82.11,82.44,82.09,82.44,0
-1861176600,"1911-01-09 14:30:00",82.51,82.96,81.7,82.96,0
-1860571800,"1911-01-16 14:30:00",82.46,83.8,82.46,83.8,0
-1859967000,"1911-01-23 14:30:00",83.37,84.02,83.37,84.02,0
-1859362200,"1911-01-30 14:30:00",84.93,85.97,84.93,85.6,0
-1858757400,"1911-02-06 14:30:00",85.84,85.87,85.42,85.42,0
-1858152600,"1911-02-13 14:30:00",85.47,85.47,84.51,85.09,0
-1857547800,"1911-02-20 14:30:00",85.59,85.7,84.33,84.33,0
-1856943000,"1911-02-27 14:30:00",84.51,85.02,82.32,82.32,0
-1856338200,"1911-03-06 14:30:00",82.47,82.81,82.37,82.54,0
-1855733400,"1911-03-13 14:30:00",83,84.09,83,83.15,0
-1855128600,"1911-03-20 14:30:00",84.13,84.13,83.4,83.4,0
-1854523800,"1911-03-27 14:30:00",83.69,84,83.27,83.27,0
-1853919000,"1911-04-03 14:30:00",83.33,83.33,82.89,82.89,0
-1853314200,"1911-04-10 14:30:00",83.08,83.08,82.81,82.81,0
-1852709400,"1911-04-17 14:30:00",82.56,82.56,81.56,81.84,0
-1852104600,"1911-04-24 14:30:00",82.12,83.31,82.12,83.31,0
-1851499800,"1911-05-01 14:30:00",84.14,84.14,83.15,83.15,0
-1850895000,"1911-05-08 14:30:00",82.88,83.04,82.6,82.92,0
-1850290200,"1911-05-15 14:30:00",82.71,86.17,82.71,85.78,0
-1849685400,"1911-05-22 14:30:00",86.32,86.32,85.62,85.94,0
-1849080600,"1911-05-29 14:30:00",86.4,86.4,85.55,86.17,0
-1848475800,"1911-06-05 14:30:00",86.35,86.5,86.02,86.02,0
-1847871000,"1911-06-12 14:30:00",86.7,87.02,86.61,86.61,0
-1847266200,"1911-06-19 14:30:00",87.06,87.06,86.14,86.33,0
-1846661400,"1911-06-26 14:30:00",86.38,86.38,85.98,85.98,0
-1846056600,"1911-07-03 14:30:00",85.64,86.22,85.28,86.22,0
-1845451800,"1911-07-10 14:30:00",86.28,86.38,85.98,85.98,0
-1844847000,"1911-07-17 14:30:00",85.72,86.47,85.72,86.47,0
-1844242200,"1911-07-24 14:30:00",86.22,86.26,85.73,85.73,0
-1843637400,"1911-07-31 14:30:00",86.02,86.02,82.95,82.95,0
-1843032600,"1911-08-07 14:30:00",83.15,83.15,80.71,80.71,0
-1842427800,"1911-08-14 14:30:00",81.31,81.31,80.05,80.86,0
-1841823000,"1911-08-21 14:30:00",80.51,80.64,79.13,79.13,0
-1841218200,"1911-08-28 14:30:00",79.31,79.31,79,79.17,0
-1840613400,"1911-09-04 14:30:00",79.77,80.28,79.09,79.09,0
-1840008600,"1911-09-11 14:30:00",78.79,79.07,77.88,77.88,0
-1839403800,"1911-09-18 14:30:00",78.66,78.66,74.15,74.15,0
-1838799000,"1911-09-25 14:30:00",72.94,75.15,72.94,75.15,0
-1838194200,"1911-10-02 14:30:00",76.75,76.75,76.15,76.5,0
-1837589400,"1911-10-09 14:30:00",76.52,77.94,76.52,77.94,0
-1836984600,"1911-10-16 14:30:00",78.34,78.34,77.64,78.11,0
-1836379800,"1911-10-23 14:30:00",77.77,77.77,74.82,74.82,0
-1835775000,"1911-10-30 14:30:00",75.06,78.19,75.06,78.19,0
-1835170200,"1911-11-06 14:30:00",79,81.01,78.14,81.01,0
-1834565400,"1911-11-13 14:30:00",79.98,81.08,79.71,81.08,0
-1833960600,"1911-11-20 14:30:00",80.59,81.86,80.59,81.47,0
-1833355800,"1911-11-27 14:30:00",81.35,81.5,80.31,80.31,0
-1832751000,"1911-12-04 14:30:00",80.54,80.54,79.19,79.19,0
-1832146200,"1911-12-11 14:30:00",80.33,81.97,80.33,81.97,0
-1831541400,"1911-12-18 14:30:00",81.89,82.3,81.89,82.11,0
-1830936600,"1911-12-25 14:30:00",82.08,82.08,81.3,81.58,0
-1830331800,"1912-01-01 14:30:00",82.36,82.36,81.95,81.95,0
-1829727000,"1912-01-08 14:30:00",82.12,82.12,81.28,82,0
-1829122200,"1912-01-15 14:30:00",81.48,81.96,81.48,81.96,0
-1828517400,"1912-01-22 14:30:00",81.98,81.98,81.73,81.8,0
-1827912600,"1912-01-29 14:30:00",81.27,81.27,80.19,80.51,0
-1827307800,"1912-02-05 14:30:00",80.33,80.8,80.33,80.67,0
-1826703000,"1912-02-12 14:30:00",80.64,81.06,80.64,80.75,0
-1826098200,"1912-02-19 14:30:00",81.05,81.27,80.78,81.27,0
-1825493400,"1912-02-26 14:30:00",80.98,82.07,80.98,82.07,0
-1824888600,"1912-03-04 14:30:00",82.6,83.5,82.6,83.5,0
-1824283800,"1912-03-11 14:30:00",83.13,85.15,83.13,85.15,0
-1823679000,"1912-03-18 14:30:00",85.35,87.6,85.35,87.6,0
-1823074200,"1912-03-25 14:30:00",88.54,88.62,88.09,88.23,0
-1822469400,"1912-04-01 14:30:00",89.05,89.52,88.78,89.52,0
-1821864600,"1912-04-08 14:30:00",90.21,90.7,89.18,89.18,0
-1821259800,"1912-04-15 14:30:00",89.71,89.71,89.16,89.16,0
-1820655000,"1912-04-22 14:30:00",88.72,90.93,88.72,90.93,0
-1820050200,"1912-04-29 14:30:00",90.46,90.46,88.96,88.96,0
-1819445400,"1912-05-06 14:30:00",87.59,88.97,87.59,88.97,0
-1818840600,"1912-05-13 14:30:00",89.53,89.83,89.23,89.35,0
-1818235800,"1912-05-20 14:30:00",90.34,90.48,89.77,90.25,0
-1817631000,"1912-05-27 14:30:00",90.01,90.15,88.01,88.01,0
-1817026200,"1912-06-03 14:30:00",88.59,90.67,88.59,90.37,0
-1816421400,"1912-06-10 14:30:00",90.55,90.55,89.4,89.4,0
-1815816600,"1912-06-17 14:30:00",89.79,90.87,89.7,90.76,0
-1815211800,"1912-06-24 14:30:00",90.06,91.09,89.86,91.09,0
-1814607000,"1912-07-01 14:30:00",91.35,91.69,89.6,89.6,0
-1814002200,"1912-07-08 14:30:00",89.14,89.14,87.97,87.97,0
-1813397400,"1912-07-15 14:30:00",88.29,89.77,88.29,89.77,0
-1812792600,"1912-07-22 14:30:00",89.75,90,89.38,89.5,0
-1812187800,"1912-07-29 14:30:00",88.97,90.47,88.97,90.16,0
-1811583000,"1912-08-05 14:30:00",90.03,90.19,89.84,90.19,0
-1810978200,"1912-08-12 14:30:00",90.72,91.78,90.72,91.4,0
-1810373400,"1912-08-19 14:30:00",91.23,91.7,91.11,91.34,0
-1809768600,"1912-08-26 14:30:00",91.54,92.06,91.54,91.57,0
-1809163800,"1912-09-02 14:30:00",90.62,91.33,90.62,91.18,0
-1808559000,"1912-09-09 14:30:00",91.21,91.21,90.38,90.52,0
-1807954200,"1912-09-16 14:30:00",90.67,92.27,90.67,92.27,0
-1807349400,"1912-09-23 14:30:00",93.08,93.61,93.08,93.61,0
-1806744600,"1912-09-30 14:30:00",94.15,94.15,93.5,93.7,0
-1806139800,"1912-10-07 14:30:00",93.93,94.12,92.62,92.62,0
-1805535000,"1912-10-14 14:30:00",92.4,93.7,92.4,93.61,0
-1804930200,"1912-10-21 14:30:00",92.31,92.41,90.91,90.91,0
-1804325400,"1912-10-28 14:30:00",91.44,91.44,90.35,90.51,0
-1803720600,"1912-11-04 14:30:00",90.29,91.94,90.29,91.31,0
-1803115800,"1912-11-11 14:30:00",89.58,90.4,89.58,90.09,0
-1802511000,"1912-11-18 14:30:00",89.97,91.43,89.97,91.01,0
-1801906200,"1912-11-25 14:30:00",89.87,91.26,89.87,91.26,0
-1801301400,"1912-12-02 14:30:00",90.85,90.85,87.8,87.8,0
-1800696600,"1912-12-09 14:30:00",86.03,86.18,85.25,86.18,0
-1800091800,"1912-12-16 14:30:00",86.22,87.85,85.66,87.85,0
-1799487000,"1912-12-23 14:30:00",87.22,87.36,87.22,87.25,0
-1798882200,"1912-12-30 14:30:00",87.26,88.42,87.26,87.45,0
-1798277400,"1913-01-06 14:30:00",87.2,88.57,87.2,88.25,0
-1797672600,"1913-01-13 14:30:00",85.96,85.96,84.96,85.61,0
-1797067800,"1913-01-20 14:30:00",81.55,83.34,81.55,82.22,0
-1796463000,"1913-01-27 14:30:00",82.53,83.8,82.53,83.72,0
-1795858200,"1913-02-03 14:30:00",83.26,83.46,82.94,83.46,0
-1795253400,"1913-02-10 14:30:00",82.93,82.93,81.34,81.79,0
-1794648600,"1913-02-17 14:30:00",80.57,80.57,79.82,79.93,0
-1794043800,"1913-02-24 14:30:00",79.26,80.56,78.72,80.32,0
-1793439000,"1913-03-03 14:30:00",81.33,81.69,80.6,80.6,0
-1792834200,"1913-03-10 14:30:00",79.27,79.95,79.27,79.81,0
-1792229400,"1913-03-17 14:30:00",79.26,79.26,78.25,78.25,0
-1791624600,"1913-03-24 14:30:00",78.91,80.51,78.91,80.51,0
-1791019800,"1913-03-31 14:30:00",80.92,83.19,80.92,83.19,0
-1790415000,"1913-04-07 14:30:00",82.35,82.92,82.14,82.14,0
-1789810200,"1913-04-14 14:30:00",82.11,82.11,81.05,81.05,0
-1789205400,"1913-04-21 14:30:00",81.73,81.73,79.72,79.72,0
-1788600600,"1913-04-28 14:30:00",79.32,79.62,78.39,79.34,0
-1787995800,"1913-05-05 14:30:00",79.95,79.95,79.21,79.23,0
-1787391000,"1913-05-12 14:30:00",78.58,79.04,78.51,78.83,0
-1786786200,"1913-05-19 14:30:00",78.73,79.5,78.73,79.5,0
-1786181400,"1913-05-26 14:30:00",79.72,79.72,78.38,78.38,0
-1785576600,"1913-06-02 14:30:00",77.27,77.27,75.07,75.21,0
-1784971800,"1913-06-09 14:30:00",73.9,74.58,72.11,74.58,0
-1784367000,"1913-06-16 14:30:00",74.58,75.85,74.58,74.91,0
-1783762200,"1913-06-23 14:30:00",74.33,75.38,74.33,74.7,0
-1783157400,"1913-06-30 14:30:00",74.89,75.84,74.89,75.83,0
-1782552600,"1913-07-07 14:30:00",75.67,75.67,75.23,75.4,0
-1781947800,"1913-07-14 14:30:00",75.23,77.1,75.23,77.1,0
-1781343000,"1913-07-21 14:30:00",78.16,78.65,77.84,78.36,0
-1780738200,"1913-07-28 14:30:00",79.06,79.06,78.21,78.21,0
-1780133400,"1913-08-04 14:30:00",78.75,79.52,78.75,79.32,0
-1779528600,"1913-08-11 14:30:00",79.73,80.93,79.5,79.5,0
-1778923800,"1913-08-18 14:30:00",79.85,80.37,79.85,80.07,0
-1778319000,"1913-08-25 14:30:00",80.3,81.81,80.15,81.81,0
-1777714200,"1913-09-01 14:30:00",80.94,81.13,80.27,81.13,0
-1777109400,"1913-09-08 14:30:00",81.39,82.95,81.39,82.95,0
-1776504600,"1913-09-15 14:30:00",82.81,83.04,82.38,82.58,0
-1775899800,"1913-09-22 14:30:00",83.01,83.01,81.96,81.96,0
-1775295000,"1913-09-29 14:30:00",81.23,81.43,80.37,80.79,0
-1774690200,"1913-10-06 14:30:00",79.82,79.89,79.07,79.07,0
-1774085400,"1913-10-13 14:30:00",77.64,77.85,77.09,77.37,0
-1773480600,"1913-10-20 14:30:00",78.06,79.6,78.06,78.61,0
-1772875800,"1913-10-27 14:30:00",79.38,79.38,78.3,78.3,0
-1772271000,"1913-11-03 14:30:00",77.76,78.11,77.04,77.04,0
-1771666200,"1913-11-10 14:30:00",75.94,77.25,75.94,77.25,0
-1771061400,"1913-11-17 14:30:00",77.07,77.25,76.18,76.18,0
-1770456600,"1913-11-24 14:30:00",76.11,76.86,76.11,76.21,0
-1769851800,"1913-12-01 14:30:00",75.77,77.01,75.77,76.89,0
-1769247000,"1913-12-08 14:30:00",76.87,76.87,75.59,75.59,0
-1768642200,"1913-12-15 14:30:00",75.27,76.71,75.27,76.71,0
-1768037400,"1913-12-22 14:30:00",78.06,78.85,78.06,78.85,0
-1767432600,"1913-12-29 14:30:00",78.48,78.78,78.26,78.59,0
-1766827800,"1914-01-05 14:30:00",79,79.26,78.81,79.06,0
-1766223000,"1914-01-12 14:30:00",79.29,80.95,79.29,80.81,0
-1765618200,"1914-01-19 14:30:00",81.21,82.7,81.01,82.7,0
-1765013400,"1914-01-26 14:30:00",82.88,82.88,81.72,82.8,0
-1764408600,"1914-02-02 14:30:00",82.55,83.19,82.34,82.34,0
-1763803800,"1914-02-09 14:30:00",82.44,82.84,82.36,82.84,0
-1763199000,"1914-02-16 14:30:00",82.6,82.78,82.48,82.78,0
-1762594200,"1914-02-23 14:30:00",82.34,82.34,81.31,82,0
-1761989400,"1914-03-02 14:30:00",81.66,82.19,81.12,81.12,0
-1761384600,"1914-03-09 14:30:00",81.36,81.94,81.2,81.64,0
-1760779800,"1914-03-16 14:30:00",81.68,83.43,81.68,83.43,0
-1760175000,"1914-03-23 14:30:00",83.19,83.19,81.83,81.83,0
-1759570200,"1914-03-30 14:30:00",81.64,82.47,81.64,82.11,0
-1758965400,"1914-04-06 14:30:00",82.18,82.18,81.56,81.56,0
-1758360600,"1914-04-13 14:30:00",81.05,81.05,79.72,79.72,0
-1757755800,"1914-04-20 14:30:00",78.88,79.52,77.52,77.52,0
-1757151000,"1914-04-27 14:30:00",77.82,80.11,77.82,80.11,0
-1756546200,"1914-05-04 14:30:00",79.89,79.89,79.16,79.16,0
-1755941400,"1914-05-11 14:30:00",80.03,81.11,80.03,81.11,0
-1755336600,"1914-05-18 14:30:00",81.36,81.66,80.85,80.85,0
-1754731800,"1914-05-25 14:30:00",81.23,81.57,81.23,81.57,0
-1754127000,"1914-06-01 14:30:00",80.98,81.19,80.5,81.19,0
-1753522200,"1914-06-08 14:30:00",81.64,81.84,81.61,81.76,0
-1752917400,"1914-06-15 14:30:00",81.46,81.46,81.03,81.33,0
-1752312600,"1914-06-22 14:30:00",81.58,81.58,79.3,80.06,0
-1751707800,"1914-06-29 14:30:00",80,81.27,80,81.27,0
-1751103000,"1914-07-06 14:30:00",81.4,81.79,81.3,81.3,0
-1750498200,"1914-07-13 14:30:00",80.86,81.11,80.34,80.41,0
-1749893400,"1914-07-20 14:30:00",80.41,80.83,79.71,79.71,0
-1749288600,"1914-07-27 14:30:00",79.07,79.07,71.42,71.42,0
-1737192600,"1914-12-14 14:30:00",56.76,56.76,55.07,55.09,0
-1736587800,"1914-12-21 14:30:00",54.46,54.46,53.17,53.17,0
-1735983000,"1914-12-28 14:30:00",54.55,54.58,54.55,54.58,0
-1735378200,"1915-01-04 14:30:00",55.44,56.55,55.4,56.55,0
-1734773400,"1915-01-11 14:30:00",57.37,57.9,57.35,57.9,0
-1734168600,"1915-01-18 14:30:00",58.12,58.51,58.11,58.21,0
-1733563800,"1915-01-25 14:30:00",58.06,58.24,56.54,56.54,0
-1732959000,"1915-02-01 14:30:00",55.59,57.26,55.59,56.16,0
-1732354200,"1915-02-08 14:30:00",56.31,57.83,56.31,57.83,0
-1731749400,"1915-02-15 14:30:00",57.02,57.02,55.38,55.38,0
-1731144600,"1915-02-22 14:30:00",54.4,55.02,54.22,55.02,0
-1730539800,"1915-03-01 14:30:00",55.29,56.51,55.29,56.51,0
-1729935000,"1915-03-08 14:30:00",56.98,56.98,56.66,56.66,0
-1729330200,"1915-03-15 14:30:00",56.7,56.98,56.57,56.98,0
-1728725400,"1915-03-22 14:30:00",58.1,59.51,58.1,59.51,0
-1728120600,"1915-03-29 14:30:00",60.13,61.3,60.13,61.05,0
-1727515800,"1915-04-05 14:30:00",62.29,65.02,62.29,65.02,0
-1726911000,"1915-04-12 14:30:00",64.66,69.36,64.66,69.36,0
-1726306200,"1915-04-19 14:30:00",67.86,68.65,67.86,68.65,0
-1725701400,"1915-04-26 14:30:00",68.97,71.78,68.9,71.78,0
-1725096600,"1915-05-03 14:30:00",69.54,69.58,65.13,65.13,0
-1724491800,"1915-05-10 14:30:00",62.06,64.64,60.38,60.38,0
-1723887000,"1915-05-17 14:30:00",63.41,64.88,62.7,64.88,0
-1723282200,"1915-05-24 14:30:00",65.46,65.46,64.42,65.01,0
-1722677400,"1915-05-31 14:30:00",64.86,67.75,64.86,67.71,0
-1722072600,"1915-06-07 14:30:00",69.21,70.55,67.27,70.55,0
-1721467800,"1915-06-14 14:30:00",70.93,71.3,70.93,70.98,0
-1720863000,"1915-06-21 14:30:00",71.83,71.9,69.78,70.23,0
-1720258200,"1915-06-28 14:30:00",70.74,70.74,69.85,69.98,0
-1719653400,"1915-07-05 14:30:00",69.87,69.87,67.88,67.88,0
-1719048600,"1915-07-12 14:30:00",70.05,71.78,70.05,71.78,0
-1718443800,"1915-07-19 14:30:00",70.84,74.1,70.84,74.1,0
-1717839000,"1915-07-26 14:30:00",74.6,75.79,74.6,75.53,0
-1717234200,"1915-08-02 14:30:00",76.46,77.33,76.46,77.21,0
-1716629400,"1915-08-09 14:30:00",77.7,78.38,77.45,78.38,0
-1716024600,"1915-08-16 14:30:00",81.28,81.86,79.31,79.31,0
-1715419800,"1915-08-23 14:30:00",76.88,81.88,76.88,81.88,0
-1714815000,"1915-08-30 14:30:00",81.7,81.79,80.7,80.7,0
-1714210200,"1915-09-06 14:30:00",81.02,81.88,80.96,80.96,0
-1713605400,"1915-09-13 14:30:00",81.4,82.54,81.4,82.54,0
-1713000600,"1915-09-20 14:30:00",84.26,86.48,84.26,86.48,0
-1712395800,"1915-09-27 14:30:00",89.2,90.88,89.2,90.88,0
-1711791000,"1915-10-04 14:30:00",90.98,90.98,88.23,90.5,0
-1711186200,"1915-10-11 14:30:00",92.37,93.63,92.37,92.56,0
-1710581400,"1915-10-18 14:30:00",94.61,96.46,93.38,96.46,0
-1709976600,"1915-10-25 14:30:00",95.88,95.88,93.34,95.34,0
-1709371800,"1915-11-01 14:30:00",95.16,96.06,94.76,94.81,0
-1708767000,"1915-11-08 14:30:00",92.8,94.71,91.08,94.71,0
-1708162200,"1915-11-15 14:30:00",95.05,96.33,95.05,95.27,0
-1707557400,"1915-11-22 14:30:00",95.45,97.28,95.45,97.28,0
-1706952600,"1915-11-29 14:30:00",97.56,97.56,94.78,95.91,0
-1706347800,"1915-12-06 14:30:00",97.86,98.45,96.13,96.13,0
-1705743000,"1915-12-13 14:30:00",95.96,98.3,95.96,97.4,0
-1705138200,"1915-12-20 14:30:00",97.7,98.36,97.66,98.36,0
-1704533400,"1915-12-27 14:30:00",99.21,99.21,97.96,99.15,0
-1703928600,"1916-01-03 14:30:00",98.81,98.81,96.44,97.34,0
-1703323800,"1916-01-10 14:30:00",95.69,96.47,94.07,96.47,0
-1702719000,"1916-01-17 14:30:00",96.63,96.63,93.6,94.78,0
-1702114200,"1916-01-24 14:30:00",93.87,94.24,92.99,93.25,0
-1701509400,"1916-01-31 14:30:00",90.58,94.4,90.58,93.19,0
-1700904600,"1916-02-07 14:30:00",94.96,96.15,94.91,96.15,0
-1700299800,"1916-02-14 14:30:00",95.28,95.28,94.11,94.35,0
-1699695000,"1916-02-21 14:30:00",94.36,94.36,93.37,93.85,0
-1699090200,"1916-02-28 14:30:00",90.89,91.71,90.52,91.71,0
-1698485400,"1916-03-06 14:30:00",92.93,93.5,92.58,93.11,0
-1697880600,"1916-03-13 14:30:00",94.75,96.08,94.75,96,0
-1697275800,"1916-03-20 14:30:00",93.6,93.97,93.58,93.65,0
-1696671000,"1916-03-27 14:30:00",93.57,93.81,92.73,93.25,0
-1696066200,"1916-04-03 14:30:00",94.13,94.46,93.38,93.38,0
-1695461400,"1916-04-10 14:30:00",94.22,94.22,91.28,91.63,0
-1694856600,"1916-04-17 14:30:00",91.08,91.08,88.11,88.11,0
-1694251800,"1916-04-24 14:30:00",87,89.65,87,89.65,0
-1693647000,"1916-05-01 14:30:00",90.3,90.3,87.71,88.51,0
-1693042200,"1916-05-08 14:30:00",90.36,90.94,89.71,90.94,0
-1692437400,"1916-05-15 14:30:00",92.43,92.43,91.51,91.76,0
-1691832600,"1916-05-22 14:30:00",92.06,92.62,92.06,92.29,0
-1691227800,"1916-05-29 14:30:00",91.95,91.95,91.22,91.22,0
-1690623000,"1916-06-05 14:30:00",92.19,92.78,91.73,92.78,0
-1690018200,"1916-06-12 14:30:00",93.61,93.61,92.49,92.49,0
-1689413400,"1916-06-19 14:30:00",90,90.57,88.88,88.88,0
-1688808600,"1916-06-26 14:30:00",87.68,89.58,87.68,89.58,0
-1688203800,"1916-07-03 14:30:00",89.37,90.53,89.37,89.71,0
-1687599000,"1916-07-10 14:30:00",88.6,88.6,86.4,86.95,0
-1686994200,"1916-07-17 14:30:00",87.15,89.03,87.15,89.03,0
-1686389400,"1916-07-24 14:30:00",89.1,89.1,88,88.35,0
-1685784600,"1916-07-31 14:30:00",89.25,89.25,88.34,88.41,0
-1685179800,"1916-08-07 14:30:00",88.88,90.32,88.15,90.32,0
-1684575000,"1916-08-14 14:30:00",90.75,92.08,90.75,92.08,0
-1683970200,"1916-08-21 14:30:00",93.25,93.83,92.9,92.9,0
-1683365400,"1916-08-28 14:30:00",92.49,92.49,91.19,91.19,0
-1682760600,"1916-09-04 14:30:00",93.36,94.63,93.36,94.63,0
-1682155800,"1916-09-11 14:30:00",95.74,98.84,95.74,98.39,0
-1681551000,"1916-09-18 14:30:00",98.51,100.77,98.47,100.77,0
-1680946200,"1916-09-25 14:30:00",100.89,103.73,100.89,103.73,0
-1680341400,"1916-10-02 14:30:00",103.01,104.15,102.85,102.85,0
-1679736600,"1916-10-09 14:30:00",100.23,101.35,98.94,98.94,0
-1679131800,"1916-10-16 14:30:00",101.42,103.68,101.42,103.68,0
-1678527000,"1916-10-23 14:30:00",105.17,105.28,104.56,105.28,0
-1677922200,"1916-10-30 14:30:00",104.3,106.28,104.3,106.28,0
-1677317400,"1916-11-06 14:30:00",107.21,107.68,106.83,107.65,0
-1676712600,"1916-11-13 14:30:00",105.63,109.62,105.63,109.62,0
-1676107800,"1916-11-20 14:30:00",110.1,110.15,107.48,109.07,0
-1675503000,"1916-11-27 14:30:00",108.23,108.23,105.97,106.17,0
-1674898200,"1916-12-04 14:30:00",106.2,106.76,106.2,106.51,0
-1674293400,"1916-12-11 14:30:00",104.67,104.67,97.93,97.93,0
-1673688600,"1916-12-18 14:30:00",98.07,98.07,90.16,95.09,0
-1673083800,"1916-12-25 14:30:00",96.1,96.1,94.01,95,0
-1672479000,"1917-01-01 14:30:00",96.15,99.18,96.15,96.16,0
-1671874200,"1917-01-08 14:30:00",96.4,97.64,95.7,95.75,0
-1671269400,"1917-01-15 14:30:00",95.59,97.55,95.59,97.35,0
-1670664600,"1917-01-22 14:30:00",96.6,97.41,96.26,97.36,0
-1670059800,"1917-01-29 14:30:00",95.78,95.83,87.01,87.01,0
-1669455000,"1917-02-05 14:30:00",92.03,92.81,90.2,90.2,0
-1668850200,"1917-02-12 14:30:00",92.37,92.37,91.65,91.81,0
-1668245400,"1917-02-19 14:30:00",93.66,94.91,92.56,92.56,0
-1667640600,"1917-02-26 14:30:00",93.35,93.35,91.1,92.82,0
-1667035800,"1917-03-05 14:30:00",95.04,96.46,95.04,96.46,0
-1666431000,"1917-03-12 14:30:00",95.03,95.65,95.03,95.65,0
-1665826200,"1917-03-19 14:30:00",96.97,98.2,96.78,97.27,0
-1665221400,"1917-03-26 14:30:00",96.32,97.01,96.32,96.72,0
-1664616600,"1917-04-02 14:30:00",97.06,97.06,94.61,94.61,0
-1664011800,"1917-04-09 14:30:00",92.41,93.18,91.2,93.18,0
-1663407000,"1917-04-16 14:30:00",92.21,92.21,90.84,90.84,0
-1662802200,"1917-04-23 14:30:00",90.96,93.1,90.66,93.1,0
-1662197400,"1917-04-30 14:30:00",93.23,93.42,90.45,90.45,0
-1661592600,"1917-05-07 14:30:00",91.2,91.2,89.08,89.77,0
-1660987800,"1917-05-14 14:30:00",90.78,92.75,90.19,91.96,0
-1660383000,"1917-05-21 14:30:00",93.47,96.76,93.47,96.76,0
-1659778200,"1917-05-28 14:30:00",97.2,97.89,97.2,97.89,0
-1659173400,"1917-06-04 14:30:00",97,98.58,97,98.58,0
-1658568600,"1917-06-11 14:30:00",97.86,98.31,97.22,97.22,0
-1657963800,"1917-06-18 14:30:00",94.89,96.63,94.78,96.63,0
-1657359000,"1917-06-25 14:30:00",97.57,97.57,95.38,95.38,0
-1656754200,"1917-07-02 14:30:00",95.23,95.31,93.57,93.9,0
-1656149400,"1917-07-09 14:30:00",93.64,94.14,92.33,92.33,0
-1655544600,"1917-07-16 14:30:00",91.38,91.95,90.48,91.59,0
-1654939800,"1917-07-23 14:30:00",91.61,91.75,91.24,91.75,0
-1654335000,"1917-07-30 14:30:00",92.13,92.96,91.75,92.96,0
-1653730200,"1917-08-06 14:30:00",93.85,93.85,91.47,91.9,0
-1653125400,"1917-08-13 14:30:00",92.65,92.65,91.44,91.61,0
-1652520600,"1917-08-20 14:30:00",91.27,91.27,88.15,88.91,0
-1651915800,"1917-08-27 14:30:00",88.4,88.4,83.4,83.4,0
-1651311000,"1917-09-03 14:30:00",81.2,83.66,81.2,83.49,0
-1650706200,"1917-09-10 14:30:00",83.88,83.88,82.19,83.44,0
-1650101400,"1917-09-17 14:30:00",81.55,85.23,81.55,85.23,0
-1649496600,"1917-09-24 14:30:00",85.7,86.02,83.46,83.46,0
-1648891800,"1917-10-01 14:30:00",83.58,83.58,80.62,81.75,0
-1648287000,"1917-10-08 14:30:00",80.48,80.48,77.32,77.83,0
-1647682200,"1917-10-15 14:30:00",75.13,78.21,75.13,78.21,0
-1647077400,"1917-10-22 14:30:00",79.06,79.06,77.35,77.35,0
-1646472600,"1917-10-29 14:30:00",76.28,76.28,71.41,72.52,0
-1645867800,"1917-11-05 14:30:00",69.93,71.54,68.58,69.36,0
-1645263000,"1917-11-12 14:30:00",70.65,70.65,69.1,69.75,0
-1644658200,"1917-11-19 14:30:00",71.51,74.23,71.51,74.23,0
-1644053400,"1917-11-26 14:30:00",74.03,74.03,72.65,72.65,0
-1643448600,"1917-12-03 14:30:00",72.55,72.55,70.29,70.29,0
-1642843800,"1917-12-10 14:30:00",70.49,70.49,66.96,68.65,0
-1642239000,"1917-12-17 14:30:00",67.08,68.25,65.95,68.25,0
-1641634200,"1917-12-24 14:30:00",69.29,72.13,68.33,72.13,0
-1641029400,"1917-12-31 14:30:00",74.38,76.68,74.38,75.56,0
-1640424600,"1918-01-07 14:30:00",74.86,76.33,74.63,75,0
-1639819800,"1918-01-14 14:30:00",73.48,74.6,73.38,74.55,0
-1639215000,"1918-01-21 14:30:00",76.11,76.5,75.43,76.5,0
-1638610200,"1918-01-28 14:30:00",77.13,79.8,76.98,79.28,0
-1638005400,"1918-02-04 14:30:00",79.28,79.28,77.78,78.44,0
-1637400600,"1918-02-11 14:30:00",78.73,79.96,78.71,79.96,0
-1636795800,"1918-02-18 14:30:00",81.53,82.08,80.53,80.53,0
-1636191000,"1918-02-25 14:30:00",79.17,80.65,79.17,79.93,0
-1635586200,"1918-03-04 14:30:00",79.01,79.53,79.01,79.5,0
-1634981400,"1918-03-11 14:30:00",79.78,79.78,78.67,79.06,0
-1634376600,"1918-03-18 14:30:00",77.93,78.71,77.71,77.71,0
-1633771800,"1918-03-25 14:30:00",76.45,76.72,76.41,76.41,0
-1633170600,"1918-04-01 13:30:00",77.16,77.42,76.69,77.03,0
-1632565800,"1918-04-08 13:30:00",77.69,77.69,75.58,76.25,0
-1631961000,"1918-04-15 13:30:00",77.51,78.6,76.89,78.6,0
-1631356200,"1918-04-22 13:30:00",79.42,79.42,77.88,78.23,0
-1630751400,"1918-04-29 13:30:00",77.79,78.9,77.51,78.64,0
-1630146600,"1918-05-06 13:30:00",79.36,81.3,79.36,81.29,0
-1629541800,"1918-05-13 13:30:00",82.16,84.04,82.16,83.5,0
-1628937000,"1918-05-20 13:30:00",82.47,82.87,81.58,81.58,0
-1628332200,"1918-05-27 13:30:00",78.65,78.65,78.08,78.08,0
-1627727400,"1918-06-03 13:30:00",78.55,79.6,78.53,78.53,0
-1627122600,"1918-06-10 13:30:00",78.93,80.61,78.93,80.61,0
-1626517800,"1918-06-17 13:30:00",80.61,81.83,80.61,81.65,0
-1625913000,"1918-06-24 13:30:00",82.5,83.02,82.4,82.58,0
-1625308200,"1918-07-01 13:30:00",81.81,82.96,81.81,82.96,0
-1624703400,"1918-07-08 13:30:00",82.6,82.76,81.09,81.23,0
-1624098600,"1918-07-15 13:30:00",80.58,82.92,80.58,82.31,0
-1623493800,"1918-07-22 13:30:00",81.22,81.51,80.51,81.51,0
-1622889000,"1918-07-29 13:30:00",81.1,81.23,80.71,80.76,0
-1622284200,"1918-08-05 13:30:00",81.57,81.65,80.97,81.65,0
-1621679400,"1918-08-12 13:30:00",81.58,81.77,81.58,81.77,0
-1621074600,"1918-08-19 13:30:00",81.63,82.15,81.61,82.15,0
-1620469800,"1918-08-26 13:30:00",82.93,83.18,82.46,82.46,0
-1619865000,"1918-09-02 13:30:00",83.84,83.84,82.56,82.56,0
-1619260200,"1918-09-09 13:30:00",81.8,81.8,80.29,80.29,0
-1618655400,"1918-09-16 13:30:00",81.48,81.96,81.48,81.96,0
-1618050600,"1918-09-23 13:30:00",82.44,84.03,82.44,84.03,0
-1617445800,"1918-09-30 13:30:00",84.68,85.31,83.95,85.31,0
-1616841000,"1918-10-07 13:30:00",84.35,84.83,83.36,84.83,0
-1616236200,"1918-10-14 13:30:00",86.35,89.07,86.21,89.07,0
-1615631400,"1918-10-21 13:30:00",88.15,88.15,86.52,86.52,0
-1615023000,"1918-10-28 14:30:00",87.28,87.28,84.08,85.53,0
-1614418200,"1918-11-04 14:30:00",85.74,87.66,85.74,87.66,0
-1613813400,"1918-11-11 14:30:00",86.56,86.56,85.53,86.15,0
-1613208600,"1918-11-18 14:30:00",85.01,85.01,82.6,82.6,0
-1612603800,"1918-11-25 14:30:00",79.87,81.43,79.87,80.93,0
-1611999000,"1918-12-02 14:30:00",81.13,82.89,81.13,82.45,0
-1611394200,"1918-12-09 14:30:00",83.41,84.5,82.65,82.65,0
-1610789400,"1918-12-16 14:30:00",83.23,83.41,81.72,81.72,0
-1610184600,"1918-12-23 14:30:00",81.51,81.51,80.44,81.17,0
-1609579800,"1918-12-30 14:30:00",80.78,83.35,80.78,83.35,0
-1608975000,"1919-01-06 14:30:00",82.45,82.76,82.3,82.3,0
-1608370200,"1919-01-13 14:30:00",81.79,82.4,81.35,81.35,0
-1607765400,"1919-01-20 14:30:00",80.14,81.75,79.88,81.75,0
-1607160600,"1919-01-27 14:30:00",81.47,81.6,80.56,80.61,0
-1606555800,"1919-02-03 14:30:00",80.91,81.08,79.35,79.35,0
-1605951000,"1919-02-10 14:30:00",79.65,81.2,79.65,81.2,0
-1605346200,"1919-02-17 14:30:00",82.55,84.21,81.92,84.21,0
-1604741400,"1919-02-24 14:30:00",84.62,85.68,84.61,84.81,0
-1604136600,"1919-03-03 14:30:00",85.58,86.23,84.24,86.23,0
-1603531800,"1919-03-10 14:30:00",87.43,88.3,87.43,87.87,0
-1602927000,"1919-03-17 14:30:00",88.41,89.05,87.81,89.05,0
-1602322200,"1919-03-24 14:30:00",87.97,88.86,86.83,88.86,0
-1601721000,"1919-03-31 13:30:00",88.85,89.59,88.84,89.59,0
-1601116200,"1919-04-07 13:30:00",90.18,91.01,90.11,90.11,0
-1600511400,"1919-04-14 13:30:00",90.48,91.47,90.48,90.88,0
-1599906600,"1919-04-21 13:30:00",92.21,92.36,91.65,92.09,0
-1599301800,"1919-04-28 13:30:00",93.17,94.3,92.88,94.3,0
-1598697000,"1919-05-05 13:30:00",94.92,98.61,94.92,98.61,0
-1598092200,"1919-05-12 13:30:00",98.53,100.37,98.53,99.92,0
-1597487400,"1919-05-19 13:30:00",99.16,100.47,99.16,100.47,0
-1596882600,"1919-05-26 13:30:00",103.8,105.5,103.58,105.5,0
-1596277800,"1919-06-02 13:30:00",106.92,107.55,103.83,107.46,0
-1595673000,"1919-06-09 13:30:00",107.35,107.35,102.85,102.85,0
-1595068200,"1919-06-16 13:30:00",99.56,106.13,99.56,106.13,0
-1594463400,"1919-06-23 13:30:00",106.09,106.66,104.58,106.66,0
-1593858600,"1919-06-30 13:30:00",106.98,109.9,106.98,109.9,0
-1593253800,"1919-07-07 13:30:00",109.41,110.46,109.41,109.92,0
-1592649000,"1919-07-14 13:30:00",112.23,112.23,110.65,110.69,0
-1592044200,"1919-07-21 13:30:00",107.24,110.73,107.24,110.03,0
-1591439400,"1919-07-28 13:30:00",110.94,110.94,107.16,107.99,0
-1590834600,"1919-08-04 13:30:00",102.82,105.78,100.8,101.88,0
-1590229800,"1919-08-11 13:30:00",103.94,105.1,102.25,102.25,0
-1589625000,"1919-08-18 13:30:00",99.7,100.84,98.46,100.84,0
-1589020200,"1919-08-25 13:30:00",101.63,104.75,101.63,104.75,0
-1588415400,"1919-09-01 13:30:00",106.26,108.55,106.26,106.96,0
-1587810600,"1919-09-08 13:30:00",106.51,108.3,106.51,107.1,0
-1587205800,"1919-09-15 13:30:00",108.39,108.81,105.84,105.84,0
-1586601000,"1919-09-22 13:30:00",106.3,108.66,106.3,108.66,0
-1585996200,"1919-09-29 13:30:00",110.32,111.42,108.9,108.9,0
-1585391400,"1919-10-06 13:30:00",112.04,114.42,112.04,114.42,0
-1584786600,"1919-10-13 13:30:00",112.41,112.98,112.41,112.98,0
-1584181800,"1919-10-20 13:30:00",115.43,117.62,114.88,115.57,0
-1583573400,"1919-10-27 14:30:00",114.88,118.92,114.88,118.92,0
-1582968600,"1919-11-03 14:30:00",119.62,119.62,117.18,117.18,0
-1582363800,"1919-11-10 14:30:00",112.93,112.93,107.15,110.49,0
-1581759000,"1919-11-17 14:30:00",109.09,109.09,106.15,107.73,0
-1581154200,"1919-11-24 14:30:00",108.86,109.02,103.72,103.72,0
-1580549400,"1919-12-01 14:30:00",104.03,107.97,104.03,107.42,0
-1579944600,"1919-12-08 14:30:00",107.83,107.83,103.73,103.73,0
-1579339800,"1919-12-15 14:30:00",105.06,107.26,103.78,104.63,0
-1578735000,"1919-12-22 14:30:00",103.55,105.63,103.55,105.63,0
-1578130200,"1919-12-29 14:30:00",105.18,108.76,105.18,108.76,0
-1577525400,"1920-01-05 14:30:00",108.85,108.85,106.59,106.59,0
-1576920600,"1920-01-12 14:30:00",104.22,104.53,101.94,101.94,0
-1576315800,"1920-01-19 14:30:00",102.72,103.48,101.9,101.9,0
-1575711000,"1920-01-26 14:30:00",103.74,104.21,103.6,104.21,0
-1575106200,"1920-02-02 14:30:00",103.01,103.01,95.5,95.75,0
-1574501400,"1920-02-09 14:30:00",95.73,95.73,90.66,92.66,0
-1573896600,"1920-02-16 14:30:00",92.6,95.57,92.6,95.57,0
-1573291800,"1920-02-23 14:30:00",92.98,92.98,89.98,91.18,0
-1572687000,"1920-03-01 14:30:00",92.4,94.58,91.68,94.58,0
-1572082200,"1920-03-08 14:30:00",97.38,99.8,97.11,98.55,0
-1571477400,"1920-03-15 14:30:00",100.55,103.98,100.39,103.66,0
-1570872600,"1920-03-22 14:30:00",104.17,104.17,100.33,103.63,0
-1570271400,"1920-03-29 13:30:00",102.23,102.81,102.23,102.66,0
-1569666600,"1920-04-05 13:30:00",102.98,105.65,102.98,105.38,0
-1569061800,"1920-04-12 13:30:00",103.94,105.18,103.94,104.73,0
-1568457000,"1920-04-19 13:30:00",101.87,101.87,95.46,95.46,0
-1567852200,"1920-04-26 13:30:00",97.2,97.2,93.16,93.54,0
-1567247400,"1920-05-03 13:30:00",94.03,94.41,93.45,93.45,0
-1566642600,"1920-05-10 13:30:00",93.33,93.33,90.8,91.35,0
-1566037800,"1920-05-17 13:30:00",91.24,91.24,87.36,88.2,0
-1565433000,"1920-05-24 13:30:00",87.57,91.81,87.57,91.81,0
-1564828200,"1920-05-31 13:30:00",90.2,91.9,90.2,91.9,0
-1564223400,"1920-06-07 13:30:00",91.13,93.06,91.13,93.06,0
-1563618600,"1920-06-14 13:30:00",91.75,92,91.37,92,0
-1563013800,"1920-06-21 13:30:00",91.32,91.32,90.16,90.95,0
-1562409000,"1920-06-28 13:30:00",90.45,92.2,90.36,92.2,0
-1561804200,"1920-07-05 13:30:00",93,94.51,93,94.43,0
-1561199400,"1920-07-12 13:30:00",92.08,92.08,89.95,89.95,0
-1560594600,"1920-07-19 13:30:00",90.21,90.74,89.63,89.63,0
-1559989800,"1920-07-26 13:30:00",87.66,87.89,86.86,86.86,0
-1559385000,"1920-08-02 13:30:00",84.95,85.58,84.06,84.56,0
-1558780200,"1920-08-09 13:30:00",83.24,85.89,83.2,85.89,0
-1558175400,"1920-08-16 13:30:00",85.07,86.22,83.9,86.22,0
-1557570600,"1920-08-23 13:30:00",85.78,87.29,85.78,86.81,0
-1556965800,"1920-08-30 13:30:00",86.43,88.05,86.16,88.05,0
-1556361000,"1920-09-06 13:30:00",88.21,88.33,87.13,87.98,0
-1555756200,"1920-09-13 13:30:00",86.96,89.95,86.96,89.95,0
-1555151400,"1920-09-20 13:30:00",88.88,88.88,85.9,85.9,0
-1554546600,"1920-09-27 13:30:00",83.82,84.53,82.95,84,0
-1553941800,"1920-10-04 13:30:00",85.25,85.6,84.4,84.4,0
-1553337000,"1920-10-11 13:30:00",84,85.4,84,85.4,0
-1552732200,"1920-10-18 13:30:00",84.31,85.26,84.31,85.06,0
-1552127400,"1920-10-25 13:30:00",85.73,85.73,84.61,85.08,0
-1551519000,"1920-11-01 14:30:00",85.48,85.48,83.48,83.48,0
-1550914200,"1920-11-08 14:30:00",81.51,81.51,77.56,77.56,0
-1550309400,"1920-11-15 14:30:00",76.63,76.65,73.12,73.12,0
-1549704600,"1920-11-22 14:30:00",77.15,77.2,75.53,75.53,0
-1549099800,"1920-11-29 14:30:00",76.18,77.3,76.04,77.08,0
-1548495000,"1920-12-06 14:30:00",76.73,76.73,73.29,73.29,0
-1547890200,"1920-12-13 14:30:00",70.48,72.29,70.26,70.26,0
-1547285400,"1920-12-20 14:30:00",68.52,69.63,66.75,68.91,0
-1546680600,"1920-12-27 14:30:00",68.01,71.95,67.96,71.95,0
-1546075800,"1921-01-03 14:30:00",72.67,75.21,72.67,75.21,0
-1545471000,"1921-01-10 14:30:00",76,76.14,74.43,74.48,0
-1544866200,"1921-01-17 14:30:00",75.21,76.76,74.65,74.65,0
-1544261400,"1921-01-24 14:30:00",74.77,76.23,74.77,76.23,0
-1543656600,"1921-01-31 14:30:00",76.13,76.13,74.34,74.74,0
-1543051800,"1921-02-07 14:30:00",74.8,75.59,74.8,75.59,0
-1542447000,"1921-02-14 14:30:00",76.41,77.14,76.28,76.28,0
-1541842200,"1921-02-21 14:30:00",75.1,75.66,74.66,75.23,0
-1541237400,"1921-02-28 14:30:00",74.98,75.23,74.71,75.11,0
-1540632600,"1921-03-07 14:30:00",75.26,75.26,72.25,72.25,0
-1540027800,"1921-03-14 14:30:00",72.99,76.3,72.99,76.3,0
-1539423000,"1921-03-21 14:30:00",76.03,77.78,76.03,77.39,0
-1538818200,"1921-03-28 14:30:00",76.19,77.13,75.72,75.72,0
-1538213400,"1921-04-04 14:30:00",75.16,76.58,75.16,75.61,0
-1537608600,"1921-04-11 14:30:00",76.15,76.28,75.06,76.18,0
-1537003800,"1921-04-18 14:30:00",76.15,77.63,76.08,77.63,0
-1536402600,"1921-04-25 13:30:00",78.55,78.86,78.11,78.57,0
-1535797800,"1921-05-02 13:30:00",79.65,80.03,79.23,79.68,0
-1535193000,"1921-05-09 13:30:00",78.81,78.81,77.57,77.57,0
-1534588200,"1921-05-16 13:30:00",77.23,77.65,76.07,76.07,0
-1533983400,"1921-05-23 13:30:00",75.86,75.86,74.26,74.31,0
-1533378600,"1921-05-30 13:30:00",73.44,73.51,72.37,72.37,0
-1532773800,"1921-06-06 13:30:00",71.18,71.56,69.85,69.92,0
-1532169000,"1921-06-13 13:30:00",70.03,70.05,67.57,67.57,0
-1531564200,"1921-06-20 13:30:00",64.9,66.25,64.9,66.2,0
-1530959400,"1921-06-27 13:30:00",67.03,68.73,67.03,68.35,0
-1530354600,"1921-07-04 13:30:00",67.71,69.86,67.71,68.35,0
-1529749800,"1921-07-11 13:30:00",68.69,68.7,67.25,67.25,0
-1529145000,"1921-07-18 13:30:00",67.87,68.27,67.87,68.27,0
-1528540200,"1921-07-25 13:30:00",69.8,69.8,68.18,68.37,0
-1527935400,"1921-08-01 13:30:00",69.68,69.95,68.61,68.61,0
-1527330600,"1921-08-08 13:30:00",68.63,68.63,66.42,66.88,0
-1526725800,"1921-08-15 13:30:00",66.02,66.09,65.27,65.34,0
-1526121000,"1921-08-22 13:30:00",64.5,65.54,63.9,65.54,0
-1525516200,"1921-08-29 13:30:00",66.18,68,66.18,68,0
-1524911400,"1921-09-05 13:30:00",69.12,70.58,69.12,70.58,0
-1524306600,"1921-09-12 13:30:00",70.68,71.72,70.68,70.95,0
-1523701800,"1921-09-19 13:30:00",70.06,70.9,69.45,70.9,0
-1523093400,"1921-09-26 14:30:00",70.65,71.19,70.14,71.08,0
-1522488600,"1921-10-03 14:30:00",71.61,71.61,70.42,70.66,0
-1521883800,"1921-10-10 14:30:00",70.95,71.06,70.15,70.15,0
-1521279000,"1921-10-17 14:30:00",69.46,71,69.46,71,0
-1520674200,"1921-10-24 14:30:00",71.81,73.8,71.81,73.8,0
-1520069400,"1921-10-31 14:30:00",73.21,73.98,73.21,73.94,0
-1519464600,"1921-11-07 14:30:00",74.2,75.75,74.2,75.61,0
-1518859800,"1921-11-14 14:30:00",75.5,77.13,75.5,76.94,0
-1518255000,"1921-11-21 14:30:00",76.69,77.31,76.21,77.31,0
-1517650200,"1921-11-28 14:30:00",78.01,78.73,77.3,78.73,0
-1517045400,"1921-12-05 14:30:00",78.93,79.6,78.8,79.6,0
-1516440600,"1921-12-12 14:30:00",80.63,81.5,80.63,80.95,0
-1515835800,"1921-12-19 14:30:00",80.31,80.31,78.76,79.31,0
-1515231000,"1921-12-26 14:30:00",80.69,80.8,80.34,80.8,0
-1514626200,"1922-01-02 14:30:00",78.91,79.61,78.68,78.96,0
-1514021400,"1922-01-09 14:30:00",78.87,80.82,78.59,80.82,0
-1513416600,"1922-01-16 14:30:00",81.36,82.95,81.36,82.95,0
-1512811800,"1922-01-23 14:30:00",82.29,82.57,81.34,81.34,0
-1512207000,"1922-01-30 14:30:00",81.33,82.93,81.3,82.93,0
-1511602200,"1922-02-06 14:30:00",83.7,83.7,82.74,83.05,0
-1510997400,"1922-02-13 14:30:00",83.81,84.09,83.81,83.88,0
-1510392600,"1922-02-20 14:30:00",84.85,85.81,84.85,85.18,0
-1509787800,"1922-02-27 14:30:00",84.58,86.46,84.58,86.46,0
-1509183000,"1922-03-06 14:30:00",86.3,87.18,86.3,87.18,0
-1508578200,"1922-03-13 14:30:00",87.56,88.46,87.3,88.46,0
-1507973400,"1922-03-20 14:30:00",88.28,88.28,86.9,87.4,0
-1507368600,"1922-03-27 14:30:00",86.6,89.05,86.6,89.05,0
-1506763800,"1922-04-03 14:30:00",90.05,90.8,89.3,90.8,0
-1506159000,"1922-04-10 14:30:00",91.11,92.48,91.11,92.48,0
-1505554200,"1922-04-17 14:30:00",92.75,93.21,91.15,93.21,0
-1504949400,"1922-04-24 14:30:00",93,93,91.1,91.93,0
-1504348200,"1922-05-01 13:30:00",93.35,93.81,93.18,93.18,0
-1503743400,"1922-05-08 13:30:00",92.84,92.84,91.5,92.5,0
-1503138600,"1922-05-15 13:30:00",92.08,94.8,92.08,94.8,0
-1502533800,"1922-05-22 13:30:00",94.86,95.05,94.36,95.05,0
-1501929000,"1922-05-29 13:30:00",96.41,96.41,95.63,96.36,0
-1501324200,"1922-06-05 13:30:00",95.98,95.98,93.6,93.6,0
-1500719400,"1922-06-12 13:30:00",90.73,93.08,90.73,91.11,0
-1500114600,"1922-06-19 13:30:00",91.95,93.51,91.95,93.07,0
-1499509800,"1922-06-26 13:30:00",93.48,93.48,92.06,92.93,0
-1498905000,"1922-07-03 13:30:00",92.92,94.63,92.92,94.63,0
-1498300200,"1922-07-10 13:30:00",93.9,94.96,93.9,94.96,0
-1497695400,"1922-07-17 13:30:00",95.26,96.76,95.26,96.13,0
-1497090600,"1922-07-24 13:30:00",94.64,96.69,94.64,96.69,0
-1496485800,"1922-07-31 13:30:00",97.05,97.11,96.25,97.11,0
-1495881000,"1922-08-07 13:30:00",97.37,97.37,96.51,96.82,0
-1495276200,"1922-08-14 13:30:00",96.21,98.6,96.21,98.6,0
-1494671400,"1922-08-21 13:30:00",99.71,100.75,99.71,99.82,0
-1494066600,"1922-08-28 13:30:00",99.21,101.28,99.21,101.28,0
-1493461800,"1922-09-04 13:30:00",101.67,101.67,100.6,101.22,0
-1492857000,"1922-09-11 13:30:00",102.05,102.05,100.79,100.99,0
-1492252200,"1922-09-18 13:30:00",98.88,100.14,98.37,98.55,0
-1491643800,"1922-09-25 14:30:00",98.9,98.9,96.58,97.12,0
-1491039000,"1922-10-02 14:30:00",97.67,100.81,97.67,100.81,0
-1490434200,"1922-10-09 14:30:00",102.26,102.6,101.55,102.6,0
-1489829400,"1922-10-16 14:30:00",102.76,102.76,101.21,102.01,0
-1489224600,"1922-10-23 14:30:00",100.11,100.11,98,98.76,0
-1488619800,"1922-10-30 14:30:00",96.9,99.29,96.11,99.29,0
-1488015000,"1922-11-06 14:30:00",98.45,99.53,97.5,97.5,0
-1487410200,"1922-11-13 14:30:00",95.37,95.37,93.61,95.09,0
-1486805400,"1922-11-20 14:30:00",95.82,95.82,94.08,94.1,0
-1486200600,"1922-11-27 14:30:00",92.03,95.73,92.03,95.73,0
-1485595800,"1922-12-04 14:30:00",95.1,97.88,95.03,97.88,0
-1484991000,"1922-12-11 14:30:00",97.85,98.28,97.75,98.03,0
-1484386200,"1922-12-18 14:30:00",97.64,98.62,97.52,98.62,0
-1483781400,"1922-12-25 14:30:00",99.04,99.22,98.14,98.17,0
-1483176600,"1923-01-01 14:30:00",98.77,99.42,98.57,98.88,0
-1482571800,"1923-01-08 14:30:00",98.06,98.63,97.23,98.63,0
-1481967000,"1923-01-15 14:30:00",98.04,98.09,96.96,97.85,0
-1481362200,"1923-01-22 14:30:00",97.25,98.15,97.16,98.15,0
-1480757400,"1923-01-29 14:30:00",98.26,98.7,97.43,98.7,0
-1480152600,"1923-02-05 14:30:00",100.03,101.05,100.03,100.82,0
-1479547800,"1923-02-12 14:30:00",102.16,103.23,101.85,103.23,0
-1478943000,"1923-02-19 14:30:00",102.96,103.59,102.96,103.27,0
-1478338200,"1923-02-26 14:30:00",102.4,104.65,102.4,104.65,0
-1477733400,"1923-03-05 14:30:00",104.77,105.23,104.48,104.48,0
-1477128600,"1923-03-12 14:30:00",104.22,105.28,103.93,103.93,0
-1476523800,"1923-03-19 14:30:00",105.36,105.38,103.98,103.98,0
-1475919000,"1923-03-26 14:30:00",102.36,103.45,102.36,102.77,0
-1475314200,"1923-04-02 14:30:00",101.51,102.7,101.4,102.7,0
-1474709400,"1923-04-09 14:30:00",102.11,102.11,101.08,101.81,0
-1474104600,"1923-04-16 14:30:00",101.76,102.58,101.38,101.38,0
-1473499800,"1923-04-23 14:30:00",100.73,101.37,100.73,101.16,0
-1472898600,"1923-04-30 13:30:00",98.38,98.38,96.3,96.6,0
-1472293800,"1923-05-07 13:30:00",95.41,98.19,95.41,96.45,0
-1471689000,"1923-05-14 13:30:00",96.91,96.91,95.07,95.07,0
-1471084200,"1923-05-21 13:30:00",92.77,96.65,92.77,96.65,0
-1470479400,"1923-05-28 13:30:00",97.25,97.66,95.36,95.36,0
-1469874600,"1923-06-04 13:30:00",96.14,97.24,96.14,96.66,0
-1469269800,"1923-06-11 13:30:00",97.22,97.22,94.86,94.86,0
-1468665000,"1923-06-18 13:30:00",92.64,93.55,90.81,93.55,0
-1468060200,"1923-06-25 13:30:00",91.48,91.48,88.4,88.4,0
-1467455400,"1923-07-02 13:30:00",88.95,88.95,87.87,88.65,0
-1466850600,"1923-07-09 13:30:00",89.26,89.26,87.64,89.07,0
-1466245800,"1923-07-16 13:30:00",89.22,91.72,89.22,91.72,0
-1465641000,"1923-07-23 13:30:00",91.58,91.58,88.37,88.37,0
-1465036200,"1923-07-30 13:30:00",88.11,88.2,86.91,88.2,0
-1464431400,"1923-08-06 13:30:00",88.51,89.55,88.51,88.67,0
-1463826600,"1923-08-13 13:30:00",88.95,91.64,88.95,91.64,0
-1463221800,"1923-08-20 13:30:00",91.71,92.18,91.71,91.92,0
-1462617000,"1923-08-27 13:30:00",92.48,93.7,92.48,93.46,0
-1462012200,"1923-09-03 13:30:00",92.25,93,92.25,92.84,0
-1461407400,"1923-09-10 13:30:00",93.31,93.61,89.63,89.63,0
-1460802600,"1923-09-17 13:30:00",89.41,89.41,88.07,88.07,0
-1460197800,"1923-09-24 13:30:00",89.21,89.21,87.94,87.97,0
-1459589400,"1923-10-01 14:30:00",88.06,90.45,88.06,89.41,0
-1458984600,"1923-10-08 14:30:00",88.56,88.56,87.16,87.16,0
-1458379800,"1923-10-15 14:30:00",88.06,88.06,86.91,87.51,0
-1457775000,"1923-10-22 14:30:00",87.48,87.48,86.01,86.01,0
-1457170200,"1923-10-29 14:30:00",86.2,88.91,85.91,88.91,0
-1456565400,"1923-11-05 14:30:00",89.36,91.14,89.36,91.14,0
-1455960600,"1923-11-12 14:30:00",91.08,91.08,90.33,90.33,0
-1455355800,"1923-11-19 14:30:00",91.35,92.17,91.26,92.13,0
-1454751000,"1923-11-26 14:30:00",92.88,92.88,92.34,92.34,0
-1454146200,"1923-12-03 14:30:00",92.64,93.8,92.64,93.8,0
-1453541400,"1923-12-10 14:30:00",93.86,94.93,93.65,94.93,0
-1452936600,"1923-12-17 14:30:00",95.26,95.26,93.51,93.51,0
-1452331800,"1923-12-24 14:30:00",94.42,95.61,94.42,95.12,0
-1451727000,"1923-12-31 14:30:00",95.52,95.65,94.88,95.4,0
-1451122200,"1924-01-07 14:30:00",96.54,97.46,96.54,97.46,0
-1450517400,"1924-01-14 14:30:00",95.68,96.65,95.68,96.28,0
-1449912600,"1924-01-21 14:30:00",97.28,99.81,97.23,99.81,0
-1449307800,"1924-01-28 14:30:00",99.35,100.7,99.16,100.7,0
-1448703000,"1924-02-04 14:30:00",101.08,101.31,100.2,100.2,0
-1448098200,"1924-02-11 14:30:00",100.91,100.91,96.63,96.63,0
-1447493400,"1924-02-18 14:30:00",96.33,97.4,96.33,97.4,0
-1446888600,"1924-02-25 14:30:00",97.16,97.69,96.45,97.22,0
-1446283800,"1924-03-03 14:30:00",97.1,98.61,97.1,98.61,0
-1445679000,"1924-03-10 14:30:00",97.21,98.86,97.21,98.86,0
-1445074200,"1924-03-17 14:30:00",96.6,96.89,95.87,95.87,0
-1444469400,"1924-03-24 14:30:00",95.58,95.58,92.54,92.54,0
-1443864600,"1924-03-31 14:30:00",93.01,94.69,93.01,94.69,0
-1443259800,"1924-04-07 14:30:00",93.03,93.03,90.86,91.71,0
-1442655000,"1924-04-14 14:30:00",89.91,91.34,89.91,91.34,0
-1442050200,"1924-04-21 14:30:00",89.18,91.51,89.18,91.51,0
-1441449000,"1924-04-28 13:30:00",90.99,92.12,90.63,91.68,0
-1440844200,"1924-05-05 13:30:00",92.23,92.47,91.4,91.4,0
-1440239400,"1924-05-12 13:30:00",89.48,89.78,88.77,89.78,0
-1439634600,"1924-05-19 13:30:00",89.81,90.1,88.33,90.04,0
-1439029800,"1924-05-26 13:30:00",90.6,90.6,89.9,89.9,0
-1438425000,"1924-06-02 13:30:00",90.15,91.23,89.18,89.18,0
-1437820200,"1924-06-09 13:30:00",90.15,92.68,90.15,92.68,0
-1437215400,"1924-06-16 13:30:00",93.8,93.8,93.48,93.48,0
-1436610600,"1924-06-23 13:30:00",92.65,95.33,92.65,95.33,0
-1436005800,"1924-06-30 13:30:00",96.37,96.48,96.37,96.48,0
-1435401000,"1924-07-07 13:30:00",96.91,97.56,96.65,97.38,0
-1434796200,"1924-07-14 13:30:00",97.5,97.5,96.85,97.4,0
-1434191400,"1924-07-21 13:30:00",99.02,99.6,99.02,99.6,0
-1433586600,"1924-07-28 13:30:00",101.09,102.14,100.87,102.12,0
-1432981800,"1924-08-04 13:30:00",103.28,103.28,101.79,101.79,0
-1432377000,"1924-08-11 13:30:00",102.2,104.01,101.51,104.01,0
-1431772200,"1924-08-18 13:30:00",104.99,105.57,103.89,103.89,0
-1431167400,"1924-08-25 13:30:00",103.53,104.14,102.67,104.14,0
-1430562600,"1924-09-01 13:30:00",104.95,104.95,101.07,101.07,0
-1429957800,"1924-09-08 13:30:00",101.26,101.98,101.13,101.91,0
-1429353000,"1924-09-15 13:30:00",101.38,103.63,101.38,103.63,0
-1428748200,"1924-09-22 13:30:00",103.25,104.68,103.25,103.98,0
-1428139800,"1924-09-29 14:30:00",102.96,104.08,102.64,102.64,0
-1427535000,"1924-10-06 14:30:00",102.58,102.6,101.38,101.38,0
-1426930200,"1924-10-13 14:30:00",99.18,100.86,99.18,100.86,0
-1426325400,"1924-10-20 14:30:00",101.14,102.53,101.14,102.53,0
-1425720600,"1924-10-27 14:30:00",101.73,104.06,101.73,104.06,0
-1425115800,"1924-11-03 14:30:00",103.89,105.11,103.89,104.86,0
-1424511000,"1924-11-10 14:30:00",105.91,108.96,105.91,108.96,0
-1423906200,"1924-11-17 14:30:00",109.51,110.73,109.51,109.63,0
-1423301400,"1924-11-24 14:30:00",109.81,111.1,109.81,111.1,0
-1422696600,"1924-12-01 14:30:00",110.44,111.56,110.44,111.26,0
-1422091800,"1924-12-08 14:30:00",111.3,112.11,110.84,111.96,0
-1421487000,"1924-12-15 14:30:00",113.4,116.13,113.4,116.13,0
-1420882200,"1924-12-22 14:30:00",116.84,118.59,115.78,118.59,0
-1420277400,"1924-12-29 14:30:00",118.63,121.25,118.02,121.25,0
-1419672600,"1925-01-05 14:30:00",119.46,122.32,119.46,122.32,0
-1419067800,"1925-01-12 14:30:00",123.21,123.56,121.38,121.71,0
-1418463000,"1925-01-19 14:30:00",122.35,123.6,121.74,123.09,0
-1417858200,"1925-01-26 14:30:00",121.9,123.49,121.53,123.49,0
-1417253400,"1925-02-02 14:30:00",120.46,121.48,120.08,121.48,0
-1416648600,"1925-02-09 14:30:00",122.37,122.37,121.23,121.73,0
-1416043800,"1925-02-16 14:30:00",117.96,121.64,117.96,121.64,0
-1415439000,"1925-02-23 14:30:00",121.48,122.86,121.48,122.24,0
-1414834200,"1925-03-02 14:30:00",123.93,125.68,123.26,125.68,0
-1414229400,"1925-03-09 14:30:00",124.33,124.6,122.62,123.25,0
-1413624600,"1925-03-16 14:30:00",120.76,120.91,118.25,120.91,0
-1413019800,"1925-03-23 14:30:00",116.82,118.71,116.78,117.48,0
-1412415000,"1925-03-30 14:30:00",115,118.07,115,117.4,0
-1411810200,"1925-04-06 14:30:00",119.43,119.43,118.78,119.06,0
-1411205400,"1925-04-13 14:30:00",120.18,121.54,120.18,121.41,0
-1410600600,"1925-04-20 14:30:00",121.23,121.23,119.53,119.74,0
-1409999400,"1925-04-27 13:30:00",119.46,121.1,119.46,121.1,0
-1409394600,"1925-05-04 13:30:00",122.86,125.16,122.86,124.74,0
-1408789800,"1925-05-11 13:30:00",124.14,126,124.14,126,0
-1408185000,"1925-05-18 13:30:00",127.09,128.95,127.09,128.95,0
-1407580200,"1925-05-25 13:30:00",127.78,129.95,127.78,129.95,0
-1406975400,"1925-06-01 13:30:00",129.69,130.42,128.89,128.98,0
-1406370600,"1925-06-08 13:30:00",127.12,128.38,126.75,128.38,0
-1405765800,"1925-06-15 13:30:00",128.43,129.8,128.43,129.26,0
-1405161000,"1925-06-22 13:30:00",128.25,129.17,127.17,129.17,0
-1404556200,"1925-06-29 13:30:00",129.23,131.76,129.23,131.52,0
-1403951400,"1925-07-06 13:30:00",132.31,133.07,131.33,131.33,0
-1403346600,"1925-07-13 13:30:00",131.71,134,131.71,134,0
-1402741800,"1925-07-20 13:30:00",135,135.58,133.87,135.58,0
-1402137000,"1925-07-27 13:30:00",136.5,136.5,133.81,133.81,0
-1401532200,"1925-08-03 13:30:00",135.81,137.4,135.71,137.4,0
-1400927400,"1925-08-10 13:30:00",137.41,139.51,137.41,139.51,0
-1400322600,"1925-08-17 13:30:00",141.56,142.63,141.56,142.63,0
-1399717800,"1925-08-24 13:30:00",142.76,143.18,141.13,141.13,0
-1399113000,"1925-08-31 13:30:00",141.18,141.18,137.22,140.88,0
-1398508200,"1925-09-07 13:30:00",140.86,145.38,140.86,145.38,0
-1397903400,"1925-09-14 13:30:00",146.63,147.16,143.89,147.16,0
-1397298600,"1925-09-21 13:30:00",146.11,146.11,143.98,145.56,0
-1396690200,"1925-09-28 14:30:00",144.15,146.13,143.46,146.13,0
-1396085400,"1925-10-05 14:30:00",146.81,147.2,145.11,147.2,0
-1395480600,"1925-10-12 14:30:00",147.4,149.56,147.4,149.56,0
-1394875800,"1925-10-19 14:30:00",148.53,153.29,148.53,153.29,0
-1394271000,"1925-10-26 14:30:00",153.6,155.65,152.92,155.65,0
-1393666200,"1925-11-02 14:30:00",157.88,159.39,157.67,159.39,0
-1393061400,"1925-11-09 14:30:00",157.43,157.76,151.6,157.76,0
-1392456600,"1925-11-16 14:30:00",153.11,153.48,150.35,152.45,0
-1391851800,"1925-11-23 14:30:00",148.6,152.7,148.18,152.7,0
-1391247000,"1925-11-30 14:30:00",151.08,154.6,151.08,154.6,0
-1390642200,"1925-12-07 14:30:00",154.21,154.21,152.57,154.21,0
-1390037400,"1925-12-14 14:30:00",154.7,154.7,152.67,152.67,0
-1389432600,"1925-12-21 14:30:00",152.35,157.01,152.35,157.01,0
-1388827800,"1925-12-28 14:30:00",156.87,156.87,155.81,156.66,0
-1388223000,"1926-01-04 14:30:00",158.75,158.93,157.6,158.76,0
-1387618200,"1926-01-11 14:30:00",157.58,158.31,155.1,155.1,0
-1387013400,"1926-01-18 14:30:00",155.98,155.98,153.2,154.26,0
-1386408600,"1926-01-25 14:30:00",155.28,157.35,154.63,157.35,0
-1385803800,"1926-02-01 14:30:00",156.83,160.53,156.83,159.98,0
-1385199000,"1926-02-08 14:30:00",159.1,162.31,159.1,162.31,0
-1384594200,"1926-02-15 14:30:00",158.3,161.09,158.3,160.92,0
-1383989400,"1926-02-22 14:30:00",158.83,158.83,154.68,154.68,0
-1383384600,"1926-03-01 14:30:00",150.9,150.9,144.44,150.4,0
-1382779800,"1926-03-08 14:30:00",150.1,153.13,150.1,153.03,0
-1382175000,"1926-03-15 14:30:00",150.65,150.65,145.11,145.11,0
-1381570200,"1926-03-22 14:30:00",146.32,146.32,140.31,141.76,0
-1380965400,"1926-03-29 14:30:00",135.49,140.46,135.2,140.35,0
-1380360600,"1926-04-05 14:30:00",141.08,142.43,140.67,140.95,0
-1379755800,"1926-04-12 14:30:00",136.53,138.9,136.27,136.27,0
-1379151000,"1926-04-19 14:30:00",136.91,142.55,136.91,142.55,0
-1378549800,"1926-04-26 13:30:00",142.93,144.55,142.93,143.71,0
-1377945000,"1926-05-03 13:30:00",140.53,142.13,140.1,140.1,0
-1377340200,"1926-05-10 13:30:00",138.87,139.78,138.84,138.84,0
-1376735400,"1926-05-17 13:30:00",137.97,140.27,137.16,140.27,0
-1376130600,"1926-05-24 13:30:00",141.16,143.43,141.16,143.43,0
-1375525800,"1926-05-31 13:30:00",142.3,145.28,142.3,145.28,0
-1374921000,"1926-06-07 13:30:00",145.56,147.21,145.4,147.21,0
-1374316200,"1926-06-14 13:30:00",150.13,153.44,149.37,151.92,0
-1373711400,"1926-06-21 13:30:00",154.03,154.03,150.8,150.8,0
-1373106600,"1926-06-28 13:30:00",151.08,154.15,151.08,154.15,0
-1372501800,"1926-07-05 13:30:00",154.37,155.66,153.74,153.74,0
-1371897000,"1926-07-12 13:30:00",155.58,157.81,155.58,157.81,0
-1371292200,"1926-07-19 13:30:00",158.94,158.94,155.43,155.43,0
-1370687400,"1926-07-26 13:30:00",155.71,160.58,155.71,160.18,0
-1370082600,"1926-08-02 13:30:00",161.84,164.16,161.84,164.16,0
-1369477800,"1926-08-09 13:30:00",166.14,166.14,161.68,164.85,0
-1368873000,"1926-08-16 13:30:00",166.1,166.1,162.06,162.06,0
-1368268200,"1926-08-23 13:30:00",163.41,163.41,160.41,161.36,0
-1367663400,"1926-08-30 13:30:00",161.83,163.93,161.83,163.75,0
-1367058600,"1926-09-06 13:30:00",166.1,166.1,163.35,163.35,0
-1366453800,"1926-09-13 13:30:00",158.97,160.57,156.74,156.74,0
-1365849000,"1926-09-20 13:30:00",156.26,158.65,156.26,158.65,0
-1365240600,"1926-09-27 14:30:00",158.42,159.69,157.71,159.69,0
-1364635800,"1926-10-04 14:30:00",156.78,156.78,152.5,153.39,0
-1364031000,"1926-10-11 14:30:00",149.35,152.1,147.95,147.95,0
-1363426200,"1926-10-18 14:30:00",148.2,149.38,145.66,148.51,0
-1362821400,"1926-10-25 14:30:00",148.78,151.87,148.78,150.76,0
-1362216600,"1926-11-01 14:30:00",150.51,152.88,150.51,152.88,0
-1361611800,"1926-11-08 14:30:00",154.78,155,153.41,155,0
-1361007000,"1926-11-15 14:30:00",155,156.53,152.86,152.86,0
-1360402200,"1926-11-22 14:30:00",155.01,157.37,155.01,157.37,0
-1359797400,"1926-11-29 14:30:00",155.93,158.5,155.93,158.5,0
-1359192600,"1926-12-06 14:30:00",159.3,159.61,158.35,159.61,0
-1358587800,"1926-12-13 14:30:00",160.01,160.66,159.32,160.66,0
-1357983000,"1926-12-20 14:30:00",160.75,160.75,160.22,160.46,0
-1357378200,"1926-12-27 14:30:00",159.32,159.32,156.65,157.2,0
-1356773400,"1927-01-03 14:30:00",155.16,155.54,155.16,155.53,0
-1356168600,"1927-01-10 14:30:00",156.56,156.56,154.91,154.91,0
-1355563800,"1927-01-17 14:30:00",153.91,155.53,153.91,155.51,0
-1354959000,"1927-01-24 14:30:00",154.43,154.43,152.73,153.86,0
-1354354200,"1927-01-31 14:30:00",156.41,156.41,154.51,154.51,0
-1353749400,"1927-02-07 14:30:00",154.31,156.05,154.31,156.05,0
-1353144600,"1927-02-14 14:30:00",157.56,158.56,157.41,158.56,0
-1352539800,"1927-02-21 14:30:00",158.8,160.68,158.8,160.68,0
-1351935000,"1927-02-28 14:30:00",161.96,161.96,159.07,159.68,0
-1351330200,"1927-03-07 14:30:00",158.62,160.87,158.62,160.18,0
-1350725400,"1927-03-14 14:30:00",161.43,161.78,160.03,160.68,0
-1350120600,"1927-03-21 14:30:00",160.81,160.81,158.41,160.21,0
-1349515800,"1927-03-28 14:30:00",161.01,161.01,159.66,160.71,0
-1348911000,"1927-04-04 14:30:00",161.7,162.69,161.7,162.52,0
-1348306200,"1927-04-11 14:30:00",163.61,164.78,163.38,164.78,0
-1347701400,"1927-04-18 14:30:00",165.48,167.36,165.48,167.36,0
-1347100200,"1927-04-25 13:30:00",163.73,165.23,163.53,164.64,0
-1346495400,"1927-05-02 13:30:00",164.55,168.05,164.55,167.85,0
-1345890600,"1927-05-09 13:30:00",168.15,168.25,167.06,168.15,0
-1345285800,"1927-05-16 13:30:00",166.68,171.75,166.68,171.75,0
-1344681000,"1927-05-23 13:30:00",171.67,172.15,171.06,172.15,0
-1344076200,"1927-05-30 13:30:00",172.96,172.96,169.65,169.65,0
-1343471400,"1927-06-06 13:30:00",171.13,171.13,170.18,170.21,0
-1342866600,"1927-06-13 13:30:00",167.63,170.26,167.63,170.15,0
-1342261800,"1927-06-20 13:30:00",169.5,169.87,167.82,168.04,0
-1341657000,"1927-06-27 13:30:00",165.73,168.06,165.73,168.06,0
-1341052200,"1927-07-04 13:30:00",170.95,172.27,170.95,171.5,0
-1340447400,"1927-07-11 13:30:00",172.65,174.87,172.65,174.87,0
-1339842600,"1927-07-18 13:30:00",175.4,177.83,175.4,177.83,0
-1339237800,"1927-07-25 13:30:00",179.28,181.4,179.28,181.4,0
-1338633000,"1927-08-01 13:30:00",184.21,185.55,182.87,182.87,0
-1338028200,"1927-08-08 13:30:00",180.27,182.2,177.13,177.13,0
-1337423400,"1927-08-15 13:30:00",181.93,185.1,181.93,185.1,0
-1336818600,"1927-08-22 13:30:00",187.32,188.81,187.32,188.81,0
-1336213800,"1927-08-29 13:30:00",190,192.83,189.79,192.83,0
-1335609000,"1927-09-05 13:30:00",196.91,197.75,194.6,194.6,0
-1335004200,"1927-09-12 13:30:00",194,198.97,194,198.85,0
-1334399400,"1927-09-19 13:30:00",196.38,196.97,194.65,195.42,0
-1333791000,"1927-09-26 14:30:00",194.64,197.59,194.11,197.59,0
-1333186200,"1927-10-03 14:30:00",199.78,199.78,197.5,197.5,0
-1332581400,"1927-10-10 14:30:00",189.03,190.45,189.03,190.02,0
-1331976600,"1927-10-17 14:30:00",186.81,187.32,181.43,181.43,0
-1331371800,"1927-10-24 14:30:00",181.43,185.31,181.43,181.68,0
-1330767000,"1927-10-31 14:30:00",181.73,187.49,181.65,187.49,0
-1330162200,"1927-11-07 14:30:00",190.57,193.34,189.31,193.34,0
-1329557400,"1927-11-14 14:30:00",195.91,196.68,194.53,196.68,0
-1328952600,"1927-11-21 14:30:00",194.9,197.1,194.9,196.88,0
-1328347800,"1927-11-28 14:30:00",194.8,198.21,194.8,196.75,0
-1327743000,"1927-12-05 14:30:00",196.96,196.96,193.58,196.19,0
-1327138200,"1927-12-12 14:30:00",197.35,198.93,196.74,198.93,0
-1326533400,"1927-12-19 14:30:00",200.93,200.93,200.62,200.81,0
-1325928600,"1927-12-26 14:30:00",200.32,200.7,198.6,200.7,0
-1325323800,"1928-01-02 14:30:00",203.35,203.35,199.61,201.45,0
-1324719000,"1928-01-09 14:30:00",199.63,199.63,197.43,199.51,0
-1324114200,"1928-01-16 14:30:00",195.41,198.06,194.5,198.06,0
-1323509400,"1928-01-23 14:30:00",199.72,201.01,198.58,200.31,0
-1322904600,"1928-01-30 14:30:00",197.57,199.2,196.3,196.3,0
-1322299800,"1928-02-06 14:30:00",196.63,199.35,196.63,199.02,0
-1321695000,"1928-02-13 14:30:00",197.93,197.93,192.48,192.48,0
-1321090200,"1928-02-20 14:30:00",191.33,193.15,191.33,193.15,0
-1320485400,"1928-02-27 14:30:00",192.12,194.81,192.12,194.53,0
-1319880600,"1928-03-05 14:30:00",197.8,201.32,197.48,201.32,0
-1319275800,"1928-03-12 14:30:00",203.33,204.7,201.04,204.7,0
-1318671000,"1928-03-19 14:30:00",203.66,208.56,203.66,208.56,0
-1318066200,"1928-03-26 14:30:00",210.36,214.45,210.03,214.45,0
-1317461400,"1928-04-02 14:30:00",209.33,212.12,209.33,212.12,0
-1316856600,"1928-04-09 14:30:00",211.53,216.93,209.23,216.93,0
-1316251800,"1928-04-16 14:30:00",215.79,215.79,210.9,210.9,0
-1315647000,"1928-04-23 14:30:00",207.94,212.25,207.94,212.25,0
-1315045800,"1928-04-30 13:30:00",211.63,217.66,211.63,217.66,0
-1314441000,"1928-05-07 13:30:00",219.51,220.74,218.43,220.74,0
-1313836200,"1928-05-14 13:30:00",220.88,220.88,216.65,217.64,0
-1313231400,"1928-05-21 13:30:00",214.33,217.74,211.73,217.74,0
-1312626600,"1928-05-28 13:30:00",214.05,220.27,214.05,220.27,0
-1312021800,"1928-06-04 13:30:00",216.62,217.8,211.51,211.51,0
-1311417000,"1928-06-11 13:30:00",205.74,210.76,202.65,205.96,0
-1310812200,"1928-06-18 13:30:00",201.96,204.49,201.96,204.25,0
-1310207400,"1928-06-25 13:30:00",203.95,210.37,203.95,210.37,0
-1309602600,"1928-07-02 13:30:00",208.21,214.43,208.21,212.49,0
-1308997800,"1928-07-09 13:30:00",213.86,213.86,206.43,207.83,0
-1308393000,"1928-07-16 13:30:00",205.1,209.95,205.1,209.95,0
-1307788200,"1928-07-23 13:30:00",210.84,215.66,210.84,215.66,0
-1307183400,"1928-07-30 13:30:00",216.62,216.78,214.9,216.15,0
-1306578600,"1928-08-06 13:30:00",218.04,218.06,214.91,214.91,0
-1305973800,"1928-08-13 13:30:00",215.53,222.41,214.08,222.41,0
-1305369000,"1928-08-20 13:30:00",225.77,233.68,225.77,233.68,0
-1304764200,"1928-08-27 13:30:00",234.83,240.41,234.83,240.41,0
-1304159400,"1928-09-03 13:30:00",240.25,241.72,239.06,241.72,0
-1303554600,"1928-09-10 13:30:00",238.82,241.48,238.82,239.62,0
-1302949800,"1928-09-17 13:30:00",241.25,241.25,239.08,239.37,0
-1302345000,"1928-09-24 13:30:00",240.13,240.41,236.86,237.38,0
-1301736600,"1928-10-01 14:30:00",240.01,243.08,233.6,240.44,0
-1301131800,"1928-10-08 14:30:00",239.55,250.14,236.79,247.69,0
-1300527000,"1928-10-15 14:30:00",249.85,259.19,247.33,256.59,0
-1299922200,"1928-10-22 14:30:00",253.6,260.39,249.09,251.44,0
-1299317400,"1928-10-29 14:30:00",257.13,259.76,251.56,254.38,0
-1298712600,"1928-11-05 14:30:00",257.58,266.24,253.89,263.05,0
-1298107800,"1928-11-12 14:30:00",269.97,278.65,264.42,276.66,0
-1297503000,"1928-11-19 14:30:00",278.78,295.17,272.98,288.22,0
-1296898200,"1928-11-26 14:30:00",291.16,299.35,288.14,293.38,0
-1296293400,"1928-12-03 14:30:00",289.23,295.61,269.58,271.05,0
-1295688600,"1928-12-10 14:30:00",263.95,275.45,254.36,272.26,0
-1295083800,"1928-12-17 14:30:00",270.23,288.39,266.21,286.53,0
-1294479000,"1928-12-24 14:30:00",285.94,297.79,281.55,296.52,0
-1293874200,"1928-12-31 14:30:00",300,311.46,291.99,304.75,0
-1293269400,"1929-01-07 14:30:00",297.7,305.85,292.89,301.66,0
-1292664600,"1929-01-14 14:30:00",304.06,308.05,295.78,304.14,0
-1292059800,"1929-01-21 14:30:00",304.64,319.36,302.36,315.13,0
-1291455000,"1929-01-28 14:30:00",314.04,324.16,308.47,319.68,0
-1290850200,"1929-02-04 14:30:00",319.05,324.51,298.03,301.53,0
-1290245400,"1929-02-11 14:30:00",310.35,316.06,299.38,300.41,0
-1289640600,"1929-02-18 14:30:00",300.74,311.31,293.4,310.06,0
-1289035800,"1929-02-25 14:30:00",311.24,324.4,307.04,321.18,0
-1288431000,"1929-03-04 14:30:00",319.12,321.66,302.93,311.59,0
-1287826200,"1929-03-11 14:30:00",305.75,322.75,305.2,319.7,0
-1287221400,"1929-03-18 14:30:00",317.59,321.7,307.5,310.26,0
-1286616600,"1929-03-25 14:30:00",297.5,311.55,281.51,308.85,0
-1286011800,"1929-04-01 14:30:00",300.4,307.97,294.11,303.04,0
-1285407000,"1929-04-08 14:30:00",301.49,309.79,295.71,305.43,0
-1284802200,"1929-04-15 14:30:00",302.43,315.22,299.3,310.58,0
-1284197400,"1929-04-22 14:30:00",315.33,320.1,311,314.15,0
-1283596200,"1929-04-29 13:30:00",313.84,329.11,309.62,325.56,0
-1282991400,"1929-05-06 13:30:00",326.16,331.01,317.09,325.7,0
-1282386600,"1929-05-13 13:30:00",316.49,325.64,313.56,321.38,0
-1281781800,"1929-05-20 13:30:00",312.7,322.65,300.42,305.64,0
-1281177000,"1929-05-27 13:30:00",293.42,304.19,290.02,297.41,0
-1280572200,"1929-06-03 13:30:00",304.2,312,298.53,307.46,0
-1279967400,"1929-06-10 13:30:00",303.27,317.39,301.22,313.68,0
-1279362600,"1929-06-17 13:30:00",319.33,323.46,313.58,320.68,0
-1278757800,"1929-06-24 13:30:00",321.15,335.25,319.27,331.65,0
-1278153000,"1929-07-01 13:30:00",335.22,348.67,332.23,344.27,0
-1277548200,"1929-07-08 13:30:00",346.55,350.26,340.12,346.37,0
-1276943400,"1929-07-15 13:30:00",341.93,349.79,339.98,345.2,0
-1276338600,"1929-07-22 13:30:00",341.37,349.45,339.32,345.47,0
-1275733800,"1929-07-29 13:30:00",339.21,358.31,336.36,353.08,0
-1275129000,"1929-08-05 13:30:00",352.5,358.66,336.13,337.99,0
-1274524200,"1929-08-12 13:30:00",351.13,364.39,345.71,361.49,0
-1273919400,"1929-08-19 13:30:00",365.2,378.66,355.68,374.61,0
-1273314600,"1929-08-26 13:30:00",374.46,383.96,370.34,380.33,0
-1272709800,"1929-09-02 13:30:00",381.17,386.1,367.35,376.29,0
-1272105000,"1929-09-09 13:30:00",374.93,380.57,359.7,366.85,0
-1271500200,"1929-09-16 13:30:00",372.39,375.2,360.44,362.05,0
-1270895400,"1929-09-23 13:30:00",359,365.03,343.26,344.87,0
-1270287000,"1929-09-30 14:30:00",343.45,350.19,320.45,325.17,0
-1269682200,"1929-10-07 14:30:00",345.72,358.77,338.86,352.69,0
-1269077400,"1929-10-14 14:30:00",350.97,358.2,332.11,333.29,0
-1268472600,"1929-10-21 14:30:00",320.91,333.01,272.32,301.22,0
-1267867800,"1929-10-28 14:30:00",260.64,295.18,212.33,273.51,0
-1267263000,"1929-11-04 14:30:00",257.68,269.75,217.84,236.53,0
-1266658200,"1929-11-11 14:30:00",220.39,235.13,195.35,228.73,0
-1266053400,"1929-11-18 14:30:00",227.56,250.75,222.93,245.74,0
-1265448600,"1929-11-25 14:30:00",243.44,246.06,233.59,238.95,0
-1264843800,"1929-12-02 14:30:00",241.7,261.52,236.13,260.12,0
-1264239000,"1929-12-09 14:30:00",259.18,267.56,239.58,249.6,0
-1263634200,"1929-12-16 14:30:00",245.88,253.17,227.2,230.89,0
-1263029400,"1929-12-23 14:30:00",232.65,246.35,226.39,240.66,0
-1262424600,"1929-12-30 14:30:00",238.43,252.29,236.52,247.19,0
-1261819800,"1930-01-06 14:30:00",248.1,252.91,243.8,250.03,0
-1261215000,"1930-01-13 14:30:00",249.62,253.49,244.5,246.33,0
-1260610200,"1930-01-20 14:30:00",247.31,258.98,244.86,256.31,0
-1260005400,"1930-01-27 14:30:00",260.93,268.71,256.7,267.14,0
-1259400600,"1930-02-03 14:30:00",266.54,274.01,264.41,267.82,0
-1258795800,"1930-02-10 14:30:00",268.56,275,266.37,271.52,0
-1258191000,"1930-02-17 14:30:00",270.54,274.41,262.01,265.81,0
-1257586200,"1930-02-24 14:30:00",262.47,272.55,259.78,271.11,0
-1256981400,"1930-03-03 14:30:00",271.11,278.48,269.01,275.57,0
-1256376600,"1930-03-10 14:30:00",276.85,279.4,269.6,271.34,0
-1255771800,"1930-03-17 14:30:00",274.26,284.08,268.94,280.55,0
-1255167000,"1930-03-24 14:30:00",279.11,289.1,275.03,283.85,0
-1254562200,"1930-03-31 14:30:00",286.1,291.44,282.29,288.35,0
-1253957400,"1930-04-07 14:30:00",290.19,296.35,285.96,292.65,0
-1253352600,"1930-04-14 14:30:00",293.18,297.25,289.34,294.07,0
-1252747800,"1930-04-21 14:30:00",288.23,295.88,283.68,285.76,0
-1252146600,"1930-04-28 13:30:00",276.94,286.12,264.93,266.5,0
-1251541800,"1930-05-05 13:30:00",259.68,272.15,249.82,267.29,0
-1250937000,"1930-05-12 13:30:00",270.16,277.22,268.45,271.52,0
-1250332200,"1930-05-19 13:30:00",265.87,272.36,260.76,270.01,0
-1249727400,"1930-05-26 13:30:00",272.14,276.66,270.54,275.07,0
-1249122600,"1930-06-02 13:30:00",274.45,276.86,263.29,263.93,0
-1248517800,"1930-06-09 13:30:00",250.78,259.6,241,249.69,0
-1247913000,"1930-06-16 13:30:00",230.05,242.18,212.27,221.92,0
-1247308200,"1930-06-23 13:30:00",219.58,222.89,207.74,218.78,0
-1246703400,"1930-06-30 13:30:00",226.34,229.53,219.06,222.46,0
-1246098600,"1930-07-07 13:30:00",218.33,228.65,214.64,224.86,0
-1245493800,"1930-07-14 13:30:00",234.21,242.01,229.02,240.57,0
-1244889000,"1930-07-21 13:30:00",229.29,241.76,228.72,237.48,0
-1244284200,"1930-07-28 13:30:00",240.81,243.65,229.09,233.57,0
-1243679400,"1930-08-04 13:30:00",238.16,240.95,222.24,222.82,0
-1243074600,"1930-08-11 13:30:00",224.13,229.44,214.49,228.55,0
-1242469800,"1930-08-18 13:30:00",227.79,235.26,224.42,232.63,0
-1241865000,"1930-08-25 13:30:00",231.52,241.35,230.68,240.42,0
-1241260200,"1930-09-01 13:30:00",240.42,242.77,234.35,240.37,0
-1240655400,"1930-09-08 13:30:00",242.84,247.21,239.49,241.17,0
-1240050600,"1930-09-15 13:30:00",236.62,239.96,226.39,229.02,0
-1239445800,"1930-09-22 13:30:00",222.78,229.29,211.31,213.27,0
-1238837400,"1930-09-29 14:30:00",208.14,216.96,201.95,214.18,0
-1238232600,"1930-10-06 14:30:00",202.76,209.01,186.7,198.5,0
-1237627800,"1930-10-13 14:30:00",196.7,201.64,186.74,187.37,0
-1237023000,"1930-10-20 14:30:00",193.32,195.79,181.53,195.09,0
-1236418200,"1930-10-27 14:30:00",195.09,198.59,181.64,183.35,0
-1235813400,"1930-11-03 14:30:00",185.39,187.23,172.85,174.38,0
-1235208600,"1930-11-10 14:30:00",171.6,184.64,168.32,184.03,0
-1234603800,"1930-11-17 14:30:00",180.5,191.28,177.63,190.3,0
-1233999000,"1930-11-24 14:30:00",188.27,191.28,178.88,180.91,0
-1233394200,"1930-12-01 14:30:00",185.48,187.96,177.26,181.11,0
-1232789400,"1930-12-08 14:30:00",176.09,178.21,166.97,168.68,0
-1232184600,"1930-12-15 14:30:00",163.34,171.64,154.45,168.99,0
-1231579800,"1930-12-22 14:30:00",162.42,170.02,160.22,161.18,0
-1230975000,"1930-12-29 14:30:00",160.16,170.09,158.41,169.81,0
-1230370200,"1931-01-05 14:30:00",170.71,175.66,167.77,170.18,0
-1229765400,"1931-01-12 14:30:00",167.99,172.12,161.52,164.94,0
-1229160600,"1931-01-19 14:30:00",161.45,172.97,160.09,171.84,0
-1228555800,"1931-01-26 14:30:00",171.19,172.42,164.81,169.34,0
-1227951000,"1931-02-02 14:30:00",168.71,172.13,165.6,169.88,0
-1227346200,"1931-02-09 14:30:00",177.72,185.89,173.24,180.99,0
-1226741400,"1931-02-16 14:30:00",182.88,189.55,178.7,188.22,0
-1226136600,"1931-02-23 14:30:00",194.36,196.96,188.75,190.34,0
-1225531800,"1931-03-02 14:30:00",184.38,191.93,178.49,179.73,0
-1224927000,"1931-03-09 14:30:00",185.38,188.1,175.89,178.91,0
-1224322200,"1931-03-16 14:30:00",183.61,189.31,179.62,187.72,0
-1223717400,"1931-03-23 14:30:00",184.32,187.18,176.63,177.3,0
-1223112600,"1931-03-30 14:30:00",172.56,176.5,168.3,169.89,0
-1222507800,"1931-04-06 14:30:00",169.72,174.69,166.1,168.72,0
-1221903000,"1931-04-13 14:30:00",171.07,173.24,158.5,160.23,0
-1221298200,"1931-04-20 14:30:00",163.41,164.42,153.13,155.76,0
-1220697000,"1931-04-27 13:30:00",149.78,153.82,141.78,145.58,0
-1220092200,"1931-05-04 13:30:00",147.49,153.19,143.17,148.88,0
-1219487400,"1931-05-11 13:30:00",151.56,153.37,141.84,144.49,0
-1218882600,"1931-05-18 13:30:00",139.52,143.09,135.19,139.49,0
-1218277800,"1931-05-25 13:30:00",132.87,137.43,127.3,128.46,0
-1217673000,"1931-06-01 13:30:00",122.77,138.89,119.89,133.33,0
-1217068200,"1931-06-08 13:30:00",135.92,138.88,127.96,136.98,0
-1216463400,"1931-06-15 13:30:00",135.26,138.58,128.64,130.31,0
-1215858600,"1931-06-22 13:30:00",145.82,156.33,140.08,154.04,0
-1215253800,"1931-06-29 13:30:00",152.67,156.74,147.44,155.26,0
-1214649000,"1931-07-06 13:30:00",152.8,155.39,141.36,146.97,0
-1214044200,"1931-07-13 13:30:00",142.43,144.84,134.39,142.61,0
-1213439400,"1931-07-20 13:30:00",144.48,147.69,138.2,139.01,0
-1212834600,"1931-07-27 13:30:00",139.64,142.12,133.7,135.39,0
-1212229800,"1931-08-03 13:30:00",137.5,139.35,132.55,135.13,0
-1211625000,"1931-08-10 13:30:00",134.26,145.95,132.79,144.15,0
-1211020200,"1931-08-17 13:30:00",140.98,144.43,137.35,138.6,0
-1210415400,"1931-08-24 13:30:00",137.62,142.11,135.62,140.78,0
-1209810600,"1931-08-31 13:30:00",139.41,142.07,131.44,132.62,0
-1209205800,"1931-09-07 13:30:00",129.19,131.57,124.5,128.23,0
-1208601000,"1931-09-14 13:30:00",121.3,123.28,114.47,115.08,0
-1207996200,"1931-09-21 13:30:00",110.83,117.75,104.73,109.86,0
-1207387800,"1931-09-28 14:30:00",104.39,108.8,92.88,96.88,0
-1206783000,"1931-10-05 14:30:00",86.48,108.98,85.51,104.46,0
-1206178200,"1931-10-12 14:30:00",100.24,105.37,96.01,102.49,0
-1205573400,"1931-10-19 14:30:00",103.45,109.69,100.87,108.88,0
-1204968600,"1931-10-26 14:30:00",106.37,109.36,98.19,103.97,0
-1204363800,"1931-11-02 14:30:00",104.5,113.28,103.19,112.72,0
-1203759000,"1931-11-09 14:30:00",116.79,119.15,106.71,107.33,0
-1203154200,"1931-11-16 14:30:00",104.76,108.02,96.45,97.96,0
-1202549400,"1931-11-23 14:30:00",96.6,100.1,90.65,91.55,0
-1201944600,"1931-11-30 14:30:00",93.87,95.77,85.75,86.76,0
-1201339800,"1931-12-07 14:30:00",90.11,92.6,79.26,79.63,0
-1200735000,"1931-12-14 14:30:00",77.22,82.57,71.79,80.69,0
-1200130200,"1931-12-21 14:30:00",78.08,81.76,75.14,75.84,0
-1199525400,"1931-12-28 14:30:00",73.84,79.92,72.41,77.9,0
-1198920600,"1932-01-04 14:30:00",71.59,82.11,69.85,81.8,0
-1198315800,"1932-01-11 14:30:00",80.44,87.78,77.23,85.88,0
-1197711000,"1932-01-18 14:30:00",81.45,85.32,78.56,78.81,0
-1197106200,"1932-01-25 14:30:00",78.66,80.79,74.19,76.55,0
-1196501400,"1932-02-01 14:30:00",79.63,80.74,74.71,75,0
-1195896600,"1932-02-08 14:30:00",73.45,79.62,70.64,78.6,0
-1195291800,"1932-02-15 14:30:00",82.18,89.84,80.49,85.98,0
-1194687000,"1932-02-22 14:30:00",80.26,84.03,79.57,82.09,0
-1194082200,"1932-02-29 14:30:00",81.44,88.35,80.5,86.11,0
-1193477400,"1932-03-07 14:30:00",87.16,89.87,83.26,83.61,0
-1192872600,"1932-03-14 14:30:00",81.12,84.3,77.57,78.82,0
-1192267800,"1932-03-21 14:30:00",79.9,80.59,77.32,77.99,0
-1191663000,"1932-03-28 14:30:00",75.09,77.8,71.21,72.18,0
-1191058200,"1932-04-04 14:30:00",71.19,71.84,61.98,62.9,0
-1190453400,"1932-04-11 14:30:00",62.04,66.51,59.1,64.49,0
-1189848600,"1932-04-18 14:30:00",60.85,63.21,58.26,58.88,0
-1189247400,"1932-04-25 13:30:00",58.92,62.15,55.37,55.93,0
-1188642600,"1932-05-02 13:30:00",55.37,59.76,52.33,59.01,0
-1188037800,"1932-05-09 13:30:00",57.04,59.52,53.23,53.46,0
-1187433000,"1932-05-16 13:30:00",53.96,55.65,50.21,53.31,0
-1186828200,"1932-05-23 13:30:00",52.98,54.34,47.02,47.47,0
-1186223400,"1932-05-30 13:30:00",44.74,50.29,43.49,48.4,0
-1185618600,"1932-06-06 13:30:00",49.32,50.63,44.45,48.94,0
-1185013800,"1932-06-13 13:30:00",48.11,51.43,47.12,47.56,0
-1184409000,"1932-06-20 13:30:00",47.8,48.66,44.55,44.84,0
-1183804200,"1932-06-27 13:30:00",42.93,44.82,42.31,44.39,0
-1183199400,"1932-07-04 13:30:00",43.47,44.5,40.56,41.22,0
-1182594600,"1932-07-11 13:30:00",42.99,45.85,40.92,45.47,0
-1181989800,"1932-07-18 13:30:00",44.07,48.31,43.53,47.69,0
-1181385000,"1932-07-25 13:30:00",49.78,54.68,48.01,53.89,0
-1180780200,"1932-08-01 13:30:00",54.94,63.42,52.4,62.6,0
-1180175400,"1932-08-08 13:30:00",67.71,71.62,62.45,63.11,0
-1179570600,"1932-08-15 13:30:00",66.51,70.56,62.93,66.84,0
-1178965800,"1932-08-22 13:30:00",70.87,75.88,67.5,74.43,0
-1178361000,"1932-08-29 13:30:00",75.22,77.12,71.11,76.77,0
-1177756200,"1932-09-05 13:30:00",77.28,81.39,75.69,76.19,0
-1177151400,"1932-09-12 13:30:00",72.33,76.68,64.27,67.1,0
-1176546600,"1932-09-19 13:30:00",65.06,76.01,64.68,73.92,0
-1175938200,"1932-09-26 14:30:00",71.06,75.67,69.75,71.56,0
-1175333400,"1932-10-03 14:30:00",71.21,72.63,62.16,62.67,0
-1174728600,"1932-10-10 14:30:00",58.47,65.45,57.67,63.84,0
-1174123800,"1932-10-17 14:30:00",62.69,66.13,60.71,61.01,0
-1173519000,"1932-10-24 14:30:00",61.03,63.51,59.03,63.09,0
-1172914200,"1932-10-31 14:30:00",61.9,62.19,57.21,61.53,0
-1172309400,"1932-11-07 14:30:00",64.58,68.27,61.02,68.03,0
-1171704600,"1932-11-14 14:30:00",65.57,67.88,62.18,62.96,0
-1171099800,"1932-11-21 14:30:00",63.65,64.68,57.47,58.78,0
-1170495000,"1932-11-28 14:30:00",59.17,59.74,55.7,55.91,0
-1169890200,"1932-12-05 14:30:00",56.53,61.9,55.58,61.58,0
-1169285400,"1932-12-12 14:30:00",61.48,62.89,59.19,60.52,0
-1168680600,"1932-12-19 14:30:00",60.08,61.51,56.07,56.8,0
-1168075800,"1932-12-26 14:30:00",57.6,60.84,56.95,60.26,0
-1167471000,"1933-01-02 14:30:00",59.29,63.85,58.87,62.96,0
-1166866200,"1933-01-09 14:30:00",62.31,65.28,61.83,63.18,0
-1166261400,"1933-01-16 14:30:00",61.62,63.87,60.07,61.63,0
-1165656600,"1933-01-23 14:30:00",61.46,62.79,60.03,61.43,0
-1165051800,"1933-01-30 14:30:00",60.77,61.34,57.11,58.11,0
-1164447000,"1933-02-06 14:30:00",58.07,60.85,56.65,59.11,0
-1163842200,"1933-02-13 14:30:00",56.57,58.19,54.69,56.37,0
-1163237400,"1933-02-20 14:30:00",54.26,55.61,51.13,53.84,0
-1162632600,"1933-02-27 14:30:00",50.16,55.44,49.68,53.84,0
-1161423000,"1933-03-13 14:30:00",62.1,64.56,57.11,60.73,0
-1160818200,"1933-03-20 14:30:00",59.9,61.33,56.35,57.93,0
-1160213400,"1933-03-27 14:30:00",56.53,58.02,54.94,55.4,0
-1159608600,"1933-04-03 14:30:00",55.69,60.06,55,58.78,0
-1159003800,"1933-04-10 14:30:00",62.11,63.31,59.68,62.69,0
-1158399000,"1933-04-17 14:30:00",61.59,75.2,60.74,69.78,0
-1157794200,"1933-04-24 14:30:00",73.69,74.84,69.78,73.1,0
-1157193000,"1933-05-01 13:30:00",77.79,81.27,75.66,79.78,0
-1156588200,"1933-05-08 13:30:00",76.63,83.61,75.61,82.14,0
-1155983400,"1933-05-15 13:30:00",79.7,84.18,79.06,81.75,0
-1155378600,"1933-05-22 13:30:00",79.94,86.98,78.61,86.42,0
-1154773800,"1933-05-29 13:30:00",90.02,92.66,87.37,92.21,0
-1154169000,"1933-06-05 13:30:00",91.89,95.15,89.14,94.29,0
-1153564200,"1933-06-12 13:30:00",96.75,97.92,86.48,89.22,0
-1152959400,"1933-06-19 13:30:00",95.99,98.34,91.69,95.53,0
-1152354600,"1933-06-26 13:30:00",98.49,100.48,95.5,98.14,0
-1151749800,"1933-07-03 13:30:00",103.77,107.51,101.02,105.35,0
-1151145000,"1933-07-10 13:30:00",104.08,107.77,101.87,105.04,0
-1150540200,"1933-07-17 13:30:00",108.27,110.53,84.45,88.71,0
-1149935400,"1933-07-24 13:30:00",94.28,97.28,90.63,94.54,0
-1149330600,"1933-07-31 13:30:00",90.77,95.86,87.75,92.62,0
-1148725800,"1933-08-07 13:30:00",92.55,100.14,91.63,97.47,0
-1148121000,"1933-08-14 13:30:00",96.53,100.77,92.95,98.32,0
-1147516200,"1933-08-21 13:30:00",100.17,105.6,98.57,105.07,0
-1146911400,"1933-08-28 13:30:00",104.72,105.53,100.23,103.66,0
-1146306600,"1933-09-04 13:30:00",100.22,103.34,97.74,99.58,0
-1145701800,"1933-09-11 13:30:00",103.59,106.53,99.26,102.63,0
-1145097000,"1933-09-18 13:30:00",105.3,107.68,95.73,99.06,0
-1144488600,"1933-09-25 14:30:00",98.03,100.23,92.44,94.24,0
-1143883800,"1933-10-02 14:30:00",92.99,99.34,91.93,97.54,0
-1143279000,"1933-10-09 14:30:00",99.72,100.58,95.14,95.36,0
-1142674200,"1933-10-16 14:30:00",90.49,94.93,83.57,86.63,0
-1142069400,"1933-10-23 14:30:00",88.13,95.23,86.25,93.22,0
-1141464600,"1933-10-30 14:30:00",88.43,93.99,86.5,93.6,0
-1140859800,"1933-11-06 14:30:00",92.5,98.34,91.67,95.06,0
-1140255000,"1933-11-13 14:30:00",95.98,100.59,93.27,98.06,0
-1139650200,"1933-11-20 14:30:00",101.28,101.94,97.2,99.52,0
-1139045400,"1933-11-27 14:30:00",95.77,100.08,95.32,98.89,0
-1138440600,"1933-12-04 14:30:00",98.89,103.01,98.19,101.04,0
-1137835800,"1933-12-11 14:30:00",101.94,103.97,99.44,99.95,0
-1137231000,"1933-12-18 14:30:00",97.2,99.9,93.7,98.87,0
-1136626200,"1933-12-25 14:30:00",96.3,100.04,95.16,98.67,0
-1136021400,"1934-01-01 14:30:00",100.36,101.94,96.48,97.23,0
-1135416600,"1934-01-08 14:30:00",96.73,100.49,96.26,98.73,0
-1134811800,"1934-01-15 14:30:00",103.19,106.19,99.5,105.6,0
-1134207000,"1934-01-22 14:30:00",105.09,108.2,104.34,106.38,0
-1133602200,"1934-01-29 14:30:00",107.9,110.35,106.11,108.31,0
-1132997400,"1934-02-05 14:30:00",110.74,111.93,104.29,106.09,0
-1132392600,"1934-02-12 14:30:00",106.1,109.96,104.64,108.61,0
-1131787800,"1934-02-19 14:30:00",107.53,109.57,105.72,106.14,0
-1131183000,"1934-02-26 14:30:00",103.12,105.99,101.93,105.79,0
-1130578200,"1934-03-05 14:30:00",105.02,105.89,100.78,102.44,0
-1129973400,"1934-03-12 14:30:00",104.23,104.89,101.43,102.72,0
-1129368600,"1934-03-19 14:30:00",99.68,101.82,98.45,99.8,0
-1128763800,"1934-03-26 14:30:00",100.95,102.67,97.41,100.31,0
-1128159000,"1934-04-02 14:30:00",101.96,104.3,101.18,103.97,0
-1127554200,"1934-04-09 14:30:00",103.54,106.23,102.92,104.98,0
-1126949400,"1934-04-16 14:30:00",103.57,107,102.88,106.55,0
-1126344600,"1934-04-23 14:30:00",105.92,106.73,102.92,103.65,0
-1125743400,"1934-04-30 13:30:00",100.49,102.72,98.36,99.29,0
-1125138600,"1934-05-07 13:30:00",95.51,98.71,92.16,93.18,0
-1124533800,"1934-05-14 13:30:00",91.81,96.57,89.1,95.17,0
-1123929000,"1934-05-21 13:30:00",95.76,96.29,92.23,94.5,0
-1123324200,"1934-05-28 13:30:00",95.56,96.33,91.7,91.79,0
-1122719400,"1934-06-04 13:30:00",92.73,98.55,91.84,98.44,0
-1122114600,"1934-06-11 13:30:00",97.82,99.92,96.92,98.7,0
-1121509800,"1934-06-18 13:30:00",100.42,101.11,95.48,95.93,0
-1120905000,"1934-06-25 13:30:00",95.79,98.31,95.46,95.75,0
-1120300200,"1934-07-02 13:30:00",94.8,97.8,94.25,97.32,0
-1119695400,"1934-07-09 13:30:00",97.04,99.35,96.54,98.82,0
-1119090600,"1934-07-16 13:30:00",97.04,98.7,94.43,94.74,0
-1118485800,"1934-07-23 13:30:00",91.98,95.17,84.58,87.84,0
-1117881000,"1934-07-30 13:30:00",88.17,91.12,86.9,90.14,0
-1117276200,"1934-08-06 13:30:00",88.11,91.8,86.32,89.66,0
-1116671400,"1934-08-13 13:30:00",91.8,92.56,89.69,91.12,0
-1116066600,"1934-08-20 13:30:00",90.44,95.55,90.08,95.48,0
-1115461800,"1934-08-27 13:30:00",94.46,95.59,92.01,92.86,0
-1114857000,"1934-09-03 13:30:00",92.3,94.05,90.5,90.99,0
-1114252200,"1934-09-10 13:30:00",89.27,91.32,86.64,86.83,0
-1113647400,"1934-09-17 13:30:00",86.69,91.34,85.72,91.1,0
-1113042600,"1934-09-24 13:30:00",90.45,94.02,89.91,92.49,0
-1112434200,"1934-10-01 14:30:00",90.41,93.58,89.84,92.96,0
-1111829400,"1934-10-08 14:30:00",92.5,96.04,91.31,95.5,0
-1111224600,"1934-10-15 14:30:00",94.16,96.36,94.01,94.9,0
-1110619800,"1934-10-22 14:30:00",94.78,96.15,92.2,93.01,0
-1110015000,"1934-10-29 14:30:00",92.53,94.94,92.37,94.42,0
-1109410200,"1934-11-05 14:30:00",96.06,99.34,94.83,99.02,0
-1108805400,"1934-11-12 14:30:00",99.19,100.8,98.49,99.39,0
-1108200600,"1934-11-19 14:30:00",99.89,101.99,98.93,101.62,0
-1107595800,"1934-11-26 14:30:00",103.08,103.51,101.8,102.94,0
-1106991000,"1934-12-03 14:30:00",101.92,104.23,101.59,103.16,0
-1106386200,"1934-12-10 14:30:00",102.76,103.58,100.34,100.69,0
-1105781400,"1934-12-17 14:30:00",100.92,101.66,98.93,99.9,0
-1105176600,"1934-12-24 14:30:00",100.69,103.29,99.52,103.15,0
-1104571800,"1934-12-31 14:30:00",104.04,105.63,103.05,104.69,0
-1103967000,"1935-01-07 14:30:00",105.88,106.71,102.5,103.35,0
-1103362200,"1935-01-14 14:30:00",102.76,103.37,99.54,102.36,0
-1102757400,"1935-01-21 14:30:00",103.35,103.93,102.01,102.86,0
-1102152600,"1935-01-28 14:30:00",101.51,102.31,100.24,101.53,0
-1101547800,"1935-02-04 14:30:00",101.56,102.58,99.95,102.35,0
-1100943000,"1935-02-11 14:30:00",102.42,105.07,101.65,104.67,0
-1100338200,"1935-02-18 14:30:00",107.17,108.29,103.64,104.86,0
-1099733400,"1935-02-25 14:30:00",103.14,103.6,101.27,103.27,0
-1099128600,"1935-03-04 14:30:00",102.58,103.16,98.77,101.58,0
-1098523800,"1935-03-11 14:30:00",99.39,101.6,96.47,98.21,0
-1097919000,"1935-03-18 14:30:00",97.01,100.88,95.95,100.68,0
-1097314200,"1935-03-25 14:30:00",99.5,101.54,98.61,100.78,0
-1096709400,"1935-04-01 14:30:00",101.23,102.87,99.75,102.53,0
-1096104600,"1935-04-08 14:30:00",102.65,105.06,102.31,104.45,0
-1095499800,"1935-04-15 14:30:00",105.93,108.33,105.05,107.97,0
-1094895000,"1935-04-22 14:30:00",110.27,111.52,108.94,110.37,0
-1094293800,"1935-04-29 13:30:00",109.91,110.93,107.82,110.49,0
-1093689000,"1935-05-06 13:30:00",110.53,114.5,109.23,113.67,0
-1093084200,"1935-05-13 13:30:00",114.23,117.3,113.36,115.81,0
-1092479400,"1935-05-20 13:30:00",114.67,117.51,114.18,116.17,0
-1091874600,"1935-05-27 13:30:00",116.74,117.62,110.4,110.64,0
-1091269800,"1935-06-03 13:30:00",111.45,115.08,110.15,114.01,0
-1090665000,"1935-06-10 13:30:00",115.89,119.67,114.04,119,0
-1090060200,"1935-06-17 13:30:00",118.67,120.04,115.85,119.48,0
-1089455400,"1935-06-24 13:30:00",120.04,121.3,116.91,118.36,0
-1088850600,"1935-07-01 13:30:00",118.82,120.75,117.8,120.61,0
-1088245800,"1935-07-08 13:30:00",122.55,123.34,120.69,122.2,0
-1087641000,"1935-07-15 13:30:00",121.72,124.24,121,122.33,0
-1087036200,"1935-07-22 13:30:00",124.1,125.36,122.67,124.02,0
-1086431400,"1935-07-29 13:30:00",126.56,127.04,124.28,124.93,0
-1085826600,"1935-08-05 13:30:00",126.07,127.8,125,127.27,0
-1085221800,"1935-08-12 13:30:00",128,128.94,126.51,127.63,0
-1084617000,"1935-08-19 13:30:00",126.33,129.59,124.97,128.93,0
-1084012200,"1935-08-26 13:30:00",128.99,129.97,125.65,127.35,0
-1083407400,"1935-09-02 13:30:00",127.27,131.34,126.43,130.75,0
-1082802600,"1935-09-09 13:30:00",132.48,135.05,131.13,133.52,0
-1082197800,"1935-09-16 13:30:00",132.91,135.34,127.98,128.42,0
-1081593000,"1935-09-23 13:30:00",129.55,132.45,128.97,131.48,0
-1080984600,"1935-09-30 14:30:00",131.92,133.19,126.95,129.76,0
-1080379800,"1935-10-07 14:30:00",130.77,134.56,129.51,133.56,0
-1079775000,"1935-10-14 14:30:00",135.03,137.15,133.17,135.13,0
-1079170200,"1935-10-21 14:30:00",138.96,141.89,137.11,140.68,0
-1078565400,"1935-10-28 14:30:00",140.78,142.08,138.4,141.31,0
-1077960600,"1935-11-04 14:30:00",141.07,145.4,139.99,144.25,0
-1077355800,"1935-11-11 14:30:00",142.56,147.4,141.6,146.32,0
-1076751000,"1935-11-18 14:30:00",147.06,149.42,143.48,144.61,0
-1076146200,"1935-11-25 14:30:00",144.72,147.5,141.15,142.34,0
-1075541400,"1935-12-02 14:30:00",140.72,145.13,140.38,143.48,0
-1074936600,"1935-12-09 14:30:00",144.1,145.07,139.56,140.16,0
-1074331800,"1935-12-16 14:30:00",139.11,141.73,138.33,139.5,0
-1073727000,"1935-12-23 14:30:00",140.58,142.83,139.75,141.58,0
-1073122200,"1935-12-30 14:30:00",143,145.28,141.35,144.69,0
-1072517400,"1936-01-06 14:30:00",143.11,148.02,141.55,147.08,0
-1071912600,"1936-01-13 14:30:00",146.52,147.45,144.64,145.81,0
-1071307800,"1936-01-20 14:30:00",144.06,147.91,142.77,146.59,0
-1070703000,"1936-01-27 14:30:00",147.3,150,146.25,149.49,0
-1070098200,"1936-02-03 14:30:00",150.62,151.97,148.32,150.17,0
-1069493400,"1936-02-10 14:30:00",151.15,153.67,149.72,151.97,0
-1068888600,"1936-02-17 14:30:00",151.4,155.69,150.43,153.74,0
-1068283800,"1936-02-24 14:30:00",152.74,153.94,149.08,152.53,0
-1067679000,"1936-03-02 14:30:00",154.08,159.87,151.65,158.75,0
-1067074200,"1936-03-09 14:30:00",153.5,157.95,149.65,150.42,0
-1066469400,"1936-03-16 14:30:00",153.25,158.81,152.14,157.42,0
-1065864600,"1936-03-23 14:30:00",157.62,159.53,155.01,155.52,0
-1065259800,"1936-03-30 14:30:00",155.37,161.84,155.06,160.09,0
-1064655000,"1936-04-06 14:30:00",161.99,163.07,159.46,160.25,0
-1064050200,"1936-04-13 14:30:00",160.76,161.26,157.32,157.78,0
-1063445400,"1936-04-20 14:30:00",152.4,156.73,149.63,151.54,0
-1062844200,"1936-04-27 13:30:00",147.05,151.81,141.53,147.07,0
-1062239400,"1936-05-04 13:30:00",146.96,150.52,144.18,146.87,0
-1061634600,"1936-05-11 13:30:00",146.85,152.43,146.1,151.6,0
-1061029800,"1936-05-18 13:30:00",150.35,152.44,147.21,149.58,0
-1060425000,"1936-05-25 13:30:00",150.83,153.57,150.31,152.64,0
-1059820200,"1936-06-01 13:30:00",152.84,154.02,148.52,149.26,0
-1059215400,"1936-06-08 13:30:00",151.39,155.91,150.4,153.71,0
-1058610600,"1936-06-15 13:30:00",155.09,158.05,154.57,156.53,0
-1058005800,"1936-06-22 13:30:00",159.13,161.15,157.4,158.21,0
-1057401000,"1936-06-29 13:30:00",158.01,159.66,156.82,158.11,0
-1056796200,"1936-07-06 13:30:00",157.11,160.67,154.85,160.07,0
-1056191400,"1936-07-13 13:30:00",161.35,165.07,160.33,163.55,0
-1055586600,"1936-07-20 13:30:00",164.43,166.06,163.46,164.37,0
-1054981800,"1936-07-27 13:30:00",166.92,168.23,164.32,164.86,0
-1054377000,"1936-08-03 13:30:00",165.32,168.63,163.91,168.01,0
-1053772200,"1936-08-10 13:30:00",168.8,170.15,165.4,165.75,0
-1053167400,"1936-08-17 13:30:00",165.38,167.01,160.52,160.8,0
-1052562600,"1936-08-24 13:30:00",163.78,168.02,162.9,166.78,0
-1051957800,"1936-08-31 13:30:00",166.29,167.89,165.24,167.04,0
-1051353000,"1936-09-07 13:30:00",169.55,170.02,167.59,168.59,0
-1050748200,"1936-09-14 13:30:00",166.86,168.36,164.82,167.76,0
-1050143400,"1936-09-21 13:30:00",168.9,170.72,165.91,166.36,0
-1049535000,"1936-09-28 14:30:00",168.79,170.94,167.47,170.76,0
-1048930200,"1936-10-05 14:30:00",172.81,176.45,172.04,175.19,0
-1048325400,"1936-10-12 14:30:00",176.29,177.68,174.13,176.66,0
-1047720600,"1936-10-19 14:30:00",177.42,178.44,174.5,175.6,0
-1047115800,"1936-10-26 14:30:00",172.3,178.09,172.16,177.15,0
-1046511000,"1936-11-02 14:30:00",176.67,183.53,175.35,181.6,0
-1045906200,"1936-11-09 14:30:00",183.65,185.52,181.39,182.24,0
-1045301400,"1936-11-16 14:30:00",182.65,186.39,180.24,180.74,0
-1044696600,"1936-11-23 14:30:00",178.62,183.27,177.91,182.81,0
-1044091800,"1936-11-30 14:30:00",183.22,184.03,179.66,180.97,0
-1043487000,"1936-12-07 14:30:00",180.13,182.77,179.74,181.1,0
-1042882200,"1936-12-14 14:30:00",181.87,183.3,179.03,179.42,0
-1042277400,"1936-12-21 14:30:00",175.85,179.54,175.31,178.6,0
-1041672600,"1936-12-28 14:30:00",177.12,181.77,176.26,179.9,0
-1041067800,"1937-01-04 14:30:00",177.72,183.58,176.96,182.95,0
-1040463000,"1937-01-11 14:30:00",183.26,185.4,181.77,184.53,0
-1039858200,"1937-01-18 14:30:00",184.95,187.8,183.22,186.53,0
-1039253400,"1937-01-25 14:30:00",185.62,186.97,182.15,184.74,0
-1038648600,"1937-02-01 14:30:00",186.61,189.94,184.85,186.01,0
-1038043800,"1937-02-08 14:30:00",187.82,191.39,186.68,190.29,0
-1037439000,"1937-02-15 14:30:00",188.39,190.42,186.82,189.37,0
-1036834200,"1937-02-22 14:30:00",186.5,189.36,185.15,187.17,0
-1036229400,"1937-03-01 14:30:00",187.68,195.17,186,194.14,0
-1035624600,"1937-03-08 14:30:00",192.69,195.59,189.39,191.24,0
-1035019800,"1937-03-15 14:30:00",189.41,191.29,183.72,184.56,0
-1034415000,"1937-03-22 14:30:00",179.82,186.11,179.28,184.08,0
-1033810200,"1937-03-29 14:30:00",184.09,187.99,180.89,182.75,0
-1033205400,"1937-04-05 14:30:00",184.19,185.09,175.83,178.94,0
-1032600600,"1937-04-12 14:30:00",179.74,183.43,176.39,180.75,0
-1031995800,"1937-04-19 14:30:00",180.82,184.33,178,178.54,0
-1031394600,"1937-04-26 13:30:00",171.97,175.33,168.77,174.27,0
-1030789800,"1937-05-03 13:30:00",174.59,176.91,174.06,175.89,0
-1030185000,"1937-05-10 13:30:00",173.04,175.19,166.58,169.15,0
-1029580200,"1937-05-17 13:30:00",167.84,174.59,166.2,173.83,0
-1028975400,"1937-05-24 13:30:00",175.59,176.25,172.62,174.71,0
-1028370600,"1937-05-31 13:30:00",171.59,175.39,170.72,175.14,0
-1027765800,"1937-06-07 13:30:00",173.88,175.4,170.33,170.77,0
-1027161000,"1937-06-14 13:30:00",165.51,169.37,163.31,168.79,0
-1026556200,"1937-06-21 13:30:00",167.98,170.98,167.28,169.59,0
-1025951400,"1937-06-28 13:30:00",166.71,172.49,166.11,172.22,0
-1025346600,"1937-07-05 13:30:00",176.8,178.88,173.18,177.4,0
-1024741800,"1937-07-12 13:30:00",178.7,180.45,176.69,179.53,0
-1024137000,"1937-07-19 13:30:00",182.06,184.75,180.11,183.78,0
-1023532200,"1937-07-26 13:30:00",184.42,185.15,182.07,184.01,0
-1022927400,"1937-08-02 13:30:00",186.91,187.31,185.16,185.43,0
-1022322600,"1937-08-09 13:30:00",186.75,189.76,185.93,189.29,0
-1021717800,"1937-08-16 13:30:00",189.34,189.94,182.3,182.95,0
-1021113000,"1937-08-23 13:30:00",181.88,184.2,175.09,175.91,0
-1020508200,"1937-08-30 13:30:00",177.88,179.1,169.75,172.17,0
-1019903400,"1937-09-06 13:30:00",164.39,170.29,157.35,157.98,0
-1019298600,"1937-09-13 13:30:00",158,165.37,154.94,162.15,0
-1018693800,"1937-09-20 13:30:00",155.56,159.26,146.22,147.38,0
-1018085400,"1937-09-27 14:30:00",152.03,157.12,146.25,153.89,0
-1017480600,"1937-10-04 14:30:00",152.19,154.63,141.63,144.03,0
-1016875800,"1937-10-11 14:30:00",138.79,143.66,133.95,135.48,0
-1016271000,"1937-10-18 14:30:00",125.73,137.82,115.84,132.26,0
-1015666200,"1937-10-25 14:30:00",134.43,141.22,124.56,138.48,0
-1015061400,"1937-11-01 14:30:00",135.94,137.01,126.67,128.92,0
-1014456600,"1937-11-08 14:30:00",123.98,135.7,121.61,133.09,0
-1013851800,"1937-11-15 14:30:00",129.22,134.36,117.98,118.13,0
-1013247000,"1937-11-22 14:30:00",114.19,119.28,112.54,118.26,0
-1012642200,"1937-11-29 14:30:00",121.58,129.4,120.21,127.55,0
-1012037400,"1937-12-06 14:30:00",126.21,131.15,124.85,126.72,0
-1011432600,"1937-12-13 14:30:00",122.83,126.92,121.85,124.98,0
-1010827800,"1937-12-20 14:30:00",129.08,130.76,126.5,127.36,0
-1010223000,"1937-12-27 14:30:00",123.45,126.59,117.71,120.85,0
-1009618200,"1938-01-03 14:30:00",120.57,129.51,119.6,128.21,0
-1009013400,"1938-01-10 14:30:00",133.55,134.95,130.29,131.84,0
-1008408600,"1938-01-17 14:30:00",132.49,134.7,128.68,130.69,0
-1007803800,"1938-01-24 14:30:00",129.89,130.52,118.94,120.66,0
-1007199000,"1938-01-31 14:30:00",121.87,125,117.13,120.52,0
-1006594200,"1938-02-07 14:30:00",121.39,127.23,120.88,124.94,0
-1005989400,"1938-02-14 14:30:00",125.97,128.74,123.39,126.29,0
-1005384600,"1938-02-21 14:30:00",129.49,132.86,127.6,131.58,0
-1004779800,"1938-02-28 14:30:00",129.64,131.03,127.37,127.78,0
-1004175000,"1938-03-07 14:30:00",125.38,127.63,121.93,122.44,0
-1003570200,"1938-03-14 14:30:00",123.68,127.44,117.2,118.41,0
-1002965400,"1938-03-21 14:30:00",120.29,122.48,108.12,108.57,0
-1002360600,"1938-03-28 14:30:00",107.25,108.55,97.46,103.02,0
-1001755800,"1938-04-04 14:30:00",105.58,110.23,104.47,109.57,0
-1001151000,"1938-04-11 14:30:00",112.93,117.57,111.6,116.82,0
-1000546200,"1938-04-18 14:30:00",118.99,121.54,112.47,118.52,0
-999945000,"1938-04-25 13:30:00",116.23,116.86,109.83,111.66,0
-999340200,"1938-05-02 13:30:00",110.09,117.44,109.4,117.16,0
-998735400,"1938-05-09 13:30:00",119.43,120.28,116.3,116.87,0
-998130600,"1938-05-16 13:30:00",115.38,117.49,114.08,114.99,0
-997525800,"1938-05-23 13:30:00",113.97,114.66,107.98,107.98,0
-996921000,"1938-05-30 13:30:00",107.74,111.94,106.94,109.71,0
-996316200,"1938-06-06 13:30:00",113.19,116.08,112.01,114.47,0
-995711400,"1938-06-13 13:30:00",111.87,114.51,111.54,113.06,0
-995106600,"1938-06-20 13:30:00",118.61,130.71,115.31,129.06,0
-994501800,"1938-06-27 13:30:00",130.48,138.19,129.44,136.53,0
-993897000,"1938-07-04 13:30:00",136.52,140.05,134.51,135.66,0
-993292200,"1938-07-11 13:30:00",134.56,140.52,133.84,137.3,0
-992687400,"1938-07-18 13:30:00",140.39,144.12,137.7,142.25,0
-992082600,"1938-07-25 13:30:00",144.91,146.31,139.39,141.2,0
-991477800,"1938-08-01 13:30:00",140.37,144.76,139.83,144.47,0
-990873000,"1938-08-08 13:30:00",144.33,145.89,135.38,136.51,0
-990268200,"1938-08-15 13:30:00",136.98,142.05,136.45,141.13,0
-989663400,"1938-08-22 13:30:00",140.92,145.3,140.12,142.94,0
-989058600,"1938-08-29 13:30:00",137.06,141.48,136.64,141.38,0
-988453800,"1938-09-05 13:30:00",141.47,143.42,139.2,139.9,0
-987849000,"1938-09-12 13:30:00",140.19,141.95,130.38,134.85,0
-987244200,"1938-09-19 13:30:00",134.1,140.2,133.49,134.08,0
-986635800,"1938-09-26 14:30:00",129.91,142.05,127.85,141.45,0
-986031000,"1938-10-03 14:30:00",144.29,150.48,142.64,148.41,0
-985426200,"1938-10-10 14:30:00",149.55,153.19,148.21,151.45,0
-984821400,"1938-10-17 14:30:00",150.81,153.15,148.68,152.15,0
-984216600,"1938-10-24 14:30:00",154.12,155.38,150.75,151.07,0
-983611800,"1938-10-31 14:30:00",151.73,153.13,150.28,152.1,0
-983007000,"1938-11-07 14:30:00",154.91,158.9,152.02,157.47,0
-982402200,"1938-11-14 14:30:00",155.61,157.57,149.16,149.93,0
-981797400,"1938-11-21 14:30:00",150.26,151.13,148.9,150.1,0
-981192600,"1938-11-28 14:30:00",146.14,150.2,145.21,147.57,0
-980587800,"1938-12-05 14:30:00",147.47,149.98,146.44,147.39,0
-979983000,"1938-12-12 14:30:00",148.65,153.16,148.23,150.89,0
-979378200,"1938-12-19 14:30:00",150.38,152.02,149.06,151.39,0
-978773400,"1938-12-26 14:30:00",150.43,154.94,149.56,154.36,0
-978168600,"1939-01-02 14:30:00",153.64,155.47,152.42,152.87,0
-977563800,"1939-01-09 14:30:00",150.19,151.32,146.03,146.52,0
-976959000,"1939-01-16 14:30:00",148.26,149.88,147.49,149.11,0
-976354200,"1939-01-23 14:30:00",141.32,144.13,136.1,138.9,0
-975749400,"1939-01-30 14:30:00",141.56,144.74,139.32,143.55,0
-975144600,"1939-02-06 14:30:00",145.03,146.43,142.7,143.68,0
-974539800,"1939-02-13 14:30:00",144.13,146.12,143.49,144.95,0
-973935000,"1939-02-20 14:30:00",142.74,145.69,142.05,145.44,0
-973330200,"1939-02-27 14:30:00",146.62,148.89,146.1,148.76,0
-972725400,"1939-03-06 14:30:00",148.84,152.71,148.37,152.28,0
-972120600,"1939-03-13 14:30:00",150.79,151.58,142.99,143.89,0
-971515800,"1939-03-20 14:30:00",141.28,144.31,138.42,141.82,0
-970911000,"1939-03-27 14:30:00",141.14,143.14,131.35,131.84,0
-970306200,"1939-04-03 14:30:00",132.25,135.57,125.49,126.32,0
-969701400,"1939-04-10 14:30:00",124.03,129.32,120.04,126.2,0
-969096600,"1939-04-17 14:30:00",127.34,129.62,124.81,128.71,0
-968491800,"1939-04-24 14:30:00",127.34,131.42,126.44,128.38,0
-967890600,"1939-05-01 13:30:00",127.83,133.24,127.53,131.47,0
-967285800,"1939-05-08 13:30:00",131.67,134.66,130.7,132.16,0
-966681000,"1939-05-15 13:30:00",132.65,133.68,128.35,130.38,0
-966076200,"1939-05-22 13:30:00",132.45,137.16,130.5,136.09,0
-965471400,"1939-05-29 13:30:00",137.8,139.23,135.52,136.74,0
-964866600,"1939-06-05 13:30:00",137.06,140.75,136.34,140.09,0
-964261800,"1939-06-12 13:30:00",139.13,139.95,133.79,134.67,0
-963657000,"1939-06-19 13:30:00",136.4,138.04,135.72,137.42,0
-963052200,"1939-06-26 13:30:00",135.09,136.77,128.97,130.63,0
-962447400,"1939-07-03 13:30:00",131.93,134.31,131.18,133.22,0
-961842600,"1939-07-10 13:30:00",133.79,139.05,133.22,137.57,0
-961237800,"1939-07-17 13:30:00",142.58,144.74,138.48,143.46,0
-960633000,"1939-07-24 13:30:00",144.18,145.72,142.41,144.11,0
-960028200,"1939-07-31 13:30:00",143.26,145.75,141.26,141.73,0
-959423400,"1939-08-07 13:30:00",140.76,142.38,136.38,137.29,0
-958818600,"1939-08-14 13:30:00",140.18,142.35,134.83,135.54,0
-958213800,"1939-08-21 13:30:00",132.81,135.84,128.6,133.73,0
-957609000,"1939-08-28 13:30:00",134.66,138.07,127.51,135.25,0
-957004200,"1939-09-04 13:30:00",148.12,152.58,142.38,150.04,0
-956399400,"1939-09-11 13:30:00",155.12,157.77,150.85,154.03,0
-955794600,"1939-09-18 13:30:00",147.78,154.96,147.35,152.57,0
-955186200,"1939-09-25 14:30:00",152.64,154.92,148.92,150.16,0
-954581400,"1939-10-02 14:30:00",151.41,153.06,148.73,150.61,0
-953976600,"1939-10-09 14:30:00",149.89,152.4,148.91,150.85,0
-953371800,"1939-10-16 14:30:00",150.84,155.28,149.95,153,0
-952767000,"1939-10-23 14:30:00",153.71,155.95,152.3,153.46,0
-952162200,"1939-10-30 14:30:00",153.21,153.6,150.04,152.64,0
-951557400,"1939-11-06 14:30:00",151.46,152.35,147.74,149.09,0
-950952600,"1939-11-13 14:30:00",149.07,152.21,148.55,151,0
-950347800,"1939-11-20 14:30:00",151.69,152.58,148.12,148.47,0
-949743000,"1939-11-27 14:30:00",148.59,149.65,144.85,146.54,0
-949138200,"1939-12-04 14:30:00",146.34,149.59,145.74,147.86,0
-948533400,"1939-12-11 14:30:00",147.05,150.11,146.43,149.64,0
-947928600,"1939-12-18 14:30:00",149.22,149.97,148.35,149.59,0
-947323800,"1939-12-25 14:30:00",149.27,150.7,147.66,149.99,0
-946719000,"1940-01-01 14:30:00",151.43,153.29,150.45,151.54,0
-946114200,"1940-01-08 14:30:00",151.34,152.11,145.76,145.96,0
-945509400,"1940-01-15 14:30:00",144.65,146.75,143.06,145.86,0
-944904600,"1940-01-22 14:30:00",145.13,147.29,144.57,146.61,0
-944299800,"1940-01-29 14:30:00",146.26,147.05,144.73,145.33,0
-943695000,"1940-02-05 14:30:00",145,150.04,144.69,148.94,0
-943090200,"1940-02-12 14:30:00",148.78,149.64,147.38,148.2,0
-942485400,"1940-02-19 14:30:00",148.46,149.04,146.93,147.35,0
-941880600,"1940-02-26 14:30:00",146.44,147.21,145.81,146.23,0
-941275800,"1940-03-04 14:30:00",146.43,148.8,146,148.07,0
-940671000,"1940-03-11 14:30:00",148.15,149.45,146.34,146.53,0
-940066200,"1940-03-18 14:30:00",145.59,147.3,145.08,146.73,0
-939461400,"1940-03-25 14:30:00",146.25,148.16,145.49,147.54,0
-938856600,"1940-04-01 14:30:00",147.72,151.32,147.48,150.36,0
-938251800,"1940-04-08 14:30:00",151.29,152.09,148.68,149.2,0
-937647000,"1940-04-15 14:30:00",149.72,150.67,145.86,146.8,0
-937042200,"1940-04-22 14:30:00",148.01,149.45,147.37,147.73,0
-936441000,"1940-04-29 13:30:00",148.41,149.06,146.42,147.65,0
-935836200,"1940-05-06 13:30:00",147.33,148.7,144.51,144.77,0
-935231400,"1940-05-13 13:30:00",137.63,144.42,122.93,124.2,0
-934626600,"1940-05-20 13:30:00",122.43,124.98,110.61,113.94,0
-934021800,"1940-05-27 13:30:00",116.35,117.71,110.51,116.22,0
-933417000,"1940-06-03 13:30:00",114.73,116.58,112.3,115.67,0
-932812200,"1940-06-10 13:30:00",111.84,122.95,110.41,122.27,0
-932207400,"1940-06-17 13:30:00",122.8,125.31,119.18,122.61,0
-931602600,"1940-06-24 13:30:00",123.76,124.42,118.67,122.06,0
-930997800,"1940-07-01 13:30:00",121.12,122.01,120.71,121.51,0
-930393000,"1940-07-08 13:30:00",121.63,122.33,120.83,121.63,0
-929788200,"1940-07-15 13:30:00",121.72,123.91,121.29,122.18,0
-929183400,"1940-07-22 13:30:00",122.06,122.75,121.19,122.05,0
-928578600,"1940-07-29 13:30:00",123.15,127.18,122.16,126.37,0
-927973800,"1940-08-05 13:30:00",126.44,126.81,124.61,126.4,0
-927369000,"1940-08-12 13:30:00",127.26,127.55,120.9,121.28,0
-926764200,"1940-08-19 13:30:00",122.06,126.97,121.7,125.34,0
-926159400,"1940-08-26 13:30:00",125.71,129.18,124.95,128.88,0
-925554600,"1940-09-02 13:30:00",129.74,134.54,128.89,133.12,0
-924949800,"1940-09-09 13:30:00",129.73,131.21,127.22,127.74,0
-924345000,"1940-09-16 13:30:00",129.44,132.03,128.89,131.61,0
-923740200,"1940-09-23 13:30:00",135.1,135.48,131.38,131.76,0
-923131800,"1940-09-30 14:30:00",132.64,135.86,132.1,133.79,0
-922527000,"1940-10-07 14:30:00",133.51,134.54,130.09,131.04,0
-921922200,"1940-10-14 14:30:00",130.73,132.9,129.47,132.45,0
-921317400,"1940-10-21 14:30:00",131.37,135.79,130.38,131.16,0
-920712600,"1940-10-28 14:30:00",131.77,135.84,130.96,134.41,0
-920107800,"1940-11-04 14:30:00",135.21,138.77,131.47,136.64,0
-919503000,"1940-11-11 14:30:00",137.41,138.5,135.24,135.59,0
-918898200,"1940-11-18 14:30:00",134.74,135.47,131.29,131.74,0
-918293400,"1940-11-25 14:30:00",131.96,132.76,129.13,130.03,0
-917688600,"1940-12-02 14:30:00",130.93,131.96,129.54,130.33,0
-917083800,"1940-12-09 14:30:00",131.46,133,130.69,132.35,0
-916479000,"1940-12-16 14:30:00",131.07,132.28,128.19,128.87,0
-915874200,"1940-12-23 14:30:00",128.41,130.11,127.83,129.51,0
-915269400,"1940-12-30 14:30:00",131.04,132.19,130.18,132.01,0
-914664600,"1941-01-06 14:30:00",132.83,134.27,132.19,133.59,0
-914059800,"1941-01-13 14:30:00",133.25,133.85,128.73,129.54,0
-913455000,"1941-01-20 14:30:00",129.24,129.99,127.68,128.52,0
-912850200,"1941-01-27 14:30:00",129.03,129.47,123.86,124.13,0
-912245400,"1941-02-03 14:30:00",122.67,125.27,122.29,124.3,0
-911640600,"1941-02-10 14:30:00",124.19,125.13,117.57,117.66,0
-911035800,"1941-02-17 14:30:00",119.18,120.64,117.43,120.24,0
-910431000,"1941-02-24 14:30:00",121.49,122.9,120.44,121.97,0
-909826200,"1941-03-03 14:30:00",120.88,122.25,119.98,121.59,0
-909221400,"1941-03-10 14:30:00",123.64,124.2,121.48,122.75,0
-908616600,"1941-03-17 14:30:00",123.46,124.35,122.26,122.47,0
-908011800,"1941-03-24 14:30:00",122.39,123.75,121.82,122.68,0
-907407000,"1941-03-31 14:30:00",122.72,125.28,122.32,124.64,0
-906802200,"1941-04-07 14:30:00",123.64,124.11,119.4,119.66,0
-906197400,"1941-04-14 14:30:00",118.89,119.61,116.11,116.28,0
-905592600,"1941-04-21 14:30:00",116.06,117.85,115.33,116.58,0
-904991400,"1941-04-28 13:30:00",116.63,117.48,114.78,115.72,0
-904386600,"1941-05-05 13:30:00",115.84,117.63,114.97,116.46,0
-903781800,"1941-05-12 13:30:00",117.14,117.93,115.36,115.86,0
-903177000,"1941-05-19 13:30:00",116.15,118.45,115.92,116.73,0
-902572200,"1941-05-26 13:30:00",115.73,116.8,115.33,116.23,0
-901967400,"1941-06-02 13:30:00",116.18,118.6,115.52,118,0
-901362600,"1941-06-09 13:30:00",120.16,123.48,118.99,122.31,0
-900757800,"1941-06-16 13:30:00",121.95,124.31,121.72,122.19,0
-900153000,"1941-06-23 13:30:00",123.97,125.14,122.85,123.46,0
-899548200,"1941-06-30 13:30:00",123.14,124.43,122.54,124.04,0
-898943400,"1941-07-07 13:30:00",126.16,128.77,124.54,127.9,0
-898338600,"1941-07-14 13:30:00",127.89,128.7,126.75,127.69,0
-897733800,"1941-07-21 13:30:00",129.51,131.1,127.74,128.06,0
-897129000,"1941-07-28 13:30:00",130.06,130.37,127.64,128.22,0
-896524200,"1941-08-04 13:30:00",128.17,128.57,127.31,127.48,0
-895919400,"1941-08-11 13:30:00",126.01,126.61,124.66,124.9,0
-895314600,"1941-08-18 13:30:00",125.62,126.42,125.2,125.84,0
-894709800,"1941-08-25 13:30:00",125.86,127.95,125.5,127.43,0
-894105000,"1941-09-01 13:30:00",128.31,128.62,126.88,127.17,0
-893500200,"1941-09-08 13:30:00",127.51,128.38,126.31,127.18,0
-892895400,"1941-09-15 13:30:00",127.2,130,126.85,127.95,0
-892290600,"1941-09-22 13:30:00",127.64,128.79,125.33,125.81,0
-891682200,"1941-09-29 14:30:00",126.05,127.31,125.57,126.06,0
-891077400,"1941-10-06 14:30:00",125.83,126.2,122.01,122.46,0
-890472600,"1941-10-13 14:30:00",121.82,122.8,117.88,119.15,0
-889867800,"1941-10-20 14:30:00",120.13,121.69,119.64,121.18,0
-889263000,"1941-10-27 14:30:00",119.43,120.07,117.4,117.82,0
-888658200,"1941-11-03 14:30:00",118.87,120.34,117.64,118.33,0
-888053400,"1941-11-10 14:30:00",117.45,118.41,114.91,116.81,0
-887448600,"1941-11-17 14:30:00",116.2,117.5,115.2,117.05,0
-886843800,"1941-11-24 14:30:00",117.3,118.19,114.1,114.66,0
-886239000,"1941-12-01 14:30:00",113.59,117.54,113.06,115.9,0
-885634200,"1941-12-08 14:30:00",112.52,115.46,106.87,110.58,0
-885029400,"1941-12-15 14:30:00",111.15,112.3,107.18,108.28,0
-884424600,"1941-12-22 14:30:00",106.59,108.83,105.52,106.95,0
-883819800,"1941-12-29 14:30:00",107.56,113,106.36,112.77,0
-883215000,"1942-01-05 14:30:00",114.22,114.96,110.45,111.02,0
-882610200,"1942-01-12 14:30:00",110.65,113.29,110.1,111.25,0
-882005400,"1942-01-19 14:30:00",110.81,111.34,108.3,109.12,0
-881400600,"1942-01-26 14:30:00",110.67,111.2,109.23,109.41,0
-880795800,"1942-02-02 14:30:00",109.47,111.04,109.08,109.47,0
-880194600,"1942-02-09 13:30:00",108.12,108.92,106,106.73,0
-879589800,"1942-02-16 13:30:00",107.31,107.96,104.67,105.1,0
-878985000,"1942-02-23 13:30:00",106,106.93,105.4,106.58,0
-878380200,"1942-03-02 13:30:00",105.75,107.16,102.03,102.1,0
-877775400,"1942-03-09 13:30:00",102.09,102.88,98.32,99.73,0
-877170600,"1942-03-16 13:30:00",100.68,102.73,99.5,100.75,0
-876565800,"1942-03-23 13:30:00",101.2,102.43,99.78,100,0
-875961000,"1942-03-30 13:30:00",100.04,101.31,99.25,100.89,0
-875356200,"1942-04-06 13:30:00",102.5,102.75,99.31,99.74,0
-874751400,"1942-04-13 13:30:00",99.44,99.78,95.8,96.05,0
-874146600,"1942-04-20 13:30:00",97.25,98.02,93.59,94.13,0
-873541800,"1942-04-27 13:30:00",93.89,96.29,92.69,95.83,0
-872937000,"1942-05-04 13:30:00",96.7,98.57,96.19,97.91,0
-872332200,"1942-05-11 13:30:00",99.2,99.49,96.39,97.98,0
-871727400,"1942-05-18 13:30:00",98.65,100.21,97.22,99.18,0
-871122600,"1942-05-25 13:30:00",99.18,101.5,98.68,100.88,0
-870517800,"1942-06-01 13:30:00",101.37,105.26,100.93,104.41,0
-869913000,"1942-06-08 13:30:00",105.55,106.34,103.27,103.77,0
-869308200,"1942-06-15 13:30:00",104.41,106.63,103.99,104.77,0
-868703400,"1942-06-22 13:30:00",102.77,103.52,101.94,102.54,0
-868098600,"1942-06-29 13:30:00",103.17,104.77,102.27,104.49,0
-867493800,"1942-07-06 13:30:00",106.1,109.26,104.92,108.66,0
-866889000,"1942-07-13 13:30:00",108.22,109.49,107.4,107.82,0
-866284200,"1942-07-20 13:30:00",107.98,108.94,105.84,106.37,0
-865679400,"1942-07-27 13:30:00",106.66,106.97,104.79,105.72,0
-865074600,"1942-08-03 13:30:00",106.08,106.44,104.5,105.05,0
-864469800,"1942-08-10 13:30:00",104.91,106.65,104.55,106.15,0
-863865000,"1942-08-17 13:30:00",106.68,107.88,106.21,107.07,0
-863260200,"1942-08-24 13:30:00",107.25,107.73,105.37,106.23,0
-862655400,"1942-08-31 13:30:00",106.33,106.81,105.76,106.39,0
-862050600,"1942-09-07 13:30:00",107.62,107.88,105.58,106.03,0
-861445800,"1942-09-14 13:30:00",106.15,107.59,105.92,107.47,0
-860841000,"1942-09-21 13:30:00",107.27,109.72,107.01,109.37,0
-860236200,"1942-09-28 13:30:00",109.56,111.02,108.7,110.83,0
-859631400,"1942-10-05 13:30:00",111.93,114.67,111.03,113.93,0
-859026600,"1942-10-12 13:30:00",115.01,115.8,112.71,113.55,0
-858421800,"1942-10-19 13:30:00",113.64,116.01,113.13,114.88,0
-857817000,"1942-10-26 13:30:00",115.29,115.61,112.57,113.5,0
-857212200,"1942-11-02 13:30:00",114.68,116.25,114.02,116.12,0
-856607400,"1942-11-09 13:30:00",117.3,118.18,115.63,116.26,0
-856002600,"1942-11-16 13:30:00",115.7,116.32,114.12,115.27,0
-855397800,"1942-11-23 13:30:00",114.46,115.27,113.46,114.86,0
-854793000,"1942-11-30 13:30:00",114.5,115.87,114.01,115.02,0
-854188200,"1942-12-07 13:30:00",115,116.55,114.71,115.7,0
-853583400,"1942-12-14 13:30:00",115.83,119.76,115.21,118.97,0
-852978600,"1942-12-21 13:30:00",118.66,119.67,118.09,119.27,0
-852373800,"1942-12-28 13:30:00",118.5,120.19,117.3,119.4,0
-851769000,"1943-01-04 13:30:00",120.25,120.82,118.84,119.26,0
-851164200,"1943-01-11 13:30:00",119.95,121.84,119.51,121.58,0
-850559400,"1943-01-18 13:30:00",121.56,122.92,119.71,121.99,0
-849954600,"1943-01-25 13:30:00",123.74,125.71,122.3,125.41,0
-849349800,"1943-02-01 13:30:00",125.86,126.38,124.69,125.75,0
-848745000,"1943-02-08 13:30:00",125.57,127.55,125.19,127.09,0
-848140200,"1943-02-15 13:30:00",128.6,129.15,125.82,126.67,0
-847535400,"1943-02-22 13:30:00",128.78,130.43,127.34,129.71,0
-846930600,"1943-03-01 13:30:00",129.44,131.2,127.91,130.61,0
-846325800,"1943-03-08 13:30:00",130.56,131.39,128.49,130.73,0
-845721000,"1943-03-15 13:30:00",130.64,130.95,128.86,129.25,0
-845116200,"1943-03-22 13:30:00",129.44,134.51,128.67,133.96,0
-844511400,"1943-03-29 13:30:00",136.1,137.2,134.75,135.67,0
-843906600,"1943-04-05 13:30:00",136.44,137.45,131.01,131.22,0
-843301800,"1943-04-12 13:30:00",131.27,134.19,129.79,133.07,0
-842697000,"1943-04-19 13:30:00",133.46,134.75,132.68,134.2,0
-842092200,"1943-04-26 13:30:00",134.34,136.17,133.46,135.48,0
-841487400,"1943-05-03 13:30:00",137.43,139.13,136.08,137.27,0
-840882600,"1943-05-10 13:30:00",138.64,139.3,136.13,136.82,0
-840277800,"1943-05-17 13:30:00",136.98,140.09,136.3,138.9,0
-839673000,"1943-05-24 13:30:00",138.84,141.58,138.06,141.18,0
-839068200,"1943-05-31 13:30:00",142.43,143.17,141.51,142.28,0
-838463400,"1943-06-07 13:30:00",141.82,142.99,140.45,141.44,0
-837858600,"1943-06-14 13:30:00",139.09,140.91,138.21,139.68,0
-837253800,"1943-06-21 13:30:00",138.79,142.49,138.07,142.27,0
-836649000,"1943-06-28 13:30:00",143,144.05,142.06,143.68,0
-836044200,"1943-07-05 13:30:00",143.76,144.41,142.83,144.18,0
-835439400,"1943-07-12 13:30:00",144.62,146.41,143.94,144.75,0
-834834600,"1943-07-19 13:30:00",144.74,145.31,143.31,143.8,0
-834229800,"1943-07-26 13:30:00",142.07,143.65,136.72,137.25,0
-833625000,"1943-08-02 13:30:00",134,137.54,133.87,135.58,0
-833020200,"1943-08-09 13:30:00",135.18,137.49,134.75,137.39,0
-832415400,"1943-08-16 13:30:00",137.08,138.83,136.78,136.93,0
-831810600,"1943-08-23 13:30:00",135.05,136.4,134.4,135.83,0
-831205800,"1943-08-30 13:30:00",135.73,137.48,135.3,137.18,0
-830601000,"1943-09-06 13:30:00",137.59,138.26,136.37,137.96,0
-829996200,"1943-09-13 13:30:00",137.82,139.71,137.24,139.6,0
-829391400,"1943-09-20 13:30:00",141.75,142.5,139.75,140.21,0
-828786600,"1943-09-27 13:30:00",139.41,140.63,139.04,140.33,0
-828181800,"1943-10-04 13:30:00",139.63,140.17,136.01,136.74,0
-827577000,"1943-10-11 13:30:00",136.61,138.3,135.92,137.9,0
-826972200,"1943-10-18 13:30:00",138.4,139.21,137.74,138.25,0
-826367400,"1943-10-25 13:30:00",138.22,139.74,137.88,138.29,0
-825762600,"1943-11-01 13:30:00",138.5,138.96,135.23,135.47,0
-825157800,"1943-11-08 13:30:00",131.68,135.03,130.84,132.15,0
-824553000,"1943-11-15 13:30:00",131.56,132.51,129.86,132.3,0
-823948200,"1943-11-22 13:30:00",132.65,133.1,131.06,131.33,0
-823343400,"1943-11-29 13:30:00",129.95,132.32,128.94,131.91,0
-822738600,"1943-12-06 13:30:00",132.45,135.47,131.71,135.04,0
-822133800,"1943-12-13 13:30:00",134.8,135.9,133.69,135.44,0
-821529000,"1943-12-20 13:30:00",136.1,136.57,135.47,136.24,0
-820924200,"1943-12-27 13:30:00",136.14,136.73,134.08,135.89,0
-820319400,"1944-01-03 13:30:00",135.92,138.88,135.51,138.08,0
-819714600,"1944-01-10 13:30:00",137.8,138.89,136.99,138.15,0
-819109800,"1944-01-17 13:30:00",138.1,138.6,137.2,138.07,0
-818505000,"1944-01-24 13:30:00",137.97,138.5,136.38,137.19,0
-817900200,"1944-01-31 13:30:00",137.4,137.85,134.75,135.04,0
-817295400,"1944-02-07 13:30:00",134.22,136.08,134.1,135.41,0
-816690600,"1944-02-14 13:30:00",135.39,136.77,135,136.08,0
-816085800,"1944-02-21 13:30:00",135.71,137,135.52,136.56,0
-815481000,"1944-02-28 13:30:00",136.79,137.01,135.86,136.59,0
-814876200,"1944-03-06 13:30:00",137.21,140.34,136.75,140.01,0
-814271400,"1944-03-13 13:30:00",141,141.43,139.9,140.8,0
-813666600,"1944-03-20 13:30:00",139.89,140.77,138.81,139.28,0
-813061800,"1944-03-27 13:30:00",139.12,139.67,136.98,138.84,0
-812457000,"1944-04-03 13:30:00",138.01,139.24,137.67,138.91,0
-811852200,"1944-04-10 13:30:00",139.11,139.45,137.33,137.69,0
-811247400,"1944-04-17 13:30:00",137.77,138.25,135.09,136.17,0
-810642600,"1944-04-24 13:30:00",135,136.53,134.75,136.21,0
-810037800,"1944-05-01 13:30:00",137.06,139,136.18,138.75,0
-809433000,"1944-05-08 13:30:00",138.65,139.38,138.22,138.51,0
-808828200,"1944-05-15 13:30:00",138.6,139.69,138.23,139.34,0
-808223400,"1944-05-22 13:30:00",139.43,141.2,139.13,141.03,0
-807618600,"1944-05-29 13:30:00",141.53,142.92,140.97,142.07,0
-807013800,"1944-06-05 13:30:00",141.62,143.01,140.9,142.06,0
-806409000,"1944-06-12 13:30:00",144.08,147.57,142.9,146.96,0
-805804200,"1944-06-19 13:30:00",148.42,149.15,147.15,147.5,0
-805199400,"1944-06-26 13:30:00",148.12,149,147.25,148.38,0
-804594600,"1944-07-03 13:30:00",149.32,150.42,148.42,149.36,0
-803989800,"1944-07-10 13:30:00",150.5,150.88,149.53,150.34,0
-803385000,"1944-07-17 13:30:00",149.28,150.49,146.42,146.77,0
-802780200,"1944-07-24 13:30:00",145.77,147.59,145.26,146.14,0
-802175400,"1944-07-31 13:30:00",146.11,147.07,145.2,145.3,0
-801570600,"1944-08-07 13:30:00",145.32,146.63,144.48,146.27,0
-800965800,"1944-08-14 13:30:00",146.77,149.28,146.06,148.96,0
-800361000,"1944-08-21 13:30:00",148.52,149.27,146.42,147.02,0
-799756200,"1944-08-28 13:30:00",146.87,147.69,146.53,147.16,0
-799151400,"1944-09-04 13:30:00",146.56,147.45,142.53,143.51,0
-798546600,"1944-09-11 13:30:00",144.3,145.09,142.65,144.08,0
-797941800,"1944-09-18 13:30:00",144.75,146.29,144.24,145.6,0
-797337000,"1944-09-25 13:30:00",146.77,147.08,145.67,146.31,0
-796732200,"1944-10-02 13:30:00",146.92,149.2,146.41,148.84,0
-796127400,"1944-10-09 13:30:00",148.06,149.03,147.68,148.7,0
-795522600,"1944-10-16 13:30:00",148.09,149.18,147.85,148.21,0
-794917800,"1944-10-23 13:30:00",146.58,148.46,145.33,146.29,0
-794313000,"1944-10-30 13:30:00",146.28,147.69,145.8,147.16,0
-793708200,"1944-11-06 13:30:00",147.92,148.39,146.82,148.08,0
-793103400,"1944-11-13 13:30:00",146.97,148.22,145.17,145.77,0
-792498600,"1944-11-20 13:30:00",146.33,147.59,145.71,146.4,0
-791893800,"1944-11-27 13:30:00",146.92,148.07,146.3,147.3,0
-791289000,"1944-12-04 13:30:00",148.22,150.68,147.21,150.48,0
-790684200,"1944-12-11 13:30:00",151.62,152.75,150.11,152.28,0
-790079400,"1944-12-18 13:30:00",151.53,152.28,149.88,150.43,0
-789474600,"1944-12-25 13:30:00",149.66,152.53,147.93,151.93,0
-788869800,"1945-01-01 13:30:00",152.58,155.02,151.63,154,0
-788265000,"1945-01-08 13:30:00",154.85,156.68,153.69,155.42,0
-787660200,"1945-01-15 13:30:00",154.76,155.99,153.37,153.84,0
-787055400,"1945-01-22 13:30:00",152.03,153.57,150.53,153.3,0
-786450600,"1945-01-29 13:30:00",154.06,154.71,152.62,154.45,0
-785845800,"1945-02-05 13:30:00",155.35,156.17,154.25,154.75,0
-785241000,"1945-02-12 13:30:00",156.34,158.82,154.9,158.23,0
-784636200,"1945-02-19 13:30:00",159.01,160.17,157.92,158.99,0
-784031400,"1945-02-26 13:30:00",158.41,161.15,157.45,159.95,0
-783426600,"1945-03-05 13:30:00",160.68,162.22,155.96,156.34,0
-782821800,"1945-03-12 13:30:00",157.88,159.42,156.94,158.92,0
-782217000,"1945-03-19 13:30:00",157.89,158.88,154.08,155.45,0
-781612200,"1945-03-26 13:30:00",152.27,154.46,151.74,154.06,0
-781007400,"1945-04-02 13:30:00",155.86,156.97,154.51,155.85,0
-780402600,"1945-04-09 13:30:00",156.1,159.95,155.54,159.75,0
-779797800,"1945-04-16 13:30:00",162.43,164.45,160.57,162.83,0
-779193000,"1945-04-23 13:30:00",163.58,164.62,162.06,163.94,0
-778588200,"1945-04-30 13:30:00",165.44,166.61,164.1,166.27,0
-777983400,"1945-05-07 13:30:00",166.53,167.25,162.6,163.21,0
-777378600,"1945-05-14 13:30:00",163.45,166.47,163.07,166.17,0
-776773800,"1945-05-21 13:30:00",165.99,166.93,163.73,165.12,0
-776169000,"1945-05-28 13:30:00",168.21,169.53,166.45,168.08,0
-775564200,"1945-06-04 13:30:00",168.08,168.8,166.54,166.83,0
-774959400,"1945-06-11 13:30:00",166.25,168.1,165.89,167.64,0
-774354600,"1945-06-18 13:30:00",166.94,168.84,166.5,167.9,0
-773749800,"1945-06-25 13:30:00",168.59,169.55,163.78,164.57,0
-773145000,"1945-07-02 13:30:00",165.91,166.75,163.47,164.67,0
-772540200,"1945-07-09 13:30:00",166.55,167.79,164.64,166.67,0
-771935400,"1945-07-16 13:30:00",165.82,167.08,160.62,162.5,0
-771330600,"1945-07-23 13:30:00",161.65,162.91,159.95,160.92,0
-770725800,"1945-07-30 13:30:00",162.09,163.36,160.88,163.06,0
-770121000,"1945-08-06 13:30:00",163.19,166.54,161.14,165.14,0
-769516200,"1945-08-13 13:30:00",164.11,166.08,162.81,164.38,0
-768911400,"1945-08-20 13:30:00",163.11,170.04,162.28,169.89,0
-768306600,"1945-08-27 13:30:00",171.96,174.54,170.11,174.29,0
-767701800,"1945-09-03 13:30:00",173.9,177.57,173.23,176.61,0
-767097000,"1945-09-10 13:30:00",177.03,179.33,176.33,177.74,0
-766492200,"1945-09-17 13:30:00",174.75,180.8,173.3,179.69,0
-765887400,"1945-09-24 13:30:00",179.51,180.42,177.82,180.11,0
-765279000,"1945-10-01 14:30:00",183.37,185.05,181.93,183.94,0
-764674200,"1945-10-08 14:30:00",185.46,186.52,184.26,185.72,0
-764069400,"1945-10-15 14:30:00",185.51,187.55,184.42,185.34,0
-763464600,"1945-10-22 14:30:00",187.06,187.52,183.02,185.39,0
-762859800,"1945-10-29 14:30:00",184.24,189.4,182.88,188.62,0
-762255000,"1945-11-05 14:30:00",189.5,192.78,188.02,191.46,0
-761650200,"1945-11-12 14:30:00",190.56,192.95,188.82,192.13,0
-761045400,"1945-11-19 14:30:00",191.51,192.83,187.34,187.82,0
-760440600,"1945-11-26 14:30:00",188.16,191.84,186.44,191.46,0
-759835800,"1945-12-03 14:30:00",193.65,194.78,191.75,194.08,0
-759231000,"1945-12-10 14:30:00",195.64,196.59,192.5,193.34,0
-758626200,"1945-12-17 14:30:00",190.37,192.87,187.51,189.07,0
-758021400,"1945-12-24 14:30:00",192.76,193.89,191.58,192.43,0
-757416600,"1945-12-31 14:30:00",192.91,193.47,189.77,190.9,0
-756811800,"1946-01-07 14:30:00",191.77,200.86,190.87,200.04,0
-756207000,"1946-01-14 14:30:00",201.93,205.03,200.25,202.18,0
-755602200,"1946-01-21 14:30:00",196.63,200.86,195.52,199.5,0
-754997400,"1946-01-28 14:30:00",204.62,206.59,202.1,205.79,0
-754392600,"1946-02-04 14:30:00",205.84,207.49,203.62,204.38,0
-753787800,"1946-02-11 14:30:00",201.14,203.56,197.65,203.09,0
-753183000,"1946-02-18 14:30:00",201.63,204.13,191.17,195.62,0
-752578200,"1946-02-25 14:30:00",187.23,194.04,184.05,189.42,0
-751973400,"1946-03-04 14:30:00",188.46,194.4,186.77,193.7,0
-751368600,"1946-03-11 14:30:00",192.89,194.73,188.86,191.66,0
-750763800,"1946-03-18 14:30:00",195.33,198.2,193.63,197.19,0
-750159000,"1946-03-25 14:30:00",200.55,201.85,197.27,199.56,0
-749554200,"1946-04-01 14:30:00",199.19,205.79,198.47,204.04,0
-748949400,"1946-04-08 14:30:00",205.43,208.93,204.31,206.96,0
-748344600,"1946-04-15 14:30:00",206.01,209.36,204.57,208.31,0
-747739800,"1946-04-22 14:30:00",207.99,208.94,203.09,204.59,0
-747138600,"1946-04-29 13:30:00",206.09,207.23,202.53,203.25,0
-746533800,"1946-05-06 13:30:00",200.65,207.84,199.26,207.1,0
-745929000,"1946-05-13 13:30:00",207.34,208.4,204.23,206.56,0
-745324200,"1946-05-20 13:30:00",207.13,209.15,205.05,207.69,0
-744719400,"1946-05-27 13:30:00",209.42,213.36,208.41,212.28,0
-744114600,"1946-06-03 13:30:00",211.47,212.48,208.33,209.96,0
-743509800,"1946-06-10 13:30:00",210.68,211.46,207.52,210.36,0
-742905000,"1946-06-17 13:30:00",210.13,211.16,198.98,203.09,0
-742300200,"1946-06-24 13:30:00",203.56,206.41,200.52,205.62,0
-741695400,"1946-07-01 13:30:00",206.47,208.59,205.56,206.72,0
-741090600,"1946-07-08 13:30:00",206.62,208.17,202.85,204.2,0
-740485800,"1946-07-15 13:30:00",200.86,204.42,199.48,201.13,0
-739881000,"1946-07-22 13:30:00",200.54,201.6,194.33,197.63,0
-739276200,"1946-07-29 13:30:00",198.22,203.38,197.46,202.82,0
-738671400,"1946-08-05 13:30:00",201.93,204.56,200.47,203.57,0
-738066600,"1946-08-12 13:30:00",203.36,205.01,200.14,200.69,0
-737461800,"1946-08-19 13:30:00",200.19,202.49,194.53,197.75,0
-736857000,"1946-08-26 13:30:00",196.99,198.97,187.26,189.19,0
-736252200,"1946-09-02 13:30:00",178.68,188.21,173.64,179.96,0
-735647400,"1946-09-09 13:30:00",172.03,177.52,166.56,173.39,0
-735042600,"1946-09-16 13:30:00",174.45,176.26,164.09,169.06,0
-734437800,"1946-09-23 13:30:00",166.56,175.45,164.21,174.09,0
-733829400,"1946-09-30 14:30:00",172.42,173.56,169.06,169.8,0
-733224600,"1946-10-07 14:30:00",168.87,170,161.61,167.97,0
-732619800,"1946-10-14 14:30:00",169.86,177.05,167.53,171.65,0
-732015000,"1946-10-21 14:30:00",171.93,172.59,167.84,168.76,0
-731410200,"1946-10-28 14:30:00",166.04,172.33,160.49,171.76,0
-730805400,"1946-11-04 14:30:00",174.4,175.78,167.5,170.79,0
-730200600,"1946-11-11 14:30:00",170.87,173.48,168.02,169.97,0
-729595800,"1946-11-18 14:30:00",167.91,169.11,162.29,163.55,0
-728991000,"1946-11-25 14:30:00",165.23,170.25,164.37,169.78,0
-728386200,"1946-12-02 14:30:00",167.5,170.98,166.2,170.39,0
-727781400,"1946-12-09 14:30:00",175.76,177.21,172.57,173.9,0
-727176600,"1946-12-16 14:30:00",174.85,178.58,173.62,177.85,0
-726571800,"1946-12-23 14:30:00",177.36,178.54,173.88,175.66,0
-725967000,"1946-12-30 14:30:00",176.23,177.89,174.71,176.76,0
-725362200,"1947-01-06 14:30:00",178.43,179.25,176.54,177.43,0
-724757400,"1947-01-13 14:30:00",172.49,174.87,170.13,174.76,0
-724152600,"1947-01-20 14:30:00",174.06,175.94,172.64,175.49,0
-723547800,"1947-01-27 14:30:00",177.28,181.34,175.05,180.44,0
-722943000,"1947-02-03 14:30:00",181.92,184.18,180.57,183.74,0
-722338200,"1947-02-10 14:30:00",183.57,184.96,180.62,181.64,0
-721733400,"1947-02-17 14:30:00",182.2,182.91,179.12,182.26,0
-721128600,"1947-02-24 14:30:00",181.4,182.47,176.34,178.9,0
-720523800,"1947-03-03 14:30:00",179.43,182.48,176.87,177.05,0
-719919000,"1947-03-10 14:30:00",175.18,176.36,171.94,172.58,0
-719314200,"1947-03-17 14:30:00",173.35,177.12,172.53,176.9,0
-718709400,"1947-03-24 14:30:00",176.4,179.68,174.61,178.63,0
-718104600,"1947-03-31 14:30:00",177.2,178.58,175.6,176.52,0
-717499800,"1947-04-07 14:30:00",175.39,176.16,172.39,173.43,0
-716895000,"1947-04-14 14:30:00",166.69,170.42,165.39,166.77,0
-716290200,"1947-04-21 14:30:00",169.5,171.71,168.6,168.93,0
-715689000,"1947-04-28 13:30:00",168.85,174.45,167.42,173.45,0
-715084200,"1947-05-05 13:30:00",174.21,175.08,170.52,171.54,0
-714479400,"1947-05-12 13:30:00",169.8,171.69,164.46,164.96,0
-713874600,"1947-05-19 13:30:00",163.55,167.68,161.38,166.95,0
-713269800,"1947-05-26 13:30:00",166.29,169.78,164.59,169.25,0
-712665000,"1947-06-02 13:30:00",168,171.35,167.43,170.28,0
-712060200,"1947-06-09 13:30:00",169.88,176.02,169.1,175.49,0
-711455400,"1947-06-16 13:30:00",175.81,177.52,174.25,176.44,0
-710850600,"1947-06-23 13:30:00",177.44,178.08,173.93,176.56,0
-710245800,"1947-06-30 13:30:00",177.3,182.07,175.82,181.73,0
-709641000,"1947-07-07 13:30:00",182.04,185.52,180.62,184.77,0
-709036200,"1947-07-14 13:30:00",185.6,187.15,182.51,184.6,0
-708431400,"1947-07-21 13:30:00",183.52,187.66,182.73,186.38,0
-707826600,"1947-07-28 13:30:00",184.95,187.51,179.77,183.81,0
-707221800,"1947-08-04 13:30:00",182.51,184.05,179.77,180.13,0
-706617000,"1947-08-11 13:30:00",178.98,181.58,178.22,181.04,0
-706012200,"1947-08-18 13:30:00",180.44,181.43,178.5,179.74,0
-705407400,"1947-08-25 13:30:00",177.57,179.78,176.54,178.85,0
-704802600,"1947-09-01 13:30:00",179.81,180.56,175.69,177.13,0
-704197800,"1947-09-08 13:30:00",175.14,177.11,174.02,175.92,0
-703593000,"1947-09-15 13:30:00",175.3,179.37,174.73,178.12,0
-702988200,"1947-09-22 13:30:00",178.02,178.76,174.42,174.86,0
-702379800,"1947-09-29 14:30:00",175.85,180.31,174.74,179.53,0
-701775000,"1947-10-06 14:30:00",180.08,181.34,178.26,180.44,0
-701170200,"1947-10-13 14:30:00",182.73,184.56,180.47,183.52,0
-700565400,"1947-10-20 14:30:00",185.29,186.24,181.55,182.53,0
-699960600,"1947-10-27 14:30:00",183.27,184.7,179.51,181.81,0
-699355800,"1947-11-03 14:30:00",182.65,183.57,180.61,181.54,0
-698751000,"1947-11-10 14:30:00",182.21,182.7,179.6,180.05,0
-698146200,"1947-11-17 14:30:00",180.4,183.97,179.57,182.61,0
-697541400,"1947-11-24 14:30:00",181.98,183.06,179.3,179.51,0
-696936600,"1947-12-01 14:30:00",180.61,181.77,175.46,176.1,0
-696331800,"1947-12-08 14:30:00",176.71,178.92,175.19,178.37,0
-695727000,"1947-12-15 14:30:00",179.69,180.64,178.62,180,0
-695122200,"1947-12-22 14:30:00",180.21,181.78,178.9,179.28,0
-694517400,"1947-12-29 14:30:00",178.58,181.82,177.93,181.04,0
-693912600,"1948-01-05 14:30:00",179.53,181.69,177.78,180.09,0
-693307800,"1948-01-12 14:30:00",179.33,180.62,176.28,177.15,0
-692703000,"1948-01-19 14:30:00",175.95,177.34,171.36,171.97,0
-692098200,"1948-01-26 14:30:00",171.18,175.58,170.7,174.76,0
-691493400,"1948-02-02 14:30:00",174.92,176.05,167.95,168.81,0
-690888600,"1948-02-09 14:30:00",169.82,170.83,164.07,166.33,0
-690283800,"1948-02-16 14:30:00",168.3,169.23,166.38,167.44,0
-689679000,"1948-02-23 14:30:00",167.8,169.01,165.92,166.8,0
-689074200,"1948-03-01 14:30:00",168.14,169.28,167.2,168.35,0
-688469400,"1948-03-08 14:30:00",167.71,169.13,166.04,166.99,0
-687864600,"1948-03-15 14:30:00",167.62,169.75,165.03,169.67,0
-687259800,"1948-03-22 14:30:00",173.66,175.23,172.71,174.05,0
-686655000,"1948-03-29 14:30:00",173.65,178.14,172.55,177.32,0
-686050200,"1948-04-05 14:30:00",177.92,179.91,177.06,179.16,0
-685445400,"1948-04-12 14:30:00",179.05,181.69,178.26,180.63,0
-684840600,"1948-04-19 14:30:00",181.05,184.48,179.49,183.78,0
-684239400,"1948-04-26 13:30:00",181.32,183.09,179.33,180.51,0
-683634600,"1948-05-03 13:30:00",181.09,183.2,179.47,182.29,0
-683029800,"1948-05-10 13:30:00",182.94,188.93,181.68,188.6,0
-682425000,"1948-05-17 13:30:00",190.44,191.44,187.46,189.78,0
-681820200,"1948-05-24 13:30:00",189.82,192.31,188.55,190.74,0
-681215400,"1948-05-31 13:30:00",191.18,192.18,189.56,190.18,0
-680610600,"1948-06-07 13:30:00",190.13,193.65,188.87,192.96,0
-680005800,"1948-06-14 13:30:00",192.86,194.49,190.56,191.65,0
-679401000,"1948-06-21 13:30:00",189.71,192.08,188.41,190,0
-678796200,"1948-06-28 13:30:00",187.9,190.45,186.56,190.06,0
-678191400,"1948-07-05 13:30:00",190.55,192.09,189.31,191.62,0
-677586600,"1948-07-12 13:30:00",191.47,192.38,184.98,185.9,0
-676981800,"1948-07-19 13:30:00",181.2,186.36,179.58,185.31,0
-676377000,"1948-07-26 13:30:00",184.17,187,180.04,181.33,0
-675772200,"1948-08-02 13:30:00",181.13,184.54,180.24,183.01,0
-675167400,"1948-08-09 13:30:00",182.26,183.75,177.4,179.63,0
-674562600,"1948-08-16 13:30:00",180.3,183.92,179.46,183.6,0
-673957800,"1948-08-23 13:30:00",181.75,183.55,181.45,183.21,0
-673353000,"1948-08-30 13:30:00",182.09,184.9,181.18,184.35,0
-672748200,"1948-09-06 13:30:00",185.36,185.64,179.04,180.61,0
-672143400,"1948-09-13 13:30:00",179.38,181.47,178.87,180.06,0
-671538600,"1948-09-20 13:30:00",177.37,179.93,176.94,179.28,0
-670930200,"1948-09-27 14:30:00",175.99,180.08,175.84,179.87,0
-670325400,"1948-10-04 14:30:00",181.7,183.1,180.52,182.02,0
-669720600,"1948-10-11 14:30:00",182.41,185.46,181.71,184.62,0
-669115800,"1948-10-18 14:30:00",185.33,190.08,184.63,189.76,0
-668511000,"1948-10-25 14:30:00",189.52,190.88,186.99,188.28,0
-667906200,"1948-11-01 14:30:00",189.76,190.45,178.11,178.38,0
-667301400,"1948-11-08 14:30:00",178.19,179.85,172.13,173.93,0
-666696600,"1948-11-15 14:30:00",176.01,177.96,174.37,176.98,0
-666091800,"1948-11-22 14:30:00",176.33,177.8,172.38,173.16,0
-665487000,"1948-11-29 14:30:00",171.99,175.34,170.35,175,0
-664882200,"1948-12-06 14:30:00",176.26,177.25,175.17,176.41,0
-664277400,"1948-12-13 14:30:00",177.34,178.43,175.17,175.92,0
-663672600,"1948-12-20 14:30:00",176.84,177.82,175.14,177.42,0
-663067800,"1948-12-27 14:30:00",177.4,179.15,175.19,177.3,0
-662463000,"1949-01-03 14:30:00",175.03,182.5,174.37,181.31,0
-661858200,"1949-01-10 14:30:00",180.57,181.66,178.19,178.8,0
-661253400,"1949-01-17 14:30:00",180.14,181.89,177.99,181,0
-660648600,"1949-01-24 14:30:00",180.83,182.28,177.88,178.82,0
-660043800,"1949-01-31 14:30:00",179.12,180.94,177.69,177.92,0
-659439000,"1949-02-07 14:30:00",174.43,176.76,171.03,171.93,0
-658834200,"1949-02-14 14:30:00",172.16,175.62,171.27,174.71,0
-658229400,"1949-02-21 14:30:00",174.19,174.67,170.56,171.1,0
-657624600,"1949-02-28 14:30:00",173.06,174.61,171.63,173.66,0
-657019800,"1949-03-07 14:30:00",175.55,176.87,174.3,176.52,0
-656415000,"1949-03-14 14:30:00",176.98,177.66,174.87,176.29,0
-655810200,"1949-03-21 14:30:00",175.61,177.37,174.32,175.83,0
-655205400,"1949-03-28 14:30:00",175.99,179.19,175.35,176.28,0
-654600600,"1949-04-04 14:30:00",176.59,177.78,175.34,176.44,0
-653995800,"1949-04-11 14:30:00",176.54,177.69,172.26,176.62,0
-653391000,"1949-04-18 14:30:00",177.16,177.71,172.64,173.42,0
-652789800,"1949-04-25 13:30:00",173.64,175.24,173.02,174.06,0
-652185000,"1949-05-02 13:30:00",174.53,177.18,173.86,175.5,0
-651580200,"1949-05-09 13:30:00",175.17,175.75,173.75,174.82,0
-650975400,"1949-05-16 13:30:00",175.76,176.26,172.86,173.49,0
-650370600,"1949-05-23 13:30:00",172.32,173.43,170.57,171.53,0
-649765800,"1949-05-30 13:30:00",168.36,171.6,166.53,167.24,0
-649161000,"1949-06-06 13:30:00",165.15,167.35,164.14,164.61,0
-648556200,"1949-06-13 13:30:00",161.6,165.03,160.62,163.78,0
-647951400,"1949-06-20 13:30:00",165.49,167.49,163.46,166.99,0
-647346600,"1949-06-27 13:30:00",166.79,168.61,164.65,168.08,0
-646741800,"1949-07-04 13:30:00",169.02,171.53,167.9,170.92,0
-646137000,"1949-07-11 13:30:00",170.81,174.02,170.1,173.48,0
-645532200,"1949-07-18 13:30:00",174.04,176.14,173.2,174.53,0
-644927400,"1949-07-25 13:30:00",175.12,177.04,174.28,175.92,0
-644322600,"1949-08-01 13:30:00",176.84,179.38,175.68,179.07,0
-643717800,"1949-08-08 13:30:00",180.54,181.15,178.62,179.29,0
-643113000,"1949-08-15 13:30:00",178.97,182.67,178.55,181.16,0
-642508200,"1949-08-22 13:30:00",180.53,181.33,177.86,179.24,0
-641903400,"1949-08-29 13:30:00",177.75,180.2,177.45,179.38,0
-641298600,"1949-09-05 13:30:00",179.2,181.3,178.65,180.24,0
-640693800,"1949-09-12 13:30:00",181.15,184.09,180.17,182.32,0
-640089000,"1949-09-19 13:30:00",181.42,182.13,177.63,181.3,0
-639480600,"1949-09-26 14:30:00",180.86,183.42,178.61,182.51,0
-638875800,"1949-10-03 14:30:00",182.67,185.99,180.9,185.27,0
-638271000,"1949-10-10 14:30:00",185.15,187.91,184.49,186.43,0
-637666200,"1949-10-17 14:30:00",184.72,187.65,183.94,186.2,0
-637061400,"1949-10-24 14:30:00",186.54,191.44,185.58,190.16,0
-636456600,"1949-10-31 14:30:00",189.54,193.63,189.15,191.29,0
-635851800,"1949-11-07 14:30:00",190.89,192.43,189.65,190.42,0
-635247000,"1949-11-14 14:30:00",187.27,193.97,186.98,193.41,0
-634642200,"1949-11-21 14:30:00",192.35,194.35,191.69,192.78,0
-634037400,"1949-11-28 14:30:00",192.24,194.16,190.54,193.63,0
-633432600,"1949-12-05 14:30:00",194.74,195.54,192.59,194.35,0
-632827800,"1949-12-12 14:30:00",196.17,199.13,194.39,197.88,0
-632223000,"1949-12-19 14:30:00",198.17,199.73,195.79,198.88,0
-631618200,"1949-12-26 14:30:00",198.28,200.91,197.73,200.52,0
-631013400,"1950-01-02 14:30:00",198.89,201.76,197.73,200.96,0
-630408600,"1950-01-09 14:30:00",201.98,202.92,193.94,196.81,0
-629803800,"1950-01-16 14:30:00",197.17,200.86,195.57,200.13,0
-629199000,"1950-01-23 14:30:00",200.42,201.39,196.64,199.08,0
-628594200,"1950-01-30 14:30:00",201.39,205.39,199.66,204.53,0
-627989400,"1950-02-06 14:30:00",204.59,205.39,201.6,203.49,0
-627384600,"1950-02-13 14:30:00",202.02,203.49,200.59,203.17,0
-626779800,"1950-02-20 14:30:00",203.47,204.87,202.31,204.15,0
-626175000,"1950-02-27 14:30:00",204.33,204.85,202.15,204.48,0
-625570200,"1950-03-06 14:30:00",204.88,205.65,201.14,202.44,0
-624965400,"1950-03-13 14:30:00",203.09,209.43,202.09,207.57,0
-624360600,"1950-03-20 14:30:00",207.78,210.67,207.38,209.78,0
-623755800,"1950-03-27 14:30:00",209.1,211.22,205.28,206.05,0
-623151000,"1950-04-03 14:30:00",208.44,212.68,205.93,212.1,0
-622546200,"1950-04-10 14:30:00",212.29,216.17,210.15,215.31,0
-621941400,"1950-04-17 14:30:00",214.41,216.32,212.67,214.14,0
-621336600,"1950-04-24 14:30:00",212.58,214.29,210.51,213.56,0
-620735400,"1950-05-01 13:30:00",215.81,217.13,214.05,215.72,0
-620130600,"1950-05-08 13:30:00",216.71,219.64,215.72,217.61,0
-619525800,"1950-05-15 13:30:00",218.04,222.79,216.87,222.11,0
-618921000,"1950-05-22 13:30:00",221.55,224.24,220.74,221.93,0
-618316200,"1950-05-29 13:30:00",222.47,224.34,221.16,223.71,0
-617711400,"1950-06-05 13:30:00",221.76,227.82,218.66,226.86,0
-617106600,"1950-06-12 13:30:00",228.38,229.2,221.79,222.71,0
-616501800,"1950-06-19 13:30:00",222.09,225.55,218.99,224.35,0
-615897000,"1950-06-26 13:30:00",213.91,220.75,206.03,209.11,0
-615292200,"1950-07-03 13:30:00",208.35,212.19,205.92,208.59,0
-614687400,"1950-07-10 13:30:00",208.09,209.42,195.4,199.83,0
-614082600,"1950-07-17 13:30:00",197.63,208.89,196.44,207.65,0
-613477800,"1950-07-24 13:30:00",206.95,209.56,201.91,208.21,0
-612873000,"1950-07-31 13:30:00",209.4,213.71,207.19,212.66,0
-612268200,"1950-08-07 13:30:00",215.82,217.53,212.48,215.03,0
-611663400,"1950-08-14 13:30:00",215.31,219.88,213.98,219.23,0
-611058600,"1950-08-21 13:30:00",220.21,222.17,217.1,218.1,0
-610453800,"1950-08-28 13:30:00",218.55,220.2,216.21,218.42,0
-609849000,"1950-09-04 13:30:00",220.02,220.91,217.15,220.03,0
-609244200,"1950-09-11 13:30:00",218.1,226.32,217.17,225.85,0
-608639400,"1950-09-18 13:30:00",226.78,228.17,223,226.64,0
-608031000,"1950-09-25 14:30:00",226.06,227.69,222,226.36,0
-607426200,"1950-10-02 14:30:00",228.94,232.5,226.46,231.74,0
-606821400,"1950-10-09 14:30:00",230.02,232.47,226.59,228.54,0
-606216600,"1950-10-16 14:30:00",227.5,232.01,225.39,230.33,0
-605611800,"1950-10-23 14:30:00",230.62,232.75,225.44,228.28,0
-605007000,"1950-10-30 14:30:00",226.42,230.05,223.07,228.1,0
-604402200,"1950-11-06 14:30:00",222.52,229.9,220.59,229.29,0
-603797400,"1950-11-13 14:30:00",229.44,231.01,226.7,230.27,0
-603192600,"1950-11-20 14:30:00",231.53,236.63,229.99,235.47,0
-602587800,"1950-11-27 14:30:00",234.96,236.09,223.82,228.89,0
-601983000,"1950-12-04 14:30:00",222.33,228.1,221.31,226.74,0
-601378200,"1950-12-11 14:30:00",229.19,231.13,223.19,224.7,0
-600773400,"1950-12-18 14:30:00",231.01,233.27,228.58,231.54,0
-600168600,"1950-12-25 14:30:00",229.65,236.52,228.44,235.42,0
-599563800,"1951-01-01 14:30:00",239.92,242.6,234.93,240.96,0
-598959000,"1951-01-08 14:30:00",242.29,245.87,239.12,243.81,0
-598354200,"1951-01-15 14:30:00",245.02,249.07,241.47,246.76,0
-597749400,"1951-01-22 14:30:00",244.33,247.48,240.11,244.51,0
-597144600,"1951-01-29 14:30:00",248.64,253.71,246.5,252.78,0
-596539800,"1951-02-05 14:30:00",255.17,256.06,250.92,254.24,0
-595935000,"1951-02-12 14:30:00",255.71,257.06,253.1,254.9,0
-595330200,"1951-02-19 14:30:00",251.67,255.08,248.78,252.18,0
-594725400,"1951-02-26 14:30:00",253.18,254.47,249.7,253.61,0
-594120600,"1951-03-05 14:30:00",251.82,254.27,250.23,252.75,0
-593515800,"1951-03-12 14:30:00",249.89,252,242.06,248.62,0
-592911000,"1951-03-19 14:30:00",248.08,251.57,246.45,250.52,0
-592306200,"1951-03-26 14:30:00",249.13,250.81,245.34,248.53,0
-591701400,"1951-04-02 14:30:00",246.63,252.22,244.98,250.83,0
-591096600,"1951-04-09 14:30:00",250.57,255.31,247.7,254.75,0
-590491800,"1951-04-16 14:30:00",254.85,257.3,253.44,254.82,0
-589887000,"1951-04-23 14:30:00",255.12,259.95,252.53,258.96,0
-589285800,"1951-04-30 13:30:00",259.13,264.44,257.99,262.77,0
-588681000,"1951-05-07 13:30:00",261.23,262.82,257.91,258.56,0
-588076200,"1951-05-14 13:30:00",256.08,258.1,250.01,250.1,0
-587471400,"1951-05-21 13:30:00",249.98,251.72,241.89,245.27,0
-586866600,"1951-05-28 13:30:00",247.03,251.68,245.6,249.33,0
-586261800,"1951-06-04 13:30:00",246.79,251.73,244.91,250.39,0
-585657000,"1951-06-11 13:30:00",251.56,255.05,248.73,254.03,0
-585052200,"1951-06-18 13:30:00",253.8,255.23,246.66,247.86,0
-584447400,"1951-06-25 13:30:00",245.3,247.98,240.72,242.64,0
-583842600,"1951-07-02 13:30:00",243.98,251.3,241.06,250.01,0
-583237800,"1951-07-09 13:30:00",250.65,255.36,249.09,254.32,0
-582633000,"1951-07-16 13:30:00",252.31,255.48,251.05,253.73,0
-582028200,"1951-07-23 13:30:00",255.68,260.79,253.44,259.23,0
-581423400,"1951-07-30 13:30:00",260.7,264.78,256.64,262.98,0
-580818600,"1951-08-06 13:30:00",265.21,266.52,260.67,261.92,0
-580213800,"1951-08-13 13:30:00",263.06,267.44,261.26,266.17,0
-579609000,"1951-08-20 13:30:00",266.19,267.66,262.8,266.3,0
-579004200,"1951-08-27 13:30:00",265.59,271.64,264.42,270.25,0
-578399400,"1951-09-03 13:30:00",270.63,274.54,269.49,273.89,0
-577794600,"1951-09-10 13:30:00",275.25,277.51,272.63,276.06,0
-577189800,"1951-09-17 13:30:00",275.09,277.12,270.21,272.11,0
-576585000,"1951-09-24 13:30:00",270.77,273.67,269.08,271.16,0
-575976600,"1951-10-01 14:30:00",272.56,277.3,270.23,275.63,0
-575371800,"1951-10-08 14:30:00",275.14,276.59,271.46,274.1,0
-574767000,"1951-10-15 14:30:00",275.74,276.93,269.23,269.68,0
-574162200,"1951-10-22 14:30:00",262.29,266.79,259.46,262.27,0
-573557400,"1951-10-29 14:30:00",260.43,265.82,256.39,261.94,0
-572952600,"1951-11-05 14:30:00",259.76,262.1,254.91,259.91,0
-572347800,"1951-11-12 14:30:00",260.41,262.29,259,260.39,0
-571743000,"1951-11-19 14:30:00",259.7,261.36,255.93,256.95,0
-571138200,"1951-11-26 14:30:00",257.44,261.92,255.2,261.27,0
-570533400,"1951-12-03 14:30:00",263.24,268.95,261.73,266.99,0
-569928600,"1951-12-10 14:30:00",267.38,268.45,264.33,265.71,0
-569323800,"1951-12-17 14:30:00",265.79,268.93,264.5,266.34,0
-568719000,"1951-12-24 14:30:00",265.79,269.02,263.26,268.18,0
-568114200,"1951-12-31 14:30:00",269.23,271.95,267.84,271.03,0
-567509400,"1952-01-07 14:30:00",270.34,272.6,266.34,270.31,0
-566904600,"1952-01-14 14:30:00",271.59,273,269.27,272.1,0
-566299800,"1952-01-21 14:30:00",274.1,276.26,272.32,273.41,0
-565695000,"1952-01-28 14:30:00",274.17,275.44,268.05,271.68,0
-565090200,"1952-02-04 14:30:00",269.79,272.64,266.8,269.85,0
-564485400,"1952-02-11 14:30:00",268.45,269.88,264.54,266.27,0
-563880600,"1952-02-18 14:30:00",265.35,266.94,257.46,259.6,0
-563275800,"1952-02-25 14:30:00",260.58,262.86,257.44,260.08,0
-562671000,"1952-03-03 14:30:00",260.08,266.17,258.95,263.87,0
-562066200,"1952-03-10 14:30:00",262.76,265.62,261.25,264.05,0
-561461400,"1952-03-17 14:30:00",264.08,267.05,262.59,265.62,0
-560856600,"1952-03-24 14:30:00",265.6,267.76,262.82,266.96,0
-560251800,"1952-03-31 14:30:00",269.46,270.4,264.45,265.62,0
-559647000,"1952-04-07 14:30:00",263.38,266.96,262.44,265.75,0
-559042200,"1952-04-14 14:30:00",264.1,267.11,258.4,260.52,0
-558437400,"1952-04-21 14:30:00",261.63,263.03,257.04,259.8,0
-557836200,"1952-04-28 13:30:00",259.95,260.96,254.7,260,0
-557231400,"1952-05-05 13:30:00",261.54,263.77,259.35,262.74,0
-556626600,"1952-05-12 13:30:00",261.72,263.04,258.66,259.82,0
-556021800,"1952-05-19 13:30:00",260.06,264.59,259.15,263.77,0
-555417000,"1952-05-26 13:30:00",264.22,265.17,261.62,262.94,0
-554812200,"1952-06-02 13:30:00",262.31,268.95,260.83,268.03,0
-554207400,"1952-06-09 13:30:00",269.15,269.92,266.33,268.56,0
-553602600,"1952-06-16 13:30:00",267.83,270.84,266.8,270.19,0
-552997800,"1952-06-23 13:30:00",269.5,272.95,268.64,272.44,0
-552393000,"1952-06-30 13:30:00",274.26,276.25,272.3,274.95,0
-551788200,"1952-07-07 13:30:00",274.2,275.62,271.73,274.22,0
-551183400,"1952-07-14 13:30:00",275.08,278.02,273.11,273.9,0
-550578600,"1952-07-21 13:30:00",274.91,280.05,273.17,277.71,0
-549973800,"1952-07-28 13:30:00",277.94,280.49,276.92,279.8,0
-549369000,"1952-08-04 13:30:00",279.87,280.92,277.88,279.84,0
-548764200,"1952-08-11 13:30:00",280.29,281.47,276.54,277.37,0
-548159400,"1952-08-18 13:30:00",274.31,277.19,272.95,274.43,0
-547554600,"1952-08-25 13:30:00",273.57,275.93,272.28,275.04,0
-546949800,"1952-09-01 13:30:00",276.1,278.16,275.1,276.5,0
-546345000,"1952-09-08 13:30:00",275.87,277.55,269.56,271.02,0
-545740200,"1952-09-15 13:30:00",268.38,271.26,267.08,270.55,0
-545135400,"1952-09-22 13:30:00",270.77,273.74,269.48,271.95,0
-544527000,"1952-09-29 14:30:00",271.73,272.76,269.21,270.55,0
-543922200,"1952-10-06 14:30:00",270,272.36,268.97,270.61,0
-543317400,"1952-10-13 14:30:00",270.43,271.59,263.33,267.3,0
-542712600,"1952-10-20 14:30:00",266.63,268.06,262.01,265.46,0
-542107800,"1952-10-27 14:30:00",265.9,269.96,264.54,269.23,0
-541503000,"1952-11-03 14:30:00",270.23,274.77,268.79,273.47,0
-540898200,"1952-11-10 14:30:00",273.47,274.39,271.16,273.27,0
-540293400,"1952-11-17 14:30:00",274.45,281.16,272.44,279.32,0
-539688600,"1952-11-24 14:30:00",281.08,284.65,278.67,283.66,0
-539083800,"1952-12-01 14:30:00",283.7,285.2,280.68,282.06,0
-538479000,"1952-12-08 14:30:00",283.62,286.32,281.45,285.2,0
-537874200,"1952-12-15 14:30:00",285.99,287.58,284.41,286.52,0
-537269400,"1952-12-22 14:30:00",288.02,289.18,285.55,288.23,0
-536664600,"1952-12-29 14:30:00",289.65,293.56,287.66,292.14,0
-536059800,"1953-01-05 14:30:00",293.79,295.03,286.09,287.52,0
-535455000,"1953-01-12 14:30:00",285.24,288.87,284.29,287.17,0
-534850200,"1953-01-19 14:30:00",286.97,289.16,285.3,286.89,0
-534245400,"1953-01-26 14:30:00",286.54,290.46,285.12,289.77,0
-533640600,"1953-02-02 14:30:00",290.03,290.94,282.14,282.85,0
-533035800,"1953-02-09 14:30:00",281.96,283.86,279.93,283.11,0
-532431000,"1953-02-16 14:30:00",282.18,284.25,279.72,281.89,0
-531826200,"1953-02-23 14:30:00",282.99,285.95,281.93,284.27,0
-531221400,"1953-03-02 14:30:00",284.71,286.4,282.46,284.82,0
-530616600,"1953-03-09 14:30:00",284.9,289.59,283.17,289.04,0
-530011800,"1953-03-16 14:30:00",289.52,291.96,288.08,289.69,0
-529407000,"1953-03-23 14:30:00",287.39,290.78,285.63,287.33,0
-528802200,"1953-03-30 14:30:00",283.07,286.16,277.53,280.03,0
-528197400,"1953-04-06 14:30:00",274.1,279.42,271.99,275.5,0
-527592600,"1953-04-13 14:30:00",274.73,278.79,273.7,274.41,0
-526987800,"1953-04-20 14:30:00",275.99,277.88,269.25,271.26,0
-526386600,"1953-04-27 13:30:00",272.7,276.37,271.3,275.66,0
-525781800,"1953-05-04 13:30:00",278.34,280.01,275.52,278.22,0
-525177000,"1953-05-11 13:30:00",278.79,279.78,275.1,277.9,0
-524572200,"1953-05-18 13:30:00",276.92,279.84,274.81,278.16,0
-523967400,"1953-05-25 13:30:00",277.47,278.73,270.65,272.28,0
-523362600,"1953-06-01 13:30:00",268.4,272.64,266.17,268.32,0
-522757800,"1953-06-08 13:30:00",267.91,269.46,260.89,265.78,0
-522153000,"1953-06-15 13:30:00",263.87,267.2,260.75,265.8,0
-521548200,"1953-06-22 13:30:00",267.26,270.31,265.88,269.05,0
-520943400,"1953-06-29 13:30:00",268.2,271.44,267.06,270.53,0
-520338600,"1953-07-06 13:30:00",270.88,272.82,269.94,271.06,0
-519733800,"1953-07-13 13:30:00",268.52,271.59,266.96,270.96,0
-519129000,"1953-07-20 13:30:00",269.74,271.14,267.95,269.76,0
-518524200,"1953-07-27 13:30:00",268.46,275.85,267.3,275.38,0
-517919400,"1953-08-03 13:30:00",276.13,277.19,273.19,275.54,0
-517314600,"1953-08-10 13:30:00",275.32,278.3,273.72,275.71,0
-516709800,"1953-08-17 13:30:00",275.04,276.13,270.06,271.93,0
-516105000,"1953-08-24 13:30:00",268.7,271.99,264.65,265.74,0
-515500200,"1953-08-31 13:30:00",261.22,265.7,260.32,264.34,0
-514895400,"1953-09-07 13:30:00",265.42,266.23,258.94,259.71,0
-514290600,"1953-09-14 13:30:00",255.49,261.3,254.36,258.78,0
-513685800,"1953-09-21 13:30:00",258.01,264.06,257.36,263.31,0
-513077400,"1953-09-28 14:30:00",264.79,267.59,262.94,266.7,0
-512472600,"1953-10-05 14:30:00",265.48,267.97,262.45,267.04,0
-511867800,"1953-10-12 14:30:00",266.09,273.94,265.36,272.8,0
-511263000,"1953-10-19 14:30:00",273.31,276.52,271.14,275.34,0
-510658200,"1953-10-26 14:30:00",274.43,277.04,271.85,275.81,0
-510053400,"1953-11-02 14:30:00",276.72,280.33,274.83,278.83,0
-509448600,"1953-11-09 14:30:00",278.26,279.93,274.63,277.53,0
-508843800,"1953-11-16 14:30:00",275.93,278.57,273.01,276.05,0
-508239000,"1953-11-23 14:30:00",275.42,280.78,273.8,280.23,0
-507634200,"1953-11-30 14:30:00",281.37,285.2,279.46,282.71,0
-507029400,"1953-12-07 14:30:00",282,283.5,278.38,279.91,0
-506424600,"1953-12-14 14:30:00",279.26,284.55,277.49,283.54,0
-505819800,"1953-12-21 14:30:00",282.99,284.69,278.14,280.92,0
-505215000,"1953-12-28 14:30:00",279.91,282.18,275.91,280.9,0
-504610200,"1954-01-04 14:30:00",282.89,285.67,279.72,281.51,0
-504005400,"1954-01-11 14:30:00",279.87,288.1,278.91,286.72,0
-503400600,"1954-01-18 14:30:00",286.03,290.86,284.69,289.65,0
-502795800,"1954-01-25 14:30:00",290.4,294.56,288.27,292.39,0
-502191000,"1954-02-01 14:30:00",291.84,295.43,289.2,293.97,0
-501586200,"1954-02-08 14:30:00",293.58,294.92,291.27,293.99,0
-500981400,"1954-02-15 14:30:00",292.55,297.67,287.37,291.07,0
-500376600,"1954-02-22 14:30:00",290.03,295.19,287.84,294.54,0
-499771800,"1954-03-01 14:30:00",296.55,300.68,294.23,299.45,0
-499167000,"1954-03-08 14:30:00",298.64,302.17,297.09,299.71,0
-498562200,"1954-03-15 14:30:00",298.88,302.65,296.14,301.44,0
-497957400,"1954-03-22 14:30:00",301.6,302.8,294.76,299.04,0
-497352600,"1954-03-29 14:30:00",300.06,307.95,297.66,306.67,0
-496747800,"1954-04-05 14:30:00",307.04,310.32,301.7,309.39,0
-496143000,"1954-04-12 14:30:00",309.19,314.44,307.44,313.77,0
-495538200,"1954-04-19 14:30:00",311.78,316.15,309.05,313.37,0
-494937000,"1954-04-26 13:30:00",314.54,321.71,309.37,319.33,0
-494332200,"1954-05-03 13:30:00",319.35,323.13,316.45,321.3,0
-493727400,"1954-05-10 13:30:00",321.32,323.8,318.22,322.5,0
-493122600,"1954-05-17 13:30:00",323.33,327.43,321.1,326.09,0
-492517800,"1954-05-24 13:30:00",326.09,328.93,323.27,327.49,0
-491913000,"1954-05-31 13:30:00",328.67,330.45,326.21,327.63,0
-491308200,"1954-06-07 13:30:00",327.96,329.54,315.66,322.09,0
-490703400,"1954-06-14 13:30:00",322.65,329.49,320.67,327.91,0
-490098600,"1954-06-21 13:30:00",328.56,335.09,326.33,332.53,0
-489493800,"1954-06-28 13:30:00",336.12,338.78,330.68,337.66,0
-488889000,"1954-07-05 13:30:00",341.12,343.2,337.62,341.25,0
-488284200,"1954-07-12 13:30:00",340.91,343.59,337.37,339.96,0
-487679400,"1954-07-19 13:30:00",338.64,344.92,334.8,343.48,0
-487074600,"1954-07-26 13:30:00",343.39,349.21,341.42,347.92,0
-486469800,"1954-08-02 13:30:00",349.57,351.5,339.64,343.06,0
-485865000,"1954-08-09 13:30:00",340.87,348.53,338.7,346.64,0
-485260200,"1954-08-16 13:30:00",349.61,352.27,344.77,350.38,0
-484655400,"1954-08-23 13:30:00",347.64,351.08,341.1,344.48,0
-484050600,"1954-08-30 13:30:00",341.25,345.07,333.21,343.1,0
-483445800,"1954-09-06 13:30:00",345.37,349.38,341.82,347.83,0
-482841000,"1954-09-13 13:30:00",351.1,356.4,347.83,355.32,0
-482236200,"1954-09-20 13:30:00",353.48,362.9,352.24,361.67,0
-481627800,"1954-09-27 14:30:00",362.26,366.02,358.59,359.88,0
-481023000,"1954-10-04 14:30:00",362.73,366.4,359.35,363.77,0
-480418200,"1954-10-11 14:30:00",361.43,364.98,351.54,353.2,0
-479813400,"1954-10-18 14:30:00",354.35,360.46,351.84,358.61,0
-479208600,"1954-10-25 14:30:00",356.34,360.82,350.72,352.14,0
-478603800,"1954-11-01 14:30:00",353.96,368.5,350.16,366,0
-477999000,"1954-11-08 14:30:00",369.46,379.73,365.28,377.1,0
-477394200,"1954-11-15 14:30:00",376.74,382.06,373.85,378.01,0
-476789400,"1954-11-22 14:30:00",379.47,388.96,376.82,387.79,0
-476184600,"1954-11-29 14:30:00",388.51,391.74,381.81,389.6,0
-475579800,"1954-12-06 14:30:00",392.48,395.67,388.41,390.08,0
-474975000,"1954-12-13 14:30:00",389.79,396.34,385.03,394.94,0
-474370200,"1954-12-20 14:30:00",397.32,400.04,393.31,397.15,0
-473765400,"1954-12-27 14:30:00",393.88,407.17,392.06,404.39,0
-473160600,"1955-01-03 14:30:00",408.89,412.47,387.09,395.6,0
-472555800,"1955-01-10 14:30:00",400.89,402.88,394.88,396.54,0
-471951000,"1955-01-17 14:30:00",388.2,397.64,385.65,395.9,0
-471346200,"1955-01-24 14:30:00",396,406.98,392.14,404.68,0
-470741400,"1955-01-31 14:30:00",408.83,411.63,403.51,409.76,0
-470136600,"1955-02-07 14:30:00",409.59,416.55,403.73,413.99,0
-469531800,"1955-02-14 14:30:00",411.39,415.42,408.55,411.63,0
-468927000,"1955-02-21 14:30:00",411.28,414.21,406.35,409.5,0
-468322200,"1955-02-28 14:30:00",411.87,421.83,408.18,419.68,0
-467717400,"1955-03-07 14:30:00",416.84,420.85,398.56,401.08,0
-467112600,"1955-03-14 14:30:00",391.36,408.09,387.5,404.75,0
-466507800,"1955-03-21 14:30:00",402.4,416.64,401.28,414.77,0
-465903000,"1955-03-28 14:30:00",412.91,416.16,407.96,413.84,0
-465298200,"1955-04-04 14:30:00",412.97,419.79,411.84,418.2,0
-464693400,"1955-04-11 14:30:00",418.77,427.23,416.27,425.45,0
-464088600,"1955-04-18 14:30:00",428.42,431.18,423.24,425.52,0
-463487400,"1955-04-25 13:30:00",426.86,432.76,420.52,425.65,0
-462882600,"1955-05-02 13:30:00",426.3,428.27,419.18,423.84,0
-462277800,"1955-05-09 13:30:00",424.32,426.32,414.43,419.57,0
-461673000,"1955-05-16 13:30:00",415.01,423.84,412.6,422.89,0
-461068200,"1955-05-23 13:30:00",420.32,427.71,417.16,425.66,0
-460463400,"1955-05-30 13:30:00",424.86,430.25,422.48,428.53,0
-459858600,"1955-06-06 13:30:00",431.49,439.8,427.37,437.72,0
-459253800,"1955-06-13 13:30:00",440.17,445.42,437.45,444.08,0
-458649000,"1955-06-20 13:30:00",444.38,451.49,443.13,448.93,0
-458044200,"1955-06-27 13:30:00",449.86,456.11,444.74,453.82,0
-457439400,"1955-07-04 13:30:00",459.42,471.15,454.8,461.18,0
-456834600,"1955-07-11 13:30:00",464.24,468.99,454.82,460.23,0
-456229800,"1955-07-18 13:30:00",460.07,466.28,453.39,464.69,0
-455625000,"1955-07-25 13:30:00",468.02,471.73,463.26,465.85,0
-455020200,"1955-08-01 13:30:00",460.25,467.48,452.37,456.4,0
-454415400,"1955-08-08 13:30:00",454.05,459.28,445.67,457.01,0
-453810600,"1955-08-15 13:30:00",456.09,458.87,449.88,453.57,0
-453205800,"1955-08-22 13:30:00",452.55,465.3,450.76,463.7,0
-452601000,"1955-08-29 13:30:00",464.37,473.52,462.7,472.53,0
-451996200,"1955-09-05 13:30:00",476.24,478.8,472.48,474.59,0
-451391400,"1955-09-12 13:30:00",476.51,485.73,473.02,483.67,0
-450786600,"1955-09-19 13:30:00",483.8,489.94,480.84,487.45,0
-450181800,"1955-09-26 13:30:00",455.56,475.13,446.74,466.62,0
-449577000,"1955-10-03 13:30:00",455.7,465.4,451.05,454.41,0
-448972200,"1955-10-10 13:30:00",441.14,452.97,433.19,444.68,0
-448367400,"1955-10-17 13:30:00",446.13,460.66,443.68,458.47,0
-447762600,"1955-10-24 13:30:00",460.82,463.02,451.21,454.85,0
-447154200,"1955-10-31 14:30:00",454.87,468.7,452.12,467.35,0
-446549400,"1955-11-07 14:30:00",470.58,478.7,466.73,476.54,0
-445944600,"1955-11-14 14:30:00",484.88,490.75,478.89,482.91,0
-445339800,"1955-11-21 14:30:00",477.3,485.97,476.42,482.88,0
-444735000,"1955-11-28 14:30:00",480.96,485.95,478.87,482.72,0
-444130200,"1955-12-05 14:30:00",487.16,490.56,483.15,487.64,0
-443525400,"1955-12-12 14:30:00",483.72,487.42,478.32,482.08,0
-442920600,"1955-12-19 14:30:00",481.8,489.45,478.59,486.59,0
-442315800,"1955-12-26 14:30:00",485.81,490.33,482.77,488.4,0
-441711000,"1956-01-02 14:30:00",485.78,490.92,481.01,485.68,0
-441106200,"1956-01-09 14:30:00",479.74,487.91,472.65,481.8,0
-440501400,"1956-01-16 14:30:00",476.24,481.5,463.16,464.4,0
-439896600,"1956-01-23 14:30:00",462.35,472.57,458.21,466.56,0
-439291800,"1956-01-30 14:30:00",467.56,479.1,465.23,477.44,0
-438687000,"1956-02-06 14:30:00",478.57,481.8,465.14,467.66,0
-438082200,"1956-02-13 14:30:00",467.17,477.91,463.89,477.05,0
-437477400,"1956-02-20 14:30:00",476.46,487.3,473.28,485.66,0
-436872600,"1956-02-27 14:30:00",485,491.09,482.48,488.84,0
-436267800,"1956-03-05 14:30:00",491.68,499.09,488.57,497.84,0
-435663000,"1956-03-12 14:30:00",500.24,509.61,496.45,507.6,0
-435058200,"1956-03-19 14:30:00",509.76,515.15,505.85,513.03,0
-434453400,"1956-03-26 14:30:00",512.42,515.86,506.21,511.79,0
-433848600,"1956-04-02 14:30:00",515.1,522.86,510.67,521.05,0
-433243800,"1956-04-09 14:30:00",518.52,524.37,506.73,509.99,0
-432639000,"1956-04-16 14:30:00",509.15,512.83,502.45,507.2,0
-432034200,"1956-04-23 14:30:00",507.28,513.98,500.99,512.03,0
-431433000,"1956-04-30 13:30:00",516.12,519.8,510.93,516.44,0
-430828200,"1956-05-07 13:30:00",512.89,518.5,497.57,501.25,0
-430223400,"1956-05-14 13:30:00",497.28,505.79,490.73,496.39,0
-429618600,"1956-05-21 13:30:00",491.62,496.13,469.31,472.49,0
-429013800,"1956-05-28 13:30:00",468.81,483.53,463.85,480.63,0
-428409000,"1956-06-04 13:30:00",483.22,485.82,467.99,475.29,0
-427804200,"1956-06-11 13:30:00",479.41,489.69,476.15,485.91,0
-427199400,"1956-06-18 13:30:00",483.91,491.46,481.18,487.95,0
-426594600,"1956-06-25 13:30:00",486.43,494.82,484.83,492.78,0
-425989800,"1956-07-02 13:30:00",491.92,506.24,488.36,504.14,0
-425385000,"1956-07-09 13:30:00",506.52,512.36,503.24,511.1,0
-424780200,"1956-07-16 13:30:00",512.98,517.59,510.17,514.57,0
-424175400,"1956-07-23 13:30:00",513.61,517.62,507.85,512.3,0
-423570600,"1956-07-30 13:30:00",513.42,523.33,508.59,520.27,0
-422965800,"1956-08-06 13:30:00",513.88,523.24,509.65,517.38,0
-422361000,"1956-08-13 13:30:00",514.4,521.11,512.08,515.79,0
-421756200,"1956-08-20 13:30:00",511.24,516.26,500.84,507.91,0
-421151400,"1956-08-27 13:30:00",505.7,510.28,492.19,502.04,0
-420546600,"1956-09-03 13:30:00",507.66,512.68,501.17,506.76,0
-419941800,"1956-09-10 13:30:00",505.56,509.79,497.56,500.32,0
-419337000,"1956-09-17 13:30:00",498.76,502.4,482.86,490.33,0
-418732200,"1956-09-24 13:30:00",487.7,492.08,474.23,475.25,0
-418127400,"1956-10-01 13:30:00",468.7,484.06,463.83,482.39,0
-417522600,"1956-10-08 13:30:00",483.38,491.18,479.22,490.19,0
-416917800,"1956-10-15 13:30:00",489.4,493.01,481.57,486.12,0
-416313000,"1956-10-22 13:30:00",485.27,487.98,478.29,486.06,0
-415704600,"1956-10-29 14:30:00",486.94,494.11,476.83,490.47,0
-415099800,"1956-11-05 14:30:00",495.37,500.52,483.21,485.35,0
-414495000,"1956-11-12 14:30:00",487.05,490.71,478.15,480.67,0
-413890200,"1956-11-19 14:30:00",474.56,481.05,466.16,472.56,0
-413285400,"1956-11-26 14:30:00",470.29,476.89,460.41,472.78,0
-412680600,"1956-12-03 14:30:00",480.61,497.09,474.26,494.79,0
-412075800,"1956-12-10 14:30:00",493.18,498.95,486.03,492.08,0
-411471000,"1956-12-17 14:30:00",493.75,497.7,489.1,494.38,0
-410866200,"1956-12-24 14:30:00",496.74,500.32,493.89,496.41,0
-410261400,"1956-12-31 14:30:00",499.47,502.57,492.06,498.22,0
-409656600,"1957-01-07 14:30:00",495.2,500.9,490.77,493.81,0
-409051800,"1957-01-14 14:30:00",489.29,494.49,476.23,477.46,0
-408447000,"1957-01-21 14:30:00",475.9,483.57,471.06,478.34,0
-407842200,"1957-01-28 14:30:00",474.59,483.02,473.14,477.22,0
-407237400,"1957-02-04 14:30:00",477.19,479.54,463.19,466.29,0
-406632600,"1957-02-11 14:30:00",457.44,468.83,453.07,468.07,0
-406027800,"1957-02-18 14:30:00",467.4,471.22,463.63,466.93,0
-405423000,"1957-02-25 14:30:00",466.9,470.34,463.4,468.91,0
-404818200,"1957-03-04 14:30:00",471.48,477.58,468.15,471.63,0
-404213400,"1957-03-11 14:30:00",469.5,476.12,466.69,474.28,0
-403608600,"1957-03-18 14:30:00",472.3,476.38,470.17,472.94,0
-403003800,"1957-03-25 14:30:00",471.51,477.32,468.91,474.81,0
-402399000,"1957-04-01 14:30:00",474.98,481.08,473.09,477.61,0
-401794200,"1957-04-08 14:30:00",479.04,488.76,475.86,486.72,0
-401189400,"1957-04-15 14:30:00",485.84,489.43,482.22,488.03,0
-400584600,"1957-04-22 14:30:00",488.79,497.22,485.9,491.5,0
-399983400,"1957-04-29 13:30:00",493.95,501.34,490.77,497.54,0
-399378600,"1957-05-06 13:30:00",496.32,500.46,492.29,498.3,0
-398773800,"1957-05-13 13:30:00",502.21,508.87,498.16,505.6,0
-398169000,"1957-05-20 13:30:00",505.98,508.75,500.9,504.02,0
-397564200,"1957-05-27 13:30:00",499.21,507.76,494.42,504.93,0
-396959400,"1957-06-03 13:30:00",503.76,508.14,499.38,505.63,0
-396354600,"1957-06-10 13:30:00",503.76,514.38,497.78,511.79,0
-395749800,"1957-06-17 13:30:00",513.19,516.81,497.81,500,0
-395145000,"1957-06-24 13:30:00",497.08,506.53,492.87,503.29,0
-394540200,"1957-07-01 13:30:00",503.29,518.7,500.75,516.89,0
-393935400,"1957-07-08 13:30:00",518.41,522.2,513.51,520.77,0
-393330600,"1957-07-15 13:30:00",520.16,523.11,512.08,515.73,0
-392725800,"1957-07-22 13:30:00",515.32,518.26,512.46,514.59,0
-392121000,"1957-07-29 13:30:00",508.25,515.64,501.98,505.1,0
-391516200,"1957-08-05 13:30:00",500.78,505.57,490.25,496.78,0
-390911400,"1957-08-12 13:30:00",492.32,496.23,482.1,488.2,0
-390306600,"1957-08-19 13:30:00",478.95,488.23,474.52,475.74,0
-389701800,"1957-08-26 13:30:00",470.14,484.82,469.03,484.35,0
-389097000,"1957-09-02 13:30:00",486.13,487.59,476.76,478.63,0
-388492200,"1957-09-09 13:30:00",474.28,483.68,467.1,481.02,0
-387887400,"1957-09-16 13:30:00",478.08,481.08,466.75,468.42,0
-387282600,"1957-09-23 13:30:00",458.96,466.02,452.19,456.89,0
-386677800,"1957-09-30 13:30:00",456.3,468.15,454.7,461.7,0
-386073000,"1957-10-07 13:30:00",452.42,462.14,434.15,441.16,0
-385468200,"1957-10-14 13:30:00",443.78,450.93,432.69,433.83,0
-384863400,"1957-10-21 13:30:00",423.06,443.38,416.15,435.15,0
-384255000,"1957-10-28 14:30:00",432.14,446.06,429.37,434.71,0
-383650200,"1957-11-04 14:30:00",434.04,440.6,425.46,434.12,0
-383045400,"1957-11-11 14:30:00",434.94,442.82,426.51,439.35,0
-382440600,"1957-11-18 14:30:00",434.96,445.64,427.23,442.68,0
-381835800,"1957-11-25 14:30:00",444.38,452.49,434.43,449.87,0
-381231000,"1957-12-02 14:30:00",446.91,452.16,444,447.2,0
-380626200,"1957-12-09 14:30:00",443.76,447.49,435.87,440.48,0
-380021400,"1957-12-16 14:30:00",433.4,440.3,424.15,427.2,0
-379416600,"1957-12-23 14:30:00",428.08,437.39,423.86,432.9,0
-378811800,"1957-12-30 14:30:00",431.78,446.08,428.35,444.56,0
-378207000,"1958-01-06 14:30:00",442.56,449.61,436.83,438.68,0
-377602200,"1958-01-13 14:30:00",439.71,453.25,434.37,444.12,0
-376997400,"1958-01-20 14:30:00",447.29,452.28,444,450.66,0
-376392600,"1958-01-27 14:30:00",448.46,453.63,445.41,450.02,0
-375787800,"1958-02-03 14:30:00",453.98,459.77,446.73,448.76,0
-375183000,"1958-02-10 14:30:00",445.94,448.52,438.13,444.44,0
-374578200,"1958-02-17 14:30:00",442.27,446.47,437.33,439.62,0
-373973400,"1958-02-24 14:30:00",437.19,442.24,434.04,439.92,0
-373368600,"1958-03-03 14:30:00",443.38,452.81,439.24,451.49,0
-372763800,"1958-03-10 14:30:00",451.9,457.27,448.96,453.04,0
-372159000,"1958-03-17 14:30:00",448.23,453.57,443.41,452.49,0
-371554200,"1958-03-24 14:30:00",453.75,455.36,446.64,448.61,0
-370949400,"1958-03-31 14:30:00",446.76,450.05,437.98,440.5,0
-370344600,"1958-04-07 14:30:00",440.09,445.2,437.25,441.24,0
-369739800,"1958-04-14 14:30:00",443.76,450.75,440.06,449.31,0
-369135000,"1958-04-21 14:30:00",450.72,457.1,445.88,454.92,0
-368533800,"1958-04-28 13:30:00",454.51,460.56,449.78,459.56,0
-367929000,"1958-05-05 13:30:00",461.12,465.32,457.39,462.56,0
-367324200,"1958-05-12 13:30:00",460.74,463.7,453.84,457.1,0
-366719400,"1958-05-19 13:30:00",455.98,463.32,454.16,461.03,0
-366114600,"1958-05-26 13:30:00",461.06,463.85,457.92,462.7,0
-365509800,"1958-06-02 13:30:00",466.11,471.75,462.7,469.6,0
-364905000,"1958-06-09 13:30:00",469.46,476.56,465.58,474.77,0
-364300200,"1958-06-16 13:30:00",476.56,482.11,470.81,473.6,0
-363695400,"1958-06-23 13:30:00",471.66,478.09,467.37,475.42,0
-363090600,"1958-06-30 13:30:00",478.18,482.26,474.33,480.17,0
-362485800,"1958-07-07 13:30:00",481.85,484.23,475.01,482.85,0
-361881000,"1958-07-14 13:30:00",476.89,489.89,472.07,486.55,0
-361276200,"1958-07-21 13:30:00",493.36,502.64,487.1,501.76,0
-360671400,"1958-07-28 13:30:00",502.81,508.39,497.38,505.43,0
-360066600,"1958-08-04 13:30:00",510.33,513.47,500.32,510.13,0
-359461800,"1958-08-11 13:30:00",512.42,514.44,504.66,506.13,0
-358857000,"1958-08-18 13:30:00",502.67,509.66,499.82,508.28,0
-358252200,"1958-08-25 13:30:00",508.28,513.33,505.37,508.63,0
-357647400,"1958-09-01 13:30:00",511.77,516.59,508.39,512.77,0
-357042600,"1958-09-08 13:30:00",515.23,523.57,511.77,519.43,0
-356437800,"1958-09-15 13:30:00",523.4,529.45,517.47,526.48,0
-355833000,"1958-09-22 13:30:00",524.01,530.68,520.87,526.83,0
-355228200,"1958-09-29 13:30:00",529.04,536.82,525.54,533.73,0
-354623400,"1958-10-06 13:30:00",536.29,545.74,533.21,543.36,0
-354018600,"1958-10-13 13:30:00",545.95,549.71,529.42,546.36,0
-353413800,"1958-10-20 13:30:00",544.19,548.36,536.43,539.52,0
-352805400,"1958-10-27 14:30:00",535,546.83,530.94,543.22,0
-352200600,"1958-11-03 14:30:00",545.16,559.43,540.28,554.26,0
-351595800,"1958-11-10 14:30:00",557.72,566.91,552.64,564.68,0
-350991000,"1958-11-17 14:30:00",567.44,572.05,558.16,559.57,0
-350386200,"1958-11-24 14:30:00",544.89,559.04,538.43,557.46,0
-349781400,"1958-12-01 14:30:00",560.07,563.3,554.55,556.75,0
-349176600,"1958-12-08 14:30:00",556.08,569.5,553.7,562.27,0
-348571800,"1958-12-15 14:30:00",563.98,577.9,559.96,573.17,0
-347967000,"1958-12-22 14:30:00",571.23,574.84,564.15,572.73,0
-347362200,"1958-12-29 14:30:00",577.31,590.38,572.73,587.59,0
-346757400,"1959-01-05 14:30:00",590.17,594.84,580.54,592.72,0
-346152600,"1959-01-12 14:30:00",592.64,599.89,586.85,595.75,0
-345547800,"1959-01-19 14:30:00",594.4,601.74,590.32,596.07,0
-344943000,"1959-01-26 14:30:00",592.37,599.77,584.71,593.96,0
-344338200,"1959-02-02 14:30:00",592.23,597.66,580.54,582.33,0
-343733400,"1959-02-09 14:30:00",574.46,589.91,571.73,587.97,0
-343128600,"1959-02-16 14:30:00",587.91,603.91,583.62,602.21,0
-342523800,"1959-02-23 14:30:00",602.91,607.61,596.84,603.5,0
-341919000,"1959-03-02 14:30:00",605.03,615.77,600.89,609.52,0
-341314200,"1959-03-09 14:30:00",609.96,618.8,605.44,614.69,0
-340709400,"1959-03-16 14:30:00",607.88,617.15,605.64,610.37,0
-340104600,"1959-03-23 14:30:00",605.56,612.78,601.5,606.58,0
-339499800,"1959-03-30 14:30:00",602.65,614.39,599.21,611.93,0
-338895000,"1959-04-06 14:30:00",611.16,616.42,602.12,605.97,0
-338290200,"1959-04-13 14:30:00",607.76,626.66,603.47,624.06,0
-337685400,"1959-04-20 14:30:00",627.08,632.17,618.94,627.39,0
-337084200,"1959-04-27 13:30:00",629.87,635.29,620.49,625.06,0
-336479400,"1959-05-04 13:30:00",625.06,630.84,611.68,621.36,0
-335874600,"1959-05-11 13:30:00",625.03,640.92,620.58,634.53,0
-335269800,"1959-05-18 13:30:00",633.53,639.19,626.84,634.74,0
-334665000,"1959-05-25 13:30:00",632.35,647.24,629.41,643.79,0
-334060200,"1959-06-01 13:30:00",643.51,648.65,625.97,629.98,0
-333455400,"1959-06-08 13:30:00",621.62,634.14,613.11,627.42,0
-332850600,"1959-06-15 13:30:00",624.59,633.87,618.28,629.76,0
-332245800,"1959-06-22 13:30:00",631.71,643.51,627.61,639.25,0
-331641000,"1959-06-29 13:30:00",643.06,659.18,638.33,654.76,0
-331036200,"1959-07-06 13:30:00",660.09,668.26,653.79,663.56,0
-330431400,"1959-07-13 13:30:00",657.35,665.45,653.53,657.13,0
-329826600,"1959-07-20 13:30:00",654.54,668.23,651.83,663.72,0
-329221800,"1959-07-27 13:30:00",669.08,678.67,663.34,674.88,0
-328617000,"1959-08-03 13:30:00",678.1,683.9,666.71,668.57,0
-328012200,"1959-08-10 13:30:00",653.79,665.14,647.93,658.74,0
-327407400,"1959-08-17 13:30:00",658.42,663.02,639.34,655.39,0
-326802600,"1959-08-24 13:30:00",653.22,666.71,650.57,663.06,0
-326197800,"1959-08-31 13:30:00",664.41,667.72,644.51,652.18,0
-325593000,"1959-09-07 13:30:00",642.69,651.74,630.45,637.36,0
-324988200,"1959-09-14 13:30:00",633.79,641.08,621.97,625.78,0
-324383400,"1959-09-21 13:30:00",618.15,637.73,613.3,632.59,0
-323778600,"1959-09-28 13:30:00",636.47,643.6,625.4,636.57,0
-323173800,"1959-10-05 13:30:00",637.01,640.76,631.24,636.98,0
-322569000,"1959-10-12 13:30:00",638.55,646.53,632.28,643.22,0
-321964200,"1959-10-19 13:30:00",639.66,643.88,624.55,633.07,0
-321355800,"1959-10-26 14:30:00",637.61,649.4,633.07,646.6,0
-320751000,"1959-11-02 14:30:00",645.46,654.38,641.01,650.92,0
-320146200,"1959-11-09 14:30:00",650.92,658.86,640.01,641.71,0
-319541400,"1959-11-16 14:30:00",634.46,649.97,630.99,645.46,0
-318936600,"1959-11-23 14:30:00",646.75,655.58,641.77,652.52,0
-318331800,"1959-11-30 14:30:00",659.18,668.7,651.55,664,0
-317727000,"1959-12-07 14:30:00",665.67,679.36,661.83,670.5,0
-317122200,"1959-12-14 14:30:00",675.07,681,669.02,676.65,0
-316517400,"1959-12-21 14:30:00",675.92,681.54,666.93,670.69,0
-315912600,"1959-12-28 14:30:00",669.77,682.72,665.96,679.36,0
-315307800,"1960-01-04 14:30:00",679.06,688.21,671.38,675.73,0
-314703000,"1960-01-11 14:30:00",667.16,676.74,653.11,659.68,0
-314098200,"1960-01-18 14:30:00",653.86,662.06,641.4,645.85,0
-313493400,"1960-01-25 14:30:00",639.07,648.83,619.51,622.62,0
-312888600,"1960-02-01 14:30:00",626.2,640.3,619.68,626.77,0
-312283800,"1960-02-08 14:30:00",619.43,631.79,610.17,622.23,0
-311679000,"1960-02-15 14:30:00",617.58,630.26,603.34,628.45,0
-311074200,"1960-02-22 14:30:00",626.19,636.3,620.79,632,0
-310469400,"1960-02-29 14:30:00",630.12,635.31,600.36,609.79,0
-309864600,"1960-03-07 14:30:00",604.02,614.61,596.2,605.83,0
-309259800,"1960-03-14 14:30:00",606.79,620.9,602.96,616.42,0
-308655000,"1960-03-21 14:30:00",617,627.86,613.99,622.47,0
-308050200,"1960-03-28 14:30:00",621.78,625.68,612.94,615.98,0
-307445400,"1960-04-04 14:30:00",618.54,634.08,613.35,628.1,0
-306840600,"1960-04-11 14:30:00",624.89,632.54,621.41,630.12,0
-306235800,"1960-04-18 14:30:00",630.77,637.16,614.47,616.32,0
-305634600,"1960-04-25 13:30:00",611.13,617,598.35,601.7,0
-305029800,"1960-05-02 13:30:00",599.61,613.79,596.61,607.62,0
-304425000,"1960-05-09 13:30:00",607.48,618.2,601.7,616.03,0
-303820200,"1960-05-16 13:30:00",617.39,631.44,611.76,625.24,0
-303215400,"1960-05-23 13:30:00",623.66,629.34,616.87,624.78,0
-302610600,"1960-05-30 13:30:00",625.5,634.33,620.61,628.98,0
-302005800,"1960-06-06 13:30:00",636.92,663.64,627.19,654.88,0
-301401000,"1960-06-13 13:30:00",655.85,661.45,644,650.89,0
-300796200,"1960-06-20 13:30:00",647.52,654.09,639.22,647.01,0
-300191400,"1960-06-27 13:30:00",642.49,650.75,634.37,641.3,0
-299586600,"1960-07-04 13:30:00",640.91,650.1,636.27,646.91,0
-298981800,"1960-07-11 13:30:00",640.44,649.17,627.47,630.24,0
-298377000,"1960-07-18 13:30:00",626,632.93,605.45,609.87,0
-297772200,"1960-07-25 13:30:00",601.68,618.35,597.3,616.73,0
-297167400,"1960-08-01 13:30:00",617.85,622.37,600.28,614.29,0
-296562600,"1960-08-08 13:30:00",614.79,630.53,609.15,626.18,0
-295957800,"1960-08-15 13:30:00",624.17,631.42,621.15,629.27,0
-295353000,"1960-08-22 13:30:00",630.71,645.3,625.53,636.13,0
-294748200,"1960-08-29 13:30:00",634.46,639.31,620.93,625.22,0
-294143400,"1960-09-05 13:30:00",620.85,627.58,607.39,614.12,0
-293538600,"1960-09-12 13:30:00",609.35,615.05,598.22,602.18,0
-292933800,"1960-09-19 13:30:00",586.76,601.18,581.91,585.2,0
-292329000,"1960-09-26 13:30:00",577.14,584.76,565.49,580.14,0
-291724200,"1960-10-03 13:30:00",577.81,590.82,569.04,586.42,0
-291119400,"1960-10-10 13:30:00",587.31,599.51,583.17,596.48,0
-290514600,"1960-10-17 13:30:00",593.34,600.03,575.4,577.55,0
-289909800,"1960-10-24 13:30:00",571.93,583.8,564.23,577.92,0
-289301400,"1960-10-31 14:30:00",580.36,599.4,573.11,596.07,0
-288696600,"1960-11-07 14:30:00",597.63,614.09,587.35,608.61,0
-288091800,"1960-11-14 14:30:00",604.8,611.61,598.66,603.62,0
-287487000,"1960-11-21 14:30:00",604.54,608.57,597,606.47,0
-286882200,"1960-11-28 14:30:00",605.43,611.31,589.82,596,0
-286277400,"1960-12-05 14:30:00",593.49,612.86,590.79,610.9,0
-285672600,"1960-12-12 14:30:00",611.94,620.37,606.8,617.78,0
-285067800,"1960-12-19 14:30:00",615.56,621.33,608.28,613.23,0
-284463000,"1960-12-26 14:30:00",613.38,620.8,609.65,615.89,0
-283858200,"1961-01-02 14:30:00",610.25,628.35,606.09,621.64,0
-283253400,"1961-01-09 14:30:00",624.42,636.2,620.12,633.65,0
-282648600,"1961-01-16 14:30:00",633.19,639.17,625.49,634.37,0
-282043800,"1961-01-23 14:30:00",639.82,648.17,632.66,643.59,0
-281439000,"1961-01-30 14:30:00",650.64,657.2,642.33,652.97,0
-280834200,"1961-02-06 14:30:00",645.65,653.65,635.55,639.67,0
-280229400,"1961-02-13 14:30:00",637.04,656.36,632.81,651.67,0
-279624600,"1961-02-20 14:30:00",653.65,659.56,648.55,655.6,0
-279019800,"1961-02-27 14:30:00",660.44,676.14,652.59,671.57,0
-278415000,"1961-03-06 14:30:00",674.46,678.23,658.57,663.56,0
-277810200,"1961-03-13 14:30:00",664.44,681.63,656.36,676.48,0
-277205400,"1961-03-20 14:30:00",678.84,685.32,668.59,672.48,0
-276600600,"1961-03-27 14:30:00",671.03,682.01,665.73,676.63,0
-275995800,"1961-04-03 14:30:00",677.59,687.76,671.79,683.68,0
-275391000,"1961-04-10 14:30:00",692.06,700.31,684.16,693.72,0
-274786200,"1961-04-17 14:30:00",696.72,700.75,678.79,685.26,0
-274181400,"1961-04-24 14:30:00",672.66,688.98,671.64,678.71,0
-273580200,"1961-05-01 13:30:00",677.05,697.31,672.98,690.67,0
-272975400,"1961-05-08 13:30:00",689.06,695.41,682.06,687.91,0
-272370600,"1961-05-15 13:30:00",692.37,709,684.47,705.96,0
-271765800,"1961-05-22 13:30:00",702.44,714.69,686.13,696.28,0
-271161000,"1961-05-29 13:30:00",696.72,703.04,691.39,697.7,0
-270556200,"1961-06-05 13:30:00",703.43,708.88,695.26,700.9,0
-269951400,"1961-06-12 13:30:00",696.76,702.29,681.16,685.5,0
-269346600,"1961-06-19 13:30:00",680.68,692.81,673.49,688.66,0
-268741800,"1961-06-26 13:30:00",681.16,690.04,676.3,683.96,0
-268137000,"1961-07-03 13:30:00",689.81,698.97,681.91,692.73,0
-267532200,"1961-07-10 13:30:00",693.16,698.49,682.58,690.95,0
-266927400,"1961-07-17 13:30:00",684.59,693.48,674.8,682.81,0
-266322600,"1961-07-24 13:30:00",682.14,709.75,678.27,705.13,0
-265717800,"1961-07-31 13:30:00",705.37,723.57,700.51,720.69,0
-265113000,"1961-08-07 13:30:00",719.58,726.57,712.95,722.61,0
-264508200,"1961-08-14 13:30:00",718.93,727.54,712.62,723.54,0
-263903400,"1961-08-21 13:30:00",724.75,730.17,709.54,716.7,0
-263298600,"1961-08-28 13:30:00",716.01,724.95,709.78,721.19,0
-262693800,"1961-09-04 13:30:00",718.72,733.53,716.26,720.91,0
-262089000,"1961-09-11 13:30:00",714.36,727.66,710.23,716.3,0
-261484200,"1961-09-18 13:30:00",711.24,716.94,698.7,701.57,0
-260879400,"1961-09-25 13:30:00",691.87,706.18,688.87,701.21,0
-260274600,"1961-10-02 13:30:00",699.83,714.07,693.12,708.25,0
-259669800,"1961-10-09 13:30:00",705.42,712.05,700.12,703.31,0
-259065000,"1961-10-16 13:30:00",703.15,710.43,698.62,705.62,0
-258460200,"1961-10-23 13:30:00",698.98,708.73,693.77,698.74,0
-257851800,"1961-10-30 14:30:00",701.09,712.62,696.35,709.26,0
-257247000,"1961-11-06 14:30:00",714.6,727.46,707.11,724.83,0
-256642200,"1961-11-13 14:30:00",728.43,741.3,721.27,729.53,0
-256037400,"1961-11-20 14:30:00",730.09,737.58,724.06,732.6,0
-255432600,"1961-11-27 14:30:00",731.99,738.38,717.88,728.8,0
-254827800,"1961-12-04 14:30:00",731.22,737.62,722.24,728.23,0
-254223000,"1961-12-11 14:30:00",732.56,739.88,725.72,729.4,0
-253618200,"1961-12-18 14:30:00",727.71,734.91,714.6,720.87,0
-253013400,"1961-12-25 14:30:00",723.09,738.79,717.92,731.14,0
-252408600,"1962-01-01 14:30:00",724.71,734.38,709.74,714.84,0
-251803800,"1962-01-08 14:30:00",708.98,717.71,698.42,711.73,0
-251199000,"1962-01-15 14:30:00",709.5,715,690.21,700.72,0
-250594200,"1962-01-22 14:30:00",701.98,706.27,689.11,692.19,0
-249989400,"1962-01-29 14:30:00",689.92,709.34,686.89,706.55,0
-249384600,"1962-02-05 14:30:00",706.14,719.86,702.06,714.27,0
-248779800,"1962-02-12 14:30:00",714.92,721.39,709.14,716.46,0
-248175000,"1962-02-19 14:30:00",714.36,720.14,705.09,709.54,0
-247570200,"1962-02-26 14:30:00",706.22,715.89,702.91,711,0
-246965400,"1962-03-05 14:30:00",709.99,718.28,703.88,714.44,0
-246360600,"1962-03-12 14:30:00",714.68,727.14,709.62,722.27,0
-245755800,"1962-03-19 14:30:00",720.38,725.28,713.02,716.46,0
-245151000,"1962-03-26 14:30:00",710.67,717.88,703.27,706.95,0
-244546200,"1962-04-02 14:30:00",705.42,709.74,693.32,699.63,0
-243941400,"1962-04-09 14:30:00",692.96,703.68,679.08,687.9,0
-243336600,"1962-04-16 14:30:00",684.06,696.8,681.18,694.25,0
-242731800,"1962-04-23 14:30:00",694.61,700.04,668.4,672.2,0
-242130600,"1962-04-30 13:30:00",665.33,679.2,655.44,671.2,0
-241525800,"1962-05-07 13:30:00",670.99,675.74,637.45,640.63,0
-240921000,"1962-05-14 13:30:00",646.2,660.64,626.85,650.7,0
-240316200,"1962-05-21 13:30:00",648.59,652.14,606.18,611.88,0
-239711400,"1962-05-28 13:30:00",576.93,625,553.75,611.05,0
-239106600,"1962-06-04 13:30:00",593.68,611.82,584.12,601.61,0
-238501800,"1962-06-11 13:30:00",595.17,603.2,556.09,578.18,0
-237897000,"1962-06-18 13:30:00",574.21,583.08,537.56,539.19,0
-237292200,"1962-06-25 13:30:00",536.77,569.06,524.55,561.28,0
-236687400,"1962-07-02 13:30:00",573.75,586.3,557.31,576.17,0
-236082600,"1962-07-09 13:30:00",580.82,599.02,569.65,590.19,0
-235477800,"1962-07-16 13:30:00",588.1,591.23,568.02,577.18,0
-234873000,"1962-07-23 13:30:00",577.47,586.8,568.1,585,0
-234268200,"1962-07-30 13:30:00",591.44,601.15,583.87,596.38,0
-233663400,"1962-08-06 13:30:00",593.24,598.56,582.12,592.32,0
-233058600,"1962-08-13 13:30:00",595.29,611.98,590.65,610.02,0
-232453800,"1962-08-20 13:30:00",612.86,622.02,605.79,613.74,0
-231849000,"1962-08-27 13:30:00",612.57,616.84,598.81,609.18,0
-231244200,"1962-09-03 13:30:00",602.45,612.44,594.08,600.86,0
-230639400,"1962-09-10 13:30:00",602.03,609.77,595.38,605.84,0
-230034600,"1962-09-17 13:30:00",607.63,612.44,589.52,591.78,0
-229429800,"1962-09-24 13:30:00",582.91,591.28,572.16,578.98,0
-228825000,"1962-10-01 13:30:00",571.95,588.47,569.23,586.59,0
-228220200,"1962-10-08 13:30:00",586.09,594,582.7,586.47,0
-227615400,"1962-10-15 13:30:00",589.69,594.12,570.44,573.29,0
-227010600,"1962-10-22 13:30:00",568.6,578.52,549.65,569.02,0
-226402200,"1962-10-29 14:30:00",579.35,609.43,576.13,604.58,0
-225797400,"1962-11-05 14:30:00",610.48,620.06,602.66,616.13,0
-225192600,"1962-11-12 14:30:00",624.41,636.25,617.38,630.98,0
-224587800,"1962-11-19 14:30:00",626.21,649.26,624.03,644.87,0
-223983000,"1962-11-26 14:30:00",642.06,655.95,638.34,649.3,0
-223378200,"1962-12-03 14:30:00",646.41,658.76,642.06,652.1,0
-222773400,"1962-12-10 14:30:00",645.08,655.07,638.88,648.09,0
-222168600,"1962-12-17 14:30:00",645.49,652.69,636.88,646.41,0
-221563800,"1962-12-24 14:30:00",647.71,655.07,643.65,651.43,0
-220959000,"1962-12-31 14:30:00",652.1,665.66,643.57,662.23,0
-220354200,"1963-01-07 14:30:00",662.14,674.23,657.83,671.6,0
-219749400,"1963-01-14 14:30:00",675.74,680.8,665.07,672.52,0
-219144600,"1963-01-21 14:30:00",675.24,683.81,668.42,679.71,0
-218539800,"1963-01-28 14:30:00",682.89,686.91,675.28,683.19,0
-217935000,"1963-02-04 14:30:00",682.01,687.2,672.6,679.92,0
-217330200,"1963-02-11 14:30:00",674.74,689.67,669.84,686.07,0
-216725400,"1963-02-18 14:30:00",688.96,694.27,675.87,681.64,0
-216120600,"1963-02-25 14:30:00",674.61,682.06,656.66,659.72,0
-215515800,"1963-03-04 14:30:00",667.04,675.57,659.22,672.43,0
-214911000,"1963-03-11 14:30:00",674.02,680.93,670.01,676.33,0
-214306200,"1963-03-18 14:30:00",673.56,680.68,669.17,677.83,0
-213701400,"1963-03-25 14:30:00",678.17,687.37,674.94,682.52,0
-213096600,"1963-04-01 14:30:00",685.86,703.77,680.55,702.43,0
-212491800,"1963-04-08 14:30:00",706.03,711.34,698.25,708.45,0
-211887000,"1963-04-15 14:30:00",711.38,716.74,705.19,711.68,0
-211282200,"1963-04-22 14:30:00",711.01,721.92,707.83,717.16,0
-210681000,"1963-04-29 13:30:00",715.11,724.69,711.93,718.08,0
-210076200,"1963-05-06 13:30:00",713.77,726.48,708.16,723.3,0
-209471400,"1963-05-13 13:30:00",723.01,728.63,717.22,724.81,0
-208866600,"1963-05-20 13:30:00",720.18,728.76,716.45,720.53,0
-208261800,"1963-05-27 13:30:00",718.25,730.43,714.26,726.96,0
-207657000,"1963-06-03 13:30:00",726.27,732.97,719.41,722.41,0
-207052200,"1963-06-10 13:30:00",716.49,727.6,711.65,722.03,0
-206447400,"1963-06-17 13:30:00",718.21,724.81,711.95,720.78,0
-205842600,"1963-06-24 13:30:00",718.42,723.87,702.42,706.88,0
-205237800,"1963-07-01 13:30:00",701.35,719.02,698.86,716.45,0
-204633000,"1963-07-08 13:30:00",710.66,717.22,705.21,707.7,0
-204028200,"1963-07-15 13:30:00",703.28,708.86,689.21,693.89,0
-203423400,"1963-07-22 13:30:00",688.74,696.2,684.41,689.38,0
-202818600,"1963-07-29 13:30:00",690.71,701.99,686.68,697.83,0
-202213800,"1963-08-05 13:30:00",702.55,710.62,697.1,708.39,0
-201609000,"1963-08-12 13:30:00",710.27,722.93,705.51,719.32,0
-201004200,"1963-08-19 13:30:00",718.81,726.02,712.59,723.14,0
-200399400,"1963-08-26 13:30:00",724.17,731.68,717.95,729.32,0
-199794600,"1963-09-02 13:30:00",732.02,742.66,728.76,735.37,0
-199189800,"1963-09-09 13:30:00",732.92,746.18,730.09,740.13,0
-198585000,"1963-09-16 13:30:00",738.46,749.27,734.98,743.6,0
-197980200,"1963-09-23 13:30:00",740.43,753.04,731.55,737.98,0
-197375400,"1963-09-30 13:30:00",732.79,750.98,728.63,745.06,0
-196770600,"1963-10-07 13:30:00",743.86,749.91,733.69,741.76,0
-196165800,"1963-10-14 13:30:00",741.84,755.83,738.03,750.6,0
-195561000,"1963-10-21 13:30:00",752.31,759.9,742.4,755.61,0
-194952600,"1963-10-28 14:30:00",759.39,767.24,749.78,753.73,0
-194347800,"1963-11-04 14:30:00",749.22,757.12,738.41,750.81,0
-193743000,"1963-11-11 14:30:00",753.77,756.82,737.9,740,0
-193138200,"1963-11-18 14:30:00",734.85,747.51,710.83,711.49,0
-192533400,"1963-11-25 14:30:00",743.52,752.39,732.96,750.52,0
-191928600,"1963-12-02 14:30:00",751.91,767.21,746.78,760.25,0
-191323800,"1963-12-09 14:30:00",759.08,764.29,754.04,760.17,0
-190719000,"1963-12-16 14:30:00",761.64,773.07,756.12,762.08,0
-190114200,"1963-12-23 14:30:00",758.3,767.77,752.82,762.95,0
-189509400,"1963-12-30 14:30:00",759.9,771.73,756.64,767.68,0
-188904600,"1964-01-06 14:30:00",769.51,780.59,764.77,774.33,0
-188299800,"1964-01-13 14:30:00",773.12,781.71,768.38,775.69,0
-187695000,"1964-01-20 14:30:00",773.03,787.65,767.8,783.04,0
-187090200,"1964-01-27 14:30:00",785.34,791.63,778.88,785.34,0
-186485400,"1964-02-03 14:30:00",784.72,795.4,777.99,791.59,0
-185880600,"1964-02-10 14:30:00",788.71,799.07,786.58,794.56,0
-185275800,"1964-02-17 14:30:00",796.19,800.93,791.32,796.99,0
-184671000,"1964-02-24 14:30:00",797.12,803.46,792.96,800.14,0
-184066200,"1964-03-02 14:30:00",802.75,810.19,798.05,806.03,0
-183461400,"1964-03-09 14:30:00",807.18,819.85,803.37,816.22,0
-182856600,"1964-03-16 14:30:00",816.48,824.72,810.81,814.93,0
-182251800,"1964-03-23 14:30:00",813.6,819.45,808.6,815.91,0
-181647000,"1964-03-30 14:30:00",815.29,828.49,809.79,822.99,0
-181042200,"1964-04-06 14:30:00",824.76,829.42,818.87,821.75,0
-180437400,"1964-04-13 14:30:00",821.31,831.63,818.12,827.33,0
-179832600,"1964-04-20 14:30:00",824.54,830.7,813.51,814.89,0
-179231400,"1964-04-27 13:30:00",811.87,821.97,807.18,817.1,0
-178626600,"1964-05-04 13:30:00",823.83,836.06,816.39,828.57,0
-178021800,"1964-05-11 13:30:00",827.07,832.78,819.63,826.23,0
-177417000,"1964-05-18 13:30:00",821.31,829.33,813.96,820.87,0
-176812200,"1964-05-25 13:30:00",820.25,825.47,812.63,820.56,0
-176207400,"1964-06-01 13:30:00",818.56,824.94,800.76,806.03,0
-175602600,"1964-06-08 13:30:00",800.31,815.15,796.9,809.39,0
-174997800,"1964-06-15 13:30:00",813.56,829.42,808.11,825.25,0
-174393000,"1964-06-22 13:30:00",826.38,833.05,819.8,830.99,0
-173788200,"1964-06-29 13:30:00",830.94,844.75,826.31,841.47,0
-173183400,"1964-07-06 13:30:00",844.24,852.52,838.01,847.51,0
-172578600,"1964-07-13 13:30:00",845.55,854.11,839.27,851.35,0
-171973800,"1964-07-20 13:30:00",849.39,855.19,841.71,845.64,0
-171369000,"1964-07-27 13:30:00",841.05,849.53,833.47,841.1,0
-170764200,"1964-08-03 13:30:00",840.35,844.28,820.78,829.16,0
-170159400,"1964-08-10 13:30:00",829.35,844,825.18,838.81,0
-169554600,"1964-08-17 13:30:00",840.21,847.19,835.39,838.62,0
-168949800,"1964-08-24 13:30:00",837.31,843.21,826.59,839.09,0
-168345000,"1964-08-31 13:30:00",838.48,850.84,834.59,848.31,0
-167740200,"1964-09-07 13:30:00",851.91,870.64,847.61,867.13,0
-167135400,"1964-09-14 13:30:00",866.24,873.92,857.35,865.12,0
-166530600,"1964-09-21 13:30:00",871.58,879.26,866.47,874.71,0
-165925800,"1964-09-28 13:30:00",875.46,880.24,867.36,872.65,0
-165321000,"1964-10-05 13:30:00",877.15,882.39,869.56,878.08,0
-164716200,"1964-10-12 13:30:00",877.57,881.88,861.42,873.54,0
-164111400,"1964-10-19 13:30:00",876.21,886.28,870.41,877.62,0
-163503000,"1964-10-26 14:30:00",877.01,883.33,867.79,873.08,0
-162898200,"1964-11-02 14:30:00",875.51,881.27,867.64,876.87,0
-162293400,"1964-11-09 14:30:00",874.57,880,866.8,874.11,0
-161688600,"1964-11-16 14:30:00",880.1,897,870.22,890.72,0
-161083800,"1964-11-23 14:30:00",889.29,894.83,874.47,882.12,0
-160479000,"1964-11-30 14:30:00",875.43,885.22,861.08,870.93,0
-159874200,"1964-12-07 14:30:00",873.99,881.35,858.46,864.34,0
-159269400,"1964-12-14 14:30:00",860.65,872.22,850.19,868.73,0
-158664600,"1964-12-21 14:30:00",869.74,876.38,863.19,868.16,0
-158059800,"1964-12-28 14:30:00",867.01,879.78,858.26,874.13,0
-157455000,"1965-01-04 14:30:00",869.78,888.62,865.1,882.6,0
-156850200,"1965-01-11 14:30:00",883.22,895.12,877.43,891.15,0
-156245400,"1965-01-18 14:30:00",895.21,902.1,887.81,893.59,0
-155640600,"1965-01-25 14:30:00",896.46,907.79,890.82,902.86,0
-155035800,"1965-02-01 14:30:00",903.68,911.8,897.7,901.57,0
-154431000,"1965-02-08 14:30:00",897.89,905.54,879.97,888.47,0
-153826200,"1965-02-15 14:30:00",885.32,895.26,877.48,885.61,0
-153221400,"1965-02-22 14:30:00",891.96,908.26,884.6,903.48,0
-152616600,"1965-03-01 14:30:00",899.76,907.4,886.28,895.98,0
-152011800,"1965-03-08 14:30:00",896.84,905.16,888.81,900.33,0
-151407000,"1965-03-15 14:30:00",899.85,907.88,892.2,895.79,0
-150802200,"1965-03-22 14:30:00",896.12,904.88,888.51,891.66,0
-150197400,"1965-03-29 14:30:00",887.82,897.31,884.68,893.38,0
-149592600,"1965-04-05 14:30:00",893.23,905.77,888.27,901.29,0
-148987800,"1965-04-12 14:30:00",906.36,917.01,899.9,911.91,0
-148383000,"1965-04-19 14:30:00",912.76,921.51,903.81,916.41,0
-147781800,"1965-04-26 13:30:00",916.86,925.42,910.21,922.31,0
-147177000,"1965-05-03 13:30:00",922.11,938.12,916.66,932.52,0
-146572200,"1965-05-10 13:30:00",931.47,944.82,925.62,939.62,0
-145967400,"1965-05-17 13:30:00",930.67,941.52,918.66,922.01,0
-145362600,"1965-05-24 13:30:00",914.21,927.48,904.82,918.04,0
-144757800,"1965-05-31 13:30:00",908.53,921.85,894.69,900.87,0
-144153000,"1965-06-07 13:30:00",902.15,907.47,869.35,881.7,0
-143548200,"1965-06-14 13:30:00",868.71,888.44,859.13,879.17,0
-142943400,"1965-06-21 13:30:00",874.12,882.18,849.75,854.36,0
-142338600,"1965-06-28 13:30:00",840.59,878.4,832.74,875.16,0
-141733800,"1965-07-05 13:30:00",873.18,885.04,866.71,879.49,0
-141129000,"1965-07-12 13:30:00",877.96,889.98,872.47,880.43,0
-140524200,"1965-07-19 13:30:00",880.26,884.54,857.71,863.97,0
-139919400,"1965-07-26 13:30:00",867.26,885.31,858.42,881.74,0
-139314600,"1965-08-02 13:30:00",881.85,888.11,874.78,882.51,0
-138709800,"1965-08-09 13:30:00",879.77,891.95,875.43,888.32,0
-138105000,"1965-08-16 13:30:00",891.13,901.39,884.71,889.92,0
-137500200,"1965-08-23 13:30:00",887.07,901.88,883.5,895.96,0
-136895400,"1965-08-30 13:30:00",895.63,910.28,886.96,907.97,0
-136290600,"1965-09-06 13:30:00",910.11,924,904.3,918.95,0
-135685800,"1965-09-13 13:30:00",920.92,935.46,913.41,928.99,0
-135081000,"1965-09-20 13:30:00",931.18,938.37,918.89,929.54,0
-134476200,"1965-09-27 13:30:00",937.88,944.96,923.23,929.65,0
-133871400,"1965-10-04 13:30:00",930.86,944.08,924.05,938.32,0
-133266600,"1965-10-11 13:30:00",942.65,948.3,933.87,940.68,0
-132661800,"1965-10-18 13:30:00",945.84,959.39,939.31,952.42,0
-132057000,"1965-10-25 13:30:00",948.14,967.46,944.3,960.82,0
-131448600,"1965-11-01 14:30:00",958.96,969.98,953.06,959.46,0
-130843800,"1965-11-08 14:30:00",953.95,961.8,945.76,956.29,0
-130239000,"1965-11-15 14:30:00",955.9,963.91,945.26,952.72,0
-129634200,"1965-11-22 14:30:00",946.38,956.06,941.48,948.16,0
-129029400,"1965-11-29 14:30:00",946.93,954.84,937.24,946.1,0
-128424600,"1965-12-06 14:30:00",939.53,959.63,924.44,952.72,0
-127819800,"1965-12-13 14:30:00",951.55,967.14,946.54,957.85,0
-127215000,"1965-12-20 14:30:00",952.22,974.16,947.16,966.36,0
-126610200,"1965-12-27 14:30:00",959.79,976.61,950.05,969.26,0
-126005400,"1966-01-03 14:30:00",968.54,992.26,961.91,986.13,0
-125400600,"1966-01-10 14:30:00",985.41,994.09,980.23,987.3,0
-124795800,"1966-01-17 14:30:00",989.75,1000.55,980.62,988.14,0
-124191000,"1966-01-24 14:30:00",991.42,999.22,979.95,985.35,0
-123586200,"1966-01-31 14:30:00",983.51,992.53,967.81,986.35,0
-122981400,"1966-02-07 14:30:00",989.69,1001.11,979.28,989.03,0
-122376600,"1966-02-14 14:30:00",987.69,995.6,966.31,975.22,0
-121771800,"1966-02-21 14:30:00",966.48,977.11,946.1,953,0
-121167000,"1966-02-28 14:30:00",951.89,960.41,922.27,932.34,0
-120562200,"1966-03-07 14:30:00",917.76,941.42,909.57,927.95,0
-119957400,"1966-03-14 14:30:00",917.09,930.01,905.4,922.88,0
-119352600,"1966-03-21 14:30:00",929.17,942.92,921.65,929.95,0
-118747800,"1966-03-28 14:30:00",932.62,940.36,915.31,931.29,0
-118143000,"1966-04-04 14:30:00",937.86,952.39,930.57,945.76,0
-117538200,"1966-04-11 14:30:00",942.42,957.4,930.01,947.77,0
-116933400,"1966-04-18 14:30:00",941.98,961.91,934.02,949.83,0
-116332200,"1966-04-25 13:30:00",950.55,957.51,927.22,933.68,0
-115727400,"1966-05-02 13:30:00",931.95,939.64,882.9,902.83,0
-115122600,"1966-05-09 13:30:00",886.8,908.4,868.65,876.11,0
-114517800,"1966-05-16 13:30:00",867.53,887.86,859.13,876.89,0
-113913000,"1966-05-23 13:30:00",882.46,900.33,873.49,897.04,0
-113308200,"1966-05-30 13:30:00",884.07,899.61,877.33,887.86,0
-112703400,"1966-06-06 13:30:00",881.68,896.77,870.32,891.75,0
-112098600,"1966-06-13 13:30:00",897.6,910.35,889.75,894.26,0
-111493800,"1966-06-20 13:30:00",892.76,908.51,887.24,897.16,0
-110889000,"1966-06-27 13:30:00",888.97,904.06,858.9,877.06,0
-110284200,"1966-07-04 13:30:00",875.27,898.44,869.09,894.04,0
-109679400,"1966-07-11 13:30:00",893.09,901.16,875.33,889.36,0
-109074600,"1966-07-18 13:30:00",888.41,892.98,864.97,869.15,0
-108469800,"1966-07-25 13:30:00",852.83,870.43,843.76,847.38,0
-107865000,"1966-08-01 13:30:00",835.18,860.57,827.28,852.39,0
-107260200,"1966-08-08 13:30:00",849.05,854.78,830.56,840.53,0
-106655400,"1966-08-15 13:30:00",843.85,845.65,801.5,804.62,0
-106050600,"1966-08-22 13:30:00",792.03,807.79,776.22,780.56,0
-105445800,"1966-08-29 13:30:00",767.03,798.94,759.52,787.69,0
-104841000,"1966-09-05 13:30:00",782.34,795.15,763.36,775.55,0
-104236200,"1966-09-12 13:30:00",790.59,822.93,775.61,814.3,0
-103631400,"1966-09-19 13:30:00",810.85,818.54,785.69,790.97,0
-103026600,"1966-09-26 13:30:00",792.7,805.45,763.91,774.22,0
-102421800,"1966-10-03 13:30:00",757.96,778.11,739.64,744.32,0
-101817000,"1966-10-10 13:30:00",754.51,791.09,735.74,771.71,0
-101212200,"1966-10-17 13:30:00",778.89,799.22,770.82,787.3,0
-100607400,"1966-10-24 13:30:00",787.75,816.64,780.34,807.96,0
-99999000,"1966-10-31 14:30:00",807.07,815.92,793.54,805.06,0
-99394200,"1966-11-07 14:30:00",802.22,822.38,796.38,819.09,0
-98789400,"1966-11-14 14:30:00",813.75,827.33,804.95,809.4,0
-98184600,"1966-11-21 14:30:00",798.16,807.73,785.46,803.34,0
-97579800,"1966-11-28 14:30:00",801.16,808.24,783.51,789.47,0
-96975000,"1966-12-05 14:30:00",791.59,818.81,784.35,813.02,0
-96370200,"1966-12-12 14:30:00",820.54,827.22,802.22,807.18,0
-95765400,"1966-12-19 14:30:00",798.99,807.46,789.42,799.1,0
-95160600,"1966-12-26 14:30:00",792.2,802.61,779.34,785.69,0
-94555800,"1967-01-02 14:30:00",786.41,816.53,776.16,808.74,0
-93951000,"1967-01-09 14:30:00",813.47,839.25,798.71,835.13,0
-93346200,"1967-01-16 14:30:00",833.24,853.73,828.12,847.16,0
-92741400,"1967-01-23 14:30:00",847.72,856.68,830.18,844.04,0
-92136600,"1967-01-30 14:30:00",848.11,864.09,840.48,857.46,0
-91531800,"1967-02-06 14:30:00",855.12,871.71,847.27,855.73,0
-90927000,"1967-02-13 14:30:00",853.34,863.47,845.88,850.84,0
-90322200,"1967-02-20 14:30:00",847.88,854.79,837.31,847.33,0
-89717400,"1967-02-27 14:30:00",836.64,853.51,827.95,846.6,0
-89112600,"1967-03-06 14:30:00",842.2,864.25,835.3,848.5,0
-88507800,"1967-03-13 14:30:00",844.82,876.5,836.86,869.77,0
-87903000,"1967-03-20 14:30:00",870.43,882.29,857.68,876.67,0
-87298200,"1967-03-27 14:30:00",873.72,883.41,861.19,865.98,0
-86693400,"1967-04-03 14:30:00",859.97,868.43,850.22,853.34,0
-86088600,"1967-04-10 14:30:00",842.43,865.03,838.98,859.74,0
-85483800,"1967-04-17 14:30:00",866.59,888.3,857.91,883.18,0
-84879000,"1967-04-24 14:30:00",887.53,903.73,877.84,897.05,0
-84277800,"1967-05-01 13:30:00",892.93,910.91,886.19,905.96,0
-83673000,"1967-05-08 13:30:00",909.63,915.87,885.86,890.03,0
-83068200,"1967-05-15 13:30:00",882.41,892.26,867.59,874.55,0
-82463400,"1967-05-22 13:30:00",871.05,876.61,857.18,870.32,0
-81858600,"1967-05-29 13:30:00",864.98,871.6,850.39,863.31,0
-81253800,"1967-06-05 13:30:00",847.77,881.94,836.92,874.89,0
-80649000,"1967-06-12 13:30:00",878.93,892.8,870.49,885,0
-80044200,"1967-06-19 13:30:00",884.54,890.72,868.82,877.37,0
-79439400,"1967-06-26 13:30:00",872.11,884.3,855.58,860.26,0
-78834600,"1967-07-03 13:30:00",859.69,874.42,853.21,869.05,0
-78229800,"1967-07-10 13:30:00",875.52,889.62,866.04,882.05,0
-77625000,"1967-07-17 13:30:00",882.74,918.69,875.35,909.56,0
-77020200,"1967-07-24 13:30:00",904.53,912.79,895.52,901.53,0
-76415400,"1967-07-31 13:30:00",904.24,931.29,896.67,923.77,0
-75810600,"1967-08-07 13:30:00",920.37,933.14,915.34,920.65,0
-75205800,"1967-08-14 13:30:00",916.32,925.51,909.96,919.04,0
-74601000,"1967-08-21 13:30:00",912.27,921.64,888.81,894.07,0
-73996200,"1967-08-28 13:30:00",894.71,906.84,887.83,901.18,0
-73391400,"1967-09-04 13:30:00",904.13,914.41,895.69,907.54,0
-72786600,"1967-09-11 13:30:00",909.62,939.38,902.68,933.48,0
-72181800,"1967-09-18 13:30:00",938.74,944.64,922.5,934.35,0
-71577000,"1967-09-25 13:30:00",943.08,951.57,919.85,926.66,0
-70972200,"1967-10-02 13:30:00",921,935.74,915.92,928.74,0
-70367400,"1967-10-09 13:30:00",933.31,940.36,908.58,918.17,0
-69762600,"1967-10-16 13:30:00",908.52,922.97,891.35,896.73,0
-69157800,"1967-10-23 13:30:00",894.65,903.84,877.31,888.18,0
-68549400,"1967-10-30 14:30:00",886.62,894.07,853.1,856.62,0
-67944600,"1967-11-06 14:30:00",855.29,870.67,844.89,862.81,0
-67339800,"1967-11-13 14:30:00",859.74,872.98,845.01,862.11,0
-66735000,"1967-11-20 14:30:00",857.78,884.54,839.4,877.6,0
-66130200,"1967-11-27 14:30:00",882.11,894.88,868.76,879.16,0
-65525400,"1967-12-04 14:30:00",883.5,901.76,876.33,887.25,0
-64920600,"1967-12-11 14:30:00",882.05,892.16,873.32,880.61,0
-64315800,"1967-12-18 14:30:00",881.65,897.71,874.94,887.37,0
-63711000,"1967-12-25 14:30:00",888.12,910.37,881.93,905.11,0
-63106200,"1968-01-01 14:30:00",906.84,916.15,889.51,901.24,0
-62501400,"1968-01-08 14:30:00",908.92,921.87,891.07,898.98,0
-61896600,"1968-01-15 14:30:00",892.74,903.03,876.21,880.32,0
-61291800,"1968-01-22 14:30:00",871.71,881.24,853.44,865.06,0
-60687000,"1968-01-29 14:30:00",863.67,873.04,850.5,863.56,0
-60082200,"1968-02-05 14:30:00",861.13,867.78,834.84,840.04,0
-59477400,"1968-02-12 14:30:00",831.77,846.16,826.46,836.34,0
-58872600,"1968-02-19 14:30:00",838.65,857.78,830.5,849.8,0
-58267800,"1968-02-26 14:30:00",841.77,853.33,835.76,840.44,0
-57663000,"1968-03-04 14:30:00",830.56,843.62,821.72,835.24,0
-57058200,"1968-03-11 14:30:00",843.04,847.72,824.26,837.55,0
-56453400,"1968-03-18 14:30:00",840.09,854.25,817.61,826.05,0
-55848600,"1968-03-25 14:30:00",827.27,845.87,819.87,840.67,0
-55243800,"1968-04-01 14:30:00",861.25,883.38,849.23,865.81,0
-54639000,"1968-04-08 14:30:00",884.42,908.29,865.18,905.69,0
-54034200,"1968-04-15 14:30:00",910.19,917.36,890.72,897.65,0
-53429400,"1968-04-22 14:30:00",891.99,912.56,881.24,906.03,0
-52828200,"1968-04-29 13:30:00",908.34,935.68,900.72,919.21,0
-52223400,"1968-05-06 13:30:00",914.53,927.42,903.61,912.91,0
-51618600,"1968-05-13 13:30:00",909.96,918.34,891.18,898.98,0
-51013800,"1968-05-20 13:30:00",894.19,906.73,886.33,895.28,0
-50409000,"1968-05-27 13:30:00",891.6,907.96,885.53,899,0
-49804200,"1968-06-03 13:30:00",905.38,923,896.23,914.88,0
-49199400,"1968-06-10 13:30:00",913.38,924.93,904.48,913.62,0
-48594600,"1968-06-17 13:30:00",903.45,917.35,891.48,900.93,0
-47989800,"1968-06-24 13:30:00",901.83,909.23,891.78,897.8,0
-47385000,"1968-07-01 13:30:00",896.35,907.18,889.62,903.51,0
-46780200,"1968-07-08 13:30:00",912.6,933.83,901.89,922.46,0
-46175400,"1968-07-15 13:30:00",923.72,929.32,907.6,913.92,0
-45570600,"1968-07-22 13:30:00",900.32,914.52,878.55,888.47,0
-44965800,"1968-07-29 13:30:00",883.36,893.59,865.19,871.27,0
-44361000,"1968-08-05 13:30:00",872.53,882.82,863.33,869.65,0
-43756200,"1968-08-12 13:30:00",881.02,892.32,867.66,885.89,0
-43151400,"1968-08-19 13:30:00",887.68,899.37,878.85,892.34,0
-42546600,"1968-08-26 13:30:00",896.13,902.35,886.69,896.01,0
-41941800,"1968-09-02 13:30:00",900.36,928.27,892.59,921.25,0
-41337000,"1968-09-09 13:30:00",924.98,932.31,908.07,917.21,0
-40732200,"1968-09-16 13:30:00",921.37,933.43,912.98,924.42,0
-40127400,"1968-09-23 13:30:00",930.45,945.86,920.93,933.8,0
-39522600,"1968-09-30 13:30:00",935.79,957.3,926.59,952.95,0
-38917800,"1968-10-07 13:30:00",956.68,963.33,942.96,949.59,0
-38313000,"1968-10-14 13:30:00",949.96,971.72,942.5,967.49,0
-37708200,"1968-10-21 13:30:00",967.49,974.27,949.34,961.28,0
-37099800,"1968-10-28 14:30:00",957.73,966.5,941.88,948.41,0
-36495000,"1968-11-04 14:30:00",946.23,965.07,936.54,958.98,0
-35890200,"1968-11-11 14:30:00",964.2,973.83,953.75,965.88,0
-35285400,"1968-11-18 14:30:00",963.7,973.89,953.69,967.06,0
-34680600,"1968-11-25 14:30:00",971.35,989.56,961.46,985.08,0
-34075800,"1968-12-02 14:30:00",983.34,994.65,969.67,978.24,0
-33471000,"1968-12-09 14:30:00",979.36,990.99,969.05,981.29,0
-32866200,"1968-12-16 14:30:00",976.32,989.12,954.62,966.99,0
-32261400,"1968-12-23 14:30:00",953.75,969.05,945.11,952.51,0
-31656600,"1968-12-30 14:30:00",945.11,960.16,936.66,951.89,0
-31051800,"1969-01-06 14:30:00",936.66,956.05,915.53,925.53,0
-30447000,"1969-01-13 14:30:00",923.11,945.55,917.14,935.54,0
-29842200,"1969-01-20 14:30:00",931.25,946.85,923.92,938.59,0
-29237400,"1969-01-27 14:30:00",937.47,950.71,930.88,946.05,0
-28632600,"1969-02-03 14:30:00",946.85,954.07,936.41,947.85,0
-28027800,"1969-02-10 14:30:00",948.97,959.16,941.94,951.95,0
-27423000,"1969-02-17 14:30:00",937.72,954.87,913.04,916.65,0
-26818200,"1969-02-24 14:30:00",903.97,918.95,895.39,905.21,0
-26213400,"1969-03-03 14:30:00",908.63,929.89,900.67,911.18,0
-25608600,"1969-03-10 14:30:00",917.14,928.77,899.55,904.28,0
-25003800,"1969-03-17 14:30:00",904.03,926.16,895.76,920,0
-24399000,"1969-03-24 14:30:00",917.08,941.38,911.3,935.48,0
-23794200,"1969-03-31 14:30:00",933.08,942.23,921.39,927.3,0
-23189400,"1969-04-07 14:30:00",918.78,941.28,911.03,933.46,0
-22584600,"1969-04-14 14:30:00",932.64,938.36,916.94,924.82,0
-21979800,"1969-04-21 14:30:00",917.51,929.65,908.81,924,0
-21378600,"1969-04-28 13:30:00",925.08,961.68,917.13,957.17,0
-20773800,"1969-05-05 13:30:00",958.95,971.11,951.07,961.61,0
-20169000,"1969-05-12 13:30:00",957.86,974.92,951.14,967.3,0
-19564200,"1969-05-19 13:30:00",959.02,968.98,941.31,947.45,0
-18959400,"1969-05-26 13:30:00",946.94,954.05,928.58,937.56,0
-18354600,"1969-06-02 13:30:00",933.17,938.73,921.41,924.77,0
-17749800,"1969-06-09 13:30:00",918.05,925.48,886.89,894.84,0
-17145000,"1969-06-16 13:30:00",891.16,902.79,873.32,876.16,0
-16540200,"1969-06-23 13:30:00",870.86,884.69,862.46,869.76,0
-15935400,"1969-06-30 13:30:00",873.19,891.55,867.18,886.12,0
-15330600,"1969-07-07 13:30:00",883.21,893.87,844.3,852.25,0
-14725800,"1969-07-14 13:30:00",843.14,863.04,832.79,845.92,0
-14121000,"1969-07-21 13:30:00",834.02,851.54,814.83,818.06,0
-13516200,"1969-07-28 13:30:00",806.23,833.63,788.07,826.59,0
-12911400,"1969-08-04 13:30:00",822.58,835.06,813.4,824.46,0
-12306600,"1969-08-11 13:30:00",819.83,826.76,800.62,820.88,0
-11701800,"1969-08-18 13:30:00",827.68,843.72,816.46,837.25,0
-11097000,"1969-08-25 13:30:00",831.44,841.54,818.84,836.72,0
-10492200,"1969-09-01 13:30:00",837.78,845.96,816.46,819.5,0
-9887400,"1969-09-08 13:30:00",811.84,838.5,804.45,824.25,0
-9282600,"1969-09-15 13:30:00",830.45,837.32,821.28,830.39,0
-8677800,"1969-09-22 13:30:00",831.77,841.8,820.09,824.18,0
-8073000,"1969-09-29 13:30:00",818.04,826.03,797.78,808.41,0
-7468200,"1969-10-06 13:30:00",809.4,814.94,793.95,806.96,0
-6863400,"1969-10-13 13:30:00",819.3,848.14,804.51,836.06,0
-6258600,"1969-10-20 13:30:00",839.23,868,829.59,862.26,0
-5650200,"1969-10-27 14:30:00",860.28,866.95,839.82,855.99,0
-5045400,"1969-11-03 14:30:00",854.54,867.28,841.67,860.48,0
-4440600,"1969-11-10 14:30:00",863.05,871.77,842,849.26,0
-3835800,"1969-11-17 14:30:00",842.53,851.04,820.35,823.13,0
-3231000,"1969-11-24 14:30:00",812.9,825.96,800.36,812.3,0
-2626200,"1969-12-01 14:30:00",805.04,816.39,783.86,793.03,0
-2021400,"1969-12-08 14:30:00",785.04,797.32,773.76,786.69,0
-1416600,"1969-12-15 14:30:00",784.05,798.18,764.45,789.86,0
-811800,"1969-12-22 14:30:00",785.97,797.65,783.79,797.65,0
-207000,"1969-12-29 14:30:00",792.37,809.2,792.37,809.2,0
397800,"1970-01-05 14:30:00",809.2,819.23,794.35,798.11,0
1002600,"1970-01-12 14:30:00",798.11,799.23,777.98,782.6,0
1607400,"1970-01-19 14:30:00",782.6,793.16,770.72,775.54,0
2212200,"1970-01-26 14:30:00",775.54,777.52,739.11,744.06,0
2817000,"1970-02-02 14:30:00",744.06,765.97,738.78,752.77,0
3421800,"1970-02-09 14:30:00",752.77,764.92,739.9,753.3,0
4026600,"1970-02-16 14:30:00",753.3,766.9,741.09,757.46,0
4631400,"1970-02-23 14:30:00",757.46,784.19,748.88,777.59,0
5236200,"1970-03-02 14:30:00",777.59,795.54,774.49,784.12,0
5841000,"1970-03-09 14:30:00",784.12,785.84,768.02,772.11,0
6445800,"1970-03-16 14:30:00",772.11,775.67,758.91,763.66,0
7050600,"1970-03-23 14:30:00",763.66,803.26,757.99,791.05,0
7655400,"1970-03-30 14:30:00",791.05,797.91,778.38,791.84,0
8260200,"1970-04-06 14:30:00",791.84,798.84,785.04,790.46,0
8865000,"1970-04-13 14:30:00",790.46,793.82,766.96,775.94,0
9469800,"1970-04-20 14:30:00",775.94,783,742.21,747.29,0
10071000,"1970-04-27 13:30:00",747.29,750.46,716.74,733.63,0
10675800,"1970-05-04 13:30:00",732.38,732.38,704.46,717.73,0
11280600,"1970-05-11 13:30:00",717.73,721.03,673.51,702.22,0
11885400,"1970-05-18 13:30:00",702.22,709.74,653.27,662.17,0
12490200,"1970-05-25 13:30:00",660.8,700.44,627.46,700.44,0
13095000,"1970-06-01 13:30:00",700.44,723.92,687.91,695.03,0
13699800,"1970-06-08 13:30:00",695.03,709.75,674.9,684.21,0
14304600,"1970-06-15 13:30:00",684.21,728.23,679.83,720.43,0
14909400,"1970-06-22 13:30:00",720.43,723.17,685.31,687.84,0
15514200,"1970-06-29 13:30:00",687.84,697.02,678.26,689.14,0
16119000,"1970-07-06 13:30:00",689.14,704.41,665.32,700.1,0
16723800,"1970-07-13 13:30:00",700.1,739.46,696.19,735.08,0
17328600,"1970-07-20 13:30:00",735.08,743.36,716.25,730.22,0
17933400,"1970-07-27 13:30:00",730.22,743.36,724.4,734.12,0
18538200,"1970-08-03 13:30:00",734.12,734.67,714.88,725.7,0
19143000,"1970-08-10 13:30:00",725.01,725.01,702.83,710.84,0
19747800,"1970-08-17 13:30:00",710.84,748.84,704.41,745.41,0
20352600,"1970-08-24 13:30:00",747.19,772.04,747.19,765.81,0
20957400,"1970-08-31 13:30:00",765.81,775.12,748.43,771.15,0
21562200,"1970-09-07 13:30:00",771.15,778.27,754.65,761.84,0
22167000,"1970-09-14 13:30:00",761.84,766.84,744.18,758.49,0
22771800,"1970-09-21 13:30:00",758.49,767.39,741.51,761.77,0
23376600,"1970-09-28 13:30:00",761.77,769.72,749.66,766.16,0
23981400,"1970-10-05 13:30:00",766.16,791.07,763.76,768.69,0
24586200,"1970-10-12 13:30:00",768.69,773.27,754.38,763.35,0
25191000,"1970-10-19 13:30:00",763.35,769.24,750.82,759.38,0
25799400,"1970-10-26 14:30:00",759.38,764.24,746.71,755.61,0
26404200,"1970-11-02 14:30:00",755.61,777.38,750.68,771.97,0
27009000,"1970-11-09 14:30:00",771.97,788.75,755.61,759.79,0
27613800,"1970-11-16 14:30:00",759.79,768.48,749.52,761.57,0
28218600,"1970-11-23 14:30:00",761.57,783.61,759.79,781.35,0
28823400,"1970-11-30 14:30:00",781.35,819.07,780.26,816.06,0
29428200,"1970-12-07 14:30:00",816.06,831.67,806.27,825.92,0
30033000,"1970-12-14 14:30:00",825.92,832.28,810.17,822.77,0
30637800,"1970-12-21 14:30:00",822.77,831.67,815.31,828.38,0
31242600,"1970-12-28 14:30:00",828.38,848.23,824.07,838.92,0
31847400,"1971-01-04 14:30:00",838.92,843.92,826.53,837.01,0
32452200,"1971-01-11 14:30:00",837.01,853.44,828.31,845.7,0
33057000,"1971-01-18 14:30:00",845.7,866.58,841.25,861.31,0
33661800,"1971-01-25 14:30:00",861.31,873.84,853.85,868.5,0
34266600,"1971-02-01 14:30:00",868.5,882.67,866.03,876.57,0
34871400,"1971-02-08 14:30:00",876.57,894.03,869.04,888.83,0
35476200,"1971-02-15 14:30:00",888.83,898.14,875,878.56,0
36081000,"1971-02-22 14:30:00",877.05,887.53,861.99,878.83,0
36685800,"1971-03-01 14:30:00",878.83,903.61,873.22,898,0
37290600,"1971-03-08 14:30:00",898,906.76,890.81,898.34,0
37895400,"1971-03-15 14:30:00",898.34,922.3,895.33,912.92,0
38500200,"1971-03-22 14:30:00",912.92,917.78,889.03,903.48,0
39105000,"1971-03-29 14:30:00",903.48,910.98,896.29,903.04,0
39709800,"1971-04-05 14:30:00",903.04,925.94,897.48,920.39,0
40314600,"1971-04-12 14:30:00",920.39,945.69,917.02,940.21,0
40919400,"1971-04-19 14:30:00",940.21,953.49,932.97,947.79,0
41520600,"1971-04-26 13:30:00",947.79,958.12,935.22,941.75,0
42125400,"1971-05-03 13:30:00",941.75,948.85,923.83,936.97,0
42730200,"1971-05-10 13:30:00",936.97,944.63,925.24,936.06,0
43335000,"1971-05-17 13:30:00",935.15,935.15,909.99,921.87,0
43939800,"1971-05-24 13:30:00",921.87,923.69,898.61,907.81,0
44544600,"1971-05-31 13:30:00",907.81,929.6,903.74,922.15,0
45149400,"1971-06-07 13:30:00",922.15,928.54,905.74,916.47,0
45754200,"1971-06-14 13:30:00",916.47,917.79,887.63,889.16,0
46359000,"1971-06-21 13:30:00",889.16,890.48,866.31,876.68,0
46963800,"1971-06-28 13:30:00",876.68,899.39,866.82,890.19,0
47568600,"1971-07-05 13:30:00",890.19,908.73,885.29,901.8,0
48173400,"1971-07-12 13:30:00",901.8,908.81,882.52,888.51,0
48778200,"1971-07-19 13:30:00",888.51,896.9,879.23,887.78,0
49383000,"1971-07-26 13:30:00",887.78,895.15,854.41,858.43,0
49987800,"1971-08-02 13:30:00",858.43,871.86,840.1,850.61,0
50592600,"1971-08-09 13:30:00",850.61,864.41,834.92,856.02,0
51197400,"1971-08-16 13:30:00",882.59,908.66,873.9,880.91,0
51802200,"1971-08-23 13:30:00",880.99,917.79,880.99,908.15,0
52407000,"1971-08-30 13:30:00",908.15,914.06,892.01,912.75,0
53011800,"1971-09-06 13:30:00",912.75,925.67,904.42,911,0
53616600,"1971-09-13 13:30:00",911,915.67,896.25,908.22,0
54221400,"1971-09-20 13:30:00",908.22,911.29,884.64,889.31,0
54826200,"1971-09-27 13:30:00",889.31,898.44,877.48,893.98,0
55431000,"1971-10-04 13:30:00",893.98,910.56,885.81,893.91,0
56035800,"1971-10-11 13:30:00",893.91,899.61,868.5,874.58,0
56640600,"1971-10-18 13:30:00",874.58,880.4,846.45,852.37,0
57245400,"1971-10-25 13:30:00",852.37,857.26,827.83,839,0
57853800,"1971-11-01 14:30:00",839,855.21,814.69,840.39,0
58458600,"1971-11-08 14:30:00",840.39,845.72,802.21,812.94,0
59063400,"1971-11-15 14:30:00",812.94,829.66,804.83,810.67,0
59668200,"1971-11-22 14:30:00",810.67,818.12,790.67,816.59,0
60273000,"1971-11-29 14:30:00",816.59,864.05,815.79,859.59,0
60877800,"1971-12-06 14:30:00",859.59,872.59,844.55,856.75,0
61482600,"1971-12-13 14:30:00",856.75,879.29,849.81,873.8,0
62087400,"1971-12-20 14:30:00",876.28,896.22,873.34,881.17,0
62692200,"1971-12-27 14:30:00",881.17,902.47,875.68,890.2,0
63297000,"1972-01-03 14:30:00",890.2,916.47,882.75,910.37,0
63901800,"1972-01-10 14:30:00",910.37,922.03,898.48,906.68,0
64506600,"1972-01-17 14:30:00",906.68,923.99,898.93,907.44,0
65111400,"1972-01-24 14:30:00",907.44,913.23,883.43,906.38,0
65716200,"1972-01-31 14:30:00",906.38,913.76,894.34,906.68,0
66321000,"1972-02-07 14:30:00",906.68,931.89,898.18,917.59,0
66925800,"1972-02-14 14:30:00",917.59,933.25,906.01,917.52,0
67530600,"1972-02-21 14:30:00",917.52,927.75,906.61,922.79,0
68135400,"1972-02-28 14:30:00",922.79,948,916.24,942.43,0
68740200,"1972-03-06 14:30:00",942.43,957.03,932.95,939.87,0
69345000,"1972-03-13 14:30:00",939.87,949.88,924.22,942.88,0
69949800,"1972-03-20 14:30:00",942.88,951.84,925.95,942.28,0
70554600,"1972-03-27 14:30:00",942.28,947.02,925.87,940.7,0
71159400,"1972-04-03 14:30:00",940.7,968.24,933.62,962.6,0
71764200,"1972-04-10 14:30:00",962.6,976.44,951.23,967.72,0
72369000,"1972-04-17 14:30:00",967.72,977.72,957.17,963.8,0
72973800,"1972-04-24 14:30:00",963.8,966.59,938.29,954.17,0
73575000,"1972-05-01 13:30:00",954.17,956.95,927.6,941.23,0
74179800,"1972-05-08 13:30:00",941.23,947.4,917.37,941.83,0
74784600,"1972-05-15 13:30:00",941.83,961.54,932.95,961.54,0
75389400,"1972-05-22 13:30:00",961.54,977.42,956.2,971.25,0
75994200,"1972-05-29 13:30:00",971.25,979.46,954.24,961.39,0
76599000,"1972-06-05 13:30:00",961.39,964.48,930.01,934.45,0
77203800,"1972-06-12 13:30:00",934.45,956.05,928.88,945.06,0
77808600,"1972-06-19 13:30:00",945.06,959.96,935.43,944.69,0
78413400,"1972-06-26 13:30:00",942.5,943.33,917.75,929.03,0
79018200,"1972-07-03 13:30:00",929.03,955.45,922.71,938.06,0
79623000,"1972-07-10 13:30:00",938.06,943.03,911.88,922.26,0
80227800,"1972-07-17 13:30:00",922.26,928.43,900.06,920.45,0
80832600,"1972-07-24 13:30:00",922.19,946.79,920.15,926.7,0
81437400,"1972-07-31 13:30:00",926.7,957.1,917.37,951.76,0
82042200,"1972-08-07 13:30:00",951.76,966.59,943.86,964.18,0
82647000,"1972-08-14 13:30:00",964.18,980.21,955.6,965.83,0
83251800,"1972-08-21 13:30:00",965.83,980.36,949.8,959.36,0
83856600,"1972-08-28 13:30:00",959.36,975.62,945.29,970.05,0
84461400,"1972-09-04 13:30:00",970.05,977.35,957.33,961.24,0
85066200,"1972-09-11 13:30:00",961.24,964.55,940.62,947.32,0
85671000,"1972-09-18 13:30:00",947.32,952.44,932.72,943.03,0
86275800,"1972-09-25 13:30:00",943.03,965.08,927.15,953.27,0
86880600,"1972-10-02 13:30:00",953.27,964.1,930.39,945.36,0
87485400,"1972-10-09 13:30:00",945.36,960.49,923.77,930.46,0
88090200,"1972-10-16 13:30:00",930.46,946.72,917.07,942.81,0
88695000,"1972-10-23 13:30:00",945.21,962.45,941.07,946.42,0
89303400,"1972-10-30 14:30:00",946.42,988.94,936.56,984.12,0
89908200,"1972-11-06 14:30:00",984.12,1007.15,973.89,995.26,0
90513000,"1972-11-13 14:30:00",995.26,1013.55,988.49,1005.57,0
91117800,"1972-11-20 14:30:00",1005.57,1029.73,997.14,1025.21,0
91722600,"1972-11-27 14:30:00",1025.21,1031.53,1008.65,1023.93,0
92327400,"1972-12-04 14:30:00",1023.93,1039.21,1017.46,1033.19,0
92932200,"1972-12-11 14:30:00",1033.19,1042.44,1018.59,1027.24,0
93537000,"1972-12-18 14:30:00",1022.05,1022.05,996.09,1004.21,0
94141800,"1972-12-25 14:30:00",1004.21,1027.39,999.85,1020.02,0
94746600,"1973-01-01 14:30:00",1022.88,1053.43,1022.88,1047.49,0
95351400,"1973-01-08 14:30:00",1047.49,1067.2,1033.41,1039.36,0
95956200,"1973-01-15 14:30:00",1039.36,1053.28,1014,1026.19,0
96561000,"1973-01-22 14:30:00",1026.19,1034.69,988.18,996.46,0
97165800,"1973-01-29 14:30:00",996.46,1008.58,975.02,980.81,0
97770600,"1973-02-05 14:30:00",980.81,989.16,954.17,979.46,0
98375400,"1973-02-12 14:30:00",980.81,1019.94,965.76,979.23,0
98980200,"1973-02-19 14:30:00",979.23,991.04,957.1,959.89,0
99585000,"1973-02-26 14:30:00",959.89,967.04,937.69,961.32,0
100189800,"1973-03-05 14:30:00",961.32,985.25,955.67,972.23,0
100794600,"1973-03-12 14:30:00",972.23,982.47,957.41,963.05,0
101399400,"1973-03-19 14:30:00",962.45,962.45,911.12,922.71,0
102004200,"1973-03-26 14:30:00",922.71,962.82,914.28,951.01,0
102609000,"1973-04-02 14:30:00",951.01,951.84,914.81,931.07,0
103213800,"1973-04-09 14:30:00",931.07,975.32,927.45,959.36,0
103818600,"1973-04-16 14:30:00",959.36,970.95,944.39,963.2,0
104423400,"1973-04-23 14:30:00",963.2,966.51,918.05,922.19,0
105024600,"1973-04-30 13:30:00",922.19,962.67,905.4,953.87,0
105629400,"1973-05-07 13:30:00",953.87,965.16,924.14,927.98,0
106234200,"1973-05-14 13:30:00",925.27,927.83,889,895.17,0
106839000,"1973-05-21 13:30:00",894.79,938.82,875.45,930.84,0
107443800,"1973-05-28 13:30:00",930.84,934.08,887.27,893.96,0
108048600,"1973-06-04 13:30:00",893.96,926.85,880.72,920,0
108653400,"1973-06-11 13:30:00",920,935.58,882.6,888.55,0
109258200,"1973-06-18 13:30:00",887.34,897.58,868.08,879.82,0
109863000,"1973-06-25 13:30:00",879.82,900.59,864.46,891.71,0
110467800,"1973-07-02 13:30:00",890.2,890.2,865.82,870.11,0
111072600,"1973-07-09 13:30:00",870.11,911.8,863.94,885.99,0
111677400,"1973-07-16 13:30:00",885.99,918.05,881.32,910.9,0
112282200,"1973-07-23 13:30:00",910.9,944.08,903.67,936.71,0
112887000,"1973-07-30 13:30:00",936.71,942.35,899.46,908.87,0
113491800,"1973-08-06 13:30:00",908.87,920.38,887.12,892.38,0
114096600,"1973-08-13 13:30:00",892.38,892.91,863.71,871.84,0
114701400,"1973-08-20 13:30:00",871.84,875.08,845.5,863.49,0
115306200,"1973-08-27 13:30:00",863.49,892.31,860.02,887.57,0
115911000,"1973-09-03 13:30:00",887.57,908.04,885.69,898.63,0
116515800,"1973-09-10 13:30:00",898.63,903.45,873.34,886.36,0
117120600,"1973-09-17 13:30:00",886.36,934.38,882.38,927.9,0
117725400,"1973-09-24 13:30:00",927.9,964.55,924.37,947.1,0
118330200,"1973-10-01 13:30:00",947.1,975.92,937.69,971.25,0
118935000,"1973-10-08 13:30:00",977.65,991.8,953.79,978.63,0
119539800,"1973-10-15 13:30:00",977.8,977.8,950.11,963.73,0
120144600,"1973-10-22 13:30:00",963.73,992.62,944.46,987.06,0
120753000,"1973-10-29 14:30:00",987.06,997.59,929.11,935.28,0
121357800,"1973-11-05 14:30:00",932.87,946.79,902.92,908.41,0
121962600,"1973-11-12 14:30:00",908.41,910.82,859.27,891.33,0
122567400,"1973-11-19 14:30:00",889.75,889.75,836.17,854,0
123172200,"1973-11-26 14:30:00",844.15,846.93,810.36,822.25,0
123777000,"1973-12-03 14:30:00",820.51,846.63,783.56,838.05,0
124381800,"1973-12-10 14:30:00",838.05,861.09,793.51,815.65,0
124986600,"1973-12-17 14:30:00",815.65,847.86,804.2,818.73,0
125591400,"1973-12-24 14:30:00",814.81,858.93,814.81,848.02,0
126196200,"1973-12-31 14:30:00",848.02,890.38,836.18,880.23,0
126797400,"1974-01-07 13:30:00",880.23,883.99,816.57,841.48,0
127402200,"1974-01-14 13:30:00",841.48,878.54,833.26,855.47,0
128007000,"1974-01-21 13:30:00",855.47,878.69,835.79,859.39,0
128611800,"1974-01-28 13:30:00",859.39,869.77,838.02,843.94,0
129216600,"1974-02-04 13:30:00",838.63,838.63,811.95,820.4,0
129821400,"1974-02-11 13:30:00",820.4,825.72,802.17,820.32,0
130426200,"1974-02-18 13:30:00",820.32,862.41,814.22,855.99,0
131031000,"1974-02-25 13:30:00",855.99,871.4,843.09,851.92,0
131635800,"1974-03-04 13:30:00",851.92,885.25,841.76,878.05,0
132240600,"1974-03-11 13:30:00",878.05,904.02,865.93,887.83,0
132845400,"1974-03-18 13:30:00",887.83,889.86,861.86,878.13,0
133450200,"1974-03-25 13:30:00",878.13,890.18,842.38,846.68,0
134055000,"1974-04-01 13:30:00",846.68,865.46,839.17,847.54,0
134659800,"1974-04-08 13:30:00",847.23,855.52,834.25,844.81,0
135264600,"1974-04-15 13:30:00",844.81,875.94,839.33,859.9,0
135869400,"1974-04-22 13:30:00",859.9,864.28,818.68,834.64,0
136474200,"1974-04-29 13:30:00",834.64,865.85,824.7,845.9,0
137079000,"1974-05-06 13:30:00",845.9,870.38,834.32,850.44,0
137683800,"1974-05-13 13:30:00",850.44,856.07,813.75,818.84,0
138288600,"1974-05-20 13:30:00",818.84,826.19,796.15,816.65,0
138893400,"1974-05-27 13:30:00",816.65,824.55,788.8,802.17,0
139498200,"1974-06-03 13:30:00",802.17,863.27,799.83,853.72,0
140103000,"1974-06-10 13:30:00",853.72,865.54,837.84,843.09,0
140707800,"1974-06-17 13:30:00",843.09,843.24,810.15,815.39,0
141312600,"1974-06-24 13:30:00",815.39,832.53,796.46,802.41,0
141917400,"1974-07-01 13:30:00",802.41,811.95,785.12,791.77,0
142522200,"1974-07-08 13:30:00",788.41,790.68,751.13,787.23,0
143127000,"1974-07-15 13:30:00",787.23,803.04,765.8,787.94,0
143731800,"1974-07-22 13:30:00",787.94,809.76,779.49,784.57,0
144336600,"1974-07-29 13:30:00",780.74,780.74,745.31,752.58,0
144941400,"1974-08-05 13:30:00",752.58,803.43,747.97,777.3,0
145546200,"1974-08-12 13:30:00",777.3,780.04,728.65,731.54,0
146151000,"1974-08-19 13:30:00",731.15,736.31,683.9,686.8,0
146755800,"1974-08-26 13:30:00",686.8,697.12,651.6,678.58,0
147360600,"1974-09-02 13:30:00",678.58,686.48,638.38,677.88,0
147965400,"1974-09-09 13:30:00",676.71,676.71,624.37,627.19,0
148570200,"1974-09-16 13:30:00",627.19,680.54,617.73,670.76,0
149175000,"1974-09-23 13:30:00",670.76,678.19,619.37,621.95,0
149779800,"1974-09-30 13:30:00",619.37,619.37,573.22,584.56,0
150384600,"1974-10-07 13:30:00",587.77,665.91,587.77,658.17,0
150989400,"1974-10-14 13:30:00",659.73,689.3,635.48,654.88,0
151594200,"1974-10-21 13:30:00",654.88,680.07,624.3,636.19,0
152202600,"1974-10-28 14:30:00",636.19,685.62,624.06,665.28,0
152807400,"1974-11-04 14:30:00",664.19,692.82,647.37,667.16,0
153412200,"1974-11-11 14:30:00",667.16,675.69,635.55,647.61,0
154017000,"1974-11-18 14:30:00",641.11,641.11,599.81,615.3,0
154621800,"1974-11-25 14:30:00",615.3,633.45,604.43,618.66,0
155226600,"1974-12-02 14:30:00",616.08,616.08,572.12,577.6,0
155831400,"1974-12-09 14:30:00",577.6,606.15,570.01,592.77,0
156436200,"1974-12-16 14:30:00",589.09,611,582.45,598.48,0
157041000,"1974-12-23 14:30:00",598.48,610.37,583.7,602.16,0
157645800,"1974-12-30 14:30:00",602.16,642.6,595.04,634.54,0
158250600,"1975-01-06 14:30:00",634.54,666.69,627.58,658.79,0
158855400,"1975-01-13 14:30:00",658.79,669.27,640.25,644.63,0
159460200,"1975-01-20 14:30:00",644.63,671.46,634.39,666.61,0
160065000,"1975-01-27 14:30:00",678.43,717.3,678.43,703.69,0
160669800,"1975-02-03 14:30:00",703.69,731.54,695.24,711.91,0
161274600,"1975-02-10 14:30:00",711.91,739.52,697.83,734.2,0
161879400,"1975-02-17 14:30:00",734.2,757.35,721.92,749.77,0
162480600,"1975-02-24 13:30:00",749.77,750.16,713.7,739.05,0
163085400,"1975-03-03 13:30:00",739.05,773.23,737.64,759.62,0
163690200,"1975-03-10 13:30:00",761.58,784.73,752.58,773.47,0
164295000,"1975-03-17 13:30:00",773.47,796.93,753.13,763.06,0
164899800,"1975-03-24 13:30:00",752.5,778.63,731.46,770.26,0
165504600,"1975-03-31 13:30:00",770.26,779.72,740.69,747.26,0
166109400,"1975-04-07 13:30:00",747.26,792.94,736.62,789.5,0
166714200,"1975-04-14 13:30:00",790.83,835.18,790.83,808.43,0
167319000,"1975-04-21 13:30:00",808.43,828.93,792.32,811.8,0
167923800,"1975-04-28 13:30:00",811.8,853.25,796.93,848.48,0
168528600,"1975-05-05 13:30:00",848.48,860.06,822.67,850.13,0
169133400,"1975-05-12 13:30:00",850.13,868.58,831.35,837.61,0
169738200,"1975-05-19 13:30:00",837.61,843.79,807.96,831.9,0
170343000,"1975-05-26 13:30:00",831.9,837.53,808.12,832.29,0
170947800,"1975-06-02 13:30:00",835.73,855.44,829.94,839.64,0
171552600,"1975-06-09 13:30:00",839.64,844.49,811.23,824.47,0
172157400,"1975-06-16 13:30:00",824.47,864.67,818.99,855.44,0
172762200,"1975-06-23 13:30:00",855.44,883.37,846.92,873.12,0
173367000,"1975-06-30 13:30:00",873.12,884.86,861.62,871.79,0
173971800,"1975-07-07 13:30:00",871.79,884.46,850.52,871.09,0
174576600,"1975-07-14 13:30:00",871.09,888.85,854.27,862.41,0
175181400,"1975-07-21 13:30:00",862.41,867.88,829.24,834.09,0
175786200,"1975-07-28 13:30:00",834.09,843.09,819.15,826.5,0
176391000,"1975-08-04 13:30:00",826.5,826.81,804.6,817.74,0
176995800,"1975-08-11 13:30:00",817.74,838.63,809.92,825.64,0
177600600,"1975-08-18 13:30:00",825.64,833.31,785.75,804.76,0
178205400,"1975-08-25 13:30:00",804.76,844.02,797.09,835.34,0
178810200,"1975-09-01 13:30:00",835.34,843.63,815.94,835.97,0
179415000,"1975-09-08 13:30:00",835.97,849.03,806.63,809.23,0
180019800,"1975-09-15 13:30:00",809.23,834.72,792.01,829.79,0
180624600,"1975-09-22 13:30:00",829.79,836.83,807.96,818.6,0
181229400,"1975-09-29 13:30:00",818.6,820.56,780.54,813.21,0
181834200,"1975-10-06 13:30:00",813.21,834.93,806.12,823.91,0
182439000,"1975-10-13 13:30:00",823.91,852.41,818.48,832.18,0
183043800,"1975-10-20 13:30:00",832.18,859.57,828.24,840.52,0
183652200,"1975-10-27 14:30:00",840.52,853.67,829.97,836.04,0
184257000,"1975-11-03 14:30:00",836.04,845.4,821.08,835.8,0
184861800,"1975-11-10 14:30:00",835.8,863.11,824.62,853.67,0
185466600,"1975-11-17 14:30:00",853.67,865.79,834.62,840.76,0
186071400,"1975-11-24 14:30:00",840.76,865.24,833.83,860.67,0
186676200,"1975-12-01 14:30:00",860.67,865.95,816.99,818.8,0
187281000,"1975-12-08 14:30:00",818.8,840.13,812.81,832.81,0
187885800,"1975-12-15 14:30:00",832.81,857.13,828.72,844.38,0
188490600,"1975-12-22 14:30:00",844.38,859.81,833.36,859.81,0
189095400,"1975-12-29 14:30:00",859.81,866.11,847.13,858.71,0
189700200,"1976-01-05 14:30:00",858.71,916.88,858.63,911.13,0
190305000,"1976-01-12 14:30:00",911.13,940.26,905.38,929.63,0
190909800,"1976-01-19 14:30:00",929.63,959.38,923.41,953.95,0
191514600,"1976-01-26 14:30:00",953.95,985.99,942.38,975.28,0
192119400,"1976-02-02 14:30:00",975.28,981.66,948.84,954.9,0
192724200,"1976-02-09 14:30:00",954.9,980.24,948.44,958.36,0
193329000,"1976-02-16 14:30:00",958.36,996.83,946.16,987.8,0
193933800,"1976-02-23 14:30:00",987.8,1002.83,962.3,972.61,0
194538600,"1976-03-01 14:30:00",972.61,991.11,964.18,972.92,0
195143400,"1976-03-08 14:30:00",973.08,1008.42,973.08,987.64,0
195748200,"1976-03-15 14:30:00",986.85,995.59,969.69,979.85,0
196353000,"1976-03-22 14:30:00",979.85,1018.03,977.64,1003.46,0
196957800,"1976-03-29 14:30:00",1003.46,1007.4,982.13,991.58,0
197562600,"1976-04-05 14:30:00",992.99,1015.35,964.34,968.28,0
198167400,"1976-04-12 14:30:00",968.28,990.24,963,980.48,0
198772200,"1976-04-19 14:30:00",980.48,1017.71,979.06,1000.71,0
199373400,"1976-04-26 13:30:00",1000.71,1010.39,987.08,996.85,0
199978200,"1976-05-03 13:30:00",995.83,999.53,981.5,996.22,0
200583000,"1976-05-10 13:30:00",996.22,1015.82,988.74,992.6,0
201187800,"1976-05-17 13:30:00",992.6,1001.05,982.05,990.75,0
201792600,"1976-05-24 13:30:00",988.82,988.82,955.84,975.23,0
202397400,"1976-05-31 13:30:00",975.23,983.14,961.28,963.9,0
203002200,"1976-06-07 13:30:00",963.9,980.52,951.7,978.8,0
203607000,"1976-06-14 13:30:00",979.78,1012.93,979.78,1001.88,0
204211800,"1976-06-21 13:30:00",1001.88,1011.87,987.23,999.84,0
204816600,"1976-06-28 13:30:00",999.84,1011.79,990.26,999.84,0
205421400,"1976-07-05 13:30:00",999.84,1007.53,982.56,1003.11,0
206026200,"1976-07-12 13:30:00",1003.11,1017.93,985.43,993.21,0
206631000,"1976-07-19 13:30:00",993.21,999.1,982.97,990.91,0
207235800,"1976-07-26 13:30:00",990.91,997.2,974.2,984.64,0
207840600,"1976-08-02 13:30:00",984.64,998.73,977.43,986,0
208445400,"1976-08-09 13:30:00",986,1000,979.06,990.19,0
209050200,"1976-08-16 13:30:00",990.19,1004.74,970.99,974.07,0
209655000,"1976-08-23 13:30:00",974.07,977.14,954.12,963.93,0
210259800,"1976-08-30 13:30:00",963.93,993.01,961.44,989.11,0
210864600,"1976-09-06 13:30:00",989.11,1001.41,981.05,988.36,0
211469400,"1976-09-13 13:30:00",988.36,1000.5,971.24,995.1,0
212074200,"1976-09-20 13:30:00",995.1,1026.26,990.69,1009.31,0
212679000,"1976-09-27 13:30:00",1009.31,1016.54,974.4,979.89,0
213283800,"1976-10-04 13:30:00",979.89,983.21,949.72,952.38,0
213888600,"1976-10-11 13:30:00",949.88,950.3,928.2,937,0
214493400,"1976-10-18 13:30:00",937,960.77,932.26,938.75,0
215098200,"1976-10-25 13:30:00",938.75,966.26,932.51,964.93,0
215706600,"1976-11-01 14:30:00",964.93,971.99,940.24,943.07,0
216311400,"1976-11-08 14:30:00",941.41,941.41,917.89,927.69,0
216916200,"1976-11-15 14:30:00",927.69,957.86,921.63,948.8,0
217521000,"1976-11-22 14:30:00",948.8,959.94,941.74,956.62,0
218125800,"1976-11-29 14:30:00",956.62,959.86,941.41,950.55,0
218730600,"1976-12-06 14:30:00",950.55,978.31,948.72,973.15,0
219335400,"1976-12-13 14:30:00",973.15,990.53,966.92,979.06,0
219940200,"1976-12-20 14:30:00",979.06,993.35,966.17,985.62,0
220545000,"1976-12-27 14:30:00",985.62,1006.82,982.71,1004.65,0
221149800,"1977-01-03 14:30:00",1004.65,1007.81,974.07,983.13,0
221754600,"1977-01-10 14:30:00",983.13,991.11,962.52,972.16,0
222359400,"1977-01-17 14:30:00",972.16,973.82,953.87,962.43,0
222964200,"1977-01-24 14:30:00",962.43,973.57,949.38,957.53,0
223569000,"1977-01-31 14:30:00",957.53,963.76,941.9,947.89,0
224173800,"1977-02-07 14:30:00",947.89,954.7,926.03,931.52,0
224778600,"1977-02-14 14:30:00",931.52,957.28,926.11,940.24,0
225383400,"1977-02-21 14:30:00",940.24,946.06,926.2,933.43,0
225988200,"1977-02-28 14:30:00",933.43,956.28,928.61,953.46,0
226593000,"1977-03-07 14:30:00",953.46,960.36,938,947.72,0
227197800,"1977-03-14 14:30:00",947.72,971.58,944.73,961.02,0
227802600,"1977-03-21 14:30:00",961.02,961.44,925.12,928.86,0
228407400,"1977-03-28 14:30:00",928.86,936.67,914.15,927.36,0
229012200,"1977-04-04 14:30:00",927.36,929.36,909.74,918.88,0
229617000,"1977-04-11 14:30:00",920.07,956.07,920.07,947.76,0
230221800,"1977-04-18 14:30:00",947.76,951.32,923.59,927.07,0
230823000,"1977-04-25 13:30:00",924.02,931.99,910.36,926.9,0
231427800,"1977-05-02 13:30:00",931.22,949.46,929.27,936.74,0
232032600,"1977-05-09 13:30:00",936.74,941.4,917.74,928.34,0
232637400,"1977-05-16 13:30:00",928.34,947.34,925.2,930.46,0
233242200,"1977-05-23 13:30:00",928.17,928.17,896.29,898.83,0
233847000,"1977-05-30 13:30:00",898.83,915.88,892.55,912.23,0
234451800,"1977-06-06 13:30:00",912.23,918.25,896.79,910.79,0
235056600,"1977-06-13 13:30:00",910.79,925.03,906.21,920.45,0
235661400,"1977-06-20 13:30:00",920.45,934.36,916.89,929.7,0
236266200,"1977-06-27 13:30:00",929.7,931.73,906.63,912.65,0
236871000,"1977-07-04 13:30:00",912.65,919.01,903.49,907.99,0
237475800,"1977-07-11 13:30:00",907.99,910.96,896.29,905.95,0
238080600,"1977-07-18 13:30:00",905.95,927.84,901.25,923.42,0
238685400,"1977-07-25 13:30:00",923.42,923.94,878.81,890.07,0
239290200,"1977-08-01 13:30:00",890.07,900.03,877.25,888.69,0
239895000,"1977-08-08 13:30:00",888.17,891.46,866.86,871.1,0
240499800,"1977-08-15 13:30:00",871.1,877.6,856.64,863.48,0
241104600,"1977-08-22 13:30:00",863.48,875.61,844.42,855.42,0
241709400,"1977-08-29 13:30:00",855.77,873.79,850.92,872.31,0
242314200,"1977-09-05 13:30:00",872.31,879.76,853.17,857.07,0
242919000,"1977-09-12 13:30:00",857.07,866.16,847.71,856.81,0
243523800,"1977-09-19 13:30:00",856.81,857.42,833.16,839.14,0
244128600,"1977-09-26 13:30:00",839.14,848.84,830.3,847.11,0
244733400,"1977-10-03 13:30:00",847.11,855.77,832.38,840.35,0
245338200,"1977-10-10 13:30:00",840.35,844.33,811.42,821.64,0
245943000,"1977-10-17 13:30:00",821.64,826.84,804.57,808.3,0
246547800,"1977-10-24 13:30:00",808.3,828.49,792.79,822.68,0
247156200,"1977-10-31 14:30:00",822.68,824.93,794.53,809.94,0
247761000,"1977-11-07 14:30:00",809.94,850.05,808.56,845.89,0
248365800,"1977-11-14 14:30:00",845.89,849.01,827.53,835.76,0
248970600,"1977-11-21 14:30:00",835.76,847.63,829.18,844.42,0
249575400,"1977-11-28 14:30:00",844.42,846.67,819.3,823.98,0
250180200,"1977-12-05 14:30:00",823.98,826.84,802.06,815.23,0
250785000,"1977-12-12 14:30:00",815.23,825.1,809.94,815.32,0
251389800,"1977-12-19 14:30:00",815.32,832.64,800.42,829.87,0
251994600,"1977-12-26 14:30:00",829.87,835.15,822.77,831.17,0
252599400,"1978-01-02 14:30:00",830.47,830.47,788.29,793.49,0
253204200,"1978-01-09 14:30:00",790.89,790.89,771.74,775.73,0
253809000,"1978-01-16 14:30:00",775.73,790.02,767.41,776.94,0
254413800,"1978-01-23 14:30:00",776.94,777.98,759.44,764.12,0
255018600,"1978-01-30 14:30:00",764.12,781.88,761.09,770.96,0
255623400,"1978-02-06 14:30:00",770.96,787.42,764.21,775.99,0
256228200,"1978-02-13 14:30:00",775.99,777.37,748.18,752.69,0
256833000,"1978-02-20 14:30:00",752.69,760.4,742.98,756.24,0
257437800,"1978-02-27 14:30:00",756.24,761.26,736.75,747.31,0
258042600,"1978-03-06 14:30:00",746.97,760.91,739.78,758.58,0
258647400,"1978-03-13 14:30:00",758.58,770.79,752.86,768.71,0
259252200,"1978-03-20 14:30:00",768.88,777.81,752.69,756.5,0
259857000,"1978-03-27 14:30:00",756.5,765.42,749.91,757.36,0
260461800,"1978-04-03 14:30:00",756.67,772,747.05,769.58,0
261066600,"1978-04-10 14:30:00",769.58,797.73,764.03,795.13,0
261671400,"1978-04-17 14:30:00",803.45,825.1,797.56,812.8,0
262276200,"1978-04-24 14:30:00",812.8,846.15,810.38,837.32,0
262877400,"1978-05-01 13:30:00",837.32,849.45,813.84,829.09,0
263482200,"1978-05-08 13:30:00",829.09,855.16,817.22,840.7,0
264087000,"1978-05-15 13:30:00",840.7,865.64,834.72,846.85,0
264691800,"1978-05-22 13:30:00",846.85,857.76,827.79,831.69,0
265296600,"1978-05-29 13:30:00",831.69,849.79,826.4,847.54,0
265901400,"1978-06-05 13:30:00",848.41,879.33,848.41,859.23,0
266506200,"1978-06-12 13:30:00",859.23,866.94,834.98,836.97,0
267111000,"1978-06-19 13:30:00",836.97,841.04,820.34,823.02,0
267715800,"1978-06-26 13:30:00",823.02,827.88,807.95,818.95,0
268320600,"1978-07-03 13:30:00",818.95,818.95,800.94,812.46,0
268925400,"1978-07-10 13:30:00",812.46,841.22,808.13,839.83,0
269530200,"1978-07-17 13:30:00",839.83,849.45,826.75,833.42,0
270135000,"1978-07-24 13:30:00",833.42,860.27,823.46,856.29,0
270739800,"1978-07-31 13:30:00",856.29,905.15,852.56,888.43,0
271344600,"1978-08-07 13:30:00",888.43,903.67,877.51,890.85,0
271949400,"1978-08-14 13:30:00",890.85,911.21,879.16,896.83,0
272554200,"1978-08-21 13:30:00",896.83,904.8,881.15,895.53,0
273159000,"1978-08-28 13:30:00",895.53,895.7,871.36,879.33,0
273763800,"1978-09-04 13:30:00",879.33,909.91,876.91,907.74,0
274368600,"1978-09-11 13:30:00",907.74,917.27,874.05,878.55,0
274973400,"1978-09-18 13:30:00",878.55,884.88,850.92,862.44,0
275578200,"1978-09-25 13:30:00",862.44,875.43,854.9,865.82,0
276183000,"1978-10-02 13:30:00",865.82,885.14,860.1,880.02,0
276787800,"1978-10-09 13:30:00",880.02,909.39,877.86,897.09,0
277392600,"1978-10-16 13:30:00",894.84,894.84,830.47,838.01,0
277997400,"1978-10-23 13:30:00",838.01,846.93,804.49,806.05,0
278605800,"1978-10-30 14:30:00",806.05,831.69,782.05,823.11,0
279210600,"1978-11-06 14:30:00",823.11,825.88,790.97,807.09,0
279815400,"1978-11-13 14:30:00",806.83,806.83,779.11,797.73,0
280420200,"1978-11-20 14:30:00",797.73,812.98,797.47,810.12,0
281025000,"1978-11-27 14:30:00",810.12,817.91,786.64,811.5,0
281629800,"1978-12-04 14:30:00",811.5,829.87,802.23,811.85,0
282234600,"1978-12-11 14:30:00",811.85,821.9,801.8,805.35,0
282839400,"1978-12-18 14:30:00",794.87,811.16,781.01,808.47,0
283444200,"1978-12-25 14:30:00",808.47,819.13,800.5,805.01,0
284049000,"1979-01-01 14:30:00",805.01,837.23,798.51,830.73,0
284653800,"1979-01-08 14:30:00",830.73,843.38,817.31,836.28,0
285258600,"1979-01-15 14:30:00",836.28,851,825.8,837.49,0
285863400,"1979-01-22 14:30:00",837.49,865.04,829.95,859.75,0
286468200,"1979-01-29 14:30:00",859.75,862.96,832.47,834.43,0
287073000,"1979-02-05 14:30:00",830.65,830.65,810.81,822.42,0
287677800,"1979-02-12 14:30:00",822.42,836.88,816.61,827.01,0
288282600,"1979-02-19 14:30:00",827.01,841.56,819.99,823.28,0
288887400,"1979-02-26 14:30:00",823.28,826.4,802.23,815.75,0
289492200,"1979-03-05 14:30:00",818,851.44,818,842.86,0
290097000,"1979-03-12 14:30:00",842.86,856.72,833.85,852.82,0
290701800,"1979-03-19 14:30:00",852.82,867.46,844.68,859.75,0
291306600,"1979-03-26 14:30:00",859.75,876.99,851.52,862.18,0
291911400,"1979-04-02 14:30:00",859.93,884.01,849.27,875.69,0
292516200,"1979-04-09 14:30:00",875.69,884.62,865.21,870.5,0
293121000,"1979-04-16 14:30:00",868.42,868.42,848.93,856.98,0
293725800,"1979-04-23 14:30:00",856.98,873.35,852.39,856.64,0
294327000,"1979-04-30 13:30:00",856.64,863.22,845.89,847.54,0
294931800,"1979-05-07 13:30:00",846.07,846.07,823.63,830.56,0
295536600,"1979-05-14 13:30:00",830.56,848.32,821.03,841.91,0
296141400,"1979-05-21 13:30:00",841.91,851.26,831.86,836.28,0
296746200,"1979-05-28 13:30:00",836.28,837.75,815.14,821.21,0
297351000,"1979-06-04 13:30:00",821.21,842.78,817.83,835.15,0
297955800,"1979-06-11 13:30:00",835.15,851.61,830.73,843.3,0
298560600,"1979-06-18 13:30:00",843.3,853.86,835.85,849.1,0
299165400,"1979-06-25 13:30:00",849.1,850.83,834.2,841.98,0
299770200,"1979-07-02 13:30:00",840.61,847.27,829.27,846.16,0
300375000,"1979-07-09 13:30:00",846.16,857,827.47,833.53,0
300979800,"1979-07-16 13:30:00",833.53,838.57,818,828.07,0
301584600,"1979-07-23 13:30:00",828.07,843.17,819.97,839.76,0
302189400,"1979-07-30 13:30:00",839.76,855.03,833.45,846.16,0
302794200,"1979-08-06 13:30:00",846.16,870.14,839.08,867.06,0
303399000,"1979-08-13 13:30:00",867.15,893.6,867.15,883.36,0
304003800,"1979-08-20 13:30:00",883.36,892.32,872.18,880.2,0
304608600,"1979-08-27 13:30:00",880.2,891.81,877.47,887.63,0
305213400,"1979-09-03 13:30:00",887.63,887.63,857.85,874.15,0
305818200,"1979-09-10 13:30:00",874.15,884.56,862.97,879.1,0
306423000,"1979-09-17 13:30:00",879.1,902.13,869.45,893.94,0
307027800,"1979-09-24 13:30:00",893.94,898.63,875,878.58,0
307632600,"1979-10-01 13:30:00",877.73,904.86,866.55,897.61,0
308237400,"1979-10-08 13:30:00",897.61,900.26,826.54,838.99,0
308842200,"1979-10-15 13:30:00",838.99,840.53,812.46,814.68,0
309447000,"1979-10-22 13:30:00",813.91,816.64,795.99,809.3,0
310055400,"1979-10-29 14:30:00",809.3,826.88,804.86,818.94,0
310660200,"1979-11-05 14:30:00",818.94,819.37,792.24,806.48,0
311265000,"1979-11-12 14:30:00",806.48,827.56,805.03,815.7,0
311869800,"1979-11-19 14:30:00",815.7,822.95,793.6,811.77,0
312474600,"1979-11-26 14:30:00",813.82,838.57,813.82,822.35,0
313079400,"1979-12-03 14:30:00",822.35,844.71,814.76,833.19,0
313684200,"1979-12-10 14:30:00",833.19,846.93,826.62,842.75,0
314289000,"1979-12-17 14:30:00",842.75,851.54,830.46,838.91,0
314893800,"1979-12-24 14:30:00",839.16,843.43,833.79,838.91,0
315498600,"1979-12-31 14:30:00",838.91,843.17,809.05,828.84,0
316103400,"1980-01-07 14:30:00",832,868.17,832,858.53,0
316708200,"1980-01-14 14:30:00",858.53,881.14,854.95,867.16,0
317313000,"1980-01-21 14:30:00",867.16,891.38,859.39,876.11,0
317917800,"1980-01-28 14:30:00",876.11,897.88,864.59,881.48,0
318522600,"1980-02-04 14:30:00",881.48,901.11,867.92,895.73,0
319127400,"1980-02-11 14:30:00",895.73,918.17,875.09,884.98,0
319732200,"1980-02-18 14:30:00",883.95,891.3,855.8,868.77,0
320337000,"1980-02-25 14:30:00",868.77,875.27,847.27,863.14,0
320941800,"1980-03-03 14:30:00",863.14,868.69,813.23,820.56,0
321546600,"1980-03-10 14:30:00",820.56,831.91,800.69,811.69,0
322151400,"1980-03-17 14:30:00",811.27,812.13,779.52,785.16,0
322756200,"1980-03-24 14:30:00",784.98,784.98,729.95,777.66,0
323361000,"1980-03-31 14:30:00",777.66,796.42,772.19,784.13,0
323965800,"1980-04-07 14:30:00",784.13,800.84,759.81,791.55,0
324570600,"1980-04-14 14:30:00",791.55,794.88,760.31,763.41,0
325175400,"1980-04-21 14:30:00",763.41,806.73,751.37,803.58,0
325776600,"1980-04-28 13:30:00",803.58,820.22,798.72,810.92,0
326381400,"1980-05-05 13:30:00",810.92,828.67,802.47,805.8,0
326986200,"1980-05-12 13:30:00",805.8,829.52,795.81,826.88,0
327591000,"1980-05-19 13:30:00",826.88,858.63,820.66,854.09,0
328195800,"1980-05-26 13:30:00",854.09,866.13,835.06,850.84,0
328800600,"1980-06-02 13:30:00",850.84,868.59,840.7,861.52,0
329405400,"1980-06-09 13:30:00",861.52,883.95,855.2,876.38,0
330010200,"1980-06-16 13:30:00",876.38,887.63,863.31,869.7,0
330615000,"1980-06-23 13:30:00",869.7,896.33,864.84,881.83,0
331219800,"1980-06-30 13:30:00",880.89,890.78,862.63,888.91,0
331824600,"1980-07-07 13:30:00",888.91,908.88,880.8,891.13,0
332429400,"1980-07-14 13:30:00",891.13,930.8,887.2,923.98,0
333034200,"1980-07-21 13:30:00",923.98,940.78,913.23,918.09,0
333639000,"1980-07-28 13:30:00",918.09,946.94,911.69,931.48,0
334243800,"1980-08-04 13:30:00",931.48,965.88,918.52,954.69,0
334848600,"1980-08-11 13:30:00",954.69,972.34,943.69,966.72,0
335453400,"1980-08-18 13:30:00",961.95,969.45,934.47,958.19,0
336058200,"1980-08-25 13:30:00",958.19,964.59,923.05,932.59,0
336663000,"1980-09-01 13:30:00",932.59,964.84,928.16,940.95,0
337267800,"1980-09-08 13:30:00",940.95,947.78,919.03,936.52,0
337872600,"1980-09-15 13:30:00",936.52,972.7,926.95,963.73,0
338477400,"1980-09-22 13:30:00",963.73,980.72,934.98,940.09,0
339082200,"1980-09-29 13:30:00",934.81,957.84,918,950.69,0
339687000,"1980-10-06 13:30:00",950.84,973.05,946.25,950.69,0
340291800,"1980-10-13 13:30:00",950.69,987.3,946.42,956.14,0
340896600,"1980-10-20 13:30:00",956.14,968.69,931.06,943.59,0
341505000,"1980-10-27 14:30:00",943.59,944.63,911.59,924.48,0
342109800,"1980-11-03 14:30:00",924.48,982.59,924.48,932.42,0
342714600,"1980-11-10 14:30:00",932.42,997.34,926.7,986.34,0
343319400,"1980-11-17 14:30:00",986.34,1009.39,968.94,989.94,0
343924200,"1980-11-24 14:30:00",988.14,1000.77,967.66,993.34,0
344529000,"1980-12-01 14:30:00",991.13,991.13,951.45,956.23,0
345133800,"1980-12-08 14:30:00",951.19,951.19,895.45,917.16,0
345738600,"1980-12-15 14:30:00",917.16,948.38,902.47,937.2,0
346343400,"1980-12-22 14:30:00",937.2,971.25,934.64,966.375,0
346948200,"1980-12-29 14:30:00",966.38,975.69,952.98,972.78,0
347553000,"1981-01-05 14:30:00",976.28,1013.14,957.77,968.69,0
348157800,"1981-01-12 14:30:00",968.69,983.88,956.48,973.3,0
348762600,"1981-01-19 14:30:00",973.3,980.38,934.13,940.19,0
349367400,"1981-01-26 14:30:00",940.19,960.23,930.89,947.27,0
349972200,"1981-02-02 14:30:00",947.09,959.98,923.89,952.3,0
350577000,"1981-02-09 14:30:00",952.3,958.53,926.45,931.56,0
351181800,"1981-02-16 14:30:00",931.56,952.05,926.11,936.09,0
351786600,"1981-02-23 14:30:00",936.09,980.88,930.64,974.58,0
352391400,"1981-03-02 14:30:00",974.58,983.75,955.7,964.63,0
352996200,"1981-03-09 14:30:00",964.63,1002.7,959.11,985.77,0
353601000,"1981-03-16 14:30:00",985.77,1011.08,979.38,992.8,0
354205800,"1981-03-23 14:30:00",992.8,1021.81,988.56,994.78,0
354810600,"1981-03-30 14:30:00",994.78,1020.63,987.2,1007.11,0
355415400,"1981-04-06 14:30:00",1004.59,1009.02,984.88,1000.27,0
356020200,"1981-04-13 14:30:00",1000.27,1012.8,981.81,1005.58,0
356625000,"1981-04-20 14:30:00",1005.58,1024.69,995.14,1020.34,0
357226200,"1981-04-27 13:30:00",1020.34,1030.98,987.13,995.59,0
357831000,"1981-05-04 13:30:00",985.41,985.41,964.52,976.41,0
358435800,"1981-05-11 13:30:00",976.41,990.09,956.69,985.95,0
359040600,"1981-05-18 13:30:00",985.95,994.42,966.59,971.72,0
359645400,"1981-05-25 13:30:00",971.72,1003.16,965.69,991.75,0
360250200,"1981-06-01 13:30:00",991.75,1010.48,976.81,993.8,0
360855000,"1981-06-08 13:30:00",993.8,1017.22,985.91,1006.28,0
361459800,"1981-06-15 13:30:00",1006.84,1023.02,988.77,996.19,0
362064600,"1981-06-22 13:30:00",996.19,1008.94,988.48,992.88,0
362669400,"1981-06-29 13:30:00",992.88,996.39,954.72,959.19,0
363274200,"1981-07-06 13:30:00",957.95,963.38,941.97,955.67,0
363879000,"1981-07-13 13:30:00",955.67,964.8,941.5,958.91,0
364483800,"1981-07-20 13:30:00",954.81,954.81,918.66,936.73,0
365088600,"1981-07-27 13:30:00",937.13,956.72,933.5,952.34,0
365693400,"1981-08-03 13:30:00",952.34,961.47,937.41,942.55,0
366298200,"1981-08-10 13:30:00",942.55,955.86,933.8,936.94,0
366903000,"1981-08-17 13:30:00",936.94,939.41,916.38,920.56,0
367507800,"1981-08-24 13:30:00",917.44,917.44,883.66,892.22,0
368112600,"1981-08-31 13:30:00",892.22,900.88,856.16,861.69,0
368717400,"1981-09-07 13:30:00",861.69,875.48,843.13,872.81,0
369322200,"1981-09-14 13:30:00",872.81,876.24,829.44,836.19,0
369927000,"1981-09-21 13:30:00",836.19,855.41,815.53,824.02,0
370531800,"1981-09-28 13:30:00",824.02,866.34,807.45,860.73,0
371136600,"1981-10-05 13:30:00",860.73,885.84,848.73,873,0
371741400,"1981-10-12 13:30:00",873,877.77,845.61,851.69,0
372346200,"1981-10-19 13:30:00",851.69,861.97,833.14,837.98,0
372954600,"1981-10-26 14:30:00",837.98,854.83,823.63,852.55,0
373559400,"1981-11-02 14:30:00",855.97,876.05,847.89,852.45,0
374164200,"1981-11-09 14:30:00",852.45,869.02,844.66,855.88,0
374769000,"1981-11-16 14:30:00",853.8,858.16,834.57,852.94,0
375373800,"1981-11-23 14:30:00",852.94,890.89,848.17,885.94,0
375978600,"1981-11-30 14:30:00",885.94,898.5,875.86,892.69,0
376583400,"1981-12-07 14:30:00",892.69,897.73,875.3,886.52,0
377188200,"1981-12-14 14:30:00",882.52,882.52,862.81,875.77,0
377793000,"1981-12-21 14:30:00",875.77,879.56,865.39,873.38,0
378397800,"1981-12-28 14:30:00",873.38,880.33,864.44,875,0
379002600,"1982-01-04 14:30:00",875,887.38,851.22,866.53,0
379607400,"1982-01-11 14:30:00",866.53,872.44,834.09,847.59,0
380212200,"1982-01-18 14:30:00",847.59,861.97,838.47,845.03,0
380817000,"1982-01-25 14:30:00",845.03,876.7,832.56,871.09,0
381421800,"1982-02-01 14:30:00",866.34,866.34,835.7,851.03,0
382026600,"1982-02-08 14:30:00",849.7,849.7,824.11,833.81,0
382631400,"1982-02-15 14:30:00",833.81,836.95,817.27,824.3,0
383236200,"1982-02-22 14:30:00",824.3,837.42,802.23,824.39,0
383841000,"1982-03-01 14:30:00",824.39,840.66,799.28,807.36,0
384445800,"1982-03-08 14:30:00",807.36,819.81,786.16,797.38,0
385050600,"1982-03-15 14:30:00",797.38,811.64,789.38,805.66,0
385655400,"1982-03-22 14:30:00",805.66,833.7,804.8,817.92,0
386260200,"1982-03-29 14:30:00",817.92,843.23,813.17,838.56,0
386865000,"1982-04-05 14:30:00",838.56,847.52,827.91,842.94,0
387469800,"1982-04-12 14:30:00",842.94,848.36,831.91,843.42,0
388074600,"1982-04-19 14:30:00",843.42,865.39,835.81,862.16,0
388675800,"1982-04-26 13:30:00",862.16,871.19,840.09,848.36,0
389280600,"1982-05-03 13:30:00",848.36,876.52,837.52,869.2,0
389885400,"1982-05-10 13:30:00",869.2,874.52,853.88,857.78,0
390490200,"1982-05-17 13:30:00",857.2,857.2,827.63,835.91,0
391095000,"1982-05-24 13:30:00",835.91,845.31,815.55,819.55,0
391699800,"1982-05-31 13:30:00",819.55,824.3,802.42,804.98,0
392304600,"1982-06-07 13:30:00",804.98,815.92,789.77,809.73,0
392909400,"1982-06-14 13:30:00",809.73,810.22,784.53,788.63,0
393514200,"1982-06-21 13:30:00",788.63,821.63,784.25,803.08,0
394119000,"1982-06-28 13:30:00",803.08,821.63,792.52,796.98,0
394723800,"1982-07-05 13:30:00",796.98,818.59,787.39,814.13,0
395328600,"1982-07-12 13:30:00",814.69,837.33,814.69,828.67,0
395933400,"1982-07-19 13:30:00",828.67,843.8,820.02,830.56,0
396538200,"1982-07-26 13:30:00",830.56,833.23,801.45,808.59,0
397143000,"1982-08-02 13:30:00",808.59,831.44,781.77,784.34,0
397747800,"1982-08-09 13:30:00",784.34,790.63,769.98,788.05,0
398352600,"1982-08-16 13:30:00",788.53,871.19,788.53,869.3,0
398957400,"1982-08-23 13:30:00",869.3,908.95,861.69,883.47,0
399562200,"1982-08-30 13:30:00",883.47,940.48,872.42,925.13,0
400167000,"1982-09-06 13:30:00",925.13,928.34,897.08,906.81,0
400771800,"1982-09-13 13:30:00",906.81,938.47,898.36,916.94,0
401376600,"1982-09-20 13:30:00",916.94,951.16,904.7,919.52,0
401981400,"1982-09-27 13:30:00",919.52,930.73,891.28,907.73,0
402586200,"1982-10-04 13:30:00",907.73,992.92,892.02,986.84,0
403191000,"1982-10-11 13:30:00",991.55,1033.56,981.88,993.09,0
403795800,"1982-10-18 13:30:00",993.09,1046.08,991.63,1030.35,0
404400600,"1982-10-25 13:30:00",1030.35,1030.35,979.76,991.07,0
405009000,"1982-11-01 14:30:00",990.8,1068.98,983.71,1043.59,0
405613800,"1982-11-08 14:30:00",1052.52,1072.01,1034.77,1042.31,0
406218600,"1982-11-15 14:30:00",1028.14,1037.34,999.35,1021.61,0
406823400,"1982-11-22 14:30:00",1021.8,1024.19,990.98,1007.35,0
407428200,"1982-11-29 14:30:00",1009.46,1050.49,996.59,1031.36,0
408033000,"1982-12-06 14:30:00",1033.02,1066.5,1016.09,1018.76,0
408637800,"1982-12-13 14:30:00",1020.14,1044.88,988.59,1011.5,0
409242600,"1982-12-20 14:30:00",1013.52,1046.08,1003.21,1045.07,0
409847400,"1982-12-27 14:30:00",1049.2,1074.32,1044.79,1046.547,0
410452200,"1983-01-03 14:30:00",1048.92,1085.17,1023.54,1076.07,0
411057000,"1983-01-10 14:30:00",1074.6,1100.07,1068.61,1080.85,0
411661800,"1983-01-17 14:30:00",1084.25,1093.26,1049.3,1052.97,0
412266600,"1983-01-24 14:30:00",1053.15,1075.14,1020.23,1064.75,0
412871400,"1983-01-31 14:30:00",1063.73,1078.45,1051.78,1077.9,0
413476200,"1983-02-07 14:30:00",1077.26,1096.3,1061.9,1086.5,0
414081000,"1983-02-14 14:30:00",1085.84,1101.93,1078.96,1092.82,0
414685800,"1983-02-21 14:30:00",1092.21,1130.51,1080.39,1120.93,0
415290600,"1983-02-28 14:30:00",1121.71,1145.22,1111.55,1140.95,0
415895400,"1983-03-07 14:30:00",1140.77,1144.25,1111.84,1117.06,0
416500200,"1983-03-14 14:30:00",1116.58,1130.99,1108.55,1117.74,0
417105000,"1983-03-21 14:30:00",1116.78,1149.48,1112.62,1140.09,0
417709800,"1983-03-28 14:30:00",1140.48,1152.09,1128.77,1129.93,0
418314600,"1983-04-04 14:30:00",1129.84,1133.61,1104.68,1124.7,0
418919400,"1983-04-11 14:30:00",1124.9,1171.25,1124.9,1171.24,0
419524200,"1983-04-18 14:30:00",1171.73,1198.14,1169.41,1196.3,0
420125400,"1983-04-25 13:30:00",1196.69,1228.04,1180.92,1226.19,0
420730200,"1983-05-02 13:30:00",1226.01,1240.52,1193.89,1232.58,0
421335000,"1983-05-09 13:30:00",1233.17,1235.58,1208.69,1218.35,0
421939800,"1983-05-16 13:30:00",1218.17,1220.59,1184.21,1190.01,0
422544600,"1983-05-23 13:30:00",1188.47,1231.91,1176.86,1211.85,0
423149400,"1983-05-30 13:30:00",1215.85,1217.35,1191.27,1213.03,0
423754200,"1983-06-06 13:30:00",1212.94,1217.45,1180.89,1196.11,0
424359000,"1983-06-13 13:30:00",1197.72,1250.7,1197.72,1241.79,0
424963800,"1983-06-20 13:30:00",1241.69,1251.2,1232.37,1241.68,0
425568600,"1983-06-27 13:30:00",1241.69,1243.99,1205.63,1224.76,0
426173400,"1983-07-04 13:30:00",1224.76,1224.76,1204.13,1207.23,0
426778200,"1983-07-11 13:30:00",1208.63,1216.35,1189.7,1192.3,0
427383000,"1983-07-18 13:30:00",1192.91,1231.97,1183.79,1231.16,0
427987800,"1983-07-25 13:30:00",1230.97,1252.9,1192.81,1199.21,0
428592600,"1983-08-01 13:30:00",1199.82,1199.92,1169.47,1183.29,0
429197400,"1983-08-08 13:30:00",1183.29,1184.04,1156.45,1182.82,0
429802200,"1983-08-15 13:30:00",1183.64,1215.44,1183.64,1194.92,0
430407000,"1983-08-22 13:30:00",1194.92,1208.84,1176.52,1192.07,0
431011800,"1983-08-29 13:30:00",1192.07,1216.87,1182.01,1215.44,0
431616600,"1983-09-05 13:30:00",1216.36,1249.8,1216.36,1240.61,0
432221400,"1983-09-12 13:30:00",1244.61,1259.55,1214.74,1225.71,0
432826200,"1983-09-19 13:30:00",1225.71,1261.48,1225.1,1256.91,0
433431000,"1983-09-26 13:30:00",1256.91,1264.74,1228.96,1233.12,0
434035800,"1983-10-03 13:30:00",1232.42,1274.49,1222.46,1272.15,0
434640600,"1983-10-10 13:30:00",1272.26,1284.65,1254.27,1263.51,0
435245400,"1983-10-17 13:30:00",1265.04,1274.29,1235.87,1247.97,0
435850200,"1983-10-24 13:30:00",1247.97,1258.33,1221.44,1224.19,0
436458600,"1983-10-31 14:30:00",1224.39,1239.33,1214.43,1218.09,0
437063400,"1983-11-07 14:30:00",1218.09,1250.3,1213.21,1250.3,0
437668200,"1983-11-14 14:30:00",1250.3,1261.28,1245.73,1251.01,0
438273000,"1983-11-21 14:30:00",1251.32,1279.67,1250.2,1276.93,0
438877800,"1983-11-28 14:30:00",1276.93,1291.67,1262.8,1265.24,0
439482600,"1983-12-05 14:30:00",1265.04,1279.37,1255.69,1260.06,0
440087400,"1983-12-12 14:30:00",1256.5,1262.5,1236.38,1241.26,0
440692200,"1983-12-19 14:30:00",1241.97,1259.55,1238.92,1250.3,0
441297000,"1983-12-26 14:30:00",1250.51,1268.7,1250.51,1258.63,0
441901800,"1984-01-02 14:30:00",1257.72,1286.99,1250.81,1286.69,0
442506600,"1984-01-09 14:30:00",1286.48,1291.87,1267.68,1270.53,0
443111400,"1984-01-16 14:30:00",1271.14,1275.44,1256.7,1259.1,0
443716200,"1984-01-23 14:30:00",1258.58,1258.58,1222.26,1229.38,0
444321000,"1984-01-30 14:30:00",1230.42,1234.92,1197.02,1197.02,0
444925800,"1984-02-06 14:30:00",1197.03,1197.03,1144.89,1160.69,0
445530600,"1984-02-13 14:30:00",1159.97,1170.02,1143.01,1149.08,0
446135400,"1984-02-20 14:30:00",1149.39,1165.09,1117.88,1165.09,0
446740200,"1984-02-27 14:30:00",1163.94,1181.74,1150.86,1171.48,0
447345000,"1984-03-05 14:30:00",1172.01,1172.11,1136.1,1139.75,0
447949800,"1984-03-12 14:30:00",1141.12,1191.48,1140.6,1182.79,0
448554600,"1984-03-19 14:30:00",1184.67,1184.67,1148.14,1154.42,0
449159400,"1984-03-26 14:30:00",1154.84,1179.54,1149.5,1164.26,0
449764200,"1984-04-02 14:30:00",1165.2,1171.06,1120.39,1132.22,0
450369000,"1984-04-09 14:30:00",1131.07,1168.76,1124.16,1149.6,0
450973800,"1984-04-16 14:30:00",1150.44,1171.8,1142.9,1158.07,0
451578600,"1984-04-23 14:30:00",1157.35,1177.76,1148.24,1169.39,0
452179800,"1984-04-30 13:30:00",1169.49,1188.23,1161.96,1165.3,0
452784600,"1984-05-07 13:30:00",1165.2,1177.76,1148.14,1156.72,0
453389400,"1984-05-14 13:30:00",1156.93,1156.93,1128.98,1133.79,0
453994200,"1984-05-21 13:30:00",1134.53,1135.99,1099.14,1107.09,0
454599000,"1984-05-28 13:30:00",1106.68,1124.35,1086.85,1124.35,0
455203800,"1984-06-04 13:30:00",1124.68,1139.12,1121.01,1131.24,0
455808600,"1984-06-11 13:30:00",1130.63,1130.63,1086.9,1086.9,0
456413400,"1984-06-18 13:30:00",1082.82,1137.59,1082.05,1131.07,0
457018200,"1984-06-25 13:30:00",1130.96,1140.24,1113.07,1132.39,0
457623000,"1984-07-02 13:30:00",1132.18,1136.15,1113.74,1122.57,0
458227800,"1984-07-09 13:30:00",1122.02,1135.38,1101.04,1109.87,0
458832600,"1984-07-16 13:30:00",1110.2,1124.45,1096.07,1101.36,0
459437400,"1984-07-23 13:30:00",1090.11,1118.71,1082.16,1114.51,0
460042200,"1984-07-30 13:30:00",1114.07,1203.62,1108.99,1202.07,0
460647000,"1984-08-06 13:30:00",1201.74,1248.01,1189.05,1218.08,0
461251800,"1984-08-13 13:30:00",1218.09,1226.26,1198.32,1211.9,0
461856600,"1984-08-20 13:30:00",1211.35,1247.13,1208.48,1236.52,0
462461400,"1984-08-27 13:30:00",1236.42,1238.3,1216.43,1224.38,0
463066200,"1984-09-03 13:30:00",1224.27,1224.49,1204.4,1207.37,0
463671000,"1984-09-10 13:30:00",1207.49,1244.15,1195.01,1237.51,0
464275800,"1984-09-17 13:30:00",1237.85,1240.95,1201.41,1201.74,0
464880600,"1984-09-24 13:30:00",1201.74,1220.85,1198.98,1206.71,0
465485400,"1984-10-01 13:30:00",1206.71,1206.71,1180.21,1182.52,0
466090200,"1984-10-08 13:30:00",1183.3,1195.89,1161.44,1190.69,0
466695000,"1984-10-15 13:30:00",1190.59,1237.96,1188.94,1225.92,0
467299800,"1984-10-22 13:30:00",1224.82,1226.92,1201.41,1201.41,0
467908200,"1984-10-29 14:30:00",1204.84,1222.06,1199.76,1216.64,0
468513000,"1984-11-05 14:30:00",1216.54,1244.14,1216.54,1218.96,0
469117800,"1984-11-12 14:30:00",1218.31,1219.63,1187.94,1187.94,0
469722600,"1984-11-19 14:30:00",1193.12,1220.41,1184.19,1220.29,0
470327400,"1984-11-26 14:30:00",1220.19,1222.84,1185.84,1188.93,0
470932200,"1984-12-03 14:30:00",1189.16,1189.71,1162.77,1163.2,0
471537000,"1984-12-10 14:30:00",1165.74,1184.74,1157.46,1175.9,0
472141800,"1984-12-17 14:30:00",1176.9,1220.19,1167.18,1198.98,0
472746600,"1984-12-24 14:30:00",1199.98,1211.79,1199.54,1204.17,0
473351400,"1984-12-31 14:30:00",1203.73,1211.68,1180.99,1184.95,0
473956200,"1985-01-07 14:30:00",1185.18,1226.26,1185.18,1217.76,0
474561000,"1985-01-14 14:30:00",1217.65,1239.73,1213.23,1227.35,0
475165800,"1985-01-21 14:30:00",1226.37,1282.8,1226.37,1276.05,0
475770600,"1985-01-28 14:30:00",1275.73,1300.02,1269.1,1277.71,0
476375400,"1985-02-04 14:30:00",1278.05,1296.71,1271.75,1289.53,0
476980200,"1985-02-11 14:30:00",1289.86,1303.11,1269.66,1282.01,0
477585000,"1985-02-18 14:30:00",1281.8,1288.76,1274.07,1275.84,0
478189800,"1985-02-25 14:30:00",1275.84,1305.87,1268.88,1299.35,0
478794600,"1985-03-04 14:30:00",1299.25,1301.68,1268.33,1269.65,0
479399400,"1985-03-11 14:30:00",1269.55,1275.95,1251,1251.1,0
480004200,"1985-03-18 14:30:00",1251.1,1273.52,1246.8,1267.44,0
480609000,"1985-03-25 14:30:00",1267.45,1271.31,1255.96,1266.78,0
481213800,"1985-04-01 14:30:00",1267.01,1277.27,1252.87,1259.05,0
481818600,"1985-04-08 14:30:00",1259.28,1269.55,1250.66,1265.67,0
482423400,"1985-04-15 14:30:00",1265.68,1278.82,1260.05,1266.56,0
483028200,"1985-04-22 14:30:00",1266.45,1287.1,1261.71,1275.17,0
483629400,"1985-04-29 13:30:00",1274.96,1274.96,1240.72,1247.23,0
484234200,"1985-05-06 13:30:00",1247.35,1277.39,1245.14,1274.17,0
484839000,"1985-05-13 13:30:00",1274.07,1292.4,1271.31,1285.33,0
485443800,"1985-05-20 13:30:00",1294.68,1312.61,1292.22,1301.96,0
486048600,"1985-05-27 13:30:00",1302.08,1316.87,1296.26,1315.41,0
486653400,"1985-06-03 13:30:00",1315.19,1329.75,1307.35,1316.41,0
487258200,"1985-06-10 13:30:00",1316.42,1319.33,1288.42,1300.96,0
487863000,"1985-06-17 13:30:00",1300.96,1324.48,1291.55,1324.48,0
488467800,"1985-06-24 13:30:00",1324.15,1336.13,1311.6,1335.23,0
489072600,"1985-07-01 13:30:00",1335.34,1340.28,1325.83,1334.45,0
489677400,"1985-07-08 13:30:00",1334.34,1339.94,1320.45,1338.59,0
490282200,"1985-07-15 13:30:00",1338.04,1359.66,1333.33,1359.53,0
490887000,"1985-07-22 13:30:00",1359.43,1367.61,1340.5,1357.07,0
491491800,"1985-07-29 13:30:00",1356.63,1356.63,1339.94,1353.04,0
492096600,"1985-08-05 13:30:00",1351.81,1351.81,1320.65,1320.78,0
492701400,"1985-08-12 13:30:00",1321.01,1321.8,1306,1312.72,0
493306200,"1985-08-19 13:30:00",1312.84,1331.65,1311.16,1318.32,0
493911000,"1985-08-26 13:30:00",1318.08,1336.58,1312.28,1334.01,0
494515800,"1985-09-02 13:30:00",1334.01,1337.93,1321.24,1335.68,0
495120600,"1985-09-09 13:30:00",1335.57,1341.4,1300.74,1307.67,0
495725400,"1985-09-16 13:30:00",1307.67,1309.92,1289.31,1297.93,0
496330200,"1985-09-23 13:30:00",1306.78,1325.83,1305.67,1321.01,0
496935000,"1985-09-30 13:30:00",1330.08,1345.54,1318.55,1328.73,0
497539800,"1985-10-07 13:30:00",1328.74,1339.94,1319.89,1339.94,0
498144600,"1985-10-14 13:30:00",1339.38,1378.14,1339.38,1368.83,0
498749400,"1985-10-21 13:30:00",1368.84,1370.07,1355.29,1356.51,0
499357800,"1985-10-28 14:30:00",1356.52,1390.25,1351.25,1390.25,0
499962600,"1985-11-04 14:30:00",1388.76,1407.57,1382.22,1404.35,0
500567400,"1985-11-11 14:30:00",1404.59,1446.33,1404.59,1435.08,0
501172200,"1985-11-18 14:30:00",1435.09,1469.04,1429.93,1464.33,0
501777000,"1985-11-25 14:30:00",1464.33,1483.03,1454.13,1472.12,0
502381800,"1985-12-02 14:30:00",1472.25,1500.46,1453.44,1477.17,0
502986600,"1985-12-09 14:30:00",1477.04,1537.5,1476.95,1535.2,0
503591400,"1985-12-16 14:30:00",1536.24,1563.76,1523.89,1543,0
504196200,"1985-12-23 14:30:00",1543,1543.23,1514.33,1543,0
504801000,"1985-12-30 14:30:00",1545.07,1556.31,1522.89,1549.19,0
505405800,"1986-01-06 14:30:00",1550,1570.41,1503.56,1513.53,0
506010600,"1986-01-13 14:30:00",1513.65,1543.35,1510.09,1536.69,0
506615400,"1986-01-20 14:30:00",1536.35,1536.35,1497.71,1529.92,0
507220200,"1986-01-27 14:30:00",1529.93,1577.29,1529.93,1570.98,0
507825000,"1986-02-03 14:30:00",1571.1,1619.27,1568.81,1613.41,0
508429800,"1986-02-10 14:30:00",1613.3,1664.45,1610.32,1664.44,0
509034600,"1986-02-17 14:30:00",1664.45,1697.59,1649.08,1697.59,0
509639400,"1986-02-24 14:30:00",1697.59,1720.53,1682.57,1709.05,0
510244200,"1986-03-03 14:30:00",1708.49,1714.79,1671.98,1699.83,0
510849000,"1986-03-10 14:30:00",1697.92,1792.86,1696.47,1792.74,0
511453800,"1986-03-17 14:30:00",1782.08,1813.1,1768.55,1768.55,0
512058600,"1986-03-24 14:30:00",1768.56,1841.24,1767.36,1821.71,0
512663400,"1986-03-31 14:30:00",1821.84,1831.9,1736.11,1739.22,0
513268200,"1986-04-07 14:30:00",1739.1,1807.46,1718.15,1790.18,0
513873000,"1986-04-14 14:30:00",1790.71,1861.91,1786.62,1840.4,0
514477800,"1986-04-21 14:30:00",1840.7,1859.13,1809.77,1835.56,0
515079000,"1986-04-28 13:30:00",1835.07,1852.43,1768.97,1774.68,0
515683800,"1986-05-05 13:30:00",1774.31,1797.37,1759.92,1789.43,0
516288600,"1986-05-12 13:30:00",1789.43,1808.28,1755.95,1759.79,0
516893400,"1986-05-19 13:30:00",1759.8,1833.33,1751.86,1823.29,0
517498200,"1986-05-26 13:30:00",1823.29,1895.2,1823.29,1876.7,0
518103000,"1986-06-02 13:30:00",1876.21,1887.51,1848.36,1885.9,0
518707800,"1986-06-09 13:30:00",1885.9,1885.9,1823.47,1874.19,0
519312600,"1986-06-16 13:30:00",1878.1,1890.6,1843.8,1879.5,0
519917400,"1986-06-23 13:30:00",1871.8,1903.4,1853.4,1885.3,0
520522200,"1986-06-30 13:30:00",1888.9,1922.7,1876.1,1900.9,0
521127000,"1986-07-07 13:30:00",1873.3,1895.5,1795,1821.4,0
521731800,"1986-07-14 13:30:00",1803,1816.7,1754.6,1778,0
522336600,"1986-07-21 13:30:00",1780.2,1821.6,1763.9,1810,0
522941400,"1986-07-28 13:30:00",1809.9,1815.2,1741.6,1763.6,0
523546200,"1986-08-04 13:30:00",1750,1802,1730.6,1782.6,0
524151000,"1986-08-11 13:30:00",1794.9,1863.6,1779.3,1855.6,0
524755800,"1986-08-18 13:30:00",1848.1,1899.5,1842.7,1887.8,0
525360600,"1986-08-25 13:30:00",1887.8,1918.6,1860.5,1898.3,0
525965400,"1986-09-01 13:30:00",1898.3,1933.4,1852.8,1899.8,0
526570200,"1986-09-08 13:30:00",1899.8,1909.5,1733.6,1758.7,0
527175000,"1986-09-15 13:30:00",1776.6,1799.4,1739.6,1762.7,0
527779800,"1986-09-22 13:30:00",1771.9,1820,1750.1,1769.7,0
528384600,"1986-09-29 13:30:00",1745.4,1806.4,1733,1774.2,0
528989400,"1986-10-06 13:30:00",1780.8,1824.2,1763.4,1793.2,0
529594200,"1986-10-13 13:30:00",1791.9,1852.6,1781.5,1837,0
530199000,"1986-10-20 13:30:00",1811.6,1851.7,1792,1832.3,0
530807400,"1986-10-27 14:30:00",1827.8,1894.7,1817.5,1877.8,0
531412200,"1986-11-03 14:30:00",1884.6,1911.1,1869,1886.5,0
532017000,"1986-11-10 14:30:00",1882.7,1909.3,1848.3,1873.6,0
532621800,"1986-11-17 14:30:00",1867.1,1901.9,1797.1,1893.6,0
533226600,"1986-11-24 14:30:00",1908.2,1926.5,1879.1,1914.2,0
533831400,"1986-12-01 14:30:00",1888.2,1971.7,1880.5,1925.1,0
534436200,"1986-12-08 14:30:00",1922.8,1947.4,1904.4,1912.3,0
535041000,"1986-12-15 14:30:00",1898.5,1942.9,1887.1,1928.9,0
535645800,"1986-12-22 14:30:00",1921.4,1939.1,1902.3,1930.4,0
536250600,"1986-12-29 14:30:00",1916.5,1933.5,1885.4,1927.3,0
536855400,"1987-01-05 14:30:00",1946,2021.7,1936.6,2005.9,0
537460200,"1987-01-12 14:30:00",2002.5,2099.7,1987.6,2076.6,0
538065000,"1987-01-19 14:30:00",2061.7,2214.6,2051.3,2101.5,0
538669800,"1987-01-26 14:30:00",2100,2193.3,2079.7,2158,0
539274600,"1987-02-02 14:30:00",2163.1,2223.3,2142.2,2186.9,0
539879400,"1987-02-09 14:30:00",2182,2203.2,2134.4,2183.4,0
540484200,"1987-02-16 14:30:00",2209.2,2266.5,2184.9,2235.2,0
541089000,"1987-02-23 14:30:00",2197.7,2249.9,2186.3,2224,0
541693800,"1987-03-02 14:30:00",2215,2298.2,2209.1,2280.2,0
542298600,"1987-03-09 14:30:00",2253,2302.2,2238.6,2258.7,0
542903400,"1987-03-16 14:30:00",2241.2,2342.1,2224.9,2333.5,0
543508200,"1987-03-23 14:30:00",2348.3,2399.6,2322.4,2335.8,0
544113000,"1987-03-30 14:30:00",2271.7,2402.4,2230.3,2390.3,0
544714200,"1987-04-06 13:30:00",2405.2,2428.4,2305.1,2338.8,0
545319000,"1987-04-13 13:30:00",2327.4,2355.7,2213.6,2276,0
545923800,"1987-04-20 13:30:00",2274.6,2353.1,2221.6,2235.4,0
546528600,"1987-04-27 13:30:00",2205.1,2314.2,2180.5,2280.4,0
547133400,"1987-05-04 13:30:00",2286.4,2369.9,2255.3,2322.3,0
547738200,"1987-05-11 13:30:00",2364,2380.8,2266.6,2272.5,0
548343000,"1987-05-18 13:30:00",2259.1,2282.9,2188.5,2243.2,0
548947800,"1987-05-25 13:30:00",2270.9,2332.4,2252.9,2291.6,0
549552600,"1987-06-01 13:30:00",2297.2,2346.3,2260.6,2326.2,0
550157400,"1987-06-08 13:30:00",2329.8,2399.4,2306.9,2377.7,0
550762200,"1987-06-15 13:30:00",2394.6,2431.9,2374.4,2420.9,0
551367000,"1987-06-22 13:30:00",2434,2466,2415.3,2436.9,0
551971800,"1987-06-29 13:30:00",2437,2460.3,2391.3,2436.7,0
552576600,"1987-07-06 13:30:00",2444.4,2478.5,2413,2456,0
553181400,"1987-07-13 13:30:00",2441.5,2533.6,2427.1,2510,0
553786200,"1987-07-20 13:30:00",2502.9,2512.3,2444.7,2485.3,0
554391000,"1987-07-27 13:30:00",2488.2,2588.3,2468.8,2572.1,0
554995800,"1987-08-03 13:30:00",2565.1,2611.9,2526,2592,0
555600600,"1987-08-10 13:30:00",2599.7,2714.9,2587.9,2685.4,0
556205400,"1987-08-17 13:30:00",2689.4,2735.5,2626.6,2709.5,0
556810200,"1987-08-24 13:30:00",2699.3,2746.7,2632,2639.4,0
557415000,"1987-08-31 13:30:00",2651.4,2695.5,2556.3,2561.4,0
558019800,"1987-09-07 13:30:00",2539.2,2626,2493.8,2608.7,0
558624600,"1987-09-14 13:30:00",2607.5,2634.6,2508,2524.6,0
559229400,"1987-09-21 13:30:00",2544.4,2604,2469,2570.2,0
559834200,"1987-09-28 13:30:00",2597.3,2662.4,2563.6,2641,0
560439000,"1987-10-05 13:30:00",2636.1,2658.8,2472.3,2482.2,0
561043800,"1987-10-12 13:30:00",2456.3,2528.4,2207.7,2246.7,0
561648600,"1987-10-19 13:30:00",2040.6,2164.2,1616.2,1950.8,0
562257000,"1987-10-26 14:30:00",1839,2049.1,1767.7,1993.5,0
562861800,"1987-11-02 14:30:00",1993.2,2027.5,1891.7,1959.1,0
563466600,"1987-11-09 14:30:00",1910.5,1983.9,1846,1935,0
564071400,"1987-11-16 14:30:00",1961.7,1979.3,1853.6,1913.6,0
564676200,"1987-11-23 14:30:00",1910.5,1985.3,1889.3,1910.5,0
565281000,"1987-11-30 14:30:00",1848.1,1878,1733.9,1766.7,0
565885800,"1987-12-07 14:30:00",1785.6,1924.9,1765.8,1867,0
566490600,"1987-12-14 14:30:00",1893.1,1987.2,1860.4,1975.3,0
567095400,"1987-12-21 14:30:00",1978.5,2019.6,1949.3,1999.7,0
567700200,"1987-12-28 14:30:00",1944.8,1966.2,1912.6,1938.8,0
568305000,"1988-01-04 14:30:00",1992.7,2075.3,1898,1911.3,0
568909800,"1988-01-11 14:30:00",1917.8,1988.4,1878,1956.1,0
569514600,"1988-01-18 14:30:00",1965.2,1977.5,1846,1903.5,0
570119400,"1988-01-25 14:30:00",1909.5,1967.7,1889.4,1958.2,0
570724200,"1988-02-01 14:30:00",1963,1985.4,1902.9,1910.5,0
571329000,"1988-02-08 14:30:00",1891.1,1995.7,1878.2,1983.3,0
571933800,"1988-02-15 14:30:00",1976.1,2026.2,1969.8,2014.6,0
572538600,"1988-02-22 14:30:00",2008.8,2078.1,1998.7,2023.2,0
573143400,"1988-02-29 14:30:00",2032.2,2094.5,2017.2,2057.9,0
573748200,"1988-03-07 14:30:00",2051.7,2094.2,1996.5,2035,0
574353000,"1988-03-14 14:30:00",2040,2110.9,2023,2087.4,0
574957800,"1988-03-21 14:30:00",2066.5,2085.1,1973.8,1979,0
575562600,"1988-03-28 14:30:00",1969.5,2018.6,1951.3,1988.1,0
576163800,"1988-04-04 13:30:00",2004,2103.8,1969.5,2090.2,0
576768600,"1988-04-11 13:30:00",2086.7,2121.4,1970,2013.9,0
577373400,"1988-04-18 13:30:00",1999.8,2047.1,1968,2015.1,0
577978200,"1988-04-25 13:30:00",2020.4,2066.6,2011.6,2032.3,0
578583000,"1988-05-02 13:30:00",2026.2,2072,1997.8,2007.5,0
579187800,"1988-05-09 13:30:00",2001.5,2020.2,1950.3,1990.6,0
579792600,"1988-05-16 13:30:00",1992.7,2026.7,1921.6,1952.6,0
580397400,"1988-05-23 13:30:00",1941.2,1984.6,1927.2,1956.4,0
581002200,"1988-05-30 13:30:00",1986,2080.7,1959.4,2071.3,0
581607000,"1988-06-06 13:30:00",2066.5,2123.6,2042.9,2101.7,0
582211800,"1988-06-13 13:30:00",2095.5,2148.1,2070.1,2104,0
582816600,"1988-06-20 13:30:00",2085.9,2169.1,2072.6,2143,0
583421400,"1988-06-27 13:30:00",2135,2151.1,2100.1,2131.6,0
584026200,"1988-07-04 13:30:00",2131.1,2169.5,2099.4,2106.2,0
584631000,"1988-07-11 13:30:00",2115.2,2140.1,2073.4,2129.5,0
585235800,"1988-07-18 13:30:00",2121.4,2132.5,2050.3,2061,0
585840600,"1988-07-25 13:30:00",2062.4,2133,2047.3,2128.7,0
586445400,"1988-08-01 13:30:00",2128.2,2151.9,2105.4,2119.1,0
587050200,"1988-08-08 13:30:00",2121.4,2134.6,2014.1,2037.5,0
587655000,"1988-08-15 13:30:00",2030.2,2048.9,1993.8,2016,0
588259800,"1988-08-22 13:30:00",2009.3,2029,1978.7,2017.4,0
588864600,"1988-08-29 13:30:00",2032.9,2064.7,1988.4,2054.6,0
589469400,"1988-09-05 13:30:00",2058.1,2088.7,2038.9,2068.8,0
590074200,"1988-09-12 13:30:00",2072,2113.3,2055.3,2098.2,0
590679000,"1988-09-19 13:30:00",2080.6,2103.3,2066.7,2090.7,0
591283800,"1988-09-26 13:30:00",2089.1,2140.3,2069.9,2112.9,0
591888600,"1988-10-03 13:30:00",2094.8,2157.7,2082.3,2150.3,0
592493400,"1988-10-10 13:30:00",2152.6,2167.9,2113.4,2133.2,0
593098200,"1988-10-17 13:30:00",2137.8,2193.3,2111,2183.5,0
593703000,"1988-10-24 13:30:00",2172.8,2195.1,2120.9,2149.9,0
594311400,"1988-10-31 14:30:00",2146,2186,2125.4,2145.8,0
594916200,"1988-11-07 14:30:00",2130.7,2146.9,2063.5,2067,0
595521000,"1988-11-14 14:30:00",2059.4,2088,2026.7,2062.4,0
596125800,"1988-11-21 14:30:00",2048.4,2103.5,2036.8,2074.7,0
596730600,"1988-11-28 14:30:00",2079.1,2126.6,2062.2,2092.3,0
597335400,"1988-12-05 14:30:00",2115,2167.5,2092.6,2143.5,0
597940200,"1988-12-12 14:30:00",2157.4,2165.2,2119.3,2150.7,0
598545000,"1988-12-19 14:30:00",2158.9,2192.7,2141.1,2168.9,0
599149800,"1988-12-26 14:30:00",2170.4,2193.8,2153.6,2168.6,0
599754600,"1989-01-02 14:30:00",2154.5,2213.8,2127.1,2194.3,0
600359400,"1989-01-09 14:30:00",2193.4,2239.1,2182.3,2226.1,0
600964200,"1989-01-16 14:30:00",2227.3,2254.6,2202.5,2235.4,0
601569000,"1989-01-23 14:30:00",2231.6,2349.6,2214.3,2322.9,0
602173800,"1989-01-30 14:30:00",2326.1,2355,2302.7,2331.3,0
602778600,"1989-02-06 14:30:00",2319.1,2369.3,2278.9,2286.1,0
603383400,"1989-02-13 14:30:00",2278.8,2339.1,2266.1,2324.8,0
603988200,"1989-02-20 14:30:00",2324.1,2340.9,2242.7,2245.5,0
604593000,"1989-02-27 14:30:00",2239.8,2281.8,2232.1,2274.3,0
605197800,"1989-03-06 14:30:00",2281.4,2316.8,2261.6,2282.1,0
605802600,"1989-03-13 14:30:00",2309.8,2351.1,2267.9,2292.1,0
606407400,"1989-03-20 14:30:00",2279.6,2286.3,2235.9,2243,0
607012200,"1989-03-27 14:30:00",2250.9,2303.3,2234.5,2293.6,0
607613400,"1989-04-03 13:30:00",2298,2317.5,2282.1,2304.8,0
608218200,"1989-04-10 13:30:00",2309.4,2342.9,2289.6,2337.1,0
608823000,"1989-04-17 13:30:00",2341.1,2412.6,2324.2,2409.5,0
609427800,"1989-04-24 13:30:00",2396.1,2433.1,2373.9,2418.8,0
610032600,"1989-05-01 13:30:00",2400.7,2434.4,2371.9,2382,0
610637400,"1989-05-08 13:30:00",2377.8,2448,2356.3,2439.7,0
611242200,"1989-05-15 13:30:00",2447,2509.4,2432.4,2501.1,0
611847000,"1989-05-22 13:30:00",2495.6,2521.6,2458,2493.8,0
612451800,"1989-05-29 13:30:00",2492.3,2530.9,2459.7,2517.8,0
613056600,"1989-06-05 13:30:00",2514,2534.4,2471.3,2513.4,0
613661400,"1989-06-12 13:30:00",2494.6,2528.2,2460.8,2486.4,0
614266200,"1989-06-19 13:30:00",2479.9,2536,2450.9,2531.9,0
614871000,"1989-06-26 13:30:00",2523.7,2545,2412.9,2440.1,0
615475800,"1989-07-03 13:30:00",2449.4,2503.2,2431.5,2487.9,0
616080600,"1989-07-10 13:30:00",2496.8,2563.2,2482.7,2554.8,0
616685400,"1989-07-17 13:30:00",2545.3,2616.5,2531.7,2607.4,0
617290200,"1989-07-24 13:30:00",2585.6,2656.7,2563.7,2635.2,0
617895000,"1989-07-31 13:30:00",2632,2687,2615.5,2653.5,0
618499800,"1989-08-07 13:30:00",2655.5,2747.5,2643.6,2684,0
619104600,"1989-08-14 13:30:00",2692,2712.3,2655,2687.9,0
619709400,"1989-08-21 13:30:00",2680,2758.72,2619.7,2732.36,0
620314200,"1989-08-28 13:30:00",2720.6,2766.9,2704.97,2752.09,0
620919000,"1989-09-04 13:30:00",2748.47,2768.23,2679.33,2709.54,0
621523800,"1989-09-11 13:30:00",2701.75,2726.06,2643.05,2674.58,0
622128600,"1989-09-18 13:30:00",2671.72,2709.35,2662.61,2681.61,0
622733400,"1989-09-25 13:30:00",2674.38,2721.12,2636.78,2692.82,0
623338200,"1989-10-02 13:30:00",2692.82,2808.12,2677.05,2785.52,0
623943000,"1989-10-09 13:30:00",2784.94,2809.08,2545.48,2569.26,0
624547800,"1989-10-16 13:30:00",2523.77,2707.58,2496.92,2689.13,0
625152600,"1989-10-23 13:30:00",2681.95,2704.7,2570.28,2596.7,0
625761000,"1989-10-30 14:30:00",2602.4,2665.7,2588.1,2629.5,0
626365800,"1989-11-06 14:30:00",2615.1,2644.2,2563.1,2625.6,0
626970600,"1989-11-13 14:30:00",2626.8,2665.3,2597.1,2652.6,0
627575400,"1989-11-20 14:30:00",2651.4,2686,2613.9,2675.5,0
628180200,"1989-11-27 14:30:00",2678.7,2767.4,2663.3,2747.6,0
628785000,"1989-12-04 14:30:00",2751.9,2773.8,2702,2731.2,0
629389800,"1989-12-11 14:30:00",2725.9,2784.7,2703.9,2739.5,0
629994600,"1989-12-18 14:30:00",2727.3,2755.5,2658.7,2711.4,0
630599400,"1989-12-25 14:30:00",2711.1,2763.6,2694.5,2753.2,0
631204200,"1990-01-01 14:30:00",2748.7,2834,2732.5,2773.2,0
631809000,"1990-01-08 14:30:00",2764,2810.7,2675.9,2689.2,0
632413800,"1990-01-15 14:30:00",2682.3,2711.3,2625.8,2677.9,0
633018600,"1990-01-22 14:30:00",2672.7,2683.3,2516.8,2559.2,0
633623400,"1990-01-29 14:30:00",2563.7,2623.6,2513.2,2602.7,0
634228200,"1990-02-05 14:30:00",2599.5,2674.3,2579.2,2648.2,0
634833000,"1990-02-12 14:30:00",2642.3,2669.3,2592.5,2635.5,0
635437800,"1990-02-19 14:30:00",2612.1,2622.3,2540.9,2564.2,0
636042600,"1990-02-26 14:30:00",2566.6,2669.8,2560.1,2660.3,0
636647400,"1990-03-05 14:30:00",2654.7,2705.6,2636.7,2683.3,0
637252200,"1990-03-12 14:30:00",2673.4,2745.4,2656.7,2740.3,0
637857000,"1990-03-19 14:30:00",2720.5,2775,2674.3,2704.2,0
638461800,"1990-03-26 14:30:00",2717.5,2755.6,2691.8,2706.9,0
639063000,"1990-04-02 13:30:00",2682.4,2755.8,2668.6,2717.1,0
639667800,"1990-04-09 13:30:00",2713.5,2763.9,2701.3,2751.8,0
640272600,"1990-04-16 13:30:00",2772.9,2793.4,2668.4,2695.9,0
640877400,"1990-04-23 13:30:00",2684,2691.8,2639.1,2645,0
641482200,"1990-04-30 13:30:00",2638.2,2718.9,2627.7,2710.3,0
642087000,"1990-05-07 13:30:00",2712.1,2810.3,2698.8,2801.5,0
642691800,"1990-05-14 13:30:00",2803,2857.8,2793.7,2819.9,0
643296600,"1990-05-21 13:30:00",2811.8,2878,2802,2820.9,0
643901400,"1990-05-28 13:30:00",2816.6,2919.4,2812.6,2900.9,0
644506200,"1990-06-04 13:30:00",2903.1,2956.7,2850.7,2862.3,0
645111000,"1990-06-11 13:30:00",2856.9,2956.9,2852.9,2935.9,0
645715800,"1990-06-18 13:30:00",2925.5,2931.9,2848,2857.1,0
646320600,"1990-06-25 13:30:00",2872,2901.9,2821.5,2880.6,0
646925400,"1990-07-02 13:30:00",2883.1,2926,2863.6,2904.9,0
647530200,"1990-07-09 13:30:00",2908.9,3012.3,2882.1,2980.2,0
648135000,"1990-07-16 13:30:00",2989.1,3024.2,2947.5,2961.1,0
648739800,"1990-07-23 13:30:00",2936.8,2956.6,2833.1,2898.5,0
649344600,"1990-07-30 13:30:00",2876.7,2940.1,2721,2809.6,0
649949400,"1990-08-06 13:30:00",2711.6,2774.2,2676.9,2716.5,0
650554200,"1990-08-13 13:30:00",2699.5,2778.7,2598,2644.8,0
651159000,"1990-08-20 13:30:00",2649.5,2679.2,2459.4,2532.9,0
651763800,"1990-08-27 13:30:00",2621,2651.2,2569.3,2614.3,0
652368600,"1990-09-03 13:30:00",2591.3,2643,2573,2619.5,0
652973400,"1990-09-10 13:30:00",2650,2665.3,2545.5,2564.1,0
653578200,"1990-09-17 13:30:00",2551.7,2594.5,2479.9,2512.3,0
654183000,"1990-09-24 13:30:00",2491,2501.2,2367.8,2452.4,0
654787800,"1990-10-01 13:30:00",2471.2,2565.3,2446.5,2510.4,0
655392600,"1990-10-08 13:30:00",2530.6,2548,2344.3,2398,0
655997400,"1990-10-15 13:30:00",2411.1,2536.8,2354.9,2520.7,0
656602200,"1990-10-22 13:30:00",2498,2535.3,2429.2,2436.1,0
657210600,"1990-10-29 14:30:00",2437.1,2501.7,2400.4,2490.8,0
657815400,"1990-11-05 14:30:00",2487.8,2519,2415.8,2488.6,0
658420200,"1990-11-12 14:30:00",2498,2581.1,2490.1,2550.2,0
659025000,"1990-11-19 14:30:00",2563.3,2580.6,2502.7,2527.2,0
659629800,"1990-11-26 14:30:00",2511.3,2577.2,2489.8,2560.4,0
660234600,"1990-12-03 14:30:00",2568.3,2656.4,2534.6,2590.1,0
660839400,"1990-12-10 14:30:00",2577.2,2640.5,2565.5,2593.8,0
661444200,"1990-12-17 14:30:00",2580.4,2662.6,2563.6,2633.6,0
662049000,"1990-12-24 14:30:00",2629.7,2653.9,2607.9,2629.2,0
662653800,"1990-12-31 14:30:00",2627.9,2651.7,2540.8,2566.1,0
663258600,"1991-01-07 14:30:00",2542.8,2563.3,2456.1,2501.4,0
663863400,"1991-01-14 14:30:00",2464.6,2663.6,2448.2,2646.7,0
664468200,"1991-01-21 14:30:00",2620.7,2679.4,2584.6,2659.4,0
665073000,"1991-01-28 14:30:00",2657.4,2764.6,2627.2,2730.6,0
665677800,"1991-02-04 14:30:00",2732.6,2875.4,2714.8,2830.6,0
666282600,"1991-02-11 14:30:00",2835.4,2947.2,2822.5,2934.6,0
666887400,"1991-02-18 14:30:00",2924.5,2955.2,2860.3,2889.3,0
667492200,"1991-02-25 14:30:00",2925.5,2937.1,2839.8,2909.9,0
668097000,"1991-03-04 14:30:00",2925.2,3017.8,2897,2955.2,0
668701800,"1991-03-11 14:30:00",2953,3000,2906.7,2948.3,0
669306600,"1991-03-18 14:30:00",2927.7,2960.6,2829.2,2858.9,0
669911400,"1991-03-25 14:30:00",2860.1,2956.9,2837.9,2913.9,0
670516200,"1991-04-01 14:30:00",2902,2970.5,2868.3,2896.8,0
671117400,"1991-04-08 13:30:00",2902.5,2946.5,2848.5,2920.8,0
671722200,"1991-04-15 13:30:00",2926.2,3030.4,2896.3,2965.6,0
672327000,"1991-04-22 13:30:00",2948.3,2965.1,2888.6,2912.4,0
672931800,"1991-04-29 13:30:00",2914.9,2966.3,2859.4,2938.9,0
673536600,"1991-05-06 13:30:00",2931.4,2986.1,2898.7,2920.2,0
674141400,"1991-05-13 13:30:00",2930,2945.4,2834.5,2886.6,0
674746200,"1991-05-20 13:30:00",2895.8,2935.4,2872.8,2913.9,0
675351000,"1991-05-27 13:30:00",2924.4,3044.5,2903.9,3027.5,0
675955800,"1991-06-03 13:30:00",3023,3057.5,2954.6,2976.7,0
676560600,"1991-06-10 13:30:00",2975.6,3015,2928.9,3000.4,0
677165400,"1991-06-17 13:30:00",3000.7,3021.7,2927.3,2965.6,0
677770200,"1991-06-24 13:30:00",2948.1,2957.3,2883.7,2906.8,0
678375000,"1991-07-01 13:30:00",2925.5,2987,2911.7,2932.5,0
678979800,"1991-07-08 13:30:00",2909.2,2991.3,2897.4,2980.8,0
679584600,"1991-07-15 13:30:00",2981,3036.2,2961.5,3016.3,0
680189400,"1991-07-22 13:30:00",3014.3,3038.2,2947.2,2972.5,0
680794200,"1991-07-29 13:30:00",2971.6,3042.3,2957.1,3006.3,0
681399000,"1991-08-05 13:30:00",3007.8,3050.5,2970.5,2996.2,0
682003800,"1991-08-12 13:30:00",2989.3,3041.1,2952.6,2968,0
682608600,"1991-08-19 13:30:00",2852,3066,2836.3,3040.3,0
683213400,"1991-08-26 13:30:00",3039.8,3068.6,3007.8,3043.6,0
683818200,"1991-09-02 13:30:00",3043.6,3061.1,2987.48,3011.63,0
684423000,"1991-09-09 13:30:00",3011.63,3025.49,2963.1,2985.69,0
685027800,"1991-09-16 13:30:00",2985.69,3050.76,2973.61,3019.23,0
685632600,"1991-09-23 13:30:00",3019.23,3048.52,2989.49,3006.04,0
686237400,"1991-09-30 13:30:00",3006.04,3043.6,2956.17,2961.76,0
686842200,"1991-10-07 13:30:00",2961.76,3000.89,2925.54,2983.68,0
687447000,"1991-10-14 13:30:00",2983.68,3089.45,2975.85,3077.15,0
688051800,"1991-10-21 13:30:00",3077.15,3085.2,2983.01,3004.92,0
688660200,"1991-10-28 14:30:00",3004.92,3091.91,3004.92,3056.35,0
689265000,"1991-11-04 14:30:00",3056.35,3080.95,3010.51,3045.62,0
689869800,"1991-11-11 14:30:00",3045.17,3071.33,2944.54,2944.54,0
690474600,"1991-11-18 14:30:00",2943.2,2975.63,2887.75,2902.73,0
691079400,"1991-11-25 14:30:00",2902.73,2922.85,2869.19,2894.68,0
691684200,"1991-12-02 14:30:00",2893.11,2938.95,2864.49,2885.29,0
692289000,"1991-12-09 14:30:00",2887.75,2921.51,2839,2914.36,0
692893800,"1991-12-16 14:30:00",2914.58,2949.46,2881.48,2934.48,0
693498600,"1991-12-23 14:30:00",2934.93,3105.1,2930.46,3101.52,0
694103400,"1991-12-30 14:30:00",3101.52,3210.2,3100.85,3201.47,0
694708200,"1992-01-06 14:30:00",3201.48,3228.98,3184.7,3199.46,0
695313000,"1992-01-13 14:30:00",3199.46,3279.29,3178.89,3264.98,0
695917800,"1992-01-20 14:30:00",3264.98,3270.35,3215.34,3232.78,0
696522600,"1992-01-27 14:30:00",3230.55,3299.42,3216.23,3223.39,0
697127400,"1992-02-03 14:30:00",3223.39,3282.2,3208.18,3225.4,0
697732200,"1992-02-10 14:30:00",3223.39,3286.23,3222.05,3245.97,0
698337000,"1992-02-17 14:30:00",3245.97,3286.67,3215.79,3280.19,0
698941800,"1992-02-24 14:30:00",3280.19,3293.16,3240.61,3267.66,0
699546600,"1992-03-02 14:30:00",3266.32,3299.42,3213.77,3221.6,0
700151400,"1992-03-09 14:30:00",3220.93,3247.76,3188.73,3222.27,0
700756200,"1992-03-16 14:30:00",3236.14,3276.39,3209.08,3276.39,0
701361000,"1992-03-23 14:30:00",3274.37,3284.21,3226.52,3231.44,0
701965800,"1992-03-30 14:30:00",3232.33,3260.73,3211.31,3249.11,0
702567000,"1992-04-06 13:30:00",3249.33,3279.29,3161,3255.37,0
703171800,"1992-04-13 13:30:00",3254.7,3366.5,3230.77,3366.5,0
703776600,"1992-04-20 13:30:00",3365.38,3365.38,3310.38,3324.46,0
704381400,"1992-04-27 13:30:00",3322.45,3361.81,3284.21,3336.09,0
704986200,"1992-05-04 13:30:00",3337.43,3387.3,3337.43,3369.41,0
705591000,"1992-05-11 13:30:00",3369.41,3400.44,3346,3353.09,0
706195800,"1992-05-18 13:30:00",3353.09,3404.34,3351.14,3386.77,0
706800600,"1992-05-25 13:30:00",3386.77,3420.21,3355.92,3396.88,0
707405400,"1992-06-01 13:30:00",3397.39,3422.28,3372.25,3398.69,0
708010200,"1992-06-08 13:30:00",3398.69,3404.91,3323.77,3354.36,0
708615000,"1992-06-15 13:30:00",3354.36,3367.2,3269.03,3285.35,0
709219800,"1992-06-22 13:30:00",3285.35,3304.08,3254.05,3282.41,0
709824600,"1992-06-29 13:30:00",3282.94,3373.89,3282.94,3330.29,0
710429400,"1992-07-06 13:30:00",3334.07,3352.71,3273.56,3330.56,0
711034200,"1992-07-13 13:30:00",3330.56,3364.33,3317.05,3331.64,0
711639000,"1992-07-20 13:30:00",3330.56,3330.83,3267.07,3285.71,0
712243800,"1992-07-27 13:30:00",3285.98,3402.96,3281.39,3393.78,0
712848600,"1992-08-03 13:30:00",3393.78,3399.99,3331.37,3332.18,0
713453400,"1992-08-10 13:30:00",3332.18,3342.18,3307.06,3328.94,0
714058200,"1992-08-17 13:30:00",3328.94,3338.93,3254.1,3254.1,0
714663000,"1992-08-24 13:30:00",3254.1,3273.02,3207.37,3267.61,0
715267800,"1992-08-31 13:30:00",3267.88,3313.27,3254.37,3281.93,0
715872600,"1992-09-07 13:30:00",3281.93,3317.05,3257.62,3305.7,0
716477400,"1992-09-14 13:30:00",3305.7,3376.49,3305.7,3327.05,0
717082200,"1992-09-21 13:30:00",3325.7,3327.86,3233.84,3250.32,0
717687000,"1992-09-28 13:30:00",3249.78,3280.58,3198.72,3200.61,0
718291800,"1992-10-05 13:30:00",3200.61,3200.61,3095.79,3136.58,0
718896600,"1992-10-12 13:30:00",3136.31,3217.09,3136.31,3174.41,0
719501400,"1992-10-19 13:30:00",3173.6,3215.2,3168.19,3207.64,0
720109800,"1992-10-26 14:30:00",3207.64,3254.64,3205.2,3226.28,0
720714600,"1992-11-02 14:30:00",3224.66,3268.15,3215.2,3240.05,0
721319400,"1992-11-09 14:30:00",3239.52,3259.78,3219.52,3233.03,0
721924200,"1992-11-16 14:30:00",3233.03,3233.03,3184.67,3227.36,0
722529000,"1992-11-23 14:30:00",3227.09,3295.98,3214.93,3282.2,0
723133800,"1992-11-30 14:30:00",3283.28,3308.41,3269.23,3288.68,0
723738600,"1992-12-07 14:30:00",3288.68,3335.69,3288.68,3304.08,0
724343400,"1992-12-14 14:30:00",3304.08,3316.78,3248.16,3313.27,0
724948200,"1992-12-21 14:30:00",3313.27,3332.45,3301.65,3326.24,0
725553000,"1992-12-28 14:30:00",3326.24,3352.71,3301.11,3301.11,0
726157800,"1993-01-04 14:30:00",3301.11,3320.83,3231.95,3251.67,0
726762600,"1993-01-11 14:30:00",3251.67,3285.17,3239.52,3271.12,0
727367400,"1993-01-18 14:30:00",3271.12,3283.01,3231.95,3256.8,0
727972200,"1993-01-25 14:30:00",3256.81,3320.02,3256.81,3310.03,0
728577000,"1993-02-01 14:30:00",3310.03,3443.22,3308.41,3442.14,0
729181800,"1993-02-08 14:30:00",3440.52,3456.19,3392.43,3392.43,0
729786600,"1993-02-15 14:30:00",3392.16,3392.16,3267.07,3322.18,0
730391400,"1993-02-22 14:30:00",3322.18,3377.3,3317.05,3370.81,0
730996200,"1993-03-01 14:30:00",3370.81,3433.22,3343.53,3404.58,0
731601000,"1993-03-08 14:30:00",3404.58,3482.12,3403.77,3427.82,0
732205800,"1993-03-15 14:30:00",3427.82,3477.26,3422.95,3471.58,0
732810600,"1993-03-22 14:30:00",3471.58,3480.5,3430.52,3439.97,0
733415400,"1993-03-29 14:30:00",3439.44,3478.34,3365.41,3370.81,0
734016600,"1993-04-05 13:30:00",3370.81,3407.83,3363.79,3396.48,0
734621400,"1993-04-12 13:30:00",3396.48,3478.61,3395.67,3478.61,0
735226200,"1993-04-19 13:30:00",3478.61,3481.58,3403.77,3413.77,0
735831000,"1993-04-26 13:30:00",3413.77,3445.92,3383.51,3427.55,0
736435800,"1993-05-03 13:30:00",3427.55,3459.16,3415.93,3437.19,0
737040600,"1993-05-10 13:30:00",3437.19,3483.14,3435.53,3443.01,0
737645400,"1993-05-17 13:30:00",3443.01,3523.83,3415.88,3492.83,0
738250200,"1993-05-24 13:30:00",3491.72,3565.07,3486.19,3527.43,0
738855000,"1993-05-31 13:30:00",3527.15,3569.5,3527.15,3545.14,0
739459800,"1993-06-07 13:30:00",3545.14,3550.12,3483.97,3505.01,0
740064600,"1993-06-14 13:30:00",3505.01,3528.26,3476.22,3494.77,0
740669400,"1993-06-21 13:30:00",3494.77,3511.65,3462.66,3490.89,0
741274200,"1993-06-28 13:30:00",3490.89,3531.03,3481.2,3483.97,0
741879000,"1993-07-05 13:30:00",3483.97,3527.98,3449.93,3521.06,0
742483800,"1993-07-12 13:30:00",3521.06,3551.77,3510.69,3528.29,0
743088600,"1993-07-19 13:30:00",3527.46,3556.24,3511.25,3546.74,0
743693400,"1993-07-26 13:30:00",3546.74,3583.9,3530.81,3539.47,0
744298200,"1993-08-02 13:30:00",3538.08,3565.74,3536.96,3560.43,0
744903000,"1993-08-09 13:30:00",3557.08,3593.96,3552.33,3569.65,0
745507800,"1993-08-16 13:30:00",3564.62,3617.72,3564.62,3615.48,0
746112600,"1993-08-23 13:30:00",3615.48,3663.83,3595.64,3640.63,0
746717400,"1993-08-30 13:30:00",3640.63,3655.72,3616.88,3633.93,0
747322200,"1993-09-06 13:30:00",3633.93,3635.04,3573.57,3621.63,0
747927000,"1993-09-13 13:30:00",3621.63,3638.96,3586.42,3613.25,0
748531800,"1993-09-20 13:30:00",3611.57,3621.07,3528.85,3543.11,0
749136600,"1993-09-27 13:30:00",3543.11,3587.26,3543.11,3581.11,0
749741400,"1993-10-04 13:30:00",3580.55,3605.98,3557.92,3584.74,0
750346200,"1993-10-11 13:30:00",3584.74,3642.31,3583.9,3629.73,0
750951000,"1993-10-18 13:30:00",3629.73,3676.96,3619.67,3649.29,0
751555800,"1993-10-25 13:30:00",3649.3,3708.82,3645.1,3680.59,0
752164200,"1993-11-01 14:30:00",3679.2,3700.43,3600.67,3643.43,0
752769000,"1993-11-08 14:30:00",3642.31,3690.93,3631.97,3684.51,0
753373800,"1993-11-15 14:30:00",3679.48,3718.04,3657.12,3694.01,0
753978600,"1993-11-22 14:30:00",3694.01,3697.36,3650.97,3683.95,0
754583400,"1993-11-29 14:30:00",3683.95,3711.61,3673.61,3704.07,0
755188200,"1993-12-06 14:30:00",3704.07,3748.5,3702.11,3740.67,0
755793000,"1993-12-13 14:30:00",3740.67,3769.74,3713.85,3751.57,0
756397800,"1993-12-20 14:30:00",3751.57,3774.21,3736.76,3757.72,0
757002600,"1993-12-27 14:30:00",3755.21,3799.64,3754.09,3754.09,0
757607400,"1994-01-03 14:30:00",3753.53,3826.39,3743.1,3820.76,0
758212200,"1994-01-10 14:30:00",3820.77,3873.67,3814.01,3867.2,0
758817000,"1994-01-17 14:30:00",3867.2,3914.48,3856.79,3914.48,0
759421800,"1994-01-24 14:30:00",3914.48,3953.03,3887.18,3945.43,0
760026600,"1994-01-31 14:30:00",3945.43,3985.67,3870.01,3871.42,0
760631400,"1994-02-07 14:30:00",3870.86,3938.4,3859.32,3893.65,0
761236200,"1994-02-14 14:30:00",3892.81,3957.81,3880.43,3887.46,0
761841000,"1994-02-21 14:30:00",3886.05,3914.48,3826.68,3838.78,0
762445800,"1994-02-28 14:30:00",3838.78,3852.28,3756.04,3832.3,0
763050600,"1994-03-07 14:30:00",3832.3,3862.7,3814.86,3862.7,0
763655400,"1994-03-14 14:30:00",3862.7,3895.65,3836.92,3895.65,0
764260200,"1994-03-21 14:30:00",3895.65,3895.94,3774.73,3774.73,0
764865000,"1994-03-28 14:30:00",3774.73,3779.63,3559.67,3635.96,0
765466200,"1994-04-04 13:30:00",3635.39,3701.03,3520.8,3674.25,0
766071000,"1994-04-11 13:30:00",3673.96,3703.7,3631.42,3661.46,0
766675800,"1994-04-18 13:30:00",3660.57,3667.71,3570.45,3648.68,0
767280600,"1994-04-25 13:30:00",3648.68,3710.25,3648.68,3681.69,0
767885400,"1994-05-02 13:30:00",3678.12,3715.6,3625.77,3669.5,0
768490200,"1994-05-09 13:30:00",3665.93,3666.22,3623.1,3659.68,0
769095000,"1994-05-16 13:30:00",3655.54,3768.19,3647.86,3766.35,0
769699800,"1994-05-23 13:30:00",3766.35,3773.1,3721.23,3757.14,0
770304600,"1994-05-30 13:30:00",3757.14,3775.6,3731.91,3772.22,0
770909400,"1994-06-06 13:30:00",3772.22,3793.45,3731.29,3773.45,0
771514200,"1994-06-13 13:30:00",3773.45,3823.39,3759.65,3776.78,0
772119000,"1994-06-20 13:30:00",3776.78,3776.78,3629.02,3636.94,0
772723800,"1994-06-27 13:30:00",3636.94,3700.4,3610.4,3646.65,0
773328600,"1994-07-04 13:30:00",3646.33,3709.46,3636.94,3709.14,0
773933400,"1994-07-11 13:30:00",3709.14,3753.81,3672.23,3753.81,0
774538200,"1994-07-18 13:30:00",3752.84,3762.23,3714.64,3735.04,0
775143000,"1994-07-25 13:30:00",3735.04,3770,3714.64,3764.5,0
775747800,"1994-08-01 13:30:00",3762.88,3811.44,3742.16,3747.01,0
776352600,"1994-08-08 13:30:00",3746.37,3777.12,3736.66,3768.71,0
776957400,"1994-08-15 13:30:00",3769.35,3795.25,3740.86,3755.11,0
777562200,"1994-08-22 13:30:00",3755.11,3893.67,3737.63,3881.05,0
778167000,"1994-08-29 13:30:00",3881.05,3939.32,3880.72,3885.58,0
778771800,"1994-09-05 13:30:00",3885.58,3911.15,3858.33,3874.81,0
779376600,"1994-09-12 13:30:00",3874.81,3954.89,3859.34,3933.35,0
779981400,"1994-09-19 13:30:00",3933.35,3953.2,3820.31,3831.75,0
780586200,"1994-09-26 13:30:00",3829.73,3890.96,3826.36,3843.19,0
781191000,"1994-10-03 13:30:00",3842.51,3858.33,3748.31,3797.43,0
781795800,"1994-10-10 13:30:00",3797.43,3927.63,3797.43,3910.47,0
782400600,"1994-10-17 13:30:00",3910.47,3949.5,3884.23,3891.3,0
783005400,"1994-10-24 13:30:00",3890.96,3932.01,3832.76,3930.66,0
783613800,"1994-10-31 14:30:00",3929.32,3936.72,3807.52,3807.52,0
784218600,"1994-11-07 14:30:00",3807.52,3868.76,3795.41,3801.47,0
784823400,"1994-11-14 14:30:00",3820.31,3856.31,3784.98,3815.26,0
785428200,"1994-11-21 14:30:00",3815.26,3833.43,3638.97,3708.27,0
786033000,"1994-11-28 14:30:00",3708.27,3763.11,3690.44,3745.62,0
786637800,"1994-12-05 14:30:00",3745.62,3763.11,3655.11,3691.11,0
787242600,"1994-12-12 14:30:00",3691.11,3807.19,3682.37,3807.19,0
787847400,"1994-12-19 14:30:00",3807.19,3846.55,3767.15,3833.43,0
788452200,"1994-12-26 14:30:00",3833.43,3866.4,3826.36,3834.44,0
789057000,"1995-01-02 14:30:00",3834.44,3887.26,3827.71,3867.41,0
789661800,"1995-01-09 14:30:00",3867.41,3910.14,3840.49,3908.46,0
790266600,"1995-01-16 14:30:00",3908.46,3936.72,3847.22,3869.43,0
790871400,"1995-01-23 14:30:00",3869.43,3891.3,3838.81,3857.99,0
791476200,"1995-01-30 14:30:00",3857.99,3944.12,3794.4,3928.64,0
792081000,"1995-02-06 14:30:00",3928.64,3953.54,3920.57,3939.07,0
792685800,"1995-02-13 14:30:00",3939.07,3997.95,3935.03,3953.54,0
793290600,"1995-02-20 14:30:00",3953.54,4020.49,3952.53,4011.74,0
793895400,"1995-02-27 14:30:00",4011.74,4021.43,3959.18,3989.61,0
794500200,"1995-03-06 14:30:00",3989.61,4048.4,3945.69,4035.61,0
795105000,"1995-03-13 14:30:00",4035.61,4095.78,4019.7,4073.65,0
795709800,"1995-03-20 14:30:00",4073.65,4139.36,4060.85,4138.67,0
796314600,"1995-03-27 14:30:00",4138.67,4198.5,4112.04,4157.69,0
796915800,"1995-04-03 13:30:00",4157,4224.09,4155.27,4192.62,0
797520600,"1995-04-10 13:30:00",4192.62,4221.32,4180.86,4208.18,0
798125400,"1995-04-17 13:30:00",4207.14,4270.43,4157,4270.09,0
798730200,"1995-04-24 13:30:00",4270.09,4328.19,4256.25,4321.27,0
799335000,"1995-05-01 13:30:00",4321.27,4410.15,4301.9,4343.4,0
799939800,"1995-05-08 13:30:00",4343.4,4434.71,4335.1,4430.56,0
800544600,"1995-05-15 13:30:00",4425.71,4446.12,4311.59,4341.33,0
801149400,"1995-05-22 13:30:00",4341.33,4458.57,4341.33,4369,0
801754200,"1995-05-29 13:30:00",4369,4488.31,4352.4,4444.39,0
802359000,"1995-06-05 13:30:00",4444.39,4493.84,4407.04,4423.98,0
802963800,"1995-06-12 13:30:00",4423.99,4517.02,4423.98,4510.79,0
803568600,"1995-06-19 13:30:00",4510.79,4589.64,4510.1,4585.84,0
804173400,"1995-06-26 13:30:00",4585.84,4592.76,4522.2,4556.1,0
804778200,"1995-07-03 13:30:00",4556.1,4664.69,4551.6,4664,0
805383000,"1995-07-10 13:30:00",4664,4735.58,4653.62,4727.48,0
805987800,"1995-07-17 13:30:00",4708.82,4746.85,4552.09,4641.55,0
806592600,"1995-07-24 13:30:00",4664.8,4741.57,4620.4,4715.51,0
807197400,"1995-07-31 13:30:00",4715.51,4754.6,4649.65,4683.46,0
807802200,"1995-08-07 13:30:00",4683.46,4702.83,4597.17,4618.3,0
808407000,"1995-08-14 13:30:00",4617.6,4660.92,4606.68,4617.6,0
809011800,"1995-08-21 13:30:00",4617.6,4655.99,4573.58,4601.4,0
809616600,"1995-08-28 13:30:00",4601.4,4648.95,4570.76,4647.54,0
810221400,"1995-09-04 13:30:00",4646.48,4701.07,4645.78,4700.72,0
810826200,"1995-09-11 13:30:00",4700.72,4815.18,4699.31,4797.57,0
811431000,"1995-09-18 13:30:00",4797.57,4797.57,4728.75,4764.15,0
812035800,"1995-09-25 13:30:00",4764.15,4816.54,4712.49,4789.08,0
812640600,"1995-10-02 13:30:00",4789.08,4789.8,4716.1,4769.21,0
813245400,"1995-10-09 13:30:00",4769.21,4816.54,4660.47,4793.78,0
813850200,"1995-10-16 13:30:00",4793.78,4814.73,4770.29,4794.86,0
814455000,"1995-10-23 13:30:00",4795.22,4800.28,4667.69,4741.75,0
815063400,"1995-10-30 14:30:00",4741.75,4825.57,4741.75,4825.57,0
815668200,"1995-11-06 14:30:00",4825.57,4876.87,4750.42,4870.37,0
816273000,"1995-11-13 14:30:00",4870.37,5022.7,4835.7,4990,0
816877800,"1995-11-20 14:30:00",4986.3,5096.2,4946.6,5048.8,0
817482600,"1995-11-27 14:30:00",5083.5,5143.1,5006.2,5087.1,0
818087400,"1995-12-04 14:30:00",5091.1,5234.5,5057.9,5156.9,0
818692200,"1995-12-11 14:30:00",5156.9,5266.7,5122.2,5176.7,0
819297000,"1995-12-18 14:30:00",5119.3,5173.5,5016.7,5098,0
819901800,"1995-12-25 14:30:00",5112.4,5149.3,5062.2,5117.1,0
820506600,"1996-01-01 14:30:00",5156.9,5259.5,5087.1,5181.4,0
821111400,"1996-01-08 14:30:00",5181.4,5239.2,5000.1,5061.1,0
821716200,"1996-01-15 14:30:00",5072.3,5214.7,5000.8,5184.7,0
822321000,"1996-01-22 14:30:00",5182.5,5297,5133,5271.8,0
822925800,"1996-01-29 14:30:00",5286.9,5443,5246.8,5374,0
823530600,"1996-02-05 14:30:00",5361.7,5603.8,5319.4,5541.6,0
824135400,"1996-02-12 14:30:00",5541.6,5644.9,5470.5,5503.3,0
824740200,"1996-02-19 14:30:00",5465.8,5693.4,5393.5,5630.5,0
825345000,"1996-02-26 14:30:00",5585.7,5647.8,5424.2,5536.6,0
825949800,"1996-03-04 14:30:00",5565.8,5700.2,5395.3,5470.5,0
826554600,"1996-03-11 14:30:00",5470.5,5662.29,5425.29,5584.97,0
827159400,"1996-03-18 14:30:00",5584.97,5755.86,5573.41,5636.64,0
827764200,"1996-03-25 14:30:00",5636.64,5712.14,5550.29,5587.14,0
828369000,"1996-04-01 14:30:00",5587.14,5737.07,5562.57,5682.88,0
828970200,"1996-04-08 13:30:00",5624.71,5644.58,5382.66,5532.59,0
829575000,"1996-04-15 13:30:00",5532.59,5656.14,5493.93,5535.48,0
830179800,"1996-04-22 13:30:00",5535.48,5621.82,5489.6,5567.99,0
830784600,"1996-04-29 13:30:00",5567.99,5619.29,5439.74,5478.03,0
831389400,"1996-05-06 13:30:00",5478.03,5559.68,5327.74,5518.14,0
831994200,"1996-05-13 13:30:00",5518.14,5729.61,5495.42,5687.5,0
832599000,"1996-05-20 13:30:00",5687.5,5833.04,5657.58,5762.86,0
833203800,"1996-05-27 13:30:00",5762.86,5798.69,5614.36,5643.18,0
833808600,"1996-06-03 13:30:00",5643.18,5750.67,5559.69,5697.11,0
834413400,"1996-06-10 13:30:00",5697.11,5747.71,5609.93,5649.45,0
835018200,"1996-06-17 13:30:00",5649.45,5722.22,5600.7,5705.23,0
835623000,"1996-06-24 13:30:00",5705.23,5770.61,5616.21,5654.63,0
836227800,"1996-07-01 13:30:00",5654.63,5769.88,5570.77,5588.14,0
836832600,"1996-07-08 13:30:00",5588.14,5628.03,5447.77,5510.56,0
837437400,"1996-07-15 13:30:00",5510.56,5527.93,5170.11,5426.82,0
838042200,"1996-07-22 13:30:00",5426.82,5503.02,5244.83,5473.06,0
838647000,"1996-07-29 13:30:00",5473.06,5703.51,5403.52,5679.83,0
839251800,"1996-08-05 13:30:00",5679.83,5754.55,5630.26,5681.31,0
839856600,"1996-08-12 13:30:00",5681.31,5722.74,5614.36,5689.45,0
840461400,"1996-08-19 13:30:00",5689.45,5761.95,5648.76,5722.74,0
841066200,"1996-08-26 13:30:00",5722.74,5747.89,5571.45,5616.21,0
841671000,"1996-09-02 13:30:00",5616.21,5696.48,5550.37,5659.86,0
842275800,"1996-09-09 13:30:00",5662.08,5871.44,5662.08,5838.52,0
842880600,"1996-09-16 13:30:00",5838.52,5929.51,5818.17,5888.46,0
843485400,"1996-09-23 13:30:00",5888.46,5938.76,5819.65,5872.92,0
844090200,"1996-09-30 13:30:00",5872.92,6023.79,5833.72,5992.86,0
844695000,"1996-10-07 13:30:00",5992.86,6032.36,5876.58,5969.38,0
845299800,"1996-10-14 13:30:00",5969.38,6119.57,5943.66,6094.23,0
845904600,"1996-10-21 13:30:00",6094.23,6162.8,5953.72,6007.02,0
846513000,"1996-10-28 14:30:00",6007.02,6082.67,5938.82,6021.93,0
847117800,"1996-11-04 14:30:00",6021.93,6247.78,5981.3,6219.82,0
847722600,"1996-11-11 14:30:00",6219.82,6414.37,6198.58,6348.03,0
848327400,"1996-11-18 14:30:00",6348.03,6498.22,6297.34,6471.76,0
848932200,"1996-11-25 14:30:00",6471.76,6606.3,6443.44,6521.7,0
849537000,"1996-12-02 14:30:00",6521.7,6577.23,6274.24,6381.94,0
850141800,"1996-12-09 14:30:00",6381.94,6545.56,6227.59,6304.87,0
850746600,"1996-12-16 14:30:00",6304.87,6597.43,6206.83,6484.4,0
851351400,"1996-12-23 14:30:00",6484.4,6607.81,6428.27,6560.91,0
851956200,"1996-12-30 14:30:00",6560.91,6623.96,6318.96,6544.09,0
852561000,"1997-01-06 14:30:00",6544.09,6725.35,6481.75,6703.79,0
853165800,"1997-01-13 14:30:00",6703.79,6863.88,6647.99,6833.1,0
853770600,"1997-01-20 14:30:00",6833.1,6953.55,6629.91,6696.48,0
854375400,"1997-01-27 14:30:00",6696.48,6912.37,6598.73,6813.09,0
854980200,"1997-02-03 14:30:00",6813.09,6913.14,6683.4,6855.8,0
855585000,"1997-02-10 14:30:00",6855.8,7074.77,6756.9,6988.96,0
856189800,"1997-02-17 14:30:00",6988.96,7112.87,6869.27,6931.62,0
856794600,"1997-02-24 14:30:00",6931.62,7099.79,6820.78,6877.74,0
857399400,"1997-03-03 14:30:00",6877.74,7047.07,6798.46,7000.89,0
858004200,"1997-03-10 14:30:00",7000.89,7158.28,6851.19,6935.46,0
858609000,"1997-03-17 14:30:00",6935.46,7004.2,6742.85,6804.79,0
859213800,"1997-03-24 14:30:00",6804.79,6984.94,6654.86,6740.59,0
859818600,"1997-03-31 14:30:00",6740.59,6743.23,6376.9,6526.07,0
860419800,"1997-04-07 13:30:00",6526.07,6662.41,6358.42,6391.69,0
861024600,"1997-04-14 13:30:00",6391.69,6750.91,6315.84,6703.55,0
861629400,"1997-04-21 13:30:00",6703.55,6923.9,6594.38,6738.87,0
862234200,"1997-04-28 13:30:00",6738.87,7104.51,6667.03,7071.2,0
862839000,"1997-05-05 13:30:00",7071.2,7299.98,7029.46,7169.53,0
863443800,"1997-05-12 13:30:00",7169.53,7381.76,7156.35,7194.67,0
864048600,"1997-05-19 13:30:00",7194.67,7385.47,7123.38,7345.91,0
864653400,"1997-05-26 13:30:00",7345.91,7430.2,7203.99,7331.04,0
865258200,"1997-06-02 13:30:00",7331.04,7473.98,7214.29,7435.78,0
865863000,"1997-06-09 13:30:00",7435.78,7845.82,7412.44,7782.04,0
866467800,"1997-06-16 13:30:00",7782.04,7868.44,7651.3,7796.51,0
867072600,"1997-06-23 13:30:00",7796.51,7832.48,7581.64,7687.72,0
867677400,"1997-06-30 13:30:00",7687.72,7952.35,7579.6,7895.81,0
868282200,"1997-07-07 13:30:00",7895.81,8027.67,7775.48,7921.82,0
868887000,"1997-07-14 13:30:00",7921.82,8136.67,7829.61,7890.46,0
869491800,"1997-07-21 13:30:00",7890.46,8201.01,7783.85,8113.44,0
870096600,"1997-07-28 13:30:00",8113.44,8328.99,8049.34,8194.04,0
870701400,"1997-08-04 13:30:00",8194.04,8340.14,7961.07,8031.22,0
871306200,"1997-08-11 13:30:00",8031.22,8132.49,7685.14,7694.66,0
871911000,"1997-08-18 13:30:00",7694.66,8043.06,7588.28,7887.91,0
872515800,"1997-08-25 13:30:00",7887.91,7974.08,7580.85,7622.42,0
873120600,"1997-09-01 13:30:00",7650.99,7972.22,7650.99,7822.41,0
873725400,"1997-09-08 13:30:00",7822.41,7922.05,7556.23,7742.97,0
874330200,"1997-09-15 13:30:00",7742.97,8049.36,7680.95,7917.27,0
874935000,"1997-09-22 13:30:00",7917.27,8078.36,7802.34,7922.18,0
875539800,"1997-09-29 13:30:00",7922.18,8183.22,7862.99,8038.58,0
876144600,"1997-10-06 13:30:00",8038.58,8218.34,7961.96,8045.21,0
876749400,"1997-10-13 13:30:00",8045.21,8168.24,7731.12,7847.03,0
877354200,"1997-10-20 13:30:00",7847.03,8124.78,7645.91,7715.41,0
877962600,"1997-10-27 14:30:00",7715.41,7717.37,6933.01,7442.08,0
878567400,"1997-11-03 14:30:00",7503.48,7791.78,7460.99,7581.32,0
879172200,"1997-11-10 14:30:00",7581.32,7687.9,7334.77,7572.48,0
879777000,"1997-11-17 14:30:00",7613.49,7934.53,7599.5,7881.07,0
880381800,"1997-11-24 14:30:00",7881.07,7893.5,7706,7823.13,0
880986600,"1997-12-01 14:30:00",7823.62,8209.56,7823.62,8149.13,0
881591400,"1997-12-08 14:30:00",8149.13,8195.88,7756.73,7838.3,0
882196200,"1997-12-15 14:30:00",7838.3,8069.06,7563.23,7756.29,0
882801000,"1997-12-22 14:30:00",7756.29,7892.05,7624.26,7679.31,0
883405800,"1997-12-29 14:30:00",7712.94,8001.41,7712.94,7965.04,0
884010600,"1998-01-05 14:30:00",7965.04,8072.91,7513.41,7580.42,0
884615400,"1998-01-12 14:30:00",7580.42,7846.47,7391.59,7753.55,0
885220200,"1998-01-19 14:30:00",7753.55,7908,7609.31,7700.74,0
885825000,"1998-01-26 14:30:00",7700.74,8062.94,7629.99,7906.5,0
886429800,"1998-02-02 14:30:00",7987.46,8255.26,7987.46,8189.49,0
887034600,"1998-02-09 14:30:00",8189.49,8416.43,8104.55,8370.1,0
887639400,"1998-02-16 14:30:00",8370.1,8503.12,8291.88,8413.94,0
888244200,"1998-02-23 14:30:00",8413.94,8616.72,8303.83,8545.72,0
888849000,"1998-03-02 14:30:00",8545.72,8649.35,8377.32,8569.39,0
889453800,"1998-03-09 14:30:00",8569.39,8740.52,8482.45,8602.52,0
890058600,"1998-03-16 14:30:00",8602.52,8957.25,8573.62,8906.43,0
890663400,"1998-03-23 14:30:00",8906.43,8997.11,8741.77,8796.08,0
891268200,"1998-03-30 14:30:00",8796.08,9030.49,8701.66,8983.41,0
891869400,"1998-04-06 13:30:00",8985.9,9094.76,8861.84,8994.86,0
892474200,"1998-04-13 13:30:00",8994.86,9167.5,8925.61,9167.5,0
893079000,"1998-04-20 13:30:00",9167.5,9213.33,9020.03,9064.62,0
893683800,"1998-04-27 13:30:00",9058.64,9147.82,8840.67,9147.07,0
894288600,"1998-05-04 13:30:00",9147.07,9261.91,8965.22,9055.15,0
894893400,"1998-05-11 13:30:00",9055.4,9225.54,9055.4,9096,0
895498200,"1998-05-18 13:30:00",9096,9202.37,8999.85,9114.44,0
896103000,"1998-05-25 13:30:00",9114.44,9168.74,8788.1,8899.95,0
896707800,"1998-06-01 13:30:00",8899.95,9039.46,8749.74,9037.71,0
897312600,"1998-06-08 13:30:00",9037.71,9104.72,8684.22,8834.94,0
897917400,"1998-06-15 13:30:00",8831.95,8892.48,8569.88,8712.87,0
898522200,"1998-06-22 13:30:00",8705.65,9025.01,8639.68,8944.54,0
899127000,"1998-06-29 13:30:00",8945.54,9052.66,8929.6,9025.26,0
899731800,"1998-07-06 13:30:00",9091.77,9184.44,9000.59,9105.74,0
900336600,"1998-07-13 13:30:00",9105.74,9354.71,9073.3,9337.97,0
900941400,"1998-07-20 13:30:00",9337.97,9367.84,8863.21,8937.36,0
901546200,"1998-07-27 13:30:00",9028.24,9041.37,8816.09,8883.29,0
902151000,"1998-08-03 13:30:00",8883.29,8886.12,8361.92,8598.02,0
902755800,"1998-08-10 13:30:00",8598.02,8635.35,8316.87,8425,0
903360600,"1998-08-17 13:30:00",8574.85,8753.78,8328.2,8533.65,0
903965400,"1998-08-24 13:30:00",8533.65,8689.42,8011.52,8051.68,0
904570200,"1998-08-31 13:30:00",7539.07,8095.45,7400.3,7640.25,0
905175000,"1998-09-07 13:30:00",7645.14,8033.14,7518.99,7795.5,0
905779800,"1998-09-14 13:30:00",7796.53,8102.92,7796.53,7895.66,0
906384600,"1998-09-21 13:30:00",7895.66,8182.47,7711.05,8028.77,0
906989400,"1998-09-28 13:30:00",8028.77,8160.33,7530.31,7784.69,0
907594200,"1998-10-05 13:30:00",7784.69,7917.28,7467.49,7899.52,0
908199000,"1998-10-12 13:30:00",7900.55,8429.38,7878.15,8416.76,0
908803800,"1998-10-19 13:30:00",8416.76,8652.86,8388.96,8452.29,0
909412200,"1998-10-26 14:30:00",8452.29,8659.81,8328.71,8592.1,0
910017000,"1998-11-02 14:30:00",8595.7,8990.91,8595.7,8975.2,0
910621800,"1998-11-09 14:30:00",8975.2,8985.5,8792.66,8919.85,0
911226600,"1998-11-16 14:30:00",8920.88,9161.35,8920.88,9153.37,0
911831400,"1998-11-23 14:30:00",9367.32,9380.2,9159.29,9333.08,0
912436200,"1998-11-30 14:30:00",9333.08,9333.08,8871.45,9011.76,0
913041000,"1998-12-07 14:30:00",9011.76,9088.75,8730.1,8814.55,0
913645800,"1998-12-14 14:30:00",8814.55,8928.6,8676.03,8915.21,0
914250600,"1998-12-21 14:30:00",8915.21,9245.54,8898.74,9217.99,0
914855400,"1998-12-28 14:30:00",9217.99,9334.88,9183.24,9201.26,0
915460200,"1999-01-04 14:30:00",9201.26,9647.96,9122.47,9643.32,0
916065000,"1999-01-11 14:30:00",9643.32,9643.32,9087.72,9340.55,0
916669800,"1999-01-18 14:30:00",9340.55,9480.09,9088.49,9120.67,0
917274600,"1999-01-25 14:30:00",9120.67,9385.86,9063.26,9358.83,0
917879400,"1999-02-01 14:30:00",9358.83,9430.66,9198.17,9304.24,0
918484200,"1999-02-08 14:30:00",9304.24,9389.98,9099.04,9274.89,0
919089000,"1999-02-15 14:30:00",9274.89,9395.67,9179.21,9339.95,0
919693800,"1999-02-22 14:30:00",9339.95,9611.33,9233.32,9306.58,0
920298600,"1999-03-01 14:30:00",9306.58,9738.79,9211.23,9736.08,0
920903400,"1999-03-08 14:30:00",9736.08,9958.77,9669.89,9876.35,0
921508200,"1999-03-15 14:30:00",9876.35,10085.31,9845.83,9903.55,0
922113000,"1999-03-22 14:30:00",9903.55,9934.63,9625.21,9822.24,0
922717800,"1999-03-29 14:30:00",9822.24,10040.36,9765.63,9832.51,0
923319000,"1999-04-05 13:30:00",9836.12,10212.13,9836.12,10173.84,0
923923800,"1999-04-12 13:30:00",10173.84,10526.54,10096.69,10493.89,0
924528600,"1999-04-19 13:30:00",10493.89,10765.74,10333.15,10689.67,0
925133400,"1999-04-26 13:30:00",10689.67,10961.71,10649.86,10789.04,0
925738200,"1999-05-03 13:30:00",11014.69,11035.31,10756.11,11031.59,0
926343000,"1999-05-10 13:30:00",11031.59,11130.67,10812.81,10913.32,0
926947800,"1999-05-17 13:30:00",10910.57,10946.08,10740.8,10829.28,0
927552600,"1999-05-24 13:30:00",10829.28,10856.42,10434.26,10559.74,0
928157400,"1999-05-31 13:30:00",10559.74,10799.84,10409.14,10799.84,0
928762200,"1999-06-07 13:30:00",10799.84,10917.3,10430.67,10490.51,0
929367000,"1999-06-14 13:30:00",10490.51,10888.49,10486.71,10855.56,0
929971800,"1999-06-21 13:30:00",10855.56,10880.25,10471.2,10552.56,0
930576600,"1999-06-28 13:30:00",10555.88,11139.56,10555.88,11139.24,0
931181400,"1999-07-05 13:30:00",11139.24,11236.76,11080.35,11193.7,0
931786200,"1999-07-12 13:30:00",11193.7,11230.74,11085.1,11209.84,0
932391000,"1999-07-19 13:30:00",11209.84,11252.27,10861.89,10910.96,0
932995800,"1999-07-26 13:30:00",10910.96,11031.28,10647.86,10655.15,0
933600600,"1999-08-02 13:30:00",10655.15,10829.91,10566.18,10714.03,0
934205400,"1999-08-09 13:30:00",10714.03,10981.89,10549.08,10973.65,0
934810200,"1999-08-16 13:30:00",11046.79,11117.08,10873.29,11100.61,0
935415000,"1999-08-23 13:30:00",11299.76,11365.93,11077.82,11090.17,0
936019800,"1999-08-30 13:30:00",11090.17,11123.09,10732.71,11078.45,0
936624600,"1999-09-06 13:30:00",11078.45,11142.41,10967,11028.43,0
937229400,"1999-09-13 13:30:00",11028.43,11042.36,10626.65,10803.63,0
937834200,"1999-09-20 13:30:00",10803.63,10845.74,10187.2,10279.33,0
938439000,"1999-09-27 13:30:00",10279.33,10402.81,10081.13,10273,0
939043800,"1999-10-04 13:30:00",10274.27,10655.78,10274.27,10649.76,0
939648600,"1999-10-11 13:30:00",10649.76,10719.1,9998.18,10019.71,0
940253400,"1999-10-18 13:30:00",10041.87,10520.9,9976.02,10470.25,0
940858200,"1999-10-25 13:30:00",10392.04,10790.02,10273.95,10731.76,0
941466600,"1999-11-01 14:30:00",10695.61,10842.72,10563.19,10704.48,0
942071400,"1999-11-08 14:30:00",10662.28,10776.05,10536.27,10769.01,0
942676200,"1999-11-15 14:30:00",10732.62,11054.35,10712.13,11003.89,0
943281000,"1999-11-22 14:30:00",11010.62,11112.77,10949.15,10988.91,0
943885800,"1999-11-29 14:30:00",10953.43,11341.23,10859.65,11286.18,0
944490600,"1999-12-06 14:30:00",11261.71,11297.8,11054.66,11224.7,0
945095400,"1999-12-13 14:30:00",11208.11,11383.74,11124.39,11257.43,0
945700200,"1999-12-20 14:30:00",11257.43,11443.07,11098.01,11405.76,0
946305000,"1999-12-27 14:30:00",11430.84,11568.77,11380.6,11497.12,0
946909800,"2000-01-03 14:30:00",11494.71,11528.14,10938.67,11522.56,0
947514600,"2000-01-10 14:30:00",11606.01,11750.28,11502.7,11722.98,0
948205800,"2000-01-18 14:30:00",11631.69,11720.12,11222.24,11251.71,0
948724200,"2000-01-24 14:30:00",11332.84,11366.5,10735.77,10738.87,0
949329000,"2000-01-31 14:30:00",10731.74,11118.93,10701.64,10963.8,0
949933800,"2000-02-07 14:30:00",10963.8,11023.06,10356.96,10425.21,0
950538600,"2000-02-14 14:30:00",10476.33,10763.07,10199.98,10219.52,0
951229800,"2000-02-22 14:30:00",10241.55,10338.35,9836.06,9862.12,0
951748200,"2000-02-28 14:30:00",9896.55,10443.52,9842.57,10367.2,0
952353000,"2000-03-06 14:30:00",10367.51,10383.95,9731.81,9928.82,0
952957800,"2000-03-13 14:30:00",9742.67,10763.38,9735.54,10595.23,0
953562600,"2000-03-20 14:30:00",10595.23,11234.65,10586.99,11112.72,0
954167400,"2000-03-27 14:30:00",11112.72,11170.82,10910.75,10921.92,0
954768600,"2000-04-03 13:30:00",10921.92,11418.24,10717.78,11111.48,0
955373400,"2000-04-10 13:30:00",11111.48,11425.45,10201.53,10307.32,0
955978200,"2000-04-17 13:30:00",10307.32,10845.29,10232.55,10844.05,0
956583000,"2000-04-24 13:30:00",10844.05,11141.88,10695.44,10733.91,0
957187800,"2000-05-01 13:30:00",10733.91,10926.26,10375.81,10577.86,0
957792600,"2000-05-08 13:30:00",10577.86,10684.85,10292.1,10609.37,0
958397400,"2000-05-15 13:30:00",10609.37,10971.24,10570.65,10626.85,0
959002200,"2000-05-22 13:30:00",10626.85,10664.54,10258.81,10299.24,0
959693400,"2000-05-30 13:30:00",10302.31,10846.08,10302.31,10794.76,0
960211800,"2000-06-05 13:30:00",10794.76,10863,10588.29,10614.06,0
960816600,"2000-06-12 13:30:00",10614.06,10763.7,10449.3,10449.3,0
961421400,"2000-06-19 13:30:00",10449.3,10597.44,10335.46,10404.75,0
962026200,"2000-06-26 13:30:00",10476.52,10620.42,10336.16,10447.89,0
962631000,"2000-07-03 13:30:00",10434.81,10658.25,10393.09,10635.98,0
963235800,"2000-07-10 13:30:00",10628.55,10834.32,10604.86,10812.75,0
963840600,"2000-07-17 13:30:00",10812.75,10874.63,10685.48,10733.56,0
964445400,"2000-07-24 13:30:00",10733.56,10778.11,10464.5,10511.17,0
965050200,"2000-07-31 13:30:00",10534.8,10769.95,10497.8,10767.75,0
965655000,"2000-08-07 13:30:00",10754.2,11067.73,10736.98,11027.8,0
966259800,"2000-08-14 13:30:00",11063.33,11177.61,10961.14,11046.48,0
966864600,"2000-08-21 13:30:00",11046.48,11210.94,11027.07,11192.63,0
967469400,"2000-08-28 13:30:00",11196.97,11319.06,11096.35,11238.78,0
968160600,"2000-09-05 13:30:00",11199.56,11401.19,11184.77,11220.65,0
968679000,"2000-09-11 13:30:00",11180.7,11286.13,10916.92,10927,0
969283800,"2000-09-18 13:30:00",10925.06,10935.58,10567.32,10847.37,0
969888600,"2000-09-25 13:30:00",10894.72,10897.31,10579.52,10650.92,0
970493400,"2000-10-02 13:30:00",10682.37,10857.73,10518.85,10596.54,0
971098200,"2000-10-09 13:30:00",10603.2,10641.31,10014.24,10192.18,0
971703000,"2000-10-16 13:30:00",10219.19,10293.92,9654.64,10226.59,0
972307800,"2000-10-23 13:30:00",10290.96,10590.62,10216.23,10590.62,0
972916200,"2000-10-30 14:30:00",10589.01,10995.41,10578.49,10817.95,0
973521000,"2000-11-06 14:30:00",10835.39,11006.5,10602.57,10602.95,0
974125800,"2000-11-13 14:30:00",10434.21,10799.37,10369.74,10629.87,0
974730600,"2000-11-20 14:30:00",10564.65,10624.28,10371.64,10470.23,0
975335400,"2000-11-27 14:30:00",10580.95,10646.17,10292.39,10373.54,0
975940200,"2000-12-04 14:30:00",10353.82,10917.3,10319.31,10712.91,0
976545000,"2000-12-11 14:30:00",10723.91,10915.4,10434.59,10434.96,0
977149800,"2000-12-18 14:30:00",10530.9,10784.58,10299.21,10635.56,0
977841000,"2000-12-26 14:30:00",10640.11,10917.68,10597.64,10787.99,0
978445800,"2001-01-02 14:30:00",10703.08,11028,10581.09,10662.01,0
978964200,"2001-01-08 14:30:00",10634.36,10700.85,10468.04,10525.38,0
979655400,"2001-01-16 14:30:00",10517.24,10737.24,10486.64,10587.59,0
980173800,"2001-01-22 14:30:00",10581.09,10778.72,10509.92,10659.98,0
980778600,"2001-01-29 14:30:00",10632.9,11022.78,10612.53,10864.1,0
981383400,"2001-02-05 14:30:00",10851.43,11035.14,10754.96,10781.45,0
981988200,"2001-02-12 14:30:00",10798.4,11012.9,10722.15,10799.82,0
982679400,"2001-02-20 14:30:00",10818.3,10903.17,10294.01,10441.9,0
983197800,"2001-02-26 14:30:00",10447.59,10698.43,10302.06,10466.31,0
983802600,"2001-03-05 14:30:00",10494.26,10859.5,10468.53,10644.56,0
984407400,"2001-03-12 14:30:00",10518.74,10638.63,9814.35,9823.41,0
985012200,"2001-03-19 14:30:00",9840.85,10019.94,9106.54,9504.78,0
985617000,"2001-03-26 14:30:00",9628.9,9960.88,9509.25,9878.78,0
986218200,"2001-04-02 13:30:00",9877.16,9992.53,9375.72,9791.09,0
986823000,"2001-04-09 13:30:00",9793.58,10173.79,9775.79,10126.94,0
987427800,"2001-04-16 13:30:00",10118.16,10706.47,10046.52,10579.85,0
988032600,"2001-04-23 13:30:00",10571,10810.05,10444.06,10810.05,0
988637400,"2001-04-30 13:30:00",10814.41,10958.14,10673.22,10951.24,0
989242200,"2001-05-07 13:30:00",10952.35,10995.28,10774.13,10821.31,0
989847000,"2001-05-14 13:30:00",10819.55,11328.61,10800.13,11301.74,0
990451800,"2001-05-21 13:30:00",11299.14,11350.05,10993.79,11005.37,0
991143000,"2001-05-29 13:30:00",11004.66,11066.01,10835.49,10990.41,0
991661400,"2001-06-04 13:30:00",10991.77,11196.53,10938.08,10977,0
992266200,"2001-06-11 13:30:00",10974.79,11004.33,10566.55,10623.64,0
992871000,"2001-06-18 13:30:00",10622.5,10759.64,10563.66,10604.59,0
993475800,"2001-06-25 13:30:00",10607.88,10644.24,10394.72,10502.4,0
994080600,"2001-07-02 13:30:00",10504.95,10638.87,10220.14,10252.68,0
994685400,"2001-07-09 13:30:00",10253.62,10549.76,10120.89,10539.06,0
995290200,"2001-07-16 13:30:00",10537.98,10679.12,10438.66,10576.65,0
995895000,"2001-07-23 13:30:00",10576.92,10595.4,10203.69,10416.67,0
996499800,"2001-07-30 13:30:00",10418.68,10609.65,10361.45,10512.78,0
997104600,"2001-08-06 13:30:00",10504.13,10504.13,10197.32,10416.25,0
997709400,"2001-08-13 13:30:00",10411.9,10478.81,10180.93,10240.78,0
998314200,"2001-08-20 13:30:00",10239.33,10440.68,10134.5,10423.17,0
998919000,"2001-08-27 13:30:00",10422.76,10441.37,9869.14,9949.75,0
999610200,"2001-09-04 13:30:00",9946.98,10182.38,9558.39,9605.85,0
1000128600,"2001-09-10 13:30:00",9603.36,9671.8,9493.55,9605.51,0
1000733400,"2001-09-17 13:30:00",9580.32,9580.32,8062.34,8235.81,0
1001338200,"2001-09-24 13:30:00",8242.32,8856.55,8242.32,8847.56,0
1001943000,"2001-10-01 13:30:00",8845.97,9187.37,8732.14,9119.77,0
1002547800,"2001-10-08 13:30:00",9115.75,9432.04,9000.14,9344.16,0
1003152600,"2001-10-15 13:30:00",9340.84,9489.33,9080.81,9204.11,0
1003757400,"2001-10-22 13:30:00",9203.91,9598.17,9167.45,9545.17,0
1004365800,"2001-10-29 14:30:00",9543.37,9543.37,9014.46,9323.54,0
1004970600,"2001-11-05 14:30:00",9326.59,9721.75,9326.17,9608,0
1005575400,"2001-11-12 14:30:00",9606.13,9908.79,9408.58,9866.99,0
1006180200,"2001-11-19 14:30:00",9870.45,9976.73,9796.41,9959.71,0
1006785000,"2001-11-26 14:30:00",9961.58,9992.79,9691.39,9851.56,0
1007389800,"2001-12-03 14:30:00",9848.93,10169.44,9703.9,10049.46,0
1007994600,"2001-12-10 14:30:00",10047.04,10075.61,9736.42,9811.15,0
1008599400,"2001-12-17 14:30:00",9809.42,10088.34,9798.84,10035.34,0
1009204200,"2001-12-24 14:30:00",10036.59,10184.45,10034.44,10136.99,0
1009809000,"2001-12-31 14:30:00",10136.36,10283.67,9935.7,10259.74,0
1010413800,"2002-01-07 14:30:00",10261.33,10300.15,9985.25,9987.53,0
1011018600,"2002-01-14 14:30:00",9985.38,9986.21,9711.1,9771.85,0
1011709800,"2002-01-22 14:30:00",9772.34,9897.85,9680.51,9840.08,0
1012228200,"2002-01-28 14:30:00",9843.05,9943.94,9529.46,9907.26,0
1012833000,"2002-02-04 14:30:00",9905.46,9905.46,9580.32,9744.24,0
1013437800,"2002-02-11 14:30:00",9739.81,10052.29,9710.68,9903.04,0
1014129000,"2002-02-19 14:30:00",9899.24,10029.94,9734.21,9968.15,0
1014647400,"2002-02-25 14:30:00",9969.75,10374.88,9966.36,10368.86,0
1015252200,"2002-03-04 14:30:00",10368.1,10663.83,10366.78,10572.49,0
1015857000,"2002-03-11 14:30:00",10570.07,10647.09,10474.17,10607.23,0
1016461800,"2002-03-18 14:30:00",10608.54,10673.1,10354.74,10427.67,0
1017066600,"2002-03-25 14:30:00",10428.43,10502.61,10276.76,10403.94,0
1017671400,"2002-04-01 14:30:00",10402.07,10402.07,10139.48,10271.64,0
1018272600,"2002-04-08 13:30:00",10258.91,10394.67,10120.87,10190.82,0
1018877400,"2002-04-15 13:30:00",10189.57,10326.44,10057,10257.11,0
1019482200,"2002-04-22 13:30:00",10256,10256,9910.72,9910.72,0
1020087000,"2002-04-29 13:30:00",9910.52,10117.54,9811.57,10006.63,0
1020691800,"2002-05-06 13:30:00",10005.8,10148.94,9807.69,9939.92,0
1021296600,"2002-05-13 13:30:00",9938.82,10353.43,9920.2,10353.08,0
1021901400,"2002-05-20 13:30:00",10348.93,10348.93,10063.5,10104.26,0
1022592600,"2002-05-28 13:30:00",10106.54,10118.51,9802.23,9925.25,0
1023111000,"2002-06-03 13:30:00",9923.94,9986.49,9472.54,9589.67,0
1023715800,"2002-06-10 13:30:00",9587.38,9758.8,9260.99,9474.21,0
1024320600,"2002-06-17 13:30:00",9476.5,9733.39,9220.63,9253.79,0
1024925400,"2002-06-24 13:30:00",9252.47,9413.08,8926.57,9243.26,0
1025530200,"2002-07-01 13:30:00",9239.25,9379.85,8897.54,9379.5,0
1026135000,"2002-07-08 13:30:00",9375.7,9410.38,8599.66,8684.53,0
1026739800,"2002-07-15 13:30:00",8681.28,8723.37,7966.72,8019.26,0
1027344600,"2002-07-22 13:30:00",8015.04,8309.39,7532.66,8264.39,0
1027949400,"2002-07-29 13:30:00",8267.99,8762.14,8203.82,8313.13,0
1028554200,"2002-08-05 13:30:00",8312.92,8796.68,8030.82,8745.45,0
1029159000,"2002-08-12 13:30:00",8741.92,8854.21,8353.07,8778.06,0
1029763800,"2002-08-19 13:30:00",8777.09,9077.01,8753.52,8872.96,0
1030368600,"2002-08-26 13:30:00",8873.93,9017.02,8558.02,8663.5,0
1031059800,"2002-09-03 13:30:00",8659.27,8659.27,8217.05,8427.2,0
1031578200,"2002-09-09 13:30:00",8425.88,8726.9,8247.84,8312.69,0
1032183000,"2002-09-16 13:30:00",8311.79,8482.34,7922.07,7986.02,0
1032787800,"2002-09-23 13:30:00",7984.77,8012.42,7665.66,7701.45,0
1033392600,"2002-09-30 13:30:00",7698.81,7969.37,7460.78,7528.4,0
1033997400,"2002-10-07 13:30:00",7528.68,7901.26,7197.49,7850.29,0
1034602200,"2002-10-14 13:30:00",7848.21,8331.56,7745.7,8322.4,0
1035207000,"2002-10-21 13:30:00",8320.74,8558.63,8230.5,8443.99,0
1035815400,"2002-10-28 14:30:00",8448.98,8542.27,8198.04,8517.64,0
1036420200,"2002-11-04 14:30:00",8521.6,8800,8498.92,8537.13,0
1037025000,"2002-11-11 14:30:00",8535.81,8583.95,8298.68,8579.09,0
1037629800,"2002-11-18 14:30:00",8579.74,8880.39,8405.12,8804.84,0
1038234600,"2002-11-25 14:30:00",8804.97,8950.33,8670.18,8896.09,0
1038839400,"2002-12-02 14:30:00",8902.95,9043.37,8501.86,8645.77,0
1039444200,"2002-12-09 14:30:00",8643.99,8643.99,8422.94,8433.71,0
1040049000,"2002-12-16 14:30:00",8436.59,8638.64,8327.78,8511.32,0
1040653800,"2002-12-23 14:30:00",8511.39,8565.01,8285.14,8303.78,0
1041258600,"2002-12-30 14:30:00",8304.06,8635.49,8242.91,8601.69,0
1041863400,"2003-01-06 14:30:00",8602.78,8818.55,8580.1,8784.89,0
1042468200,"2003-01-13 14:30:00",8787.83,8869.29,8559.11,8586.74,0
1043159400,"2003-01-21 14:30:00",8586.26,8623.49,8112.43,8131.01,0
1043677800,"2003-01-27 14:30:00",8128.54,8158.02,7917.16,8053.81,0
1044282600,"2003-02-03 14:30:00",8053.74,8152.53,7830.02,7864.23,0
1044887400,"2003-02-10 14:30:00",7865.74,7985.52,7628.99,7908.8,0
1045578600,"2003-02-18 14:30:00",7909.3,8076.02,7854.38,8018.11,0
1046097000,"2003-02-24 14:30:00",8017.34,8017.34,7719.64,7891.08,0
1046701800,"2003-03-03 14:30:00",7890.24,7981.46,7562.65,7740.03,0
1047306600,"2003-03-10 14:30:00",7739.4,7931.63,7416.64,7859.71,0
1047911400,"2003-03-17 14:30:00",7857.96,8522.18,7779.73,8521.97,0
1048516200,"2003-03-24 14:30:00",8514.82,8514.82,8104.05,8145.77,0
1049121000,"2003-03-31 14:30:00",8142.83,8335.62,7929.31,8277.15,0
1049722200,"2003-04-07 13:30:00",8284.15,8520.21,8145.87,8203.41,0
1050327000,"2003-04-14 13:30:00",8203.97,8446.47,8201.55,8337.65,0
1050931800,"2003-04-21 13:30:00",8336.67,8526.38,8263.98,8306.35,0
1051536600,"2003-04-28 13:30:00",8306.84,8593.25,8305.03,8582.68,0
1052141400,"2003-05-05 13:30:00",8583.17,8641.22,8477.36,8604.6,0
1052746200,"2003-05-12 13:30:00",8603.9,8743.47,8569.44,8678.97,0
1053351000,"2003-05-19 13:30:00",8676.52,8676.59,8416.72,8601.38,0
1054042200,"2003-05-27 13:30:00",8600.54,8868.33,8540.59,8850.26,0
1054560600,"2003-06-02 13:30:00",8851.45,9215.88,8851.45,9062.79,0
1055165400,"2003-06-09 13:30:00",9061.18,9236.11,8945.59,9117.12,0
1055770200,"2003-06-16 13:30:00",9117.56,9352.77,9117.56,9200.75,0
1056375000,"2003-06-23 13:30:00",9199.49,9199.7,8970.28,8989.05,0
1056979800,"2003-06-30 13:30:00",8990.74,9149.63,8871.2,9070.21,0
1057584600,"2003-07-07 13:30:00",9073.92,9261.12,8996.76,9119.59,0
1058189400,"2003-07-14 13:30:00",9126.45,9278.41,9017.84,9188.15,0
1058794200,"2003-07-21 13:30:00",9187.8,9284.57,9037.3,9284.57,0
1059399000,"2003-07-28 13:30:00",9284.92,9361.4,9138.29,9153.97,0
1060003800,"2003-08-04 13:30:00",9154.18,9209.15,8997.11,9191.09,0
1060608600,"2003-08-11 13:30:00",9189.62,9337.17,9146.62,9321.69,0
1061213400,"2003-08-18 13:30:00",9320.66,9499.97,9320.59,9348.87,0
1061818200,"2003-08-25 13:30:00",9349.44,9421.23,9233.08,9415.82,0
1062509400,"2003-09-02 13:30:00",9416.67,9609.09,9389.58,9503.34,0
1063027800,"2003-09-08 13:30:00",9503.41,9599.34,9380.95,9471.55,0
1063632600,"2003-09-15 13:30:00",9471.19,9686.08,9436.6,9644.82,0
1064237400,"2003-09-22 13:30:00",9641.8,9641.87,9303.82,9313.08,0
1064842200,"2003-09-29 13:30:00",9314.42,9666.53,9230.47,9572.31,0
1065447000,"2003-10-06 13:30:00",9572.39,9768.69,9536.02,9674.68,0
1066051800,"2003-10-13 13:30:00",9675.72,9850.01,9675.57,9721.79,0
1066656600,"2003-10-20 13:30:00",9721.5,9784.31,9497.72,9582.46,0
1067265000,"2003-10-27 14:30:00",9584.54,9839.86,9584.54,9801.12,0
1067869800,"2003-11-03 14:30:00",9802.46,9903.57,9773.12,9809.79,0
1068474600,"2003-11-10 14:30:00",9807.49,9892.97,9719.05,9768.68,0
1069079400,"2003-11-17 14:30:00",9765.64,9765.64,9585.5,9628.53,0
1069684200,"2003-11-24 14:30:00",9629.87,9804.98,9629.87,9782.46,0
1070289000,"2003-12-01 14:30:00",9785.35,9942.01,9785.35,9862.68,0
1070893800,"2003-12-08 14:30:00",9862.01,10052.07,9859.57,10042.16,0
1071498600,"2003-12-15 14:30:00",10046.53,10293.19,10021.64,10278.22,0
1072103400,"2003-12-22 14:30:00",10276.48,10375.93,10255.26,10324.67,0
1072708200,"2003-12-29 14:30:00",10321.35,10527.03,10321.35,10409.85,0
1073313000,"2004-01-05 14:30:00",10411.85,10592.59,10411.85,10458.89,0
1073917800,"2004-01-12 14:30:00",10461.55,10600.74,10367.41,10600.51,0
1074609000,"2004-01-20 14:30:00",10601.4,10660.88,10490.96,10568.29,0
1075127400,"2004-01-26 14:30:00",10568,10705.18,10417.85,10488.07,0
1075732200,"2004-02-02 14:30:00",10487.78,10593.4,10434.67,10593.03,0
1076337000,"2004-02-09 14:30:00",10592,10746.88,10559.26,10627.85,0
1077028200,"2004-02-17 14:30:00",10628.88,10753.63,10580.66,10619.03,0
1077546600,"2004-02-23 14:30:00",10619.55,10652.36,10521.7,10583.92,0
1078151400,"2004-03-01 14:30:00",10582.25,10695.55,10524.59,10595.55,0
1078756200,"2004-03-08 14:30:00",10595.37,10634.29,10120.38,10240.08,0
1079361000,"2004-03-15 14:30:00",10238.45,10328.82,10092.47,10186.6,0
1079965800,"2004-03-22 14:30:00",10185.93,10271.78,10007.49,10212.97,0
1080570600,"2004-03-29 14:30:00",10212.91,10496.44,10212.91,10470.59,0
1081171800,"2004-04-05 13:30:00",10470.59,10570.81,10393.91,10442.03,0
1081776600,"2004-04-12 13:30:00",10444.38,10552.61,10322.16,10451.97,0
1082381400,"2004-04-19 13:30:00",10451.62,10496.61,10250.48,10472.84,0
1082986200,"2004-04-26 13:30:00",10472.91,10537.35,10219.18,10225.57,0
1083591000,"2004-05-03 13:30:00",10227.27,10386.32,10114.86,10117.34,0
1084195800,"2004-05-10 13:30:00",10116.28,10116.28,9852.19,10012.87,0
1084800600,"2004-05-17 13:30:00",10009.92,10093.21,9862.77,9966.74,0
1085405400,"2004-05-24 13:30:00",9968.02,10222.24,9915.86,10188.45,0
1086096600,"2004-06-01 13:30:00",10187.18,10302.08,10134.86,10242.82,0
1086615000,"2004-06-07 13:30:00",10243.31,10432.81,10243.31,10410.1,0
1087219800,"2004-06-14 13:30:00",10401.23,10437.9,10307.05,10416.41,0
1087824600,"2004-06-21 13:30:00",10417.82,10487.54,10307.25,10371.84,0
1088429400,"2004-06-28 13:30:00",10377.52,10471.24,10264.92,10282.83,0
1089120600,"2004-07-06 13:30:00",10280.26,10280.26,10166.25,10213.22,0
1089639000,"2004-07-12 13:30:00",10211.75,10286.89,10135.13,10139.78,0
1090243800,"2004-07-19 13:30:00",10140.95,10237.12,9931.77,9962.22,0
1090848600,"2004-07-26 13:30:00",9964.71,10163.01,9913.92,10139.71,0
1091453400,"2004-08-02 13:30:00",10138.45,10203.56,9793.05,9815.33,0
1092058200,"2004-08-09 13:30:00",9816.14,9954.18,9783.91,9825.35,0
1092663000,"2004-08-16 13:30:00",9825.35,10126.88,9825.35,10110.14,0
1093267800,"2004-08-23 13:30:00",10111.1,10211.25,10062.13,10195.01,0
1093872600,"2004-08-30 13:30:00",10193.83,10321.77,10074.22,10260.2,0
1094563800,"2004-09-07 13:30:00",10261.52,10363.36,10237.78,10313.07,0
1095082200,"2004-09-13 13:30:00",10306.65,10348.39,10228.64,10284.46,0
1095687000,"2004-09-20 13:30:00",10283.87,10283.87,10031.16,10047.24,0
1096291800,"2004-09-27 13:30:00",10046.65,10198.62,9977.92,10192.65,0
1096896600,"2004-10-04 13:30:00",10191.4,10270.37,10036.32,10055.2,0
1097501400,"2004-10-11 13:30:00",10056.09,10127.17,9875.13,9933.38,0
1098106200,"2004-10-18 13:30:00",9932.98,10020.55,9753.02,9757.81,0
1098711000,"2004-10-25 13:30:00",9757.22,10044.95,9708.4,10027.47,0
1099319400,"2004-11-01 14:30:00",10028.73,10416.67,10010.15,10387.54,0
1099924200,"2004-11-08 14:30:00",10385.15,10539.6,10361.44,10539.01,0
1100529000,"2004-11-15 14:30:00",10541.89,10602.85,10438.58,10456.91,0
1101133800,"2004-11-22 14:30:00",10455.73,10543.29,10432.01,10522.23,0
1101738600,"2004-11-29 14:30:00",10520.64,10643.05,10417.08,10592.21,0
1102343400,"2004-12-06 14:30:00",10591.32,10591.99,10418.63,10543.22,0
1102948200,"2004-12-13 14:30:00",10543.44,10739.33,10543.21,10649.92,0
1103553000,"2004-12-20 14:30:00",10652.14,10864.67,10652.07,10827.12,0
1104157800,"2004-12-27 14:30:00",10828.01,10868.07,10773.92,10783.01,0
1104762600,"2005-01-03 14:30:00",10783.75,10867.39,10571.74,10603.96,0
1105367400,"2005-01-10 14:30:00",10603.44,10663.74,10485.73,10558,0
1106058600,"2005-01-18 14:30:00",10554.23,10628.94,10390.85,10392.99,0
1106577000,"2005-01-24 14:30:00",10393.58,10531.99,10368.61,10427.2,0
1107181800,"2005-01-31 14:30:00",10428.76,10723.89,10428.76,10716.13,0
1107786600,"2005-02-07 14:30:00",10715.76,10829.19,10660.42,10796.01,0
1108391400,"2005-02-14 14:30:00",10795.72,10853.43,10730.32,10785.22,0
1109082600,"2005-02-22 14:30:00",10783.38,10845.6,10608.98,10841.6,0
1109601000,"2005-02-28 14:30:00",10842.05,10962.42,10730.47,10940.55,0
1110205800,"2005-03-07 14:30:00",10940.55,10984.46,10758.55,10774.36,0
1110810600,"2005-03-14 14:30:00",10773.92,10838.65,10557.04,10629.67,0
1111415400,"2005-03-21 14:30:00",10629.9,10630.49,10430.53,10442.87,0
1112020200,"2005-03-28 14:30:00",10444.13,10568.93,10381.02,10404.3,0
1112621400,"2005-04-04 13:30:00",10401.71,10557.11,10356.71,10461.34,0
1113226200,"2005-04-11 13:30:00",10462.08,10529.77,10076.57,10087.51,0
1113831000,"2005-04-18 13:30:00",10088.54,10219.34,10000.46,10157.71,0
1114435800,"2005-04-25 13:30:00",10158.52,10263.6,10048.12,10192.51,0
1115040600,"2005-05-02 13:30:00",10192,10405.77,10188.07,10345.4,0
1115645400,"2005-05-09 13:30:00",10345.4,10384.86,10075.55,10140.12,0
1116250200,"2005-05-16 13:30:00",10139.61,10499.26,10138.28,10471.91,0
1116855000,"2005-05-23 13:30:00",10472.8,10560.81,10426.39,10542.55,0
1117546200,"2005-05-31 13:30:00",10541.89,10586.37,10448.41,10460.97,0
1118064600,"2005-06-06 13:30:00",10461.64,10578.84,10430.97,10512.63,0
1118669400,"2005-06-13 13:30:00",10503.57,10656.29,10474.38,10623.07,0
1119274200,"2005-06-20 13:30:00",10621.54,10646.24,10297.84,10297.84,0
1119879000,"2005-06-27 13:30:00",10298.07,10433.79,10253.49,10303.44,0
1120570200,"2005-07-05 13:30:00",10303.13,10462.26,10175.4,10449.14,0
1121088600,"2005-07-11 13:30:00",10449.6,10657.69,10449.6,10640.83,0
1121693400,"2005-07-18 13:30:00",10640.19,10700.06,10574.99,10651.18,0
1122298200,"2005-07-25 13:30:00",10651.66,10717.73,10572.92,10640.91,0
1122903000,"2005-08-01 13:30:00",10641.78,10699.19,10554.45,10558.03,0
1123507800,"2005-08-08 13:30:00",10557.24,10719.41,10524.91,10600.31,0
1124112600,"2005-08-15 13:30:00",10599.19,10655.08,10503.37,10559.23,0
1124717400,"2005-08-22 13:30:00",10559.78,10641.15,10383.98,10397.29,0
1125322200,"2005-08-29 13:30:00",10396.9,10513.76,10349.37,10447.37,0
1126013400,"2005-09-06 13:30:00",10447.69,10695.92,10447.69,10678.56,0
1126531800,"2005-09-12 13:30:00",10678.41,10701.81,10520.93,10641.94,0
1127136600,"2005-09-19 13:30:00",10641.87,10644.57,10350.96,10419.59,0
1127741400,"2005-09-26 13:30:00",10420.22,10569.81,10410.11,10568.7,0
1128346200,"2005-10-03 13:30:00",10569.5,10608.56,10218.09,10292.31,0
1128951000,"2005-10-10 13:30:00",10292.95,10323.12,10156.46,10287.34,0
1129555800,"2005-10-17 13:30:00",10287.42,10432.78,10193.45,10215.22,0
1130160600,"2005-10-24 13:30:00",10216.11,10434.47,10216.11,10402.77,0
1130769000,"2005-10-31 14:30:00",10403.17,10561.16,10388.76,10530.76,0
1131373800,"2005-11-07 14:30:00",10531.24,10696.45,10519.39,10686.04,0
1131978600,"2005-11-14 14:30:00",10686.6,10796.26,10652.27,10766.33,0
1132583400,"2005-11-21 14:30:00",10766.33,10955.48,10761.05,10931.62,0
1133188200,"2005-11-28 14:30:00",10932.74,10959.79,10803.87,10877.51,0
1133793000,"2005-12-05 14:30:00",10876.95,10924.9,10729.67,10778.58,0
1134397800,"2005-12-12 14:30:00",10778.66,10940.34,10735.11,10875.59,0
1135002600,"2005-12-19 14:30:00",10875.51,10922.41,10789.62,10883.27,0
1135693800,"2005-12-27 14:30:00",10883.75,10932.82,10709.42,10717.5,0
1136298600,"2006-01-03 14:30:00",10718.3,10968.84,10684.45,10959.31,0
1136817000,"2006-01-09 14:30:00",10959.47,11047.76,10921.53,10959.87,0
1137508200,"2006-01-17 14:30:00",10957.55,10957.87,10661.15,10667.39,0
1138026600,"2006-01-23 14:30:00",10668.75,10932.34,10666.35,10907.21,0
1138631400,"2006-01-30 14:30:00",10908.49,10967.57,10779.06,10793.62,0
1139236200,"2006-02-06 14:30:00",10793.3,10952.27,10737.67,10919.05,0
1139841000,"2006-02-13 14:30:00",10915.21,11131.95,10849.89,11115.32,0
1140532200,"2006-02-21 14:30:00",11115.48,11159.18,11010.22,11061.85,0
1141050600,"2006-02-27 14:30:00",11062.81,11132.61,10978.61,11021.59,0
1141655400,"2006-03-06 14:30:00",11022.47,11098.99,10922.73,11076.34,0
1142260200,"2006-03-13 14:30:00",11067.61,11290.07,11056.33,11279.65,0
1142865000,"2006-03-20 14:30:00",11278.93,11334.96,11221.54,11279.97,0
1143469800,"2006-03-27 14:30:00",11280.13,11281.77,11105.65,11109.32,0
1144071000,"2006-04-03 13:30:00",11113,11269.3,11108.02,11120.04,0
1144675800,"2006-04-10 13:30:00",11119.88,11186.64,11053.17,11137.65,0
1145280600,"2006-04-17 13:30:00",11137.33,11405.88,11039.12,11347.45,0
1145885400,"2006-04-24 13:30:00",11346.81,11417.66,11260.84,11367.14,0
1146490200,"2006-05-01 13:30:00",11367.78,11586.38,11329.44,11577.74,0
1147095000,"2006-05-08 13:30:00",11576.37,11670.19,11374.74,11380.99,0
1147699800,"2006-05-15 13:30:00",11380.43,11460.55,11075.22,11144.06,0
1148304600,"2006-05-22 13:30:00",11143.42,11283.49,11030.47,11278.61,0
1148995800,"2006-05-30 13:30:00",11277.25,11285.82,11085.38,11247.87,0
1149514200,"2006-06-05 13:30:00",11247.55,11248.79,10757.55,10891.92,0
1150119000,"2006-06-12 13:30:00",10892,11045.2,10698.85,11014.55,0
1150723800,"2006-06-19 13:30:00",11014.87,11131.73,10907.29,10989.09,0
1151328600,"2006-06-26 13:30:00",10990.29,11235.63,10902.48,11150.22,0
1151933400,"2006-07-03 13:30:00",11149.34,11257.08,11066.01,11090.67,0
1152538200,"2006-07-10 13:30:00",11091.71,11174.47,10701.34,10739.35,0
1153143000,"2006-07-17 13:30:00",10739.35,11038.48,10683.32,10868.38,0
1153747800,"2006-07-24 13:30:00",10868.7,11243.31,10868.62,11219.7,0
1154352600,"2006-07-31 13:30:00",11218.9,11344.17,11083.86,11240.35,0
1154957400,"2006-08-07 13:30:00",11239.47,11276.29,11042.64,11088.03,0
1155562200,"2006-08-14 13:30:00",11089.07,11381.47,11079.78,11381.47,0
1156167000,"2006-08-21 13:30:00",11380.67,11383.71,11260.28,11284.05,0
1156771800,"2006-08-28 13:30:00",11285.33,11476.48,11273.49,11464.15,0
1157463000,"2006-09-05 13:30:00",11461.83,11488.17,11323.84,11392.11,0
1157981400,"2006-09-11 13:30:00",11389.87,11613.51,11342.17,11560.77,0
1158586200,"2006-09-18 13:30:00",11559.97,11630.56,11474.56,11508.1,0
1159191000,"2006-09-25 13:30:00",11509.3,11741.99,11486,11679.07,0
1159795800,"2006-10-02 13:30:00",11678.99,11870.06,11653.06,11850.21,0
1160400600,"2006-10-09 13:30:00",11849.56,11960.51,11794.17,11960.51,0
1161005400,"2006-10-16 13:30:00",11961.31,12049.51,11887.19,12002.37,0
1161610200,"2006-10-23 13:30:00",12001.33,12167.02,11971.79,12090.26,0
1162218600,"2006-10-30 14:30:00",12089.14,12123.96,11965.31,11986.04,0
1162823400,"2006-11-06 14:30:00",11985.16,12196.32,11984.76,12108.43,0
1163428200,"2006-11-13 14:30:00",12097.7,12342.56,12084.81,12342.56,0
1164033000,"2006-11-20 14:30:00",12340.71,12361,12258.86,12280.17,0
1164637800,"2006-11-27 14:30:00",12279.13,12279.53,12072.6,12194.13,0
1165242600,"2006-12-04 14:30:00",12195.57,12360.76,12195.57,12307.49,0
1165847400,"2006-12-11 14:30:00",12306.21,12486.3,12252.05,12445.52,0
1166452200,"2006-12-18 14:30:00",12446.24,12498.47,12341.7,12343.22,0
1167143400,"2006-12-26 14:30:00",12341.94,12529.88,12337.05,12463.15,0
1167834600,"2007-01-03 14:30:00",12459.54,12580.35,12365.41,12398.01,0
1168266600,"2007-01-08 14:30:00",12392.01,12561.04,12337.37,12556.08,0
1168957800,"2007-01-16 14:30:00",12555.84,12614,12523.55,12565.53,0
1169476200,"2007-01-22 14:30:00",12566.33,12623.45,12431.34,12487.02,0
1170081000,"2007-01-29 14:30:00",12487.1,12683.93,12459.46,12653.49,0
1170685800,"2007-02-05 14:30:00",12653.41,12700.28,12545.1,12580.83,0
1171290600,"2007-02-12 14:30:00",12580.11,12779.03,12536.21,12767.57,0
1171981800,"2007-02-20 14:30:00",12766.85,12795.93,12628.02,12647.48,0
1172500200,"2007-02-26 14:30:00",12647.88,12697.23,12059.54,12114.1,0
1173105000,"2007-03-05 14:30:00",12111.61,12330.88,12039.11,12276.32,0
1173706200,"2007-03-12 13:30:00",12275.68,12349.95,11939.61,12110.41,0
1174311000,"2007-03-19 13:30:00",12110.41,12511.05,12110.41,12481.01,0
1174915800,"2007-03-26 13:30:00",12480.37,12486.78,12242.6,12354.35,0
1175520600,"2007-04-02 13:30:00",12354.52,12572.47,12324.28,12560.2,0
1176125400,"2007-04-09 13:30:00",12562.64,12615.38,12428.22,12612.13,0
1176730200,"2007-04-16 13:30:00",12611.64,12966.29,12611.31,12961.98,0
1177335000,"2007-04-23 13:30:00",12961.49,13148,12901.68,13120.94,0
1177939800,"2007-04-30 13:30:00",13120.21,13284.53,13041.3,13264.62,0
1178544600,"2007-05-07 13:30:00",13264.13,13369.29,13210.9,13326.22,0
1179149400,"2007-05-14 13:30:00",13325.81,13558.48,13297.04,13556.53,0
1179754200,"2007-05-21 13:30:00",13556.53,13624.55,13423.9,13507.28,0
1180445400,"2007-05-29 13:30:00",13507.28,13692,13456.73,13668.11,0
1180963800,"2007-06-04 13:30:00",13667.21,13690.38,13251.53,13424.39,0
1181568600,"2007-06-11 13:30:00",13423.74,13688.66,13287.62,13639.48,0
1182173400,"2007-06-18 13:30:00",13639,13674.36,13359.69,13360.26,0
1182778200,"2007-06-25 13:30:00",13360.09,13524.54,13259.86,13408.62,0
1183383000,"2007-07-02 13:30:00",13409.6,13633.63,13409.52,13611.68,0
1183987800,"2007-07-09 13:30:00",13612.66,13932.29,13474.79,13907.25,0
1184592600,"2007-07-16 13:30:00",13907.09,14021.95,13797.67,13851.08,0
1185197400,"2007-07-23 13:30:00",13851.73,13973.99,13265.47,13265.47,0
1185802200,"2007-07-30 13:30:00",13266.21,13503.33,13132.65,13181.91,0
1186407000,"2007-08-06 13:30:00",13183.13,13695.82,13057.86,13239.54,0
1187011800,"2007-08-13 13:30:00",13238.24,13338.15,12517.94,13079.08,0
1187616600,"2007-08-20 13:30:00",13078.51,13381.47,12982.75,13378.87,0
1188221400,"2007-08-27 13:30:00",13377.16,13428.95,13034.78,13357.74,0
1188912600,"2007-09-04 13:30:00",13358.39,13494.06,13082.17,13113.38,0
1189431000,"2007-09-10 13:30:00",13116.39,13469.27,13021.93,13442.52,0
1190035800,"2007-09-17 13:30:00",13441.95,13877.17,13362.37,13820.19,0
1190640600,"2007-09-24 13:30:00",13821.57,13924.81,13696.31,13895.63,0
1191245400,"2007-10-01 13:30:00",13895.71,14124.54,13893.51,14066.01,0
1191850200,"2007-10-08 13:30:00",14065.36,14198.1,13950.25,14093.08,0
1192455000,"2007-10-15 13:30:00",14092.43,14118.52,13511.94,13522.02,0
1193059800,"2007-10-22 13:30:00",13521.62,13811.25,13407.49,13806.7,0
1193664600,"2007-10-29 13:30:00",13807.35,13962.53,13446.02,13595.1,0
1194273000,"2007-11-05 14:30:00",13592.58,13669.72,13017.3,13042.74,0
1194877800,"2007-11-12 14:30:00",13039.16,13367.17,12975.11,13176.79,0
1195482600,"2007-11-19 14:30:00",13176.3,13176.3,12786.03,12980.88,0
1196087400,"2007-11-26 14:30:00",12979.99,13466.99,12724.09,13371.72,0
1196692200,"2007-12-03 14:30:00",13368.22,13668.1,13237.59,13625.58,0
1197297000,"2007-12-10 14:30:00",13623.55,13780.11,13321.64,13339.85,0
1197901800,"2007-12-17 14:30:00",13339.2,13473.98,13092,13450.65,0
1198506600,"2007-12-24 14:30:00",13450.73,13563.48,13298.15,13365.87,0
1199111400,"2007-12-31 14:30:00",13364.16,13364.73,12789.04,12800.18,0
1199716200,"2008-01-07 14:30:00",12801.15,12931.29,12501.76,12606.3,0
1200321000,"2008-01-14 14:30:00",12613.78,12794.57,12022.48,12099.3,0
1201012200,"2008-01-22 14:30:00",12092.72,12486.89,11634.82,12207.17,0
1201530600,"2008-01-28 14:30:00",12205.71,12767.74,12112.14,12743.19,0
1202135400,"2008-02-04 14:30:00",12743.11,12749.78,12103.37,12182.13,0
1202740200,"2008-02-11 14:30:00",12181.89,12573.13,12069.47,12348.21,0
1203431400,"2008-02-19 14:30:00",12349.59,12505.25,12155.26,12381.02,0
1203949800,"2008-02-25 14:30:00",12380.77,12756.56,12223.57,12266.39,0
1204554600,"2008-03-03 14:30:00",12264.36,12349.67,11819.69,11893.69,0
1205155800,"2008-03-10 13:30:00",11893.04,12303.35,11731.6,11951.09,0
1205760600,"2008-03-17 13:30:00",11946.45,12461.53,11756.6,12361.32,0
1206365400,"2008-03-24 13:30:00",12361.97,12622.07,12196.87,12216.4,0
1206970200,"2008-03-31 13:30:00",12215.92,12696.29,12176.11,12609.42,0
1207575000,"2008-04-07 13:30:00",12612.59,12733.66,12302.06,12325.42,0
1208179800,"2008-04-14 13:30:00",12324.77,12893.98,12269.81,12849.36,0
1208784600,"2008-04-21 13:30:00",12850.91,12942.26,12656.56,12891.86,0
1209389400,"2008-04-28 13:30:00",12890.72,13132.46,12793.1,13058.2,0
1209994200,"2008-05-05 13:30:00",13056.57,13058.45,12715.02,12745.88,0
1210599000,"2008-05-12 13:30:00",12745.55,13001.94,12740.5,12986.8,0
1211203800,"2008-05-19 13:30:00",12985.41,13136.69,12460.09,12479.63,0
1211895000,"2008-05-27 13:30:00",12479.63,12726.66,12442.59,12638.32,0
1212413400,"2008-06-02 13:30:00",12637.67,12638.08,12192.06,12209.81,0
1213018200,"2008-06-09 13:30:00",12210.13,12369.23,12076.93,12307.35,0
1213623000,"2008-06-16 13:30:00",12306.86,12322.82,11818.83,11842.69,0
1214227800,"2008-06-23 13:30:00",11843.83,11924.19,11297.99,11346.51,0
1214832600,"2008-06-30 13:30:00",11345.7,11437.3,11157.21,11288.54,0
1215437400,"2008-07-07 13:30:00",11289.19,11418.24,10977.68,11100.54,0
1216042200,"2008-07-14 13:30:00",11103.64,11510.82,10827.71,11496.57,0
1216647000,"2008-07-21 13:30:00",11495.02,11698.17,11325.1,11370.69,0
1217251800,"2008-07-28 13:30:00",11369.47,11586.62,11125.13,11326.32,0
1217856600,"2008-08-04 13:30:00",11326.32,11759.96,11221.53,11734.32,0
1218461400,"2008-08-11 13:30:00",11729.67,11867.11,11450.89,11659.9,0
1219066200,"2008-08-18 13:30:00",11659.65,11690.43,11290.58,11628.06,0
1219671000,"2008-08-25 13:30:00",11626.19,11715.18,11340.41,11543.55,0
1220362200,"2008-09-02 13:30:00",11545.63,11790.17,11037.85,11220.96,0
1220880600,"2008-09-08 13:30:00",11224.87,11577.5,11098.67,11421.99,0
1221485400,"2008-09-15 13:30:00",11416.37,11483.05,10459.44,11388.44,0
1222090200,"2008-09-22 13:30:00",11394.42,11394.58,10753.57,11143.13,0
1222695000,"2008-09-29 13:30:00",11139.62,11139.94,10310.25,10325.38,0
1223299800,"2008-10-06 13:30:00",10322.52,10322.76,7882.51,8451.19,0
1223904600,"2008-10-13 13:30:00",8462.42,9794.37,8197.67,8852.22,0
1224509400,"2008-10-20 13:30:00",8852.3,9284.55,8187.48,8378.95,0
1225114200,"2008-10-27 13:30:00",8375.92,9454.36,8143.59,9325.01,0
1225722600,"2008-11-03 14:30:00",9326.04,9653.95,8637.17,8943.81,0
1226327400,"2008-11-10 14:30:00",8946.6,9159.58,7965.42,8497.31,0
1226932200,"2008-11-17 14:30:00",8494.84,8571.3,7449.38,8046.42,0
1227537000,"2008-11-24 14:30:00",8048.09,8831.35,8048.09,8829.04,0
1228141800,"2008-12-01 14:30:00",8826.89,8827.05,8118.5,8635.42,0
1228746600,"2008-12-08 14:30:00",8637.65,9026.41,8347.81,8629.68,0
1229351400,"2008-12-15 14:30:00",8628.81,8961.26,8469.03,8579.11,0
1229956200,"2008-12-22 14:30:00",8573.37,8604.12,8372.02,8515.55,0
1230561000,"2008-12-29 14:30:00",8515.87,9065.28,8364.06,9034.69,0
1231165800,"2009-01-05 14:30:00",9027.13,9088.06,8576.96,8599.18,0
1231770600,"2009-01-12 14:30:00",8599.26,8602.6,7995.13,8281.22,0
1232461800,"2009-01-20 14:30:00",8279.63,8291.98,7909.03,8077.56,0
1232980200,"2009-01-26 14:30:00",8078.04,8405.87,7961.92,8000.86,0
1233585000,"2009-02-02 14:30:00",8000.62,8312.37,7845.31,8280.59,0
1234189800,"2009-02-09 14:30:00",8281.38,8315.07,7693.98,7850.41,0
1234881000,"2009-02-17 14:30:00",7845.63,7845.63,7249.47,7365.67,0
1235399400,"2009-02-23 14:30:00",7365.99,7441.02,7033.62,7062.93,0
1236004200,"2009-03-02 14:30:00",7056.48,7058.95,6469.95,6626.94,0
1236605400,"2009-03-09 13:30:00",6625.74,7242.62,6516.86,7223.98,0
1237210200,"2009-03-16 13:30:00",7225.33,7571.64,7172.05,7278.38,0
1237815000,"2009-03-23 13:30:00",7279.25,7931.33,7278.78,7776.18,0
1238419800,"2009-03-30 13:30:00",7773.31,8075.73,7437.59,8017.59,0
1239024600,"2009-04-06 13:30:00",8016.16,8087.28,7750.85,8083.38,0
1239629400,"2009-04-13 13:30:00",8082.02,8190.66,7870.48,8131.33,0
1240234200,"2009-04-20 13:30:00",8128.94,8128.94,7791.95,8076.29,0
1240839000,"2009-04-27 13:30:00",8073.82,8307.51,7938.98,8212.41,0
1241443800,"2009-05-04 13:30:00",8213.6,8587.55,8213.6,8574.65,0
1242048600,"2009-05-11 13:30:00",8569.23,8569.23,8230.17,8268.64,0
1242653400,"2009-05-18 13:30:00",8270.15,8591.93,8221.01,8277.32,0
1243344600,"2009-05-26 13:30:00",8275.33,8522.95,8226.9,8500.33,0
1243863000,"2009-06-01 13:30:00",8501.53,8839.4,8501.29,8763.13,0
1244467800,"2009-06-08 13:30:00",8759.35,8877.93,8633.07,8799.26,0
1245072600,"2009-06-15 13:30:00",8798.5,8798.5,8461.29,8539.73,0
1245677400,"2009-06-22 13:30:00",8538.52,8538.83,8259.43,8438.39,0
1246282200,"2009-06-29 13:30:00",8440.13,8580.47,8280.74,8280.74,0
1246887000,"2009-07-06 13:30:00",8279.3,8327.97,8087.19,8146.52,0
1247491800,"2009-07-13 13:30:00",8146.82,8754.29,8130.42,8743.94,0
1248096600,"2009-07-20 13:30:00",8746.05,9100.88,8745.9,9093.24,0
1248701400,"2009-07-27 13:30:00",9093.09,9246.43,9007.47,9171.61,0
1249306200,"2009-08-03 13:30:00",9173.65,9437.71,9173.65,9370.07,0
1249911000,"2009-08-10 13:30:00",9368.41,9424.11,9216.88,9321.4,0
1250515800,"2009-08-17 13:30:00",9313.85,9519.11,9116.52,9505.96,0
1251120600,"2009-08-24 13:30:00",9506.18,9630.2,9459.4,9544.2,0
1251725400,"2009-08-31 13:30:00",9542.91,9557.95,9252.93,9441.27,0
1252416600,"2009-09-08 13:30:00",9440.13,9649.85,9439.98,9605.41,0
1252935000,"2009-09-14 13:30:00",9598.08,9854.58,9535.96,9820.2,0
1253539800,"2009-09-21 13:30:00",9818.61,9917.99,9641.01,9665.19,0
1254144600,"2009-09-28 13:30:00",9663.23,9834.48,9430.08,9487.67,0
1254749400,"2009-10-05 13:30:00",9488.73,9865.01,9481.09,9864.94,0
1255354200,"2009-10-12 13:30:00",9865.24,10062.94,9815.06,9995.91,0
1255959000,"2009-10-19 13:30:00",9996.67,10119.47,9916.78,9972.18,0
1256563800,"2009-10-26 13:30:00",9972.33,10072.32,9684.54,9712.73,0
1257172200,"2009-11-02 14:30:00",9712.13,10044.5,9678.95,10023.42,0
1257777000,"2009-11-09 14:30:00",10020.62,10341.97,10020.62,10270.47,0
1258381800,"2009-11-16 14:30:00",10267.53,10438.17,10256.11,10318.16,0
1258986600,"2009-11-23 14:30:00",10320.13,10495.61,10231.25,10309.92,0
1259591400,"2009-11-30 14:30:00",10309.77,10516.7,10263.29,10388.9,0
1260196200,"2009-12-07 14:30:00",10386.86,10484.05,10235.63,10471.5,0
1260801000,"2009-12-14 14:30:00",10471.28,10514.66,10263.9,10328.89,0
1261405800,"2009-12-21 14:30:00",10330.1,10522.06,10329.8,10520.1,0
1262010600,"2009-12-28 14:30:00",10517.91,10580.33,10423.13,10428.05,0
1262615400,"2010-01-04 14:30:00",10430.69,10619.4,10430.69,10618.19,0
1263220200,"2010-01-11 14:30:00",10620.31,10723.77,10561.06,10609.65,0
1263911400,"2010-01-19 14:30:00",10608.37,10729.89,10157.64,10172.98,0
1264429800,"2010-01-25 14:30:00",10175.1,10285.13,10043.75,10067.33,0
1265034600,"2010-02-01 14:30:00",10068.99,10314.84,9835.09,10012.23,0
1265639400,"2010-02-08 14:30:00",10005.43,10161.57,9904.09,10099.14,0
1266330600,"2010-02-16 14:30:00",10100.81,10438.55,10100.81,10402.35,0
1266849000,"2010-02-22 14:30:00",10402.43,10433.64,10185.83,10325.26,0
1267453800,"2010-03-01 14:30:00",10326.1,10571.94,10326.1,10566.2,0
1268058600,"2010-03-08 14:30:00",10563.78,10644.95,10507.17,10624.69,0
1268659800,"2010-03-15 13:30:00",10623.41,10819.9,10570.51,10741.98,0
1269264600,"2010-03-22 13:30:00",10741,10955.48,10695.13,10850.36,0
1269869400,"2010-03-29 13:30:00",10849.23,10956.39,10832.83,10927.07,0
1270474200,"2010-04-05 13:30:00",10927.45,11000.98,10844.09,10997.35,0
1271079000,"2010-04-12 13:30:00",10996.75,11154.55,10947.77,11018.66,0
1271683800,"2010-04-19 13:30:00",11018.36,11205.64,10977.85,11204.28,0
1272288600,"2010-04-26 13:30:00",11205.11,11258.01,10965.38,11008.61,0
1272893400,"2010-05-03 13:30:00",11009.6,11177.67,9869.62,10380.43,0
1273498200,"2010-05-10 13:30:00",10386.18,10920.27,10386.03,10620.16,0
1274103000,"2010-05-17 13:30:00",10616.98,10718.86,9918.82,10193.39,0
1274707800,"2010-05-24 13:30:00",10193.46,10264.2,9774.48,10136.63,0
1275399000,"2010-06-01 13:30:00",10133.94,10315.21,9889.88,9931.97,0
1275917400,"2010-06-07 13:30:00",9931.75,10215.98,9757.55,10211.07,0
1276522200,"2010-06-14 13:30:00",10211.83,10483.44,10186.21,10450.64,0
1277127000,"2010-06-21 13:30:00",10452.46,10594.16,10081.08,10143.81,0
1277731800,"2010-06-28 13:30:00",10143.05,10201.93,9614.32,9686.48,0
1278423000,"2010-07-06 13:30:00",9689.21,10201.77,9659.01,10198.03,0
1278941400,"2010-07-12 13:30:00",10199.24,10407.82,10079.58,10097.9,0
1279546200,"2010-07-19 13:30:00",10098.12,10441.95,10007.76,10424.62,0
1280151000,"2010-07-26 13:30:00",10424.17,10584.99,10347.5,10465.94,0
1280755800,"2010-08-02 13:30:00",10468.82,10702.99,10468.59,10653.56,0
1281360600,"2010-08-09 13:30:00",10654.62,10719.94,10268.71,10303.15,0
1281965400,"2010-08-16 13:30:00",10303.07,10480.44,10147.24,10213.62,0
1282570200,"2010-08-23 13:30:00",10215.51,10304.7,9936.62,10150.65,0
1283175000,"2010-08-30 13:30:00",10145.58,10451.15,9941.84,10447.93,0
1283866200,"2010-09-07 13:30:00",10446.8,10476.62,10332.4,10462.77,0
1284384600,"2010-09-13 13:30:00",10458.6,10650.16,10458.6,10607.85,0
1284989400,"2010-09-20 13:30:00",10608.08,10865.78,10608.08,10860.26,0
1285594200,"2010-09-27 13:30:00",10860.03,10948.88,10728.64,10829.68,0
1286199000,"2010-10-04 13:30:00",10828.85,11032.17,10711.12,11006.48,0
1286803800,"2010-10-11 13:30:00",11006.93,11155.23,10913.84,11062.78,0
1287408600,"2010-10-18 13:30:00",11062.63,11213.54,10917.62,11132.56,0
1288013400,"2010-10-25 13:30:00",11133.4,11247.6,11020.82,11118.49,0
1288618200,"2010-11-01 13:30:00",11120.3,11451.53,11062.33,11444.08,0
1289226600,"2010-11-08 14:30:00",11439.54,11439.61,11143.84,11192.58,0
1289831400,"2010-11-15 14:30:00",11194.02,11280.9,10978.93,11203.55,0
1290436200,"2010-11-22 14:30:00",11201.66,11206.05,10992.17,11092,0
1291041000,"2010-11-29 14:30:00",11083.75,11388.87,10929.28,11382.09,0
1291645800,"2010-12-06 14:30:00",11381.33,11450.89,11327.49,11410.32,0
1292250600,"2010-12-13 14:30:00",11406.16,11519.04,11405.33,11491.91,0
1292855400,"2010-12-20 14:30:00",11491.3,11580.84,11442.68,11573.49,0
1293460200,"2010-12-27 14:30:00",11572.81,11625,11518.44,11577.51,0
1294065000,"2011-01-03 14:30:00",11577.43,11742.68,11577.35,11674.76,0
1294669800,"2011-01-10 14:30:00",11672.34,11794.15,11573.87,11787.38,0
1295361000,"2011-01-18 14:30:00",11783.82,11905.48,11744.77,11871.84,0
1295879400,"2011-01-24 14:30:00",11873.43,12020.52,11803.04,11823.7,0
1296484200,"2011-01-31 14:30:00",11824.39,12092.42,11817.88,12092.15,0
1297089000,"2011-02-07 14:30:00",12092.38,12285.94,12092.3,12273.26,0
1297693800,"2011-02-14 14:30:00",12266.83,12391.29,12193.27,12391.25,0
1298385000,"2011-02-22 14:30:00",12389.74,12389.82,11983.17,12130.45,0
1298903400,"2011-02-28 14:30:00",12130.45,12283.1,12018.63,12169.88,0
1299508200,"2011-03-07 14:30:00",12171.09,12257.82,11936.32,12044.4,0
1300109400,"2011-03-14 13:30:00",12042.13,12042.13,11555.48,11858.52,0
1300714200,"2011-03-21 13:30:00",11860.11,12259.79,11860.11,12220.59,0
1301319000,"2011-03-28 13:30:00",12221.19,12419.71,12173.51,12376.72,0
1301923800,"2011-04-04 13:30:00",12374.6,12450.93,12320.72,12380.05,0
1302528600,"2011-04-11 13:30:00",12380.43,12444,12163.86,12341.83,0
1303133400,"2011-04-18 13:30:00",12339.71,12506.06,12093.89,12505.99,0
1303738200,"2011-04-25 13:30:00",12505.99,12832.83,12446.05,12810.54,0
1304343000,"2011-05-02 13:30:00",12810.16,12876,12521.28,12638.74,0
1304947800,"2011-05-09 13:30:00",12637.83,12781.06,12537.17,12595.75,0
1305552600,"2011-05-16 13:30:00",12594.77,12642.9,12378.84,12512.04,0
1306157400,"2011-05-23 13:30:00",12511.36,12511.36,12309.52,12441.58,0
1306848600,"2011-05-31 13:30:00",12443.4,12574.29,12104.03,12151.26,0
1307367000,"2011-06-06 13:30:00",12151.19,12183.12,11937.42,11951.91,0
1307971800,"2011-06-13 13:30:00",11945.33,12120.8,11862.53,12004.36,0
1308576600,"2011-06-20 13:30:00",12004.28,12217.33,11874.94,11934.58,0
1309181400,"2011-06-27 13:30:00",11934.66,12596.13,11934.05,12582.77,0
1309872600,"2011-07-05 13:30:00",12583,12753.89,12539.21,12657.2,0
1310391000,"2011-07-11 13:30:00",12655.62,12655.84,12406.09,12479.73,0
1310995800,"2011-07-18 13:30:00",12475.11,12751.43,12296.23,12681.16,0
1311600600,"2011-07-25 13:30:00",12679.72,12679.95,12083.45,12143.24,0
1312205400,"2011-08-01 13:30:00",12144.22,12282.42,11139,11444.61,0
1312810200,"2011-08-08 13:30:00",11433.93,11434.09,10604.07,11269.02,0
1313415000,"2011-08-15 13:30:00",11269.85,11529.67,10801.41,10817.65,0
1314019800,"2011-08-22 13:30:00",10820.37,11406.39,10820.37,11284.54,0
1314624600,"2011-08-29 13:30:00",11286.65,11716.84,11211.35,11240.26,0
1315315800,"2011-09-06 13:30:00",11237.31,11477.3,10932.53,10992.13,0
1315834200,"2011-09-12 13:30:00",10990.01,11532.47,10824.76,11509.09,0
1316439000,"2011-09-19 13:30:00",11506.67,11550.22,10597.14,10771.48,0
1317043800,"2011-09-26 13:30:00",10771.78,11369.3,10771.78,10913.38,0
1317648600,"2011-10-03 13:30:00",10912.1,11232.05,10404.49,11103.12,0
1318253400,"2011-10-10 13:30:00",11104.56,11646.83,11104.56,11644.49,0
1318858200,"2011-10-17 13:30:00",11643.35,11812.46,11296.12,11808.79,0
1319463000,"2011-10-24 13:30:00",11807.96,12284.31,11682.52,12231.11,0
1320067800,"2011-10-31 13:30:00",12229.22,12229.29,11630.03,11983.24,0
1320676200,"2011-11-07 14:30:00",11983.02,12187.51,11736.93,12153.68,0
1321281000,"2011-11-14 14:30:00",12153,12170.56,11676.35,11796.16,0
1321885800,"2011-11-21 14:30:00",11795.55,11795.7,11231.56,11231.78,0
1322490600,"2011-11-28 14:30:00",11232.47,12146.68,11232.16,12019.42,0
1323095400,"2011-12-05 14:30:00",12021.54,12257.67,11966.22,12184.26,0
1323700200,"2011-12-12 14:30:00",12181.08,12181.38,11786.47,11866.39,0
1324305000,"2011-12-19 14:30:00",11866.54,12297.44,11735.19,12294,0
1324996200,"2011-12-27 14:30:00",12293.47,12328.47,12140.17,12217.56,0
1325601000,"2012-01-03 14:30:00",12221.19,12479.65,12221.19,12359.92,0
1326119400,"2012-01-09 14:30:00",12359.31,12514.69,12311.79,12422.06,0
1326810600,"2012-01-17 14:30:00",12423.12,12720.48,12423.12,12720.48,0
1327329000,"2012-01-23 14:30:00",12720.25,12841.95,12580.12,12660.46,0
1327933800,"2012-01-30 14:30:00",12659.17,12869.95,12529.41,12862.23,0
1328538600,"2012-02-06 14:30:00",12860.72,12924.71,12743.56,12801.23,0
1329143400,"2012-02-13 14:30:00",12799.11,12967.92,12753.62,12949.87,0
1329834600,"2012-02-21 14:30:00",12949.34,13013.82,12882.67,12982.95,0
1330353000,"2012-02-27 14:30:00",12981.13,13055.75,12882.59,12977.57,0
1330957800,"2012-03-05 14:30:00",12977.34,12977.34,12734.86,12922.02,0
1331559000,"2012-03-12 13:30:00",12920.58,13289.08,12919.98,13232.62,0
1332163800,"2012-03-19 13:30:00",13231.94,13269.71,13002.77,13080.73,0
1332768600,"2012-03-26 13:30:00",13082.62,13264.98,13032.67,13212.04,0
1333373400,"2012-04-02 13:30:00",13211.36,13297.11,13012.46,13060.14,0
1333978200,"2012-04-09 13:30:00",13057.57,13057.72,12710.56,12849.59,0
1334583000,"2012-04-16 13:30:00",12850.88,13131.36,12850.8,13029.26,0
1335187800,"2012-04-23 13:30:00",13028.2,13266.68,12845.58,13228.31,0
1335792600,"2012-04-30 13:30:00",13228.31,13338.66,13022.34,13038.27,0
1336397400,"2012-05-07 13:30:00",13035.85,13049.09,12748.48,12820.6,0
1337002200,"2012-05-14 13:30:00",12818.49,12818.86,12336.76,12369.38,0
1337607000,"2012-05-21 13:30:00",12369.15,12575.96,12311.56,12454.83,0
1338298200,"2012-05-29 13:30:00",12454.83,12611.61,12107.48,12118.57,0
1338816600,"2012-06-04 13:30:00",12119.85,12555.26,12035.09,12554.2,0
1339421400,"2012-06-11 13:30:00",12553.81,12774.7,12398.48,12767.17,0
1340026200,"2012-06-18 13:30:00",12767.02,12898.94,12561.46,12640.78,0
1340631000,"2012-06-25 13:30:00",12639.8,12880.39,12450.17,12880.09,0
1341235800,"2012-07-02 13:30:00",12879.71,12961.3,12702.99,12772.47,0
1341840600,"2012-07-09 13:30:00",12772.02,12830.29,12492.25,12777.09,0
1342445400,"2012-07-16 13:30:00",12776.33,12977.57,12645.1,12822.57,0
1343050200,"2012-07-23 13:30:00",12820.45,13117.74,12521.84,13075.66,0
1343655000,"2012-07-30 13:30:00",13075.35,13133.18,12778.9,13096.17,0
1344259800,"2012-08-06 13:30:00",13099.88,13215.97,13094.96,13207.95,0
1344864600,"2012-08-13 13:30:00",13204.93,13281.32,13112.94,13275.2,0
1345469400,"2012-08-20 13:30:00",13274.58,13330.76,13027.2,13157.97,0
1346074200,"2012-08-27 13:30:00",13157.74,13176.17,12978.91,13090.84,0
1346765400,"2012-09-04 13:30:00",13092.15,13320.27,12977.09,13306.64,0
1347283800,"2012-09-10 13:30:00",13308.56,13653.24,13251.39,13593.37,0
1347888600,"2012-09-17 13:30:00",13588.57,13647.1,13503,13579.47,0
1348493400,"2012-09-24 13:30:00",13577.85,13620.21,13367.27,13437.13,0
1349098200,"2012-10-01 13:30:00",13437.66,13661.87,13424.92,13610.15,0
1349703000,"2012-10-08 13:30:00",13610.38,13610.38,13296.43,13328.85,0
1350307800,"2012-10-15 13:30:00",13329.54,13588.73,13312.22,13343.51,0
1350912600,"2012-10-22 13:30:00",13344.28,13368.55,13039.86,13107.21,0
1351517400,"2012-10-29 13:30:00",13107.44,13289.45,13052.07,13093.16,0
1352125800,"2012-11-05 14:30:00",13092.28,13290.75,12743.39,12815.39,0
1352730600,"2012-11-12 14:30:00",12815.93,12898.25,12471.49,12588.31,0
1353335400,"2012-11-19 14:30:00",12590.23,13011.45,12590.23,13009.68,0
1353940200,"2012-11-26 14:30:00",13008.3,13062.56,12765.32,13025.58,0
1354545000,"2012-12-03 14:30:00",13027.73,13157.28,12923.44,13155.13,0
1355149800,"2012-12-10 14:30:00",13154.89,13329.44,13118.46,13135.01,0
1355754600,"2012-12-17 14:30:00",13135.17,13365.86,13122.53,13190.84,0
1356359400,"2012-12-24 14:30:00",13190.15,13190.38,12926.86,12938.11,0
1356964200,"2012-12-31 14:30:00",12938.19,13447.11,12883.89,13435.21,0
1357569000,"2013-01-07 14:30:00",13436.13,13496.68,13293.13,13488.43,0
1358173800,"2013-01-14 14:30:00",13488.43,13649.93,13445.8,13649.7,0
1358865000,"2013-01-22 14:30:00",13649.7,13895.98,13622.96,13895.98,0
1359383400,"2013-01-28 14:30:00",13895.98,14019.78,13860.58,14009.79,0
1359988200,"2013-02-04 14:30:00",14009.79,14022.62,13852.2,13992.97,0
1360593000,"2013-02-11 14:30:00",13992.97,14038.97,13906.73,13981.76,0
1361284200,"2013-02-19 14:30:00",13981.76,14058.27,13834.4,14000.57,0
1361802600,"2013-02-25 14:30:00",14000.57,14149.15,13784.01,14089.66,0
1362407400,"2013-03-04 14:30:00",14089.66,14413.17,14030.37,14397.07,0
1363008600,"2013-03-11 13:30:00",14397.07,14539.29,14373.32,14514.11,0
1363613400,"2013-03-18 13:30:00",14514.11,14546.82,14382.09,14512.03,0
1364218200,"2013-03-25 13:30:00",14512.03,14585.1,14395,14578.54,0
1364823000,"2013-04-01 13:30:00",14578.54,14684.49,14434.43,14565.25,0
1365427800,"2013-04-08 13:30:00",14565.25,14887.51,14497.8,14865.06,0
1366032600,"2013-04-15 13:30:00",14865.06,14865.06,14444.03,14547.51,0
1366637400,"2013-04-22 13:30:00",14547.51,14768.05,14457.6,14712.55,0
1367242200,"2013-04-29 13:30:00",14712.55,15009.59,14687.05,14973.96,0
1367847000,"2013-05-06 13:30:00",14973.96,15144.83,14941.09,15118.49,0
1368451800,"2013-05-13 13:30:00",15113.42,15357.4,15053.46,15354.4,0
1369056600,"2013-05-20 13:30:00",15348.33,15542.4,15180.23,15303.1,0
1369747800,"2013-05-28 13:30:00",15307.33,15521.49,15115.57,15115.57,0
1370266200,"2013-06-03 13:30:00",15123.55,15304.98,14844.22,15248.12,0
1370871000,"2013-06-10 13:30:00",15247.81,15300.64,14953.45,15070.18,0
1371475800,"2013-06-17 13:30:00",15078.71,15340.09,14688.43,14799.4,0
1372080600,"2013-06-24 13:30:00",14795.79,15075.01,14551.27,14909.6,0
1372685400,"2013-07-01 13:30:00",14911.6,15137.51,14858.93,15135.84,0
1373290200,"2013-07-08 13:30:00",15137.22,15498.39,15137.22,15464.3,0
1373895000,"2013-07-15 13:30:00",15459.69,15589.4,15415.71,15543.74,0
1374499800,"2013-07-22 13:30:00",15543.97,15604.22,15405.16,15558.83,0
1375104600,"2013-07-29 13:30:00",15557.14,15658.43,15479.13,15658.36,0
1375709400,"2013-08-05 13:30:00",15651.98,15655.21,15346.65,15425.51,0
1376314200,"2013-08-12 13:30:00",15415.22,15504.14,15054.38,15081.47,0
1376919000,"2013-08-19 13:30:00",15076.79,15106.39,14880.84,15010.51,0
1377523800,"2013-08-26 13:30:00",15014.58,15049.98,14760.41,14810.31,0
1378215000,"2013-09-03 13:30:00",14801.55,15009.84,14777.48,14922.5,0
1378733400,"2013-09-09 13:30:00",14927.19,15380.97,14927.19,15376.06,0
1379338200,"2013-09-16 13:30:00",15381.36,15709.58,15381.36,15451.09,0
1379943000,"2013-09-23 13:30:00",15452.31,15466.95,15211.81,15258.24,0
1380547800,"2013-09-30 13:30:00",15249.82,15249.82,14947.03,15072.58,0
1381152600,"2013-10-07 13:30:00",15069.3,15237.3,14719.43,15237.11,0
1381757400,"2013-10-14 13:30:00",15231.33,15412.97,15136.38,15399.65,0
1382362200,"2013-10-21 13:30:00",15401.32,15570.6,15362.66,15570.28,0
1382967000,"2013-10-28 13:30:00",15569.19,15721,15533.48,15615.55,0
1383575400,"2013-11-04 14:30:00",15621.2,15797.68,15522.18,15761.78,0
1384180200,"2013-11-11 14:30:00",15759.28,15962.98,15672,15961.7,0
1384785000,"2013-11-18 14:30:00",15962.72,16068.78,15865.37,16064.77,0
1385389800,"2013-11-25 14:30:00",16072.09,16174.51,16055.46,16086.41,0
1385994600,"2013-12-02 14:30:00",16087.12,16098,15791.29,16020.2,0
1386599400,"2013-12-09 14:30:00",16019.49,16058.4,15703.79,15755.36,0
1387204200,"2013-12-16 14:30:00",15759.6,16287.84,15759.6,16221.14,0
1387809000,"2013-12-23 14:30:00",16225.25,16529.01,16225.25,16478.41,0
1388413800,"2013-12-30 14:30:00",16484.51,16588.25,16416.49,16469.99,0
1389018600,"2014-01-06 14:30:00",16474.04,16562.32,16378.61,16437.05,0
1389623400,"2014-01-13 14:30:00",16434.03,16505.28,16240.6,16458.56,0
1390314600,"2014-01-21 14:30:00",16459.27,16520.6,15879.11,15879.11,0
1390833000,"2014-01-27 14:30:00",15879.05,15945.89,15617.55,15698.85,0
1391437800,"2014-02-03 14:30:00",15697.69,15798.51,15340.69,15794.08,0
1392042600,"2014-02-10 14:30:00",15793.63,16175.55,15733.69,16154.39,0
1392733800,"2014-02-18 14:30:00",16153.97,16225.72,16006.59,16103.3,0
1393252200,"2014-02-24 14:30:00",16102.27,16398.95,16102.27,16321.71,0
1393857000,"2014-03-03 14:30:00",16321.71,16505.7,16071.25,16452.72,0
1394458200,"2014-03-10 13:30:00",16453.1,16460.33,16046.99,16065.67,0
1395063000,"2014-03-17 13:30:00",16066.37,16456.45,16066.37,16302.77,0
1395667800,"2014-03-24 13:30:00",16303.28,16466.04,16191.79,16323.06,0
1396272600,"2014-03-31 13:30:00",16324.22,16631.63,16324.22,16412.71,0
1396877400,"2014-04-07 13:30:00",16414.15,16456.12,16015.32,16026.75,0
1397482200,"2014-04-14 13:30:00",16028.29,16460.49,16028.29,16408.54,0
1398087000,"2014-04-21 13:30:00",16408.92,16565.71,16333.78,16361.46,0
1398691800,"2014-04-28 13:30:00",16363.2,16620.06,16312.66,16512.89,0
1399296600,"2014-05-05 13:30:00",16509.75,16622.95,16357.35,16583.34,0
1399901400,"2014-05-12 13:30:00",16584.82,16735.51,16397.46,16491.31,0
1400506200,"2014-05-19 13:30:00",16490.35,16613.07,16341.3,16606.27,0
1401197400,"2014-05-27 13:30:00",16607.42,16721.22,16607.42,16717.17,0
1401715800,"2014-06-02 13:30:00",16716.85,16924.28,16673.65,16924.28,0
1402320600,"2014-06-09 13:30:00",16926.08,16970.17,16703.73,16775.74,0
1402925400,"2014-06-16 13:30:00",16765.56,16978.02,16722.86,16947.08,0
1403530200,"2014-06-23 13:30:00",16946.5,16969.7,16746.09,16851.84,0
1404135000,"2014-06-30 13:30:00",16852.49,17074.65,16801.94,17068.26,0
1404739800,"2014-07-07 13:30:00",17063.83,17063.83,16805.38,16943.81,0
1405344600,"2014-07-14 13:30:00",16950.93,17151.56,16950.93,17100.18,0
1405949400,"2014-07-21 13:30:00",17095.11,17133.43,16915.65,16960.57,0
1406554200,"2014-07-28 13:30:00",16956.91,17056.46,16437.07,16493.37,0
1407159000,"2014-08-04 13:30:00",16493.72,16596.22,16333.78,16553.93,0
1407763800,"2014-08-11 13:30:00",16557.27,16775.27,16518.06,16662.91,0
1408368600,"2014-08-18 13:30:00",16664.45,17074.59,16664.45,17001.22,0
1408973400,"2014-08-25 13:30:00",17011.81,17153.8,17011.81,17098.45,0
1409664600,"2014-09-02 13:30:00",17097.42,17161.55,17009.07,17137.36,0
1410183000,"2014-09-08 13:30:00",17131.71,17137.88,16937.67,16987.51,0
1410787800,"2014-09-15 13:30:00",16988.76,17350.64,16951.38,17280.38,0
1411392600,"2014-09-22 13:30:00",17271.71,17277.88,16945.8,17113.15,0
1411997400,"2014-09-29 13:30:00",17107.69,17145.1,16674.04,17009.69,0
1412602200,"2014-10-06 13:30:00",17010.34,17099.39,16543.91,16544.1,0
1413207000,"2014-10-13 13:30:00",16535.43,16602.41,15855.12,16380.41,0
1413811800,"2014-10-20 13:30:00",16373.15,16811.71,16260.54,16805.41,0
1414416600,"2014-10-27 13:30:00",16796.1,17395.54,16729.83,17390.52,0
1415025000,"2014-11-03 14:30:00",17390.9,17575.33,17278.36,17573.93,0
1415629800,"2014-11-10 14:30:00",17568.98,17705.48,17536.17,17634.74,0
1416234600,"2014-11-17 14:30:00",17631.85,17894.83,17603.89,17810.06,0
1416839400,"2014-11-24 14:30:00",17812.63,17893.42,17790.89,17828.24,0
1417444200,"2014-12-01 14:30:00",17827.27,17991.19,17726.55,17958.79,0
1418049000,"2014-12-08 14:30:00",17954.94,17960.56,17280.83,17280.83,0
1418653800,"2014-12-15 14:30:00",17285.74,17874.03,17067.59,17804.8,0
1419258600,"2014-12-22 14:30:00",17812.25,18103.45,17812.25,18053.71,0
1419863400,"2014-12-29 14:30:00",18046.58,18073.04,17731.3,17832.99,0
1420468200,"2015-01-05 14:30:00",17821.3,17916.04,17262.37,17737.37,0
1421073000,"2015-01-12 14:30:00",17742.05,17923.01,17243.55,17511.57,0
1421764200,"2015-01-20 14:30:00",17516.96,17840.89,17346.73,17672.6,0
1422282600,"2015-01-26 14:30:00",17668.11,17696.36,17136.3,17164.95,0
1422887400,"2015-02-02 14:30:00",17169.99,17951.09,17037.76,17824.29,0
1423492200,"2015-02-09 14:30:00",17821.49,18037.41,17685.32,18019.35,0
1424183400,"2015-02-17 14:30:00",18019.8,18144.29,17878.37,18140.44,0
1424701800,"2015-02-23 14:30:00",18140.76,18244.38,18054.84,18132.7,0
1425306600,"2015-03-02 14:30:00",18134.05,18288.63,17825.15,17856.78,0
1425907800,"2015-03-09 13:30:00",17856.56,18031.04,17620.49,17749.31,0
1426512600,"2015-03-16 13:30:00",17751.24,18197.29,17697.52,18127.65,0
1427117400,"2015-03-23 13:30:00",18136.73,18205.93,17579.27,17712.66,0
1427722200,"2015-03-30 13:30:00",17727.48,18008.64,17585.01,17763.24,0
1428327000,"2015-04-06 13:30:00",17755.5,18066.76,17646.8,18057.65,0
1428931800,"2015-04-13 13:30:00",18052.32,18169.26,17748.53,17826.3,0
1429536600,"2015-04-20 13:30:00",17841.18,18133.03,17841.18,18080.14,0
1430141400,"2015-04-27 13:30:00",18097.89,18175.56,17774.89,18024.06,0
1430746200,"2015-05-04 13:30:00",18026.02,18205.23,17733.12,18191.11,0
1431351000,"2015-05-11 13:30:00",18187.78,18272.72,17924.8,18272.56,0
1431955800,"2015-05-18 13:30:00",18267.25,18351.36,18217.14,18232.02,0
1432647000,"2015-05-26 13:30:00",18229.75,18229.75,17967.74,18010.68,0
1433165400,"2015-06-01 13:30:00",18017.82,18168.09,17822.9,17849.46,0
1433770200,"2015-06-08 13:30:00",17849.46,18109.77,17714.97,17898.84,0
1434375000,"2015-06-15 13:30:00",17890.76,18174.73,17698.42,18015.95,0
1434979800,"2015-06-22 13:30:00",18027.63,18188.81,17890.36,17946.68,0
1435584600,"2015-06-29 13:30:00",17936.74,17936.74,17576.5,17730.11,0
1436189400,"2015-07-06 13:30:00",17728.08,17797.49,17465.68,17760.41,0
1436794200,"2015-07-13 13:30:00",17787.27,18131.61,17787.27,18086.45,0
1437399000,"2015-07-20 13:30:00",18085.91,18137.12,17553.73,17568.53,0
1438003800,"2015-07-27 13:30:00",17561.78,17783.59,17399.17,17689.86,0
1438608600,"2015-08-03 13:30:00",17696.74,17704.76,17279.08,17373.38,0
1439213400,"2015-08-10 13:30:00",17375.18,17629.13,17125.81,17477.4,0
1439818200,"2015-08-17 13:30:00",17472.66,17568.4,16459.55,16459.75,0
1440423000,"2015-08-24 13:30:00",16459.75,16669.97,15370.33,16643.01,0
1441027800,"2015-08-31 13:30:00",16632.02,16632.02,15979.95,16102.38,0
1441719000,"2015-09-08 13:30:00",16109.93,16664.65,16109.93,16433.09,0
1442237400,"2015-09-14 13:30:00",16450.86,16933.43,16330.87,16384.58,0
1442842200,"2015-09-21 13:30:00",16406.1,16578.6,16016.36,16314.67,0
1443447000,"2015-09-28 13:30:00",16313.26,16472.77,15942.37,16472.37,0
1444051800,"2015-10-05 13:30:00",16502.1,17110.88,16502.1,17084.49,0
1444656600,"2015-10-12 13:30:00",17082.29,17220.02,16887.67,17215.97,0
1445261400,"2015-10-19 13:30:00",17209.43,17679.37,17129.19,17646.7,0
1445866200,"2015-10-26 13:30:00",17649.57,17799.96,17540.57,17663.54,0
1446474600,"2015-11-02 14:30:00",17672.62,17977.85,17655.02,17910.33,0
1447079400,"2015-11-09 14:30:00",17900.78,17900.78,17238.89,17245.24,0
1447684200,"2015-11-16 14:30:00",17229.94,17914.34,17210.43,17823.81,0
1448289000,"2015-11-23 14:30:00",17823.61,17868.18,17683.51,17798.49,0
1448893800,"2015-11-30 14:30:00",17802.84,17901.58,17425.56,17847.63,0
1449498600,"2015-12-07 14:30:00",17845.49,17845.49,17230.5,17265.21,0
1450103400,"2015-12-14 14:30:00",17277.11,17796.76,17124.31,17128.55,0
1450708200,"2015-12-21 14:30:00",17154.94,17607.92,17116.73,17552.17,0
1451313000,"2015-12-28 14:30:00",17535.66,17750.02,17421.16,17425.03,0
1451917800,"2016-01-04 14:30:00",17405.48,17405.48,16314.57,16346.45,0
1452522600,"2016-01-11 14:30:00",16358.71,16593.51,15842.11,15988.08,0
1453213800,"2016-01-19 14:30:00",16009.45,16171.96,15450.56,16093.51,0
1453732200,"2016-01-25 14:30:00",16086.46,16466.3,15863.72,16466.3,0
1454337000,"2016-02-01 14:30:00",16453.63,16510.98,15960.45,16204.97,0
1454941800,"2016-02-08 14:30:00",16147.51,16201.89,15503.01,15973.84,0
1455633000,"2016-02-16 14:30:00",16012.39,16511.84,16012.39,16391.99,0
1456151400,"2016-02-22 14:30:00",16417.13,16795.98,16165.86,16639.97,0
1456756200,"2016-02-29 14:30:00",16634.15,17062.38,16510.4,17006.77,0
1457361000,"2016-03-07 14:30:00",16991.29,17220.09,16821.86,17213.31,0
1457962200,"2016-03-14 13:30:00",17207.49,17620.58,17120.35,17602.3,0
1458567000,"2016-03-21 13:30:00",17589.7,17648.94,17399.01,17515.73,0
1459171800,"2016-03-28 13:30:00",17526.08,17811.48,17434.27,17792.75,0
1459776600,"2016-04-04 13:30:00",17799.39,17806.38,17484.23,17576.96,0
1460381400,"2016-04-11 13:30:00",17586.48,17962.14,17553.57,17897.46,0
1460986200,"2016-04-18 13:30:00",17890.2,18167.63,17848.22,18003.75,0
1461591000,"2016-04-25 13:30:00",17990.94,18084.66,17651.98,17773.64,0
1462195800,"2016-05-02 13:30:00",17783.78,17912.35,17580.38,17740.63,0
1462800600,"2016-05-09 13:30:00",17743.85,17934.61,17512.48,17535.32,0
1463405400,"2016-05-16 13:30:00",17531.76,17755.8,17331.07,17500.94,0
1464010200,"2016-05-23 13:30:00",17507.04,17891.71,17480.05,17873.22,0
1464701400,"2016-05-31 13:30:00",17891.5,17899.24,17664.79,17807.06,0
1465219800,"2016-06-06 13:30:00",17825.69,18016,17812.34,17865.34,0
1465824600,"2016-06-13 13:30:00",17830.5,17893.28,17471.29,17675.16,0
1466429400,"2016-06-20 13:30:00",17736.87,18011.07,17356.34,17400.75,0
1467034200,"2016-06-27 13:30:00",17355.21,18002.38,17063.08,17949.37,0
1467725400,"2016-07-05 13:30:00",17904.45,18166.77,17713.45,18146.74,0
1468243800,"2016-07-11 13:30:00",18161.53,18557.43,18161.53,18516.55,0
1468848600,"2016-07-18 13:30:00",18521.55,18622.01,18469.67,18570.85,0
1469453400,"2016-07-25 13:30:00",18554.49,18555.69,18368.82,18432.24,0
1470058200,"2016-08-01 13:30:00",18434.5,18543.53,18247.79,18543.53,0
1470663000,"2016-08-08 13:30:00",18540.65,18638.34,18468.78,18576.47,0
1471267800,"2016-08-15 13:30:00",18588.59,18668.44,18468.68,18552.57,0
1471872600,"2016-08-22 13:30:00",18535.86,18631.6,18335.34,18395.4,0
1472477400,"2016-08-29 13:30:00",18421.29,18544.76,18295.48,18491.96,0
1473168600,"2016-09-06 13:30:00",18493.4,18551.54,18085.45,18085.45,0
1473687000,"2016-09-12 13:30:00",18028.95,18358.69,17992.21,18123.8,0
1474291800,"2016-09-19 13:30:00",18154.82,18449.88,18093.05,18261.45,0
1474896600,"2016-09-26 13:30:00",18217.76,18369.62,18052.16,18308.15,0
1475501400,"2016-10-03 13:30:00",18279.6,18319.73,18116.26,18240.49,0
1476106200,"2016-10-10 13:30:00",18282.95,18399.96,17959.95,18138.38,0
1476711000,"2016-10-17 13:30:00",18135.85,18252.2,18049.77,18145.71,0
1477315800,"2016-10-24 13:30:00",18197.14,18275.04,18062.3,18161.19,0
1477920600,"2016-10-31 13:30:00",18176.6,18193.68,17883.56,17888.28,0
1478529000,"2016-11-07 14:30:00",17994.64,18873.66,17994.64,18847.66,0
1479133800,"2016-11-14 14:30:00",18876.77,18934.05,18806.06,18867.93,0
1479738600,"2016-11-21 14:30:00",18898.68,19152.14,18883.1,19152.14,0
1480343400,"2016-11-28 14:30:00",19122.14,19225.29,19062.22,19170.42,0
1480948200,"2016-12-05 14:30:00",19244.35,19757.74,19184.74,19756.85,0
1481553000,"2016-12-12 14:30:00",19770.2,19966.43,19747.74,19843.41,0
1482157800,"2016-12-19 14:30:00",19836.66,19987.63,19832.95,19933.81,0
1482849000,"2016-12-27 14:30:00",19943.46,19981.11,19718.67,19762.6,0
1483453800,"2017-01-03 14:30:00",19872.86,19999.63,19775.93,19963.8,0
1483972200,"2017-01-09 14:30:00",19931.41,19973.42,19770.47,19885.73,0
1484663400,"2017-01-17 14:30:00",19848.82,19882.99,19677.94,19827.25,0
1485181800,"2017-01-23 14:30:00",19794.79,20125.58,19732.36,20093.78,0
1485786600,"2017-01-30 14:30:00",20028.62,20081.48,19784.77,20071.46,0
1486391400,"2017-02-06 14:30:00",20025.61,20298.21,20002.81,20269.37,0
1486996200,"2017-02-13 14:30:00",20338.54,20639.87,20322.95,20624.05,0
1487687400,"2017-02-21 14:30:00",20663.43,20840.7,20663.37,20821.76,0
1488205800,"2017-02-27 14:30:00",20808.71,21169.11,20774.76,21005.71,0
1488810600,"2017-03-06 14:30:00",20955.71,20986.43,20777.16,20902.98,0
1489411800,"2017-03-13 13:30:00",20899.28,21000.11,20786.31,20914.62,0
1490016600,"2017-03-20 13:30:00",20916.27,20970.04,20529.67,20596.72,0
1490621400,"2017-03-27 13:30:00",20488.35,20753.78,20412.8,20663.22,0
1491226200,"2017-04-03 13:30:00",20665.17,20887.5,20517.82,20656.1,0
1491831000,"2017-04-10 13:30:00",20668.22,20750.33,20453.25,20453.25,0
1492435800,"2017-04-17 13:30:00",20484.75,20644.41,20379.55,20547.76,0
1493040600,"2017-04-24 13:30:00",20723.59,21070.9,20723.59,20940.51,0
1493645400,"2017-05-01 13:30:00",20962.73,21006.94,20847.95,21006.94,0
1494250200,"2017-05-08 13:30:00",20991.26,21046.85,20798.9,20896.61,0
1494855000,"2017-05-15 13:30:00",20923.63,21033.53,20553.45,20804.84,0
1495459800,"2017-05-22 13:30:00",20867.77,21112.32,20860.16,21080.28,0
1496151000,"2017-05-30 13:30:00",21045.49,21225.04,20942.57,21206.29,0
1496669400,"2017-06-05 13:30:00",21195.03,21305.35,21113.31,21271.97,0
1497274200,"2017-06-12 13:30:00",21259.95,21391.97,21186.15,21384.28,0
1497879000,"2017-06-19 13:30:00",21444.75,21535.03,21333.89,21394.76,0
1498483800,"2017-06-26 13:30:00",21434.68,21506.21,21197.08,21349.63,0
1499088600,"2017-07-03 13:30:00",21392.3,21562.75,21305.38,21414.34,0
1499693400,"2017-07-10 13:30:00",21381.23,21681.53,21279.3,21637.74,0
1500298200,"2017-07-17 13:30:00",21633.97,21661.91,21471.14,21580.07,0
1500903000,"2017-07-24 13:30:00",21577.78,21841.18,21496.13,21830.31,0
1501507800,"2017-07-31 13:30:00",21863.39,22092.81,21861.71,22092.81,0
1502112600,"2017-08-07 13:30:00",22100.2,22179.11,21842.74,21858.32,0
1502717400,"2017-08-14 13:30:00",21945.64,22085.71,21641.63,21674.51,0
1503322200,"2017-08-21 13:30:00",21671.36,21912.83,21600.34,21813.67,0
1503927000,"2017-08-28 13:30:00",21832.5,22038.97,21673.58,21987.56,0
1504618200,"2017-09-05 13:30:00",21912.37,21921.09,21709.63,21797.79,0
1505136600,"2017-09-11 13:30:00",21927.79,22275.02,21927.79,22268.34,0
1505741400,"2017-09-18 13:30:00",22297.92,22419.51,22283.35,22349.59,0
1506346200,"2017-09-25 13:30:00",22320.47,22405.63,22219.11,22405.09,0
1506951000,"2017-10-02 13:30:00",22423.47,22777.04,22416,22773.67,0
1507555800,"2017-10-09 13:30:00",22779.73,22905.33,22739.38,22871.72,0
1508160600,"2017-10-16 13:30:00",22892.92,23328.84,22887.12,23328.63,0
1508765400,"2017-10-23 13:30:00",23348.95,23485.25,23251.11,23434.19,0
1509370200,"2017-10-30 13:30:00",23405.75,23557.06,23327.87,23539.19,0
1509978600,"2017-11-06 14:30:00",23533.96,23602.12,23310.02,23422.21,0
1510583400,"2017-11-13 14:30:00",23367.47,23492.19,23242.75,23358.24,0
1511188200,"2017-11-20 14:30:00",23370.71,23617.8,23360.58,23557.99,0
1511793000,"2017-11-27 14:30:00",23552.86,24327.82,23545.02,24231.59,0
1512397800,"2017-12-04 14:30:00",24424.11,24534.04,24101.24,24329.16,0
1513002600,"2017-12-11 14:30:00",24338.11,24688.62,24314.74,24651.74,0
1513607400,"2017-12-18 14:30:00",24739.56,24876.07,24697.11,24754.06,0
1514298600,"2017-12-26 14:30:00",24715.84,24871.66,24708.42,24719.22,0
1514903400,"2018-01-02 14:30:00",24809.35,25299.79,24741.7,25295.87,0
1515421800,"2018-01-08 14:30:00",25308.4,25810.43,25235.41,25803.19,0
1516113000,"2018-01-16 14:30:00",25987.62,26153.42,25702.99,26071.72,0
1516631400,"2018-01-22 14:30:00",26025.32,26616.71,25974.65,26616.71,0
1517236200,"2018-01-29 14:30:00",26584.28,26608.9,25490.66,25520.96,0
1517841000,"2018-02-05 14:30:00",25337.87,25520.53,23360.29,24190.9,0
1518445800,"2018-02-12 14:30:00",24337.76,25432.42,24290.48,25219.38,0
1519137000,"2018-02-20 14:30:00",25124.91,25313.91,24792.99,25309.99,0
1519655400,"2018-02-26 14:30:00",25403.35,25800.35,24217.76,24538.06,0
1520260200,"2018-03-05 14:30:00",24471.31,25336.33,24387.15,25335.74,0
1520861400,"2018-03-12 13:30:00",25372.44,25449.15,24668.83,24946.51,0
1521466200,"2018-03-19 13:30:00",24893.69,24977.65,23509.06,23533.2,0
1522071000,"2018-03-26 13:30:00",23825.74,24446.22,23708.73,24103.11,0
1522675800,"2018-04-02 13:30:00",24076.6,24622.26,23344.52,23932.76,0
1523280600,"2018-04-09 13:30:00",24037.52,24646.45,23954.83,24360.14,0
1523885400,"2018-04-16 13:30:00",24483.15,24858.97,24375.04,24462.94,0
1524490200,"2018-04-23 13:30:00",24488.07,24579.94,23823.08,24311.19,0
1525095000,"2018-04-30 13:30:00",24410.41,24498.23,23531.31,24262.51,0
1525699800,"2018-05-07 13:30:00",24317.66,24868.65,24198.34,24831.17,0
1526304600,"2018-05-14 13:30:00",24879.37,24994.19,24629.39,24715.09,0
1526909400,"2018-05-21 13:30:00",24883.06,25086.49,24605.9,24753.09,0
1527600600,"2018-05-29 13:30:00",24606.59,24714.48,24247.84,24635.21,0
1528119000,"2018-06-04 13:30:00",24727.55,25326.09,24710.82,25316.53,0
1528723800,"2018-06-11 13:30:00",25336.67,25402.83,24894.38,25090.48,0
1529328600,"2018-06-18 13:30:00",24944.28,25003.1,24406.63,24580.89,0
1529933400,"2018-06-25 13:30:00",24463.73,24569.02,23997.21,24271.41,0
1530538200,"2018-07-02 13:30:00",24161.53,24520.29,24077.56,24456.48,0
1531143000,"2018-07-09 13:30:00",24519.2,25043.21,24518.43,25019.41,0
1531747800,"2018-07-16 13:30:00",25025.58,25215.32,24979.64,25058.12,0
1532352600,"2018-07-23 13:30:00",25036.9,25587.24,24983.33,25451.06,0
1532957400,"2018-07-30 13:30:00",25439.32,25500.16,25120.07,25462.58,0
1533562200,"2018-08-06 13:30:00",25437.43,25692.72,25222.88,25313.14,0
1534167000,"2018-08-13 13:30:00",25327.19,25728.16,24965.77,25669.32,0
1534771800,"2018-08-20 13:30:00",25727.7,25888.82,25608.02,25790.35,0
1535376600,"2018-08-27 13:30:00",25882.71,26167.94,25879.77,25964.82,0
1536067800,"2018-09-04 13:30:00",25916.07,26073.68,25805.95,25916.54,0
1536586200,"2018-09-10 13:30:00",25991.91,26211.11,25754.32,26154.67,0
1537191000,"2018-09-17 13:30:00",26151.66,26769.16,26030.35,26743.5,0
1537795800,"2018-09-24 13:30:00",26705.25,26709.94,26349.34,26458.31,0
1538400600,"2018-10-01 13:30:00",26598.36,26951.81,26301.81,26447.05,0
1539005400,"2018-10-08 13:30:00",26399.45,26539.94,24899.77,25339.99,0
1539610200,"2018-10-15 13:30:00",25332.46,25817.68,25236.01,25444.34,0
1540215000,"2018-10-22 13:30:00",25492.14,25561.34,24445.19,24688.31,0
1540819800,"2018-10-29 13:30:00",24818.98,25578.98,24122.23,25270.83,0
1541428200,"2018-11-05 14:30:00",25261.47,26277.82,25261.47,25989.3,0
1542033000,"2018-11-12 14:30:00",25959.33,25966.71,24787.79,25413.22,0
1542637800,"2018-11-19 14:30:00",25392.61,25392.61,24268.74,24285.95,0
1543242600,"2018-11-26 14:30:00",24364.13,25549.71,24364.13,25538.46,0
1543847400,"2018-12-03 14:30:00",25779.57,25980.21,24242.22,24388.95,0
1544452200,"2018-12-10 14:30:00",24360.95,24828.29,23881.37,24100.51,0
1545057000,"2018-12-17 14:30:00",23986.83,24088.08,22396.34,22445.37,0
1545661800,"2018-12-24 14:30:00",22317.28,23381.88,21712.53,23062.4,0
1546266600,"2018-12-31 14:30:00",23153.94,23518.64,22638.41,23433.16,0
1546871400,"2019-01-07 14:30:00",23474.26,24014.78,23301.59,23995.95,0
1547476200,"2019-01-14 14:30:00",23880.53,24750.22,23765.24,24706.35,0
1548167400,"2019-01-22 14:30:00",24607.76,24860.15,24244.31,24737.2,0
1548685800,"2019-01-28 14:30:00",24596.98,25193.15,24323.94,25063.89,0
1549290600,"2019-02-04 14:30:00",25062.12,25439.04,24883.04,25106.33,0
1549895400,"2019-02-11 14:30:00",25142.81,25883.72,25009.1,25883.25,0
1550586600,"2019-02-19 14:30:00",25849.85,26052.9,25762.21,26031.81,0
1551105000,"2019-02-25 14:30:00",26126.15,26241.42,25877.24,26026.32,0
1551709800,"2019-03-04 14:30:00",26122.19,26155.98,25252.46,25450.24,0
1552311000,"2019-03-11 13:30:00",25208,25927.91,25208,25848.87,0
1552915800,"2019-03-18 13:30:00",25801.88,26109.68,25501.45,25502.32,0
1553520600,"2019-03-25 13:30:00",25490.72,25949.32,25372.26,25928.68,0
1554125400,"2019-04-01 13:30:00",26075.1,26487.57,26071.69,26424.99,0
1554730200,"2019-04-08 13:30:00",26312.67,26436.68,26062.59,26412.3,0
1555335000,"2019-04-15 13:30:00",26407.76,26602.42,26316.42,26559.54,0
1555939800,"2019-04-22 13:30:00",26510.77,26695.96,26310.28,26543.33,0
1556544600,"2019-04-29 13:30:00",26559.87,26689.39,26180.36,26504.95,0
1557149400,"2019-05-06 13:30:00",26160.62,26476.27,25469.86,25942.37,0
1557754200,"2019-05-13 13:30:00",25568.06,25957.63,25222.51,25764,0
1558359000,"2019-05-20 13:30:00",25655.31,25898.27,25328.09,25585.69,0
1559050200,"2019-05-28 13:30:00",25616.55,25717.63,24809.51,24815.04,0
1559568600,"2019-06-03 13:30:00",24830.16,26072.75,24680.57,25983.94,0
1560173400,"2019-06-10 13:30:00",26090.22,26248.67,25958.66,26089.61,0
1560778200,"2019-06-17 13:30:00",26108.53,26907.37,26049.8,26719.13,0
1561383000,"2019-06-24 13:30:00",26727.61,26806.52,26465.32,26599.96,0
1561987800,"2019-07-01 13:30:00",26805.86,26966,26616.21,26922.12,0
1562592600,"2019-07-08 13:30:00",26835.64,27333.79,26665.57,27332.03,0
1563197400,"2019-07-15 13:30:00",27364.69,27398.68,27068.79,27154.2,0
1563802200,"2019-07-22 13:30:00",27174.18,27368.81,27062.48,27192.45,0
1564407000,"2019-07-29 13:30:00",27192.24,27281.65,26249.22,26485.01,0
1565011800,"2019-08-05 13:30:00",26259.23,26413.36,25440.39,26287.44,0
1565616600,"2019-08-12 13:30:00",26169.91,26426.97,25339.6,25886.01,0
1566221400,"2019-08-19 13:30:00",26020.06,26388.78,25507.18,25628.9,0
1566826200,"2019-08-26 13:30:00",25826.05,26514.62,25637.43,26403.28,0
1567517400,"2019-09-03 13:30:00",26198.26,26860.87,25978.22,26797.46,0
1568035800,"2019-09-09 13:30:00",26866.23,27306.73,26717.05,27219.52,0
1568640600,"2019-09-16 13:30:00",27146.06,27272.17,26899.15,26935.07,0
1569245400,"2019-09-23 13:30:00",26851.45,27079.68,26704.96,26820.25,0
1569850200,"2019-09-30 13:30:00",26852.33,27046.21,25743.46,26573.72,0
1570455000,"2019-10-07 13:30:00",26502.33,27013.97,26139.8,26816.59,0
1571059800,"2019-10-14 13:30:00",26766.43,27120.11,26749.18,26770.2,0
1571664600,"2019-10-21 13:30:00",26852.67,27015.37,26714.34,26958.06,0
1572269400,"2019-10-28 13:30:00",27040.33,27347.43,26918.29,27347.36,0
1572877800,"2019-11-04 14:30:00",27402.06,27774.67,27402.06,27681.24,0
1573482600,"2019-11-11 14:30:00",27580.66,28004.89,27517.67,28004.89,0
1574087400,"2019-11-18 14:30:00",27993.22,28090.21,27675.28,27875.62,0
1574692200,"2019-11-25 14:30:00",27917.77,28174.97,27917.77,28051.41,0
1575297000,"2019-12-02 14:30:00",28109.74,28109.84,27325.13,28015.06,0
1575901800,"2019-12-09 14:30:00",27987.05,28290.73,27801.8,28135.38,0
1576506600,"2019-12-16 14:30:00",28191.67,28608.64,28191.67,28455.09,0
1577111400,"2019-12-23 14:30:00",28491.78,28701.66,28491.78,28645.26,0
1577716200,"2019-12-30 14:30:00",28654.76,28872.8,28376.49,28634.88,0
1578321000,"2020-01-06 14:30:00",28465.5,29009.07,28418.63,28823.77,0
1578925800,"2020-01-13 14:30:00",28869.01,29373.62,28819.43,29348.1,0
1579617000,"2020-01-21 14:30:00",29269.05,29341.21,28843.31,28989.73,0
1580135400,"2020-01-27 14:30:00",28542.49,28944.24,28169.53,28256.03,0
1580740200,"2020-02-03 14:30:00",28319.65,29408.05,28319.65,29102.51,0
1581345000,"2020-02-10 14:30:00",28995.66,29568.57,28995.66,29398.08,0
1582036200,"2020-02-18 14:30:00",29282.78,29409.09,28892.7,28992.41,0
1582554600,"2020-02-24 14:30:00",28402.93,28402.93,24681.01,25409.36,0
1583159400,"2020-03-02 14:30:00",25590.51,27102.34,25226.62,25864.78,0
1583760600,"2020-03-09 13:30:00",24992.36,25020.99,21154.46,23185.62,0
1584365400,"2020-03-16 13:30:00",20917.53,21768.28,18917.46,19173.98,0
1584970200,"2020-03-23 13:30:00",19028.36,22595.06,18213.65,21636.78,0
1585575000,"2020-03-30 13:30:00",21678.22,22480.37,20735.02,21052.53,0
1586179800,"2020-04-06 13:30:00",21693.63,24008.99,21693.63,23719.37,0
1586784600,"2020-04-13 13:30:00",23698.93,24264.21,23095.35,24242.49,0
1587389400,"2020-04-20 13:30:00",24095.1,24108.69,22941.88,23775.27,0
1587994200,"2020-04-27 13:30:00",23866.15,24764.77,23645.3,23723.69,0
1588599000,"2020-05-04 13:30:00",23581.55,24349.9,23361.16,24331.32,0
1589203800,"2020-05-11 13:30:00",24256.45,24382.09,22789.62,23685.42,0
1589808600,"2020-05-18 13:30:00",24059.98,24718.46,24059.98,24465.16,0
1590499800,"2020-05-26 13:30:00",24781.84,25758.79,24781.84,25383.11,0
1591018200,"2020-06-01 13:30:00",25342.99,27338.3,25220.66,27110.98,0
1591623000,"2020-06-08 13:30:00",27232.93,27580.21,25078.41,25605.54,0
1592227800,"2020-06-15 13:30:00",25270.39,26611.03,24843.18,25871.46,0
1592832600,"2020-06-22 13:30:00",25865.08,26314.97,24971.03,25015.55,0
1593437400,"2020-06-29 13:30:00",25152.45,26204.41,25096.16,25827.36,0
1594042200,"2020-07-06 13:30:00",25996.08,26297.53,25523.51,26075.3,0
1594647000,"2020-07-13 13:30:00",26225.07,27071.33,25994.98,26671.95,0
1595251800,"2020-07-20 13:30:00",26660.29,27035.24,26402.86,26469.89,0
1595856600,"2020-07-27 13:30:00",26447.67,26625.46,25992.28,26428.32,0
1596461400,"2020-08-03 13:30:00",26542.32,27456.24,26534.38,27433.48,0
1597066200,"2020-08-10 13:30:00",27488.21,28154.88,27488.21,27931.02,0
1597671000,"2020-08-17 13:30:00",27970.05,27999.81,27526.25,27930.33,0
1598275800,"2020-08-24 13:30:00",28077.58,28733.35,28041.75,28653.87,0
1598880600,"2020-08-31 13:30:00",28643.66,29199.35,27664.68,28133.31,0
1599571800,"2020-09-08 13:30:00",27925.23,28206.21,27447.08,27665.64,0
1600090200,"2020-09-14 13:30:00",27718.74,28364.77,27487.97,27657.42,0
1600695000,"2020-09-21 13:30:00",27484.71,27484.71,26537.01,27173.96,0
1601299800,"2020-09-28 13:30:00",27362.14,28041.46,27338.09,27682.81,0
1601904600,"2020-10-05 13:30:00",27825.42,28676.29,27728.03,28586.9,0
1602509400,"2020-10-12 13:30:00",28671.12,28957.9,28181.54,28606.31,0
1603114200,"2020-10-19 13:30:00",28633.55,28711.93,28040.18,28335.57,0
1603719000,"2020-10-26 13:30:00",28185.82,28185.82,26143.77,26501.6,0
1604327400,"2020-11-02 14:30:00",26691.28,28495.05,26691.28,28323.4,0
1604932200,"2020-11-09 14:30:00",29467.9,29933.83,28902.13,29479.81,0
1605537000,"2020-11-16 14:30:00",29672.36,29964.29,29228.38,29263.48,0
1606141800,"2020-11-23 14:30:00",29332.82,30116.51,29332.82,29910.37,0
1606746600,"2020-11-30 14:30:00",29854.51,30218.26,29463.64,30218.26,0
1607351400,"2020-12-07 14:30:00",30233.03,30319.7,29820.84,30046.37,0
1607956200,"2020-12-14 14:30:00",30123.91,30343.59,29849.15,30179.05,0
1608561000,"2020-12-21 14:30:00",30159,30304.14,29755.53,30199.87,0
1609165800,"2020-12-28 14:30:00",30283.23,30637.47,30274.24,30606.48,0
1609770600,"2021-01-04 14:30:00",30627.47,31193.4,29881.82,31097.97,0
1610375400,"2021-01-11 14:30:00",31015.37,31223.78,30612.67,30814.26,0
1611066600,"2021-01-19 14:30:00",30887.42,31272.22,30865.03,30996.98,0
1611585000,"2021-01-25 14:30:00",30989.85,31121.42,29856.3,29982.62,0
1612189800,"2021-02-01 14:30:00",30054.73,31252.18,30014.97,31148.24,0
1612794600,"2021-02-08 14:30:00",31191.2,31543.82,31191.2,31458.4,0
1613485800,"2021-02-16 14:30:00",31472.08,31647.53,31285.32,31494.32,0
1614004200,"2021-02-22 14:30:00",31381.12,32009.64,30911.37,30932.37,0
1614609000,"2021-03-01 14:30:00",31065.9,31668.34,30547.53,31496.3,0
1615213800,"2021-03-08 14:30:00",31512.15,32793.32,31512.15,32778.64,0
1615815000,"2021-03-15 13:30:00",32798.84,33227.78,32505.07,32627.97,0
1616419800,"2021-03-22 13:30:00",32601.82,33098.83,32071.41,33072.88,0
1617024600,"2021-03-29 13:30:00",33087.55,33259,32905.13,33153.21,0
1617629400,"2021-04-05 13:30:00",33222.38,33810.87,33222.38,33800.6,0
1618234200,"2021-04-12 13:30:00",33775.06,34256.75,33545.84,34200.67,0
1618839000,"2021-04-19 13:30:00",34182.38,34182.38,33687.01,34043.49,0
1619443800,"2021-04-26 13:30:00",34044.23,34148.94,33744.28,33874.85,0
1620048600,"2021-05-03 13:30:00",33904.89,34811.39,33765.68,34777.76,0
1620653400,"2021-05-10 13:30:00",34785.27,35091.56,33555.22,34382.13,0
1621258200,"2021-05-17 13:30:00",34375.29,34415.48,33473.8,34206.31,0
1621863000,"2021-05-24 13:30:00",34253.87,34631.11,34253.87,34529.45,0
1622554200,"2021-06-01 13:30:00",34584.19,34849.32,34334.41,34756.39,0
1623072600,"2021-06-07 13:30:00",34766.2,34820.91,34328.65,34479.6,0
1623677400,"2021-06-14 13:30:00",34472.52,34472.52,33271.93,33290.08,0
1624282200,"2021-06-21 13:30:00",33480.11,34501.02,33480.11,34433.85,0
1624887000,"2021-06-28 13:30:00",34428.1,34821.93,34186.13,34786.35,0
1625578200,"2021-07-06 13:30:00",34804.58,34893.72,34145.59,34870.17,0
1626096600,"2021-07-12 13:30:00",34836.75,35090.01,34647.82,34687.86,0
1626701400,"2021-07-19 13:30:00",34528.48,35095.33,33741.76,35061.56,0
1627306200,"2021-07-26 13:30:00",35055.86,35171.52,34871.13,34935.48,0
1627911000,"2021-08-02 13:30:00",34968.56,35246.79,34714.33,35208.52,0
1628515800,"2021-08-09 13:30:00",35229.67,35610.57,35041.24,35515.39,0
1629120600,"2021-08-16 13:30:00",35490.83,35631.19,34690.25,35120.09,0
1629725400,"2021-08-23 13:30:00",35160.97,35501.14,35160.97,35455.81,0
1630330200,"2021-08-30 13:30:00",35497.48,35510.71,35269.4,35369.1,0
1631021400,"2021-09-07 13:30:00",35326.06,35326.06,34599.61,34607.73,0
1631539800,"2021-09-13 13:30:00",34665.5,34990.36,34510.3,34584.89,0
1632144600,"2021-09-20 13:30:00",34459.72,34879.78,33613.03,34798.01,0
1632749400,"2021-09-27 13:30:00",34739.27,35061.12,33785.54,34326.47,0
1633354200,"2021-10-04 13:30:00",34270.71,34975.19,33821.58,34746.26,0
1633959000,"2021-10-11 13:30:00",34723.79,35320.97,34115.1,35294.77,0
1634563800,"2021-10-18 13:30:00",35221.02,35765.02,35035.94,35677.03,0
1635168600,"2021-10-25 13:30:00",35692.62,35892.92,35490.43,35819.57,0
1635773400,"2021-11-01 13:30:00",35833.65,36484.75,35797.97,36327.96,0
1636381800,"2021-11-08 14:30:00",36416.46,36565.73,35915.27,36100.32,0
1636986600,"2021-11-15 14:30:00",36128.83,36316.61,35555.37,35601.99,0
1637591400,"2021-11-22 14:30:00",35631.41,35929.66,34749.8,34899.35,0
1638196200,"2021-11-29 14:30:00",35017.71,35287.91,34006.98,34580.09,0
1638801000,"2021-12-06 14:30:00",34633.43,35982.69,34633.43,35971,0
1639405800,"2021-12-13 14:30:00",35958.93,36189.83,35284.26,35365.45,0
1640010600,"2021-12-20 14:30:00",35222.12,36060.99,34665.5,35950.57,0
1640615400,"2021-12-27 14:30:00",35954.48,36679.44,35954.48,36338.31,0
1641220200,"2022-01-03 14:30:00",36321.59,36952.65,36111.53,36231.67,0
1641825000,"2022-01-10 14:30:00",36175.21,36513.88,35639.91,35911.82,0
1642516200,"2022-01-18 14:30:00",35661.76,35661.76,34229.55,34265.38,0
1643034600,"2022-01-24 14:30:00",34070.61,34815.67,33150.33,34725.48,0
1643639400,"2022-01-31 14:30:00",34691.17,35679.2,34496.1,35089.75,0
1644244200,"2022-02-07 14:30:00",35108.38,35824.28,34620.52,34738.07,0
1644849000,"2022-02-14 14:30:00",34694.5,35047.79,33976.18,34079.19,0
1645540200,"2022-02-22 14:30:00",33974.09,34095.74,32272.64,34058.76,0
1646058600,"2022-02-28 14:30:00",33870.62,34179.07,33107.67,33614.81,0
1646663400,"2022-03-07 14:30:00",33579.75,33579.75,32578.73,32944.2,0
1647264600,"2022-03-14 13:30:00",33000.37,34755.2,32818.16,34754.94,0
1647869400,"2022-03-21 13:30:00",34669.85,34942.7,34341.81,34861.25,0
1648474200,"2022-03-28 13:30:00",34833.03,35372.26,34538.25,34818.28,0
1649079000,"2022-04-04 13:30:00",34799.98,35112.21,34190.95,34721.13,0
1649683800,"2022-04-11 13:30:00",34630.27,34889.17,34102.81,34451.24,0
1650288600,"2022-04-18 13:30:00",34411.49,35492.22,33773.39,33811.41,0
1650893400,"2022-04-25 13:30:00",33731.65,34106.01,32913.15,32977.22,0
1651498200,"2022-05-02 13:30:00",32978.49,34117.74,32449.87,32899.38,0
1652103000,"2022-05-09 13:30:00",32685.17,32752.17,31228.22,32196.67,0
1652707800,"2022-05-16 13:30:00",32152.15,32689.14,30635.76,31261.91,0
1653312600,"2022-05-23 13:30:00",31395.89,33213.62,31365.59,33212.97,0
1654003800,"2022-05-31 13:30:00",33160.59,33272.34,32509.43,32899.71,0
1654522200,"2022-06-06 13:30:00",33032.04,33235.37,31387.84,31392.8,0
1655127000,"2022-06-13 13:30:00",31144.91,31144.91,29653.29,29888.79,0
1655818200,"2022-06-21 13:30:00",30074.69,31517.29,30074.69,31500.69,0
1656336600,"2022-06-27 13:30:00",31533.6,31885.09,30431.87,31097.27,0
1657027800,"2022-07-05 13:30:00",30903.12,31511.46,30355.12,31338.16,0
1657546200,"2022-07-11 13:30:00",31277.98,31367.55,30143.93,31288.26,0
1658151000,"2022-07-18 13:30:00",31475.98,32219.25,30982.97,31899.3,0
1658755800,"2022-07-25 13:30:00",31950.93,32910.18,31705.36,32845.14,0
1659360600,"2022-08-01 13:30:00",32755.71,32972.03,32387.12,32803.48,0
1659965400,"2022-08-08 13:30:00",32877.36,33767.09,32702.66,33761.06,0
1660570200,"2022-08-15 13:30:00",33710.7,34281.36,33582.96,33706.75,0
1661175000,"2022-08-22 13:30:00",33586.59,33586.59,32278.22,32283.41,0
1661779800,"2022-08-29 13:30:00",32188,32325.16,31182.09,31318.45,0
1662471000,"2022-09-06 13:30:00",31343.79,32227.74,31048.46,32151.72,0
1662989400,"2022-09-12 13:30:00",32159.49,32504.04,30550.08,30822.43,0
1663594200,"2022-09-19 13:30:00",30722.86,31026.89,29250.47,29590.42,0
1664199000,"2022-09-26 13:30:00",29536.84,29811.78,28715.85,28725.52,0
1664803800,"2022-10-03 13:30:00",28855.25,30454.46,28855.25,29296.8,0
1665408600,"2022-10-10 13:30:00",29419.09,30428.82,28660.94,29634.84,0
1666013400,"2022-10-17 13:30:00",30059.58,31119.27,29997.62,31082.57,0
1666618200,"2022-10-24 13:30:00",31187.32,32889.81,31161.41,32861.81,0
1667223000,"2022-10-31 13:30:00",32754.27,33071.93,31727.05,32403.23,0
1667831400,"2022-11-07 14:30:00",32454.1,33817.96,32424.99,33747.87,0
1668436200,"2022-11-14 14:30:00",33662.05,33987.06,33239.75,33745.7,0
1669041000,"2022-11-21 14:30:00",33760.3,34386.51,33559.18,34347.04,0
1669645800,"2022-11-28 14:30:00",34275.91,34595.51,33583.77,34429.89,0
1670250600,"2022-12-05 14:30:00",34335.73,34335.73,33418.59,33476.47,0
1670855400,"2022-12-12 14:30:00",33519.5,34712.28,32654.59,32920.47,0
1671460200,"2022-12-19 14:30:00",32921.45,33437.84,32573.43,33203.94,0
1672151400,"2022-12-27 14:30:00",33224.23,33387.72,32847.82,33147.26,0
1672756200,"2023-01-03 14:30:00",33148.9,33710.66,32812.33,33630.62,0
1673274600,"2023-01-09 14:30:00",33664.39,34342.32,33421.8,34302.62,0
1673965800,"2023-01-17 14:30:00",34222.32,34269.97,32948.93,33375.5,0
1674484200,"2023-01-23 14:30:00",33439.56,34164.33,33273.21,33978.09,0
1675089000,"2023-01-30 14:30:00",33909.21,34334.7,33581.42,33926.02,0
1675693800,"2023-02-06 14:30:00",33874.44,34252.57,33591.99,33869.28,0
1676298600,"2023-02-13 14:30:00",33887.39,34331.47,33517.73,33826.7,0
1676989800,"2023-02-21 14:30:00",33699.69,33699.69,32643.48,32816.93,0
1677508200,"2023-02-27 14:30:00",32906.16,33405.82,32500.71,33390.98,0
1678113000,"2023-03-06 14:30:00",33425.32,33572.22,31783.41,31909.65,0
1678714200,"2023-03-13 13:30:00",31819.93,32306.59,31429.82,31861.99,0
1679319000,"2023-03-20 13:30:00",31872.33,32761.89,31805.18,32237.54,0
1679923800,"2023-03-27 13:30:00",32276.72,33291,32276.72,33274.16,0
1680528600,"2023-04-03 13:30:00",33245.78,33634.72,33245.78,33485.3,0
1681133400,"2023-04-10 13:30:00",33425.25,34082.94,33343.43,33886.48,0
1681738200,"2023-04-17 13:30:00",33930.46,34018.62,33677.74,33808.97,0
1682343000,"2023-04-24 13:30:00",33805.04,34104.56,33235.85,34098.17,0
1682947800,"2023-05-01 13:30:00",34116.81,34257.83,32937.5,33674.39,0
1683552600,"2023-05-08 13:30:00",33715.15,33772.09,33110.61,33300.63,0
1684157400,"2023-05-15 13:30:00",33321.21,33652.9,33006.19,33426.64,0
1684762200,"2023-05-22 13:30:00",33408.54,33512.3,32586.56,33093.35,0
1685453400,"2023-05-30 13:30:00",33103.65,33805,32704.51,33762.77,0
1685971800,"2023-06-05 13:30:00",33771.13,33975.32,33399.69,33876.79,0
1686576600,"2023-06-12 13:30:00",33906.8,34588.68,33783.55,34299.13,0
1687267800,"2023-06-20 13:30:00",34206.66,34206.66,33646.49,33727.44,0
1687786200,"2023-06-26 13:30:00",33730.79,34467.35,33610.32,34407.61,0
1688391000,"2023-07-03 13:30:00",34369.78,34465.6,33716.75,33734.89,0
1688995800,"2023-07-10 13:30:00",33705.68,34592.26,33705.68,34509.04,0
1689600600,"2023-07-17 13:30:00",34499.74,35372.77,34418.72,35227.7,0
1690205400,"2023-07-24 13:30:00",35230.79,35645.35,35216.58,35459.3,0
1690810200,"2023-07-31 13:30:00",35465.97,35679.13,35033.76,35065.63,0
1691415000,"2023-08-07 13:30:00",35125.6,35578.58,35007.41,35281.41,0
1692019800,"2023-08-14 13:30:00",35273.89,35335.45,34263.19,34500.67,0
1692624600,"2023-08-21 13:30:00",34531.28,34694.68,34029.22,34346.91,0
1693229400,"2023-08-28 13:30:00",34441.64,35070.21,34441.64,34837.72,0
1693920600,"2023-09-05 13:30:00",34843.22,34871.26,34291.56,34576.6,0
1694439000,"2023-09-11 13:30:00",34650.01,34977.97,34509.95,34618.25,0
1695043800,"2023-09-18 13:30:00",34612.29,34776.28,33947.24,33963.85,0
1695648600,"2023-09-25 13:30:00",33907.59,34017.53,33306.3,33507.51,0
1696253400,"2023-10-02 13:30:00",33455.5,33557.69,32846.94,33407.59,0
1696858200,"2023-10-09 13:30:00",33259.84,33957.72,33253.69,33670.3,0
1697463000,"2023-10-16 13:30:00",33832.42,34147.63,33118.12,33127.29,0
1698067800,"2023-10-23 13:30:00",32993.02,33272.19,32327.2,32417.6,0
1698672600,"2023-10-30 13:30:00",32537.54,34163.63,32537.54,34061.33,0
1699281000,"2023-11-06 14:30:00",34092.61,34310.36,33859.77,34283.11,0
1699885800,"2023-11-13 14:30:00",34259.25,35051.1,34205.81,34947.29,0
1700490600,"2023-11-20 14:30:00",34932.49,35399.44,34907.98,35390.16,0
1701095400,"2023-11-27 14:30:00",35376.44,36264.85,35280.57,36245.51,0
1701700200,"2023-12-04 14:30:00",36089.38,36296.2,36010.85,36247.88,0
1702305000,"2023-12-11 14:30:00",36254.33,37347.6,36231.19,37305.17,0
1702909800,"2023-12-18 14:30:00",37330.14,37641.3,37073.04,37385.98,0
1703601000,"2023-12-26 14:30:00",37405.9,37778.85,37371.83,37689.55,0
1704205800,"2024-01-02 14:30:00",37566.22,37790.08,37323.82,37466.12,0
1704724200,"2024-01-08 14:30:00",37327.37,37825.27,37249.24,37592.99,0
1705415400,"2024-01-16 14:30:00",37493.54,37933.73,37122.95,37863.81,0
1705933800,"2024-01-22 14:30:00",37919.55,38215.31,37795.71,38109.44,0
1706538600,"2024-01-29 14:30:00",38115.83,38783.62,38061.17,38654.43,0
1707143400,"2024-02-05 14:30:00",38546.77,38755.68,38220.4,38671.7,0
1707748200,"2024-02-12 14:30:00",38656.76,38927.08,38039.86,38628,0
1708439400,"2024-02-20 14:30:00",38576.26,39282.28,38338.58,39131.54,0
1708957800,"2024-02-26 14:30:00",39144.79,39245.89,38741.68,39087.39,0
1709562600,"2024-03-04 14:30:00",38968.77,39087.86,38457.83,38722.7,0
1710163800,"2024-03-11 13:30:00",38667.21,39201.94,38483.25,38714.78,0
1710768600,"2024-03-18 13:30:00",38826.93,39889.05,38760.79,39475.91,0
1711373400,"2024-03-25 13:30:00",39410.54,39868.59,39277.19,39807.38,0
1711978200,"2024-04-01 13:30:00",39807.93,39815,38559.42,38904.05,0
1712583000,"2024-04-08 13:30:00",38916.42,39013.2,37877.3,37983.25,0
1713187800,"2024-04-15 13:30:00",38075.38,38386.81,37611.56,37986.41,0
1713792600,"2024-04-22 13:30:00",38116.89,38561.5,37754.38,38239.67,0
1714397400,"2024-04-29 13:30:00",38282.16,38808.52,37780.54,38675.69,0
1715002200,"2024-05-06 13:30:00",38762.43,39579.88,38689.38,39512.85,0
1715607000,"2024-05-13 13:30:00",39591.28,40051.05,39371.92,40003.6,0
1716211800,"2024-05-20 13:30:00",39989.76,40077.4,39020.29,39069.6,0
1716903000,"2024-05-28 13:30:00",39028.99,39028.99,38000.96,38686.33,0
1717421400,"2024-06-03 13:30:00",38709.99,39105.23,38247.22,38799,0
1718026200,"2024-06-10 13:30:00",38784.9,39120.26,38305.85,38589.17,0
1718631000,"2024-06-17 13:30:00",38565.18,39257.18,38431.95,39150.34,0
1719235800,"2024-06-24 13:30:00",39184.49,39571.23,38908.99,39118.87,0
1719840600,"2024-07-01 13:30:00",39186.2,39438.36,39037.94,39375.88,0
1720445400,"2024-07-08 13:30:00",39428.91,40257.24,39146.6,40000.91,0
1721050200,"2024-07-15 13:30:00",40138.4,41376,40136.1,40287.54,0
1721655000,"2024-07-22 13:30:00",40414.49,40753.83,39807.45,40589.35,0
1722259800,"2024-07-29 13:30:00",40665.71,41198.63,39358.68,39737.27,0
1722864600,"2024-08-05 13:30:00",39056.19,39628.66,38499.27,39497.55,0
1723469400,"2024-08-12 13:30:00",39556.01,40726.03,39251.72,40659.77,0
1724074200,"2024-08-19 13:30:00",40670.83,41207.92,40584.47,41175.09,0
1724679000,"2024-08-26 13:30:00",41200.84,41585.21,40842.29,41563.09,0
1725370200,"2024-09-03 13:30:00",41489.67,41489.67,40297.33,40345.42,0
1725888600,"2024-09-09 13:30:00",40555.11,41533.84,39993.07,41393.78,0
1726493400,"2024-09-16 13:30:00",41435.17,42160.91,41435.17,42063.36,0
1727098200,"2024-09-23 13:30:00",42060.4,42628.32,41859.73,42313,0
1727703000,"2024-09-30 13:30:00",42289.75,42361.38,41847.81,42352.75,0
1728307800,"2024-10-07 13:30:00",42289.51,42899.75,41831.74,42863.86,0
1728912600,"2024-10-14 13:30:00",42800.89,43325.09,42692.37,43275.91,0
1729517400,"2024-10-21 13:30:00",43222.21,43310.87,42051.39,42114.4,0
1730122200,"2024-10-28 13:30:00",42264.54,42491.86,41704.63,42052.19,0
1730730600,"2024-11-04 14:30:00",42004.66,44157.29,41647.3,43988.99,0
1731335400,"2024-11-11 14:30:00",44057.65,44486.7,43350.43,43444.99,0
1731940200,"2024-11-18 14:30:00",43431.89,44323.95,42938.87,44296.51,0
1732545000,"2024-11-25 14:30:00",44385.49,45071.29,44385.49,44910.65,0
1733149800,"2024-12-02 14:30:00",44925.86,45073.63,44574.78,44642.52,0
1733754600,"2024-12-09 14:30:00",44637.97,44728.51,43790.48,43828.06,0
1734359400,"2024-12-16 14:30:00",43825.76,43951.58,42146.33,42840.26,0
1734964200,"2024-12-23 14:30:00",42800.49,43373.98,42516.87,42992.21,0
1735569000,"2024-12-30 14:30:00",42863.86,42905.09,42174.8,42732.13,0
1736173800,"2025-01-06 14:30:00",42835.52,43115.31,41877.3,41938.45,0
1736778600,"2025-01-13 14:30:00",41924.68,43653.25,41844.89,43487.83,0
1737469800,"2025-01-21 14:30:00",43528.65,44565.26,43528.65,44424.25,0
1737988200,"2025-01-27 14:30:00",44148.84,45054.36,44026.27,44544.66,0
1738593000,"2025-02-03 14:30:00",44268.15,44966.63,43879.06,44303.4,0
1739197800,"2025-02-10 14:30:00",44396.92,44769.05,44104.48,44546.08,0
1739889000,"2025-02-18 14:30:00",44583.91,44636.19,43349.33,43428.02,0
1740407400,"2025-02-24 14:30:00",43493.12,43884.19,43100.87,43840.91,0
1741012200,"2025-03-03 14:30:00",43900.49,44033.78,42175.62,42801.72,0
1741613400,"2025-03-10 13:30:00",42507.65,42541.36,40661.77,41488.19,0
1742218200,"2025-03-17 13:30:00",41460.22,42250.29,41412.75,41985.35,0
1742823000,"2025-03-24 13:30:00",42180.14,42821.83,41530,41583.9,0
1743427800,"2025-03-31 13:30:00",41382.52,42382.27,38264.87,38314.86,0
1744032600,"2025-04-07 13:30:00",37879.65,40778.7,36611.78,40212.71,0
1744637400,"2025-04-14 13:30:00",40546.15,40791.18,38950.31,39142.23,0
1745242200,"2025-04-21 13:30:00",38906.04,40376.11,37830.66,40113.5,0
1745847000,"2025-04-28 13:30:00",40171.74,41386.19,39745.63,41317.43,0
1746451800,"2025-05-05 13:30:00",41173.38,41773.22,40759.41,41249.38,0
1747056600,"2025-05-12 13:30:00",41899.05,42663.68,41777.98,42654.74,0
1747661400,"2025-05-19 13:30:00",42542.81,42842.04,41354.09,41603.07,0
1748352600,"2025-05-27 13:30:00",41849.04,42448.72,41828.35,42270.07,0
1748871000,"2025-06-02 13:30:00",42199.94,42924.56,41853.62,42762.87,0
1749475800,"2025-06-09 13:30:00",42786.19,43115.69,42081.09,42197.79,0
1750080600,"2025-06-16 13:30:00",42300.13,42707.73,42089.99,42206.82,0
1750685400,"2025-06-23 13:30:00",42178.55,43966.37,41981.14,43819.27,0
1751290200,"2025-06-30 13:30:00",44020.66,44885.83,43889.16,44828.53,0
1751895000,"2025-07-07 13:30:00",44803.36,44803.36,44160.32,44371.51,0
1752499800,"2025-07-14 13:30:00",44346.15,44571.68,43758.98,44342.19,0
1753104600,"2025-07-21 13:30:00",44368.4,45016.71,44272.6,44901.92,0
1753709400,"2025-07-28 13:30:00",44946.98,44946.98,43340.68,43588.58,0
1754314200,"2025-08-04 13:30:00",43724.02,44498.43,43724.02,44175.61,0
1754919000,"2025-08-11 13:30:00",44184.36,45203.52,43911.31,44946.12,0
1755523800,"2025-08-18 13:30:00",44963.17,45757.84,44579.03,45631.74,0
1756128600,"2025-08-25 13:30:00",45605.25,45682.83,45192.29,45544.88,0
1756819800,"2025-09-02 13:30:00",45287.73,45770.2,44948.16,45400.86,0
1757338200,"2025-09-08 13:30:00",45430.61,46137.2,45277.73,45834.22,0
1757943000,"2025-09-15 13:30:00",45848.39,46396.47,45667.42,46315.27,0
1758547800,"2025-09-22 13:30:00",46206.69,46714.27,45785.17,46247.29,0
1759152600,"2025-09-29 13:30:00",46306.34,47049.64,46103.39,46758.28,0
1759757400,"2025-10-06 13:30:00",46776.04,46868.49,45470.72,45479.6,0
1760362200,"2025-10-13 13:30:00",45698.46,46693.34,45452.03,46190.61,0
1760967000,"2025-10-20 13:30:00",46312.88,47326.73,46312.88,47207.12,0
1761571800,"2025-10-27 13:30:00",47412.8,48040.64,47347.28,47562.87,0
1762180200,"2025-11-03 14:30:00",47697.33,47697.33,46495.62,46987.1,0
1762785000,"2025-11-10 14:30:00",47095.06,48431.57,46863.05,47147.48,0
1763389800,"2025-11-17 14:30:00",47068.06,47202.56,45728.93,46245.41,0
1763994600,"2025-11-24 14:30:00",46351.93,47750.77,46108.01,47716.42,0
1764599400,"2025-12-01 14:30:00",47580.85,48133.54,47263.92,47954.99,0
1765204200,"2025-12-08 14:30:00",47971.51,48886.86,47462.94,48458.05,0
1765809000,"2025-12-15 14:30:00",48594.36,48679.14,47849.48,48134.89,0
1766413800,"2025-12-22 14:30:00",48211.88,48782,48199.13,48710.97,0
1767018600,"2025-12-29 14:30:00",48636.63,48704.83,47853.04,48382.39,0
1767623400,"2026-01-05 14:30:00",48475.81,49621.43,48449.62,49504.07,0
1768228200,"2026-01-12 14:30:00",49499.67,49633.35,48851.98,49359.33,0
1768919400,"2026-01-20 14:30:00",49005.01,49607.29,48428.13,49098.71,0
1769437800,"2026-01-26 14:30:00",49137.65,49488.81,48459.88,48892.47,0
1770042600,"2026-02-02 14:30:00",48777.77,50169.65,48673.58,50115.67,0
1770647400,"2026-02-09 14:30:00",50047.79,50512.79,49084.35,49500.93,0
1771338600,"2026-02-17 14:30:00",49525.37,49897.31,49158.28,49625.97,0
1771857000,"2026-02-23 14:30:00",49536.54,49815.22,48678.78,48977.92,0
1772461800,"2026-03-02 14:30:00",48794.42,49064.67,47009.01,47501.55,0
1773063000,"2026-03-09 13:30:00",47371.28,48220.54,46494.63,46558.47,0
1773667800,"2026-03-16 13:30:00",46707.4,47428.12,45369.39,45577.47,0
1774272600,"2026-03-23 13:30:00",45803.82,46718.42,45063.33,45166.64,0
1774877400,"2026-03-30 13:30:00",45283.06,46803.36,45057.28,46504.67,0
1775482200,"2026-04-06 13:30:00",46472.2,48323.95,46214.77,47916.57,0
1776087000,"2026-04-13 13:30:00",47718.21,49717.98,47505.97,49447.43,0
1776691800,"2026-04-20 13:30:00",49422.37,49848.69,48861.31,49230.71,0
1777296600,"2026-04-27 13:30:00",49112.2,49988.56,48708.57,49499.27,0
1777901400,"2026-05-04 13:30:00",49416.66,50135.013,48913.06,49613.9709,0
1778506200,"2026-05-11 13:30:00",49553.9549,50206.0201,49312.9308,49530.9426,0
1779111000,"2026-05-18 13:30:00",49485.9481,50835.083,49240.9236,50585.068,0
1779802200,"2026-05-26 13:30:00",50691.0686,50835.083,50319.0314,50674.0569,0
