timestamp,datetime,open,high,low,close,volume
1704067200,"2024-01-01 00:00:00",2281.87,2306.6,2271,2273.81,35739.3336
1704081600,"2024-01-01 04:00:00",2273.8,2287.88,2265.24,2284.67,28107.5133
1704096000,"2024-01-01 08:00:00",2284.68,2305.05,2280,2304.47,27894.1092
1704110400,"2024-01-01 12:00:00",2304.47,2318.34,2294.84,2314.7,32165.8522
1704124800,"2024-01-01 16:00:00",2314.69,2340.98,2306.48,2337.26,46802.2526
1704139200,"2024-01-01 20:00:00",2337.27,2352.37,2323.66,2352.04,45993.6305
1704153600,"2024-01-02 00:00:00",2352.05,2397.56,2346.95,2386.43,99666.5004
1704168000,"2024-01-02 04:00:00",2386.42,2392.4,2373.69,2385.84,50541.6586
1704182400,"2024-01-02 08:00:00",2385.84,2431.3,2380.09,2391.24,106170.146
1704196800,"2024-01-02 12:00:00",2391.24,2404.68,2352.04,2357.48,88164.7305
1704211200,"2024-01-02 16:00:00",2357.48,2372.75,2350.19,2369.19,56961.7444
1704225600,"2024-01-02 20:00:00",2369.19,2380,2341,2355.34,56536.8843
1704240000,"2024-01-03 00:00:00",2355.35,2384.66,2347.4,2368.51,46709.8425
1704254400,"2024-01-03 04:00:00",2368.51,2380.9,2356.99,2361.64,46554.4864
1704268800,"2024-01-03 08:00:00",2361.65,2385.45,2294.01,2307.68,108706.848
1704283200,"2024-01-03 12:00:00",2307.99,2308.6,2100,2240.4,369717.4363
1704297600,"2024-01-03 16:00:00",2240.39,2245.33,2188,2206.53,152307.7741
1704312000,"2024-01-03 20:00:00",2206.54,2227.87,2196.23,2209.72,74733.0996
1704326400,"2024-01-04 00:00:00",2209.72,2239.79,2201.91,2231.08,59330.807
1704340800,"2024-01-04 04:00:00",2231.07,2244.93,2220,2221.85,69021.4307
1704355200,"2024-01-04 08:00:00",2221.85,2230.71,2205,2228.14,61027.0652
1704369600,"2024-01-04 12:00:00",2228.13,2285.99,2222.7,2276.87,113391.0443
1704384000,"2024-01-04 16:00:00",2276.88,2294.08,2259.1,2274.27,91424.2633
1704398400,"2024-01-04 20:00:00",2274.27,2294.69,2261.57,2267.11,54649.4445
1704412800,"2024-01-05 00:00:00",2267.11,2274.76,2212,2242.28,76882.3448
1704427200,"2024-01-05 04:00:00",2242.29,2265.72,2234.3,2252.75,58488.1076
1704441600,"2024-01-05 08:00:00",2252.75,2269,2233.23,2241.97,69688.8831
1704456000,"2024-01-05 12:00:00",2241.97,2253.64,2218,2224.99,87112.2909
1704470400,"2024-01-05 16:00:00",2225,2240.67,2206.17,2234.26,56104.9998
1704484800,"2024-01-05 20:00:00",2234.26,2277.21,2234.18,2268.78,57291.3744
1704499200,"2024-01-06 00:00:00",2268.78,2270,2250.4,2252.99,29406.1886
1704513600,"2024-01-06 04:00:00",2253,2255.66,2216.4,2233.12,50658.6262
1704528000,"2024-01-06 08:00:00",2233.13,2240,2228.58,2238.67,27814.5757
1704542400,"2024-01-06 12:00:00",2238.67,2248.32,2228.37,2246.4,41078.7707
1704556800,"2024-01-06 16:00:00",2246.41,2254.77,2237.5,2244.63,22234.5726
1704571200,"2024-01-06 20:00:00",2244.64,2247.5,2230.62,2240.78,22875.1318
1704585600,"2024-01-07 00:00:00",2240.77,2254.03,2235.58,2242.2,27632.6356
1704600000,"2024-01-07 04:00:00",2242.19,2251.44,2241,2249.15,21360.1339
1704614400,"2024-01-07 08:00:00",2249.15,2253,2230.26,2237.04,29108.3733
1704628800,"2024-01-07 12:00:00",2237.05,2258.01,2222.46,2230.83,49500.438
1704643200,"2024-01-07 16:00:00",2230.83,2249.98,2221,2248.6,30625.9852
1704657600,"2024-01-07 20:00:00",2248.6,2251.27,2203.46,2221.42,48911.1267
1704672000,"2024-01-08 00:00:00",2221.42,2224.41,2166.38,2190.87,90216.8028
1704686400,"2024-01-08 04:00:00",2190.88,2230,2188,2224.08,62506.4396
1704700800,"2024-01-08 08:00:00",2224.07,2242,2204.47,2240.61,56230.0287
1704715200,"2024-01-08 12:00:00",2240.61,2283.02,2239.81,2269.59,113126.5618
1704729600,"2024-01-08 16:00:00",2269.59,2358.2,2259.39,2354.56,159339.9284
1704744000,"2024-01-08 20:00:00",2354.57,2357.79,2325.36,2330.44,57987.7934
1704758400,"2024-01-09 00:00:00",2330.43,2336.7,2289.98,2309.13,71375.7143
1704772800,"2024-01-09 04:00:00",2309.12,2319.01,2297.26,2306.05,34995.7766
1704787200,"2024-01-09 08:00:00",2306.05,2311.3,2285.4,2298.76,45679.4185
1704801600,"2024-01-09 12:00:00",2298.77,2304.21,2226.78,2257.18,111002.1449
1704816000,"2024-01-09 16:00:00",2257.18,2278.03,2243.41,2270.91,54245.3963
1704830400,"2024-01-09 20:00:00",2270.91,2371.72,2247.72,2344.29,234156.5425
1704844800,"2024-01-10 00:00:00",2344.3,2400.53,2339.59,2361.51,131181.1198
1704859200,"2024-01-10 04:00:00",2361.5,2393.22,2358,2368.75,74187.4767
1704873600,"2024-01-10 08:00:00",2368.75,2431,2362.64,2402.21,135704.7135
1704888000,"2024-01-10 12:00:00",2402.21,2456,2342,2449.3,208501.6899
1704902400,"2024-01-10 16:00:00",2449.3,2481.59,2400.71,2477.9,151178.7396
1704916800,"2024-01-10 20:00:00",2477.9,2643.1,2411,2584.38,337634.9265
1704931200,"2024-01-11 00:00:00",2584.37,2614.76,2566.01,2613.01,123879.4331
1704945600,"2024-01-11 04:00:00",2613,2630,2573.01,2589.15,125604.3082
1704960000,"2024-01-11 08:00:00",2589.15,2665.74,2586.66,2657.9,107315.6155
1704974400,"2024-01-11 12:00:00",2657.89,2689.39,2593.6,2613.19,266549.6639
1704988800,"2024-01-11 16:00:00",2613.19,2625.13,2570,2622.07,142383.1743
1705003200,"2024-01-11 20:00:00",2622.07,2632.28,2587.48,2618.01,72980.0627
1705017600,"2024-01-12 00:00:00",2618.01,2624.29,2580,2589.81,59022.5645
1705032000,"2024-01-12 04:00:00",2589.81,2626.43,2585.62,2595.73,77766.0906
1705046400,"2024-01-12 08:00:00",2595.72,2667.99,2584.11,2647.59,117234.1929
1705060800,"2024-01-12 12:00:00",2647.58,2717.32,2634,2647.02,240727.7862
1705075200,"2024-01-12 16:00:00",2647.02,2688.83,2560.71,2584.43,205091.027
1705089600,"2024-01-12 20:00:00",2584.44,2598.2,2458,2522.54,187616.1015
1705104000,"2024-01-13 00:00:00",2522.55,2557.15,2497.5,2548.53,110026.1804
1705118400,"2024-01-13 04:00:00",2548.53,2561.68,2539.2,2550.99,48963.4871
1705132800,"2024-01-13 08:00:00",2550.99,2560.55,2521.18,2542.5,69772.9872
1705147200,"2024-01-13 12:00:00",2542.5,2566.19,2531.15,2563.83,68807.0084
1705161600,"2024-01-13 16:00:00",2563.83,2580,2550,2571.91,85176.9231
1705176000,"2024-01-13 20:00:00",2571.91,2590,2562.8,2578.19,39314.6458
1705190400,"2024-01-14 00:00:00",2578.18,2578.69,2549.72,2550.99,47916.0221
1705204800,"2024-01-14 04:00:00",2551,2555.88,2541.8,2550.83,50188.6072
1705219200,"2024-01-14 08:00:00",2550.84,2553.8,2534.58,2538,34210.4543
1705233600,"2024-01-14 12:00:00",2538.01,2546.58,2524.39,2537.68,40228.5753
1705248000,"2024-01-14 16:00:00",2537.68,2543.97,2500,2501,51466.1801
1705262400,"2024-01-14 20:00:00",2500.99,2531.93,2470,2472.87,82197.9073
1705276800,"2024-01-15 00:00:00",2472.87,2513.91,2470.92,2503.32,94132.6456
1705291200,"2024-01-15 04:00:00",2503.32,2521,2502.97,2513.29,31632.2618
1705305600,"2024-01-15 08:00:00",2513.29,2542.86,2506.88,2539.35,37060.7093
1705320000,"2024-01-15 12:00:00",2539.36,2549.02,2505.8,2514.49,71124.084
1705334400,"2024-01-15 16:00:00",2514.49,2553.82,2514.05,2534.7,49430.7011
1705348800,"2024-01-15 20:00:00",2534.69,2539.38,2500.33,2511.78,31867.4801
1705363200,"2024-01-16 00:00:00",2511.79,2538.23,2505,2537.6,38349.9318
1705377600,"2024-01-16 04:00:00",2537.6,2542.14,2522.3,2528.26,35810.3588
1705392000,"2024-01-16 08:00:00",2528.25,2549.38,2521.98,2530.77,53355.1576
1705406400,"2024-01-16 12:00:00",2530.78,2570.79,2500.05,2559.44,109503.6633
1705420800,"2024-01-16 16:00:00",2559.44,2579.62,2548.63,2574.06,70677.2296
1705435200,"2024-01-16 20:00:00",2574.06,2614.43,2571.79,2587.4,73381.2836
1705449600,"2024-01-17 00:00:00",2587.41,2592.97,2571.17,2571.43,48038.2175
1705464000,"2024-01-17 04:00:00",2571.43,2575.57,2551.81,2552.52,45563.8461
1705478400,"2024-01-17 08:00:00",2552.53,2554.06,2534.4,2542.85,54881.3893
1705492800,"2024-01-17 12:00:00",2542.86,2574.75,2532.67,2539.46,108148.7638
1705507200,"2024-01-17 16:00:00",2539.47,2544.75,2517.22,2533.29,63038.6412
1705521600,"2024-01-17 20:00:00",2533.29,2544.81,2506.75,2530.19,46610.4898
1705536000,"2024-01-18 00:00:00",2530.2,2533.44,2510.03,2529.94,43878.1518
1705550400,"2024-01-18 04:00:00",2529.95,2540.69,2524.72,2538.99,55578.4053
1705564800,"2024-01-18 08:00:00",2538.99,2550,2514.04,2522.41,71641.1117
1705579200,"2024-01-18 12:00:00",2522.42,2535.27,2503.77,2525.64,58661.4467
1705593600,"2024-01-18 16:00:00",2525.65,2526.15,2430,2439.5,147653.6733
1705608000,"2024-01-18 20:00:00",2439.5,2472.86,2428.56,2470.81,74677.3186
1705622400,"2024-01-19 00:00:00",2470.81,2474.59,2443.13,2460.4,56987.9341
1705636800,"2024-01-19 04:00:00",2460.4,2474.82,2456.63,2465.51,39586.0535
1705651200,"2024-01-19 08:00:00",2465.5,2496.62,2460.44,2488.97,49510.6618
1705665600,"2024-01-19 12:00:00",2488.98,2499.87,2460.37,2462.98,75418.5116
1705680000,"2024-01-19 16:00:00",2462.98,2504,2415.2,2493.37,160809.6453
1705694400,"2024-01-19 20:00:00",2493.37,2504.2,2481,2492,41896.1966
1705708800,"2024-01-20 00:00:00",2491.99,2492,2475,2481.22,27693.8609
1705723200,"2024-01-20 04:00:00",2481.22,2486.27,2475.29,2478.47,17455.254
1705737600,"2024-01-20 08:00:00",2478.48,2480.07,2463.31,2470.59,26271.5669
1705752000,"2024-01-20 12:00:00",2470.58,2475.91,2458.33,2463.83,24490.7953
1705766400,"2024-01-20 16:00:00",2463.83,2467.81,2454.2,2461.52,20922.7838
1705780800,"2024-01-20 20:00:00",2461.52,2474.88,2460.2,2472.01,19786.6968
1705795200,"2024-01-21 00:00:00",2472.02,2481,2465,2475.42,19309.4476
1705809600,"2024-01-21 04:00:00",2475.43,2476.07,2466.64,2476.06,13416.8352
1705824000,"2024-01-21 08:00:00",2476.06,2482.18,2471.98,2473.65,19343.1192
1705838400,"2024-01-21 12:00:00",2473.65,2481.05,2464.08,2468.01,30747.8267
1705852800,"2024-01-21 16:00:00",2468.01,2478.49,2464.16,2474.26,18074.1371
1705867200,"2024-01-21 20:00:00",2474.27,2475.4,2452.13,2457.05,21680.8029
1705881600,"2024-01-22 00:00:00",2457.06,2466.1,2424,2437.56,51796.1991
1705896000,"2024-01-22 04:00:00",2437.56,2438.69,2402.5,2420.8,69828.4902
1705910400,"2024-01-22 08:00:00",2420.8,2420.8,2361.6,2381.34,112462.0915
1705924800,"2024-01-22 12:00:00",2381.34,2404.97,2353.61,2379.61,100569.7707
1705939200,"2024-01-22 16:00:00",2379.6,2385.08,2305.27,2321.87,110415.0315
1705953600,"2024-01-22 20:00:00",2321.88,2351.53,2303.59,2314.2,81266.0662
1705968000,"2024-01-23 00:00:00",2314.19,2342.95,2312.67,2339.16,50633.3738
1705982400,"2024-01-23 04:00:00",2339.16,2352.23,2316.12,2323.49,64102.031
1705996800,"2024-01-23 08:00:00",2323.49,2326.83,2203.11,2218.14,207719.5356
1706011200,"2024-01-23 12:00:00",2218.14,2232.98,2168.07,2219.39,186789.2874
1706025600,"2024-01-23 16:00:00",2219.39,2232.01,2181,2185.7,116348.04
1706040000,"2024-01-23 20:00:00",2185.69,2248.21,2183.04,2242.6,74513.0636
1706054400,"2024-01-24 00:00:00",2242.6,2255.66,2211.64,2213.45,74939.3684
1706068800,"2024-01-24 04:00:00",2213.46,2244.98,2213.15,2234.51,42061.0474
1706083200,"2024-01-24 08:00:00",2234.5,2264.6,2229,2244.16,55886.0094
1706097600,"2024-01-24 12:00:00",2244.16,2248.19,2218.3,2234.88,72666.9549
1706112000,"2024-01-24 16:00:00",2234.89,2244.52,2203.32,2213.13,62095.218
1706126400,"2024-01-24 20:00:00",2213.13,2239.8,2196.12,2235.02,52202.5515
1706140800,"2024-01-25 00:00:00",2235.02,2239.6,2206.32,2216.88,37868.1415
1706155200,"2024-01-25 04:00:00",2216.88,2227.71,2203.37,2227.64,29131.2277
1706169600,"2024-01-25 08:00:00",2227.64,2242.89,2216.75,2231.59,51727.1268
1706184000,"2024-01-25 12:00:00",2231.59,2234.2,2181.91,2188,77392.8943
1706198400,"2024-01-25 16:00:00",2188,2224.55,2171.3,2218.21,89742.5797
1706212800,"2024-01-25 20:00:00",2218.22,2231.65,2212.23,2218.64,44564.6361
1706227200,"2024-01-26 00:00:00",2218.64,2237.8,2211.12,2223.42,35294.6491
1706241600,"2024-01-26 04:00:00",2223.41,2229.6,2195.84,2197.47,46685.7379
1706256000,"2024-01-26 08:00:00",2197.46,2260.66,2195.99,2254.02,93994.3241
1706270400,"2024-01-26 12:00:00",2254.02,2265.19,2234.46,2257.9,71448.4567
1706284800,"2024-01-26 16:00:00",2257.89,2282.36,2251.07,2258.51,83899.1179
1706299200,"2024-01-26 20:00:00",2258.51,2272,2252.49,2267.68,32244.1398
1706313600,"2024-01-27 00:00:00",2267.67,2282.94,2265.23,2274.13,29021.002
1706328000,"2024-01-27 04:00:00",2274.13,2276.56,2253.41,2258.45,23564.103
1706342400,"2024-01-27 08:00:00",2258.45,2271.49,2251.4,2265.48,26251.635
1706356800,"2024-01-27 12:00:00",2265.48,2275.1,2262.13,2270.18,20075.0044
1706371200,"2024-01-27 16:00:00",2270.18,2277.49,2261.35,2272.69,20371.0644
1706385600,"2024-01-27 20:00:00",2272.7,2275.69,2261.47,2267.94,25826.5748
1706400000,"2024-01-28 00:00:00",2267.94,2289,2263,2287.17,33602.0418
1706414400,"2024-01-28 04:00:00",2287.17,2308.24,2281.81,2282.92,41971.8164
1706428800,"2024-01-28 08:00:00",2282.91,2301.41,2276.97,2281.08,38463.3915
1706443200,"2024-01-28 12:00:00",2281.08,2286.08,2261.91,2270.17,36587.2898
1706457600,"2024-01-28 16:00:00",2270.17,2276,2245.03,2253.89,31196.0233
1706472000,"2024-01-28 20:00:00",2253.88,2266.41,2239.89,2256.9,27506.3459
1706486400,"2024-01-29 00:00:00",2256.9,2278.19,2250.57,2272.11,32243.9103
1706500800,"2024-01-29 04:00:00",2272.11,2274.23,2258.28,2259.4,26255.5557
1706515200,"2024-01-29 08:00:00",2259.39,2277,2253.98,2264.17,35480.6721
1706529600,"2024-01-29 12:00:00",2264.17,2275.93,2233.8,2275.8,65353.6979
1706544000,"2024-01-29 16:00:00",2275.81,2315.45,2265.54,2293.46,104403.977
1706558400,"2024-01-29 20:00:00",2293.46,2322.34,2292.21,2317.6,41790.2646
1706572800,"2024-01-30 00:00:00",2317.61,2327.97,2304,2311.4,47782.9934
1706587200,"2024-01-30 04:00:00",2311.4,2314.69,2301,2309.29,33422.5483
1706601600,"2024-01-30 08:00:00",2309.3,2318.22,2302.82,2314.01,31528.5593
1706616000,"2024-01-30 12:00:00",2314,2347.55,2297,2340.91,105850.5005
1706630400,"2024-01-30 16:00:00",2340.91,2381,2335.73,2374.93,102121.7792
1706644800,"2024-01-30 20:00:00",2374.93,2391.98,2337.06,2343.01,52173.1984
1706659200,"2024-01-31 00:00:00",2343,2351.6,2327.27,2342.91,52908.7697
1706673600,"2024-01-31 04:00:00",2342.9,2344.55,2330,2340.84,33082.3567
1706688000,"2024-01-31 08:00:00",2340.84,2343.52,2280.77,2300.18,80945.5262
1706702400,"2024-01-31 12:00:00",2300.18,2333,2291.69,2329.42,75344.0954
1706716800,"2024-01-31 16:00:00",2329.42,2350.3,2309.51,2323.38,84379.6531
1706731200,"2024-01-31 20:00:00",2323.39,2324.67,2263.57,2283.14,70455.7848
1706745600,"2024-02-01 00:00:00",2283.15,2289.6,2240,2257.21,68099.1604
1706760000,"2024-02-01 04:00:00",2257.2,2277.78,2251.91,2271.96,48678.6864
1706774400,"2024-02-01 08:00:00",2271.95,2278.12,2265.2,2266.66,33862.5597
1706788800,"2024-02-01 12:00:00",2266.67,2308.45,2263.2,2288.88,71094.1048
1706803200,"2024-02-01 16:00:00",2288.89,2311.72,2267.54,2304.79,61350.694
1706817600,"2024-02-01 20:00:00",2304.79,2309.78,2287,2304.28,27912.2485
1706832000,"2024-02-02 00:00:00",2304.28,2320.48,2298.54,2301.66,33767.1517
1706846400,"2024-02-02 04:00:00",2301.66,2319.81,2296.87,2313.73,40604.8215
1706860800,"2024-02-02 08:00:00",2313.73,2319.37,2305.01,2318.36,30964.7091
1706875200,"2024-02-02 12:00:00",2318.36,2324.74,2281.94,2313.99,68104.1247
1706889600,"2024-02-02 16:00:00",2314,2323.88,2286.69,2301.41,46415.986
1706904000,"2024-02-02 20:00:00",2301.42,2310,2295.05,2309.06,18373.718
1706918400,"2024-02-03 00:00:00",2309.07,2329.98,2306.75,2321.45,33042.1771
1706932800,"2024-02-03 04:00:00",2321.45,2325.28,2313.46,2314.39,16058.75
1706947200,"2024-02-03 08:00:00",2314.38,2316.39,2300.24,2303.89,19307.6667
1706961600,"2024-02-03 12:00:00",2303.88,2309.65,2292.75,2303.64,23197.0303
1706976000,"2024-02-03 16:00:00",2303.65,2313.88,2297,2303.46,26479.7836
1706990400,"2024-02-03 20:00:00",2303.45,2305.69,2293.83,2296.49,15147.4373
1707004800,"2024-02-04 00:00:00",2296.5,2306.53,2291,2302.96,15488.8829
1707019200,"2024-02-04 04:00:00",2302.97,2303.61,2287,2290.78,22543.3432
1707033600,"2024-02-04 08:00:00",2290.79,2309.99,2286.71,2305.62,21035.5712
1707048000,"2024-02-04 12:00:00",2305.62,2309.66,2297.46,2301.68,23055.0468
1707062400,"2024-02-04 16:00:00",2301.67,2308.48,2266,2279.65,41928.864
1707076800,"2024-02-04 20:00:00",2279.64,2311,2273.73,2289.79,47180.3363
1707091200,"2024-02-05 00:00:00",2289.79,2297.77,2269.11,2296.27,30890.8697
1707105600,"2024-02-05 04:00:00",2296.28,2312.32,2289.45,2310.17,29353.0217
1707120000,"2024-02-05 08:00:00",2310.18,2332.9,2310.17,2329.62,47957.6175
1707134400,"2024-02-05 12:00:00",2329.63,2338.41,2294.21,2298.71,53343.5684
1707148800,"2024-02-05 16:00:00",2298.72,2312.56,2291,2304.48,40164.2658
1707163200,"2024-02-05 20:00:00",2304.49,2305.99,2283.63,2301.83,34901.0689
1707177600,"2024-02-06 00:00:00",2301.84,2329.78,2299,2316.85,36531.3539
1707192000,"2024-02-06 04:00:00",2316.85,2327.86,2308.19,2327.16,44988.0828
1707206400,"2024-02-06 08:00:00",2327.16,2344,2316.9,2325.49,73698.1125
1707220800,"2024-02-06 12:00:00",2325.49,2349,2311.9,2343.74,79240.6473
1707235200,"2024-02-06 16:00:00",2343.73,2379.95,2340.37,2379.12,75091.5387
1707249600,"2024-02-06 20:00:00",2379.13,2392.4,2371.91,2372.64,59393.0146
1707264000,"2024-02-07 00:00:00",2372.63,2390.66,2363,2364.75,41317.0464
1707278400,"2024-02-07 04:00:00",2364.75,2368.76,2357.06,2362.92,33767.0711
1707292800,"2024-02-07 08:00:00",2362.91,2377.42,2354,2361.66,39126.261
1707307200,"2024-02-07 12:00:00",2361.67,2385.45,2361,2369.66,59497.1401
1707321600,"2024-02-07 16:00:00",2369.66,2425.46,2368.85,2419.96,101426.198
1707336000,"2024-02-07 20:00:00",2419.97,2444.44,2419.96,2425.1,67657.9847
1707350400,"2024-02-08 00:00:00",2425.09,2444.39,2423.94,2433.48,53661.7238
1707364800,"2024-02-08 04:00:00",2433.48,2435.32,2411.01,2421.21,37536.9421
1707379200,"2024-02-08 08:00:00",2421.2,2429.58,2416.06,2425.3,36635.157
1707393600,"2024-02-08 12:00:00",2425.29,2463.15,2416.63,2453.88,95794.0957
1707408000,"2024-02-08 16:00:00",2453.88,2455.69,2413.44,2421.53,78026.8601
1707422400,"2024-02-08 20:00:00",2421.54,2434.23,2418.49,2419.55,36385.2752
1707436800,"2024-02-09 00:00:00",2419.56,2466,2419.16,2448.67,61649.8305
1707451200,"2024-02-09 04:00:00",2448.67,2463.99,2440.19,2453.61,51527.0778
1707465600,"2024-02-09 08:00:00",2453.6,2507.4,2453.37,2503.2,93081.9973
1707480000,"2024-02-09 12:00:00",2503.19,2525,2476.57,2495.33,146517.4401
1707494400,"2024-02-09 16:00:00",2495.33,2523.66,2478.07,2485.96,96732.6886
1707508800,"2024-02-09 20:00:00",2485.96,2506.64,2483.89,2486.56,42875.3507
1707523200,"2024-02-10 00:00:00",2486.56,2514.8,2483.09,2512.21,29699.4745
1707537600,"2024-02-10 04:00:00",2512.21,2516,2494.49,2495.21,22753.0451
1707552000,"2024-02-10 08:00:00",2495.21,2498.74,2471.57,2483.1,39453.8054
1707566400,"2024-02-10 12:00:00",2483.11,2496.97,2480.76,2490.45,28535.3108
1707580800,"2024-02-10 16:00:00",2490.45,2497.51,2483.4,2497.51,21758.4841
1707595200,"2024-02-10 20:00:00",2497.51,2516.45,2492.21,2500.24,42899.4701
1707609600,"2024-02-11 00:00:00",2500.24,2529.02,2493.8,2529.02,45682.9934
1707624000,"2024-02-11 04:00:00",2529.02,2537.58,2514.76,2527.52,41606.5955
1707638400,"2024-02-11 08:00:00",2527.53,2539.63,2511.79,2531.28,35472.7823
1707652800,"2024-02-11 12:00:00",2531.29,2532.31,2505,2508.94,36711.6375
1707667200,"2024-02-11 16:00:00",2508.94,2520.58,2496.8,2507.73,33492.446
1707681600,"2024-02-11 20:00:00",2507.74,2514.31,2493.45,2507.21,27008.6924
1707696000,"2024-02-12 00:00:00",2507.22,2525,2493.01,2500.12,42358.2185
1707710400,"2024-02-12 04:00:00",2500.13,2504.34,2481.05,2501.71,28980.3075
1707724800,"2024-02-12 08:00:00",2501.7,2505.5,2472,2488.16,37628.5861
1707739200,"2024-02-12 12:00:00",2488.16,2563.17,2481.08,2557.87,103323.9498
1707753600,"2024-02-12 16:00:00",2557.87,2638.91,2536.63,2610.25,159218.3706
1707768000,"2024-02-12 20:00:00",2610.25,2665.58,2610.24,2659.99,77992.3435
1707782400,"2024-02-13 00:00:00",2659.99,2686,2635.96,2640.47,78634.0703
1707796800,"2024-02-13 04:00:00",2640.46,2654.38,2638,2648.64,45975.4913
1707811200,"2024-02-13 08:00:00",2648.64,2686.06,2647.07,2681.75,72813.2591
1707825600,"2024-02-13 12:00:00",2681.75,2686.12,2590,2630.99,176828.6022
1707840000,"2024-02-13 16:00:00",2631,2640.29,2592.37,2611.42,82295.8043
1707854400,"2024-02-13 20:00:00",2611.42,2648.6,2610.8,2639.99,45900.5178
1707868800,"2024-02-14 00:00:00",2639.99,2644,2618.4,2636.88,35113.1108
1707883200,"2024-02-14 04:00:00",2636.89,2654.53,2620.76,2653.05,32031.9024
1707897600,"2024-02-14 08:00:00",2653.04,2760,2647.58,2755.87,170408.392
1707912000,"2024-02-14 12:00:00",2755.86,2772.28,2730.32,2749.4,108875.4562
1707926400,"2024-02-14 16:00:00",2749.4,2766.5,2726.54,2761.8,71444.7686
1707940800,"2024-02-14 20:00:00",2761.8,2786,2754.89,2774.81,43797.0644
1707955200,"2024-02-15 00:00:00",2774.8,2825.75,2771.61,2801.39,96484.3047
1707969600,"2024-02-15 04:00:00",2801.39,2802.33,2759.25,2772.33,53929.1635
1707984000,"2024-02-15 08:00:00",2772.32,2801.97,2768.34,2793.21,47946.4747
1707998400,"2024-02-15 12:00:00",2793.22,2867.65,2775.91,2826.27,154814.1094
1708012800,"2024-02-15 16:00:00",2826.27,2841.44,2802.49,2834.13,72752.9189
1708027200,"2024-02-15 20:00:00",2834.13,2845.59,2786.2,2822.59,55762.2162
1708041600,"2024-02-16 00:00:00",2822.58,2857.4,2820.35,2846.18,54911.1123
1708056000,"2024-02-16 04:00:00",2846.18,2852.4,2811.75,2815.05,47742.241
1708070400,"2024-02-16 08:00:00",2815.05,2835.4,2794.31,2823.59,61565.7137
1708084800,"2024-02-16 12:00:00",2823.6,2847.22,2740,2776.01,123265.8598
1708099200,"2024-02-16 16:00:00",2776.01,2807.39,2756.75,2762.91,63579.0384
1708113600,"2024-02-16 20:00:00",2762.92,2810,2758.45,2801.8,27006.8385
1708128000,"2024-02-17 00:00:00",2801.81,2804.21,2777.64,2793.4,25515.1071
1708142400,"2024-02-17 04:00:00",2793.39,2798.51,2778.99,2795.57,27088.0962
1708156800,"2024-02-17 08:00:00",2795.56,2795.57,2765.22,2780.57,40578.7452
1708171200,"2024-02-17 12:00:00",2780.58,2786.96,2719.01,2754.33,82979.8313
1708185600,"2024-02-17 16:00:00",2754.33,2776.74,2742.73,2774.31,36486.165
1708200000,"2024-02-17 20:00:00",2774.32,2801.16,2771.49,2785.93,30654.9311
1708214400,"2024-02-18 00:00:00",2785.92,2797.4,2764.25,2781.68,52629.066
1708228800,"2024-02-18 04:00:00",2781.69,2806.99,2778.9,2801,54935.9695
1708243200,"2024-02-18 08:00:00",2801,2822.93,2796.66,2803.4,48407.202
1708257600,"2024-02-18 12:00:00",2803.4,2813.2,2785.89,2807.49,50249.4761
1708272000,"2024-02-18 16:00:00",2807.49,2844.5,2794.33,2827.86,56713.9124
1708286400,"2024-02-18 20:00:00",2827.86,2895,2817.09,2881.2,105052.2573
1708300800,"2024-02-19 00:00:00",2881.2,2893,2856.93,2886.78,54302.8822
1708315200,"2024-02-19 04:00:00",2886.79,2931,2880.84,2926.38,83869.8806
1708329600,"2024-02-19 08:00:00",2926.38,2928.36,2892.25,2913.2,60928.007
1708344000,"2024-02-19 12:00:00",2913.2,2919.79,2886.03,2908.93,60519.2607
1708358400,"2024-02-19 16:00:00",2908.93,2953.84,2887.29,2934.03,107377.9313
1708372800,"2024-02-19 20:00:00",2934.04,2984.52,2927,2944.8,79453.0783
1708387200,"2024-02-20 00:00:00",2944.8,2955.56,2903.31,2907,71050.264
1708401600,"2024-02-20 04:00:00",2907,2935.38,2902.38,2921.78,43204.184
1708416000,"2024-02-20 08:00:00",2921.78,2941,2874.56,2935.31,91806.162
1708430400,"2024-02-20 12:00:00",2935.3,3004.6,2900,2925.09,231505.7114
1708444800,"2024-02-20 16:00:00",2925.08,2987,2885.47,2985.98,109550.4288
1708459200,"2024-02-20 20:00:00",2985.98,3033.09,2966.23,3014.81,87564.9969
1708473600,"2024-02-21 00:00:00",3014.81,3017.15,2988.6,3005.14,60621.901
1708488000,"2024-02-21 04:00:00",3005.15,3010,2921.9,2940.54,93330.3468
1708502400,"2024-02-21 08:00:00",2940.54,2956.84,2887.23,2899.1,119570.0275
1708516800,"2024-02-21 12:00:00",2899.11,2928.31,2868,2914.81,149314.7272
1708531200,"2024-02-21 16:00:00",2914.81,2938,2886,2913,92144.8947
1708545600,"2024-02-21 20:00:00",2912.99,2980,2897.46,2967.9,80973.1061
1708560000,"2024-02-22 00:00:00",2967.91,2968.59,2906.51,2935.51,66660.5836
1708574400,"2024-02-22 04:00:00",2935.52,2998,2920.98,2993.79,107720.5121
1708588800,"2024-02-22 08:00:00",2993.79,3032.86,2971,2990.8,121730.7802
1708603200,"2024-02-22 12:00:00",2990.8,3005,2929.39,2986.95,117091.3468
1708617600,"2024-02-22 16:00:00",2986.95,3002.8,2960.93,2987.96,63631.0122
1708632000,"2024-02-22 20:00:00",2987.96,3036.02,2969.35,2971.4,86691.7587
1708646400,"2024-02-23 00:00:00",2971.4,2993.8,2932.81,2955.95,69733.6425
1708660800,"2024-02-23 04:00:00",2955.95,2967.89,2923.26,2933.62,64531.3777
1708675200,"2024-02-23 08:00:00",2933.61,2948.65,2913.3,2943.63,67902.8897
1708689600,"2024-02-23 12:00:00",2943.63,2962.77,2913.26,2916.07,102400.6433
1708704000,"2024-02-23 16:00:00",2916.06,2951.7,2906.05,2945.99,73339.4494
1708718400,"2024-02-23 20:00:00",2946,2953.98,2906.87,2922.24,50918.5761
1708732800,"2024-02-24 00:00:00",2922.25,2937.31,2906.4,2930.19,33518.2444
1708747200,"2024-02-24 04:00:00",2930.2,2965.55,2929.5,2964.07,66934.9875
1708761600,"2024-02-24 08:00:00",2964.07,2966.53,2948.21,2961.53,29162.5517
1708776000,"2024-02-24 12:00:00",2961.53,2968.9,2953.43,2955.47,27172.7014
1708790400,"2024-02-24 16:00:00",2955.47,3007.48,2955.47,2987.1,59623.5309
1708804800,"2024-02-24 20:00:00",2987.1,2995.9,2979.04,2992.62,27442.0624
1708819200,"2024-02-25 00:00:00",2992.62,3049,2983.61,3025.17,75215.5646
1708833600,"2024-02-25 04:00:00",3025.18,3048,3012.68,3029.99,61190.7683
1708848000,"2024-02-25 08:00:00",3030,3040.93,3010.49,3040.36,55328.0105
1708862400,"2024-02-25 12:00:00",3040.36,3074.03,3025.84,3043.62,76231.989
1708876800,"2024-02-25 16:00:00",3043.61,3088,3027.88,3081.6,61607.2026
1708891200,"2024-02-25 20:00:00",3081.6,3122,3081.42,3112.59,82732.6887
1708905600,"2024-02-26 00:00:00",3112.6,3135.65,3085.81,3107.8,65663.7413
1708920000,"2024-02-26 04:00:00",3107.81,3115.4,3086.1,3087.19,48676.8165
1708934400,"2024-02-26 08:00:00",3087.19,3102.84,3036.59,3057.42,119474.191
1708948800,"2024-02-26 12:00:00",3057.41,3145.95,3038,3145.6,110163.5896
1708963200,"2024-02-26 16:00:00",3145.59,3182.98,3120,3179.12,138015.9044
1708977600,"2024-02-26 20:00:00",3179.11,3196,3165.51,3175.94,64728.5319
1708992000,"2024-02-27 00:00:00",3175.95,3270,3160.02,3216.56,170143.5954
1709006400,"2024-02-27 04:00:00",3216.55,3239.01,3202.37,3217.5,109812.2489
1709020800,"2024-02-27 08:00:00",3217.51,3269,3216.61,3254.89,81830.9854
1709035200,"2024-02-27 12:00:00",3254.9,3288.14,3219.9,3229.78,128765.4566
1709049600,"2024-02-27 16:00:00",3229.77,3260.38,3203.72,3250.72,87635.5391
1709064000,"2024-02-27 20:00:00",3250.72,3268.34,3233.82,3242.36,47751.2967
1709078400,"2024-02-28 00:00:00",3242.35,3258.39,3230.12,3248.82,32950.7248
1709092800,"2024-02-28 04:00:00",3248.83,3306.01,3244.16,3302.99,87355.3821
1709107200,"2024-02-28 08:00:00",3303,3369.8,3277.54,3296.13,166820.2697
1709121600,"2024-02-28 12:00:00",3296.13,3376.38,3287.07,3348.39,167845.0129
1709136000,"2024-02-28 16:00:00",3348.38,3488,3176.16,3299.12,394792.4683
1709150400,"2024-02-28 20:00:00",3299.13,3384.54,3253.46,3383.1,97774.9082
1709164800,"2024-02-29 00:00:00",3383.11,3467.77,3374.18,3407.15,134560.9615
1709179200,"2024-02-29 04:00:00",3407.15,3494.63,3397.95,3467.99,112911.7465
1709193600,"2024-02-29 08:00:00",3467.99,3522.81,3442.52,3513.87,140548.8542
1709208000,"2024-02-29 12:00:00",3513.88,3517.92,3445.42,3468.42,129449.6946
1709222400,"2024-02-29 16:00:00",3468.42,3470.6,3351,3403.26,144467.7712
1709236800,"2024-02-29 20:00:00",3403.27,3415.44,3300,3340.09,97759.0843
1709251200,"2024-03-01 00:00:00",3340.1,3388.82,3338.54,3367.79,66201.9036
1709265600,"2024-03-01 04:00:00",3367.78,3399,3364.32,3365.41,55423.9715
1709280000,"2024-03-01 08:00:00",3365.41,3437.08,3353.74,3410.9,91689.1515
1709294400,"2024-03-01 12:00:00",3410.89,3449.81,3379.6,3390.76,89813.1551
1709308800,"2024-03-01 16:00:00",3390.76,3435.9,3380.06,3427.73,63881.7445
1709323200,"2024-03-01 20:00:00",3427.73,3450,3421.28,3433.43,45778.6511
1709337600,"2024-03-02 00:00:00",3433.42,3460.04,3424.71,3442.34,53603.9715
1709352000,"2024-03-02 04:00:00",3442.33,3452.76,3390.01,3430.25,73960.5478
1709366400,"2024-03-02 08:00:00",3430.26,3435.68,3391.83,3403.39,46989.2405
1709380800,"2024-03-02 12:00:00",3403.4,3427.01,3394.47,3418.05,43485.4252
1709395200,"2024-03-02 16:00:00",3418.04,3431.03,3410,3426.19,34444.983
1709409600,"2024-03-02 20:00:00",3426.2,3431.31,3402.56,3421.4,31500.7768
1709424000,"2024-03-03 00:00:00",3421.39,3434,3409.1,3431.56,42198.1371
1709438400,"2024-03-03 04:00:00",3431.57,3446.23,3360,3392.76,76052.0366
1709452800,"2024-03-03 08:00:00",3392.76,3414.91,3375,3413.39,51813.7052
1709467200,"2024-03-03 12:00:00",3413.39,3447.53,3403.92,3422.5,60505.3203
1709481600,"2024-03-03 16:00:00",3422.5,3484.44,3418.22,3465.2,69628.9165
1709496000,"2024-03-03 20:00:00",3465.2,3491.8,3458.65,3487.81,41433.4153
1709510400,"2024-03-04 00:00:00",3487.8,3528.96,3423.78,3471.85,104241.127
1709524800,"2024-03-04 04:00:00",3471.84,3487.34,3456.36,3478.61,64931.4423
1709539200,"2024-03-04 08:00:00",3478.61,3544.14,3478.6,3506.91,130561.2393
1709553600,"2024-03-04 12:00:00",3506.92,3568.18,3459.03,3560.42,132120.4513
1709568000,"2024-03-04 16:00:00",3560.42,3610,3528.42,3593.01,184688.9321
1709582400,"2024-03-04 20:00:00",3593,3640.94,3558.3,3627.76,98817.4441
1709596800,"2024-03-05 00:00:00",3627.75,3697.2,3607.24,3689.81,115612.4894
1709611200,"2024-03-05 04:00:00",3689.81,3740,3641.5,3672.98,214653.2558
1709625600,"2024-03-05 08:00:00",3672.99,3742,3651.87,3731.45,96557.8615
1709640000,"2024-03-05 12:00:00",3731.46,3822.04,3730.8,3783.01,232303.136
1709654400,"2024-03-05 16:00:00",3783,3796.07,3200,3376.46,421444.8851
1709668800,"2024-03-05 20:00:00",3376.46,3580.6,3324.68,3553.65,312333.2362
1709683200,"2024-03-06 00:00:00",3553.66,3591.23,3499.4,3538.01,115820.7803
1709697600,"2024-03-06 04:00:00",3538.01,3789.77,3536.2,3786.6,230737.8482
1709712000,"2024-03-06 08:00:00",3786.61,3899.47,3778.6,3879.74,201051.8756
1709726400,"2024-03-06 12:00:00",3879.74,3900,3724,3790.94,234039.7964
1709740800,"2024-03-06 16:00:00",3790.95,3880,3764.25,3852.59,107005.7888
1709755200,"2024-03-06 20:00:00",3852.59,3892.58,3792.7,3818.59,80838.6207
1709769600,"2024-03-07 00:00:00",3818.58,3852.69,3764.21,3775.18,101621.8497
1709784000,"2024-03-07 04:00:00",3775.18,3803.36,3735,3789.22,71852.4759
1709798400,"2024-03-07 08:00:00",3789.23,3814.92,3770.36,3787.58,73348.2997
1709812800,"2024-03-07 12:00:00",3787.58,3855.23,3765.12,3837.16,112772.69
1709827200,"2024-03-07 16:00:00",3837.17,3883.77,3812.44,3870.19,78329.5525
1709841600,"2024-03-07 20:00:00",3870.19,3933.81,3840,3868.76,102855.8072
1709856000,"2024-03-08 00:00:00",3868.76,3940.6,3863.56,3900.85,77725.9157
1709870400,"2024-03-08 04:00:00",3900.85,3946.57,3880,3908.16,64744.9491
1709884800,"2024-03-08 08:00:00",3908.16,3954.98,3908.15,3950.46,79443.9638
1709899200,"2024-03-08 12:00:00",3950.46,3993.75,3886,3900.75,172241.1434
1709913600,"2024-03-08 16:00:00",3900.76,3978.49,3820,3928.82,174005.1197
1709928000,"2024-03-08 20:00:00",3928.82,3950.85,3871.28,3883.36,78238.1672
1709942400,"2024-03-09 00:00:00",3883.37,3929,3877.5,3923.21,42981.501
1709956800,"2024-03-09 04:00:00",3923.22,3942,3912.05,3925.47,36331.8334
1709971200,"2024-03-09 08:00:00",3925.46,3936,3887.99,3912.49,47849.7238
1709985600,"2024-03-09 12:00:00",3912.5,3927.05,3901.62,3916.66,40208.5626
1710000000,"2024-03-09 16:00:00",3916.66,3920.22,3870.01,3881.18,57453.4371
1710014400,"2024-03-09 20:00:00",3881.18,3912.68,3881.17,3905.21,30014.0807
1710028800,"2024-03-10 00:00:00",3905.2,3940.1,3899.51,3935,51918.0288
1710043200,"2024-03-10 04:00:00",3935.01,3950,3929.79,3944.82,38704.7462
1710057600,"2024-03-10 08:00:00",3944.81,3964.67,3920.02,3932.72,60457.1563
1710072000,"2024-03-10 12:00:00",3932.72,3947.18,3860.65,3883.69,85475.6879
1710086400,"2024-03-10 16:00:00",3883.7,3927.05,3882.06,3898,48450.6237
1710100800,"2024-03-10 20:00:00",3898.01,3903.89,3791.26,3878.47,71658.4371
1710115200,"2024-03-11 00:00:00",3878.47,3888.38,3722.95,3866.93,104660.8458
1710129600,"2024-03-11 04:00:00",3866.92,4011.79,3834.22,4001.4,158741.3444
1710144000,"2024-03-11 08:00:00",4001.4,4054.6,3986.86,4034.25,166787.8858
1710158400,"2024-03-11 12:00:00",4034.25,4065.8,4017,4018,128794.4803
1710172800,"2024-03-11 16:00:00",4018.01,4086.23,3998.92,4031.71,107913.564
1710187200,"2024-03-11 20:00:00",4031.7,4082,4027.92,4064.8,54656.3936
1710201600,"2024-03-12 00:00:00",4064.8,4093.92,4021.19,4028.69,82355.2843
1710216000,"2024-03-12 04:00:00",4028.69,4052.4,4000.02,4027.13,62019.6953
1710230400,"2024-03-12 08:00:00",4027.13,4065,3965,4020.83,83842.3936
1710244800,"2024-03-12 12:00:00",4020.84,4053.8,3950,3988.46,146976.2191
1710259200,"2024-03-12 16:00:00",3988.46,3991.62,3828.98,3980.23,199020.7718
1710273600,"2024-03-12 20:00:00",3980.23,3980.56,3927.18,3979.96,58573.03
1710288000,"2024-03-13 00:00:00",3979.97,4045.86,3973.53,4043.78,64974.9648
1710302400,"2024-03-13 04:00:00",4043.78,4078.38,4029.1,4038.36,70118.1647
1710316800,"2024-03-13 08:00:00",4038.36,4083,4038.09,4048.9,71500.9906
1710331200,"2024-03-13 12:00:00",4048.91,4053,3932.23,3962.8,148148.3053
1710345600,"2024-03-13 16:00:00",3962.8,4011.06,3952.23,4000.44,70578.3149
1710360000,"2024-03-13 20:00:00",4000.44,4021,3974.62,4004.79,56985.0363
1710374400,"2024-03-14 00:00:00",4004.79,4010.98,3955,3993.77,59083.0005
1710388800,"2024-03-14 04:00:00",3993.77,4005.69,3940.64,3963.46,64515.6419
1710403200,"2024-03-14 08:00:00",3963.45,3997.7,3943.12,3955.04,59789.1681
1710417600,"2024-03-14 12:00:00",3955.04,3967.4,3820.2,3845.81,180384.2757
1710432000,"2024-03-14 16:00:00",3845.81,3896.02,3723,3785.89,184658.1893
1710446400,"2024-03-14 20:00:00",3785.89,3892,3780.79,3881.7,99807.249
1710460800,"2024-03-15 00:00:00",3881.69,3934.02,3623,3722.2,208926.9893
1710475200,"2024-03-15 04:00:00",3722.2,3779.92,3656.49,3754.12,174978.3857
1710489600,"2024-03-15 08:00:00",3754.12,3761.65,3570,3689.33,231263.8534
1710504000,"2024-03-15 12:00:00",3689.33,3742,3670.77,3688.9,116561.5186
1710518400,"2024-03-15 16:00:00",3688.89,3806.62,3659.01,3689.54,128183.8655
1710532800,"2024-03-15 20:00:00",3689.53,3749.93,3606.65,3742.19,87622.7946
1710547200,"2024-03-16 00:00:00",3742.19,3781.12,3722.41,3735.52,73363.2961
1710561600,"2024-03-16 04:00:00",3735.52,3743.6,3690.18,3740.19,50218.9677
1710576000,"2024-03-16 08:00:00",3740.2,3741.1,3661.83,3692.29,62013.0313
1710590400,"2024-03-16 12:00:00",3692.29,3711.37,3637.73,3679.55,92942.0765
1710604800,"2024-03-16 16:00:00",3679.54,3679.88,3570,3600.6,122770.3784
1710619200,"2024-03-16 20:00:00",3600.6,3633.8,3468.8,3523.09,146980.4069
1710633600,"2024-03-17 00:00:00",3523.09,3582.4,3504.95,3571.5,90384.1792
1710648000,"2024-03-17 04:00:00",3571.49,3572.51,3412,3472.72,114120.8728
1710662400,"2024-03-17 08:00:00",3472.72,3606.41,3460.01,3578.99,107483.9821
1710676800,"2024-03-17 12:00:00",3578.99,3647.15,3528.36,3628.42,95169.7591
1710691200,"2024-03-17 16:00:00",3628.42,3656.45,3602.43,3651.18,62380.0184
1710705600,"2024-03-17 20:00:00",3651.18,3678.68,3624.19,3644.71,48252.182
1710720000,"2024-03-18 00:00:00",3644.7,3645.02,3557.31,3600.39,82008.4412
1710734400,"2024-03-18 04:00:00",3600.38,3642.52,3576.9,3626.65,65470.8897
1710748800,"2024-03-18 08:00:00",3626.65,3627,3548.99,3597.82,104156.7504
1710763200,"2024-03-18 12:00:00",3597.83,3613.41,3486,3525.18,134712.3087
1710777600,"2024-03-18 16:00:00",3525.17,3563.86,3454.09,3478.89,129920.707
1710792000,"2024-03-18 20:00:00",3478.88,3548,3478.88,3520.46,54632.1881
1710806400,"2024-03-19 00:00:00",3520.47,3548.09,3362.15,3419.17,189698.6232
1710820800,"2024-03-19 04:00:00",3419.18,3427.8,3306.1,3360.14,146220.9547
1710835200,"2024-03-19 08:00:00",3360.14,3360.16,3202.84,3276.51,265410.214
1710849600,"2024-03-19 12:00:00",3276.51,3325.69,3223.5,3303.16,164469.5428
1710864000,"2024-03-19 16:00:00",3303.16,3359.8,3280.8,3333.26,129837.4242
1710878400,"2024-03-19 20:00:00",3333.27,3338.84,3150.88,3158.64,153992.9347
1710892800,"2024-03-20 00:00:00",3158.65,3266.01,3153.26,3161.02,176684.8529
1710907200,"2024-03-20 04:00:00",3161.02,3226,3056.56,3218.48,241498.0331
1710921600,"2024-03-20 08:00:00",3218.47,3296.72,3205.1,3293.26,137299.3104
1710936000,"2024-03-20 12:00:00",3293.26,3397,3275.35,3292.55,226068.0678
1710950400,"2024-03-20 16:00:00",3292.54,3405.78,3140.71,3379.01,263906.8566
1710964800,"2024-03-20 20:00:00",3379,3535.24,3370.91,3516.53,161865.6993
1710979200,"2024-03-21 00:00:00",3516.53,3558.99,3493.4,3510.59,109802.7426
1710993600,"2024-03-21 04:00:00",3510.59,3537.2,3446.47,3516.03,89965.5165
1711008000,"2024-03-21 08:00:00",3516.04,3587.32,3516.03,3531.18,94844.8442
1711022400,"2024-03-21 12:00:00",3531.18,3574.41,3478.73,3497.6,103968.4195
1711036800,"2024-03-21 16:00:00",3497.59,3545.99,3412.22,3441.38,131679.5015
1711051200,"2024-03-21 20:00:00",3441.37,3521.91,3412,3492.85,72494.1829
1711065600,"2024-03-22 00:00:00",3492.84,3527.61,3454.01,3522.01,61088.8562
1711080000,"2024-03-22 04:00:00",3522,3542.52,3500.63,3511.4,58201.2989
1711094400,"2024-03-22 08:00:00",3511.39,3523.8,3394.42,3405.19,68698.234
1711108800,"2024-03-22 12:00:00",3405.18,3425.84,3281,3349.31,160395.4791
1711123200,"2024-03-22 16:00:00",3349.3,3362.19,3289,3340.46,123949.364
1711137600,"2024-03-22 20:00:00",3340.46,3345.59,3250,3336.35,86515.6558
1711152000,"2024-03-23 00:00:00",3336.35,3362.38,3270.08,3303.56,58618.341
1711166400,"2024-03-23 04:00:00",3303.55,3383.8,3298.6,3365.28,42455.7546
1711180800,"2024-03-23 08:00:00",3365.28,3380.57,3328.34,3364.99,43508.015
1711195200,"2024-03-23 12:00:00",3364.98,3423.03,3343.41,3405.5,69877.3828
1711209600,"2024-03-23 16:00:00",3405.49,3435.48,3384.82,3386.12,45078.0352
1711224000,"2024-03-23 20:00:00",3386.11,3401.6,3327.28,3329.53,64138.4162
1711238400,"2024-03-24 00:00:00",3329.53,3368.16,3307,3307.62,48041.0628
1711252800,"2024-03-24 04:00:00",3307.63,3343.07,3298.76,3341.8,39533.9037
1711267200,"2024-03-24 08:00:00",3341.81,3392.72,3335.5,3387.38,36214.3205
1711281600,"2024-03-24 12:00:00",3387.37,3414.46,3376.73,3397.51,36265.3185
1711296000,"2024-03-24 16:00:00",3397.5,3409.5,3333,3382.5,49572.2639
1711310400,"2024-03-24 20:00:00",3382.49,3471.22,3375.56,3454.98,51197.2714
1711324800,"2024-03-25 00:00:00",3454.99,3461.17,3420.12,3454.97,42364.5167
1711339200,"2024-03-25 04:00:00",3454.98,3506.49,3440.8,3444.6,84573.3282
1711353600,"2024-03-25 08:00:00",3444.59,3472,3432.15,3436.19,49155.8492
1711368000,"2024-03-25 12:00:00",3436.2,3587.9,3430,3581.49,126222.948
1711382400,"2024-03-25 16:00:00",3581.49,3666,3566.2,3638.96,184776.909
1711396800,"2024-03-25 20:00:00",3638.96,3646.66,3566.47,3590.42,61484.1431
1711411200,"2024-03-26 00:00:00",3590.43,3643.71,3580.95,3623,118159.5628
1711425600,"2024-03-26 04:00:00",3623,3678.86,3618.4,3635.13,83621.5109
1711440000,"2024-03-26 08:00:00",3635.14,3670.32,3630,3631.6,58958.4099
1711454400,"2024-03-26 12:00:00",3631.61,3654.34,3545.13,3593.35,109018.2391
1711468800,"2024-03-26 16:00:00",3593.35,3603.55,3542.62,3560.82,88321.8786
1711483200,"2024-03-26 20:00:00",3560.83,3613.5,3558.15,3587.33,40934.2371
1711497600,"2024-03-27 00:00:00",3587.32,3627.67,3577,3603.11,38078.1551
1711512000,"2024-03-27 04:00:00",3603.1,3616.5,3560.2,3565.21,41410.5898
1711526400,"2024-03-27 08:00:00",3565.21,3590.84,3532.96,3585.07,55698.9769
1711540800,"2024-03-27 12:00:00",3585.07,3665.84,3496.15,3514.3,191134.3058
1711555200,"2024-03-27 16:00:00",3514.29,3531.76,3460.02,3491.18,73658.2574
1711569600,"2024-03-27 20:00:00",3491.18,3521.47,3485.04,3501.19,43215.0447
1711584000,"2024-03-28 00:00:00",3501.2,3531.47,3465,3496.61,98043.3592
1711598400,"2024-03-28 04:00:00",3496.61,3579.95,3495.79,3573.88,73489.0492
1711612800,"2024-03-28 08:00:00",3573.88,3595.7,3565.81,3579.73,55528.1056
1711627200,"2024-03-28 12:00:00",3579.74,3611.78,3552.55,3578.7,84030.442
1711641600,"2024-03-28 16:00:00",3578.71,3580.75,3537.48,3563.05,60508.7819
1711656000,"2024-03-28 20:00:00",3563.06,3580,3541.37,3560.49,33054.2932
1711670400,"2024-03-29 00:00:00",3560.49,3584.37,3550.05,3562.39,28619.8812
1711684800,"2024-03-29 04:00:00",3562.39,3580.8,3512.85,3519.43,58587.0884
1711699200,"2024-03-29 08:00:00",3519.42,3562.71,3517.15,3549.85,55857.175
1711713600,"2024-03-29 12:00:00",3549.86,3558,3481.14,3488.53,64510.6073
1711728000,"2024-03-29 16:00:00",3488.52,3502.36,3445.91,3500.34,60765.2112
1711742400,"2024-03-29 20:00:00",3500.35,3524.55,3476.01,3509.74,54746.2159
1711756800,"2024-03-30 00:00:00",3509.74,3521.89,3486.58,3490,34193.2775
1711771200,"2024-03-30 04:00:00",3489.99,3532.77,3487,3492.64,56078.6986
1711785600,"2024-03-30 08:00:00",3492.65,3564,3492.2,3560,43774.3565
1711800000,"2024-03-30 12:00:00",3559.99,3565.81,3531,3536.61,28666.6175
1711814400,"2024-03-30 16:00:00",3536.6,3547.71,3485,3509.02,34164.5481
1711828800,"2024-03-30 20:00:00",3509.02,3519,3494.88,3505.64,19147.7652
1711843200,"2024-03-31 00:00:00",3505.65,3544.07,3505.09,3537.26,25100.8785
1711857600,"2024-03-31 04:00:00",3537.26,3631.99,3532.42,3625.38,75942.6382
1711872000,"2024-03-31 08:00:00",3625.38,3632.8,3600.38,3609.2,33243.8347
1711886400,"2024-03-31 12:00:00",3609.2,3638,3606.78,3617.68,39565.1266
1711900800,"2024-03-31 16:00:00",3617.69,3655.32,3613.75,3638.18,41090.3708
1711915200,"2024-03-31 20:00:00",3638.19,3650.6,3617.8,3645.29,28522.1389
1711929600,"2024-04-01 00:00:00",3645.29,3645.95,3600.74,3610.42,37328.6389
1711944000,"2024-04-01 04:00:00",3610.41,3613.3,3500,3546.88,98690.7113
1711958400,"2024-04-01 08:00:00",3546.88,3560.17,3520.07,3537.98,44636.9281
1711972800,"2024-04-01 12:00:00",3537.98,3570.58,3437.23,3444.04,112748.132
1711987200,"2024-04-01 16:00:00",3444.04,3489.18,3413.71,3486.33,78478.2183
1712001600,"2024-04-01 20:00:00",3486.33,3514.88,3471.32,3503.8,36971.4939
1712016000,"2024-04-02 00:00:00",3503.8,3505.6,3319.2,3366.08,124255.7376
1712030400,"2024-04-02 04:00:00",3366.07,3388.58,3337.25,3362.9,67274.4696
1712044800,"2024-04-02 08:00:00",3362.89,3371.62,3276.72,3308.64,126538.5812
1712059200,"2024-04-02 12:00:00",3308.63,3324.26,3232,3240.13,151372.6183
1712073600,"2024-04-02 16:00:00",3240.13,3284.46,3212,3277.53,93534.0462
1712088000,"2024-04-02 20:00:00",3277.53,3305,3241.69,3278.96,60289.1947
1712102400,"2024-04-03 00:00:00",3278.96,3324.19,3202.79,3315.41,93189.2295
1712116800,"2024-04-03 04:00:00",3315.4,3324.6,3280,3305.53,49447.1277
1712131200,"2024-04-03 08:00:00",3305.52,3357.58,3289.97,3317.53,73863.3134
1712145600,"2024-04-03 12:00:00",3317.53,3363.58,3292.8,3329.2,73373.412
1712160000,"2024-04-03 16:00:00",3329.21,3367.4,3281.21,3314.29,64897.7138
1712174400,"2024-04-03 20:00:00",3314.28,3325.64,3288.39,3310.83,55713.3969
1712188800,"2024-04-04 00:00:00",3310.83,3333,3262.86,3274.37,55991.1705
1712203200,"2024-04-04 04:00:00",3274.38,3334.46,3250.92,3322.79,55871.5853
1712217600,"2024-04-04 08:00:00",3322.8,3355.48,3319.42,3340.37,32050.7649
1712232000,"2024-04-04 12:00:00",3340.36,3395.19,3338.95,3364.12,59348.0128
1712246400,"2024-04-04 16:00:00",3364.11,3443.93,3360.68,3366.09,66511.991
1712260800,"2024-04-04 20:00:00",3366.09,3370.3,3278.02,3327.4,86565.0471
1712275200,"2024-04-05 00:00:00",3327.39,3336,3252.8,3308.3,64808.1215
1712289600,"2024-04-05 04:00:00",3308.3,3319.25,3242.01,3287.61,53002.5926
1712304000,"2024-04-05 08:00:00",3287.6,3312.8,3236.8,3243.51,60815.6668
1712318400,"2024-04-05 12:00:00",3243.52,3329.54,3210,3326.43,104716.2205
1712332800,"2024-04-05 16:00:00",3326.43,3350,3305.1,3320.1,42565.9659
1712347200,"2024-04-05 20:00:00",3320.11,3344.95,3310.46,3317.85,18648.231
1712361600,"2024-04-06 00:00:00",3317.85,3346.39,3306.68,3331.34,28664.5342
1712376000,"2024-04-06 04:00:00",3331.33,3352.81,3321.13,3330.39,26715.0374
1712390400,"2024-04-06 08:00:00",3330.4,3351.52,3325,3330.67,26159.6312
1712404800,"2024-04-06 12:00:00",3330.67,3361.77,3313.4,3335.37,30009.2542
1712419200,"2024-04-06 16:00:00",3335.37,3357.54,3331.22,3349.24,25061.7582
1712433600,"2024-04-06 20:00:00",3349.23,3398.42,3344,3351.59,46701.9973
1712448000,"2024-04-07 00:00:00",3351.59,3413.61,3344.08,3388.41,40788.4157
1712462400,"2024-04-07 04:00:00",3388.4,3406.51,3374.6,3385.19,20136.9828
1712476800,"2024-04-07 08:00:00",3385.19,3395.19,3376.83,3390.34,21075.8618
1712491200,"2024-04-07 12:00:00",3390.33,3420,3384.71,3390.13,40776.2129
1712505600,"2024-04-07 16:00:00",3390.14,3412.97,3368,3381.39,37069.9364
1712520000,"2024-04-07 20:00:00",3381.38,3459.94,3378.15,3454.2,50611.6656
1712534400,"2024-04-08 00:00:00",3454.2,3457.27,3406.36,3423,33564.1278
1712548800,"2024-04-08 04:00:00",3422.99,3478.34,3413.22,3473.88,52807.52
1712563200,"2024-04-08 08:00:00",3473.88,3640.44,3469.8,3633.08,175678.6684
1712577600,"2024-04-08 12:00:00",3633.07,3672.11,3612,3629.2,115824.0414
1712592000,"2024-04-08 16:00:00",3629.2,3710.45,3627.16,3702.8,76989.1136
1712606400,"2024-04-08 20:00:00",3702.8,3730.71,3681.06,3694.61,41977.882
1712620800,"2024-04-09 00:00:00",3694.61,3727.34,3665.25,3692.29,60917.2209
1712635200,"2024-04-09 04:00:00",3692.3,3701.94,3631,3641.81,78663.0304
1712649600,"2024-04-09 08:00:00",3641.81,3646.6,3580.57,3632.85,83751.2259
1712664000,"2024-04-09 12:00:00",3632.85,3643.37,3478.5,3529.92,129101.6595
1712678400,"2024-04-09 16:00:00",3529.93,3532.96,3450.46,3517.1,65691.7243
1712692800,"2024-04-09 20:00:00",3517.1,3526.63,3485.82,3506.39,39467.391
1712707200,"2024-04-10 00:00:00",3506.4,3537.5,3465.64,3513,59002.792
1712721600,"2024-04-10 04:00:00",3513.01,3554.19,3505.98,3536.61,36766.0514
1712736000,"2024-04-10 08:00:00",3536.61,3540.36,3493.07,3521.32,54638.8176
1712750400,"2024-04-10 12:00:00",3521.33,3527.99,3411.82,3479.41,128853.4687
1712764800,"2024-04-10 16:00:00",3479.41,3547.49,3469.5,3521.52,73130.5015
1712779200,"2024-04-10 20:00:00",3521.52,3562.95,3495.58,3545.64,37013.2743
1712793600,"2024-04-11 00:00:00",3545.64,3576.6,3524.27,3575.84,36473.6411
1712808000,"2024-04-11 04:00:00",3575.84,3605.76,3553.03,3583.4,48719.2176
1712822400,"2024-04-11 08:00:00",3583.4,3618.3,3514.57,3522.88,69106.2264
1712836800,"2024-04-11 12:00:00",3522.89,3575,3486.31,3508.32,108947.7602
1712851200,"2024-04-11 16:00:00",3508.31,3522,3474.52,3517.7,45872.8607
1712865600,"2024-04-11 20:00:00",3517.71,3532.25,3490.63,3502.52,29019.8474
1712880000,"2024-04-12 00:00:00",3502.52,3537.93,3501.34,3534.01,31946.1988
1712894400,"2024-04-12 04:00:00",3534.01,3552.4,3507.95,3516.2,36378.2
1712908800,"2024-04-12 08:00:00",3516.2,3541.78,3508.95,3532.22,57646.7587
1712923200,"2024-04-12 12:00:00",3532.22,3532.48,3439.23,3440.71,93086.5997
1712937600,"2024-04-12 16:00:00",3440.7,3454.56,3100,3206.17,368390.2385
1712952000,"2024-04-12 20:00:00",3206.17,3256,3201.07,3237.43,109879.1217
1712966400,"2024-04-13 00:00:00",3237.42,3237.43,3141.6,3230.91,129141.3032
1712980800,"2024-04-13 04:00:00",3230.91,3272.31,3223.38,3257.6,71583.8293
1712995200,"2024-04-13 08:00:00",3257.61,3301.9,3247.4,3268.2,49728.8016
1713009600,"2024-04-13 12:00:00",3268.2,3296.83,3250.7,3272.39,51783.9186
1713024000,"2024-04-13 16:00:00",3272.4,3279.79,3017.19,3085.2,192725.8168
1713038400,"2024-04-13 20:00:00",3085.2,3094.88,2852,3007.01,500007.5659
1713052800,"2024-04-14 00:00:00",3007.01,3019.46,2906.73,2970.85,158831.5163
1713067200,"2024-04-14 04:00:00",2970.86,3102.15,2965.18,3084.2,130082.1584
1713081600,"2024-04-14 08:00:00",3084.19,3099.13,3008.86,3027.01,93607.7363
1713096000,"2024-04-14 12:00:00",3027,3074.07,3006,3055.74,113490.806
1713110400,"2024-04-14 16:00:00",3055.75,3101.27,2980,3073.62,141984.5195
1713124800,"2024-04-14 20:00:00",3073.63,3174.23,3047.29,3155.11,99583.7301
1713139200,"2024-04-15 00:00:00",3155.11,3158.62,3100,3146.5,78837.1145
1713153600,"2024-04-15 04:00:00",3146.51,3255.43,3123,3242.05,112167.1509
1713168000,"2024-04-15 08:00:00",3242.04,3277.85,3226.75,3229.64,64554.2124
1713182400,"2024-04-15 12:00:00",3229.64,3246.03,3102.2,3163.21,130181.8775
1713196800,"2024-04-15 16:00:00",3163.2,3179.4,3023.19,3100.1,161882.7144
1713211200,"2024-04-15 20:00:00",3100.09,3128.44,3057.29,3101.99,57807.8166
1713225600,"2024-04-16 00:00:00",3102,3120.59,3051.35,3072.19,91301.5805
1713240000,"2024-04-16 04:00:00",3072.2,3128.01,2986,3107.29,94633.1002
1713254400,"2024-04-16 08:00:00",3107.3,3110.76,3003,3093.31,106184.5489
1713268800,"2024-04-16 12:00:00",3093.31,3095.37,3008.7,3009.04,108323.748
1713283200,"2024-04-16 16:00:00",3009.05,3084.99,2995,3057.64,89160.7128
1713297600,"2024-04-16 20:00:00",3057.65,3118.24,3049.9,3084.22,36510.1646
1713312000,"2024-04-17 00:00:00",3084.21,3107.24,3068.39,3095.61,45177.1765
1713326400,"2024-04-17 04:00:00",3095.6,3123.75,3064.05,3076.6,53048.8482
1713340800,"2024-04-17 08:00:00",3076.6,3087.64,3037.65,3040.2,45727.2266
1713355200,"2024-04-17 12:00:00",3040.19,3063.65,2925.85,2946.8,185441.1871
1713369600,"2024-04-17 16:00:00",2946.79,3043.73,2914.47,3001.6,113662.6669
1713384000,"2024-04-17 20:00:00",3001.59,3014.91,2964.35,2985.41,48840.4608
1713398400,"2024-04-18 00:00:00",2985.41,3035.08,2950.98,3025.68,57953.4313
1713412800,"2024-04-18 04:00:00",3025.67,3034.29,2956.6,2975.2,60161.4658
1713427200,"2024-04-18 08:00:00",2975.19,3065.56,2954.01,3046.46,78719.9921
1713441600,"2024-04-18 12:00:00",3046.45,3094.4,2985.69,3069.17,108069.7724
1713456000,"2024-04-18 16:00:00",3069.17,3083.54,3018.2,3064.19,60363.215
1713470400,"2024-04-18 20:00:00",3064.19,3080.82,3056.1,3064.4,23792.8367
1713484800,"2024-04-19 00:00:00",3064.4,3070.24,2865.18,2979.8,200205.8981
1713499200,"2024-04-19 04:00:00",2979.81,3128.89,2979,3084.41,139081.3466
1713513600,"2024-04-19 08:00:00",3084.41,3124.44,3077.19,3102.61,79642.8684
1713528000,"2024-04-19 12:00:00",3102.6,3121,3054.35,3080.74,74619.7035
1713542400,"2024-04-19 16:00:00",3080.73,3107.94,3029.72,3104.1,60560.4186
1713556800,"2024-04-19 20:00:00",3104.1,3105.68,3020.63,3056.46,53740.1667
1713571200,"2024-04-20 00:00:00",3056.45,3070.8,3018.75,3055.99,42184.1651
1713585600,"2024-04-20 04:00:00",3055.99,3071.03,3049.31,3060.64,27818.0665
1713600000,"2024-04-20 08:00:00",3060.64,3061.29,3029.99,3047.39,31576.8595
1713614400,"2024-04-20 12:00:00",3047.38,3114.6,3040.34,3109.86,41106.7557
1713628800,"2024-04-20 16:00:00",3109.86,3166.46,3087.66,3148.21,64448.8195
1713643200,"2024-04-20 20:00:00",3148.21,3171.88,3140.9,3155.79,35442.9708
1713657600,"2024-04-21 00:00:00",3155.79,3197.18,3126.87,3166.8,51393.7539
1713672000,"2024-04-21 04:00:00",3166.81,3191.22,3152.54,3179.55,32445.4054
1713686400,"2024-04-21 08:00:00",3179.54,3189,3153.66,3168.81,38254.6523
1713700800,"2024-04-21 12:00:00",3168.81,3176.7,3137.32,3158.82,32903.4112
1713715200,"2024-04-21 16:00:00",3158.82,3161.36,3116.49,3136.79,39846.3754
1713729600,"2024-04-21 20:00:00",3136.78,3169.57,3129.82,3147.67,25126.909
1713744000,"2024-04-22 00:00:00",3147.66,3210.75,3129.15,3190.1,64775.007
1713758400,"2024-04-22 04:00:00",3190.09,3235,3184.53,3203.6,56009.1283
1713772800,"2024-04-22 08:00:00",3203.59,3224,3187.99,3194.54,42406.1851
1713787200,"2024-04-22 12:00:00",3194.55,3211.64,3166.8,3183.32,52021.2321
1713801600,"2024-04-22 16:00:00",3183.33,3216.99,3169.3,3188.23,44346.4388
1713816000,"2024-04-22 20:00:00",3188.24,3224.2,3184.02,3200.2,31321.9656
1713830400,"2024-04-23 00:00:00",3200.19,3223.36,3181.37,3183.9,31002.9675
1713844800,"2024-04-23 04:00:00",3183.9,3193.49,3152,3160.48,38872.1329
1713859200,"2024-04-23 08:00:00",3160.49,3185.55,3152.45,3179.8,34675.3915
1713873600,"2024-04-23 12:00:00",3179.79,3263.61,3173.11,3226.13,90805.6152
1713888000,"2024-04-23 16:00:00",3226.12,3246.22,3213,3218.31,31598.2941
1713902400,"2024-04-23 20:00:00",3218.31,3223.05,3186.43,3219.46,26959.8251
1713916800,"2024-04-24 00:00:00",3219.46,3249.28,3210.4,3237.61,38187.821
1713931200,"2024-04-24 04:00:00",3237.61,3275.54,3236.8,3250.11,42663.5601
1713945600,"2024-04-24 08:00:00",3250.1,3287,3241.86,3281.96,52631.1212
1713960000,"2024-04-24 12:00:00",3281.97,3293.56,3167.23,3175.8,125225.2776
1713974400,"2024-04-24 16:00:00",3175.8,3193.83,3104.9,3134.67,84696.0405
1713988800,"2024-04-24 20:00:00",3134.67,3152.59,3112.05,3140.8,49910.521
1714003200,"2024-04-25 00:00:00",3140.79,3171.2,3126.6,3147.41,52224.3084
1714017600,"2024-04-25 04:00:00",3147.41,3167.35,3126.17,3136.39,36138.1097
1714032000,"2024-04-25 08:00:00",3136.39,3152.99,3072.2,3112,76649.9228
1714046400,"2024-04-25 12:00:00",3112.01,3168,3082.58,3160.4,104592.0248
1714060800,"2024-04-25 16:00:00",3160.4,3175.65,3146.24,3165.84,55227.7167
1714075200,"2024-04-25 20:00:00",3165.84,3191.64,3152.3,3155.8,27456.4678
1714089600,"2024-04-26 00:00:00",3155.81,3164.08,3124.25,3141.59,41673.6037
1714104000,"2024-04-26 04:00:00",3141.58,3154.13,3129,3135.46,43586.007
1714118400,"2024-04-26 08:00:00",3135.45,3157.99,3121.8,3128.63,34780.1809
1714132800,"2024-04-26 12:00:00",3128.63,3167.7,3102,3117.6,78960.3574
1714147200,"2024-04-26 16:00:00",3117.61,3155,3105.71,3133.84,31786.6302
1714161600,"2024-04-26 20:00:00",3133.79,3153.8,3120.77,3131.3,21735.8758
1714176000,"2024-04-27 00:00:00",3131.3,3138.8,3066.74,3122.18,68745.2052
1714190400,"2024-04-27 04:00:00",3122.18,3133.25,3107.69,3120.59,26346.987
1714204800,"2024-04-27 08:00:00",3120.59,3128.57,3107.8,3124.92,24825.3634
1714219200,"2024-04-27 12:00:00",3124.92,3167.01,3122,3145.05,52518.6486
1714233600,"2024-04-27 16:00:00",3145.05,3285,3142.41,3237.4,116347.8618
1714248000,"2024-04-27 20:00:00",3237.4,3263.3,3223.07,3255.56,35027.1259
1714262400,"2024-04-28 00:00:00",3255.55,3329.6,3250.45,3308.87,66495.8919
1714276800,"2024-04-28 04:00:00",3308.86,3339.99,3300.23,3317.6,44047.6154
1714291200,"2024-04-28 08:00:00",3317.59,3324.78,3275.01,3286.41,56781.1368
1714305600,"2024-04-28 12:00:00",3286.41,3327.79,3283.8,3321.01,50930.6869
1714320000,"2024-04-28 16:00:00",3321,3357.4,3308.17,3316.92,39141.7072
1714334400,"2024-04-28 20:00:00",3316.92,3321,3251.97,3263.45,47368.9708
1714348800,"2024-04-29 00:00:00",3263.44,3286.95,3168.01,3177.6,106619.9358
1714363200,"2024-04-29 04:00:00",3177.6,3208.28,3153.44,3189,89021.0329
1714377600,"2024-04-29 08:00:00",3188.99,3195.4,3147.54,3160.11,60914.3596
1714392000,"2024-04-29 12:00:00",3160.11,3186.54,3115.13,3182.45,86581.1752
1714406400,"2024-04-29 16:00:00",3182.45,3189.6,3155.23,3186.01,40952.1099
1714420800,"2024-04-29 20:00:00",3186.02,3235.43,3163.91,3216.73,37742.6778
1714435200,"2024-04-30 00:00:00",3216.74,3250.95,3150,3180.79,66756.5263
1714449600,"2024-04-30 04:00:00",3180.8,3185.48,3152,3157.35,36501.4589
1714464000,"2024-04-30 08:00:00",3157.35,3161.75,3003.7,3007.45,153525.6894
1714478400,"2024-04-30 12:00:00",3007.45,3037.42,2966.01,2994.12,120983.1612
1714492800,"2024-04-30 16:00:00",2994.11,2998.6,2921,2928.96,118100.8555
1714507200,"2024-04-30 20:00:00",2928.96,3029.4,2928,3014.05,65849.7953
1714521600,"2024-05-01 00:00:00",3014.04,3023.24,2960.03,3004.37,56122.3384
1714536000,"2024-05-01 04:00:00",3004.37,3013.87,2859,2869.71,123926.1965
1714550400,"2024-05-01 08:00:00",2869.7,2906.27,2817,2905.39,143421.0154
1714564800,"2024-05-01 12:00:00",2905.4,2934,2865.91,2885.45,76042.9389
1714579200,"2024-05-01 16:00:00",2885.46,3015.73,2868.72,2926.06,172442.9636
1714593600,"2024-05-01 20:00:00",2926.05,2984.89,2914.42,2972.46,53008.3245
1714608000,"2024-05-02 00:00:00",2972.46,2982.18,2893.26,2929.33,74444.8411
1714622400,"2024-05-02 04:00:00",2929.34,2938,2898.2,2921.22,39776.1802
1714636800,"2024-05-02 08:00:00",2921.22,3002.51,2916.73,2995.55,79087.6942
1714651200,"2024-05-02 12:00:00",2995.54,3013,2952.4,2990.17,88940.484
1714665600,"2024-05-02 16:00:00",2990.16,3006,2972,2999.81,43031.169
1714680000,"2024-05-02 20:00:00",2999.8,3016.72,2968.84,2986.19,40659.3506
1714694400,"2024-05-03 00:00:00",2986.19,3036.17,2977.7,3010.15,41019.9792
1714708800,"2024-05-03 04:00:00",3010.14,3017.2,2958.71,2969,37416.0198
1714723200,"2024-05-03 08:00:00",2969,2990.62,2958.32,2979.5,34574.5244
1714737600,"2024-05-03 12:00:00",2979.49,3086,2969.75,3075.52,152439.9324
1714752000,"2024-05-03 16:00:00",3075.52,3087.99,3062.61,3072.5,38249.1083
1714766400,"2024-05-03 20:00:00",3072.51,3126.99,3068.59,3102.61,52126.275
1714780800,"2024-05-04 00:00:00",3102.61,3130.85,3092.85,3112,31207.8168
1714795200,"2024-05-04 04:00:00",3112,3123.06,3095.37,3095.94,25653.2228
1714809600,"2024-05-04 08:00:00",3095.94,3168,3095.68,3130.45,55073.4721
1714824000,"2024-05-04 12:00:00",3130.45,3158.95,3115.08,3126.81,37368.8147
1714838400,"2024-05-04 16:00:00",3126.8,3140,3114.08,3137.01,23546.5398
1714852800,"2024-05-04 20:00:00",3137.02,3147,3104.34,3117.23,23414.0826
1714867200,"2024-05-05 00:00:00",3117.24,3126.41,3072.99,3086.91,50542.8438
1714881600,"2024-05-05 04:00:00",3086.9,3114.8,3080.83,3105.7,21580.7472
1714896000,"2024-05-05 08:00:00",3105.7,3171.93,3103.52,3138.1,66727.8936
1714910400,"2024-05-05 12:00:00",3138.1,3168,3127.04,3160.19,36839.7556
1714924800,"2024-05-05 16:00:00",3160.18,3166.34,3130.68,3142.45,25728.6721
1714939200,"2024-05-05 20:00:00",3142.45,3146.66,3122.89,3136.41,17340.3539
1714953600,"2024-05-06 00:00:00",3136.4,3165.97,3124.38,3134.61,26248.0382
1714968000,"2024-05-06 04:00:00",3134.61,3191.94,3127.94,3180.53,46060.5365
1714982400,"2024-05-06 08:00:00",3180.54,3221.4,3131.2,3149.23,98323.4368
1714996800,"2024-05-06 12:00:00",3149.23,3154.99,3056.61,3089.25,118784.4052
1715011200,"2024-05-06 16:00:00",3089.25,3096.36,3046.35,3069.84,42521.1903
1715025600,"2024-05-06 20:00:00",3069.83,3089.11,3060.98,3062.6,23197.6957
1715040000,"2024-05-07 00:00:00",3062.59,3096.8,3021.34,3049.19,48218.7778
1715054400,"2024-05-07 04:00:00",3049.19,3082.5,3044.01,3077.4,29362.3583
1715068800,"2024-05-07 08:00:00",3077.4,3129.85,3059.09,3063.39,79096.7131
1715083200,"2024-05-07 12:00:00",3063.4,3106,3045.7,3071.41,59771.1292
1715097600,"2024-05-07 16:00:00",3071.41,3079.41,3027,3049.62,33921.3804
1715112000,"2024-05-07 20:00:00",3049.61,3061.44,2998,3005.69,48426.3241
1715126400,"2024-05-08 00:00:00",3005.69,3038.15,2994.58,3032.33,31024.9074
1715140800,"2024-05-08 04:00:00",3032.32,3036.52,2989.56,2995.01,48324.5348
1715155200,"2024-05-08 08:00:00",2995.01,3011.4,2978.4,2990.31,46336.5347
1715169600,"2024-05-08 12:00:00",2990.31,3032.5,2985,3006.98,59661.6558
1715184000,"2024-05-08 16:00:00",3006.99,3024.11,2986.58,2999.38,26014.5888
1715198400,"2024-05-08 20:00:00",2999.39,3004,2936.48,2974.21,55572.591
1715212800,"2024-05-09 00:00:00",2974.2,3005.1,2972.2,2997.9,24807.7468
1715227200,"2024-05-09 04:00:00",2997.91,3014.96,2975.7,2983.59,45323.0638
1715241600,"2024-05-09 08:00:00",2983.59,2991.8,2950.77,2977.2,39630.623
1715256000,"2024-05-09 12:00:00",2977.2,3019.28,2955.86,3005.99,62506.4399
1715270400,"2024-05-09 16:00:00",3005.99,3025.98,2989.59,3021.41,34139.9401
1715284800,"2024-05-09 20:00:00",3021.4,3059,3015.66,3036.23,32153.9326
1715299200,"2024-05-10 00:00:00",3036.24,3044,3018.23,3028.95,37115.6492
1715313600,"2024-05-10 04:00:00",3028.95,3053.89,3021.64,3042.26,39477.4863
1715328000,"2024-05-10 08:00:00",3042.27,3045.23,3022,3037.85,29448.5225
1715342400,"2024-05-10 12:00:00",3037.85,3044.53,2907.79,2918.54,112704.6548
1715356800,"2024-05-10 16:00:00",2918.54,2935,2878.03,2901.6,84041.6607
1715371200,"2024-05-10 20:00:00",2901.6,2916.11,2887.4,2909.99,25067.9023
1715385600,"2024-05-11 00:00:00",2909.98,2936.59,2905.2,2911,27696.4544
1715400000,"2024-05-11 04:00:00",2911,2927.74,2905.9,2921.79,17063.5205
1715414400,"2024-05-11 08:00:00",2921.8,2925.38,2886.46,2903.4,26271.95
1715428800,"2024-05-11 12:00:00",2903.4,2945.67,2896,2925.72,34805.94
1715443200,"2024-05-11 16:00:00",2925.72,2940.37,2917.43,2930.61,15991.4116
1715457600,"2024-05-11 20:00:00",2930.61,2930.96,2906.48,2912.45,16333.8322
1715472000,"2024-05-12 00:00:00",2912.45,2925.33,2909.11,2921.13,11001.5881
1715486400,"2024-05-12 04:00:00",2921.12,2932.26,2901.17,2907.8,14180.9676
1715500800,"2024-05-12 08:00:00",2907.8,2943.73,2902.68,2928,22845.2522
1715515200,"2024-05-12 12:00:00",2928,2943.77,2925.41,2938,18231.319
1715529600,"2024-05-12 16:00:00",2937.99,2955.2,2921.25,2929.59,24224.3756
1715544000,"2024-05-12 20:00:00",2929.6,2936.27,2913.78,2929.29,17187.1298
1715558400,"2024-05-13 00:00:00",2929.3,2942.97,2864.76,2889.92,83159.2925
1715572800,"2024-05-13 04:00:00",2889.92,2958,2870.37,2953.99,56990.6181
1715587200,"2024-05-13 08:00:00",2953.99,2996.4,2948.4,2965.57,68334.0181
1715601600,"2024-05-13 12:00:00",2965.57,2987,2949.26,2961.22,87796.0231
1715616000,"2024-05-13 16:00:00",2961.21,2977.89,2928.66,2956.7,51884.7266
1715630400,"2024-05-13 20:00:00",2956.69,2960,2938,2950.99,20500.0864
1715644800,"2024-05-14 00:00:00",2950.99,2960.6,2936.66,2940.99,29749.065
1715659200,"2024-05-14 04:00:00",2940.99,2949.07,2882.29,2920.03,45499.3304
1715673600,"2024-05-14 08:00:00",2920.02,2920.03,2897.53,2907.94,24096.7151
1715688000,"2024-05-14 12:00:00",2907.94,2924.14,2870.25,2898.93,109974.172
1715702400,"2024-05-14 16:00:00",2898.94,2900.67,2862,2893.74,40137.7193
1715716800,"2024-05-14 20:00:00",2893.73,2903,2878.65,2881.93,20218.3019
1715731200,"2024-05-15 00:00:00",2881.93,2903.08,2863.75,2902.64,24110.6365
1715745600,"2024-05-15 04:00:00",2902.65,2922,2897.98,2916.51,31482.672
1715760000,"2024-05-15 08:00:00",2916.5,2933.8,2886.81,2898.74,51111.8661
1715774400,"2024-05-15 12:00:00",2898.74,2992.99,2893.02,2976.81,132869.8227
1715788800,"2024-05-15 16:00:00",2976.8,3025.96,2970,3024.56,55815.6495
1715803200,"2024-05-15 20:00:00",3024.55,3041.36,3009.49,3032.55,54863.672
1715817600,"2024-05-16 00:00:00",3032.55,3041.24,2997,3013.44,60840.5182
1715832000,"2024-05-16 04:00:00",3013.45,3021.37,3004.4,3016.31,28652.441
1715846400,"2024-05-16 08:00:00",3016.31,3027.85,2989.72,3006.45,43183.012
1715860800,"2024-05-16 12:00:00",3006.45,3009.12,2931.05,2956.57,89261.8078
1715875200,"2024-05-16 16:00:00",2956.57,2960.64,2925.02,2944.76,48287.9599
1715889600,"2024-05-16 20:00:00",2944.75,2946.1,2922.8,2944.7,23648.4124
1715904000,"2024-05-17 00:00:00",2944.7,2956.28,2933.06,2950.49,28995.1606
1715918400,"2024-05-17 04:00:00",2950.5,3033,2940,3024.67,83087.8449
1715932800,"2024-05-17 08:00:00",3024.66,3059.53,3017.74,3030.4,68597.6468
1715947200,"2024-05-17 12:00:00",3030.4,3118.54,3020.1,3111.54,108964.1229
1715961600,"2024-05-17 16:00:00",3111.54,3120,3067.16,3085.16,52451.0235
1715976000,"2024-05-17 20:00:00",3085.16,3095.76,3080.59,3092.01,15628.9744
1715990400,"2024-05-18 00:00:00",3092,3126.66,3083.61,3114.4,46394.7028
1716004800,"2024-05-18 04:00:00",3114.39,3119.94,3090.71,3101.99,30034.8165
1716019200,"2024-05-18 08:00:00",3102,3146.98,3100.27,3133.79,47870.1246
1716033600,"2024-05-18 12:00:00",3133.79,3135,3095.71,3110.89,42938.119
1716048000,"2024-05-18 16:00:00",3110.89,3121.2,3105.88,3119.69,17770.6644
1716062400,"2024-05-18 20:00:00",3119.69,3126.89,3106.05,3122.94,14968.1183
1716076800,"2024-05-19 00:00:00",3122.94,3136.64,3112.61,3129.36,18838.9425
1716091200,"2024-05-19 04:00:00",3129.35,3130.52,3103.33,3115.81,18073.4688
1716105600,"2024-05-19 08:00:00",3115.8,3125,3082.04,3102.58,42183.6904
1716120000,"2024-05-19 12:00:00",3102.59,3103,3063.26,3077.25,40766.7055
1716134400,"2024-05-19 16:00:00",3077.25,3083.9,3057.82,3065.2,27642.5703
1716148800,"2024-05-19 20:00:00",3065.2,3082.41,3053.38,3071.19,18639.6327
1716163200,"2024-05-20 00:00:00",3071.2,3100.67,3047.67,3087.21,38814.7129
1716177600,"2024-05-20 04:00:00",3087.2,3140,3065,3091.73,66673.9759
1716192000,"2024-05-20 08:00:00",3091.72,3113.94,3086.5,3093.8,45418.754
1716206400,"2024-05-20 12:00:00",3093.79,3121,3076.69,3118.53,43683.87
1716220800,"2024-05-20 16:00:00",3118.52,3457.12,3110.85,3438.87,279008.4101
1716235200,"2024-05-20 20:00:00",3438.86,3694,3420.37,3661.78,373508.1599
1716249600,"2024-05-21 00:00:00",3661.79,3721,3638.8,3695.9,176437.8446
1716264000,"2024-05-21 04:00:00",3695.9,3699.6,3624.28,3660.49,117372.7656
1716278400,"2024-05-21 08:00:00",3660.5,3823.5,3649.36,3777.97,185777.9962
1716292800,"2024-05-21 12:00:00",3777.98,3836,3748.57,3777.68,224432.9922
1716307200,"2024-05-21 16:00:00",3777.69,3841.54,3680.68,3712.27,169773.2141
1716321600,"2024-05-21 20:00:00",3712.26,3821.5,3709.13,3789.6,78642.4567
1716336000,"2024-05-22 00:00:00",3789.59,3813.69,3774.91,3793.43,58660.3493
1716350400,"2024-05-22 04:00:00",3793.42,3795.07,3720.01,3746.79,83698.9643
1716364800,"2024-05-22 08:00:00",3746.8,3779.8,3690,3690.6,65723.1063
1716379200,"2024-05-22 12:00:00",3690.59,3773.88,3653.15,3762.66,167446.8295
1716393600,"2024-05-22 16:00:00",3762.65,3798,3700.6,3736.61,110830.3049
1716408000,"2024-05-22 20:00:00",3736.61,3781,3723.38,3737.73,88578.7556
1716422400,"2024-05-23 00:00:00",3737.72,3788.86,3736.67,3782.11,51405.4772
1716436800,"2024-05-23 04:00:00",3782.1,3833.65,3759.41,3814,70165.4088
1716451200,"2024-05-23 08:00:00",3813.99,3925.24,3790.94,3918.46,139988.1687
1716465600,"2024-05-23 12:00:00",3918.45,3949.29,3723,3812.95,290141.6873
1716480000,"2024-05-23 16:00:00",3812.96,3827.77,3685,3791.34,156371.2119
1716494400,"2024-05-23 20:00:00",3791.33,3901,3498,3783.61,419794.1221
1716508800,"2024-05-24 00:00:00",3783.6,3829.61,3744.34,3803.82,59517.5987
1716523200,"2024-05-24 04:00:00",3803.82,3815.63,3651,3679.24,122645.0986
1716537600,"2024-05-24 08:00:00",3679.24,3717.67,3626.1,3712.62,81589.6453
1716552000,"2024-05-24 12:00:00",3712.62,3732.83,3671.15,3693.67,85395.4253
1716566400,"2024-05-24 16:00:00",3693.66,3759,3655.26,3744.4,92836.7116
1716580800,"2024-05-24 20:00:00",3744.4,3755.05,3723.01,3728.28,37433.9523
1716595200,"2024-05-25 00:00:00",3728.28,3747.72,3709.03,3745.26,25256.8427
1716609600,"2024-05-25 04:00:00",3745.26,3779.43,3744.4,3746.6,33903.2058
1716624000,"2024-05-25 08:00:00",3746.6,3775,3736.42,3739.39,32551.3548
1716638400,"2024-05-25 12:00:00",3739.39,3758.2,3719.8,3743.79,35726.8417
1716652800,"2024-05-25 16:00:00",3743.8,3766.02,3736.68,3757.64,16658.1948
1716667200,"2024-05-25 20:00:00",3757.65,3760.28,3730.12,3749.26,14615.4594
1716681600,"2024-05-26 00:00:00",3749.25,3772.93,3731.17,3771.59,28721.1033
1716696000,"2024-05-26 04:00:00",3771.59,3795.06,3741.16,3786.02,30277.312
1716710400,"2024-05-26 08:00:00",3786.01,3822.4,3777.22,3813.79,63831.0072
1716724800,"2024-05-26 12:00:00",3813.79,3875.8,3792.14,3833.05,86573.3268
1716739200,"2024-05-26 16:00:00",3833.06,3884.2,3831.26,3878.86,50878.426
1716753600,"2024-05-26 20:00:00",3878.86,3879.63,3817.39,3826.47,31927.1184
1716768000,"2024-05-27 00:00:00",3826.47,3939.59,3823.37,3919.58,87143.4381
1716782400,"2024-05-27 04:00:00",3919.59,3935,3888.71,3914.01,41541.5848
1716796800,"2024-05-27 08:00:00",3914.01,3954.35,3884.17,3900.49,58135.6201
1716811200,"2024-05-27 12:00:00",3900.5,3977,3891.81,3963.39,80810.8165
1716825600,"2024-05-27 16:00:00",3963.39,3974.3,3854.16,3873.25,56750.0898
1716840000,"2024-05-27 20:00:00",3873.26,3905.14,3860.71,3894.22,39336.098
1716854400,"2024-05-28 00:00:00",3894.21,3910,3827.41,3849.71,68416.8132
1716868800,"2024-05-28 04:00:00",3849.72,3864.85,3821.63,3847.29,50036.2523
1716883200,"2024-05-28 08:00:00",3847.3,3931.09,3839,3904.34,70119.748
1716897600,"2024-05-28 12:00:00",3904.34,3912,3831.29,3861.1,96245.094
1716912000,"2024-05-28 16:00:00",3861.1,3869.14,3773.9,3840.81,88427.4714
1716926400,"2024-05-28 20:00:00",3840.8,3871.76,3823,3844.69,43004.4555
1716940800,"2024-05-29 00:00:00",3844.69,3862.41,3835.15,3851,35975.2377
1716955200,"2024-05-29 04:00:00",3850.99,3888.55,3818.48,3820,62582.4505
1716969600,"2024-05-29 08:00:00",3819.99,3828.88,3781,3811.16,64094.1388
1716984000,"2024-05-29 12:00:00",3811.15,3838.83,3750.6,3759.85,87201.9645
1716998400,"2024-05-29 16:00:00",3759.84,3780,3744.41,3749.66,44445.5715
1717012800,"2024-05-29 20:00:00",3749.66,3792.99,3742.59,3767.43,40460.2718
1717027200,"2024-05-30 00:00:00",3767.44,3797.79,3750.75,3791.31,30162.3742
1717041600,"2024-05-30 04:00:00",3791.3,3801.65,3712.73,3720.32,56963.1566
1717056000,"2024-05-30 08:00:00",3720.32,3757.25,3702.58,3737,49744.5544
1717070400,"2024-05-30 12:00:00",3737.01,3798.97,3733.39,3776.12,52289.9206
1717084800,"2024-05-30 16:00:00",3776.12,3825.35,3752.24,3762.01,57189.8504
1717099200,"2024-05-30 20:00:00",3762,3762.4,3719.3,3747.91,30684.4332
1717113600,"2024-05-31 00:00:00",3747.9,3770,3740.45,3760.21,20559.7687
1717128000,"2024-05-31 04:00:00",3760.21,3766.55,3724.41,3729.11,27617.2547
1717142400,"2024-05-31 08:00:00",3729.11,3813.2,3726.45,3802.62,46707.6025
1717156800,"2024-05-31 12:00:00",3802.62,3849.94,3742.35,3744.77,89048.2576
1717171200,"2024-05-31 16:00:00",3744.77,3794.62,3723.75,3785.45,56610.6927
1717185600,"2024-05-31 20:00:00",3785.45,3800.94,3742,3762.29,32863.1898
1717200000,"2024-06-01 00:00:00",3762.29,3782.07,3752.67,3778.98,19162.466
1717214400,"2024-06-01 04:00:00",3778.98,3794.11,3770.31,3773,19843.0304
1717228800,"2024-06-01 08:00:00",3772.99,3809.55,3772.43,3788.28,28016.7925
1717243200,"2024-06-01 12:00:00",3788.28,3814.67,3787,3798.6,23200.5208
1717257600,"2024-06-01 16:00:00",3798.6,3809.81,3790.21,3804.51,18166.4278
1717272000,"2024-06-01 20:00:00",3804.5,3833.3,3799,3815.82,24297.9631
1717286400,"2024-06-02 00:00:00",3815.82,3838.59,3797.7,3807.13,40362.6748
1717300800,"2024-06-02 04:00:00",3807.13,3824.5,3792.25,3793.33,42266.6486
1717315200,"2024-06-02 08:00:00",3793.33,3810,3770.99,3805.01,40043.5712
1717329600,"2024-06-02 12:00:00",3805.01,3810,3776.86,3798.78,23979.178
1717344000,"2024-06-02 16:00:00",3798.79,3803.67,3752.62,3782.37,37585.3386
1717358400,"2024-06-02 20:00:00",3782.37,3796.44,3765.99,3780.91,26058.0295
1717372800,"2024-06-03 00:00:00",3780.92,3821.32,3761.05,3799.5,34542.182
1717387200,"2024-06-03 04:00:00",3799.51,3842.01,3795.18,3817.82,41747.9614
1717401600,"2024-06-03 08:00:00",3817.81,3840.16,3804.7,3809,37028.9177
1717416000,"2024-06-03 12:00:00",3809.01,3849.99,3758.43,3796.82,82479.9693
1717430400,"2024-06-03 16:00:00",3796.82,3798.63,3759,3773.4,31798.1474
1717444800,"2024-06-03 20:00:00",3773.39,3784.88,3759.67,3767.06,21251.5242
1717459200,"2024-06-04 00:00:00",3767.07,3785.19,3730,3773.51,37241.3776
1717473600,"2024-06-04 04:00:00",3773.51,3778.63,3752.1,3774.72,22170.4494
1717488000,"2024-06-04 08:00:00",3774.72,3782.99,3741.6,3764.65,28835.7026
1717502400,"2024-06-04 12:00:00",3764.65,3817.99,3753.57,3810.63,67169.5087
1717516800,"2024-06-04 16:00:00",3810.63,3831.65,3776.2,3800.38,52190.8252
1717531200,"2024-06-04 20:00:00",3800.37,3822,3792,3810.23,24455.8833
1717545600,"2024-06-05 00:00:00",3810.23,3839.92,3800,3810.45,37461.0947
1717560000,"2024-06-05 04:00:00",3810.45,3820.81,3777.33,3809.58,52478.4484
1717574400,"2024-06-05 08:00:00",3809.57,3811.03,3788.9,3804.31,31518.1002
1717588800,"2024-06-05 12:00:00",3804.31,3824.44,3782,3813.58,47557.5833
1717603200,"2024-06-05 16:00:00",3813.59,3878,3796.8,3876.54,73294.7532
1717617600,"2024-06-05 20:00:00",3876.53,3887.47,3842.28,3865.99,31428.6237
1717632000,"2024-06-06 00:00:00",3866,3878.6,3853.2,3861.69,26177.2594
1717646400,"2024-06-06 04:00:00",3861.7,3865.5,3838.53,3852.1,38537.3942
1717660800,"2024-06-06 08:00:00",3852.1,3856.5,3842.84,3849.51,24695.0892
1717675200,"2024-06-06 12:00:00",3849.51,3866.48,3820,3845.01,46381.6924
1717689600,"2024-06-06 16:00:00",3845,3855.6,3787.15,3791.01,62854.2034
1717704000,"2024-06-06 20:00:00",3791.01,3815.45,3760,3813.46,38858.5519
1717718400,"2024-06-07 00:00:00",3813.47,3813.47,3792.34,3806.3,19303.9314
1717732800,"2024-06-07 04:00:00",3806.3,3825.75,3806,3816.31,19448.3091
1717747200,"2024-06-07 08:00:00",3816.31,3839.98,3801.11,3835,24999.764
1717761600,"2024-06-07 12:00:00",3834.99,3841.39,3771.39,3800.73,77115.5473
1717776000,"2024-06-07 16:00:00",3800.73,3807.67,3600,3687.37,179164.1298
1717790400,"2024-06-07 20:00:00",3687.37,3700,3670.43,3678.32,42191.6778
1717804800,"2024-06-08 00:00:00",3678.31,3692.3,3673.82,3690,22188.3343
1717819200,"2024-06-08 04:00:00",3690,3709.5,3677.22,3708.98,16278.6668
1717833600,"2024-06-08 08:00:00",3708.98,3709.39,3678.53,3683.13,38253.4513
1717848000,"2024-06-08 12:00:00",3683.13,3697.47,3660.08,3688.13,30914.3498
1717862400,"2024-06-08 16:00:00",3688.13,3694.5,3672.18,3682.61,19917.2379
1717876800,"2024-06-08 20:00:00",3682.6,3684.46,3670.37,3681.57,12998.7993
1717891200,"2024-06-09 00:00:00",3681.58,3684.66,3666.36,3674.22,18043.8984
1717905600,"2024-06-09 04:00:00",3674.21,3692,3669.21,3685.99,16380.3084
1717920000,"2024-06-09 08:00:00",3685.98,3693.87,3683.02,3693.5,11187.5719
1717934400,"2024-06-09 12:00:00",3693.49,3712.5,3680.99,3690.59,29149.8489
1717948800,"2024-06-09 16:00:00",3690.6,3709.43,3689.43,3701.09,14111.4392
1717963200,"2024-06-09 20:00:00",3701.09,3721.52,3693.72,3706.4,14578.0352
1717977600,"2024-06-10 00:00:00",3706.4,3706.94,3680.97,3684.14,17242.0935
1717992000,"2024-06-10 04:00:00",3684.14,3692.41,3642.74,3647.79,29285.0966
1718006400,"2024-06-10 08:00:00",3647.8,3681.01,3646.94,3675.95,24499.1155
1718020800,"2024-06-10 12:00:00",3675.95,3713.67,3662.96,3702.54,36788.6562
1718035200,"2024-06-10 16:00:00",3702.53,3705.68,3659.81,3668.33,27095.9403
1718049600,"2024-06-10 20:00:00",3668.33,3677.07,3650.64,3667.85,21452.2825
1718064000,"2024-06-11 00:00:00",3667.85,3673,3567,3595.6,86732.2688
1718078400,"2024-06-11 04:00:00",3595.6,3595.61,3505,3534.6,83213.3547
1718092800,"2024-06-11 08:00:00",3534.6,3549.36,3503.4,3529.56,71505.3092
1718107200,"2024-06-11 12:00:00",3529.56,3546.47,3432.01,3447.75,102175.1839
1718121600,"2024-06-11 16:00:00",3447.75,3502.44,3432,3497.21,72534.3495
1718136000,"2024-06-11 20:00:00",3497.21,3509.65,3483.7,3497.33,23408.1317
1718150400,"2024-06-12 00:00:00",3497.33,3513.78,3462.07,3509.99,36109.1392
1718164800,"2024-06-12 04:00:00",3509.99,3532.39,3507.02,3526.71,29038.1895
1718179200,"2024-06-12 08:00:00",3526.7,3563.56,3516.95,3531.72,38233.539
1718193600,"2024-06-12 12:00:00",3531.73,3659.01,3531.4,3618.32,153722.7335
1718208000,"2024-06-12 16:00:00",3618.32,3625.7,3513.32,3529.01,104913.6778
1718222400,"2024-06-12 20:00:00",3529.01,3574.39,3521.88,3560.12,25026.495
1718236800,"2024-06-13 00:00:00",3560.13,3561.65,3476.21,3503,64329.204
1718251200,"2024-06-13 04:00:00",3502.99,3517.32,3484.04,3507.53,30637.8742
1718265600,"2024-06-13 08:00:00",3507.53,3511.86,3472.6,3497.17,36046.7782
1718280000,"2024-06-13 12:00:00",3497.17,3539.83,3433,3441.73,107443.9794
1718294400,"2024-06-13 16:00:00",3441.73,3491.55,3428,3481.43,40773.5683
1718308800,"2024-06-13 20:00:00",3481.43,3491.55,3461.59,3469.4,20999.4258
1718323200,"2024-06-14 00:00:00",3469.4,3510.53,3457.37,3490.91,33997.5513
1718337600,"2024-06-14 04:00:00",3490.91,3532.61,3490.46,3516.61,40530.3017
1718352000,"2024-06-14 08:00:00",3516.61,3530.25,3505.69,3515.8,28624.7515
1718366400,"2024-06-14 12:00:00",3515.8,3525.56,3460.17,3462.41,46240.8077
1718380800,"2024-06-14 16:00:00",3462.41,3467.4,3362.26,3406.21,103511.0856
1718395200,"2024-06-14 20:00:00",3406.21,3528.93,3404.19,3481.8,69411.9236
1718409600,"2024-06-15 00:00:00",3481.8,3505.01,3473.1,3504.4,27164.3759
1718424000,"2024-06-15 04:00:00",3504.4,3557.81,3498.29,3529.61,70337.7423
1718438400,"2024-06-15 08:00:00",3529.61,3542.3,3519.49,3539.4,29865.1365
1718452800,"2024-06-15 12:00:00",3539.4,3594.39,3537.75,3565.8,65751.339
1718467200,"2024-06-15 16:00:00",3565.8,3575.73,3552,3558.48,32626.8792
1718481600,"2024-06-15 20:00:00",3558.48,3575.36,3536.76,3568.74,20904.1165
1718496000,"2024-06-16 00:00:00",3568.75,3573.79,3548.04,3555.01,15279.5371
1718510400,"2024-06-16 04:00:00",3555.01,3574.54,3541.05,3561.93,15928.9861
1718524800,"2024-06-16 08:00:00",3561.93,3570.99,3546.92,3555.28,22391.2841
1718539200,"2024-06-16 12:00:00",3555.28,3611.98,3553.17,3591.88,40470.9591
1718553600,"2024-06-16 16:00:00",3591.88,3608.44,3586.69,3599.03,21795.5901
1718568000,"2024-06-16 20:00:00",3599.03,3653.79,3587.86,3624.41,33973.6255
1718582400,"2024-06-17 00:00:00",3624.41,3638.37,3573.83,3582.05,48730.6671
1718596800,"2024-06-17 04:00:00",3582.05,3596,3538.7,3552.68,48673.361
1718611200,"2024-06-17 08:00:00",3552.68,3561.1,3490.95,3527.63,70419.5076
1718625600,"2024-06-17 12:00:00",3527.63,3547.07,3485.44,3497.26,60249.8476
1718640000,"2024-06-17 16:00:00",3497.26,3577.77,3463.39,3554.01,80942.9401
1718654400,"2024-06-17 20:00:00",3554.01,3556.55,3500.8,3511.46,28789.3168
1718668800,"2024-06-18 00:00:00",3511.47,3517.2,3355,3441.53,151261.2357
1718683200,"2024-06-18 04:00:00",3441.52,3462.54,3428.78,3443.97,41588.3438
1718697600,"2024-06-18 08:00:00",3443.97,3451.84,3391.86,3414.11,50599.076
1718712000,"2024-06-18 12:00:00",3414.11,3440.73,3370.92,3424.01,94772.0482
1718726400,"2024-06-18 16:00:00",3424.02,3436,3386.92,3423.27,56147.0642
1718740800,"2024-06-18 20:00:00",3423.27,3490,3412.64,3483.42,55545.5335
1718755200,"2024-06-19 00:00:00",3483.42,3573.08,3465.65,3565.93,92263.4561
1718769600,"2024-06-19 04:00:00",3565.93,3585,3532.96,3544.3,54305.0421
1718784000,"2024-06-19 08:00:00",3544.31,3564,3518.46,3536.94,57044.7188
1718798400,"2024-06-19 12:00:00",3536.95,3550.61,3512.2,3529.29,39731.2801
1718812800,"2024-06-19 16:00:00",3529.3,3590.01,3523.43,3546.29,50877.7687
1718827200,"2024-06-19 20:00:00",3546.28,3576.69,3532.14,3560.51,27277.7369
1718841600,"2024-06-20 00:00:00",3560.51,3594.47,3533.49,3553.65,41899.1315
1718856000,"2024-06-20 04:00:00",3553.65,3616.06,3544.61,3607.87,57347.7784
1718870400,"2024-06-20 08:00:00",3607.87,3625.96,3572.24,3598.94,58174.3822
1718884800,"2024-06-20 12:00:00",3598.94,3611.81,3491.46,3506.61,103144.2628
1718899200,"2024-06-20 16:00:00",3506.61,3542.4,3486,3536.61,51457.987
1718913600,"2024-06-20 20:00:00",3536.61,3538.91,3511,3513.08,17094.3034
1718928000,"2024-06-21 00:00:00",3513.08,3536.21,3491.66,3501.2,34013.0856
1718942400,"2024-06-21 04:00:00",3501.2,3521.74,3467,3475,45022.5479
1718956800,"2024-06-21 08:00:00",3475,3532.83,3446.82,3503.22,84533.4256
1718971200,"2024-06-21 12:00:00",3503.21,3519.99,3455.1,3492.78,89030.6982
1718985600,"2024-06-21 16:00:00",3492.78,3537.5,3469.96,3535.45,66320.0669
1719000000,"2024-06-21 20:00:00",3535.44,3547.55,3500,3518.5,23235.2778
1719014400,"2024-06-22 00:00:00",3518.5,3521.19,3493.24,3506.77,21118.7164
1719028800,"2024-06-22 04:00:00",3506.77,3509.76,3489.73,3494,22707.2062
1719043200,"2024-06-22 08:00:00",3494,3498.96,3475.09,3493.2,19859.6331
1719057600,"2024-06-22 12:00:00",3493.19,3511.84,3486.78,3505.43,28273.381
1719072000,"2024-06-22 16:00:00",3505.43,3508.37,3485.56,3491.44,13959.7515
1719086400,"2024-06-22 20:00:00",3491.44,3507.86,3485.8,3495.75,9855.9275
1719100800,"2024-06-23 00:00:00",3495.76,3519,3494.67,3519,14289.8809
1719115200,"2024-06-23 04:00:00",3518.99,3521.45,3506.63,3512.5,9763.1021
1719129600,"2024-06-23 08:00:00",3512.49,3513,3488.2,3498.29,18175.411
1719144000,"2024-06-23 12:00:00",3498.29,3504.62,3471.82,3474.54,26491.4608
1719158400,"2024-06-23 16:00:00",3474.54,3482.4,3461.38,3479.93,18541.0352
1719172800,"2024-06-23 20:00:00",3479.93,3480.12,3406.38,3420.91,46150.5404
1719187200,"2024-06-24 00:00:00",3420.91,3435.76,3387.05,3402.81,50128.5048
1719201600,"2024-06-24 04:00:00",3402.82,3413.56,3354.22,3369.19,58893.4861
1719216000,"2024-06-24 08:00:00",3369.2,3394.36,3240,3321.19,160169.3219
1719230400,"2024-06-24 12:00:00",3321.18,3337.07,3261.72,3280.3,96661.7814
1719244800,"2024-06-24 16:00:00",3280.31,3314.9,3242.44,3293.07,102398.4262
1719259200,"2024-06-24 20:00:00",3293.06,3363.18,3256.35,3352.73,75118.9025
1719273600,"2024-06-25 00:00:00",3352.74,3386.25,3336.76,3371.61,40978.574
1719288000,"2024-06-25 04:00:00",3371.62,3394.92,3357.01,3361,37133.9505
1719302400,"2024-06-25 08:00:00",3361,3394.31,3345.79,3376.01,34837.6718
1719316800,"2024-06-25 12:00:00",3376,3425.37,3358.2,3419.6,72423.3215
1719331200,"2024-06-25 16:00:00",3419.6,3430.88,3381.68,3415.66,36920.3828
1719345600,"2024-06-25 20:00:00",3415.67,3418.84,3388.88,3394.91,17742.323
1719360000,"2024-06-26 00:00:00",3394.91,3426.75,3385.22,3395.15,26819.52
1719374400,"2024-06-26 04:00:00",3395.15,3406,3376.81,3401.8,26669.2503
1719388800,"2024-06-26 08:00:00",3401.8,3402.85,3366.37,3381.44,31946.3772
1719403200,"2024-06-26 12:00:00",3381.44,3396.53,3346,3361.69,38271.455
1719417600,"2024-06-26 16:00:00",3361.68,3410,3325.01,3408.08,57919.9768
1719432000,"2024-06-26 20:00:00",3408.08,3417.43,3367.15,3371.44,25322.7625
1719446400,"2024-06-27 00:00:00",3371.77,3393,3361.74,3383.8,21306.96
1719460800,"2024-06-27 04:00:00",3383.79,3388.41,3366.05,3374.98,22096.4472
1719475200,"2024-06-27 08:00:00",3374.98,3414.05,3368.7,3403.46,41795.5588
1719489600,"2024-06-27 12:00:00",3403.46,3477,3403.45,3452.75,73901.3411
1719504000,"2024-06-27 16:00:00",3452.75,3467.5,3439,3449.79,24220.9756
1719518400,"2024-06-27 20:00:00",3449.78,3455.06,3440.53,3450.44,17720.3782
1719532800,"2024-06-28 00:00:00",3450.44,3487.7,3435.95,3460.5,35716.2271
1719547200,"2024-06-28 04:00:00",3460.5,3461.07,3427.01,3431.82,26966.7465
1719561600,"2024-06-28 08:00:00",3431.82,3461.39,3420.24,3452.78,30450.9048
1719576000,"2024-06-28 12:00:00",3452.79,3476.73,3403.06,3413.61,67543.456
1719590400,"2024-06-28 16:00:00",3413.6,3416.6,3365.22,3379.74,44208.0751
1719604800,"2024-06-28 20:00:00",3379.74,3394.15,3368.73,3380.15,16748.934
1719619200,"2024-06-29 00:00:00",3380.15,3399.98,3380.01,3386.07,17745.9808
1719633600,"2024-06-29 04:00:00",3386.06,3408.32,3381.56,3399.72,18952.9595
1719648000,"2024-06-29 08:00:00",3399.72,3406.05,3387.2,3400.45,15348.806
1719662400,"2024-06-29 12:00:00",3400.45,3403.2,3383,3394.62,12952.0566
1719676800,"2024-06-29 16:00:00",3394.62,3396.53,3376.81,3387.02,9707.3365
1719691200,"2024-06-29 20:00:00",3387.02,3389.71,3371.86,3378.8,13622.6257
1719705600,"2024-06-30 00:00:00",3378.8,3389.61,3352.66,3371.28,23491.9778
1719720000,"2024-06-30 04:00:00",3371.28,3400,3358.49,3394.03,20690.4836
1719734400,"2024-06-30 08:00:00",3394.03,3399.38,3386.02,3389.19,16477.0951
1719748800,"2024-06-30 12:00:00",3389.19,3404.88,3379.81,3399.8,22547.9265
1719763200,"2024-06-30 16:00:00",3399.81,3434,3391.99,3428.41,25398.4021
1719777600,"2024-06-30 20:00:00",3428.4,3460,3408.96,3438.16,32615.7334
1719792000,"2024-07-01 00:00:00",3438.16,3524.94,3432.55,3498.23,68223.5035
1719806400,"2024-07-01 04:00:00",3498.23,3499.73,3484.44,3490.58,28424.9548
1719820800,"2024-07-01 08:00:00",3490.59,3495,3457.59,3459.6,35063.7579
1719835200,"2024-07-01 12:00:00",3459.61,3481.27,3453,3474.35,36567.9235
1719849600,"2024-07-01 16:00:00",3474.35,3499,3462.09,3471.47,31603.3766
1719864000,"2024-07-01 20:00:00",3471.47,3475.91,3423.78,3442.2,24389.6959
1719878400,"2024-07-02 00:00:00",3442.2,3464.12,3434.02,3457.03,17046.9388
1719892800,"2024-07-02 04:00:00",3457.03,3463.95,3434.17,3439,22849.472
1719907200,"2024-07-02 08:00:00",3439.01,3454.73,3431.6,3453.26,19840.984
1719921600,"2024-07-02 12:00:00",3453.26,3462.5,3402,3415.65,44961.2764
1719936000,"2024-07-02 16:00:00",3415.66,3433.65,3408.89,3415.37,18180.9348
1719950400,"2024-07-02 20:00:00",3415.38,3428.58,3413.39,3421.35,15053.0954
1719964800,"2024-07-03 00:00:00",3421.35,3432.1,3331.23,3360.33,56476.8025
1719979200,"2024-07-03 04:00:00",3360.34,3373.2,3352.2,3352.2,20526.974
1719993600,"2024-07-03 08:00:00",3352.21,3356.98,3281.63,3307.5,72972.726
1720008000,"2024-07-03 12:00:00",3307.51,3326.36,3275.48,3304.26,61775.2472
1720022400,"2024-07-03 16:00:00",3304.16,3322.09,3254.49,3266.29,70449.3809
1720036800,"2024-07-03 20:00:00",3266.2,3306.17,3251,3295.48,28207.3204
1720051200,"2024-07-04 00:00:00",3295.49,3313.45,3155,3243.2,110045.1383
1720065600,"2024-07-04 04:00:00",3243.2,3246.28,3170.22,3182.21,54262.3513
1720080000,"2024-07-04 08:00:00",3182.21,3195.99,3126.6,3159.45,85869.0158
1720094400,"2024-07-04 12:00:00",3159.45,3160.8,3088.25,3138.79,108884.6249
1720108800,"2024-07-04 16:00:00",3138.79,3152.64,3113.18,3133.82,40600.7709
1720123200,"2024-07-04 20:00:00",3133.83,3169.79,3050.34,3059.7,50740.668
1720137600,"2024-07-05 00:00:00",3059.7,3110,2890,2920.99,289984.2983
1720152000,"2024-07-05 04:00:00",2920.99,2928.47,2810,2882.21,253999.8044
1720166400,"2024-07-05 08:00:00",2882.21,2956.93,2820,2947.42,143768.5871
1720180800,"2024-07-05 12:00:00",2947.42,3005.42,2922.7,2990.99,115166.3226
1720195200,"2024-07-05 16:00:00",2990.99,3001.63,2958.15,2987.99,60768.6971
1720209600,"2024-07-05 20:00:00",2987.98,2993.2,2963.86,2981.78,23306.6658
1720224000,"2024-07-06 00:00:00",2981.79,3026.45,2955.06,2980.01,39909.0097
1720238400,"2024-07-06 04:00:00",2980,3016.37,2961.65,3004.69,33024.5438
1720252800,"2024-07-06 08:00:00",3004.69,3016,2985.06,3005.65,44828.7897
1720267200,"2024-07-06 12:00:00",3005.66,3030,2989.49,3020,33557.5287
1720281600,"2024-07-06 16:00:00",3020,3065.94,3016.31,3058.21,40135.8109
1720296000,"2024-07-06 20:00:00",3058.2,3081.78,3056.47,3066.83,23032.2885
1720310400,"2024-07-07 00:00:00",3066.83,3073.08,3039.4,3050.76,23898.9918
1720324800,"2024-07-07 04:00:00",3050.76,3050.77,2993.51,3004.42,29985.9767
1720339200,"2024-07-07 08:00:00",3004.42,3032.18,3004.12,3015.51,19843.9563
1720353600,"2024-07-07 12:00:00",3015.52,3024.05,2955.12,2970.99,41810.4444
1720368000,"2024-07-07 16:00:00",2970.99,3009.58,2963.89,2985.19,21260.5898
1720382400,"2024-07-07 20:00:00",2985.2,3000.72,2922.24,2931,43092.8022
1720396800,"2024-07-08 00:00:00",2930.99,2951.89,2822.8,2879.71,111600.3586
1720411200,"2024-07-08 04:00:00",2879.71,2932.79,2875.22,2927,40517.0278
1720425600,"2024-07-08 08:00:00",2927.02,3097.06,2922.71,3053.97,118196.4132
1720440000,"2024-07-08 12:00:00",3053.98,3064.71,2890,2969.21,156027.0736
1720454400,"2024-07-08 16:00:00",2969.21,3009.88,2945.4,3004.59,38601.6244
1720468800,"2024-07-08 20:00:00",3004.6,3046,2981.82,3019.01,35502.5129
1720483200,"2024-07-09 00:00:00",3019.01,3076.74,3004,3064.45,51172.7521
1720497600,"2024-07-09 04:00:00",3064.45,3090.38,3054.14,3061.93,39909.1489
1720512000,"2024-07-09 08:00:00",3061.94,3115.2,3054.99,3083.47,41048.4455
1720526400,"2024-07-09 12:00:00",3083.45,3108.72,3031.06,3067.83,72995.9956
1720540800,"2024-07-09 16:00:00",3067.83,3089.34,3046.99,3068.99,53707.8018
1720555200,"2024-07-09 20:00:00",3069,3079.2,3046.32,3066.65,21523.9985
1720569600,"2024-07-10 00:00:00",3066.65,3082.46,3024,3080,29726.4409
1720584000,"2024-07-10 04:00:00",3080,3129.89,3080,3097.08,54747.9557
1720598400,"2024-07-10 08:00:00",3097.07,3109.1,3078.43,3102.22,27639.2203
1720612800,"2024-07-10 12:00:00",3102.22,3129.61,3077.76,3122.76,77648.5786
1720627200,"2024-07-10 16:00:00",3122.76,3151.51,3090.17,3107.03,49062.5774
1720641600,"2024-07-10 20:00:00",3107.03,3112.1,3080.21,3101.05,32002.3115
1720656000,"2024-07-11 00:00:00",3101.06,3130,3054.76,3077.2,34911.342
1720670400,"2024-07-11 04:00:00",3077.2,3124.15,3073.99,3118.22,22671.2036
1720684800,"2024-07-11 08:00:00",3118.22,3156.93,3114.52,3147.04,40591.5006
1720699200,"2024-07-11 12:00:00",3147.04,3217.24,3104.52,3117.95,116955.8929
1720713600,"2024-07-11 16:00:00",3117.95,3148.58,3097.3,3107.11,43267.1929
1720728000,"2024-07-11 20:00:00",3107.11,3123.7,3086,3099.57,30832.188
1720742400,"2024-07-12 00:00:00",3099.57,3117.92,3055.11,3085.74,32384.1963
1720756800,"2024-07-12 04:00:00",3085.62,3098.67,3057.87,3072.3,20230.5029
1720771200,"2024-07-12 08:00:00",3072.3,3086.24,3045.58,3070,32506.8939
1720785600,"2024-07-12 12:00:00",3070,3139.74,3057.58,3131.34,42632.5813
1720800000,"2024-07-12 16:00:00",3131.34,3157.89,3112.47,3116.1,32682.231
1720814400,"2024-07-12 20:00:00",3116.1,3135.4,3090,3133.88,25308.7771
1720828800,"2024-07-13 00:00:00",3133.89,3140.4,3120.3,3120.94,14045.7686
1720843200,"2024-07-13 04:00:00",3120.95,3142.62,3113.37,3140.21,15588.5675
1720857600,"2024-07-13 08:00:00",3140.2,3171,3128.99,3156.84,28706.7349
1720872000,"2024-07-13 12:00:00",3156.84,3165.67,3140.94,3154.87,18763.0676
1720886400,"2024-07-13 16:00:00",3154.86,3165.32,3146.85,3163.75,11736.4726
1720900800,"2024-07-13 20:00:00",3163.75,3201.8,3144.26,3175.93,30461.8657
1720915200,"2024-07-14 00:00:00",3175.93,3193.61,3163.67,3172.75,23189.3613
1720929600,"2024-07-14 04:00:00",3172.74,3206.7,3171.22,3195.4,31503.902
1720944000,"2024-07-14 08:00:00",3195.4,3225.13,3195.4,3202.84,29415.9314
1720958400,"2024-07-14 12:00:00",3202.85,3204.48,3173.68,3190.48,24709.3054
1720972800,"2024-07-14 16:00:00",3190.47,3197.9,3183.31,3190.9,15171.9991
1720987200,"2024-07-14 20:00:00",3190.9,3268.72,3190.24,3245.08,41440.2724
1721001600,"2024-07-15 00:00:00",3245.2,3342.19,3233.22,3329.37,62167.7706
1721016000,"2024-07-15 04:00:00",3329.37,3369.42,3320.78,3355.95,52045.5258
1721030400,"2024-07-15 08:00:00",3355.96,3373,3328,3339.68,35902.2987
1721044800,"2024-07-15 12:00:00",3339.68,3393.69,3333.33,3367.83,41384.83
1721059200,"2024-07-15 16:00:00",3367.82,3431.92,3358.21,3406,64769.2902
1721073600,"2024-07-15 20:00:00",3406,3493.63,3403.21,3483.39,58027.1299
1721088000,"2024-07-16 00:00:00",3483.2,3498.59,3453.96,3469.51,43190.2791
1721102400,"2024-07-16 04:00:00",3469.51,3478.52,3372.2,3376.8,85385.3345
1721116800,"2024-07-16 08:00:00",3376.8,3425,3346.55,3419.79,52731.1967
1721131200,"2024-07-16 12:00:00",3419.78,3484.73,3375.6,3476.25,72924.2562
1721145600,"2024-07-16 16:00:00",3476.21,3494.38,3441.61,3474.4,75353.5961
1721160000,"2024-07-16 20:00:00",3474.4,3475,3414.31,3444.13,46544.1243
1721174400,"2024-07-17 00:00:00",3444.14,3517,3441.86,3480.25,63187.5187
1721188800,"2024-07-17 04:00:00",3480.25,3514.54,3471.99,3486.22,44337.3766
1721203200,"2024-07-17 08:00:00",3486.23,3500,3440.96,3449.03,56767.5254
1721217600,"2024-07-17 12:00:00",3449.03,3475.5,3432.49,3437.17,52698.6235
1721232000,"2024-07-17 16:00:00",3437.18,3438.92,3376,3416.79,55994.1642
1721246400,"2024-07-17 20:00:00",3416.79,3428.4,3385.5,3387.05,24827.3078
1721260800,"2024-07-18 00:00:00",3387.05,3441.49,3383.43,3431.4,37282.1827
1721275200,"2024-07-18 04:00:00",3431.4,3454.08,3408.95,3433,30323.182
1721289600,"2024-07-18 08:00:00",3433,3461.01,3431.34,3458.83,36230.4199
1721304000,"2024-07-18 12:00:00",3458.83,3489.98,3385.01,3389.28,71240.042
1721318400,"2024-07-18 16:00:00",3389.29,3424.24,3367.2,3405.6,51836.371
1721332800,"2024-07-18 20:00:00",3405.59,3437.3,3397.44,3426.5,15038.1481
1721347200,"2024-07-19 00:00:00",3426.49,3432.92,3384.04,3429.59,31002.0002
1721361600,"2024-07-19 04:00:00",3429.59,3450.5,3386.69,3391.59,40087.0717
1721376000,"2024-07-19 08:00:00",3391.59,3412,3377,3404.54,36661.6142
1721390400,"2024-07-19 12:00:00",3404.55,3474.99,3395.99,3465,76379.9615
1721404800,"2024-07-19 16:00:00",3465,3540.27,3464.99,3522.97,82209.5679
1721419200,"2024-07-19 20:00:00",3522.98,3525.96,3492.54,3503.53,33171.4267
1721433600,"2024-07-20 00:00:00",3503.53,3508.49,3480,3495.01,25294.795
1721448000,"2024-07-20 04:00:00",3495.01,3508.18,3487.39,3487.4,24381.936
1721462400,"2024-07-20 08:00:00",3487.39,3494.59,3480.5,3484.81,19729.9081
1721476800,"2024-07-20 12:00:00",3484.81,3507.84,3481.2,3503.72,24138.4776
1721491200,"2024-07-20 16:00:00",3503.71,3539.65,3490.53,3514.45,40940.6088
1721505600,"2024-07-20 20:00:00",3514.44,3526.22,3500.2,3517.5,13025.091
1721520000,"2024-07-21 00:00:00",3517.5,3528.8,3503.7,3510.47,13607.9347
1721534400,"2024-07-21 04:00:00",3510.47,3513.6,3476.6,3485.01,22407.1774
1721548800,"2024-07-21 08:00:00",3485,3507.21,3483.8,3498.79,15423.6252
1721563200,"2024-07-21 12:00:00",3498.79,3517.1,3482.47,3499.95,26306.5045
1721577600,"2024-07-21 16:00:00",3499.95,3526.12,3411.4,3490.72,90344.3959
1721592000,"2024-07-21 20:00:00",3490.72,3547,3482.6,3535.92,50801.3279
1721606400,"2024-07-22 00:00:00",3535.93,3562.82,3515.27,3517.33,34508.7552
1721620800,"2024-07-22 04:00:00",3517.34,3523.58,3459.6,3478.89,36911.2107
1721635200,"2024-07-22 08:00:00",3478.9,3503.85,3469,3500.31,20343.0402
1721649600,"2024-07-22 12:00:00",3500.3,3507.35,3435.6,3457.15,51488.7864
1721664000,"2024-07-22 16:00:00",3457.15,3498.63,3444.86,3498.14,26567.2598
1721678400,"2024-07-22 20:00:00",3498.18,3499.53,3422.34,3439.6,38040.452
1721692800,"2024-07-23 00:00:00",3439.61,3490.14,3435.43,3474.99,43702.0655
1721707200,"2024-07-23 04:00:00",3474.99,3483.45,3425,3454.84,51045.7694
1721721600,"2024-07-23 08:00:00",3454.85,3541,3452.09,3516,106597.3643
1721736000,"2024-07-23 12:00:00",3516.01,3518.8,3429.59,3454.38,125107.7628
1721750400,"2024-07-23 16:00:00",3454.38,3496.49,3389,3457.03,109045.3008
1721764800,"2024-07-23 20:00:00",3457.03,3500,3454.94,3482.51,65070.5183
1721779200,"2024-07-24 00:00:00",3482.51,3487.82,3427.4,3448.36,51607.5929
1721793600,"2024-07-24 04:00:00",3448.36,3451.74,3429.61,3446.69,22627.1401
1721808000,"2024-07-24 08:00:00",3446.69,3472.33,3443.17,3459.63,28795.0939
1721822400,"2024-07-24 12:00:00",3459.63,3471.54,3409.01,3414.87,60536.0716
1721836800,"2024-07-24 16:00:00",3414.87,3432.4,3357.4,3363,46904.3022
1721851200,"2024-07-24 20:00:00",3362.99,3376.48,3300,3335.81,65008.8499
1721865600,"2024-07-25 00:00:00",3335.82,3342.5,3153.04,3168.3,162147.9909
1721880000,"2024-07-25 04:00:00",3168.31,3194.65,3130,3171.84,71301.3644
1721894400,"2024-07-25 08:00:00",3171.84,3187.8,3152.89,3172.5,46850.1646
1721908800,"2024-07-25 12:00:00",3172.49,3183.79,3105.35,3142.28,92866.4623
1721923200,"2024-07-25 16:00:00",3142.28,3172.75,3100.9,3123.88,56723.5005
1721937600,"2024-07-25 20:00:00",3123.88,3198.5,3087.53,3175.48,64393.1571
1721952000,"2024-07-26 00:00:00",3175.47,3259.89,3171,3236.21,71558.0382
1721966400,"2024-07-26 04:00:00",3236.21,3276,3233.01,3251,53845.3085
1721980800,"2024-07-26 08:00:00",3251,3263.76,3234.43,3246.86,34743.6662
1721995200,"2024-07-26 12:00:00",3246.87,3271.14,3221.43,3255.02,55971.9473
1722009600,"2024-07-26 16:00:00",3255.02,3285.61,3242.62,3274.19,25068.6999
1722024000,"2024-07-26 20:00:00",3274.2,3286.36,3251.24,3274.61,19049.804
1722038400,"2024-07-27 00:00:00",3274.6,3275.06,3241.31,3245,23403.5223
1722052800,"2024-07-27 04:00:00",3245,3277.8,3243.96,3272.31,16695.5656
1722067200,"2024-07-27 08:00:00",3272.31,3282.98,3262.92,3278.41,18484.5109
1722081600,"2024-07-27 12:00:00",3278.41,3327.59,3269.68,3280.97,57472.8296
1722096000,"2024-07-27 16:00:00",3280.97,3291.81,3227.09,3261,44410.9596
1722110400,"2024-07-27 20:00:00",3261,3294.5,3191.01,3249.01,71524.5157
1722124800,"2024-07-28 00:00:00",3249,3256.36,3225.73,3237.7,18479.6243
1722139200,"2024-07-28 04:00:00",3237.71,3244.3,3198.11,3227.69,22571.814
1722153600,"2024-07-28 08:00:00",3227.69,3265.72,3215.87,3256.46,18512.5133
1722168000,"2024-07-28 12:00:00",3256.46,3279.93,3254.31,3268.61,20423.3467
1722182400,"2024-07-28 16:00:00",3268.61,3284.3,3262.2,3271.85,12981.7418
1722196800,"2024-07-28 20:00:00",3271.85,3273.78,3251.08,3270.16,10560.7928
1722211200,"2024-07-29 00:00:00",3270.16,3356.7,3267.17,3348.98,56328.9402
1722225600,"2024-07-29 04:00:00",3348.98,3389,3339.86,3366.91,47550.5766
1722240000,"2024-07-29 08:00:00",3366.9,3396.77,3361.82,3375,33297.2724
1722254400,"2024-07-29 12:00:00",3375.01,3386.8,3290,3308.67,69835.2343
1722268800,"2024-07-29 16:00:00",3308.66,3324.19,3258,3311.02,68829.5419
1722283200,"2024-07-29 20:00:00",3311.03,3353.38,3309.23,3317.66,42629.9401
1722297600,"2024-07-30 00:00:00",3317.66,3337.94,3282.3,3321,41748.5862
1722312000,"2024-07-30 04:00:00",3321,3353.41,3298.12,3340.9,26383.0201
1722326400,"2024-07-30 08:00:00",3340.9,3355.5,3327.09,3334.65,22941.9785
1722340800,"2024-07-30 12:00:00",3334.66,3366.4,3291.6,3321,40077.5343
1722355200,"2024-07-30 16:00:00",3321,3327.42,3260,3272.79,37527.1304
1722369600,"2024-07-30 20:00:00",3272.79,3285.23,3233.18,3279.21,28598.9146
1722384000,"2024-07-31 00:00:00",3279.2,3304.89,3262.04,3294.01,19396.1899
1722398400,"2024-07-31 04:00:00",3294.01,3332.04,3262.49,3317.5,41437.6447
1722412800,"2024-07-31 08:00:00",3317.49,3326.98,3306.81,3322.87,21979.6077
1722427200,"2024-07-31 12:00:00",3322.88,3350,3297.85,3302.36,53208.2554
1722441600,"2024-07-31 16:00:00",3302.35,3326.79,3245,3266.19,51571.4412
1722456000,"2024-07-31 20:00:00",3266.19,3271.87,3213.75,3232.74,46118.1963
1722470400,"2024-08-01 00:00:00",3232.74,3242.57,3171.65,3178.22,53390.5476
1722484800,"2024-08-01 04:00:00",3178.22,3189.8,3136.47,3166.81,49372.2508
1722499200,"2024-08-01 08:00:00",3166.82,3194.23,3165.52,3188.39,23439.8597
1722513600,"2024-08-01 12:00:00",3188.39,3207,3102.4,3117.18,75856.1791
1722528000,"2024-08-01 16:00:00",3117.18,3136,3080.02,3131.64,73912.6239
1722542400,"2024-08-01 20:00:00",3131.64,3219.34,3121.73,3203.4,47314.1494
1722556800,"2024-08-02 00:00:00",3203.4,3218.6,3136.41,3168.27,34860.9621
1722571200,"2024-08-02 04:00:00",3168.28,3175.52,3127,3147.42,29937.757
1722585600,"2024-08-02 08:00:00",3147.41,3166.95,3134.26,3153.73,29653.6551
1722600000,"2024-08-02 12:00:00",3153.73,3182.8,2985.13,3038.99,173912.4137
1722614400,"2024-08-02 16:00:00",3039,3048.59,2995,3011.64,55041.9854
1722628800,"2024-08-02 20:00:00",3011.64,3041.91,2967,2989.61,62297.2662
1722643200,"2024-08-03 00:00:00",2989.61,3003.53,2913.56,2982.5,68097.7841
1722657600,"2024-08-03 04:00:00",2982.49,2996.63,2961.04,2983.9,27043.971
1722672000,"2024-08-03 08:00:00",2983.81,3006.64,2974.5,2997.21,30768.4215
1722686400,"2024-08-03 12:00:00",2997.2,3018.02,2938.88,2942.4,39003.7122
1722700800,"2024-08-03 16:00:00",2942.4,2955.39,2878,2893.53,119955.4009
1722715200,"2024-08-03 20:00:00",2893.53,2922.41,2859,2903.64,59726.026
1722729600,"2024-08-04 00:00:00",2903.65,2935.46,2876.22,2915.78,32211.267
1722744000,"2024-08-04 04:00:00",2915.79,2922,2888,2893.24,25281.2304
1722758400,"2024-08-04 08:00:00",2893.24,2925,2876.93,2914.22,23191.0524
1722772800,"2024-08-04 12:00:00",2914.22,2925.8,2819.5,2826.98,88217.1839
1722787200,"2024-08-04 16:00:00",2827,2837.96,2630,2757.55,271340.6928
1722801600,"2024-08-04 20:00:00",2757.55,2772.74,2681.04,2688.92,71822.8347
1722816000,"2024-08-05 00:00:00",2688.91,2697.44,2111,2312.72,935014.2509
1722830400,"2024-08-05 04:00:00",2312.72,2386.44,2160,2357.55,603396.4171
1722844800,"2024-08-05 08:00:00",2357.54,2362.24,2224.22,2290.57,321924.8795
1722859200,"2024-08-05 12:00:00",2290.6,2462.9,2183.51,2450.8,511619.0657
1722873600,"2024-08-05 16:00:00",2450.8,2518,2364.14,2404.9,213856.426
1722888000,"2024-08-05 20:00:00",2404.89,2474.75,2401.53,2419.59,84793.0611
1722902400,"2024-08-06 00:00:00",2419.76,2547.43,2415.8,2491.9,124688.8145
1722916800,"2024-08-06 04:00:00",2491.9,2535.19,2478.53,2523.41,91242.331
1722931200,"2024-08-06 08:00:00",2523.42,2525,2440.32,2458.91,104813.2647
1722945600,"2024-08-06 12:00:00",2458.9,2556.23,2414.19,2527.6,166534.8948
1722960000,"2024-08-06 16:00:00",2527.59,2549.73,2480.99,2493.04,85929.469
1722974400,"2024-08-06 20:00:00",2493.04,2513.84,2446.08,2461.33,69075.0298
1722988800,"2024-08-07 00:00:00",2461.33,2530,2425.53,2507.27,89998.2153
1723003200,"2024-08-07 04:00:00",2507.26,2534.6,2485.12,2510.72,71252.392
1723017600,"2024-08-07 08:00:00",2510.79,2551.32,2470,2473.01,109157.3757
1723032000,"2024-08-07 12:00:00",2473.01,2487.64,2364.76,2412.75,177351.8683
1723046400,"2024-08-07 16:00:00",2412.76,2416.45,2326.95,2350.45,107767.2516
1723060800,"2024-08-07 20:00:00",2350.45,2370,2309.04,2342.8,74588.3199
1723075200,"2024-08-08 00:00:00",2342.79,2465.25,2320.4,2430.41,94210.6601
1723089600,"2024-08-08 04:00:00",2430.4,2445.32,2411.31,2414,47121.1834
1723104000,"2024-08-08 08:00:00",2414,2460.68,2408.6,2447.63,53930.8485
1723118400,"2024-08-08 12:00:00",2447.64,2525.68,2411.02,2507.2,155144.3221
1723132800,"2024-08-08 16:00:00",2507.21,2607.29,2504.02,2573.53,119225.8246
1723147200,"2024-08-08 20:00:00",2573.54,2724.1,2567.64,2682.5,116870.0367
1723161600,"2024-08-09 00:00:00",2682.5,2702.19,2646.4,2694.67,63994.929
1723176000,"2024-08-09 04:00:00",2694.66,2707.98,2649,2670.21,65306.4662
1723190400,"2024-08-09 08:00:00",2670.21,2681.28,2617.2,2634.92,59287.2414
1723204800,"2024-08-09 12:00:00",2634.93,2663.96,2556.4,2557.82,126842.6847
1723219200,"2024-08-09 16:00:00",2557.82,2609.75,2552.61,2590.8,47767.5934
1723233600,"2024-08-09 20:00:00",2590.8,2613.07,2562.39,2598.78,43541.0464
1723248000,"2024-08-10 00:00:00",2598.79,2644.7,2576.49,2602.59,41781.1559
1723262400,"2024-08-10 04:00:00",2602.6,2637,2588.4,2634.27,24360.3776
1723276800,"2024-08-10 08:00:00",2634.27,2642.84,2623,2636.58,23580.2801
1723291200,"2024-08-10 12:00:00",2636.58,2637.89,2597,2599.49,21751.9003
1723305600,"2024-08-10 16:00:00",2599.5,2622.84,2589.51,2603.01,42801.0115
1723320000,"2024-08-10 20:00:00",2603.01,2618,2596.21,2609.92,16737.6365
1723334400,"2024-08-11 00:00:00",2609.92,2668.28,2606.02,2646.38,29621.3165
1723348800,"2024-08-11 04:00:00",2646.39,2683.15,2634,2677.79,31780.3845
1723363200,"2024-08-11 08:00:00",2677.8,2720,2644.91,2652.61,59099.6587
1723377600,"2024-08-11 12:00:00",2652.6,2655.8,2594.46,2614.07,56736.4622
1723392000,"2024-08-11 16:00:00",2614.07,2645.92,2596.33,2599.06,50953.5936
1723406400,"2024-08-11 20:00:00",2599.06,2602.91,2540,2555.38,68907.499
1723420800,"2024-08-12 00:00:00",2555.38,2577.9,2510.05,2541.02,58146.0202
1723435200,"2024-08-12 04:00:00",2541.03,2582.75,2516.36,2567.27,43215.6712
1723449600,"2024-08-12 08:00:00",2567.27,2683.2,2558.54,2673.6,89661.5896
1723464000,"2024-08-12 12:00:00",2673.6,2723.7,2592.58,2689.2,160424.4042
1723478400,"2024-08-12 16:00:00",2689.2,2698.87,2627.89,2660.09,52993.2364
1723492800,"2024-08-12 20:00:00",2660.09,2750,2658.13,2722.3,78973.329
1723507200,"2024-08-13 00:00:00",2722.3,2738.4,2650.61,2656.39,75847.8786
1723521600,"2024-08-13 04:00:00",2656.38,2664,2635.13,2648.94,36317.3848
1723536000,"2024-08-13 08:00:00",2648.95,2658.34,2611.37,2644.65,36586.1892
1723550400,"2024-08-13 12:00:00",2644.66,2674.99,2630.91,2652,58394.3027
1723564800,"2024-08-13 16:00:00",2652,2730.28,2650,2711.46,80433.5472
1723579200,"2024-08-13 20:00:00",2711.46,2734,2692.85,2702.44,38089.3939
1723593600,"2024-08-14 00:00:00",2702.44,2725.4,2685.8,2709.39,29788.4378
1723608000,"2024-08-14 04:00:00",2709.4,2750,2707.72,2727.57,45833.5826
1723622400,"2024-08-14 08:00:00",2727.56,2764.05,2715,2750.24,57437.1613
1723636800,"2024-08-14 12:00:00",2750.24,2780,2632.2,2674.21,142243.9932
1723651200,"2024-08-14 16:00:00",2674.22,2674.22,2641.4,2669.06,38939.5101
1723665600,"2024-08-14 20:00:00",2669.06,2679.81,2641.3,2661.45,24566.0291
1723680000,"2024-08-15 00:00:00",2661.45,2673.57,2634,2652.5,35244.0635
1723694400,"2024-08-15 04:00:00",2652.49,2656.62,2589,2615.16,47768.0328
1723708800,"2024-08-15 08:00:00",2615.16,2644.1,2604.3,2637.73,32083.2746
1723723200,"2024-08-15 12:00:00",2637.73,2675.6,2633,2668.4,57024.9425
1723737600,"2024-08-15 16:00:00",2668.4,2675,2521.87,2549.59,130417.331
1723752000,"2024-08-15 20:00:00",2549.59,2589.55,2515.71,2569.89,54009.1615
1723766400,"2024-08-16 00:00:00",2569.9,2610.35,2552.17,2580.08,34928.8712
1723780800,"2024-08-16 04:00:00",2580.08,2628.83,2577.71,2617.45,36266.4295
1723795200,"2024-08-16 08:00:00",2617.44,2626.41,2606.55,2612.52,24004.2242
1723809600,"2024-08-16 12:00:00",2612.52,2619.89,2550.04,2568.97,73905.5159
1723824000,"2024-08-16 16:00:00",2568.96,2630.97,2564.13,2620.4,81118.3896
1723838400,"2024-08-16 20:00:00",2620.4,2626.19,2587,2592.73,20460.7069
1723852800,"2024-08-17 00:00:00",2592.72,2607.92,2587.5,2595.77,17799.5792
1723867200,"2024-08-17 04:00:00",2595.78,2603.65,2590.9,2600.24,10808.4453
1723881600,"2024-08-17 08:00:00",2600.24,2607.28,2593,2599.23,14186.2746
1723896000,"2024-08-17 12:00:00",2599.23,2618.65,2596.7,2606.78,19916.75
1723910400,"2024-08-17 16:00:00",2606.79,2629.69,2606.78,2614.94,15643.5968
1723924800,"2024-08-17 20:00:00",2614.95,2618.23,2600,2614.51,10994.0301
1723939200,"2024-08-18 00:00:00",2614.51,2638.22,2605.05,2606.6,25195.1998
1723953600,"2024-08-18 04:00:00",2606.61,2610.84,2594.53,2608.06,17655.2544
1723968000,"2024-08-18 08:00:00",2608.05,2669.49,2605.59,2649.4,46909.3327
1723982400,"2024-08-18 12:00:00",2649.4,2689.16,2643.06,2672.2,37248.2904
1723996800,"2024-08-18 16:00:00",2672.2,2678.38,2643.75,2667.9,19490.8698
1724011200,"2024-08-18 20:00:00",2667.99,2670,2610.05,2612.15,27575.1114
1724025600,"2024-08-19 00:00:00",2612.15,2647.42,2603.53,2644.41,39440.4953
1724040000,"2024-08-19 04:00:00",2644.41,2648.08,2612,2614.31,25322.1941
1724054400,"2024-08-19 08:00:00",2614.31,2622.26,2565.84,2587.9,47327.1464
1724068800,"2024-08-19 12:00:00",2587.91,2604.67,2563.58,2584.53,45893.9924
1724083200,"2024-08-19 16:00:00",2584.54,2629.96,2574.28,2606.63,44403.0922
1724097600,"2024-08-19 20:00:00",2606.63,2641.15,2604.32,2636.36,22480.2132
1724112000,"2024-08-20 00:00:00",2636.36,2677,2619.06,2661.99,44019.1489
1724126400,"2024-08-20 04:00:00",2662,2695,2657.63,2674.81,45897.8592
1724140800,"2024-08-20 08:00:00",2674.81,2676.4,2639.4,2642.45,28408.1903
1724155200,"2024-08-20 12:00:00",2642.46,2655.78,2555,2574.99,95187.741
1724169600,"2024-08-20 16:00:00",2575,2606.7,2565.8,2601.94,39842.9406
1724184000,"2024-08-20 20:00:00",2601.94,2609.93,2565.23,2572.82,27959.9951
1724198400,"2024-08-21 00:00:00",2572.81,2598.2,2557,2591.5,29772.4505
1724212800,"2024-08-21 04:00:00",2591.51,2606.6,2588.31,2600.72,20871.9622
1724227200,"2024-08-21 08:00:00",2600.73,2607.87,2567.35,2577.6,25994.1915
1724241600,"2024-08-21 12:00:00",2577.61,2618,2536.22,2601.89,82446.4366
1724256000,"2024-08-21 16:00:00",2601.88,2650,2592.58,2646.43,48427.2293
1724270400,"2024-08-21 20:00:00",2646.42,2663.74,2619.77,2630.71,37774.3517
1724284800,"2024-08-22 00:00:00",2630.71,2640.25,2584.2,2616.59,37855.1007
1724299200,"2024-08-22 04:00:00",2616.6,2642.33,2613.75,2636.29,20272.9857
1724313600,"2024-08-22 08:00:00",2636.3,2644.49,2619.6,2641.91,32925.1144
1724328000,"2024-08-22 12:00:00",2641.9,2644.69,2590.5,2599.4,60175.4528
1724342400,"2024-08-22 16:00:00",2599.41,2619.23,2597.4,2606.6,27850.849
1724356800,"2024-08-22 20:00:00",2606.61,2627.06,2606.47,2622.88,19983.617
1724371200,"2024-08-23 00:00:00",2622.89,2652.95,2621.4,2635.72,29172.9593
1724385600,"2024-08-23 04:00:00",2635.71,2689,2634.41,2669.23,63389.3545
1724400000,"2024-08-23 08:00:00",2669.24,2681,2650.99,2653.27,41876.3322
1724414400,"2024-08-23 12:00:00",2653.27,2699,2632.83,2671.09,91496.4468
1724428800,"2024-08-23 16:00:00",2671.09,2750,2663,2746.54,104960.0382
1724443200,"2024-08-23 20:00:00",2746.55,2799.13,2723.55,2762.48,70891.3137
1724457600,"2024-08-24 00:00:00",2762.49,2769.6,2742.47,2746.6,37141.1388
1724472000,"2024-08-24 04:00:00",2746.59,2765.3,2739.4,2758.48,38293.8238
1724486400,"2024-08-24 08:00:00",2758.48,2786.29,2754.82,2756.31,29140.0856
1724500800,"2024-08-24 12:00:00",2756.3,2764.58,2751.36,2761.07,28376.8278
1724515200,"2024-08-24 16:00:00",2761.06,2820,2760.28,2793.01,83086.7315
1724529600,"2024-08-24 20:00:00",2793.01,2807.61,2731.26,2768,47504.3366
1724544000,"2024-08-25 00:00:00",2768.01,2782.73,2748.9,2764.53,32309.0924
1724558400,"2024-08-25 04:00:00",2764.52,2770.29,2733.21,2743.4,25458.7456
1724572800,"2024-08-25 08:00:00",2743.39,2761.5,2737.23,2750.99,23915.8443
1724587200,"2024-08-25 12:00:00",2751,2772.9,2746,2763.81,21236.2074
1724601600,"2024-08-25 16:00:00",2763.81,2773.8,2760.15,2766.3,13737.9161
1724616000,"2024-08-25 20:00:00",2766.3,2792.28,2739.77,2746.13,37869.4294
1724630400,"2024-08-26 00:00:00",2746.12,2762,2718.14,2744.34,29741.3445
1724644800,"2024-08-26 04:00:00",2744.35,2752.2,2728.54,2733.13,20577.5855
1724659200,"2024-08-26 08:00:00",2733.13,2749.12,2710.01,2737.35,27380.4223
1724673600,"2024-08-26 12:00:00",2737.34,2742.47,2701.43,2721.69,55161.1476
1724688000,"2024-08-26 16:00:00",2721.69,2732.08,2675.52,2680.83,54876.0413
1724702400,"2024-08-26 20:00:00",2680.84,2693.23,2666.66,2680.49,23971.5835
1724716800,"2024-08-27 00:00:00",2680.49,2693.79,2667.12,2685.27,24222.1281
1724731200,"2024-08-27 04:00:00",2685.26,2699.98,2673.6,2687.9,35545.8362
1724745600,"2024-08-27 08:00:00",2687.9,2692.07,2619.3,2626.67,46222.7582
1724760000,"2024-08-27 12:00:00",2626.66,2628.91,2555,2579.3,99931.8544
1724774400,"2024-08-27 16:00:00",2579.3,2591.93,2563.49,2584,42186.7785
1724788800,"2024-08-27 20:00:00",2584.01,2588.34,2392.96,2457.33,164551.3643
1724803200,"2024-08-28 00:00:00",2457.33,2480.31,2418.8,2478.45,88136.9581
1724817600,"2024-08-28 04:00:00",2478.45,2485.99,2433.3,2437.02,56056.4456
1724832000,"2024-08-28 08:00:00",2437.02,2550.31,2429.14,2523.2,95664.2576
1724846400,"2024-08-28 12:00:00",2523.19,2539.4,2467.93,2496.05,71811.0681
1724860800,"2024-08-28 16:00:00",2496.05,2546.13,2456.19,2504.88,89785.8057
1724875200,"2024-08-28 20:00:00",2504.89,2554.6,2504.6,2528.33,49812.0989
1724889600,"2024-08-29 00:00:00",2528.33,2537.99,2512.2,2523.4,24672.3392
1724904000,"2024-08-29 04:00:00",2523.4,2559.39,2518.44,2547.53,31962.534
1724918400,"2024-08-29 08:00:00",2547.52,2574.22,2536.63,2555.21,33508.6029
1724932800,"2024-08-29 12:00:00",2555.2,2595.4,2552.14,2575.97,59653.3809
1724947200,"2024-08-29 16:00:00",2575.97,2585.69,2509.66,2528.54,61398.5516
1724961600,"2024-08-29 20:00:00",2528.55,2543.6,2505.88,2527.61,25807.5546
1724976000,"2024-08-30 00:00:00",2527.6,2535.4,2505,2516.8,28608.572
1724990400,"2024-08-30 04:00:00",2516.8,2533.52,2503.8,2517.41,34519.6722
1725004800,"2024-08-30 08:00:00",2517.42,2528.37,2507.31,2512.44,21297.5566
1725019200,"2024-08-30 12:00:00",2512.43,2552.17,2434.96,2448.75,103983.6261
1725033600,"2024-08-30 16:00:00",2448.76,2542.19,2431.14,2506.94,130701.1151
1725048000,"2024-08-30 20:00:00",2506.94,2530.66,2506.35,2526,19268.6521
1725062400,"2024-08-31 00:00:00",2525.99,2533.95,2518.86,2523.52,14166.9397
1725076800,"2024-08-31 04:00:00",2523.52,2529.86,2518.17,2521.01,14956.1787
1725091200,"2024-08-31 08:00:00",2521.01,2529.81,2511.47,2525.5,14773.6726
1725105600,"2024-08-31 12:00:00",2525.49,2527.8,2513.8,2519.19,15368.1774
1725120000,"2024-08-31 16:00:00",2519.18,2519.8,2491.92,2499.8,22057.3239
1725134400,"2024-08-31 20:00:00",2499.79,2528.22,2493.68,2513.01,16623.8224
1725148800,"2024-09-01 00:00:00",2513,2516.28,2476.44,2488.74,22040.3526
1725163200,"2024-09-01 04:00:00",2488.75,2491.18,2458.84,2486.82,26820.4775
1725177600,"2024-09-01 08:00:00",2486.82,2492.88,2459.02,2477.74,22368.1709
1725192000,"2024-09-01 12:00:00",2477.73,2489.31,2438,2480.83,47978.3656
1725206400,"2024-09-01 16:00:00",2480.83,2514.82,2457.16,2501.71,38784.3156
1725220800,"2024-09-01 20:00:00",2501.71,2516,2400,2425.72,65136.0938
1725235200,"2024-09-02 00:00:00",2425.71,2455.26,2423.52,2450.52,35331.6569
1725249600,"2024-09-02 04:00:00",2450.47,2466.2,2433.18,2441.14,37943.8673
1725264000,"2024-09-02 08:00:00",2441.14,2539.53,2438.39,2515.81,85893.6804
1725278400,"2024-09-02 12:00:00",2515.81,2528,2492.55,2513.2,41643.4238
1725292800,"2024-09-02 16:00:00",2513.2,2530.92,2505.78,2524.25,29916.1001
1725307200,"2024-09-02 20:00:00",2524.26,2564.83,2522.22,2538.01,31904.11
1725321600,"2024-09-03 00:00:00",2538,2553.6,2514.73,2516,27730.1585
1725336000,"2024-09-03 04:00:00",2516,2525.2,2512.46,2519.55,19383.1812
1725350400,"2024-09-03 08:00:00",2519.55,2520.54,2494.24,2509.59,20704.4681
1725364800,"2024-09-03 12:00:00",2509.59,2519.12,2435.79,2444.01,81518.5002
1725379200,"2024-09-03 16:00:00",2444.01,2469.87,2435.83,2447.6,41528.1331
1725393600,"2024-09-03 20:00:00",2447.6,2470.57,2411.12,2425.29,33928.6888
1725408000,"2024-09-04 00:00:00",2425.28,2449.22,2306.65,2373,144366.9266
1725422400,"2024-09-04 04:00:00",2372.99,2414.71,2363.56,2401.52,45719.3498
1725436800,"2024-09-04 08:00:00",2401.52,2410.83,2387.15,2398.77,36620.6349
1725451200,"2024-09-04 12:00:00",2398.77,2458.57,2393.16,2455.4,91240.017
1725465600,"2024-09-04 16:00:00",2455.39,2490,2439.2,2452.16,48221.7855
1725480000,"2024-09-04 20:00:00",2452.15,2469.55,2443.32,2450.71,18010.6716
1725494400,"2024-09-05 00:00:00",2450.71,2466,2404.28,2405.55,51182.1435
1725508800,"2024-09-05 04:00:00",2405.56,2418.47,2376.72,2412.4,42138.4727
1725523200,"2024-09-05 08:00:00",2412.41,2416.35,2383.16,2389.54,28448.2371
1725537600,"2024-09-05 12:00:00",2389.53,2415.15,2355.8,2371.43,85446.0382
1725552000,"2024-09-05 16:00:00",2371.43,2395.99,2348.04,2363.97,43189.7973
1725566400,"2024-09-05 20:00:00",2363.97,2378.33,2350,2368.81,28144.4081
1725580800,"2024-09-06 00:00:00",2368.81,2408.4,2357.6,2392.63,32980.5199
1725595200,"2024-09-06 04:00:00",2392.63,2397.35,2321.21,2344.45,57143.7515
1725609600,"2024-09-06 08:00:00",2344.44,2379.4,2338.57,2372.95,39913.21
1725624000,"2024-09-06 12:00:00",2372.96,2408.83,2266,2290.21,175343.7092
1725638400,"2024-09-06 16:00:00",2290.21,2293.17,2207.4,2222.56,176299.547
1725652800,"2024-09-06 20:00:00",2222.56,2229.89,2150.55,2225.23,161346.3734
1725667200,"2024-09-07 00:00:00",2225.24,2243,2220.98,2238.41,34327.2918
1725681600,"2024-09-07 04:00:00",2238.41,2293.76,2237.61,2288.11,54140.9563
1725696000,"2024-09-07 08:00:00",2288.11,2299.47,2275.2,2283.7,29197.2328
1725710400,"2024-09-07 12:00:00",2283.7,2311.27,2282.03,2300.49,35018.3105
1725724800,"2024-09-07 16:00:00",2300.49,2304.54,2263.4,2290.44,41600.0682
1725739200,"2024-09-07 20:00:00",2290.43,2291.19,2257.37,2273.58,25169.348
1725753600,"2024-09-08 00:00:00",2273.58,2288.33,2263.22,2286.04,19091.7911
1725768000,"2024-09-08 04:00:00",2286.04,2304.8,2283.75,2294.94,21958.6858
1725782400,"2024-09-08 08:00:00",2294.94,2309.86,2287.64,2296.6,24075.8922
1725796800,"2024-09-08 12:00:00",2296.6,2299,2240.94,2245.74,52232.089
1725811200,"2024-09-08 16:00:00",2245.74,2283.46,2243.26,2272.09,27008.5984
1725825600,"2024-09-08 20:00:00",2272.08,2333.58,2267.39,2297.3,48408.5928
1725840000,"2024-09-09 00:00:00",2297.3,2320.74,2288.61,2304.23,36474.1665
1725854400,"2024-09-09 04:00:00",2304.23,2316.51,2283.1,2314.33,31102.4478
1725868800,"2024-09-09 08:00:00",2314.33,2339,2310.06,2315.29,45191.1776
1725883200,"2024-09-09 12:00:00",2315.3,2325.51,2272.8,2292.55,71423.5153
1725897600,"2024-09-09 16:00:00",2292.56,2352.89,2291,2350.57,91396.0358
1725912000,"2024-09-09 20:00:00",2350.57,2381.41,2337.04,2359.5,46111.647
1725926400,"2024-09-10 00:00:00",2359.51,2360.59,2334.99,2340.84,27409.2787
1725940800,"2024-09-10 04:00:00",2340.85,2366.47,2328,2363.51,27052.9146
1725955200,"2024-09-10 08:00:00",2363.51,2372,2339.08,2351,33662.5301
1725969600,"2024-09-10 12:00:00",2351,2364.16,2320.41,2325.01,56700.2756
1725984000,"2024-09-10 16:00:00",2325.01,2391.94,2324.52,2380.73,47628.1754
1725998400,"2024-09-10 20:00:00",2380.73,2400,2372.2,2388.52,31928.9985
1726012800,"2024-09-11 00:00:00",2388.52,2389.32,2339,2348.31,39080.7694
1726027200,"2024-09-11 04:00:00",2348.31,2348.31,2318.66,2341.66,32934.4948
1726041600,"2024-09-11 08:00:00",2341.66,2341.89,2306.45,2327.59,29236.327
1726056000,"2024-09-11 12:00:00",2327.59,2355.32,2277.68,2325.9,110620.3982
1726070400,"2024-09-11 16:00:00",2325.89,2368.87,2324.48,2340.6,54352.1621
1726084800,"2024-09-11 20:00:00",2340.6,2351.8,2333,2340.55,16674.161
1726099200,"2024-09-12 00:00:00",2340.54,2391.93,2339.54,2368,44561.7461
1726113600,"2024-09-12 04:00:00",2368.01,2379.33,2352.74,2359.59,25955.6825
1726128000,"2024-09-12 08:00:00",2359.59,2365.99,2343.2,2348.55,23459.5022
1726142400,"2024-09-12 12:00:00",2348.56,2366.98,2315.39,2323.2,54189.4376
1726156800,"2024-09-12 16:00:00",2323.2,2361.54,2322.42,2361.03,32562.9832
1726171200,"2024-09-12 20:00:00",2361.03,2373.64,2341.5,2361.76,21881.7792
1726185600,"2024-09-13 00:00:00",2361.75,2364.56,2350.27,2356.04,13613.7223
1726200000,"2024-09-13 04:00:00",2356.04,2359.2,2337.35,2348.88,17905.2743
1726214400,"2024-09-13 08:00:00",2348.87,2376.22,2341.66,2354.35,27196.9041
1726228800,"2024-09-13 12:00:00",2354.39,2412.61,2342.41,2407.79,84151.519
1726243200,"2024-09-13 16:00:00",2407.79,2428.38,2396.06,2421.07,64306.4597
1726257600,"2024-09-13 20:00:00",2421.06,2464.82,2413.14,2439.19,46714.7366
1726272000,"2024-09-14 00:00:00",2439.19,2440.6,2422.28,2432.94,23620.601
1726286400,"2024-09-14 04:00:00",2432.94,2433.6,2413.8,2420.23,16326.8004
1726300800,"2024-09-14 08:00:00",2420.23,2421.76,2407.98,2417.07,19673.4027
1726315200,"2024-09-14 12:00:00",2417.08,2424.11,2412.17,2418.54,19119.1368
1726329600,"2024-09-14 16:00:00",2418.55,2421.15,2376.72,2408.71,31801.3372
1726344000,"2024-09-14 20:00:00",2408.71,2422.99,2407.16,2417.79,12389.9521
1726358400,"2024-09-15 00:00:00",2417.8,2430.32,2416.53,2420.09,14598.6023
1726372800,"2024-09-15 04:00:00",2420.09,2424.49,2414.1,2422.9,9048.6699
1726387200,"2024-09-15 08:00:00",2422.89,2423.18,2401.75,2406.86,14771.6684
1726401600,"2024-09-15 12:00:00",2406.86,2418.72,2396.28,2408.71,20382.7049
1726416000,"2024-09-15 16:00:00",2408.72,2409.12,2362.71,2372.35,41671.0716
1726430400,"2024-09-15 20:00:00",2372.34,2372.34,2283.75,2316.1,73891.4775
1726444800,"2024-09-16 00:00:00",2316.09,2322.6,2252.39,2278.38,86962.8377
1726459200,"2024-09-16 04:00:00",2278.38,2312.86,2276.1,2310.69,42263.8162
1726473600,"2024-09-16 08:00:00",2310.69,2335.7,2289,2307.8,45264.6371
1726488000,"2024-09-16 12:00:00",2307.8,2312.6,2269.52,2287.72,53576.0851
1726502400,"2024-09-16 16:00:00",2287.73,2311.06,2269.25,2275.22,57131.6662
1726516800,"2024-09-16 20:00:00",2275.22,2301.6,2267.6,2295.68,45356.1897
1726531200,"2024-09-17 00:00:00",2295.67,2298.91,2263.29,2284.18,28503.775
1726545600,"2024-09-17 04:00:00",2284.19,2310.75,2282.44,2309.18,23151.7754
1726560000,"2024-09-17 08:00:00",2309.18,2323.69,2302.46,2308.12,40567.8112
1726574400,"2024-09-17 12:00:00",2308.12,2393.63,2302.61,2383.79,100277.9426
1726588800,"2024-09-17 16:00:00",2383.79,2390,2327.9,2353.09,55350.6039
1726603200,"2024-09-17 20:00:00",2353.09,2361.6,2328.79,2341.8,26354.3507
1726617600,"2024-09-18 00:00:00",2341.79,2343.28,2309.69,2334.79,33269.0484
1726632000,"2024-09-18 04:00:00",2334.79,2336.24,2312.64,2330,24340.0227
1726646400,"2024-09-18 08:00:00",2330,2330.01,2277.34,2300.59,43998.7581
1726660800,"2024-09-18 12:00:00",2300.6,2318,2288,2296,39254.5568
1726675200,"2024-09-18 16:00:00",2296,2364.42,2288.25,2315.19,107978.8702
1726689600,"2024-09-18 20:00:00",2315.19,2376.14,2290,2374.75,44076.3446
1726704000,"2024-09-19 00:00:00",2374.74,2412.82,2372.6,2403.68,74063.4655
1726718400,"2024-09-19 04:00:00",2403.69,2442.6,2399.59,2438.06,51924.8166
1726732800,"2024-09-19 08:00:00",2438.07,2442.1,2423.35,2435.35,42639.8525
1726747200,"2024-09-19 12:00:00",2435.34,2453,2420.48,2440,57030.3325
1726761600,"2024-09-19 16:00:00",2439.99,2494.95,2433.41,2460.93,69471.6538
1726776000,"2024-09-19 20:00:00",2460.94,2478.8,2452.26,2465.21,31615.9111
1726790400,"2024-09-20 00:00:00",2465.21,2521.71,2437.31,2520.56,49254.4522
1726804800,"2024-09-20 04:00:00",2520.56,2571.93,2516.81,2561,103499.6359
1726819200,"2024-09-20 08:00:00",2561,2565,2539.34,2544.96,43297.2088
1726833600,"2024-09-20 12:00:00",2544.95,2570,2516.2,2560.27,81292.3298
1726848000,"2024-09-20 16:00:00",2560.27,2569,2525.36,2540.98,42141.6771
1726862400,"2024-09-20 20:00:00",2540.97,2562.4,2538.47,2561.4,21269.2874
1726876800,"2024-09-21 00:00:00",2561.4,2587.4,2534.17,2544,43762.2681
1726891200,"2024-09-21 04:00:00",2544.01,2558.99,2528.97,2555.77,24115.9844
1726905600,"2024-09-21 08:00:00",2555.77,2557.34,2545.04,2556.5,13639.3088
1726920000,"2024-09-21 12:00:00",2556.49,2576.47,2550.44,2560,26807.5925
1726934400,"2024-09-21 16:00:00",2560,2578.4,2556.21,2572.05,16053.7707
1726948800,"2024-09-21 20:00:00",2572.06,2623.34,2560,2612.4,30378.9528
1726963200,"2024-09-22 00:00:00",2612.4,2632.57,2588.1,2594.71,44959.9
1726977600,"2024-09-22 04:00:00",2594.7,2604.6,2576.01,2587.99,23704.0734
1726992000,"2024-09-22 08:00:00",2587.99,2595.76,2569.61,2580.59,27603.6937
1727006400,"2024-09-22 12:00:00",2580.59,2588,2554.82,2570.51,35522.7974
1727020800,"2024-09-22 16:00:00",2570.51,2591.69,2552.49,2578.37,36410.4297
1727035200,"2024-09-22 20:00:00",2578.38,2594,2524.58,2581,46065.4315
1727049600,"2024-09-23 00:00:00",2580.99,2687.24,2539.49,2676.71,98308.8181
1727064000,"2024-09-23 04:00:00",2676.71,2681.13,2636.49,2646.48,44218.2619
1727078400,"2024-09-23 08:00:00",2646.47,2662.47,2633.91,2646,36840.1003
1727092800,"2024-09-23 12:00:00",2646,2685.1,2631.45,2675.38,59269.4637
1727107200,"2024-09-23 16:00:00",2675.37,2702.82,2658.08,2672.97,58966.6192
1727121600,"2024-09-23 20:00:00",2672.97,2682.3,2639.55,2646.97,35678.7517
1727136000,"2024-09-24 00:00:00",2646.98,2651.39,2609.4,2627.4,52066.9646
1727150400,"2024-09-24 04:00:00",2627.39,2649.4,2618.28,2647,25605.4939
1727164800,"2024-09-24 08:00:00",2647,2667.75,2619.35,2636.85,45110.5414
1727179200,"2024-09-24 12:00:00",2636.86,2646.36,2591.56,2612.44,79666.7414
1727193600,"2024-09-24 16:00:00",2612.44,2657,2611.07,2650.49,44179.4142
1727208000,"2024-09-24 20:00:00",2650.49,2670.96,2640.14,2653.2,41970.8847
1727222400,"2024-09-25 00:00:00",2653.2,2673.5,2632.5,2646.6,45571.698
1727236800,"2024-09-25 04:00:00",2646.61,2646.87,2610.53,2621.47,36076.8035
1727251200,"2024-09-25 08:00:00",2621.48,2630.52,2613.99,2627.4,28484.7217
1727265600,"2024-09-25 12:00:00",2627.39,2629.56,2595.61,2600.81,40267.1429
1727280000,"2024-09-25 16:00:00",2600.81,2609.39,2564.77,2570.69,47192.8845
1727294400,"2024-09-25 20:00:00",2570.69,2584.75,2554.05,2579.95,22750.1787
1727308800,"2024-09-26 00:00:00",2580.09,2607,2559.2,2602.3,41277.9557
1727323200,"2024-09-26 04:00:00",2602.31,2634.95,2591.75,2629.8,30667.359
1727337600,"2024-09-26 08:00:00",2629.8,2639.5,2612.83,2628.8,46833.8007
1727352000,"2024-09-26 12:00:00",2628.79,2663.8,2607.92,2652.01,82796.5157
1727366400,"2024-09-26 16:00:00",2652.01,2666.22,2626.8,2648.99,46663.0564
1727380800,"2024-09-26 20:00:00",2649,2654.97,2617.49,2632.26,30447.6698
1727395200,"2024-09-27 00:00:00",2632.25,2644.9,2615.21,2638.66,26768.3738
1727409600,"2024-09-27 04:00:00",2638.66,2668.37,2636.8,2657.27,56713.5886
1727424000,"2024-09-27 08:00:00",2657.28,2677.61,2641.3,2652,41596.5263
1727438400,"2024-09-27 12:00:00",2652,2699.68,2642.2,2683.62,67237.2116
1727452800,"2024-09-27 16:00:00",2683.63,2728.6,2678.49,2701.37,71817.2564
1727467200,"2024-09-27 20:00:00",2701.38,2708.41,2689.99,2694.43,17694.0225
1727481600,"2024-09-28 00:00:00",2694.43,2704.35,2688.01,2690.31,21128.0815
1727496000,"2024-09-28 04:00:00",2690.31,2700.36,2674.75,2677.93,24118.7176
1727510400,"2024-09-28 08:00:00",2677.93,2678.42,2650,2675.22,29681.2006
1727524800,"2024-09-28 12:00:00",2675.23,2675.9,2652.2,2669.9,24672.6722
1727539200,"2024-09-28 16:00:00",2669.89,2684.51,2662.21,2678.34,21399.5884
1727553600,"2024-09-28 20:00:00",2678.33,2680.33,2655.5,2675.21,16229.7739
1727568000,"2024-09-29 00:00:00",2675.21,2683.7,2663.64,2674.96,13413.3075
1727582400,"2024-09-29 04:00:00",2674.96,2674.96,2629.73,2640.44,55180.1074
1727596800,"2024-09-29 08:00:00",2640.43,2655,2634.2,2652.49,24320.7835
1727611200,"2024-09-29 12:00:00",2652.49,2669.2,2641,2666.38,24891.9894
1727625600,"2024-09-29 16:00:00",2666.38,2671.8,2650.49,2666.78,20369.8117
1727640000,"2024-09-29 20:00:00",2666.77,2673.41,2648,2657.62,22378.3151
1727654400,"2024-09-30 00:00:00",2657.62,2663.5,2601.12,2629.89,67474.6477
1727668800,"2024-09-30 04:00:00",2629.89,2643.53,2623.08,2637.82,27997.402
1727683200,"2024-09-30 08:00:00",2637.81,2643.08,2592.42,2628.94,66786.5368
1727697600,"2024-09-30 12:00:00",2628.94,2638.94,2593.73,2596,35767.354
1727712000,"2024-09-30 16:00:00",2595.99,2610.01,2575,2595.31,45071.6506
1727726400,"2024-09-30 20:00:00",2595.31,2617.46,2576.58,2602.23,39378.205
1727740800,"2024-10-01 00:00:00",2602.24,2633.3,2591.34,2629.83,46721.4787
1727755200,"2024-10-01 04:00:00",2629.83,2659,2627.6,2645.61,41960.4537
1727769600,"2024-10-01 08:00:00",2645.61,2647.19,2628.47,2628.87,28094.2912
1727784000,"2024-10-01 12:00:00",2628.86,2633.42,2481.4,2524.81,162363.3521
1727798400,"2024-10-01 16:00:00",2524.81,2531.4,2428.34,2488.71,137494.6322
1727812800,"2024-10-01 20:00:00",2488.71,2492.4,2414,2447.79,86194.4725
1727827200,"2024-10-02 00:00:00",2447.78,2499,2442.13,2489.6,44750.7125
1727841600,"2024-10-02 04:00:00",2489.6,2492.93,2467.19,2482.04,33754.5231
1727856000,"2024-10-02 08:00:00",2482.03,2486.89,2441.71,2455.22,39918.2223
1727870400,"2024-10-02 12:00:00",2455.22,2463.67,2418.8,2460.4,69451.668
1727884800,"2024-10-02 16:00:00",2460.4,2478.89,2368.03,2371.77,74986.2284
1727899200,"2024-10-02 20:00:00",2371.77,2392.99,2352,2364.1,54623.3807
1727913600,"2024-10-03 00:00:00",2364.09,2399.6,2352.59,2399.32,42118.3821
1727928000,"2024-10-03 04:00:00",2399.32,2403.38,2360,2364.66,42369.5009
1727942400,"2024-10-03 08:00:00",2364.65,2370,2318.72,2352.34,83288.927
1727956800,"2024-10-03 12:00:00",2352.35,2366.09,2310,2340.59,87184.8993
1727971200,"2024-10-03 16:00:00",2340.6,2354.31,2312,2353.51,39550.6975
1727985600,"2024-10-03 20:00:00",2353.51,2357.9,2332.6,2349.8,20123.5195
1728000000,"2024-10-04 00:00:00",2349.8,2380,2339.15,2367.06,38159.3861
1728014400,"2024-10-04 04:00:00",2367.07,2387.58,2365.63,2381.6,29429.7729
1728028800,"2024-10-04 08:00:00",2381.6,2393.52,2374.11,2386.2,24944.9194
1728043200,"2024-10-04 12:00:00",2386.2,2418.41,2352.6,2417.05,79263.7285
1728057600,"2024-10-04 16:00:00",2417.1,2441.64,2409.67,2428.9,52325.0473
1728072000,"2024-10-04 20:00:00",2428.9,2431.74,2412.4,2414.41,15260.1628
1728086400,"2024-10-05 00:00:00",2414.41,2428.23,2390.26,2399.6,20356.2535
1728100800,"2024-10-05 04:00:00",2399.61,2427,2397.11,2415.1,14638.4733
1728115200,"2024-10-05 08:00:00",2415.11,2428.22,2415.1,2417.19,14026.2539
1728129600,"2024-10-05 12:00:00",2417.19,2424.15,2404.7,2415.01,20570.7141
1728144000,"2024-10-05 16:00:00",2415.01,2416.1,2392.8,2396.54,18796.2094
1728158400,"2024-10-05 20:00:00",2396.54,2419.5,2390.05,2414.66,15352.3274
1728172800,"2024-10-06 00:00:00",2414.66,2423,2407,2413.64,11865.5663
1728187200,"2024-10-06 04:00:00",2413.63,2421,2410.35,2417.38,10555.4611
1728201600,"2024-10-06 08:00:00",2417.39,2430.73,2415.4,2426.63,13919.4157
1728216000,"2024-10-06 12:00:00",2426.64,2457.8,2424.91,2446.62,28185.7731
1728230400,"2024-10-06 16:00:00",2446.62,2453,2435.4,2441.39,20084.9861
1728244800,"2024-10-06 20:00:00",2441.4,2444.6,2415.65,2440.03,21141.5073
1728259200,"2024-10-07 00:00:00",2440.02,2512.92,2435.84,2495.34,64906.1124
1728273600,"2024-10-07 04:00:00",2495.34,2498.7,2477.24,2480.53,24519.6837
1728288000,"2024-10-07 08:00:00",2480.54,2488.87,2437.9,2475.84,53068.404
1728302400,"2024-10-07 12:00:00",2475.84,2521,2462.67,2474.23,69983.6456
1728316800,"2024-10-07 16:00:00",2474.24,2481.2,2420.01,2445.62,50138.6127
1728331200,"2024-10-07 20:00:00",2445.62,2457.65,2403,2422.71,37843.0823
1728345600,"2024-10-08 00:00:00",2422.7,2448.1,2422.7,2438.13,23442.3811
1728360000,"2024-10-08 04:00:00",2438.13,2445.74,2410.51,2428.6,30639.3201
1728374400,"2024-10-08 08:00:00",2428.6,2441.74,2417.4,2439.71,20649.4241
1728388800,"2024-10-08 12:00:00",2439.71,2453.23,2401.18,2419.5,63179.4006
1728403200,"2024-10-08 16:00:00",2419.49,2456.62,2411.17,2440.13,43221.5315
1728417600,"2024-10-08 20:00:00",2440.13,2466.66,2434.06,2440.89,20226.2738
1728432000,"2024-10-09 00:00:00",2440.88,2473.61,2427.44,2446.78,35935.5975
1728446400,"2024-10-09 04:00:00",2446.78,2452.61,2431.71,2436.01,21223.492
1728460800,"2024-10-09 08:00:00",2436,2442.55,2427.79,2441.7,22985.73
1728475200,"2024-10-09 12:00:00",2441.69,2472.08,2423.13,2461.3,55578.003
1728489600,"2024-10-09 16:00:00",2461.3,2462.61,2407.43,2418.3,40763.1329
1728504000,"2024-10-09 20:00:00",2418.3,2418.3,2351.42,2370.47,65596.3171
1728518400,"2024-10-10 00:00:00",2370.47,2400.6,2366.87,2395.3,38178.3731
1728532800,"2024-10-10 04:00:00",2395.31,2411.38,2391.12,2395.8,20018.0731
1728547200,"2024-10-10 08:00:00",2395.78,2408.12,2368.55,2406.56,32497.4526
1728561600,"2024-10-10 12:00:00",2406.56,2408.93,2370,2404.63,50311.8395
1728576000,"2024-10-10 16:00:00",2404.62,2421.36,2330.66,2367.13,93309.876
1728590400,"2024-10-10 20:00:00",2367.13,2387.09,2357.07,2386.49,23547.3476
1728604800,"2024-10-11 00:00:00",2386.49,2416.94,2381.86,2411.1,30289.8309
1728619200,"2024-10-11 04:00:00",2411.18,2418.55,2403.36,2407.64,24815.734
1728633600,"2024-10-11 08:00:00",2407.64,2426.22,2402.65,2417.82,29077.8241
1728648000,"2024-10-11 12:00:00",2417.83,2453.84,2414.51,2443.81,70787.7003
1728662400,"2024-10-11 16:00:00",2443.8,2471.45,2433.46,2459.6,54255.9426
1728676800,"2024-10-11 20:00:00",2459.59,2462.31,2434.22,2439.5,26214.1878
1728691200,"2024-10-12 00:00:00",2439.49,2451.37,2434.35,2439.04,25581.3859
1728705600,"2024-10-12 04:00:00",2439.05,2451.77,2439.05,2446.69,19107.4669
1728720000,"2024-10-12 08:00:00",2446.68,2467.51,2442.61,2452.5,22359.2388
1728734400,"2024-10-12 12:00:00",2452.5,2484,2448.8,2473.11,38159.8719
1728748800,"2024-10-12 16:00:00",2473.1,2486.75,2466.66,2472.6,21868.9413
1728763200,"2024-10-12 20:00:00",2472.6,2490.51,2469.1,2476.4,12560.6014
1728777600,"2024-10-13 00:00:00",2476.4,2484.92,2452.55,2457.86,22224.4323
1728792000,"2024-10-13 04:00:00",2457.86,2469.84,2457.32,2465,11829.3096
1728806400,"2024-10-13 08:00:00",2465,2471.74,2457.52,2458.27,13286.2189
1728820800,"2024-10-13 12:00:00",2458.27,2470.49,2436.4,2440.51,25303.6962
1728835200,"2024-10-13 16:00:00",2440.51,2462.31,2437.92,2458.09,24263.4219
1728849600,"2024-10-13 20:00:00",2458.09,2484.6,2452.87,2468.91,23115.739
1728864000,"2024-10-14 00:00:00",2468.92,2526.6,2443.39,2521.11,65340.254
1728878400,"2024-10-14 04:00:00",2521.11,2548.43,2511.34,2535.78,90677.8823
1728892800,"2024-10-14 08:00:00",2535.78,2547.49,2519.65,2537.9,44684.5599
1728907200,"2024-10-14 12:00:00",2537.91,2642.88,2534.47,2635.47,149388.5896
1728921600,"2024-10-14 16:00:00",2635.47,2640.4,2615.12,2620.51,51675.6035
1728936000,"2024-10-14 20:00:00",2620.5,2654,2616.1,2629.79,34133.2726
1728950400,"2024-10-15 00:00:00",2629.79,2637.38,2608.52,2612.32,32699.9359
1728964800,"2024-10-15 04:00:00",2612.33,2623.7,2590.29,2615.66,39737.151
1728979200,"2024-10-15 08:00:00",2615.67,2622.5,2580.01,2586.2,46038.5745
1728993600,"2024-10-15 12:00:00",2586.2,2688.6,2537.36,2573.45,191312.0206
1729008000,"2024-10-15 16:00:00",2573.42,2619.33,2571.36,2592.11,70160.4914
1729022400,"2024-10-15 20:00:00",2592.11,2609.08,2563.6,2607.41,36337.4929
1729036800,"2024-10-16 00:00:00",2607.41,2630.6,2588.67,2617.23,41559.1494
1729051200,"2024-10-16 04:00:00",2617.22,2624.44,2598.77,2607.13,44954.7587
1729065600,"2024-10-16 08:00:00",2607.12,2642.69,2605.01,2630.4,57405.2416
1729080000,"2024-10-16 12:00:00",2630.41,2647.79,2595,2607.67,69142.741
1729094400,"2024-10-16 16:00:00",2607.68,2628,2591.58,2614.93,29249.1835
1729108800,"2024-10-16 20:00:00",2614.93,2628.83,2608.94,2611.1,18011.35
1729123200,"2024-10-17 00:00:00",2611.1,2645.6,2610.03,2640.8,42096.8727
1729137600,"2024-10-17 04:00:00",2640.8,2648.37,2618.99,2628.5,33833.5101
1729152000,"2024-10-17 08:00:00",2628.5,2630.71,2596.49,2598.01,37961.3642
1729166400,"2024-10-17 12:00:00",2598.01,2632.73,2583.5,2630.82,53370.1693
1729180800,"2024-10-17 16:00:00",2630.81,2631.43,2575.4,2595.59,36027.0507
1729195200,"2024-10-17 20:00:00",2595.6,2614.91,2594.8,2605.8,18335.5764
1729209600,"2024-10-18 00:00:00",2605.79,2651.66,2596.49,2609.99,55249.9857
1729224000,"2024-10-18 04:00:00",2609.98,2645.83,2608.79,2644.5,39782.9796
1729238400,"2024-10-18 08:00:00",2644.51,2650,2621,2621.98,34026.8825
1729252800,"2024-10-18 12:00:00",2621.98,2663.4,2612.2,2653.15,73294.5491
1729267200,"2024-10-18 16:00:00",2653.15,2675.58,2629.5,2651.31,65334.2914
1729281600,"2024-10-18 20:00:00",2651.38,2652.03,2633.59,2642.17,24755.427
1729296000,"2024-10-19 00:00:00",2642.17,2663.49,2635.22,2646.41,24351.122
1729310400,"2024-10-19 04:00:00",2646.41,2650.97,2638,2641.05,16877.9183
1729324800,"2024-10-19 08:00:00",2641.05,2648.6,2631.02,2631.48,17547.521
1729339200,"2024-10-19 12:00:00",2631.48,2654.41,2631.04,2645.7,19701.0133
1729353600,"2024-10-19 16:00:00",2645.69,2646.52,2637,2641.34,14020.3029
1729368000,"2024-10-19 20:00:00",2641.34,2655.5,2640.89,2648.2,12915.8871
1729382400,"2024-10-20 00:00:00",2648.2,2653.56,2635.54,2640.25,16860.0707
1729396800,"2024-10-20 04:00:00",2640.26,2652.03,2638.45,2646.1,16365.2238
1729411200,"2024-10-20 08:00:00",2646.1,2651.49,2643.13,2649.49,12696.1974
1729425600,"2024-10-20 12:00:00",2649.5,2721,2642,2706.58,100584.9476
1729440000,"2024-10-20 16:00:00",2706.58,2709.77,2686.25,2699.86,31714.755
1729454400,"2024-10-20 20:00:00",2699.87,2759,2697.03,2746.91,78689.5503
1729468800,"2024-10-21 00:00:00",2746.91,2769.48,2725.3,2733.81,65279.2393
1729483200,"2024-10-21 04:00:00",2733.81,2744.24,2721.62,2722.01,36486.2056
1729497600,"2024-10-21 08:00:00",2722.01,2729.2,2701.41,2704.77,46379.4613
1729512000,"2024-10-21 12:00:00",2704.77,2711.36,2659.12,2679.43,90914.2578
1729526400,"2024-10-21 16:00:00",2679.43,2684.79,2655.01,2680.1,46431.9384
1729540800,"2024-10-21 20:00:00",2680.1,2685.02,2665.69,2666.7,25183.6208
1729555200,"2024-10-22 00:00:00",2666.71,2671.92,2613.49,2644.56,74882.1172
1729569600,"2024-10-22 04:00:00",2644.56,2659.39,2635.21,2646.79,28463.0967
1729584000,"2024-10-22 08:00:00",2646.8,2649.19,2613.2,2632.9,45524.9314
1729598400,"2024-10-22 12:00:00",2632.89,2645.5,2606.56,2624.33,65580.5638
1729612800,"2024-10-22 16:00:00",2624.33,2633.82,2607,2628.01,30526.639
1729627200,"2024-10-22 20:00:00",2628.01,2644.1,2618.21,2622.81,20770.3649
1729641600,"2024-10-23 00:00:00",2622.81,2628.2,2601.18,2616.5,28370.0336
1729656000,"2024-10-23 04:00:00",2616.49,2624.68,2602.63,2602.81,25160.8196
1729670400,"2024-10-23 08:00:00",2602.81,2611.52,2563.73,2580.93,57446.364
1729684800,"2024-10-23 12:00:00",2580.94,2587.4,2529.66,2540.22,82536.558
1729699200,"2024-10-23 16:00:00",2540.21,2542.56,2450,2512.51,127126.4845
1729713600,"2024-10-23 20:00:00",2512.51,2528.49,2502,2524.61,32007.4489
1729728000,"2024-10-24 00:00:00",2524.6,2560.75,2508.98,2544.8,51444.6055
1729742400,"2024-10-24 04:00:00",2544.8,2562.65,2540.38,2544.76,50086.9987
1729756800,"2024-10-24 08:00:00",2544.76,2551.4,2508.8,2529.47,42147.9069
1729771200,"2024-10-24 12:00:00",2529.47,2545.75,2513.4,2525.84,72617.4411
1729785600,"2024-10-24 16:00:00",2525.8,2541.91,2507.31,2539.96,40463.6768
1729800000,"2024-10-24 20:00:00",2539.97,2560,2526.6,2535.82,34091.1552
1729814400,"2024-10-25 00:00:00",2535.82,2538.53,2509.89,2521.73,27585.145
1729828800,"2024-10-25 04:00:00",2521.73,2522.55,2462.06,2484.07,63749.3653
1729843200,"2024-10-25 08:00:00",2484.07,2547,2478.37,2545.13,79017.9636
1729857600,"2024-10-25 12:00:00",2545.13,2566.33,2508.71,2524.86,83767.1181
1729872000,"2024-10-25 16:00:00",2524.86,2536.7,2455.6,2476.1,114795.8392
1729886400,"2024-10-25 20:00:00",2476.11,2496.59,2382.59,2440.62,145884.451
1729900800,"2024-10-26 00:00:00",2440.63,2458,2430.12,2452.27,59166.402
1729915200,"2024-10-26 04:00:00",2452.27,2479.7,2451.4,2465.61,39515.6559
1729929600,"2024-10-26 08:00:00",2465.62,2478.99,2463.23,2472.98,35646.5741
1729944000,"2024-10-26 12:00:00",2472.98,2478.8,2442.2,2457.59,54074.5149
1729958400,"2024-10-26 16:00:00",2457.6,2488.14,2455.77,2486.68,35230.3821
1729972800,"2024-10-26 20:00:00",2486.68,2508,2481.9,2482.51,25091.3023
1729987200,"2024-10-27 00:00:00",2482.51,2484.89,2469.52,2484.64,15688.7621
1730001600,"2024-10-27 04:00:00",2484.65,2486.84,2477.98,2481.26,13016.3023
1730016000,"2024-10-27 08:00:00",2481.25,2484.4,2464.13,2469.86,20154.6201
1730030400,"2024-10-27 12:00:00",2469.86,2505.82,2469.75,2501.97,37377.7212
1730044800,"2024-10-27 16:00:00",2501.98,2511.7,2486,2494.59,22550.227
1730059200,"2024-10-27 20:00:00",2494.58,2527.99,2490.83,2507.8,28793.2509
1730073600,"2024-10-28 00:00:00",2507.8,2512.53,2471.67,2477.71,28902.3387
1730088000,"2024-10-28 04:00:00",2477.7,2527,2473.2,2511.77,39534.4516
1730102400,"2024-10-28 08:00:00",2511.77,2544.74,2505.18,2527.12,50665.782
1730116800,"2024-10-28 12:00:00",2527.12,2536.6,2498.46,2501.02,73780.0943
1730131200,"2024-10-28 16:00:00",2501.01,2524.3,2488,2506.7,77169.9539
1730145600,"2024-10-28 20:00:00",2506.7,2589.67,2505.01,2567.48,90552.7065
1730160000,"2024-10-29 00:00:00",2567.49,2631.66,2561.2,2607.75,113234.5153
1730174400,"2024-10-29 04:00:00",2607.75,2626.49,2607.75,2613.3,47598.2051
1730188800,"2024-10-29 08:00:00",2613.29,2638.8,2612.81,2631.59,47484.2184
1730203200,"2024-10-29 12:00:00",2631.59,2650.99,2611.33,2648.52,76755.787
1730217600,"2024-10-29 16:00:00",2648.51,2681.86,2623.22,2624.74,118181.9834
1730232000,"2024-10-29 20:00:00",2624.74,2648.25,2606.82,2638.8,48660.9933
1730246400,"2024-10-30 00:00:00",2638.8,2651.42,2599.66,2641.7,58651.4667
1730260800,"2024-10-30 04:00:00",2641.71,2684.21,2636.2,2668.6,56092.6306
1730275200,"2024-10-30 08:00:00",2668.6,2696.5,2657.09,2659.18,73414.7548
1730289600,"2024-10-30 12:00:00",2659.18,2722.3,2653.03,2683.08,149492.5606
1730304000,"2024-10-30 16:00:00",2683.07,2696.22,2653.26,2655,51758.8372
1730318400,"2024-10-30 20:00:00",2655,2686.13,2635.52,2659.19,71216.8761
1730332800,"2024-10-31 00:00:00",2659.19,2669,2637.63,2657,44745.4639
1730347200,"2024-10-31 04:00:00",2657,2657.99,2631.63,2646.8,30494.4159
1730361600,"2024-10-31 08:00:00",2646.79,2648.5,2625.26,2638.81,49785.3798
1730376000,"2024-10-31 12:00:00",2638.82,2641,2541.23,2562.86,138890.8756
1730390400,"2024-10-31 16:00:00",2562.86,2564.09,2506.3,2514.33,86177.7516
1730404800,"2024-10-31 20:00:00",2514.34,2530.07,2503,2518.61,53333.3149
1730419200,"2024-11-01 00:00:00",2518.61,2533.25,2467.67,2503.2,86691.3327
1730433600,"2024-11-01 04:00:00",2503.2,2516.2,2485.35,2504.12,43728.3342
1730448000,"2024-11-01 08:00:00",2504.12,2525.8,2494.55,2515.44,50334.2681
1730462400,"2024-11-01 12:00:00",2515.44,2586.8,2481.68,2500.03,148101.0589
1730476800,"2024-11-01 16:00:00",2500.02,2538.58,2495.2,2514.49,70817.1562
1730491200,"2024-11-01 20:00:00",2514.5,2527.46,2485.05,2511.49,30576.9572
1730505600,"2024-11-02 00:00:00",2511.49,2523.45,2501,2506.7,23860.5833
1730520000,"2024-11-02 04:00:00",2506.71,2513.87,2499.59,2507.35,15843.2724
1730534400,"2024-11-02 08:00:00",2507.34,2510.3,2491.2,2502.13,20552.6748
1730548800,"2024-11-02 12:00:00",2502.14,2504.5,2470,2488.79,55572.1722
1730563200,"2024-11-02 16:00:00",2488.78,2497.73,2479.3,2493.02,18610.8072
1730577600,"2024-11-02 20:00:00",2493.01,2497.89,2485.1,2494.23,11521.6201
1730592000,"2024-11-03 00:00:00",2494.23,2496.39,2421.29,2449.59,67070.7487
1730606400,"2024-11-03 04:00:00",2449.6,2463.83,2441.1,2450.03,24030.4785
1730620800,"2024-11-03 08:00:00",2450.03,2462.64,2443.94,2454.47,36799.3352
1730635200,"2024-11-03 12:00:00",2454.47,2460.6,2413.38,2442.63,60945.4178
1730649600,"2024-11-03 16:00:00",2442.63,2459.53,2411,2452.89,52907.215
1730664000,"2024-11-03 20:00:00",2452.89,2475.52,2447.4,2457.73,34255.9245
1730678400,"2024-11-04 00:00:00",2457.73,2491.39,2434.99,2473.76,37127.5002
1730692800,"2024-11-04 04:00:00",2473.77,2482.42,2457.21,2459.67,22635.0346
1730707200,"2024-11-04 08:00:00",2459.68,2478,2447.34,2470.2,28566.6765
1730721600,"2024-11-04 12:00:00",2470.2,2486,2431.51,2442.6,56215.3522
1730736000,"2024-11-04 16:00:00",2442.6,2446.32,2405.8,2430.43,63432.5532
1730750400,"2024-11-04 20:00:00",2430.42,2432.08,2357.59,2398.21,98339.8478
1730764800,"2024-11-05 00:00:00",2398.21,2421.4,2380.74,2420.41,47944.8664
1730779200,"2024-11-05 04:00:00",2420.4,2445.7,2417.21,2443.4,38943.023
1730793600,"2024-11-05 08:00:00",2443.41,2448,2430.31,2440.63,36062.5012
1730808000,"2024-11-05 12:00:00",2440.63,2480,2427.4,2441.19,89272.4654
1730822400,"2024-11-05 16:00:00",2441.2,2475,2401.3,2408.4,71328.772
1730836800,"2024-11-05 20:00:00",2408.39,2440,2401.7,2422.55,48067.6265
1730851200,"2024-11-06 00:00:00",2422.6,2638,2420.3,2579.31,273196.315
1730865600,"2024-11-06 04:00:00",2579.31,2643.2,2561,2594,263406.854
1730880000,"2024-11-06 08:00:00",2593.99,2637,2571,2629.02,130007.8482
1730894400,"2024-11-06 12:00:00",2629.03,2666.66,2608,2634.19,142673.0702
1730908800,"2024-11-06 16:00:00",2634.2,2687.26,2633.43,2687.25,84147.198
1730923200,"2024-11-06 20:00:00",2687.25,2744.7,2669.25,2721.87,108710.0764
1730937600,"2024-11-07 00:00:00",2721.88,2880,2699.49,2852.42,239110.0996
1730952000,"2024-11-07 04:00:00",2852.43,2855,2779.91,2820.29,104122.5449
1730966400,"2024-11-07 08:00:00",2820.3,2830,2790,2792.28,65854.3896
1730980800,"2024-11-07 12:00:00",2792.28,2849,2776,2847.49,100484.4486
1730995200,"2024-11-07 16:00:00",2847.5,2893.8,2823.75,2885,121819.8352
1731009600,"2024-11-07 20:00:00",2885,2916.11,2864.25,2895.47,99454.6345
1731024000,"2024-11-08 00:00:00",2895.47,2954.94,2886.4,2902.42,126526.9325
1731038400,"2024-11-08 04:00:00",2902.42,2924.2,2892,2911.96,70741.7346
1731052800,"2024-11-08 08:00:00",2911.88,2930.89,2893.33,2914.39,62192.9151
1731067200,"2024-11-08 12:00:00",2914.4,2956.56,2903,2937.04,110108.0276
1731081600,"2024-11-08 16:00:00",2937.03,2981.69,2890.04,2949.96,126505.7537
1731096000,"2024-11-08 20:00:00",2949.96,2975.45,2915.8,2961.75,72789.0715
1731110400,"2024-11-09 00:00:00",2961.75,2995.22,2954.56,2965.5,76958.1964
1731124800,"2024-11-09 04:00:00",2965.5,3058.77,2953.71,3030.38,129030.9382
1731139200,"2024-11-09 08:00:00",3030.37,3055.88,3021.46,3051.6,69670.2941
1731153600,"2024-11-09 12:00:00",3051.59,3054.17,3028.4,3040.88,53748.8853
1731168000,"2024-11-09 16:00:00",3040.85,3094.55,2990.58,3070.39,98531.409
1731182400,"2024-11-09 20:00:00",3070.4,3157.4,3065.56,3126.21,98779.6982
1731196800,"2024-11-10 00:00:00",3126.2,3151.41,3103.7,3134.82,92569.5686
1731211200,"2024-11-10 04:00:00",3134.82,3216.47,3129.97,3185.89,188145.3329
1731225600,"2024-11-10 08:00:00",3185.89,3230,3168.81,3220,96121.2648
1731240000,"2024-11-10 12:00:00",3220.01,3236.64,3167.56,3209.53,126863.0189
1731254400,"2024-11-10 16:00:00",3209.52,3248.52,3150,3164.27,167610.7179
1731268800,"2024-11-10 20:00:00",3164.27,3225.99,3069,3183.21,194226.8291
1731283200,"2024-11-11 00:00:00",3183.2,3221.8,3171.16,3195.07,94211.1415
1731297600,"2024-11-11 04:00:00",3195.08,3196.98,3105,3140.16,103633.8888
1731312000,"2024-11-11 08:00:00",3140.16,3212.49,3132.1,3197.79,91922.0003
1731326400,"2024-11-11 12:00:00",3197.79,3256.4,3139.5,3236.98,202264.4074
1731340800,"2024-11-11 16:00:00",3236.97,3346.4,3233.63,3300.2,264375.1673
1731355200,"2024-11-11 20:00:00",3300.21,3387.61,3280,3371.59,243687.3611
1731369600,"2024-11-12 00:00:00",3371.59,3374.78,3248.42,3335.6,175983.7872
1731384000,"2024-11-12 04:00:00",3335.59,3394.09,3314.98,3368.72,129963.2749
1731398400,"2024-11-12 08:00:00",3368.72,3442.5,3207.67,3282.42,280549.6624
1731412800,"2024-11-12 12:00:00",3282.41,3296.93,3208.33,3261.65,188297.4664
1731427200,"2024-11-12 16:00:00",3261.72,3304.57,3209.5,3272.82,117233.5137
1731441600,"2024-11-12 20:00:00",3272.94,3304.78,3238.63,3243.8,81188.0239
1731456000,"2024-11-13 00:00:00",3243.79,3285.52,3201.83,3207.99,130449.5382
1731470400,"2024-11-13 04:00:00",3207.99,3230.19,3116.69,3160.89,153493.6167
1731484800,"2024-11-13 08:00:00",3160.89,3191.74,3140.75,3168,83693.5545
1731499200,"2024-11-13 12:00:00",3168,3328.53,3152.15,3309.28,253124.0517
1731513600,"2024-11-13 16:00:00",3309.28,3331,3155,3158.81,193136.2758
1731528000,"2024-11-13 20:00:00",3158.8,3198.52,3118.39,3187.16,105789.3378
1731542400,"2024-11-14 00:00:00",3187.16,3228.35,3163.64,3217.21,85729.4181
1731556800,"2024-11-14 04:00:00",3217.21,3240.4,3174.37,3217.62,67360.4466
1731571200,"2024-11-14 08:00:00",3217.62,3230.73,3155,3185.23,78316.7747
1731585600,"2024-11-14 12:00:00",3185.22,3198.99,3060,3077.68,180775.9688
1731600000,"2024-11-14 16:00:00",3077.68,3181,3070.84,3145.41,97075.8204
1731614400,"2024-11-14 20:00:00",3145.41,3145.41,3028.56,3058.82,96522.2376
1731628800,"2024-11-15 00:00:00",3058.81,3092.54,3034.87,3082.44,62360.0892
1731643200,"2024-11-15 04:00:00",3082.43,3082.43,3014.79,3039.48,74927.4912
1731657600,"2024-11-15 08:00:00",3039.49,3114,3022,3104.29,72596.3179
1731672000,"2024-11-15 12:00:00",3104.29,3131.06,3014.5,3023.73,119823.0011
1731686400,"2024-11-15 16:00:00",3023.73,3059.9,3015.6,3039.58,94772.9642
1731700800,"2024-11-15 20:00:00",3039.58,3120,3038.24,3090.01,95143.7681
1731715200,"2024-11-16 00:00:00",3090.01,3157.71,3072,3154.78,69859.898
1731729600,"2024-11-16 04:00:00",3154.77,3165,3101.11,3106.66,53482.9739
1731744000,"2024-11-16 08:00:00",3106.67,3195.63,3103.17,3195.34,81474.3886
1731758400,"2024-11-16 12:00:00",3195.34,3219.97,3120.41,3141.11,120631.9141
1731772800,"2024-11-16 16:00:00",3141.11,3184.6,3128,3169.01,55018.2084
1731787200,"2024-11-16 20:00:00",3169.01,3175,3121.91,3132.87,43171.7743
1731801600,"2024-11-17 00:00:00",3132.88,3154,3034.99,3080.68,99299.4635
1731816000,"2024-11-17 04:00:00",3080.67,3147.72,3076.2,3136.79,85339.4369
1731830400,"2024-11-17 08:00:00",3136.79,3162.11,3100.81,3105.52,64426.9637
1731844800,"2024-11-17 12:00:00",3105.53,3126.72,3067.33,3086.21,75728.2645
1731859200,"2024-11-17 16:00:00",3086.2,3115.72,3071.6,3097.74,57460.056
1731873600,"2024-11-17 20:00:00",3097.74,3106.99,3042.93,3076,67564.7729
1731888000,"2024-11-18 00:00:00",3075.99,3124.2,3069,3111.96,55672.4888
1731902400,"2024-11-18 04:00:00",3111.95,3149.71,3096.07,3130.55,57048.834
1731916800,"2024-11-18 08:00:00",3130.56,3139.78,3050.01,3056.28,74634.8774
1731931200,"2024-11-18 12:00:00",3056.29,3157.5,3052.19,3143.41,150241.3211
1731945600,"2024-11-18 16:00:00",3143.41,3199,3090.3,3127.17,182179.47
1731960000,"2024-11-18 20:00:00",3127.17,3224.94,3122.22,3207.8,120881.4444
1731974400,"2024-11-19 00:00:00",3207.81,3221.2,3141.7,3148.5,84612.4122
1731988800,"2024-11-19 04:00:00",3148.5,3159.93,3107.37,3118.08,67070.5837
1732003200,"2024-11-19 08:00:00",3118.09,3130,3091.13,3126.51,63945.7633
1732017600,"2024-11-19 12:00:00",3126.51,3150,3076,3104.36,110206.3018
1732032000,"2024-11-19 16:00:00",3104.35,3145,3099.49,3122.19,86887.7832
1732046400,"2024-11-19 20:00:00",3122.2,3131.11,3065.4,3107.44,87389.1752
1732060800,"2024-11-20 00:00:00",3107.45,3127.64,3071.6,3096,61244.1217
1732075200,"2024-11-20 04:00:00",3095.99,3115.01,3087.51,3109.54,41876.4871
1732089600,"2024-11-20 08:00:00",3109.54,3135.13,3083.8,3099.82,70771.0925
1732104000,"2024-11-20 12:00:00",3099.82,3159.2,3081.56,3130,146945.8507
1732118400,"2024-11-20 16:00:00",3130,3135,3029.41,3058.05,130168.2034
1732132800,"2024-11-20 20:00:00",3058.04,3093.16,3044.38,3069.97,52602.0782
1732147200,"2024-11-21 00:00:00",3069.97,3101,3032.59,3081.98,88355.4596
1732161600,"2024-11-21 04:00:00",3081.99,3143.64,3080.5,3137.02,131761.453
1732176000,"2024-11-21 08:00:00",3137.02,3155,3118.37,3147.75,92439.1127
1732190400,"2024-11-21 12:00:00",3147.74,3372.6,3146.2,3277.03,446253.975
1732204800,"2024-11-21 16:00:00",3277.03,3386.73,3277.03,3347,144698.7196
1732219200,"2024-11-21 20:00:00",3347,3378.68,3333.54,3355.81,71414.5836
1732233600,"2024-11-22 00:00:00",3355.88,3380.68,3304.39,3365.8,93006.5467
1732248000,"2024-11-22 04:00:00",3365.8,3425.92,3355,3362.66,107237.9651
1732262400,"2024-11-22 08:00:00",3362.65,3383.84,3311.68,3344.75,91214.4542
1732276800,"2024-11-22 12:00:00",3344.76,3357.18,3257.54,3314.15,174597.7487
1732291200,"2024-11-22 16:00:00",3314.15,3321.14,3264.84,3282.4,81246.6096
1732305600,"2024-11-22 20:00:00",3282.39,3330,3273.2,3327.78,55970.385
1732320000,"2024-11-23 00:00:00",3327.78,3364.98,3312.72,3345.51,105265.7506
1732334400,"2024-11-23 04:00:00",3345.51,3361.71,3326.89,3341.34,67445.3359
1732348800,"2024-11-23 08:00:00",3341.34,3402.98,3335.16,3354.65,105279.0199
1732363200,"2024-11-23 12:00:00",3354.65,3497.51,3349.68,3460.33,229525.4046
1732377600,"2024-11-23 16:00:00",3460.34,3470.22,3377,3407.83,150136.8855
1732392000,"2024-11-23 20:00:00",3407.82,3427.73,3379.2,3393.91,63371.6044
1732406400,"2024-11-24 00:00:00",3393.91,3450,3389.03,3427,62941.932
1732420800,"2024-11-24 04:00:00",3427,3431.99,3398.12,3422.51,50148.6763
1732435200,"2024-11-24 08:00:00",3422.51,3428.35,3339.11,3344.22,99770.3421
1732449600,"2024-11-24 12:00:00",3344.22,3357.32,3281.4,3294.39,147537.1334
1732464000,"2024-11-24 16:00:00",3294.39,3334.19,3287.19,3326.63,63212.5803
1732478400,"2024-11-24 20:00:00",3326.64,3372.22,3321.51,3361.2,55487.428
1732492800,"2024-11-25 00:00:00",3361.21,3370.4,3300.01,3362.44,66165.1278
1732507200,"2024-11-25 04:00:00",3362.44,3419.81,3361.21,3399.41,63216.584
1732521600,"2024-11-25 08:00:00",3399.4,3527,3396.6,3471.84,169761.3244
1732536000,"2024-11-25 12:00:00",3471.84,3537.98,3348.72,3518.41,289654.5296
1732550400,"2024-11-25 16:00:00",3518.41,3546.66,3423.47,3464,190751.0262
1732564800,"2024-11-25 20:00:00",3464.01,3505.45,3363.62,3414.49,169781.778
1732579200,"2024-11-26 00:00:00",3414.49,3462.49,3395.84,3434.61,99053.4641
1732593600,"2024-11-26 04:00:00",3434.62,3442.72,3382.35,3394.8,72621.4969
1732608000,"2024-11-26 08:00:00",3394.8,3397.33,3280.1,3323.01,159770.0173
1732622400,"2024-11-26 12:00:00",3323.02,3362.5,3290.35,3296.32,131513.0508
1732636800,"2024-11-26 16:00:00",3296.33,3338,3252,3300.61,139329.9409
1732651200,"2024-11-26 20:00:00",3300.61,3344.31,3286.89,3324.73,70079.1803
1732665600,"2024-11-27 00:00:00",3324.74,3372.5,3302.4,3361.03,86102.9925
1732680000,"2024-11-27 04:00:00",3361.02,3445.73,3359.32,3424.11,124111.9204
1732694400,"2024-11-27 08:00:00",3424.12,3485.5,3402.43,3460.43,97680.7587
1732708800,"2024-11-27 12:00:00",3460.43,3573.17,3441.31,3552.79,192046.4261
1732723200,"2024-11-27 16:00:00",3552.79,3611.8,3533.83,3589.6,130252.9591
1732737600,"2024-11-27 20:00:00",3589.6,3684.92,3588,3653.28,124378.5917
1732752000,"2024-11-28 00:00:00",3653.27,3661.92,3564.75,3598.8,102778.5796
1732766400,"2024-11-28 04:00:00",3598.81,3618.4,3566.91,3592.4,81553.1306
1732780800,"2024-11-28 08:00:00",3592.4,3638.39,3574.23,3620.51,93409.4729
1732795200,"2024-11-28 12:00:00",3620.51,3642.19,3536.95,3541.78,146763.2328
1732809600,"2024-11-28 16:00:00",3541.78,3584.87,3529.76,3575.05,76570.5621
1732824000,"2024-11-28 20:00:00",3575.05,3599.2,3547.86,3578.79,59901.447
1732838400,"2024-11-29 00:00:00",3578.8,3602.85,3550.07,3583.82,65033.1438
1732852800,"2024-11-29 04:00:00",3583.82,3595.7,3534.28,3544.49,76024.4905
1732867200,"2024-11-29 08:00:00",3544.5,3599.66,3544.49,3594.74,55500.5568
1732881600,"2024-11-29 12:00:00",3594.75,3647.98,3574,3613.95,114108.1335
1732896000,"2024-11-29 16:00:00",3613.95,3620.08,3559.24,3582.79,76494.6217
1732910400,"2024-11-29 20:00:00",3582.78,3604,3575.56,3592.21,38332.2986
1732924800,"2024-11-30 00:00:00",3592.22,3661,3568.4,3657.12,92179.3342
1732939200,"2024-11-30 04:00:00",3657.12,3726.71,3635.42,3703.07,128826.8554
1732953600,"2024-11-30 08:00:00",3703.06,3718,3631.23,3653.69,76964.0164
1732968000,"2024-11-30 12:00:00",3653.68,3685.33,3651.38,3674,77209.8515
1732982400,"2024-11-30 16:00:00",3674,3696.78,3656.23,3689.56,61494.3031
1732996800,"2024-11-30 20:00:00",3689.56,3738.98,3686.58,3703.6,67010.3879
1733011200,"2024-12-01 00:00:00",3703.59,3732.34,3659.2,3707,92779.5957
1733025600,"2024-12-01 04:00:00",3707,3716.96,3682,3702.31,40551.5198
1733040000,"2024-12-01 08:00:00",3702.32,3717,3675.47,3692.42,61458.2739
1733054400,"2024-12-01 12:00:00",3692.43,3746.8,3678.61,3728.59,99717.2507
1733068800,"2024-12-01 16:00:00",3728.59,3744.11,3693.02,3707.96,66222.5075
1733083200,"2024-12-01 20:00:00",3707.95,3734.26,3679,3707.61,68360.1157
1733097600,"2024-12-02 00:00:00",3707.61,3760,3674.6,3685.01,114620.6485
1733112000,"2024-12-02 04:00:00",3685,3709.59,3650,3666.88,121775.4381
1733126400,"2024-12-02 08:00:00",3666.88,3672.47,3569.58,3588.99,202704.961
1733140800,"2024-12-02 12:00:00",3588.99,3680.37,3582.6,3672.13,109512.8056
1733155200,"2024-12-02 16:00:00",3672.13,3682.01,3554.32,3612.17,137683.3569
1733169600,"2024-12-02 20:00:00",3612.17,3644.44,3598.5,3643.42,50833.3589
1733184000,"2024-12-03 00:00:00",3643.43,3658.16,3607.8,3639.75,86733.4244
1733198400,"2024-12-03 04:00:00",3639.75,3670,3600,3616.85,73048.7319
1733212800,"2024-12-03 08:00:00",3616.85,3635.14,3585,3613.81,121073.7629
1733227200,"2024-12-03 12:00:00",3613.81,3617.64,3500,3571.79,229013.2962
1733241600,"2024-12-03 16:00:00",3571.8,3594.4,3538.55,3577.34,90514.4017
1733256000,"2024-12-03 20:00:00",3577.34,3634.81,3575.2,3614.51,78016.5861
1733270400,"2024-12-04 00:00:00",3614.51,3707.57,3614.51,3661.8,172948.5304
1733284800,"2024-12-04 04:00:00",3661.79,3721.73,3659.55,3714.99,78886.7891
1733299200,"2024-12-04 08:00:00",3715,3751.44,3696.42,3729.09,139644.0469
1733313600,"2024-12-04 12:00:00",3729.09,3853.38,3690,3821,242264.7224
1733328000,"2024-12-04 16:00:00",3820.99,3844.65,3732.98,3841.15,190852.24
1733342400,"2024-12-04 20:00:00",3841.15,3887.24,3822.5,3837.8,144147.7111
1733356800,"2024-12-05 00:00:00",3837.8,3905,3765.71,3832.66,218327.0792
1733371200,"2024-12-05 04:00:00",3832.67,3880.2,3818.61,3850.98,110887.4677
1733385600,"2024-12-05 08:00:00",3850.98,3943.28,3850.75,3930.98,138309.1401
1733400000,"2024-12-05 12:00:00",3930.98,3956,3861,3888,153003.626
1733414400,"2024-12-05 16:00:00",3888,3926.33,3820.01,3830.81,120866.8673
1733428800,"2024-12-05 20:00:00",3830.8,3862.23,3677,3785.2,205099.0957
1733443200,"2024-12-06 00:00:00",3785.21,3914,3777.26,3907.01,113127.0334
1733457600,"2024-12-06 04:00:00",3907.01,3929,3874.5,3893.75,80798.7601
1733472000,"2024-12-06 08:00:00",3893.74,3910.45,3845.3,3867.02,92340.5447
1733486400,"2024-12-06 12:00:00",3867.01,4041,3831.9,3993.02,286698.8778
1733500800,"2024-12-06 16:00:00",3993.01,4073.86,3980.11,4067.62,137627.0476
1733515200,"2024-12-06 20:00:00",4067.61,4087.73,3990.03,3998.87,93262.851
1733529600,"2024-12-07 00:00:00",3998.87,4024.46,3970,3986.87,65288.4745
1733544000,"2024-12-07 04:00:00",3986.87,4003.16,3968,3985.87,44458.0473
1733558400,"2024-12-07 08:00:00",3985.87,4009,3973.51,3998.3,44383.4721
1733572800,"2024-12-07 12:00:00",3998.29,4008.46,3976.2,4004.71,48658.8373
1733587200,"2024-12-07 16:00:00",4004.72,4020.43,3986,4012.19,46291.4199
1733601600,"2024-12-07 20:00:00",4012.2,4024.01,3993.02,3996.22,34839.7689
1733616000,"2024-12-08 00:00:00",3996.22,4008.99,3985.47,3989.28,27302.2303
1733630400,"2024-12-08 04:00:00",3989.28,3995.85,3958.87,3980.6,37262.434
1733644800,"2024-12-08 08:00:00",3980.6,3981.79,3923.5,3971.84,55860.2743
1733659200,"2024-12-08 12:00:00",3971.85,4003.4,3956.16,3990.79,60123.2278
1733673600,"2024-12-08 16:00:00",3990.79,3999.89,3964.4,3989.99,35630.8291
1733688000,"2024-12-08 20:00:00",3989.99,4015.58,3975.4,4004.15,35183.173
1733702400,"2024-12-09 00:00:00",4004.15,4006.17,3905.21,3929.37,74905.7169
1733716800,"2024-12-09 04:00:00",3929.37,3948.91,3880.44,3918.44,75191.7029
1733731200,"2024-12-09 08:00:00",3918.44,3920,3841.24,3850.88,95335.7358
1733745600,"2024-12-09 12:00:00",3850.88,3946,3804.32,3824,164012.5757
1733760000,"2024-12-09 16:00:00",3824,3866.35,3786.87,3795.78,108473.7508
1733774400,"2024-12-09 20:00:00",3795.77,3804.19,3509,3712,421722.718
1733788800,"2024-12-10 00:00:00",3712,3780.76,3615.11,3682.4,201647.552
1733803200,"2024-12-10 04:00:00",3682.39,3743.65,3638,3734.55,95140.8254
1733817600,"2024-12-10 08:00:00",3734.54,3773.39,3713.56,3750.11,66469.389
1733832000,"2024-12-10 12:00:00",3750.1,3754.5,3555.41,3567.75,260032.2239
1733846400,"2024-12-10 16:00:00",3567.76,3634.92,3515.89,3628.82,238385.3346
1733860800,"2024-12-10 20:00:00",3628.81,3673.2,3613.3,3628.25,80530.7088
1733875200,"2024-12-11 00:00:00",3628.24,3668.96,3562.34,3665.23,83678.45
1733889600,"2024-12-11 04:00:00",3665.23,3681.81,3646,3652.58,47088.7098
1733904000,"2024-12-11 08:00:00",3652.58,3728,3651.23,3716.84,62134.3791
1733918400,"2024-12-11 12:00:00",3716.84,3821,3709.17,3787.34,131816.234
1733932800,"2024-12-11 16:00:00",3787.34,3814.2,3753.5,3803.91,83844.0606
1733947200,"2024-12-11 20:00:00",3803.91,3848.64,3803,3831.81,53256.9466
1733961600,"2024-12-12 00:00:00",3831.82,3947.81,3796.8,3935,96992.9744
1733976000,"2024-12-12 04:00:00",3935,3945.67,3894.09,3905.4,75641.5407
1733990400,"2024-12-12 08:00:00",3905.4,3937.99,3891.32,3913.38,60232.5799
1734004800,"2024-12-12 12:00:00",3913.38,3987.41,3913.38,3957.67,161318.0936
1734019200,"2024-12-12 16:00:00",3957.77,3985.56,3853.83,3871.14,109750.4709
1734033600,"2024-12-12 20:00:00",3871.13,3902.04,3836.07,3881.61,68162.9748
1734048000,"2024-12-13 00:00:00",3881.6,3941.19,3852.94,3932.83,64542.0267
1734062400,"2024-12-13 04:00:00",3932.83,3936.26,3871,3885.64,51976.2093
1734076800,"2024-12-13 08:00:00",3885.64,3923.66,3872.2,3901.5,54233.1081
1734091200,"2024-12-13 12:00:00",3901.5,3968.47,3879,3886.21,107263.9583
1734105600,"2024-12-13 16:00:00",3886.2,3946.37,3880.07,3917.98,66342.3222
1734120000,"2024-12-13 20:00:00",3917.99,3936,3891,3906.8,43408.0627
1734134400,"2024-12-14 00:00:00",3906.8,3945,3895.67,3910.83,48077.2434
1734148800,"2024-12-14 04:00:00",3910.83,3935.71,3906.26,3920.76,23290.7886
1734163200,"2024-12-14 08:00:00",3920.75,3931.38,3886.2,3894.53,32599.3234
1734177600,"2024-12-14 12:00:00",3894.53,3898.8,3846.3,3889.01,59099.8968
1734192000,"2024-12-14 16:00:00",3889,3898.23,3827,3859.11,65864.5831
1734206400,"2024-12-14 20:00:00",3859.11,3876.87,3825.03,3870.29,36607.1126
1734220800,"2024-12-15 00:00:00",3870.3,3895.53,3856.02,3874.48,24783.839
1734235200,"2024-12-15 04:00:00",3874.49,3911.5,3831.5,3845.2,38056.0576
1734249600,"2024-12-15 08:00:00",3845.19,3879.01,3837.21,3877.61,25590.3833
1734264000,"2024-12-15 12:00:00",3877.61,3910.33,3867.99,3894.76,44614.4511
1734278400,"2024-12-15 16:00:00",3894.76,3919.6,3886.4,3904.09,31811.6421
1734292800,"2024-12-15 20:00:00",3904.09,3974.61,3844.4,3959.09,88976.841
1734307200,"2024-12-16 00:00:00",3959.09,4025.18,3928.88,3942.6,144630.7421
1734321600,"2024-12-16 04:00:00",3942.6,3983,3935.23,3974.01,43808.388
1734336000,"2024-12-16 08:00:00",3974,3975.91,3902.39,3909.67,63910.2867
1734350400,"2024-12-16 12:00:00",3909.68,3960,3884,3941.21,122284.2247
1734364800,"2024-12-16 16:00:00",3941.21,4107.8,3939.4,4056.88,220282.2717
1734379200,"2024-12-16 20:00:00",4056.89,4071.99,3980,3986.24,78435.1591
1734393600,"2024-12-17 00:00:00",3986.24,4041.82,3943,4035.01,73034.8936
1734408000,"2024-12-17 04:00:00",4035.01,4035.02,3982.77,3994.24,49961.2435
1734422400,"2024-12-17 08:00:00",3994.23,4031.38,3990,3997.14,51842.525
1734436800,"2024-12-17 12:00:00",3997.15,4025.6,3916.57,3939.18,118990.8486
1734451200,"2024-12-17 16:00:00",3939.19,3984.46,3917.2,3943.99,71693.5838
1734465600,"2024-12-17 20:00:00",3944,3952,3847.96,3893.01,85302.8916
1734480000,"2024-12-18 00:00:00",3893.01,3903.2,3834.66,3849.81,80564.7394
1734494400,"2024-12-18 04:00:00",3849.8,3861.7,3803.63,3847.33,83904.9284
1734508800,"2024-12-18 08:00:00",3847.33,3887.32,3841.6,3882.65,44754.8074
1734523200,"2024-12-18 12:00:00",3882.66,3891.09,3825,3867.98,85350.9141
1734537600,"2024-12-18 16:00:00",3867.99,3907.19,3770,3770.29,120106.5226
1734552000,"2024-12-18 20:00:00",3770.3,3786.23,3617.42,3626.8,307823.1499
1734566400,"2024-12-19 00:00:00",3626.8,3673.82,3542.22,3668.9,199888.1171
1734580800,"2024-12-19 04:00:00",3668.9,3699.58,3653,3693.79,62129.1335
1734595200,"2024-12-19 08:00:00",3693.79,3720,3664.28,3705.62,58298.6588
1734609600,"2024-12-19 12:00:00",3705.62,3710.2,3572.73,3613.92,138220.2184
1734624000,"2024-12-19 16:00:00",3613.92,3637.1,3376.2,3439.44,392538.6357
1734638400,"2024-12-19 20:00:00",3439.45,3465.11,3326.8,3417.01,227078.7216
1734652800,"2024-12-20 00:00:00",3417.01,3465.6,3370.47,3413.87,147018.6408
1734667200,"2024-12-20 04:00:00",3413.85,3431.16,3328.44,3390.48,145836.4031
1734681600,"2024-12-20 08:00:00",3390.48,3390.79,3103,3104.56,458522.5239
1734696000,"2024-12-20 12:00:00",3104.68,3396.4,3101.9,3374.61,335474.3132
1734710400,"2024-12-20 16:00:00",3374.62,3497.84,3366.68,3479.35,160666.9785
1734724800,"2024-12-20 20:00:00",3479.36,3489.99,3393.09,3472.21,85264.8715
1734739200,"2024-12-21 00:00:00",3472.2,3489.96,3445.35,3467.64,54575.1862
1734753600,"2024-12-21 04:00:00",3467.64,3555.18,3460.8,3523.46,85515.9214
1734768000,"2024-12-21 08:00:00",3523.45,3527.49,3423.91,3442.23,71843.6301
1734782400,"2024-12-21 12:00:00",3442.23,3444.24,3347,3390.4,121858.0815
1734796800,"2024-12-21 16:00:00",3390.4,3401.33,3326.59,3359.89,79490.6857
1734811200,"2024-12-21 20:00:00",3359.89,3388.88,3293.11,3338.92,61992.3151
1734825600,"2024-12-22 00:00:00",3338.92,3374.48,3318.71,3356.38,46613.1262
1734840000,"2024-12-22 04:00:00",3356.38,3361.75,3295.07,3332.4,40581.5308
1734854400,"2024-12-22 08:00:00",3332.5,3403,3331.19,3381.03,44270.8729
1734868800,"2024-12-22 12:00:00",3381.03,3397.88,3275,3302.38,86429.5165
1734883200,"2024-12-22 16:00:00",3302.38,3338.65,3238,3247.14,75577.8841
1734897600,"2024-12-22 20:00:00",3247.14,3310.93,3221.1,3281.83,68447.319
1734912000,"2024-12-23 00:00:00",3281.83,3357.03,3216.97,3351,92072.9227
1734926400,"2024-12-23 04:00:00",3351,3363.12,3260.48,3305.2,59489.045
1734940800,"2024-12-23 08:00:00",3305.2,3355.54,3293.5,3339.54,54542.9983
1734955200,"2024-12-23 12:00:00",3339.51,3361.78,3269.35,3277.2,99124.7485
1734969600,"2024-12-23 16:00:00",3277.19,3384.6,3270.91,3338.21,97640.678
1734984000,"2024-12-23 20:00:00",3338.21,3466.99,3329.66,3422.53,85383.0175
1734998400,"2024-12-24 00:00:00",3422.53,3426.4,3358.19,3396.94,52061.6979
1735012800,"2024-12-24 04:00:00",3396.95,3434.97,3385.02,3401.22,37688.0563
1735027200,"2024-12-24 08:00:00",3401.22,3416.65,3385.98,3414.56,34709.9812
1735041600,"2024-12-24 12:00:00",3414.56,3510,3395.59,3493.07,84727.1401
1735056000,"2024-12-24 16:00:00",3493.07,3539.65,3465.02,3465.52,68642.133
1735070400,"2024-12-24 20:00:00",3465.51,3505,3431.99,3493.18,37894.6678
1735084800,"2024-12-25 00:00:00",3493.17,3495.97,3458,3478.23,37452.4891
1735099200,"2024-12-25 04:00:00",3478.23,3509.68,3469.61,3489.22,23470.0573
1735113600,"2024-12-25 08:00:00",3489.21,3547.95,3465.43,3471.04,56689.0785
1735128000,"2024-12-25 12:00:00",3471.04,3501.05,3457.7,3472.99,43263.8038
1735142400,"2024-12-25 16:00:00",3473,3488.55,3440.93,3481.21,30283.1034
1735156800,"2024-12-25 20:00:00",3481.21,3500,3449.64,3497,28687.5131
1735171200,"2024-12-26 00:00:00",3497,3514.94,3450.45,3455.71,39490.1081
1735185600,"2024-12-26 04:00:00",3455.71,3455.71,3417.95,3422,37010.8253
1735200000,"2024-12-26 08:00:00",3422,3426,3346.87,3373.28,75705.1585
1735214400,"2024-12-26 12:00:00",3373.28,3374,3328.21,3344.13,52846.6299
1735228800,"2024-12-26 16:00:00",3344.14,3365.01,3313.5,3339.75,51011.9069
1735243200,"2024-12-26 20:00:00",3339.74,3350,3304.63,3335.05,54105.5432
1735257600,"2024-12-27 00:00:00",3335.04,3388.57,3317.27,3379.4,45630.5975
1735272000,"2024-12-27 04:00:00",3379.4,3398.79,3317.25,3326.02,51589.392
1735286400,"2024-12-27 08:00:00",3326.01,3444.16,3325.68,3419.27,84740.616
1735300800,"2024-12-27 12:00:00",3419.27,3423,3307.83,3326.32,76485.302
1735315200,"2024-12-27 16:00:00",3326.32,3366.62,3306.6,3355,51582.1218
1735329600,"2024-12-27 20:00:00",3354.99,3355.54,3310,3333.51,32501.5745
1735344000,"2024-12-28 00:00:00",3333.51,3353.09,3322.23,3345.51,26238.7528
1735358400,"2024-12-28 04:00:00",3345.51,3361.14,3332.71,3335.53,23967.6455
1735372800,"2024-12-28 08:00:00",3335.53,3363.53,3333,3359.23,26959.5805
1735387200,"2024-12-28 12:00:00",3359.23,3396,3351.02,3368.38,41263.3733
1735401600,"2024-12-28 16:00:00",3368.39,3413,3365.61,3400.87,33164.8093
1735416000,"2024-12-28 20:00:00",3400.87,3428.68,3389.71,3404,24369.4516
1735430400,"2024-12-29 00:00:00",3404.01,3406.6,3375.62,3382.98,20759.3469
1735444800,"2024-12-29 04:00:00",3382.98,3407.99,3380,3407.61,15629.5688
1735459200,"2024-12-29 08:00:00",3407.6,3413.78,3390,3398.36,21613.8119
1735473600,"2024-12-29 12:00:00",3398.37,3410.92,3354.68,3373.82,35645.2469
1735488000,"2024-12-29 16:00:00",3373.82,3376.21,3345.9,3362.6,25174.7717
1735502400,"2024-12-29 20:00:00",3362.59,3368.35,3326.17,3356.48,37434.1357
1735516800,"2024-12-30 00:00:00",3356.48,3437.59,3347.77,3403.76,63632.2232
1735531200,"2024-12-30 04:00:00",3403.75,3432.65,3388.6,3427,49424.5964
1735545600,"2024-12-30 08:00:00",3427.01,3434.35,3395.05,3424.13,41773.7823
1735560000,"2024-12-30 12:00:00",3424.12,3430.2,3305,3324.16,104004.1696
1735574400,"2024-12-30 16:00:00",3324.16,3408.56,3317.5,3401.93,73974.9031
1735588800,"2024-12-30 20:00:00",3401.93,3419,3308.87,3361.84,87984.973
1735603200,"2024-12-31 00:00:00",3361.83,3365.04,3315.59,3340.18,41362.5257
1735617600,"2024-12-31 04:00:00",3340.19,3363.42,3328.77,3353.64,24854.5842
1735632000,"2024-12-31 08:00:00",3353.64,3410,3352.79,3394.73,44537.3245
1735646400,"2024-12-31 12:00:00",3394.74,3451,3393.12,3412.85,95324.0163
1735660800,"2024-12-31 16:00:00",3412.86,3416.35,3330,3355.38,65968.4251
1735675200,"2024-12-31 20:00:00",3355.37,3364.64,3328.47,3337.78,31006.2927
1735689600,"2025-01-01 00:00:00",3337.78,3368.42,3335.84,3355.2,27833.8566
1735704000,"2025-01-01 04:00:00",3355.2,3356.61,3336.88,3347.12,20068.2829
1735718400,"2025-01-01 08:00:00",3347.11,3348.84,3313.88,3341,39620.2004
1735732800,"2025-01-01 12:00:00",3341.01,3359.37,3328.2,3352.93,30899.7402
1735747200,"2025-01-01 16:00:00",3352.93,3364.14,3323.03,3356.55,35964.8595
1735761600,"2025-01-01 20:00:00",3356.56,3374.85,3352,3360.38,35851.6465
1735776000,"2025-01-02 00:00:00",3360.39,3405.6,3354.5,3388.55,52198.498
1735790400,"2025-01-02 04:00:00",3388.54,3427.54,3388,3420.05,45379.1947
1735804800,"2025-01-02 08:00:00",3420.06,3476,3414.21,3471.18,51457.6321
1735819200,"2025-01-02 12:00:00",3471.18,3509.99,3440.38,3463.51,100117.958
1735833600,"2025-01-02 16:00:00",3463.52,3491.19,3428.99,3463.18,59125.0848
1735848000,"2025-01-02 20:00:00",3463.18,3475.28,3421.79,3455.67,30354.5198
1735862400,"2025-01-03 00:00:00",3455.68,3477.03,3442.62,3470.16,30377.2819
1735876800,"2025-01-03 04:00:00",3470.17,3470.94,3432.44,3433.27,26434.7355
1735891200,"2025-01-03 08:00:00",3433.27,3468.01,3423.44,3465.62,33237.3195
1735905600,"2025-01-03 12:00:00",3465.61,3576,3461.26,3565.13,113597.4343
1735920000,"2025-01-03 16:00:00",3565.14,3630,3565.14,3622.83,91647.7522
1735934400,"2025-01-03 20:00:00",3622.82,3624.38,3595,3609.01,38746.537
1735948800,"2025-01-04 00:00:00",3609,3620.86,3579.92,3597.97,32059.5521
1735963200,"2025-01-04 04:00:00",3597.98,3609.81,3584.16,3594.04,29387.4649
1735977600,"2025-01-04 08:00:00",3594.05,3605.57,3572.42,3602.01,26671.4
1735992000,"2025-01-04 12:00:00",3602.01,3663.25,3592.06,3607.81,74947.1675
1736006400,"2025-01-04 16:00:00",3607.81,3644.54,3601.62,3631.14,31618.7517
1736020800,"2025-01-04 20:00:00",3631.13,3671.6,3631.13,3656.88,34581.9771
1736035200,"2025-01-05 00:00:00",3656.88,3675.25,3629.66,3637.79,23170.7894
1736049600,"2025-01-05 04:00:00",3637.79,3650.44,3629,3631.56,14533.8551
1736064000,"2025-01-05 08:00:00",3631.55,3633.29,3603.33,3613.47,29089.6373
1736078400,"2025-01-05 12:00:00",3613.46,3638.77,3593.7,3629.6,38066.8557
1736092800,"2025-01-05 16:00:00",3629.6,3648.11,3613.04,3637.78,27732.354
1736107200,"2025-01-05 20:00:00",3637.78,3656.88,3629.5,3635.99,22850.6826
1736121600,"2025-01-06 00:00:00",3636,3684.03,3610.63,3664.92,50315.5662
1736136000,"2025-01-06 04:00:00",3664.92,3698.04,3642.6,3650.75,44005.3678
1736150400,"2025-01-06 08:00:00",3650.75,3662.73,3633,3654.52,35871.6086
1736164800,"2025-01-06 12:00:00",3654.51,3714.49,3622.1,3714.45,97690.5245
1736179200,"2025-01-06 16:00:00",3714.45,3744.83,3655.55,3687.44,72164.6711
1736193600,"2025-01-06 20:00:00",3687.44,3703.38,3666.37,3687.45,29594.6266
1736208000,"2025-01-07 00:00:00",3687.44,3700.86,3663,3682.25,27692.0794
1736222400,"2025-01-07 04:00:00",3682.25,3685.92,3659,3667.77,20773.8207
1736236800,"2025-01-07 08:00:00",3667.78,3679.27,3625.55,3639.27,38116.8609
1736251200,"2025-01-07 12:00:00",3639.28,3645.95,3413.81,3462.64,237757.3537
1736265600,"2025-01-07 16:00:00",3462.65,3491.7,3372.71,3385.67,137249.7913
1736280000,"2025-01-07 20:00:00",3385.68,3414.04,3356.31,3381.31,79953.3814
1736294400,"2025-01-08 00:00:00",3381.31,3415.1,3343.22,3360.31,72032.314
1736308800,"2025-01-08 04:00:00",3360.31,3373.14,3306.41,3354.59,96871.4444
1736323200,"2025-01-08 08:00:00",3354.59,3376.85,3323,3349.79,56107.3562
1736337600,"2025-01-08 12:00:00",3349.78,3386.36,3332.55,3346.73,110465.553
1736352000,"2025-01-08 16:00:00",3346.72,3347.68,3208.2,3280.68,202602.4597
1736366400,"2025-01-08 20:00:00",3280.68,3334.8,3266.08,3327.29,46670.8354
1736380800,"2025-01-09 00:00:00",3327.29,3357.27,3306.5,3324.74,52228.5161
1736395200,"2025-01-09 04:00:00",3324.71,3343.36,3281.96,3288.71,48878.5653
1736409600,"2025-01-09 08:00:00",3288.71,3327.75,3265.77,3301.41,68409.9459
1736424000,"2025-01-09 12:00:00",3301.41,3337,3210.28,3320.58,129495.9017
1736438400,"2025-01-09 16:00:00",3320.57,3327.91,3190.82,3195.63,101321.1919
1736452800,"2025-01-09 20:00:00",3195.63,3239.59,3158,3219.2,101484.3038
1736467200,"2025-01-10 00:00:00",3219.2,3260.47,3213.74,3254.37,38726.2671
1736481600,"2025-01-10 04:00:00",3254.36,3313.65,3242.4,3296.29,54266.7097
1736496000,"2025-01-10 08:00:00",3296.29,3321.25,3288.12,3311.65,58339.9484
1736510400,"2025-01-10 12:00:00",3311.64,3317.03,3193.97,3245.14,188771.5903
1736524800,"2025-01-10 16:00:00",3245.15,3322.49,3232.2,3295.66,87802.2684
1736539200,"2025-01-10 20:00:00",3295.65,3295.65,3256.9,3267.04,26235.3494
1736553600,"2025-01-11 00:00:00",3267.05,3270,3231.83,3236.8,23585.0737
1736568000,"2025-01-11 04:00:00",3236.8,3251.13,3222.73,3235.72,22043.9098
1736582400,"2025-01-11 08:00:00",3235.72,3280.5,3217.56,3273.81,33928.1666
1736596800,"2025-01-11 12:00:00",3273.81,3282.94,3258.3,3271.33,22576.1658
1736611200,"2025-01-11 16:00:00",3271.33,3283.54,3259.06,3278.45,20674.0187
1736625600,"2025-01-11 20:00:00",3278.46,3320.18,3275.84,3282.83,28872.4141
1736640000,"2025-01-12 00:00:00",3282.83,3290.91,3274.12,3286,16338.3838
1736654400,"2025-01-12 04:00:00",3286,3289.41,3263.49,3266.87,17101.3936
1736668800,"2025-01-12 08:00:00",3266.87,3271.36,3224.49,3253.02,30127.3285
1736683200,"2025-01-12 12:00:00",3253.03,3296.14,3247.89,3285.68,45904.0573
1736697600,"2025-01-12 16:00:00",3285.68,3300,3268.66,3280.12,25565.4361
1736712000,"2025-01-12 20:00:00",3280.11,3289.31,3234.38,3267.3,29843.3716
1736726400,"2025-01-13 00:00:00",3267.3,3339,3235.69,3242.72,74893.5146
1736740800,"2025-01-13 04:00:00",3242.73,3260.49,3181.3,3201.66,60066.4461
1736755200,"2025-01-13 08:00:00",3201.66,3205.9,3055.88,3057.16,168149.8731
1736769600,"2025-01-13 12:00:00",3057.15,3091.38,2920,3049,307651.5684
1736784000,"2025-01-13 16:00:00",3049.01,3060.51,2986.4,3025.07,133843.8405
1736798400,"2025-01-13 20:00:00",3025.06,3143.2,3011.71,3137.51,101302.3242
1736812800,"2025-01-14 00:00:00",3137.51,3175.51,3125.65,3158.87,49686.9686
1736827200,"2025-01-14 04:00:00",3158.87,3190.07,3158.18,3171.53,34578.9351
1736841600,"2025-01-14 08:00:00",3171.53,3256.67,3169.41,3217.62,81942.4905
1736856000,"2025-01-14 12:00:00",3217.61,3233.27,3178.11,3199.45,120884.5335
1736870400,"2025-01-14 16:00:00",3199.45,3235.99,3172.12,3214.38,56930.5399
1736884800,"2025-01-14 20:00:00",3214.37,3240.69,3194.86,3225.63,30284.9841
1736899200,"2025-01-15 00:00:00",3225.63,3245.77,3205.17,3240.79,53847.0282
1736913600,"2025-01-15 04:00:00",3240.8,3252.35,3215.73,3233.3,36021.9932
1736928000,"2025-01-15 08:00:00",3233.3,3248.55,3186.36,3199.6,41139.0192
1736942400,"2025-01-15 12:00:00",3199.61,3353.82,3186.73,3334.47,167086.5433
1736956800,"2025-01-15 16:00:00",3334.47,3442.59,3323.91,3434.99,92241.8869
1736971200,"2025-01-15 20:00:00",3434.99,3473.75,3418.4,3451.52,73851.5632
1736985600,"2025-01-16 00:00:00",3451.51,3460.79,3346,3363.38,80015.6264
1737000000,"2025-01-16 04:00:00",3363.38,3391.5,3362,3384.3,35612.5086
1737014400,"2025-01-16 08:00:00",3384.3,3385.84,3300.21,3351.27,81969.0716
1737028800,"2025-01-16 12:00:00",3351.26,3365.16,3265.44,3333.04,143419.3038
1737043200,"2025-01-16 16:00:00",3333.02,3365.95,3310.47,3344.81,66607.9866
1737057600,"2025-01-16 20:00:00",3344.81,3354.01,3269,3308.05,63658.1817
1737072000,"2025-01-17 00:00:00",3308.04,3397.66,3307.5,3361.01,97199.4285
1737086400,"2025-01-17 04:00:00",3361.01,3389.11,3347.79,3373.14,51957.9518
1737100800,"2025-01-17 08:00:00",3373.14,3439,3372.52,3423.24,70486.3322
1737115200,"2025-01-17 12:00:00",3423.25,3450.53,3395.14,3421.8,119276.6918
1737129600,"2025-01-17 16:00:00",3421.8,3448.5,3407.63,3432.11,69418.1971
1737144000,"2025-01-17 20:00:00",3432.1,3525.72,3425.9,3473.63,110211.5799
1737158400,"2025-01-18 00:00:00",3473.64,3494.39,3368.06,3384.07,72302.7289
1737172800,"2025-01-18 04:00:00",3384.08,3395.49,3281.09,3287.63,136100.3118
1737187200,"2025-01-18 08:00:00",3287.64,3324.1,3227,3311.62,153502.6355
1737201600,"2025-01-18 12:00:00",3311.63,3347.34,3274.17,3307.07,121126.2592
1737216000,"2025-01-18 16:00:00",3307.07,3316.62,3250,3290.2,102206.1472
1737230400,"2025-01-18 20:00:00",3290.21,3321.11,3258.37,3307.71,48959.0455
1737244800,"2025-01-19 00:00:00",3307.71,3378.11,3298.71,3335.47,85390.1548
1737259200,"2025-01-19 04:00:00",3335.47,3337.95,3259.9,3276.06,116181.1471
1737273600,"2025-01-19 08:00:00",3276.06,3277.53,3130.48,3149.97,255482.6912
1737288000,"2025-01-19 12:00:00",3149.98,3426.05,3145,3383.68,366843.084
1737302400,"2025-01-19 16:00:00",3383.68,3448.99,3378.11,3418.92,133240.277
1737316800,"2025-01-19 20:00:00",3418.93,3431.82,3156.7,3215.12,385164.1676
1737331200,"2025-01-20 00:00:00",3215.2,3280.75,3142.78,3272.34,274130.007
1737345600,"2025-01-20 04:00:00",3272.3,3453.69,3250.66,3382.59,232466.8507
1737360000,"2025-01-20 08:00:00",3382.58,3413.3,3334.32,3375.43,131468.8606
1737374400,"2025-01-20 12:00:00",3375.42,3379.94,3257.2,3335.9,167094.9543
1737388800,"2025-01-20 16:00:00",3335.91,3390.68,3205.42,3343.5,286337.6826
1737403200,"2025-01-20 20:00:00",3343.49,3344.5,3255.92,3284,66856.4262
1737417600,"2025-01-21 00:00:00",3283.99,3289.85,3204.6,3262.6,133473.3547
1737432000,"2025-01-21 04:00:00",3262.6,3266.24,3213.03,3254.7,71362.1643
1737446400,"2025-01-21 08:00:00",3254.7,3314,3234.48,3305.07,82511.5762
1737460800,"2025-01-21 12:00:00",3305.07,3335.44,3265.11,3295.1,121235.0686
1737475200,"2025-01-21 16:00:00",3295.1,3368,3290.5,3332.16,92024.6512
1737489600,"2025-01-21 20:00:00",3332.16,3347.12,3302.03,3327.54,48099.2363
1737504000,"2025-01-22 00:00:00",3327.55,3365.99,3321.31,3330.98,60248.4497
1737518400,"2025-01-22 04:00:00",3330.98,3339.59,3287,3288.07,50588.4786
1737532800,"2025-01-22 08:00:00",3288.08,3329.99,3273.83,3326.55,52580.187
1737547200,"2025-01-22 12:00:00",3326.55,3332.7,3267.17,3278.39,77812.8324
1737561600,"2025-01-22 16:00:00",3278.39,3291.3,3239.4,3261.99,61571.1565
1737576000,"2025-01-22 20:00:00",3262,3276.6,3222.85,3242.6,46439.6456
1737590400,"2025-01-23 00:00:00",3242.61,3261.34,3204.18,3226.92,66638.8818
1737604800,"2025-01-23 04:00:00",3227,3234,3185,3233.48,55874.4651
1737619200,"2025-01-23 08:00:00",3233.48,3233.65,3188.89,3213.08,54314.7039
1737633600,"2025-01-23 12:00:00",3213.08,3286.72,3189.69,3259.33,162299.7618
1737648000,"2025-01-23 16:00:00",3259.33,3297.49,3195,3204.98,86129.1778
1737662400,"2025-01-23 20:00:00",3204.98,3347.97,3196.25,3338.21,180335.7321
1737676800,"2025-01-24 00:00:00",3338.22,3349.6,3275.9,3302.26,79820.4869
1737691200,"2025-01-24 04:00:00",3302.26,3421,3292.23,3380.8,111035.1083
1737705600,"2025-01-24 08:00:00",3380.79,3416.5,3374.68,3399.22,57084.8198
1737720000,"2025-01-24 12:00:00",3399.21,3428,3355.67,3383.69,82277.9441
1737734400,"2025-01-24 16:00:00",3383.64,3409.4,3365,3368.7,54874.6628
1737748800,"2025-01-24 20:00:00",3368.7,3378.79,3304.11,3310.09,66431.2533
1737763200,"2025-01-25 00:00:00",3310.1,3325,3268.66,3319.44,56579.5625
1737777600,"2025-01-25 04:00:00",3319.43,3319.7,3283.57,3291.53,32529.0183
1737792000,"2025-01-25 08:00:00",3291.52,3311.5,3272.09,3306.91,26453.7694
1737806400,"2025-01-25 12:00:00",3306.91,3345,3294.24,3334.62,37205.69
1737820800,"2025-01-25 16:00:00",3334.62,3349.58,3330.63,3340.3,30687.7471
1737835200,"2025-01-25 20:00:00",3340.29,3350.68,3314.87,3318.77,25103.2542
1737849600,"2025-01-26 00:00:00",3318.76,3350,3313.9,3338.94,30620.8049
1737864000,"2025-01-26 04:00:00",3338.95,3362,3330.3,3338.56,31975.7408
1737878400,"2025-01-26 08:00:00",3338.57,3343.45,3292.82,3312.3,37739.2642
1737892800,"2025-01-26 12:00:00",3312.3,3320.68,3297.47,3315.31,35395.7128
1737907200,"2025-01-26 16:00:00",3315.31,3344.88,3307.96,3338.74,32638.251
1737921600,"2025-01-26 20:00:00",3338.73,3342.34,3230,3232.61,103795.6953
1737936000,"2025-01-27 00:00:00",3232.61,3253.91,3160.71,3183.6,143752.4038
1737950400,"2025-01-27 04:00:00",3183.6,3183.6,3020.01,3070.8,190988.3997
1737964800,"2025-01-27 08:00:00",3070.8,3090.77,3034.48,3058.94,113419.5103
1737979200,"2025-01-27 12:00:00",3058.94,3152,3053.67,3133.4,130642.8831
1737993600,"2025-01-27 16:00:00",3133.39,3133.39,3046.68,3075.93,91816.9296
1738008000,"2025-01-27 20:00:00",3075.93,3239,3073.13,3182.44,82384.6264
1738022400,"2025-01-28 00:00:00",3182.44,3218.39,3151.62,3203.15,59730.3964
1738036800,"2025-01-28 04:00:00",3203.15,3223.01,3188.8,3196.22,36876.4693
1738051200,"2025-01-28 08:00:00",3196.22,3208,3177.1,3186.74,29927.795
1738065600,"2025-01-28 12:00:00",3186.75,3214.38,3156.86,3181.36,56108.5561
1738080000,"2025-01-28 16:00:00",3181.37,3182.98,3120.36,3147.31,70607.8468
1738094400,"2025-01-28 20:00:00",3147.31,3155.37,3040.03,3077.72,97708.6537
1738108800,"2025-01-29 00:00:00",3077.72,3132.69,3076.31,3130.43,38565.7576
1738123200,"2025-01-29 04:00:00",3130.43,3160,3117.01,3156.89,31716.9894
1738137600,"2025-01-29 08:00:00",3156.88,3164.11,3119.8,3135.13,31298.1473
1738152000,"2025-01-29 12:00:00",3135.13,3140.38,3080.57,3101.12,63257.2553
1738166400,"2025-01-29 16:00:00",3101.11,3153.22,3054.06,3126.5,138822.555
1738180800,"2025-01-29 20:00:00",3126.49,3182.52,3091,3113.9,106076.553
1738195200,"2025-01-30 00:00:00",3113.9,3202.58,3091.06,3201.5,59767.8767
1738209600,"2025-01-30 04:00:00",3201.5,3215.73,3178.76,3191.04,41271.2784
1738224000,"2025-01-30 08:00:00",3191.04,3229.82,3181.1,3222.71,43500.7294
1738238400,"2025-01-30 12:00:00",3222.71,3281,3209.24,3255.3,115188.9076
1738252800,"2025-01-30 16:00:00",3255.3,3283.43,3249.06,3271.61,48762.1455
1738267200,"2025-01-30 20:00:00",3271.6,3273.2,3228.68,3247.39,42148.5447
1738281600,"2025-01-31 00:00:00",3247.38,3279.5,3221.2,3230.65,44873.3589
1738296000,"2025-01-31 04:00:00",3230.65,3276.93,3213.8,3241.63,50490.3334
1738310400,"2025-01-31 08:00:00",3241.63,3338.55,3234.05,3335.16,93861.7646
1738324800,"2025-01-31 12:00:00",3335.16,3436.34,3325.3,3427.66,186786.6888
1738339200,"2025-01-31 16:00:00",3427.65,3437.31,3294.97,3339.08,183740.9869
1738353600,"2025-01-31 20:00:00",3339.07,3339.07,3278.5,3300.99,88928.5235
1738368000,"2025-02-01 00:00:00",3300.99,3331.98,3283.01,3291.97,45386.3486
1738382400,"2025-02-01 04:00:00",3291.97,3307.19,3273.44,3280.1,38200.5703
1738396800,"2025-02-01 08:00:00",3280.11,3286.31,3224.01,3252.16,61226.0725
1738411200,"2025-02-01 12:00:00",3252.17,3273.15,3228.93,3250.99,42293.9961
1738425600,"2025-02-01 16:00:00",3251,3267.24,3178.07,3197.08,60538.4039
1738440000,"2025-02-01 20:00:00",3197.09,3197.09,3101.7,3117.54,106419.8611
1738454400,"2025-02-02 00:00:00",3117.54,3163.2,3069.36,3077.97,89939.3891
1738468800,"2025-02-02 04:00:00",3077.98,3139,3075,3101.51,79243.3375
1738483200,"2025-02-02 08:00:00",3101.5,3124.13,3052.19,3064.86,74238.7842
1738497600,"2025-02-02 12:00:00",3064.87,3101.92,3050.64,3081.19,110373.1219
1738512000,"2025-02-02 16:00:00",3081.18,3082.02,2894.4,2958.9,371163.2332
1738526400,"2025-02-02 20:00:00",2958.91,2987.68,2750.71,2869.68,325848.0641
1738540800,"2025-02-03 00:00:00",2869.68,2872.75,2125.01,2527.12,1114056.6473
1738555200,"2025-02-03 04:00:00",2527.2,2632.8,2447.25,2622.35,360415.8333
1738569600,"2025-02-03 08:00:00",2622.35,2622.51,2526.16,2581.41,313992.2338
1738584000,"2025-02-03 12:00:00",2581.41,2728,2529.39,2700.72,480214.163
1738598400,"2025-02-03 16:00:00",2700.73,2770.26,2668.06,2764.23,264479.6094
1738612800,"2025-02-03 20:00:00",2764.21,2921,2695.61,2879.9,274820.5342
1738627200,"2025-02-04 00:00:00",2879.89,2888.5,2792.22,2811,138011.8718
1738641600,"2025-02-04 04:00:00",2810.99,2836.68,2663.21,2703.53,263950.4571
1738656000,"2025-02-04 08:00:00",2703.54,2789.44,2677,2757.99,136242.205
1738670400,"2025-02-04 12:00:00",2757.99,2846.3,2730.18,2777.18,248591.0339
1738684800,"2025-02-04 16:00:00",2777.18,2869.39,2765.26,2770.6,197618.1804
1738699200,"2025-02-04 20:00:00",2770.6,2794.05,2632.6,2731.19,275180.6437
1738713600,"2025-02-05 00:00:00",2731.19,2767.78,2699.13,2720.38,115470.3507
1738728000,"2025-02-05 04:00:00",2720.38,2788,2709.2,2759.31,83663.9379
1738742400,"2025-02-05 08:00:00",2759.3,2817.89,2746.85,2800.01,97829.6017
1738756800,"2025-02-05 12:00:00",2800,2826.95,2757.46,2773.46,145221.6591
1738771200,"2025-02-05 16:00:00",2773.45,2787.56,2715.27,2775.49,147455.2194
1738785600,"2025-02-05 20:00:00",2775.5,2803,2739.49,2788.25,96952.2741
1738800000,"2025-02-06 00:00:00",2788.25,2819.51,2755.69,2806.49,90491.0279
1738814400,"2025-02-06 04:00:00",2806.5,2856.21,2805.87,2831.32,72823.7821
1738828800,"2025-02-06 08:00:00",2831.33,2857.64,2793.05,2803.92,78819.9706
1738843200,"2025-02-06 12:00:00",2803.92,2807.77,2683.71,2705.57,201947.9866
1738857600,"2025-02-06 16:00:00",2705.57,2726.75,2672.03,2689.57,178796.1312
1738872000,"2025-02-06 20:00:00",2689.56,2725.6,2655.28,2686.64,96581.0587
1738886400,"2025-02-07 00:00:00",2686.63,2739.61,2679.79,2715.58,84594.2909
1738900800,"2025-02-07 04:00:00",2715.58,2731,2668.03,2713.07,73234.0939
1738915200,"2025-02-07 08:00:00",2713.06,2764.78,2705.56,2762.69,54688.6634
1738929600,"2025-02-07 12:00:00",2762.69,2797.5,2710.97,2721.73,186449.8092
1738944000,"2025-02-07 16:00:00",2721.74,2727.78,2655.8,2659.3,136563.808
1738958400,"2025-02-07 20:00:00",2659.3,2661.85,2562.51,2622.1,159936.6958
1738972800,"2025-02-08 00:00:00",2622.11,2667.3,2615.88,2641.66,92979.212
1738987200,"2025-02-08 04:00:00",2641.67,2648.99,2594.63,2629.61,82532.5459
1739001600,"2025-02-08 08:00:00",2629.61,2632.5,2601.4,2613.32,46191.8863
1739016000,"2025-02-08 12:00:00",2613.3,2636.9,2588.8,2605.24,64882.546
1739030400,"2025-02-08 16:00:00",2605.24,2649.9,2589.97,2637.89,64134.2209
1739044800,"2025-02-08 20:00:00",2637.89,2645.6,2623.78,2632.46,28964.7398
1739059200,"2025-02-09 00:00:00",2632.46,2698.9,2626.63,2678.54,57303.1101
1739073600,"2025-02-09 04:00:00",2678.53,2678.9,2649.29,2662.59,32616.6626
1739088000,"2025-02-09 08:00:00",2662.59,2673.38,2650.99,2654.78,36834.7682
1739102400,"2025-02-09 12:00:00",2654.8,2661.81,2611.78,2653.21,62701.1928
1739116800,"2025-02-09 16:00:00",2653.22,2666.38,2616.81,2623.89,38288.2364
1739131200,"2025-02-09 20:00:00",2623.89,2649.55,2520.02,2627.18,159422.821
1739145600,"2025-02-10 00:00:00",2627.18,2658.6,2559.85,2625.97,124085.1172
1739160000,"2025-02-10 04:00:00",2625.97,2660,2618.4,2637.03,50659.2011
1739174400,"2025-02-10 08:00:00",2637.02,2662,2634.84,2653.16,44469.5344
1739188800,"2025-02-10 12:00:00",2653.16,2684.55,2631.24,2658.22,79674.8175
1739203200,"2025-02-10 16:00:00",2658.21,2693.79,2650,2672.28,64651.5219
1739217600,"2025-02-10 20:00:00",2672.28,2686.61,2651.74,2661.19,34633.0795
1739232000,"2025-02-11 00:00:00",2661.19,2725.04,2660.72,2678.89,74917.793
1739246400,"2025-02-11 04:00:00",2678.89,2724.98,2676.49,2712.15,56265.817
1739260800,"2025-02-11 08:00:00",2712.12,2720.9,2690.24,2708.8,59949.3625
1739275200,"2025-02-11 12:00:00",2708.8,2710.29,2626.13,2662.36,87537.4987
1739289600,"2025-02-11 16:00:00",2662.35,2670.8,2580,2589.7,103602.5891
1739304000,"2025-02-11 20:00:00",2589.69,2631.36,2558.24,2602.59,101923.0832
1739318400,"2025-02-12 00:00:00",2602.59,2624.36,2569.31,2587.24,51289.7143
1739332800,"2025-02-12 04:00:00",2587.23,2624.07,2577.5,2618.63,47853.4948
1739347200,"2025-02-12 08:00:00",2618.62,2639.49,2610.78,2627.08,58319.6511
1739361600,"2025-02-12 12:00:00",2627.08,2665.16,2546.92,2606.9,231775.8396
1739376000,"2025-02-12 16:00:00",2606.9,2683.65,2583.18,2677.95,116993.489
1739390400,"2025-02-12 20:00:00",2677.95,2795.45,2669.49,2738.27,140063.7071
1739404800,"2025-02-13 00:00:00",2738.27,2757.28,2716,2744,59978.5118
1739419200,"2025-02-13 04:00:00",2744,2745.73,2672.03,2681.5,65437.2035
1739433600,"2025-02-13 08:00:00",2681.51,2688.43,2650.65,2656.19,67087.393
1739448000,"2025-02-13 12:00:00",2656.18,2677.77,2616.04,2647.95,129821.5749
1739462400,"2025-02-13 16:00:00",2647.96,2662.17,2612.76,2640.94,82110.6284
1739476800,"2025-02-13 20:00:00",2640.94,2679.99,2640.5,2675.87,39333.9737
1739491200,"2025-02-14 00:00:00",2675.87,2721.4,2664.46,2715.39,46515.5177
1739505600,"2025-02-14 04:00:00",2715.39,2716.2,2689.43,2699.42,45766.299
1739520000,"2025-02-14 08:00:00",2699.41,2716.48,2682.42,2684.81,70491.0328
1739534400,"2025-02-14 12:00:00",2684.8,2747.39,2677.43,2734.33,88731.914
1739548800,"2025-02-14 16:00:00",2734.33,2791.78,2709.61,2738,116442.086
1739563200,"2025-02-14 20:00:00",2738,2751.1,2706,2725.95,51948.9367
1739577600,"2025-02-15 00:00:00",2725.95,2739,2703.99,2724.4,38406.6504
1739592000,"2025-02-15 04:00:00",2724.41,2733.6,2694,2697.66,28365.3972
1739606400,"2025-02-15 08:00:00",2697.65,2715.1,2695.7,2708.37,31229.706
1739620800,"2025-02-15 12:00:00",2708.37,2713.99,2662.28,2691.05,51483.7874
1739635200,"2025-02-15 16:00:00",2691.05,2707.93,2679,2691.59,29841.035
1739649600,"2025-02-15 20:00:00",2691.6,2704,2679.16,2693.04,23644.8535
1739664000,"2025-02-16 00:00:00",2693.04,2705.98,2687.71,2698.73,18133.5135
1739678400,"2025-02-16 04:00:00",2698.73,2727.31,2690.56,2695.59,30078.2868
1739692800,"2025-02-16 08:00:00",2695.59,2713,2689.49,2710.99,31255.4898
1739707200,"2025-02-16 12:00:00",2710.99,2712.49,2676.73,2694.2,36990.7167
1739721600,"2025-02-16 16:00:00",2694.21,2703.46,2659.1,2683.47,38553.7836
1739736000,"2025-02-16 20:00:00",2683.46,2689.13,2651.26,2661.41,36219.741
1739750400,"2025-02-17 00:00:00",2661.41,2684,2658,2671.88,34706.9905
1739764800,"2025-02-17 04:00:00",2671.89,2695.27,2637.71,2681.59,95908.2492
1739779200,"2025-02-17 08:00:00",2681.59,2774.98,2676.29,2755.2,133143.9377
1739793600,"2025-02-17 12:00:00",2755.2,2849.7,2746.1,2755.72,201274.6321
1739808000,"2025-02-17 16:00:00",2755.71,2765.79,2686.91,2717.72,124486.4926
1739822400,"2025-02-17 20:00:00",2717.72,2778.15,2716.54,2744.05,50219.5176
1739836800,"2025-02-18 00:00:00",2744.05,2756.93,2707.5,2712.08,53866.0828
1739851200,"2025-02-18 04:00:00",2712.07,2718.09,2652.17,2672.51,144898.4315
1739865600,"2025-02-18 08:00:00",2672.51,2706.12,2653.4,2679.26,88680.2452
1739880000,"2025-02-18 12:00:00",2679.26,2732.8,2660,2673.7,114342.8765
1739894400,"2025-02-18 16:00:00",2673.7,2684.63,2605.44,2630.37,139482.6642
1739908800,"2025-02-18 20:00:00",2630.38,2672.4,2618,2671.99,63593.5735
1739923200,"2025-02-19 00:00:00",2672,2700,2656.03,2694.02,48256.7103
1739937600,"2025-02-19 04:00:00",2694.02,2717.34,2664.54,2708.38,56191.0568
1739952000,"2025-02-19 08:00:00",2708.39,2736.7,2703.99,2726.93,61785.4339
1739966400,"2025-02-19 12:00:00",2726.93,2731.16,2677.51,2696.99,71752.3137
1739980800,"2025-02-19 16:00:00",2696.99,2724.29,2694.78,2712.03,47648.0995
1739995200,"2025-02-19 20:00:00",2712.03,2734.37,2706.02,2715.5,40520.406
1740009600,"2025-02-20 00:00:00",2715.51,2751.5,2709.69,2741.77,50953.0686
1740024000,"2025-02-20 04:00:00",2741.77,2758.68,2722.23,2730.22,50511.3938
1740038400,"2025-02-20 08:00:00",2730.23,2746.99,2725.28,2740.71,33327.6054
1740052800,"2025-02-20 12:00:00",2740.7,2770.59,2707.33,2712.6,96259.5299
1740067200,"2025-02-20 16:00:00",2712.6,2767.93,2707.18,2747.77,72800.2885
1740081600,"2025-02-20 20:00:00",2747.77,2761.06,2722.2,2738.04,32883.3682
1740096000,"2025-02-21 00:00:00",2738.04,2749.49,2726,2744.2,32255.6241
1740110400,"2025-02-21 04:00:00",2744.2,2769.56,2744.19,2756.32,44085.0098
1740124800,"2025-02-21 08:00:00",2756.31,2831.71,2747.74,2788.73,101826.5357
1740139200,"2025-02-21 12:00:00",2788.73,2845.32,2675.02,2723.31,273746.5973
1740153600,"2025-02-21 16:00:00",2723.3,2769.88,2625.94,2640.19,328655.2354
1740168000,"2025-02-21 20:00:00",2640.2,2664,2616.72,2663,109871.0581
1740182400,"2025-02-22 00:00:00",2663,2688.97,2653.33,2675.37,88626.3932
1740196800,"2025-02-22 04:00:00",2675.37,2697.1,2673,2684.56,35257.9596
1740211200,"2025-02-22 08:00:00",2684.55,2753.59,2676.8,2732.99,136897.9772
1740225600,"2025-02-22 12:00:00",2733,2785.91,2722.15,2775.68,64983.537
1740240000,"2025-02-22 16:00:00",2775.67,2798.07,2756.37,2770.09,89040.9675
1740254400,"2025-02-22 20:00:00",2770.1,2778.14,2759.39,2763.22,30182.8324
1740268800,"2025-02-23 00:00:00",2763.23,2775.88,2745.41,2752.77,39782.8142
1740283200,"2025-02-23 04:00:00",2752.76,2829.98,2746.17,2825.2,108629.0536
1740297600,"2025-02-23 08:00:00",2825.2,2831.58,2783.2,2797.48,98860.1041
1740312000,"2025-02-23 12:00:00",2797.48,2827,2773.48,2783,155759.8402
1740326400,"2025-02-23 16:00:00",2783,2824,2782.38,2807.97,117626.0389
1740340800,"2025-02-23 20:00:00",2807.97,2857.34,2784.01,2819.69,90344.2712
1740355200,"2025-02-24 00:00:00",2819.7,2839.95,2711.8,2718.08,132389.5642
1740369600,"2025-02-24 04:00:00",2718.08,2735.78,2691.49,2722.01,121962.0226
1740384000,"2025-02-24 08:00:00",2722.02,2722.4,2663.03,2689.99,104336.8507
1740398400,"2025-02-24 12:00:00",2690,2696.63,2636.33,2658.77,146891.4552
1740412800,"2025-02-24 16:00:00",2658.77,2682.42,2623.12,2641.26,112927.4368
1740427200,"2025-02-24 20:00:00",2641.3,2663.9,2470.33,2513.52,258369.0412
1740441600,"2025-02-25 00:00:00",2513.52,2530.6,2458.27,2495.21,211165.3701
1740456000,"2025-02-25 04:00:00",2495.22,2512.9,2313.49,2368.11,376091.6202
1740470400,"2025-02-25 08:00:00",2368.12,2439.5,2357.05,2433.69,255323.8198
1740484800,"2025-02-25 12:00:00",2433.7,2448.95,2361.89,2409.8,250071.3592
1740499200,"2025-02-25 16:00:00",2409.8,2473.59,2383.4,2471.91,135745.5299
1740513600,"2025-02-25 20:00:00",2471.9,2533.49,2457.59,2495.7,93619.1726
1740528000,"2025-02-26 00:00:00",2495.69,2507.5,2471.8,2490.6,62969.4729
1740542400,"2025-02-26 04:00:00",2490.61,2506.4,2475.2,2483.81,64151.974
1740556800,"2025-02-26 08:00:00",2483.81,2496.25,2457.77,2464.79,93766.3355
1740571200,"2025-02-26 12:00:00",2464.8,2466.81,2370,2428.47,166356.9374
1740585600,"2025-02-26 16:00:00",2428.5,2434.2,2266.1,2296.29,278352.1916
1740600000,"2025-02-26 20:00:00",2296.3,2383.37,2253.77,2336.37,197490.3019
1740614400,"2025-02-27 00:00:00",2336.38,2370.9,2315.85,2332.11,90991.5806
1740628800,"2025-02-27 04:00:00",2332.11,2373.2,2303.22,2356.13,111823.423
1740643200,"2025-02-27 08:00:00",2356.13,2381.6,2343.41,2353.82,77842.7418
1740657600,"2025-02-27 12:00:00",2353.83,2362.35,2290.78,2323.31,129970.0648
1740672000,"2025-02-27 16:00:00",2323.31,2337.5,2278.79,2292.41,105527.0794
1740686400,"2025-02-27 20:00:00",2292.41,2311.52,2230.57,2307.72,121429.021
1740700800,"2025-02-28 00:00:00",2307.72,2314.18,2123.63,2147.49,410729.0366
1740715200,"2025-02-28 04:00:00",2147.49,2156,2076.26,2106.2,304572.7663
1740729600,"2025-02-28 08:00:00",2106.21,2151.94,2076.26,2125.8,164223.0144
1740744000,"2025-02-28 12:00:00",2125.8,2228.64,2105.38,2223.01,234321.3019
1740758400,"2025-02-28 16:00:00",2223,2255.13,2193.4,2230.15,120716.9075
1740772800,"2025-02-28 20:00:00",2230.14,2239.69,2198.51,2237.59,56976.029
1740787200,"2025-03-01 00:00:00",2237.59,2275.61,2213.33,2262.98,76171.7295
1740801600,"2025-03-01 04:00:00",2262.98,2281.14,2224.2,2229.24,78968.1809
1740816000,"2025-03-01 08:00:00",2229.25,2239.77,2171.41,2184.42,76803.1109
1740830400,"2025-03-01 12:00:00",2184.43,2187.7,2142.73,2173.29,87634.5779
1740844800,"2025-03-01 16:00:00",2173.3,2234.6,2169.4,2223.31,67008.3349
1740859200,"2025-03-01 20:00:00",2223.31,2235.99,2191.1,2217.39,59844.793
1740873600,"2025-03-02 00:00:00",2217.4,2230.82,2201.1,2220.18,64784.6556
1740888000,"2025-03-02 04:00:00",2220.19,2235.6,2218.2,2221.4,43328.6385
1740902400,"2025-03-02 08:00:00",2221.4,2260.84,2208.06,2238.88,91437.409
1740916800,"2025-03-02 12:00:00",2238.88,2291.76,2172.04,2229.51,238909.0638
1740931200,"2025-03-02 16:00:00",2229.51,2518,2212.35,2486.42,673710.4844
1740945600,"2025-03-02 20:00:00",2486.42,2550.58,2480.19,2518.11,154514.5235
1740960000,"2025-03-03 00:00:00",2518.12,2523.56,2418.67,2441.15,126059.2499
1740974400,"2025-03-03 04:00:00",2441.16,2457.25,2352.79,2387.01,116668.3594
1740988800,"2025-03-03 08:00:00",2387.01,2388.11,2322.01,2356.16,106661.5946
1741003200,"2025-03-03 12:00:00",2356.15,2389,2266.97,2287.24,233661.8371
1741017600,"2025-03-03 16:00:00",2287.3,2297,2100,2109.88,321208.0472
1741032000,"2025-03-03 20:00:00",2109.87,2173.29,2097.91,2149.01,205306.1121
1741046400,"2025-03-04 00:00:00",2149.02,2167.18,2002.81,2074.89,381379.4472
1741060800,"2025-03-04 04:00:00",2074.89,2122.12,2068.34,2080.41,100105.7709
1741075200,"2025-03-04 08:00:00",2080.42,2118,2071.03,2101.36,83425.9767
1741089600,"2025-03-04 12:00:00",2101.38,2158.32,2025.62,2074.49,282620.1985
1741104000,"2025-03-04 16:00:00",2074.49,2174.72,1993.2,2172.65,263372.4771
1741118400,"2025-03-04 20:00:00",2172.63,2221.88,2126.06,2171.51,146918.4668
1741132800,"2025-03-05 00:00:00",2171.5,2192.75,2155.03,2160.89,75779.2625
1741147200,"2025-03-05 04:00:00",2160.9,2213.13,2156.15,2207,74065.4863
1741161600,"2025-03-05 08:00:00",2207,2273.51,2204.61,2217.72,157942.1343
1741176000,"2025-03-05 12:00:00",2217.72,2232.81,2166.48,2186.82,197537.5452
1741190400,"2025-03-05 16:00:00",2186.81,2222.99,2161.78,2218.3,119024.4928
1741204800,"2025-03-05 20:00:00",2218.3,2252.86,2214.12,2241.59,62781.8686
1741219200,"2025-03-06 00:00:00",2241.59,2296.31,2234.07,2289.79,105010.7409
1741233600,"2025-03-06 04:00:00",2289.79,2319.99,2275.91,2286,70371.8427
1741248000,"2025-03-06 08:00:00",2285.99,2305.68,2276.77,2297.59,52141.9558
1741262400,"2025-03-06 12:00:00",2297.59,2298.9,2208.6,2257.49,191161.4281
1741276800,"2025-03-06 16:00:00",2257.5,2265.7,2176.9,2198.34,112488.4374
1741291200,"2025-03-06 20:00:00",2198.35,2229.4,2192.3,2202.2,65733.9886
1741305600,"2025-03-07 00:00:00",2202.21,2227.39,2101.82,2147.89,241562.3974
1741320000,"2025-03-07 04:00:00",2147.9,2193.39,2144.59,2192.41,47011.2169
1741334400,"2025-03-07 08:00:00",2192.41,2210.8,2177.15,2197.49,48544.8208
1741348800,"2025-03-07 12:00:00",2197.49,2258.47,2165.79,2209.68,184203.3684
1741363200,"2025-03-07 16:00:00",2209.67,2215.49,2141.53,2178.34,137449.4887
1741377600,"2025-03-07 20:00:00",2178.33,2186.96,2115,2141.6,123615.9684
1741392000,"2025-03-08 00:00:00",2141.6,2156,2105.06,2137.8,49887.2769
1741406400,"2025-03-08 04:00:00",2137.8,2152.69,2131.4,2137.88,26053.3446
1741420800,"2025-03-08 08:00:00",2137.89,2143.5,2126.66,2141.95,32120.7156
1741435200,"2025-03-08 12:00:00",2141.95,2198.86,2138.1,2181.4,89601.1782
1741449600,"2025-03-08 16:00:00",2181.4,2234.93,2161.14,2224.6,96299.8498
1741464000,"2025-03-08 20:00:00",2224.61,2225.99,2193.2,2203.58,34830.7328
1741478400,"2025-03-09 00:00:00",2203.57,2212,2176.14,2186.01,31680.2767
1741492800,"2025-03-09 04:00:00",2186,2197.1,2171.84,2185.07,28504.2259
1741507200,"2025-03-09 08:00:00",2185.07,2187.68,2128.43,2146.7,55551.963
1741521600,"2025-03-09 12:00:00",2146.7,2146.9,2084.67,2097.03,121751.0614
1741536000,"2025-03-09 16:00:00",2097.01,2109.32,1998,2040.47,249511.9992
1741550400,"2025-03-09 20:00:00",2040.47,2056.59,1989.66,2020.41,114672.062
1741564800,"2025-03-10 00:00:00",2020.43,2071,1995.08,2057.89,102595.4967
1741579200,"2025-03-10 04:00:00",2057.88,2079.33,2054.19,2075.29,41834.9445
1741593600,"2025-03-10 08:00:00",2075.3,2152.4,2047.83,2128.12,160181.7753
1741608000,"2025-03-10 12:00:00",2128.11,2135.98,1997,2017.83,239663.5971
1741622400,"2025-03-10 16:00:00",2017.83,2025.3,1810.01,1869.3,566502.5453
1741636800,"2025-03-10 20:00:00",1869.43,1903.99,1843.23,1865.1,137966.9925
1741651200,"2025-03-11 00:00:00",1865.11,1890.46,1754.28,1849.78,363691.2023
1741665600,"2025-03-11 04:00:00",1849.78,1914.25,1845.46,1904.1,125136.8603
1741680000,"2025-03-11 08:00:00",1904.1,1929.68,1899.57,1914.12,121867.722
1741694400,"2025-03-11 12:00:00",1914.12,1962.98,1840.53,1914.49,363557.2205
1741708800,"2025-03-11 16:00:00",1914.49,1963.2,1886.55,1951.91,147786.786
1741723200,"2025-03-11 20:00:00",1951.9,1955.42,1917.17,1923.43,49388.2084
1741737600,"2025-03-12 00:00:00",1923.42,1932.86,1867.09,1868.9,89187.395
1741752000,"2025-03-12 04:00:00",1868.89,1916.66,1852.3,1911.26,110565.4119
1741766400,"2025-03-12 08:00:00",1911.26,1960,1871.11,1916.84,215120.8672
1741780800,"2025-03-12 12:00:00",1916.85,1947,1829.72,1869.85,248953.4079
1741795200,"2025-03-12 16:00:00",1869.86,1894.72,1862.45,1878.25,73654.1765
1741809600,"2025-03-12 20:00:00",1878.26,1915.95,1873.7,1908.2,51258.4178
1741824000,"2025-03-13 00:00:00",1908.2,1917.12,1882.01,1886.87,52279.6222
1741838400,"2025-03-13 04:00:00",1886.87,1891.5,1858.32,1872.23,70999.1065
1741852800,"2025-03-13 08:00:00",1872.23,1905.38,1853.9,1900.24,122758.5939
1741867200,"2025-03-13 12:00:00",1900.24,1923.09,1864.21,1875.41,175474.8446
1741881600,"2025-03-13 16:00:00",1875.41,1878.1,1821.81,1851.82,103269.565
1741896000,"2025-03-13 20:00:00",1851.73,1883.56,1839.4,1864.59,44755.53
1741910400,"2025-03-14 00:00:00",1864.59,1894.63,1861.31,1889.29,37433.6401
1741924800,"2025-03-14 04:00:00",1889.28,1905.42,1887.73,1893.07,43605.6267
1741939200,"2025-03-14 08:00:00",1893.08,1908.93,1889.5,1902.4,46793.3531
1741953600,"2025-03-14 12:00:00",1902.41,1942.48,1877.69,1922.2,143016.1201
1741968000,"2025-03-14 16:00:00",1922.2,1945.64,1914.19,1934.16,67614.675
1741982400,"2025-03-14 20:00:00",1934.16,1934.94,1908.38,1911.65,37342.3205
1741996800,"2025-03-15 00:00:00",1911.64,1923.37,1903.75,1920.44,30993.0842
1742011200,"2025-03-15 04:00:00",1920.43,1935.21,1914.65,1917.66,33333.6803
1742025600,"2025-03-15 08:00:00",1917.68,1931.87,1912.7,1929,29503.127
1742040000,"2025-03-15 12:00:00",1929,1939.6,1922.55,1937.83,35518.1072
1742054400,"2025-03-15 16:00:00",1937.84,1948.22,1928.76,1937.31,40092.5507
1742068800,"2025-03-15 20:00:00",1937.32,1957.19,1936.37,1937.17,40105.3181
1742083200,"2025-03-16 00:00:00",1937.18,1940.87,1916.56,1927.52,31212.3097
1742097600,"2025-03-16 04:00:00",1927.52,1934,1921.53,1925.89,22661.718
1742112000,"2025-03-16 08:00:00",1925.89,1926.92,1866.9,1874,90060.573
1742126400,"2025-03-16 12:00:00",1874.01,1898.33,1873.42,1895.01,53503.7716
1742140800,"2025-03-16 16:00:00",1895.01,1924.11,1860.38,1882.74,86543.0685
1742155200,"2025-03-16 20:00:00",1882.73,1898.63,1870.1,1887,40785.2156
1742169600,"2025-03-17 00:00:00",1887.01,1915.44,1886.36,1908.85,41322.9928
1742184000,"2025-03-17 04:00:00",1908.85,1912.99,1879.98,1900.74,38881.3235
1742198400,"2025-03-17 08:00:00",1900.75,1918.42,1893,1910.59,37499.8988
1742212800,"2025-03-17 12:00:00",1910.58,1939.03,1888.01,1919.47,107747.907
1742227200,"2025-03-17 16:00:00",1919.47,1952.4,1907.74,1942.23,71315.4844
1742241600,"2025-03-17 20:00:00",1942.22,1949.5,1922.2,1926.31,38072.8812
1742256000,"2025-03-18 00:00:00",1926.3,1930.25,1897.47,1901.17,52066.7245
1742270400,"2025-03-18 04:00:00",1901.17,1910.41,1893.86,1905.06,37720.0428
1742284800,"2025-03-18 08:00:00",1905.05,1913.09,1885.58,1892.43,55602.0709
1742299200,"2025-03-18 12:00:00",1892.42,1903.2,1872.31,1881.02,87278.069
1742313600,"2025-03-18 16:00:00",1881.03,1908.39,1873.6,1904.57,56527.7258
1742328000,"2025-03-18 20:00:00",1904.57,1936.2,1898.65,1931.54,43701.3825
1742342400,"2025-03-19 00:00:00",1931.54,1949.03,1927.58,1938.33,78297.369
1742356800,"2025-03-19 04:00:00",1938.33,1943.14,1930.3,1932,51764.9712
1742371200,"2025-03-19 08:00:00",1932,2033.79,1931.7,2027.99,177658.3462
1742385600,"2025-03-19 12:00:00",2028,2056.99,1994.65,2048.99,153084.4055
1742400000,"2025-03-19 16:00:00",2049,2064.91,1997.33,2031.06,179077.3681
1742414400,"2025-03-19 20:00:00",2031.07,2069.9,2028.58,2056.06,51927.0434
1742428800,"2025-03-20 00:00:00",2056.05,2067.9,2020.41,2022.75,55508.5588
1742443200,"2025-03-20 04:00:00",2022.75,2025.6,2005.2,2007.54,56313.6544
1742457600,"2025-03-20 08:00:00",2007.55,2021.27,1972.4,1989.08,83047.3029
1742472000,"2025-03-20 12:00:00",1989.09,2010.66,1965.85,1972.17,86188.1979
1742486400,"2025-03-20 16:00:00",1972.01,1980.26,1952.17,1974.75,92498.9104
1742500800,"2025-03-20 20:00:00",1974.76,1984.88,1971.33,1983.79,27962.3038
1742515200,"2025-03-21 00:00:00",1983.79,1996.73,1973,1978.17,36187.0196
1742529600,"2025-03-21 04:00:00",1978.16,1989.95,1966.52,1976.78,32847.9402
1742544000,"2025-03-21 08:00:00",1976.79,1982.33,1956.6,1966.81,43285.7076
1742558400,"2025-03-21 12:00:00",1966.81,1973.99,1937.1,1950.69,70931.0173
1742572800,"2025-03-21 16:00:00",1950.69,1977.9,1946.07,1973.93,51879.2956
1742587200,"2025-03-21 20:00:00",1973.92,1983.4,1962.62,1965.75,27510.6787
1742601600,"2025-03-22 00:00:00",1965.74,1987.23,1964.34,1986.04,30242.4857
1742616000,"2025-03-22 04:00:00",1986.07,1993.1,1983.23,1984.23,22032.5288
1742630400,"2025-03-22 08:00:00",1984.22,2006.61,1981.68,1990.41,42628.2325
1742644800,"2025-03-22 12:00:00",1990.41,1997.75,1981.12,1986.29,29865.6634
1742659200,"2025-03-22 16:00:00",1986.29,2000,1982.52,1995.94,21282.0684
1742673600,"2025-03-22 20:00:00",1995.95,2004.3,1974.78,1980.69,24731.9786
1742688000,"2025-03-23 00:00:00",1980.68,2008.73,1976.81,2008.31,30652.622
1742702400,"2025-03-23 04:00:00",2008.32,2019.8,1992.08,2008.04,84722.8166
1742716800,"2025-03-23 08:00:00",2008.04,2020.74,2002.9,2008.01,40446.2429
1742731200,"2025-03-23 12:00:00",2008.01,2020.2,2002.52,2007.06,41764.057
1742745600,"2025-03-23 16:00:00",2007.06,2008.23,1987.5,1996.3,37278.0699
1742760000,"2025-03-23 20:00:00",1996.3,2006.68,1980.77,2005.99,33843.7149
1742774400,"2025-03-24 00:00:00",2005.99,2021.39,1977.67,2014.48,79392.7375
1742788800,"2025-03-24 04:00:00",2014.49,2079.58,2014.49,2069.16,123425.724
1742803200,"2025-03-24 08:00:00",2069.18,2104.11,2068.77,2092.77,82706.6126
1742817600,"2025-03-24 12:00:00",2092.77,2102.49,2073.47,2089.77,85147.898
1742832000,"2025-03-24 16:00:00",2089.76,2101.3,2067.67,2088.71,69700.2774
1742846400,"2025-03-24 20:00:00",2088.71,2095.41,2068.33,2081.2,37539.5659
1742860800,"2025-03-25 00:00:00",2081.2,2097.7,2041.83,2043.26,63776.9053
1742875200,"2025-03-25 04:00:00",2043.25,2066.98,2037.08,2055.55,45714.9026
1742889600,"2025-03-25 08:00:00",2055.56,2075.36,2052.44,2068.68,58564.8607
1742904000,"2025-03-25 12:00:00",2068.68,2080.4,2051.88,2067.67,75513.4319
1742918400,"2025-03-25 16:00:00",2067.67,2083.52,2056.51,2075.64,49556.1643
1742932800,"2025-03-25 20:00:00",2075.64,2082.99,2053.85,2066.15,35639.0644
1742947200,"2025-03-26 00:00:00",2066.16,2079.21,2042.6,2049.07,47785.8977
1742961600,"2025-03-26 04:00:00",2049.06,2071.4,2047.55,2069.25,49512.9513
1742976000,"2025-03-26 08:00:00",2069.26,2075.76,2057.6,2068.51,61640.9566
1742990400,"2025-03-26 12:00:00",2068.52,2070.52,2006.66,2012.27,132460.4999
1743004800,"2025-03-26 16:00:00",2012.27,2022.13,1981.6,1999.92,100130.393
1743019200,"2025-03-26 20:00:00",1999.91,2017.92,1991.85,2009.52,37444.6301
1743033600,"2025-03-27 00:00:00",2009.52,2037.38,2006.78,2031.32,41020.331
1743048000,"2025-03-27 04:00:00",2031.32,2032.87,2020.95,2026.43,27996.1192
1743062400,"2025-03-27 08:00:00",2026.42,2035.92,2012.21,2016.21,54604.8804
1743076800,"2025-03-27 12:00:00",2016.21,2026.32,1987.06,2005.49,124157.286
1743091200,"2025-03-27 16:00:00",2005.48,2015.16,1993.65,2004.08,67723.9446
1743105600,"2025-03-27 20:00:00",2004.13,2020,1999.68,2003.66,45132.2771
1743120000,"2025-03-28 00:00:00",2003.67,2015.93,1991.63,1999.84,45959.3744
1743134400,"2025-03-28 04:00:00",1999.84,2004.7,1900,1910.21,204560.9423
1743148800,"2025-03-28 08:00:00",1910.21,1925,1860,1900.48,131084.2217
1743163200,"2025-03-28 12:00:00",1900.47,1903.87,1871.58,1872.13,135936.1364
1743177600,"2025-03-28 16:00:00",1872.13,1887.28,1862.14,1874.16,67418.3875
1743192000,"2025-03-28 20:00:00",1874.17,1902,1873.75,1896.9,41208.5209
1743206400,"2025-03-29 00:00:00",1896.9,1913.6,1886.27,1899.83,49911.4913
1743220800,"2025-03-29 04:00:00",1899.84,1904.96,1875.41,1880.14,49183.2001
1743235200,"2025-03-29 08:00:00",1880.14,1887.28,1833.5,1844.55,104293.8926
1743249600,"2025-03-29 12:00:00",1844.55,1863.75,1833.84,1840.24,49507.5742
1743264000,"2025-03-29 16:00:00",1840.24,1848.12,1797.2,1827.5,121732.8898
1743278400,"2025-03-29 20:00:00",1827.5,1830.31,1811.6,1828.08,35140.7075
1743292800,"2025-03-30 00:00:00",1828.09,1844.59,1812.69,1834.39,45627.2749
1743307200,"2025-03-30 04:00:00",1834.39,1846.85,1832.56,1837.74,25482.9237
1743321600,"2025-03-30 08:00:00",1837.74,1849.01,1826.49,1833.27,34404.5555
1743336000,"2025-03-30 12:00:00",1833.28,1839.71,1790.06,1813.75,80088.8278
1743350400,"2025-03-30 16:00:00",1813.76,1834.33,1785.41,1814.22,70663.6853
1743364800,"2025-03-30 20:00:00",1814.22,1821.68,1767.69,1807.74,71576.1804
1743379200,"2025-03-31 00:00:00",1807.74,1823.5,1776.75,1798.32,83766.4283
1743393600,"2025-03-31 04:00:00",1798.32,1813.68,1789.1,1798.92,53143.2359
1743408000,"2025-03-31 08:00:00",1798.91,1819.74,1777.79,1813.43,90571.4839
1743422400,"2025-03-31 12:00:00",1813.43,1854.22,1794.94,1842.23,158823.842
1743436800,"2025-03-31 16:00:00",1842.22,1847.34,1817.23,1827.71,68966.6935
1743451200,"2025-03-31 20:00:00",1827.71,1834.74,1816.4,1822.43,42583.2216
1743465600,"2025-04-01 00:00:00",1822.43,1843,1817.88,1835,55092.8255
1743480000,"2025-04-01 04:00:00",1835,1867.91,1831.95,1854.26,50598.2842
1743494400,"2025-04-01 08:00:00",1854.26,1892.55,1853.93,1862.36,95925.7841
1743508800,"2025-04-01 12:00:00",1862.37,1927.9,1842.42,1918.58,156992.8651
1743523200,"2025-04-01 16:00:00",1918.59,1924.17,1901.5,1910.09,53127.4709
1743537600,"2025-04-01 20:00:00",1910.1,1922.75,1897.13,1904.98,41251.8676
1743552000,"2025-04-02 00:00:00",1904.98,1908.41,1872.39,1876.39,54199.1151
1743566400,"2025-04-02 04:00:00",1876.4,1883.3,1852,1865.06,62469.3203
1743580800,"2025-04-02 08:00:00",1865.07,1888.05,1862.62,1868.72,46565.6618
1743595200,"2025-04-02 12:00:00",1868.73,1919,1854.27,1901.21,205643.0299
1743609600,"2025-04-02 16:00:00",1901.21,1916.1,1882.22,1911.45,91870.8888
1743624000,"2025-04-02 20:00:00",1911.45,1957,1781.53,1795.22,290092.7664
1743638400,"2025-04-03 00:00:00",1795.21,1834.88,1788.97,1824.46,86309.6716
1743652800,"2025-04-03 04:00:00",1824.47,1845.26,1807.13,1815.31,63173.4782
1743667200,"2025-04-03 08:00:00",1815.31,1824.18,1787.23,1795.13,68000.455
1743681600,"2025-04-03 12:00:00",1795.13,1800.52,1750,1782.27,183694.3886
1743696000,"2025-04-03 16:00:00",1782.26,1799.15,1767.23,1787.12,61798.8036
1743710400,"2025-04-03 20:00:00",1787.11,1821.84,1779.78,1817.23,45098.221
1743724800,"2025-04-04 00:00:00",1817.23,1823.12,1771.11,1792.91,71533.8066
1743739200,"2025-04-04 04:00:00",1792.91,1821.82,1784.17,1817.93,44350.2635
1743753600,"2025-04-04 08:00:00",1817.94,1835.68,1758.72,1783.88,126091.5891
1743768000,"2025-04-04 12:00:00",1783.88,1821,1769.45,1795.24,190281.9269
1743782400,"2025-04-04 16:00:00",1795.24,1828.9,1783.25,1810.21,99784.1323
1743796800,"2025-04-04 20:00:00",1810.21,1827.99,1807.52,1816.87,40692.7518
1743811200,"2025-04-05 00:00:00",1816.88,1827.29,1809.39,1810.01,24960.4779
1743825600,"2025-04-05 04:00:00",1810.01,1815.75,1803.99,1813.22,19521.7579
1743840000,"2025-04-05 08:00:00",1813.22,1822.04,1806.56,1807.34,27693.9316
1743854400,"2025-04-05 12:00:00",1807.34,1808.3,1777.93,1782.01,57339.1196
1743868800,"2025-04-05 16:00:00",1782.01,1795.38,1780,1782.17,20889.6367
1743883200,"2025-04-05 20:00:00",1782.17,1810.04,1764.39,1806.01,51311.3459
1743897600,"2025-04-06 00:00:00",1806.02,1817,1801.78,1809.81,24843.9304
1743912000,"2025-04-06 04:00:00",1809.81,1813.55,1791.49,1797.69,28106.5655
1743926400,"2025-04-06 08:00:00",1797.7,1798.2,1783,1789.19,36956.075
1743940800,"2025-04-06 12:00:00",1789.19,1792.09,1735,1759.55,126184.7151
1743955200,"2025-04-06 16:00:00",1759.56,1760.06,1602,1626.24,394747.5662
1743969600,"2025-04-06 20:00:00",1626.24,1631.18,1537.5,1580.76,369008.2436
1743984000,"2025-04-07 00:00:00",1580.77,1614.2,1520.78,1543.69,231470.3874
1743998400,"2025-04-07 04:00:00",1543.69,1561.41,1411.01,1460.15,606711.8104
1744012800,"2025-04-07 08:00:00",1460.15,1520.83,1455.63,1483.11,289167.8855
1744027200,"2025-04-07 12:00:00",1483.11,1639,1478.12,1556.56,745901.0133
1744041600,"2025-04-07 16:00:00",1556.56,1572.7,1526,1545.41,211504.8219
1744056000,"2025-04-07 20:00:00",1545.47,1585.5,1545.06,1553.04,84040.0882
1744070400,"2025-04-08 00:00:00",1553.04,1618.67,1541.04,1584.71,108270.5369
1744084800,"2025-04-08 04:00:00",1584.71,1602.27,1561.89,1570.83,90041.615
1744099200,"2025-04-08 08:00:00",1570.83,1590.08,1554.37,1588.32,79592.2855
1744113600,"2025-04-08 12:00:00",1588.32,1593.47,1518.29,1531.77,195381.2018
1744128000,"2025-04-08 16:00:00",1531.76,1533.08,1454.63,1466.67,296007.5833
1744142400,"2025-04-08 20:00:00",1466.67,1486.2,1441.3,1473.41,122552.9102
1744156800,"2025-04-09 00:00:00",1473.41,1482.28,1385.05,1418.8,348901.6501
1744171200,"2025-04-09 04:00:00",1418.79,1492.02,1414.77,1483.43,231481.7066
1744185600,"2025-04-09 08:00:00",1483.45,1496.55,1445.07,1455.33,225142.4451
1744200000,"2025-04-09 12:00:00",1455.33,1501.27,1440.2,1485.26,274260.0992
1744214400,"2025-04-09 16:00:00",1485.26,1673.29,1481.97,1640.92,728405.2382
1744228800,"2025-04-09 20:00:00",1640.93,1689,1640.56,1669.51,160339.7746
1744243200,"2025-04-10 00:00:00",1669.51,1669.85,1601.76,1617.01,126397.4019
1744257600,"2025-04-10 04:00:00",1617,1626.14,1583.31,1595.81,104597.0239
1744272000,"2025-04-10 08:00:00",1595.81,1606.86,1581.36,1594.81,87134.1256
1744286400,"2025-04-10 12:00:00",1594.8,1640,1483.6,1495.98,325823.9029
1744300800,"2025-04-10 16:00:00",1495.97,1532.2,1471.02,1514.67,206611.5545
1744315200,"2025-04-10 20:00:00",1514.6,1533.7,1514.16,1522.25,61291.3846
1744329600,"2025-04-11 00:00:00",1522.24,1550.6,1504.63,1544.61,94058.3669
1744344000,"2025-04-11 04:00:00",1544.61,1562.8,1541.04,1553.04,69184.0419
1744358400,"2025-04-11 08:00:00",1553.05,1585,1538.14,1558.79,139182.3495
1744372800,"2025-04-11 12:00:00",1558.8,1581.44,1541.48,1565.44,148755.5345
1744387200,"2025-04-11 16:00:00",1565.44,1591.47,1555.87,1565.79,83844.1242
1744401600,"2025-04-11 20:00:00",1565.79,1586.97,1558.7,1566.85,43459.9013
1744416000,"2025-04-12 00:00:00",1566.85,1569.79,1546.06,1554.4,48549.479
1744430400,"2025-04-12 04:00:00",1554.4,1585.23,1550.5,1582.05,48725.5648
1744444800,"2025-04-12 08:00:00",1582.04,1606.41,1581,1594.06,68189.6049
1744459200,"2025-04-12 12:00:00",1594.06,1669.59,1590.7,1655.87,184898.5365
1744473600,"2025-04-12 16:00:00",1655.88,1662.33,1628.24,1642.63,96645.472
1744488000,"2025-04-12 20:00:00",1642.64,1659.93,1641.24,1644.18,54859.2461
1744502400,"2025-04-13 00:00:00",1644.19,1649.75,1606.55,1624.53,75377.2782
1744516800,"2025-04-13 04:00:00",1624.52,1624.66,1597.47,1613.5,57240.2926
1744531200,"2025-04-13 08:00:00",1613.51,1628.2,1592.58,1604.28,72537.0065
1744545600,"2025-04-13 12:00:00",1604.29,1609.3,1566.11,1586.62,107308.5997
1744560000,"2025-04-13 16:00:00",1586.61,1649.04,1562.01,1590.25,173502.9478
1744574400,"2025-04-13 20:00:00",1590.25,1617.08,1572.24,1597.76,94170.4897
1744588800,"2025-04-14 00:00:00",1597.76,1660.32,1595.56,1629.59,126833.3588
1744603200,"2025-04-14 04:00:00",1629.6,1642.19,1612.63,1635.57,68892.4749
1744617600,"2025-04-14 08:00:00",1635.58,1691.5,1629.34,1675.32,140481.582
1744632000,"2025-04-14 12:00:00",1675.32,1689.59,1619.34,1627.93,157297.7459
1744646400,"2025-04-14 16:00:00",1627.94,1651.51,1615,1636.58,105039.3429
1744660800,"2025-04-14 20:00:00",1636.58,1638.18,1606.01,1623.77,47385.6374
1744675200,"2025-04-15 00:00:00",1623.78,1643.7,1614.8,1637.89,66593.4424
1744689600,"2025-04-15 04:00:00",1637.9,1648.47,1632.06,1644.84,49772.8016
1744704000,"2025-04-15 08:00:00",1644.83,1651.96,1622.47,1632.05,71974.1557
1744718400,"2025-04-15 12:00:00",1632.06,1661.21,1601.36,1621.02,167803.8185
1744732800,"2025-04-15 16:00:00",1621.01,1627.99,1597.17,1606.96,64876.56
1744747200,"2025-04-15 20:00:00",1606.95,1614.78,1583.12,1588.78,55158.1133
1744761600,"2025-04-16 00:00:00",1588.77,1604.4,1576.5,1591.04,53725.2608
1744776000,"2025-04-16 04:00:00",1591.04,1593.66,1551.18,1564.28,98012.8235
1744790400,"2025-04-16 08:00:00",1564.28,1586.1,1556.7,1584.17,61135.9591
1744804800,"2025-04-16 12:00:00",1584.18,1613.66,1566.28,1590.69,127938.4349
1744819200,"2025-04-16 16:00:00",1590.7,1612.83,1538.07,1588.6,208530.8318
1744833600,"2025-04-16 20:00:00",1588.61,1598.15,1570,1577.14,62044.5585
1744848000,"2025-04-17 00:00:00",1577.15,1595.57,1574.69,1584.91,59911.5347
1744862400,"2025-04-17 04:00:00",1584.91,1610.53,1580.99,1601.6,65643.7644
1744876800,"2025-04-17 08:00:00",1601.6,1604.23,1588.65,1593.27,44240.9551
1744891200,"2025-04-17 12:00:00",1593.27,1603.19,1563.2,1583.17,93211.0273
1744905600,"2025-04-17 16:00:00",1583.17,1616.96,1577.02,1581.45,147342.5624
1744920000,"2025-04-17 20:00:00",1581.44,1591.84,1579,1583.62,39520.5189
1744934400,"2025-04-18 00:00:00",1583.63,1589.19,1577.23,1584.15,38792.3674
1744948800,"2025-04-18 04:00:00",1584.14,1585.19,1573.54,1584.09,41086.5907
1744963200,"2025-04-18 08:00:00",1584.1,1592.82,1582.3,1590.67,30494.132
1744977600,"2025-04-18 12:00:00",1590.67,1597.2,1579.09,1583.17,40691.5035
1744992000,"2025-04-18 16:00:00",1583.17,1595.18,1581.8,1593.31,25174.1423
1745006400,"2025-04-18 20:00:00",1593.31,1600.64,1587.01,1588.6,24170.3
1745020800,"2025-04-19 00:00:00",1588.6,1600.26,1585.01,1597.76,31072.3981
1745035200,"2025-04-19 04:00:00",1597.75,1613.48,1595.33,1600.94,43084.6831
1745049600,"2025-04-19 08:00:00",1600.94,1606.4,1594.07,1596.79,30170.2623
1745064000,"2025-04-19 12:00:00",1596.8,1612.29,1595.05,1607.28,39041.6232
1745078400,"2025-04-19 16:00:00",1607.28,1631.81,1598.5,1614.79,58737.7878
1745092800,"2025-04-19 20:00:00",1614.8,1622.37,1611.06,1613.27,20989.6354
1745107200,"2025-04-20 00:00:00",1613.26,1619.19,1608,1611.87,27425.144
1745121600,"2025-04-20 04:00:00",1611.87,1617.65,1586.6,1597.46,47330.5051
1745136000,"2025-04-20 08:00:00",1597.46,1597.61,1565.59,1572.62,86979.4597
1745150400,"2025-04-20 12:00:00",1572.61,1584.04,1571.1,1573.5,41804.6085
1745164800,"2025-04-20 16:00:00",1573.51,1587.97,1571.49,1586.17,28189.3136
1745179200,"2025-04-20 20:00:00",1586.19,1600.75,1574.68,1587.36,44323.1997
1745193600,"2025-04-21 00:00:00",1587.36,1645.45,1586.18,1634.54,160608.8717
1745208000,"2025-04-21 04:00:00",1634.55,1658.75,1631.3,1645.92,114675.8872
1745222400,"2025-04-21 08:00:00",1645.92,1655,1617.85,1626.34,77595.4377
1745236800,"2025-04-21 12:00:00",1626.34,1641.82,1608.6,1623.3,110419.6288
1745251200,"2025-04-21 16:00:00",1623.3,1626.09,1564.07,1573.7,175835.5597
1745265600,"2025-04-21 20:00:00",1573.7,1580.75,1571.35,1579.57,52351.2816
1745280000,"2025-04-22 00:00:00",1579.57,1593.73,1537.26,1579.22,144649.1612
1745294400,"2025-04-22 04:00:00",1579.22,1624,1574,1619.21,119131.8864
1745308800,"2025-04-22 08:00:00",1619.2,1638.16,1613.01,1631.03,118180.9271
1745323200,"2025-04-22 12:00:00",1631.03,1725.81,1626.85,1703.01,390160.8683
1745337600,"2025-04-22 16:00:00",1703,1710.66,1683.08,1698.22,117017.3822
1745352000,"2025-04-22 20:00:00",1698.22,1778,1691.68,1756.26,213896.7334
1745366400,"2025-04-23 00:00:00",1756.25,1807.56,1744.95,1795.49,193263.6182
1745380800,"2025-04-23 04:00:00",1795.49,1818.18,1773.93,1792.11,180484.4026
1745395200,"2025-04-23 08:00:00",1792.1,1812.2,1779.2,1797.23,119675.4843
1745409600,"2025-04-23 12:00:00",1797.22,1834.86,1761.62,1794.6,272006.8304
1745424000,"2025-04-23 16:00:00",1794.6,1810,1774.47,1786.03,88340.4333
1745438400,"2025-04-23 20:00:00",1786.03,1806.91,1785.73,1795.07,33774.8628
1745452800,"2025-04-24 00:00:00",1795.08,1802.82,1766.52,1768.18,68766.2419
1745467200,"2025-04-24 04:00:00",1768.16,1776.34,1751.27,1756.25,76239.2484
1745481600,"2025-04-24 08:00:00",1756.25,1760.7,1722.9,1755.1,111964.6432
1745496000,"2025-04-24 12:00:00",1755.1,1777.77,1744.4,1764.62,106855.2798
1745510400,"2025-04-24 16:00:00",1764.62,1777.5,1746.04,1763.1,76360.5962
1745524800,"2025-04-24 20:00:00",1763.1,1774.84,1749.04,1769.65,43279.029
1745539200,"2025-04-25 00:00:00",1769.64,1790.5,1738.6,1760.89,91446.8365
1745553600,"2025-04-25 04:00:00",1760.89,1781.88,1758.14,1777.18,56655.5164
1745568000,"2025-04-25 08:00:00",1777.17,1793.29,1764.29,1790.49,94062.5482
1745582400,"2025-04-25 12:00:00",1790.49,1827.32,1757.25,1806.48,225511.8462
1745596800,"2025-04-25 16:00:00",1806.48,1810.89,1782.4,1802.16,81938.4927
1745611200,"2025-04-25 20:00:00",1802.16,1809.4,1783.85,1784.6,45995.6494
1745625600,"2025-04-26 00:00:00",1784.6,1815.81,1784.6,1797.48,79135.7111
1745640000,"2025-04-26 04:00:00",1797.48,1810.88,1789,1800.49,35833.049
1745654400,"2025-04-26 08:00:00",1800.49,1841.16,1778.94,1785.85,115929.7567
1745668800,"2025-04-26 12:00:00",1785.86,1804,1780.1,1800.2,53171.575
1745683200,"2025-04-26 16:00:00",1800.2,1814.89,1795.86,1813.08,28122.1042
1745697600,"2025-04-26 20:00:00",1813.08,1831.09,1805.51,1820.88,42875.8482
1745712000,"2025-04-27 00:00:00",1820.87,1857.47,1801.02,1809.75,125776.6408
1745726400,"2025-04-27 04:00:00",1809.75,1811.6,1790.27,1803.76,45935.8597
1745740800,"2025-04-27 08:00:00",1803.75,1815.52,1801.56,1805.94,32043.3556
1745755200,"2025-04-27 12:00:00",1805.94,1808.1,1781.9,1793.86,65995.6124
1745769600,"2025-04-27 16:00:00",1793.85,1808.47,1787.31,1808.01,32862.3788
1745784000,"2025-04-27 20:00:00",1808.01,1808.26,1784.59,1791.29,37718.7962
1745798400,"2025-04-28 00:00:00",1791.29,1793.83,1752.18,1784.23,110341.6608
1745812800,"2025-04-28 04:00:00",1784.23,1812.08,1784.23,1804.79,63071.9581
1745827200,"2025-04-28 08:00:00",1804.8,1827.98,1788.3,1816.2,95744.5566
1745841600,"2025-04-28 12:00:00",1816.2,1816.97,1753,1763.28,143536.7345
1745856000,"2025-04-28 16:00:00",1763.27,1804.79,1744.71,1797.17,119073.3187
1745870400,"2025-04-28 20:00:00",1797.17,1807,1781.16,1799.88,55501.5143
1745884800,"2025-04-29 00:00:00",1799.88,1811.56,1787.89,1802.08,60533.1763
1745899200,"2025-04-29 04:00:00",1802.07,1824.94,1788.16,1821.71,77348.4406
1745913600,"2025-04-29 08:00:00",1821.71,1842.99,1816.92,1829.77,104234.231
1745928000,"2025-04-29 12:00:00",1829.76,1833.42,1802.02,1814.99,100591.997
1745942400,"2025-04-29 16:00:00",1814.99,1832.49,1807.48,1821.65,64099.1139
1745956800,"2025-04-29 20:00:00",1821.66,1825.69,1780.47,1797.81,73649.4296
1745971200,"2025-04-30 00:00:00",1797.81,1813.09,1788.9,1808.91,47523.1618
1745985600,"2025-04-30 04:00:00",1808.92,1813,1791.1,1796.37,38807.935
1746000000,"2025-04-30 08:00:00",1796.37,1816.8,1792.8,1815.7,43373.0871
1746014400,"2025-04-30 12:00:00",1815.69,1816.4,1731.7,1764.74,215011.5837
1746028800,"2025-04-30 16:00:00",1764.73,1792.97,1756.07,1786.69,67778.2644
1746043200,"2025-04-30 20:00:00",1786.7,1809.72,1784.61,1793.61,61029.9557
1746057600,"2025-05-01 00:00:00",1793.62,1819,1792.52,1807.99,54356.6699
1746072000,"2025-05-01 04:00:00",1807.99,1816.9,1802.14,1810.6,34775.7602
1746086400,"2025-05-01 08:00:00",1810.59,1859.23,1808.8,1845.58,136551.2761
1746100800,"2025-05-01 12:00:00",1845.58,1873.17,1825.2,1852.99,206809.7762
1746115200,"2025-05-01 16:00:00",1853,1870.25,1838.49,1842.82,71303.5178
1746129600,"2025-05-01 20:00:00",1842.89,1851.01,1833.5,1838.11,33401.7289
1746144000,"2025-05-02 00:00:00",1838.1,1851.3,1835.1,1847.74,36438.5546
1746158400,"2025-05-02 04:00:00",1847.74,1851.79,1816.22,1816.32,77200.0537
1746172800,"2025-05-02 08:00:00",1816.33,1835.53,1813,1833.39,64205.9035
1746187200,"2025-05-02 12:00:00",1833.39,1854.5,1823.34,1841.12,115720.8477
1746201600,"2025-05-02 16:00:00",1841.11,1871,1831.7,1839.68,86400.4395
1746216000,"2025-05-02 20:00:00",1839.68,1848.5,1832.49,1842.2,30702.076
1746230400,"2025-05-03 00:00:00",1842.2,1843.05,1826.58,1834.8,28605.7458
1746244800,"2025-05-03 04:00:00",1834.8,1839.3,1824.6,1826.41,26200.2165
1746259200,"2025-05-03 08:00:00",1826.41,1830.51,1817.63,1824.1,38880.361
1746273600,"2025-05-03 12:00:00",1824.1,1840.12,1823.74,1834.53,35406.8381
1746288000,"2025-05-03 16:00:00",1834.53,1839.2,1810,1838.21,47650.4581
1746302400,"2025-05-03 20:00:00",1838.21,1848.6,1828.4,1833.52,37007.9784
1746316800,"2025-05-04 00:00:00",1833.52,1849.6,1826.44,1831.89,37409.3894
1746331200,"2025-05-04 04:00:00",1831.89,1849.95,1829.66,1840.98,39293.2904
1746345600,"2025-05-04 08:00:00",1840.98,1841.34,1822,1827.6,41649.5415
1746360000,"2025-05-04 12:00:00",1827.61,1833.99,1818.57,1830.8,34143.7207
1746374400,"2025-05-04 16:00:00",1830.81,1833.49,1822.08,1828.4,26733.0632
1746388800,"2025-05-04 20:00:00",1828.4,1842.15,1803,1808.86,59025.3512
1746403200,"2025-05-05 00:00:00",1808.86,1818.49,1781.85,1794.51,86015.2042
1746417600,"2025-05-05 04:00:00",1794.5,1829.84,1792.82,1826.59,49441.4363
1746432000,"2025-05-05 08:00:00",1826.58,1831.55,1798.3,1804.63,57907.623
1746446400,"2025-05-05 12:00:00",1804.64,1815.63,1794.47,1800.99,63242.5831
1746460800,"2025-05-05 16:00:00",1801,1828.5,1800.78,1816.44,43543.1002
1746475200,"2025-05-05 20:00:00",1816.44,1833.55,1799.52,1820.19,42191.061
1746489600,"2025-05-06 00:00:00",1820.19,1820.9,1792.49,1806.35,48765.2187
1746504000,"2025-05-06 04:00:00",1806.35,1809.26,1797.78,1806.03,24102.5412
1746518400,"2025-05-06 08:00:00",1806.03,1806.1,1757.34,1769.92,79861.629
1746532800,"2025-05-06 12:00:00",1769.92,1779.68,1752,1770.09,85715.8416
1746547200,"2025-05-06 16:00:00",1770.09,1798.8,1762.16,1784.79,59655.6448
1746561600,"2025-05-06 20:00:00",1784.8,1819.41,1765.5,1817,86483.3698
1746576000,"2025-05-07 00:00:00",1817,1850,1814.59,1826.48,125977.3463
1746590400,"2025-05-07 04:00:00",1826.48,1838.43,1824.57,1838.24,38011.0468
1746604800,"2025-05-07 08:00:00",1838.23,1847.05,1830.51,1836.35,56688.7297
1746619200,"2025-05-07 12:00:00",1836.35,1837.1,1814.29,1817.31,78534.1832
1746633600,"2025-05-07 16:00:00",1817.32,1818.01,1787.01,1795.82,105311.2281
1746648000,"2025-05-07 20:00:00",1795.83,1825.44,1789.12,1811.11,51647.5364
1746662400,"2025-05-08 00:00:00",1811.11,1906.77,1808.71,1901.1,182304.831
1746676800,"2025-05-08 04:00:00",1901.09,1943.83,1892.2,1928.4,174077.6779
1746691200,"2025-05-08 08:00:00",1928.4,1968.72,1925.9,1957.63,155279.6357
1746705600,"2025-05-08 12:00:00",1957.64,2075.65,1954.27,2051.3,369909.7122
1746720000,"2025-05-08 16:00:00",2051.3,2140,2036.64,2117.83,238215.6027
1746734400,"2025-05-08 20:00:00",2117.83,2226,2111.6,2207.39,353365.2265
1746748800,"2025-05-09 00:00:00",2207.39,2245.03,2184.33,2205.06,197091.8523
1746763200,"2025-05-09 04:00:00",2205.06,2393,2202.8,2364.09,322754.4291
1746777600,"2025-05-09 08:00:00",2364.09,2490.77,2292.12,2351.29,688883.9006
1746792000,"2025-05-09 12:00:00",2351.29,2388.23,2271.5,2301.3,271184.0811
1746806400,"2025-05-09 16:00:00",2301.28,2355.2,2274.33,2331.57,129993.1001
1746820800,"2025-05-09 20:00:00",2331.58,2352,2322.65,2345.04,57133.675
1746835200,"2025-05-10 00:00:00",2345.04,2380.66,2317,2339.89,72245.2312
1746849600,"2025-05-10 04:00:00",2339.89,2417.13,2326.66,2400,121392.4906
1746864000,"2025-05-10 08:00:00",2400.01,2435.72,2360,2384.75,221266.4512
1746878400,"2025-05-10 12:00:00",2384.76,2448.88,2384.76,2433.46,138173.1596
1746892800,"2025-05-10 16:00:00",2433.46,2512.42,2428.93,2499.48,222169.8609
1746907200,"2025-05-10 20:00:00",2499.49,2600,2469.1,2583.23,204102.9671
1746921600,"2025-05-11 00:00:00",2583.22,2608.13,2504.27,2537.63,191294.7124
1746936000,"2025-05-11 04:00:00",2537.62,2562.47,2453.92,2473.22,187762.0232
1746950400,"2025-05-11 08:00:00",2473.22,2535.46,2472.2,2530.67,108511.1259
1746964800,"2025-05-11 12:00:00",2530.67,2532.09,2435.51,2462.51,152835.3762
1746979200,"2025-05-11 16:00:00",2462.55,2525.4,2440.25,2508.02,123750.4647
1746993600,"2025-05-11 20:00:00",2508.02,2528.52,2483.33,2514.57,67430.6864
1747008000,"2025-05-12 00:00:00",2514.58,2548.85,2490.75,2520,107789.0359
1747022400,"2025-05-12 04:00:00",2520.01,2624,2486.8,2554.77,244402.2228
1747036800,"2025-05-12 08:00:00",2554.78,2585.83,2522,2530.59,153519.4558
1747051200,"2025-05-12 12:00:00",2530.58,2576.29,2478,2486.92,278494.7566
1747065600,"2025-05-12 16:00:00",2486.91,2512.36,2406.63,2460.36,211087.0722
1747080000,"2025-05-12 20:00:00",2460.35,2500.36,2452.26,2495.47,73388.4
1747094400,"2025-05-13 00:00:00",2495.48,2495.79,2415.3,2424.8,110339.1684
1747108800,"2025-05-13 04:00:00",2424.8,2480,2420,2460.72,82218.1177
1747123200,"2025-05-13 08:00:00",2460.73,2525.5,2451.25,2513.39,115595.9445
1747137600,"2025-05-13 12:00:00",2513.39,2573.87,2491.81,2566.21,215856.7475
1747152000,"2025-05-13 16:00:00",2566.21,2738.5,2560.01,2690.94,347310.3376
1747166400,"2025-05-13 20:00:00",2690.93,2707.62,2654.21,2679.71,160035.3308
1747180800,"2025-05-14 00:00:00",2679.71,2725.99,2622.99,2646.82,257279.4041
1747195200,"2025-05-14 04:00:00",2646.82,2687.75,2636.59,2640.76,107100.5467
1747209600,"2025-05-14 08:00:00",2640.75,2645.95,2577.48,2624.94,186139.4657
1747224000,"2025-05-14 12:00:00",2624.93,2636.15,2559.19,2597.49,143036.0868
1747238400,"2025-05-14 16:00:00",2597.49,2617.5,2547.26,2605.1,91850.496
1747252800,"2025-05-14 20:00:00",2605.03,2614.05,2583.99,2609.74,44641.1129
1747267200,"2025-05-15 00:00:00",2609.75,2647.03,2566.91,2574.93,118326.6199
1747281600,"2025-05-15 04:00:00",2574.93,2596.49,2515.69,2531,117822.453
1747296000,"2025-05-15 08:00:00",2530.99,2567.65,2517.53,2554.71,110523.8637
1747310400,"2025-05-15 12:00:00",2554.71,2579.61,2476.03,2563.76,203590.318
1747324800,"2025-05-15 16:00:00",2563.77,2603.59,2511.77,2530.98,143149.7719
1747339200,"2025-05-15 20:00:00",2531,2564.33,2512.06,2548.69,75541.0067
1747353600,"2025-05-16 00:00:00",2548.7,2584.62,2534.2,2581.35,78973.7415
1747368000,"2025-05-16 04:00:00",2581.4,2619.99,2564,2601.5,102489.8746
1747382400,"2025-05-16 08:00:00",2601.5,2649.31,2558.12,2620.83,145031.4625
1747396800,"2025-05-16 12:00:00",2620.82,2623.25,2573.8,2594.93,148721.2722
1747411200,"2025-05-16 16:00:00",2594.93,2602.01,2570,2591.8,63870.4425
1747425600,"2025-05-16 20:00:00",2591.89,2592.74,2529.4,2537.12,66866.8986
1747440000,"2025-05-17 00:00:00",2537.13,2538.16,2452.6,2496.98,179817.7157
1747454400,"2025-05-17 04:00:00",2497,2513.51,2474.93,2492.89,69826.1384
1747468800,"2025-05-17 08:00:00",2492.9,2496.2,2466.59,2481.67,58703.2416
1747483200,"2025-05-17 12:00:00",2481.67,2486.64,2446.42,2474.48,68534.1761
1747497600,"2025-05-17 16:00:00",2474.48,2488.69,2448.27,2470.19,62248.9258
1747512000,"2025-05-17 20:00:00",2470.18,2495.45,2453.26,2475.08,55203.0806
1747526400,"2025-05-18 00:00:00",2475.09,2487.44,2467.75,2477.2,33903.8121
1747540800,"2025-05-18 04:00:00",2477.2,2515.44,2477.2,2509.3,46436.55
1747555200,"2025-05-18 08:00:00",2509.29,2528.55,2498.11,2501.75,60946.9309
1747569600,"2025-05-18 12:00:00",2501.74,2587.61,2488.02,2578.99,119513.8117
1747584000,"2025-05-18 16:00:00",2579,2584,2403.33,2408.2,270494.374
1747598400,"2025-05-18 20:00:00",2408.2,2511.27,2323.21,2497.78,278807.7064
1747612800,"2025-05-19 00:00:00",2497.78,2513.67,2379.8,2385.31,164347.1386
1747627200,"2025-05-19 04:00:00",2385.32,2413.11,2348.38,2403.74,148408.0227
1747641600,"2025-05-19 08:00:00",2403.74,2422.69,2390.12,2417.58,86572.2101
1747656000,"2025-05-19 12:00:00",2417.58,2473.7,2383.8,2466.63,153649.8023
1747670400,"2025-05-19 16:00:00",2466.63,2547.36,2450.86,2518.82,201749.9999
1747684800,"2025-05-19 20:00:00",2518.81,2534.52,2492.43,2528.14,107020.3494
1747699200,"2025-05-20 00:00:00",2528.14,2588.63,2510.72,2553.3,153200.7856
1747713600,"2025-05-20 04:00:00",2553.29,2578,2521.9,2532.3,99367.8058
1747728000,"2025-05-20 08:00:00",2532.3,2540,2492.58,2514.2,74634.3571
1747742400,"2025-05-20 12:00:00",2514.2,2515.38,2464.56,2482.79,117320.7002
1747756800,"2025-05-20 16:00:00",2482.78,2511.46,2442.4,2501.28,132395.1503
1747771200,"2025-05-20 20:00:00",2501.29,2541.03,2485.1,2524.19,100070.3757
1747785600,"2025-05-21 00:00:00",2524.19,2554.5,2509,2544.98,94538.6309
1747800000,"2025-05-21 04:00:00",2544.98,2615.95,2534.52,2551.87,184170.6385
1747814400,"2025-05-21 08:00:00",2551.87,2562.15,2515.38,2536.65,101973.1883
1747828800,"2025-05-21 12:00:00",2536.64,2582.18,2522.22,2567.01,196379.57
1747843200,"2025-05-21 16:00:00",2567.02,2615.34,2452.2,2512.79,394137.9188
1747857600,"2025-05-21 20:00:00",2512.75,2597.92,2486.25,2550.99,124690.3437
1747872000,"2025-05-22 00:00:00",2551,2647.8,2544.83,2629.24,193398.7709
1747886400,"2025-05-22 04:00:00",2629.24,2647.5,2602.78,2635.19,186391.5049
1747900800,"2025-05-22 08:00:00",2635.19,2692.99,2627.32,2650.75,187811.6911
1747915200,"2025-05-22 12:00:00",2650.75,2679.99,2623.14,2664.48,143113.8209
1747929600,"2025-05-22 16:00:00",2664.48,2676.3,2626.37,2634.51,81782.0817
1747944000,"2025-05-22 20:00:00",2634.68,2665.9,2627.85,2664.82,60057.7974
1747958400,"2025-05-23 00:00:00",2664.83,2734.23,2645.16,2722,187067.1541
1747972800,"2025-05-23 04:00:00",2722,2725.96,2651.35,2655.2,136416.5241
1747987200,"2025-05-23 08:00:00",2655.2,2689.21,2551,2566.79,174275.1796
1748001600,"2025-05-23 12:00:00",2566.78,2591.95,2498.3,2568.53,287915.0191
1748016000,"2025-05-23 16:00:00",2568.53,2587.18,2545.91,2560.98,95376.1828
1748030400,"2025-05-23 20:00:00",2560.97,2562.4,2503.66,2526.5,90392.3935
1748044800,"2025-05-24 00:00:00",2526.49,2556.73,2515.08,2549.99,57804.475
1748059200,"2025-05-24 04:00:00",2550,2563.5,2535.08,2546.99,35663.2606
1748073600,"2025-05-24 08:00:00",2546.99,2575.85,2545.22,2563.31,43777.2332
1748088000,"2025-05-24 12:00:00",2563.32,2565.41,2543.51,2555.64,43615.7389
1748102400,"2025-05-24 16:00:00",2555.64,2567.38,2543.86,2554.47,29640.3749
1748116800,"2025-05-24 20:00:00",2554.48,2556.57,2517.65,2530.4,47043.1518
1748131200,"2025-05-25 00:00:00",2530.41,2539.5,2476,2512.78,94625.0126
1748145600,"2025-05-25 04:00:00",2512.79,2518.75,2487.22,2494.39,34574.3928
1748160000,"2025-05-25 08:00:00",2494.4,2502.19,2463,2497.91,73532.6991
1748174400,"2025-05-25 12:00:00",2497.91,2524.9,2479.24,2511.7,62833.3505
1748188800,"2025-05-25 16:00:00",2511.69,2535.66,2496.1,2526.6,35833.8594
1748203200,"2025-05-25 20:00:00",2526.6,2554.26,2507.65,2551.22,58490.7155
1748217600,"2025-05-26 00:00:00",2551.22,2577,2536.84,2560.3,79035.4012
1748232000,"2025-05-26 04:00:00",2560.29,2599,2557.3,2580.8,62048.7781
1748246400,"2025-05-26 08:00:00",2580.79,2582.7,2553.24,2568.08,50205.7588
1748260800,"2025-05-26 12:00:00",2568.08,2574.43,2539.23,2565.99,74983.034
1748275200,"2025-05-26 16:00:00",2566,2573.3,2525.86,2541.22,54080.3119
1748289600,"2025-05-26 20:00:00",2541.21,2584.65,2536.57,2563.7,42617.8342
1748304000,"2025-05-27 00:00:00",2563.7,2573.5,2509.46,2549.25,69713.0364
1748318400,"2025-05-27 04:00:00",2549.26,2619.48,2548.99,2607.59,197681.4542
1748332800,"2025-05-27 08:00:00",2607.6,2655,2607.59,2652.64,142343.8069
1748347200,"2025-05-27 12:00:00",2652.64,2683.87,2633.36,2668.2,187321.8228
1748361600,"2025-05-27 16:00:00",2668.2,2712.36,2658.36,2687.53,134840.7342
1748376000,"2025-05-27 20:00:00",2687.53,2694.12,2652.26,2660.81,66530.0317
1748390400,"2025-05-28 00:00:00",2660.81,2661.79,2618.34,2645.37,90117.4687
1748404800,"2025-05-28 04:00:00",2645.38,2652.57,2623.85,2636.39,53442.2005
1748419200,"2025-05-28 08:00:00",2636.39,2659.01,2608.5,2656.99,79915.2726
1748433600,"2025-05-28 12:00:00",2656.99,2689.14,2613.2,2626.9,163925.6089
1748448000,"2025-05-28 16:00:00",2626.9,2664.35,2615.32,2617.79,97533.2399
1748462400,"2025-05-28 20:00:00",2617.8,2686.4,2612.04,2681.6,75161.8927
1748476800,"2025-05-29 00:00:00",2681.61,2788,2669.01,2762.5,229259.2567
1748491200,"2025-05-29 04:00:00",2762.5,2766.8,2701.28,2731.28,126662.7696
1748505600,"2025-05-29 08:00:00",2731.29,2744.42,2707.1,2715.83,87809.0759
1748520000,"2025-05-29 12:00:00",2715.82,2718.6,2621.92,2643.68,199941.4085
1748534400,"2025-05-29 16:00:00",2643.68,2673.48,2628.99,2650.12,102620.318
1748548800,"2025-05-29 20:00:00",2650.12,2668.95,2619.05,2631.39,65274.4258
1748563200,"2025-05-30 00:00:00",2631.39,2645.23,2557.07,2631.19,155006.0398
1748577600,"2025-05-30 04:00:00",2631.19,2649.23,2606.8,2618.26,98621.6797
1748592000,"2025-05-30 08:00:00",2618.27,2628.1,2588.16,2622.04,94347.7511
1748606400,"2025-05-30 12:00:00",2622.04,2626.3,2572.56,2598.21,158089.2625
1748620800,"2025-05-30 16:00:00",2598.21,2604.28,2533.2,2574.41,150402.1797
1748635200,"2025-05-30 20:00:00",2574.41,2589.85,2507.35,2531.34,106578.3436
1748649600,"2025-05-31 00:00:00",2531.35,2539.98,2475.33,2513.98,168287.9684
1748664000,"2025-05-31 04:00:00",2513.98,2526.5,2504.63,2521.11,44367.3462
1748678400,"2025-05-31 08:00:00",2521.11,2538.45,2508.04,2519.61,49679.8374
1748692800,"2025-05-31 12:00:00",2519.61,2550.14,2515.95,2536.3,66920.1415
1748707200,"2025-05-31 16:00:00",2536.29,2547.99,2523.36,2537.4,29163.6348
1748721600,"2025-05-31 20:00:00",2537.39,2550.34,2524.41,2528.06,36118.3238
1748736000,"2025-06-01 00:00:00",2528.06,2530.38,2492,2513.3,70533.988
1748750400,"2025-06-01 04:00:00",2513.3,2527.28,2505.87,2509,27878.1156
1748764800,"2025-06-01 08:00:00",2509,2510.75,2477.77,2497.35,54403.224
1748779200,"2025-06-01 12:00:00",2497.35,2524.99,2468.56,2523.23,59879.6014
1748793600,"2025-06-01 16:00:00",2523.23,2547.79,2493.49,2526.38,77247.3012
1748808000,"2025-06-01 20:00:00",2526.38,2547.59,2519.42,2539.21,42079.4786
1748822400,"2025-06-02 00:00:00",2539.2,2541.71,2485.65,2496.31,62064.6801
1748836800,"2025-06-02 04:00:00",2496.3,2513.97,2483.37,2506.94,46755.833
1748851200,"2025-06-02 08:00:00",2506.94,2515.92,2475,2480.94,72369.9377
1748865600,"2025-06-02 12:00:00",2480.93,2556.74,2477.88,2544.39,117634.5723
1748880000,"2025-06-02 16:00:00",2544.39,2565.56,2524.8,2532.44,84111.6306
1748894400,"2025-06-02 20:00:00",2532.45,2615,2532.2,2607.41,85953.32
1748908800,"2025-06-03 00:00:00",2607.42,2649.91,2589.3,2603.39,131030.6321
1748923200,"2025-06-03 04:00:00",2603.38,2620.75,2589.91,2609.99,51167.9653
1748937600,"2025-06-03 08:00:00",2610,2620.34,2594.79,2601.78,52849.5399
1748952000,"2025-06-03 12:00:00",2601.78,2655.38,2598.02,2623.58,102211.9356
1748966400,"2025-06-03 16:00:00",2623.58,2628.57,2602.56,2625.16,59674.1095
1748980800,"2025-06-03 20:00:00",2625.19,2625.61,2575,2593.36,57448.8615
1748995200,"2025-06-04 00:00:00",2593.35,2640.83,2583.5,2627.9,61798.9202
1749009600,"2025-06-04 04:00:00",2627.89,2644.77,2619.3,2627.74,62938.1514
1749024000,"2025-06-04 08:00:00",2627.75,2650,2624,2624.4,63468.9201
1749038400,"2025-06-04 12:00:00",2624.41,2679.88,2594.49,2667.93,172701.2856
1749052800,"2025-06-04 16:00:00",2667.92,2669.59,2622.22,2623.72,77307.5958
1749067200,"2025-06-04 20:00:00",2623.72,2625.1,2599.11,2607.68,64279.9483
1749081600,"2025-06-05 00:00:00",2607.68,2632.47,2601.25,2624.99,40676.0642
1749096000,"2025-06-05 04:00:00",2625,2634.46,2601.08,2604.08,61524.8808
1749110400,"2025-06-05 08:00:00",2604.09,2613.72,2580.88,2608.01,59838.8406
1749124800,"2025-06-05 12:00:00",2608.01,2640.86,2562.85,2589.43,182112.4377
1749139200,"2025-06-05 16:00:00",2589.44,2591.59,2506.4,2528.96,157136.102
1749153600,"2025-06-05 20:00:00",2528.96,2535.7,2391.66,2414.01,307649.7091
1749168000,"2025-06-06 00:00:00",2414.02,2457.12,2381.49,2455.71,152999.571
1749182400,"2025-06-06 04:00:00",2455.7,2468.55,2446.68,2455.64,89808.4824
1749196800,"2025-06-06 08:00:00",2455.64,2493.82,2454.01,2476.15,74073.1256
1749211200,"2025-06-06 12:00:00",2476.15,2531.36,2466.45,2509.63,148482.2253
1749225600,"2025-06-06 16:00:00",2509.62,2518.38,2483.22,2484.02,70686.2465
1749240000,"2025-06-06 20:00:00",2484.02,2507.06,2472.71,2476.1,42793.8466
1749254400,"2025-06-07 00:00:00",2476.1,2493.47,2457,2488.98,53068.2557
1749268800,"2025-06-07 04:00:00",2488.99,2502,2480,2491.28,46296.7577
1749283200,"2025-06-07 08:00:00",2491.27,2501.4,2482.11,2495.75,29169.0092
1749297600,"2025-06-07 12:00:00",2495.76,2523.61,2492.81,2519.75,56362.6484
1749312000,"2025-06-07 16:00:00",2519.75,2525.79,2506.69,2517.31,41024.5351
1749326400,"2025-06-07 20:00:00",2517.3,2544.36,2517.3,2524.63,38866.4682
1749340800,"2025-06-08 00:00:00",2524.64,2525.92,2508.08,2511.72,37219.908
1749355200,"2025-06-08 04:00:00",2511.72,2519.9,2508.32,2514.45,20757.6078
1749369600,"2025-06-08 08:00:00",2514.45,2521.13,2490.58,2513.51,56611.4709
1749384000,"2025-06-08 12:00:00",2513.5,2527.35,2500.21,2514.44,40763.927
1749398400,"2025-06-08 16:00:00",2514.44,2540.5,2512.62,2532.56,54196.2283
1749412800,"2025-06-08 20:00:00",2532.56,2548.63,2500,2509.83,56925.5719
1749427200,"2025-06-09 00:00:00",2509.84,2511.79,2482.15,2496.86,64068.886
1749441600,"2025-06-09 04:00:00",2496.85,2496.85,2477.73,2491.77,38565.8381
1749456000,"2025-06-09 08:00:00",2491.77,2547.17,2484.47,2541.79,105670.6597
1749470400,"2025-06-09 12:00:00",2541.78,2548.9,2509.94,2534.11,85277.028
1749484800,"2025-06-09 16:00:00",2534.11,2590,2534.1,2580.59,102931.886
1749499200,"2025-06-09 20:00:00",2580.58,2693.99,2575.72,2680.13,172212.0047
1749513600,"2025-06-10 00:00:00",2680.13,2726.78,2675.16,2688.88,195206.6267
1749528000,"2025-06-10 04:00:00",2688.89,2699.27,2655.61,2677.35,105454.7733
1749542400,"2025-06-10 08:00:00",2677.36,2798.76,2670,2773.64,225740.6996
1749556800,"2025-06-10 12:00:00",2773.64,2778.7,2690,2732.95,268487.1119
1749571200,"2025-06-10 16:00:00",2732.96,2806,2728.75,2773.68,164966.529
1749585600,"2025-06-10 20:00:00",2773.69,2827,2734.93,2816.4,178549.737
1749600000,"2025-06-11 00:00:00",2816.41,2834.86,2771.8,2791.06,101757.4584
1749614400,"2025-06-11 04:00:00",2791.07,2804.03,2780.15,2791.59,63641.1196
1749628800,"2025-06-11 08:00:00",2791.6,2793.57,2754,2772.25,77665.6327
1749643200,"2025-06-11 12:00:00",2772.26,2879.22,2764.1,2865.21,303126.4741
1749657600,"2025-06-11 16:00:00",2865.2,2875.72,2801.5,2813.35,187028.7991
1749672000,"2025-06-11 20:00:00",2813.32,2831.21,2743.75,2771.61,116991.4485
1749686400,"2025-06-12 00:00:00",2771.6,2784.83,2746.49,2765.08,90556.9862
1749700800,"2025-06-12 04:00:00",2765.08,2777.21,2733.68,2741,83213.918
1749715200,"2025-06-12 08:00:00",2740.99,2762.11,2720.38,2729.8,89210.6044
1749729600,"2025-06-12 12:00:00",2729.8,2773.21,2711.94,2719.79,146462.3222
1749744000,"2025-06-12 16:00:00",2719.79,2771,2690.93,2695,116051.0025
1749758400,"2025-06-12 20:00:00",2695,2703.6,2616.24,2642.65,174098.5424
1749772800,"2025-06-13 00:00:00",2642.66,2645.45,2436.98,2514.33,583148.633
1749787200,"2025-06-13 04:00:00",2514.32,2542.26,2492,2526.45,161519.4877
1749801600,"2025-06-13 08:00:00",2526.46,2545.55,2506.84,2545.4,115082.6187
1749816000,"2025-06-13 12:00:00",2545.41,2563.24,2502.9,2551.27,167730.5337
1749830400,"2025-06-13 16:00:00",2551.28,2585.2,2510,2527.72,118497.7656
1749844800,"2025-06-13 20:00:00",2527.72,2583.24,2524.19,2579.19,56197.2585
1749859200,"2025-06-14 00:00:00",2579.19,2579.43,2547.03,2548.76,64282.3801
1749873600,"2025-06-14 04:00:00",2548.76,2556.62,2525.72,2537.5,36813.2957
1749888000,"2025-06-14 08:00:00",2537.5,2539.79,2518.51,2538.52,40689.0778
1749902400,"2025-06-14 12:00:00",2538.51,2546.19,2504.95,2519.42,56895.4673
1749916800,"2025-06-14 16:00:00",2519.41,2526.11,2488.72,2507.5,88407.3102
1749931200,"2025-06-14 20:00:00",2507.5,2540.19,2496.58,2530.76,44351.3967
1749945600,"2025-06-15 00:00:00",2530.77,2540.99,2524.77,2530.1,26111.501
1749960000,"2025-06-15 04:00:00",2530.11,2553.08,2522.54,2528.61,46103.4273
1749974400,"2025-06-15 08:00:00",2528.61,2529.97,2508.45,2516.1,40898.7941
1749988800,"2025-06-15 12:00:00",2516.1,2554.96,2516,2541.81,63323.117
1750003200,"2025-06-15 16:00:00",2541.81,2559.51,2531.09,2536.79,44829.9693
1750017600,"2025-06-15 20:00:00",2536.79,2549.96,2492,2547.61,78434.8537
1750032000,"2025-06-16 00:00:00",2547.62,2579,2514.85,2568.25,87899.7186
1750046400,"2025-06-16 04:00:00",2568.25,2638.5,2566.61,2628.68,125755.977
1750060800,"2025-06-16 08:00:00",2628.69,2633.8,2592.6,2617.01,85218.9976
1750075200,"2025-06-16 12:00:00",2617.01,2657.9,2604.7,2632.25,113016.5695
1750089600,"2025-06-16 16:00:00",2632.24,2670.56,2627.62,2660.53,79211.7335
1750104000,"2025-06-16 20:00:00",2660.54,2680.34,2535,2544.17,189326.9918
1750118400,"2025-06-17 00:00:00",2544.17,2618.6,2524.54,2607.4,134766.9166
1750132800,"2025-06-17 04:00:00",2607.4,2610.49,2570.24,2582.26,71480.3659
1750147200,"2025-06-17 08:00:00",2582.25,2585.47,2541.6,2552.19,94184.3788
1750161600,"2025-06-17 12:00:00",2552.18,2567.97,2482.53,2499,163583.0522
1750176000,"2025-06-17 16:00:00",2499.01,2543.75,2453.8,2528.36,178174.7294
1750190400,"2025-06-17 20:00:00",2528.36,2534.36,2492.07,2509.95,73740.9652
1750204800,"2025-06-18 00:00:00",2509.95,2536.82,2504.55,2527.95,53251.4578
1750219200,"2025-06-18 04:00:00",2527.96,2546.91,2517.82,2533.55,43397.4947
1750233600,"2025-06-18 08:00:00",2533.54,2548.42,2488.27,2513.86,74243.8829
1750248000,"2025-06-18 12:00:00",2513.86,2538.7,2465.78,2508.96,143304.8759
1750262400,"2025-06-18 16:00:00",2508.96,2519.37,2467.12,2492.42,125864.4019
1750276800,"2025-06-18 20:00:00",2492.42,2537.48,2482.7,2525,64470.0686
1750291200,"2025-06-19 00:00:00",2525,2546.91,2506.2,2525.43,50666.9692
1750305600,"2025-06-19 04:00:00",2525.44,2531.23,2514.44,2518.99,25325.6687
1750320000,"2025-06-19 08:00:00",2518.99,2544.81,2518.99,2531.83,42387.306
1750334400,"2025-06-19 12:00:00",2531.82,2536.83,2490,2492.97,55400.4016
1750348800,"2025-06-19 16:00:00",2492.97,2523,2485.03,2504.87,39512.2462
1750363200,"2025-06-19 20:00:00",2504.87,2532,2502.99,2521.12,39353.4673
1750377600,"2025-06-20 00:00:00",2521.13,2531.49,2512.45,2517.19,31393.7018
1750392000,"2025-06-20 04:00:00",2517.2,2550.44,2503.64,2549.64,51587.8045
1750406400,"2025-06-20 08:00:00",2549.64,2569,2541.03,2549.65,67594.7504
1750420800,"2025-06-20 12:00:00",2549.64,2559.55,2487.56,2493.78,121310.6626
1750435200,"2025-06-20 16:00:00",2493.78,2496.2,2367.36,2414.85,287925.9928
1750449600,"2025-06-20 20:00:00",2414.84,2437.6,2381.96,2406.49,72214.9114
1750464000,"2025-06-21 00:00:00",2406.49,2432.11,2395.99,2425.59,40790.6059
1750478400,"2025-06-21 04:00:00",2425.59,2428.41,2419,2426.85,20369.1082
1750492800,"2025-06-21 08:00:00",2426.85,2448.8,2423.51,2442.75,51774.242
1750507200,"2025-06-21 12:00:00",2442.75,2445.2,2412.29,2423.59,49701.538
1750521600,"2025-06-21 16:00:00",2423.59,2428.23,2382.25,2384.76,59605.916
1750536000,"2025-06-21 20:00:00",2384.76,2409.42,2216,2295.73,274542.4539
1750550400,"2025-06-22 00:00:00",2295.72,2314.48,2246.25,2264.58,166578.0486
1750564800,"2025-06-22 04:00:00",2264.58,2298.22,2261.93,2270.68,57009.1072
1750579200,"2025-06-22 08:00:00",2270.69,2280,2236.05,2273,72607
1750593600,"2025-06-22 12:00:00",2273,2287,2156.21,2174.91,292034.3633
1750608000,"2025-06-22 16:00:00",2174.9,2219.95,2170.8,2183.78,89014.7447
1750622400,"2025-06-22 20:00:00",2183.79,2237.23,2111.89,2227.7,162912.5657
1750636800,"2025-06-23 00:00:00",2227.7,2260.42,2222.3,2234.68,68795.3555
1750651200,"2025-06-23 04:00:00",2234.67,2275.67,2227.89,2258.88,70994.6973
1750665600,"2025-06-23 08:00:00",2258.87,2274.7,2238.68,2253.37,49645.3616
1750680000,"2025-06-23 12:00:00",2253.38,2313.53,2232.45,2248.54,136331.6908
1750694400,"2025-06-23 16:00:00",2248.53,2325.16,2188,2312.77,220903.2916
1750708800,"2025-06-23 20:00:00",2312.77,2438.68,2303.79,2411.66,197913.4035
1750723200,"2025-06-24 00:00:00",2411.66,2418.09,2389.31,2398.51,77312.5382
1750737600,"2025-06-24 04:00:00",2398.51,2434.82,2391.2,2393.31,82496.9021
1750752000,"2025-06-24 08:00:00",2393.31,2449.14,2376.11,2409.44,111376.6709
1750766400,"2025-06-24 12:00:00",2409.44,2454.73,2402.89,2438.1,105117.6792
1750780800,"2025-06-24 16:00:00",2438.11,2482.04,2417.22,2434.24,105632.5355
1750795200,"2025-06-24 20:00:00",2434.23,2450.41,2430.7,2448.45,34824.3362
1750809600,"2025-06-25 00:00:00",2448.46,2468.69,2436.62,2444.38,42639.6986
1750824000,"2025-06-25 04:00:00",2444.38,2450.66,2424.21,2444.54,44534.8769
1750838400,"2025-06-25 08:00:00",2444.55,2448.47,2407.63,2428.95,83084.6157
1750852800,"2025-06-25 12:00:00",2428.96,2446.59,2389.69,2405.68,141883.7007
1750867200,"2025-06-25 16:00:00",2405.69,2440,2401.37,2432.79,61107.3493
1750881600,"2025-06-25 20:00:00",2432.79,2454.98,2408.02,2418.49,41644.4975
1750896000,"2025-06-26 00:00:00",2418.5,2520.92,2416.99,2488.78,136035.3947
1750910400,"2025-06-26 04:00:00",2488.79,2500.56,2467.14,2489.89,52296.5835
1750924800,"2025-06-26 08:00:00",2489.88,2500.4,2440,2450.36,65119.1136
1750939200,"2025-06-26 12:00:00",2450.35,2459.49,2409.51,2433.03,111170.2777
1750953600,"2025-06-26 16:00:00",2433.04,2442.91,2418.2,2435.87,40389.0057
1750968000,"2025-06-26 20:00:00",2435.86,2457.32,2394.32,2415.96,58693.6509
1750982400,"2025-06-27 00:00:00",2415.96,2448.84,2382.53,2446.97,77786.3549
1750996800,"2025-06-27 04:00:00",2446.98,2459.53,2434.63,2442.31,73097.8158
1751011200,"2025-06-27 08:00:00",2442.3,2463.54,2435.25,2447.25,65938.1952
1751025600,"2025-06-27 12:00:00",2447.25,2456.92,2414.15,2438.25,67273.5894
1751040000,"2025-06-27 16:00:00",2438.26,2449.44,2388.29,2412.67,58701.6025
1751054400,"2025-06-27 20:00:00",2412.67,2429.47,2411.54,2423.17,38677.2082
1751068800,"2025-06-28 00:00:00",2423.17,2423.91,2405.81,2420.93,22573.1079
1751083200,"2025-06-28 04:00:00",2420.93,2433.86,2417.86,2431.76,25863.0167
1751097600,"2025-06-28 08:00:00",2431.77,2432.44,2419.65,2427.42,35720.7253
1751112000,"2025-06-28 12:00:00",2427.42,2443,2420,2436.09,23960.841
1751126400,"2025-06-28 16:00:00",2436.1,2447.8,2431.64,2433.22,33334.2293
1751140800,"2025-06-28 20:00:00",2433.21,2442.21,2427.44,2435.62,14363.0657
1751155200,"2025-06-29 00:00:00",2435.62,2442.77,2424.65,2427.86,21222.2303
1751169600,"2025-06-29 04:00:00",2427.87,2440.5,2426.64,2440.5,14615.4811
1751184000,"2025-06-29 08:00:00",2440.51,2463.88,2438.33,2462.25,54997.0646
1751198400,"2025-06-29 12:00:00",2462.24,2463.48,2432.88,2436.68,38138.631
1751212800,"2025-06-29 16:00:00",2436.69,2442.55,2429.58,2437.96,21035.621
1751227200,"2025-06-29 20:00:00",2437.97,2525,2412,2500.09,134282.7777
1751241600,"2025-06-30 00:00:00",2500.09,2524.3,2495.17,2499.21,79654.3745
1751256000,"2025-06-30 04:00:00",2499.2,2505.31,2456.37,2480.59,66271.4295
1751270400,"2025-06-30 08:00:00",2480.6,2486.64,2446.68,2458.52,59663.3951
1751284800,"2025-06-30 12:00:00",2458.51,2488,2431,2474.78,95201.2301
1751299200,"2025-06-30 16:00:00",2474.77,2518.49,2461.88,2515.71,85849.3761
1751313600,"2025-06-30 20:00:00",2515.71,2522.17,2482.54,2485.47,53815.9087
1751328000,"2025-07-01 00:00:00",2485.47,2500.8,2477.44,2485.42,35064.2225
1751342400,"2025-07-01 04:00:00",2485.43,2485.91,2445.45,2465.03,57251.4543
1751356800,"2025-07-01 08:00:00",2465.03,2465.04,2440,2449.06,59693.7098
1751371200,"2025-07-01 12:00:00",2449.05,2456.55,2406.7,2423.54,96182.0218
1751385600,"2025-07-01 16:00:00",2423.54,2434,2400,2402.87,45021.1484
1751400000,"2025-07-01 20:00:00",2402.87,2418.57,2386.52,2405.01,58738.53
1751414400,"2025-07-02 00:00:00",2405.01,2432.41,2373,2430.55,51415.4396
1751428800,"2025-07-02 04:00:00",2430.55,2454.7,2425.47,2447.03,53917.342
1751443200,"2025-07-02 08:00:00",2447.03,2459.99,2441.7,2445.7,51333.2834
1751457600,"2025-07-02 12:00:00",2445.69,2502.85,2431.56,2498.81,100535.9703
1751472000,"2025-07-02 16:00:00",2498.82,2607.71,2495.03,2604.73,259492.6934
1751486400,"2025-07-02 20:00:00",2604.73,2619.28,2569.14,2570.41,118272.305
1751500800,"2025-07-03 00:00:00",2570.41,2587.54,2556.12,2561.23,66739.9117
1751515200,"2025-07-03 04:00:00",2561.22,2605.74,2559.34,2600.18,65796.6558
1751529600,"2025-07-03 08:00:00",2600.19,2616.96,2581.58,2597.59,83170.9032
1751544000,"2025-07-03 12:00:00",2597.58,2635.5,2565.46,2570.52,191424.4306
1751558400,"2025-07-03 16:00:00",2570.52,2592.43,2565.31,2586.02,62365.8684
1751572800,"2025-07-03 20:00:00",2586.02,2603.6,2585.69,2591.25,35445.8895
1751587200,"2025-07-04 00:00:00",2591.26,2603.17,2571.56,2577.93,39051.4838
1751601600,"2025-07-04 04:00:00",2577.93,2584.64,2530.3,2534.9,78695.4357
1751616000,"2025-07-04 08:00:00",2534.9,2558.66,2527.37,2549.21,48106.8639
1751630400,"2025-07-04 12:00:00",2549.2,2555.96,2498.36,2500.52,116758.4969
1751644800,"2025-07-04 16:00:00",2500.52,2503.5,2474.24,2482.58,130796.5218
1751659200,"2025-07-04 20:00:00",2482.57,2520.85,2481.21,2508.04,39184.2179
1751673600,"2025-07-05 00:00:00",2508.04,2524.92,2498.63,2518.24,25534.4243
1751688000,"2025-07-05 04:00:00",2518.24,2529.81,2512.63,2521.31,18659.4764
1751702400,"2025-07-05 08:00:00",2521.32,2526.45,2508.83,2518.11,22957.673
1751716800,"2025-07-05 12:00:00",2518.11,2521.98,2505.35,2507.67,30633.266
1751731200,"2025-07-05 16:00:00",2507.67,2512.95,2487.95,2505.74,41908.6321
1751745600,"2025-07-05 20:00:00",2505.73,2522.52,2498.28,2516.41,17504.624
1751760000,"2025-07-06 00:00:00",2516.42,2520.84,2509.47,2514.77,16689.3617
1751774400,"2025-07-06 04:00:00",2514.78,2526.66,2508.66,2517.85,22907.8942
1751788800,"2025-07-06 08:00:00",2517.85,2518.44,2503.5,2516.14,24935.4266
1751803200,"2025-07-06 12:00:00",2516.14,2570,2511.94,2558.72,80738.4177
1751817600,"2025-07-06 16:00:00",2558.71,2560.81,2523.33,2541.06,46446.2339
1751832000,"2025-07-06 20:00:00",2541.05,2605,2540.06,2570.35,85876.2978
1751846400,"2025-07-07 00:00:00",2570.35,2590.57,2550.46,2577.42,43450.6801
1751860800,"2025-07-07 04:00:00",2577.41,2580.64,2560,2578.34,31939.7374
1751875200,"2025-07-07 08:00:00",2578.33,2588.42,2552.57,2562.99,42870.5631
1751889600,"2025-07-07 12:00:00",2562.99,2569.12,2527.5,2533.81,87925.5273
1751904000,"2025-07-07 16:00:00",2533.81,2557.49,2512,2543.97,82559.972
1751918400,"2025-07-07 20:00:00",2543.97,2545.45,2523.33,2542.29,26961.0473
1751932800,"2025-07-08 00:00:00",2542.3,2554.56,2523.59,2538.34,45379.9257
1751947200,"2025-07-08 04:00:00",2538.33,2563.8,2532,2553.42,41418.5715
1751961600,"2025-07-08 08:00:00",2553.42,2585.38,2543.33,2575.15,47897.3718
1751976000,"2025-07-08 12:00:00",2575.16,2600.62,2557.86,2564.68,77029.4018
1751990400,"2025-07-08 16:00:00",2564.68,2628.21,2559.68,2610.61,124670.1733
1752004800,"2025-07-08 20:00:00",2610.61,2617.7,2596.85,2615.25,34520.288
1752019200,"2025-07-09 00:00:00",2615.25,2626.72,2589.78,2591.75,36059.8945
1752033600,"2025-07-09 04:00:00",2591.74,2647,2590.98,2624.86,65726.3541
1752048000,"2025-07-09 08:00:00",2624.86,2630.31,2604.37,2626.43,48393.0511
1752062400,"2025-07-09 12:00:00",2626.43,2674.81,2623.95,2656.83,174568.8613
1752076800,"2025-07-09 16:00:00",2656.84,2795.74,2652.41,2765.01,218869.8532
1752091200,"2025-07-09 20:00:00",2765.01,2783.16,2731.72,2768.74,142501.363
1752105600,"2025-07-10 00:00:00",2768.74,2798,2755.5,2776.13,83700.9931
1752120000,"2025-07-10 04:00:00",2776.13,2823.18,2765.53,2791.09,153381.5099
1752134400,"2025-07-10 08:00:00",2791.08,2797,2772,2778.69,80534.4173
1752148800,"2025-07-10 12:00:00",2778.69,2795,2758.78,2769.32,104583.5693
1752163200,"2025-07-10 16:00:00",2769.32,2840.69,2769.03,2816.21,174872.027
1752177600,"2025-07-10 20:00:00",2816.21,3000,2813.13,2951.29,354823.5534
1752192000,"2025-07-11 00:00:00",2951.29,2975,2913.75,2969.74,129986.2632
1752206400,"2025-07-11 04:00:00",2969.75,3029.55,2946.02,2968.49,205429.0153
1752220800,"2025-07-11 08:00:00",2968.81,3040.15,2963.51,2984,176478.9336
1752235200,"2025-07-11 12:00:00",2984.01,3009.64,2939.36,2951.09,183069.2994
1752249600,"2025-07-11 16:00:00",2951.09,3010.39,2936.46,3007.6,121178.0576
1752264000,"2025-07-11 20:00:00",3007.6,3010,2923.32,2958.22,90697.5998
1752278400,"2025-07-12 00:00:00",2958.21,2970.85,2932,2966.09,47769.6089
1752292800,"2025-07-12 04:00:00",2966.1,2977.94,2937.7,2962.85,54739.0406
1752307200,"2025-07-12 08:00:00",2962.84,2979.78,2957.51,2963.39,48317.1794
1752321600,"2025-07-12 12:00:00",2963.39,2967.59,2903.85,2916.05,113763.8372
1752336000,"2025-07-12 16:00:00",2916.05,2945.83,2910.49,2941.18,42874.7113
1752350400,"2025-07-12 20:00:00",2941.18,2948,2915,2943.28,41420.5103
1752364800,"2025-07-13 00:00:00",2943.29,2960.7,2936.49,2955.1,32411.5886
1752379200,"2025-07-13 04:00:00",2955.11,2967.97,2949.64,2962.94,29321.3817
1752393600,"2025-07-13 08:00:00",2962.95,2965.66,2944.49,2964.58,33777.469
1752408000,"2025-07-13 12:00:00",2964.57,3020.31,2958.92,2992.43,129614.6883
1752422400,"2025-07-13 16:00:00",2992.43,3010.65,2962.65,2989.45,59449.3596
1752436800,"2025-07-13 20:00:00",2989.46,2998.92,2940.24,2972.03,72759.0144
1752451200,"2025-07-14 00:00:00",2972.03,3051.26,2962.81,3037.36,125331.2348
1752465600,"2025-07-14 04:00:00",3037.35,3065.57,3016.91,3045.02,176067.3527
1752480000,"2025-07-14 08:00:00",3045.02,3083,3023.08,3051.72,153682.6878
1752494400,"2025-07-14 12:00:00",3051.71,3068.33,2993.2,3012.49,173256.291
1752508800,"2025-07-14 16:00:00",3012.48,3029.96,2983,3000.33,121773.2371
1752523200,"2025-07-14 20:00:00",3000.35,3018.88,2980.97,3013.62,65441.8462
1752537600,"2025-07-15 00:00:00",3013.61,3023.2,2932.46,2951.8,137032.5847
1752552000,"2025-07-15 04:00:00",2951.79,2995.89,2934.83,2977.49,98226.7001
1752566400,"2025-07-15 08:00:00",2977.5,2989.25,2958.84,2981.11,60092.5512
1752580800,"2025-07-15 12:00:00",2981.12,3067.43,2967,3039.93,244113.4454
1752595200,"2025-07-15 16:00:00",3039.94,3097.32,3032.35,3040.88,223763.2107
1752609600,"2025-07-15 20:00:00",3040.87,3144.14,3029.63,3137.89,100355.2456
1752624000,"2025-07-16 00:00:00",3137.9,3152.53,3103.17,3115.99,107060.7869
1752638400,"2025-07-16 04:00:00",3116,3175,3101,3162.45,110053.9263
1752652800,"2025-07-16 08:00:00",3162.44,3173.47,3143.81,3150.5,97381.3174
1752667200,"2025-07-16 12:00:00",3150.49,3265.44,3147.46,3244.49,278582.4246
1752681600,"2025-07-16 16:00:00",3244.48,3384.23,3235,3384.23,329179.6876
1752696000,"2025-07-16 20:00:00",3384.22,3425,3344,3371.35,213692.4403
1752710400,"2025-07-17 00:00:00",3371.35,3398.18,3310.77,3330.14,136566.2565
1752724800,"2025-07-17 04:00:00",3330.13,3468,3320,3447.9,159797.002
1752739200,"2025-07-17 08:00:00",3447.9,3480.19,3425.49,3433.29,156281.7676
1752753600,"2025-07-17 12:00:00",3433.3,3439.64,3361.2,3420.49,187960.2841
1752768000,"2025-07-17 16:00:00",3420.49,3455.54,3364.43,3412.33,143203.4818
1752782400,"2025-07-17 20:00:00",3412.32,3523.44,3372.51,3476.87,190257.0344
1752796800,"2025-07-18 00:00:00",3476.88,3626.57,3458.68,3596.4,250277.7388
1752811200,"2025-07-18 04:00:00",3596.4,3673.84,3576,3604.1,239600.3676
1752825600,"2025-07-18 08:00:00",3604.1,3628.12,3582.41,3610.24,150319.7932
1752840000,"2025-07-18 12:00:00",3610.23,3671.5,3530,3563.68,278381.8867
1752854400,"2025-07-18 16:00:00",3563.68,3624.8,3538,3551.59,121323.4152
1752868800,"2025-07-18 20:00:00",3551.59,3576.76,3477.58,3546.92,123920.1962
1752883200,"2025-07-19 00:00:00",3546.92,3599,3506.79,3592.98,79193.0349
1752897600,"2025-07-19 04:00:00",3592.97,3608.3,3567.05,3571.47,53185.9792
1752912000,"2025-07-19 08:00:00",3571.46,3578.38,3538.07,3552.75,63369.9911
1752926400,"2025-07-19 12:00:00",3552.75,3572.31,3526.44,3552,70947.4114
1752940800,"2025-07-19 16:00:00",3552,3581.92,3532.78,3577.61,63243.4261
1752955200,"2025-07-19 20:00:00",3577.61,3598.31,3539,3592.01,51852.0786
1752969600,"2025-07-20 00:00:00",3592,3694.99,3579.13,3658.01,120180.4935
1752984000,"2025-07-20 04:00:00",3658.01,3689.97,3633.18,3668.49,83643.0008
1752998400,"2025-07-20 08:00:00",3668.5,3766.45,3668.5,3756.71,196973.3489
1753012800,"2025-07-20 12:00:00",3756.7,3790,3724.94,3786.05,132622.0181
1753027200,"2025-07-20 16:00:00",3786.06,3824.56,3730.72,3749.93,184914.7826
1753041600,"2025-07-20 20:00:00",3749.93,3772.97,3681.6,3756.69,134022.9094
1753056000,"2025-07-21 00:00:00",3756.69,3766.28,3701.01,3757.37,101795.1978
1753070400,"2025-07-21 04:00:00",3757.38,3812.49,3747.38,3787.69,112872.7327
1753084800,"2025-07-21 08:00:00",3787.7,3837,3755.32,3808.69,138350.401
1753099200,"2025-07-21 12:00:00",3808.69,3860,3775.39,3810.37,179461.8476
1753113600,"2025-07-21 16:00:00",3810.37,3817.28,3719,3736.46,214277.1512
1753128000,"2025-07-21 20:00:00",3736.47,3779.48,3719.7,3762.33,65316.7231
1753142400,"2025-07-22 00:00:00",3762.32,3798.65,3696.18,3731.14,142115.4027
1753156800,"2025-07-22 04:00:00",3731.13,3734.01,3646,3676.91,170003.3783
1753171200,"2025-07-22 08:00:00",3676.91,3719.99,3616.54,3705.3,161764.7815
1753185600,"2025-07-22 12:00:00",3705.3,3728.53,3625.42,3718.11,204142.8732
1753200000,"2025-07-22 16:00:00",3718.11,3748.9,3655.19,3670.14,122042.4043
1753214400,"2025-07-22 20:00:00",3670.13,3751,3662.14,3746.21,70058.5464
1753228800,"2025-07-23 00:00:00",3746.21,3764.2,3712.45,3728.63,94168.634
1753243200,"2025-07-23 04:00:00",3728.63,3737.6,3663.91,3673.33,75662.4304
1753257600,"2025-07-23 08:00:00",3673.33,3698,3639.96,3671.99,85820.92
1753272000,"2025-07-23 12:00:00",3671.99,3680.68,3573.47,3644.22,267456.6077
1753286400,"2025-07-23 16:00:00",3644.21,3644.21,3552,3587.75,162389.0403
1753300800,"2025-07-23 20:00:00",3587.74,3634.93,3527,3628.29,114761.7701
1753315200,"2025-07-24 00:00:00",3628.29,3665.31,3612.57,3641.19,55247.2289
1753329600,"2025-07-24 04:00:00",3641.19,3657.57,3502.85,3591.9,160457.1539
1753344000,"2025-07-24 08:00:00",3591.9,3660.36,3580.79,3655.12,120812.1182
1753358400,"2025-07-24 12:00:00",3655.12,3771,3612.96,3730.76,206707.6566
1753372800,"2025-07-24 16:00:00",3730.77,3754.17,3666.74,3732.79,135066.6564
1753387200,"2025-07-24 20:00:00",3732.77,3743.44,3695.32,3706.94,71168.681
1753401600,"2025-07-25 00:00:00",3706.95,3708.21,3573.76,3596,174613.3279
1753416000,"2025-07-25 04:00:00",3596.01,3667.59,3580,3631.67,138812.6314
1753430400,"2025-07-25 08:00:00",3631.67,3747,3629.1,3721.37,150331.2639
1753444800,"2025-07-25 12:00:00",3721.37,3735,3601.56,3634.2,155344.4949
1753459200,"2025-07-25 16:00:00",3634.21,3659.75,3615,3641.14,78268.9365
1753473600,"2025-07-25 20:00:00",3641.15,3730,3639.5,3724.96,67236.0715
1753488000,"2025-07-26 00:00:00",3724.97,3767.13,3697.66,3739.51,73919.6127
1753502400,"2025-07-26 04:00:00",3739.5,3756.62,3731.53,3742.21,44556.8773
1753516800,"2025-07-26 08:00:00",3742.2,3782.83,3730.25,3739.36,110694.4458
1753531200,"2025-07-26 12:00:00",3739.37,3754.2,3715.58,3735.72,64440.8109
1753545600,"2025-07-26 16:00:00",3735.72,3756.06,3709.39,3750.5,53501.8339
1753560000,"2025-07-26 20:00:00",3750.5,3793,3733.49,3741.1,60146.1218
1753574400,"2025-07-27 00:00:00",3741.11,3787.8,3731,3774.03,41045.2346
1753588800,"2025-07-27 04:00:00",3774.03,3811,3763,3768.01,60429.0286
1753603200,"2025-07-27 08:00:00",3768,3842.95,3751,3815.26,90831.0542
1753617600,"2025-07-27 12:00:00",3815.26,3836.54,3791.48,3818.53,90376.2482
1753632000,"2025-07-27 16:00:00",3818.53,3868.08,3809.01,3828.32,109495.5836
1753646400,"2025-07-27 20:00:00",3828.33,3879.82,3816.01,3872.1,65175.3113
1753660800,"2025-07-28 00:00:00",3872.11,3907.4,3843,3879.81,101123.9194
1753675200,"2025-07-28 04:00:00",3879.81,3941,3868.34,3893,116692.6349
1753689600,"2025-07-28 08:00:00",3893.01,3901.94,3860.01,3879.79,61307.7424
1753704000,"2025-07-28 12:00:00",3879.8,3889.99,3773.33,3808.11,175985.1258
1753718400,"2025-07-28 16:00:00",3808.11,3822.8,3754,3797.36,100389.1324
1753732800,"2025-07-28 20:00:00",3797.37,3803.98,3765.88,3799,65496.1914
1753747200,"2025-07-29 00:00:00",3799,3821.48,3731.21,3791.9,98310.4444
1753761600,"2025-07-29 04:00:00",3791.91,3880,3775.77,3877.36,85485.2262
1753776000,"2025-07-29 08:00:00",3877.36,3886.44,3811.78,3825.9,82993.7615
1753790400,"2025-07-29 12:00:00",3825.89,3874.54,3747,3761.57,140877.5291
1753804800,"2025-07-29 16:00:00",3761.56,3797,3716.04,3765.89,117271.5126
1753819200,"2025-07-29 20:00:00",3765.89,3801.77,3739.14,3793.79,59271.9655
1753833600,"2025-07-30 00:00:00",3793.79,3828.71,3756,3817.47,65329.138
1753848000,"2025-07-30 04:00:00",3817.46,3834.03,3786.87,3811.44,52195.7236
1753862400,"2025-07-30 08:00:00",3811.44,3825.73,3744.16,3758.18,74284.4796
1753876800,"2025-07-30 12:00:00",3758.18,3832,3749.74,3797.25,90460.8437
1753891200,"2025-07-30 16:00:00",3797.25,3822,3677.65,3760.68,175379.9749
1753905600,"2025-07-30 20:00:00",3760.67,3811.93,3742.79,3810,67774.7405
1753920000,"2025-07-31 00:00:00",3810,3868,3801.53,3863.31,100247.8735
1753934400,"2025-07-31 04:00:00",3863.31,3878.67,3854.77,3863.81,57223.3568
1753948800,"2025-07-31 08:00:00",3863.81,3873.28,3826.3,3838.46,55333.2924
1753963200,"2025-07-31 12:00:00",3838.45,3845.09,3762.27,3788.38,109596.7847
1753977600,"2025-07-31 16:00:00",3788.39,3819,3735,3737.72,99597.7602
1753992000,"2025-07-31 20:00:00",3737.71,3758.56,3684.33,3698.39,94089.3827
1754006400,"2025-08-01 00:00:00",3698.39,3724.02,3616.66,3704.98,149144.9601
1754020800,"2025-08-01 04:00:00",3704.98,3704.98,3624.11,3650.74,100331.0096
1754035200,"2025-08-01 08:00:00",3650.73,3650.73,3585.69,3642.72,106483.8433
1754049600,"2025-08-01 12:00:00",3642.72,3675.85,3565,3616.1,152982.1001
1754064000,"2025-08-01 16:00:00",3616.1,3634,3515.13,3518.4,133452.712
1754078400,"2025-08-01 20:00:00",3518.42,3553.21,3431.75,3488.2,141474.5266
1754092800,"2025-08-02 00:00:00",3488.21,3532.3,3478.42,3528.79,76611.6359
1754107200,"2025-08-02 04:00:00",3528.79,3537.69,3455,3519.16,78666.8207
1754121600,"2025-08-02 08:00:00",3519.17,3524.25,3474.23,3508.67,52942.9471
1754136000,"2025-08-02 12:00:00",3508.67,3517.56,3451.43,3459.33,61057.5545
1754150400,"2025-08-02 16:00:00",3459.33,3481.64,3372.47,3383.2,155907.9965
1754164800,"2025-08-02 20:00:00",3383.2,3441.69,3368.29,3393.94,69008.7547
1754179200,"2025-08-03 00:00:00",3393.94,3452.29,3354.28,3444.12,70214.7952
1754193600,"2025-08-03 04:00:00",3444.13,3459.62,3433.98,3456.25,33125.7736
1754208000,"2025-08-03 08:00:00",3456.24,3516.31,3454.11,3485.46,58025.3762
1754222400,"2025-08-03 12:00:00",3485.45,3504.27,3454.34,3476.49,51259.7992
1754236800,"2025-08-03 16:00:00",3476.49,3515,3467.85,3496.74,46815.2855
1754251200,"2025-08-03 20:00:00",3496.75,3521.79,3483.5,3496.74,36906.6461
1754265600,"2025-08-04 00:00:00",3496.75,3576.07,3490.73,3556.8,75541.3278
1754280000,"2025-08-04 04:00:00",3556.79,3565.67,3520.69,3551.99,47698.2079
1754294400,"2025-08-04 08:00:00",3552,3574.47,3542.25,3555.7,45699.2755
1754308800,"2025-08-04 12:00:00",3555.71,3665.6,3551.1,3648.89,135330.5801
1754323200,"2025-08-04 16:00:00",3648.89,3718.54,3648.85,3669.73,85223.4994
1754337600,"2025-08-04 20:00:00",3669.73,3736.73,3661.21,3720.99,73857.0954
1754352000,"2025-08-05 00:00:00",3720.99,3722.24,3648.24,3651.94,75119.4199
1754366400,"2025-08-05 04:00:00",3651.94,3679.69,3601.53,3613.49,70853.7586
1754380800,"2025-08-05 08:00:00",3613.49,3694.06,3608.1,3673.79,67427.9027
1754395200,"2025-08-05 12:00:00",3673.8,3680.58,3555,3570.43,165645.9535
1754409600,"2025-08-05 16:00:00",3570.43,3612.26,3559.71,3571.66,64656.721
1754424000,"2025-08-05 20:00:00",3571.65,3624.56,3546,3612,45367.2032
1754438400,"2025-08-06 00:00:00",3612.01,3614,3564.19,3583.66,41403.6119
1754452800,"2025-08-06 04:00:00",3583.67,3662,3569.28,3639.82,70989.2724
1754467200,"2025-08-06 08:00:00",3639.81,3644.6,3607.54,3619.64,48235.9133
1754481600,"2025-08-06 12:00:00",3619.63,3669.38,3574.05,3664.69,102539.587
1754496000,"2025-08-06 16:00:00",3664.7,3698.6,3638.56,3683.65,63895.5877
1754510400,"2025-08-06 20:00:00",3683.66,3686.17,3652.38,3683.31,38245.9482
1754524800,"2025-08-07 00:00:00",3683.31,3716.61,3647.63,3656.78,56122.7246
1754539200,"2025-08-07 04:00:00",3656.78,3711,3655.09,3702.4,46356.287
1754553600,"2025-08-07 08:00:00",3702.41,3843.66,3702.41,3827,183717.2969
1754568000,"2025-08-07 12:00:00",3827.01,3865.64,3804.27,3837.01,151206.0077
1754582400,"2025-08-07 16:00:00",3837.01,3876.44,3780.54,3867.6,93776.6786
1754596800,"2025-08-07 20:00:00",3867.6,3927.77,3851.22,3910.31,100499.9924
1754611200,"2025-08-08 00:00:00",3910.3,3969.06,3880,3939.18,130547.2077
1754625600,"2025-08-08 04:00:00",3939.19,3939.34,3892.47,3915.97,66893.2103
1754640000,"2025-08-08 08:00:00",3915.98,3927.54,3884.44,3917.97,56015.1438
1754654400,"2025-08-08 12:00:00",3917.97,4012,3891.52,3954.56,249634.108
1754668800,"2025-08-08 16:00:00",3954.56,4065.86,3950,4060.99,161157.1735
1754683200,"2025-08-08 20:00:00",4060.98,4071,4006.9,4009.5,59053.1676
1754697600,"2025-08-09 00:00:00",4009.51,4053.01,4006.63,4051.01,54922.1013
1754712000,"2025-08-09 04:00:00",4051.02,4200,4045,4170.64,209400.9758
1754726400,"2025-08-09 08:00:00",4170.64,4246.65,4166.22,4190,132401.5516
1754740800,"2025-08-09 12:00:00",4190,4226.23,4153.17,4209.57,99517.9366
1754755200,"2025-08-09 16:00:00",4209.57,4271.45,4192.8,4258.57,81130.8834
1754769600,"2025-08-09 20:00:00",4258.57,4326.2,4242.87,4260.62,114558.6561
1754784000,"2025-08-10 00:00:00",4260.63,4332.6,4206.55,4242.74,133032.1075
1754798400,"2025-08-10 04:00:00",4242.73,4264.98,4176,4185.12,93255.556
1754812800,"2025-08-10 08:00:00",4185.12,4232.73,4160,4180.57,87280.442
1754827200,"2025-08-10 12:00:00",4180.58,4237.43,4153.07,4217.94,77277.583
1754841600,"2025-08-10 16:00:00",4217.94,4259.36,4214.45,4248.83,40487.6252
1754856000,"2025-08-10 20:00:00",4248.8,4254.54,4186.16,4250.57,63510.4968
1754870400,"2025-08-11 00:00:00",4250.58,4343,4238.52,4309.64,135191.5621
1754884800,"2025-08-11 04:00:00",4309.65,4349.81,4266.66,4273.69,91929.6929
1754899200,"2025-08-11 08:00:00",4273.69,4287.17,4170.02,4185.1,109276.4312
1754913600,"2025-08-11 12:00:00",4185.1,4332.17,4166.77,4329.74,176788.269
1754928000,"2025-08-11 16:00:00",4329.74,4366.46,4233.99,4259.39,127454.6271
1754942400,"2025-08-11 20:00:00",4259.38,4259.38,4190,4223.22,82023.4577
1754956800,"2025-08-12 00:00:00",4223.22,4311.12,4219.04,4286.09,69103.5726
1754971200,"2025-08-12 04:00:00",4286.09,4321.67,4267.41,4315.57,80593.4939
1754985600,"2025-08-12 08:00:00",4315.57,4332.32,4256.92,4290.94,74576.0882
1755000000,"2025-08-12 12:00:00",4290.94,4480.66,4278.01,4472.62,319555.8459
1755014400,"2025-08-12 16:00:00",4472.62,4518.89,4440.38,4516.97,155770.5931
1755028800,"2025-08-12 20:00:00",4516.97,4639.7,4504.54,4590.52,185688.4715
1755043200,"2025-08-13 00:00:00",4590.52,4656.24,4564.33,4647,118706.8508
1755057600,"2025-08-13 04:00:00",4646.99,4683,4608.21,4625.59,121530.1824
1755072000,"2025-08-13 08:00:00",4625.6,4715.75,4609.04,4690.33,143405.6489
1755086400,"2025-08-13 12:00:00",4690.28,4736.82,4616,4664.38,223447.5173
1755100800,"2025-08-13 16:00:00",4664.38,4750,4661.09,4738.99,178188.5048
1755115200,"2025-08-13 20:00:00",4738.98,4783.85,4697.34,4749.3,140652.7946
1755129600,"2025-08-14 00:00:00",4749.31,4779,4708.35,4774.08,110355.4978
1755144000,"2025-08-14 04:00:00",4774.09,4788,4716,4748.37,126732.0793
1755158400,"2025-08-14 08:00:00",4748.37,4766.66,4675.81,4718.17,152329.8792
1755172800,"2025-08-14 12:00:00",4718.18,4736,4451.33,4618.87,554409.1566
1755187200,"2025-08-14 16:00:00",4618.87,4623.62,4480.63,4537.63,205989.8934
1755201600,"2025-08-14 20:00:00",4537.64,4572,4453.13,4546.84,115632.539
1755216000,"2025-08-15 00:00:00",4546.84,4650,4537.32,4634.46,107623.8843
1755230400,"2025-08-15 04:00:00",4634.47,4662.6,4599.01,4640.16,91121.5734
1755244800,"2025-08-15 08:00:00",4640.15,4666.66,4612.31,4634.16,69832.2749
1755259200,"2025-08-15 12:00:00",4634.17,4672.67,4395.47,4430.86,301257.0493
1755273600,"2025-08-15 16:00:00",4430.87,4462.26,4369.46,4383.45,168479.3926
1755288000,"2025-08-15 20:00:00",4383.45,4490.73,4368,4439.47,142095.0846
1755302400,"2025-08-16 00:00:00",4439.47,4490.42,4423.53,4432.24,88860.8615
1755316800,"2025-08-16 04:00:00",4432.25,4465.22,4407.69,4451.83,49806.4097
1755331200,"2025-08-16 08:00:00",4451.84,4459.12,4372.54,4387.87,81613.2986
1755345600,"2025-08-16 12:00:00",4387.88,4427.92,4375.63,4400.42,70316.2787
1755360000,"2025-08-16 16:00:00",4400.41,4440.51,4390.58,4418.53,38344.5232
1755374400,"2025-08-16 20:00:00",4418.53,4437.88,4402.82,4421.99,29735.2167
1755388800,"2025-08-17 00:00:00",4422,4459.3,4393.98,4452.77,48880.8973
1755403200,"2025-08-17 04:00:00",4452.78,4491,4444.44,4467.12,79637.8047
1755417600,"2025-08-17 08:00:00",4467.12,4576,4458.64,4551.68,102669.3254
1755432000,"2025-08-17 12:00:00",4551.69,4565.49,4519.13,4561.99,52232.2505
1755446400,"2025-08-17 16:00:00",4561.99,4566.17,4427.44,4459.56,92723.5258
1755460800,"2025-08-17 20:00:00",4459.55,4533.95,4457.02,4472.33,66317.5792
1755475200,"2025-08-18 00:00:00",4472.34,4481.88,4278.13,4320.22,241372.5328
1755489600,"2025-08-18 04:00:00",4320.22,4348.44,4230.74,4257.47,139718.9458
1755504000,"2025-08-18 08:00:00",4257.47,4319.77,4225.86,4274.37,122837.6062
1755518400,"2025-08-18 12:00:00",4274.36,4370.26,4270.77,4345.52,155521.8682
1755532800,"2025-08-18 16:00:00",4345.52,4384.53,4299.44,4355.09,92501.2338
1755547200,"2025-08-18 20:00:00",4355.08,4388.65,4303.67,4312.99,71235.9401
1755561600,"2025-08-19 00:00:00",4312.99,4355,4213.21,4218.66,118747.775
1755576000,"2025-08-19 04:00:00",4218.65,4250.41,4193.77,4234.36,103979.9428
1755590400,"2025-08-19 08:00:00",4234.35,4317.41,4218.46,4308.93,72742.7152
1755604800,"2025-08-19 12:00:00",4308.94,4340.15,4169.42,4192.14,237188.0218
1755619200,"2025-08-19 16:00:00",4192.14,4206.33,4113.63,4142,191723.2518
1755633600,"2025-08-19 20:00:00",4142,4164.97,4067.34,4075.59,106841.0885
1755648000,"2025-08-20 00:00:00",4075.58,4158.32,4060,4140.92,114356.889
1755662400,"2025-08-20 04:00:00",4140.92,4211.74,4139.51,4185.22,75847.711
1755676800,"2025-08-20 08:00:00",4185.22,4242,4150.26,4195.3,95308.3674
1755691200,"2025-08-20 12:00:00",4195.29,4308.49,4106.37,4255.9,215624.9806
1755705600,"2025-08-20 16:00:00",4255.68,4364.77,4254.72,4346.65,159841.4222
1755720000,"2025-08-20 20:00:00",4346.64,4378,4320.53,4336.16,67345.5231
1755734400,"2025-08-21 00:00:00",4336.16,4340.26,4278.03,4295.23,84502.7984
1755748800,"2025-08-21 04:00:00",4295.24,4321.36,4270.89,4310.76,44223.1556
1755763200,"2025-08-21 08:00:00",4310.79,4315.01,4256.34,4278.52,66951.7258
1755777600,"2025-08-21 12:00:00",4278.53,4328.37,4226.98,4242.66,123952.4312
1755792000,"2025-08-21 16:00:00",4242.66,4274.38,4208,4224.1,66342.3596
1755806400,"2025-08-21 20:00:00",4224.1,4260.86,4204.2,4225.3,47863.9286
1755820800,"2025-08-22 00:00:00",4225.3,4314.89,4222.25,4278.93,77390.8514
1755835200,"2025-08-22 04:00:00",4278.93,4345.38,4272.55,4328.14,84613.359
1755849600,"2025-08-22 08:00:00",4328.13,4354.19,4273.75,4274.56,96665.0938
1755864000,"2025-08-22 12:00:00",4274.57,4668.18,4207.39,4616.08,510799.5805
1755878400,"2025-08-22 16:00:00",4616.09,4859.1,4616.09,4833,347174.1823
1755892800,"2025-08-22 20:00:00",4833,4887.59,4796.48,4832.07,161333.56826
1755907200,"2025-08-23 00:00:00",4832.07,4832.07,4659.7,4694.64,183495.7612
1755921600,"2025-08-23 04:00:00",4694.63,4765.54,4694.33,4713.88,102546.7853
1755936000,"2025-08-23 08:00:00",4713.89,4746.09,4690.72,4704.93,55489.6245
1755950400,"2025-08-23 12:00:00",4704.95,4768.9,4692.81,4751,93641.4714
1755964800,"2025-08-23 16:00:00",4750.99,4761.97,4727.8,4758.66,37902.4266
1755979200,"2025-08-23 20:00:00",4758.66,4797.34,4738,4778.4,39366.0198
1755993600,"2025-08-24 00:00:00",4778.4,4817.4,4753.42,4788.59,73990.7108
1756008000,"2025-08-24 04:00:00",4788.59,4800.01,4757.3,4758.7,44970.7774
1756022400,"2025-08-24 08:00:00",4758.7,4786.5,4720,4747.73,59259.8944
1756036800,"2025-08-24 12:00:00",4747.73,4829.74,4738.67,4798.32,122996.9799
1756051200,"2025-08-24 16:00:00",4798.31,4956.78,4744.2,4813.04,305250.74042
1756065600,"2025-08-24 20:00:00",4813.01,4824.31,4711,4780.15,174199.6755
1756080000,"2025-08-25 00:00:00",4780.15,4797.97,4670,4727.41,111875.813
1756094400,"2025-08-25 04:00:00",4727.41,4740.01,4581.55,4591.36,161725.1176
1756108800,"2025-08-25 08:00:00",4591.37,4615.05,4519.96,4600.08,168097.6886
1756123200,"2025-08-25 12:00:00",4600.08,4690.02,4585.56,4612.57,205755.3975
1756137600,"2025-08-25 16:00:00",4612.58,4645.54,4416,4420.34,146228.7221
1756152000,"2025-08-25 20:00:00",4420.34,4446.19,4334.13,4376.18,250234.4271
1756166400,"2025-08-26 00:00:00",4376.17,4451.72,4311.04,4402.58,172417.3867
1756180800,"2025-08-26 04:00:00",4402.58,4454,4393.86,4429.7,93610.1147
1756195200,"2025-08-26 08:00:00",4429.7,4465.86,4405.09,4427.24,81044.3995
1756209600,"2025-08-26 12:00:00",4427.24,4579,4405.84,4519.02,227815.4318
1756224000,"2025-08-26 16:00:00",4519.03,4598.28,4498.58,4596.7,170031.4537
1756238400,"2025-08-26 20:00:00",4596.69,4633.46,4563.21,4600.63,89831.4903
1756252800,"2025-08-27 00:00:00",4600.63,4626.82,4538.69,4603.55,103641.6975
1756267200,"2025-08-27 04:00:00",4603.56,4645.93,4560.22,4580.45,100967.802
1756281600,"2025-08-27 08:00:00",4580.46,4619.68,4550.01,4608.87,72044.2122
1756296000,"2025-08-27 12:00:00",4608.87,4663.93,4575.17,4657.57,132483.3513
1756310400,"2025-08-27 16:00:00",4657.58,4658,4535.01,4565.7,80996.8873
1756324800,"2025-08-27 20:00:00",4565.7,4614,4481.53,4506.71,116535.4108
1756339200,"2025-08-28 00:00:00",4506.71,4549,4467.63,4541.63,69573.9921
1756353600,"2025-08-28 04:00:00",4541.62,4600.85,4534.99,4596.82,57664.7504
1756368000,"2025-08-28 08:00:00",4596.82,4633.97,4581.28,4594.8,71841.8208
1756382400,"2025-08-28 12:00:00",4594.79,4616.02,4485,4504.01,141018.1746
1756396800,"2025-08-28 16:00:00",4504.01,4530.5,4436.34,4438.46,92574.3377
1756411200,"2025-08-28 20:00:00",4438.49,4515.78,4430,4511.21,52570.3271
1756425600,"2025-08-29 00:00:00",4511.2,4516.75,4434.79,4489.75,69637.5081
1756440000,"2025-08-29 04:00:00",4489.75,4497,4367.5,4381.03,118788.5306
1756454400,"2025-08-29 08:00:00",4381.03,4398.43,4318.57,4346.48,135466.2144
1756468800,"2025-08-29 12:00:00",4346.48,4454.4,4265,4316.09,215781.3752
1756483200,"2025-08-29 16:00:00",4316.1,4366.66,4296.13,4340.78,88846.0782
1756497600,"2025-08-29 20:00:00",4340.79,4379.55,4305.57,4360.18,50544.1712
1756512000,"2025-08-30 00:00:00",4360.18,4381.61,4257.2,4352.45,102136.5521
1756526400,"2025-08-30 04:00:00",4352.46,4415.61,4347.58,4402.39,97596.3012
1756540800,"2025-08-30 08:00:00",4402.39,4408.07,4378.41,4392.08,41144.3265
1756555200,"2025-08-30 12:00:00",4392.07,4393.48,4332.15,4376.35,53086.3116
1756569600,"2025-08-30 16:00:00",4376.24,4376.24,4335.82,4354.63,21764.9766
1756584000,"2025-08-30 20:00:00",4354.63,4378.66,4334.4,4373.7,24590.7146
1756598400,"2025-08-31 00:00:00",4373.7,4488.58,4372.63,4488.12,86870.5588
1756612800,"2025-08-31 04:00:00",4488.12,4491.46,4433.04,4450.84,46105.6365
1756627200,"2025-08-31 08:00:00",4450.84,4483.8,4440.47,4476.98,64280.1686
1756641600,"2025-08-31 12:00:00",4476.98,4498.47,4451.03,4485.27,74632.1358
1756656000,"2025-08-31 16:00:00",4485.28,4490.87,4454.89,4456.01,33871.4872
1756670400,"2025-08-31 20:00:00",4456,4477.1,4378.43,4391.83,50826.1992
1756684800,"2025-09-01 00:00:00",4391.83,4432.25,4360,4404.16,97484.5196
1756699200,"2025-09-01 04:00:00",4404.15,4464,4358.67,4463.29,82667.9879
1756713600,"2025-09-01 08:00:00",4463.29,4491.84,4381.99,4392.83,81553.9294
1756728000,"2025-09-01 12:00:00",4392.83,4423.78,4346.19,4362.01,65084.4647
1756742400,"2025-09-01 16:00:00",4362.01,4371.54,4309.69,4368.06,58822.6622
1756756800,"2025-09-01 20:00:00",4368.05,4368.15,4210.61,4314.5,128216.4757
1756771200,"2025-09-02 00:00:00",4314.5,4394.97,4290.98,4367.11,80296.0877
1756785600,"2025-09-02 04:00:00",4367.11,4416.78,4360.84,4377.53,63965.5878
1756800000,"2025-09-02 08:00:00",4377.53,4408,4340.98,4347.98,62250.6809
1756814400,"2025-09-02 12:00:00",4347.98,4397.44,4271.31,4295.66,179101.1244
1756828800,"2025-09-02 16:00:00",4295.65,4331.57,4257.85,4274.41,83144.9375
1756843200,"2025-09-02 20:00:00",4274.41,4337.4,4266.31,4326.5,55846.6329
1756857600,"2025-09-03 00:00:00",4326.49,4355.37,4283.23,4335.02,59970.9699
1756872000,"2025-09-03 04:00:00",4335.02,4342.59,4285.71,4310.21,45196.6997
1756886400,"2025-09-03 08:00:00",4310.2,4385.88,4300.01,4371.51,70248.1912
1756900800,"2025-09-03 12:00:00",4371.51,4486.98,4339.99,4480.03,163360.9229
1756915200,"2025-09-03 16:00:00",4480.02,4490.64,4455.42,4475.32,112106.49
1756929600,"2025-09-03 20:00:00",4475.32,4480.79,4436.6,4450.46,36208.4124
1756944000,"2025-09-04 00:00:00",4450.46,4482.05,4388.9,4398.03,101700.4604
1756958400,"2025-09-04 04:00:00",4398.03,4414.9,4355.29,4371.04,68607.1967
1756972800,"2025-09-04 08:00:00",4371.05,4433.85,4365.4,4407.03,66351.3837
1756987200,"2025-09-04 12:00:00",4407.04,4428.39,4293.06,4305.33,129618.4637
1757001600,"2025-09-04 16:00:00",4305.32,4323.79,4265.33,4275.92,63186.7386
1757016000,"2025-09-04 20:00:00",4275.92,4353.33,4272.3,4297.55,42331.4665
1757030400,"2025-09-05 00:00:00",4297.56,4335.69,4291.02,4328.88,45816.7221
1757044800,"2025-09-05 04:00:00",4328.89,4428.67,4316.57,4417.29,72860.7888
1757059200,"2025-09-05 08:00:00",4417.29,4426.31,4373.2,4417.39,81554.0064
1757073600,"2025-09-05 12:00:00",4417.38,4490,4256.03,4283.39,318985.246
1757088000,"2025-09-05 16:00:00",4283.4,4331.9,4272.35,4331.54,59666.9203
1757102400,"2025-09-05 20:00:00",4331.54,4343.03,4286.71,4307.45,45286.1918
1757116800,"2025-09-06 00:00:00",4307.46,4329.3,4302.77,4320.42,20383.2609
1757131200,"2025-09-06 04:00:00",4320.43,4320.43,4290.71,4312.26,18863.6631
1757145600,"2025-09-06 08:00:00",4312.27,4315.05,4286.08,4299.99,17622.5479
1757160000,"2025-09-06 12:00:00",4300,4308.39,4263.19,4270.24,44936.6069
1757174400,"2025-09-06 16:00:00",4270.23,4304.25,4236,4255.48,59382.7999
1757188800,"2025-09-06 20:00:00",4255.48,4288,4253.35,4273.14,29977.1899
1757203200,"2025-09-07 00:00:00",4273.15,4304.08,4270.81,4296.9,21924.9924
1757217600,"2025-09-07 04:00:00",4296.9,4307.2,4276.76,4294.56,20002.1344
1757232000,"2025-09-07 08:00:00",4294.57,4315.35,4291.65,4310.87,41022.6191
1757246400,"2025-09-07 12:00:00",4310.88,4311.23,4288.95,4299.38,27581.9045
1757260800,"2025-09-07 16:00:00",4299.39,4301.62,4270.81,4293.48,26890.3039
1757275200,"2025-09-07 20:00:00",4293.47,4336.02,4281.34,4306.19,32198.8829
1757289600,"2025-09-08 00:00:00",4306.19,4330.97,4279,4311.87,51316.817
1757304000,"2025-09-08 04:00:00",4311.87,4313.59,4287.68,4291.78,32212.3104
1757318400,"2025-09-08 08:00:00",4291.78,4337.77,4288.3,4312.41,81225.5367
1757332800,"2025-09-08 12:00:00",4312.42,4384.06,4306.19,4371.64,105874.0459
1757347200,"2025-09-08 16:00:00",4371.64,4373.43,4284.44,4293,59748.4888
1757361600,"2025-09-08 20:00:00",4293,4332.5,4281.8,4306.37,42505.2367
1757376000,"2025-09-09 00:00:00",4306.36,4316.03,4276.76,4306.63,48368.7809
1757390400,"2025-09-09 04:00:00",4306.62,4381.87,4302.5,4361.53,87658.4546
1757404800,"2025-09-09 08:00:00",4361.53,4366.77,4342.16,4347.34,47693.0197
1757419200,"2025-09-09 12:00:00",4347.33,4367.44,4277.06,4284.94,150845.4071
1757433600,"2025-09-09 16:00:00",4284.94,4299.99,4278.13,4295,41784.0676
1757448000,"2025-09-09 20:00:00",4295,4319.67,4281,4310.09,29136.0522
1757462400,"2025-09-10 00:00:00",4310.08,4326.09,4285.1,4320.44,43917.563
1757476800,"2025-09-10 04:00:00",4320.45,4333.28,4294.92,4329.82,50979.881
1757491200,"2025-09-10 08:00:00",4329.83,4335.02,4309.5,4331.31,60442.2299
1757505600,"2025-09-10 12:00:00",4331.3,4453.57,4330,4404.9,204214.2372
1757520000,"2025-09-10 16:00:00",4404.9,4409.31,4300.59,4322.72,108167.4643
1757534400,"2025-09-10 20:00:00",4322.71,4355.7,4320.75,4349.32,38912.5344
1757548800,"2025-09-11 00:00:00",4349.33,4408,4338.82,4404.1,49171.4106
1757563200,"2025-09-11 04:00:00",4404.11,4450,4395.05,4440.41,80121.8045
1757577600,"2025-09-11 08:00:00",4440.4,4442.47,4406.3,4429.8,51898.3732
1757592000,"2025-09-11 12:00:00",4429.81,4481.09,4350.01,4412.52,178527.7981
1757606400,"2025-09-11 16:00:00",4412.52,4441.5,4407.4,4423.73,35769.3949
1757620800,"2025-09-11 20:00:00",4423.73,4469,4415.4,4458.82,45770.8836
1757635200,"2025-09-12 00:00:00",4458.83,4539,4450.71,4505.55,102293.7078
1757649600,"2025-09-12 04:00:00",4505.55,4563,4500.01,4525.81,72173.8339
1757664000,"2025-09-12 08:00:00",4525.81,4536.53,4504.5,4520.76,39122.7204
1757678400,"2025-09-12 12:00:00",4520.76,4571.24,4504.11,4541.98,80075.7928
1757692800,"2025-09-12 16:00:00",4541.99,4660,4533.69,4657.18,102055.1911
1757707200,"2025-09-12 20:00:00",4657.19,4748.4,4630.24,4712.16,115056.2942
1757721600,"2025-09-13 00:00:00",4712.16,4769.36,4691.85,4756.81,99948.8795
1757736000,"2025-09-13 04:00:00",4756.8,4756.91,4702.33,4711.7,53829.5804
1757750400,"2025-09-13 08:00:00",4711.7,4738.58,4709.01,4719.53,42906.5137
1757764800,"2025-09-13 12:00:00",4719.53,4730.18,4645,4653.92,92866.3813
1757779200,"2025-09-13 16:00:00",4653.92,4667.92,4605,4638.21,72101.4936
1757793600,"2025-09-13 20:00:00",4638.21,4672.94,4637.35,4666.53,32740.8384
1757808000,"2025-09-14 00:00:00",4666.54,4692.36,4650.44,4663.22,35235.7663
1757822400,"2025-09-14 04:00:00",4663.22,4681.47,4634,4650.58,28423.3555
1757836800,"2025-09-14 08:00:00",4650.58,4674.38,4626.68,4635,26149.13
1757851200,"2025-09-14 12:00:00",4634.99,4644.74,4576.89,4582.22,126074.0988
1757865600,"2025-09-14 16:00:00",4582.23,4629.27,4579.36,4615.47,36584.1214
1757880000,"2025-09-14 20:00:00",4615.46,4636.51,4598.46,4604.49,25777.8485
1757894400,"2025-09-15 00:00:00",4604.48,4643.57,4580.1,4636.2,40470.4038
1757908800,"2025-09-15 04:00:00",4636.2,4670.28,4587.9,4597.37,73965.8632
1757923200,"2025-09-15 08:00:00",4597.37,4597.37,4498.22,4530.65,130686.3861
1757937600,"2025-09-15 12:00:00",4530.66,4541.92,4466,4500.01,94350.6605
1757952000,"2025-09-15 16:00:00",4500.01,4514.28,4474.04,4493.41,48005.1889
1757966400,"2025-09-15 20:00:00",4493.41,4529.99,4488.49,4523.74,24813.4662
1757980800,"2025-09-16 00:00:00",4523.74,4538.25,4503,4520.78,23762.6618
1757995200,"2025-09-16 04:00:00",4520.77,4536.21,4487.53,4512.86,36219.6541
1758009600,"2025-09-16 08:00:00",4512.87,4531.35,4493.31,4501.26,29726.7817
1758024000,"2025-09-16 12:00:00",4501.26,4512.49,4424,4468.2,109689.5711
1758038400,"2025-09-16 16:00:00",4468.19,4510.51,4447.03,4491.21,64203.9793
1758052800,"2025-09-16 20:00:00",4491.22,4525.4,4483.61,4501.29,29704.4619
1758067200,"2025-09-17 00:00:00",4501.3,4553.02,4492.99,4497.79,44974.6362
1758081600,"2025-09-17 04:00:00",4497.79,4557.67,4464,4544.07,68978.6327
1758096000,"2025-09-17 08:00:00",4544.07,4545.81,4479,4491.64,35585.1247
1758110400,"2025-09-17 12:00:00",4491.64,4513.46,4467.36,4489.54,43543.3845
1758124800,"2025-09-17 16:00:00",4489.53,4533.31,4412,4517.62,201430.1583
1758139200,"2025-09-17 20:00:00",4517.62,4616.77,4486.74,4590.53,82469.5197
1758153600,"2025-09-18 00:00:00",4590.54,4644.47,4580.27,4614.42,64147.7225
1758168000,"2025-09-18 04:00:00",4614.42,4619.99,4553.7,4574.75,48241.4781
1758182400,"2025-09-18 08:00:00",4574.75,4607.76,4568.59,4576.12,36532.7406
1758196800,"2025-09-18 12:00:00",4576.12,4625,4558.15,4599.34,62066.7091
1758211200,"2025-09-18 16:00:00",4599.35,4636.22,4581.03,4588.23,54659.6496
1758225600,"2025-09-18 20:00:00",4588.24,4605.65,4570.61,4587.66,25012.0771
1758240000,"2025-09-19 00:00:00",4587.66,4620.72,4542.27,4549.98,46833.9789
1758254400,"2025-09-19 04:00:00",4549.98,4559.15,4518.33,4539.06,48598.3711
1758268800,"2025-09-19 08:00:00",4539.06,4549,4507.93,4513.8,35221.8394
1758283200,"2025-09-19 12:00:00",4513.79,4544.44,4445.64,4474.93,121002.2486
1758297600,"2025-09-19 16:00:00",4474.93,4489.21,4435.7,4440.68,52976.9531
1758312000,"2025-09-19 20:00:00",4440.68,4478.21,4438.4,4468.59,26977.7571
1758326400,"2025-09-20 00:00:00",4468.59,4475.91,4454.45,4465.52,17981.8216
1758340800,"2025-09-20 04:00:00",4465.52,4484.81,4462.82,4483.22,16057.3768
1758355200,"2025-09-20 08:00:00",4483.21,4483.21,4456.43,4469.96,16915.9373
1758369600,"2025-09-20 12:00:00",4469.96,4507.19,4463.41,4498.2,29833.4577
1758384000,"2025-09-20 16:00:00",4498.21,4508.71,4470,4480.18,34323.1909
1758398400,"2025-09-20 20:00:00",4480.18,4501.39,4478.23,4480.42,15670.1287
1758412800,"2025-09-21 00:00:00",4480.41,4490,4458,4478.26,23270.3085
1758427200,"2025-09-21 04:00:00",4478.26,4492.24,4466.9,4477.78,17415.038
1758441600,"2025-09-21 08:00:00",4477.78,4479.57,4444.34,4460.57,22522.2855
1758456000,"2025-09-21 12:00:00",4460.58,4486.4,4460.32,4482.8,23238.0389
1758470400,"2025-09-21 16:00:00",4482.8,4498.16,4464.59,4494.4,34203.4693
1758484800,"2025-09-21 20:00:00",4494.4,4494.41,4443,4444.97,28700.686
1758499200,"2025-09-22 00:00:00",4444.98,4455.76,4261.6,4305.87,197204.8652
1758513600,"2025-09-22 04:00:00",4305.87,4310.49,4077,4193.38,216713.4996
1758528000,"2025-09-22 08:00:00",4193.38,4207.35,4136.47,4181.62,106293.2083
1758542400,"2025-09-22 12:00:00",4181.63,4219.34,4159.16,4167.88,87845.1542
1758556800,"2025-09-22 16:00:00",4167.88,4183.28,4122,4134.98,66207.1206
1758571200,"2025-09-22 20:00:00",4134.99,4207.91,4134.34,4199.08,33979.3869
1758585600,"2025-09-23 00:00:00",4199.09,4211.56,4114.39,4188.01,62240.6868
1758600000,"2025-09-23 04:00:00",4188.02,4215.78,4154.44,4205.24,50387.0735
1758614400,"2025-09-23 08:00:00",4205.23,4229.03,4178.27,4192.08,49069.2995
1758628800,"2025-09-23 12:00:00",4192.09,4211.5,4161.87,4181.01,67923.3258
1758643200,"2025-09-23 16:00:00",4181.01,4207,4137.7,4153.43,56635.5887
1758657600,"2025-09-23 20:00:00",4153.43,4190.86,4139.53,4164.26,28971.9314
1758672000,"2025-09-24 00:00:00",4164.25,4194.37,4129.24,4147.51,60731.1373
1758686400,"2025-09-24 04:00:00",4147.51,4184.22,4073.74,4175.08,91708.3675
1758700800,"2025-09-24 08:00:00",4175.08,4198.34,4164.66,4182.08,41367.3825
1758715200,"2025-09-24 12:00:00",4182.08,4206.9,4145.96,4166.18,75410.2601
1758729600,"2025-09-24 16:00:00",4166.17,4194.42,4155,4161.5,46228.0265
1758744000,"2025-09-24 20:00:00",4161.5,4172.23,4131.2,4152.81,38220.3932
1758758400,"2025-09-25 00:00:00",4152.81,4161.04,4022,4062.78,146839.1013
1758772800,"2025-09-25 04:00:00",4062.77,4071.08,3966,4009.18,161897.2918
1758787200,"2025-09-25 08:00:00",4009.17,4052.81,3991.39,4002.51,95222.3112
1758801600,"2025-09-25 12:00:00",4002.51,4022.87,3924.12,4003.26,211278.3785
1758816000,"2025-09-25 16:00:00",4003.27,4006.77,3815,3911.59,229844.5748
1758830400,"2025-09-25 20:00:00",3911.59,3937.2,3850,3874.36,85246.0375
1758844800,"2025-09-26 00:00:00",3874.35,3971.09,3867.65,3965.32,100004.6252
1758859200,"2025-09-26 04:00:00",3965.33,3976.98,3906.09,3938.11,113344.8842
1758873600,"2025-09-26 08:00:00",3938.11,3944.58,3873,3906,64785.9249
1758888000,"2025-09-26 12:00:00",3906,3985.41,3875.71,3946,139542.1374
1758902400,"2025-09-26 16:00:00",3945.98,4068.3,3942.94,4024.07,120662.6594
1758916800,"2025-09-26 20:00:00",4024.08,4039.56,4005,4032.24,37370.8548
1758931200,"2025-09-27 00:00:00",4032.24,4032.44,4005.74,4019.41,28037.3209
1758945600,"2025-09-27 04:00:00",4019.4,4027.85,4006.38,4007.93,16424.5113
1758960000,"2025-09-27 08:00:00",4007.92,4017.9,3972.98,4002.16,39530.1331
1758974400,"2025-09-27 12:00:00",4002.15,4039.01,3994.77,4018.92,34659.9793
1758988800,"2025-09-27 16:00:00",4018.92,4019.88,3980.98,4002.45,37164.2545
1759003200,"2025-09-27 20:00:00",4002.45,4033.23,4000.9,4018.38,16877.0647
1759017600,"2025-09-28 00:00:00",4018.39,4031.75,3994.27,4002.74,22549.9823
1759032000,"2025-09-28 04:00:00",4002.73,4019.87,3996.24,4014.32,15964.0227
1759046400,"2025-09-28 08:00:00",4014.32,4016,3984.45,3992.39,24299.9091
1759060800,"2025-09-28 12:00:00",3992.39,4029.48,3966,4021.69,47406.3129
1759075200,"2025-09-28 16:00:00",4021.68,4055.12,4021.68,4039.45,49060.9871
1759089600,"2025-09-28 20:00:00",4039.46,4144.88,4035.58,4142.16,81050.6448
1759104000,"2025-09-29 00:00:00",4142.16,4146.38,4103.81,4121.8,41433.1935
1759118400,"2025-09-29 04:00:00",4121.8,4123.99,4088.15,4108.25,37102.3136
1759132800,"2025-09-29 08:00:00",4108.26,4141,4095,4103.21,58678.3125
1759147200,"2025-09-29 12:00:00",4103.21,4205.59,4082.25,4164.8,124528.7518
1759161600,"2025-09-29 16:00:00",4164.81,4193.44,4128.53,4188.32,69503.2107
1759176000,"2025-09-29 20:00:00",4188.32,4235.86,4182.07,4215.07,49482.8963
1759190400,"2025-09-30 00:00:00",4215.07,4245,4188.03,4198.68,53170.266
1759204800,"2025-09-30 04:00:00",4198.69,4206.85,4169.38,4182.13,57421.8089
1759219200,"2025-09-30 08:00:00",4182.12,4183.21,4134,4165.39,56698.7314
1759233600,"2025-09-30 12:00:00",4165.38,4175.95,4094.59,4119.87,73946.4531
1759248000,"2025-09-30 16:00:00",4119.88,4170.43,4092.1,4160.1,85179.584
1759262400,"2025-09-30 20:00:00",4160.11,4201.52,4116.64,4145.15,64709.7738
1759276800,"2025-10-01 00:00:00",4145.15,4174.63,4124.12,4128.66,48730.697
1759291200,"2025-10-01 04:00:00",4128.65,4156.79,4123.08,4145.8,40423.0346
1759305600,"2025-10-01 08:00:00",4145.8,4329,4142.92,4298.2,174933.893
1759320000,"2025-10-01 12:00:00",4298.21,4344,4280,4327.23,97899.3215
1759334400,"2025-10-01 16:00:00",4327.24,4340,4288.64,4334.53,79548.398
1759348800,"2025-10-01 20:00:00",4334.52,4355.46,4287.5,4348.03,65491.0381
1759363200,"2025-10-02 00:00:00",4348.03,4399.11,4332.73,4376.3,100457.8046
1759377600,"2025-10-02 04:00:00",4376.3,4423.35,4358.26,4375.78,100115.3105
1759392000,"2025-10-02 08:00:00",4375.77,4395.98,4369.32,4378.93,35078.555
1759406400,"2025-10-02 12:00:00",4378.92,4443,4335.74,4437.09,132455.0483
1759420800,"2025-10-02 16:00:00",4437.1,4516.74,4426.12,4495.61,116624.1945
1759435200,"2025-10-02 20:00:00",4495.62,4497.87,4457.27,4484.35,41680.2442
1759449600,"2025-10-03 00:00:00",4484.35,4560,4461.01,4500.59,75124.2742
1759464000,"2025-10-03 04:00:00",4500.59,4510.79,4454,4462.33,56599.2094
1759478400,"2025-10-03 08:00:00",4462.32,4495,4428,4478.45,56813.7237
1759492800,"2025-10-03 12:00:00",4478.46,4541.66,4436.26,4534.75,97652.2957
1759507200,"2025-10-03 16:00:00",4534.75,4591.59,4450.62,4519.48,163628.1193
1759521600,"2025-10-03 20:00:00",4519.49,4542.97,4493.72,4512.87,35866.4044
1759536000,"2025-10-04 00:00:00",4512.88,4516.91,4463.17,4487.06,42001.2332
1759550400,"2025-10-04 04:00:00",4487.07,4517.93,4479.66,4498.29,29248.0201
1759564800,"2025-10-04 08:00:00",4498.28,4503.9,4479.93,4483.83,26306.8309
1759579200,"2025-10-04 12:00:00",4483.84,4511.71,4441.34,4455.05,49716.961
1759593600,"2025-10-04 16:00:00",4455.08,4476.46,4440,4467.12,33938.1125
1759608000,"2025-10-04 20:00:00",4467.13,4494.5,4467.13,4487.15,18521.5511
1759622400,"2025-10-05 00:00:00",4487.16,4575,4467.05,4531.54,109994.6239
1759636800,"2025-10-05 04:00:00",4531.55,4615,4529,4605.97,122504.7734
1759651200,"2025-10-05 08:00:00",4605.98,4618.17,4523.45,4551.06,147092.095
1759665600,"2025-10-05 12:00:00",4551.07,4551.07,4526.74,4532,44543.8238
1759680000,"2025-10-05 16:00:00",4532,4540.71,4482.06,4487.26,56477.4501
1759694400,"2025-10-05 20:00:00",4487.26,4523.48,4474,4514.32,25975.1952
1759708800,"2025-10-06 00:00:00",4514.32,4552.44,4488.25,4537.08,65211.5851
1759723200,"2025-10-06 04:00:00",4537.09,4577.8,4509,4533.19,54394.5922
1759737600,"2025-10-06 08:00:00",4533.2,4593.65,4533.2,4571.71,55734.3992
1759752000,"2025-10-06 12:00:00",4571.71,4693.8,4570.25,4673.39,142820.9472
1759766400,"2025-10-06 16:00:00",4673.39,4733.18,4659.99,4722.62,82331.19
1759780800,"2025-10-06 20:00:00",4722.61,4735.93,4672.56,4684.01,55707.9391
1759795200,"2025-10-07 00:00:00",4684.02,4698.99,4663.71,4690.59,42932.2933
1759809600,"2025-10-07 04:00:00",4690.59,4730.94,4665.03,4678.19,70809.1724
1759824000,"2025-10-07 08:00:00",4678.2,4713.17,4638.92,4708.81,69221.7102
1759838400,"2025-10-07 12:00:00",4708.82,4755,4477.43,4511.99,272531.478
1759852800,"2025-10-07 16:00:00",4511.99,4524,4446.13,4479.44,129849.5741
1759867200,"2025-10-07 20:00:00",4479.48,4517.09,4430.43,4447.7,55341.7039
1759881600,"2025-10-08 00:00:00",4447.7,4498.22,4433.68,4443.6,63178.9578
1759896000,"2025-10-08 04:00:00",4443.59,4465.5,4410.08,4463.48,68889.5212
1759910400,"2025-10-08 08:00:00",4463.48,4506.85,4458.22,4487.3,58000.7768
1759924800,"2025-10-08 12:00:00",4487.3,4522.6,4437.08,4447.14,90304.2777
1759939200,"2025-10-08 16:00:00",4447.15,4558,4439,4515.27,94654.6396
1759953600,"2025-10-08 20:00:00",4515.28,4539.31,4500.18,4525.72,24876.1556
1759968000,"2025-10-09 00:00:00",4525.72,4531.52,4398.17,4450.8,95180.185
1759982400,"2025-10-09 04:00:00",4450.8,4460,4411,4426.6,53292.3234
1759996800,"2025-10-09 08:00:00",4426.6,4426.69,4320,4373.05,135485.784
1760011200,"2025-10-09 12:00:00",4373.06,4413.76,4291.82,4314.79,119759.5748
1760025600,"2025-10-09 16:00:00",4314.78,4344.33,4265.06,4338,77400.7073
1760040000,"2025-10-09 20:00:00",4338.03,4383,4327.89,4368.09,34859.6084
1760054400,"2025-10-10 00:00:00",4368.09,4393.63,4342.98,4347.13,50255.5122
1760068800,"2025-10-10 04:00:00",4347.12,4377.14,4315.23,4323.39,54577.6885
1760083200,"2025-10-10 08:00:00",4323.4,4351.27,4313.39,4343.02,37120.3316
1760097600,"2025-10-10 12:00:00",4343.02,4390.46,4073.55,4103.11,286824.6116
1760112000,"2025-10-10 16:00:00",4103.1,4138.52,3950.69,3997.56,226757.7565
1760126400,"2025-10-10 20:00:00",3997.56,4380,3435,3829.72,838435.124
1760140800,"2025-10-11 00:00:00",3829.72,3878.3,3726.16,3792.26,251247.2349
1760155200,"2025-10-11 04:00:00",3792.27,3831.98,3733.7,3758.81,144423.69
1760169600,"2025-10-11 08:00:00",3758.82,3857.24,3749.13,3839.99,133875.2131
1760184000,"2025-10-11 12:00:00",3839.99,3855.06,3786.07,3825.13,82809.6458
1760198400,"2025-10-11 16:00:00",3825.14,3848,3731.03,3760.61,73573.5841
1760212800,"2025-10-11 20:00:00",3760.61,3766.66,3643.33,3746.79,103956.2903
1760227200,"2025-10-12 00:00:00",3746.8,3819.22,3694.74,3781.61,118058.8167
1760241600,"2025-10-12 04:00:00",3781.62,3844.5,3776.27,3827.99,69518.8814
1760256000,"2025-10-12 08:00:00",3827.98,3866.6,3806.34,3820.36,74514.0971
1760270400,"2025-10-12 12:00:00",3820.36,4080,3793.56,4034.59,256836.9601
1760284800,"2025-10-12 16:00:00",4034.59,4170,4034.58,4135.68,162787.2256
1760299200,"2025-10-12 20:00:00",4135.68,4197.7,4080.7,4152.29,129592.1711
1760313600,"2025-10-13 00:00:00",4152.29,4220.89,4124.54,4139.78,110123.4734
1760328000,"2025-10-13 04:00:00",4139.79,4198,4116.07,4178.3,74789.9991
1760342400,"2025-10-13 08:00:00",4178.29,4195.52,4042.29,4080.39,97647.4599
1760356800,"2025-10-13 12:00:00",4080.38,4180,4056.57,4135,171122.2317
1760371200,"2025-10-13 16:00:00",4135.01,4271.12,4129.14,4251.96,113706.8192
1760385600,"2025-10-13 20:00:00",4251.96,4292,4236.08,4240.85,55423.9414
1760400000,"2025-10-14 00:00:00",4240.86,4263.38,4137.63,4153.56,86464.5703
1760414400,"2025-10-14 04:00:00",4153.56,4160.75,3965.56,3981.19,180870.118
1760428800,"2025-10-14 08:00:00",3981.19,4014.61,3888.74,3971.85,163117.091
1760443200,"2025-10-14 12:00:00",3971.85,4088.79,3893.77,4085.4,252159.6744
1760457600,"2025-10-14 16:00:00",4085.41,4164.62,4048.49,4102.94,222833.5711
1760472000,"2025-10-14 20:00:00",4102.96,4144.54,4072.69,4125.02,57551.741
1760486400,"2025-10-15 00:00:00",4125.01,4145.73,4060.11,4080.7,93684.7803
1760500800,"2025-10-15 04:00:00",4080.7,4129.37,4072,4122.04,88151.9759
1760515200,"2025-10-15 08:00:00",4122.03,4217.6,4087.78,4099.9,121592.3636
1760529600,"2025-10-15 12:00:00",4099.89,4107.14,3959.33,3980.97,153858.654
1760544000,"2025-10-15 16:00:00",3980.98,4013.17,3929.66,3983.21,97017.747
1760558400,"2025-10-15 20:00:00",3983.21,3996.16,3926.74,3985.61,71776.1758
1760572800,"2025-10-16 00:00:00",3985.61,4036.84,3976.07,4014.85,77531.3247
1760587200,"2025-10-16 04:00:00",4014.85,4049.88,3979.36,4004.3,60755.4021
1760601600,"2025-10-16 08:00:00",4004.31,4078.96,3940.66,4061.85,93961.8468
1760616000,"2025-10-16 12:00:00",4061.86,4086.49,3892,3907.18,169535.94
1760630400,"2025-10-16 16:00:00",3907.17,3967.6,3851.11,3867.01,167547.364
1760644800,"2025-10-16 20:00:00",3867.14,3898.05,3826.04,3894.51,74472.7387
1760659200,"2025-10-17 00:00:00",3894.5,3950.45,3888.24,3933.25,59225.1015
1760673600,"2025-10-17 04:00:00",3933.26,3935.97,3752.89,3756.49,163147.1128
1760688000,"2025-10-17 08:00:00",3756.49,3817.7,3674.5,3778.54,292369.7055
1760702400,"2025-10-17 12:00:00",3778.53,3811.42,3714,3797.75,163163.9584
1760716800,"2025-10-17 16:00:00",3797.76,3850.36,3779.01,3827.76,94686.0652
1760731200,"2025-10-17 20:00:00",3827.77,3883.17,3818.25,3831.57,57535.1451
1760745600,"2025-10-18 00:00:00",3831.58,3882.28,3819.07,3870.57,48438.1674
1760760000,"2025-10-18 04:00:00",3870.56,3927.73,3841.3,3892.43,55461.1391
1760774400,"2025-10-18 08:00:00",3892.44,3906,3861.98,3881.99,53646.381
1760788800,"2025-10-18 12:00:00",3881.99,3893.38,3848.81,3877.89,37468.74
1760803200,"2025-10-18 16:00:00",3877.9,3898.83,3853.16,3893.64,29362.9797
1760817600,"2025-10-18 20:00:00",3893.63,3908.94,3869.62,3889.21,26333.2049
1760832000,"2025-10-19 00:00:00",3889.2,3906.57,3855.7,3906.29,40481.777
1760846400,"2025-10-19 04:00:00",3906.3,3921.61,3873.91,3888.01,48962.1048
1760860800,"2025-10-19 08:00:00",3888.01,3955.6,3827.04,3923.82,115957.7122
1760875200,"2025-10-19 12:00:00",3923.82,4002.08,3908.17,3978.65,91707.6925
1760889600,"2025-10-19 16:00:00",3978.65,4026.95,3958.71,3985.75,70651.9888
1760904000,"2025-10-19 20:00:00",3985.75,4030.94,3970,3982.58,40776.9792
1760918400,"2025-10-20 00:00:00",3982.58,4038.88,3908.73,4026.9,79570.2181
1760932800,"2025-10-20 04:00:00",4026.9,4085.3,4023.07,4055.03,102258.7982
1760947200,"2025-10-20 08:00:00",4055.03,4070.92,4012.21,4035.02,73033.7035
1760961600,"2025-10-20 12:00:00",4035.03,4049.51,4002.07,4003.98,117292.0188
1760976000,"2025-10-20 16:00:00",4003.99,4003.99,3922,3981.36,111593.2246
1760990400,"2025-10-20 20:00:00",3981.36,4003.2,3971.01,3979.22,27634.3669
1761004800,"2025-10-21 00:00:00",3979.22,3985.76,3918.39,3922.66,50471.432
1761019200,"2025-10-21 04:00:00",3922.66,3922.66,3840.24,3892.95,91272.66
1761033600,"2025-10-21 08:00:00",3892.95,3897.77,3851,3890.07,46017.1815
1761048000,"2025-10-21 12:00:00",3890.06,4084.91,3852.06,4081.66,176194.3139
1761062400,"2025-10-21 16:00:00",4081.66,4110,3965.47,3995.69,143331.4531
1761076800,"2025-10-21 20:00:00",3995.7,4001.13,3858,3873.05,83350.2404
1761091200,"2025-10-22 00:00:00",3873.04,3889.27,3821.64,3859.57,73814.1182
1761105600,"2025-10-22 04:00:00",3859.58,3884.34,3838.31,3868.72,51818.2304
1761120000,"2025-10-22 08:00:00",3868.72,3868.91,3770.02,3829,84899.402
1761134400,"2025-10-22 12:00:00",3829.01,3876.92,3780.32,3841.76,179714.8431
1761148800,"2025-10-22 16:00:00",3841.76,3861.9,3784,3804,115522.1619
1761163200,"2025-10-22 20:00:00",3804,3816.5,3710,3805.53,87361.3349
1761177600,"2025-10-23 00:00:00",3805.53,3835.93,3796.54,3826.79,34230.4223
1761192000,"2025-10-23 04:00:00",3826.8,3897,3822.76,3881.01,59576.8113
1761206400,"2025-10-23 08:00:00",3881.02,3905.22,3859,3863.06,58633.7555
1761220800,"2025-10-23 12:00:00",3863.06,3887.35,3808.01,3876.94,185281.3843
1761235200,"2025-10-23 16:00:00",3876.95,3934.86,3845,3859.4,101157.9811
1761249600,"2025-10-23 20:00:00",3859.4,3860.1,3818.72,3856.8,38350.6636
1761264000,"2025-10-24 00:00:00",3856.8,3896,3845.86,3891,35863.7739
1761278400,"2025-10-24 04:00:00",3891,3989.2,3886.21,3949.22,86681.3532
1761292800,"2025-10-24 08:00:00",3949.22,3969.81,3925.83,3946.57,58504.1386
1761307200,"2025-10-24 12:00:00",3946.58,4026.39,3871.32,3888.92,164441.3184
1761321600,"2025-10-24 16:00:00",3888.92,3937.9,3866.43,3926.53,56593.0677
1761336000,"2025-10-24 20:00:00",3926.53,3945.23,3924.38,3934.88,23843.2865
1761350400,"2025-10-25 00:00:00",3934.88,3939.29,3912.4,3921.2,22578.8468
1761364800,"2025-10-25 04:00:00",3921.21,3960.57,3920.46,3928.92,29435.1292
1761379200,"2025-10-25 08:00:00",3928.93,3956.59,3927.7,3940.31,20459.0984
1761393600,"2025-10-25 12:00:00",3940.32,3956.41,3924.2,3932.71,24666.1248
1761408000,"2025-10-25 16:00:00",3932.72,3969.22,3927.74,3957.43,26582.6106
1761422400,"2025-10-25 20:00:00",3957.44,3964.76,3935.82,3953.82,14804.524
1761436800,"2025-10-26 00:00:00",3953.81,3961.87,3919.03,3931.82,29409.5093
1761451200,"2025-10-26 04:00:00",3931.82,3956.59,3928.83,3951.57,15902.0218
1761465600,"2025-10-26 08:00:00",3951.57,4054.97,3951.08,4044.99,81774.8231
1761480000,"2025-10-26 12:00:00",4044.98,4099.02,4040.66,4075.29,89022.6137
1761494400,"2025-10-26 16:00:00",4075.29,4080.25,4046.29,4067.94,37810.8531
1761508800,"2025-10-26 20:00:00",4067.94,4178.78,4054.11,4158.46,90778.2708
1761523200,"2025-10-27 00:00:00",4158.46,4225.55,4148.48,4205.08,94241.752
1761537600,"2025-10-27 04:00:00",4205.08,4253.72,4193.24,4201.36,78401.8513
1761552000,"2025-10-27 08:00:00",4201.36,4201.51,4133,4162.14,89992.0187
1761566400,"2025-10-27 12:00:00",4162.14,4188,4124.52,4172.96,95706.285
1761580800,"2025-10-27 16:00:00",4172.95,4233.48,4172.95,4193.96,60752.7981
1761595200,"2025-10-27 20:00:00",4193.95,4195.79,4095,4120.15,68036.524
1761609600,"2025-10-28 00:00:00",4120.16,4143.13,4069.8,4094.32,68080.5655
1761624000,"2025-10-28 04:00:00",4094.31,4127,4066.58,4117.24,46990.6463
1761638400,"2025-10-28 08:00:00",4117.25,4136.1,4104.23,4112.46,30177.84
1761652800,"2025-10-28 12:00:00",4112.45,4175.55,4071.28,4096.85,102498.671
1761667200,"2025-10-28 16:00:00",4096.86,4151.28,4027,4039.39,92255.2739
1761681600,"2025-10-28 20:00:00",4039.37,4042.49,3931.33,3979.2,132962.841
1761696000,"2025-10-29 00:00:00",3979.19,4008.89,3964.56,3997.66,40658.0185
1761710400,"2025-10-29 04:00:00",3997.66,4036.66,3996,4025.06,37966.5492
1761724800,"2025-10-29 08:00:00",4025.07,4027.17,3983.6,4011.01,41280.2623
1761739200,"2025-10-29 12:00:00",4011.01,4029.41,3941.61,3951.71,76342.3991
1761753600,"2025-10-29 16:00:00",3951.72,4018.46,3840.37,3905.71,221047.0208
1761768000,"2025-10-29 20:00:00",3905.7,3963.59,3874.01,3902.99,69158.0628
1761782400,"2025-10-30 00:00:00",3903,3948.74,3885.41,3934.58,44425.5166
1761796800,"2025-10-30 04:00:00",3934.58,3944.94,3839.5,3940.42,104896.3193
1761811200,"2025-10-30 08:00:00",3940.43,3940.43,3877.34,3881.1,41203.6122
1761825600,"2025-10-30 12:00:00",3881.1,3884.43,3758.37,3773.69,155241.5092
1761840000,"2025-10-30 16:00:00",3773.69,3802.37,3680.1,3686.93,126564.465
1761854400,"2025-10-30 20:00:00",3686.93,3807.21,3680,3805.09,59124.57
1761868800,"2025-10-31 00:00:00",3804.95,3860.79,3796.36,3829.16,57392.9838
1761883200,"2025-10-31 04:00:00",3829.16,3873.68,3821.67,3831.49,56050.6433
1761897600,"2025-10-31 08:00:00",3831.49,3883.13,3818.48,3874.01,45183.4569
1761912000,"2025-10-31 12:00:00",3874.01,3888,3831.95,3860.99,180403.514
1761926400,"2025-10-31 16:00:00",3860.99,3906.09,3804.74,3886.15,99468.1475
1761940800,"2025-10-31 20:00:00",3886.14,3893.29,3841.31,3847.99,40137.554
1761955200,"2025-11-01 00:00:00",3848,3864.43,3831,3861.38,21651.4808
1761969600,"2025-11-01 04:00:00",3861.38,3869.55,3852.96,3860.84,21459.9474
1761984000,"2025-11-01 08:00:00",3860.84,3882.94,3860.73,3877.79,25844.5104
1761998400,"2025-11-01 12:00:00",3877.79,3902,3858.11,3895.15,39015.657
1762012800,"2025-11-01 16:00:00",3895.15,3909.39,3862.92,3879.99,29432.8992
1762027200,"2025-11-01 20:00:00",3880,3891.6,3864.31,3873.77,15593.6678
1762041600,"2025-11-02 00:00:00",3873.78,3886.85,3861.71,3880.63,17627.7558
1762056000,"2025-11-02 04:00:00",3880.62,3918.23,3876.01,3906.73,30950.7174
1762070400,"2025-11-02 08:00:00",3906.73,3910.97,3853.76,3891.31,60294.5256
1762084800,"2025-11-02 12:00:00",3891.31,3895.41,3839.12,3853.33,46715.9245
1762099200,"2025-11-02 16:00:00",3853.32,3867.42,3840.64,3855.98,26684.7586
1762113600,"2025-11-02 20:00:00",3855.99,3916.27,3844.05,3906.58,33809.4723
1762128000,"2025-11-03 00:00:00",3906.58,3914.29,3728.09,3736.23,157359.3494
1762142400,"2025-11-03 04:00:00",3736.23,3765.46,3684,3714.58,125179.0758
1762156800,"2025-11-03 08:00:00",3714.54,3740,3662.88,3711.68,110785.3562
1762171200,"2025-11-03 12:00:00",3711.68,3748.64,3582.29,3588.89,253499.7906
1762185600,"2025-11-03 16:00:00",3588.89,3682.35,3564.13,3631.5,140180.7037
1762200000,"2025-11-03 20:00:00",3631.5,3636.69,3558.82,3603.83,90183.1095
1762214400,"2025-11-04 00:00:00",3603.84,3654.54,3567.27,3642.29,83473.0867
1762228800,"2025-11-04 04:00:00",3642.3,3647.95,3474.1,3494.56,288856.7767
1762243200,"2025-11-04 08:00:00",3494.56,3534,3460.3,3529.52,162419.5898
1762257600,"2025-11-04 12:00:00",3529.53,3587.66,3474,3507.58,184308.0177
1762272000,"2025-11-04 16:00:00",3507.59,3520.58,3226.16,3230.94,383940.2832
1762286400,"2025-11-04 20:00:00",3230.94,3304.49,3057,3287.05,465006.4838
1762300800,"2025-11-05 00:00:00",3287.05,3349.12,3166.66,3334.83,264027.8071
1762315200,"2025-11-05 04:00:00",3334.83,3354.6,3300.89,3331.08,81305.6097
1762329600,"2025-11-05 08:00:00",3331.09,3331.09,3274.54,3322.55,90433.4419
1762344000,"2025-11-05 12:00:00",3322.58,3399.19,3312.93,3398.36,145873.9775
1762358400,"2025-11-05 16:00:00",3398.37,3479.16,3370.82,3455.12,154429.2374
1762372800,"2025-11-05 20:00:00",3455.11,3480.46,3415.29,3424.29,73521.4396
1762387200,"2025-11-06 00:00:00",3424.29,3450.5,3375.13,3432.9,68886.5165
1762401600,"2025-11-06 04:00:00",3432.91,3456.46,3361,3380.42,80558.1783
1762416000,"2025-11-06 08:00:00",3380.4,3415,3366.99,3399.4,54543.3963
1762430400,"2025-11-06 12:00:00",3399.39,3404.78,3276.54,3300,155262.62
1762444800,"2025-11-06 16:00:00",3300,3352.37,3245.45,3325.8,149379.3244
1762459200,"2025-11-06 20:00:00",3325.86,3337.3,3287.77,3315.14,57733.6648
1762473600,"2025-11-07 00:00:00",3315.14,3365.32,3276.19,3345.12,92798.2841
1762488000,"2025-11-07 04:00:00",3345.12,3369.99,3319.59,3358.42,60593.1717
1762502400,"2025-11-07 08:00:00",3358.41,3360.67,3225.36,3259.97,95364.1996
1762516800,"2025-11-07 12:00:00",3259.97,3318.35,3194.2,3297.52,212483.9211
1762531200,"2025-11-07 16:00:00",3297.52,3450,3273.99,3443.6,152410.0563
1762545600,"2025-11-07 20:00:00",3443.6,3473,3430.23,3436.05,69767.7526
1762560000,"2025-11-08 00:00:00",3436.04,3467.64,3405.87,3454.19,61736.2906
1762574400,"2025-11-08 04:00:00",3454.18,3488,3418.6,3447.9,53657.0514
1762588800,"2025-11-08 08:00:00",3447.89,3473.42,3407,3413.03,40732.1757
1762603200,"2025-11-08 12:00:00",3413.02,3417.58,3370.36,3376.79,64962.4349
1762617600,"2025-11-08 16:00:00",3376.8,3408.16,3355.58,3389.35,48446.5338
1762632000,"2025-11-08 20:00:00",3389.34,3415.62,3381.09,3401.51,21997.8017
1762646400,"2025-11-09 00:00:00",3401.51,3403.97,3358.66,3375.8,32973.5859
1762660800,"2025-11-09 04:00:00",3375.8,3427.37,3370.19,3422.78,60679.8222
1762675200,"2025-11-09 08:00:00",3422.79,3435.13,3382.35,3428.37,67792.0122
1762689600,"2025-11-09 12:00:00",3428.38,3563.65,3424.64,3515.51,159673.4919
1762704000,"2025-11-09 16:00:00",3515.52,3580,3501.63,3580,64347.9999
1762718400,"2025-11-09 20:00:00",3580,3623.25,3562.38,3583.46,78631.1399
1762732800,"2025-11-10 00:00:00",3583.46,3658.98,3553.52,3627.47,122599.1998
1762747200,"2025-11-10 04:00:00",3627.48,3631.51,3589.46,3609.09,63239.7137
1762761600,"2025-11-10 08:00:00",3609.09,3631.32,3586.02,3610.57,72187.4013
1762776000,"2025-11-10 12:00:00",3610.57,3622.14,3508,3519.46,145646.9436
1762790400,"2025-11-10 16:00:00",3519.45,3576.1,3507.3,3558.55,142424.231
1762804800,"2025-11-10 20:00:00",3558.55,3584.04,3529.41,3567.85,49175.5404
1762819200,"2025-11-11 00:00:00",3567.85,3648.27,3552.84,3606.1,131855.9133
1762833600,"2025-11-11 04:00:00",3606.11,3610.48,3532.2,3544.67,125970.7804
1762848000,"2025-11-11 08:00:00",3544.67,3587.05,3543.55,3574.14,80646.1818
1762862400,"2025-11-11 12:00:00",3574.15,3594.33,3467.21,3481.1,159227.8319
1762876800,"2025-11-11 16:00:00",3481.11,3500.59,3446.02,3456.81,86290.0998
1762891200,"2025-11-11 20:00:00",3456.81,3461.79,3405.24,3417.76,76292.4675
1762905600,"2025-11-12 00:00:00",3417.76,3456.06,3410,3439.1,72507.7037
1762920000,"2025-11-12 04:00:00",3439.11,3458.07,3424.58,3428.23,68170.8257
1762934400,"2025-11-12 08:00:00",3428.24,3570.06,3428.24,3549.38,83166.3548
1762948800,"2025-11-12 12:00:00",3549.37,3588.19,3418.6,3427.85,138971.3904
1762963200,"2025-11-12 16:00:00",3427.85,3454.65,3371.65,3407.99,139071.2411
1762977600,"2025-11-12 20:00:00",3408,3439.62,3392,3414.92,51214.4211
1762992000,"2025-11-13 00:00:00",3414.91,3473.48,3377.68,3452.86,108782.8089
1763006400,"2025-11-13 04:00:00",3452.86,3565.84,3434.03,3538.74,124524.6547
1763020800,"2025-11-13 08:00:00",3538.74,3550,3476.06,3501.95,78146.7771
1763035200,"2025-11-13 12:00:00",3501.94,3511.31,3367.03,3386.85,187531.838
1763049600,"2025-11-13 16:00:00",3386.84,3398.24,3175.83,3197.69,312803.0433
1763064000,"2025-11-13 20:00:00",3197.69,3272.3,3154.22,3231.54,140200.0127
1763078400,"2025-11-14 00:00:00",3231.55,3251.88,3186.2,3227.93,122991.5222
1763092800,"2025-11-14 04:00:00",3227.94,3241.32,3104.66,3215.59,212560.654
1763107200,"2025-11-14 08:00:00",3215.6,3219.39,3116.82,3144.35,102244.5895
1763121600,"2025-11-14 12:00:00",3144.34,3234.49,3070,3196.7,278131.435
1763136000,"2025-11-14 16:00:00",3196.7,3256.71,3155,3207.86,95128.5571
1763150400,"2025-11-14 20:00:00",3207.87,3213.22,3090,3112.4,79389.3913
1763164800,"2025-11-15 00:00:00",3112.4,3194,3110.68,3179.16,62288.3831
1763179200,"2025-11-15 04:00:00",3179.17,3191.65,3159.03,3176.55,33474.0807
1763193600,"2025-11-15 08:00:00",3176.56,3177.98,3134.23,3152.52,39200.489
1763208000,"2025-11-15 12:00:00",3152.52,3197.37,3147.37,3186.05,47939.6289
1763222400,"2025-11-15 16:00:00",3186.05,3230,3162.78,3197.88,120649.7057
1763236800,"2025-11-15 20:00:00",3197.89,3200.68,3152.75,3167.88,34911.1908
1763251200,"2025-11-16 00:00:00",3167.87,3210,3131.78,3202.97,48534.5986
1763265600,"2025-11-16 04:00:00",3202.95,3220.62,3187.03,3219.55,31570.6106
1763280000,"2025-11-16 08:00:00",3219.54,3249,3160.36,3168.64,59004.6391
1763294400,"2025-11-16 12:00:00",3168.64,3182.6,3099.23,3105.44,112729.6532
1763308800,"2025-11-16 16:00:00",3105.45,3128,3026,3091.09,194474.7026
1763323200,"2025-11-16 20:00:00",3091.09,3117.21,3004,3095.29,124319.3768
1763337600,"2025-11-17 00:00:00",3095.29,3180.42,3069,3176.6,80383.5547
1763352000,"2025-11-17 04:00:00",3176.59,3208.52,3165.93,3198.44,63583.8256
1763366400,"2025-11-17 08:00:00",3198.44,3223.38,3179.88,3204.12,65732.1978
1763380800,"2025-11-17 12:00:00",3204.12,3210.88,3095.09,3121.04,189831.2757
1763395200,"2025-11-17 16:00:00",3121.04,3142.56,2972.88,2982.27,229892.4268
1763409600,"2025-11-17 20:00:00",2982.27,3032.53,2959.46,3031.44,133077.1483
1763424000,"2025-11-18 00:00:00",3031.44,3050.05,2946.56,3023.97,189127.367
1763438400,"2025-11-18 04:00:00",3023.97,3034.5,2958.08,3024.44,140899.4305
1763452800,"2025-11-18 08:00:00",3024.44,3074.45,3024.44,3058.01,116556.0331
1763467200,"2025-11-18 12:00:00",3058,3123.69,3022.09,3106.87,158180.756
1763481600,"2025-11-18 16:00:00",3106.87,3169.95,3099.39,3146.02,122085.9485
1763496000,"2025-11-18 20:00:00",3146.01,3150.43,3097.21,3123.66,39790.5707
1763510400,"2025-11-19 00:00:00",3123.65,3125.54,3069.59,3073.02,65254.2784
1763524800,"2025-11-19 04:00:00",3073.01,3087.71,2992.23,3084.96,105860.61
1763539200,"2025-11-19 08:00:00",3084.97,3112.55,3053.55,3083.51,68846.4676
1763553600,"2025-11-19 12:00:00",3083.51,3108.76,2967,2973.16,164573.8974
1763568000,"2025-11-19 16:00:00",2973.15,3000,2873.64,2881.66,207908.6399
1763582400,"2025-11-19 20:00:00",2881.66,3027.88,2875,3025.48,125482.8213
1763596800,"2025-11-20 00:00:00",3025.48,3058,3004.41,3038.98,87568.1898
1763611200,"2025-11-20 04:00:00",3038.99,3063.61,3006.89,3039.43,69770.7841
1763625600,"2025-11-20 08:00:00",3039.44,3044.75,2993.91,3023.98,63213.0443
1763640000,"2025-11-20 12:00:00",3023.99,3049.58,2952.39,2955.68,143692.7894
1763654400,"2025-11-20 16:00:00",2955.65,2961.28,2790.01,2847.9,451454.189
1763668800,"2025-11-20 20:00:00",2847.89,2905.93,2819.55,2834.22,96825.3752
1763683200,"2025-11-21 00:00:00",2834.21,2886.73,2772.84,2809.18,117232.8956
1763697600,"2025-11-21 04:00:00",2809.17,2832.66,2669,2720.17,282092.7968
1763712000,"2025-11-21 08:00:00",2720.17,2754.48,2663.01,2688.42,218825.5422
1763726400,"2025-11-21 12:00:00",2688.42,2781.83,2623.57,2705.32,294361.2964
1763740800,"2025-11-21 16:00:00",2705.31,2806.84,2675,2752.24,185971.9748
1763755200,"2025-11-21 20:00:00",2752.23,2777.01,2708.55,2765.85,81990.9027
1763769600,"2025-11-22 00:00:00",2765.86,2784.12,2739.76,2752.27,39805.8515
1763784000,"2025-11-22 04:00:00",2752.27,2771,2726.66,2756.21,43047.8794
1763798400,"2025-11-22 08:00:00",2756.21,2756.36,2704.33,2735.16,50191.6518
1763812800,"2025-11-22 12:00:00",2735.16,2754.45,2711.01,2738.92,49892.9894
1763827200,"2025-11-22 16:00:00",2738.92,2759.02,2735.2,2750.65,41469.8761
1763841600,"2025-11-22 20:00:00",2750.65,2799.01,2733.72,2770.12,40283.0607
1763856000,"2025-11-23 00:00:00",2770.12,2834.33,2768.29,2824.77,67882.0772
1763870400,"2025-11-23 04:00:00",2824.77,2852.17,2777.2,2793.7,96029.1604
1763884800,"2025-11-23 08:00:00",2793.7,2823.98,2793.69,2815.54,33197.5905
1763899200,"2025-11-23 12:00:00",2815.54,2858.16,2810.12,2836.5,100156.8545
1763913600,"2025-11-23 16:00:00",2836.49,2846.8,2786.63,2822.7,60022.7023
1763928000,"2025-11-23 20:00:00",2822.7,2845,2794.74,2802.16,52520.1885
1763942400,"2025-11-24 00:00:00",2802.16,2867.46,2763,2856.44,110955.2142
1763956800,"2025-11-24 04:00:00",2856.45,2885.75,2802.87,2830.27,98647.9404
1763971200,"2025-11-24 08:00:00",2830.26,2843.09,2788,2803.41,85563.0091
1763985600,"2025-11-24 12:00:00",2803.4,2860.37,2785.04,2846.47,128886.2566
1764000000,"2025-11-24 16:00:00",2846.47,2979.63,2842.82,2959,228159.1109
1764014400,"2025-11-24 20:00:00",2959,2987,2947.77,2953.38,63068.2239
1764028800,"2025-11-25 00:00:00",2953.38,2953.38,2904.39,2911.99,55807.6755
1764043200,"2025-11-25 04:00:00",2911.99,2943.03,2901.75,2902.77,44848.2311
1764057600,"2025-11-25 08:00:00",2902.77,2909.18,2865.09,2891.01,72825.3165
1764072000,"2025-11-25 12:00:00",2891.01,2934,2857.32,2895.45,106635.5734
1764086400,"2025-11-25 16:00:00",2895.46,2958.53,2872.09,2922.95,79721.8356
1764100800,"2025-11-25 20:00:00",2922.96,2980.82,2907.42,2959.36,67847.8207
1764115200,"2025-11-26 00:00:00",2959.36,2984,2922.08,2927.2,60791.5726
1764129600,"2025-11-26 04:00:00",2927.19,2954.67,2921.11,2944.52,43870.3746
1764144000,"2025-11-26 08:00:00",2944.52,2949.27,2902.12,2914,38855.2939
1764158400,"2025-11-26 12:00:00",2913.99,2947.4,2888.69,2927.41,69609.6989
1764172800,"2025-11-26 16:00:00",2927.4,3045,2926.37,3032.28,112464.2424
1764187200,"2025-11-26 20:00:00",3032.28,3035.91,3008.53,3026.56,38944.1436
1764201600,"2025-11-27 00:00:00",3026.56,3071.37,3004.61,3033.53,73556.5834
1764216000,"2025-11-27 04:00:00",3033.53,3053.98,3017.45,3033.9,33999.8307
1764230400,"2025-11-27 08:00:00",3033.89,3044.73,3017.78,3028.54,31351.503
1764244800,"2025-11-27 12:00:00",3028.54,3030.49,2985.78,3010.97,65626.4194
1764259200,"2025-11-27 16:00:00",3010.97,3039.99,3004.83,3032.02,41934.8963
1764273600,"2025-11-27 20:00:00",3032.01,3044.44,3003.88,3015.23,28511.1627
1764288000,"2025-11-28 00:00:00",3015.23,3023.97,2994.36,3008.63,38314.6775
1764302400,"2025-11-28 04:00:00",3008.64,3028.94,3000.7,3001.91,43556.1352
1764316800,"2025-11-28 08:00:00",3001.9,3077.77,3001.59,3034.02,74468.9509
1764331200,"2025-11-28 12:00:00",3034.02,3099,3026.32,3073.77,82965.601
1764345600,"2025-11-28 16:00:00",3073.78,3074.4,3011.22,3050,79747.0269
1764360000,"2025-11-28 20:00:00",3049.99,3059.48,3020.57,3031.15,27563.636
1764374400,"2025-11-29 00:00:00",3031.14,3052.64,3017.73,3022.6,24555.3461
1764388800,"2025-11-29 04:00:00",3022.61,3045.6,2992.5,3004.9,42551.9966
1764403200,"2025-11-29 08:00:00",3004.9,3011.41,2986.09,2999.82,37596.1744
1764417600,"2025-11-29 12:00:00",2999.82,3014.09,2986.4,3007.41,44737.3526
1764432000,"2025-11-29 16:00:00",3007.41,3011.31,2961.91,2988.47,54342.1646
1764446400,"2025-11-29 20:00:00",2988.47,2999.17,2982.49,2989.16,14121.096
1764460800,"2025-11-30 00:00:00",2989.17,3012.29,2975.3,3001.69,22703.9647
1764475200,"2025-11-30 04:00:00",3001.68,3008.9,2985.69,3005.22,14470.8245
1764489600,"2025-11-30 08:00:00",3005.22,3018.48,2999.94,3003.36,23291.3467
1764504000,"2025-11-30 12:00:00",3003.37,3053.02,3000.34,3028.69,60797.768
1764518400,"2025-11-30 16:00:00",3028.69,3049.34,3028.24,3034.71,26922.0897
1764532800,"2025-11-30 20:00:00",3034.71,3041.14,2989.06,2991.26,34536.4317
1764547200,"2025-12-01 00:00:00",2991.25,2999.47,2813.2,2825.77,199403.7391
1764561600,"2025-12-01 04:00:00",2825.77,2844.11,2806.71,2840.21,66691.2571
1764576000,"2025-12-01 08:00:00",2840.21,2854.35,2828.62,2838.35,154411.9934
1764590400,"2025-12-01 12:00:00",2838.36,2840.31,2716.04,2745.72,228178.0282
1764604800,"2025-12-01 16:00:00",2745.73,2758.02,2719.73,2740.8,92163.4609
1764619200,"2025-12-01 20:00:00",2740.8,2819.35,2739.89,2799.07,108154.5122
1764633600,"2025-12-02 00:00:00",2799.07,2825.11,2782.81,2804.55,40929.9746
1764648000,"2025-12-02 04:00:00",2804.55,2815.88,2796.88,2805.65,30185.3366
1764662400,"2025-12-02 08:00:00",2805.66,2834.5,2782.19,2826.18,41716.9565
1764676800,"2025-12-02 12:00:00",2826.18,3024.98,2816.82,3006.61,243912.6653
1764691200,"2025-12-02 16:00:00",3006.61,3033.76,2987.19,3015.83,104569.563
1764705600,"2025-12-02 20:00:00",3015.84,3021.27,2972.35,2996.07,62392.8626
1764720000,"2025-12-03 00:00:00",2996.07,3048,2985.58,3030.75,51276.0073
1764734400,"2025-12-03 04:00:00",3030.74,3085.56,3029.59,3057.44,83611.9153
1764748800,"2025-12-03 08:00:00",3057.44,3080,3043.75,3073.23,45464.5888
1764763200,"2025-12-03 12:00:00",3073.23,3145.68,3030.42,3086.12,172616.4318
1764777600,"2025-12-03 16:00:00",3086.13,3142.15,3064.36,3128.2,76818.9822
1764792000,"2025-12-03 20:00:00",3128.2,3214.99,3117,3188.36,123881.8892
1764806400,"2025-12-04 00:00:00",3188.39,3240.35,3174.19,3210.13,85059.4744
1764820800,"2025-12-04 04:00:00",3210.12,3219.62,3170.47,3190.1,76321.0501
1764835200,"2025-12-04 08:00:00",3190.1,3208.63,3175.51,3186.55,41332.4332
1764849600,"2025-12-04 12:00:00",3186.55,3224.38,3139.72,3208.15,109395.5365
1764864000,"2025-12-04 16:00:00",3208.15,3225,3066.37,3119.27,123840.9066
1764878400,"2025-12-04 20:00:00",3119.26,3152.07,3105.9,3133.26,50748.9979
1764892800,"2025-12-05 00:00:00",3133.26,3193.33,3132.45,3170.98,43830.0206
1764907200,"2025-12-05 04:00:00",3170.98,3182.88,3152,3173.94,36417.0727
1764921600,"2025-12-05 08:00:00",3173.95,3173.95,3107.82,3131.38,87970.9676
1764936000,"2025-12-05 12:00:00",3131.38,3157.99,3082.75,3106.34,131005.0997
1764950400,"2025-12-05 16:00:00",3106.35,3108.73,2983.08,3038.49,180132.3301
1764964800,"2025-12-05 20:00:00",3038.5,3049.34,3006.78,3021.78,51027.4079
1764979200,"2025-12-06 00:00:00",3021.77,3046.3,3012.58,3040.31,25507.0265
1764993600,"2025-12-06 04:00:00",3040.31,3042.78,3024.35,3026.25,18352.2563
1765008000,"2025-12-06 08:00:00",3026.25,3042,3013.25,3038.99,20383.7777
1765022400,"2025-12-06 12:00:00",3038.98,3069,3026.5,3041.69,43669.9804
1765036800,"2025-12-06 16:00:00",3041.69,3066.62,3025,3030.44,33248.8274
1765051200,"2025-12-06 20:00:00",3030.45,3054.31,3026.16,3038.06,18559.3805
1765065600,"2025-12-07 00:00:00",3038.06,3056.97,3032.47,3053.92,15546.9343
1765080000,"2025-12-07 04:00:00",3053.93,3058.01,3031.21,3037.29,13660.3566
1765094400,"2025-12-07 08:00:00",3037.28,3043.69,3024.07,3035.77,22816.8639
1765108800,"2025-12-07 12:00:00",3035.77,3053.49,2907.52,3027.01,146482.4681
1765123200,"2025-12-07 16:00:00",3027,3150,2999.63,3137.92,123703.2987
1765137600,"2025-12-07 20:00:00",3137.91,3147.36,3013.73,3059.85,68919.7534
1765152000,"2025-12-08 00:00:00",3059.86,3134.73,3040.87,3111.01,62439.9004
1765166400,"2025-12-08 04:00:00",3111.01,3140.5,3108.53,3134.31,65181.9052
1765180800,"2025-12-08 08:00:00",3134.31,3180.51,3125.1,3142.25,67113.0422
1765195200,"2025-12-08 12:00:00",3142.25,3178.42,3088.83,3101.54,125289.7961
1765209600,"2025-12-08 16:00:00",3101.54,3133,3075.38,3118.64,89209.1247
1765224000,"2025-12-08 20:00:00",3118.65,3153,3112.88,3124.16,43586.4521
1765238400,"2025-12-09 00:00:00",3124.16,3143.5,3090.8,3129.26,42586.4215
1765252800,"2025-12-09 04:00:00",3129.27,3131.42,3095.12,3123,45669.3221
1765267200,"2025-12-09 08:00:00",3123,3130,3093,3118.35,28056.408
1765281600,"2025-12-09 12:00:00",3118.35,3256.88,3098.58,3245.88,155154.1408
1765296000,"2025-12-09 16:00:00",3245.88,3397.85,3245.63,3357.88,241671.7299
1765310400,"2025-12-09 20:00:00",3357.87,3361.41,3285,3318.04,90721.9235
1765324800,"2025-12-10 00:00:00",3318.04,3328.2,3288.1,3309.73,45078.3976
1765339200,"2025-12-10 04:00:00",3309.73,3334.66,3306.92,3327.21,42144.1814
1765353600,"2025-12-10 08:00:00",3327.21,3376,3296.99,3318.39,73454.6194
1765368000,"2025-12-10 12:00:00",3318.39,3339.14,3304.45,3328.25,64308.9848
1765382400,"2025-12-10 16:00:00",3328.25,3435,3320.72,3390.71,186919.8911
1765396800,"2025-12-10 20:00:00",3390.67,3447.44,3317.37,3324.14,127679.3792
1765411200,"2025-12-11 00:00:00",3324.14,3327.37,3167.07,3191.42,138432.0124
1765425600,"2025-12-11 04:00:00",3191.42,3216.16,3180.93,3201.51,49737.3218
1765440000,"2025-12-11 08:00:00",3201.52,3213,3178,3192.75,38704.27
1765454400,"2025-12-11 12:00:00",3192.75,3210,3145.28,3179.25,92491.4111
1765468800,"2025-12-11 16:00:00",3179.24,3234.25,3155,3194.51,90002.7899
1765483200,"2025-12-11 20:00:00",3194.52,3273.4,3186.36,3237.39,94746.4339
1765497600,"2025-12-12 00:00:00",3237.38,3265.5,3185.2,3245.49,51913.2954
1765512000,"2025-12-12 04:00:00",3245.49,3265,3232.79,3246.55,34036.654
1765526400,"2025-12-12 08:00:00",3246.55,3255.7,3225.92,3242.59,38271.9698
1765540800,"2025-12-12 12:00:00",3242.59,3251.31,3058.12,3071.41,143185.8142
1765555200,"2025-12-12 16:00:00",3071.4,3099.88,3045.31,3073.74,142541.9537
1765569600,"2025-12-12 20:00:00",3073.74,3096.16,3067.61,3084.86,25736.7564
1765584000,"2025-12-13 00:00:00",3084.86,3095.24,3078.6,3089.85,16683.0837
1765598400,"2025-12-13 04:00:00",3089.86,3095.85,3084.11,3094.72,13025.1563
1765612800,"2025-12-13 08:00:00",3094.72,3135.68,3092.59,3119.35,35477.1325
1765627200,"2025-12-13 12:00:00",3119.36,3127.8,3095.12,3109.63,25324.4748
1765641600,"2025-12-13 16:00:00",3109.63,3116.37,3096.05,3108.41,23595.4427
1765656000,"2025-12-13 20:00:00",3108.41,3119.79,3079,3114.64,22360.4667
1765670400,"2025-12-14 00:00:00",3114.64,3129.54,3103.49,3118.96,17318.8749
1765684800,"2025-12-14 04:00:00",3118.97,3122.1,3104.59,3115.3,12759.8668
1765699200,"2025-12-14 08:00:00",3115.3,3119.9,3050.01,3084.84,55728.5888
1765713600,"2025-12-14 12:00:00",3084.84,3108.18,3070.42,3084.51,46359.2301
1765728000,"2025-12-14 16:00:00",3084.51,3107.89,3074.29,3093.71,88491.9595
1765742400,"2025-12-14 20:00:00",3093.71,3097.1,3024.44,3063.5,58399.8344
1765756800,"2025-12-15 00:00:00",3063.49,3150.92,3056.7,3108.68,68229.9045
1765771200,"2025-12-15 04:00:00",3108.68,3145,3104.02,3128.9,34378.0894
1765785600,"2025-12-15 08:00:00",3128.91,3177.5,3125.86,3156.73,45866.4503
1765800000,"2025-12-15 12:00:00",3156.73,3159.14,2986.05,3010.96,165313.3397
1765814400,"2025-12-15 16:00:00",3010.97,3017.77,2894.57,2940.3,146722.7896
1765828800,"2025-12-15 20:00:00",2940.29,2969.29,2916.67,2964.85,59999.382
1765843200,"2025-12-16 00:00:00",2964.85,2978.26,2922.64,2937,50152.4495
1765857600,"2025-12-16 04:00:00",2936.99,2951.45,2876,2924.11,65694.2387
1765872000,"2025-12-16 08:00:00",2924.1,2964.14,2920.02,2957.93,50801.8701
1765886400,"2025-12-16 12:00:00",2957.93,2981.87,2886.75,2963.31,117771.3622
1765900800,"2025-12-16 16:00:00",2963.31,2968,2912.15,2945.58,70556.5322
1765915200,"2025-12-16 20:00:00",2945.57,2965.73,2938.08,2962.3,23316.6632
1765929600,"2025-12-17 00:00:00",2962.3,2974.27,2938.38,2947.8,21063.3951
1765944000,"2025-12-17 04:00:00",2947.8,2953.98,2913.95,2947.92,40306.4414
1765958400,"2025-12-17 08:00:00",2947.92,2947.92,2908.56,2928.71,28398.9424
1765972800,"2025-12-17 12:00:00",2928.71,3030.92,2886.8,2904.66,202478.3788
1765987200,"2025-12-17 16:00:00",2904.65,2925.59,2791.02,2820.28,155552.7194
1766001600,"2025-12-17 20:00:00",2820.28,2837.8,2798,2833.49,49830.5391
1766016000,"2025-12-18 00:00:00",2833.5,2847.65,2821.34,2832.06,30115.801
1766030400,"2025-12-18 04:00:00",2832.06,2841.76,2822.98,2836.45,25308.1925
1766044800,"2025-12-18 08:00:00",2836.45,2864.46,2831.99,2859.09,30684.1722
1766059200,"2025-12-18 12:00:00",2859.1,2997.4,2854.47,2965.19,215481.281
1766073600,"2025-12-18 16:00:00",2965.19,2967.48,2775.19,2781.93,205062.6339
1766088000,"2025-12-18 20:00:00",2781.92,2838.25,2779.76,2828.57,88601.7191
1766102400,"2025-12-19 00:00:00",2828.56,2935,2808.63,2909.01,123898.4272
1766116800,"2025-12-19 04:00:00",2909,2984.33,2907.09,2951.73,96960.5859
1766131200,"2025-12-19 08:00:00",2951.72,2971.57,2938.01,2964.96,43082.5898
1766145600,"2025-12-19 12:00:00",2964.97,3020,2943.13,2964.99,149054.673
1766160000,"2025-12-19 16:00:00",2964.99,3007.06,2936.3,2985.02,93755.7291
1766174400,"2025-12-19 20:00:00",2985.02,3003.02,2974.72,2979.5,24950.5389
1766188800,"2025-12-20 00:00:00",2979.49,2994.41,2970.98,2989.41,12846.4551
1766203200,"2025-12-20 04:00:00",2989.42,2990.8,2964.17,2981.24,17802.9144
1766217600,"2025-12-20 08:00:00",2981.24,2990.2,2975.14,2987.13,14432.6945
1766232000,"2025-12-20 12:00:00",2987.14,2993.8,2967.44,2977.27,25699.3196
1766246400,"2025-12-20 16:00:00",2977.26,2981.4,2974.34,2978.05,13056.8688
1766260800,"2025-12-20 20:00:00",2978.06,2985.94,2972.85,2977.93,7945.521
1766275200,"2025-12-21 00:00:00",2977.93,2981.43,2961.42,2972.81,21624.4873
1766289600,"2025-12-21 04:00:00",2972.8,2982.54,2971.75,2981.09,6058.0404
1766304000,"2025-12-21 08:00:00",2981.09,3013.4,2977.61,2996.52,37511.9829
1766318400,"2025-12-21 12:00:00",2996.52,3005.46,2944,2974.68,47803.6499
1766332800,"2025-12-21 16:00:00",2974.69,2997.96,2967.74,2991.18,24256.6751
1766347200,"2025-12-21 20:00:00",2991.19,3012.27,2970.75,3002.02,24989.9711
1766361600,"2025-12-22 00:00:00",3002.03,3060.55,2972.48,3021.52,67518.0299
1766376000,"2025-12-22 04:00:00",3021.53,3042.87,3020,3029.67,23753.1837
1766390400,"2025-12-22 08:00:00",3029.66,3058.38,3025.11,3049.04,35463.9382
1766404800,"2025-12-22 12:00:00",3049.05,3077.39,3022.35,3052.59,70632.5652
1766419200,"2025-12-22 16:00:00",3052.59,3059.42,2974.23,2980.44,55772.3856
1766433600,"2025-12-22 20:00:00",2980.44,3015.37,2963.43,3009.49,45303.4607
1766448000,"2025-12-23 00:00:00",3009.48,3035.79,2971.56,2991.8,52521.8213
1766462400,"2025-12-23 04:00:00",2991.81,2999.97,2944.79,2964.89,70774.1346
1766476800,"2025-12-23 08:00:00",2964.88,2975.35,2952.26,2973.63,22052.4785
1766491200,"2025-12-23 12:00:00",2973.63,2974.47,2900.93,2928.59,96611.7545
1766505600,"2025-12-23 16:00:00",2928.59,2966.56,2908.95,2943.92,66566.6724
1766520000,"2025-12-23 20:00:00",2943.95,2988.44,2940.89,2965.02,77938.8857
1766534400,"2025-12-24 00:00:00",2965.03,2978.15,2921.03,2945.75,37427.1687
1766548800,"2025-12-24 04:00:00",2945.75,2958.73,2917.12,2932.68,35394.642
1766563200,"2025-12-24 08:00:00",2932.69,2939.84,2914.35,2925.02,29363.6813
1766577600,"2025-12-24 12:00:00",2925.02,2938.73,2888.7,2925.55,44957.6081
1766592000,"2025-12-24 16:00:00",2925.54,2954.39,2921.37,2945.72,32340.0522
1766606400,"2025-12-24 20:00:00",2945.73,2962.96,2941.73,2947.47,17552.4075
1766620800,"2025-12-25 00:00:00",2947.48,2956.89,2936.89,2947.15,13645.1601
1766635200,"2025-12-25 04:00:00",2947.16,2948.15,2938.12,2941.56,17963.7439
1766649600,"2025-12-25 08:00:00",2941.57,2946.82,2912,2924.88,26993.2817
1766664000,"2025-12-25 12:00:00",2924.88,2971.46,2920,2961.14,50360.9413
1766678400,"2025-12-25 16:00:00",2961.14,2967.65,2943.75,2956.41,40199.7035
1766692800,"2025-12-25 20:00:00",2956.41,2956.58,2891.2,2903.95,39558.4676
1766707200,"2025-12-26 00:00:00",2903.9,2994.38,2894.26,2964.92,85472.0655
1766721600,"2025-12-26 04:00:00",2964.92,2993.27,2952.59,2956.83,56536.7528
1766736000,"2025-12-26 08:00:00",2956.83,2976.53,2954.76,2964.75,27704.0127
1766750400,"2025-12-26 12:00:00",2964.76,2985.89,2894.49,2923.19,102372.8741
1766764800,"2025-12-26 16:00:00",2923.2,2935.12,2906.98,2925.99,29323.5571
1766779200,"2025-12-26 20:00:00",2925.99,2938.83,2921.49,2927.99,13421.7367
1766793600,"2025-12-27 00:00:00",2928,2933.7,2921.33,2933.4,12504.4062
1766808000,"2025-12-27 04:00:00",2933.39,2938,2928.11,2933.27,9579.6222
1766822400,"2025-12-27 08:00:00",2933.27,2940.79,2917.25,2930.88,22992.0865
1766836800,"2025-12-27 12:00:00",2930.88,2933.85,2925.25,2926.5,11659.5727
1766851200,"2025-12-27 16:00:00",2926.5,2930.82,2917.13,2930.82,12392.4561
1766865600,"2025-12-27 20:00:00",2930.81,2960.89,2928.89,2949.05,25912.2519
1766880000,"2025-12-28 00:00:00",2949.05,2951.86,2941.14,2943.58,13874.2237
1766894400,"2025-12-28 04:00:00",2943.57,2947.07,2929.5,2939,12300.1573
1766908800,"2025-12-28 08:00:00",2938.99,2947.34,2931.56,2944.09,18702.5796
1766923200,"2025-12-28 12:00:00",2944.09,2961.23,2937.78,2949.46,33669.6711
1766937600,"2025-12-28 16:00:00",2949.47,2954.72,2924.54,2933.61,29530.2686
1766952000,"2025-12-28 20:00:00",2933.6,2955.5,2928.89,2950.91,20757.2387
1766966400,"2025-12-29 00:00:00",2950.91,3048.45,2944.54,3043.75,101995.3642
1766980800,"2025-12-29 04:00:00",3043.75,3057.78,3010.74,3019.51,103030.9462
1766995200,"2025-12-29 08:00:00",3019.51,3026.51,2956.89,2959.91,84829.1665
1767009600,"2025-12-29 12:00:00",2959.9,2965.85,2910.25,2935.75,119862.5897
1767024000,"2025-12-29 16:00:00",2935.75,2946,2914.03,2932.48,51908.4218
1767038400,"2025-12-29 20:00:00",2932.47,2944.24,2926.04,2937.9,24332.694
1767052800,"2025-12-30 00:00:00",2937.91,2956,2919.44,2951.91,30076.5563
1767067200,"2025-12-30 04:00:00",2951.92,2959,2937.39,2950.79,26514.3134
1767081600,"2025-12-30 08:00:00",2950.79,3003.66,2950.2,2978.88,59053.3564
1767096000,"2025-12-30 12:00:00",2978.88,3009.8,2958.88,2989.77,93742.7732
1767110400,"2025-12-30 16:00:00",2989.78,2995.28,2944.76,2971.56,54745.6584
1767124800,"2025-12-30 20:00:00",2971.56,2975.96,2954.28,2973.69,22450.6302
1767139200,"2025-12-31 00:00:00",2973.69,2984.86,2961.89,2970.69,20321.8507
1767153600,"2025-12-31 04:00:00",2970.68,2980,2968.92,2976.98,17669.201
1767168000,"2025-12-31 08:00:00",2976.97,3003.64,2963.91,3002.2,54160.4918
1767182400,"2025-12-31 12:00:00",3002.2,3028.08,2968,2985.76,77365.9324
1767196800,"2025-12-31 16:00:00",2985.76,2997.4,2958.91,2971.15,38835.5156
1767211200,"2025-12-31 20:00:00",2971.16,2984.86,2963.43,2971.64,25376.5972
1767225600,"2026-01-01 00:00:00",2971.65,2988.96,2971.15,2980,14277.7037
1767240000,"2026-01-01 04:00:00",2979.99,2983.79,2972.99,2978.53,24119.3745
1767254400,"2026-01-01 08:00:00",2978.52,2993.2,2977.8,2989.69,18658.7012
1767268800,"2026-01-01 12:00:00",2989.7,2994.87,2977.74,2989.87,24220.7859
1767283200,"2026-01-01 16:00:00",2989.87,3005.98,2980.75,2995.42,28557.2596
1767297600,"2026-01-01 20:00:00",2995.42,3010,2987.54,3004.19,26254.6958
1767312000,"2026-01-02 00:00:00",3004.19,3035,2992.49,3022.53,40245.6068
1767326400,"2026-01-02 04:00:00",3022.53,3039.54,3009.02,3018.33,25581.588
1767340800,"2026-01-02 08:00:00",3018.32,3069.71,3015.95,3047.82,67146.8837
1767355200,"2026-01-02 12:00:00",3047.81,3109,3020.79,3086.64,103779.6548
1767369600,"2026-01-02 16:00:00",3086.64,3150.01,3079.23,3123.62,103511.24
1767384000,"2026-01-02 20:00:00",3123.63,3146,3111.52,3125.45,29626.2716
1767398400,"2026-01-03 00:00:00",3125.46,3136.71,3119.26,3125.56,21639.9351
1767412800,"2026-01-03 04:00:00",3125.56,3127.79,3076,3090.5,37848.5768
1767427200,"2026-01-03 08:00:00",3090.49,3110.56,3083.86,3098.49,24186.4409
1767441600,"2026-01-03 12:00:00",3098.5,3114.61,3093.47,3101.31,21597.531
1767456000,"2026-01-03 16:00:00",3101.32,3118.55,3098.33,3113.13,13958.2898
1767470400,"2026-01-03 20:00:00",3113.13,3131,3107.49,3127.11,15174.4522
1767484800,"2026-01-04 00:00:00",3127.11,3167.22,3126.35,3147.36,48314.7056
1767499200,"2026-01-04 04:00:00",3147.36,3163.19,3133.57,3141.29,39164.635
1767513600,"2026-01-04 08:00:00",3141.29,3148.3,3126,3139.54,25325.4415
1767528000,"2026-01-04 12:00:00",3139.55,3147.26,3118.75,3135.55,25571.0536
1767542400,"2026-01-04 16:00:00",3135.55,3143.6,3118.98,3132.72,22056.3594
1767556800,"2026-01-04 20:00:00",3132.72,3155.85,3130.85,3144.7,21143.8735
1767571200,"2026-01-05 00:00:00",3144.71,3220.82,3143.54,3185.86,78748.0623
1767585600,"2026-01-05 04:00:00",3185.86,3188.35,3135.31,3157.33,46393.4312
1767600000,"2026-01-05 08:00:00",3157.24,3183.64,3153.12,3180.27,35017.8247
1767614400,"2026-01-05 12:00:00",3180.28,3205,3135.02,3195.57,75457.2182
1767628800,"2026-01-05 16:00:00",3195.58,3229.99,3159.48,3223.07,84699.9838
1767643200,"2026-01-05 20:00:00",3223.07,3265.66,3220,3224.99,62130.1416
1767657600,"2026-01-06 00:00:00",3224.99,3247.3,3203.34,3225.1,41660.2045
1767672000,"2026-01-06 04:00:00",3225.1,3253.76,3211.37,3219.24,43424.5658
1767686400,"2026-01-06 08:00:00",3219.24,3242.98,3214.52,3238.08,31791.5748
1767700800,"2026-01-06 12:00:00",3238.09,3308.86,3230,3272.32,128299.7324
1767715200,"2026-01-06 16:00:00",3272.31,3279.36,3183.27,3223.57,114076.954
1767729600,"2026-01-06 20:00:00",3223.57,3301.6,3223.11,3296.84,53250.4751
1767744000,"2026-01-07 00:00:00",3296.83,3296.84,3239.44,3266.83,42293.9943
1767758400,"2026-01-07 04:00:00",3266.84,3271.81,3246.75,3255.31,22149.3916
1767772800,"2026-01-07 08:00:00",3255.31,3263.37,3196.23,3220.24,64927.4387
1767787200,"2026-01-07 12:00:00",3220.25,3229.05,3144.37,3164.7,91685.5827
1767801600,"2026-01-07 16:00:00",3164.71,3179.69,3125.42,3146.02,58204.1941
1767816000,"2026-01-07 20:00:00",3146.02,3181.78,3128.13,3168.72,42089.5211
1767830400,"2026-01-08 00:00:00",3168.72,3184.39,3133.56,3142.88,39920.8253
1767844800,"2026-01-08 04:00:00",3142.88,3161.24,3090.04,3128.28,59556.3234
1767859200,"2026-01-08 08:00:00",3128.29,3136.56,3096.68,3121.24,46446.0065
1767873600,"2026-01-08 12:00:00",3121.25,3121.49,3054.65,3104.2,115339.8326
1767888000,"2026-01-08 16:00:00",3104.19,3140,3090.2,3111.53,53648.4349
1767902400,"2026-01-08 20:00:00",3111.53,3130.38,3089.39,3106.65,28704.6778
1767916800,"2026-01-09 00:00:00",3106.66,3148.41,3081.34,3119.6,49958.428
1767931200,"2026-01-09 04:00:00",3119.6,3125.71,3110.39,3111.2,17294.1278
1767945600,"2026-01-09 08:00:00",3111.21,3115.37,3067.44,3090.36,40427.3691
1767960000,"2026-01-09 12:00:00",3090.36,3143,3058.69,3112.08,86674.2014
1767974400,"2026-01-09 16:00:00",3112.08,3145.45,3068.94,3080.6,56163.5771
1767988800,"2026-01-09 20:00:00",3080.6,3093.35,3065.23,3088.4,24069.7499
1768003200,"2026-01-10 00:00:00",3088.4,3094.61,3080.1,3086.51,10803.586
1768017600,"2026-01-10 04:00:00",3086.51,3093.38,3077.99,3092.77,20280.0951
1768032000,"2026-01-10 08:00:00",3092.77,3104.12,3087.37,3096.99,19119.5953
1768046400,"2026-01-10 12:00:00",3096.99,3104.01,3088.81,3095.64,12501.0934
1768060800,"2026-01-10 16:00:00",3095.63,3099.37,3090.08,3092.12,8420.0952
1768075200,"2026-01-10 20:00:00",3092.13,3093.3,3078.71,3086.72,11216.5896
1768089600,"2026-01-11 00:00:00",3086.72,3097.53,3084.46,3096.78,6690.1603
1768104000,"2026-01-11 04:00:00",3096.78,3102.42,3090,3095.32,10462.9255
1768118400,"2026-01-11 08:00:00",3095.32,3109.78,3092.7,3105.22,16569.4584
1768132800,"2026-01-11 12:00:00",3105.22,3131,3105,3118.22,35550.031
1768147200,"2026-01-11 16:00:00",3118.22,3147.27,3115.63,3124.36,36016.8437
1768161600,"2026-01-11 20:00:00",3124.36,3126.15,3092.59,3123.45,44091.8776
1768176000,"2026-01-12 00:00:00",3123.46,3171.49,3097.24,3152.55,72306.4411
1768190400,"2026-01-12 04:00:00",3152.56,3166.9,3133.52,3135.34,25464.2607
1768204800,"2026-01-12 08:00:00",3135.33,3147.62,3101.48,3115.43,40245.0871
1768219200,"2026-01-12 12:00:00",3115.43,3133.52,3065.55,3130.17,73683.7355
1768233600,"2026-01-12 16:00:00",3130.17,3146.66,3083.5,3121.83,57077.6791
1768248000,"2026-01-12 20:00:00",3121.82,3127.75,3083.54,3095.75,28596.2646
1768262400,"2026-01-13 00:00:00",3095.75,3119.01,3091.96,3116.14,22531.1335
1768276800,"2026-01-13 04:00:00",3116.14,3146.55,3112.46,3122.01,38274.2613
1768291200,"2026-01-13 08:00:00",3122,3148.33,3122,3133.95,33910.3954
1768305600,"2026-01-13 12:00:00",3133.95,3188.47,3130,3184.41,96545.2406
1768320000,"2026-01-13 16:00:00",3184.41,3218.61,3172,3215.9,73955.9338
1768334400,"2026-01-13 20:00:00",3215.91,3367.79,3190.56,3325.82,192565.317
1768348800,"2026-01-14 00:00:00",3325.83,3357.56,3315.15,3351.95,85543.415
1768363200,"2026-01-14 04:00:00",3351.94,3364.64,3322.01,3335.78,63136.2459
1768377600,"2026-01-14 08:00:00",3335.78,3342.64,3282.59,3286.22,58774.1212
1768392000,"2026-01-14 12:00:00",3286.22,3362.17,3280.48,3345.81,107556.326
1768406400,"2026-01-14 16:00:00",3345.81,3402.89,3315.51,3367.42,136432.6272
1768420800,"2026-01-14 20:00:00",3367.42,3392.94,3347.83,3354.92,51997.3406
1768435200,"2026-01-15 00:00:00",3354.92,3355.8,3278,3286.55,57564.0628
1768449600,"2026-01-15 04:00:00",3286.56,3335.15,3284.84,3330,36938.0988
1768464000,"2026-01-15 08:00:00",3329.99,3378.75,3320.17,3349.96,56429.5116
1768478400,"2026-01-15 12:00:00",3349.96,3384.19,3285.79,3330.65,109387.0046
1768492800,"2026-01-15 16:00:00",3330.66,3337.56,3273.72,3295.48,95663.6814
1768507200,"2026-01-15 20:00:00",3295.47,3323.32,3276.7,3318.69,34011.4768
1768521600,"2026-01-16 00:00:00",3318.7,3326.79,3291.89,3295.21,26232.6895
1768536000,"2026-01-16 04:00:00",3295.22,3316.99,3277.04,3309.41,39155.7934
1768550400,"2026-01-16 08:00:00",3309.42,3319.97,3293.33,3301.94,24987.7787
1768564800,"2026-01-16 12:00:00",3301.94,3318.61,3253.01,3264.18,65806.1923
1768579200,"2026-01-16 16:00:00",3264.17,3288.42,3259.83,3276.94,40718.886
1768593600,"2026-01-16 20:00:00",3276.94,3299.89,3264.42,3296.28,27020.4477
1768608000,"2026-01-17 00:00:00",3296.28,3297.34,3283.96,3289.32,11302.5507
1768622400,"2026-01-17 04:00:00",3289.33,3294.12,3285.99,3291.57,8025.4566
1768636800,"2026-01-17 08:00:00",3291.56,3305.32,3289.01,3302.72,19466.0816
1768651200,"2026-01-17 12:00:00",3302.72,3330.07,3299.77,3329.95,42521.6103
1768665600,"2026-01-17 16:00:00",3329.95,3330.26,3312.22,3316.36,27286.9449
1768680000,"2026-01-17 20:00:00",3316.36,3320.33,3297.44,3310.56,15722.3862
1768694400,"2026-01-18 00:00:00",3310.56,3319.5,3296.34,3316.16,14955.0073
1768708800,"2026-01-18 04:00:00",3316.15,3318.36,3306.4,3307.3,19441.7668
1768723200,"2026-01-18 08:00:00",3307.3,3326.2,3303.52,3322,26425.7891
1768737600,"2026-01-18 12:00:00",3322,3347.75,3314.64,3333.99,32494.8908
1768752000,"2026-01-18 16:00:00",3334,3368.82,3330.05,3346.56,28977.7552
1768766400,"2026-01-18 20:00:00",3346.56,3356.26,3278.86,3284.03,51059.0934
1768780800,"2026-01-19 00:00:00",3284.04,3284.58,3177.68,3212.29,189671.1361
1768795200,"2026-01-19 04:00:00",3212.28,3218.02,3187.88,3207.47,86267.3546
1768809600,"2026-01-19 08:00:00",3207.47,3231.27,3197.3,3223.91,62305.8434
1768824000,"2026-01-19 12:00:00",3223.91,3236.26,3202.85,3216.21,39678.1061
1768838400,"2026-01-19 16:00:00",3216.2,3227.17,3208.5,3219.95,20446.9647
1768852800,"2026-01-19 20:00:00",3219.95,3225.43,3165.38,3189.55,44171.1547
1768867200,"2026-01-20 00:00:00",3189.56,3200.5,3175.53,3188.67,31249.1524
1768881600,"2026-01-20 04:00:00",3188.68,3189.23,3109.37,3123.37,92886.9592
1768896000,"2026-01-20 08:00:00",3123.37,3123.84,3085.17,3109.88,80416.5277
1768910400,"2026-01-20 12:00:00",3109.88,3115,2995.33,3032.99,151528.8906
1768924800,"2026-01-20 16:00:00",3033,3042.92,2980.11,2996.49,80445.9788
1768939200,"2026-01-20 20:00:00",2996.49,3007.22,2920,2939.88,81638.97
1768953600,"2026-01-21 00:00:00",2939.88,2984.64,2921.89,2981.76,52743.8817
1768968000,"2026-01-21 04:00:00",2981.75,3002,2966,2970.6,43953.8509
1768982400,"2026-01-21 08:00:00",2970.6,2974.87,2938,2943,47857.5216
1768996800,"2026-01-21 12:00:00",2943,3026.83,2902,3002.69,152744.3548
1769011200,"2026-01-21 16:00:00",3002.69,3069.07,2866.11,3055.56,209234.4299
1769025600,"2026-01-21 20:00:00",3055.55,3057.72,2972.69,2982.27,71266.2092
1769040000,"2026-01-22 00:00:00",2982.28,3038.33,2980.73,3013.41,40907.9309
1769054400,"2026-01-22 04:00:00",3013.41,3027.9,3000.4,3000.94,30603.7031
1769068800,"2026-01-22 08:00:00",3000.94,3016.4,2977.22,2986.8,36510.9344
1769083200,"2026-01-22 12:00:00",2986.8,3010.18,2906.02,2942.01,106579.0097
1769097600,"2026-01-22 16:00:00",2942.02,2972.76,2923.99,2953.94,48457.5714
1769112000,"2026-01-22 20:00:00",2953.94,2959.16,2930.15,2952.69,28601.5854
1769126400,"2026-01-23 00:00:00",2952.7,2972.08,2946.22,2964.42,22069.3863
1769140800,"2026-01-23 04:00:00",2964.42,2984.71,2935.31,2948.49,46545.6544
1769155200,"2026-01-23 08:00:00",2948.58,2951.34,2914.93,2940.68,56738.2502
1769169600,"2026-01-23 12:00:00",2940.68,2965.06,2892.4,2952.75,74272.5747
1769184000,"2026-01-23 16:00:00",2952.66,3019.26,2938.46,2959.8,94167.9053
1769198400,"2026-01-23 20:00:00",2959.79,2963.69,2930.42,2956.41,24621.5608
1769212800,"2026-01-24 00:00:00",2956.41,2970.41,2949.27,2962.72,19180.1792
1769227200,"2026-01-24 04:00:00",2962.72,2966.86,2953.99,2957.34,16552.4734
1769241600,"2026-01-24 08:00:00",2957.34,2964.98,2954.77,2961.18,7645.161
1769256000,"2026-01-24 12:00:00",2961.17,2968.08,2943.84,2957.25,21086.4614
1769270400,"2026-01-24 16:00:00",2957.25,2968.49,2952.23,2953.93,14150.0816
1769284800,"2026-01-24 20:00:00",2953.94,2964.55,2949.23,2953.22,13468.5473
1769299200,"2026-01-25 00:00:00",2953.23,2960.29,2937.5,2942.6,14633.9687
1769313600,"2026-01-25 04:00:00",2942.59,2949.36,2935.01,2939.57,15127.5126
1769328000,"2026-01-25 08:00:00",2939.58,2948.11,2921,2937.54,26614.8719
1769342400,"2026-01-25 12:00:00",2937.54,2945.37,2922.08,2926.81,24962.6202
1769356800,"2026-01-25 16:00:00",2926.82,2927.78,2797.2,2812.96,193895.4063
1769371200,"2026-01-25 20:00:00",2812.96,2825.72,2787,2816.89,104952.1529
1769385600,"2026-01-26 00:00:00",2816.9,2898.76,2812.37,2850.68,103456.7027
1769400000,"2026-01-26 04:00:00",2850.69,2911.61,2849.91,2904.32,70449.5297
1769414400,"2026-01-26 08:00:00",2904.32,2934.4,2880.5,2892.15,58700.9528
1769428800,"2026-01-26 12:00:00",2892.15,2951.21,2875.77,2899.32,115201.556
1769443200,"2026-01-26 16:00:00",2899.32,2936.06,2885.97,2923.12,66316.68
1769457600,"2026-01-26 20:00:00",2923.11,2945.32,2895.82,2930.35,71043.916
1769472000,"2026-01-27 00:00:00",2930.35,2948.88,2912.44,2941.18,58753.8705
1769486400,"2026-01-27 04:00:00",2941.17,2957.04,2924.35,2929.11,52881.5063
1769500800,"2026-01-27 08:00:00",2929.11,2932.65,2899.77,2917.02,55309.1442
1769515200,"2026-01-27 12:00:00",2917.03,2943.63,2905.93,2937.45,67431.6111
1769529600,"2026-01-27 16:00:00",2937.46,2998.52,2918.09,2980.48,130629.9434
1769544000,"2026-01-27 20:00:00",2980.48,3035.08,2978.92,3026.77,113786.3233
1769558400,"2026-01-28 00:00:00",3026.77,3029.79,2996.55,3005.18,26992.6585
1769572800,"2026-01-28 04:00:00",3005.18,3018.33,2992.89,3005.07,34894.0853
1769587200,"2026-01-28 08:00:00",3005.07,3045.36,2986.59,3039.72,57899.7112
1769601600,"2026-01-28 12:00:00",3039.71,3045.78,2983.67,3008.25,79326.4621
1769616000,"2026-01-28 16:00:00",3008.25,3031.68,2989.41,3016.6,64622.6941
1769630400,"2026-01-28 20:00:00",3016.6,3038.45,2996.66,3010.78,32872.0437
1769644800,"2026-01-29 00:00:00",3010.78,3013.5,2944.48,2952.52,54242.7483
1769659200,"2026-01-29 04:00:00",2952.52,2965.69,2937.55,2961.54,30942.7833
1769673600,"2026-01-29 08:00:00",2961.54,2969.79,2923.77,2929.29,46623.7633
1769688000,"2026-01-29 12:00:00",2929.29,2939,2797.01,2824.32,140222.2492
1769702400,"2026-01-29 16:00:00",2824.31,2860.05,2754.53,2797.53,242269.3264
1769716800,"2026-01-29 20:00:00",2797.53,2827.59,2789.39,2822.59,46987.7274
1769731200,"2026-01-30 00:00:00",2822.6,2828.65,2689,2741.11,182314.4807
1769745600,"2026-01-30 04:00:00",2741.12,2774.83,2696.82,2740.16,103133.5444
1769760000,"2026-01-30 08:00:00",2740.17,2768.78,2710,2759.88,65278.2179
1769774400,"2026-01-30 12:00:00",2759.87,2766.53,2693.42,2729.47,123239.403
1769788800,"2026-01-30 16:00:00",2729.46,2761.46,2636.01,2742.4,205002.4188
1769803200,"2026-01-30 20:00:00",2742.39,2742.87,2664.82,2707.38,114311.5604
1769817600,"2026-01-31 00:00:00",2707.37,2714.64,2684.67,2695.86,31607.4725
1769832000,"2026-01-31 04:00:00",2695.86,2704.82,2668.2,2680.06,36477.2886
1769846400,"2026-01-31 08:00:00",2680.06,2683.49,2609.85,2640.72,101951.5948
1769860800,"2026-01-31 12:00:00",2640.72,2644.43,2510.01,2534.2,226209.6577
1769875200,"2026-01-31 16:00:00",2534.2,2551.26,2250,2382.82,562612.3808
1769889600,"2026-01-31 20:00:00",2382.83,2473.77,2355.24,2451.95,154239.3188
1769904000,"2026-02-01 00:00:00",2451.96,2475.98,2429.15,2445.46,92986.2376
1769918400,"2026-02-01 04:00:00",2445.46,2454.66,2393.46,2411.22,122634.216
1769932800,"2026-02-01 08:00:00",2411.22,2438.98,2376.1,2411.86,99830.5142
1769947200,"2026-02-01 12:00:00",2411.86,2412.47,2285.4,2315.39,215369.1339
1769961600,"2026-02-01 16:00:00",2315.47,2377.99,2284.17,2320.35,236454.4214
1769976000,"2026-02-01 20:00:00",2320.35,2349.24,2222,2270.15,259299.4235
1769990400,"2026-02-02 00:00:00",2270.16,2324.17,2166.14,2239.02,298359.9131
1770004800,"2026-02-02 04:00:00",2239.01,2268,2157.14,2228.93,301794.9407
1770019200,"2026-02-02 08:00:00",2228.93,2319,2228.93,2282.32,202430.0447
1770033600,"2026-02-02 12:00:00",2282.32,2396.62,2274.19,2372.71,260831.0106
1770048000,"2026-02-02 16:00:00",2372.71,2387.31,2327.68,2331.54,123749.5713
1770062400,"2026-02-02 20:00:00",2331.52,2355.55,2313.33,2347.02,61369.731
1770076800,"2026-02-03 00:00:00",2347.01,2359.88,2284.48,2344.03,92480.3296
1770091200,"2026-02-03 04:00:00",2343.99,2354.99,2298.44,2323.12,142937.5961
1770105600,"2026-02-03 08:00:00",2323.13,2332.57,2262.15,2276.68,125794.6591
1770120000,"2026-02-03 12:00:00",2276.68,2317.65,2251.94,2303.2,165687.0223
1770134400,"2026-02-03 16:00:00",2303.21,2303.4,2110,2205.28,499560.1202
1770148800,"2026-02-03 20:00:00",2205.27,2343.82,2188.25,2233.72,294639.6594
1770163200,"2026-02-04 00:00:00",2233.72,2295.74,2223.88,2283.37,94160.573
1770177600,"2026-02-04 04:00:00",2283.37,2293.99,2256,2283.85,78151.7651
1770192000,"2026-02-04 08:00:00",2283.84,2285.9,2221.47,2254.86,132402.8161
1770206400,"2026-02-04 12:00:00",2254.86,2263.3,2136.6,2151.83,322528.0764
1770220800,"2026-02-04 16:00:00",2151.84,2194.71,2076.68,2188.27,475231.0228
1770235200,"2026-02-04 20:00:00",2188.26,2192.7,2088.01,2148.26,162269.1766
1770249600,"2026-02-05 00:00:00",2148.25,2173.77,2097.94,2110,173253.3499
1770264000,"2026-02-05 04:00:00",2110,2125.26,2068.2,2091.4,232556.1529
1770278400,"2026-02-05 08:00:00",2091.5,2149.75,2061.96,2079.98,171883.2094
1770292800,"2026-02-05 12:00:00",2079.98,2106.51,1927.33,1961.12,487545.3296
1770307200,"2026-02-05 16:00:00",1961.12,2018.33,1913.76,1928.76,377522.1496
1770321600,"2026-02-05 20:00:00",1928.78,1943.06,1818.18,1826.83,509526.5037
1770336000,"2026-02-06 00:00:00",1826.83,1947.84,1747.8,1891.82,467955.4557
1770350400,"2026-02-06 04:00:00",1891.81,1975.75,1885.95,1899.42,267768.456
1770364800,"2026-02-06 08:00:00",1899.41,1939.35,1866.13,1932.68,372603.6313
1770379200,"2026-02-06 12:00:00",1932.67,2002.18,1914.88,1980.81,347876.9294
1770393600,"2026-02-06 16:00:00",1980.8,2090.13,1970.17,2065.63,408242.2928
1770408000,"2026-02-06 20:00:00",2065.63,2093.94,2039.93,2063.38,237864.7921
1770422400,"2026-02-07 00:00:00",2063.37,2086,2032.6,2080.81,123773.1219
1770436800,"2026-02-07 04:00:00",2080.8,2119.46,1994.57,2027.1,180822.7462
1770451200,"2026-02-07 08:00:00",2027.1,2032.6,1999.57,2018.77,90171.0894
1770465600,"2026-02-07 12:00:00",2018.77,2075.21,2009.82,2052.54,171743.7573
1770480000,"2026-02-07 16:00:00",2052.55,2121.7,2009.54,2091.29,500380.4324
1770494400,"2026-02-07 20:00:00",2091.29,2115,2073,2087.08,75725.3015
1770508800,"2026-02-08 00:00:00",2087.08,2107.44,2076.86,2078.77,55846.2385
1770523200,"2026-02-08 04:00:00",2078.78,2090.01,2064.1,2084.41,81901.8886
1770537600,"2026-02-08 08:00:00",2084.41,2137.57,2078.04,2132.35,92748.6006
1770552000,"2026-02-08 12:00:00",2132.36,2145.26,2097.57,2108.64,92209.4994
1770566400,"2026-02-08 16:00:00",2108.63,2129.73,2072.8,2126.77,60836.7024
1770580800,"2026-02-08 20:00:00",2126.79,2152.03,2071.6,2089.74,99294.322
1770595200,"2026-02-09 00:00:00",2089.73,2103.02,2055.01,2100.25,90227.1224
1770609600,"2026-02-09 04:00:00",2100.25,2102.03,2064.67,2065.74,63962.1613
1770624000,"2026-02-09 08:00:00",2065.74,2070.21,2013.25,2028.23,110228.8629
1770638400,"2026-02-09 12:00:00",2028.26,2073.47,2008.62,2061.61,123193.2243
1770652800,"2026-02-09 16:00:00",2061.61,2143,2047.78,2131.34,142688.2535
1770667200,"2026-02-09 20:00:00",2131.34,2147.73,2089,2105.02,95078.9325
1770681600,"2026-02-10 00:00:00",2105.02,2124.71,2052.14,2064.96,63762.6252
1770696000,"2026-02-10 04:00:00",2064.96,2074.35,1997.59,2007.47,195613.5569
1770710400,"2026-02-10 08:00:00",2007.47,2029.98,1995.83,2003.21,114586.795
1770724800,"2026-02-10 12:00:00",2003.2,2040.01,1989.38,2022.66,106821.103
1770739200,"2026-02-10 16:00:00",2022.67,2046.94,1996.18,2017.95,63309.8136
1770753600,"2026-02-10 20:00:00",2017.95,2022.85,1997,2022.67,30227.7971
1770768000,"2026-02-11 00:00:00",2022.67,2032.31,1998,2009.59,33194.1097
1770782400,"2026-02-11 04:00:00",2009.59,2011.23,1939.21,1950.89,100528.6786
1770796800,"2026-02-11 08:00:00",1950.9,1956.52,1932.02,1953.66,49832.9522
1770811200,"2026-02-11 12:00:00",1953.65,2015.81,1903.19,1929.46,190798.5893
1770825600,"2026-02-11 16:00:00",1929.46,1959.8,1908.8,1952.28,103334.7985
1770840000,"2026-02-11 20:00:00",1952.27,1988.07,1932.44,1941.18,51966.6894
1770854400,"2026-02-12 00:00:00",1941.19,1977.75,1941.19,1968.69,42186.6103
1770868800,"2026-02-12 04:00:00",1968.7,1983,1953.14,1968.07,52494.6941
1770883200,"2026-02-12 08:00:00",1968.07,2001.42,1957.25,1989.02,56917.0883
1770897600,"2026-02-12 12:00:00",1989.02,1996.3,1945.01,1948.47,80328.0854
1770912000,"2026-02-12 16:00:00",1948.48,1950.16,1897.24,1925.44,150050.4511
1770926400,"2026-02-12 20:00:00",1925.45,1952.61,1909.66,1947.85,45590.2177
1770940800,"2026-02-13 00:00:00",1947.85,1958.21,1927.63,1953.55,37154.7957
1770955200,"2026-02-13 04:00:00",1953.56,1955.8,1924.72,1935.75,43614.141
1770969600,"2026-02-13 08:00:00",1935.75,1969.26,1933.65,1960.04,62366.42
1770984000,"2026-02-13 12:00:00",1960.05,2050.58,1952.6,2034.93,155146.5792
1770998400,"2026-02-13 16:00:00",2034.92,2073.68,2031.42,2057.75,90215.9732
1771012800,"2026-02-13 20:00:00",2057.74,2059.65,2038.69,2048.72,37151.8607
1771027200,"2026-02-14 00:00:00",2048.72,2057.57,2042.37,2054.37,20999.1891
1771041600,"2026-02-14 04:00:00",2054.39,2060.49,2048.5,2057.21,20369.1955
1771056000,"2026-02-14 08:00:00",2057.2,2107.67,2057.04,2099.58,58856.9562
1771070400,"2026-02-14 12:00:00",2099.58,2100.39,2064.58,2087.43,55179.6359
1771084800,"2026-02-14 16:00:00",2087.42,2090.51,2067.27,2088.52,38770.8925
1771099200,"2026-02-14 20:00:00",2088.52,2098.89,2078.63,2086.59,26501.3663
1771113600,"2026-02-15 00:00:00",2086.59,2090.5,2030.9,2058.94,241490.3874
1771128000,"2026-02-15 04:00:00",2058.94,2103.32,2058.94,2091.41,80534.6926
1771142400,"2026-02-15 08:00:00",2091.41,2096.82,2054.36,2061.96,52092.5746
1771156800,"2026-02-15 12:00:00",2061.96,2068.63,1993.3,2011.29,115706.5194
1771171200,"2026-02-15 16:00:00",2011.29,2011.3,1928.88,1942.23,289683.7113
1771185600,"2026-02-15 20:00:00",1942.22,1974.51,1933.77,1966.58,55270.2099
1771200000,"2026-02-16 00:00:00",1966.59,1981.2,1948.76,1958.78,47402.3615
1771214400,"2026-02-16 04:00:00",1958.78,1978.64,1952.91,1971.13,38495.4814
1771228800,"2026-02-16 08:00:00",1971.14,1993.35,1957.12,1976.15,51619.9007
1771243200,"2026-02-16 12:00:00",1976.16,2023.51,1937.24,1956.65,110856.7205
1771257600,"2026-02-16 16:00:00",1956.65,1988.4,1956.31,1974.04,57117.5097
1771272000,"2026-02-16 20:00:00",1974.04,2004.02,1971.1,1998.33,45855.9695
1771286400,"2026-02-17 00:00:00",1998.34,2008.58,1979.7,1985.7,39980.2922
1771300800,"2026-02-17 04:00:00",1985.69,1998.48,1964.72,1985.91,44990.1813
1771315200,"2026-02-17 08:00:00",1985.91,1990.88,1961.71,1968.47,47256.3661
1771329600,"2026-02-17 12:00:00",1968.47,2002.7,1941.66,1968.58,117605.2683
1771344000,"2026-02-17 16:00:00",1968.59,2015.33,1954.03,1998.14,117627.2187
1771358400,"2026-02-17 20:00:00",1998.15,2004,1987.57,1991.66,38787.6161
1771372800,"2026-02-18 00:00:00",1991.67,2000.56,1968.68,1997.07,48694.6631
1771387200,"2026-02-18 04:00:00",1997.08,2023.52,1993.35,2018.07,37645.5204
1771401600,"2026-02-18 08:00:00",2018.06,2039.05,1976.57,1981.43,60451.9639
1771416000,"2026-02-18 12:00:00",1981.44,2010.3,1954.3,1985.48,108443.0065
1771430400,"2026-02-18 16:00:00",1985.48,1987.89,1923.78,1941.03,95520.9971
1771444800,"2026-02-18 20:00:00",1941.04,1956.79,1935.82,1955.91,42882.8576
1771459200,"2026-02-19 00:00:00",1955.9,1974.73,1950.5,1972.33,26076.3731
1771473600,"2026-02-19 04:00:00",1972.32,1987.55,1964.2,1981.76,34121.8946
1771488000,"2026-02-19 08:00:00",1981.76,1982.54,1948.16,1949.58,43208.626
1771502400,"2026-02-19 12:00:00",1949.59,1956.18,1911.49,1926.3,102895.4861
1771516800,"2026-02-19 16:00:00",1926.29,1947.52,1907,1941.34,63444.2011
1771531200,"2026-02-19 20:00:00",1941.33,1952.57,1934.79,1949.08,30510.4924
1771545600,"2026-02-20 00:00:00",1949.08,1964.54,1947.41,1954.85,28686.3728
1771560000,"2026-02-20 04:00:00",1954.85,1968.55,1931.01,1960.97,55966.1225
1771574400,"2026-02-20 08:00:00",1960.93,1973.86,1940.58,1943.98,58746.4014
1771588800,"2026-02-20 12:00:00",1943.99,1980.49,1922.97,1963.95,121943.2751
1771603200,"2026-02-20 16:00:00",1963.96,1981.18,1939.21,1963.69,94955.2126
1771617600,"2026-02-20 20:00:00",1963.69,1975.27,1961.6,1968.88,25956.1713
1771632000,"2026-02-21 00:00:00",1968.88,1970.7,1955.62,1959.03,16581.1973
1771646400,"2026-02-21 04:00:00",1959.03,1966.09,1956.21,1962.71,14321.5832
1771660800,"2026-02-21 08:00:00",1962.7,1988.6,1962,1977.02,40811.7456
1771675200,"2026-02-21 12:00:00",1977.02,1995.56,1969.49,1988.13,48823.033
1771689600,"2026-02-21 16:00:00",1988.13,1995.31,1976.41,1988.35,33339.759
1771704000,"2026-02-21 20:00:00",1988.34,1990.41,1970,1973.35,25296.5275
1771718400,"2026-02-22 00:00:00",1973.35,1982.99,1967.4,1974.71,20908.1331
1771732800,"2026-02-22 04:00:00",1974.71,1979.54,1970.2,1975.88,16211.4013
1771747200,"2026-02-22 08:00:00",1975.87,1983.13,1970.58,1980.78,17778.8113
1771761600,"2026-02-22 12:00:00",1980.79,1981.6,1943.53,1953.98,50424.8978
1771776000,"2026-02-22 16:00:00",1953.99,1955.56,1935,1943.74,29014.4909
1771790400,"2026-02-22 20:00:00",1943.73,1960.95,1939.81,1957.82,20987.9138
1771804800,"2026-02-23 00:00:00",1957.82,1958.33,1847.46,1862.87,167470.8913
1771819200,"2026-02-23 04:00:00",1862.88,1888.71,1853.34,1885.5,66206.0759
1771833600,"2026-02-23 08:00:00",1885.5,1928.19,1877.23,1915.3,69463.5612
1771848000,"2026-02-23 12:00:00",1915.29,1935.52,1892.68,1895.65,88300.1008
1771862400,"2026-02-23 16:00:00",1895.65,1900.18,1837.13,1857.19,118579.9054
1771876800,"2026-02-23 20:00:00",1857.19,1870,1846.8,1856.3,37338.9523
1771891200,"2026-02-24 00:00:00",1856.3,1869.58,1811.81,1832.03,79888.0694
1771905600,"2026-02-24 04:00:00",1832.03,1840.79,1813.77,1825.7,73536.267
1771920000,"2026-02-24 08:00:00",1825.7,1836.18,1815.22,1826.75,63530.8244
1771934400,"2026-02-24 12:00:00",1826.75,1850.29,1800,1847.59,111212.7497
1771948800,"2026-02-24 16:00:00",1847.59,1865.38,1838.36,1852.46,74379.3442
1771963200,"2026-02-24 20:00:00",1852.47,1864.11,1845.41,1851.94,35516.7737
1771977600,"2026-02-25 00:00:00",1851.95,1944.86,1846.74,1906.14,105259.2872
1771992000,"2026-02-25 04:00:00",1906.14,1914.35,1878.02,1893.31,54762.9592
1772006400,"2026-02-25 08:00:00",1893.32,1928.45,1890.27,1926.48,49526.3486
1772020800,"2026-02-25 12:00:00",1926.48,2028.7,1922.28,2013.73,159045.4848
1772035200,"2026-02-25 16:00:00",2013.69,2086.17,2013.36,2071.1,145026.7604
1772049600,"2026-02-25 20:00:00",2071.1,2148.39,2034.39,2057.48,169358.5976
1772064000,"2026-02-26 00:00:00",2057.48,2076.6,2039.37,2054.55,59037.3129
1772078400,"2026-02-26 04:00:00",2054.55,2082.81,2051.55,2053.37,61288.611
1772092800,"2026-02-26 08:00:00",2053.36,2083.33,2044.36,2057.66,57504.2592
1772107200,"2026-02-26 12:00:00",2057.65,2077.81,2011.56,2033.34,111408.8267
1772121600,"2026-02-26 16:00:00",2033.34,2037.78,1975.35,2030.14,119622.7569
1772136000,"2026-02-26 20:00:00",2030.13,2042.75,2018.33,2027.68,30921.5899
1772150400,"2026-02-27 00:00:00",2027.68,2049.48,2000.02,2045.39,54459.6079
1772164800,"2026-02-27 04:00:00",2045.39,2063.52,2022.16,2032.69,63087.8823
1772179200,"2026-02-27 08:00:00",2032.69,2045.93,1953.37,1962.08,92541.2853
1772193600,"2026-02-27 12:00:00",1962.08,1969,1938.82,1948.59,105123.5497
1772208000,"2026-02-27 16:00:00",1948.59,1948.86,1907.48,1921.1,64022.9582
1772222400,"2026-02-27 20:00:00",1921.11,1933.64,1887,1929.84,49451.9506
1772236800,"2026-02-28 00:00:00",1929.84,1937.17,1919.8,1924.49,21099.5553
1772251200,"2026-02-28 04:00:00",1924.49,1931.62,1835.36,1866.73,135260.6076
1772265600,"2026-02-28 08:00:00",1866.73,1881,1845.05,1863.31,66347.784
1772280000,"2026-02-28 12:00:00",1863.32,1915.95,1862.47,1898.88,91811.9835
1772294400,"2026-02-28 16:00:00",1898.87,1955.04,1886.02,1947.02,73171.577
1772308800,"2026-02-28 20:00:00",1947.03,1984.99,1938.76,1964.51,73989.4761
1772323200,"2026-03-01 00:00:00",1964.51,2054.8,1943.58,2023.29,128780.5667
1772337600,"2026-03-01 04:00:00",2023.29,2030.3,1989,2007.24,69926.2021
1772352000,"2026-03-01 08:00:00",2007.23,2010.18,1972.24,1983.32,51208.5737
1772366400,"2026-03-01 12:00:00",1983.32,2028,1968.6,1993.38,80414.5735
1772380800,"2026-03-01 16:00:00",1993.38,2009.38,1946.55,1953.9,99987.1454
1772395200,"2026-03-01 20:00:00",1953.89,1971.01,1907.41,1939.71,98879.785
1772409600,"2026-03-02 00:00:00",1939.71,1989.23,1937.42,1972.3,69056.6329
1772424000,"2026-03-02 04:00:00",1972.3,1983.6,1925.53,1941.66,58667.3787
1772438400,"2026-03-02 08:00:00",1941.65,1967.13,1920,1947.81,61905.2816
1772452800,"2026-03-02 12:00:00",1947.8,2065.48,1921.7,2047.33,181807.1215
1772467200,"2026-03-02 16:00:00",2047.33,2090,2017.15,2043.57,122416.9126
1772481600,"2026-03-02 20:00:00",2043.56,2058.59,2024.32,2027.35,83553.0476
1772496000,"2026-03-03 00:00:00",2027.34,2041.48,1998,2008.88,72387.9676
1772510400,"2026-03-03 04:00:00",2008.88,2019.4,1987.5,1996.33,54747.8134
1772524800,"2026-03-03 08:00:00",1996.32,2000.53,1939.1,1961.28,94656.1381
1772539200,"2026-03-03 12:00:00",1961.28,1990.07,1929.56,1969.22,138896.9913
1772553600,"2026-03-03 16:00:00",1969.21,2014.12,1958.76,1986.02,112467.8933
1772568000,"2026-03-03 20:00:00",1986.03,2001.63,1959.35,1982.8,36173.0497
1772582400,"2026-03-04 00:00:00",1982.81,1998.66,1945.08,1960.9,62339.7285
1772596800,"2026-03-04 04:00:00",1960.89,2010,1950.65,2006.55,52487.5859
1772611200,"2026-03-04 08:00:00",2006.55,2092.9,2000.47,2054.97,187331.0723
1772625600,"2026-03-04 12:00:00",2054.97,2157.67,2036.37,2150.23,202994.5808
1772640000,"2026-03-04 16:00:00",2150.23,2199,2129.13,2177.51,171810.7114
1772654400,"2026-03-04 20:00:00",2177.51,2179.66,2116.67,2127.28,60681.1363
1772668800,"2026-03-05 00:00:00",2127.28,2141.93,2107.5,2120.15,54056.4032
1772683200,"2026-03-05 04:00:00",2120.15,2144.2,2095.71,2104.96,54039.2126
1772697600,"2026-03-05 08:00:00",2104.96,2163.66,2093.63,2137.92,70522.7353
1772712000,"2026-03-05 12:00:00",2137.92,2142.95,2067.54,2086.96,124518.7575
1772726400,"2026-03-05 16:00:00",2086.95,2093.7,2054.75,2074.36,89377.0807
1772740800,"2026-03-05 20:00:00",2074.37,2099.36,2069.72,2072.86,39643.6233
1772755200,"2026-03-06 00:00:00",2072.86,2093.33,2061.79,2083.8,39076.4167
1772769600,"2026-03-06 04:00:00",2083.81,2087.66,2058.84,2082.83,45370.5524
1772784000,"2026-03-06 08:00:00",2082.83,2082.83,2045.79,2051.03,50661.1023
1772798400,"2026-03-06 12:00:00",2051.03,2062.12,1966.24,1978.01,172028.7426
1772812800,"2026-03-06 16:00:00",1978,1993.3,1955.95,1983.75,75044.6173
1772827200,"2026-03-06 20:00:00",1983.75,1989.91,1969.26,1978.68,29416.3256
1772841600,"2026-03-07 00:00:00",1978.68,1996.04,1971.79,1980.21,27984.3292
1772856000,"2026-03-07 04:00:00",1980.22,1984.19,1964.34,1982.94,40763.1763
1772870400,"2026-03-07 08:00:00",1982.94,1994.98,1975.38,1988.91,29519.2921
1772884800,"2026-03-07 12:00:00",1988.92,1990.95,1970.47,1981.04,29451.1976
1772899200,"2026-03-07 16:00:00",1981.03,1983.47,1948.09,1955.2,34963.6539
1772913600,"2026-03-07 20:00:00",1955.2,1974.27,1954.89,1969.59,21778.1709
1772928000,"2026-03-08 00:00:00",1969.6,1977.35,1935.73,1947.67,52276.8743
1772942400,"2026-03-08 04:00:00",1947.67,1960.41,1930,1955.23,53344.1715
1772956800,"2026-03-08 08:00:00",1955.22,1979.8,1944.85,1951.38,70951.6493
1772971200,"2026-03-08 12:00:00",1951.39,1954.67,1925.06,1943.32,83662.2406
1772985600,"2026-03-08 16:00:00",1943.32,1970.58,1928.08,1964.91,48151.6932
1773000000,"2026-03-08 20:00:00",1964.91,1971.95,1916.14,1937.1,82803.1028
1773014400,"2026-03-09 00:00:00",1937.11,2006.01,1929.65,1977.48,104584.2494
1773028800,"2026-03-09 04:00:00",1977.48,2014.26,1963.45,1983.9,83648.8027
1773043200,"2026-03-09 08:00:00",1983.91,2022,1978.92,1992.2,68130.8102
1773057600,"2026-03-09 12:00:00",1992.2,2032.84,1992.2,2022.63,115494.5461
1773072000,"2026-03-09 16:00:00",2022.64,2053.52,2005.76,2033.91,81118.9511
1773086400,"2026-03-09 20:00:00",2033.91,2037.3,1989.12,1992.98,97848.1288
1773100800,"2026-03-10 00:00:00",1992.97,2054.19,1991,2026.8,83033.8026
1773115200,"2026-03-10 04:00:00",2026.8,2059.69,2026.36,2051,60378.2851
1773129600,"2026-03-10 08:00:00",2051,2074,2051,2061.69,60450.0646
1773144000,"2026-03-10 12:00:00",2061.7,2085.73,2008.65,2079.35,139969.2004
1773158400,"2026-03-10 16:00:00",2079.34,2088.19,2027.16,2037.02,85631.607
1773172800,"2026-03-10 20:00:00",2037.02,2048.31,2018,2036.51,33948.9142
1773187200,"2026-03-11 00:00:00",2036.5,2041.71,2018.13,2021.17,36763.3501
1773201600,"2026-03-11 04:00:00",2021.17,2041.49,2007.17,2012.54,35827.9229
1773216000,"2026-03-11 08:00:00",2012.54,2033.96,2009.48,2017.8,36247.0984
1773230400,"2026-03-11 12:00:00",2017.8,2082.66,2012.81,2049.73,132152.8625
1773244800,"2026-03-11 16:00:00",2049.75,2085.58,2046.46,2076.06,76213.7444
1773259200,"2026-03-11 20:00:00",2076.05,2084.53,2045.2,2051.97,32856.2777
1773273600,"2026-03-12 00:00:00",2051.97,2058.16,2017.59,2023.38,44363.5344
1773288000,"2026-03-12 04:00:00",2023.39,2042.26,2019.33,2040.7,36224.657
1773302400,"2026-03-12 08:00:00",2040.69,2076.65,2038.42,2062.83,56474.7206
1773316800,"2026-03-12 12:00:00",2062.83,2095,2037.79,2072.33,112015.805
1773331200,"2026-03-12 16:00:00",2072.33,2078.09,2045.42,2069.59,63567.8353
1773345600,"2026-03-12 20:00:00",2069.6,2093.45,2054.99,2073.52,87861.2609
1773360000,"2026-03-13 00:00:00",2073.51,2148.8,2070.12,2118.85,126779.3388
1773374400,"2026-03-13 04:00:00",2118.86,2120.06,2090,2099.38,45196.2617
1773388800,"2026-03-13 08:00:00",2099.38,2133.3,2091.45,2121.02,66817.4737
1773403200,"2026-03-13 12:00:00",2121.02,2209.03,2120.52,2128.01,234537.6685
1773417600,"2026-03-13 16:00:00",2128.01,2143.33,2090.28,2102.48,84455.4942
1773432000,"2026-03-13 20:00:00",2102.48,2116.66,2078.5,2092.22,41870.803
1773446400,"2026-03-14 00:00:00",2092.21,2103.42,2081.39,2101.16,31321.7837
1773460800,"2026-03-14 04:00:00",2101.15,2106.09,2068.28,2077.46,38191.8421
1773475200,"2026-03-14 08:00:00",2077.46,2081.64,2061.6,2073.67,26861.5463
1773489600,"2026-03-14 12:00:00",2073.67,2080.65,2069.8,2074.72,22427.7115
1773504000,"2026-03-14 16:00:00",2074.72,2079.47,2069.19,2077.49,10772.0777
1773518400,"2026-03-14 20:00:00",2077.5,2099.69,2076.2,2096.16,22925.6209
1773532800,"2026-03-15 00:00:00",2096.16,2107.91,2083.35,2096.15,28619.3164
1773547200,"2026-03-15 04:00:00",2096.15,2115.95,2096.13,2105.64,22147.2871
1773561600,"2026-03-15 08:00:00",2105.64,2123.44,2105.64,2119.63,21019.7068
1773576000,"2026-03-15 12:00:00",2119.63,2119.83,2086.34,2093.79,45875.4183
1773590400,"2026-03-15 16:00:00",2093.79,2117.86,2088.84,2113.49,31467.5941
1773604800,"2026-03-15 20:00:00",2113.49,2202.87,2110,2178.3,131696.615
1773619200,"2026-03-16 00:00:00",2178.29,2253.48,2164.73,2235.67,133968.0991
1773633600,"2026-03-16 04:00:00",2235.67,2288.63,2235.67,2248.95,186961.7977
1773648000,"2026-03-16 08:00:00",2248.95,2280,2234.92,2269.94,89322.6948
1773662400,"2026-03-16 12:00:00",2269.94,2308.54,2255.04,2273.88,178036.6219
1773676800,"2026-03-16 16:00:00",2273.88,2348.06,2270,2330.92,127675.3126
1773691200,"2026-03-16 20:00:00",2330.92,2386.02,2323.68,2352.97,129928.2495
1773705600,"2026-03-17 00:00:00",2352.97,2376.66,2308.03,2320,159041.6195
1773720000,"2026-03-17 04:00:00",2320.01,2337.86,2294.15,2327.7,86783.2765
1773734400,"2026-03-17 08:00:00",2327.71,2335.35,2304,2326.82,59820.3103
1773748800,"2026-03-17 12:00:00",2326.81,2357.73,2304.27,2315.98,105064.0596
1773763200,"2026-03-17 16:00:00",2315.98,2342.7,2312.44,2320.22,50434.4264
1773777600,"2026-03-17 20:00:00",2320.22,2344.69,2316.78,2317.39,32687.4093
1773792000,"2026-03-18 00:00:00",2317.38,2350,2307,2340.61,39754.8685
1773806400,"2026-03-18 04:00:00",2340.61,2342,2311.53,2317.74,32757.9854
1773820800,"2026-03-18 08:00:00",2317.73,2333.62,2263.43,2269.34,70784.1433
1773835200,"2026-03-18 12:00:00",2269.33,2270.5,2168.97,2187.66,170394.1198
1773849600,"2026-03-18 16:00:00",2187.67,2220,2166.87,2185.85,99070.471
1773864000,"2026-03-18 20:00:00",2185.85,2206.88,2153.21,2203.39,75279.3007
1773878400,"2026-03-19 00:00:00",2203.39,2233.72,2187.24,2212.29,52579.6266
1773892800,"2026-03-19 04:00:00",2212.29,2213.11,2143.14,2166.68,79211.2867
1773907200,"2026-03-19 08:00:00",2166.68,2192.07,2158.09,2166.92,65786.0455
1773921600,"2026-03-19 12:00:00",2166.92,2167.48,2099.38,2118.81,165314.3215
1773936000,"2026-03-19 16:00:00",2118.81,2156.92,2104.87,2141.19,86393.2993
1773950400,"2026-03-19 20:00:00",2141.18,2155.62,2130.57,2137.81,41507.0994
1773964800,"2026-03-20 00:00:00",2137.82,2160.78,2132.69,2151.38,44494.7603
1773979200,"2026-03-20 04:00:00",2151.38,2159.24,2121.25,2150.54,43279.9495
1773993600,"2026-03-20 08:00:00",2150.53,2176.84,2131.56,2141.5,61690.4049
1774008000,"2026-03-20 12:00:00",2141.49,2152.74,2116.88,2134.01,68483.295
1774022400,"2026-03-20 16:00:00",2134,2144.76,2117.41,2132.91,45009.742
1774036800,"2026-03-20 20:00:00",2132.91,2168,2123.96,2146.22,37198.0261
1774051200,"2026-03-21 00:00:00",2146.21,2159.87,2144.24,2153.6,15716.7385
1774065600,"2026-03-21 04:00:00",2153.59,2161.34,2150.36,2155.67,16494.1831
1774080000,"2026-03-21 08:00:00",2155.67,2159.52,2149.57,2157.37,12040.1339
1774094400,"2026-03-21 12:00:00",2157.37,2168.27,2146.45,2155.12,19951.1534
1774108800,"2026-03-21 16:00:00",2155.13,2155.64,2142.01,2152.16,13965.6408
1774123200,"2026-03-21 20:00:00",2152.17,2157,2070.78,2084.87,54391.6149
1774137600,"2026-03-22 00:00:00",2084.86,2127.21,2050.12,2113.83,109521.6483
1774152000,"2026-03-22 04:00:00",2113.83,2122.94,2092.35,2093.38,32643.6328
1774166400,"2026-03-22 08:00:00",2093.4,2096.82,2066.97,2069.98,43062.5355
1774180800,"2026-03-22 12:00:00",2069.97,2092.63,2068.37,2083.1,34314.2881
1774195200,"2026-03-22 16:00:00",2083.1,2084.45,2054.35,2063.21,27972.3686
1774209600,"2026-03-22 20:00:00",2063.22,2074.16,2026,2053.89,65556.0839
1774224000,"2026-03-23 00:00:00",2053.9,2072.33,2035.69,2052.54,46093.4891
1774238400,"2026-03-23 04:00:00",2052.53,2072.11,2023.04,2044.72,57516.0292
1774252800,"2026-03-23 08:00:00",2044.73,2198.57,2028.2,2134.78,192147.2097
1774267200,"2026-03-23 12:00:00",2134.78,2192.44,2107.43,2128.45,199243.9292
1774281600,"2026-03-23 16:00:00",2128.46,2178.74,2117.77,2154.46,93011.0763
1774296000,"2026-03-23 20:00:00",2154.45,2166.81,2140.71,2152.03,26496.7034
1774310400,"2026-03-24 00:00:00",2152.03,2156.22,2124.26,2141.59,43067.6466
1774324800,"2026-03-24 04:00:00",2141.59,2170.65,2128.84,2165.61,46075.0579
1774339200,"2026-03-24 08:00:00",2165.61,2175.16,2147.36,2165.9,40140.7495
1774353600,"2026-03-24 12:00:00",2165.89,2170.52,2120,2135.15,80333.0075
1774368000,"2026-03-24 16:00:00",2135.15,2140.57,2103.02,2116.87,59554.7786
1774382400,"2026-03-24 20:00:00",2116.86,2163.7,2115.63,2156.23,47532.2327
1774396800,"2026-03-25 00:00:00",2156.22,2168.63,2146.35,2158.54,35228.5599
1774411200,"2026-03-25 04:00:00",2158.53,2179.73,2156.83,2164.57,38937.4198
1774425600,"2026-03-25 08:00:00",2164.57,2199.02,2164.57,2186.41,56767.0182
1774440000,"2026-03-25 12:00:00",2186.41,2198.16,2147.67,2162.56,76609.8458
1774454400,"2026-03-25 16:00:00",2162.56,2186.85,2155.93,2172.69,46113.5072
1774468800,"2026-03-25 20:00:00",2172.68,2183.5,2159.42,2169.02,21985.1746
1774483200,"2026-03-26 00:00:00",2169.02,2172.19,2144.05,2153.21,29526.6584
1774497600,"2026-03-26 04:00:00",2153.22,2154.58,2112.17,2123.64,49214.7706
1774512000,"2026-03-26 08:00:00",2123.64,2126.89,2062.94,2068.44,76476.7034
1774526400,"2026-03-26 12:00:00",2068.45,2093.79,2052.01,2070.4,74259.0218
1774540800,"2026-03-26 16:00:00",2070.4,2070.95,2034.54,2049.12,65545.1975
1774555200,"2026-03-26 20:00:00",2049.11,2080.42,2046.54,2060.43,42988.2721
1774569600,"2026-03-27 00:00:00",2060.43,2077.19,2056.8,2061.48,22743.3242
1774584000,"2026-03-27 04:00:00",2061.49,2072.36,2043.49,2066.23,52118.1988
1774598400,"2026-03-27 08:00:00",2066.24,2069.6,1983.02,1991.8,119274.8749
1774612800,"2026-03-27 12:00:00",1991.8,2010.45,1970.93,1991.32,108873.3737
1774627200,"2026-03-27 16:00:00",1991.32,1997.73,1974.48,1991.71,70350.7315
1774641600,"2026-03-27 20:00:00",1991.7,1996.31,1980,1992.75,21513.0217
1774656000,"2026-03-28 00:00:00",1992.76,1995.16,1983.17,1989.19,17995.8198
1774670400,"2026-03-28 04:00:00",1989.19,2008.35,1987.3,2007.07,18318.467
1774684800,"2026-03-28 08:00:00",2007.07,2008.34,1992.77,1997.64,18237.6229
1774699200,"2026-03-28 12:00:00",1997.64,2047.45,1992.25,2026.84,65210.0923
1774713600,"2026-03-28 16:00:00",2026.84,2030.23,2016.5,2020.56,12710.5504
1774728000,"2026-03-28 20:00:00",2020.57,2026.48,1989.64,1994.74,22359.2531
1774742400,"2026-03-29 00:00:00",1994.74,2019.65,1991.52,2011.1,16613.2608
1774756800,"2026-03-29 04:00:00",2011.1,2012.72,1997.67,2006.14,12828.4597
1774771200,"2026-03-29 08:00:00",2006.14,2008.16,1991.9,2003.78,15067.8231
1774785600,"2026-03-29 12:00:00",2003.78,2004.9,1983.56,1992.97,25232.6686
1774800000,"2026-03-29 16:00:00",1992.98,2003.61,1987.6,1995.89,16964.0358
1774814400,"2026-03-29 20:00:00",1995.89,2009.48,1938.82,1984.64,80020.4902
1774828800,"2026-03-30 00:00:00",1984.65,2043.5,1980.28,2035.88,70029.5862
1774843200,"2026-03-30 04:00:00",2035.88,2068.28,2035.88,2059.58,52260.9134
1774857600,"2026-03-30 08:00:00",2059.58,2081.65,2048.14,2071.28,50627.4687
1774872000,"2026-03-30 12:00:00",2071.29,2085,2044.25,2074.53,70195.1822
1774886400,"2026-03-30 16:00:00",2074.53,2074.99,2013.33,2023.7,60238.4065
1774900800,"2026-03-30 20:00:00",2023.7,2049.1,2013.92,2026.48,34952.8774
1774915200,"2026-03-31 00:00:00",2026.48,2092.34,2016.29,2066.71,66502.1402
1774929600,"2026-03-31 04:00:00",2066.71,2072.24,2042.31,2055.97,34849.5818
1774944000,"2026-03-31 08:00:00",2055.98,2059.2,2012.64,2041.2,62779.5377
1774958400,"2026-03-31 12:00:00",2041.21,2092,2035.02,2054.85,95949.4482
1774972800,"2026-03-31 16:00:00",2054.85,2124.03,2054.29,2096.54,126072.2648
1774987200,"2026-03-31 20:00:00",2096.54,2111.01,2088.35,2105.43,35744.9296
1775001600,"2026-04-01 00:00:00",2105.43,2117.79,2082.08,2102.91,37975.9983
1775016000,"2026-04-01 04:00:00",2102.91,2158,2100.35,2131,78179.0218
1775030400,"2026-04-01 08:00:00",2131,2142.93,2125,2135.32,46234.2524
1775044800,"2026-04-01 12:00:00",2135.32,2152,2108.72,2135.04,77261.013
1775059200,"2026-04-01 16:00:00",2135.04,2167.85,2123.58,2141.43,74639.0666
1775073600,"2026-04-01 20:00:00",2141.43,2165.42,2130.7,2140.35,84938.0258
1775088000,"2026-04-02 00:00:00",2140.35,2159.37,2046.48,2056.33,108784.5193
1775102400,"2026-04-02 04:00:00",2056.33,2058.45,2038.63,2056.09,45874.1458
1775116800,"2026-04-02 08:00:00",2056.09,2056.09,2024.73,2033.01,34776.9717
1775131200,"2026-04-02 12:00:00",2033.02,2072.22,2017.04,2059.6,88821.5481
1775145600,"2026-04-02 16:00:00",2059.59,2077.64,2043.65,2065.34,44924.9508
1775160000,"2026-04-02 20:00:00",2065.35,2074.16,2053.54,2057.17,23690.6966
1775174400,"2026-04-03 00:00:00",2057.18,2062.49,2040.66,2054.23,27862.5809
1775188800,"2026-04-03 04:00:00",2054.22,2075.17,2047.35,2065.85,24471.2575
1775203200,"2026-04-03 08:00:00",2065.84,2072,2053.46,2062.64,21397.6282
1775217600,"2026-04-03 12:00:00",2062.64,2081.76,2041.65,2051.26,34731.975
1775232000,"2026-04-03 16:00:00",2051.26,2056.54,2043.78,2052.68,12701.8429
1775246400,"2026-04-03 20:00:00",2052.69,2060.92,2049.23,2053.83,15101.3548
1775260800,"2026-04-04 00:00:00",2053.83,2053.86,2047.92,2050.05,7032.7972
1775275200,"2026-04-04 04:00:00",2050.05,2058,2048.41,2053.82,9175.3802
1775289600,"2026-04-04 08:00:00",2053.82,2055.44,2047.89,2051.84,11621.7432
1775304000,"2026-04-04 12:00:00",2051.84,2062.02,2044.63,2056.29,21445.1645
1775318400,"2026-04-04 16:00:00",2056.29,2084,2053.07,2064.71,25517.2179
1775332800,"2026-04-04 20:00:00",2064.71,2072.15,2059.6,2065.52,11712.1376
1775347200,"2026-04-05 00:00:00",2065.51,2065.63,2054.15,2056.64,8367.2542
1775361600,"2026-04-05 04:00:00",2056.64,2058.09,2027.75,2037.29,20196.3802
1775376000,"2026-04-05 08:00:00",2037.29,2052.53,2035.91,2042.32,8916.0507
1775390400,"2026-04-05 12:00:00",2042.31,2069.89,2021.5,2053.85,37354.6547
1775404800,"2026-04-05 16:00:00",2053.85,2069.95,2048.69,2062.37,21390.3714
1775419200,"2026-04-05 20:00:00",2062.38,2123.49,2050,2110.17,61128.6087
1775433600,"2026-04-06 00:00:00",2110.17,2147.24,2110.17,2129.35,65862.4144
1775448000,"2026-04-06 04:00:00",2129.35,2141,2120.04,2134.9,40132.1583
1775462400,"2026-04-06 08:00:00",2134.91,2174.79,2133.42,2151.53,64975.0888
1775476800,"2026-04-06 12:00:00",2151.53,2169.6,2137.76,2164.65,75911.3132
1775491200,"2026-04-06 16:00:00",2164.65,2168.72,2123.6,2144.25,56698.6975
1775505600,"2026-04-06 20:00:00",2144.25,2155.06,2087.5,2107.16,52474.6172
1775520000,"2026-04-07 00:00:00",2107.16,2120.14,2093.64,2108.37,34808.2346
1775534400,"2026-04-07 04:00:00",2108.37,2119.21,2096.69,2104.04,24073.3793
1775548800,"2026-04-07 08:00:00",2104.03,2133.83,2082.35,2089.58,52681.4772
1775563200,"2026-04-07 12:00:00",2089.58,2093.17,2060.24,2080.06,76548.9624
1775577600,"2026-04-07 16:00:00",2080.07,2116.65,2077.52,2113.39,55202.1323
1775592000,"2026-04-07 20:00:00",2113.39,2273.87,2110.68,2240.01,216780.6235
1775606400,"2026-04-08 00:00:00",2240.01,2251.39,2228.24,2234.68,71283.3269
1775620800,"2026-04-08 04:00:00",2234.68,2260.76,2234.68,2253.76,59756.0098
1775635200,"2026-04-08 08:00:00",2253.76,2263.35,2237.12,2247.23,52326.6102
1775649600,"2026-04-08 12:00:00",2247.23,2270.55,2186.61,2215.45,129483.0314
1775664000,"2026-04-08 16:00:00",2215.44,2239.5,2197.7,2211.04,53536.308
1775678400,"2026-04-08 20:00:00",2211.03,2222.55,2179.78,2190,38332.3458
1775692800,"2026-04-09 00:00:00",2190,2193.79,2162,2182.49,34908.9725
1775707200,"2026-04-09 04:00:00",2182.49,2188.99,2175.6,2181.14,24256.0905
1775721600,"2026-04-09 08:00:00",2181.14,2197.7,2176.37,2180.26,33344.5829
1775736000,"2026-04-09 12:00:00",2180.26,2225,2157.31,2217.99,76023.3606
1775750400,"2026-04-09 16:00:00",2218,2229.4,2193,2216.42,57199.04
1775764800,"2026-04-09 20:00:00",2216.42,2246,2183.33,2190.2,49585.9038
1775779200,"2026-04-10 00:00:00",2190.17,2204.1,2176.1,2186.06,33173.2947
1775793600,"2026-04-10 04:00:00",2186.05,2203.11,2176.4,2179.28,31613.9975
1775808000,"2026-04-10 08:00:00",2179.27,2224.28,2177.13,2215.65,47671.2334
1775822400,"2026-04-10 12:00:00",2215.66,2257.99,2208.18,2224.27,95750.7477
1775836800,"2026-04-10 16:00:00",2224.28,2256,2221.46,2253.17,37702.4223
1775851200,"2026-04-10 20:00:00",2253.17,2257.14,2235.41,2245.05,26987.3902
1775865600,"2026-04-11 00:00:00",2245.06,2252.15,2234.81,2237.17,19355.1058
1775880000,"2026-04-11 04:00:00",2237.18,2242.93,2229,2232.6,22477.3402
1775894400,"2026-04-11 08:00:00",2232.6,2249.31,2232.14,2246.11,22661.8276
1775908800,"2026-04-11 12:00:00",2246.12,2256.11,2233.72,2249.54,18996.8388
1775923200,"2026-04-11 16:00:00",2249.54,2329.93,2246.53,2315.96,89257.1086
1775937600,"2026-04-11 20:00:00",2315.96,2317.14,2276.47,2284.99,42037.1829
1775952000,"2026-04-12 00:00:00",2285,2288.57,2207.06,2213.71,91337.4612
1775966400,"2026-04-12 04:00:00",2213.7,2220.87,2208.32,2218.02,27644.0457
1775980800,"2026-04-12 08:00:00",2218.02,2219.04,2194.32,2204.62,26727.7633
1775995200,"2026-04-12 12:00:00",2204.62,2208.22,2175,2186.47,53590.6811
1776009600,"2026-04-12 16:00:00",2186.47,2207.23,2183.09,2198.27,21416.5101
1776024000,"2026-04-12 20:00:00",2198.27,2218.13,2183.99,2191.65,37440.4207
1776038400,"2026-04-13 00:00:00",2191.64,2209.05,2187.2,2194.36,26455.4785
1776052800,"2026-04-13 04:00:00",2194.36,2201.45,2182.22,2186.56,33191.7629
1776067200,"2026-04-13 08:00:00",2186.57,2195.34,2179,2187.33,20617.5554
1776081600,"2026-04-13 12:00:00",2187.33,2236.43,2175.68,2209.28,104259.3625
1776096000,"2026-04-13 16:00:00",2209.28,2268.88,2200,2262.33,64810.6588
1776110400,"2026-04-13 20:00:00",2262.33,2394.71,2247.5,2369.46,204536.0111
1776124800,"2026-04-14 00:00:00",2369.46,2378.06,2354.6,2365.5,74432.8525
1776139200,"2026-04-14 04:00:00",2365.5,2389.99,2354.76,2377.91,63856.121
1776153600,"2026-04-14 08:00:00",2377.92,2396.03,2367.61,2374.53,66171.3263
1776168000,"2026-04-14 12:00:00",2374.54,2415.5,2332.72,2364.63,155007.3984
1776182400,"2026-04-14 16:00:00",2364.62,2371.48,2302.9,2313.32,73170.8888
1776196800,"2026-04-14 20:00:00",2313.32,2332.35,2308.53,2322.44,27468.7971
1776211200,"2026-04-15 00:00:00",2322.44,2342.76,2317.56,2328.81,28901.5466
1776225600,"2026-04-15 04:00:00",2328.82,2338.23,2308.5,2316.62,31505.5439
1776240000,"2026-04-15 08:00:00",2316.62,2339.42,2312.15,2337.43,39774.7835
1776254400,"2026-04-15 12:00:00",2337.42,2349.46,2317.54,2332.04,55356.8376
1776268800,"2026-04-15 16:00:00",2332.03,2385.61,2329.1,2375.05,60038.6043
1776283200,"2026-04-15 20:00:00",2375.05,2380.45,2348.58,2359.95,52613.3218
1776297600,"2026-04-16 00:00:00",2359.94,2369.59,2345.04,2357.86,24372.7204
1776312000,"2026-04-16 04:00:00",2357.85,2364,2335.72,2341.52,33030.1056
1776326400,"2026-04-16 08:00:00",2341.52,2348.4,2328.64,2335.67,38717.9452
1776340800,"2026-04-16 12:00:00",2335.68,2351.8,2285.1,2339.01,122115.6918
1776355200,"2026-04-16 16:00:00",2339.01,2361.96,2309.96,2359.7,72519.8431
1776369600,"2026-04-16 20:00:00",2359.69,2364.68,2336.25,2348.17,38204.6316
1776384000,"2026-04-17 00:00:00",2348.16,2350.9,2323.83,2325.52,22001.9814
1776398400,"2026-04-17 04:00:00",2325.53,2342.02,2317.43,2334.16,31478.7638
1776412800,"2026-04-17 08:00:00",2334.15,2377,2332.98,2354.99,65874.4475
1776427200,"2026-04-17 12:00:00",2355,2456.93,2349.4,2441.96,220835.8864
1776441600,"2026-04-17 16:00:00",2441.96,2464.91,2415.41,2427.92,76798.3675
1776456000,"2026-04-17 20:00:00",2427.92,2444.34,2415.47,2419,74741.9149
1776470400,"2026-04-18 00:00:00",2419,2427.64,2399.54,2405.04,29072.7602
1776484800,"2026-04-18 04:00:00",2405.03,2413.54,2399.52,2403.71,14941.9954
1776499200,"2026-04-18 08:00:00",2403.71,2404.85,2343.44,2352.96,67979.8578
1776513600,"2026-04-18 12:00:00",2352.96,2369.66,2345.25,2363.64,57355.5128
1776528000,"2026-04-18 16:00:00",2363.64,2375.14,2339.92,2348.59,39182.5061
1776542400,"2026-04-18 20:00:00",2348.59,2359.5,2344.96,2350.32,13208.7565
1776556800,"2026-04-19 00:00:00",2350.33,2355.3,2332.1,2339.77,20291.3796
1776571200,"2026-04-19 04:00:00",2339.77,2346.11,2300,2316.03,54404.7518
1776585600,"2026-04-19 08:00:00",2316.03,2331.13,2306.42,2329.38,23275.524
1776600000,"2026-04-19 12:00:00",2329.38,2350.24,2315.29,2330.8,37666.7192
1776614400,"2026-04-19 16:00:00",2330.8,2331.34,2287.62,2299.65,53803.7087
1776628800,"2026-04-19 20:00:00",2299.66,2300,2252.72,2263.27,66644.7443
1776643200,"2026-04-20 00:00:00",2263.28,2294.3,2259.67,2286.56,30033.2489
1776657600,"2026-04-20 04:00:00",2286.55,2332.88,2263.18,2298.8,59476.1626
1776672000,"2026-04-20 08:00:00",2298.81,2320,2289.82,2308.42,37613.5655
1776686400,"2026-04-20 12:00:00",2308.42,2326.36,2278.38,2313.91,85434.5339
1776700800,"2026-04-20 16:00:00",2313.92,2344.19,2297.97,2331.78,53432.5029
1776715200,"2026-04-20 20:00:00",2331.78,2346.78,2307.74,2313.85,35010.0521
1776729600,"2026-04-21 00:00:00",2313.84,2326.64,2300.01,2311.62,22781.1909
1776744000,"2026-04-21 04:00:00",2311.62,2327.05,2304.06,2318.48,22945.3733
1776758400,"2026-04-21 08:00:00",2318.48,2338.75,2314,2320.45,30640.3683
1776772800,"2026-04-21 12:00:00",2320.45,2327.5,2290.35,2310.24,52118.0452
1776787200,"2026-04-21 16:00:00",2310.25,2332,2284.19,2298.41,62286.6088
1776801600,"2026-04-21 20:00:00",2298.42,2329.47,2296.04,2327.14,35874.3905
1776816000,"2026-04-22 00:00:00",2327.15,2379.66,2312.95,2363.62,66774.3839
1776830400,"2026-04-22 04:00:00",2363.63,2413.83,2358.41,2389.97,89349.9459
1776844800,"2026-04-22 08:00:00",2389.98,2400.78,2383,2398.44,41401.3724
1776859200,"2026-04-22 12:00:00",2398.44,2423.75,2390.9,2403.83,98738.8258
1776873600,"2026-04-22 16:00:00",2403.84,2413.75,2384.17,2397.79,50321.212
1776888000,"2026-04-22 20:00:00",2397.8,2406.11,2373.95,2374.07,33121.3859
1776902400,"2026-04-23 00:00:00",2374.08,2382,2331.5,2340.81,76206.1153
1776916800,"2026-04-23 04:00:00",2340.82,2358.93,2337.12,2344.43,39343.6563
1776931200,"2026-04-23 08:00:00",2344.43,2345,2305.61,2328.97,78151.0377
1776945600,"2026-04-23 12:00:00",2328.96,2343.58,2315.23,2333.26,52807.9001
1776960000,"2026-04-23 16:00:00",2333.26,2335.76,2285.42,2312.88,79023.7839
1776974400,"2026-04-23 20:00:00",2312.87,2338.79,2312.74,2330.26,31113.199
1776988800,"2026-04-24 00:00:00",2330.27,2337.5,2301.35,2308.64,27004.8932
1777003200,"2026-04-24 04:00:00",2308.63,2317.35,2300.22,2311.63,28648.9402
1777017600,"2026-04-24 08:00:00",2311.63,2332.26,2303.74,2328.1,35868.9201
1777032000,"2026-04-24 12:00:00",2328.1,2331.85,2301.61,2323.81,46811.7304
1777046400,"2026-04-24 16:00:00",2323.81,2325,2308.82,2321.6,24666.2517
1777060800,"2026-04-24 20:00:00",2321.59,2328.16,2307.2,2314.99,20886.8825
1777075200,"2026-04-25 00:00:00",2314.98,2321.36,2311.27,2318.43,7639.0588
1777089600,"2026-04-25 04:00:00",2318.44,2319.01,2313.3,2316.48,6328.1546
1777104000,"2026-04-25 08:00:00",2316.48,2323.21,2311.2,2313.64,11470.7972
1777118400,"2026-04-25 12:00:00",2313.65,2318.94,2303,2308.09,15641.4778
1777132800,"2026-04-25 16:00:00",2308.08,2313.98,2300.55,2310.06,19676.6866
1777147200,"2026-04-25 20:00:00",2310.06,2320.42,2308.85,2319.5,7383.0441
1777161600,"2026-04-26 00:00:00",2319.49,2320.06,2306.72,2310,10012.7252
1777176000,"2026-04-26 04:00:00",2309.99,2336.48,2308.97,2331.24,24981.3334
1777190400,"2026-04-26 08:00:00",2331.25,2337.68,2329.66,2335.95,12111.2365
1777204800,"2026-04-26 12:00:00",2335.96,2352.44,2324.19,2348.05,24507.8806
1777219200,"2026-04-26 16:00:00",2348.06,2376.35,2340.56,2367.4,35056.7538
1777233600,"2026-04-26 20:00:00",2367.4,2380,2348.47,2369.44,47921.6924
1777248000,"2026-04-27 00:00:00",2369.45,2404.37,2359.46,2394.85,48640.6352
1777262400,"2026-04-27 04:00:00",2394.85,2396.05,2312.71,2316.01,71679.7375
1777276800,"2026-04-27 08:00:00",2316,2325.52,2309.13,2320.39,29605.5066
1777291200,"2026-04-27 12:00:00",2320.39,2329.82,2266.09,2275.07,85871.4106
1777305600,"2026-04-27 16:00:00",2275.07,2292.91,2270.04,2289.14,46317.2928
1777320000,"2026-04-27 20:00:00",2289.15,2308.61,2284.66,2303.67,18249.2759
1777334400,"2026-04-28 00:00:00",2303.66,2310.88,2280.99,2290.94,21169.2851
1777348800,"2026-04-28 04:00:00",2290.93,2296.91,2270.53,2287.99,37016.4672
1777363200,"2026-04-28 08:00:00",2288,2291.64,2270.36,2275.32,32729.5921
1777377600,"2026-04-28 12:00:00",2275.32,2286.2,2258.24,2279.76,49767.4453
1777392000,"2026-04-28 16:00:00",2279.76,2305.55,2274.38,2301.96,33432.9185
1777406400,"2026-04-28 20:00:00",2301.96,2305.95,2284.15,2289.42,13816.5119
1777420800,"2026-04-29 00:00:00",2289.42,2316.36,2278.84,2311.52,39935.6458
1777435200,"2026-04-29 04:00:00",2311.53,2342.5,2309.33,2323.73,55138.2957
1777449600,"2026-04-29 08:00:00",2323.74,2346.95,2321.11,2331.74,34673.3128
1777464000,"2026-04-29 12:00:00",2331.74,2331.94,2263.1,2272.51,81070.1689
1777478400,"2026-04-29 16:00:00",2272.5,2285.92,2220.36,2233.7,105332.5164
1777492800,"2026-04-29 20:00:00",2233.69,2264.8,2230.49,2252.9,38928.1619
1777507200,"2026-04-30 00:00:00",2252.9,2279,2236.36,2253.24,36060.2185
1777521600,"2026-04-30 04:00:00",2253.24,2262.23,2231.64,2260.31,33378.8714
1777536000,"2026-04-30 08:00:00",2260.31,2273.7,2252.07,2258.18,30735.9241
1777550400,"2026-04-30 12:00:00",2258.18,2275.13,2245.82,2265.7,37871.9822
1777564800,"2026-04-30 16:00:00",2265.7,2267.16,2251.62,2261.99,17651.0886
1777579200,"2026-04-30 20:00:00",2261.98,2267.32,2252.42,2257.51,11496.1928
1777593600,"2026-05-01 00:00:00",2257.51,2295,2257.21,2282.87,26924.6936
1777608000,"2026-05-01 04:00:00",2282.87,2286.75,2272.09,2279.48,22911.8668
1777622400,"2026-05-01 08:00:00",2279.5,2293,2277.06,2286.45,18694.3189
1777636800,"2026-05-01 12:00:00",2286.46,2325.28,2284.15,2307.64,74814.7245
1777651200,"2026-05-01 16:00:00",2307.64,2314.21,2298.17,2304.85,26400.5038
1777665600,"2026-05-01 20:00:00",2304.85,2305.86,2278.98,2295.63,21336.4474
1777680000,"2026-05-02 00:00:00",2295.63,2308.34,2292.91,2304.44,10951.3606
1777694400,"2026-05-02 04:00:00",2304.43,2306.35,2296.62,2301.02,10106.3654
1777708800,"2026-05-02 08:00:00",2301.01,2307.78,2299.05,2302.1,8398.4598
1777723200,"2026-05-02 12:00:00",2302.09,2311.83,2301.36,2309.19,11671.861
1777737600,"2026-05-02 16:00:00",2309.18,2313.98,2304.08,2311.08,10993.0917
1777752000,"2026-05-02 20:00:00",2311.08,2343.6,2309.59,2316.97,33467.3339
1777766400,"2026-05-03 00:00:00",2316.97,2317.69,2299.38,2301.9,19468.8798
1777780800,"2026-05-03 04:00:00",2301.9,2314.01,2297.59,2309.28,11221.5322
1777795200,"2026-05-03 08:00:00",2309.28,2327.5,2307.49,2319.63,17555.1258
1777809600,"2026-05-03 12:00:00",2319.63,2333.91,2319.63,2328.44,21474.0931
1777824000,"2026-05-03 16:00:00",2328.45,2337.87,2322.38,2335.59,19196.1335
1777838400,"2026-05-03 20:00:00",2335.6,2356.92,2315,2322.65,62158.6698
1777852800,"2026-05-04 00:00:00",2322.65,2391,2309.24,2385.12,114327.9965
1777867200,"2026-05-04 04:00:00",2385.11,2398.93,2354.2,2362.8,69420.5189
1777881600,"2026-05-04 08:00:00",2362.79,2371.09,2314.25,2337.59,85731.0321
1777896000,"2026-05-04 12:00:00",2337.59,2381.8,2325.71,2350.1,103215.1931
1777910400,"2026-05-04 16:00:00",2350.11,2379.52,2336.63,2356.52,62301.4442
1777924800,"2026-05-04 20:00:00",2356.52,2365.91,2344.83,2347.16,18024.6137
1777939200,"2026-05-05 00:00:00",2347.17,2389.38,2344.93,2382.43,43369.6537
1777953600,"2026-05-05 04:00:00",2382.43,2390.74,2367.35,2380.59,49038.9405
1777968000,"2026-05-05 08:00:00",2380.59,2384.62,2366.76,2379.89,29380.9535
1777982400,"2026-05-05 12:00:00",2379.89,2399.5,2369.17,2381.31,78808.51
1777996800,"2026-05-05 16:00:00",2381.3,2383.38,2359.71,2371.94,40911.2728
1778011200,"2026-05-05 20:00:00",2371.94,2388.54,2354.34,2360.77,45127.4007
1778025600,"2026-05-06 00:00:00",2360.76,2380.87,2355,2376.8,33054.8032
1778040000,"2026-05-06 04:00:00",2376.81,2379.4,2355,2371.74,33514.6725
1778054400,"2026-05-06 08:00:00",2371.74,2423.74,2369.16,2410.47,113801.0466
1778068800,"2026-05-06 12:00:00",2410.47,2413.59,2346.68,2359.1,137462.5415
1778083200,"2026-05-06 16:00:00",2359.1,2367.47,2338,2348.5,59822.6802
1778097600,"2026-05-06 20:00:00",2348.49,2357.45,2338.28,2350.84,43011.5721
1778112000,"2026-05-07 00:00:00",2350.84,2352.3,2313.89,2322.39,63504.3173
1778126400,"2026-05-07 04:00:00",2322.39,2346.89,2317.8,2344.59,51518.0099
1778140800,"2026-05-07 08:00:00",2344.59,2346.6,2317.35,2329.94,54139.7818
1778155200,"2026-05-07 12:00:00",2329.94,2337.13,2285.95,2294.82,129506.9522
1778169600,"2026-05-07 16:00:00",2294.82,2304,2280.1,2295.98,98757.482
1778184000,"2026-05-07 20:00:00",2295.98,2302.57,2281.04,2291.06,72095.3946
1778198400,"2026-05-08 00:00:00",2291.06,2294.28,2265.61,2278.76,54369.0261
1778212800,"2026-05-08 04:00:00",2278.77,2284.54,2267.15,2281.35,73893.4649
1778227200,"2026-05-08 08:00:00",2281.37,2298.01,2280.15,2295.38,65719.1373
1778241600,"2026-05-08 12:00:00",2295.38,2302,2269.96,2293.2,85201.3421
1778256000,"2026-05-08 16:00:00",2293.2,2321.22,2286.42,2316.05,76484.5206
1778270400,"2026-05-08 20:00:00",2316.06,2319.15,2303.19,2307.06,65367.6672
1778284800,"2026-05-09 00:00:00",2307.07,2320.77,2304.19,2315.33,39168.7188
1778299200,"2026-05-09 04:00:00",2315.33,2325.33,2310.9,2314.69,51761.091
1778313600,"2026-05-09 08:00:00",2314.69,2320.53,2310.24,2314.57,25659.728
1778328000,"2026-05-09 12:00:00",2314.56,2318.27,2300,2317.63,31105.7798
1778342400,"2026-05-09 16:00:00",2317.64,2338.37,2315.29,2332.01,56917.6483
1778356800,"2026-05-09 20:00:00",2332.02,2333.47,2324.7,2326.44,25818.1911
1778371200,"2026-05-10 00:00:00",2326.43,2332.91,2318.33,2327.76,33278.1366
1778385600,"2026-05-10 04:00:00",2327.75,2332.09,2326.1,2327.36,26964.3516
1778400000,"2026-05-10 08:00:00",2327.36,2333.59,2319,2322.58,28879.9992
1778414400,"2026-05-10 12:00:00",2322.59,2351.66,2320.87,2347.56,51926.9775
1778428800,"2026-05-10 16:00:00",2347.56,2368,2340.11,2365.54,154424.5599
1778443200,"2026-05-10 20:00:00",2365.54,2382.53,2311.83,2371.27,102648.8375
1778457600,"2026-05-11 00:00:00",2371.26,2374.92,2320.01,2330.56,60324.2716
1778472000,"2026-05-11 04:00:00",2330.56,2342.44,2326.66,2330.54,35309.276
1778486400,"2026-05-11 08:00:00",2330.55,2339.9,2326.66,2335.8,21339.0861
1778500800,"2026-05-11 12:00:00",2335.8,2338.89,2304,2333.48,54288.2257
1778515200,"2026-05-11 16:00:00",2333.48,2344.35,2323.68,2340.43,43385.8646
1778529600,"2026-05-11 20:00:00",2340.44,2345.68,2335.08,2339.87,22315.3312
1778544000,"2026-05-12 00:00:00",2339.88,2340.85,2295.01,2309.37,46792.4896
1778558400,"2026-05-12 04:00:00",2309.36,2314.49,2291.63,2295.2,35381.7127
1778572800,"2026-05-12 08:00:00",2295.2,2296.27,2278.57,2287.01,60392.7982
1778587200,"2026-05-12 12:00:00",2287.02,2294.01,2256.67,2261.85,63665.2782
1778601600,"2026-05-12 16:00:00",2261.86,2287.43,2256.27,2285.09,29736.9338
1778616000,"2026-05-12 20:00:00",2285.1,2291.37,2273.88,2274.96,17011.8957
1778630400,"2026-05-13 00:00:00",2274.97,2303.77,2273.34,2301.77,25629.7121
1778644800,"2026-05-13 04:00:00",2301.76,2309,2295.63,2301.07,20242.608
1778659200,"2026-05-13 08:00:00",2301.07,2323.36,2299,2301.82,39654.7131
1778673600,"2026-05-13 12:00:00",2301.83,2307.54,2234.13,2236.49,101419.7434
1778688000,"2026-05-13 16:00:00",2236.48,2268.49,2235.48,2256.53,55259.29
1778702400,"2026-05-13 20:00:00",2256.53,2264.46,2251,2258.65,16249.6633
1778716800,"2026-05-14 00:00:00",2258.66,2269.37,2238.64,2242.14,28395.7613
1778731200,"2026-05-14 04:00:00",2242.14,2275.2,2239.54,2265.48,28603.5337
1778745600,"2026-05-14 08:00:00",2265.49,2270.99,2252.53,2253.81,31025.1104
1778760000,"2026-05-14 12:00:00",2253.81,2299.7,2246.13,2298.48,68751.7844
1778774400,"2026-05-14 16:00:00",2298.48,2319.33,2293.96,2298.34,71280.168
1778788800,"2026-05-14 20:00:00",2298.34,2301.67,2280.18,2283.25,28624.4781
1778803200,"2026-05-15 00:00:00",2283.26,2300.29,2260.45,2273.34,56947.0188
1778817600,"2026-05-15 04:00:00",2273.35,2273.91,2237.95,2265.11,50307.0238
1778832000,"2026-05-15 08:00:00",2265.11,2265.42,2250,2257.57,30771.6519
1778846400,"2026-05-15 12:00:00",2257.56,2260.72,2205.11,2222.85,98329.8622
1778860800,"2026-05-15 16:00:00",2222.86,2232.88,2218.9,2223.35,32854.539
1778875200,"2026-05-15 20:00:00",2223.35,2226.29,2215,2224.66,19326.455
1778889600,"2026-05-16 00:00:00",2224.65,2231.51,2223.53,2228.01,11176.8318
1778904000,"2026-05-16 04:00:00",2228,2228.96,2182,2194.81,52860.5816
1778918400,"2026-05-16 08:00:00",2194.81,2196.87,2162.55,2176.1,66188.9001
1778932800,"2026-05-16 12:00:00",2176.11,2188.16,2172.3,2180,38164.9832
1778947200,"2026-05-16 16:00:00",2180,2185.22,2170.5,2179.57,23176.1285
1778961600,"2026-05-16 20:00:00",2179.57,2183.54,2179.35,2180.77,7721.1509
1778976000,"2026-05-17 00:00:00",2180.77,2185.6,2167.98,2181.7,22317.4449
1778990400,"2026-05-17 04:00:00",2181.71,2195,2181.14,2186.64,17300.9882
1779004800,"2026-05-17 08:00:00",2186.63,2198.14,2183.12,2192,15590.7778
1779019200,"2026-05-17 12:00:00",2192,2198.04,2178.39,2186.51,18881.2867
1779033600,"2026-05-17 16:00:00",2186.51,2193.62,2176.63,2192.53,12368.2351
1779048000,"2026-05-17 20:00:00",2192.54,2194.82,2091.48,2131,88658.0822
1779062400,"2026-05-18 00:00:00",2131,2132,2104.99,2118.44,66934.9313
1779076800,"2026-05-18 04:00:00",2118.44,2125.83,2110,2120.82,32135.9981
1779091200,"2026-05-18 08:00:00",2120.82,2139.75,2110.5,2133.9,32838.4005
1779105600,"2026-05-18 12:00:00",2133.9,2157.24,2093.77,2107.48,113725.5324
1779120000,"2026-05-18 16:00:00",2107.49,2128.49,2077.23,2125.07,93607.2455
1779134400,"2026-05-18 20:00:00",2125.07,2142.67,2114.59,2130.08,42636.2854
1779148800,"2026-05-19 00:00:00",2130.08,2146.95,2118.6,2131.3,28665.0307
1779163200,"2026-05-19 04:00:00",2131.3,2145,2123.61,2140.97,24673.1361
1779177600,"2026-05-19 08:00:00",2140.97,2141.4,2106.77,2110.85,35095.6348
1779192000,"2026-05-19 12:00:00",2110.85,2127.53,2094.47,2110.19,55879.338
1779206400,"2026-05-19 16:00:00",2110.2,2125.07,2107.12,2113.15,24674.862
1779220800,"2026-05-19 20:00:00",2113.14,2120.59,2102.09,2111.93,17957.0734
1779235200,"2026-05-20 00:00:00",2111.93,2119.24,2103.29,2111.6,19314.4795
1779249600,"2026-05-20 04:00:00",2111.6,2136.5,2107.3,2129.74,35114.2894
1779264000,"2026-05-20 08:00:00",2129.75,2138,2124.28,2128.3,22183.4247
1779278400,"2026-05-20 12:00:00",2128.31,2149,2113.87,2136.75,58916.9837
1779292800,"2026-05-20 16:00:00",2136.76,2148.77,2124.1,2139.12,32155.664
1779307200,"2026-05-20 20:00:00",2139.12,2140.76,2118.45,2129.44,21403.4527
1779321600,"2026-05-21 00:00:00",2129.44,2157.5,2128.59,2145.76,27764.9747
1779336000,"2026-05-21 04:00:00",2145.76,2148.75,2124.25,2135.06,27168.5527
1779350400,"2026-05-21 08:00:00",2135.07,2148.33,2110,2115.27,41666.6187
1779364800,"2026-05-21 12:00:00",2115.28,2138.05,2105.15,2132.65,65871.6779
1779379200,"2026-05-21 16:00:00",2132.64,2153.75,2121.79,2142.83,55972.0073
1779393600,"2026-05-21 20:00:00",2142.84,2143.46,2127.27,2133.76,14445.2804
1779408000,"2026-05-22 00:00:00",2133.77,2141.39,2125.68,2137.88,14039.1024
1779422400,"2026-05-22 04:00:00",2137.89,2141.34,2122.22,2128.7,23434.8628
1779436800,"2026-05-22 08:00:00",2128.7,2133.34,2119.18,2130.78,30833.2166
1779451200,"2026-05-22 12:00:00",2130.78,2138,2112.47,2119.48,42385.9585
1779465600,"2026-05-22 16:00:00",2119.49,2130,2058,2065.54,71524.6579
1779480000,"2026-05-22 20:00:00",2065.54,2079.59,2057.79,2065.85,39565.4566
1779494400,"2026-05-23 00:00:00",2065.86,2072,2053,2070.78,35673.5475
1779508800,"2026-05-23 04:00:00",2070.78,2071.19,2009.3,2028.59,75799.2127
1779523200,"2026-05-23 08:00:00",2028.58,2036.01,2021.07,2031.48,34325.3716
1779537600,"2026-05-23 12:00:00",2031.48,2068.68,2027.35,2060.27,54590.2681
1779552000,"2026-05-23 16:00:00",2060.27,2083.64,2057.25,2077.33,39862.3851
1779566400,"2026-05-23 20:00:00",2077.34,2149.95,2074.84,2117.68,110295.4439
1779580800,"2026-05-24 00:00:00",2117.69,2127.28,2113.1,2119.04,29103.0509
1779595200,"2026-05-24 04:00:00",2119.05,2129.93,2113.65,2121.01,28463.348
1779609600,"2026-05-24 08:00:00",2121.02,2132.14,2119.05,2126.18,20978.1989
1779624000,"2026-05-24 12:00:00",2126.19,2126.58,2079.52,2095.84,53181.4865
1779638400,"2026-05-24 16:00:00",2095.83,2109,2095.22,2100.87,16390.0018
1779652800,"2026-05-24 20:00:00",2100.87,2107,2063,2099.85,49632.6744
1779667200,"2026-05-25 00:00:00",2099.86,2113.25,2092.57,2095.58,24131.108
1779681600,"2026-05-25 04:00:00",2095.59,2117.55,2092.26,2116.28,42000.3305
1779696000,"2026-05-25 08:00:00",2116.29,2124.1,2111.7,2114.95,21667.0316
1779710400,"2026-05-25 12:00:00",2114.95,2138.28,2112.25,2127.12,29687.9855
1779724800,"2026-05-25 16:00:00",2127.13,2141.98,2116.55,2121.43,23506.4643
1779739200,"2026-05-25 20:00:00",2121.42,2123.16,2102.35,2113.01,25453.7418
1779753600,"2026-05-26 00:00:00",2113.01,2113.89,2084.52,2093.12,34695.0977
1779768000,"2026-05-26 04:00:00",2093.11,2104.65,2088.82,2095.61,22937.9606
1779782400,"2026-05-26 08:00:00",2095.61,2137.29,2094.1,2121.01,44588.5806
1779796800,"2026-05-26 12:00:00",2121,2140.49,2078.75,2087.36,93684.9119
1779811200,"2026-05-26 16:00:00",2087.36,2089.97,2055.06,2074.29,65909.5277
1779825600,"2026-05-26 20:00:00",2074.3,2078.78,2065.98,2073.77,20737.2311
1779840000,"2026-05-27 00:00:00",2073.77,2084.23,2068.9,2070,21987.0064
1779854400,"2026-05-27 04:00:00",2070.01,2084.16,2056.31,2083.78,27195.6917
1779868800,"2026-05-27 08:00:00",2083.77,2096.71,2078.26,2080.55,28774.8411
1779883200,"2026-05-27 12:00:00",2080.56,2097.4,2051.96,2071.38,79027.7387
1779897600,"2026-05-27 16:00:00",2071.39,2074.5,2043.31,2057.47,45401.3757
1779912000,"2026-05-27 20:00:00",2057.47,2066.14,2016,2024.84,65674.8718
1779926400,"2026-05-28 00:00:00",2024.83,2029.2,1972,1981.55,90643.7595
1779940800,"2026-05-28 04:00:00",1981.55,1996.78,1967,1995.56,74776.3353
1779955200,"2026-05-28 08:00:00",1995.56,1998.4,1984.85,1989.89,32964.6925
1779969600,"2026-05-28 12:00:00",1989.88,2002.5,1967.38,1990.65,76014.1341
1779984000,"2026-05-28 16:00:00",1990.65,2030,1985.22,2014.55,57335.8226
1779998400,"2026-05-28 20:00:00",2014.54,2024.63,2005.43,2009.9,32235.4654
1780012800,"2026-05-29 00:00:00",2009.89,2017.17,1997.24,2002.78,24319.506
1780027200,"2026-05-29 04:00:00",2002.79,2021.51,1998.4,2005.23,27627.2107
