timestamp,datetime,open,high,low,close,volume
-4322772238,"1833-01-06 21:56:02",20.65,20.65,20.65,20.65,0
-4291236238,"1834-01-06 21:56:02",20.65,20.65,20.65,20.65,0
-4259873038,"1835-01-04 21:56:02",20.65,20.65,20.65,20.65,0
-4228337038,"1836-01-04 21:56:02",20.65,20.65,20.65,20.65,0
-4196714638,"1837-01-04 21:56:02",20.65,20.65,20.65,20.65,0
-4165178638,"1838-01-04 21:56:02",20.65,20.65,20.65,20.65,0
-4070484238,"1841-01-04 21:56:02",20.65,20.65,20.65,20.65,0
-4038948238,"1842-01-04 21:56:02",20.65,20.65,20.65,20.65,0
-4007412238,"1843-01-04 21:56:02",20.65,20.65,20.65,20.65,0
-3975876238,"1844-01-04 21:56:02",20.65,20.65,20.65,20.65,0
-3912717838,"1846-01-04 21:56:02",20.65,20.65,20.65,20.65,0
-3881181838,"1847-01-04 21:56:02",20.65,20.65,20.65,20.65,0
-3849645838,"1848-01-04 21:56:02",20.65,20.65,20.65,20.65,0
-3818023438,"1849-01-04 21:56:02",20.65,20.65,20.65,20.65,0
-3723415438,"1852-01-04 21:56:02",20.65,20.65,20.65,20.65,0
-3691793038,"1853-01-04 21:56:02",20.65,20.65,20.65,20.65,0
-3660257038,"1854-01-04 21:56:02",20.65,20.65,20.65,20.65,0
-3628721038,"1855-01-04 21:56:02",20.65,20.65,20.65,20.65,0
-3565562638,"1857-01-04 21:56:02",20.65,20.65,20.65,20.65,0
-3534026638,"1858-01-04 21:56:02",20.65,20.65,20.65,20.65,0
-3502490638,"1859-01-04 21:56:02",20.65,20.65,20.65,20.65,0
-3470954638,"1860-01-04 21:56:02",20.65,20.65,20.65,20.65,0
-3376260238,"1863-01-04 21:56:02",20.65,20.65,20.65,20.65,0
-3344724238,"1864-01-04 21:56:02",20.65,20.65,20.65,20.65,0
-3313101838,"1865-01-04 21:56:02",20.65,20.65,20.65,20.65,0
-3281565838,"1866-01-04 21:56:02",20.65,20.65,20.65,20.65,0
-3186871438,"1869-01-04 21:56:02",20.65,20.65,20.65,20.65,0
-3155335438,"1870-01-04 21:56:02",20.65,20.65,20.65,20.65,0
-3123799438,"1871-01-04 21:56:02",20.65,20.65,20.65,20.65,0
-3092263438,"1872-01-04 21:56:02",20.66,20.66,20.66,20.66,0
-3029105038,"1874-01-04 21:56:02",20.66,20.66,20.66,20.66,0
-2997569038,"1875-01-04 21:56:02",20.66,20.66,20.66,20.66,0
-2966033038,"1876-01-04 21:56:02",20.66,20.66,20.66,20.66,0
-2934410638,"1877-01-04 21:56:02",20.66,20.66,20.66,20.66,0
-2839802638,"1880-01-04 21:56:02",20.66,20.66,20.66,20.66,0
-2808180238,"1881-01-04 21:56:02",20.66,20.66,20.66,20.66,0
-2776644238,"1882-01-04 21:56:02",20.66,20.66,20.66,20.66,0
-2745108238,"1883-01-04 21:56:02",20.66,20.66,20.66,20.66,0
-2681949600,"1885-01-04 22:00:00",20.66,20.66,20.66,20.66,0
-2650413600,"1886-01-04 22:00:00",20.65,20.65,20.65,20.65,0
-2618877600,"1887-01-04 22:00:00",20.65,20.65,20.65,20.65,0
-2587341600,"1888-01-04 22:00:00",20.65,20.65,20.65,20.65,0
-2492647200,"1891-01-04 22:00:00",20.68,20.68,20.68,20.68,0
-2461111200,"1892-01-04 22:00:00",20.68,20.68,20.68,20.68,0
-2429488800,"1893-01-04 22:00:00",20.68,20.68,20.68,20.68,0
-2397952800,"1894-01-04 22:00:00",20.66,20.66,20.66,20.66,0
-2303258400,"1897-01-04 22:00:00",20.71,20.71,20.71,20.71,0
-2271722400,"1898-01-04 22:00:00",20.71,20.71,20.71,20.71,0
-2240186400,"1899-01-04 22:00:00",20.66,20.66,20.66,20.66,0
-2208650400,"1900-01-04 22:00:00",20.68,20.68,20.68,20.68,0
-2114042400,"1903-01-04 22:00:00",20.67,20.67,20.67,20.67,0
-2082506400,"1904-01-04 22:00:00",20.68,20.68,20.68,20.68,0
-2050884000,"1905-01-04 22:00:00",20.54,20.54,20.54,20.54,0
-2019348000,"1906-01-04 22:00:00",20.62,20.62,20.62,20.62,0
-1924653600,"1909-01-04 22:00:00",20.68,20.68,20.68,20.68,0
-1893117600,"1910-01-04 22:00:00",20.64,20.64,20.64,20.64,0
-1861581600,"1911-01-04 22:00:00",20.64,20.64,20.64,20.64,0
-1830045600,"1912-01-04 22:00:00",20.65,20.65,20.65,20.65,0
-1766887200,"1914-01-04 22:00:00",20.72,20.72,20.72,20.72,0
-1735351200,"1915-01-04 22:00:00",20.72,20.72,20.72,20.72,0
-1703815200,"1916-01-04 22:00:00",20.72,20.72,20.72,20.72,0
-1672192800,"1917-01-04 22:00:00",20.72,20.72,20.72,20.72,0
-1577584800,"1920-01-04 22:00:00",20.68,20.68,20.68,20.68,0
-1546135200,"1921-01-02 22:00:00",20.69,20.69,20.69,20.69,0
-1545962400,"1921-01-04 22:00:00",20.58,20.58,20.58,20.58,0
-1543629600,"1921-01-31 22:00:00",20.69,20.69,20.69,20.69,0
-1541210400,"1921-02-28 22:00:00",20.69,20.69,20.69,20.69,0
-1538532000,"1921-03-31 22:00:00",20.69,20.69,20.69,20.69,0
-1535770800,"1921-05-02 21:00:00",20.69,20.69,20.69,20.69,0
-1533265200,"1921-05-31 21:00:00",20.69,20.69,20.69,20.69,0
-1530673200,"1921-06-30 21:00:00",20.69,20.69,20.69,20.69,0
-1527994800,"1921-07-31 21:00:00",20.69,20.69,20.69,20.69,0
-1525316400,"1921-08-31 21:00:00",20.69,20.69,20.69,20.69,0
-1522548000,"1921-10-02 22:00:00",20.69,20.69,20.69,20.69,0
-1520042400,"1921-10-31 22:00:00",20.69,20.69,20.69,20.69,0
-1517450400,"1921-11-30 22:00:00",20.69,20.69,20.69,20.69,0
-1514599200,"1922-01-02 22:00:00",20.84,20.84,20.84,20.84,0
-1512093600,"1922-01-31 22:00:00",20.84,20.84,20.84,20.84,0
-1509674400,"1922-02-28 22:00:00",20.84,20.84,20.84,20.84,0
-1506823200,"1922-04-02 22:00:00",20.84,20.84,20.84,20.84,0
-1504407600,"1922-04-30 21:00:00",20.84,20.84,20.84,20.84,0
-1501729200,"1922-05-31 21:00:00",20.84,20.84,20.84,20.84,0
-1498964400,"1922-07-02 21:00:00",20.84,20.84,20.84,20.84,0
-1496458800,"1922-07-31 21:00:00",20.84,20.84,20.84,20.84,0
-1493780400,"1922-08-31 21:00:00",20.84,20.84,20.84,20.84,0
-1491012000,"1922-10-02 22:00:00",20.84,20.84,20.84,20.84,0
-1488506400,"1922-10-31 22:00:00",20.84,20.84,20.84,20.84,0
-1485914400,"1922-11-30 22:00:00",20.84,20.84,20.84,20.84,0
-1483236000,"1922-12-31 22:00:00",20.75,20.75,20.75,20.75,0
-1480557600,"1923-01-31 22:00:00",20.75,20.75,20.75,20.75,0
-1478138400,"1923-02-28 22:00:00",20.75,20.75,20.75,20.75,0
-1475287200,"1923-04-02 22:00:00",20.75,20.75,20.75,20.75,0
-1472871600,"1923-04-30 21:00:00",20.75,20.75,20.75,20.75,0
-1470193200,"1923-05-31 21:00:00",20.75,20.75,20.75,20.75,0
-1467428400,"1923-07-02 21:00:00",20.75,20.75,20.75,20.75,0
-1464922800,"1923-07-31 21:00:00",20.75,20.75,20.75,20.75,0
-1462071600,"1923-09-02 21:00:00",20.75,20.75,20.75,20.75,0
-1459648800,"1923-09-30 22:00:00",20.75,20.75,20.75,20.75,0
-1456970400,"1923-10-31 22:00:00",20.75,20.75,20.75,20.75,0
-1454205600,"1923-12-02 22:00:00",20.75,20.75,20.75,20.75,0
-1451700000,"1923-12-31 22:00:00",20.78,20.78,20.78,20.78,0
-1449021600,"1924-01-31 22:00:00",20.78,20.78,20.78,20.78,0
-1446343200,"1924-03-02 22:00:00",20.78,20.78,20.78,20.78,0
-1443837600,"1924-03-31 22:00:00",20.78,20.78,20.78,20.78,0
-1441249200,"1924-04-30 21:00:00",20.78,20.78,20.78,20.78,0
-1438398000,"1924-06-02 21:00:00",20.78,20.78,20.78,20.78,0
-1435978800,"1924-06-30 21:00:00",20.78,20.78,20.78,20.78,0
-1433300400,"1924-07-31 21:00:00",20.78,20.78,20.78,20.78,0
-1430622000,"1924-08-31 21:00:00",20.78,20.78,20.78,20.78,0
-1428026400,"1924-09-30 22:00:00",20.78,20.78,20.78,20.78,0
-1425175200,"1924-11-02 22:00:00",20.78,20.78,20.78,20.78,0
-1422756000,"1924-11-30 22:00:00",20.78,20.78,20.78,20.78,0
-1420077600,"1924-12-31 22:00:00",20.75,20.75,20.75,20.75,0
-1417226400,"1925-02-02 22:00:00",20.75,20.75,20.75,20.75,0
-1414807200,"1925-03-02 22:00:00",20.75,20.75,20.75,20.75,0
-1412301600,"1925-03-31 22:00:00",20.75,20.75,20.75,20.75,0
-1409713200,"1925-04-30 21:00:00",20.75,20.75,20.75,20.75,0
-1407034800,"1925-05-31 21:00:00",20.75,20.75,20.75,20.75,0
-1404442800,"1925-06-30 21:00:00",20.75,20.75,20.75,20.75,0
-1401591600,"1925-08-02 21:00:00",20.75,20.75,20.75,20.75,0
-1399086000,"1925-08-31 21:00:00",20.75,20.75,20.75,20.75,0
-1396490400,"1925-09-30 22:00:00",20.75,20.75,20.75,20.75,0
-1393639200,"1925-11-02 22:00:00",20.75,20.75,20.75,20.75,0
-1391220000,"1925-11-30 22:00:00",20.75,20.75,20.75,20.75,0
-1388541600,"1925-12-31 22:00:00",20.72,20.72,20.72,20.72,0
-1385863200,"1926-01-31 22:00:00",20.72,20.72,20.72,20.72,0
-1383444000,"1926-02-28 22:00:00",20.72,20.72,20.72,20.72,0
-1380765600,"1926-03-31 22:00:00",20.72,20.72,20.72,20.72,0
-1378004400,"1926-05-02 21:00:00",20.72,20.72,20.72,20.72,0
-1375498800,"1926-05-31 21:00:00",20.72,20.72,20.72,20.72,0
-1372906800,"1926-06-30 21:00:00",20.72,20.72,20.72,20.72,0
-1370055600,"1926-08-02 21:00:00",20.72,20.72,20.72,20.72,0
-1367550000,"1926-08-31 21:00:00",20.72,20.72,20.72,20.72,0
-1364954400,"1926-09-30 22:00:00",20.72,20.72,20.72,20.72,0
-1362276000,"1926-10-31 22:00:00",20.72,20.72,20.72,20.72,0
-1359684000,"1926-11-30 22:00:00",20.72,20.72,20.72,20.72,0
-1356832800,"1927-01-02 22:00:00",20.75,20.75,20.75,20.75,0
-1354327200,"1927-01-31 22:00:00",20.75,20.75,20.75,20.75,0
-1351908000,"1927-02-28 22:00:00",20.75,20.75,20.75,20.75,0
-1349229600,"1927-03-31 22:00:00",20.75,20.75,20.75,20.75,0
-1346468400,"1927-05-02 21:00:00",20.75,20.75,20.75,20.75,0
-1343962800,"1927-05-31 21:00:00",20.75,20.75,20.75,20.75,0
-1341370800,"1927-06-30 21:00:00",20.75,20.75,20.75,20.75,0
-1338692400,"1927-07-31 21:00:00",20.75,20.75,20.75,20.75,0
-1336014000,"1927-08-31 21:00:00",20.75,20.75,20.75,20.75,0
-1333245600,"1927-10-02 22:00:00",20.75,20.75,20.75,20.75,0
-1330740000,"1927-10-31 22:00:00",20.75,20.75,20.75,20.75,0
-1328148000,"1927-11-30 22:00:00",20.75,20.75,20.75,20.75,0
-1325296800,"1928-01-02 22:00:00",20.78,20.78,20.78,20.78,0
-1322791200,"1928-01-31 22:00:00",20.78,20.78,20.78,20.78,0
-1320285600,"1928-02-29 22:00:00",20.78,20.78,20.78,20.78,0
-1317434400,"1928-04-02 22:00:00",20.78,20.78,20.78,20.78,0
-1315018800,"1928-04-30 21:00:00",20.78,20.78,20.78,20.78,0
-1312340400,"1928-05-31 21:00:00",20.78,20.78,20.78,20.78,0
-1309575600,"1928-07-02 21:00:00",20.78,20.78,20.78,20.78,0
-1307070000,"1928-07-31 21:00:00",20.78,20.78,20.78,20.78,0
-1304218800,"1928-09-02 21:00:00",20.78,20.78,20.78,20.78,0
-1301796000,"1928-09-30 22:00:00",20.78,20.78,20.78,20.78,0
-1299117600,"1928-10-31 22:00:00",20.78,20.78,20.78,20.78,0
-1296352800,"1928-12-02 22:00:00",20.78,20.78,20.78,20.78,0
-1293847200,"1928-12-31 22:00:00",20.72,20.72,20.72,20.72,0
-1291168800,"1929-01-31 22:00:00",20.72,20.72,20.72,20.72,0
-1288749600,"1929-02-28 22:00:00",20.72,20.72,20.72,20.72,0
-1286071200,"1929-03-31 22:00:00",20.72,20.72,20.72,20.72,0
-1283482800,"1929-04-30 21:00:00",20.72,20.72,20.72,20.72,0
-1280631600,"1929-06-02 21:00:00",20.72,20.72,20.72,20.72,0
-1278212400,"1929-06-30 21:00:00",20.72,20.72,20.72,20.72,0
-1275534000,"1929-07-31 21:00:00",20.72,20.72,20.72,20.72,0
-1272682800,"1929-09-02 21:00:00",20.72,20.72,20.72,20.72,0
-1270260000,"1929-09-30 22:00:00",20.72,20.72,20.72,20.72,0
-1267581600,"1929-10-31 22:00:00",20.72,20.72,20.72,20.72,0
-1264816800,"1929-12-02 22:00:00",20.72,20.72,20.72,20.72,0
-1262311200,"1929-12-31 22:00:00",20.69,20.69,20.69,20.69,0
-1259460000,"1930-02-02 22:00:00",20.69,20.69,20.69,20.69,0
-1257040800,"1930-03-02 22:00:00",20.69,20.69,20.69,20.69,0
-1254535200,"1930-03-31 22:00:00",20.69,20.69,20.69,20.69,0
-1251946800,"1930-04-30 21:00:00",20.69,20.69,20.69,20.69,0
-1249095600,"1930-06-02 21:00:00",20.69,20.69,20.69,20.69,0
-1246676400,"1930-06-30 21:00:00",20.69,20.69,20.69,20.69,0
-1243998000,"1930-07-31 21:00:00",20.69,20.69,20.69,20.69,0
-1241319600,"1930-08-31 21:00:00",20.69,20.69,20.69,20.69,0
-1238724000,"1930-09-30 22:00:00",20.69,20.69,20.69,20.69,0
-1235872800,"1930-11-02 22:00:00",20.69,20.69,20.69,20.69,0
-1233453600,"1930-11-30 22:00:00",20.69,20.69,20.69,20.69,0
-1230775200,"1930-12-31 22:00:00",22.59,22.59,22.59,22.59,0
-1227924000,"1931-02-02 22:00:00",22.59,22.59,22.59,22.59,0
-1225504800,"1931-03-02 22:00:00",22.59,22.59,22.59,22.59,0
-1222999200,"1931-03-31 22:00:00",22.59,22.59,22.59,22.59,0
-1220410800,"1931-04-30 21:00:00",22.59,22.59,22.59,22.59,0
-1217732400,"1931-05-31 21:00:00",22.59,22.59,22.59,22.59,0
-1215140400,"1931-06-30 21:00:00",22.59,22.59,22.59,22.59,0
-1212289200,"1931-08-02 21:00:00",22.59,22.59,22.59,22.59,0
-1209783600,"1931-08-31 21:00:00",22.59,22.59,22.59,22.59,0
-1207188000,"1931-09-30 22:00:00",22.59,22.59,22.59,22.59,0
-1204336800,"1931-11-02 22:00:00",22.59,22.59,22.59,22.59,0
-1201917600,"1931-11-30 22:00:00",22.59,22.59,22.59,22.59,0
-1199239200,"1931-12-31 22:00:00",20.78,20.78,20.78,20.78,0
-1196560800,"1932-01-31 22:00:00",20.78,20.78,20.78,20.78,0
-1194055200,"1932-02-29 22:00:00",20.78,20.78,20.78,20.78,0
-1191376800,"1932-03-31 22:00:00",20.78,20.78,20.78,20.78,0
-1188615600,"1932-05-02 21:00:00",20.78,20.78,20.78,20.78,0
-1186110000,"1932-05-31 21:00:00",20.78,20.78,20.78,20.78,0
-1183518000,"1932-06-30 21:00:00",20.78,20.78,20.78,20.78,0
-1180839600,"1932-07-31 21:00:00",20.78,20.78,20.78,20.78,0
-1178161200,"1932-08-31 21:00:00",20.78,20.78,20.78,20.78,0
-1175392800,"1932-10-02 22:00:00",20.78,20.78,20.78,20.78,0
-1172887200,"1932-10-31 22:00:00",20.78,20.78,20.78,20.78,0
-1170295200,"1932-11-30 22:00:00",20.78,20.78,20.78,20.78,0
-1167444000,"1933-01-02 22:00:00",26.47,26.47,26.47,26.47,0
-1164938400,"1933-01-31 22:00:00",26.47,26.47,26.47,26.47,0
-1162519200,"1933-02-28 22:00:00",26.47,26.47,26.47,26.47,0
-1159668000,"1933-04-02 22:00:00",26.47,26.47,26.47,26.47,0
-1157252400,"1933-04-30 21:00:00",26.47,26.47,26.47,26.47,0
-1154574000,"1933-05-31 21:00:00",26.47,26.47,26.47,26.47,0
-1151809200,"1933-07-02 21:00:00",26.47,26.47,26.47,26.47,0
-1149303600,"1933-07-31 21:00:00",26.47,26.47,26.47,26.47,0
-1146625200,"1933-08-31 21:00:00",26.47,26.47,26.47,26.47,0
-1143856800,"1933-10-02 22:00:00",26.47,26.47,26.47,26.47,0
-1141351200,"1933-10-31 22:00:00",26.47,26.47,26.47,26.47,0
-1138759200,"1933-11-30 22:00:00",26.47,26.47,26.47,26.47,0
-1136080800,"1933-12-31 22:00:00",35,35,35,35,0
-1133402400,"1934-01-31 22:00:00",35,35,35,35,0
-1130983200,"1934-02-28 22:00:00",35,35,35,35,0
-1128132000,"1934-04-02 22:00:00",35,35,35,35,0
-1125716400,"1934-04-30 21:00:00",35,35,35,35,0
-1123038000,"1934-05-31 21:00:00",35,35,35,35,0
-1120273200,"1934-07-02 21:00:00",35,35,35,35,0
-1117767600,"1934-07-31 21:00:00",35,35,35,35,0
-1114916400,"1934-09-02 21:00:00",35,35,35,35,0
-1112493600,"1934-09-30 22:00:00",35,35,35,35,0
-1109815200,"1934-10-31 22:00:00",35,35,35,35,0
-1107050400,"1934-12-02 22:00:00",35,35,35,35,0
-1104544800,"1934-12-31 22:00:00",35,35,35,35,0
-1101866400,"1935-01-31 22:00:00",35,35,35,35,0
-1099447200,"1935-02-28 22:00:00",35,35,35,35,0
-1096768800,"1935-03-31 22:00:00",35,35,35,35,0
-1094180400,"1935-04-30 21:00:00",35,35,35,35,0
-1091329200,"1935-06-02 21:00:00",35,35,35,35,0
-1088910000,"1935-06-30 21:00:00",35,35,35,35,0
-1086231600,"1935-07-31 21:00:00",35,35,35,35,0
-1083380400,"1935-09-02 21:00:00",35,35,35,35,0
-1080957600,"1935-09-30 22:00:00",35,35,35,35,0
-1078279200,"1935-10-31 22:00:00",35,35,35,35,0
-1075514400,"1935-12-02 22:00:00",35,35,35,35,0
-1073008800,"1935-12-31 22:00:00",35,35,35,35,0
-1070157600,"1936-02-02 22:00:00",35,35,35,35,0
-1067652000,"1936-03-02 22:00:00",35,35,35,35,0
-1065146400,"1936-03-31 22:00:00",35,35,35,35,0
-1062558000,"1936-04-30 21:00:00",35,35,35,35,0
-1059879600,"1936-05-31 21:00:00",35,35,35,35,0
-1057287600,"1936-06-30 21:00:00",35,35,35,35,0
-1054436400,"1936-08-02 21:00:00",35,35,35,35,0
-1051930800,"1936-08-31 21:00:00",35,35,35,35,0
-1049335200,"1936-09-30 22:00:00",35,35,35,35,0
-1046484000,"1936-11-02 22:00:00",35,35,35,35,0
-1044064800,"1936-11-30 22:00:00",35,35,35,35,0
-1041386400,"1936-12-31 22:00:00",35,35,35,35,0
-1038708000,"1937-01-31 22:00:00",35,35,35,35,0
-1036288800,"1937-02-28 22:00:00",35,35,35,35,0
-1033610400,"1937-03-31 22:00:00",35,35,35,35,0
-1030849200,"1937-05-02 21:00:00",35,35,35,35,0
-1028343600,"1937-05-31 21:00:00",35,35,35,35,0
-1025751600,"1937-06-30 21:00:00",35,35,35,35,0
-1022900400,"1937-08-02 21:00:00",35,35,35,35,0
-1020394800,"1937-08-31 21:00:00",35,35,35,35,0
-1017799200,"1937-09-30 22:00:00",35,35,35,35,0
-1015120800,"1937-10-31 22:00:00",35,35,35,35,0
-1012528800,"1937-11-30 22:00:00",35,35,35,35,0
-1009677600,"1938-01-02 22:00:00",35,35,35,35,0
-1007172000,"1938-01-31 22:00:00",35,35,35,35,0
-1004752800,"1938-02-28 22:00:00",35,35,35,35,0
-1002074400,"1938-03-31 22:00:00",35,35,35,35,0
-999313200,"1938-05-02 21:00:00",35,35,35,35,0
-996807600,"1938-05-31 21:00:00",35,35,35,35,0
-994215600,"1938-06-30 21:00:00",35,35,35,35,0
-991537200,"1938-07-31 21:00:00",35,35,35,35,0
-988858800,"1938-08-31 21:00:00",35,35,35,35,0
-986090400,"1938-10-02 22:00:00",35,35,35,35,0
-983584800,"1938-10-31 22:00:00",35,35,35,35,0
-980992800,"1938-11-30 22:00:00",35,35,35,35,0
-978141600,"1939-01-02 22:00:00",34.69,34.69,34.69,34.69,0
-975636000,"1939-01-31 22:00:00",34.69,34.69,34.69,34.69,0
-973216800,"1939-02-28 22:00:00",34.69,34.69,34.69,34.69,0
-970365600,"1939-04-02 22:00:00",34.69,34.69,34.69,34.69,0
-967950000,"1939-04-30 21:00:00",34.69,34.69,34.69,34.69,0
-965271600,"1939-05-31 21:00:00",34.69,34.69,34.69,34.69,0
-962506800,"1939-07-02 21:00:00",34.69,34.69,34.69,34.69,0
-960001200,"1939-07-31 21:00:00",34.69,34.69,34.69,34.69,0
-957322800,"1939-08-31 21:00:00",34.69,34.69,34.69,34.69,0
-954554400,"1939-10-02 22:00:00",34.69,34.69,34.69,34.69,0
-952048800,"1939-10-31 22:00:00",34.69,34.69,34.69,34.69,0
-949456800,"1939-11-30 22:00:00",34.69,34.69,34.69,34.69,0
-946778400,"1939-12-31 22:00:00",34.06,34.06,34.06,34.06,0
-944100000,"1940-01-31 22:00:00",34.06,34.06,34.06,34.06,0
-941594400,"1940-02-29 22:00:00",34.06,34.06,34.06,34.06,0
-938916000,"1940-03-31 22:00:00",34.06,34.06,34.06,34.06,0
-936327600,"1940-04-30 21:00:00",34.06,34.06,34.06,34.06,0
-933476400,"1940-06-02 21:00:00",34.06,34.06,34.06,34.06,0
-931057200,"1940-06-30 21:00:00",34.06,34.06,34.06,34.06,0
-928378800,"1940-07-31 21:00:00",34.06,34.06,34.06,34.06,0
-925527600,"1940-09-02 21:00:00",34.06,34.06,34.06,34.06,0
-923104800,"1940-09-30 22:00:00",34.06,34.06,34.06,34.06,0
-920426400,"1940-10-31 22:00:00",34.06,34.06,34.06,34.06,0
-917661600,"1940-12-02 22:00:00",34.06,34.06,34.06,34.06,0
-915156000,"1940-12-31 22:00:00",34.06,34.06,34.06,34.06,0
-912304800,"1941-02-02 22:00:00",34.06,34.06,34.06,34.06,0
-909885600,"1941-03-02 22:00:00",34.06,34.06,34.06,34.06,0
-907380000,"1941-03-31 22:00:00",34.06,34.06,34.06,34.06,0
-904791600,"1941-04-30 21:00:00",34.06,34.06,34.06,34.06,0
-901940400,"1941-06-02 21:00:00",34.06,34.06,34.06,34.06,0
-899521200,"1941-06-30 21:00:00",34.06,34.06,34.06,34.06,0
-896842800,"1941-07-31 21:00:00",34.06,34.06,34.06,34.06,0
-894164400,"1941-08-31 21:00:00",34.06,34.06,34.06,34.06,0
-891568800,"1941-09-30 22:00:00",34.06,34.06,34.06,34.06,0
-888717600,"1941-11-02 22:00:00",34.06,34.06,34.06,34.06,0
-886298400,"1941-11-30 22:00:00",34.06,34.06,34.06,34.06,0
-883620000,"1941-12-31 22:00:00",34.06,34.06,34.06,34.06,0
-880768800,"1942-02-02 22:00:00",34.06,34.06,34.06,34.06,0
-878353200,"1942-03-02 21:00:00",34.06,34.06,34.06,34.06,0
-875847600,"1942-03-31 21:00:00",34.06,34.06,34.06,34.06,0
-873255600,"1942-04-30 21:00:00",34.06,34.06,34.06,34.06,0
-870577200,"1942-05-31 21:00:00",34.06,34.06,34.06,34.06,0
-867985200,"1942-06-30 21:00:00",34.06,34.06,34.06,34.06,0
-865134000,"1942-08-02 21:00:00",34.06,34.06,34.06,34.06,0
-862628400,"1942-08-31 21:00:00",34.06,34.06,34.06,34.06,0
-860036400,"1942-09-30 21:00:00",34.06,34.06,34.06,34.06,0
-857185200,"1942-11-02 21:00:00",34.06,34.06,34.06,34.06,0
-854766000,"1942-11-30 21:00:00",34.06,34.06,34.06,34.06,0
-852087600,"1942-12-31 21:00:00",34.06,34.06,34.06,34.06,0
-849409200,"1943-01-31 21:00:00",34.06,34.06,34.06,34.06,0
-846990000,"1943-02-28 21:00:00",34.06,34.06,34.06,34.06,0
-844311600,"1943-03-31 21:00:00",34.06,34.06,34.06,34.06,0
-841546800,"1943-05-02 21:00:00",34.06,34.06,34.06,34.06,0
-839041200,"1943-05-31 21:00:00",34.06,34.06,34.06,34.06,0
-836449200,"1943-06-30 21:00:00",34.06,34.06,34.06,34.06,0
-833598000,"1943-08-02 21:00:00",34.06,34.06,34.06,34.06,0
-831092400,"1943-08-31 21:00:00",34.06,34.06,34.06,34.06,0
-828500400,"1943-09-30 21:00:00",34.06,34.06,34.06,34.06,0
-825822000,"1943-10-31 21:00:00",34.06,34.06,34.06,34.06,0
-823230000,"1943-11-30 21:00:00",34.06,34.06,34.06,34.06,0
-820378800,"1944-01-02 21:00:00",34.06,34.06,34.06,34.06,0
-817873200,"1944-01-31 21:00:00",34.06,34.06,34.06,34.06,0
-815367600,"1944-02-29 21:00:00",34.06,34.06,34.06,34.06,0
-812516400,"1944-04-02 21:00:00",34.06,34.06,34.06,34.06,0
-810097200,"1944-04-30 21:00:00",34.06,34.06,34.06,34.06,0
-807418800,"1944-05-31 21:00:00",34.06,34.06,34.06,34.06,0
-804654000,"1944-07-02 21:00:00",34.06,34.06,34.06,34.06,0
-802148400,"1944-07-31 21:00:00",34.06,34.06,34.06,34.06,0
-799470000,"1944-08-31 21:00:00",34.06,34.06,34.06,34.06,0
-796705200,"1944-10-02 21:00:00",34.06,34.06,34.06,34.06,0
-794199600,"1944-10-31 21:00:00",34.06,34.06,34.06,34.06,0
-791607600,"1944-11-30 21:00:00",34.06,34.06,34.06,34.06,0
-788929200,"1944-12-31 21:00:00",35,35,35,35,0
-786250800,"1945-01-31 21:00:00",35,35,35,35,0
-783831600,"1945-02-28 21:00:00",35,35,35,35,0
-780980400,"1945-04-02 21:00:00",35,35,35,35,0
-778561200,"1945-04-30 21:00:00",35,35,35,35,0
-775882800,"1945-05-31 21:00:00",35,35,35,35,0
-773118000,"1945-07-02 21:00:00",35,35,35,35,0
-770612400,"1945-07-31 21:00:00",35,35,35,35,0
-767761200,"1945-09-02 21:00:00",35,35,35,35,0
-765338400,"1945-09-30 22:00:00",35,35,35,35,0
-762660000,"1945-10-31 22:00:00",35,35,35,35,0
-759895200,"1945-12-02 22:00:00",35,35,35,35,0
-757389600,"1945-12-31 22:00:00",35,35,35,35,0
-754711200,"1946-01-31 22:00:00",35,35,35,35,0
-752292000,"1946-02-28 22:00:00",35,35,35,35,0
-749613600,"1946-03-31 22:00:00",35,35,35,35,0
-747025200,"1946-04-30 21:00:00",35,35,35,35,0
-744174000,"1946-06-02 21:00:00",35,35,35,35,0
-741754800,"1946-06-30 21:00:00",35,35,35,35,0
-739076400,"1946-07-31 21:00:00",35,35,35,35,0
-736225200,"1946-09-02 21:00:00",35,35,35,35,0
-733802400,"1946-09-30 22:00:00",35,35,35,35,0
-731124000,"1946-10-31 22:00:00",35,35,35,35,0
-728359200,"1946-12-02 22:00:00",35,35,35,35,0
-725853600,"1946-12-31 22:00:00",35,35,35,35,0
-723002400,"1947-02-02 22:00:00",35,35,35,35,0
-720583200,"1947-03-02 22:00:00",35,35,35,35,0
-718077600,"1947-03-31 22:00:00",35,35,35,35,0
-715489200,"1947-04-30 21:00:00",35,35,35,35,0
-712638000,"1947-06-02 21:00:00",35,35,35,35,0
-710218800,"1947-06-30 21:00:00",35,35,35,35,0
-707540400,"1947-07-31 21:00:00",35,35,35,35,0
-704862000,"1947-08-31 21:00:00",35,35,35,35,0
-702266400,"1947-09-30 22:00:00",35,35,35,35,0
-699415200,"1947-11-02 22:00:00",35,35,35,35,0
-696996000,"1947-11-30 22:00:00",35,35,35,35,0
-694317600,"1947-12-31 22:00:00",35,35,35,35,0
-691466400,"1948-02-02 22:00:00",35,35,35,35,0
-689133600,"1948-02-29 22:00:00",35,35,35,35,0
-686455200,"1948-03-31 22:00:00",35,35,35,35,0
-683694000,"1948-05-02 21:00:00",35,35,35,35,0
-681188400,"1948-05-31 21:00:00",35,35,35,35,0
-678596400,"1948-06-30 21:00:00",35,35,35,35,0
-675745200,"1948-08-02 21:00:00",35,35,35,35,0
-673239600,"1948-08-31 21:00:00",35,35,35,35,0
-670644000,"1948-09-30 22:00:00",35,35,35,35,0
-667965600,"1948-10-31 22:00:00",35,35,35,35,0
-665373600,"1948-11-30 22:00:00",35,35,35,35,0
-662522400,"1949-01-02 22:00:00",31.88,31.88,31.88,31.88,0
-660016800,"1949-01-31 22:00:00",31.88,31.88,31.88,31.88,0
-657597600,"1949-02-28 22:00:00",31.88,31.88,31.88,31.88,0
-654919200,"1949-03-31 22:00:00",31.88,31.88,31.88,31.88,0
-652158000,"1949-05-02 21:00:00",31.88,31.88,31.88,31.88,0
-649652400,"1949-05-31 21:00:00",31.88,31.88,31.88,31.88,0
-647060400,"1949-06-30 21:00:00",31.88,31.88,31.88,31.88,0
-644382000,"1949-07-31 21:00:00",31.88,31.88,31.88,31.88,0
-641703600,"1949-08-31 21:00:00",31.88,31.88,31.88,31.88,0
-638935200,"1949-10-02 22:00:00",31.88,31.88,31.88,31.88,0
-636429600,"1949-10-31 22:00:00",31.88,31.88,31.88,31.88,0
-633837600,"1949-11-30 22:00:00",31.88,31.88,31.88,31.88,0
-631072800,"1950-01-01 22:00:00",34.73,34.73,34.73,34.73,0
-628394400,"1950-02-01 22:00:00",34.73,34.73,34.73,34.73,0
-625975200,"1950-03-01 22:00:00",34.73,34.73,34.73,34.73,0
-623124000,"1950-04-03 22:00:00",34.73,34.73,34.73,34.73,0
-620708400,"1950-05-01 21:00:00",34.73,34.73,34.73,34.73,0
-618030000,"1950-06-01 21:00:00",34.73,34.73,34.73,34.73,0
-615265200,"1950-07-03 21:00:00",34.73,34.73,34.73,34.73,0
-612759600,"1950-08-01 21:00:00",34.73,34.73,34.73,34.73,0
-609908400,"1950-09-03 21:00:00",34.73,34.73,34.73,34.73,0
-607485600,"1950-10-01 22:00:00",34.73,34.73,34.73,34.73,0
-604807200,"1950-11-01 22:00:00",34.73,34.73,34.73,34.73,0
-602042400,"1950-12-03 22:00:00",34.72,34.72,34.72,34.72,0
-599536800,"1951-01-01 22:00:00",34.72,34.72,34.72,34.72,0
-596858400,"1951-02-01 22:00:00",34.73,34.73,34.73,34.73,0
-594439200,"1951-03-01 22:00:00",34.73,34.73,34.73,34.73,0
-591760800,"1951-04-01 22:00:00",34.73,34.73,34.73,34.73,0
-589172400,"1951-05-01 21:00:00",34.73,34.73,34.73,34.73,0
-586321200,"1951-06-03 21:00:00",34.73,34.73,34.73,34.73,0
-583902000,"1951-07-01 21:00:00",34.72,34.72,34.72,34.72,0
-581223600,"1951-08-01 21:00:00",34.71,34.71,34.71,34.71,0
-578372400,"1951-09-03 21:00:00",34.71,34.71,34.71,34.71,0
-575949600,"1951-10-01 22:00:00",34.71,34.71,34.71,34.71,0
-573271200,"1951-11-01 22:00:00",34.73,34.73,34.73,34.73,0
-570506400,"1951-12-03 22:00:00",34.66,34.66,34.66,34.66,0
-568000800,"1952-01-01 22:00:00",34.49,34.49,34.49,34.49,0
-565149600,"1952-02-03 22:00:00",34.49,34.49,34.49,34.49,0
-562644000,"1952-03-03 22:00:00",34.68,34.68,34.68,34.68,0
-560138400,"1952-04-01 22:00:00",34.82,34.82,34.82,34.82,0
-557550000,"1952-05-01 21:00:00",34.73,34.73,34.73,34.73,0
-554871600,"1952-06-01 21:00:00",34.53,34.53,34.53,34.53,0
-552279600,"1952-07-01 21:00:00",34.57,34.57,34.57,34.57,0
-549428400,"1952-08-03 21:00:00",34.58,34.58,34.58,34.58,0
-546922800,"1952-09-01 21:00:00",34.51,34.51,34.51,34.51,0
-544327200,"1952-10-01 22:00:00",34.63,34.63,34.63,34.63,0
-541476000,"1952-11-03 22:00:00",34.72,34.72,34.72,34.72,0
-539056800,"1952-12-01 22:00:00",34.79,34.79,34.79,34.79,0
-536378400,"1953-01-01 22:00:00",34.88,34.88,34.88,34.88,0
-533700000,"1953-02-01 22:00:00",34.95,34.95,34.95,34.95,0
-531280800,"1953-03-01 22:00:00",34.92,34.92,34.92,34.92,0
-528602400,"1953-04-01 22:00:00",34.93,34.93,34.93,34.93,0
-525841200,"1953-05-03 21:00:00",34.9,34.9,34.9,34.9,0
-523335600,"1953-06-01 21:00:00",34.89,34.89,34.89,34.89,0
-520743600,"1953-07-01 21:00:00",34.91,34.91,34.91,34.91,0
-517892400,"1953-08-03 21:00:00",34.91,34.91,34.91,34.91,0
-515386800,"1953-09-01 21:00:00",34.76,34.76,34.76,34.76,0
-512791200,"1953-10-01 22:00:00",34.79,34.79,34.79,34.79,0
-510112800,"1953-11-01 22:00:00",34.86,34.86,34.86,34.86,0
-507520800,"1953-12-01 22:00:00",34.85,34.85,34.85,34.85,0
-504669600,"1954-01-03 22:00:00",34.86,34.86,34.86,34.86,0
-502164000,"1954-02-01 22:00:00",34.88,34.88,34.88,34.88,0
-499744800,"1954-03-01 22:00:00",34.92,34.92,34.92,34.92,0
-497066400,"1954-04-01 22:00:00",35.04,35.04,35.04,35.04,0
-494305200,"1954-05-03 21:00:00",35.08,35.08,35.08,35.08,0
-491799600,"1954-06-01 21:00:00",35.07,35.07,35.07,35.07,0
-489207600,"1954-07-01 21:00:00",35.08,35.08,35.08,35.08,0
-486529200,"1954-08-01 21:00:00",35.05,35.05,35.05,35.05,0
-483850800,"1954-09-01 21:00:00",35.08,35.08,35.08,35.08,0
-481082400,"1954-10-03 22:00:00",35.08,35.08,35.08,35.08,0
-478576800,"1954-11-01 22:00:00",35.06,35.06,35.06,35.06,0
-475984800,"1954-12-01 22:00:00",35.04,35.04,35.04,35.04,0
-473133600,"1955-01-03 22:00:00",35.04,35.04,35.04,35.04,0
-470628000,"1955-02-01 22:00:00",35.05,35.05,35.05,35.05,0
-468208800,"1955-03-01 22:00:00",35.06,35.06,35.06,35.06,0
-465357600,"1955-04-03 22:00:00",35.05,35.05,35.05,35.05,0
-462942000,"1955-05-01 21:00:00",35.05,35.05,35.05,35.05,0
-460263600,"1955-06-01 21:00:00",35.04,35.04,35.04,35.04,0
-457498800,"1955-07-03 21:00:00",35.05,35.05,35.05,35.05,0
-454993200,"1955-08-01 21:00:00",35.03,35.03,35.03,35.03,0
-452314800,"1955-09-01 21:00:00",34.98,34.98,34.98,34.98,0
-449550000,"1955-10-03 21:00:00",34.98,34.98,34.98,34.98,0
-447040800,"1955-11-01 22:00:00",34.98,34.98,34.98,34.98,0
-444448800,"1955-12-01 22:00:00",34.97,34.97,34.97,34.97,0
-441770400,"1956-01-01 22:00:00",34.99,34.99,34.99,34.99,0
-439092000,"1956-02-01 22:00:00",34.99,34.99,34.99,34.99,0
-436586400,"1956-03-01 22:00:00",34.99,34.99,34.99,34.99,0
-433908000,"1956-04-01 22:00:00",34.98,34.98,34.98,34.98,0
-431319600,"1956-05-01 21:00:00",34.99,34.99,34.99,34.99,0
-428468400,"1956-06-03 21:00:00",34.98,34.98,34.98,34.98,0
-426049200,"1956-07-01 21:00:00",35,35,35,35,0
-423370800,"1956-08-01 21:00:00",35.02,35.02,35.02,35.02,0
-420519600,"1956-09-03 21:00:00",35.01,35.01,35.01,35.01,0
-418100400,"1956-10-01 21:00:00",35.02,35.02,35.02,35.02,0
-415418400,"1956-11-01 22:00:00",34.98,34.98,34.98,34.98,0
-412653600,"1956-12-03 22:00:00",34.9,34.9,34.9,34.9,0
-410148000,"1957-01-01 22:00:00",34.88,34.88,34.88,34.88,0
-407296800,"1957-02-03 22:00:00",34.89,34.89,34.89,34.89,0
-404877600,"1957-03-03 22:00:00",34.91,34.91,34.91,34.91,0
-402372000,"1957-04-01 22:00:00",34.92,34.92,34.92,34.92,0
-399783600,"1957-05-01 21:00:00",34.93,34.93,34.93,34.93,0
-396932400,"1957-06-03 21:00:00",34.99,34.99,34.99,34.99,0
-394513200,"1957-07-01 21:00:00",34.99,34.99,34.99,34.99,0
-391834800,"1957-08-01 21:00:00",34.97,34.97,34.97,34.97,0
-389156400,"1957-09-01 21:00:00",34.96,34.96,34.96,34.96,0
-386564400,"1957-10-01 21:00:00",34.97,34.97,34.97,34.97,0
-383709600,"1957-11-03 22:00:00",34.97,34.97,34.97,34.97,0
-381290400,"1957-12-01 22:00:00",34.99,34.99,34.99,34.99,0
-378612000,"1958-01-01 22:00:00",35.01,35.01,35.01,35.01,0
-375760800,"1958-02-03 22:00:00",35.08,35.08,35.08,35.08,0
-373341600,"1958-03-03 22:00:00",35.09,35.09,35.09,35.09,0
-370836000,"1958-04-01 22:00:00",35.1,35.1,35.1,35.1,0
-368247600,"1958-05-01 21:00:00",35.11,35.11,35.11,35.11,0
-365569200,"1958-06-01 21:00:00",35.1,35.1,35.1,35.1,0
-362977200,"1958-07-01 21:00:00",35.11,35.11,35.11,35.11,0
-360126000,"1958-08-03 21:00:00",35.1,35.1,35.1,35.1,0
-357620400,"1958-09-01 21:00:00",35.1,35.1,35.1,35.1,0
-355028400,"1958-10-01 21:00:00",35.11,35.11,35.11,35.11,0
-352173600,"1958-11-03 22:00:00",35.1,35.1,35.1,35.1,0
-349754400,"1958-12-01 22:00:00",35.09,35.09,35.09,35.09,0
-347076000,"1959-01-01 22:00:00",35.07,35.07,35.07,35.07,0
-344397600,"1959-02-01 22:00:00",35.06,35.06,35.06,35.06,0
-341978400,"1959-03-01 22:00:00",35.06,35.06,35.06,35.06,0
-339300000,"1959-04-01 22:00:00",35.08,35.08,35.08,35.08,0
-336538800,"1959-05-03 21:00:00",35.12,35.12,35.12,35.12,0
-334033200,"1959-06-01 21:00:00",35.12,35.12,35.12,35.12,0
-331441200,"1959-07-01 21:00:00",35.13,35.13,35.13,35.13,0
-328590000,"1959-08-03 21:00:00",35.12,35.12,35.12,35.12,0
-326084400,"1959-09-01 21:00:00",35.13,35.13,35.13,35.13,0
-323492400,"1959-10-01 21:00:00",35.1,35.1,35.1,35.1,0
-320810400,"1959-11-01 22:00:00",35.06,35.06,35.06,35.06,0
-318218400,"1959-12-01 22:00:00",35.05,35.05,35.05,35.05,0
-315367200,"1960-01-03 22:00:00",35.09,35.09,35.09,35.09,0
-312861600,"1960-02-01 22:00:00",35.09,35.09,35.09,35.09,0
-310356000,"1960-03-01 22:00:00",35.09,35.09,35.09,35.09,0
-307504800,"1960-04-03 22:00:00",35.11,35.11,35.11,35.11,0
-305089200,"1960-05-01 21:00:00",35.1,35.1,35.1,35.1,0
-302410800,"1960-06-01 21:00:00",35.09,35.09,35.09,35.09,0
-299646000,"1960-07-03 21:00:00",35.1,35.1,35.1,35.1,0
-297140400,"1960-08-01 21:00:00",35.13,35.13,35.13,35.13,0
-294462000,"1960-09-01 21:00:00",35.22,35.22,35.22,35.22,0
-291697200,"1960-10-03 21:00:00",35.78,35.78,35.78,35.78,0
-289188000,"1960-11-01 22:00:00",35.82,35.82,35.82,35.82,0
-286596000,"1960-12-01 22:00:00",35.54,35.54,35.54,35.54,0
-283917600,"1961-01-01 22:00:00",35.56,35.56,35.56,35.56,0
-281239200,"1961-02-01 22:00:00",35.17,35.17,35.17,35.17,0
-278820000,"1961-03-01 22:00:00",35.08,35.08,35.08,35.08,0
-275968800,"1961-04-03 22:00:00",35.08,35.08,35.08,35.08,0
-273553200,"1961-05-01 21:00:00",35.06,35.06,35.06,35.06,0
-270874800,"1961-06-01 21:00:00",35.07,35.07,35.07,35.07,0
-268110000,"1961-07-03 21:00:00",35.11,35.11,35.11,35.11,0
-265604400,"1961-08-01 21:00:00",35.16,35.16,35.16,35.16,0
-262753200,"1961-09-03 21:00:00",35.19,35.19,35.19,35.19,0
-260334000,"1961-10-01 21:00:00",35.19,35.19,35.19,35.19,0
-257652000,"1961-11-01 22:00:00",35.19,35.19,35.19,35.19,0
-254887200,"1961-12-03 22:00:00",35.15,35.15,35.15,35.15,0
-252381600,"1962-01-01 22:00:00",35.16,35.16,35.16,35.16,0
-249703200,"1962-02-01 22:00:00",35.13,35.13,35.13,35.13,0
-247284000,"1962-03-01 22:00:00",35.09,35.09,35.09,35.09,0
-244605600,"1962-04-01 22:00:00",35.08,35.08,35.08,35.08,0
-242017200,"1962-05-01 21:00:00",35.08,35.08,35.08,35.08,0
-239166000,"1962-06-03 21:00:00",35.1,35.1,35.1,35.1,0
-236746800,"1962-07-01 21:00:00",35.12,35.12,35.12,35.12,0
-234068400,"1962-08-01 21:00:00",35.12,35.12,35.12,35.12,0
-231217200,"1962-09-03 21:00:00",35.13,35.13,35.13,35.13,0
-228798000,"1962-10-01 21:00:00",35.14,35.14,35.14,35.14,0
-226116000,"1962-11-01 22:00:00",35.09,35.09,35.09,35.09,0
-223351200,"1962-12-03 22:00:00",35.08,35.08,35.08,35.08,0
-220845600,"1963-01-01 22:00:00",35.06,35.06,35.06,35.06,0
-217994400,"1963-02-03 22:00:00",35.08,35.08,35.08,35.08,0
-215575200,"1963-03-03 22:00:00",35.1,35.1,35.1,35.1,0
-213069600,"1963-04-01 22:00:00",35.1,35.1,35.1,35.1,0
-210481200,"1963-05-01 21:00:00",35.08,35.08,35.08,35.08,0
-207630000,"1963-06-03 21:00:00",35.08,35.08,35.08,35.08,0
-205210800,"1963-07-01 21:00:00",35.09,35.09,35.09,35.09,0
-202532400,"1963-08-01 21:00:00",35.1,35.1,35.1,35.1,0
-199854000,"1963-09-01 21:00:00",35.08,35.08,35.08,35.08,0
-197262000,"1963-10-01 21:00:00",35.08,35.08,35.08,35.08,0
-194407200,"1963-11-03 22:00:00",35.08,35.08,35.08,35.08,0
-191988000,"1963-12-01 22:00:00",35.08,35.08,35.08,35.08,0
-189309600,"1964-01-01 22:00:00",35.08,35.08,35.08,35.08,0
-186458400,"1964-02-03 22:00:00",35.08,35.08,35.08,35.08,0
-184125600,"1964-03-01 22:00:00",35.08,35.08,35.08,35.08,0
-181447200,"1964-04-01 22:00:00",35.08,35.08,35.08,35.08,0
-178686000,"1964-05-03 21:00:00",35.08,35.08,35.08,35.08,0
-176180400,"1964-06-01 21:00:00",35.08,35.08,35.08,35.08,0
-173588400,"1964-07-01 21:00:00",35.08,35.08,35.08,35.08,0
-170737200,"1964-08-03 21:00:00",35.08,35.08,35.08,35.08,0
-168231600,"1964-09-01 21:00:00",35.09,35.09,35.09,35.09,0
-165639600,"1964-10-01 21:00:00",35.11,35.11,35.11,35.11,0
-162957600,"1964-11-01 22:00:00",35.1,35.1,35.1,35.1,0
-160365600,"1964-12-01 22:00:00",35.12,35.12,35.12,35.12,0
-157514400,"1965-01-03 22:00:00",35.13,35.13,35.13,35.13,0
-155008800,"1965-02-01 22:00:00",35.14,35.14,35.14,35.14,0
-152589600,"1965-03-01 22:00:00",35.16,35.16,35.16,35.16,0
-149911200,"1965-04-01 22:00:00",35.14,35.14,35.14,35.14,0
-147150000,"1965-05-03 21:00:00",35.1,35.1,35.1,35.1,0
-144644400,"1965-06-01 21:00:00",35.1,35.1,35.1,35.1,0
-142052400,"1965-07-01 21:00:00",35.12,35.12,35.12,35.12,0
-139374000,"1965-08-01 21:00:00",35.15,35.15,35.15,35.15,0
-136695600,"1965-09-01 21:00:00",35.14,35.14,35.14,35.14,0
-133930800,"1965-10-03 21:00:00",35.11,35.11,35.11,35.11,0
-131421600,"1965-11-01 22:00:00",35.11,35.11,35.11,35.11,0
-128829600,"1965-12-01 22:00:00",35.13,35.13,35.13,35.13,0
-125978400,"1966-01-03 22:00:00",35.15,35.15,35.15,35.15,0
-123472800,"1966-02-01 22:00:00",35.17,35.17,35.17,35.17,0
-121053600,"1966-03-01 22:00:00",35.15,35.15,35.15,35.15,0
-118202400,"1966-04-03 22:00:00",35.13,35.13,35.13,35.13,0
-115786800,"1966-05-01 21:00:00",35.12,35.12,35.12,35.12,0
-113108400,"1966-06-01 21:00:00",35.15,35.15,35.15,35.15,0
-110343600,"1966-07-03 21:00:00",35.18,35.18,35.18,35.18,0
-107838000,"1966-08-01 21:00:00",35.18,35.18,35.18,35.18,0
-105159600,"1966-09-01 21:00:00",35.19,35.19,35.19,35.19,0
-102394800,"1966-10-03 21:00:00",35.16,35.16,35.16,35.16,0
-99885600,"1966-11-01 22:00:00",35.16,35.16,35.16,35.16,0
-97293600,"1966-12-01 22:00:00",35.18,35.18,35.18,35.18,0
-94615200,"1967-01-01 22:00:00",35.18,35.18,35.18,35.18,0
-91936800,"1967-02-01 22:00:00",35.17,35.17,35.17,35.17,0
-89517600,"1967-03-01 22:00:00",35.16,35.16,35.16,35.16,0
-86666400,"1967-04-03 22:00:00",35.17,35.17,35.17,35.17,0
-84250800,"1967-05-01 21:00:00",35.18,35.18,35.18,35.18,0
-81572400,"1967-06-01 21:00:00",35.19,35.19,35.19,35.19,0
-78807600,"1967-07-03 21:00:00",35.19,35.19,35.19,35.19,0
-76302000,"1967-08-01 21:00:00",35.19,35.19,35.19,35.19,0
-73450800,"1967-09-03 21:00:00",35.19,35.19,35.19,35.19,0
-71031600,"1967-10-01 21:00:00",35.19,35.19,35.19,35.19,0
-68349600,"1967-11-01 22:00:00",35.2,35.2,35.2,35.2,0
-65584800,"1967-12-03 22:00:00",35.19,35.19,35.19,35.19,0
-63079200,"1968-01-01 22:00:00",35.18,35.18,35.18,35.18,0
-60400800,"1968-02-01 22:00:00",35.2,35.2,35.2,35.2,0
-57722400,"1968-03-03 22:00:00",35.2,35.2,35.2,35.2,0
-55216800,"1968-04-01 22:00:00",37.878,37.878,37.878,37.878,0
-52628400,"1968-05-01 21:00:00",40.691,40.691,40.691,40.691,0
-49777200,"1968-06-03 21:00:00",41.111,41.111,41.111,41.111,0
-47358000,"1968-07-01 21:00:00",39.53,39.53,39.53,39.53,0
-44679600,"1968-08-01 21:00:00",39.17,39.17,39.17,39.17,0
-42001200,"1968-09-01 21:00:00",40.203,40.203,40.203,40.203,0
-39409200,"1968-10-01 21:00:00",39.21,39.21,39.21,39.21,0
-36554400,"1968-11-03 22:00:00",39.795,39.795,39.795,39.795,0
-34135200,"1968-12-01 22:00:00",41.113,41.113,41.113,41.113,0
-31456800,"1969-01-01 22:00:00",42.291,42.291,42.291,42.291,0
-28605600,"1969-02-03 22:00:00",42.616,42.616,42.616,42.616,0
-26186400,"1969-03-03 22:00:00",43.171,43.171,43.171,43.171,0
-23680800,"1969-04-01 22:00:00",43.295,43.295,43.295,43.295,0
-21092400,"1969-05-01 21:00:00",43.461,43.461,43.461,43.461,0
-18414000,"1969-06-01 21:00:00",41.442,41.442,41.442,41.442,0
-15822000,"1969-07-01 21:00:00",41.755,41.755,41.755,41.755,0
-12970800,"1969-08-03 21:00:00",41.128,41.128,41.128,41.128,0
-10465200,"1969-09-01 21:00:00",40.865,40.865,40.865,40.865,0
-7873200,"1969-10-01 21:00:00",40.476,40.476,40.476,40.476,0
-5018400,"1969-11-03 22:00:00",37.452,37.452,37.452,37.452,0
-2599200,"1969-12-01 22:00:00",35.189,35.189,35.189,35.189,0
338400,"1970-01-04 22:00:00",35.4,35.4,35.4,35.4,0
424800,"1970-01-05 22:00:00",35.25,35.25,35.25,35.25,0
511200,"1970-01-06 22:00:00",35.2,35.2,35.2,35.2,0
597600,"1970-01-07 22:00:00",35.15,35.15,35.15,35.15,0
684000,"1970-01-08 22:00:00",35.1,35.1,35.1,35.1,0
943200,"1970-01-11 22:00:00",35.15,35.15,35.15,35.15,0
1029600,"1970-01-12 22:00:00",35.15,35.15,35.15,35.15,0
1116000,"1970-01-13 22:00:00",35.1,35.1,35.1,35.1,0
1202400,"1970-01-14 22:00:00",35,35,35,35,0
1288800,"1970-01-15 22:00:00",34.95,34.95,34.95,34.95,0
1548000,"1970-01-18 22:00:00",34.95,34.95,34.95,34.95,0
1634400,"1970-01-19 22:00:00",35.05,35.05,35.05,35.05,0
1720800,"1970-01-20 22:00:00",35.05,35.05,35.05,35.05,0
1807200,"1970-01-21 22:00:00",35.2,35.2,35.2,35.2,0
1893600,"1970-01-22 22:00:00",35.2,35.2,35.2,35.2,0
2152800,"1970-01-25 22:00:00",35.15,35.15,35.15,35.15,0
2239200,"1970-01-26 22:00:00",35.25,35.25,35.25,35.25,0
2325600,"1970-01-27 22:00:00",35.2,35.2,35.2,35.2,0
2412000,"1970-01-28 22:00:00",35.2,35.2,35.2,35.2,0
2498400,"1970-01-29 22:00:00",35.2,35.2,35.2,35.2,0
2757600,"1970-02-01 22:00:00",35.2,35.2,35.2,35.2,0
2844000,"1970-02-02 22:00:00",35.2,35.2,35.2,35.2,0
2930400,"1970-02-03 22:00:00",35.2,35.2,35.2,35.2,0
3016800,"1970-02-04 22:00:00",35.2,35.2,35.2,35.2,0
3103200,"1970-02-05 22:00:00",35.2,35.2,35.2,35.2,0
3362400,"1970-02-08 22:00:00",35.2,35.2,35.2,35.2,0
3448800,"1970-02-09 22:00:00",35.25,35.25,35.25,35.25,0
3535200,"1970-02-10 22:00:00",35.2,35.2,35.2,35.2,0
3621600,"1970-02-11 22:00:00",35.2,35.2,35.2,35.2,0
3708000,"1970-02-12 22:00:00",35.2,35.2,35.2,35.2,0
3967200,"1970-02-15 22:00:00",35.2,35.2,35.2,35.2,0
4053600,"1970-02-16 22:00:00",35.2,35.2,35.2,35.2,0
4140000,"1970-02-17 22:00:00",35.15,35.15,35.15,35.15,0
4226400,"1970-02-18 22:00:00",35.2,35.2,35.2,35.2,0
4312800,"1970-02-19 22:00:00",35.2,35.2,35.2,35.2,0
4658400,"1970-02-23 22:00:00",35.2,35.2,35.2,35.2,0
4744800,"1970-02-24 22:00:00",35.2,35.2,35.2,35.2,0
4831200,"1970-02-25 22:00:00",35.2,35.2,35.2,35.2,0
4917600,"1970-02-26 22:00:00",35.2,35.2,35.2,35.2,0
5176800,"1970-03-01 22:00:00",35.2,35.2,35.2,35.2,0
5263200,"1970-03-02 22:00:00",35.2,35.2,35.2,35.2,0
5349600,"1970-03-03 22:00:00",35.15,35.15,35.15,35.15,0
5436000,"1970-03-04 22:00:00",35.2,35.2,35.2,35.2,0
5522400,"1970-03-05 22:00:00",35.15,35.15,35.15,35.15,0
5781600,"1970-03-08 22:00:00",35.15,35.15,35.15,35.15,0
5868000,"1970-03-09 22:00:00",35.15,35.15,35.15,35.15,0
5954400,"1970-03-10 22:00:00",35.2,35.2,35.2,35.2,0
6040800,"1970-03-11 22:00:00",35.2,35.2,35.2,35.2,0
6127200,"1970-03-12 22:00:00",35.25,35.25,35.25,35.25,0
6386400,"1970-03-15 22:00:00",35.25,35.25,35.25,35.25,0
6472800,"1970-03-16 22:00:00",35.25,35.25,35.25,35.25,0
6559200,"1970-03-17 22:00:00",35.35,35.35,35.35,35.35,0
6645600,"1970-03-18 22:00:00",35.4,35.4,35.4,35.4,0
6732000,"1970-03-19 22:00:00",35.35,35.35,35.35,35.35,0
6991200,"1970-03-22 22:00:00",35.35,35.35,35.35,35.35,0
7077600,"1970-03-23 22:00:00",35.4,35.4,35.4,35.4,0
7164000,"1970-03-24 22:00:00",35.5,35.5,35.5,35.5,0
7250400,"1970-03-25 22:00:00",35.45,35.45,35.45,35.45,0
7596000,"1970-03-29 22:00:00",35.45,35.45,35.45,35.45,0
7682400,"1970-03-30 22:00:00",35.5,35.5,35.5,35.5,0
7768800,"1970-03-31 22:00:00",35.55,35.55,35.55,35.55,0
7855200,"1970-04-01 22:00:00",35.55,35.55,35.55,35.55,0
7941600,"1970-04-02 22:00:00",35.55,35.55,35.55,35.55,0
8200800,"1970-04-05 22:00:00",35.45,35.45,35.45,35.45,0
8287200,"1970-04-06 22:00:00",35.5,35.5,35.5,35.5,0
8373600,"1970-04-07 22:00:00",35.6,35.6,35.6,35.6,0
8460000,"1970-04-08 22:00:00",35.6,35.6,35.6,35.6,0
8546400,"1970-04-09 22:00:00",35.6,35.6,35.6,35.6,0
8805600,"1970-04-12 22:00:00",35.65,35.65,35.65,35.65,0
8892000,"1970-04-13 22:00:00",35.9,35.9,35.9,35.9,0
8978400,"1970-04-14 22:00:00",35.85,35.85,35.85,35.85,0
9064800,"1970-04-15 22:00:00",36,36,36,36,0
9151200,"1970-04-16 22:00:00",36,36,36,36,0
9410400,"1970-04-19 22:00:00",36.05,36.05,36.05,36.05,0
9496800,"1970-04-20 22:00:00",36.15,36.15,36.15,36.15,0
9583200,"1970-04-21 22:00:00",36.2,36.2,36.2,36.2,0
9669600,"1970-04-22 22:00:00",36.1,36.1,36.1,36.1,0
9756000,"1970-04-23 22:00:00",36.05,36.05,36.05,36.05,0
10011600,"1970-04-26 21:00:00",35.95,35.95,35.95,35.95,0
10098000,"1970-04-27 21:00:00",36.1,36.1,36.1,36.1,0
10184400,"1970-04-28 21:00:00",36.1,36.1,36.1,36.1,0
10270800,"1970-04-29 21:00:00",36.1,36.1,36.1,36.1,0
10357200,"1970-04-30 21:00:00",36.1,36.1,36.1,36.1,0
10616400,"1970-05-03 21:00:00",36.15,36.15,36.15,36.15,0
10702800,"1970-05-04 21:00:00",36.45,36.45,36.45,36.45,0
10789200,"1970-05-05 21:00:00",36.45,36.45,36.45,36.45,0
10875600,"1970-05-06 21:00:00",36.45,36.45,36.45,36.45,0
10962000,"1970-05-07 21:00:00",36.4,36.4,36.4,36.4,0
11221200,"1970-05-10 21:00:00",36.35,36.35,36.35,36.35,0
11307600,"1970-05-11 21:00:00",36.25,36.25,36.25,36.25,0
11394000,"1970-05-12 21:00:00",36.15,36.15,36.15,36.15,0
11480400,"1970-05-13 21:00:00",36.15,36.15,36.15,36.15,0
11566800,"1970-05-14 21:00:00",36.2,36.2,36.2,36.2,0
11826000,"1970-05-17 21:00:00",36.2,36.2,36.2,36.2,0
11912400,"1970-05-18 21:00:00",36.2,36.2,36.2,36.2,0
11998800,"1970-05-19 21:00:00",36.2,36.2,36.2,36.2,0
12085200,"1970-05-20 21:00:00",36.15,36.15,36.15,36.15,0
12171600,"1970-05-21 21:00:00",36.1,36.1,36.1,36.1,0
12430800,"1970-05-24 21:00:00",36.1,36.1,36.1,36.1,0
12517200,"1970-05-25 21:00:00",36.05,36.05,36.05,36.05,0
12603600,"1970-05-26 21:00:00",36,36,36,36,0
12690000,"1970-05-27 21:00:00",35.85,35.85,35.85,35.85,0
13035600,"1970-05-31 21:00:00",35.6,35.6,35.6,35.6,0
13122000,"1970-06-01 21:00:00",35.45,35.45,35.45,35.45,0
13208400,"1970-06-02 21:00:00",35.35,35.35,35.35,35.35,0
13294800,"1970-06-03 21:00:00",35.4,35.4,35.4,35.4,0
13381200,"1970-06-04 21:00:00",35.45,35.45,35.45,35.45,0
13640400,"1970-06-07 21:00:00",35.75,35.75,35.75,35.75,0
13726800,"1970-06-08 21:00:00",35.75,35.75,35.75,35.75,0
13813200,"1970-06-09 21:00:00",35.8,35.8,35.8,35.8,0
13899600,"1970-06-10 21:00:00",35.9,35.9,35.9,35.9,0
13986000,"1970-06-11 21:00:00",35.85,35.85,35.85,35.85,0
14245200,"1970-06-14 21:00:00",35.75,35.75,35.75,35.75,0
14331600,"1970-06-15 21:00:00",35.6,35.6,35.6,35.6,0
14418000,"1970-06-16 21:00:00",35.65,35.65,35.65,35.65,0
14504400,"1970-06-17 21:00:00",35.65,35.65,35.65,35.65,0
14590800,"1970-06-18 21:00:00",35.6,35.6,35.6,35.6,0
14850000,"1970-06-21 21:00:00",35.65,35.65,35.65,35.65,0
14936400,"1970-06-22 21:00:00",35.65,35.65,35.65,35.65,0
15022800,"1970-06-23 21:00:00",35.8,35.8,35.8,35.8,0
15109200,"1970-06-24 21:00:00",35.7,35.7,35.7,35.7,0
15195600,"1970-06-25 21:00:00",35.65,35.65,35.65,35.65,0
15454800,"1970-06-28 21:00:00",35.75,35.75,35.75,35.75,0
15541200,"1970-06-29 21:00:00",35.75,35.75,35.75,35.75,0
15627600,"1970-06-30 21:00:00",35.75,35.75,35.75,35.75,0
15714000,"1970-07-01 21:00:00",35.7,35.7,35.7,35.7,0
16059600,"1970-07-05 21:00:00",35.6,35.6,35.6,35.6,0
16146000,"1970-07-06 21:00:00",35.55,35.55,35.55,35.55,0
16232400,"1970-07-07 21:00:00",35.55,35.55,35.55,35.55,0
16318800,"1970-07-08 21:00:00",35.5,35.5,35.5,35.5,0
16405200,"1970-07-09 21:00:00",35.55,35.55,35.55,35.55,0
16664400,"1970-07-12 21:00:00",35.55,35.55,35.55,35.55,0
16750800,"1970-07-13 21:00:00",35.55,35.55,35.55,35.55,0
16837200,"1970-07-14 21:00:00",35.5,35.5,35.5,35.5,0
16923600,"1970-07-15 21:00:00",35.5,35.5,35.5,35.5,0
17010000,"1970-07-16 21:00:00",35.55,35.55,35.55,35.55,0
17269200,"1970-07-19 21:00:00",35.55,35.55,35.55,35.55,0
17355600,"1970-07-20 21:00:00",35.5,35.5,35.5,35.5,0
17442000,"1970-07-21 21:00:00",35.5,35.5,35.5,35.5,0
17528400,"1970-07-22 21:00:00",35.5,35.5,35.5,35.5,0
17614800,"1970-07-23 21:00:00",35.55,35.55,35.55,35.55,0
17874000,"1970-07-26 21:00:00",35.55,35.55,35.55,35.55,0
17960400,"1970-07-27 21:00:00",35.55,35.55,35.55,35.55,0
18046800,"1970-07-28 21:00:00",35.5,35.5,35.5,35.5,0
18133200,"1970-07-29 21:00:00",35.55,35.55,35.55,35.55,0
18219600,"1970-07-30 21:00:00",35.55,35.55,35.55,35.55,0
18478800,"1970-08-02 21:00:00",35.55,35.55,35.55,35.55,0
18565200,"1970-08-03 21:00:00",35.55,35.55,35.55,35.55,0
18651600,"1970-08-04 21:00:00",35.55,35.55,35.55,35.55,0
18738000,"1970-08-05 21:00:00",35.55,35.55,35.55,35.55,0
18824400,"1970-08-06 21:00:00",35.55,35.55,35.55,35.55,0
19083600,"1970-08-09 21:00:00",35.5,35.5,35.5,35.5,0
19170000,"1970-08-10 21:00:00",35.5,35.5,35.5,35.5,0
19256400,"1970-08-11 21:00:00",35.5,35.5,35.5,35.5,0
19342800,"1970-08-12 21:00:00",35.5,35.5,35.5,35.5,0
19429200,"1970-08-13 21:00:00",35.5,35.5,35.5,35.5,0
19688400,"1970-08-16 21:00:00",35.5,35.5,35.5,35.5,0
19774800,"1970-08-17 21:00:00",35.5,35.5,35.5,35.5,0
19861200,"1970-08-18 21:00:00",35.5,35.5,35.5,35.5,0
19947600,"1970-08-19 21:00:00",35.5,35.5,35.5,35.5,0
20034000,"1970-08-20 21:00:00",35.65,35.65,35.65,35.65,0
20293200,"1970-08-23 21:00:00",35.7,35.7,35.7,35.7,0
20379600,"1970-08-24 21:00:00",35.85,35.85,35.85,35.85,0
20466000,"1970-08-25 21:00:00",35.95,35.95,35.95,35.95,0
20552400,"1970-08-26 21:00:00",36,36,36,36,0
20638800,"1970-08-27 21:00:00",36.05,36.05,36.05,36.05,0
20898000,"1970-08-30 21:00:00",36.1,36.1,36.1,36.1,0
20984400,"1970-08-31 21:00:00",36.15,36.15,36.15,36.15,0
21070800,"1970-09-01 21:00:00",36.35,36.35,36.35,36.35,0
21157200,"1970-09-02 21:00:00",36.55,36.55,36.55,36.55,0
21243600,"1970-09-03 21:00:00",36.5,36.5,36.5,36.5,0
21589200,"1970-09-07 21:00:00",36.35,36.35,36.35,36.35,0
21675600,"1970-09-08 21:00:00",36.5,36.5,36.5,36.5,0
21762000,"1970-09-09 21:00:00",36.45,36.45,36.45,36.45,0
21848400,"1970-09-10 21:00:00",36.6,36.6,36.6,36.6,0
22107600,"1970-09-13 21:00:00",36.55,36.55,36.55,36.55,0
22194000,"1970-09-14 21:00:00",36.45,36.45,36.45,36.45,0
22280400,"1970-09-15 21:00:00",36.3,36.3,36.3,36.3,0
22366800,"1970-09-16 21:00:00",36.45,36.45,36.45,36.45,0
22453200,"1970-09-17 21:00:00",36.4,36.4,36.4,36.4,0
22712400,"1970-09-20 21:00:00",36.5,36.5,36.5,36.5,0
22798800,"1970-09-21 21:00:00",36.55,36.55,36.55,36.55,0
22885200,"1970-09-22 21:00:00",36.45,36.45,36.45,36.45,0
22971600,"1970-09-23 21:00:00",36.5,36.5,36.5,36.5,0
23058000,"1970-09-24 21:00:00",36.4,36.4,36.4,36.4,0
23317200,"1970-09-27 21:00:00",36.45,36.45,36.45,36.45,0
23403600,"1970-09-28 21:00:00",36.45,36.45,36.45,36.45,0
23490000,"1970-09-29 21:00:00",36.65,36.65,36.65,36.65,0
23576400,"1970-09-30 21:00:00",36.6,36.6,36.6,36.6,0
23662800,"1970-10-01 21:00:00",36.6,36.6,36.6,36.6,0
23922000,"1970-10-04 21:00:00",37,37,37,37,0
24008400,"1970-10-05 21:00:00",37.1,37.1,37.1,37.1,0
24094800,"1970-10-06 21:00:00",36.95,36.95,36.95,36.95,0
24181200,"1970-10-07 21:00:00",37,37,37,37,0
24267600,"1970-10-08 21:00:00",37.2,37.2,37.2,37.2,0
24526800,"1970-10-11 21:00:00",37.45,37.45,37.45,37.45,0
24613200,"1970-10-12 21:00:00",37.65,37.65,37.65,37.65,0
24699600,"1970-10-13 21:00:00",37.5,37.5,37.5,37.5,0
24786000,"1970-10-14 21:00:00",37.8,37.8,37.8,37.8,0
24872400,"1970-10-15 21:00:00",37.75,37.75,37.75,37.75,0
25131600,"1970-10-18 21:00:00",37.85,37.85,37.85,37.85,0
25218000,"1970-10-19 21:00:00",38.15,38.15,38.15,38.15,0
25304400,"1970-10-20 21:00:00",38.2,38.2,38.2,38.2,0
25390800,"1970-10-21 21:00:00",38.25,38.25,38.25,38.25,0
25477200,"1970-10-22 21:00:00",38.7,38.7,38.7,38.7,0
25740000,"1970-10-25 22:00:00",39.2,39.2,39.2,39.2,0
25826400,"1970-10-26 22:00:00",39.3,39.3,39.3,39.3,0
25912800,"1970-10-27 22:00:00",38.95,38.95,38.95,38.95,0
25999200,"1970-10-28 22:00:00",38.45,38.45,38.45,38.45,0
26085600,"1970-10-29 22:00:00",37.55,37.55,37.55,37.55,0
26344800,"1970-11-01 22:00:00",37.9,37.9,37.9,37.9,0
26517600,"1970-11-03 22:00:00",37.45,37.45,37.45,37.45,0
26604000,"1970-11-04 22:00:00",37.05,37.05,37.05,37.05,0
26690400,"1970-11-05 22:00:00",37.4,37.4,37.4,37.4,0
26949600,"1970-11-08 22:00:00",37.65,37.65,37.65,37.65,0
27036000,"1970-11-09 22:00:00",37.65,37.65,37.65,37.65,0
27122400,"1970-11-10 22:00:00",37.5,37.5,37.5,37.5,0
27208800,"1970-11-11 22:00:00",37.65,37.65,37.65,37.65,0
27295200,"1970-11-12 22:00:00",37.95,37.95,37.95,37.95,0
27554400,"1970-11-15 22:00:00",37.95,37.95,37.95,37.95,0
27640800,"1970-11-16 22:00:00",37.95,37.95,37.95,37.95,0
27727200,"1970-11-17 22:00:00",37.75,37.75,37.75,37.75,0
27813600,"1970-11-18 22:00:00",37.7,37.7,37.7,37.7,0
27900000,"1970-11-19 22:00:00",37.9,37.9,37.9,37.9,0
28159200,"1970-11-22 22:00:00",37.75,37.75,37.75,37.75,0
28245600,"1970-11-23 22:00:00",37.9,37.9,37.9,37.9,0
28332000,"1970-11-24 22:00:00",37.95,37.95,37.95,37.95,0
28764000,"1970-11-29 22:00:00",37.8,37.8,37.8,37.8,0
28850400,"1970-11-30 22:00:00",37.75,37.75,37.75,37.75,0
28936800,"1970-12-01 22:00:00",37.85,37.85,37.85,37.85,0
29023200,"1970-12-02 22:00:00",37.85,37.85,37.85,37.85,0
29109600,"1970-12-03 22:00:00",37.85,37.85,37.85,37.85,0
29368800,"1970-12-06 22:00:00",37.7,37.7,37.7,37.7,0
29455200,"1970-12-07 22:00:00",37.65,37.65,37.65,37.65,0
29541600,"1970-12-08 22:00:00",37.4,37.4,37.4,37.4,0
29628000,"1970-12-09 22:00:00",37.45,37.45,37.45,37.45,0
29714400,"1970-12-10 22:00:00",37.45,37.45,37.45,37.45,0
29973600,"1970-12-13 22:00:00",37.6,37.6,37.6,37.6,0
30060000,"1970-12-14 22:00:00",37.9,37.9,37.9,37.9,0
30146400,"1970-12-15 22:00:00",37.85,37.85,37.85,37.85,0
30232800,"1970-12-16 22:00:00",37.9,37.9,37.9,37.9,0
30319200,"1970-12-17 22:00:00",37.9,37.9,37.9,37.9,0
30578400,"1970-12-20 22:00:00",37.9,37.9,37.9,37.9,0
30664800,"1970-12-21 22:00:00",37.95,37.95,37.95,37.95,0
30751200,"1970-12-22 22:00:00",37.6,37.6,37.6,37.6,0
30837600,"1970-12-23 22:00:00",37.65,37.65,37.65,37.65,0
31183200,"1970-12-27 22:00:00",37.65,37.65,37.65,37.65,0
31269600,"1970-12-28 22:00:00",37.65,37.65,37.65,37.65,0
31356000,"1970-12-29 22:00:00",37.7,37.7,37.7,37.7,0
31442400,"1970-12-30 22:00:00",37.65,37.65,37.65,37.65,0
31788000,"1971-01-03 22:00:00",37.75,37.75,37.75,37.75,0
31874400,"1971-01-04 22:00:00",37.8,37.8,37.8,37.8,0
31960800,"1971-01-05 22:00:00",37.7,37.7,37.7,37.7,0
32047200,"1971-01-06 22:00:00",37.7,37.7,37.7,37.7,0
32133600,"1971-01-07 22:00:00",37.75,37.75,37.75,37.75,0
32392800,"1971-01-10 22:00:00",38,38,38,38,0
32479200,"1971-01-11 22:00:00",38.25,38.25,38.25,38.25,0
32565600,"1971-01-12 22:00:00",38.3,38.3,38.3,38.3,0
32652000,"1971-01-13 22:00:00",38.25,38.25,38.25,38.25,0
32738400,"1971-01-14 22:00:00",38.4,38.4,38.4,38.4,0
32997600,"1971-01-17 22:00:00",38.35,38.35,38.35,38.35,0
33084000,"1971-01-18 22:00:00",38.2,38.2,38.2,38.2,0
33170400,"1971-01-19 22:00:00",38.4,38.4,38.4,38.4,0
33256800,"1971-01-20 22:00:00",38.35,38.35,38.35,38.35,0
33343200,"1971-01-21 22:00:00",38.25,38.25,38.25,38.25,0
33602400,"1971-01-24 22:00:00",38.35,38.35,38.35,38.35,0
33688800,"1971-01-25 22:00:00",38.45,38.45,38.45,38.45,0
33775200,"1971-01-26 22:00:00",38.3,38.3,38.3,38.3,0
33861600,"1971-01-27 22:00:00",38.35,38.35,38.35,38.35,0
33948000,"1971-01-28 22:00:00",38.35,38.35,38.35,38.35,0
34207200,"1971-01-31 22:00:00",38.45,38.45,38.45,38.45,0
34293600,"1971-02-01 22:00:00",38.8,38.8,38.8,38.8,0
34380000,"1971-02-02 22:00:00",39.2,39.2,39.2,39.2,0
34466400,"1971-02-03 22:00:00",38.75,38.75,38.75,38.75,0
34552800,"1971-02-04 22:00:00",38.75,38.75,38.75,38.75,0
34812000,"1971-02-07 22:00:00",38.95,38.95,38.95,38.95,0
34898400,"1971-02-08 22:00:00",39.15,39.15,39.15,39.15,0
34984800,"1971-02-09 22:00:00",39.15,39.15,39.15,39.15,0
35071200,"1971-02-10 22:00:00",39.25,39.25,39.25,39.25,0
35157600,"1971-02-11 22:00:00",39.15,39.15,39.15,39.15,0
35503200,"1971-02-15 22:00:00",39.25,39.25,39.25,39.25,0
35589600,"1971-02-16 22:00:00",39.15,39.15,39.15,39.15,0
35676000,"1971-02-17 22:00:00",39.15,39.15,39.15,39.15,0
35762400,"1971-02-18 22:00:00",39.05,39.05,39.05,39.05,0
36021600,"1971-02-21 22:00:00",39.05,39.05,39.05,39.05,0
36108000,"1971-02-22 22:00:00",39.1,39.1,39.1,39.1,0
36194400,"1971-02-23 22:00:00",39.05,39.05,39.05,39.05,0
36280800,"1971-02-24 22:00:00",39.1,39.1,39.1,39.1,0
36367200,"1971-02-25 22:00:00",39.1,39.1,39.1,39.1,0
36626400,"1971-02-28 22:00:00",39,39,39,39,0
36712800,"1971-03-01 22:00:00",39,39,39,39,0
36799200,"1971-03-02 22:00:00",39.1,39.1,39.1,39.1,0
36885600,"1971-03-03 22:00:00",39.05,39.05,39.05,39.05,0
36972000,"1971-03-04 22:00:00",39.05,39.05,39.05,39.05,0
37231200,"1971-03-07 22:00:00",39.1,39.1,39.1,39.1,0
37317600,"1971-03-08 22:00:00",39.1,39.1,39.1,39.1,0
37404000,"1971-03-09 22:00:00",39.15,39.15,39.15,39.15,0
37490400,"1971-03-10 22:00:00",39.3,39.3,39.3,39.3,0
37576800,"1971-03-11 22:00:00",39.3,39.3,39.3,39.3,0
37836000,"1971-03-14 22:00:00",39.3,39.3,39.3,39.3,0
37922400,"1971-03-15 22:00:00",39.2,39.2,39.2,39.2,0
38008800,"1971-03-16 22:00:00",39.15,39.15,39.15,39.15,0
38095200,"1971-03-17 22:00:00",39.3,39.3,39.3,39.3,0
38181600,"1971-03-18 22:00:00",39.2,39.2,39.2,39.2,0
38440800,"1971-03-21 22:00:00",39.2,39.2,39.2,39.2,0
38527200,"1971-03-22 22:00:00",39.25,39.25,39.25,39.25,0
38613600,"1971-03-23 22:00:00",39.2,39.2,39.2,39.2,0
38700000,"1971-03-24 22:00:00",39.2,39.2,39.2,39.2,0
38786400,"1971-03-25 22:00:00",39.2,39.2,39.2,39.2,0
39045600,"1971-03-28 22:00:00",39.05,39.05,39.05,39.05,0
39132000,"1971-03-29 22:00:00",39.1,39.1,39.1,39.1,0
39218400,"1971-03-30 22:00:00",39.15,39.15,39.15,39.15,0
39304800,"1971-03-31 22:00:00",39.2,39.2,39.2,39.2,0
39391200,"1971-04-01 22:00:00",39.15,39.15,39.15,39.15,0
39650400,"1971-04-04 22:00:00",39.15,39.15,39.15,39.15,0
39736800,"1971-04-05 22:00:00",39.15,39.15,39.15,39.15,0
39823200,"1971-04-06 22:00:00",39.2,39.2,39.2,39.2,0
39909600,"1971-04-07 22:00:00",39.25,39.25,39.25,39.25,0
40255200,"1971-04-11 22:00:00",39.25,39.25,39.25,39.25,0
40341600,"1971-04-12 22:00:00",39.25,39.25,39.25,39.25,0
40428000,"1971-04-13 22:00:00",39.2,39.2,39.2,39.2,0
40514400,"1971-04-14 22:00:00",39.2,39.2,39.2,39.2,0
40600800,"1971-04-15 22:00:00",39.25,39.25,39.25,39.25,0
40860000,"1971-04-18 22:00:00",39.25,39.25,39.25,39.25,0
40946400,"1971-04-19 22:00:00",39.2,39.2,39.2,39.2,0
41032800,"1971-04-20 22:00:00",39.2,39.2,39.2,39.2,0
41119200,"1971-04-21 22:00:00",39.45,39.45,39.45,39.45,0
41205600,"1971-04-22 22:00:00",39.3,39.3,39.3,39.3,0
41461200,"1971-04-25 21:00:00",39.2,39.2,39.2,39.2,0
41547600,"1971-04-26 21:00:00",39.2,39.2,39.2,39.2,0
41634000,"1971-04-27 21:00:00",39.45,39.45,39.45,39.45,0
41720400,"1971-04-28 21:00:00",39.7,39.7,39.7,39.7,0
41806800,"1971-04-29 21:00:00",39.95,39.95,39.95,39.95,0
42066000,"1971-05-02 21:00:00",39.7,39.7,39.7,39.7,0
42152400,"1971-05-03 21:00:00",39.95,39.95,39.95,39.95,0
42238800,"1971-05-04 21:00:00",40.4,40.4,40.4,40.4,0
42325200,"1971-05-05 21:00:00",40.65,40.65,40.65,40.65,0
42411600,"1971-05-06 21:00:00",40.1,40.1,40.1,40.1,0
42670800,"1971-05-09 21:00:00",40.1,40.1,40.1,40.1,0
42757200,"1971-05-10 21:00:00",40.5,40.5,40.5,40.5,0
42843600,"1971-05-11 21:00:00",40.75,40.75,40.75,40.75,0
42930000,"1971-05-12 21:00:00",41.15,41.15,41.15,41.15,0
43016400,"1971-05-13 21:00:00",41.55,41.55,41.55,41.55,0
43275600,"1971-05-16 21:00:00",41.05,41.05,41.05,41.05,0
43362000,"1971-05-17 21:00:00",41.2,41.2,41.2,41.2,0
43448400,"1971-05-18 21:00:00",40.95,40.95,40.95,40.95,0
43534800,"1971-05-19 21:00:00",41.45,41.45,41.45,41.45,0
43621200,"1971-05-20 21:00:00",41.25,41.25,41.25,41.25,0
43880400,"1971-05-23 21:00:00",41.1,41.1,41.1,41.1,0
43966800,"1971-05-24 21:00:00",41.3,41.3,41.3,41.3,0
44053200,"1971-05-25 21:00:00",41.15,41.15,41.15,41.15,0
44139600,"1971-05-26 21:00:00",41.1,41.1,41.1,41.1,0
44226000,"1971-05-27 21:00:00",41.15,41.15,41.15,41.15,0
44571600,"1971-05-31 21:00:00",41.15,41.15,41.15,41.15,0
44658000,"1971-06-01 21:00:00",40.9,40.9,40.9,40.9,0
44744400,"1971-06-02 21:00:00",40.9,40.9,40.9,40.9,0
44830800,"1971-06-03 21:00:00",40.9,40.9,40.9,40.9,0
45090000,"1971-06-06 21:00:00",40.75,40.75,40.75,40.75,0
45176400,"1971-06-07 21:00:00",40.75,40.75,40.75,40.75,0
45262800,"1971-06-08 21:00:00",40.2,40.2,40.2,40.2,0
45349200,"1971-06-09 21:00:00",40.05,40.05,40.05,40.05,0
45435600,"1971-06-10 21:00:00",39.9,39.9,39.9,39.9,0
45694800,"1971-06-13 21:00:00",39.85,39.85,39.85,39.85,0
45781200,"1971-06-14 21:00:00",39.9,39.9,39.9,39.9,0
45867600,"1971-06-15 21:00:00",40.3,40.3,40.3,40.3,0
45954000,"1971-06-16 21:00:00",40.15,40.15,40.15,40.15,0
46040400,"1971-06-17 21:00:00",40.2,40.2,40.2,40.2,0
46299600,"1971-06-20 21:00:00",40.25,40.25,40.25,40.25,0
46386000,"1971-06-21 21:00:00",40.4,40.4,40.4,40.4,0
46472400,"1971-06-22 21:00:00",40.6,40.6,40.6,40.6,0
46558800,"1971-06-23 21:00:00",40.65,40.65,40.65,40.65,0
46645200,"1971-06-24 21:00:00",40.4,40.4,40.4,40.4,0
46904400,"1971-06-27 21:00:00",40.25,40.25,40.25,40.25,0
46990800,"1971-06-28 21:00:00",40.2,40.2,40.2,40.2,0
47077200,"1971-06-29 21:00:00",40.4,40.4,40.4,40.4,0
47163600,"1971-06-30 21:00:00",40.55,40.55,40.55,40.55,0
47250000,"1971-07-01 21:00:00",40.65,40.65,40.65,40.65,0
47595600,"1971-07-05 21:00:00",40.6,40.6,40.6,40.6,0
47682000,"1971-07-06 21:00:00",40.55,40.55,40.55,40.55,0
47768400,"1971-07-07 21:00:00",40.55,40.55,40.55,40.55,0
47854800,"1971-07-08 21:00:00",40.5,40.5,40.5,40.5,0
48114000,"1971-07-11 21:00:00",40.65,40.65,40.65,40.65,0
48200400,"1971-07-12 21:00:00",40.6,40.6,40.6,40.6,0
48286800,"1971-07-13 21:00:00",40.6,40.6,40.6,40.6,0
48373200,"1971-07-14 21:00:00",40.7,40.7,40.7,40.7,0
48459600,"1971-07-15 21:00:00",41,41,41,41,0
48718800,"1971-07-18 21:00:00",41.3,41.3,41.3,41.3,0
48805200,"1971-07-19 21:00:00",41.2,41.2,41.2,41.2,0
48891600,"1971-07-20 21:00:00",41.45,41.45,41.45,41.45,0
48978000,"1971-07-21 21:00:00",42.05,42.05,42.05,42.05,0
49064400,"1971-07-22 21:00:00",42,42,42,42,0
49323600,"1971-07-25 21:00:00",42.05,42.05,42.05,42.05,0
49410000,"1971-07-26 21:00:00",42.25,42.25,42.25,42.25,0
49496400,"1971-07-27 21:00:00",42.4,42.4,42.4,42.4,0
49582800,"1971-07-28 21:00:00",42.6,42.6,42.6,42.6,0
49669200,"1971-07-29 21:00:00",42.7,42.7,42.7,42.7,0
49928400,"1971-08-01 21:00:00",42.65,42.65,42.65,42.65,0
50014800,"1971-08-02 21:00:00",42.6,42.6,42.6,42.6,0
50101200,"1971-08-03 21:00:00",42.9,42.9,42.9,42.9,0
50187600,"1971-08-04 21:00:00",43.15,43.15,43.15,43.15,0
50274000,"1971-08-05 21:00:00",42.9,42.9,42.9,42.9,0
50533200,"1971-08-08 21:00:00",44.25,44.25,44.25,44.25,0
50619600,"1971-08-09 21:00:00",43.55,43.55,43.55,43.55,0
50706000,"1971-08-10 21:00:00",43.25,43.25,43.25,43.25,0
50792400,"1971-08-11 21:00:00",43.6,43.6,43.6,43.6,0
50878800,"1971-08-12 21:00:00",43.35,43.35,43.35,43.35,0
51224400,"1971-08-16 21:00:00",43.55,43.55,43.55,43.55,0
51310800,"1971-08-17 21:00:00",43.65,43.65,43.65,43.65,0
51397200,"1971-08-18 21:00:00",43.7,43.7,43.7,43.7,0
51483600,"1971-08-19 21:00:00",43.65,43.65,43.65,43.65,0
51742800,"1971-08-22 21:00:00",43.65,43.65,43.65,43.65,0
51829200,"1971-08-23 21:00:00",43.55,43.55,43.55,43.55,0
51915600,"1971-08-24 21:00:00",43.1,43.1,43.1,43.1,0
52002000,"1971-08-25 21:00:00",42.3,42.3,42.3,42.3,0
52088400,"1971-08-26 21:00:00",41.4,41.4,41.4,41.4,0
52347600,"1971-08-29 21:00:00",41.75,41.75,41.75,41.75,0
52434000,"1971-08-30 21:00:00",41,41,41,41,0
52520400,"1971-08-31 21:00:00",41.45,41.45,41.45,41.45,0
52606800,"1971-09-01 21:00:00",41.65,41.65,41.65,41.65,0
52693200,"1971-09-02 21:00:00",42.05,42.05,42.05,42.05,0
53038800,"1971-09-06 21:00:00",41.9,41.9,41.9,41.9,0
53125200,"1971-09-07 21:00:00",41.75,41.75,41.75,41.75,0
53211600,"1971-09-08 21:00:00",42.1,42.1,42.1,42.1,0
53298000,"1971-09-09 21:00:00",42,42,42,42,0
53557200,"1971-09-12 21:00:00",41.95,41.95,41.95,41.95,0
53643600,"1971-09-13 21:00:00",42.15,42.15,42.15,42.15,0
53730000,"1971-09-14 21:00:00",42.3,42.3,42.3,42.3,0
53816400,"1971-09-15 21:00:00",42.6,42.6,42.6,42.6,0
53902800,"1971-09-16 21:00:00",42.4,42.4,42.4,42.4,0
54162000,"1971-09-19 21:00:00",42.65,42.65,42.65,42.65,0
54248400,"1971-09-20 21:00:00",42.65,42.65,42.65,42.65,0
54334800,"1971-09-21 21:00:00",42.5,42.5,42.5,42.5,0
54421200,"1971-09-22 21:00:00",42.55,42.55,42.55,42.55,0
54507600,"1971-09-23 21:00:00",42.8,42.8,42.8,42.8,0
54766800,"1971-09-26 21:00:00",42.9,42.9,42.9,42.9,0
54853200,"1971-09-27 21:00:00",43.45,43.45,43.45,43.45,0
54939600,"1971-09-28 21:00:00",42.85,42.85,42.85,42.85,0
55026000,"1971-09-29 21:00:00",42.9,42.9,42.9,42.9,0
55112400,"1971-09-30 21:00:00",42.7,42.7,42.7,42.7,0
55371600,"1971-10-03 21:00:00",42.9,42.9,42.9,42.9,0
55458000,"1971-10-04 21:00:00",42.7,42.7,42.7,42.7,0
55544400,"1971-10-05 21:00:00",42.75,42.75,42.75,42.75,0
55630800,"1971-10-06 21:00:00",42.85,42.85,42.85,42.85,0
55717200,"1971-10-07 21:00:00",42.75,42.75,42.75,42.75,0
56062800,"1971-10-11 21:00:00",42.8,42.8,42.8,42.8,0
56149200,"1971-10-12 21:00:00",43,43,43,43,0
56235600,"1971-10-13 21:00:00",42.9,42.9,42.9,42.9,0
56322000,"1971-10-14 21:00:00",42.85,42.85,42.85,42.85,0
56581200,"1971-10-17 21:00:00",42.85,42.85,42.85,42.85,0
56667600,"1971-10-18 21:00:00",42.8,42.8,42.8,42.8,0
56754000,"1971-10-19 21:00:00",42.75,42.75,42.75,42.75,0
56840400,"1971-10-20 21:00:00",42.75,42.75,42.75,42.75,0
56926800,"1971-10-21 21:00:00",42.8,42.8,42.8,42.8,0
57186000,"1971-10-24 21:00:00",42.8,42.8,42.8,42.8,0
57272400,"1971-10-25 21:00:00",42.8,42.8,42.8,42.8,0
57358800,"1971-10-26 21:00:00",42.8,42.8,42.8,42.8,0
57445200,"1971-10-27 21:00:00",42.75,42.75,42.75,42.75,0
57531600,"1971-10-28 21:00:00",42.65,42.65,42.65,42.65,0
57794400,"1971-10-31 22:00:00",42.45,42.45,42.45,42.45,0
57967200,"1971-11-02 22:00:00",42.5,42.5,42.5,42.5,0
58053600,"1971-11-03 22:00:00",42.5,42.5,42.5,42.5,0
58140000,"1971-11-04 22:00:00",42.65,42.65,42.65,42.65,0
58399200,"1971-11-07 22:00:00",42.7,42.7,42.7,42.7,0
58485600,"1971-11-08 22:00:00",42.85,42.85,42.85,42.85,0
58572000,"1971-11-09 22:00:00",42.95,42.95,42.95,42.95,0
58658400,"1971-11-10 22:00:00",42.55,42.55,42.55,42.55,0
58744800,"1971-11-11 22:00:00",43,43,43,43,0
59004000,"1971-11-14 22:00:00",43.15,43.15,43.15,43.15,0
59090400,"1971-11-15 22:00:00",43.1,43.1,43.1,43.1,0
59176800,"1971-11-16 22:00:00",43.15,43.15,43.15,43.15,0
59263200,"1971-11-17 22:00:00",43.45,43.45,43.45,43.45,0
59349600,"1971-11-18 22:00:00",43.4,43.4,43.4,43.4,0
59608800,"1971-11-21 22:00:00",43.55,43.55,43.55,43.55,0
59695200,"1971-11-22 22:00:00",43.55,43.55,43.55,43.55,0
59781600,"1971-11-23 22:00:00",43.75,43.75,43.75,43.75,0
60213600,"1971-11-28 22:00:00",43.95,43.95,43.95,43.95,0
60300000,"1971-11-29 22:00:00",43.95,43.95,43.95,43.95,0
60386400,"1971-11-30 22:00:00",43.85,43.85,43.85,43.85,0
60472800,"1971-12-01 22:00:00",44.05,44.05,44.05,44.05,0
60559200,"1971-12-02 22:00:00",44.1,44.1,44.1,44.1,0
60818400,"1971-12-05 22:00:00",44.2,44.2,44.2,44.2,0
60904800,"1971-12-06 22:00:00",44.1,44.1,44.1,44.1,0
60991200,"1971-12-07 22:00:00",43.75,43.75,43.75,43.75,0
61077600,"1971-12-08 22:00:00",43.95,43.95,43.95,43.95,0
61164000,"1971-12-09 22:00:00",44,44,44,44,0
61423200,"1971-12-12 22:00:00",43.95,43.95,43.95,43.95,0
61509600,"1971-12-13 22:00:00",43.95,43.95,43.95,43.95,0
61596000,"1971-12-14 22:00:00",43.9,43.9,43.9,43.9,0
61682400,"1971-12-15 22:00:00",43.5,43.5,43.5,43.5,0
61768800,"1971-12-16 22:00:00",43.05,43.05,43.05,43.05,0
62028000,"1971-12-19 22:00:00",43.05,43.05,43.05,43.05,0
62114400,"1971-12-20 22:00:00",43.4,43.4,43.4,43.4,0
62200800,"1971-12-21 22:00:00",43.65,43.65,43.65,43.65,0
62287200,"1971-12-22 22:00:00",43.7,43.7,43.7,43.7,0
62632800,"1971-12-26 22:00:00",43.7,43.7,43.7,43.7,0
62719200,"1971-12-27 22:00:00",43.7,43.7,43.7,43.7,0
62805600,"1971-12-28 22:00:00",43.85,43.85,43.85,43.85,0
62892000,"1971-12-29 22:00:00",43.85,43.85,43.85,43.85,0
63237600,"1972-01-02 22:00:00",44.3,44.3,44.3,44.3,0
63324000,"1972-01-03 22:00:00",44.7,44.7,44.7,44.7,0
63410400,"1972-01-04 22:00:00",44.85,44.85,44.85,44.85,0
63496800,"1972-01-05 22:00:00",45.55,45.55,45.55,45.55,0
63583200,"1972-01-06 22:00:00",46.15,46.15,46.15,46.15,0
63842400,"1972-01-09 22:00:00",46.05,46.05,46.05,46.05,0
63928800,"1972-01-10 22:00:00",45.55,45.55,45.55,45.55,0
64015200,"1972-01-11 22:00:00",45.6,45.6,45.6,45.6,0
64101600,"1972-01-12 22:00:00",45.75,45.75,45.75,45.75,0
64188000,"1972-01-13 22:00:00",46.25,46.25,46.25,46.25,0
64447200,"1972-01-16 22:00:00",46.5,46.5,46.5,46.5,0
64533600,"1972-01-17 22:00:00",46.15,46.15,46.15,46.15,0
64620000,"1972-01-18 22:00:00",46.2,46.2,46.2,46.2,0
64706400,"1972-01-19 22:00:00",46.2,46.2,46.2,46.2,0
64792800,"1972-01-20 22:00:00",46.2,46.2,46.2,46.2,0
65052000,"1972-01-23 22:00:00",46.3,46.3,46.3,46.3,0
65138400,"1972-01-24 22:00:00",46.45,46.45,46.45,46.45,0
65224800,"1972-01-25 22:00:00",46.5,46.5,46.5,46.5,0
65311200,"1972-01-26 22:00:00",46.85,46.85,46.85,46.85,0
65397600,"1972-01-27 22:00:00",47.6,47.6,47.6,47.6,0
65656800,"1972-01-30 22:00:00",47.45,47.45,47.45,47.45,0
65743200,"1972-01-31 22:00:00",48.4,48.4,48.4,48.4,0
65829600,"1972-02-01 22:00:00",49.5,49.5,49.5,49.5,0
65916000,"1972-02-02 22:00:00",48.3,48.3,48.3,48.3,0
66002400,"1972-02-03 22:00:00",47.3,47.3,47.3,47.3,0
66261600,"1972-02-06 22:00:00",47.9,47.9,47.9,47.9,0
66348000,"1972-02-07 22:00:00",48.4,48.4,48.4,48.4,0
66434400,"1972-02-08 22:00:00",48.4,48.4,48.4,48.4,0
66520800,"1972-02-09 22:00:00",48.75,48.75,48.75,48.75,0
66607200,"1972-02-10 22:00:00",48.55,48.55,48.55,48.55,0
66866400,"1972-02-13 22:00:00",48.15,48.15,48.15,48.15,0
66952800,"1972-02-14 22:00:00",48.25,48.25,48.25,48.25,0
67039200,"1972-02-15 22:00:00",48.55,48.55,48.55,48.55,0
67125600,"1972-02-16 22:00:00",48.65,48.65,48.65,48.65,0
67212000,"1972-02-17 22:00:00",48.7,48.7,48.7,48.7,0
67557600,"1972-02-21 22:00:00",48.95,48.95,48.95,48.95,0
67644000,"1972-02-22 22:00:00",48.95,48.95,48.95,48.95,0
67730400,"1972-02-23 22:00:00",49.15,49.15,49.15,49.15,0
67816800,"1972-02-24 22:00:00",48.8,48.8,48.8,48.8,0
68076000,"1972-02-27 22:00:00",48.75,48.75,48.75,48.75,0
68162400,"1972-02-28 22:00:00",48.5,48.5,48.5,48.5,0
68248800,"1972-02-29 22:00:00",48.35,48.35,48.35,48.35,0
68335200,"1972-03-01 22:00:00",48.55,48.55,48.55,48.55,0
68421600,"1972-03-02 22:00:00",48.35,48.35,48.35,48.35,0
68680800,"1972-03-05 22:00:00",48.55,48.55,48.55,48.55,0
68767200,"1972-03-06 22:00:00",48.6,48.6,48.6,48.6,0
68853600,"1972-03-07 22:00:00",48.4,48.4,48.4,48.4,0
68940000,"1972-03-08 22:00:00",48.7,48.7,48.7,48.7,0
69026400,"1972-03-09 22:00:00",48.65,48.65,48.65,48.65,0
69285600,"1972-03-12 22:00:00",48.75,48.75,48.75,48.75,0
69372000,"1972-03-13 22:00:00",48.7,48.7,48.7,48.7,0
69458400,"1972-03-14 22:00:00",48.65,48.65,48.65,48.65,0
69544800,"1972-03-15 22:00:00",48.7,48.7,48.7,48.7,0
69631200,"1972-03-16 22:00:00",48.67,48.67,48.67,48.67,0
69890400,"1972-03-19 22:00:00",48.7,48.7,48.7,48.7,0
69976800,"1972-03-20 22:00:00",48.7,48.7,48.7,48.7,0
70063200,"1972-03-21 22:00:00",48.65,48.65,48.65,48.65,0
70149600,"1972-03-22 22:00:00",48.65,48.65,48.65,48.65,0
70236000,"1972-03-23 22:00:00",48.65,48.65,48.65,48.65,0
70495200,"1972-03-26 22:00:00",48.6,48.6,48.6,48.6,0
70581600,"1972-03-27 22:00:00",48.6,48.6,48.6,48.6,0
70668000,"1972-03-28 22:00:00",48.7,48.7,48.7,48.7,0
70754400,"1972-03-29 22:00:00",48.65,48.65,48.65,48.65,0
71100000,"1972-04-02 22:00:00",48.65,48.65,48.65,48.65,0
71186400,"1972-04-03 22:00:00",48.7,48.7,48.7,48.7,0
71272800,"1972-04-04 22:00:00",48.7,48.7,48.7,48.7,0
71359200,"1972-04-05 22:00:00",48.6,48.6,48.6,48.6,0
71445600,"1972-04-06 22:00:00",48.65,48.65,48.65,48.65,0
71704800,"1972-04-09 22:00:00",48.7,48.7,48.7,48.7,0
71791200,"1972-04-10 22:00:00",48.8,48.8,48.8,48.8,0
71877600,"1972-04-11 22:00:00",49.2,49.2,49.2,49.2,0
71964000,"1972-04-12 22:00:00",49.25,49.25,49.25,49.25,0
72050400,"1972-04-13 22:00:00",49.65,49.65,49.65,49.65,0
72309600,"1972-04-16 22:00:00",49.7,49.7,49.7,49.7,0
72396000,"1972-04-17 22:00:00",49.75,49.75,49.75,49.75,0
72482400,"1972-04-18 22:00:00",49.7,49.7,49.7,49.7,0
72568800,"1972-04-19 22:00:00",49.65,49.65,49.65,49.65,0
72655200,"1972-04-20 22:00:00",49.6,49.6,49.6,49.6,0
72914400,"1972-04-23 22:00:00",49.65,49.65,49.65,49.65,0
73000800,"1972-04-24 22:00:00",49.55,49.55,49.55,49.55,0
73087200,"1972-04-25 22:00:00",49.55,49.55,49.55,49.55,0
73173600,"1972-04-26 22:00:00",49.75,49.75,49.75,49.75,0
73260000,"1972-04-27 22:00:00",49.9,49.9,49.9,49.9,0
73515600,"1972-04-30 21:00:00",50.65,50.65,50.65,50.65,0
73602000,"1972-05-01 21:00:00",50.65,50.65,50.65,50.65,0
73688400,"1972-05-02 21:00:00",50.7,50.7,50.7,50.7,0
73774800,"1972-05-03 21:00:00",50.65,50.65,50.65,50.65,0
73861200,"1972-05-04 21:00:00",51.3,51.3,51.3,51.3,0
74120400,"1972-05-07 21:00:00",52.25,52.25,52.25,52.25,0
74206800,"1972-05-08 21:00:00",54,54,54,54,0
74293200,"1972-05-09 21:00:00",53.4,53.4,53.4,53.4,0
74379600,"1972-05-10 21:00:00",53.3,53.3,53.3,53.3,0
74466000,"1972-05-11 21:00:00",53.2,53.2,53.2,53.2,0
74725200,"1972-05-14 21:00:00",53.4,53.4,53.4,53.4,0
74811600,"1972-05-15 21:00:00",54.9,54.9,54.9,54.9,0
74898000,"1972-05-16 21:00:00",54.6,54.6,54.6,54.6,0
74984400,"1972-05-17 21:00:00",57.15,57.15,57.15,57.15,0
75070800,"1972-05-18 21:00:00",57.35,57.35,57.35,57.35,0
75330000,"1972-05-21 21:00:00",57.65,57.65,57.65,57.65,0
75416400,"1972-05-22 21:00:00",57.75,57.75,57.75,57.75,0
75502800,"1972-05-23 21:00:00",57.35,57.35,57.35,57.35,0
75589200,"1972-05-24 21:00:00",57.3,57.3,57.3,57.3,0
75675600,"1972-05-25 21:00:00",58.25,58.25,58.25,58.25,0
76021200,"1972-05-29 21:00:00",58.85,58.85,58.85,58.85,0
76107600,"1972-05-30 21:00:00",59.75,59.75,59.75,59.75,0
76194000,"1972-05-31 21:00:00",59.5,59.5,59.5,59.5,0
76280400,"1972-06-01 21:00:00",59.7,59.7,59.7,59.7,0
76539600,"1972-06-04 21:00:00",59.8,59.8,59.8,59.8,0
76626000,"1972-06-05 21:00:00",61.8,61.8,61.8,61.8,0
76712400,"1972-06-06 21:00:00",65.15,65.15,65.15,65.15,0
76798800,"1972-06-07 21:00:00",64.8,64.8,64.8,64.8,0
76885200,"1972-06-08 21:00:00",62.8,62.8,62.8,62.8,0
77144400,"1972-06-11 21:00:00",61.5,61.5,61.5,61.5,0
77230800,"1972-06-12 21:00:00",61.9,61.9,61.9,61.9,0
77317200,"1972-06-13 21:00:00",61.7,61.7,61.7,61.7,0
77403600,"1972-06-14 21:00:00",61.3,61.3,61.3,61.3,0
77490000,"1972-06-15 21:00:00",61.8,61.8,61.8,61.8,0
77749200,"1972-06-18 21:00:00",61.5,61.5,61.5,61.5,0
77835600,"1972-06-19 21:00:00",61.45,61.45,61.45,61.45,0
77922000,"1972-06-20 21:00:00",61.55,61.55,61.55,61.55,0
78008400,"1972-06-21 21:00:00",62,62,62,62,0
78094800,"1972-06-22 21:00:00",63.35,63.35,63.35,63.35,0
78354000,"1972-06-25 21:00:00",63.7,63.7,63.7,63.7,0
78440400,"1972-06-26 21:00:00",63.1,63.1,63.1,63.1,0
78526800,"1972-06-27 21:00:00",64.3,64.3,64.3,64.3,0
78613200,"1972-06-28 21:00:00",64.8,64.8,64.8,64.8,0
78699600,"1972-06-29 21:00:00",64.95,64.95,64.95,64.95,0
78958800,"1972-07-02 21:00:00",65.8,65.8,65.8,65.8,0
79131600,"1972-07-04 21:00:00",66.25,66.25,66.25,66.25,0
79218000,"1972-07-05 21:00:00",66.25,66.25,66.25,66.25,0
79304400,"1972-07-06 21:00:00",65.55,65.55,65.55,65.55,0
79563600,"1972-07-09 21:00:00",65.9,65.9,65.9,65.9,0
79650000,"1972-07-10 21:00:00",65.5,65.5,65.5,65.5,0
79736400,"1972-07-11 21:00:00",65.35,65.35,65.35,65.35,0
79822800,"1972-07-12 21:00:00",65.15,65.15,65.15,65.15,0
79909200,"1972-07-13 21:00:00",65.25,65.25,65.25,65.25,0
80168400,"1972-07-16 21:00:00",65.8,65.8,65.8,65.8,0
80254800,"1972-07-17 21:00:00",65.75,65.75,65.75,65.75,0
80341200,"1972-07-18 21:00:00",65.75,65.75,65.75,65.75,0
80427600,"1972-07-19 21:00:00",65.6,65.6,65.6,65.6,0
80514000,"1972-07-20 21:00:00",65.3,65.3,65.3,65.3,0
80773200,"1972-07-23 21:00:00",65.5,65.5,65.5,65.5,0
80859600,"1972-07-24 21:00:00",65.8,65.8,65.8,65.8,0
80946000,"1972-07-25 21:00:00",66,66,66,66,0
81032400,"1972-07-26 21:00:00",66.55,66.55,66.55,66.55,0
81118800,"1972-07-27 21:00:00",68.45,68.45,68.45,68.45,0
81378000,"1972-07-30 21:00:00",68.6,68.6,68.6,68.6,0
81464400,"1972-07-31 21:00:00",69.6,69.6,69.6,69.6,0
81550800,"1972-08-01 21:00:00",70.3,70.3,70.3,70.3,0
81637200,"1972-08-02 21:00:00",69.3,69.3,69.3,69.3,0
81723600,"1972-08-03 21:00:00",68.8,68.8,68.8,68.8,0
81982800,"1972-08-06 21:00:00",67.8,67.8,67.8,67.8,0
82069200,"1972-08-07 21:00:00",66.4,66.4,66.4,66.4,0
82155600,"1972-08-08 21:00:00",65.45,65.45,65.45,65.45,0
82242000,"1972-08-09 21:00:00",67.05,67.05,67.05,67.05,0
82328400,"1972-08-10 21:00:00",66,66,66,66,0
82587600,"1972-08-13 21:00:00",66,66,66,66,0
82674000,"1972-08-14 21:00:00",66.05,66.05,66.05,66.05,0
82760400,"1972-08-15 21:00:00",66.8,66.8,66.8,66.8,0
82846800,"1972-08-16 21:00:00",66.75,66.75,66.75,66.75,0
82933200,"1972-08-17 21:00:00",66.9,66.9,66.9,66.9,0
83192400,"1972-08-20 21:00:00",67.1,67.1,67.1,67.1,0
83278800,"1972-08-21 21:00:00",67.5,67.5,67.5,67.5,0
83365200,"1972-08-22 21:00:00",67.35,67.35,67.35,67.35,0
83451600,"1972-08-23 21:00:00",67.65,67.65,67.65,67.65,0
83538000,"1972-08-24 21:00:00",67.4,67.4,67.4,67.4,0
83797200,"1972-08-27 21:00:00",67.35,67.35,67.35,67.35,0
83883600,"1972-08-28 21:00:00",66.95,66.95,66.95,66.95,0
83970000,"1972-08-29 21:00:00",67.15,67.15,67.15,67.15,0
84056400,"1972-08-30 21:00:00",67.15,67.15,67.15,67.15,0
84142800,"1972-08-31 21:00:00",67.15,67.15,67.15,67.15,0
84488400,"1972-09-04 21:00:00",67.25,67.25,67.25,67.25,0
84574800,"1972-09-05 21:00:00",67.3,67.3,67.3,67.3,0
84661200,"1972-09-06 21:00:00",67.4,67.4,67.4,67.4,0
84747600,"1972-09-07 21:00:00",67.4,67.4,67.4,67.4,0
85006800,"1972-09-10 21:00:00",67.55,67.55,67.55,67.55,0
85093200,"1972-09-11 21:00:00",67.15,67.15,67.15,67.15,0
85179600,"1972-09-12 21:00:00",67.3,67.3,67.3,67.3,0
85266000,"1972-09-13 21:00:00",67.1,67.1,67.1,67.1,0
85352400,"1972-09-14 21:00:00",65.75,65.75,65.75,65.75,0
85611600,"1972-09-17 21:00:00",61.55,61.55,61.55,61.55,0
85698000,"1972-09-18 21:00:00",64.55,64.55,64.55,64.55,0
85784400,"1972-09-19 21:00:00",65.3,65.3,65.3,65.3,0
85870800,"1972-09-20 21:00:00",65.55,65.55,65.55,65.55,0
85957200,"1972-09-21 21:00:00",64.2,64.2,64.2,64.2,0
86216400,"1972-09-24 21:00:00",63.8,63.8,63.8,63.8,0
86302800,"1972-09-25 21:00:00",64.25,64.25,64.25,64.25,0
86389200,"1972-09-26 21:00:00",64.1,64.1,64.1,64.1,0
86475600,"1972-09-27 21:00:00",64.7,64.7,64.7,64.7,0
86562000,"1972-09-28 21:00:00",64.5,64.5,64.5,64.5,0
86821200,"1972-10-01 21:00:00",64.45,64.45,64.45,64.45,0
86907600,"1972-10-02 21:00:00",64.4,64.4,64.4,64.4,0
86994000,"1972-10-03 21:00:00",65.5,65.5,65.5,65.5,0
87080400,"1972-10-04 21:00:00",65.9,65.9,65.9,65.9,0
87166800,"1972-10-05 21:00:00",65.8,65.8,65.8,65.8,0
87512400,"1972-10-09 21:00:00",65.5,65.5,65.5,65.5,0
87598800,"1972-10-10 21:00:00",65.3,65.3,65.3,65.3,0
87685200,"1972-10-11 21:00:00",64.95,64.95,64.95,64.95,0
87771600,"1972-10-12 21:00:00",65,65,65,65,0
88030800,"1972-10-15 21:00:00",65.4,65.4,65.4,65.4,0
88117200,"1972-10-16 21:00:00",65.25,65.25,65.25,65.25,0
88203600,"1972-10-17 21:00:00",65.15,65.15,65.15,65.15,0
88290000,"1972-10-18 21:00:00",65.3,65.3,65.3,65.3,0
88376400,"1972-10-19 21:00:00",65.3,65.3,65.3,65.3,0
88635600,"1972-10-22 21:00:00",65.1,65.1,65.1,65.1,0
88722000,"1972-10-23 21:00:00",65.1,65.1,65.1,65.1,0
88808400,"1972-10-24 21:00:00",65,65,65,65,0
88894800,"1972-10-25 21:00:00",64.8,64.8,64.8,64.8,0
88981200,"1972-10-26 21:00:00",64.9,64.9,64.9,64.9,0
89244000,"1972-10-29 22:00:00",64.85,64.85,64.85,64.85,0
89330400,"1972-10-30 22:00:00",64.65,64.65,64.65,64.65,0
89416800,"1972-10-31 22:00:00",64.3,64.3,64.3,64.3,0
89503200,"1972-11-01 22:00:00",64.3,64.3,64.3,64.3,0
89589600,"1972-11-02 22:00:00",64.45,64.45,64.45,64.45,0
89848800,"1972-11-05 22:00:00",64.35,64.35,64.35,64.35,0
90021600,"1972-11-07 22:00:00",63.95,63.95,63.95,63.95,0
90108000,"1972-11-08 22:00:00",63.4,63.4,63.4,63.4,0
90194400,"1972-11-09 22:00:00",63.1,63.1,63.1,63.1,0
90453600,"1972-11-12 22:00:00",62.9,62.9,62.9,62.9,0
90540000,"1972-11-13 22:00:00",62.25,62.25,62.25,62.25,0
90626400,"1972-11-14 22:00:00",62.25,62.25,62.25,62.25,0
90712800,"1972-11-15 22:00:00",61.7,61.7,61.7,61.7,0
90799200,"1972-11-16 22:00:00",60.65,60.65,60.65,60.65,0
91058400,"1972-11-19 22:00:00",61.4,61.4,61.4,61.4,0
91144800,"1972-11-20 22:00:00",62.85,62.85,62.85,62.85,0
91231200,"1972-11-21 22:00:00",62.8,62.8,62.8,62.8,0
91663200,"1972-11-26 22:00:00",64.3,64.3,64.3,64.3,0
91749600,"1972-11-27 22:00:00",64.05,64.05,64.05,64.05,0
91836000,"1972-11-28 22:00:00",63.85,63.85,63.85,63.85,0
91922400,"1972-11-29 22:00:00",63.9,63.9,63.9,63.9,0
92008800,"1972-11-30 22:00:00",64.4,64.4,64.4,64.4,0
92268000,"1972-12-03 22:00:00",63.7,63.7,63.7,63.7,0
92354400,"1972-12-04 22:00:00",63.4,63.4,63.4,63.4,0
92440800,"1972-12-05 22:00:00",63.4,63.4,63.4,63.4,0
92527200,"1972-12-06 22:00:00",63.4,63.4,63.4,63.4,0
92613600,"1972-12-07 22:00:00",63.4,63.4,63.4,63.4,0
92872800,"1972-12-10 22:00:00",63.2,63.2,63.2,63.2,0
92959200,"1972-12-11 22:00:00",63.2,63.2,63.2,63.2,0
93045600,"1972-12-12 22:00:00",63.45,63.45,63.45,63.45,0
93132000,"1972-12-13 22:00:00",63.7,63.7,63.7,63.7,0
93218400,"1972-12-14 22:00:00",64.2,64.2,64.2,64.2,0
93477600,"1972-12-17 22:00:00",65.4,65.4,65.4,65.4,0
93564000,"1972-12-18 22:00:00",65.7,65.7,65.7,65.7,0
93650400,"1972-12-19 22:00:00",64.75,64.75,64.75,64.75,0
93736800,"1972-12-20 22:00:00",64.5,64.5,64.5,64.5,0
93823200,"1972-12-21 22:00:00",64.5,64.5,64.5,64.5,0
94168800,"1972-12-25 22:00:00",64.5,64.5,64.5,64.5,0
94255200,"1972-12-26 22:00:00",64.95,64.95,64.95,64.95,0
94428000,"1972-12-28 22:00:00",65.2,65.2,65.2,65.2,0
94773600,"1973-01-01 22:00:00",65.4,65.4,65.4,65.4,0
94860000,"1973-01-02 22:00:00",65.6,65.6,65.6,65.6,0
94946400,"1973-01-03 22:00:00",65.2,65.2,65.2,65.2,0
95032800,"1973-01-04 22:00:00",65.55,65.55,65.55,65.55,0
95292000,"1973-01-07 22:00:00",65.4,65.4,65.4,65.4,0
95378400,"1973-01-08 22:00:00",65.45,65.45,65.45,65.45,0
95464800,"1973-01-09 22:00:00",65.3,65.3,65.3,65.3,0
95551200,"1973-01-10 22:00:00",65.3,65.3,65.3,65.3,0
95637600,"1973-01-11 22:00:00",65.4,65.4,65.4,65.4,0
95896800,"1973-01-14 22:00:00",65.4,65.4,65.4,65.4,0
95983200,"1973-01-15 22:00:00",65.4,65.4,65.4,65.4,0
96069600,"1973-01-16 22:00:00",64.95,64.95,64.95,64.95,0
96156000,"1973-01-17 22:00:00",64.2,64.2,64.2,64.2,0
96242400,"1973-01-18 22:00:00",64.8,64.8,64.8,64.8,0
96501600,"1973-01-21 22:00:00",65.5,65.5,65.5,65.5,0
96588000,"1973-01-22 22:00:00",65.5,65.5,65.5,65.5,0
96674400,"1973-01-23 22:00:00",65.9,65.9,65.9,65.9,0
96847200,"1973-01-25 22:00:00",65.8,65.8,65.8,65.8,0
97106400,"1973-01-28 22:00:00",65.6,65.6,65.6,65.6,0
97192800,"1973-01-29 22:00:00",66.35,66.35,66.35,66.35,0
97279200,"1973-01-30 22:00:00",66.3,66.3,66.3,66.3,0
97365600,"1973-01-31 22:00:00",66.9,66.9,66.9,66.9,0
97452000,"1973-02-01 22:00:00",67.2,67.2,67.2,67.2,0
97711200,"1973-02-04 22:00:00",67.9,67.9,67.9,67.9,0
97797600,"1973-02-05 22:00:00",69.1,69.1,69.1,69.1,0
97884000,"1973-02-06 22:00:00",68.95,68.95,68.95,68.95,0
97970400,"1973-02-07 22:00:00",69.3,69.3,69.3,69.3,0
98056800,"1973-02-08 22:00:00",68.4,68.4,68.4,68.4,0
98316000,"1973-02-11 22:00:00",68.85,68.85,68.85,68.85,0
98402400,"1973-02-12 22:00:00",69.2,69.2,69.2,69.2,0
98488800,"1973-02-13 22:00:00",72.6,72.6,72.6,72.6,0
98575200,"1973-02-14 22:00:00",73.95,73.95,73.95,73.95,0
98661600,"1973-02-15 22:00:00",73.6,73.6,73.6,73.6,0
99007200,"1973-02-19 22:00:00",76.8,76.8,76.8,76.8,0
99093600,"1973-02-20 22:00:00",79.6,79.6,79.6,79.6,0
99180000,"1973-02-21 22:00:00",86.8,86.8,86.8,86.8,0
99266400,"1973-02-22 22:00:00",85.3,85.3,85.3,85.3,0
99525600,"1973-02-25 22:00:00",81,81,81,81,0
99612000,"1973-02-26 22:00:00",84,84,84,84,0
99698400,"1973-02-27 22:00:00",85.3,85.3,85.3,85.3,0
99784800,"1973-02-28 22:00:00",86,86,86,86,0
99871200,"1973-03-01 22:00:00",86.3,86.3,86.3,86.3,0
100130400,"1973-03-04 22:00:00",84.3,84.3,84.3,84.3,0
100216800,"1973-03-05 22:00:00",83.3,83.3,83.3,83.3,0
100303200,"1973-03-06 22:00:00",82.8,82.8,82.8,82.8,0
100389600,"1973-03-07 22:00:00",84.05,84.05,84.05,84.05,0
100476000,"1973-03-08 22:00:00",83.15,83.15,83.15,83.15,0
100735200,"1973-03-11 22:00:00",82.8,82.8,82.8,82.8,0
100821600,"1973-03-12 22:00:00",80.3,80.3,80.3,80.3,0
100908000,"1973-03-13 22:00:00",80.25,80.25,80.25,80.25,0
100994400,"1973-03-14 22:00:00",83.05,83.05,83.05,83.05,0
101080800,"1973-03-15 22:00:00",83.05,83.05,83.05,83.05,0
101340000,"1973-03-18 22:00:00",82.55,82.55,82.55,82.55,0
101426400,"1973-03-19 22:00:00",82.55,82.55,82.55,82.55,0
101512800,"1973-03-20 22:00:00",81.9,81.9,81.9,81.9,0
101599200,"1973-03-21 22:00:00",82,82,82,82,0
101685600,"1973-03-22 22:00:00",84.8,84.8,84.8,84.8,0
101944800,"1973-03-25 22:00:00",90.3,90.3,90.3,90.3,0
102031200,"1973-03-26 22:00:00",90.3,90.3,90.3,90.3,0
102117600,"1973-03-27 22:00:00",88.8,88.8,88.8,88.8,0
102204000,"1973-03-28 22:00:00",89.55,89.55,89.55,89.55,0
102290400,"1973-03-29 22:00:00",90.3,90.3,90.3,90.3,0
102549600,"1973-04-01 22:00:00",89.55,89.55,89.55,89.55,0
102636000,"1973-04-02 22:00:00",90.3,90.3,90.3,90.3,0
102722400,"1973-04-03 22:00:00",90.55,90.55,90.55,90.55,0
102808800,"1973-04-04 22:00:00",91.2,91.2,91.2,91.2,0
103154400,"1973-04-08 22:00:00",91.05,91.05,91.05,91.05,0
103240800,"1973-04-09 22:00:00",91.3,91.3,91.3,91.3,0
103327200,"1973-04-10 22:00:00",91.55,91.55,91.55,91.55,0
103413600,"1973-04-11 22:00:00",91.2,91.2,91.2,91.2,0
103500000,"1973-04-12 22:00:00",90.3,90.3,90.3,90.3,0
103759200,"1973-04-15 22:00:00",89.6,89.6,89.6,89.6,0
103845600,"1973-04-16 22:00:00",90.55,90.55,90.55,90.55,0
103932000,"1973-04-17 22:00:00",91.3,91.3,91.3,91.3,0
104018400,"1973-04-18 22:00:00",91.05,91.05,91.05,91.05,0
104364000,"1973-04-22 22:00:00",91.05,91.05,91.05,91.05,0
104450400,"1973-04-23 22:00:00",90.1,90.1,90.1,90.1,0
104536800,"1973-04-24 22:00:00",90.45,90.45,90.45,90.45,0
104623200,"1973-04-25 22:00:00",90.85,90.85,90.85,90.85,0
104709600,"1973-04-26 22:00:00",90.9,90.9,90.9,90.9,0
104965200,"1973-04-29 21:00:00",91,91,91,91,0
105051600,"1973-04-30 21:00:00",91,91,91,91,0
105138000,"1973-05-01 21:00:00",90.9,90.9,90.9,90.9,0
105224400,"1973-05-02 21:00:00",90.6,90.6,90.6,90.6,0
105310800,"1973-05-03 21:00:00",90.6,90.6,90.6,90.6,0
105570000,"1973-05-06 21:00:00",90.6,90.6,90.6,90.6,0
105656400,"1973-05-07 21:00:00",91.7,91.7,91.7,91.7,0
105742800,"1973-05-08 21:00:00",93.05,93.05,93.05,93.05,0
105829200,"1973-05-09 21:00:00",95.1,95.1,95.1,95.1,0
105915600,"1973-05-10 21:00:00",97,97,97,97,0
106174800,"1973-05-13 21:00:00",102.55,102.55,102.55,102.55,0
106261200,"1973-05-14 21:00:00",110.55,110.55,110.55,110.55,0
106347600,"1973-05-15 21:00:00",106.8,106.8,106.8,106.8,0
106434000,"1973-05-16 21:00:00",104.55,104.55,104.55,104.55,0
106520400,"1973-05-17 21:00:00",105.8,105.8,105.8,105.8,0
106779600,"1973-05-20 21:00:00",112.3,112.3,112.3,112.3,0
106866000,"1973-05-21 21:00:00",110.8,110.8,110.8,110.8,0
106952400,"1973-05-22 21:00:00",110.05,110.05,110.05,110.05,0
107038800,"1973-05-23 21:00:00",110.3,110.3,110.3,110.3,0
107125200,"1973-05-24 21:00:00",106.8,106.8,106.8,106.8,0
107470800,"1973-05-28 21:00:00",110.3,110.3,110.3,110.3,0
107557200,"1973-05-29 21:00:00",113.55,113.55,113.55,113.55,0
107643600,"1973-05-30 21:00:00",115.05,115.05,115.05,115.05,0
107730000,"1973-05-31 21:00:00",118.05,118.05,118.05,118.05,0
107989200,"1973-06-03 21:00:00",123.8,123.8,123.8,123.8,0
108075600,"1973-06-04 21:00:00",126.3,126.3,126.3,126.3,0
108162000,"1973-06-05 21:00:00",121.8,121.8,121.8,121.8,0
108248400,"1973-06-06 21:00:00",118.8,118.8,118.8,118.8,0
108334800,"1973-06-07 21:00:00",117.5,117.5,117.5,117.5,0
108594000,"1973-06-10 21:00:00",115.8,115.8,115.8,115.8,0
108680400,"1973-06-11 21:00:00",117.55,117.55,117.55,117.55,0
108766800,"1973-06-12 21:00:00",115.8,115.8,115.8,115.8,0
108853200,"1973-06-13 21:00:00",118.05,118.05,118.05,118.05,0
108939600,"1973-06-14 21:00:00",120.3,120.3,120.3,120.3,0
109198800,"1973-06-17 21:00:00",122.8,122.8,122.8,122.8,0
109285200,"1973-06-18 21:00:00",120.55,120.55,120.55,120.55,0
109371600,"1973-06-19 21:00:00",120.3,120.3,120.3,120.3,0
109458000,"1973-06-20 21:00:00",120.8,120.8,120.8,120.8,0
109544400,"1973-06-21 21:00:00",120.3,120.3,120.3,120.3,0
109803600,"1973-06-24 21:00:00",118.8,118.8,118.8,118.8,0
109890000,"1973-06-25 21:00:00",123.55,123.55,123.55,123.55,0
109976400,"1973-06-26 21:00:00",122.55,122.55,122.55,122.55,0
110062800,"1973-06-27 21:00:00",121.8,121.8,121.8,121.8,0
110149200,"1973-06-28 21:00:00",123.55,123.55,123.55,123.55,0
110408400,"1973-07-01 21:00:00",121.3,121.3,121.3,121.3,0
110494800,"1973-07-02 21:00:00",122.3,122.3,122.3,122.3,0
110667600,"1973-07-04 21:00:00",123.3,123.3,123.3,123.3,0
110754000,"1973-07-05 21:00:00",126.45,126.45,126.45,126.45,0
111013200,"1973-07-08 21:00:00",126.3,126.3,126.3,126.3,0
111099600,"1973-07-09 21:00:00",123.3,123.3,123.3,123.3,0
111186000,"1973-07-10 21:00:00",119.3,119.3,119.3,119.3,0
111272400,"1973-07-11 21:00:00",121.3,121.3,121.3,121.3,0
111358800,"1973-07-12 21:00:00",120.2,120.2,120.2,120.2,0
111618000,"1973-07-15 21:00:00",121.3,121.3,121.3,121.3,0
111704400,"1973-07-16 21:00:00",119.8,119.8,119.8,119.8,0
111790800,"1973-07-17 21:00:00",114.55,114.55,114.55,114.55,0
111877200,"1973-07-18 21:00:00",118.05,118.05,118.05,118.05,0
111963600,"1973-07-19 21:00:00",119.05,119.05,119.05,119.05,0
112222800,"1973-07-22 21:00:00",120.2,120.2,120.2,120.2,0
112309200,"1973-07-23 21:00:00",118.8,118.8,118.8,118.8,0
112395600,"1973-07-24 21:00:00",118.8,118.8,118.8,118.8,0
112482000,"1973-07-25 21:00:00",119.8,119.8,119.8,119.8,0
112568400,"1973-07-26 21:00:00",117.3,117.3,117.3,117.3,0
112827600,"1973-07-29 21:00:00",115.8,115.8,115.8,115.8,0
112914000,"1973-07-30 21:00:00",115.9,115.9,115.9,115.9,0
113000400,"1973-07-31 21:00:00",117.8,117.8,117.8,117.8,0
113086800,"1973-08-01 21:00:00",116.4,116.4,116.4,116.4,0
113173200,"1973-08-02 21:00:00",116.3,116.3,116.3,116.3,0
113432400,"1973-08-05 21:00:00",115.8,115.8,115.8,115.8,0
113518800,"1973-08-06 21:00:00",115.2,115.2,115.2,115.2,0
113605200,"1973-08-07 21:00:00",114.05,114.05,114.05,114.05,0
113691600,"1973-08-08 21:00:00",110.3,110.3,110.3,110.3,0
113778000,"1973-08-09 21:00:00",107.05,107.05,107.05,107.05,0
114037200,"1973-08-12 21:00:00",102.3,102.3,102.3,102.3,0
114123600,"1973-08-13 21:00:00",95.8,95.8,95.8,95.8,0
114210000,"1973-08-14 21:00:00",94.3,94.3,94.3,94.3,0
114296400,"1973-08-15 21:00:00",103.3,103.3,103.3,103.3,0
114382800,"1973-08-16 21:00:00",104.3,104.3,104.3,104.3,0
114642000,"1973-08-19 21:00:00",109.8,109.8,109.8,109.8,0
114728400,"1973-08-20 21:00:00",106,106,106,106,0
114814800,"1973-08-21 21:00:00",103.3,103.3,103.3,103.3,0
114901200,"1973-08-22 21:00:00",101.3,101.3,101.3,101.3,0
114987600,"1973-08-23 21:00:00",101.3,101.3,101.3,101.3,0
115246800,"1973-08-26 21:00:00",103.3,103.3,103.3,103.3,0
115333200,"1973-08-27 21:00:00",104.3,104.3,104.3,104.3,0
115419600,"1973-08-28 21:00:00",107.6,107.6,107.6,107.6,0
115506000,"1973-08-29 21:00:00",105.8,105.8,105.8,105.8,0
115592400,"1973-08-30 21:00:00",103.8,103.8,103.8,103.8,0
115938000,"1973-09-03 21:00:00",105.4,105.4,105.4,105.4,0
116024400,"1973-09-04 21:00:00",106.4,106.4,106.4,106.4,0
116110800,"1973-09-05 21:00:00",105.8,105.8,105.8,105.8,0
116197200,"1973-09-06 21:00:00",105.55,105.55,105.55,105.55,0
116456400,"1973-09-09 21:00:00",105.05,105.05,105.05,105.05,0
116542800,"1973-09-10 21:00:00",103.5,103.5,103.5,103.5,0
116629200,"1973-09-11 21:00:00",102.55,102.55,102.55,102.55,0
116715600,"1973-09-12 21:00:00",100.55,100.55,100.55,100.55,0
116802000,"1973-09-13 21:00:00",100.6,100.6,100.6,100.6,0
117061200,"1973-09-16 21:00:00",104.3,104.3,104.3,104.3,0
117147600,"1973-09-17 21:00:00",103.3,103.3,103.3,103.3,0
117234000,"1973-09-18 21:00:00",101.7,101.7,101.7,101.7,0
117320400,"1973-09-19 21:00:00",103.55,103.55,103.55,103.55,0
117406800,"1973-09-20 21:00:00",103.8,103.8,103.8,103.8,0
117666000,"1973-09-23 21:00:00",102.3,102.3,102.3,102.3,0
117752400,"1973-09-24 21:00:00",102.05,102.05,102.05,102.05,0
117838800,"1973-09-25 21:00:00",102.8,102.8,102.8,102.8,0
117925200,"1973-09-26 21:00:00",101.55,101.55,101.55,101.55,0
118011600,"1973-09-27 21:00:00",100.3,100.3,100.3,100.3,0
118270800,"1973-09-30 21:00:00",97.05,97.05,97.05,97.05,0
118357200,"1973-10-01 21:00:00",98.05,98.05,98.05,98.05,0
118443600,"1973-10-02 21:00:00",99.45,99.45,99.45,99.45,0
118530000,"1973-10-03 21:00:00",99.3,99.3,99.3,99.3,0
118616400,"1973-10-04 21:00:00",98.8,98.8,98.8,98.8,0
118962000,"1973-10-08 21:00:00",99.9,99.9,99.9,99.9,0
119048400,"1973-10-09 21:00:00",103.8,103.8,103.8,103.8,0
119134800,"1973-10-10 21:00:00",104.05,104.05,104.05,104.05,0
119221200,"1973-10-11 21:00:00",102.25,102.25,102.25,102.25,0
119480400,"1973-10-14 21:00:00",101.55,101.55,101.55,101.55,0
119566800,"1973-10-15 21:00:00",102.85,102.85,102.85,102.85,0
119653200,"1973-10-16 21:00:00",103.8,103.8,103.8,103.8,0
119739600,"1973-10-17 21:00:00",102.2,102.2,102.2,102.2,0
119826000,"1973-10-18 21:00:00",101.3,101.3,101.3,101.3,0
120085200,"1973-10-21 21:00:00",99.25,99.25,99.25,99.25,0
120171600,"1973-10-22 21:00:00",101.05,101.05,101.05,101.05,0
120258000,"1973-10-23 21:00:00",100.05,100.05,100.05,100.05,0
120344400,"1973-10-24 21:00:00",100.4,100.4,100.4,100.4,0
120430800,"1973-10-25 21:00:00",98.55,98.55,98.55,98.55,0
120693600,"1973-10-28 22:00:00",98.55,98.55,98.55,98.55,0
120780000,"1973-10-29 22:00:00",97.55,97.55,97.55,97.55,0
120866400,"1973-10-30 22:00:00",98.3,98.3,98.3,98.3,0
120952800,"1973-10-31 22:00:00",97.3,97.3,97.3,97.3,0
121039200,"1973-11-01 22:00:00",98.8,98.8,98.8,98.8,0
121298400,"1973-11-04 22:00:00",98.3,98.3,98.3,98.3,0
121384800,"1973-11-05 22:00:00",98.3,98.3,98.3,98.3,0
121471200,"1973-11-06 22:00:00",97.7,97.7,97.7,97.7,0
121557600,"1973-11-07 22:00:00",97.6,97.6,97.6,97.6,0
121644000,"1973-11-08 22:00:00",98.8,98.8,98.8,98.8,0
121903200,"1973-11-11 22:00:00",97.3,97.3,97.3,97.3,0
121989600,"1973-11-12 22:00:00",97.2,97.2,97.2,97.2,0
122076000,"1973-11-13 22:00:00",90.3,90.3,90.3,90.3,0
122162400,"1973-11-14 22:00:00",91.5,91.5,91.5,91.5,0
122248800,"1973-11-15 22:00:00",90.5,90.5,90.5,90.5,0
122508000,"1973-11-18 22:00:00",90.3,90.3,90.3,90.3,0
122594400,"1973-11-19 22:00:00",90.75,90.75,90.75,90.75,0
122680800,"1973-11-20 22:00:00",90.55,90.55,90.55,90.55,0
123112800,"1973-11-25 22:00:00",90.55,90.55,90.55,90.55,0
123199200,"1973-11-26 22:00:00",92.25,92.25,92.25,92.25,0
123285600,"1973-11-27 22:00:00",101.8,101.8,101.8,101.8,0
123372000,"1973-11-28 22:00:00",102.5,102.5,102.5,102.5,0
123458400,"1973-11-29 22:00:00",101.25,101.25,101.25,101.25,0
123717600,"1973-12-02 22:00:00",100.75,100.75,100.75,100.75,0
123804000,"1973-12-03 22:00:00",105.75,105.75,105.75,105.75,0
123890400,"1973-12-04 22:00:00",105.3,105.3,105.3,105.3,0
123976800,"1973-12-05 22:00:00",106.05,106.05,106.05,106.05,0
124063200,"1973-12-06 22:00:00",107.55,107.55,107.55,107.55,0
124322400,"1973-12-09 22:00:00",105.8,105.8,105.8,105.8,0
124408800,"1973-12-10 22:00:00",104.45,104.45,104.45,104.45,0
124495200,"1973-12-11 22:00:00",104.3,104.3,104.3,104.3,0
124581600,"1973-12-12 22:00:00",103.95,103.95,103.95,103.95,0
124668000,"1973-12-13 22:00:00",105.25,105.25,105.25,105.25,0
124927200,"1973-12-16 22:00:00",107,107,107,107,0
125013600,"1973-12-17 22:00:00",109.25,109.25,109.25,109.25,0
125100000,"1973-12-18 22:00:00",108.65,108.65,108.65,108.65,0
125186400,"1973-12-19 22:00:00",108.25,108.25,108.25,108.25,0
125272800,"1973-12-20 22:00:00",107,107,107,107,0
125704800,"1973-12-25 22:00:00",109.8,109.8,109.8,109.8,0
125791200,"1973-12-26 22:00:00",112.05,112.05,112.05,112.05,0
125877600,"1973-12-27 22:00:00",112.3,112.3,112.3,112.3,0
126309600,"1974-01-01 22:00:00",116.8,116.8,116.8,116.8,0
126396000,"1974-01-02 22:00:00",121.55,121.55,121.55,121.55,0
126482400,"1974-01-03 22:00:00",118.8,118.8,118.8,118.8,0
126738000,"1974-01-06 21:00:00",121.8,121.8,121.8,121.8,0
126824400,"1974-01-07 21:00:00",128.28,128.28,128.28,128.28,0
126910800,"1974-01-08 21:00:00",124.5,124.5,124.5,124.5,0
126997200,"1974-01-09 21:00:00",120.3,120.3,120.3,120.3,0
127083600,"1974-01-10 21:00:00",122.3,122.3,122.3,122.3,0
127342800,"1974-01-13 21:00:00",125.05,125.05,125.05,125.05,0
127429200,"1974-01-14 21:00:00",125.8,125.8,125.8,125.8,0
127515600,"1974-01-15 21:00:00",126.55,126.55,126.55,126.55,0
127602000,"1974-01-16 21:00:00",128.65,128.65,128.65,128.65,0
127688400,"1974-01-17 21:00:00",130.3,130.3,130.3,130.3,0
127947600,"1974-01-20 21:00:00",138.55,138.55,138.55,138.55,0
128034000,"1974-01-21 21:00:00",137.7,137.7,137.7,137.7,0
128120400,"1974-01-22 21:00:00",134.8,134.8,134.8,134.8,0
128206800,"1974-01-23 21:00:00",141.3,141.3,141.3,141.3,0
128293200,"1974-01-24 21:00:00",141.2,141.2,141.2,141.2,0
128552400,"1974-01-27 21:00:00",139.8,139.8,139.8,139.8,0
128638800,"1974-01-28 21:00:00",137.8,137.8,137.8,137.8,0
128725200,"1974-01-29 21:00:00",135.85,135.85,135.85,135.85,0
128811600,"1974-01-30 21:00:00",132.8,132.8,132.8,132.8,0
128898000,"1974-01-31 21:00:00",130.8,130.8,130.8,130.8,0
129157200,"1974-02-03 21:00:00",133.8,133.8,133.8,133.8,0
129243600,"1974-02-04 21:00:00",140.3,140.3,140.3,140.3,0
129330000,"1974-02-05 21:00:00",138.3,138.3,138.3,138.3,0
129416400,"1974-02-06 21:00:00",139.3,139.3,139.3,139.3,0
129502800,"1974-02-07 21:00:00",143.3,143.3,143.3,143.3,0
129762000,"1974-02-10 21:00:00",145.3,145.3,145.3,145.3,0
129848400,"1974-02-11 21:00:00",146.8,146.8,146.8,146.8,0
129934800,"1974-02-12 21:00:00",144.3,144.3,144.3,144.3,0
130021200,"1974-02-13 21:00:00",146.3,146.3,146.3,146.3,0
130107600,"1974-02-14 21:00:00",149.15,149.15,149.15,149.15,0
130453200,"1974-02-18 21:00:00",149.8,149.8,149.8,149.8,0
130539600,"1974-02-19 21:00:00",150.3,150.3,150.3,150.3,0
130626000,"1974-02-20 21:00:00",157.05,157.05,157.05,157.05,0
130712400,"1974-02-21 21:00:00",163.3,163.3,163.3,163.3,0
130971600,"1974-02-24 21:00:00",169.8,169.8,169.8,169.8,0
131058000,"1974-02-25 21:00:00",175.3,175.3,175.3,175.3,0
131144400,"1974-02-26 21:00:00",174.3,174.3,174.3,174.3,0
131230800,"1974-02-27 21:00:00",162.8,162.8,162.8,162.8,0
131317200,"1974-02-28 21:00:00",167.8,167.8,167.8,167.8,0
131576400,"1974-03-03 21:00:00",166.3,166.3,166.3,166.3,0
131662800,"1974-03-04 21:00:00",159.3,159.3,159.3,159.3,0
131749200,"1974-03-05 21:00:00",160.3,160.3,160.3,160.3,0
131835600,"1974-03-06 21:00:00",166.3,166.3,166.3,166.3,0
131922000,"1974-03-07 21:00:00",165.3,165.3,165.3,165.3,0
132181200,"1974-03-10 21:00:00",165.8,165.8,165.8,165.8,0
132267600,"1974-03-11 21:00:00",163.3,163.3,163.3,163.3,0
132354000,"1974-03-12 21:00:00",164.8,164.8,164.8,164.8,0
132440400,"1974-03-13 21:00:00",164.8,164.8,164.8,164.8,0
132526800,"1974-03-14 21:00:00",164.15,164.15,164.15,164.15,0
132786000,"1974-03-17 21:00:00",164.3,164.3,164.3,164.3,0
132872400,"1974-03-18 21:00:00",169.3,169.3,169.3,169.3,0
132958800,"1974-03-19 21:00:00",176.3,176.3,176.3,176.3,0
133045200,"1974-03-20 21:00:00",175.3,175.3,175.3,175.3,0
133131600,"1974-03-21 21:00:00",177.8,177.8,177.8,177.8,0
133390800,"1974-03-24 21:00:00",177.05,177.05,177.05,177.05,0
133477200,"1974-03-25 21:00:00",172.55,172.55,172.55,172.55,0
133563600,"1974-03-26 21:00:00",174.3,174.3,174.3,174.3,0
133650000,"1974-03-27 21:00:00",174.8,174.8,174.8,174.8,0
133736400,"1974-03-28 21:00:00",173.3,173.3,173.3,173.3,0
133995600,"1974-03-31 21:00:00",174.4,174.4,174.4,174.4,0
134082000,"1974-04-01 21:00:00",177.3,177.3,177.3,177.3,0
134168400,"1974-04-02 21:00:00",179.8,179.8,179.8,179.8,0
134254800,"1974-04-03 21:00:00",176.55,176.55,176.55,176.55,0
134341200,"1974-04-04 21:00:00",173.55,173.55,173.55,173.55,0
134600400,"1974-04-07 21:00:00",167.3,167.3,167.3,167.3,0
134686800,"1974-04-08 21:00:00",170.3,170.3,170.3,170.3,0
134773200,"1974-04-09 21:00:00",173.55,173.55,173.55,173.55,0
134859600,"1974-04-10 21:00:00",173.8,173.8,173.8,173.8,0
135205200,"1974-04-14 21:00:00",174.05,174.05,174.05,174.05,0
135291600,"1974-04-15 21:00:00",172.55,172.55,172.55,172.55,0
135378000,"1974-04-16 21:00:00",170.2,170.2,170.2,170.2,0
135464400,"1974-04-17 21:00:00",170.3,170.3,170.3,170.3,0
135550800,"1974-04-18 21:00:00",172.3,172.3,172.3,172.3,0
135810000,"1974-04-21 21:00:00",175.05,175.05,175.05,175.05,0
135896400,"1974-04-22 21:00:00",175,175,175,175,0
135982800,"1974-04-23 21:00:00",171.05,171.05,171.05,171.05,0
136069200,"1974-04-24 21:00:00",169.3,169.3,169.3,169.3,0
136155600,"1974-04-25 21:00:00",169.3,169.3,169.3,169.3,0
136414800,"1974-04-28 21:00:00",169.55,169.55,169.55,169.55,0
136501200,"1974-04-29 21:00:00",169.55,169.55,169.55,169.55,0
136587600,"1974-04-30 21:00:00",169.8,169.8,169.8,169.8,0
136674000,"1974-05-01 21:00:00",169.95,169.95,169.95,169.95,0
136760400,"1974-05-02 21:00:00",169.3,169.3,169.3,169.3,0
137019600,"1974-05-05 21:00:00",166.3,166.3,166.3,166.3,0
137106000,"1974-05-06 21:00:00",163.3,163.3,163.3,163.3,0
137192400,"1974-05-07 21:00:00",158.05,158.05,158.05,158.05,0
137278800,"1974-05-08 21:00:00",166.55,166.55,166.55,166.55,0
137365200,"1974-05-09 21:00:00",168,168,168,168,0
137624400,"1974-05-12 21:00:00",166.8,166.8,166.8,166.8,0
137710800,"1974-05-13 21:00:00",166.55,166.55,166.55,166.55,0
137797200,"1974-05-14 21:00:00",164.7,164.7,164.7,164.7,0
137883600,"1974-05-15 21:00:00",164.3,164.3,164.3,164.3,0
137970000,"1974-05-16 21:00:00",165.8,165.8,165.8,165.8,0
138229200,"1974-05-19 21:00:00",163.2,163.2,163.2,163.2,0
138315600,"1974-05-20 21:00:00",161.3,161.3,161.3,161.3,0
138402000,"1974-05-21 21:00:00",163.3,163.3,163.3,163.3,0
138488400,"1974-05-22 21:00:00",159.8,159.8,159.8,159.8,0
138574800,"1974-05-23 21:00:00",162,162,162,162,0
138920400,"1974-05-27 21:00:00",154.3,154.3,154.3,154.3,0
139006800,"1974-05-28 21:00:00",155.8,155.8,155.8,155.8,0
139093200,"1974-05-29 21:00:00",162.3,162.3,162.3,162.3,0
139179600,"1974-05-30 21:00:00",157.25,157.25,157.25,157.25,0
139438800,"1974-06-02 21:00:00",155.8,155.8,155.8,155.8,0
139525200,"1974-06-03 21:00:00",154.75,154.75,154.75,154.75,0
139611600,"1974-06-04 21:00:00",162.05,162.05,162.05,162.05,0
139698000,"1974-06-05 21:00:00",159.3,159.3,159.3,159.3,0
139784400,"1974-06-06 21:00:00",155.8,155.8,155.8,155.8,0
140043600,"1974-06-09 21:00:00",157.7,157.7,157.7,157.7,0
140130000,"1974-06-10 21:00:00",157.75,157.75,157.75,157.75,0
140216400,"1974-06-11 21:00:00",156.8,156.8,156.8,156.8,0
140302800,"1974-06-12 21:00:00",157.3,157.3,157.3,157.3,0
140389200,"1974-06-13 21:00:00",160.5,160.5,160.5,160.5,0
140648400,"1974-06-16 21:00:00",157.8,157.8,157.8,157.8,0
140734800,"1974-06-17 21:00:00",155.8,155.8,155.8,155.8,0
140821200,"1974-06-18 21:00:00",153.9,153.9,153.9,153.9,0
140907600,"1974-06-19 21:00:00",152.05,152.05,152.05,152.05,0
140994000,"1974-06-20 21:00:00",154.05,154.05,154.05,154.05,0
141253200,"1974-06-23 21:00:00",150.3,150.3,150.3,150.3,0
141339600,"1974-06-24 21:00:00",150.05,150.05,150.05,150.05,0
141426000,"1974-06-25 21:00:00",146.8,146.8,146.8,146.8,0
141512400,"1974-06-26 21:00:00",144.8,144.8,144.8,144.8,0
141598800,"1974-06-27 21:00:00",144.55,144.55,144.55,144.55,0
141858000,"1974-06-30 21:00:00",143.3,143.3,143.3,143.3,0
141944400,"1974-07-01 21:00:00",137.25,137.25,137.25,137.25,0
142030800,"1974-07-02 21:00:00",136.75,136.75,136.75,136.75,0
142203600,"1974-07-04 21:00:00",134.3,134.3,134.3,134.3,0
142462800,"1974-07-07 21:00:00",141.25,141.25,141.25,141.25,0
142549200,"1974-07-08 21:00:00",145.75,145.75,145.75,145.75,0
142635600,"1974-07-09 21:00:00",139,139,139,139,0
142722000,"1974-07-10 21:00:00",137.25,137.25,137.25,137.25,0
142808400,"1974-07-11 21:00:00",137.25,137.25,137.25,137.25,0
143067600,"1974-07-14 21:00:00",139.05,139.05,139.05,139.05,0
143154000,"1974-07-15 21:00:00",141.3,141.3,141.3,141.3,0
143240400,"1974-07-16 21:00:00",141.05,141.05,141.05,141.05,0
143326800,"1974-07-17 21:00:00",144.25,144.25,144.25,144.25,0
143413200,"1974-07-18 21:00:00",145.8,145.8,145.8,145.8,0
143672400,"1974-07-21 21:00:00",143.3,143.3,143.3,143.3,0
143758800,"1974-07-22 21:00:00",144.25,144.25,144.25,144.25,0
143845200,"1974-07-23 21:00:00",144.55,144.55,144.55,144.55,0
143931600,"1974-07-24 21:00:00",149.3,149.3,149.3,149.3,0
144018000,"1974-07-25 21:00:00",149.5,149.5,149.5,149.5,0
144277200,"1974-07-28 21:00:00",158,158,158,158,0
144363600,"1974-07-29 21:00:00",157.3,157.3,157.3,157.3,0
144450000,"1974-07-30 21:00:00",156.5,156.5,156.5,156.5,0
144536400,"1974-07-31 21:00:00",159.65,159.65,159.65,159.65,0
144622800,"1974-08-01 21:00:00",157,157,157,157,0
144882000,"1974-08-04 21:00:00",154.1,154.1,154.1,154.1,0
144968400,"1974-08-05 21:00:00",155.5,155.5,155.5,155.5,0
145054800,"1974-08-06 21:00:00",154.8,154.8,154.8,154.8,0
145141200,"1974-08-07 21:00:00",152.3,152.3,152.3,152.3,0
145227600,"1974-08-08 21:00:00",154.55,154.55,154.55,154.55,0
145486800,"1974-08-11 21:00:00",152.55,152.55,152.55,152.55,0
145573200,"1974-08-12 21:00:00",151.8,151.8,151.8,151.8,0
145659600,"1974-08-13 21:00:00",156.55,156.55,156.55,156.55,0
145746000,"1974-08-14 21:00:00",153.3,153.3,153.3,153.3,0
145832400,"1974-08-15 21:00:00",155.85,155.85,155.85,155.85,0
146091600,"1974-08-18 21:00:00",155.55,155.55,155.55,155.55,0
146178000,"1974-08-19 21:00:00",156.3,156.3,156.3,156.3,0
146264400,"1974-08-20 21:00:00",155.8,155.8,155.8,155.8,0
146350800,"1974-08-21 21:00:00",154.8,154.8,154.8,154.8,0
146437200,"1974-08-22 21:00:00",154.3,154.3,154.3,154.3,0
146696400,"1974-08-25 21:00:00",154.3,154.3,154.3,154.3,0
146782800,"1974-08-26 21:00:00",153.8,153.8,153.8,153.8,0
146869200,"1974-08-27 21:00:00",154.65,154.65,154.65,154.65,0
146955600,"1974-08-28 21:00:00",155.8,155.8,155.8,155.8,0
147042000,"1974-08-29 21:00:00",156.3,156.3,156.3,156.3,0
147387600,"1974-09-02 21:00:00",158.05,158.05,158.05,158.05,0
147474000,"1974-09-03 21:00:00",157.2,157.2,157.2,157.2,0
147560400,"1974-09-04 21:00:00",157.75,157.75,157.75,157.75,0
147646800,"1974-09-05 21:00:00",157.3,157.3,157.3,157.3,0
147906000,"1974-09-08 21:00:00",155.8,155.8,155.8,155.8,0
147992400,"1974-09-09 21:00:00",154.75,154.75,154.75,154.75,0
148078800,"1974-09-10 21:00:00",153.2,153.2,153.2,153.2,0
148165200,"1974-09-11 21:00:00",154.7,154.7,154.7,154.7,0
148251600,"1974-09-12 21:00:00",153.2,153.2,153.2,153.2,0
148510800,"1974-09-15 21:00:00",153.05,153.05,153.05,153.05,0
148597200,"1974-09-16 21:00:00",148,148,148,148,0
148683600,"1974-09-17 21:00:00",148.25,148.25,148.25,148.25,0
148770000,"1974-09-18 21:00:00",149.8,149.8,149.8,149.8,0
148856400,"1974-09-19 21:00:00",146.3,146.3,146.3,146.3,0
149115600,"1974-09-22 21:00:00",148.3,148.3,148.3,148.3,0
149202000,"1974-09-23 21:00:00",147.8,147.8,147.8,147.8,0
149288400,"1974-09-24 21:00:00",147.5,147.5,147.5,147.5,0
149374800,"1974-09-25 21:00:00",145.7,145.7,145.7,145.7,0
149461200,"1974-09-26 21:00:00",146.25,146.25,146.25,146.25,0
149720400,"1974-09-29 21:00:00",151.55,151.55,151.55,151.55,0
149806800,"1974-09-30 21:00:00",156.05,156.05,156.05,156.05,0
149893200,"1974-10-01 21:00:00",154.3,154.3,154.3,154.3,0
149979600,"1974-10-02 21:00:00",155.95,155.95,155.95,155.95,0
150066000,"1974-10-03 21:00:00",159.3,159.3,159.3,159.3,0
150325200,"1974-10-06 21:00:00",157.8,157.8,157.8,157.8,0
150411600,"1974-10-07 21:00:00",155.35,155.35,155.35,155.35,0
150498000,"1974-10-08 21:00:00",155.95,155.95,155.95,155.95,0
150584400,"1974-10-09 21:00:00",158.5,158.5,158.5,158.5,0
150670800,"1974-10-10 21:00:00",157.25,157.25,157.25,157.25,0
151016400,"1974-10-14 21:00:00",155.3,155.3,155.3,155.3,0
151102800,"1974-10-15 21:00:00",155.25,155.25,155.25,155.25,0
151189200,"1974-10-16 21:00:00",155.25,155.25,155.25,155.25,0
151275600,"1974-10-17 21:00:00",155.5,155.5,155.5,155.5,0
151534800,"1974-10-20 21:00:00",157.3,157.3,157.3,157.3,0
151621200,"1974-10-21 21:00:00",158.25,158.25,158.25,158.25,0
151707600,"1974-10-22 21:00:00",158.05,158.05,158.05,158.05,0
151794000,"1974-10-23 21:00:00",162.25,162.25,162.25,162.25,0
151880400,"1974-10-24 21:00:00",163.5,163.5,163.5,163.5,0
152143200,"1974-10-27 22:00:00",167.75,167.75,167.75,167.75,0
152229600,"1974-10-28 22:00:00",168.5,168.5,168.5,168.5,0
152316000,"1974-10-29 22:00:00",168.25,168.25,168.25,168.25,0
152402400,"1974-10-30 22:00:00",167.25,167.25,167.25,167.25,0
152488800,"1974-10-31 22:00:00",168.05,168.05,168.05,168.05,0
152748000,"1974-11-03 22:00:00",169.5,169.5,169.5,169.5,0
152834400,"1974-11-04 22:00:00",174.05,174.05,174.05,174.05,0
152920800,"1974-11-05 22:00:00",178.25,178.25,178.25,178.25,0
153007200,"1974-11-06 22:00:00",177.5,177.5,177.5,177.5,0
153093600,"1974-11-07 22:00:00",183.25,183.25,183.25,183.25,0
153352800,"1974-11-10 22:00:00",182.25,182.25,182.25,182.25,0
153439200,"1974-11-11 22:00:00",180.25,180.25,180.25,180.25,0
153525600,"1974-11-12 22:00:00",185.55,185.55,185.55,185.55,0
153612000,"1974-11-13 22:00:00",188.5,188.5,188.5,188.5,0
153698400,"1974-11-14 22:00:00",187.75,187.75,187.75,187.75,0
153957600,"1974-11-17 22:00:00",190.8,190.8,190.8,190.8,0
154044000,"1974-11-18 22:00:00",188,188,188,188,0
154130400,"1974-11-19 22:00:00",180.8,180.8,180.8,180.8,0
154216800,"1974-11-20 22:00:00",182.75,182.75,182.75,182.75,0
154303200,"1974-11-21 22:00:00",182.5,182.5,182.5,182.5,0
154562400,"1974-11-24 22:00:00",184,184,184,184,0
154648800,"1974-11-25 22:00:00",186.25,186.25,186.25,186.25,0
154735200,"1974-11-26 22:00:00",184.55,184.55,184.55,184.55,0
155167200,"1974-12-01 22:00:00",186.05,186.05,186.05,186.05,0
155253600,"1974-12-02 22:00:00",183.25,183.25,183.25,183.25,0
155340000,"1974-12-03 22:00:00",174.5,174.5,174.5,174.5,0
155426400,"1974-12-04 22:00:00",178.75,178.75,178.75,178.75,0
155512800,"1974-12-05 22:00:00",181.15,181.15,181.15,181.15,0
155772000,"1974-12-08 22:00:00",180.75,180.75,180.75,180.75,0
155858400,"1974-12-09 22:00:00",178.25,178.25,178.25,178.25,0
155944800,"1974-12-10 22:00:00",175,175,175,175,0
156031200,"1974-12-11 22:00:00",176,176,176,176,0
156117600,"1974-12-12 22:00:00",180,180,180,180,0
156376800,"1974-12-15 22:00:00",183.25,183.25,183.25,183.25,0
156463200,"1974-12-16 22:00:00",188.75,188.75,188.75,188.75,0
156549600,"1974-12-17 22:00:00",187.25,187.25,187.25,187.25,0
156636000,"1974-12-18 22:00:00",186.5,186.5,186.5,186.5,0
156722400,"1974-12-19 22:00:00",187.75,187.75,187.75,187.75,0
156981600,"1974-12-22 22:00:00",193.25,193.25,193.25,193.25,0
157240800,"1974-12-25 22:00:00",194.5,194.5,194.5,194.5,0
157327200,"1974-12-26 22:00:00",195.25,195.25,195.25,195.25,0
157586400,"1974-12-29 22:00:00",195.5,195.5,195.5,195.5,0
157672800,"1974-12-30 22:00:00",186.75,186.75,186.75,186.75,0
157845600,"1975-01-01 22:00:00",184,184.8,173.9,175.1,0
157932000,"1975-01-02 22:00:00",173,175.5,170.5,174.7,0
158191200,"1975-01-05 22:00:00",172,174.5,167.5,174.4,0
158277600,"1975-01-06 22:00:00",171,174,168.5,173.4,0
158364000,"1975-01-07 22:00:00",176,180,176,177.4,0
158450400,"1975-01-08 22:00:00",179,179.1,177,178.3,0
158536800,"1975-01-09 22:00:00",177,181.3,176.5,181.3,0
158796000,"1975-01-12 22:00:00",181,181,178.6,178.6,0
158882400,"1975-01-13 22:00:00",177,178.6,176.5,178.6,0
158968800,"1975-01-14 22:00:00",178.8,179.4,177.3,177.3,0
159055200,"1975-01-15 22:00:00",177,177,174.6,175.1,0
159141600,"1975-01-16 22:00:00",174.7,175.8,172.1,172.1,0
159400800,"1975-01-19 22:00:00",173.6,176.2,173.6,176.2,0
159487200,"1975-01-20 22:00:00",173.7,173.7,173.7,173.7,0
159573600,"1975-01-21 22:00:00",175.9,175.9,174.3,174.3,0
159660000,"1975-01-22 22:00:00",177,178.9,176.4,176.4,0
159746400,"1975-01-23 22:00:00",179,180,177.8,179.5,0
160005600,"1975-01-26 22:00:00",180,180,176.8,176.8,0
160092000,"1975-01-27 22:00:00",177.3,177.3,175.4,176,0
160178400,"1975-01-28 22:00:00",177.4,179.1,177.4,179.1,0
160264800,"1975-01-29 22:00:00",179.7,180.7,178,178.3,0
160351200,"1975-01-30 22:00:00",178,178.4,177,178,0
160610400,"1975-02-02 22:00:00",179.1,179.7,178.1,178.3,0
160696800,"1975-02-03 22:00:00",176.5,177.5,175.6,177.3,0
160783200,"1975-02-04 22:00:00",177.2,177.7,176.5,176.7,0
160869600,"1975-02-05 22:00:00",174.9,176.7,174.1,176.3,0
160956000,"1975-02-06 22:00:00",177.2,177.4,176.4,177.3,0
161215200,"1975-02-09 22:00:00",176,176.4,175.5,175.6,0
161301600,"1975-02-10 22:00:00",176.3,177.1,171.3,176.8,0
161474400,"1975-02-12 22:00:00",180.5,186.7,180.2,185.8,0
161560800,"1975-02-13 22:00:00",186,186.8,182.5,184.9,0
161906400,"1975-02-17 22:00:00",182,185.7,181.7,185.4,0
161992800,"1975-02-18 22:00:00",186,188,185.5,185.6,0
162079200,"1975-02-19 22:00:00",185.7,188.4,185.4,187.7,0
162165600,"1975-02-20 22:00:00",188,188.5,185,186,0
162421200,"1975-02-23 21:00:00",186.7,187.5,186.7,186.9,0
162507600,"1975-02-24 21:00:00",189,189,184.1,184.4,0
162594000,"1975-02-25 21:00:00",185.5,185.7,183.2,185.2,0
162680400,"1975-02-26 21:00:00",184.2,184.9,181.4,182.5,0
162766800,"1975-02-27 21:00:00",183,183,181,183,0
163026000,"1975-03-02 21:00:00",183.3,187.5,182.2,182.6,0
163112400,"1975-03-03 21:00:00",181.5,185,177,177,0
163198800,"1975-03-04 21:00:00",177,180.1,176.4,178.7,0
163285200,"1975-03-05 21:00:00",179.8,181.4,179.8,180.6,0
163371600,"1975-03-06 21:00:00",179.5,179.5,176.8,178,0
163630800,"1975-03-09 21:00:00",177.1,177.8,176.1,177.2,0
163717200,"1975-03-10 21:00:00",179.1,180.5,178.7,180,0
163803600,"1975-03-11 21:00:00",178,178.7,177.6,178.1,0
163890000,"1975-03-12 21:00:00",178.9,180,178.9,179.5,0
163976400,"1975-03-13 21:00:00",178.4,178.7,178.1,178.7,0
164235600,"1975-03-16 21:00:00",178.5,179.3,177.6,179,0
164322000,"1975-03-17 21:00:00",179,179.5,178.3,178.6,0
164408400,"1975-03-18 21:00:00",179.2,179.4,178.5,179.2,0
164494800,"1975-03-19 21:00:00",178.8,178.8,175,175.5,0
164581200,"1975-03-20 21:00:00",176.5,177,175.5,175.6,0
164840400,"1975-03-23 21:00:00",176.8,178.8,175.2,175.9,0
164926800,"1975-03-24 21:00:00",177.2,177.2,175.7,176.2,0
165013200,"1975-03-25 21:00:00",176.5,178.2,176.5,178.1,0
165099600,"1975-03-26 21:00:00",177.8,178,175.4,176,0
165445200,"1975-03-30 21:00:00",178.2,179.7,178,179.5,0
165531600,"1975-03-31 21:00:00",179.7,179.7,178.4,179.1,0
165618000,"1975-04-01 21:00:00",179.6,179.9,177.9,178.1,0
165704400,"1975-04-02 21:00:00",177.5,177.5,176,177.1,0
165790800,"1975-04-03 21:00:00",175.5,175.9,173.3,173.8,0
166050000,"1975-04-06 21:00:00",174.5,174.5,173,174.1,0
166136400,"1975-04-07 21:00:00",175.2,175.6,174.4,174.5,0
166222800,"1975-04-08 21:00:00",174,174.7,173.3,174.5,0
166309200,"1975-04-09 21:00:00",173.7,173.7,172.1,173.1,0
166395600,"1975-04-10 21:00:00",173.3,173.3,172.2,172.7,0
166654800,"1975-04-13 21:00:00",169,169.7,165.8,166.2,0
166741200,"1975-04-14 21:00:00",163,165.7,162.3,164.6,0
166827600,"1975-04-15 21:00:00",166.5,167.4,166.1,166.5,0
166914000,"1975-04-16 21:00:00",167.5,170.2,166.9,169.5,0
167000400,"1975-04-17 21:00:00",170.8,171,168.4,169,0
167259600,"1975-04-20 21:00:00",166,166.4,164.9,165.7,0
167346000,"1975-04-21 21:00:00",165.1,168,165,166.7,0
167432400,"1975-04-22 21:00:00",166.9,169.5,165.8,168.8,0
167518800,"1975-04-23 21:00:00",168.5,168.5,166.5,167,0
167605200,"1975-04-24 21:00:00",166.5,167.2,166,166.8,0
167864400,"1975-04-27 21:00:00",166.4,167.7,166.3,166.3,0
167950800,"1975-04-28 21:00:00",167.5,168.4,167.3,167.8,0
168037200,"1975-04-29 21:00:00",167.3,168,166.5,166.8,0
168123600,"1975-04-30 21:00:00",167,167,165.5,165.5,0
168210000,"1975-05-01 21:00:00",166.2,166.5,165,165,0
168469200,"1975-05-04 21:00:00",164.2,164.2,163.4,163.5,0
168555600,"1975-05-05 21:00:00",164.5,167.4,164.1,164.9,0
168642000,"1975-05-06 21:00:00",165.1,166.5,165.1,166.1,0
168728400,"1975-05-07 21:00:00",166.4,167.5,166.4,167.3,0
168814800,"1975-05-08 21:00:00",166.7,166.7,165.9,166.6,0
169074000,"1975-05-11 21:00:00",166,166,165.6,165.9,0
169160400,"1975-05-12 21:00:00",166.5,166.8,166,166.7,0
169246800,"1975-05-13 21:00:00",167.4,171.3,167,169.3,0
169333200,"1975-05-14 21:00:00",166.5,166.7,165.7,165.9,0
169419600,"1975-05-15 21:00:00",166.5,168.5,166.2,166.9,0
169678800,"1975-05-18 21:00:00",167.6,169.4,167.6,167.7,0
169765200,"1975-05-19 21:00:00",167.2,168.5,167.2,168.2,0
169851600,"1975-05-20 21:00:00",169,172.8,168.7,172.2,0
169938000,"1975-05-21 21:00:00",175.7,176.9,173.3,173.5,0
170024400,"1975-05-22 21:00:00",174.8,175.2,173.3,174.7,0
170370000,"1975-05-26 21:00:00",173.5,173.6,172,172,0
170456400,"1975-05-27 21:00:00",172,172.4,169.6,170,0
170542800,"1975-05-28 21:00:00",169.8,169.8,166.9,167.6,0
170629200,"1975-05-29 21:00:00",169.1,169.7,168.2,169,0
170888400,"1975-06-01 21:00:00",164.5,165.5,162.4,165.2,0
170974800,"1975-06-02 21:00:00",167,167.8,166.4,167.5,0
171061200,"1975-06-03 21:00:00",167.5,167.5,165.7,165.9,0
171147600,"1975-06-04 21:00:00",166,168.2,165.7,167.4,0
171234000,"1975-06-05 21:00:00",167.4,167.6,166.8,167.2,0
171493200,"1975-06-08 21:00:00",167.7,168.5,167,168.5,0
171579600,"1975-06-09 21:00:00",168.3,168.3,167,167.3,0
171666000,"1975-06-10 21:00:00",167,168.2,166,167.1,0
171752400,"1975-06-11 21:00:00",167,167.6,166.5,166.5,0
171838800,"1975-06-12 21:00:00",166.5,166.5,165.7,165.9,0
172098000,"1975-06-15 21:00:00",165.8,166,164,164.4,0
172184400,"1975-06-16 21:00:00",164.9,166.2,164.9,166,0
172270800,"1975-06-17 21:00:00",165.6,165.7,164.3,165.4,0
172357200,"1975-06-18 21:00:00",164.6,168.5,163.4,164.3,0
172443600,"1975-06-19 21:00:00",163.9,164.5,163.9,164.3,0
172702800,"1975-06-22 21:00:00",163.8,164,163.3,163.5,0
172789200,"1975-06-23 21:00:00",163.5,164.7,163.4,164.5,0
172875600,"1975-06-24 21:00:00",165,166.4,165,166.3,0
172962000,"1975-06-25 21:00:00",165.6,166.2,165.2,166,0
173048400,"1975-06-26 21:00:00",165.7,175,165.7,167.9,0
173307600,"1975-06-29 21:00:00",168.4,173.3,160,167.8,0
173394000,"1975-06-30 21:00:00",168.3,169.9,167.1,168.1,0
173480400,"1975-07-01 21:00:00",166.5,167.2,166.1,166.3,0
173566800,"1975-07-02 21:00:00",166,166.5,165.3,166.4,0
173912400,"1975-07-06 21:00:00",165.5,165.8,163.6,164,0
173998800,"1975-07-07 21:00:00",164.3,167.1,164.3,166.7,0
174085200,"1975-07-08 21:00:00",167.5,167.7,162,166.9,0
174171600,"1975-07-09 21:00:00",165.9,165.9,164.6,165.3,0
174258000,"1975-07-10 21:00:00",166,175.2,165.9,167.4,0
174517200,"1975-07-13 21:00:00",167.8,168.3,166.5,167,0
174603600,"1975-07-14 21:00:00",166.2,166.5,165.8,165.9,0
174690000,"1975-07-15 21:00:00",165.3,165.7,165,165.3,0
174776400,"1975-07-16 21:00:00",165.5,165.8,164.6,165.3,0
174862800,"1975-07-17 21:00:00",164.4,166,164,165.4,0
175122000,"1975-07-20 21:00:00",164.2,165.7,164.1,165.1,0
175208400,"1975-07-21 21:00:00",166.4,166.8,161.4,166.4,0
175294800,"1975-07-22 21:00:00",165.2,165.6,164.7,165.5,0
175381200,"1975-07-23 21:00:00",165.8,166.3,165.5,166,0
175467600,"1975-07-24 21:00:00",166.2,167.9,166.1,167.9,0
175726800,"1975-07-27 21:00:00",167.1,170.1,167.1,169.8,0
175813200,"1975-07-28 21:00:00",170.4,170.8,167.6,167.7,0
175899600,"1975-07-29 21:00:00",175.2,175.4,173.4,173.8,0
175986000,"1975-07-30 21:00:00",173.5,174.3,173,173.4,0
176072400,"1975-07-31 21:00:00",173.8,173.9,173.4,173.4,0
176331600,"1975-08-03 21:00:00",173.1,173.9,173.1,173.1,0
176418000,"1975-08-04 21:00:00",172.7,172.7,171.5,171.6,0
176504400,"1975-08-05 21:00:00",171.3,171.7,170.5,171,0
176590800,"1975-08-06 21:00:00",172,172,171,171.3,0
176677200,"1975-08-07 21:00:00",171,171,165.5,166.6,0
176936400,"1975-08-10 21:00:00",166,168,166,166.7,0
177022800,"1975-08-11 21:00:00",168,169.2,167.7,168.4,0
177109200,"1975-08-12 21:00:00",168,168,160.4,165,0
177195600,"1975-08-13 21:00:00",165.1,166.3,163,163.9,0
177282000,"1975-08-14 21:00:00",165,166.8,164.9,166.8,0
177541200,"1975-08-17 21:00:00",166.9,166.9,162.2,162.2,0
177627600,"1975-08-18 21:00:00",165.8,166.4,165.3,166.2,0
177714000,"1975-08-19 21:00:00",167,167.8,166.5,167,0
177800400,"1975-08-20 21:00:00",166.5,166.7,165.6,166.3,0
177886800,"1975-08-21 21:00:00",166.6,166.7,165.8,165.8,0
178146000,"1975-08-24 21:00:00",165.9,166.3,165.7,166,0
178232400,"1975-08-25 21:00:00",166.1,166.5,165.3,165.9,0
178318800,"1975-08-26 21:00:00",165.6,166.3,164.8,166.3,0
178405200,"1975-08-27 21:00:00",166.3,166.8,165.3,165.5,0
178491600,"1975-08-28 21:00:00",165.5,167,162.5,162.8,0
178837200,"1975-09-01 21:00:00",152.8,153.3,152.8,152.8,0
178923600,"1975-09-02 21:00:00",151,154.4,150.8,153.7,0
179010000,"1975-09-03 21:00:00",155.8,156.3,154.8,155.2,0
179096400,"1975-09-04 21:00:00",155.6,156,155.4,156,0
179355600,"1975-09-07 21:00:00",155.4,155.4,152.8,153,0
179442000,"1975-09-08 21:00:00",148,151.9,148,151.8,0
179528400,"1975-09-09 21:00:00",152.9,153.2,150.3,150.4,0
179614800,"1975-09-10 21:00:00",149.5,150.2,148.5,149.6,0
179701200,"1975-09-11 21:00:00",149.6,150.2,149.5,149.7,0
179960400,"1975-09-14 21:00:00",150,150.2,149.8,150,0
180046800,"1975-09-15 21:00:00",149.1,149.4,147.5,147.7,0
180133200,"1975-09-16 21:00:00",145,145.5,143,144.3,0
180219600,"1975-09-17 21:00:00",143.2,143.2,136.7,137.8,0
180306000,"1975-09-18 21:00:00",135.4,141.2,135,138.4,0
180565200,"1975-09-21 21:00:00",139,139.1,133.8,134.8,0
180651600,"1975-09-22 21:00:00",129,132.1,129,131.2,0
180738000,"1975-09-23 21:00:00",135.8,137.5,134.2,137.5,0
180824400,"1975-09-24 21:00:00",135.8,137.8,135.4,137,0
180910800,"1975-09-25 21:00:00",136.1,139.3,136.1,139,0
181170000,"1975-09-28 21:00:00",138.2,141.3,138.2,139.8,0
181256400,"1975-09-29 21:00:00",141.5,143.9,141.5,142.2,0
181342800,"1975-09-30 21:00:00",145,145.8,143.6,144.2,0
181429200,"1975-10-01 21:00:00",145,146.2,142.5,143.4,0
181515600,"1975-10-02 21:00:00",140.7,141.5,138.9,139.9,0
181774800,"1975-10-05 21:00:00",139.4,142.7,139.2,142.6,0
181861200,"1975-10-06 21:00:00",143.8,144.7,143.3,143.7,0
181947600,"1975-10-07 21:00:00",141.6,141.7,138.5,139.6,0
182034000,"1975-10-08 21:00:00",141.2,141.7,140,141.7,0
182120400,"1975-10-09 21:00:00",142.3,144,142.2,143.6,0
182466000,"1975-10-13 21:00:00",142.2,143.3,140.7,142.9,0
182552400,"1975-10-14 21:00:00",144,144.5,142.5,142.9,0
182638800,"1975-10-15 21:00:00",144.7,145.5,143.8,144,0
182725200,"1975-10-16 21:00:00",146,147.4,145.7,146.1,0
182984400,"1975-10-19 21:00:00",146.4,146.8,145.5,146.8,0
183070800,"1975-10-20 21:00:00",147.9,148,144.6,145.2,0
183157200,"1975-10-21 21:00:00",145.6,146.6,144.8,146.5,0
183243600,"1975-10-22 21:00:00",145.9,145.9,143.9,145.1,0
183330000,"1975-10-23 21:00:00",144,145,143.5,144.1,0
183592800,"1975-10-26 22:00:00",143.5,143.6,142.7,143,0
183679200,"1975-10-27 22:00:00",142.8,143.4,142,143.3,0
183765600,"1975-10-28 22:00:00",143,144.3,142.5,144.1,0
183852000,"1975-10-29 22:00:00",145,145,143.5,143.6,0
183938400,"1975-10-30 22:00:00",143.3,143.3,142.3,142.8,0
184197600,"1975-11-02 22:00:00",143.5,143.7,142.3,143.3,0
184370400,"1975-11-04 22:00:00",145.3,149.1,145.2,148.4,0
184456800,"1975-11-05 22:00:00",147.4,147.6,146,146,0
184543200,"1975-11-06 22:00:00",145.2,146.3,144.6,146.1,0
184802400,"1975-11-09 22:00:00",144.5,145.3,144.5,144.7,0
184975200,"1975-11-11 22:00:00",144,144.5,143.3,144,0
185061600,"1975-11-12 22:00:00",144.2,144.4,142.8,142.9,0
185148000,"1975-11-13 22:00:00",143.3,143.3,141,141.6,0
185407200,"1975-11-16 22:00:00",141.8,142,139.1,139.3,0
185493600,"1975-11-17 22:00:00",140.3,140.4,138.1,140.3,0
185580000,"1975-11-18 22:00:00",141.9,143,141.1,142.9,0
185666400,"1975-11-19 22:00:00",142,142.9,141.8,141.8,0
185752800,"1975-11-20 22:00:00",141.8,141.8,140.6,141.1,0
186012000,"1975-11-23 22:00:00",140.8,141.3,140,141.3,0
186098400,"1975-11-24 22:00:00",141.3,141.8,140.2,140.3,0
186184800,"1975-11-25 22:00:00",140.5,140.5,139.5,139.6,0
186357600,"1975-11-27 22:00:00",137.3,137.9,136.8,137.3,0
186616800,"1975-11-30 22:00:00",138.8,138.8,138,138.4,0
186703200,"1975-12-01 22:00:00",139.2,141.3,138.8,140,0
186789600,"1975-12-02 22:00:00",140.5,140.6,138.9,139,0
186876000,"1975-12-03 22:00:00",139.6,140.3,139,139,0
186962400,"1975-12-04 22:00:00",138.6,138.8,137.8,138.7,0
187221600,"1975-12-07 22:00:00",138.2,138.2,136.7,136.9,0
187308000,"1975-12-08 22:00:00",136.9,138.7,136.7,138.2,0
187394400,"1975-12-09 22:00:00",138.8,140.3,138.7,139.9,0
187480800,"1975-12-10 22:00:00",140.5,141.4,140,140,0
187567200,"1975-12-11 22:00:00",139,139.3,138.5,138.9,0
187826400,"1975-12-14 22:00:00",139,139,137.5,138.1,0
187912800,"1975-12-15 22:00:00",138.7,139.4,138.6,138.9,0
187999200,"1975-12-16 22:00:00",138.6,139.6,138.6,139.2,0
188085600,"1975-12-17 22:00:00",139.7,139.9,138.2,139.1,0
188172000,"1975-12-18 22:00:00",139.2,147.9,139.2,146.1,0
188431200,"1975-12-21 22:00:00",143.9,145.7,143.7,143.7,0
188517600,"1975-12-22 22:00:00",142.5,143,141.3,141.9,0
188604000,"1975-12-23 22:00:00",141.4,142.1,141.4,141.7,0
189036000,"1975-12-28 22:00:00",142.4,143,141.7,141.9,0
189122400,"1975-12-29 22:00:00",141.6,142.1,141.2,141.8,0
189208800,"1975-12-30 22:00:00",141.3,141.4,140.8,141,0
189381600,"1976-01-01 22:00:00",140.8,141.5,140.6,141.2,0
189640800,"1976-01-04 22:00:00",139.5,140.2,138.7,139.6,0
189727200,"1976-01-05 22:00:00",139.3,140.5,139.3,140.1,0
189813600,"1976-01-06 22:00:00",139.2,139.6,138.9,139.4,0
189900000,"1976-01-07 22:00:00",137.2,137.3,135.5,136.1,0
189986400,"1976-01-08 22:00:00",136.5,137.3,136.5,136.9,0
190245600,"1976-01-11 22:00:00",137.3,137.3,136.8,136.9,0
190332000,"1976-01-12 22:00:00",134,134,131.4,132,0
190418400,"1976-01-13 22:00:00",130.8,133,130.6,133,0
190504800,"1976-01-14 22:00:00",132.8,133.2,131.3,131.5,0
190591200,"1976-01-15 22:00:00",130.5,131.4,130,131,0
190850400,"1976-01-18 22:00:00",129.6,130.1,127.6,127.6,0
190936800,"1976-01-19 22:00:00",126.1,126.3,123.4,124.1,0
191023200,"1976-01-20 22:00:00",124.6,125.9,123.4,123.7,0
191109600,"1976-01-21 22:00:00",125.3,126.8,124.3,125.5,0
191196000,"1976-01-22 22:00:00",129,129.6,127.6,127.9,0
191455200,"1976-01-25 22:00:00",126.3,127.2,124.8,125.5,0
191541600,"1976-01-26 22:00:00",126.1,126.3,125.6,125.9,0
191628000,"1976-01-27 22:00:00",127.7,128.2,127.1,128.2,0
191714400,"1976-01-28 22:00:00",129.5,129.5,127.8,128.1,0
191800800,"1976-01-29 22:00:00",128.5,129.6,128.4,129,0
192060000,"1976-02-01 22:00:00",130.5,131.4,130.5,131.3,0
192146400,"1976-02-02 22:00:00",133,133,130.6,131.1,0
192232800,"1976-02-03 22:00:00",130.2,130.4,129,129.2,0
192319200,"1976-02-04 22:00:00",128.8,129.5,128.5,129.2,0
192405600,"1976-02-05 22:00:00",130.7,131.6,130.4,131.2,0
192664800,"1976-02-08 22:00:00",130.8,131,129.6,130.2,0
192751200,"1976-02-09 22:00:00",130.7,131.2,128.6,130.6,0
192837600,"1976-02-10 22:00:00",130.5,131.3,129.9,130.1,0
192924000,"1976-02-11 22:00:00",130.8,131.8,130.4,130.5,0
193010400,"1976-02-12 22:00:00",131.2,132,130.3,131,0
193356000,"1976-02-16 22:00:00",129.5,130.1,129.1,130,0
193442400,"1976-02-17 22:00:00",131.1,131.2,130.2,130.3,0
193528800,"1976-02-18 22:00:00",130.6,131,130.2,130.5,0
193615200,"1976-02-19 22:00:00",131,131.8,130.9,131.6,0
193874400,"1976-02-22 22:00:00",131.1,131.6,131.1,131.5,0
193960800,"1976-02-23 22:00:00",132.5,134.2,132.3,134.2,0
194047200,"1976-02-24 22:00:00",134.6,134.7,133.5,133.6,0
194133600,"1976-02-25 22:00:00",132.6,132.7,132,132.4,0
194220000,"1976-02-26 22:00:00",132.6,133.2,132.2,132.6,0
194479200,"1976-02-29 22:00:00",132.5,132.5,131.9,132.3,0
194565600,"1976-03-01 22:00:00",131.5,132,131.4,131.8,0
194652000,"1976-03-02 22:00:00",133,133,132.2,132.2,0
194738400,"1976-03-03 22:00:00",132.5,133.4,132.5,133.2,0
194824800,"1976-03-04 22:00:00",134.2,135,134,134.5,0
195084000,"1976-03-07 22:00:00",133.6,133.7,133.1,133.5,0
195170400,"1976-03-08 22:00:00",133.5,134.1,133.4,133.7,0
195256800,"1976-03-09 22:00:00",134.6,134.7,134.2,134.2,0
195343200,"1976-03-10 22:00:00",134.2,134.3,133.6,133.8,0
195429600,"1976-03-11 22:00:00",133.6,133.9,133.5,133.5,0
195688800,"1976-03-14 22:00:00",134,134.6,133.4,133.5,0
195775200,"1976-03-15 22:00:00",133.6,133.6,132.8,133.3,0
195861600,"1976-03-16 22:00:00",133.3,134.5,133.3,134.4,0
195948000,"1976-03-17 22:00:00",135,135.3,134.1,134.3,0
196034400,"1976-03-18 22:00:00",134.3,135,134.2,134.8,0
196293600,"1976-03-21 22:00:00",134.3,134.4,134,134.2,0
196380000,"1976-03-22 22:00:00",133.3,133.9,133.3,133.9,0
196466400,"1976-03-23 22:00:00",133.9,134.5,133.4,133.4,0
196552800,"1976-03-24 22:00:00",132.7,133.5,132.7,133.1,0
196639200,"1976-03-25 22:00:00",132.5,132.5,129.2,129.2,0
196898400,"1976-03-28 22:00:00",129.8,129.8,127.5,128.1,0
196984800,"1976-03-29 22:00:00",128,130.5,127.9,130.1,0
197071200,"1976-03-30 22:00:00",130,130.3,129.2,129.7,0
197157600,"1976-03-31 22:00:00",129.7,129.8,128.6,129.7,0
197244000,"1976-04-01 22:00:00",129.3,129.7,129.1,129.6,0
197503200,"1976-04-04 22:00:00",127.9,128.3,127.3,128.1,0
197589600,"1976-04-05 22:00:00",128.8,129,128.2,128.5,0
197676000,"1976-04-06 22:00:00",127.8,128.8,127.8,128,0
197762400,"1976-04-07 22:00:00",128.8,129.8,128.8,129.4,0
197848800,"1976-04-08 22:00:00",128.4,128.4,127.1,127.5,0
198108000,"1976-04-11 22:00:00",127.3,128.6,127.1,128.5,0
198194400,"1976-04-12 22:00:00",128.7,131,128.4,128.5,0
198280800,"1976-04-13 22:00:00",128.1,128.8,128,128.1,0
198367200,"1976-04-14 22:00:00",128.3,128.8,126.9,128.1,0
198712800,"1976-04-18 22:00:00",128.1,128.9,127.8,128.8,0
198799200,"1976-04-19 22:00:00",128.6,129.4,128.3,128.9,0
198885600,"1976-04-20 22:00:00",127.9,128.4,127.6,127.8,0
198972000,"1976-04-21 22:00:00",127.8,128.3,127.7,127.9,0
199058400,"1976-04-22 22:00:00",127.8,128.2,127.7,127.9,0
199314000,"1976-04-25 21:00:00",128.2,128.8,128.2,128.6,0
199400400,"1976-04-26 21:00:00",129,130.1,129,129.2,0
199486800,"1976-04-27 21:00:00",128.9,128.9,128.4,128.5,0
199573200,"1976-04-28 21:00:00",128.3,129.5,128.3,128.5,0
199659600,"1976-04-29 21:00:00",128.9,129.6,128.8,128.9,0
199918800,"1976-05-02 21:00:00",128.8,129,128.5,128.9,0
200005200,"1976-05-03 21:00:00",128.5,128.6,128,128.2,0
200091600,"1976-05-04 21:00:00",128,128.6,127.5,128.3,0
200178000,"1976-05-05 21:00:00",127.6,129.8,126.7,129.4,0
200264400,"1976-05-06 21:00:00",128.9,129,128.5,129,0
200523600,"1976-05-09 21:00:00",129,129.5,128.6,128.7,0
200610000,"1976-05-10 21:00:00",128.4,128.6,128.2,128.6,0
200696400,"1976-05-11 21:00:00",128.6,128.8,128.4,128.5,0
200782800,"1976-05-12 21:00:00",128.2,128.4,128.1,128.2,0
200869200,"1976-05-13 21:00:00",128.2,128.3,128,128.2,0
201128400,"1976-05-16 21:00:00",128.2,128.3,128.1,128.1,0
201214800,"1976-05-17 21:00:00",127.9,128,127.8,127.8,0
201301200,"1976-05-18 21:00:00",126,126,126,126,0
201387600,"1976-05-19 21:00:00",126.1,126.5,125.7,126.1,0
201474000,"1976-05-20 21:00:00",126.3,126.5,126.2,126.2,0
201733200,"1976-05-23 21:00:00",125.8,126,124.8,125.5,0
201819600,"1976-05-24 21:00:00",124.6,125.1,124.1,124.9,0
201906000,"1976-05-25 21:00:00",125.1,127.2,125.1,126.9,0
201992400,"1976-05-26 21:00:00",127,127.1,126.4,126.8,0
202078800,"1976-05-27 21:00:00",125.8,126.5,125.6,126,0
202424400,"1976-05-31 21:00:00",127.8,130.1,127.8,129.4,0
202510800,"1976-06-01 21:00:00",129.2,132.5,128.5,131.2,0
202597200,"1976-06-02 21:00:00",129,129.6,128.8,129.3,0
202683600,"1976-06-03 21:00:00",128.5,128.6,127.9,128,0
202942800,"1976-06-06 21:00:00",128,129.5,128,128.8,0
203029200,"1976-06-07 21:00:00",129,129.3,128.3,128.6,0
203115600,"1976-06-08 21:00:00",128.5,128.6,127.7,128.1,0
203202000,"1976-06-09 21:00:00",128.5,128.6,127.8,127.8,0
203288400,"1976-06-10 21:00:00",127.5,127.5,126.5,126.9,0
203547600,"1976-06-13 21:00:00",127,127.3,126.6,127.2,0
203634000,"1976-06-14 21:00:00",127.2,127.2,126.9,127.1,0
203720400,"1976-06-15 21:00:00",126.5,126.6,126.2,126.5,0
203806800,"1976-06-16 21:00:00",126.9,127.5,126.9,127.1,0
203893200,"1976-06-17 21:00:00",127.3,127.5,127.1,127.2,0
204152400,"1976-06-20 21:00:00",126.8,127.3,126.8,127.2,0
204238800,"1976-06-21 21:00:00",126.8,127,126,126,0
204325200,"1976-06-22 21:00:00",125.6,125.7,125.2,125.6,0
204411600,"1976-06-23 21:00:00",125.7,127.6,125,125.7,0
204498000,"1976-06-24 21:00:00",125.7,126.1,125.4,125.5,0
204757200,"1976-06-27 21:00:00",125.1,126.1,123.7,124,0
204843600,"1976-06-28 21:00:00",124.4,124.4,124,124.2,0
204930000,"1976-06-29 21:00:00",124.5,124.8,123.5,123.9,0
205016400,"1976-06-30 21:00:00",123.6,123.6,123.1,123.6,0
205102800,"1976-07-01 21:00:00",123.8,124.5,123.6,124.1,0
205448400,"1976-07-05 21:00:00",123.7,124.5,123.7,124.2,0
205534800,"1976-07-06 21:00:00",124,124.1,123.8,123.9,0
205621200,"1976-07-07 21:00:00",123.8,124.1,123.6,123.7,0
205707600,"1976-07-08 21:00:00",123.2,123.2,122.8,122.8,0
205966800,"1976-07-11 21:00:00",122.4,122.4,121.9,122.2,0
206053200,"1976-07-12 21:00:00",122.5,123.1,122.3,123,0
206139600,"1976-07-13 21:00:00",123,123.2,122.8,123.1,0
206226000,"1976-07-14 21:00:00",122.1,122.2,117.5,117.5,0
206312400,"1976-07-15 21:00:00",118.2,118.9,116.4,117.9,0
206571600,"1976-07-18 21:00:00",113,114.3,112.6,112.6,0
206658000,"1976-07-19 21:00:00",105.5,109.3,105,108.9,0
206744400,"1976-07-20 21:00:00",112,113.2,112,112.8,0
206830800,"1976-07-21 21:00:00",111.1,111.6,110.8,111,0
206917200,"1976-07-22 21:00:00",110.3,111.2,110.3,111.2,0
207176400,"1976-07-25 21:00:00",111.4,112.6,111.2,112.1,0
207262800,"1976-07-26 21:00:00",114.3,114.9,113.1,113.1,0
207349200,"1976-07-27 21:00:00",114.2,114.5,111.5,112.9,0
207435600,"1976-07-28 21:00:00",111.5,111.6,111,111.4,0
207522000,"1976-07-29 21:00:00",114.6,114.8,113.8,114.2,0
207781200,"1976-08-01 21:00:00",113.7,113.9,113.1,113.3,0
207867600,"1976-08-02 21:00:00",113,114.1,112.4,113.9,0
207954000,"1976-08-03 21:00:00",114.4,115.2,114.1,114.3,0
208040400,"1976-08-04 21:00:00",113.5,113.9,113,113.3,0
208126800,"1976-08-05 21:00:00",113.8,114,113.5,113.8,0
208386000,"1976-08-08 21:00:00",113.3,113.6,113.3,113.6,0
208472400,"1976-08-09 21:00:00",114.6,115.1,114.3,114.7,0
208558800,"1976-08-10 21:00:00",115,115,114.3,114.5,0
208645200,"1976-08-11 21:00:00",114.5,114.5,113.8,113.9,0
208731600,"1976-08-12 21:00:00",113.8,114.5,113.8,114.5,0
208990800,"1976-08-15 21:00:00",114.2,114.3,114,114,0
209077200,"1976-08-16 21:00:00",113.6,113.6,112,112.2,0
209163600,"1976-08-17 21:00:00",109,109.2,107,108.8,0
209250000,"1976-08-18 21:00:00",109.5,110.4,108.9,108.9,0
209336400,"1976-08-19 21:00:00",108.5,109.1,108.2,108.6,0
209595600,"1976-08-22 21:00:00",106,106.5,104.3,104.5,0
209682000,"1976-08-23 21:00:00",104.6,104.7,103.3,103.4,0
209768400,"1976-08-24 21:00:00",102,106.2,100,106.1,0
209854800,"1976-08-25 21:00:00",105.7,105.7,104.4,104.9,0
209941200,"1976-08-26 21:00:00",104.7,104.7,102.8,103.1,0
210200400,"1976-08-29 21:00:00",102,102.8,101.6,102.8,0
210286800,"1976-08-30 21:00:00",102.5,104.9,102.2,103.2,0
210373200,"1976-08-31 21:00:00",104.3,105.7,104.1,105.4,0
210459600,"1976-09-01 21:00:00",106,106.5,105.3,105.4,0
210546000,"1976-09-02 21:00:00",106.4,108.1,106.4,108,0
210891600,"1976-09-06 21:00:00",113.5,114,110.3,111.8,0
210978000,"1976-09-07 21:00:00",112,112.5,111.2,112.4,0
211064400,"1976-09-08 21:00:00",112.7,114.1,111.8,113.9,0
211150800,"1976-09-09 21:00:00",116,118.9,115.6,118.4,0
211410000,"1976-09-12 21:00:00",114,115.9,114,114.7,0
211496400,"1976-09-13 21:00:00",112.3,113.2,110.8,110.8,0
211582800,"1976-09-14 21:00:00",110.3,114,110,112.3,0
211669200,"1976-09-15 21:00:00",115.4,115.8,113.7,114,0
211755600,"1976-09-16 21:00:00",120.1,121,117.3,117.5,0
212014800,"1976-09-19 21:00:00",115.5,115.8,114.9,115,0
212101200,"1976-09-20 21:00:00",118.4,120.5,118.3,119.1,0
212187600,"1976-09-21 21:00:00",118.9,118.9,116.6,118.5,0
212274000,"1976-09-22 21:00:00",117.7,118.7,116.8,117.8,0
212360400,"1976-09-23 21:00:00",119,119.5,118,118.6,0
212619600,"1976-09-26 21:00:00",119.2,119.2,117.5,117.7,0
212706000,"1976-09-27 21:00:00",116.5,116.9,115.4,116.2,0
212792400,"1976-09-28 21:00:00",116.2,116.5,115.5,116.1,0
212878800,"1976-09-29 21:00:00",116.1,116.2,115,116.1,0
212965200,"1976-09-30 21:00:00",115.8,116.2,115.7,116,0
213224400,"1976-10-03 21:00:00",114.1,114.8,112.9,114.2,0
213310800,"1976-10-04 21:00:00",114.4,115,113.9,114.5,0
213397200,"1976-10-05 21:00:00",114.8,116.8,114.7,116.6,0
213483600,"1976-10-06 21:00:00",116.1,116.1,115.5,115.5,0
213570000,"1976-10-07 21:00:00",114.4,114.5,113.5,114,0
213829200,"1976-10-10 21:00:00",113.8,114.9,113.4,114.6,0
213915600,"1976-10-11 21:00:00",115.2,115.2,114.5,114.7,0
214002000,"1976-10-12 21:00:00",114.6,115.3,114.5,115,0
214088400,"1976-10-13 21:00:00",115.1,115.2,114.1,114.9,0
214174800,"1976-10-14 21:00:00",115,117.2,115,117,0
214434000,"1976-10-17 21:00:00",116.7,117.3,116.5,116.9,0
214520400,"1976-10-18 21:00:00",115.7,115.9,115.3,115.3,0
214606800,"1976-10-19 21:00:00",115.2,115.3,114.9,114.9,0
214693200,"1976-10-20 21:00:00",115.7,116.6,115.6,116.3,0
214779600,"1976-10-21 21:00:00",115.8,116,115.7,115.8,0
215038800,"1976-10-24 21:00:00",115.9,117.1,115.8,116.9,0
215125200,"1976-10-25 21:00:00",117.6,118.6,117.5,118.4,0
215211600,"1976-10-26 21:00:00",117.8,120.5,117.7,120,0
215298000,"1976-10-27 21:00:00",123.8,126,123.1,125.8,0
215384400,"1976-10-28 21:00:00",123.5,125.1,123.2,123.8,0
215647200,"1976-10-31 22:00:00",122.8,123.9,122.8,123.7,0
215820000,"1976-11-02 22:00:00",125.9,127.1,125.1,125.2,0
215906400,"1976-11-03 22:00:00",125,126.2,124.3,126,0
215992800,"1976-11-04 22:00:00",126.9,128.2,126.9,128,0
216252000,"1976-11-07 22:00:00",132.3,133.1,131.7,133,0
216338400,"1976-11-08 22:00:00",130.8,134.3,130.6,133.2,0
216424800,"1976-11-09 22:00:00",136.7,137.7,136.1,137.1,0
216511200,"1976-11-10 22:00:00",135.2,136.9,133.8,135.8,0
216597600,"1976-11-11 22:00:00",136.3,137.2,136,136.9,0
216856800,"1976-11-14 22:00:00",139.5,141,135.5,135.9,0
216943200,"1976-11-15 22:00:00",134.2,135.3,133,133.3,0
217029600,"1976-11-16 22:00:00",132,134.2,131.5,131.8,0
217116000,"1976-11-17 22:00:00",129,130,128,128.6,0
217202400,"1976-11-18 22:00:00",131,132,130.2,130.8,0
217461600,"1976-11-21 22:00:00",133.9,135.2,133.6,135.1,0
217548000,"1976-11-22 22:00:00",134,134.4,132,132.4,0
217634400,"1976-11-23 22:00:00",130.6,132.7,129.6,132.5,0
217807200,"1976-11-25 22:00:00",130.7,131.3,129,129.7,0
218066400,"1976-11-28 22:00:00",130.1,131.6,129,131.2,0
218152800,"1976-11-29 22:00:00",131.5,132.8,131.4,132.6,0
218239200,"1976-11-30 22:00:00",131.9,132.5,131.3,132.2,0
218325600,"1976-12-01 22:00:00",133,133,131.5,132.1,0
218412000,"1976-12-02 22:00:00",131.5,133.9,131.5,133.3,0
218671200,"1976-12-05 22:00:00",135.1,136.6,135.1,136,0
218757600,"1976-12-06 22:00:00",136.4,137.2,134.2,134.8,0
218844000,"1976-12-07 22:00:00",137.4,138.4,136.6,138.1,0
218930400,"1976-12-08 22:00:00",137.5,139.1,136.9,138.6,0
219016800,"1976-12-09 22:00:00",138.1,139.9,138.1,139,0
219276000,"1976-12-12 22:00:00",137.4,137.6,135.2,136.4,0
219362400,"1976-12-13 22:00:00",135.5,137,135.1,137,0
219448800,"1976-12-14 22:00:00",136,136.6,133,133.5,0
219535200,"1976-12-15 22:00:00",135,135.5,134.3,134.9,0
219621600,"1976-12-16 22:00:00",133.8,133.9,131.5,132,0
219880800,"1976-12-19 22:00:00",132.5,133,132.3,132.4,0
219967200,"1976-12-20 22:00:00",134.5,135.4,133.8,135.2,0
220053600,"1976-12-21 22:00:00",134.8,135.5,134,134.4,0
220140000,"1976-12-22 22:00:00",133.5,134.1,133,133.9,0
220485600,"1976-12-26 22:00:00",133.8,134.6,133.8,134.2,0
220572000,"1976-12-27 22:00:00",134.9,135.4,134.2,134.5,0
220658400,"1976-12-28 22:00:00",135.2,135.8,134.9,135.1,0
220744800,"1976-12-29 22:00:00",135.5,136.3,135.4,135.7,0
221090400,"1977-01-02 22:00:00",135.5,136.4,135.3,136,0
221176800,"1977-01-03 22:00:00",137,137.7,136.3,136.4,0
221263200,"1977-01-04 22:00:00",135,135.1,132.8,133.2,0
221349600,"1977-01-05 22:00:00",133.3,133.7,132.8,133.6,0
221436000,"1977-01-06 22:00:00",134,134.1,133,133.1,0
221695200,"1977-01-09 22:00:00",131.7,131.8,127.5,127.6,0
221781600,"1977-01-10 22:00:00",130.1,131.1,128.6,130.7,0
221868000,"1977-01-11 22:00:00",131,131.7,129.8,131.7,0
221954400,"1977-01-12 22:00:00",132.3,133,131.7,132,0
222040800,"1977-01-13 22:00:00",131.8,132,131.2,131.6,0
222300000,"1977-01-16 22:00:00",132,133.3,131.6,132.8,0
222386400,"1977-01-17 22:00:00",133.1,133.7,132.3,132.5,0
222472800,"1977-01-18 22:00:00",132.8,133.4,132.6,133.1,0
222559200,"1977-01-19 22:00:00",133.7,133.9,132.8,133.1,0
222645600,"1977-01-20 22:00:00",133.2,133.2,130.9,132.6,0
222904800,"1977-01-23 22:00:00",132.6,133.1,132.2,132.8,0
222991200,"1977-01-24 22:00:00",133.8,134.6,133.6,134.5,0
223077600,"1977-01-25 22:00:00",133,133,131.5,131.7,0
223164000,"1977-01-26 22:00:00",132.5,132.7,131,131.2,0
223250400,"1977-01-27 22:00:00",131.2,132,131.1,131.9,0
223509600,"1977-01-30 22:00:00",133.2,134,133.1,134,0
223596000,"1977-01-31 22:00:00",134,134.1,133.5,133.5,0
223682400,"1977-02-01 22:00:00",133,134,132.8,133.9,0
223768800,"1977-02-02 22:00:00",134.3,134.5,133.6,133.6,0
223855200,"1977-02-03 22:00:00",133.1,134,133,134,0
224114400,"1977-02-06 22:00:00",134.8,136.7,134.7,136.4,0
224200800,"1977-02-07 22:00:00",136,136.4,135.3,135.6,0
224287200,"1977-02-08 22:00:00",137.3,138.1,137,137.1,0
224373600,"1977-02-09 22:00:00",137,137.2,136.2,136.4,0
224460000,"1977-02-10 22:00:00",135.7,137,135.7,137,0
224719200,"1977-02-13 22:00:00",137.5,137.7,136.5,136.6,0
224805600,"1977-02-14 22:00:00",136.7,137,136,136.3,0
224892000,"1977-02-15 22:00:00",137,137.5,136.9,137.3,0
224978400,"1977-02-16 22:00:00",137.9,137.9,137.2,137.7,0
225064800,"1977-02-17 22:00:00",138,138.4,137.6,138.3,0
225410400,"1977-02-21 22:00:00",139.1,140,138.8,139.8,0
225496800,"1977-02-22 22:00:00",140,141.8,139.8,140.7,0
225583200,"1977-02-23 22:00:00",142,142.6,140.4,142.1,0
225669600,"1977-02-24 22:00:00",141.3,142.5,140.8,142.3,0
225928800,"1977-02-27 22:00:00",144,145.4,143.8,144.6,0
226015200,"1977-02-28 22:00:00",143,143.6,142.4,143.6,0
226101600,"1977-03-01 22:00:00",146.3,147.4,144.6,147.4,0
226188000,"1977-03-02 22:00:00",145.9,146.7,145.1,146.1,0
226274400,"1977-03-03 22:00:00",146.7,148.5,146,148.2,0
226533600,"1977-03-06 22:00:00",149.5,150.4,148,148.1,0
226620000,"1977-03-07 22:00:00",148.5,149.7,146.5,148.1,0
226706400,"1977-03-08 22:00:00",146.5,148,146.2,148,0
226792800,"1977-03-09 22:00:00",147.4,148.7,146.4,146.7,0
226879200,"1977-03-10 22:00:00",147.5,147.5,145.5,146.1,0
227138400,"1977-03-13 22:00:00",146.3,146.7,145,145.7,0
227224800,"1977-03-14 22:00:00",146.6,148.1,146.6,148.1,0
227311200,"1977-03-15 22:00:00",148.5,149.2,147.5,149.1,0
227397600,"1977-03-16 22:00:00",149.8,150.6,149.3,150.2,0
227484000,"1977-03-17 22:00:00",151.5,151.5,150,151,0
227743200,"1977-03-20 22:00:00",152.5,153.7,152.2,153.7,0
227829600,"1977-03-21 22:00:00",151,151.6,150.7,151,0
227916000,"1977-03-22 22:00:00",153.6,154.7,153,153.8,0
228002400,"1977-03-23 22:00:00",152.9,153.3,152.6,153,0
228088800,"1977-03-24 22:00:00",154.1,154.5,153,153.3,0
228348000,"1977-03-27 22:00:00",150,150.8,148.8,149.8,0
228434400,"1977-03-28 22:00:00",148.6,148.8,146.3,148.6,0
228520800,"1977-03-29 22:00:00",151.2,151.9,150.8,151.5,0
228607200,"1977-03-30 22:00:00",149.5,151.2,149.3,151,0
228693600,"1977-03-31 22:00:00",150.5,152.6,150,152.2,0
228952800,"1977-04-03 22:00:00",152.3,152.6,151,151.1,0
229039200,"1977-04-04 22:00:00",149.6,150,147.3,147.7,0
229125600,"1977-04-05 22:00:00",149.5,149.9,148.5,149,0
229212000,"1977-04-06 22:00:00",149.6,150.2,148.6,149.5,0
229557600,"1977-04-10 22:00:00",149.6,150.8,149.6,150.7,0
229644000,"1977-04-11 22:00:00",151.4,151.5,150.9,151.3,0
229730400,"1977-04-12 22:00:00",154.5,154.7,152.8,153.8,0
229816800,"1977-04-13 22:00:00",153.7,153.7,152.6,153.3,0
229903200,"1977-04-14 22:00:00",151.6,152.8,151.5,152.7,0
230162400,"1977-04-17 22:00:00",152.3,153.1,152,152.3,0
230248800,"1977-04-18 22:00:00",151.3,152,151.1,151.1,0
230335200,"1977-04-19 22:00:00",150.6,150.7,148,149.2,0
230421600,"1977-04-20 22:00:00",148.7,150.1,148.7,150,0
230508000,"1977-04-21 22:00:00",151.2,151.4,149.8,150.1,0
230763600,"1977-04-24 21:00:00",150,150,148.3,148.3,0
230850000,"1977-04-25 21:00:00",148,148.2,146.1,146.7,0
230936400,"1977-04-26 21:00:00",148.1,148.2,146.3,146.9,0
231022800,"1977-04-27 21:00:00",146.5,146.8,144.8,146.2,0
231109200,"1977-04-28 21:00:00",146.8,148.2,146.8,148,0
231368400,"1977-05-01 21:00:00",147.9,149.7,147.9,149.6,0
231454800,"1977-05-02 21:00:00",148.8,149.1,147.6,147.9,0
231541200,"1977-05-03 21:00:00",148,148.6,147.7,148,0
231627600,"1977-05-04 21:00:00",146.7,147.8,146.3,147.6,0
231714000,"1977-05-05 21:00:00",148.2,149,147.9,148.5,0
231973200,"1977-05-08 21:00:00",148.1,148.3,147.3,148.2,0
232059600,"1977-05-09 21:00:00",148,148.5,147.7,148,0
232146000,"1977-05-10 21:00:00",147.9,148.4,147.3,147.5,0
232232400,"1977-05-11 21:00:00",147.4,148.4,146.5,148,0
232318800,"1977-05-12 21:00:00",148.7,149,147.8,148.3,0
232578000,"1977-05-15 21:00:00",148.1,148.6,147.8,148.5,0
232664400,"1977-05-16 21:00:00",148,148.6,147.5,147.5,0
232750800,"1977-05-17 21:00:00",146.8,147.3,146.4,146.8,0
232837200,"1977-05-18 21:00:00",146.5,147.9,146.2,147,0
232923600,"1977-05-19 21:00:00",147.2,147.7,146.8,146.9,0
233182800,"1977-05-22 21:00:00",146.8,146.8,144.9,145.3,0
233269200,"1977-05-23 21:00:00",145.3,145.5,143.3,144,0
233355600,"1977-05-24 21:00:00",144.6,144.9,143.9,144.1,0
233442000,"1977-05-25 21:00:00",143.6,143.9,142,142.6,0
233528400,"1977-05-26 21:00:00",143.5,144.8,143.5,144.5,0
233874000,"1977-05-30 21:00:00",143.9,144.5,143.6,144.3,0
233960400,"1977-05-31 21:00:00",144.8,145.6,144.6,145,0
234046800,"1977-06-01 21:00:00",143.4,143.7,142.5,143.5,0
234133200,"1977-06-02 21:00:00",143,143.6,142,143.5,0
234392400,"1977-06-05 21:00:00",143.5,144.6,143.5,144.2,0
234478800,"1977-06-06 21:00:00",144.5,144.5,143.5,143.7,0
234565200,"1977-06-07 21:00:00",143.2,143.7,142.6,142.8,0
234651600,"1977-06-08 21:00:00",142.2,142.3,140.6,140.7,0
234738000,"1977-06-09 21:00:00",141.1,142.3,140.5,142.1,0
234997200,"1977-06-12 21:00:00",139.7,140.1,138.5,138.7,0
235083600,"1977-06-13 21:00:00",138,138.6,137.6,137.9,0
235170000,"1977-06-14 21:00:00",139.5,140.7,139,140.5,0
235256400,"1977-06-15 21:00:00",141.3,141.7,139.6,140.3,0
235342800,"1977-06-16 21:00:00",139.7,140.7,139.3,140.7,0
235602000,"1977-06-19 21:00:00",141.2,141.6,140.7,141.1,0
235688400,"1977-06-20 21:00:00",142.6,142.8,141.7,141.7,0
235774800,"1977-06-21 21:00:00",140.7,140.9,140.1,140.7,0
235861200,"1977-06-22 21:00:00",141,141.7,141,141.7,0
235947600,"1977-06-23 21:00:00",141.7,142.2,141.5,141.9,0
236206800,"1977-06-26 21:00:00",142.9,144.6,142.8,144.6,0
236293200,"1977-06-27 21:00:00",144,144.3,142.8,143,0
236379600,"1977-06-28 21:00:00",143.3,143.9,142.8,143.7,0
236466000,"1977-06-29 21:00:00",143.7,144.2,143.6,143.6,0
236552400,"1977-06-30 21:00:00",143.5,143.7,142.1,142.1,0
236898000,"1977-07-04 21:00:00",142.2,142.2,140.5,140.9,0
236984400,"1977-07-05 21:00:00",141.2,141.7,140.9,141.4,0
237070800,"1977-07-06 21:00:00",141.9,142.2,141.6,141.9,0
237157200,"1977-07-07 21:00:00",142.6,142.9,142.2,142.5,0
237416400,"1977-07-10 21:00:00",142,142,141.3,141.6,0
237502800,"1977-07-11 21:00:00",142.4,143.7,142.2,143.6,0
237589200,"1977-07-12 21:00:00",143.8,145.5,143.3,145,0
237762000,"1977-07-14 21:00:00",145.3,146,144.3,144.7,0
238021200,"1977-07-17 21:00:00",144.1,145.8,143.8,145.8,0
238107600,"1977-07-18 21:00:00",146.2,146.8,145.1,145.2,0
238194000,"1977-07-19 21:00:00",145.1,145.7,144.4,144.8,0
238280400,"1977-07-20 21:00:00",144.6,144.8,144.1,144.2,0
238366800,"1977-07-21 21:00:00",145.1,145.7,145,145.3,0
238626000,"1977-07-24 21:00:00",147,147.4,146.9,147.3,0
238712400,"1977-07-25 21:00:00",146.4,147,146.2,146.7,0
238798800,"1977-07-26 21:00:00",146.2,146.7,145.3,145.4,0
238885200,"1977-07-27 21:00:00",144.7,145.1,143.8,144,0
238971600,"1977-07-28 21:00:00",144.5,146.1,144.5,145.1,0
239230800,"1977-07-31 21:00:00",147.2,148.3,146.5,148.2,0
239317200,"1977-08-01 21:00:00",148.6,149.1,148.1,148.3,0
239403600,"1977-08-02 21:00:00",148.5,149.6,148.5,149.1,0
239490000,"1977-08-03 21:00:00",149.9,150.2,148.5,148.6,0
239576400,"1977-08-04 21:00:00",148.4,149.3,148,149.2,0
239835600,"1977-08-07 21:00:00",149,149.3,148.3,149.3,0
239922000,"1977-08-08 21:00:00",149.3,150,148.5,148.5,0
240008400,"1977-08-09 21:00:00",149.3,149.4,148.3,148.6,0
240094800,"1977-08-10 21:00:00",148.1,148.9,147.8,148.6,0
240181200,"1977-08-11 21:00:00",148,148.1,145.8,146,0
240440400,"1977-08-14 21:00:00",146.6,146.7,144,144.7,0
240526800,"1977-08-15 21:00:00",145.6,146.2,144.9,145.9,0
240613200,"1977-08-16 21:00:00",146.3,146.6,145.7,146.4,0
240699600,"1977-08-17 21:00:00",145.9,147.1,145.5,147,0
240786000,"1977-08-18 21:00:00",146.9,147.3,146.7,146.8,0
241045200,"1977-08-21 21:00:00",146.5,146.6,145.7,146.2,0
241131600,"1977-08-22 21:00:00",145.8,146.5,145.2,146.4,0
241218000,"1977-08-23 21:00:00",146.2,147.3,146.2,146.9,0
241304400,"1977-08-24 21:00:00",146.9,146.9,146.1,146.4,0
241390800,"1977-08-25 21:00:00",146.7,148.6,146.7,148.6,0
241650000,"1977-08-28 21:00:00",148.1,148.6,148,148.1,0
241736400,"1977-08-29 21:00:00",148.5,149.2,148.4,148.5,0
241822800,"1977-08-30 21:00:00",148.8,148.9,147.9,148.1,0
241909200,"1977-08-31 21:00:00",147.7,148.4,147.4,148.3,0
241995600,"1977-09-01 21:00:00",148.5,150.8,148.5,150.8,0
242341200,"1977-09-05 21:00:00",150.1,150.3,149.2,149.3,0
242427600,"1977-09-06 21:00:00",149.6,151.2,149.5,150.6,0
242514000,"1977-09-07 21:00:00",150.1,150.3,149.1,149.4,0
242600400,"1977-09-08 21:00:00",149.4,150.5,149.4,150.4,0
242859600,"1977-09-11 21:00:00",150.8,151.2,150.2,150.3,0
242946000,"1977-09-12 21:00:00",149.8,150.3,149.7,150,0
243032400,"1977-09-13 21:00:00",150.2,151,150.1,150.4,0
243118800,"1977-09-14 21:00:00",150.7,150.7,149.6,150.3,0
243205200,"1977-09-15 21:00:00",150.8,151.9,150.5,151.5,0
243464400,"1977-09-18 21:00:00",152.1,152.8,151.9,152,0
243550800,"1977-09-19 21:00:00",151.9,153.6,151.7,153.5,0
243637200,"1977-09-20 21:00:00",154.1,154.3,153.3,154,0
243723600,"1977-09-21 21:00:00",154.3,154.6,153.8,154.1,0
243810000,"1977-09-22 21:00:00",153.6,154,152.7,154,0
244069200,"1977-09-25 21:00:00",155.3,156.1,155.2,155.9,0
244155600,"1977-09-26 21:00:00",155.3,155.6,154.8,155.3,0
244242000,"1977-09-27 21:00:00",156.5,156.9,155.6,155.6,0
244328400,"1977-09-28 21:00:00",155.8,156.4,154.6,156,0
244414800,"1977-09-29 21:00:00",156.5,157.1,156.3,156.4,0
244674000,"1977-10-02 21:00:00",157.8,158,157.5,157.8,0
244760400,"1977-10-03 21:00:00",157.3,158,156.8,157.8,0
244846800,"1977-10-04 21:00:00",157.6,157.6,156.6,156.8,0
244933200,"1977-10-05 21:00:00",156,156.7,155.4,155.5,0
245019600,"1977-10-06 21:00:00",155.9,157.7,155.6,157.3,0
245278800,"1977-10-09 21:00:00",159.3,159.9,159,159,0
245365200,"1977-10-10 21:00:00",159,160.4,158.7,160.2,0
245451600,"1977-10-11 21:00:00",159.7,160.9,159.5,160,0
245538000,"1977-10-12 21:00:00",160.2,160.5,158.3,159.5,0
245624400,"1977-10-13 21:00:00",159.9,162.2,159.7,162.1,0
245883600,"1977-10-16 21:00:00",163.3,164.2,162.4,164.1,0
245970000,"1977-10-17 21:00:00",162.6,163.7,162.3,162.6,0
246056400,"1977-10-18 21:00:00",164.4,164.7,160.1,160.2,0
246142800,"1977-10-19 21:00:00",161.5,162.8,160.8,162.5,0
246229200,"1977-10-20 21:00:00",163.3,164.4,162.3,164.3,0
246488400,"1977-10-23 21:00:00",165.2,166.8,165.1,166.6,0
246574800,"1977-10-24 21:00:00",165.7,166.6,164.9,166.5,0
246661200,"1977-10-25 21:00:00",165.6,165.7,164,164.1,0
246747600,"1977-10-26 21:00:00",163.4,163.4,160.5,161.7,0
246834000,"1977-10-27 21:00:00",162.7,163,161.8,162,0
247096800,"1977-10-30 22:00:00",162.3,163.7,162.1,162.7,0
247183200,"1977-10-31 22:00:00",163.8,164.1,162.8,163.6,0
247269600,"1977-11-01 22:00:00",162.9,163.5,161.7,163.4,0
247356000,"1977-11-02 22:00:00",164.8,166.2,164.8,166.1,0
247442400,"1977-11-03 22:00:00",166.4,168.5,166.2,168.3,0
247701600,"1977-11-06 22:00:00",167.6,167.9,166.2,166.2,0
247788000,"1977-11-07 22:00:00",164.6,167.7,164.6,167.5,0
247874400,"1977-11-08 22:00:00",169.7,169.9,168.2,168.2,0
247960800,"1977-11-09 22:00:00",168.6,168.9,167.6,168.7,0
248047200,"1977-11-10 22:00:00",169.6,169.8,168.2,168.9,0
248306400,"1977-11-13 22:00:00",166.7,166.7,164,164.3,0
248392800,"1977-11-14 22:00:00",164.5,164.6,161.5,163.5,0
248479200,"1977-11-15 22:00:00",160.9,161.4,157.5,158.4,0
248565600,"1977-11-16 22:00:00",159,160.8,158.1,160.6,0
248652000,"1977-11-17 22:00:00",161.1,162.4,161,161.5,0
248911200,"1977-11-20 22:00:00",157.2,157.5,154.7,155.2,0
248997600,"1977-11-21 22:00:00",155.3,157.1,154.8,155.9,0
249084000,"1977-11-22 22:00:00",159.5,159.7,158.3,158.6,0
249256800,"1977-11-24 22:00:00",158.1,159.5,157.6,159.5,0
249516000,"1977-11-27 22:00:00",160.9,161.7,160,160.8,0
249602400,"1977-11-28 22:00:00",162,165.1,160.8,165.1,0
249688800,"1977-11-29 22:00:00",162.1,162.9,162.1,162.3,0
249775200,"1977-11-30 22:00:00",162.9,162.9,159.5,159.6,0
249861600,"1977-12-01 22:00:00",159.8,160.8,159.8,160.1,0
250120800,"1977-12-04 22:00:00",161,162.1,160.9,161.7,0
250207200,"1977-12-05 22:00:00",162.8,163.1,161,161.8,0
250293600,"1977-12-06 22:00:00",162.1,164.2,161.9,163.6,0
250380000,"1977-12-07 22:00:00",162.3,163.3,161.5,162,0
250466400,"1977-12-08 22:00:00",160.8,161.2,159.7,160,0
250725600,"1977-12-11 22:00:00",160.4,160.5,157.1,157.2,0
250812000,"1977-12-12 22:00:00",158.1,159.6,158,159.5,0
250898400,"1977-12-13 22:00:00",161.4,161.6,159.5,161.5,0
250984800,"1977-12-14 22:00:00",160.8,161.6,159.4,161.5,0
251071200,"1977-12-15 22:00:00",160.7,162,160.7,161.6,0
251330400,"1977-12-18 22:00:00",161.2,161.8,160.2,160.8,0
251416800,"1977-12-19 22:00:00",161.2,161.7,160,161.5,0
251503200,"1977-12-20 22:00:00",161.7,162.2,160.4,161.2,0
251589600,"1977-12-21 22:00:00",161,163.7,160.2,162.9,0
251676000,"1977-12-22 22:00:00",163,164.7,162.9,164.7,0
252021600,"1977-12-26 22:00:00",164.7,166.4,164.7,166.2,0
252108000,"1977-12-27 22:00:00",165.8,166.7,165.6,166.2,0
252194400,"1977-12-28 22:00:00",167.4,167.8,167.2,167.7,0
252280800,"1977-12-29 22:00:00",166.5,167.9,165.9,167.5,0
252626400,"1978-01-02 22:00:00",169.9,173.5,169.9,173,0
252712800,"1978-01-03 22:00:00",174.1,174.1,167.5,168,0
252799200,"1978-01-04 22:00:00",166,171.6,165.5,170.8,0
252885600,"1978-01-05 22:00:00",170.8,171.8,168.5,171.3,0
253144800,"1978-01-08 22:00:00",170.4,173.4,170.3,173.3,0
253231200,"1978-01-09 22:00:00",174.5,175.2,172.6,172.8,0
253317600,"1978-01-10 22:00:00",173.5,175,172.5,175,0
253404000,"1978-01-11 22:00:00",175,175.2,171.8,172.6,0
253490400,"1978-01-12 22:00:00",173.2,176.2,172.8,175.5,0
253749600,"1978-01-15 22:00:00",176.3,176.6,174.8,176.2,0
253836000,"1978-01-16 22:00:00",173.5,174.1,172.6,173.9,0
253922400,"1978-01-17 22:00:00",172.7,173.7,171.7,172.3,0
254008800,"1978-01-18 22:00:00",173.8,174,173.1,173.7,0
254354400,"1978-01-22 22:00:00",176,177.9,175.6,176.8,0
254440800,"1978-01-23 22:00:00",177.7,177.7,175.9,176.7,0
254527200,"1978-01-24 22:00:00",177.5,178.3,176.4,176.6,0
254613600,"1978-01-25 22:00:00",176.2,176.3,174.8,176.2,0
254700000,"1978-01-26 22:00:00",176.2,177.1,174.5,174.8,0
254959200,"1978-01-29 22:00:00",177.8,178.7,176,176.7,0
255045600,"1978-01-30 22:00:00",178,179,177.7,178.9,0
255132000,"1978-01-31 22:00:00",179.4,179.4,177.6,178,0
255218400,"1978-02-01 22:00:00",176.8,177.3,175.2,176.2,0
255304800,"1978-02-02 22:00:00",176.9,177.3,176.6,176.7,0
255564000,"1978-02-05 22:00:00",177.4,177.7,177.1,177.5,0
255736800,"1978-02-07 22:00:00",176.3,176.7,175.4,175.9,0
255823200,"1978-02-08 22:00:00",174.5,176.5,173.6,176.4,0
255909600,"1978-02-09 22:00:00",176.4,178.5,176.2,178,0
256168800,"1978-02-12 22:00:00",179,180.1,178.9,179.7,0
256255200,"1978-02-13 22:00:00",179.5,179.8,178.4,179.2,0
256341600,"1978-02-14 22:00:00",180.7,182,180,182,0
256428000,"1978-02-15 22:00:00",181.8,182.9,180.9,182.5,0
256514400,"1978-02-16 22:00:00",181,182.7,180.8,181.2,0
256860000,"1978-02-20 22:00:00",183,184,182.5,183,0
256946400,"1978-02-21 22:00:00",182.8,183.4,181.4,182,0
257032800,"1978-02-22 22:00:00",184,184.9,183.7,184.6,0
257119200,"1978-02-23 22:00:00",185.3,185.8,180.9,181.5,0
257378400,"1978-02-26 22:00:00",182.5,183.1,180.9,182.7,0
257464800,"1978-02-27 22:00:00",183.7,184.5,183.2,184.4,0
257551200,"1978-02-28 22:00:00",184.9,184.9,182.7,184,0
257637600,"1978-03-01 22:00:00",185.5,186,184.6,185,0
257724000,"1978-03-02 22:00:00",184.5,185.2,183.7,184.6,0
257983200,"1978-03-05 22:00:00",184.8,187.2,184.8,187.1,0
258069600,"1978-03-06 22:00:00",187,189.9,186.7,189.2,0
258156000,"1978-03-07 22:00:00",191.7,192.8,190.3,190.7,0
258242400,"1978-03-08 22:00:00",188.7,190.1,188,188.1,0
258328800,"1978-03-09 22:00:00",186.9,188.9,186.1,188.9,0
258588000,"1978-03-12 22:00:00",187,189.5,186.3,189.4,0
258674400,"1978-03-13 22:00:00",189.2,189.8,186,186.2,0
258760800,"1978-03-14 22:00:00",187.2,187.6,182.7,183.7,0
258847200,"1978-03-15 22:00:00",185,186,182.8,185.7,0
258933600,"1978-03-16 22:00:00",184,184.5,181.3,181.9,0
259192800,"1978-03-19 22:00:00",180.3,180.8,176,176,0
259279200,"1978-03-20 22:00:00",176.2,178.6,176.2,177.2,0
259365600,"1978-03-21 22:00:00",179,181.2,178.8,180.3,0
259452000,"1978-03-22 22:00:00",179.6,180.9,178.1,180.8,0
259797600,"1978-03-26 22:00:00",181.3,183.7,181.2,183.2,0
259884000,"1978-03-27 22:00:00",183.5,184.1,181.4,182.6,0
259970400,"1978-03-28 22:00:00",181.1,181.1,179,179.3,0
260056800,"1978-03-29 22:00:00",181.5,183.7,180.9,182.9,0
260143200,"1978-03-30 22:00:00",184,187.2,183.6,186.2,0
260402400,"1978-04-02 22:00:00",185.7,185.9,178.5,179.8,0
260488800,"1978-04-03 22:00:00",182,182.3,176,179.2,0
260575200,"1978-04-04 22:00:00",179.5,181.2,178.2,180.4,0
260661600,"1978-04-05 22:00:00",182,182.7,180.6,182.5,0
260748000,"1978-04-06 22:00:00",180.5,180.8,179.2,179.5,0
261007200,"1978-04-09 22:00:00",179.8,180.6,179.4,180.5,0
261093600,"1978-04-10 22:00:00",181,183,179.2,182,0
261180000,"1978-04-11 22:00:00",181,181.8,179.9,181.2,0
261266400,"1978-04-12 22:00:00",179.9,179.9,178.6,179.6,0
261352800,"1978-04-13 22:00:00",179.4,179.7,177.3,178.3,0
261612000,"1978-04-16 22:00:00",175.3,175.5,172.7,173,0
261698400,"1978-04-17 22:00:00",174,174.8,173.6,174.6,0
261784800,"1978-04-18 22:00:00",175.5,175.9,174.2,174.3,0
261871200,"1978-04-19 22:00:00",168.7,171.7,168,171.4,0
261957600,"1978-04-20 22:00:00",171.5,172.5,171.2,171.5,0
262216800,"1978-04-23 22:00:00",169,169.9,168.2,168.4,0
262303200,"1978-04-24 22:00:00",168.2,169.4,166.8,168.4,0
262389600,"1978-04-25 22:00:00",169.7,170,168,169.4,0
262476000,"1978-04-26 22:00:00",170.5,171.8,170.5,171.7,0
262562400,"1978-04-27 22:00:00",171.5,171.8,170.5,170.6,0
262818000,"1978-04-30 21:00:00",170.3,170.5,169.3,169.8,0
262904400,"1978-05-01 21:00:00",169.5,170.8,169.2,170.7,0
262990800,"1978-05-02 21:00:00",171,172.7,171,172.2,0
263077200,"1978-05-03 21:00:00",174,174.9,173.9,174.1,0
263163600,"1978-05-04 21:00:00",173.6,174.3,173.3,174,0
263422800,"1978-05-07 21:00:00",173.2,173.2,172.3,172.6,0
263509200,"1978-05-08 21:00:00",172.9,173.9,172.6,172.8,0
263595600,"1978-05-09 21:00:00",173.8,175,173.6,174.9,0
263682000,"1978-05-10 21:00:00",177,177,174,174.4,0
263768400,"1978-05-11 21:00:00",175.3,175.4,174.2,174.4,0
264027600,"1978-05-14 21:00:00",175.1,176.7,175,176.6,0
264114000,"1978-05-15 21:00:00",176.8,178.1,175.4,177.6,0
264200400,"1978-05-16 21:00:00",177.2,178.5,176.9,177.2,0
264286800,"1978-05-17 21:00:00",177.5,179,177.4,179,0
264373200,"1978-05-18 21:00:00",179.2,179.5,178.2,178.6,0
264632400,"1978-05-21 21:00:00",179.2,180,178.9,179.9,0
264718800,"1978-05-22 21:00:00",179.8,182.2,179.7,181.8,0
264805200,"1978-05-23 21:00:00",180,180.7,179.3,179.4,0
264891600,"1978-05-24 21:00:00",179.4,180.4,178,180.3,0
264978000,"1978-05-25 21:00:00",179,180.1,178.5,179.8,0
265323600,"1978-05-29 21:00:00",185,187,184.8,186.6,0
265410000,"1978-05-30 21:00:00",187.9,188.4,186.7,187,0
265496400,"1978-05-31 21:00:00",185.5,187.3,185.5,186.7,0
265582800,"1978-06-01 21:00:00",187.2,188.4,185.2,185.2,0
265842000,"1978-06-04 21:00:00",185.5,185.7,183.5,184,0
265928400,"1978-06-05 21:00:00",184.1,184.7,182.5,184.3,0
266014800,"1978-06-06 21:00:00",184.7,185.5,182.5,182.7,0
266101200,"1978-06-07 21:00:00",185,185.1,183.9,184,0
266187600,"1978-06-08 21:00:00",183.1,184.1,182.2,183.5,0
266446800,"1978-06-11 21:00:00",182.9,183.7,181.9,183.3,0
266533200,"1978-06-12 21:00:00",184.2,185.6,184.1,185.5,0
266619600,"1978-06-13 21:00:00",186,186.4,184.7,185,0
266706000,"1978-06-14 21:00:00",184.2,186.1,184,185.9,0
266792400,"1978-06-15 21:00:00",186.4,187.5,186.1,187.5,0
267051600,"1978-06-18 21:00:00",186.6,189,186.3,188.3,0
267138000,"1978-06-19 21:00:00",188.9,189.3,187.6,187.7,0
267224400,"1978-06-20 21:00:00",188.2,189.1,187.3,187.6,0
267310800,"1978-06-21 21:00:00",187,188,186.1,188,0
267397200,"1978-06-22 21:00:00",187.5,188.6,187.3,187.4,0
267656400,"1978-06-25 21:00:00",187.4,187.8,186.2,186.5,0
267742800,"1978-06-26 21:00:00",187,187.1,185.3,186.5,0
267829200,"1978-06-27 21:00:00",187.4,187.4,185.9,186,0
267915600,"1978-06-28 21:00:00",186,186,183.6,183.9,0
268002000,"1978-06-29 21:00:00",184.2,184.6,182.8,183.7,0
268261200,"1978-07-02 21:00:00",184.5,185.2,184.2,184.8,0
268434000,"1978-07-04 21:00:00",185.8,185.8,184.4,184.9,0
268520400,"1978-07-05 21:00:00",184.2,184.2,183.2,183.9,0
268606800,"1978-07-06 21:00:00",185,186.6,184.7,186.5,0
268866000,"1978-07-09 21:00:00",187,188,186.9,187.2,0
268952400,"1978-07-10 21:00:00",186.7,186.7,186,186.6,0
269038800,"1978-07-11 21:00:00",187.1,187.5,186.7,187.2,0
269125200,"1978-07-12 21:00:00",187.5,188,186.1,186.1,0
269211600,"1978-07-13 21:00:00",186.5,186.8,185.8,186.6,0
269470800,"1978-07-16 21:00:00",185.6,185.8,183.9,184.8,0
269557200,"1978-07-17 21:00:00",185.1,186.2,184.6,186,0
269643600,"1978-07-18 21:00:00",186,187.8,185.7,187.4,0
269730000,"1978-07-19 21:00:00",188.5,192.6,188.4,192.2,0
269816400,"1978-07-20 21:00:00",192.2,197.5,191.8,196.3,0
270075600,"1978-07-23 21:00:00",196.4,197,193.5,193.8,0
270162000,"1978-07-24 21:00:00",193,197,192.9,195.5,0
270248400,"1978-07-25 21:00:00",196,196,192.3,195,0
270334800,"1978-07-26 21:00:00",193.8,198.5,193,198.2,0
270421200,"1978-07-27 21:00:00",201.5,202.4,199.8,200.6,0
270680400,"1978-07-30 21:00:00",207.8,210,206,209.8,0
270766800,"1978-07-31 21:00:00",214,214.3,207,207.5,0
270853200,"1978-08-01 21:00:00",208.9,209.9,207.4,208.4,0
270939600,"1978-08-02 21:00:00",209.6,209.6,205,205.7,0
271026000,"1978-08-03 21:00:00",206,209.8,205.8,209.6,0
271285200,"1978-08-06 21:00:00",209.6,213.4,208.5,213.1,0
271371600,"1978-08-07 21:00:00",213,215.6,211,214,0
271458000,"1978-08-08 21:00:00",214.3,215.1,210.6,210.8,0
271544400,"1978-08-09 21:00:00",210.1,215.5,209.9,215.3,0
271630800,"1978-08-10 21:00:00",216.5,218,215.5,216,0
271890000,"1978-08-13 21:00:00",219.5,220.6,218.1,220.3,0
271976400,"1978-08-14 21:00:00",219,219.2,216.1,218,0
272062800,"1978-08-15 21:00:00",219.3,221.5,216.2,217.3,0
272149200,"1978-08-16 21:00:00",214,214.5,211.5,211.7,0
272235600,"1978-08-17 21:00:00",217,217,209.5,212.7,0
272494800,"1978-08-20 21:00:00",209.6,213,208.4,212.7,0
272581200,"1978-08-21 21:00:00",212.5,212.8,209.3,209.5,0
272667600,"1978-08-22 21:00:00",201.5,207.7,201.5,207.1,0
272754000,"1978-08-23 21:00:00",206.7,207.9,204.7,204.8,0
272840400,"1978-08-24 21:00:00",203.1,203.9,201.9,202.6,0
273099600,"1978-08-27 21:00:00",203.1,204.9,202.6,202.8,0
273186000,"1978-08-28 21:00:00",203.8,211.5,202.5,211.4,0
273272400,"1978-08-29 21:00:00",210.5,212.5,208.9,211.6,0
273358800,"1978-08-30 21:00:00",213,213.5,210.3,210.6,0
273445200,"1978-08-31 21:00:00",212,215.7,211.6,215.5,0
273790800,"1978-09-04 21:00:00",215,218.6,213.4,217.6,0
273877200,"1978-09-05 21:00:00",216.5,217.7,216.2,216.5,0
273963600,"1978-09-06 21:00:00",215.8,216.3,211.1,211.3,0
274050000,"1978-09-07 21:00:00",211.3,211.8,207.6,210.2,0
274309200,"1978-09-10 21:00:00",209.7,211.6,208.1,210.4,0
274395600,"1978-09-11 21:00:00",211,212.8,210.7,211.5,0
274482000,"1978-09-12 21:00:00",211.5,216,211.5,215.6,0
274568400,"1978-09-13 21:00:00",214.6,215.7,212.6,214.2,0
274654800,"1978-09-14 21:00:00",215,216.9,213.5,214.5,0
274914000,"1978-09-17 21:00:00",213,219.3,212.5,219.3,0
275000400,"1978-09-18 21:00:00",215.9,218,213.8,214.4,0
275086800,"1978-09-19 21:00:00",217.7,219.7,217.2,219.4,0
275173200,"1978-09-20 21:00:00",220.5,221.3,218.8,220.1,0
275259600,"1978-09-21 21:00:00",218,223.3,217.5,222.8,0
275518800,"1978-09-24 21:00:00",221.1,224.5,221.1,221.7,0
275605200,"1978-09-25 21:00:00",223.5,224.6,219.2,219.7,0
275691600,"1978-09-26 21:00:00",220.2,222.4,215,222.3,0
275778000,"1978-09-27 21:00:00",221.2,223.6,220.3,221.4,0
275864400,"1978-09-28 21:00:00",221.3,221.6,220.1,220.9,0
276123600,"1978-10-01 21:00:00",220.5,223.4,220.2,223.1,0
276210000,"1978-10-02 21:00:00",223.5,226.6,223.4,226.4,0
276296400,"1978-10-03 21:00:00",227.6,228.2,225.6,227,0
276382800,"1978-10-04 21:00:00",227.8,228,226,227.2,0
276469200,"1978-10-05 21:00:00",227,227.3,225.3,225.5,0
276728400,"1978-10-08 21:00:00",225.9,227.3,224.5,227.1,0
276814800,"1978-10-09 21:00:00",229,229.7,227.8,227.9,0
276901200,"1978-10-10 21:00:00",230,230.8,229.5,230.7,0
276987600,"1978-10-11 21:00:00",230,230.5,226.1,226.3,0
277074000,"1978-10-12 21:00:00",228.8,228.8,226.4,226.9,0
277333200,"1978-10-15 21:00:00",226.4,229.7,225.2,229.6,0
277419600,"1978-10-16 21:00:00",231,231.9,229.7,231.1,0
277506000,"1978-10-17 21:00:00",232,232.8,229.2,230.9,0
277592400,"1978-10-18 21:00:00",228.5,229.3,227.5,227.7,0
277678800,"1978-10-19 21:00:00",230.5,231.1,229.6,230,0
277938000,"1978-10-22 21:00:00",230.5,230.5,227.6,227.8,0
278024400,"1978-10-23 21:00:00",227.3,230.2,226.7,229.8,0
278110800,"1978-10-24 21:00:00",232.4,235.7,232.1,235.5,0
278197200,"1978-10-25 21:00:00",235.8,238.2,234.7,236.5,0
278283600,"1978-10-26 21:00:00",237,239.7,235.5,239.4,0
278546400,"1978-10-29 22:00:00",244,249.4,242.8,247,0
278632800,"1978-10-30 22:00:00",246.7,246.7,237.8,240.7,0
278719200,"1978-10-31 22:00:00",230.7,230.7,230.7,230.7,0
278805600,"1978-11-01 22:00:00",220.7,223.7,220.7,220.7,0
278892000,"1978-11-02 22:00:00",213,218,212.5,215,0
279151200,"1978-11-05 22:00:00",210,213.6,209,213.2,0
279324000,"1978-11-07 22:00:00",223.2,223.2,218,218.3,0
279410400,"1978-11-08 22:00:00",215.8,216,208.3,208.5,0
279496800,"1978-11-09 22:00:00",209.5,210.5,205.4,210.2,0
279756000,"1978-11-12 22:00:00",208,212.7,207.5,211.2,0
279842400,"1978-11-13 22:00:00",211.2,212.3,208.5,209,0
279928800,"1978-11-14 22:00:00",207,207.7,199,199.1,0
280015200,"1978-11-15 22:00:00",195,200.1,194.2,199.3,0
280101600,"1978-11-16 22:00:00",198.5,201.8,196.7,200,0
280360800,"1978-11-19 22:00:00",198.5,200.9,197.8,198.3,0
280447200,"1978-11-20 22:00:00",199.7,203.5,196.7,197.9,0
280533600,"1978-11-21 22:00:00",198.5,201.6,197.1,201.4,0
280706400,"1978-11-23 22:00:00",202.6,203.6,200.3,201.4,0
280965600,"1978-11-26 22:00:00",199.5,199.5,196.5,196.6,0
281052000,"1978-11-27 22:00:00",196.2,196.8,192,192.6,0
281138400,"1978-11-28 22:00:00",197,202.5,195.1,195.4,0
281224800,"1978-11-29 22:00:00",196,197.8,194.4,196.4,0
281311200,"1978-11-30 22:00:00",196,200.4,195.8,200.1,0
281570400,"1978-12-03 22:00:00",202,203.1,199.5,199.9,0
281656800,"1978-12-04 22:00:00",199.4,200.8,198.4,199.1,0
281743200,"1978-12-05 22:00:00",198.8,201.1,197.8,200.9,0
281829600,"1978-12-06 22:00:00",202.3,202.6,200.7,202.2,0
281916000,"1978-12-07 22:00:00",204.1,207.8,203.8,207.6,0
282175200,"1978-12-10 22:00:00",208.5,211.6,205.5,206.2,0
282261600,"1978-12-11 22:00:00",204,209,203.5,208.3,0
282348000,"1978-12-12 22:00:00",205.6,207.5,204.4,204.6,0
282434400,"1978-12-13 22:00:00",206,207.7,205.4,207.1,0
282520800,"1978-12-14 22:00:00",208.7,210.4,206.9,208.1,0
282780000,"1978-12-17 22:00:00",217,218,214.8,217.6,0
282866400,"1978-12-18 22:00:00",219.5,224.2,215.5,223.7,0
282952800,"1978-12-19 22:00:00",220.4,220.5,217.6,217.6,0
283039200,"1978-12-20 22:00:00",214.2,217.8,213.8,217.6,0
283125600,"1978-12-21 22:00:00",218.4,218.7,216.2,216.7,0
283471200,"1978-12-25 22:00:00",217.1,221.7,216.2,221.6,0
283557600,"1978-12-26 22:00:00",223,226.5,222.8,224.8,0
283644000,"1978-12-27 22:00:00",225.5,227.5,222,225.1,0
283730400,"1978-12-28 22:00:00",226.5,229.6,226.5,229,0
284076000,"1979-01-01 22:00:00",229.1,229.7,223.7,224.1,0
284162400,"1979-01-02 22:00:00",221.8,223.2,219.5,223,0
284248800,"1979-01-03 22:00:00",224,227.9,223.7,226.9,0
284335200,"1979-01-04 22:00:00",226,227.4,224.6,224.8,0
284594400,"1979-01-07 22:00:00",224,228,223.6,226.7,0
284680800,"1979-01-08 22:00:00",226.2,226.4,221.8,222,0
284767200,"1979-01-09 22:00:00",221.5,223.6,221.3,223.4,0
284853600,"1979-01-10 22:00:00",222.6,223,218.4,218.6,0
284940000,"1979-01-11 22:00:00",218,219.6,217.5,219.4,0
285199200,"1979-01-14 22:00:00",217.5,221,216.6,220,0
285285600,"1979-01-15 22:00:00",220.5,230,220.5,226.3,0
285372000,"1979-01-16 22:00:00",227,231.5,226.8,227.4,0
285458400,"1979-01-17 22:00:00",229.3,233.7,229.3,230.8,0
285544800,"1979-01-18 22:00:00",232.8,233,229.8,232.6,0
285804000,"1979-01-21 22:00:00",235,236,231,231.3,0
285890400,"1979-01-22 22:00:00",230,233.6,229.5,233.3,0
285976800,"1979-01-23 22:00:00",235.5,238.5,235.3,238.2,0
286063200,"1979-01-24 22:00:00",234.6,236.3,233.2,234.5,0
286149600,"1979-01-25 22:00:00",234.8,236.8,234.1,235.8,0
286408800,"1979-01-28 22:00:00",235.7,237.5,231.8,232.2,0
286495200,"1979-01-29 22:00:00",237.2,238.1,234.9,238,0
286581600,"1979-01-30 22:00:00",238.5,239.3,235.9,236.6,0
286668000,"1979-01-31 22:00:00",235,235.6,232.6,235.2,0
286754400,"1979-02-01 22:00:00",233,243.5,232,242.5,0
287013600,"1979-02-04 22:00:00",244.5,251.5,244.5,250.4,0
287100000,"1979-02-05 22:00:00",246.8,252.5,246,247,0
287186400,"1979-02-06 22:00:00",257,257,254.1,257,0
287272800,"1979-02-07 22:00:00",256.5,256.8,247,247,0
287359200,"1979-02-08 22:00:00",250,251.1,240,247.3,0
287618400,"1979-02-11 22:00:00",251,251.2,245.5,248.6,0
287704800,"1979-02-12 22:00:00",244,245.9,240.5,241.9,0
287791200,"1979-02-13 22:00:00",242,251.5,241.5,249,0
287877600,"1979-02-14 22:00:00",249,253.3,247.5,248,0
287964000,"1979-02-15 22:00:00",249.8,252.5,248.5,250.6,0
288309600,"1979-02-19 22:00:00",249,255,248.5,252.7,0
288396000,"1979-02-20 22:00:00",252.5,254.8,251.2,252.6,0
288482400,"1979-02-21 22:00:00",254,258.8,253,253.8,0
288568800,"1979-02-22 22:00:00",255,257,253.7,255.7,0
288828000,"1979-02-25 22:00:00",253.5,254.3,246.7,247.7,0
288914400,"1979-02-26 22:00:00",249,252.5,248.5,251.2,0
289000800,"1979-02-27 22:00:00",254,257,252,252.9,0
289087200,"1979-02-28 22:00:00",250.7,252.9,249.8,252,0
289173600,"1979-03-01 22:00:00",249.5,250.6,242,243.2,0
289432800,"1979-03-04 22:00:00",240,240,235,236.7,0
289519200,"1979-03-05 22:00:00",241,241.3,238.7,239.7,0
289605600,"1979-03-06 22:00:00",242.4,243.4,237.8,242.5,0
289692000,"1979-03-07 22:00:00",240,240.7,239.1,240.1,0
289778400,"1979-03-08 22:00:00",241.1,242.7,241,241.6,0
290037600,"1979-03-11 22:00:00",241.6,242.8,237.8,240.2,0
290124000,"1979-03-12 22:00:00",239,241.7,238,240.3,0
290210400,"1979-03-13 22:00:00",240,241.2,239,240.3,0
290296800,"1979-03-14 22:00:00",240,246,239.4,244,0
290383200,"1979-03-15 22:00:00",244,245.6,243.4,243.7,0
290642400,"1979-03-18 22:00:00",242.5,244.2,242.5,244.1,0
290728800,"1979-03-19 22:00:00",242.8,244.7,239.1,239.5,0
290815200,"1979-03-20 22:00:00",240.3,243,240,243,0
290901600,"1979-03-21 22:00:00",243.4,244,241.1,242.1,0
290988000,"1979-03-22 22:00:00",243,244.5,241.4,241.8,0
291247200,"1979-03-25 22:00:00",247,247.5,245.4,246.2,0
291333600,"1979-03-26 22:00:00",243,244.3,242.4,242.8,0
291420000,"1979-03-27 22:00:00",244.2,244.8,242.3,242.3,0
291506400,"1979-03-28 22:00:00",239,241,238.5,239.6,0
291592800,"1979-03-29 22:00:00",244,244,241,243.8,0
291852000,"1979-04-01 22:00:00",243.8,244.7,242.6,243.8,0
291938400,"1979-04-02 22:00:00",243.2,244.4,242,242.8,0
292024800,"1979-04-03 22:00:00",243.3,246,241.3,245.3,0
292111200,"1979-04-04 22:00:00",244.3,245.2,243.1,243.5,0
292197600,"1979-04-05 22:00:00",243,244.4,241.8,244.3,0
292456800,"1979-04-08 22:00:00",243.7,244.5,242.7,243.2,0
292543200,"1979-04-09 22:00:00",243.2,243.4,241.8,242.4,0
292629600,"1979-04-10 22:00:00",240.7,241,235,235.3,0
292716000,"1979-04-11 22:00:00",236,236.5,234.9,235.6,0
293061600,"1979-04-15 22:00:00",235,235.4,231.8,233.1,0
293148000,"1979-04-16 22:00:00",234,235.9,233,235.6,0
293234400,"1979-04-17 22:00:00",235.6,243,235.5,242.5,0
293320800,"1979-04-18 22:00:00",243,244.3,239.3,240.5,0
293407200,"1979-04-19 22:00:00",238.5,239.9,237.5,239,0
293666400,"1979-04-22 22:00:00",238.7,243.9,237.8,243.8,0
293752800,"1979-04-23 22:00:00",242.4,244.8,241.2,244.2,0
293839200,"1979-04-24 22:00:00",244,246.8,243.9,245.4,0
293925600,"1979-04-25 22:00:00",245,246.3,244.2,245.1,0
294012000,"1979-04-26 22:00:00",246.5,248.8,246.4,248.6,0
294267600,"1979-04-29 21:00:00",246.3,250.7,246.2,249.2,0
294354000,"1979-04-30 21:00:00",250,250.5,247.6,247.8,0
294440400,"1979-05-01 21:00:00",248,249.8,247.9,248.5,0
294526800,"1979-05-02 21:00:00",248,249.6,247.7,249.5,0
294613200,"1979-05-03 21:00:00",249.5,251.5,249,250.3,0
294872400,"1979-05-06 21:00:00",252,253.8,251.5,251.7,0
294958800,"1979-05-07 21:00:00",250.7,251,246.1,247.7,0
295045200,"1979-05-08 21:00:00",248.7,252.5,248.2,252.3,0
295131600,"1979-05-09 21:00:00",254,255.3,252.3,252.6,0
295218000,"1979-05-10 21:00:00",253.6,253.8,249.1,249.8,0
295477200,"1979-05-13 21:00:00",252.7,254.4,251.9,254.2,0
295563600,"1979-05-14 21:00:00",257,257.9,255.5,255.8,0
295650000,"1979-05-15 21:00:00",258.1,258.9,255,258.7,0
295736400,"1979-05-16 21:00:00",259.5,260,257.3,259.7,0
295822800,"1979-05-17 21:00:00",258,260.5,257,260,0
296082000,"1979-05-20 21:00:00",264,268.2,262.7,267.5,0
296168400,"1979-05-21 21:00:00",268,268.5,265.3,265.8,0
296254800,"1979-05-22 21:00:00",264.8,267,263.5,264.7,0
296341200,"1979-05-23 21:00:00",264,266.2,263.6,265.6,0
296427600,"1979-05-24 21:00:00",271,271.9,269,270.5,0
296773200,"1979-05-28 21:00:00",274,276.5,264.5,269.6,0
296859600,"1979-05-29 21:00:00",274.4,278.6,272.5,276.3,0
296946000,"1979-05-30 21:00:00",281.5,282,277.6,281.1,0
297032400,"1979-05-31 21:00:00",280.5,280.6,275,276.9,0
297291600,"1979-06-03 21:00:00",275.8,280.5,275.3,279.9,0
297378000,"1979-06-04 21:00:00",280,284.4,278.7,283.9,0
297464400,"1979-06-05 21:00:00",284.4,285,282.5,284.3,0
297550800,"1979-06-06 21:00:00",278.6,281.9,278,281.6,0
297637200,"1979-06-07 21:00:00",282.2,286.1,282.1,284.6,0
297896400,"1979-06-10 21:00:00",286,286.7,284.1,284.6,0
297982800,"1979-06-11 21:00:00",281,282.3,278.4,279.4,0
298069200,"1979-06-12 21:00:00",278.4,283.4,278.4,283,0
298155600,"1979-06-13 21:00:00",282,283.8,280.8,281.1,0
298242000,"1979-06-14 21:00:00",283,283.9,282.2,283.1,0
298501200,"1979-06-17 21:00:00",281.8,281.8,279.5,281.2,0
298587600,"1979-06-18 21:00:00",282.2,285.2,282,285,0
298674000,"1979-06-19 21:00:00",283.5,285.7,282.4,282.6,0
298760400,"1979-06-20 21:00:00",284.5,286.3,283.7,284.5,0
298846800,"1979-06-21 21:00:00",285.8,287.5,284,284.6,0
299106000,"1979-06-24 21:00:00",287,287.3,285.1,286.5,0
299192400,"1979-06-25 21:00:00",284,284.4,280,281.9,0
299278800,"1979-06-26 21:00:00",283.7,284.3,279.5,280,0
299365200,"1979-06-27 21:00:00",280.9,280.9,275.5,280.3,0
299451600,"1979-06-28 21:00:00",278.5,284.3,278.3,283.8,0
299710800,"1979-07-01 21:00:00",284.3,285.6,282.3,284,0
299797200,"1979-07-02 21:00:00",283.9,285.9,282.9,285.8,0
299970000,"1979-07-04 21:00:00",290,293.1,289.3,292.8,0
300056400,"1979-07-05 21:00:00",292,292.8,287.9,290.9,0
300315600,"1979-07-08 21:00:00",290.1,293.5,288.5,293,0
300402000,"1979-07-09 21:00:00",292.1,293.4,291.3,292.3,0
300488400,"1979-07-10 21:00:00",291.8,293.4,290.6,293.2,0
300574800,"1979-07-11 21:00:00",292,293.6,290.5,291.2,0
300661200,"1979-07-12 21:00:00",287,291,286.5,290.8,0
300920400,"1979-07-15 21:00:00",292.8,297.7,292.5,297,0
301006800,"1979-07-16 21:00:00",297.8,300,296.7,299,0
301093200,"1979-07-17 21:00:00",304,304,300.5,301.8,0
301179600,"1979-07-18 21:00:00",300.8,301.7,298.9,301.4,0
301266000,"1979-07-19 21:00:00",298.5,302.8,298.2,302.5,0
301525200,"1979-07-22 21:00:00",304.5,306.8,304,305.7,0
301611600,"1979-07-23 21:00:00",307.8,307.8,304.5,307.1,0
301698000,"1979-07-24 21:00:00",303.5,305.1,303.1,304.9,0
301784400,"1979-07-25 21:00:00",306,307.1,304,305.6,0
301870800,"1979-07-26 21:00:00",306.3,306.9,305.2,305.9,0
302130000,"1979-07-29 21:00:00",314.6,314.8,307.3,307.3,0
302216400,"1979-07-30 21:00:00",307,309.8,297.3,297.3,0
302302800,"1979-07-31 21:00:00",299,302.4,295,300.9,0
302389200,"1979-08-01 21:00:00",301,301.5,293,295.5,0
302475600,"1979-08-02 21:00:00",296,297.4,295.2,295.8,0
302734800,"1979-08-05 21:00:00",292,292,288,290.4,0
302821200,"1979-08-06 21:00:00",292,294.4,291.3,294.2,0
302907600,"1979-08-07 21:00:00",296,304,295.8,303,0
302994000,"1979-08-08 21:00:00",306.5,311.4,304.8,309.1,0
303080400,"1979-08-09 21:00:00",310.1,314.5,308,312.7,0
303339600,"1979-08-12 21:00:00",310,310,303.1,305.8,0
303426000,"1979-08-13 21:00:00",299.8,310.9,298.5,308.8,0
303512400,"1979-08-14 21:00:00",309,312.9,306.6,309.6,0
303598800,"1979-08-15 21:00:00",306.5,310.5,305.5,310.2,0
303685200,"1979-08-16 21:00:00",309,311,307,307.3,0
303944400,"1979-08-19 21:00:00",305.3,308.3,305.3,307,0
304030800,"1979-08-20 21:00:00",308.8,316.7,308.4,316.2,0
304117200,"1979-08-21 21:00:00",320,322.7,317.5,320.4,0
304203600,"1979-08-22 21:00:00",319.5,324.9,318.1,324.7,0
304290000,"1979-08-23 21:00:00",324,326,320.5,320.7,0
304549200,"1979-08-26 21:00:00",322,324.5,321.1,323.9,0
304635600,"1979-08-27 21:00:00",326,327.5,322.5,326.8,0
304722000,"1979-08-28 21:00:00",324.8,327,324.5,326,0
304808400,"1979-08-29 21:00:00",328,330,328,329.2,0
304894800,"1979-08-30 21:00:00",324,327.9,321,326.7,0
305240400,"1979-09-03 21:00:00",334,335.4,330.5,330.6,0
305326800,"1979-09-04 21:00:00",340,340.6,335.9,340.6,0
305413200,"1979-09-05 21:00:00",346.5,348,330.6,339,0
305499600,"1979-09-06 21:00:00",337,347,334,346.3,0
305758800,"1979-09-09 21:00:00",347,349.5,342.5,348.9,0
305845200,"1979-09-10 21:00:00",346.8,349.8,345.3,346,0
305931600,"1979-09-11 21:00:00",344.5,347,341.5,343.3,0
306018000,"1979-09-12 21:00:00",340.5,353.3,340,352.9,0
306104400,"1979-09-13 21:00:00",354,359.2,352.9,354.4,0
306363600,"1979-09-16 21:00:00",360.5,364.4,359,364.4,0
306450000,"1979-09-17 21:00:00",374.4,374.4,374.4,374.4,0
306536400,"1979-09-18 21:00:00",379,385.5,366,384.8,0
306622800,"1979-09-19 21:00:00",387,396.8,375,381.5,0
306709200,"1979-09-20 21:00:00",378,389,370.5,384.2,0
306968400,"1979-09-23 21:00:00",388,391.8,381,383.2,0
307054800,"1979-09-24 21:00:00",382,388.5,377.5,381,0
307141200,"1979-09-25 21:00:00",379,391,378.7,389,0
307227600,"1979-09-26 21:00:00",396,409,396,408,0
307314000,"1979-09-27 21:00:00",409,409,403,404.5,0
307573200,"1979-09-30 21:00:00",416.5,424.5,414,424.5,0
307659600,"1979-10-01 21:00:00",444.5,444.5,404.5,421,0
307746000,"1979-10-02 21:00:00",413,417.5,401,402.5,0
307832400,"1979-10-03 21:00:00",395,395,382.5,382.5,0
307918800,"1979-10-04 21:00:00",379.5,396.2,379,393,0
308178000,"1979-10-07 21:00:00",378,383.8,373,374.5,0
308264400,"1979-10-08 21:00:00",390,399.5,389,399.5,0
308350800,"1979-10-09 21:00:00",420,424.5,414.1,424.5,0
308437200,"1979-10-10 21:00:00",400,414,394,396,0
308523600,"1979-10-11 21:00:00",401,407.9,396.5,404,0
308782800,"1979-10-14 21:00:00",410,413,402,407,0
308869200,"1979-10-15 21:00:00",407,407,384,396,0
308955600,"1979-10-16 21:00:00",389.5,394,377,393,0
309042000,"1979-10-17 21:00:00",383,394.5,381,393.5,0
309128400,"1979-10-18 21:00:00",396,405,396,400,0
309387600,"1979-10-21 21:00:00",402,403,393,396.8,0
309474000,"1979-10-22 21:00:00",392,394.8,387.5,392.5,0
309560400,"1979-10-23 21:00:00",396,405.5,396,402.5,0
309646800,"1979-10-24 21:00:00",394.7,394.7,394.7,394.7,0
309733200,"1979-10-25 21:00:00",382,382.8,375,377.7,0
309996000,"1979-10-28 22:00:00",377,381,375.5,379.5,0
310082400,"1979-10-29 22:00:00",380,387.3,380,383.5,0
310168800,"1979-10-30 22:00:00",385,388.5,384.5,385.7,0
310255200,"1979-10-31 22:00:00",381.5,389,365,372,0
310341600,"1979-11-01 22:00:00",375,379,373,378.5,0
310600800,"1979-11-04 22:00:00",384,387.3,382.7,383.3,0
310687200,"1979-11-05 22:00:00",388.5,399,388,397.5,0
310773600,"1979-11-06 22:00:00",401.5,403.5,392.5,396,0
310860000,"1979-11-07 22:00:00",395,395.8,389.5,394,0
310946400,"1979-11-08 22:00:00",394.5,399.5,391.2,391.2,0
311205600,"1979-11-11 22:00:00",396,399.5,394.5,397,0
311292000,"1979-11-12 22:00:00",392,392,385,387,0
311378400,"1979-11-13 22:00:00",394,395,391.5,392.4,0
311464800,"1979-11-14 22:00:00",389,389,385.7,388.3,0
311551200,"1979-11-15 22:00:00",392.5,394.3,390.3,391.2,0
311810400,"1979-11-18 22:00:00",393,394,388.5,388.7,0
311896800,"1979-11-19 22:00:00",390,397.5,388.3,393.5,0
311983200,"1979-11-20 22:00:00",400,400,392.5,394.2,0
312156000,"1979-11-22 22:00:00",392.2,395.4,392.2,394.6,0
312415200,"1979-11-25 22:00:00",396.5,397.5,390,390.8,0
312501600,"1979-11-26 22:00:00",395,398.5,393.8,398.2,0
312588000,"1979-11-27 22:00:00",407,413.5,406,411,0
312674400,"1979-11-28 22:00:00",422,426,419,419.5,0
312760800,"1979-11-29 22:00:00",426,432.8,425.8,430.5,0
313020000,"1979-12-02 22:00:00",440,444.5,439,443.7,0
313106400,"1979-12-03 22:00:00",441,443.3,436,438.5,0
313192800,"1979-12-04 22:00:00",435.5,444.5,435,444,0
313279200,"1979-12-05 22:00:00",446,447.8,436,436.7,0
313365600,"1979-12-06 22:00:00",438.8,443,433,436,0
313624800,"1979-12-09 22:00:00",440.5,447,439,446,0
313711200,"1979-12-10 22:00:00",457,461,453.8,460,0
313797600,"1979-12-11 22:00:00",459,463.2,455.7,459.3,0
313884000,"1979-12-12 22:00:00",467,474.5,466.5,472,0
313970400,"1979-12-13 22:00:00",470,478,464.5,474.5,0
314229600,"1979-12-16 22:00:00",480.5,483.3,478,479,0
314316000,"1979-12-17 22:00:00",488,492.5,485.5,492,0
314402400,"1979-12-18 22:00:00",500,500.3,467,480,0
314488800,"1979-12-19 22:00:00",485,485.5,475,481,0
314575200,"1979-12-20 22:00:00",479.5,495.5,469,495.5,0
315007200,"1979-12-25 22:00:00",496,515,495.8,514.3,0
315093600,"1979-12-26 22:00:00",522,530,517,523.5,0
315180000,"1979-12-27 22:00:00",525,527.5,512,525,0
315439200,"1979-12-30 22:00:00",535,543,533,541,0
315612000,"1980-01-01 22:00:00",566,566,566,566,0
315698400,"1980-01-02 22:00:00",591,591,591,591,0
315784800,"1980-01-03 22:00:00",589,626.5,574,611,0
316044000,"1980-01-06 22:00:00",627,636,618,634,0
316130400,"1980-01-07 22:00:00",618,623,609,609,0
316216800,"1980-01-08 22:00:00",607,619,604,605,0
316303200,"1980-01-09 22:00:00",608,610,597,603,0
316389600,"1980-01-10 22:00:00",620,628,620,628,0
316648800,"1980-01-13 22:00:00",653,653,653,653,0
316735200,"1980-01-14 22:00:00",690.5,690.5,680,690.5,0
316821600,"1980-01-15 22:00:00",740.5,740.5,740.5,740.5,0
316908000,"1980-01-16 22:00:00",722,790.5,720,790.5,0
316994400,"1980-01-17 22:00:00",815,840.5,815,823,0
317253600,"1980-01-20 22:00:00",873,873,815,834,0
317340000,"1980-01-21 22:00:00",784,784,784,784,0
317426400,"1980-01-22 22:00:00",734,740,734,734,0
317512800,"1980-01-23 22:00:00",710,723,684,684,0
317599200,"1980-01-24 22:00:00",688,697,634,635,0
317858400,"1980-01-27 22:00:00",635,645,607,639,0
317944800,"1980-01-28 22:00:00",700,704,664,702,0
318031200,"1980-01-29 22:00:00",702,726,680,681,0
318117600,"1980-01-30 22:00:00",681,708,658,704,0
318204000,"1980-01-31 22:00:00",700,715,688,704,0
318463200,"1980-02-03 22:00:00",691,695,673,677,0
318549600,"1980-02-04 22:00:00",683,702,683,702,0
318636000,"1980-02-05 22:00:00",727,727,727,727,0
318722400,"1980-02-06 22:00:00",720,728,708,710,0
318808800,"1980-02-07 22:00:00",717,722,708.5,717.5,0
319068000,"1980-02-10 22:00:00",742.5,742.5,725,726,0
319154400,"1980-02-11 22:00:00",723,727,715,718.5,0
319240800,"1980-02-12 22:00:00",717,721,699,709,0
319327200,"1980-02-13 22:00:00",706,709,684,690.5,0
319413600,"1980-02-14 22:00:00",691,693.5,673,680.5,0
319759200,"1980-02-18 22:00:00",678,678,655.5,655.5,0
319845600,"1980-02-19 22:00:00",630.5,675,630.5,673,0
319932000,"1980-02-20 22:00:00",669,683,655,666.5,0
320018400,"1980-02-21 22:00:00",651,656,641.5,641.5,0
320277600,"1980-02-24 22:00:00",635,666.5,617,659,0
320364000,"1980-02-25 22:00:00",654,656,634,635.5,0
320450400,"1980-02-26 22:00:00",640,657,634,639,0
320536800,"1980-02-27 22:00:00",659,660,645,650.5,0
320623200,"1980-02-28 22:00:00",645,655,637,640,0
320882400,"1980-03-02 22:00:00",643,647,625.5,641,0
320968800,"1980-03-03 22:00:00",638,654.5,636,651.5,0
321055200,"1980-03-04 22:00:00",655,660,640,643,0
321141600,"1980-03-05 22:00:00",633,636,618,618,0
321228000,"1980-03-06 22:00:00",607,621,599,605,0
321487200,"1980-03-09 22:00:00",599,600,567.5,567.5,0
321573600,"1980-03-10 22:00:00",560,575,557,570.5,0
321660000,"1980-03-11 22:00:00",583,591,576,581.5,0
321746400,"1980-03-12 22:00:00",555,559.5,544,544,0
321832800,"1980-03-13 22:00:00",523,543,516,530,0
322092000,"1980-03-16 22:00:00",485,495,480,480,0
322178400,"1980-03-17 22:00:00",472,494,463,488.5,0
322264800,"1980-03-18 22:00:00",530,538.5,513,538.5,0
322351200,"1980-03-19 22:00:00",556,565,536,538.5,0
322437600,"1980-03-20 22:00:00",528,569,520.2,565,0
322696800,"1980-03-23 22:00:00",560,572,532,549,0
322783200,"1980-03-24 22:00:00",548,548,523,529,0
322869600,"1980-03-25 22:00:00",504,509.5,504,504,0
322956000,"1980-03-26 22:00:00",480,481,453,463,0
323042400,"1980-03-27 22:00:00",491,518,475,509,0
323301600,"1980-03-30 22:00:00",505.1,530,504,519,0
323388000,"1980-03-31 22:00:00",525,528.5,504,515,0
323474400,"1980-04-01 22:00:00",516,517,499,506,0
323560800,"1980-04-02 22:00:00",495,503,483,501.5,0
323906400,"1980-04-06 22:00:00",505,526.5,502,526.5,0
323992800,"1980-04-07 22:00:00",538,551.5,535,551.5,0
324079200,"1980-04-08 22:00:00",567,570,546,550,0
324165600,"1980-04-09 22:00:00",538,556.5,535,544.5,0
324252000,"1980-04-10 22:00:00",545,547,535,544,0
324511200,"1980-04-13 22:00:00",542,542,519,519.5,0
324597600,"1980-04-14 22:00:00",505,534,501,530,0
324684000,"1980-04-15 22:00:00",534.5,547,514,516,0
324770400,"1980-04-16 22:00:00",522,527,511,522,0
324856800,"1980-04-17 22:00:00",526.5,527,518,520,0
325116000,"1980-04-20 22:00:00",512,515,495,497,0
325202400,"1980-04-21 22:00:00",510,516,506,510,0
325288800,"1980-04-22 22:00:00",515,518,512.5,515,0
325375200,"1980-04-23 22:00:00",523,539,522,538,0
325461600,"1980-04-24 22:00:00",563,563,537,547,0
325717200,"1980-04-27 21:00:00",535,536,522,522,0
325803600,"1980-04-28 21:00:00",524,535,517,529,0
325890000,"1980-04-29 21:00:00",525,525,504,507,0
325976400,"1980-04-30 21:00:00",500,521,482,520,0
326062800,"1980-05-01 21:00:00",515,526.5,511,516,0
326322000,"1980-05-04 21:00:00",524.5,524.5,516,523,0
326408400,"1980-05-05 21:00:00",517,517,508,510,0
326494800,"1980-05-06 21:00:00",508,522,506,517,0
326581200,"1980-05-07 21:00:00",519.5,521,512,512.5,0
326667600,"1980-05-08 21:00:00",509,516.5,504.5,515.7,0
326926800,"1980-05-11 21:00:00",514,518,509,510,0
327013200,"1980-05-12 21:00:00",515,523,512.7,520,0
327099600,"1980-05-13 21:00:00",525,530,522.5,524.5,0
327186000,"1980-05-14 21:00:00",518,521,511.2,514.5,0
327272400,"1980-05-15 21:00:00",517,519.5,513.5,514.8,0
327531600,"1980-05-18 21:00:00",516,516.3,505,511,0
327618000,"1980-05-19 21:00:00",508,512.5,502.5,512,0
327704400,"1980-05-20 21:00:00",513,516.5,505.5,506.5,0
327790800,"1980-05-21 21:00:00",500,517,495,515,0
327877200,"1980-05-22 21:00:00",512,515.5,509,510,0
328222800,"1980-05-26 21:00:00",513.6,525,513.5,524,0
328309200,"1980-05-27 21:00:00",524,527.5,516,519.2,0
328395600,"1980-05-28 21:00:00",518,528.5,517,527.6,0
328482000,"1980-05-29 21:00:00",542,562.5,541,555,0
328741200,"1980-06-01 21:00:00",580,580,566.5,576.5,0
328827600,"1980-06-02 21:00:00",564,572,560,569,0
328914000,"1980-06-03 21:00:00",582,594,581,592.5,0
329000400,"1980-06-04 21:00:00",595,611,588.5,597,0
329086800,"1980-06-05 21:00:00",607,617.5,604,616,0
329346000,"1980-06-08 21:00:00",634,640,630.5,633.5,0
329432400,"1980-06-09 21:00:00",616,617.5,608.5,608.5,0
329518800,"1980-06-10 21:00:00",600,616,593,594.5,0
329605200,"1980-06-11 21:00:00",593.5,611,593,609,0
329691600,"1980-06-12 21:00:00",619.5,621,610,613,0
329950800,"1980-06-15 21:00:00",606,606.5,597,598,0
330037200,"1980-06-16 21:00:00",597,608.5,597,606.5,0
330123600,"1980-06-17 21:00:00",608.5,617,602,603,0
330210000,"1980-06-18 21:00:00",606.5,614,603,613,0
330296400,"1980-06-19 21:00:00",614,615,608.5,609.5,0
330555600,"1980-06-22 21:00:00",603.8,611,602,610,0
330642000,"1980-06-23 21:00:00",606,625,606,624,0
330728400,"1980-06-24 21:00:00",631,635.5,622,623.5,0
330814800,"1980-06-25 21:00:00",631,635,627,633,0
330901200,"1980-06-26 21:00:00",647,658,643.5,657.5,0
331160400,"1980-06-29 21:00:00",665,666,652.5,654,0
331246800,"1980-06-30 21:00:00",670,677,665.5,676,0
331333200,"1980-07-01 21:00:00",674.5,674.5,662,667.5,0
331419600,"1980-07-02 21:00:00",664,680.5,663,676,0
331765200,"1980-07-06 21:00:00",671,690,670,684,0
331851600,"1980-07-07 21:00:00",694,696,677,678.5,0
331938000,"1980-07-08 21:00:00",682,683,662,666.5,0
332024400,"1980-07-09 21:00:00",668,674,653,672,0
332110800,"1980-07-10 21:00:00",668,676,667,670.5,0
332370000,"1980-07-13 21:00:00",649,656,645.5,645.5,0
332456400,"1980-07-14 21:00:00",620.5,624.5,620.5,620.5,0
332542800,"1980-07-15 21:00:00",630,632,622,628.5,0
332629200,"1980-07-16 21:00:00",632,632,619,620.2,0
332715600,"1980-07-17 21:00:00",609,617.1,604,614,0
332974800,"1980-07-20 21:00:00",622,622,611.5,613.5,0
333061200,"1980-07-21 21:00:00",610,638.5,609,638,0
333147600,"1980-07-22 21:00:00",634,647,627,631.5,0
333234000,"1980-07-23 21:00:00",635,647.5,633,639.5,0
333320400,"1980-07-24 21:00:00",651,655,648,653,0
333579600,"1980-07-27 21:00:00",641,650,639,648,0
333666000,"1980-07-28 21:00:00",645,651,637,637.5,0
333752400,"1980-07-29 21:00:00",658.5,660,636,636,0
333838800,"1980-07-30 21:00:00",639,645,625,642,0
333925200,"1980-07-31 21:00:00",643,645,636,640,0
334184400,"1980-08-03 21:00:00",645.5,652.5,645,650,0
334270800,"1980-08-04 21:00:00",657,657,643,649.5,0
334357200,"1980-08-05 21:00:00",651,655,645.5,654,0
334443600,"1980-08-06 21:00:00",652,657.5,647.5,656,0
334530000,"1980-08-07 21:00:00",651,654.9,646,647,0
334789200,"1980-08-10 21:00:00",633,637.5,622,623,0
334875600,"1980-08-11 21:00:00",623,636,620,633,0
334962000,"1980-08-12 21:00:00",635,637,627,635,0
335048400,"1980-08-13 21:00:00",638,648,636.5,647.4,0
335134800,"1980-08-14 21:00:00",643.5,646,634,635,0
335394000,"1980-08-17 21:00:00",625,642,622.5,640.5,0
335480400,"1980-08-18 21:00:00",644,646,638,642,0
335566800,"1980-08-19 21:00:00",648,667,646,667,0
335653200,"1980-08-20 21:00:00",661,670.5,657.5,659,0
335739600,"1980-08-21 21:00:00",654,662,654,658,0
335998800,"1980-08-24 21:00:00",655,656.5,642,643.3,0
336085200,"1980-08-25 21:00:00",649,652.5,647,651,0
336171600,"1980-08-26 21:00:00",654,658,652.5,653.5,0
336258000,"1980-08-27 21:00:00",658,658,650,654,0
336344400,"1980-08-28 21:00:00",653,657,650.2,656,0
336690000,"1980-09-01 21:00:00",656,664,656,660,0
336776400,"1980-09-02 21:00:00",657,660.5,656,658,0
336862800,"1980-09-03 21:00:00",661,675,661,673,0
336949200,"1980-09-04 21:00:00",677,678,669,670,0
337208400,"1980-09-07 21:00:00",690,695,689.5,695,0
337294800,"1980-09-08 21:00:00",697,698.5,689.5,693.5,0
337381200,"1980-09-09 21:00:00",710,716,701,703.5,0
337467600,"1980-09-10 21:00:00",696,717,696,713.5,0
337554000,"1980-09-11 21:00:00",718,720,702,704,0
337813200,"1980-09-14 21:00:00",696,696,680,685,0
337899600,"1980-09-15 21:00:00",688,701,685.5,700,0
337986000,"1980-09-16 21:00:00",702,704,691,692,0
338072400,"1980-09-17 21:00:00",693,696.5,688.5,693,0
338158800,"1980-09-18 21:00:00",693,709,693,708,0
338418000,"1980-09-21 21:00:00",729,733,727,733,0
338504400,"1980-09-22 21:00:00",735,748.5,728.5,731.5,0
338590800,"1980-09-23 21:00:00",735,736.5,723.5,729.5,0
338677200,"1980-09-24 21:00:00",710,730,710,728.5,0
338763600,"1980-09-25 21:00:00",722,724,703.5,703.5,0
339022800,"1980-09-28 21:00:00",703,703,678.5,678.5,0
339109200,"1980-09-29 21:00:00",683,689.5,678,688.5,0
339195600,"1980-09-30 21:00:00",699,700,693.1,696.5,0
339282000,"1980-10-01 21:00:00",689,689,673,685,0
339368400,"1980-10-02 21:00:00",675,686,669,684.5,0
339627600,"1980-10-05 21:00:00",688,698,686.5,693.5,0
339714000,"1980-10-06 21:00:00",689,696,686,688,0
339800400,"1980-10-07 21:00:00",688,692.5,686,690,0
339886800,"1980-10-08 21:00:00",700,708.5,697,699.5,0
339973200,"1980-10-09 21:00:00",698,701.5,695.5,700,0
340232400,"1980-10-12 21:00:00",696,696.5,686,691.7,0
340318800,"1980-10-13 21:00:00",676,692,675,691.5,0
340405200,"1980-10-14 21:00:00",687,694,685,686,0
340491600,"1980-10-15 21:00:00",684,688.5,676,677.5,0
340578000,"1980-10-16 21:00:00",679.5,682,661,665,0
340837200,"1980-10-19 21:00:00",668,669,653,667,0
340923600,"1980-10-20 21:00:00",663,671,657,668,0
341010000,"1980-10-21 21:00:00",670,673.5,659,660,0
341096400,"1980-10-22 21:00:00",648,650,635,635,0
341182800,"1980-10-23 21:00:00",636,642,634,639,0
341445600,"1980-10-26 22:00:00",641,644.5,633.5,640.5,0
341532000,"1980-10-27 22:00:00",640,643,635,642,0
341618400,"1980-10-28 22:00:00",651,652.5,644,645,0
341704800,"1980-10-29 22:00:00",649,651,646.2,647.5,0
341791200,"1980-10-30 22:00:00",638,644,627,642,0
342050400,"1980-11-02 22:00:00",640,658.9,640,655,0
342223200,"1980-11-04 22:00:00",664,665,641,643,0
342309600,"1980-11-05 22:00:00",638,639,618,618,0
342396000,"1980-11-06 22:00:00",593,611,593,607,0
342655200,"1980-11-09 22:00:00",617,618.5,607,609.5,0
342741600,"1980-11-10 22:00:00",601,618,594,617,0
342828000,"1980-11-11 22:00:00",616,626,612.5,618.5,0
342914400,"1980-11-12 22:00:00",623,626.5,610,611,0
343000800,"1980-11-13 22:00:00",613,622.5,608,621,0
343260000,"1980-11-16 22:00:00",612,620,610,617,0
343346400,"1980-11-17 22:00:00",619,624.9,618,621.5,0
343432800,"1980-11-18 22:00:00",636,636,629,634,0
343519200,"1980-11-19 22:00:00",634,646,630.5,645,0
343605600,"1980-11-20 22:00:00",638.5,645,636.2,638.5,0
343864800,"1980-11-23 22:00:00",631,634,614,618,0
343951200,"1980-11-24 22:00:00",608,630.5,608,628,0
344037600,"1980-11-25 22:00:00",627.5,631.5,617.5,622.6,0
344210400,"1980-11-27 22:00:00",620,625.5,616.5,624.6,0
344469600,"1980-11-30 22:00:00",656,658,645.8,647,0
344556000,"1980-12-01 22:00:00",650,650.5,638.5,641.5,0
344642400,"1980-12-02 22:00:00",647,649.5,644.2,647.3,0
344728800,"1980-12-03 22:00:00",653,653,639,639.5,0
344815200,"1980-12-04 22:00:00",635,640.5,627,638,0
345074400,"1980-12-07 22:00:00",631,635.5,628,630.4,0
345160800,"1980-12-08 22:00:00",621,624.5,606.5,608,0
345247200,"1980-12-09 22:00:00",608,612,583,583,0
345333600,"1980-12-10 22:00:00",571.5,573,558,558,0
345420000,"1980-12-11 22:00:00",562,590.5,560,587,0
345679200,"1980-12-14 22:00:00",582.9,596,581,587.5,0
345765600,"1980-12-15 22:00:00",576,581.5,563,580,0
345852000,"1980-12-16 22:00:00",585,599.5,583,588,0
345938400,"1980-12-17 22:00:00",586,590,580.5,583,0
346024800,"1980-12-18 22:00:00",586.5,608,584,607.5,0
346284000,"1980-12-21 22:00:00",606,615,597.5,604,0
346370400,"1980-12-22 22:00:00",610,619,607,616,0
346456800,"1980-12-23 22:00:00",614,618,611,617,0
346888800,"1980-12-28 22:00:00",608,610,593.5,595,0
346975200,"1980-12-29 22:00:00",596,599,586,595,0
347061600,"1980-12-30 22:00:00",596,604.9,593,599.5,0
347234400,"1981-01-01 22:00:00",593.5,595.5,587,594.5,0
347493600,"1981-01-04 22:00:00",600.5,612,599.5,601.5,0
347580000,"1981-01-05 22:00:00",609,610.5,600,605,0
347666400,"1981-01-06 22:00:00",590,593.5,580,580,0
347752800,"1981-01-07 22:00:00",578,583.5,572.5,577.5,0
347839200,"1981-01-08 22:00:00",582,585,570,581,0
348098400,"1981-01-11 22:00:00",564,567.5,559,566.5,0
348184800,"1981-01-12 22:00:00",570,570,563,565.5,0
348271200,"1981-01-13 22:00:00",557,574,555,573.5,0
348357600,"1981-01-14 22:00:00",570.5,577.8,561,562,0
348444000,"1981-01-15 22:00:00",560,574,558,567.5,0
348703200,"1981-01-18 22:00:00",559,573,559,565.5,0
348789600,"1981-01-19 22:00:00",564,573.5,561.5,571,0
348876000,"1981-01-20 22:00:00",580,581,566.5,568,0
348962400,"1981-01-21 22:00:00",565,567.1,551,557,0
349048800,"1981-01-22 22:00:00",552,556.5,548,552.5,0
349308000,"1981-01-25 22:00:00",527.5,531,527.5,527.5,0
349394400,"1981-01-26 22:00:00",522,528,514.5,520.5,0
349480800,"1981-01-27 22:00:00",522.5,524.8,505,507,0
349567200,"1981-01-28 22:00:00",496,519,485,515.8,0
349653600,"1981-01-29 22:00:00",517,527,510,512.5,0
349912800,"1981-02-01 22:00:00",505,508,490,492.5,0
349999200,"1981-02-02 22:00:00",496.5,509,494,505,0
350085600,"1981-02-03 22:00:00",518,521,494,500,0
350172000,"1981-02-04 22:00:00",509,512,497,510,0
350258400,"1981-02-05 22:00:00",513,518,505,514,0
350517600,"1981-02-08 22:00:00",524,528,519,527.5,0
350604000,"1981-02-09 22:00:00",529.5,530.5,517,517.5,0
350690400,"1981-02-10 22:00:00",507,510,503.5,507,0
350776800,"1981-02-11 22:00:00",497,505,490,504,0
350863200,"1981-02-12 22:00:00",499,506,494,501,0
351208800,"1981-02-16 22:00:00",509,516,505,507,0
351295200,"1981-02-17 22:00:00",512,513,498,500.5,0
351381600,"1981-02-18 22:00:00",514,517.5,506.8,515.5,0
351468000,"1981-02-19 22:00:00",522,522,512.5,514.5,0
351727200,"1981-02-22 22:00:00",513,514,500.5,505,0
351813600,"1981-02-23 22:00:00",508,511.5,505.5,511,0
351900000,"1981-02-24 22:00:00",508.5,510,501.5,504,0
351986400,"1981-02-25 22:00:00",495,500,492.2,499,0
352072800,"1981-02-26 22:00:00",491,497,485,486.5,0
352332000,"1981-03-01 22:00:00",471,472,462.5,465,0
352418400,"1981-03-02 22:00:00",469.5,478,468.2,476,0
352504800,"1981-03-03 22:00:00",474,476,453,461,0
352591200,"1981-03-04 22:00:00",457,469,455,466.5,0
352677600,"1981-03-05 22:00:00",464,474.8,461.8,467,0
352936800,"1981-03-08 22:00:00",475,480,472,475,0
353023200,"1981-03-09 22:00:00",490,495,481,485.5,0
353109600,"1981-03-10 22:00:00",477.5,479,472.7,478,0
353196000,"1981-03-11 22:00:00",479,485.5,477.5,485,0
353282400,"1981-03-12 22:00:00",494,497.3,487.5,488.5,0
353541600,"1981-03-15 22:00:00",502,504,493.5,495.5,0
353628000,"1981-03-16 22:00:00",498,511,490.5,509,0
353714400,"1981-03-17 22:00:00",508,516,505.5,508.5,0
353800800,"1981-03-18 22:00:00",509,513,505,512,0
353887200,"1981-03-19 22:00:00",511,537,510,537,0
354146400,"1981-03-22 22:00:00",531,541,519.5,527,0
354232800,"1981-03-23 22:00:00",531,544.5,529.5,536.5,0
354319200,"1981-03-24 22:00:00",535,536,527,532,0
354405600,"1981-03-25 22:00:00",534,554,532,545,0
354492000,"1981-03-26 22:00:00",541,543,524,529.3,0
354751200,"1981-03-29 22:00:00",538,538,518,524.5,0
354837600,"1981-03-30 22:00:00",525.5,527,515,525.5,0
354924000,"1981-03-31 22:00:00",524,531.5,521,528,0
355010400,"1981-04-01 22:00:00",532,532.8,525.5,528.5,0
355096800,"1981-04-02 22:00:00",532,536.5,531,532.5,0
355356000,"1981-04-05 22:00:00",545,545.5,536.5,538,0
355442400,"1981-04-06 22:00:00",524,526.8,517,522.5,0
355528800,"1981-04-07 22:00:00",518,525.5,517,524.5,0
355615200,"1981-04-08 22:00:00",516,517,500.5,501.5,0
355701600,"1981-04-09 22:00:00",503,505,494,496,0
355960800,"1981-04-12 22:00:00",479,488,476,487,0
356047200,"1981-04-13 22:00:00",492,495.5,488.5,492,0
356133600,"1981-04-14 22:00:00",484,485,480.5,482.3,0
356220000,"1981-04-15 22:00:00",490,498,488.5,495.5,0
356565600,"1981-04-19 22:00:00",489,497,479.5,495.7,0
356652000,"1981-04-20 22:00:00",488,501,487,497.5,0
356738400,"1981-04-21 22:00:00",508,509,494.5,496,0
356824800,"1981-04-22 22:00:00",496,501,492.5,498,0
356911200,"1981-04-23 22:00:00",500,504,490,491.3,0
357166800,"1981-04-26 21:00:00",493.5,493.5,486.5,491,0
357253200,"1981-04-27 21:00:00",486,491.5,485,489.8,0
357339600,"1981-04-28 21:00:00",479,485,478,484.5,0
357426000,"1981-04-29 21:00:00",487,490,481,489,0
357512400,"1981-04-30 21:00:00",488,497.5,487,496,0
357771600,"1981-05-03 21:00:00",486,488,481.5,486.5,0
357858000,"1981-05-04 21:00:00",478,487.5,478,486.5,0
357944400,"1981-05-05 21:00:00",489.5,489.5,483,484.5,0
358030800,"1981-05-06 21:00:00",481,487.5,480,487,0
358117200,"1981-05-07 21:00:00",489,497.5,488.6,496.5,0
358376400,"1981-05-10 21:00:00",502.5,503,487,488,0
358462800,"1981-05-11 21:00:00",488.5,492.5,482,491.5,0
358549200,"1981-05-12 21:00:00",490,490,481,482,0
358635600,"1981-05-13 21:00:00",480,487.5,475,486.5,0
358722000,"1981-05-14 21:00:00",486,489,478,479.5,0
358981200,"1981-05-17 21:00:00",485,486.5,477.2,485,0
359067600,"1981-05-18 21:00:00",484,484.5,477.5,478.5,0
359154000,"1981-05-19 21:00:00",479,483,477,482.5,0
359240400,"1981-05-20 21:00:00",474,476.3,466,468,0
359326800,"1981-05-21 21:00:00",471,473.3,467.8,471,0
359672400,"1981-05-25 21:00:00",465,470.3,464,465.5,0
359758800,"1981-05-26 21:00:00",465,472.5,464,469.7,0
359845200,"1981-05-27 21:00:00",474.5,483,472.5,481.2,0
359931600,"1981-05-28 21:00:00",477,481.7,477,479.4,0
360190800,"1981-05-31 21:00:00",495.5,497.5,485.5,487.5,0
360277200,"1981-06-01 21:00:00",485,489,483.5,487,0
360363600,"1981-06-02 21:00:00",487,488.2,480.5,481.5,0
360450000,"1981-06-03 21:00:00",473,478,469,476,0
360536400,"1981-06-04 21:00:00",472,473.4,461.5,462.5,0
360795600,"1981-06-07 21:00:00",472,487.5,470,473,0
360882000,"1981-06-08 21:00:00",474,475.5,464.8,469,0
360968400,"1981-06-09 21:00:00",472,478,472,477,0
361054800,"1981-06-10 21:00:00",473,476.5,472,476,0
361141200,"1981-06-11 21:00:00",480,484.8,474.5,476,0
361400400,"1981-06-14 21:00:00",484,485,471,472,0
361486800,"1981-06-15 21:00:00",474,475,469.5,472.5,0
361573200,"1981-06-16 21:00:00",470,473,468,469,0
361659600,"1981-06-17 21:00:00",467,468.5,465.5,467,0
361746000,"1981-06-18 21:00:00",465.5,469,464.5,467.5,0
362005200,"1981-06-21 21:00:00",470,473.5,468.8,472.3,0
362091600,"1981-06-22 21:00:00",474.5,475.5,469.5,471.2,0
362178000,"1981-06-23 21:00:00",469,469.7,460,460.5,0
362264400,"1981-06-24 21:00:00",460,460,444.5,451,0
362350800,"1981-06-25 21:00:00",446,451.5,443,447,0
362610000,"1981-06-28 21:00:00",434,435.5,429.5,432,0
362696400,"1981-06-29 21:00:00",427,432.5,427,428.5,0
362782800,"1981-06-30 21:00:00",426.5,431.5,417.5,419,0
362869200,"1981-07-01 21:00:00",418.8,421.5,412,416.5,0
363214800,"1981-07-05 21:00:00",407,409.5,398.5,404,0
363301200,"1981-07-06 21:00:00",410,412.5,406,409.5,0
363387600,"1981-07-07 21:00:00",402.5,408,397,407,0
363474000,"1981-07-08 21:00:00",409.5,417.5,407,415.5,0
363560400,"1981-07-09 21:00:00",419,423.5,418,422,0
363819600,"1981-07-12 21:00:00",419,419.5,408,409,0
363906000,"1981-07-13 21:00:00",406.5,416.5,402.2,414.5,0
363992400,"1981-07-14 21:00:00",413,421.5,411.5,414,0
364078800,"1981-07-15 21:00:00",421,422.5,415.5,417.5,0
364165200,"1981-07-16 21:00:00",418,426,415.5,420,0
364424400,"1981-07-19 21:00:00",417,417.5,409.5,411,0
364510800,"1981-07-20 21:00:00",406.5,412.5,406,411.5,0
364597200,"1981-07-21 21:00:00",410,414,407.2,408,0
364683600,"1981-07-22 21:00:00",410,411.5,406.5,408.7,0
364770000,"1981-07-23 21:00:00",407,409.5,406,408.2,0
365029200,"1981-07-26 21:00:00",402,415,401.3,402,0
365115600,"1981-07-27 21:00:00",402,407.7,398,406.5,0
365202000,"1981-07-28 21:00:00",405,409,403,403.5,0
365288400,"1981-07-29 21:00:00",421,425.4,419,424.4,0
365374800,"1981-07-30 21:00:00",424.5,426.4,421.7,423.2,0
365634000,"1981-08-02 21:00:00",411,412,406,406.5,0
365720400,"1981-08-03 21:00:00",408,409.3,405,408.5,0
365806800,"1981-08-04 21:00:00",410,410.5,407.8,409.3,0
365893200,"1981-08-05 21:00:00",411,418.5,409.7,418.2,0
365979600,"1981-08-06 21:00:00",414,418.2,413,414.8,0
366238800,"1981-08-09 21:00:00",411,417,410,415.5,0
366325200,"1981-08-10 21:00:00",417,429.5,415.5,429,0
366411600,"1981-08-11 21:00:00",434,439.3,422,423,0
366498000,"1981-08-12 21:00:00",427,429.5,422.6,429,0
366584400,"1981-08-13 21:00:00",435,438,428,430.5,0
366843600,"1981-08-16 21:00:00",432,433.8,428.5,433,0
366930000,"1981-08-17 21:00:00",442,456.5,436.2,455.5,0
367016400,"1981-08-18 21:00:00",455,463,450.5,456,0
367102800,"1981-08-19 21:00:00",452,453,444.5,448,0
367189200,"1981-08-20 21:00:00",449.5,455,448,452.5,0
367448400,"1981-08-23 21:00:00",446,447,432.5,433,0
367534800,"1981-08-24 21:00:00",424,430.5,423,427.5,0
367621200,"1981-08-25 21:00:00",435,437,430,430.5,0
367707600,"1981-08-26 21:00:00",432,439.7,427.5,436,0
367794000,"1981-08-27 21:00:00",444,448.5,442,445,0
368053200,"1981-08-30 21:00:00",450,450,439,443.5,0
368139600,"1981-08-31 21:00:00",441,446,437.5,444.7,0
368226000,"1981-09-01 21:00:00",449,454.5,446,452.5,0
368312400,"1981-09-02 21:00:00",454.5,463.3,451.5,462.5,0
368398800,"1981-09-03 21:00:00",458.5,460.2,453,455.5,0
368744400,"1981-09-07 21:00:00",458,459,447.5,448.5,0
368830800,"1981-09-08 21:00:00",451,466.5,450,463.5,0
368917200,"1981-09-09 21:00:00",466,474,462.8,464.5,0
369003600,"1981-09-10 21:00:00",466.9,472.5,463.8,470,0
369262800,"1981-09-13 21:00:00",473,477.5,463.7,476.4,0
369349200,"1981-09-14 21:00:00",473,476,468,469,0
369435600,"1981-09-15 21:00:00",465,472.5,462.5,466,0
369522000,"1981-09-16 21:00:00",472,476,453.5,456.5,0
369608400,"1981-09-17 21:00:00",461,465.5,459,465,0
369867600,"1981-09-20 21:00:00",473,482.5,472,482,0
369954000,"1981-09-21 21:00:00",475,478.3,471,475,0
370040400,"1981-09-22 21:00:00",470.5,470.5,466,469.5,0
370126800,"1981-09-23 21:00:00",462,464.8,455.5,459.5,0
370213200,"1981-09-24 21:00:00",461,464.2,437,441.5,0
370472400,"1981-09-27 21:00:00",433,443.5,428,441.8,0
370558800,"1981-09-28 21:00:00",444,445.5,438,441.5,0
370645200,"1981-09-29 21:00:00",439,443.5,435.8,443,0
370731600,"1981-09-30 21:00:00",446,448.3,438.5,440,0
370818000,"1981-10-01 21:00:00",444,450,443,447.5,0
371077200,"1981-10-04 21:00:00",452,454,442.5,445.5,0
371163600,"1981-10-05 21:00:00",449,469,445,461.5,0
371250000,"1981-10-06 21:00:00",458.5,458.5,451.5,453.5,0
371336400,"1981-10-07 21:00:00",450.5,458.5,449.5,457.5,0
371422800,"1981-10-08 21:00:00",462.5,464.5,455.8,457,0
371682000,"1981-10-11 21:00:00",458,459.5,451.5,452,0
371768400,"1981-10-12 21:00:00",452,457,448.2,456,0
371854800,"1981-10-13 21:00:00",451.5,456.6,449.5,452,0
371941200,"1981-10-14 21:00:00",455,455,447.5,450.2,0
372027600,"1981-10-15 21:00:00",450.5,452.4,447,447.5,0
372286800,"1981-10-18 21:00:00",445.5,445.5,441,442.7,0
372373200,"1981-10-19 21:00:00",443,444.3,437,437.5,0
372459600,"1981-10-20 21:00:00",438,439,433,438,0
372546000,"1981-10-21 21:00:00",439,439.5,435.5,439.2,0
372632400,"1981-10-22 21:00:00",438,438.5,433.5,436,0
372895200,"1981-10-25 22:00:00",432.5,432.5,428.5,429.8,0
372981600,"1981-10-26 22:00:00",432,436,430.6,435.3,0
373068000,"1981-10-27 22:00:00",436.5,437,426.5,428,0
373154400,"1981-10-28 22:00:00",431,435,427.5,433.3,0
373240800,"1981-10-29 22:00:00",433,436.5,429.5,431.2,0
373500000,"1981-11-01 22:00:00",432,436,430.5,432.5,0
373586400,"1981-11-02 22:00:00",431.5,434.5,430.5,434.2,0
373672800,"1981-11-03 22:00:00",434,435.3,431.5,433.3,0
373759200,"1981-11-04 22:00:00",431,432.8,430.3,431.2,0
373845600,"1981-11-05 22:00:00",430.5,432.2,429.8,430.9,0
374104800,"1981-11-08 22:00:00",433,433,421,423.5,0
374191200,"1981-11-09 22:00:00",423,424,413,414.5,0
374277600,"1981-11-10 22:00:00",412,414.5,407,412.1,0
374364000,"1981-11-11 22:00:00",414,417,409.2,414,0
374450400,"1981-11-12 22:00:00",414,416.3,412.1,415.2,0
374709600,"1981-11-15 22:00:00",403.5,406,400,401.4,0
374796000,"1981-11-16 22:00:00",398,406,396.5,405,0
374882400,"1981-11-17 22:00:00",406,406.5,397,398,0
374968800,"1981-11-18 22:00:00",401,402,395.5,400.5,0
375055200,"1981-11-19 22:00:00",401,404,397.5,398,0
375314400,"1981-11-22 22:00:00",396,397,392.5,394,0
375400800,"1981-11-23 22:00:00",398,402.5,397,401.8,0
375487200,"1981-11-24 22:00:00",407.5,413,407.5,412.5,0
375660000,"1981-11-26 22:00:00",412,415,411.3,414,0
375919200,"1981-11-29 22:00:00",421,422,411.5,413.3,0
376005600,"1981-11-30 22:00:00",407,412.5,406,412,0
376092000,"1981-12-01 22:00:00",410.5,429.5,410.5,429,0
376178400,"1981-12-02 22:00:00",425,430,420.5,428,0
376264800,"1981-12-03 22:00:00",431.5,437,428,429,0
376524000,"1981-12-06 22:00:00",423.7,427,421.2,424,0
376610400,"1981-12-07 22:00:00",421.2,427.5,415,415.8,0
376696800,"1981-12-08 22:00:00",414,417.5,411,416.8,0
376783200,"1981-12-09 22:00:00",413,416.5,408.5,413.5,0
376869600,"1981-12-10 22:00:00",415,418.5,411.5,412.5,0
377128800,"1981-12-13 22:00:00",426.5,428,419,419.5,0
377215200,"1981-12-14 22:00:00",420,423.5,418.2,423,0
377301600,"1981-12-15 22:00:00",424,429,421.6,428.3,0
377388000,"1981-12-16 22:00:00",423.5,426.5,421.2,422.3,0
377474400,"1981-12-17 22:00:00",421.3,423.6,417,418.2,0
377733600,"1981-12-20 22:00:00",416.1,418.5,405,405.8,0
377820000,"1981-12-21 22:00:00",407.5,410,402,408.4,0
377906400,"1981-12-22 22:00:00",405.5,408.5,403.2,408,0
377992800,"1981-12-23 22:00:00",409,409.4,406,406.3,0
378338400,"1981-12-27 22:00:00",404,405,396.5,397.2,0
378424800,"1981-12-28 22:00:00",399,399.5,397.1,399,0
378511200,"1981-12-29 22:00:00",399,403.8,398.5,403,0
378597600,"1981-12-30 22:00:00",403.5,406,401.8,402.8,0
378943200,"1982-01-03 22:00:00",399,408,395.5,407.3,0
379029600,"1982-01-04 22:00:00",403.5,411,403,405.6,0
379116000,"1982-01-05 22:00:00",404.6,406.2,402,403,0
379202400,"1982-01-06 22:00:00",397.5,403.3,396.1,402,0
379288800,"1982-01-07 22:00:00",401,404.2,396.5,397.5,0
379548000,"1982-01-10 22:00:00",389,392,386,388,0
379634400,"1982-01-11 22:00:00",392,392,388.3,390,0
379720800,"1982-01-12 22:00:00",381.5,383,377,379.6,0
379807200,"1982-01-13 22:00:00",375,379,374,378.6,0
379893600,"1982-01-14 22:00:00",382.5,382.5,371.5,372,0
380152800,"1982-01-17 22:00:00",370.5,378,370,377,0
380239200,"1982-01-18 22:00:00",378,379.3,370,371.2,0
380325600,"1982-01-19 22:00:00",370,374.9,369,374.5,0
380412000,"1982-01-20 22:00:00",376.5,379.8,374.2,376.5,0
380498400,"1982-01-21 22:00:00",377.5,384.2,374.5,378.5,0
380757600,"1982-01-24 22:00:00",370.5,376,370.5,375.6,0
380844000,"1982-01-25 22:00:00",377,379.5,375.8,376.4,0
380930400,"1982-01-26 22:00:00",383,385.5,380.6,384.2,0
381016800,"1982-01-27 22:00:00",382,386,382,385.2,0
381103200,"1982-01-28 22:00:00",387.5,388.7,383.1,384.6,0
381362400,"1982-01-31 22:00:00",387,390,385.3,389.2,0
381448800,"1982-02-01 22:00:00",386.9,389.5,384.5,384.7,0
381535200,"1982-02-02 22:00:00",386.5,387.3,385.2,386.8,0
381621600,"1982-02-03 22:00:00",391,394.4,391,393.8,0
381708000,"1982-02-04 22:00:00",392,392.6,389.2,392,0
381967200,"1982-02-07 22:00:00",388,389,385.3,386.8,0
382053600,"1982-02-08 22:00:00",384.5,387.9,384,387.6,0
382140000,"1982-02-09 22:00:00",390,392,388.3,391.3,0
382226400,"1982-02-10 22:00:00",387,388.7,382.7,384.5,0
382312800,"1982-02-11 22:00:00",383.5,385.9,383,384.9,0
382658400,"1982-02-15 22:00:00",382,382.8,379.3,381.8,0
382744800,"1982-02-16 22:00:00",382,382.5,378.6,381.1,0
382831200,"1982-02-17 22:00:00",374.5,375.9,373.9,374.1,0
382917600,"1982-02-18 22:00:00",375,375.3,368.5,369.3,0
383176800,"1982-02-21 22:00:00",368,371.3,367,368.8,0
383263200,"1982-02-22 22:00:00",366,368.5,362.7,367.7,0
383349600,"1982-02-23 22:00:00",369,372.8,366.6,372.4,0
383436000,"1982-02-24 22:00:00",371,373.1,368.2,369.8,0
383522400,"1982-02-25 22:00:00",367,367.7,364,364.5,0
383781600,"1982-02-28 22:00:00",362.5,366.3,362.5,365.8,0
383868000,"1982-03-01 22:00:00",366.5,366.5,360.2,361.6,0
383954400,"1982-03-02 22:00:00",358,358.5,353.5,354.2,0
384040800,"1982-03-03 22:00:00",351.5,352.5,345.5,346.8,0
384127200,"1982-03-04 22:00:00",343,346.6,336,336.3,0
384386400,"1982-03-07 22:00:00",335,335,323,331,0
384472800,"1982-03-08 22:00:00",328.5,336.5,326.8,336,0
384559200,"1982-03-09 22:00:00",337,340,332.8,338.8,0
384645600,"1982-03-10 22:00:00",335,336,329.5,330,0
384732000,"1982-03-11 22:00:00",324,326,317.5,319.6,0
384991200,"1982-03-14 22:00:00",317,327,312.5,326.2,0
385077600,"1982-03-15 22:00:00",323,328,314,314.5,0
385164000,"1982-03-16 22:00:00",316.5,321.5,313.7,319.3,0
385250400,"1982-03-17 22:00:00",325.3,326,320.8,325.2,0
385336800,"1982-03-18 22:00:00",316,320,314.5,317.7,0
385596000,"1982-03-21 22:00:00",322.5,325.2,320.3,324.6,0
385682400,"1982-03-22 22:00:00",331,332,326.2,327,0
385768800,"1982-03-23 22:00:00",333.5,335.5,331.8,334.2,0
385855200,"1982-03-24 22:00:00",327.5,329.2,324.9,326.7,0
385941600,"1982-03-25 22:00:00",322.5,324.8,320.7,322.2,0
386200800,"1982-03-28 22:00:00",318.5,323.8,316.4,323.2,0
386287200,"1982-03-29 22:00:00",331.5,333.4,326,326.5,0
386373600,"1982-03-30 22:00:00",327,335,325.8,334.2,0
386460000,"1982-03-31 22:00:00",334.5,336,328.8,332.8,0
386546400,"1982-04-01 22:00:00",335,337.2,332.1,336.8,0
386805600,"1982-04-04 22:00:00",343.5,355,341.2,353.3,0
386892000,"1982-04-05 22:00:00",352,368.5,351,367,0
386978400,"1982-04-06 22:00:00",361,365,355.5,357,0
387064800,"1982-04-07 22:00:00",359,368,358,366,0
387410400,"1982-04-11 22:00:00",364.5,365,355.8,357.5,0
387496800,"1982-04-12 22:00:00",360.5,366.5,359,362.7,0
387583200,"1982-04-13 22:00:00",374,377.5,370,376,0
387669600,"1982-04-14 22:00:00",370,372.7,369,371.8,0
387756000,"1982-04-15 22:00:00",370,370.8,365,366,0
388015200,"1982-04-18 22:00:00",363,363.5,342,346.5,0
388101600,"1982-04-19 22:00:00",348,352.5,346.5,350.5,0
388188000,"1982-04-20 22:00:00",352,353.2,347.5,349.1,0
388274400,"1982-04-21 22:00:00",349,351.5,348,349.6,0
388360800,"1982-04-22 22:00:00",357.5,358.5,352.5,356.7,0
388616400,"1982-04-25 21:00:00",365.9,365.9,355.5,356.5,0
388702800,"1982-04-26 21:00:00",355,360.5,353.2,360,0
388789200,"1982-04-27 21:00:00",362,362.5,355,359.1,0
388875600,"1982-04-28 21:00:00",354,362,350.5,360.5,0
388962000,"1982-04-29 21:00:00",364,367,335.5,346.5,0
389221200,"1982-05-02 21:00:00",351,351,345,349,0
389307600,"1982-05-03 21:00:00",346,348.5,343,346.5,0
389394000,"1982-05-04 21:00:00",341,342.2,338.9,339.8,0
389480400,"1982-05-05 21:00:00",337,342,334,335,0
389566800,"1982-05-06 21:00:00",335,338.5,331,336.5,0
389826000,"1982-05-09 21:00:00",331,333,329,331.5,0
389912400,"1982-05-10 21:00:00",334,336.8,333,335.8,0
389998800,"1982-05-11 21:00:00",334.5,336.2,333,335,0
390085200,"1982-05-12 21:00:00",333,334.9,332.4,333.5,0
390171600,"1982-05-13 21:00:00",333.5,341.5,333.5,340,0
390430800,"1982-05-16 21:00:00",341,341.5,335.6,336.2,0
390517200,"1982-05-17 21:00:00",337.5,343,337.5,342.1,0
390603600,"1982-05-18 21:00:00",344.5,345.8,342,342.5,0
390690000,"1982-05-19 21:00:00",344.5,345,340.5,344,0
390776400,"1982-05-20 21:00:00",343,343.8,336.5,337.2,0
391035600,"1982-05-23 21:00:00",328.5,330.2,327.5,328.8,0
391122000,"1982-05-24 21:00:00",327.5,331.5,327.5,329.5,0
391208400,"1982-05-25 21:00:00",330.5,331.1,324,324.8,0
391294800,"1982-05-26 21:00:00",323.2,327,322.9,326.4,0
391381200,"1982-05-27 21:00:00",325.8,326,321.5,322.2,0
391726800,"1982-05-31 21:00:00",325.5,326,322.5,323.8,0
391813200,"1982-06-01 21:00:00",323.5,327.7,323.5,326.4,0
391899600,"1982-06-02 21:00:00",328,328,321,323.5,0
391986000,"1982-06-03 21:00:00",324,326.8,322.5,325.3,0
392245200,"1982-06-06 21:00:00",330,343,329.6,342.5,0
392331600,"1982-06-07 21:00:00",338,341,334,337.3,0
392418000,"1982-06-08 21:00:00",333.5,335,331.5,333.2,0
392504400,"1982-06-09 21:00:00",333,334,330,332.6,0
392590800,"1982-06-10 21:00:00",330,333.5,329.5,333.2,0
392850000,"1982-06-13 21:00:00",326,326.5,321.5,322.5,0
392936400,"1982-06-14 21:00:00",319,321.5,317.5,321,0
393022800,"1982-06-15 21:00:00",321,322.9,318.5,321.4,0
393109200,"1982-06-16 21:00:00",315,315.5,308,312.2,0
393195600,"1982-06-17 21:00:00",311,313.3,308,308.5,0
393454800,"1982-06-20 21:00:00",300,305.9,297.5,305,0
393541200,"1982-06-21 21:00:00",308,312.7,301,301.5,0
393627600,"1982-06-22 21:00:00",301.5,311.5,301.5,311,0
393714000,"1982-06-23 21:00:00",313.5,315,307,307.5,0
393800400,"1982-06-24 21:00:00",307,311,306.8,310.2,0
394059600,"1982-06-27 21:00:00",306.5,314,305.5,313.7,0
394146000,"1982-06-28 21:00:00",313.5,319.5,309.8,318,0
394232400,"1982-06-29 21:00:00",320,322.5,315.6,317.8,0
394318800,"1982-06-30 21:00:00",314,316.8,312.5,316.5,0
394405200,"1982-07-01 21:00:00",317.5,317.7,313.8,315,0
394750800,"1982-07-05 21:00:00",314,315.4,310.3,311.5,0
394837200,"1982-07-06 21:00:00",309,313.8,308.3,313.5,0
394923600,"1982-07-07 21:00:00",314.5,326.5,314.2,324.7,0
395010000,"1982-07-08 21:00:00",327,349.7,327,348,0
395269200,"1982-07-11 21:00:00",346,348,340.2,343.5,0
395355600,"1982-07-12 21:00:00",346,362,345.5,359.5,0
395442000,"1982-07-13 21:00:00",359,359.5,348.5,349.2,0
395528400,"1982-07-14 21:00:00",352,355.5,342,345.7,0
395614800,"1982-07-15 21:00:00",346.5,356,346.2,351.5,0
395874000,"1982-07-18 21:00:00",352.5,353,344.5,346.5,0
395960400,"1982-07-19 21:00:00",346.5,363,346.3,360.3,0
396046800,"1982-07-20 21:00:00",367,369.7,354.5,356.2,0
396133200,"1982-07-21 21:00:00",356,360,352,359.5,0
396219600,"1982-07-22 21:00:00",366,367.2,355.5,361.2,0
396478800,"1982-07-25 21:00:00",354,356.5,349,355.5,0
396565200,"1982-07-26 21:00:00",349,355.3,349,352.2,0
396651600,"1982-07-27 21:00:00",347.7,347.7,338,339.5,0
396738000,"1982-07-28 21:00:00",341,343.3,334.3,338.6,0
396824400,"1982-07-29 21:00:00",355.7,357.8,353.6,355.5,0
397083600,"1982-08-01 21:00:00",364.5,366.5,360.8,366.1,0
397170000,"1982-08-02 21:00:00",364.5,365,357,358,0
397256400,"1982-08-03 21:00:00",356.8,364.4,356.2,363.1,0
397342800,"1982-08-04 21:00:00",359,359.5,354,356.8,0
397429200,"1982-08-05 21:00:00",356.5,359.8,354.5,355.5,0
397688400,"1982-08-08 21:00:00",347.5,351.4,345.5,346.5,0
397774800,"1982-08-09 21:00:00",348.5,350,341.5,343.3,0
397861200,"1982-08-10 21:00:00",342,345.8,340.2,344.5,0
397947600,"1982-08-11 21:00:00",343.5,350.5,343.3,348.5,0
398034000,"1982-08-12 21:00:00",348.5,349.8,344,344.9,0
398293200,"1982-08-15 21:00:00",348,353.5,347.3,348.4,0
398379600,"1982-08-16 21:00:00",348.5,355,346.4,354.5,0
398466000,"1982-08-17 21:00:00",367,372,364.5,368.9,0
398552400,"1982-08-18 21:00:00",366,386,365,384.5,0
398638800,"1982-08-19 21:00:00",396,401,388,396,0
398898000,"1982-08-22 21:00:00",403,411.5,397,408.7,0
398984400,"1982-08-23 21:00:00",418,423,409,413.2,0
399070800,"1982-08-24 21:00:00",405,418,404.5,417,0
399157200,"1982-08-25 21:00:00",425.5,441,424,437.5,0
399243600,"1982-08-26 21:00:00",430,431.5,412.5,413,0
399502800,"1982-08-29 21:00:00",409,421,405,419.5,0
399589200,"1982-08-30 21:00:00",418,425.5,415,418.5,0
399675600,"1982-08-31 21:00:00",413.5,416.5,408,415.5,0
399762000,"1982-09-01 21:00:00",421,440.5,419,440.5,0
399848400,"1982-09-02 21:00:00",462,465.5,458,465.5,0
400194000,"1982-09-06 21:00:00",500,500,478,481,0
400280400,"1982-09-07 21:00:00",468,509,465,497,0
400366800,"1982-09-08 21:00:00",481,496,472,472,0
400453200,"1982-09-09 21:00:00",458,471,447,452,0
400712400,"1982-09-12 21:00:00",447.5,458,447,457,0
400798800,"1982-09-13 21:00:00",461,468,443,447,0
400885200,"1982-09-14 21:00:00",455.5,458,443,454.5,0
400971600,"1982-09-15 21:00:00",460,463.4,450,454,0
401058000,"1982-09-16 21:00:00",452,454,441,443,0
401317200,"1982-09-19 21:00:00",432,437.8,428,436,0
401403600,"1982-09-20 21:00:00",436,448,432.5,447,0
401490000,"1982-09-21 21:00:00",454,457.8,443,445.5,0
401576400,"1982-09-22 21:00:00",445,454,443.3,447.3,0
401662800,"1982-09-23 21:00:00",446,446.5,423,424.3,0
401922000,"1982-09-26 21:00:00",419,423.5,409,412,0
402008400,"1982-09-27 21:00:00",415,423.5,414.2,420.5,0
402094800,"1982-09-28 21:00:00",420.5,421.5,396,400,0
402181200,"1982-09-29 21:00:00",403.5,406,398,404.8,0
402267600,"1982-09-30 21:00:00",408.5,415.5,406,413,0
402526800,"1982-10-03 21:00:00",400,401,390,392.5,0
402613200,"1982-10-04 21:00:00",397,401.5,393.5,398.4,0
402699600,"1982-10-05 21:00:00",409,414.5,403,403.8,0
402786000,"1982-10-06 21:00:00",428.8,428.8,423,428.8,0
402872400,"1982-10-07 21:00:00",442,444,418,424.5,0
403131600,"1982-10-10 21:00:00",438,449.5,433.5,449.5,0
403218000,"1982-10-11 21:00:00",447,452,437,443.5,0
403304400,"1982-10-12 21:00:00",434,461,432.5,460,0
403390800,"1982-10-13 21:00:00",453,465,441,445.5,0
403477200,"1982-10-14 21:00:00",442,444.7,430,433,0
403736400,"1982-10-17 21:00:00",434,442.5,431,439.5,0
403822800,"1982-10-18 21:00:00",447.5,449,426,427,0
403909200,"1982-10-19 21:00:00",430,439,424.5,437,0
403995600,"1982-10-20 21:00:00",441,442,422.5,427.5,0
404082000,"1982-10-21 21:00:00",432,438.5,428.5,435.5,0
404341200,"1982-10-24 21:00:00",421,423.3,414,420.5,0
404427600,"1982-10-25 21:00:00",419.5,427.5,415.5,426.7,0
404514000,"1982-10-26 21:00:00",426,426.5,418,425,0
404600400,"1982-10-27 21:00:00",421,424.5,419,422.7,0
404686800,"1982-10-28 21:00:00",424.5,430,422,423,0
404949600,"1982-10-31 22:00:00",431,435,428.5,432.5,0
405122400,"1982-11-02 22:00:00",432.5,438.4,423.5,426,0
405208800,"1982-11-03 22:00:00",425.5,430,421.5,429.3,0
405295200,"1982-11-04 22:00:00",424.3,424.5,416,419,0
405554400,"1982-11-07 22:00:00",410,411,405.5,407.5,0
405640800,"1982-11-08 22:00:00",411,415.8,409.8,414,0
405727200,"1982-11-09 22:00:00",414.5,415,401,405,0
405813600,"1982-11-10 22:00:00",405,406.5,399.5,406,0
405900000,"1982-11-11 22:00:00",398,411.5,398,410.5,0
406159200,"1982-11-14 22:00:00",404,408.5,401,406.5,0
406245600,"1982-11-15 22:00:00",408.5,414.5,407.1,411.5,0
406332000,"1982-11-16 22:00:00",414,415.7,406.5,408.5,0
406418400,"1982-11-17 22:00:00",408,415,408,413.2,0
406504800,"1982-11-18 22:00:00",418.5,420.8,413.7,414.8,0
406764000,"1982-11-21 22:00:00",412,412.5,405,406,0
406850400,"1982-11-22 22:00:00",406.5,410,405,405.3,0
406936800,"1982-11-23 22:00:00",407,413.3,406.3,411.5,0
407109600,"1982-11-25 22:00:00",416,432,416,427.3,0
407368800,"1982-11-28 22:00:00",436.5,444.5,433.5,440.6,0
407455200,"1982-11-29 22:00:00",441.5,449.5,439.2,449,0
407541600,"1982-11-30 22:00:00",446,448.5,439,441.7,0
407628000,"1982-12-01 22:00:00",451,456.4,449,449.5,0
407714400,"1982-12-02 22:00:00",450,450,442,447.8,0
407973600,"1982-12-05 22:00:00",451,454.5,447.1,452,0
408060000,"1982-12-06 22:00:00",462,465.5,458,458.5,0
408146400,"1982-12-07 22:00:00",453,453.7,442.5,444.5,0
408232800,"1982-12-08 22:00:00",448,450,439.5,449.2,0
408319200,"1982-12-09 22:00:00",443.5,445.5,440,441.5,0
408578400,"1982-12-12 22:00:00",443,450,441.3,449.5,0
408664800,"1982-12-13 22:00:00",456,457.5,435,436.8,0
408751200,"1982-12-14 22:00:00",440.5,445,438,443.7,0
408837600,"1982-12-15 22:00:00",448,448,439.5,446,0
408924000,"1982-12-16 22:00:00",443.5,447,439.8,444.2,0
409183200,"1982-12-19 22:00:00",445.5,447.8,443.8,446.9,0
409269600,"1982-12-20 22:00:00",446.5,456.5,446.1,455.5,0
409356000,"1982-12-21 22:00:00",453,455.5,447,448,0
409442400,"1982-12-22 22:00:00",450,454,447.3,450.8,0
409788000,"1982-12-26 22:00:00",454,464,454,462.2,0
409874400,"1982-12-27 22:00:00",461.5,461.8,457,460,0
409960800,"1982-12-28 22:00:00",461,468.8,460,465.5,0
410047200,"1982-12-29 22:00:00",465.5,466.5,449,453,0
410392800,"1983-01-02 22:00:00",455,457.5,450.8,453.4,0
410479200,"1983-01-03 22:00:00",456,457.7,449.5,456.7,0
410565600,"1983-01-04 22:00:00",459,465,456.2,461,0
410652000,"1983-01-05 22:00:00",458,460.3,455.5,456.5,0
410738400,"1983-01-06 22:00:00",457,471.5,456.5,469.5,0
410997600,"1983-01-09 22:00:00",478,489,474.7,483.2,0
411084000,"1983-01-10 22:00:00",485.5,490.5,479,482.4,0
411170400,"1983-01-11 22:00:00",481,493,480,492.6,0
411256800,"1983-01-12 22:00:00",491,495,485,490,0
411343200,"1983-01-13 22:00:00",484,496.5,482.5,490,0
411602400,"1983-01-16 22:00:00",496,502.1,491,492.5,0
411688800,"1983-01-17 22:00:00",488,505,483.8,503.8,0
411775200,"1983-01-18 22:00:00",501,502,485,489.6,0
411861600,"1983-01-19 22:00:00",491.5,497,487.5,492.5,0
411948000,"1983-01-20 22:00:00",488,489.8,481.5,485,0
412207200,"1983-01-23 22:00:00",473,486.2,473,482.5,0
412293600,"1983-01-24 22:00:00",487,493.7,486,490,0
412380000,"1983-01-25 22:00:00",488,491.8,484.5,491.3,0
412466400,"1983-01-26 22:00:00",492,499.5,491.5,496,0
412552800,"1983-01-27 22:00:00",493,495.8,490,494.8,0
412812000,"1983-01-30 22:00:00",508,519,505.5,518.2,0
412898400,"1983-01-31 22:00:00",517.5,518.5,511,511.5,0
412984800,"1983-02-01 22:00:00",505,518.5,504.5,515,0
413071200,"1983-02-02 22:00:00",513.5,516.5,503.5,504,0
413157600,"1983-02-03 22:00:00",507,510.3,498,501,0
413416800,"1983-02-06 22:00:00",497.5,503.5,496,501,0
413503200,"1983-02-07 22:00:00",505,506.5,498.5,499.2,0
413589600,"1983-02-08 22:00:00",497,501.3,495,498.3,0
413676000,"1983-02-09 22:00:00",501,511,500.5,509.5,0
413762400,"1983-02-10 22:00:00",511,513.5,507.2,510,0
414021600,"1983-02-13 22:00:00",506.5,516,506.1,514.2,0
414108000,"1983-02-14 22:00:00",517,520,511,511.5,0
414194400,"1983-02-15 22:00:00",511,516.3,508.5,511,0
414280800,"1983-02-16 22:00:00",509,513,507,508,0
414367200,"1983-02-17 22:00:00",508,511.5,507.6,510.5,0
414712800,"1983-02-21 22:00:00",507.5,508.8,485.5,485.5,0
414799200,"1983-02-22 22:00:00",474,479.5,470,471.5,0
414885600,"1983-02-23 22:00:00",476.5,479.8,472,473.7,0
414972000,"1983-02-24 22:00:00",465.5,469.5,448.7,448.7,0
415231200,"1983-02-27 22:00:00",423.7,423.7,423.7,423.7,0
415317600,"1983-02-28 22:00:00",416,424,412,415,0
415404000,"1983-03-01 22:00:00",433.5,437,426,436,0
415490400,"1983-03-02 22:00:00",434,437.3,430.5,433,0
415576800,"1983-03-03 22:00:00",419,421,408,420,0
415836000,"1983-03-06 22:00:00",425,431,418,429.5,0
415922400,"1983-03-07 22:00:00",425,426.5,418,424.5,0
416008800,"1983-03-08 22:00:00",427,429,423.8,426.3,0
416095200,"1983-03-09 22:00:00",437.5,439.5,431.5,433,0
416181600,"1983-03-10 22:00:00",424,430,420,429.3,0
416440800,"1983-03-13 22:00:00",430.5,442,428,438.5,0
416527200,"1983-03-14 22:00:00",436.5,437.8,425,427.8,0
416613600,"1983-03-15 22:00:00",421.5,424.5,417,419.5,0
416700000,"1983-03-16 22:00:00",415.5,422,414,420.8,0
416786400,"1983-03-17 22:00:00",422,423.7,411,416.5,0
417045600,"1983-03-20 22:00:00",414,421.5,413,421,0
417132000,"1983-03-21 22:00:00",423,424.3,418.5,419.5,0
417218400,"1983-03-22 22:00:00",410,420.5,406.5,418.5,0
417304800,"1983-03-23 22:00:00",417.5,418.5,410,410.5,0
417391200,"1983-03-24 22:00:00",413.5,418,408,414.5,0
417650400,"1983-03-27 22:00:00",408.5,414,406.5,412.3,0
417736800,"1983-03-28 22:00:00",411,417,411,415.8,0
417823200,"1983-03-29 22:00:00",424,425.3,419,419.5,0
417909600,"1983-03-30 22:00:00",421,422.7,419.2,422,0
418255200,"1983-04-03 22:00:00",422.5,434.5,422.5,433.5,0
418341600,"1983-04-04 22:00:00",433,439.8,432,434.8,0
418428000,"1983-04-05 22:00:00",436,437,431,435.5,0
418514400,"1983-04-06 22:00:00",432,434,430.5,431,0
418600800,"1983-04-07 22:00:00",426,430.8,425,427.2,0
418860000,"1983-04-10 22:00:00",433.5,437.3,432.3,436.8,0
418946400,"1983-04-11 22:00:00",439,439.3,434.2,437,0
419032800,"1983-04-12 22:00:00",434.5,437.8,434,437.4,0
419119200,"1983-04-13 22:00:00",441,443.5,438.3,443,0
419205600,"1983-04-14 22:00:00",441,443,439.1,442.2,0
419464800,"1983-04-17 22:00:00",447.5,450.8,443.8,449.8,0
419551200,"1983-04-18 22:00:00",445,445.5,436,437.5,0
419637600,"1983-04-19 22:00:00",437.5,443.7,436.4,443,0
419724000,"1983-04-20 22:00:00",445,445,438,439.7,0
419810400,"1983-04-21 22:00:00",440,444,440,443.3,0
420066000,"1983-04-24 21:00:00",446,446.5,440.5,440.8,0
420152400,"1983-04-25 21:00:00",439,442.5,438.5,442.3,0
420238800,"1983-04-26 21:00:00",440.5,440.7,432.5,435,0
420325200,"1983-04-27 21:00:00",435,435.8,429.5,434.2,0
420411600,"1983-04-28 21:00:00",432,434.5,428.2,433.5,0
420670800,"1983-05-01 21:00:00",430.7,433.4,430.7,432.3,0
420757200,"1983-05-02 21:00:00",434,437.5,434,436.4,0
420843600,"1983-05-03 21:00:00",436.5,438,434.1,437.7,0
420930000,"1983-05-04 21:00:00",437,437.7,433.5,434.8,0
421016400,"1983-05-05 21:00:00",434,440.8,433.2,439.5,0
421275600,"1983-05-08 21:00:00",437.5,444.8,435,443.8,0
421362000,"1983-05-09 21:00:00",442.5,452.5,442,445.3,0
421448400,"1983-05-10 21:00:00",445.5,447.1,442.5,445.7,0
421534800,"1983-05-11 21:00:00",441,443,439,440.4,0
421621200,"1983-05-12 21:00:00",441,444.3,440.8,442.8,0
421880400,"1983-05-15 21:00:00",440.5,441.7,436.8,440.2,0
421966800,"1983-05-16 21:00:00",439,446.5,438.5,444.3,0
422053200,"1983-05-17 21:00:00",443,446.8,441,441.2,0
422139600,"1983-05-18 21:00:00",442.5,445.8,436,439.3,0
422226000,"1983-05-19 21:00:00",440.5,441.7,436.8,438,0
422485200,"1983-05-22 21:00:00",434,441,432.5,439,0
422571600,"1983-05-23 21:00:00",438.5,440,436,437.5,0
422658000,"1983-05-24 21:00:00",439.5,443.5,439,440.1,0
422744400,"1983-05-25 21:00:00",440,441.5,437,437.3,0
422830800,"1983-05-26 21:00:00",437,438.2,434.5,435.9,0
423176400,"1983-05-30 21:00:00",445.5,446.1,417.8,418.5,0
423262800,"1983-05-31 21:00:00",420,422,408,411.5,0
423349200,"1983-06-01 21:00:00",418,420.8,415.2,417.8,0
423435600,"1983-06-02 21:00:00",418.5,419.2,415.7,418,0
423694800,"1983-06-05 21:00:00",412.5,413.8,401,407.5,0
423781200,"1983-06-06 21:00:00",403,411.5,402.5,409.9,0
423867600,"1983-06-07 21:00:00",407.9,409.5,406.5,408,0
423954000,"1983-06-08 21:00:00",413,421,411.8,418,0
424040400,"1983-06-09 21:00:00",418,418.5,409,412.4,0
424299600,"1983-06-12 21:00:00",418,420,414.5,418.5,0
424386000,"1983-06-13 21:00:00",414.8,418,411.8,416.2,0
424472400,"1983-06-14 21:00:00",411,415.8,411,413.9,0
424558800,"1983-06-15 21:00:00",417.5,423.5,416.8,419.7,0
424645200,"1983-06-16 21:00:00",421.5,421.8,415,417.8,0
424904400,"1983-06-19 21:00:00",416,425,416,420.3,0
424990800,"1983-06-20 21:00:00",417,423.7,417,422.8,0
425077200,"1983-06-21 21:00:00",421,427,421,424.2,0
425163600,"1983-06-22 21:00:00",423,425.5,422.2,425.3,0
425250000,"1983-06-23 21:00:00",427,428.3,425,426.8,0
425509200,"1983-06-26 21:00:00",426,426,416,419,0
425595600,"1983-06-27 21:00:00",419.5,421.3,414.5,417.5,0
425682000,"1983-06-28 21:00:00",418.8,421.5,417.3,419.3,0
425768400,"1983-06-29 21:00:00",420,420.2,415.8,418.5,0
425854800,"1983-06-30 21:00:00",419.5,421.5,418.6,421.2,0
426200400,"1983-07-04 21:00:00",412,416.3,411.5,416,0
426286800,"1983-07-05 21:00:00",415.5,416,412.5,415.5,0
426373200,"1983-07-06 21:00:00",434,437,409.5,432.8,0
426459600,"1983-07-07 21:00:00",429,434.5,427.7,430.3,0
426718800,"1983-07-10 21:00:00",429.3,439,429.3,432.7,0
426805200,"1983-07-11 21:00:00",432.5,433,429,430,0
426891600,"1983-07-12 21:00:00",428.5,430.8,426,426.5,0
426978000,"1983-07-13 21:00:00",428,429.4,421,422.3,0
427064400,"1983-07-14 21:00:00",423.5,433,421,421.7,0
427323600,"1983-07-17 21:00:00",424,426.7,422.4,426.3,0
427410000,"1983-07-18 21:00:00",425.7,426.5,423.8,424.8,0
427496400,"1983-07-19 21:00:00",430,432,429,430.2,0
427582800,"1983-07-20 21:00:00",431.5,432,421,423.8,0
427669200,"1983-07-21 21:00:00",424,428,424,425.7,0
427928400,"1983-07-24 21:00:00",420.5,429.8,419.5,428.3,0
428014800,"1983-07-25 21:00:00",427.5,428.3,425.6,426.7,0
428101200,"1983-07-26 21:00:00",426,429.5,424,425,0
428187600,"1983-07-27 21:00:00",425.9,426.5,423.5,425.1,0
428274000,"1983-07-28 21:00:00",421,422.6,410,412.8,0
428533200,"1983-07-31 21:00:00",427,429,420.5,426.5,0
428619600,"1983-08-01 21:00:00",427.5,429.2,425.5,428,0
428706000,"1983-08-02 21:00:00",426,430.5,424.3,429.2,0
428792400,"1983-08-03 21:00:00",428.5,429,423.5,424.4,0
428878800,"1983-08-04 21:00:00",421.5,427.5,420.8,426.8,0
429138000,"1983-08-07 21:00:00",424,426.3,418.5,425.3,0
429224400,"1983-08-08 21:00:00",425.9,427.5,421.8,423,0
429310800,"1983-08-09 21:00:00",421,431,420.1,424.9,0
429397200,"1983-08-10 21:00:00",424.5,426,422.8,423.6,0
429483600,"1983-08-11 21:00:00",426,428,425.1,426.2,0
429742800,"1983-08-14 21:00:00",429.5,433.5,428.3,432.8,0
429829200,"1983-08-15 21:00:00",433.5,436.3,431.5,432.2,0
429915600,"1983-08-16 21:00:00",435,436.5,432.2,434,0
430002000,"1983-08-17 21:00:00",431.5,435,431,432.7,0
430088400,"1983-08-18 21:00:00",431.5,432,428.6,430.3,0
430347600,"1983-08-21 21:00:00",433.5,438,433.5,437.6,0
430434000,"1983-08-22 21:00:00",438.5,441,436.4,436.8,0
430520400,"1983-08-23 21:00:00",436,437.5,433,433.4,0
430606800,"1983-08-24 21:00:00",434.7,435.9,427,428.7,0
430693200,"1983-08-25 21:00:00",430,431.4,427.2,430.8,0
430952400,"1983-08-28 21:00:00",427.5,430.2,425.5,428.5,0
431038800,"1983-08-29 21:00:00",429,430.2,428,428.5,0
431125200,"1983-08-30 21:00:00",424,428,423.2,424.8,0
431211600,"1983-08-31 21:00:00",426.3,427.5,425.5,425.8,0
431298000,"1983-09-01 21:00:00",428.5,429,425.3,427,0
431643600,"1983-09-05 21:00:00",428.6,429,421,422.3,0
431730000,"1983-09-06 21:00:00",422,425.2,421.8,423.9,0
431816400,"1983-09-07 21:00:00",424.3,424.5,422.5,424.3,0
431902800,"1983-09-08 21:00:00",425.3,425.3,422.8,422.9,0
432162000,"1983-09-11 21:00:00",426,426.5,410,414,0
432248400,"1983-09-12 21:00:00",413.5,416.5,412.8,415.7,0
432334800,"1983-09-13 21:00:00",414.8,418,407,416.5,0
432421200,"1983-09-14 21:00:00",412.5,415.5,411.8,413.2,0
432507600,"1983-09-15 21:00:00",414,419,413.5,418.7,0
432766800,"1983-09-18 21:00:00",418.5,422.4,417,421.5,0
432853200,"1983-09-19 21:00:00",420,421.3,418.6,419.2,0
432939600,"1983-09-20 21:00:00",420,420.5,417.6,419.1,0
433026000,"1983-09-21 21:00:00",417.5,424,414,419.5,0
433112400,"1983-09-22 21:00:00",420.5,426,418,423.6,0
433371600,"1983-09-25 21:00:00",424,424.3,420.7,421.9,0
433458000,"1983-09-26 21:00:00",421,421.9,418.5,420.2,0
433544400,"1983-09-27 21:00:00",420.8,421.7,416,417.6,0
433630800,"1983-09-28 21:00:00",413,416.5,407,411.5,0
433717200,"1983-09-29 21:00:00",411,413.5,401,407.8,0
433976400,"1983-10-02 21:00:00",396,398.5,391,396.4,0
434062800,"1983-10-03 21:00:00",399,401.4,396,398.8,0
434149200,"1983-10-04 21:00:00",392.5,403.4,391,402.3,0
434235600,"1983-10-05 21:00:00",401.7,402.8,398.3,400.5,0
434322000,"1983-10-06 21:00:00",402,406.5,401.5,405.3,0
434581200,"1983-10-09 21:00:00",407,408.8,403.8,408.4,0
434667600,"1983-10-10 21:00:00",406.3,406.5,401.5,403,0
434754000,"1983-10-11 21:00:00",398.5,404.3,397.7,401.8,0
434840400,"1983-10-12 21:00:00",403.5,404,401.2,403.7,0
434926800,"1983-10-13 21:00:00",405,405.5,402.5,403.7,0
435186000,"1983-10-16 21:00:00",404.3,404.5,395,401.6,0
435272400,"1983-10-17 21:00:00",400.5,403.2,399.7,400.3,0
435358800,"1983-10-18 21:00:00",397,399.5,392.5,394.8,0
435445200,"1983-10-19 21:00:00",394.5,398.5,392,397.5,0
435531600,"1983-10-20 21:00:00",397,398.4,396.3,396.8,0
435790800,"1983-10-23 21:00:00",399.5,402.5,397.3,401.8,0
435877200,"1983-10-24 21:00:00",400.3,403,399.3,400.8,0
435963600,"1983-10-25 21:00:00",398,398.2,388,389.3,0
436050000,"1983-10-26 21:00:00",385,389.9,383.8,389,0
436136400,"1983-10-27 21:00:00",390.5,392.3,388.3,389.8,0
436399200,"1983-10-30 22:00:00",384,386.3,378,378.8,0
436485600,"1983-10-31 22:00:00",377.8,382.5,377.2,380.8,0
436572000,"1983-11-01 22:00:00",385,386.7,382.5,385.5,0
436658400,"1983-11-02 22:00:00",381.7,386,377.8,385,0
436744800,"1983-11-03 22:00:00",385.5,387.7,381.2,382.3,0
437004000,"1983-11-06 22:00:00",380,384.5,379,383.4,0
437090400,"1983-11-07 22:00:00",384.3,385,382.6,383,0
437176800,"1983-11-08 22:00:00",384,386,382.8,383.5,0
437263200,"1983-11-09 22:00:00",384,384.7,382.2,383.4,0
437349600,"1983-11-10 22:00:00",383.5,385.9,382.7,385.7,0
437608800,"1983-11-13 22:00:00",384.5,385.8,382.7,384.1,0
437695200,"1983-11-14 22:00:00",384.5,385.4,383.6,384.2,0
437781600,"1983-11-15 22:00:00",384,385.2,375,376.3,0
437868000,"1983-11-16 22:00:00",377.5,379.5,373,378.2,0
437954400,"1983-11-17 22:00:00",377.4,377.4,375.2,376.3,0
438213600,"1983-11-20 22:00:00",374.5,377,373.8,376.7,0
438300000,"1983-11-21 22:00:00",377,378.1,375.9,376.2,0
438386400,"1983-11-22 22:00:00",376.2,376.7,375.5,375.7,0
438559200,"1983-11-24 22:00:00",376.2,377.4,375.7,377.2,0
438818400,"1983-11-27 22:00:00",383,401,382.5,395.2,0
438904800,"1983-11-28 22:00:00",399,404.8,397.8,403.8,0
438991200,"1983-11-29 22:00:00",413,414,407,409,0
439077600,"1983-11-30 22:00:00",405,407.5,403,406.9,0
439164000,"1983-12-01 22:00:00",409,409,403.5,404.1,0
439423200,"1983-12-04 22:00:00",406,406.5,401,404.5,0
439509600,"1983-12-05 22:00:00",403.5,404.8,402.6,404.4,0
439596000,"1983-12-06 22:00:00",405.2,410,404.2,408.8,0
439682400,"1983-12-07 22:00:00",407.3,408.2,392,394,0
439768800,"1983-12-08 22:00:00",394,396.2,391,393.4,0
440028000,"1983-12-11 22:00:00",395.6,397.5,394.7,395.5,0
440114400,"1983-12-12 22:00:00",395,395.7,393.2,395.3,0
440200800,"1983-12-13 22:00:00",392,395.2,392,393.4,0
440287200,"1983-12-14 22:00:00",393.2,394.7,383,385.1,0
440373600,"1983-12-15 22:00:00",382.4,386,376.5,377,0
440632800,"1983-12-18 22:00:00",380.1,381.5,375.5,377.3,0
440719200,"1983-12-19 22:00:00",380,384,379.5,383.4,0
440805600,"1983-12-20 22:00:00",382.5,383.3,380.6,381.7,0
440892000,"1983-12-21 22:00:00",383,386,380.6,385.7,0
440978400,"1983-12-22 22:00:00",383.5,384.2,380.6,383.6,0
441324000,"1983-12-26 22:00:00",384.5,385.3,378.5,382.9,0
441410400,"1983-12-27 22:00:00",382.2,383,380.7,381.6,0
441496800,"1983-12-28 22:00:00",382.5,386.5,382.4,385.5,0
441583200,"1983-12-29 22:00:00",384.2,388.5,383.8,388,0
441928800,"1984-01-02 22:00:00",385.5,386.4,378.5,381.7,0
442015200,"1984-01-03 22:00:00",374,380,373,379.7,0
442101600,"1984-01-04 22:00:00",377,380.4,376.7,377.7,0
442188000,"1984-01-05 22:00:00",377,378,369.1,370,0
442447200,"1984-01-08 22:00:00",366.5,369.2,364.5,367.7,0
442533600,"1984-01-09 22:00:00",373.5,373.9,369.4,370.2,0
442620000,"1984-01-10 22:00:00",370,373,368.3,372.9,0
442706400,"1984-01-11 22:00:00",370,374.5,369,371.8,0
442792800,"1984-01-12 22:00:00",375,376.5,370,372.5,0
443052000,"1984-01-15 22:00:00",370.5,371.7,367,371.3,0
443138400,"1984-01-16 22:00:00",369.5,371.3,368,370.8,0
443224800,"1984-01-17 22:00:00",370,371,368,370.2,0
443311200,"1984-01-18 22:00:00",374,378,373.5,375.3,0
443397600,"1984-01-19 22:00:00",372,373,370.5,372.4,0
443656800,"1984-01-22 22:00:00",372,372.8,365.2,366.3,0
443743200,"1984-01-23 22:00:00",365.3,367.5,363.5,366.8,0
443829600,"1984-01-24 22:00:00",367,367.9,366.2,367.5,0
443916000,"1984-01-25 22:00:00",367.7,368.2,362.5,366.3,0
444002400,"1984-01-26 22:00:00",366.5,372.5,365.6,369.5,0
444261600,"1984-01-29 22:00:00",376,376.4,374.3,375.8,0
444348000,"1984-01-30 22:00:00",377.5,381,377.4,379.2,0
444434400,"1984-01-31 22:00:00",384,385.3,382.6,384.9,0
444520800,"1984-02-01 22:00:00",387.5,392.3,387.5,391.8,0
444607200,"1984-02-02 22:00:00",391,393,388.2,391.5,0
444866400,"1984-02-05 22:00:00",385.5,387.7,384.7,387,0
444952800,"1984-02-06 22:00:00",384,388.2,384,386.2,0
445039200,"1984-02-07 22:00:00",391.9,395,387,387.3,0
445125600,"1984-02-08 22:00:00",389,389.5,380,383.6,0
445212000,"1984-02-09 22:00:00",383.5,384.4,380.8,382.5,0
445471200,"1984-02-12 22:00:00",381,382.5,380.5,381.8,0
445557600,"1984-02-13 22:00:00",379.5,392,379.1,387.8,0
445644000,"1984-02-14 22:00:00",387.5,390.7,385.5,385.7,0
445730400,"1984-02-15 22:00:00",389,389,386.2,387.4,0
445816800,"1984-02-16 22:00:00",386.5,390.5,386.1,388.7,0
446162400,"1984-02-20 22:00:00",393,394.5,388,392.4,0
446248800,"1984-02-21 22:00:00",400.5,403.7,398.6,403.5,0
446335200,"1984-02-22 22:00:00",404.3,404.5,399.5,402.8,0
446421600,"1984-02-23 22:00:00",400,401.9,398.3,399.5,0
446680800,"1984-02-26 22:00:00",397.5,406,396.6,405,0
446767200,"1984-02-27 22:00:00",403.4,403.5,397,398.3,0
446853600,"1984-02-28 22:00:00",400,401,396,398.9,0
446940000,"1984-02-29 22:00:00",398.2,398.4,394,397.8,0
447026400,"1984-03-01 22:00:00",400,404,399.5,403.7,0
447285600,"1984-03-04 22:00:00",410,410.5,407.1,407.3,0
447372000,"1984-03-05 22:00:00",405.5,408,405,407,0
447458400,"1984-03-06 22:00:00",404.6,405.1,399.5,401.2,0
447544800,"1984-03-07 22:00:00",398,406.5,398,405.3,0
447631200,"1984-03-08 22:00:00",403,405,401.5,402.8,0
447890400,"1984-03-11 22:00:00",398.8,401.2,397.5,398.3,0
447976800,"1984-03-12 22:00:00",400.4,401.8,398.2,400.4,0
448063200,"1984-03-13 22:00:00",402.5,402.9,395,395.8,0
448149600,"1984-03-14 22:00:00",395.5,397.3,393,394.7,0
448236000,"1984-03-15 22:00:00",393.5,396.4,393,395.3,0
448495200,"1984-03-18 22:00:00",394.5,396.5,393.3,395.5,0
448581600,"1984-03-19 22:00:00",394.5,396.5,393.4,395.3,0
448668000,"1984-03-20 22:00:00",393,394.8,391.7,394,0
448754400,"1984-03-21 22:00:00",392.8,393.1,387.5,387.8,0
448840800,"1984-03-22 22:00:00",389,389.5,385.5,386.8,0
449100000,"1984-03-25 22:00:00",388.5,389,387,388.5,0
449186400,"1984-03-26 22:00:00",388.8,389.7,387,387.3,0
449272800,"1984-03-27 22:00:00",386,391,386,390.3,0
449359200,"1984-03-28 22:00:00",390.5,390.8,388.5,389.8,0
449445600,"1984-03-29 22:00:00",396,396.2,393.5,394.3,0
449704800,"1984-04-01 22:00:00",394.5,394.6,385.2,385.7,0
449791200,"1984-04-02 22:00:00",386.8,388.1,384,387.5,0
449877600,"1984-04-03 22:00:00",386.5,388.8,386.5,388.2,0
449964000,"1984-04-04 22:00:00",387.8,388,382.8,385.4,0
450050400,"1984-04-05 22:00:00",385.4,387.7,385.4,387.1,0
450309600,"1984-04-08 22:00:00",388.5,389.4,386.9,388,0
450396000,"1984-04-09 22:00:00",387.3,389.8,386.7,387.9,0
450482400,"1984-04-10 22:00:00",389.3,390.7,387.4,388.7,0
450568800,"1984-04-11 22:00:00",388,388.3,382.5,384.7,0
450655200,"1984-04-12 22:00:00",384.8,387.2,383.8,387,0
450914400,"1984-04-15 22:00:00",385,385.8,384.1,384.5,0
451000800,"1984-04-16 22:00:00",385,386,384.8,385.6,0
451087200,"1984-04-17 22:00:00",384.8,395,381.6,392,0
451173600,"1984-04-18 22:00:00",389.9,390.3,386.3,388.8,0
451519200,"1984-04-22 22:00:00",389.8,392.8,389.8,390.6,0
451605600,"1984-04-23 22:00:00",388.6,388.9,385,386.1,0
451692000,"1984-04-24 22:00:00",386.8,387.2,384.3,385.9,0
451778400,"1984-04-25 22:00:00",383.5,384,378.5,381.2,0
451864800,"1984-04-26 22:00:00",382,383,380.5,381.5,0
452120400,"1984-04-29 21:00:00",379.5,379.9,377.8,379.6,0
452206800,"1984-04-30 21:00:00",379.8,381.5,379.5,380.3,0
452293200,"1984-05-01 21:00:00",380.3,382.5,379.7,381.3,0
452379600,"1984-05-02 21:00:00",380.2,383.7,380.2,381.3,0
452466000,"1984-05-03 21:00:00",381,382.2,377.5,378.5,0
452725200,"1984-05-06 21:00:00",376.8,377.6,373.5,374.5,0
452811600,"1984-05-07 21:00:00",374.5,376.6,372.7,375.9,0
452898000,"1984-05-08 21:00:00",374.5,376,372.6,373.3,0
452984400,"1984-05-09 21:00:00",374.3,376.5,373.5,375,0
453070800,"1984-05-10 21:00:00",375.5,375.9,370,373.3,0
453330000,"1984-05-13 21:00:00",375.7,376,374.3,375.5,0
453416400,"1984-05-14 21:00:00",375.1,376.9,374,376.4,0
453502800,"1984-05-15 21:00:00",377.8,378.8,376.6,378.1,0
453589200,"1984-05-16 21:00:00",377.6,380,375.5,376.4,0
453675600,"1984-05-17 21:00:00",376.3,380,376.3,379.6,0
453934800,"1984-05-20 21:00:00",381.3,382.8,380,380.2,0
454021200,"1984-05-21 21:00:00",380.5,381.2,378.2,380.4,0
454107600,"1984-05-22 21:00:00",380,380.4,377,377.2,0
454194000,"1984-05-23 21:00:00",376.5,380.5,375.5,379,0
454280400,"1984-05-24 21:00:00",385.5,390.5,384.1,390,0
454626000,"1984-05-28 21:00:00",385.5,387,384.5,385.2,0
454712400,"1984-05-29 21:00:00",393.5,394.5,390.5,391.6,0
454798800,"1984-05-30 21:00:00",390.5,395.5,390.3,393.6,0
454885200,"1984-05-31 21:00:00",399.3,405.3,396,397,0
455144400,"1984-06-03 21:00:00",400,402.8,396.5,402.2,0
455230800,"1984-06-04 21:00:00",402,403.2,399,401.1,0
455317200,"1984-06-05 21:00:00",398,400,396.8,398.9,0
455403600,"1984-06-06 21:00:00",398,399.2,396,396.4,0
455490000,"1984-06-07 21:00:00",393.5,393.7,389,389.5,0
455749200,"1984-06-10 21:00:00",389,389.5,377.5,378.9,0
455835600,"1984-06-11 21:00:00",380.3,380.8,375.3,379.5,0
455922000,"1984-06-12 21:00:00",380.3,381,377.5,379.2,0
456008400,"1984-06-13 21:00:00",381.3,381.8,379.5,379.9,0
456094800,"1984-06-14 21:00:00",377,377.3,371.5,375.3,0
456354000,"1984-06-17 21:00:00",372.6,375.9,371.7,375.7,0
456440400,"1984-06-18 21:00:00",375.2,377.9,374.7,375.8,0
456526800,"1984-06-19 21:00:00",375.2,376.7,373.4,376.6,0
456613200,"1984-06-20 21:00:00",375,380,374.8,377.6,0
456699600,"1984-06-21 21:00:00",381,381.4,376,376.6,0
456958800,"1984-06-24 21:00:00",374,374,370,372.5,0
457045200,"1984-06-25 21:00:00",374.5,374.6,373.2,374.5,0
457131600,"1984-06-26 21:00:00",372.5,375.2,372.5,373.7,0
457218000,"1984-06-27 21:00:00",375.1,377.9,374.6,376.9,0
457304400,"1984-06-28 21:00:00",377.3,378.1,375.4,376.1,0
457563600,"1984-07-01 21:00:00",373,374.3,372,373.6,0
457650000,"1984-07-02 21:00:00",371.5,372.5,370.6,372.4,0
457822800,"1984-07-04 21:00:00",366,367.5,360.5,362,0
457909200,"1984-07-05 21:00:00",356.3,356.6,339,347.2,0
458168400,"1984-07-08 21:00:00",336.5,350.8,336,349.8,0
458254800,"1984-07-09 21:00:00",348,351,343.5,345.3,0
458341200,"1984-07-10 21:00:00",340,346.5,338.2,343.3,0
458427600,"1984-07-11 21:00:00",342,344.5,339,339.5,0
458514000,"1984-07-12 21:00:00",342.5,349,342.5,345.8,0
458773200,"1984-07-15 21:00:00",353,353.5,347.5,349.8,0
458859600,"1984-07-16 21:00:00",348.5,349,346.1,347.3,0
458946000,"1984-07-17 21:00:00",347.5,350.5,345.5,350.3,0
459032400,"1984-07-18 21:00:00",352,353.5,347.3,348.3,0
459118800,"1984-07-19 21:00:00",344.5,345.8,338,340,0
459378000,"1984-07-22 21:00:00",334,338.3,333,337.8,0
459464400,"1984-07-23 21:00:00",338.5,340.4,337,337.8,0
459550800,"1984-07-24 21:00:00",341.5,344.5,340.7,343.7,0
459637200,"1984-07-25 21:00:00",344.2,345,333.2,333.8,0
459723600,"1984-07-26 21:00:00",335,343,332,342,0
459982800,"1984-07-29 21:00:00",350.5,355.5,350,355.1,0
460069200,"1984-07-30 21:00:00",355.3,356.3,348,350.3,0
460155600,"1984-07-31 21:00:00",350.5,359,349,358,0
460242000,"1984-08-01 21:00:00",357.3,361.5,354.1,357.1,0
460328400,"1984-08-02 21:00:00",364,365.5,359.9,363,0
460587600,"1984-08-05 21:00:00",365.5,365.5,359.4,361.5,0
460674000,"1984-08-06 21:00:00",355,357.3,353.1,356.3,0
460760400,"1984-08-07 21:00:00",358,358.9,355.7,356.7,0
460846800,"1984-08-08 21:00:00",356.3,361.9,355.6,361.3,0
460933200,"1984-08-09 21:00:00",362,362.3,354.5,354.8,0
461192400,"1984-08-12 21:00:00",354.5,366,353.8,362.7,0
461278800,"1984-08-13 21:00:00",364,369,362.5,366.8,0
461365200,"1984-08-14 21:00:00",364.8,368,361,365.7,0
461451600,"1984-08-15 21:00:00",362.5,365.3,361.7,362.2,0
461538000,"1984-08-16 21:00:00",362.5,364.7,361.5,362.3,0
461797200,"1984-08-19 21:00:00",360.1,361.2,354,354.8,0
461883600,"1984-08-20 21:00:00",355.5,358,353.5,357.1,0
461970000,"1984-08-21 21:00:00",356.9,368,355.7,365,0
462056400,"1984-08-22 21:00:00",363.5,365.8,358.5,360.4,0
462142800,"1984-08-23 21:00:00",360.8,363.1,359.5,362.3,0
462402000,"1984-08-26 21:00:00",361.1,361.3,357,358.9,0
462488400,"1984-08-27 21:00:00",359,361.8,357.7,358.7,0
462574800,"1984-08-28 21:00:00",361,361.6,359.5,360,0
462661200,"1984-08-29 21:00:00",358.5,358.9,356.7,358.2,0
462747600,"1984-08-30 21:00:00",357.5,358.8,357,358,0
463093200,"1984-09-03 21:00:00",350,351.3,346.5,347.3,0
463179600,"1984-09-04 21:00:00",347.5,349.8,346.8,348.8,0
463266000,"1984-09-05 21:00:00",348.3,354.5,348.3,352.7,0
463352400,"1984-09-06 21:00:00",343.3,349.1,343.3,344.3,0
463611600,"1984-09-09 21:00:00",346.5,349.7,345.6,347.2,0
463698000,"1984-09-10 21:00:00",348.2,350.8,346.8,347.7,0
463784400,"1984-09-11 21:00:00",348.2,348.6,346,346.8,0
463870800,"1984-09-12 21:00:00",345.3,347.4,344.2,346.2,0
463957200,"1984-09-13 21:00:00",350.8,350.8,347,348.1,0
464216400,"1984-09-16 21:00:00",345,345.3,341.6,343.5,0
464302800,"1984-09-17 21:00:00",343,349.8,342.5,348.3,0
464389200,"1984-09-18 21:00:00",348.5,349,346.7,348,0
464475600,"1984-09-19 21:00:00",346.5,354.5,344.6,349.3,0
464562000,"1984-09-20 21:00:00",348,356.5,348,354.3,0
464821200,"1984-09-23 21:00:00",355,355,351.8,352.3,0
464907600,"1984-09-24 21:00:00",351.2,353.3,351.2,352.4,0
464994000,"1984-09-25 21:00:00",353.3,356.1,348.5,348.7,0
465080400,"1984-09-26 21:00:00",350,352.7,348.6,350.3,0
465166800,"1984-09-27 21:00:00",349.5,351.5,348.3,351.3,0
465426000,"1984-09-30 21:00:00",352,352.5,349.8,350.9,0
465512400,"1984-10-01 21:00:00",351.8,354.3,351,353.4,0
465598800,"1984-10-02 21:00:00",354.3,355.8,350.5,351.9,0
465685200,"1984-10-03 21:00:00",352.5,353.1,351.6,352.8,0
465771600,"1984-10-04 21:00:00",351,351.2,346.3,347,0
466030800,"1984-10-07 21:00:00",348,348.3,346.4,347.8,0
466117200,"1984-10-08 21:00:00",346,346.5,340.8,342,0
466203600,"1984-10-09 21:00:00",343,344.2,342,343.6,0
466290000,"1984-10-10 21:00:00",342.8,344.4,338,341.3,0
466376400,"1984-10-11 21:00:00",342.4,347,342,346.3,0
466635600,"1984-10-14 21:00:00",342.5,345.8,342.3,345.2,0
466722000,"1984-10-15 21:00:00",344.2,344.8,342.4,343.2,0
466808400,"1984-10-16 21:00:00",345.8,345.8,339,340.7,0
466894800,"1984-10-17 21:00:00",341,345,340.5,344.3,0
466981200,"1984-10-18 21:00:00",343.8,345.3,341.2,342.4,0
467240400,"1984-10-21 21:00:00",341.6,343.1,341.1,342,0
467326800,"1984-10-22 21:00:00",343.8,344.2,342.5,343.4,0
467413200,"1984-10-23 21:00:00",344.3,344.5,342.7,342.9,0
467499600,"1984-10-24 21:00:00",341.7,345,339.5,340.4,0
467586000,"1984-10-25 21:00:00",340.8,342.5,340,340.3,0
467848800,"1984-10-28 22:00:00",337.5,339.3,337.5,338,0
467935200,"1984-10-29 22:00:00",338.4,339,336.3,336.5,0
468021600,"1984-10-30 22:00:00",336.8,337,333.5,336,0
468108000,"1984-10-31 22:00:00",335.7,339.5,335.7,338,0
468194400,"1984-11-01 22:00:00",341.7,347,341.5,345.4,0
468453600,"1984-11-04 22:00:00",345.8,350.5,344.5,349.8,0
468540000,"1984-11-05 22:00:00",347.5,349.4,346.6,347.2,0
468626400,"1984-11-06 22:00:00",351.5,353.5,347.3,352.5,0
468712800,"1984-11-07 22:00:00",349,350.5,348.3,349.7,0
468799200,"1984-11-08 22:00:00",347.8,349.4,347.2,347.5,0
469058400,"1984-11-11 22:00:00",347.8,349.5,347.5,349.2,0
469144800,"1984-11-12 22:00:00",351.2,353,346.2,347.7,0
469231200,"1984-11-13 22:00:00",348.3,348.4,346.4,347.8,0
469317600,"1984-11-14 22:00:00",345,346.4,344.7,345.8,0
469404000,"1984-11-15 22:00:00",346.1,346.6,344,345,0
469663200,"1984-11-18 22:00:00",344.3,344.7,342.6,343.3,0
469749600,"1984-11-19 22:00:00",343.8,344.4,342.8,343.8,0
469836000,"1984-11-20 22:00:00",342.8,343.6,340.8,342.9,0
470008800,"1984-11-22 22:00:00",342.8,342.8,340.2,340.5,0
470268000,"1984-11-25 22:00:00",339.3,339.3,331,331.5,0
470354400,"1984-11-26 22:00:00",333,334.4,325,327.4,0
470440800,"1984-11-27 22:00:00",328.2,333.5,327.5,330.8,0
470527200,"1984-11-28 22:00:00",335.8,336.8,334.7,335.4,0
470613600,"1984-11-29 22:00:00",333.2,334.3,331.8,333.5,0
470872800,"1984-12-02 22:00:00",332.5,336.6,332.2,336.1,0
470959200,"1984-12-03 22:00:00",335.8,337,334,334.1,0
471045600,"1984-12-04 22:00:00",334.8,335.5,333.2,334.3,0
471132000,"1984-12-05 22:00:00",335.4,335.8,333.7,334.7,0
471218400,"1984-12-06 22:00:00",333.5,333.5,328,330.8,0
471477600,"1984-12-09 22:00:00",330.7,331.2,328.8,329.4,0
471564000,"1984-12-10 22:00:00",330.5,331.5,327.5,329.3,0
471650400,"1984-12-11 22:00:00",328.7,333.5,327,329.5,0
471736800,"1984-12-12 22:00:00",328.9,329.2,327,327.8,0
471823200,"1984-12-13 22:00:00",324,328.2,324,325.4,0
472082400,"1984-12-16 22:00:00",320.3,320.7,316.3,316.9,0
472168800,"1984-12-17 22:00:00",311,314.2,309.5,311.5,0
472255200,"1984-12-18 22:00:00",312.2,313.4,310,311.1,0
472341600,"1984-12-19 22:00:00",307.2,311.5,306.6,309.6,0
472428000,"1984-12-20 22:00:00",313,315,310.6,313.2,0
472860000,"1984-12-25 22:00:00",313.8,315.6,313.5,314.2,0
472946400,"1984-12-26 22:00:00",310.5,312,307.3,309.2,0
473032800,"1984-12-27 22:00:00",310.9,311.5,309.3,310,0
473292000,"1984-12-30 22:00:00",309.5,310,309.2,309.7,0
473464800,"1985-01-01 22:00:00",307,307.5,303.8,304.2,0
473551200,"1985-01-02 22:00:00",302.5,305.2,302.5,303.2,0
473637600,"1985-01-03 22:00:00",304.2,305.7,299.3,299.7,0
473896800,"1985-01-06 22:00:00",300,304,296.7,303.7,0
473983200,"1985-01-07 22:00:00",300,305,297.5,298,0
474069600,"1985-01-08 22:00:00",300,307,298.5,305.5,0
474156000,"1985-01-09 22:00:00",304.5,307,303.5,304.3,0
474242400,"1985-01-10 22:00:00",300,307,300,300.3,0
474501600,"1985-01-13 22:00:00",300,305.3,298.3,303.9,0
474588000,"1985-01-14 22:00:00",303.5,304.2,301.4,302.3,0
474674400,"1985-01-15 22:00:00",303.5,304.8,302,304.5,0
474760800,"1985-01-16 22:00:00",306.3,309.5,305.2,308.5,0
474847200,"1985-01-17 22:00:00",308,309.3,306.6,307.2,0
475106400,"1985-01-20 22:00:00",307.8,308.8,307.1,308.4,0
475192800,"1985-01-21 22:00:00",307.9,308.4,303,303.9,0
475279200,"1985-01-22 22:00:00",300,302.4,299.5,301.7,0
475365600,"1985-01-23 22:00:00",300,302.6,299.5,299.7,0
475452000,"1985-01-24 22:00:00",300,301,297.8,300.4,0
475711200,"1985-01-27 22:00:00",300,303.5,296.7,302.9,0
475797600,"1985-01-28 22:00:00",302.7,304.3,300.5,301.8,0
475884000,"1985-01-29 22:00:00",305.3,308.5,305,307.9,0
475970400,"1985-01-30 22:00:00",309.4,311,306.5,307.4,0
476056800,"1985-01-31 22:00:00",306,308.1,305.5,306.5,0
476316000,"1985-02-03 22:00:00",304.3,306.2,303.8,305.4,0
476402400,"1985-02-04 22:00:00",305.1,305.9,304.2,305.5,0
476488800,"1985-02-05 22:00:00",306.8,307,304.8,305.3,0
476575200,"1985-02-06 22:00:00",305.4,305.4,301.5,302.7,0
476661600,"1985-02-07 22:00:00",303,303.7,301.3,303.4,0
476920800,"1985-02-10 22:00:00",302.4,308.3,301.8,307.5,0
477007200,"1985-02-11 22:00:00",305.5,306,304,304.7,0
477093600,"1985-02-12 22:00:00",304.5,307,304.5,305.7,0
477180000,"1985-02-13 22:00:00",306.7,307.7,305.5,305.9,0
477266400,"1985-02-14 22:00:00",307.5,308.5,306.5,306.9,0
477612000,"1985-02-18 22:00:00",304.7,306.9,304.3,306.4,0
477698400,"1985-02-19 22:00:00",305.7,306.1,304.6,306,0
477784800,"1985-02-20 22:00:00",303.5,303.5,299.5,301.1,0
477871200,"1985-02-21 22:00:00",299.8,303,296,296.5,0
478130400,"1985-02-24 22:00:00",287.5,288,282.6,284.1,0
478216800,"1985-02-25 22:00:00",285.5,291.3,285.3,290,0
478303200,"1985-02-26 22:00:00",293,294.3,289.3,289.8,0
478389600,"1985-02-27 22:00:00",291.5,291.5,288.6,288.7,0
478476000,"1985-02-28 22:00:00",288.7,292,288,291.6,0
478735200,"1985-03-03 22:00:00",289,292.5,288.9,291.9,0
478821600,"1985-03-04 22:00:00",289.2,289.6,287.3,287.9,0
478908000,"1985-03-05 22:00:00",287.8,295.5,287,292.9,0
478994400,"1985-03-06 22:00:00",291,291.4,289.8,291,0
479080800,"1985-03-07 22:00:00",291,293.3,288,288.5,0
479340000,"1985-03-10 22:00:00",291,292.4,289.1,290.1,0
479426400,"1985-03-11 22:00:00",288,292.5,287.5,292.3,0
479512800,"1985-03-12 22:00:00",291,297.4,290.7,291.9,0
479599200,"1985-03-13 22:00:00",290.8,293.2,290.6,291.8,0
479685600,"1985-03-14 22:00:00",291,296.3,291,295.2,0
479944800,"1985-03-17 22:00:00",295.6,304,295.6,303.8,0
480031200,"1985-03-18 22:00:00",312.5,328.8,312,328.8,0
480117600,"1985-03-19 22:00:00",328,335,320,324.3,0
480204000,"1985-03-20 22:00:00",317,324,314.5,317.5,0
480290400,"1985-03-21 22:00:00",318.5,319.4,314,316.8,0
480549600,"1985-03-24 22:00:00",316.5,317,314,316.4,0
480636000,"1985-03-25 22:00:00",316.5,327,316.5,324.4,0
480722400,"1985-03-26 22:00:00",331.5,334,326.5,327.8,0
480808800,"1985-03-27 22:00:00",328,328.2,324,326.8,0
480895200,"1985-03-28 22:00:00",329.5,333,328.2,329.6,0
481154400,"1985-03-31 22:00:00",324.5,326.2,322.5,322.7,0
481240800,"1985-04-01 22:00:00",321.5,327.3,321,326.2,0
481327200,"1985-04-02 22:00:00",325.7,326.2,319,320.7,0
481413600,"1985-04-03 22:00:00",321,327,319.1,324,0
481759200,"1985-04-07 22:00:00",322.5,329.5,319.7,329,0
481845600,"1985-04-08 22:00:00",327.2,330.5,325.5,327.9,0
481932000,"1985-04-09 22:00:00",328.5,333,328.4,330,0
482018400,"1985-04-10 22:00:00",336.6,337.5,333.3,336.4,0
482104800,"1985-04-11 22:00:00",334.5,335.2,330.5,331.6,0
482364000,"1985-04-14 22:00:00",336.6,338.6,332.8,333.2,0
482450400,"1985-04-15 22:00:00",334.5,334.5,328,330.8,0
482536800,"1985-04-16 22:00:00",330.4,331.8,327.5,327.9,0
482623200,"1985-04-17 22:00:00",332.5,333.6,327.5,330.8,0
482709600,"1985-04-18 22:00:00",330.2,331.5,329.2,331.3,0
482968800,"1985-04-21 22:00:00",330.9,332,329,330.1,0
483055200,"1985-04-22 22:00:00",330,330.3,323.5,325.6,0
483141600,"1985-04-23 22:00:00",325,326.5,323.3,325.3,0
483228000,"1985-04-24 22:00:00",324.5,326.7,324,326.2,0
483314400,"1985-04-25 22:00:00",325.5,326.5,323,325.2,0
483570000,"1985-04-28 21:00:00",325.8,327.9,324.3,327.2,0
483656400,"1985-04-29 21:00:00",326,326,315,316.5,0
483742800,"1985-04-30 21:00:00",317.3,317.3,312,315.3,0
483829200,"1985-05-01 21:00:00",314,316.8,313.2,316.3,0
483915600,"1985-05-02 21:00:00",314.4,315.7,312.9,313.3,0
484174800,"1985-05-05 21:00:00",311.5,312.8,309.7,310.5,0
484261200,"1985-05-06 21:00:00",314.6,317.5,313.5,316.5,0
484347600,"1985-05-07 21:00:00",315,315.7,313.5,314.2,0
484434000,"1985-05-08 21:00:00",317,317.5,313.7,314.3,0
484520400,"1985-05-09 21:00:00",314,318.5,313,317.5,0
484779600,"1985-05-12 21:00:00",319,328.5,318,326.3,0
484866000,"1985-05-13 21:00:00",324.5,329.8,324,325.8,0
484952400,"1985-05-14 21:00:00",324,325.2,322.8,323.9,0
485038800,"1985-05-15 21:00:00",320.5,321.8,319.7,321.5,0
485125200,"1985-05-16 21:00:00",322.5,323.8,320.5,321,0
485384400,"1985-05-19 21:00:00",324,324.8,312.8,314,0
485470800,"1985-05-20 21:00:00",316.8,318.9,314.3,317.9,0
485557200,"1985-05-21 21:00:00",319.1,319.1,315.8,316.1,0
485643600,"1985-05-22 21:00:00",316.7,317.5,315,316.1,0
485730000,"1985-05-23 21:00:00",315.2,315.8,313.8,314.8,0
486075600,"1985-05-27 21:00:00",314,314.5,308.6,310.3,0
486162000,"1985-05-28 21:00:00",311,318.5,310.7,315.5,0
486248400,"1985-05-29 21:00:00",317,319,315.5,316.6,0
486334800,"1985-05-30 21:00:00",316.1,323,316,319.5,0
486594000,"1985-06-02 21:00:00",320.1,322.4,316.5,320.3,0
486680400,"1985-06-03 21:00:00",319.3,319.9,317.6,319.1,0
486766800,"1985-06-04 21:00:00",318,318.9,316.6,318.4,0
486853200,"1985-06-05 21:00:00",318.3,319.7,317.5,318.9,0
486939600,"1985-06-06 21:00:00",318.2,319,315.8,317.7,0
487198800,"1985-06-09 21:00:00",314.5,317.5,312.5,317.2,0
487285200,"1985-06-10 21:00:00",316.3,318.7,316.1,316.9,0
487371600,"1985-06-11 21:00:00",317.2,318.2,316.5,316.7,0
487458000,"1985-06-12 21:00:00",317,317.6,316,317.4,0
487544400,"1985-06-13 21:00:00",322.5,324.5,319.8,322,0
487803600,"1985-06-16 21:00:00",321,323.2,320.8,321.8,0
487890000,"1985-06-17 21:00:00",325.8,331.3,325,330.5,0
487976400,"1985-06-18 21:00:00",329,329.4,324.5,324.8,0
488062800,"1985-06-19 21:00:00",322.5,322.6,314,316,0
488149200,"1985-06-20 21:00:00",315.5,318.5,314.6,316.6,0
488408400,"1985-06-23 21:00:00",316,318.9,315.8,317.9,0
488494800,"1985-06-24 21:00:00",317.1,320.2,315.3,318.3,0
488581200,"1985-06-25 21:00:00",318.5,320.2,317.2,317.8,0
488667600,"1985-06-26 21:00:00",318,320.1,316.7,319,0
488754000,"1985-06-27 21:00:00",319,320.8,317.4,317.7,0
489013200,"1985-06-30 21:00:00",317.1,317.3,310.5,310.8,0
489099600,"1985-07-01 21:00:00",311.8,312.5,308.3,311.4,0
489186000,"1985-07-02 21:00:00",311,312.5,310.8,311.4,0
489618000,"1985-07-07 21:00:00",312,317.8,310,316.6,0
489704400,"1985-07-08 21:00:00",317.8,318.5,314.3,314.5,0
489790800,"1985-07-09 21:00:00",316.5,317,315.2,316.2,0
489877200,"1985-07-10 21:00:00",314.6,316.2,313.7,315.1,0
489963600,"1985-07-11 21:00:00",315.7,320,314.3,319.2,0
490222800,"1985-07-14 21:00:00",318.2,318.7,315.2,318.4,0
490309200,"1985-07-15 21:00:00",317.8,323.5,317.4,321,0
490395600,"1985-07-16 21:00:00",325.8,328,322.6,324,0
490482000,"1985-07-17 21:00:00",324.3,324.8,318.5,318.8,0
490568400,"1985-07-18 21:00:00",319.5,320.7,317.3,318.8,0
490827600,"1985-07-21 21:00:00",318,322.7,317.3,322.3,0
490914000,"1985-07-22 21:00:00",323,324.2,318.1,318.3,0
491000400,"1985-07-23 21:00:00",318.8,319.4,317.5,319.3,0
491086800,"1985-07-24 21:00:00",319.7,320.4,316.4,319.6,0
491173200,"1985-07-25 21:00:00",317.5,322.3,316.6,322,0
491432400,"1985-07-28 21:00:00",322.5,331,322,324.2,0
491518800,"1985-07-29 21:00:00",332.2,334.5,330.8,332,0
491605200,"1985-07-30 21:00:00",336.8,337.5,332.8,335.2,0
491691600,"1985-07-31 21:00:00",332.5,332.5,326.5,328,0
491778000,"1985-08-01 21:00:00",328.8,330.2,328,329.7,0
492037200,"1985-08-04 21:00:00",330.7,333.5,328.5,330.6,0
492123600,"1985-08-05 21:00:00",328.5,329.4,327,328.6,0
492210000,"1985-08-06 21:00:00",329,330.4,328.9,330.2,0
492296400,"1985-08-07 21:00:00",331.2,331.3,327.5,329.6,0
492382800,"1985-08-08 21:00:00",330,337,329.1,336.3,0
492642000,"1985-08-11 21:00:00",335.5,336,333.5,334.7,0
492728400,"1985-08-12 21:00:00",336.8,337.5,333.8,334.3,0
492814800,"1985-08-13 21:00:00",333.5,336.4,332.8,334.2,0
492901200,"1985-08-14 21:00:00",338.5,342,337.3,340.4,0
492987600,"1985-08-15 21:00:00",343.2,348.3,342.5,345.6,0
493246800,"1985-08-18 21:00:00",348,350.2,344.2,345.8,0
493333200,"1985-08-19 21:00:00",342.5,343.5,340.7,343,0
493419600,"1985-08-20 21:00:00",341.8,347.4,341.7,346.2,0
493506000,"1985-08-21 21:00:00",346,346.4,337.5,340.9,0
493592400,"1985-08-22 21:00:00",341,344.2,339.8,342.7,0
493851600,"1985-08-25 21:00:00",342.5,345.2,342.1,342.9,0
493938000,"1985-08-26 21:00:00",342.9,344.5,341,344,0
494024400,"1985-08-27 21:00:00",348,348.9,346.3,347.3,0
494110800,"1985-08-28 21:00:00",344.7,345,340.5,341.6,0
494197200,"1985-08-29 21:00:00",341.9,342.3,338.5,339.8,0
494542800,"1985-09-02 21:00:00",335,335.8,330.5,331,0
494629200,"1985-09-03 21:00:00",333,333.1,330,331.1,0
494715600,"1985-09-04 21:00:00",331.8,332.2,325.7,326.3,0
494802000,"1985-09-05 21:00:00",322,327.2,321,326.6,0
495061200,"1985-09-08 21:00:00",324.3,327.1,323.7,325.2,0
495147600,"1985-09-09 21:00:00",326,328,325.9,327.6,0
495234000,"1985-09-10 21:00:00",327,327.2,324.6,326.7,0
495320400,"1985-09-11 21:00:00",323.5,327.5,323,326.3,0
495406800,"1985-09-12 21:00:00",327.6,328.5,323.3,324,0
495666000,"1985-09-15 21:00:00",324.5,325.8,323.3,324.5,0
495752400,"1985-09-16 21:00:00",323.5,324.1,320.6,321.5,0
495838800,"1985-09-17 21:00:00",321.2,321.5,318.2,319.8,0
495925200,"1985-09-18 21:00:00",321.3,325.3,320.7,324.6,0
496011600,"1985-09-19 21:00:00",326,326.4,322.4,323.8,0
496270800,"1985-09-22 21:00:00",334.5,336,330.3,333.7,0
496357200,"1985-09-23 21:00:00",333.7,335,331.9,334.8,0
496443600,"1985-09-24 21:00:00",333.7,336.5,332.5,334.3,0
496530000,"1985-09-25 21:00:00",334.5,334.5,331.3,332.2,0
496616400,"1985-09-26 21:00:00",332.5,333.5,332.4,332.9,0
496875600,"1985-09-29 21:00:00",330,330.4,325.6,327.1,0
496962000,"1985-09-30 21:00:00",326,327.7,324.9,327.1,0
497048400,"1985-10-01 21:00:00",327,329.7,326,328.3,0
497134800,"1985-10-02 21:00:00",329.5,335.7,328.1,333.9,0
497221200,"1985-10-03 21:00:00",334.3,334.5,330.3,332.2,0
497480400,"1985-10-06 21:00:00",331,331.3,329.3,330.5,0
497566800,"1985-10-07 21:00:00",330,330.9,328.5,328.6,0
497653200,"1985-10-08 21:00:00",330.5,331.7,328.4,329,0
497739600,"1985-10-09 21:00:00",329,329.4,327.7,329.1,0
497826000,"1985-10-10 21:00:00",329.3,331.2,328.9,330.7,0
498085200,"1985-10-13 21:00:00",330,330.4,329.2,329.8,0
498171600,"1985-10-14 21:00:00",330,331.4,328.8,329.1,0
498258000,"1985-10-15 21:00:00",327.8,328.4,325.5,326.8,0
498344400,"1985-10-16 21:00:00",328.2,329.8,328,328.4,0
498430800,"1985-10-17 21:00:00",329.5,330,328.6,329.7,0
498690000,"1985-10-20 21:00:00",329,329.6,327.7,329.4,0
498776400,"1985-10-21 21:00:00",329.4,331.7,325.5,330.1,0
498862800,"1985-10-22 21:00:00",330,330.3,328,329,0
498949200,"1985-10-23 21:00:00",328.5,329.2,327.8,328.2,0
499035600,"1985-10-24 21:00:00",328.2,329.8,327.5,329.4,0
499298400,"1985-10-27 22:00:00",328.9,329.3,328.5,328.9,0
499384800,"1985-10-28 22:00:00",329.5,329.7,327.9,329.3,0
499471200,"1985-10-29 22:00:00",328.9,329.4,327.6,327.8,0
499557600,"1985-10-30 22:00:00",328.2,328.4,325,326.7,0
499644000,"1985-10-31 22:00:00",325.7,330.3,324.5,328.1,0
499903200,"1985-11-03 22:00:00",327.2,327.5,326.6,327.1,0
499989600,"1985-11-04 22:00:00",326.4,327.4,326.1,326.2,0
500076000,"1985-11-05 22:00:00",326.5,326.8,325.3,325.5,0
500162400,"1985-11-06 22:00:00",325,325.2,322.1,323.1,0
500248800,"1985-11-07 22:00:00",323.3,325.8,322.9,325.6,0
500508000,"1985-11-10 22:00:00",324.4,324.9,323.9,324.5,0
500594400,"1985-11-11 22:00:00",324.8,326.4,324.1,325.8,0
500680800,"1985-11-12 22:00:00",325.8,328.3,325.5,326.2,0
500767200,"1985-11-13 22:00:00",326.5,327.3,325.3,325.8,0
500853600,"1985-11-14 22:00:00",325.8,326.7,323.8,324.7,0
501112800,"1985-11-17 22:00:00",324.8,325.3,324,324.7,0
501199200,"1985-11-18 22:00:00",325.2,325.7,324.1,324.7,0
501285600,"1985-11-19 22:00:00",325.8,327.5,325.7,326.8,0
501372000,"1985-11-20 22:00:00",327.1,327.5,326.1,327.4,0
501458400,"1985-11-21 22:00:00",326.5,329.5,326.1,327.4,0
501717600,"1985-11-24 22:00:00",330.2,333.4,329.8,332.7,0
501804000,"1985-11-25 22:00:00",331.7,332.5,330.9,331.2,0
501890400,"1985-11-26 22:00:00",330,330.2,325.3,325.7,0
502063200,"1985-11-28 22:00:00",331,331.5,326.8,327.3,0
502322400,"1985-12-01 22:00:00",327.8,328.5,322.8,326.5,0
502408800,"1985-12-02 22:00:00",326.2,327.1,325.7,326.7,0
502495200,"1985-12-03 22:00:00",329,329,325.5,325.7,0
502581600,"1985-12-04 22:00:00",325.9,327.1,325.7,326.9,0
502668000,"1985-12-05 22:00:00",326.3,326.8,325.7,326.2,0
502927200,"1985-12-08 22:00:00",322.5,322.9,318.3,319.8,0
503013600,"1985-12-09 22:00:00",319,321.8,318.5,321.2,0
503100000,"1985-12-10 22:00:00",316.5,321,315.5,320.1,0
503186400,"1985-12-11 22:00:00",319.1,321.4,318.7,320.4,0
503272800,"1985-12-12 22:00:00",321.6,322.3,320.5,322.2,0
503532000,"1985-12-15 22:00:00",321.5,325.8,321.2,324.9,0
503618400,"1985-12-16 22:00:00",325.5,325.8,323.5,323.9,0
503704800,"1985-12-17 22:00:00",323.4,327.6,322.2,327.3,0
503791200,"1985-12-18 22:00:00",326.8,330.8,326.3,327.2,0
503877600,"1985-12-19 22:00:00",327.8,329.4,326.8,328.7,0
504136800,"1985-12-22 22:00:00",329.5,331.4,327.8,328.3,0
504223200,"1985-12-23 22:00:00",327.8,328.4,326.6,328.2,0
504396000,"1985-12-25 22:00:00",327.6,328.3,327.5,327.7,0
504482400,"1985-12-26 22:00:00",328,330,327.7,329,0
504741600,"1985-12-29 22:00:00",329,331.3,328.7,330.6,0
504828000,"1985-12-30 22:00:00",329.5,332.4,329.4,331.1,0
505000800,"1986-01-01 22:00:00",329.8,331.1,328,328.9,0
505087200,"1986-01-02 22:00:00",328.4,330.3,328.1,330,0
505346400,"1986-01-05 22:00:00",330.5,330.9,329.3,330.7,0
505432800,"1986-01-06 22:00:00",331.6,333,331.3,332.8,0
505519200,"1986-01-07 22:00:00",333.5,336.5,333,336.1,0
505605600,"1986-01-08 22:00:00",336.5,344.5,334.8,339.9,0
505692000,"1986-01-09 22:00:00",341.7,343.8,338.8,343.3,0
505951200,"1986-01-12 22:00:00",342.5,343.2,340.7,341.5,0
506037600,"1986-01-13 22:00:00",342,344,340,341,0
506124000,"1986-01-14 22:00:00",347,351.2,346.1,350.7,0
506210400,"1986-01-15 22:00:00",368,369.5,355,357.6,0
506296800,"1986-01-16 22:00:00",358.5,359.5,352.6,358,0
506556000,"1986-01-19 22:00:00",352.5,355.5,350.8,355.1,0
506642400,"1986-01-20 22:00:00",359,359.7,350.5,352.8,0
506728800,"1986-01-21 22:00:00",354.3,356.1,351.2,351.5,0
506815200,"1986-01-22 22:00:00",352.5,353,350,351.9,0
506901600,"1986-01-23 22:00:00",355.4,359,353.8,358.4,0
507160800,"1986-01-26 22:00:00",360.3,361,353.5,354.3,0
507247200,"1986-01-27 22:00:00",354.2,356.2,352.5,353.7,0
507333600,"1986-01-28 22:00:00",354,356.7,353.3,356.3,0
507420000,"1986-01-29 22:00:00",360.7,364.2,358,359.4,0
507506400,"1986-01-30 22:00:00",357.8,358,351,352.9,0
507765600,"1986-02-02 22:00:00",351,352.2,347.1,347.4,0
507852000,"1986-02-03 22:00:00",342.5,343,335.5,337.4,0
507938400,"1986-02-04 22:00:00",340.5,341.3,338.4,339.3,0
508024800,"1986-02-05 22:00:00",339.5,341.8,337.5,340.4,0
508111200,"1986-02-06 22:00:00",340.5,342.8,338.8,342.5,0
508370400,"1986-02-09 22:00:00",344.5,344.6,339.7,340.8,0
508456800,"1986-02-10 22:00:00",339.9,342.8,337.9,341.6,0
508543200,"1986-02-11 22:00:00",341,341.2,338.7,340.8,0
508629600,"1986-02-12 22:00:00",336.5,337.8,334.5,335.3,0
508716000,"1986-02-13 22:00:00",332,337.2,331.7,336.2,0
509061600,"1986-02-17 22:00:00",336.2,341,336.2,339.7,0
509148000,"1986-02-18 22:00:00",344,346.7,337.2,339,0
509234400,"1986-02-19 22:00:00",340.5,341.5,338.3,341.4,0
509320800,"1986-02-20 22:00:00",340.8,343.4,339.7,343.3,0
509580000,"1986-02-23 22:00:00",345.5,351.3,342.4,351,0
509666400,"1986-02-24 22:00:00",355,357.5,349,350,0
509752800,"1986-02-25 22:00:00",348,349.9,337,338.5,0
509839200,"1986-02-26 22:00:00",340,340.5,335.1,339.2,0
509925600,"1986-02-27 22:00:00",340.3,341.9,338.6,341,0
510184800,"1986-03-02 22:00:00",340.5,341,336.2,340.5,0
510271200,"1986-03-03 22:00:00",346,347,338.3,346,0
510357600,"1986-03-04 22:00:00",344.3,347.2,339.3,344.5,0
510444000,"1986-03-05 22:00:00",344.2,347.5,342.7,344.3,0
510530400,"1986-03-06 22:00:00",344,346.5,343,345.7,0
510789600,"1986-03-09 22:00:00",342,344.5,340.8,343.3,0
510876000,"1986-03-10 22:00:00",343.8,345.5,343.2,344.9,0
510962400,"1986-03-11 22:00:00",346,353.3,345.1,353,0
511048800,"1986-03-12 22:00:00",351.5,352.4,348.4,349.2,0
511135200,"1986-03-13 22:00:00",349,350,347.4,348.9,0
511394400,"1986-03-16 22:00:00",349.2,354.8,349,350.8,0
511480800,"1986-03-17 22:00:00",351,352.9,348.5,350.3,0
511567200,"1986-03-18 22:00:00",349.8,351.2,347,350.8,0
511653600,"1986-03-19 22:00:00",351,353.5,350,352.7,0
511740000,"1986-03-20 22:00:00",351.8,359.6,351.6,357.4,0
511999200,"1986-03-23 22:00:00",352,354.6,349.5,351.3,0
512085600,"1986-03-24 22:00:00",355,355,342.7,344,0
512172000,"1986-03-25 22:00:00",344.5,345.8,341.8,344.7,0
512258400,"1986-03-26 22:00:00",344,344.8,342.2,343.1,0
512604000,"1986-03-30 22:00:00",346,346,334,334.8,0
512690400,"1986-03-31 22:00:00",336,337.8,330.8,337,0
512776800,"1986-04-01 22:00:00",337.5,340.8,337.5,339.5,0
512863200,"1986-04-02 22:00:00",338.7,339.1,335.5,338.4,0
512949600,"1986-04-03 22:00:00",337.4,339.7,336.8,338.4,0
513208800,"1986-04-06 22:00:00",338.2,343.3,338.1,342.5,0
513295200,"1986-04-07 22:00:00",343.5,344.5,336.5,342.9,0
513381600,"1986-04-08 22:00:00",341.8,343.3,338.6,342.2,0
513468000,"1986-04-09 22:00:00",339.8,342.8,339,341.7,0
513554400,"1986-04-10 22:00:00",342.5,348.5,342.5,347.5,0
513813600,"1986-04-13 22:00:00",345,345.5,342.2,344.2,0
513900000,"1986-04-14 22:00:00",344,346.8,341.2,343.4,0
513986400,"1986-04-15 22:00:00",342.5,342.9,339.5,341.9,0
514072800,"1986-04-16 22:00:00",342,343.4,338.2,341.5,0
514159200,"1986-04-17 22:00:00",344.5,352.5,344,346.7,0
514418400,"1986-04-20 22:00:00",344,346,343.2,345.7,0
514504800,"1986-04-21 22:00:00",346.7,350.9,346.1,349,0
514591200,"1986-04-22 22:00:00",348.4,349.5,347.1,348.1,0
514677600,"1986-04-23 22:00:00",347,347.4,345.3,347.1,0
514764000,"1986-04-24 22:00:00",346,348.2,345.8,346.2,0
515019600,"1986-04-27 21:00:00",346,346.7,344.2,345.8,0
515106000,"1986-04-28 21:00:00",344,349.5,343.6,346.9,0
515192400,"1986-04-29 21:00:00",347,348.8,347,348.1,0
515278800,"1986-04-30 21:00:00",348,348.4,340.5,342.8,0
515365200,"1986-05-01 21:00:00",343,345.6,342.5,344.7,0
515624400,"1986-05-04 21:00:00",344.5,345.2,342.8,344.2,0
515710800,"1986-05-05 21:00:00",341,344.2,339.5,344,0
515797200,"1986-05-06 21:00:00",343.5,347.7,343.3,345.8,0
515883600,"1986-05-07 21:00:00",346.3,347.3,343.8,345.5,0
515970000,"1986-05-08 21:00:00",346,348.8,344.9,345.5,0
516229200,"1986-05-11 21:00:00",347,347.4,344.9,345.5,0
516315600,"1986-05-12 21:00:00",344.5,345.5,342.5,345.1,0
516402000,"1986-05-13 21:00:00",344,344.2,343,343.1,0
516488400,"1986-05-14 21:00:00",343,343.5,342.5,343.4,0
516574800,"1986-05-15 21:00:00",343.5,344.4,343,343.8,0
516834000,"1986-05-18 21:00:00",343,343.3,340,340.7,0
516920400,"1986-05-19 21:00:00",339,340.1,337.7,339.8,0
517006800,"1986-05-20 21:00:00",339.4,340,339.2,339.8,0
517093200,"1986-05-21 21:00:00",339.9,343.4,339.8,342.6,0
517179600,"1986-05-22 21:00:00",341.1,343.4,341.1,342.4,0
517525200,"1986-05-26 21:00:00",341.5,342.7,341.3,341.8,0
517611600,"1986-05-27 21:00:00",342.3,344.7,342,342.5,0
517698000,"1986-05-28 21:00:00",342.7,344,342,343.6,0
517784400,"1986-05-29 21:00:00",346.8,347.5,346.2,347.1,0
518043600,"1986-06-01 21:00:00",346.2,346.7,344.6,345.1,0
518130000,"1986-06-02 21:00:00",345.8,346.2,344.5,345.3,0
518216400,"1986-06-03 21:00:00",344.8,345.4,343.6,344.8,0
518302800,"1986-06-04 21:00:00",344.8,345.5,344.2,344.6,0
518389200,"1986-06-05 21:00:00",345.2,345.4,344.4,344.8,0
518648400,"1986-06-08 21:00:00",344.5,355,344.2,354.2,0
518734800,"1986-06-09 21:00:00",352,353,350.5,351.2,0
518821200,"1986-06-10 21:00:00",351.3,354.2,350.5,351.7,0
518907600,"1986-06-11 21:00:00",352.8,353.2,348.8,349.8,0
518994000,"1986-06-12 21:00:00",350.2,351.4,348.7,348.8,0
519253200,"1986-06-15 21:00:00",339.5,348.8,336.5,337.5,0
519339600,"1986-06-16 21:00:00",338.5,340.2,337.2,339.3,0
519426000,"1986-06-17 21:00:00",341,342.1,340.3,340.5,0
519512400,"1986-06-18 21:00:00",340.8,342.5,339.6,340.9,0
519598800,"1986-06-19 21:00:00",341.1,343.4,340.3,342.7,0
519858000,"1986-06-22 21:00:00",342.8,344,342.5,343.3,0
519944400,"1986-06-23 21:00:00",343,345.7,342.8,345.2,0
520030800,"1986-06-24 21:00:00",345.8,347.5,345.7,347.1,0
520117200,"1986-06-25 21:00:00",347.5,347.8,346.4,346.6,0
520203600,"1986-06-26 21:00:00",346.9,347.5,345.1,346.9,0
520462800,"1986-06-29 21:00:00",348.5,350,346.6,347.7,0
520549200,"1986-06-30 21:00:00",348.2,348.2,344.5,345.8,0
520635600,"1986-07-01 21:00:00",345,345.4,343.3,344.9,0
520722000,"1986-07-02 21:00:00",345.2,346.1,344.2,345.4,0
521067600,"1986-07-06 21:00:00",345.5,346.8,345.1,345.9,0
521154000,"1986-07-07 21:00:00",349.2,352,348.3,351.2,0
521240400,"1986-07-08 21:00:00",351.5,351.8,348.3,349.6,0
521326800,"1986-07-09 21:00:00",348.7,349.3,347.7,348.6,0
521413200,"1986-07-10 21:00:00",349.5,349.9,347.5,347.8,0
521672400,"1986-07-13 21:00:00",346.8,347.4,346,346.4,0
521758800,"1986-07-14 21:00:00",347.3,350.5,346.9,349.1,0
521845200,"1986-07-15 21:00:00",349.7,350.1,347.7,348.7,0
521931600,"1986-07-16 21:00:00",348,348.9,347.5,348.7,0
522018000,"1986-07-17 21:00:00",348.3,357,348.2,356.5,0
522277200,"1986-07-20 21:00:00",355.5,356.3,354.2,355.6,0
522363600,"1986-07-21 21:00:00",354.8,355.2,353.1,353.7,0
522450000,"1986-07-22 21:00:00",351.2,351.7,344.5,349,0
522536400,"1986-07-23 21:00:00",348.6,350.6,348.3,349.3,0
522622800,"1986-07-24 21:00:00",349.5,350.4,348.1,348.2,0
522882000,"1986-07-27 21:00:00",352.7,356.3,352.7,355.1,0
522968400,"1986-07-28 21:00:00",353.8,354,351.6,352.2,0
523054800,"1986-07-29 21:00:00",358.3,359.7,358,358.6,0
523141200,"1986-07-30 21:00:00",367,371.3,364.8,369.7,0
523227600,"1986-07-31 21:00:00",367,371,364,367.5,0
523486800,"1986-08-03 21:00:00",366.5,368.2,365.1,367,0
523573200,"1986-08-04 21:00:00",365.3,369.5,364.3,366.1,0
523659600,"1986-08-05 21:00:00",369,370.4,366.3,367.5,0
523746000,"1986-08-06 21:00:00",368.5,370.6,368.1,369.3,0
523832400,"1986-08-07 21:00:00",376.5,383.9,373.7,382.5,0
524091600,"1986-08-10 21:00:00",397,404.5,393,398.5,0
524178000,"1986-08-11 21:00:00",391.5,394.5,390,392.4,0
524264400,"1986-08-12 21:00:00",398,399.5,386.5,391.7,0
524350800,"1986-08-13 21:00:00",391,394.8,389.9,393.7,0
524437200,"1986-08-14 21:00:00",393,393.2,387,390.2,0
524696400,"1986-08-17 21:00:00",385,385.5,381.8,382.8,0
524782800,"1986-08-18 21:00:00",380.3,385,378.5,381,0
524869200,"1986-08-19 21:00:00",385,386.8,382.9,385.1,0
524955600,"1986-08-20 21:00:00",385.6,391.3,384.7,390.6,0
525042000,"1986-08-21 21:00:00",392,393.8,377.5,379.5,0
525301200,"1986-08-24 21:00:00",382,387.6,382,386.5,0
525387600,"1986-08-25 21:00:00",385.7,388.8,383,385.6,0
525474000,"1986-08-26 21:00:00",383,387.4,382.5,386.3,0
525560400,"1986-08-27 21:00:00",390,394.4,389.2,392,0
525646800,"1986-08-28 21:00:00",395,395.6,387,393.3,0
525992400,"1986-09-01 21:00:00",399,413,397.1,411.5,0
526078800,"1986-09-02 21:00:00",412.5,415.5,408.5,410.3,0
526165200,"1986-09-03 21:00:00",407.5,422.5,407,415.5,0
526251600,"1986-09-04 21:00:00",422.5,430,421,428.3,0
526510800,"1986-09-07 21:00:00",423,426.3,413,416.4,0
526597200,"1986-09-08 21:00:00",417,418.8,413,414.4,0
526683600,"1986-09-09 21:00:00",418.6,426,403,409.8,0
526770000,"1986-09-10 21:00:00",411,413.5,403,413,0
526856400,"1986-09-11 21:00:00",424,430,416.5,421.5,0
527115600,"1986-09-14 21:00:00",416,422.6,415,422.3,0
527202000,"1986-09-15 21:00:00",425.5,425.5,417.5,420.2,0
527288400,"1986-09-16 21:00:00",421,421,415.8,418.8,0
527374800,"1986-09-17 21:00:00",420,425.8,418,422.6,0
527461200,"1986-09-18 21:00:00",434,441.5,432.5,441,0
527720400,"1986-09-21 21:00:00",443,446,438,445.2,0
527806800,"1986-09-22 21:00:00",440,442.8,435.5,436,0
527893200,"1986-09-23 21:00:00",439,439.4,435.1,436,0
527979600,"1986-09-24 21:00:00",434,439.3,432.8,438.8,0
528066000,"1986-09-25 21:00:00",437,438.1,429.5,431.5,0
528325200,"1986-09-28 21:00:00",433.5,433.7,422,427.1,0
528411600,"1986-09-29 21:00:00",426.5,431.5,425.8,429.8,0
528498000,"1986-09-30 21:00:00",430.3,430.5,426.2,429.2,0
528584400,"1986-10-01 21:00:00",432,443,431.6,441.1,0
528670800,"1986-10-02 21:00:00",442,444.5,435.3,437.5,0
528930000,"1986-10-05 21:00:00",440.3,445.5,439,442.8,0
529016400,"1986-10-06 21:00:00",441.3,445.5,437.8,444.8,0
529102800,"1986-10-07 21:00:00",443,446.5,439.8,442.4,0
529189200,"1986-10-08 21:00:00",440.5,441.4,428.5,433,0
529275600,"1986-10-09 21:00:00",432,436.5,432,434.5,0
529534800,"1986-10-12 21:00:00",435.8,437.5,434.7,437.2,0
529621200,"1986-10-13 21:00:00",435,435.7,428.1,430.5,0
529707600,"1986-10-14 21:00:00",426,428.7,423.2,428.7,0
529794000,"1986-10-15 21:00:00",429.2,429.9,427.2,427.4,0
529880400,"1986-10-16 21:00:00",420.5,425.7,419.5,422.2,0
530139600,"1986-10-19 21:00:00",422.5,431.5,422,428.9,0
530226000,"1986-10-20 21:00:00",428.5,430.4,426.3,427.9,0
530312400,"1986-10-21 21:00:00",430,431.7,424.8,428.7,0
530398800,"1986-10-22 21:00:00",428,428.4,416.5,417.5,0
530485200,"1986-10-23 21:00:00",413.5,415.5,409,409.7,0
530748000,"1986-10-26 22:00:00",412,414,408.3,410.3,0
530834400,"1986-10-27 22:00:00",412,416,411.6,413.9,0
530920800,"1986-10-28 22:00:00",406.5,409.4,405,407.3,0
531007200,"1986-10-29 22:00:00",406.5,410.9,405.2,409.9,0
531093600,"1986-10-30 22:00:00",401,407.3,400,405.5,0
531352800,"1986-11-02 22:00:00",405,409.5,404.8,406.8,0
531439200,"1986-11-03 22:00:00",410,412.9,409.7,411.1,0
531525600,"1986-11-04 22:00:00",409.5,409.9,406,408.5,0
531612000,"1986-11-05 22:00:00",407.5,413.2,407.4,412.4,0
531698400,"1986-11-06 22:00:00",410,412.6,410,410.6,0
531957600,"1986-11-09 22:00:00",412,413.8,404.5,407.5,0
532044000,"1986-11-10 22:00:00",408,409.8,405.8,409.3,0
532130400,"1986-11-11 22:00:00",408.5,409.7,406.5,409.4,0
532216800,"1986-11-12 22:00:00",410,410.8,407.2,409.5,0
532303200,"1986-11-13 22:00:00",411,411.5,398,398.8,0
532562400,"1986-11-16 22:00:00",396.5,396.5,387.5,389.3,0
532648800,"1986-11-17 22:00:00",391,394.8,389.7,394.5,0
532735200,"1986-11-18 22:00:00",393.8,395.1,386.4,388.5,0
532821600,"1986-11-19 22:00:00",388.2,392.5,387.5,391.7,0
532908000,"1986-11-20 22:00:00",391.3,392.3,376.5,379.3,0
533167200,"1986-11-23 22:00:00",380.5,383.4,379.8,382.4,0
533253600,"1986-11-24 22:00:00",381.5,386.2,379.3,385.6,0
533340000,"1986-11-25 22:00:00",382.3,384.5,380.3,383.1,0
533512800,"1986-11-27 22:00:00",390,391.5,388.8,390.9,0
533772000,"1986-11-30 22:00:00",402,403.5,392,397.5,0
533858400,"1986-12-01 22:00:00",395.5,396.7,390.3,392.9,0
533944800,"1986-12-02 22:00:00",389.5,398.5,389,395.8,0
534031200,"1986-12-03 22:00:00",395,395.9,386.5,391.7,0
534117600,"1986-12-04 22:00:00",392,394,390.8,392.9,0
534376800,"1986-12-07 22:00:00",393.3,394.4,389.5,393.7,0
534463200,"1986-12-08 22:00:00",392.3,392.9,388.3,390.4,0
534549600,"1986-12-09 22:00:00",390.5,396.7,389.9,393.1,0
534636000,"1986-12-10 22:00:00",391,394,389.8,393.7,0
534722400,"1986-12-11 22:00:00",393.2,396.3,392,395.8,0
534981600,"1986-12-14 22:00:00",398.5,399.5,396.6,398.4,0
535068000,"1986-12-15 22:00:00",398,398.5,393.6,396.3,0
535154400,"1986-12-16 22:00:00",397,397.4,395.2,395.3,0
535240800,"1986-12-17 22:00:00",395.5,398,393.7,397.8,0
535327200,"1986-12-18 22:00:00",397.3,398.5,394.1,395.8,0
535586400,"1986-12-21 22:00:00",399.7,400.8,394.6,396.3,0
535672800,"1986-12-22 22:00:00",396.3,396.6,390.2,391.5,0
535759200,"1986-12-23 22:00:00",392.5,393.7,392,393,0
536191200,"1986-12-28 22:00:00",394,394.9,391.2,391.9,0
536277600,"1986-12-29 22:00:00",391.5,392.8,390.8,392.4,0
536364000,"1986-12-30 22:00:00",393.8,408,393.6,406.9,0
536536800,"1987-01-01 22:00:00",406.5,410.4,403,404,0
536796000,"1987-01-04 22:00:00",403,405.5,400.1,405,0
536882400,"1987-01-05 22:00:00",405.4,406.7,401.8,402.2,0
536968800,"1987-01-06 22:00:00",400.8,404.7,400.2,404.3,0
537055200,"1987-01-07 22:00:00",405.4,406.2,402.3,403.9,0
537141600,"1987-01-08 22:00:00",403.5,408,399,407.5,0
537400800,"1987-01-11 22:00:00",411.5,414,409.6,410.2,0
537487200,"1987-01-12 22:00:00",411.2,412.7,409.9,412.3,0
537573600,"1987-01-13 22:00:00",417,422,416,419.2,0
537660000,"1987-01-14 22:00:00",415,418.3,414.2,417,0
537746400,"1987-01-15 22:00:00",415,418.3,414.7,417.3,0
538005600,"1987-01-18 22:00:00",424.5,425,421.6,423.3,0
538092000,"1987-01-19 22:00:00",419,419.2,405,408.2,0
538178400,"1987-01-20 22:00:00",408.2,409.6,406.6,408.8,0
538264800,"1987-01-21 22:00:00",411,412.2,408.3,408.9,0
538351200,"1987-01-22 22:00:00",406,406,400.4,405.3,0
538610400,"1987-01-25 22:00:00",405.9,412.9,405.5,411.3,0
538696800,"1987-01-26 22:00:00",410.3,415.8,409.5,415.7,0
538783200,"1987-01-27 22:00:00",417,417,407,410.6,0
538869600,"1987-01-28 22:00:00",410.3,413,408.6,412.6,0
538956000,"1987-01-29 22:00:00",402,409.5,400,408.9,0
539215200,"1987-02-01 22:00:00",409.7,412,404.5,404.8,0
539301600,"1987-02-02 22:00:00",405.5,408.3,402,407.2,0
539388000,"1987-02-03 22:00:00",407,409.2,405.4,406.2,0
539474400,"1987-02-04 22:00:00",405.8,409.5,401.3,408.2,0
539560800,"1987-02-05 22:00:00",406,407.5,405.3,407.4,0
539820000,"1987-02-08 22:00:00",407.2,410,404.2,407.2,0
539906400,"1987-02-09 22:00:00",405.8,407.8,404.7,406.2,0
539992800,"1987-02-10 22:00:00",406.4,406.7,403.5,405.5,0
540079200,"1987-02-11 22:00:00",405.8,406.2,397,398.3,0
540165600,"1987-02-12 22:00:00",399,401.5,398,400.7,0
540511200,"1987-02-16 22:00:00",399.8,400.4,393.5,394.9,0
540597600,"1987-02-17 22:00:00",395,396.4,391.4,395.3,0
540684000,"1987-02-18 22:00:00",396,403.5,394.3,402.7,0
540770400,"1987-02-19 22:00:00",401,409.7,400.3,408.7,0
541029600,"1987-02-22 22:00:00",406.1,407.2,403.2,404.6,0
541116000,"1987-02-23 22:00:00",403.5,405.4,401.2,404.6,0
541202400,"1987-02-24 22:00:00",410,410.8,404.5,405.2,0
541288800,"1987-02-25 22:00:00",406,409.3,403.2,408.5,0
541375200,"1987-02-26 22:00:00",408,409.2,406.3,407.4,0
541634400,"1987-03-01 22:00:00",406.6,407.4,404.8,405.6,0
541720800,"1987-03-02 22:00:00",405.5,409.3,405.3,409.1,0
541807200,"1987-03-03 22:00:00",409,412.8,407.3,412.2,0
541893600,"1987-03-04 22:00:00",412.5,414.4,408.7,408.8,0
541980000,"1987-03-05 22:00:00",408.5,409.7,406.9,407.8,0
542239200,"1987-03-08 22:00:00",406.5,408,405.1,406.5,0
542325600,"1987-03-09 22:00:00",406.5,409,405.9,408.3,0
542412000,"1987-03-10 22:00:00",408.3,409.8,408,408.3,0
542498400,"1987-03-11 22:00:00",409.8,411.8,408.3,409.9,0
542584800,"1987-03-12 22:00:00",410.2,410.7,403,405,0
542844000,"1987-03-15 22:00:00",406,407.7,405.8,406.6,0
542930400,"1987-03-16 22:00:00",407.5,408,403.2,406.8,0
543016800,"1987-03-17 22:00:00",406.8,407.2,404.3,406,0
543103200,"1987-03-18 22:00:00",406,406.3,404.6,406.1,0
543189600,"1987-03-19 22:00:00",405.8,406.7,404.8,406.3,0
543448800,"1987-03-22 22:00:00",407,411.2,406.9,410.8,0
543535200,"1987-03-23 22:00:00",411,414.5,408.6,414.1,0
543621600,"1987-03-24 22:00:00",415,416.2,412.8,413.3,0
543708000,"1987-03-25 22:00:00",411.8,412.5,410.9,411.7,0
543794400,"1987-03-26 22:00:00",416,424,415.7,422.7,0
544053600,"1987-03-29 22:00:00",428.5,429.9,425.8,425.9,0
544140000,"1987-03-30 22:00:00",426,427.2,422.3,422.7,0
544226400,"1987-03-31 22:00:00",422.5,424.8,421,422.5,0
544312800,"1987-04-01 22:00:00",423.2,426.6,418.5,422.2,0
544399200,"1987-04-02 22:00:00",422.8,424,418.8,423.9,0
544654800,"1987-04-05 21:00:00",426,427.2,421.4,422.6,0
544741200,"1987-04-06 21:00:00",425,426.5,422.3,426.2,0
544827600,"1987-04-07 21:00:00",424,427.4,423,424.1,0
544914000,"1987-04-08 21:00:00",425.3,437.8,424.6,436.5,0
545000400,"1987-04-09 21:00:00",438.5,440.5,434.8,436.7,0
545259600,"1987-04-12 21:00:00",438.5,441.9,438.3,440.8,0
545346000,"1987-04-13 21:00:00",445.8,455.8,444.8,454.6,0
545432400,"1987-04-14 21:00:00",447.5,448.9,445.3,446.5,0
545518800,"1987-04-15 21:00:00",447.5,447.7,439.5,447.3,0
545864400,"1987-04-19 21:00:00",447.5,458.7,445,456.8,0
545950800,"1987-04-20 21:00:00",457,458.5,448,451,0
546037200,"1987-04-21 21:00:00",450.5,453.4,445.8,452.5,0
546123600,"1987-04-22 21:00:00",454.5,466.5,451.5,463.4,0
546210000,"1987-04-23 21:00:00",465.2,473,462.5,465.5,0
546469200,"1987-04-26 21:00:00",480,480.5,440.5,446,0
546555600,"1987-04-27 21:00:00",453,456.8,448,454.7,0
546642000,"1987-04-28 21:00:00",452.5,455.5,449.2,453.5,0
546728400,"1987-04-29 21:00:00",454,457.8,451.3,456.5,0
546814800,"1987-04-30 21:00:00",455.5,461.2,455,459.5,0
547074000,"1987-05-03 21:00:00",460.5,466.8,459.3,465.2,0
547160400,"1987-05-04 21:00:00",466.5,467,456,460.8,0
547246800,"1987-05-05 21:00:00",457.5,461.7,456.5,460.8,0
547333200,"1987-05-06 21:00:00",456,461.7,455.5,459.6,0
547419600,"1987-05-07 21:00:00",457,458.4,454.5,456.7,0
547678800,"1987-05-10 21:00:00",456,458,454.4,457.7,0
547765200,"1987-05-11 21:00:00",461,464.8,459.3,461.5,0
547851600,"1987-05-12 21:00:00",462,466,459,460,0
547938000,"1987-05-13 21:00:00",463.3,466,461.5,465.6,0
548024400,"1987-05-14 21:00:00",469.5,476.6,467.2,476.2,0
548283600,"1987-05-17 21:00:00",475.5,477.8,468.5,472.8,0
548370000,"1987-05-18 21:00:00",472.5,478.8,469.5,478.3,0
548456400,"1987-05-19 21:00:00",481,481.5,471.8,473.3,0
548542800,"1987-05-20 21:00:00",471,472.8,468.7,470.3,0
548629200,"1987-05-21 21:00:00",472.5,472.8,462,464.6,0
548974800,"1987-05-25 21:00:00",448.5,458.5,445.5,451.8,0
549061200,"1987-05-26 21:00:00",449,451.4,446.2,448.5,0
549147600,"1987-05-27 21:00:00",453.2,456.4,451.5,453.4,0
549234000,"1987-05-28 21:00:00",451.3,452.6,448.8,450.2,0
549493200,"1987-05-31 21:00:00",449.5,452.2,446.8,451.6,0
549579600,"1987-06-01 21:00:00",454.3,464.3,454.3,461.8,0
549666000,"1987-06-02 21:00:00",458.5,459.7,455.2,455.5,0
549752400,"1987-06-03 21:00:00",455,460.4,454.5,458.2,0
549838800,"1987-06-04 21:00:00",459,459.8,457,458.8,0
550098000,"1987-06-07 21:00:00",462.8,463.7,453.8,454.3,0
550184400,"1987-06-08 21:00:00",457.5,463.2,457,462.8,0
550270800,"1987-06-09 21:00:00",462.5,464.3,457.2,461.3,0
550357200,"1987-06-10 21:00:00",461.5,468.8,460.5,468.3,0
550443600,"1987-06-11 21:00:00",462.5,462.6,457,458.9,0
550702800,"1987-06-14 21:00:00",452,456.9,451.2,456.7,0
550789200,"1987-06-15 21:00:00",457,458,451.7,451.9,0
550875600,"1987-06-16 21:00:00",453,456.9,451,451.8,0
550962000,"1987-06-17 21:00:00",453.8,456.7,453.5,454.6,0
551048400,"1987-06-18 21:00:00",455,455.7,448,448.7,0
551307600,"1987-06-21 21:00:00",446,446.8,437.6,440.8,0
551394000,"1987-06-22 21:00:00",442.5,445.5,439.8,443.8,0
551480400,"1987-06-23 21:00:00",446.5,447.3,443.7,446.4,0
551566800,"1987-06-24 21:00:00",442.5,445,441.9,443.8,0
551653200,"1987-06-25 21:00:00",444.5,452,444.5,450.1,0
551912400,"1987-06-28 21:00:00",448,453.4,447.5,449.4,0
551998800,"1987-06-29 21:00:00",449.5,452.5,447.5,452.2,0
552085200,"1987-06-30 21:00:00",451.5,453.5,447.8,449.4,0
552171600,"1987-07-01 21:00:00",450.2,451,448,448.8,0
552517200,"1987-07-05 21:00:00",444.5,450.8,443.8,450.3,0
552603600,"1987-07-06 21:00:00",447.2,448.2,442.5,446.1,0
552690000,"1987-07-07 21:00:00",443.5,450.3,443,446.8,0
552776400,"1987-07-08 21:00:00",446.5,448.3,444.5,446.8,0
552862800,"1987-07-09 21:00:00",447,449,445.3,446,0
553122000,"1987-07-12 21:00:00",446.5,449.7,445.2,448.6,0
553208400,"1987-07-13 21:00:00",449.7,451,447.5,449.5,0
553294800,"1987-07-14 21:00:00",449.5,456.7,448.6,455.3,0
553381200,"1987-07-15 21:00:00",454.3,455.8,453,455.4,0
553467600,"1987-07-16 21:00:00",453.5,453.7,448.5,449.3,0
553726800,"1987-07-19 21:00:00",451.6,453.2,450.8,452.3,0
553813200,"1987-07-20 21:00:00",453.5,454.4,452,453.7,0
553899600,"1987-07-21 21:00:00",454.8,457.2,453.3,455.7,0
553986000,"1987-07-22 21:00:00",455.1,456,454.3,455.7,0
554072400,"1987-07-23 21:00:00",455,455.3,453.5,454.5,0
554331600,"1987-07-26 21:00:00",454,454.7,452.1,454.2,0
554418000,"1987-07-27 21:00:00",455.2,458.7,454.3,457,0
554504400,"1987-07-28 21:00:00",458,460,457.2,457.6,0
554590800,"1987-07-29 21:00:00",468.3,473.5,467.3,473.3,0
554677200,"1987-07-30 21:00:00",474.5,475.7,472.2,475.1,0
554936400,"1987-08-02 21:00:00",486,489.5,482.8,488.3,0
555022800,"1987-08-03 21:00:00",485.2,490.2,483,488.9,0
555109200,"1987-08-04 21:00:00",480.1,482.4,477.3,477.6,0
555195600,"1987-08-05 21:00:00",478,480.5,477,478.6,0
555282000,"1987-08-06 21:00:00",471,475.2,463,464.8,0
555541200,"1987-08-09 21:00:00",470,472.2,467.8,470.6,0
555627600,"1987-08-10 21:00:00",472.5,475,469.5,474.2,0
555714000,"1987-08-11 21:00:00",471.5,474.5,470.5,473,0
555800400,"1987-08-12 21:00:00",472.5,472.9,465.5,467.8,0
555886800,"1987-08-13 21:00:00",467,471.3,456.9,461.2,0
556146000,"1987-08-16 21:00:00",463.5,464.1,461,463.1,0
556232400,"1987-08-17 21:00:00",465,469.5,464.5,467.7,0
556318800,"1987-08-18 21:00:00",464.5,467.7,463.6,467.3,0
556405200,"1987-08-19 21:00:00",467,467,461.4,462.2,0
556491600,"1987-08-20 21:00:00",463.7,465.9,460,465.7,0
556750800,"1987-08-23 21:00:00",464,471.3,463.7,469.3,0
556837200,"1987-08-24 21:00:00",467.7,468.2,463.6,465.8,0
556923600,"1987-08-25 21:00:00",465.8,467.7,464.8,465.8,0
557010000,"1987-08-26 21:00:00",466.5,467.5,461,463.7,0
557096400,"1987-08-27 21:00:00",463,463.5,459,461.3,0
557355600,"1987-08-30 21:00:00",461.2,464.7,458.7,458.7,0
557442000,"1987-08-31 21:00:00",462,463.8,459.4,462.8,0
557528400,"1987-09-01 21:00:00",466.8,473.8,466.5,473.4,0
557614800,"1987-09-02 21:00:00",471.5,474.8,469.6,471.7,0
557701200,"1987-09-03 21:00:00",472,473.8,469.2,470.8,0
558046800,"1987-09-07 21:00:00",466.6,467.5,463.5,465.5,0
558133200,"1987-09-08 21:00:00",466,466.3,462.7,464.5,0
558219600,"1987-09-09 21:00:00",468,472,466.7,470.6,0
558306000,"1987-09-10 21:00:00",467.8,470.3,463.2,464.3,0
558565200,"1987-09-13 21:00:00",461,464.7,460.5,463.8,0
558651600,"1987-09-14 21:00:00",465.5,466.7,464.5,465.9,0
558738000,"1987-09-15 21:00:00",466.3,466.5,462.8,465.1,0
558824400,"1987-09-16 21:00:00",466,468.4,465.1,466.9,0
558910800,"1987-09-17 21:00:00",469,469.8,465,465.3,0
559170000,"1987-09-20 21:00:00",464.9,470.5,463.8,469.3,0
559256400,"1987-09-21 21:00:00",469,470.4,467.4,468.9,0
559342800,"1987-09-22 21:00:00",467.5,469.7,467,468.7,0
559429200,"1987-09-23 21:00:00",469.5,471.5,468.5,468.7,0
559515600,"1987-09-24 21:00:00",467.9,468.4,466.5,466.6,0
559774800,"1987-09-27 21:00:00",467,468.7,465.5,466.4,0
559861200,"1987-09-28 21:00:00",464,466.5,463.5,464.4,0
559947600,"1987-09-29 21:00:00",465,466,458,458.8,0
560034000,"1987-09-30 21:00:00",459.8,461,457.9,459.7,0
560120400,"1987-10-01 21:00:00",460.3,461.2,458.5,460.3,0
560379600,"1987-10-04 21:00:00",461.3,462.9,461.1,462.8,0
560466000,"1987-10-05 21:00:00",463.2,464.5,462,462.7,0
560552400,"1987-10-06 21:00:00",464.5,465,462.3,463.4,0
560638800,"1987-10-07 21:00:00",463.3,468.5,462.6,466.5,0
560725200,"1987-10-08 21:00:00",467.5,467.7,465.3,466.9,0
560984400,"1987-10-11 21:00:00",467,467.2,466.4,466.7,0
561070800,"1987-10-12 21:00:00",464.5,465,463.6,464,0
561157200,"1987-10-13 21:00:00",464,467,463.2,465.8,0
561243600,"1987-10-14 21:00:00",466.8,472.5,466.5,467.8,0
561330000,"1987-10-15 21:00:00",469.2,476.7,468.8,476.3,0
561589200,"1987-10-18 21:00:00",493,496,483,486.8,0
561675600,"1987-10-19 21:00:00",478.5,479,459,467.5,0
561762000,"1987-10-20 21:00:00",471,472,467.3,471.7,0
561848400,"1987-10-21 21:00:00",474,479.7,472.5,473.2,0
561934800,"1987-10-22 21:00:00",476,478.5,471.7,476.7,0
562197600,"1987-10-25 22:00:00",481,482,476.2,479.4,0
562284000,"1987-10-26 22:00:00",476,481,475.1,478.8,0
562370400,"1987-10-27 22:00:00",481.5,483.5,478.3,480.5,0
562456800,"1987-10-28 22:00:00",472.5,475.7,464,468.7,0
562543200,"1987-10-29 22:00:00",469,471.5,467.5,471.2,0
562802400,"1987-11-01 22:00:00",472.3,473.5,469.7,472.5,0
562888800,"1987-11-02 22:00:00",471.8,476,463.5,470.6,0
562975200,"1987-11-03 22:00:00",469.2,469.8,466,468.2,0
563061600,"1987-11-04 22:00:00",462.2,462.2,456,459.2,0
563148000,"1987-11-05 22:00:00",460,463.4,459.1,462.1,0
563407200,"1987-11-08 22:00:00",464.5,466,463.1,463.3,0
563493600,"1987-11-09 22:00:00",461.2,463.8,457.8,462.4,0
563580000,"1987-11-10 22:00:00",462,463.7,461.6,463.1,0
563666400,"1987-11-11 22:00:00",463.8,465.5,462.5,464.7,0
563752800,"1987-11-12 22:00:00",465.5,467.5,464.5,465.6,0
564012000,"1987-11-15 22:00:00",461.8,465,461.5,464.3,0
564098400,"1987-11-16 22:00:00",465,466.2,464.8,465.8,0
564184800,"1987-11-17 22:00:00",464.6,465.1,463.3,464.8,0
564271200,"1987-11-18 22:00:00",466.3,466.5,465.2,465.8,0
564357600,"1987-11-19 22:00:00",466.7,470.9,464,470.3,0
564616800,"1987-11-22 22:00:00",469,477.7,468.8,476,0
564703200,"1987-11-23 22:00:00",475.8,478.2,473.4,475.4,0
564789600,"1987-11-24 22:00:00",476,478.3,475,476.9,0
564962400,"1987-11-26 22:00:00",478,487.4,477.8,486.1,0
565221600,"1987-11-29 22:00:00",502.5,503,496.5,497.2,0
565308000,"1987-11-30 22:00:00",493.5,499.6,492.5,496.2,0
565394400,"1987-12-01 22:00:00",497.5,498.8,493.5,493.7,0
565480800,"1987-12-02 22:00:00",494.3,498.3,491.8,493.8,0
565567200,"1987-12-03 22:00:00",492.2,494.4,483.9,487.8,0
565826400,"1987-12-06 22:00:00",486.5,488.2,484.9,486.5,0
565912800,"1987-12-07 22:00:00",488,490.3,487.8,488.6,0
565999200,"1987-12-08 22:00:00",490.7,490.8,488.8,489.4,0
566085600,"1987-12-09 22:00:00",489,498,488.6,497.2,0
566172000,"1987-12-10 22:00:00",503,503,496.2,502,0
566431200,"1987-12-13 22:00:00",506.3,507.4,499.8,500.4,0
566517600,"1987-12-14 22:00:00",498.8,499.2,484.5,487.2,0
566604000,"1987-12-15 22:00:00",491,491.9,488.8,490.1,0
566690400,"1987-12-16 22:00:00",490,490.1,475,489.7,0
566776800,"1987-12-17 22:00:00",488.8,488.8,482.1,484,0
567036000,"1987-12-20 22:00:00",485,485,483.1,483.7,0
567122400,"1987-12-21 22:00:00",485.5,488.5,485.2,487.9,0
567208800,"1987-12-22 22:00:00",485,487.3,483.8,486.5,0
567295200,"1987-12-23 22:00:00",487.3,490.1,487,489.6,0
567640800,"1987-12-27 22:00:00",492.9,494.7,489.5,491.1,0
567727200,"1987-12-28 22:00:00",493,493.5,487.8,489.4,0
567813600,"1987-12-29 22:00:00",488,488,484.6,485.5,0
567900000,"1987-12-30 22:00:00",490,491.5,485.8,488.9,0
568245600,"1988-01-03 22:00:00",484,484.5,479.5,480.5,0
568332000,"1988-01-04 22:00:00",479,485.4,476.6,483.2,0
568418400,"1988-01-05 22:00:00",480.5,487.4,480,485.3,0
568504800,"1988-01-06 22:00:00",485.2,486,482.8,483.1,0
568591200,"1988-01-07 22:00:00",482.5,485.7,481.8,485.5,0
568850400,"1988-01-10 22:00:00",486.4,486.8,483.1,483.6,0
568936800,"1988-01-11 22:00:00",482.5,483.9,480,482.3,0
569023200,"1988-01-12 22:00:00",482.5,484.4,481.5,481.6,0
569109600,"1988-01-13 22:00:00",481.8,488.5,481.2,488.2,0
569196000,"1988-01-14 22:00:00",486.2,486.7,474,474.5,0
569455200,"1988-01-17 22:00:00",476.5,477.3,475.2,476.8,0
569541600,"1988-01-18 22:00:00",477.3,478.8,476.4,478.2,0
569628000,"1988-01-19 22:00:00",478.2,478.9,475,476.8,0
569714400,"1988-01-20 22:00:00",476.3,479,475.8,478.8,0
569800800,"1988-01-21 22:00:00",477.7,478.5,476,477.8,0
570060000,"1988-01-24 22:00:00",476.5,476.9,468.2,469.5,0
570146400,"1988-01-25 22:00:00",469,470.9,467.1,469.3,0
570232800,"1988-01-26 22:00:00",468.2,470.5,463.5,467,0
570319200,"1988-01-27 22:00:00",466,467.1,465.2,466.5,0
570405600,"1988-01-28 22:00:00",461.2,462,450,454.2,0
570664800,"1988-01-31 22:00:00",458.5,459.2,454.2,458.4,0
570751200,"1988-02-01 22:00:00",460,461.9,458.1,458.3,0
570837600,"1988-02-02 22:00:00",447.7,449.8,442,442.5,0
570924000,"1988-02-03 22:00:00",443.5,448.5,442.8,448.2,0
571010400,"1988-02-04 22:00:00",448.5,449,439.8,443.2,0
571269600,"1988-02-07 22:00:00",445.5,447.3,443.8,444,0
571356000,"1988-02-08 22:00:00",442,446.2,440,444.9,0
571442400,"1988-02-09 22:00:00",446.3,448.2,443.2,443.9,0
571528800,"1988-02-10 22:00:00",443.7,444.5,442.3,443.2,0
571615200,"1988-02-11 22:00:00",443,449.5,435,448.7,0
571960800,"1988-02-15 22:00:00",447.5,448.5,446.3,447.6,0
572047200,"1988-02-16 22:00:00",448.5,450.5,448,449.2,0
572133600,"1988-02-17 22:00:00",450.2,451.4,445,445.8,0
572220000,"1988-02-18 22:00:00",446.5,449.4,445.1,448,0
572479200,"1988-02-21 22:00:00",447,449.7,447,447.6,0
572565600,"1988-02-22 22:00:00",445.5,446.7,442.8,444.3,0
572652000,"1988-02-23 22:00:00",436,438.7,433.8,434.1,0
572738400,"1988-02-24 22:00:00",435.5,436.8,429.3,434.7,0
572824800,"1988-02-25 22:00:00",434.5,434.9,430.2,431.1,0
573084000,"1988-02-28 22:00:00",427,432.3,425.1,431.9,0
573170400,"1988-02-29 22:00:00",430.5,433,425.9,432.4,0
573256800,"1988-03-01 22:00:00",431.8,433.3,428.5,432.2,0
573343200,"1988-03-02 22:00:00",429.5,433,428.3,429.1,0
573429600,"1988-03-03 22:00:00",431.3,440.5,431.2,438.8,0
573688800,"1988-03-06 22:00:00",436.5,438.9,436.2,438.6,0
573775200,"1988-03-07 22:00:00",437.5,440.5,436.4,436.6,0
573861600,"1988-03-08 22:00:00",437,438.8,436.8,437.5,0
573948000,"1988-03-09 22:00:00",444,444.8,441.5,444.5,0
574034400,"1988-03-10 22:00:00",445.2,445.5,441.2,442.6,0
574293600,"1988-03-13 22:00:00",442.8,443.5,441.7,443.1,0
574380000,"1988-03-14 22:00:00",443.6,448.3,442.8,447.5,0
574466400,"1988-03-15 22:00:00",448.5,449.2,446.3,446.5,0
574552800,"1988-03-16 22:00:00",447,447.5,442.1,444.9,0
574639200,"1988-03-17 22:00:00",444,446.2,443.4,445.2,0
574898400,"1988-03-20 22:00:00",446.5,452.9,446.4,450.2,0
574984800,"1988-03-21 22:00:00",449.5,451.2,447.6,449.6,0
575071200,"1988-03-22 22:00:00",450.2,454,449,452,0
575157600,"1988-03-23 22:00:00",456.5,457.4,451.3,454.3,0
575244000,"1988-03-24 22:00:00",452.5,454.2,450.9,453.3,0
575503200,"1988-03-27 22:00:00",454.5,456.2,453.1,455.9,0
575589600,"1988-03-28 22:00:00",455,457.8,454.5,455.6,0
575676000,"1988-03-29 22:00:00",458.8,462.3,457,461.3,0
575762400,"1988-03-30 22:00:00",461.5,463.2,457.5,457.9,0
576104400,"1988-04-03 21:00:00",461.5,462.9,459,459.5,0
576190800,"1988-04-04 21:00:00",457,458.2,454.3,456.2,0
576277200,"1988-04-05 21:00:00",453.6,454,450.4,451.3,0
576363600,"1988-04-06 21:00:00",450,453.4,448.8,452.7,0
576450000,"1988-04-07 21:00:00",452,454.8,451.7,453.7,0
576709200,"1988-04-10 21:00:00",450.7,455.5,450.3,454.7,0
576795600,"1988-04-11 21:00:00",454,455,453,453.7,0
576882000,"1988-04-12 21:00:00",452.2,453.7,449.4,449.6,0
576968400,"1988-04-13 21:00:00",450,457.8,449.8,456.5,0
577054800,"1988-04-14 21:00:00",456.6,461,456.6,458.5,0
577314000,"1988-04-17 21:00:00",463,464,461.3,461.7,0
577400400,"1988-04-18 21:00:00",459.7,460.7,459,460.4,0
577486800,"1988-04-19 21:00:00",462.1,463.5,458,459,0
577573200,"1988-04-20 21:00:00",457.1,458,456.7,457.2,0
577659600,"1988-04-21 21:00:00",453.5,453.7,451,452.4,0
577918800,"1988-04-24 21:00:00",452.6,453.2,449.3,450.1,0
578005200,"1988-04-25 21:00:00",451.5,452.7,448.2,451.3,0
578091600,"1988-04-26 21:00:00",451,455,450.8,454.3,0
578178000,"1988-04-27 21:00:00",454.2,454.8,452.5,452.6,0
578264400,"1988-04-28 21:00:00",452.2,453.4,450.8,452.6,0
578523600,"1988-05-01 21:00:00",449.5,449.5,446,447.2,0
578610000,"1988-05-02 21:00:00",446.6,448.7,445,445.1,0
578696400,"1988-05-03 21:00:00",444.2,446.9,444.2,446.6,0
578782800,"1988-05-04 21:00:00",446.8,448,445.8,447,0
578869200,"1988-05-05 21:00:00",446.8,449,443.6,445.3,0
579128400,"1988-05-08 21:00:00",445.8,449.2,445.5,448.8,0
579214800,"1988-05-09 21:00:00",449,452.7,448,451.6,0
579301200,"1988-05-10 21:00:00",451.2,452.4,449.7,451.2,0
579387600,"1988-05-11 21:00:00",450.7,454.8,449.8,453.3,0
579474000,"1988-05-12 21:00:00",453,454.2,450.8,453.7,0
579733200,"1988-05-15 21:00:00",455.7,458.3,455,456,0
579819600,"1988-05-16 21:00:00",456,458.5,453.3,456.4,0
579906000,"1988-05-17 21:00:00",456,458.6,455.5,458.1,0
579992400,"1988-05-18 21:00:00",462,462.3,458,458.2,0
580078800,"1988-05-19 21:00:00",458.2,459.2,456.5,458.7,0
580338000,"1988-05-22 21:00:00",461.5,463,459,462.8,0
580424400,"1988-05-23 21:00:00",460.5,462.4,458.7,461.1,0
580510800,"1988-05-24 21:00:00",455.2,456.6,453.8,454.8,0
580597200,"1988-05-25 21:00:00",454.6,455.6,452.3,454.1,0
580683600,"1988-05-26 21:00:00",453.3,453.6,450.2,450.8,0
581029200,"1988-05-30 21:00:00",459,461,458.7,459.8,0
581115600,"1988-05-31 21:00:00",461.6,463.3,460.3,462.4,0
581202000,"1988-06-01 21:00:00",459.8,472.5,457.8,471.5,0
581288400,"1988-06-02 21:00:00",470,473.8,468.5,469.3,0
581547600,"1988-06-05 21:00:00",469.5,470.3,467.3,468.1,0
581634000,"1988-06-06 21:00:00",468.5,470,464.6,464.8,0
581720400,"1988-06-07 21:00:00",462.8,464.4,460.5,460.7,0
581806800,"1988-06-08 21:00:00",459,463.3,458.8,461.7,0
581893200,"1988-06-09 21:00:00",463,463.4,452.1,453.3,0
582152400,"1988-06-12 21:00:00",453.5,454.3,452.4,453.8,0
582238800,"1988-06-13 21:00:00",454.8,455.4,450.3,454.6,0
582325200,"1988-06-14 21:00:00",455.2,457.8,454.7,455.8,0
582411600,"1988-06-15 21:00:00",456.7,459,453.1,453.9,0
582498000,"1988-06-16 21:00:00",453.7,459.8,453.2,458.3,0
582757200,"1988-06-19 21:00:00",457.8,458.5,453.5,454.5,0
582843600,"1988-06-20 21:00:00",455.7,458,454.2,455.4,0
582930000,"1988-06-21 21:00:00",452,453.4,450.6,453,0
583016400,"1988-06-22 21:00:00",450,453.1,449.6,450.9,0
583102800,"1988-06-23 21:00:00",449,449.2,443.5,446,0
583362000,"1988-06-26 21:00:00",445.3,447.2,443.9,445.9,0
583448400,"1988-06-27 21:00:00",447,447.7,439.8,440.5,0
583534800,"1988-06-28 21:00:00",437.3,439.2,432.3,438.3,0
583621200,"1988-06-29 21:00:00",439.5,439.9,435.2,437.7,0
583707600,"1988-06-30 21:00:00",438.5,440.4,436.1,439.6,0
584053200,"1988-07-04 21:00:00",439.5,440.6,437.6,440.3,0
584139600,"1988-07-05 21:00:00",440,441.1,438.5,440.7,0
584226000,"1988-07-06 21:00:00",441.8,443.7,440,441.1,0
584312400,"1988-07-07 21:00:00",440.6,442.2,439.5,441,0
584571600,"1988-07-10 21:00:00",441.3,441.4,435.7,436.4,0
584658000,"1988-07-11 21:00:00",435.5,438.8,434.2,438.7,0
584744400,"1988-07-12 21:00:00",437.8,443,435.3,441.8,0
584830800,"1988-07-13 21:00:00",441.5,443.7,439.7,439.9,0
584917200,"1988-07-14 21:00:00",440,443.5,438.5,441.3,0
585176400,"1988-07-17 21:00:00",436.5,440.2,435.1,438.8,0
585262800,"1988-07-18 21:00:00",438.8,449,437,447.5,0
585349200,"1988-07-19 21:00:00",446.5,447.8,445,445.7,0
585435600,"1988-07-20 21:00:00",445.2,448.8,442,442.7,0
585522000,"1988-07-21 21:00:00",443.5,444.3,442.2,442.9,0
585781200,"1988-07-24 21:00:00",441.8,442,424,426.6,0
585867600,"1988-07-25 21:00:00",429,434.3,428.7,431.7,0
585954000,"1988-07-26 21:00:00",430.9,434.1,430.6,433.5,0
586040400,"1988-07-27 21:00:00",431,434.3,429.8,432.5,0
586126800,"1988-07-28 21:00:00",433,437.6,433,436.1,0
586386000,"1988-07-31 21:00:00",447.6,448.6,443.7,445.6,0
586472400,"1988-08-01 21:00:00",444.6,445,442,442.5,0
586558800,"1988-08-02 21:00:00",442.8,446,442.3,444.3,0
586645200,"1988-08-03 21:00:00",443.5,445.1,442.6,443.8,0
586731600,"1988-08-04 21:00:00",442.5,444.4,441.2,442.6,0
586990800,"1988-08-07 21:00:00",442.2,443.8,440,440.8,0
587077200,"1988-08-08 21:00:00",439.2,439.8,433,437.8,0
587163600,"1988-08-09 21:00:00",437.7,439.7,436.5,439.4,0
587250000,"1988-08-10 21:00:00",439.4,440.5,437.4,439.2,0
587336400,"1988-08-11 21:00:00",438.7,445,438.5,441.2,0
587595600,"1988-08-14 21:00:00",440,443.3,440,442.9,0
587682000,"1988-08-15 21:00:00",443,445.7,437.8,438.8,0
587768400,"1988-08-16 21:00:00",438.8,441,437.1,440.9,0
587854800,"1988-08-17 21:00:00",441.7,442.6,440.1,442.1,0
587941200,"1988-08-18 21:00:00",442.8,443,440.8,441.4,0
588200400,"1988-08-21 21:00:00",440.3,444.5,439.6,443.2,0
588286800,"1988-08-22 21:00:00",442.8,443.5,441.5,441.8,0
588373200,"1988-08-23 21:00:00",442.2,446.3,442,444.4,0
588459600,"1988-08-24 21:00:00",445.8,446.8,441.8,442.2,0
588546000,"1988-08-25 21:00:00",443.3,443.9,440.2,441.4,0
588805200,"1988-08-28 21:00:00",441.6,442.1,438,438.7,0
588891600,"1988-08-29 21:00:00",438,438.1,435.8,437.7,0
588978000,"1988-08-30 21:00:00",436.2,440.6,435.3,439.9,0
589064400,"1988-08-31 21:00:00",439,439.7,438.5,438.7,0
589150800,"1988-09-01 21:00:00",438.5,439,432.5,437.4,0
589496400,"1988-09-05 21:00:00",436.6,437.9,434.7,434.8,0
589582800,"1988-09-06 21:00:00",434.6,436.5,434,435.7,0
589669200,"1988-09-07 21:00:00",435.5,436.5,435.4,436.3,0
589755600,"1988-09-08 21:00:00",436.5,437.7,427.5,428.5,0
590014800,"1988-09-11 21:00:00",426,428.2,425,428,0
590101200,"1988-09-12 21:00:00",427.7,429.7,426.8,428.2,0
590187600,"1988-09-13 21:00:00",429.2,430.3,426.9,428,0
590274000,"1988-09-14 21:00:00",427.6,427.8,422.1,425,0
590360400,"1988-09-15 21:00:00",422.2,423,415,418.2,0
590619600,"1988-09-18 21:00:00",414,416.1,413.2,415.4,0
590706000,"1988-09-19 21:00:00",416.3,417,407,411.3,0
590792400,"1988-09-20 21:00:00",405.3,408.5,402.5,404,0
590878800,"1988-09-21 21:00:00",400.5,405.5,399,404.6,0
590965200,"1988-09-22 21:00:00",404.8,406.5,398,399.3,0
591224400,"1988-09-25 21:00:00",397,401.3,395.5,400.3,0
591310800,"1988-09-26 21:00:00",402,403,398.8,402.5,0
591397200,"1988-09-27 21:00:00",402.8,403.8,399.5,403.4,0
591483600,"1988-09-28 21:00:00",403.4,404.3,400.7,401.6,0
591570000,"1988-09-29 21:00:00",402.5,403.2,396.8,399.2,0
591829200,"1988-10-02 21:00:00",398.8,404.5,398.1,402.2,0
591915600,"1988-10-03 21:00:00",401.3,404.2,401.1,402.7,0
592002000,"1988-10-04 21:00:00",402.2,405.6,398.8,405.3,0
592088400,"1988-10-05 21:00:00",408,409.4,406.5,408,0
592174800,"1988-10-06 21:00:00",408,409.1,406,407.3,0
592434000,"1988-10-09 21:00:00",411,414.2,410.3,412.7,0
592520400,"1988-10-10 21:00:00",412,412.3,407.9,408.4,0
592606800,"1988-10-11 21:00:00",409.5,416,409.5,412.2,0
592693200,"1988-10-12 21:00:00",411.8,413.8,408.3,410.4,0
592779600,"1988-10-13 21:00:00",410.5,414.8,410.2,412.5,0
593038800,"1988-10-16 21:00:00",414.3,418.3,413.7,415.5,0
593125200,"1988-10-17 21:00:00",415.3,417,413.7,415.1,0
593211600,"1988-10-18 21:00:00",414.2,416.7,413.2,414.7,0
593298000,"1988-10-19 21:00:00",415.9,416.4,414.6,415.4,0
593384400,"1988-10-20 21:00:00",414.6,415.1,411.1,411.5,0
593643600,"1988-10-23 21:00:00",408.5,410,407.1,408.8,0
593730000,"1988-10-24 21:00:00",409.6,410.8,409,409.4,0
593816400,"1988-10-25 21:00:00",411,411.8,409.5,411.1,0
593902800,"1988-10-26 21:00:00",410.2,410.8,409.4,410.1,0
593989200,"1988-10-27 21:00:00",409.8,419,409.7,414.9,0
594252000,"1988-10-30 22:00:00",415.1,415.6,413.1,415.1,0
594338400,"1988-10-31 22:00:00",413.7,414.7,412.6,414,0
594424800,"1988-11-01 22:00:00",415.5,425.2,415.4,424.2,0
594511200,"1988-11-02 22:00:00",425,427.2,422.4,423.7,0
594597600,"1988-11-03 22:00:00",422.4,424.5,419.8,423.5,0
594856800,"1988-11-06 22:00:00",423,425,422.3,424.7,0
594943200,"1988-11-07 22:00:00",423.7,424.3,419.5,421.2,0
595029600,"1988-11-08 22:00:00",421.2,425.5,420.3,424.7,0
595116000,"1988-11-09 22:00:00",423.8,424.2,420.1,420.5,0
595202400,"1988-11-10 22:00:00",422.2,423.3,419.8,423.1,0
595461600,"1988-11-13 22:00:00",421.6,426.8,420.9,425.2,0
595548000,"1988-11-14 22:00:00",425.1,428.2,424.8,425.6,0
595634400,"1988-11-15 22:00:00",426,428.9,424.5,425.6,0
595720800,"1988-11-16 22:00:00",425,425.7,420.9,421.1,0
595807200,"1988-11-17 22:00:00",421.5,421.7,416.8,418.1,0
596066400,"1988-11-20 22:00:00",417.8,418.6,416,416.5,0
596152800,"1988-11-21 22:00:00",418.3,421.1,417.7,418.1,0
596239200,"1988-11-22 22:00:00",418.3,420.7,418.1,420.1,0
596671200,"1988-11-27 22:00:00",424.5,426,422,423.3,0
596757600,"1988-11-28 22:00:00",427.5,429.3,426.5,427.1,0
596844000,"1988-11-29 22:00:00",426.6,429.8,425.9,429.6,0
596930400,"1988-11-30 22:00:00",429.8,430.8,427.8,428.6,0
597016800,"1988-12-01 22:00:00",429.2,438,428.3,436.7,0
597276000,"1988-12-04 22:00:00",435.8,436.6,433.8,434.2,0
597362400,"1988-12-05 22:00:00",434,434.3,430.8,432.6,0
597448800,"1988-12-06 22:00:00",429,430.3,425.9,427.7,0
597535200,"1988-12-07 22:00:00",428.5,429,426.6,426.7,0
597621600,"1988-12-08 22:00:00",426,428,423.6,427.6,0
597880800,"1988-12-11 22:00:00",425.5,426,423.8,424.6,0
597967200,"1988-12-12 22:00:00",425,425.6,423.3,424.1,0
598053600,"1988-12-13 22:00:00",424.7,426.6,422.8,425.7,0
598140000,"1988-12-14 22:00:00",425.7,426,415.2,416.6,0
598226400,"1988-12-15 22:00:00",413,418.5,413,417.6,0
598485600,"1988-12-18 22:00:00",417.5,418.7,415.8,418,0
598572000,"1988-12-19 22:00:00",416.5,418.5,416.2,417.5,0
598658400,"1988-12-20 22:00:00",418.5,420.2,418.2,418.8,0
598744800,"1988-12-21 22:00:00",419.2,421.6,418.8,421.3,0
598831200,"1988-12-22 22:00:00",421,422,419.6,421.6,0
599176800,"1988-12-26 22:00:00",421.9,422.5,420.8,420.9,0
599263200,"1988-12-27 22:00:00",417.5,418.8,415,416.6,0
599349600,"1988-12-28 22:00:00",413.5,413.8,409.5,410.5,0
599436000,"1988-12-29 22:00:00",412.7,415.8,410.5,412.3,0
599781600,"1989-01-02 22:00:00",416.1,416.3,412.3,413.4,0
599868000,"1989-01-03 22:00:00",413.5,413.5,409,411,0
599954400,"1989-01-04 22:00:00",410,410.7,409.2,410.1,0
600040800,"1989-01-05 22:00:00",409.6,410.2,406.4,408.1,0
600300000,"1989-01-08 22:00:00",404.5,406.8,403.7,406.7,0
600386400,"1989-01-09 22:00:00",407,407.6,404.6,405.6,0
600472800,"1989-01-10 22:00:00",405.3,406.4,404,405.2,0
600559200,"1989-01-11 22:00:00",406,406.7,404,405.8,0
600645600,"1989-01-12 22:00:00",404.7,408.8,402.3,403.5,0
600904800,"1989-01-15 22:00:00",402.8,403.8,402.3,403.3,0
600991200,"1989-01-16 22:00:00",403.5,404.3,403.3,404,0
601077600,"1989-01-17 22:00:00",403.8,405.2,401.5,403.3,0
601164000,"1989-01-18 22:00:00",403.3,405.8,402.9,404.5,0
601250400,"1989-01-19 22:00:00",405.4,409.5,405.3,409.3,0
601509600,"1989-01-22 22:00:00",409,409.8,408,408.5,0
601596000,"1989-01-23 22:00:00",409.8,411.2,406,406.3,0
601682400,"1989-01-24 22:00:00",406,406.7,404.6,406.4,0
601768800,"1989-01-25 22:00:00",406.7,407.8,402.8,403.2,0
601855200,"1989-01-26 22:00:00",402.7,403.7,394.5,396.1,0
602114400,"1989-01-29 22:00:00",399,400.4,398.5,399.6,0
602200800,"1989-01-30 22:00:00",399.7,400.5,393.1,395.8,0
602287200,"1989-01-31 22:00:00",396,399.5,395.8,397.2,0
602373600,"1989-02-01 22:00:00",396,397.3,395.3,395.9,0
602460000,"1989-02-02 22:00:00",394,397.2,392.2,396.3,0
602719200,"1989-02-05 22:00:00",394.8,398,389.8,396.9,0
602805600,"1989-02-06 22:00:00",397,397.8,394.7,395.5,0
602892000,"1989-02-07 22:00:00",395.5,399.5,394.7,399.1,0
602978400,"1989-02-08 22:00:00",398.5,401.2,397.4,398,0
603064800,"1989-02-09 22:00:00",398.4,399.7,390.1,391.7,0
603324000,"1989-02-12 22:00:00",390.2,391.4,387.3,389.7,0
603410400,"1989-02-13 22:00:00",390,391.3,387.8,389,0
603496800,"1989-02-14 22:00:00",386,389.3,384.5,388.2,0
603583200,"1989-02-15 22:00:00",388,388.9,385.9,387.1,0
603669600,"1989-02-16 22:00:00",383.5,388.1,382,384.3,0
604015200,"1989-02-20 22:00:00",387.3,392.5,386.2,389.4,0
604101600,"1989-02-21 22:00:00",389.6,391.5,389.4,390.2,0
604188000,"1989-02-22 22:00:00",393.5,396.2,391.2,394,0
604274400,"1989-02-23 22:00:00",393.3,393.6,391.6,392.6,0
604533600,"1989-02-26 22:00:00",394.6,395.2,389.1,389.8,0
604620000,"1989-02-27 22:00:00",390,391,389.7,390.4,0
604706400,"1989-02-28 22:00:00",388.2,389.1,386.4,387.1,0
604792800,"1989-03-01 22:00:00",386.5,387.8,385.8,386.6,0
604879200,"1989-03-02 22:00:00",389.5,390.3,388.5,389.3,0
605138400,"1989-03-05 22:00:00",391.3,391.5,388.2,390.5,0
605224800,"1989-03-06 22:00:00",389,396,388.5,395.7,0
605311200,"1989-03-07 22:00:00",395.9,398.8,394.3,395.4,0
605397600,"1989-03-08 22:00:00",395.5,398.1,394.1,397.3,0
605484000,"1989-03-09 22:00:00",400,400.2,394.7,396.5,0
605743200,"1989-03-12 22:00:00",395.2,397,394.7,396.4,0
605829600,"1989-03-13 22:00:00",397.5,400,396.5,398.1,0
605916000,"1989-03-14 22:00:00",397,397.8,393,393.8,0
606002400,"1989-03-15 22:00:00",393,393.7,389.8,391.3,0
606088800,"1989-03-16 22:00:00",391.5,397,391.2,395,0
606348000,"1989-03-19 22:00:00",397.5,399,396.8,397.4,0
606434400,"1989-03-20 22:00:00",396.5,397,394.2,395.6,0
606520800,"1989-03-21 22:00:00",395,396.4,394.4,395.1,0
606607200,"1989-03-22 22:00:00",396.6,397.6,391.7,393.4,0
606952800,"1989-03-26 22:00:00",392.5,392.5,389.5,391.6,0
607039200,"1989-03-27 22:00:00",392,392.3,383.2,383.5,0
607125600,"1989-03-28 22:00:00",383.8,385.3,381.8,383.5,0
607212000,"1989-03-29 22:00:00",388.8,390.5,385.5,386.2,0
607298400,"1989-03-30 22:00:00",387.8,390.5,387.6,390,0
607554000,"1989-04-02 21:00:00",390.3,391.7,388.8,391.1,0
607640400,"1989-04-03 21:00:00",391.8,392.7,389.8,390.9,0
607726800,"1989-04-04 21:00:00",389.5,390,387.4,388.6,0
607813200,"1989-04-05 21:00:00",389,389.8,388.6,388.7,0
607899600,"1989-04-06 21:00:00",389.1,390.2,386,388,0
608158800,"1989-04-09 21:00:00",386.2,392.5,385.3,390.3,0
608245200,"1989-04-10 21:00:00",390.2,390.6,389.2,389.9,0
608331600,"1989-04-11 21:00:00",389.2,393.5,388.8,392.1,0
608418000,"1989-04-12 21:00:00",392.8,396.9,392.7,394.2,0
608504400,"1989-04-13 21:00:00",394.2,394.5,387.2,389.8,0
608763600,"1989-04-16 21:00:00",389.5,390.2,388.9,390.1,0
608850000,"1989-04-17 21:00:00",390,390.5,386.3,387.4,0
608936400,"1989-04-18 21:00:00",387.3,389.2,385.7,387.1,0
609022800,"1989-04-19 21:00:00",388.2,389.6,385.8,389.3,0
609109200,"1989-04-20 21:00:00",388.7,388.9,386.8,388.2,0
609368400,"1989-04-23 21:00:00",387.7,391.7,386.7,391,0
609454800,"1989-04-24 21:00:00",389.5,390.7,388.6,388.8,0
609541200,"1989-04-25 21:00:00",389,389,387.1,388.2,0
609627600,"1989-04-26 21:00:00",387.8,388.4,386,386.1,0
609714000,"1989-04-27 21:00:00",382,383.5,379.6,380.5,0
609973200,"1989-04-30 21:00:00",377.8,381.9,377.5,380.7,0
610059600,"1989-05-01 21:00:00",380.5,381.2,379.1,380.1,0
610146000,"1989-05-02 21:00:00",379.5,382.9,379.5,380.4,0
610232400,"1989-05-03 21:00:00",380.5,381.8,379.3,379.6,0
610318800,"1989-05-04 21:00:00",379.5,379.8,377,379.3,0
610578000,"1989-05-07 21:00:00",379.5,381.4,376.5,378.4,0
610664400,"1989-05-08 21:00:00",377.8,380.5,376.9,380.3,0
610750800,"1989-05-09 21:00:00",380.7,381.2,378.6,379,0
610837200,"1989-05-10 21:00:00",379.9,383,379.2,382.1,0
610923600,"1989-05-11 21:00:00",381.8,382.1,377.9,378.9,0
611182800,"1989-05-14 21:00:00",376.5,376.9,375.2,376.5,0
611269200,"1989-05-15 21:00:00",377,377.4,375.5,376.2,0
611355600,"1989-05-16 21:00:00",376,376,371.7,373.9,0
611442000,"1989-05-17 21:00:00",372.2,373.5,369.5,370.3,0
611528400,"1989-05-18 21:00:00",368.9,369,366.3,366.6,0
611787600,"1989-05-21 21:00:00",362,364.6,360.6,363.7,0
611874000,"1989-05-22 21:00:00",365.5,367.5,363.8,364.3,0
611960400,"1989-05-23 21:00:00",364.2,365.5,363.5,364.7,0
612046800,"1989-05-24 21:00:00",365.5,367.9,365.2,367.2,0
612133200,"1989-05-25 21:00:00",368.7,369.7,364.8,365.9,0
612478800,"1989-05-29 21:00:00",366.7,370.5,366.5,369.7,0
612565200,"1989-05-30 21:00:00",369.2,369.5,366.3,366.5,0
612651600,"1989-05-31 21:00:00",366.3,367.5,365.5,367.3,0
612738000,"1989-06-01 21:00:00",367.8,372,365.8,371.9,0
612997200,"1989-06-04 21:00:00",372.5,372.5,369.8,370.8,0
613083600,"1989-06-05 21:00:00",370,384.3,369.4,383.2,0
613170000,"1989-06-06 21:00:00",382,384,378.5,380.8,0
613256400,"1989-06-07 21:00:00",380.2,381,377.3,378.1,0
613342800,"1989-06-08 21:00:00",375,376.2,360.5,362,0
613602000,"1989-06-11 21:00:00",363,367,362.8,365.8,0
613688400,"1989-06-12 21:00:00",365,368.4,362.5,366.8,0
613774800,"1989-06-13 21:00:00",366.5,368.1,364.2,367.5,0
613861200,"1989-06-14 21:00:00",365.2,372.8,362.7,370.7,0
613947600,"1989-06-15 21:00:00",369.7,372.3,367.5,368.8,0
614206800,"1989-06-18 21:00:00",368.5,371.5,368.1,370.6,0
614293200,"1989-06-19 21:00:00",371.3,372,368.8,369.6,0
614379600,"1989-06-20 21:00:00",369.9,376,369.7,375.7,0
614466000,"1989-06-21 21:00:00",375,376.2,372.8,374.2,0
614552400,"1989-06-22 21:00:00",376.3,384.8,373.3,381.8,0
614811600,"1989-06-25 21:00:00",380.5,381.1,377.1,378.3,0
614898000,"1989-06-26 21:00:00",378.5,381.8,378.1,379.8,0
614984400,"1989-06-27 21:00:00",378.1,381.5,375,379.2,0
615070800,"1989-06-28 21:00:00",379,383,373.1,373.9,0
615157200,"1989-06-29 21:00:00",375.8,379.5,373.7,377.3,0
615416400,"1989-07-02 21:00:00",379.5,381.5,377.2,381.1,0
615589200,"1989-07-04 21:00:00",382.3,390.8,381.5,388.4,0
615675600,"1989-07-05 21:00:00",387.5,390.3,386.9,388.6,0
615762000,"1989-07-06 21:00:00",387,389.7,384.4,385.7,0
616021200,"1989-07-09 21:00:00",387.2,387.9,385.1,386.6,0
616107600,"1989-07-10 21:00:00",385,385,381.8,383.3,0
616194000,"1989-07-11 21:00:00",383,383.7,379,380.4,0
616280400,"1989-07-12 21:00:00",380.2,380.4,377.2,378.5,0
616366800,"1989-07-13 21:00:00",377.3,377.5,370.8,372.2,0
616626000,"1989-07-16 21:00:00",372.6,374.1,372.1,372.2,0
616712400,"1989-07-17 21:00:00",371.5,374.9,371,373.8,0
616798800,"1989-07-18 21:00:00",373,373.6,369,369.3,0
616885200,"1989-07-19 21:00:00",370.2,375,369.7,372.2,0
616971600,"1989-07-20 21:00:00",374,375,371,373,0
617230800,"1989-07-23 21:00:00",373,374.8,372.1,373.9,0
617317200,"1989-07-24 21:00:00",374,374.8,372.2,374.1,0
617403600,"1989-07-25 21:00:00",373.3,376.4,373.2,375,0
617490000,"1989-07-26 21:00:00",375.5,376.3,373.5,373.7,0
617576400,"1989-07-27 21:00:00",373,373,365.8,367,0
617835600,"1989-07-30 21:00:00",376.5,378.9,376.1,378.7,0
617922000,"1989-07-31 21:00:00",378.5,379.2,376.3,378.8,0
618008400,"1989-08-01 21:00:00",378.3,378.6,377.3,377.8,0
618094800,"1989-08-02 21:00:00",377.5,382.5,376.8,381.4,0
618181200,"1989-08-03 21:00:00",379.5,379.9,374.2,375.4,0
618440400,"1989-08-06 21:00:00",375.2,375.4,372,373.4,0
618526800,"1989-08-07 21:00:00",374.8,374.8,372.7,373.6,0
618613200,"1989-08-08 21:00:00",373,374.2,371.7,373.9,0
618699600,"1989-08-09 21:00:00",374.2,374.9,373.5,374.2,0
618786000,"1989-08-10 21:00:00",372.2,372.5,368.5,371.4,0
619045200,"1989-08-13 21:00:00",370.4,374,370.4,373.2,0
619131600,"1989-08-14 21:00:00",373.7,379,372.4,377.5,0
619218000,"1989-08-15 21:00:00",377,378.2,374.1,374.7,0
619304400,"1989-08-16 21:00:00",374,375.8,371.6,374.6,0
619390800,"1989-08-17 21:00:00",374,375.3,372.3,373.9,0
619650000,"1989-08-20 21:00:00",373.6,374.9,373.3,374.5,0
619736400,"1989-08-21 21:00:00",374.1,375.5,373.9,374.5,0
619822800,"1989-08-22 21:00:00",374.7,375.4,370.5,371.9,0
619909200,"1989-08-23 21:00:00",371.2,371.5,369.3,370.6,0
619995600,"1989-08-24 21:00:00",367.5,368.4,366.5,366.7,0
620254800,"1989-08-27 21:00:00",367,367.6,365.5,366,0
620341200,"1989-08-28 21:00:00",367.3,371.8,365.4,369.3,0
620427600,"1989-08-29 21:00:00",368.1,369,367,367.6,0
620514000,"1989-08-30 21:00:00",365.8,367.4,364.6,365.4,0
620600400,"1989-08-31 21:00:00",365.7,366.4,364.2,366.1,0
620946000,"1989-09-04 21:00:00",364.8,365.9,364,365.1,0
621032400,"1989-09-05 21:00:00",366.5,367.5,366.2,367.4,0
621118800,"1989-09-06 21:00:00",365.5,366.5,365.1,366,0
621205200,"1989-09-07 21:00:00",366,366.6,363.5,365,0
621464400,"1989-09-10 21:00:00",365,366.6,363.6,364.6,0
621550800,"1989-09-11 21:00:00",365.5,365.7,364.3,364.8,0
621637200,"1989-09-12 21:00:00",364.9,365.3,363.9,365,0
621723600,"1989-09-13 21:00:00",366,368.5,364.5,365.5,0
621810000,"1989-09-14 21:00:00",365.4,370,360.6,368.9,0
622069200,"1989-09-17 21:00:00",366.4,367.7,365,366.5,0
622155600,"1989-09-18 21:00:00",366.3,367.4,366,366.2,0
622242000,"1989-09-19 21:00:00",366.5,374,366.4,370.1,0
622328400,"1989-09-20 21:00:00",369,370.6,368.8,370.3,0
622414800,"1989-09-21 21:00:00",371.2,373.2,370.5,370.7,0
622674000,"1989-09-24 21:00:00",373.5,375,372.5,374.6,0
622760400,"1989-09-25 21:00:00",373.3,375.3,373,373.1,0
622846800,"1989-09-26 21:00:00",374.9,376.7,371.2,372.3,0
622933200,"1989-09-27 21:00:00",371.8,373.7,371.5,372.8,0
623019600,"1989-09-28 21:00:00",374.5,374.6,370.8,372,0
623278800,"1989-10-01 21:00:00",371.2,372.5,370.7,372.1,0
623365200,"1989-10-02 21:00:00",371.4,371.7,370.3,371.4,0
623451600,"1989-10-03 21:00:00",371.5,372.2,371.1,371.5,0
623538000,"1989-10-04 21:00:00",371.3,373,367.2,367.9,0
623624400,"1989-10-05 21:00:00",367.4,369,367.3,368.2,0
623883600,"1989-10-08 21:00:00",367.7,368,366.3,367.4,0
623970000,"1989-10-09 21:00:00",367.6,367.8,364.7,365.2,0
624056400,"1989-10-10 21:00:00",364.8,366.7,364.3,366.1,0
624142800,"1989-10-11 21:00:00",367.5,367.9,366.3,367.4,0
624229200,"1989-10-12 21:00:00",367.3,368.7,366.6,367.3,0
624488400,"1989-10-15 21:00:00",373,374,369.8,371.2,0
624574800,"1989-10-16 21:00:00",370.2,372.8,370.2,371.2,0
624661200,"1989-10-17 21:00:00",372.8,373.4,371.8,372.4,0
624747600,"1989-10-18 21:00:00",373.5,373.9,370,370.6,0
624834000,"1989-10-19 21:00:00",370.5,371.2,369.3,370.6,0
625093200,"1989-10-22 21:00:00",369.8,370.4,369.5,370.2,0
625179600,"1989-10-23 21:00:00",370.3,373.5,370.2,373.4,0
625266000,"1989-10-24 21:00:00",372.5,373.4,371.3,372.3,0
625352400,"1989-10-25 21:00:00",372.8,376.3,372,375.4,0
625438800,"1989-10-26 21:00:00",376,381.5,375.7,381.2,0
625701600,"1989-10-29 22:00:00",381.6,382.3,380,380.8,0
625788000,"1989-10-30 22:00:00",380,380.3,376.8,377.6,0
625874400,"1989-10-31 22:00:00",377.7,378.1,375.7,376.9,0
625960800,"1989-11-01 22:00:00",377,384.8,376.8,382.9,0
626047200,"1989-11-02 22:00:00",382.5,386,379.6,381,0
626306400,"1989-11-05 22:00:00",382.3,384.4,381.2,383.8,0
626392800,"1989-11-06 22:00:00",388,388.9,386.8,388.4,0
626479200,"1989-11-07 22:00:00",389,391.1,385.5,390.8,0
626565600,"1989-11-08 22:00:00",390.8,391.4,388.4,389,0
626652000,"1989-11-09 22:00:00",389.3,389.5,386.3,388.6,0
626911200,"1989-11-12 22:00:00",392.5,393.8,391.5,392.7,0
626997600,"1989-11-13 22:00:00",393.4,395,390,394.9,0
627084000,"1989-11-14 22:00:00",392.5,393.9,389.3,392.8,0
627170400,"1989-11-15 22:00:00",390.1,395.7,389.6,392.7,0
627256800,"1989-11-16 22:00:00",394.5,396,392.2,395.8,0
627516000,"1989-11-19 22:00:00",396.3,400,395.6,399.3,0
627602400,"1989-11-20 22:00:00",400.3,406.2,398.6,404.4,0
627688800,"1989-11-21 22:00:00",411.6,411.8,407,411.6,0
627861600,"1989-11-23 22:00:00",415.5,419.7,414.8,419.3,0
628120800,"1989-11-26 22:00:00",416.3,416.3,413,414.1,0
628207200,"1989-11-27 22:00:00",409.5,415.7,409,413.5,0
628293600,"1989-11-28 22:00:00",415.3,419.2,414.2,415.5,0
628380000,"1989-11-29 22:00:00",412.5,419,412,417.5,0
628466400,"1989-11-30 22:00:00",418.2,421.5,418,419.3,0
628725600,"1989-12-03 22:00:00",415,415.5,406.5,406.6,0
628812000,"1989-12-04 22:00:00",406.6,410.7,406.6,408.9,0
628898400,"1989-12-05 22:00:00",407.8,410.4,406.5,410.1,0
628984800,"1989-12-06 22:00:00",410.8,416,407.5,415,0
629071200,"1989-12-07 22:00:00",413.8,419.9,411.3,416.8,0
629330400,"1989-12-10 22:00:00",418.5,423.9,417.8,421.8,0
629416800,"1989-12-11 22:00:00",421,424.2,419.6,422.8,0
629503200,"1989-12-12 22:00:00",421.7,421.7,412.3,412.9,0
629589600,"1989-12-13 22:00:00",411.9,414.2,408.2,412.8,0
629676000,"1989-12-14 22:00:00",414.1,419.9,413.7,418.3,0
629935200,"1989-12-17 22:00:00",412.3,418,409.5,416.1,0
630021600,"1989-12-18 22:00:00",415.5,419.2,414.3,416.1,0
630108000,"1989-12-19 22:00:00",416.5,418.5,415.5,417.5,0
630194400,"1989-12-20 22:00:00",417.1,418,415.1,415.5,0
630280800,"1989-12-21 22:00:00",416,417,415.8,416.7,0
630626400,"1989-12-25 22:00:00",416.2,416.5,408.5,410.1,0
630712800,"1989-12-26 22:00:00",411.8,413.2,402,403.8,0
630799200,"1989-12-27 22:00:00",403.2,405.1,400.1,401.4,0
630885600,"1989-12-28 22:00:00",405.5,406.8,402.6,405.2,0
631231200,"1990-01-01 22:00:00",401,404.6,400.2,402.1,0
631317600,"1990-01-02 22:00:00",398.5,399,394.5,396.4,0
631404000,"1990-01-03 22:00:00",397.8,401.1,397.1,400.8,0
631490400,"1990-01-04 22:00:00",404.4,409.5,402.5,408.5,0
631749600,"1990-01-07 22:00:00",406.1,407.6,404.7,405,0
631836000,"1990-01-08 22:00:00",404.7,406.3,404.3,406.2,0
631922400,"1990-01-09 22:00:00",408.3,415.3,408.1,414.2,0
632008800,"1990-01-10 22:00:00",415.1,415.8,413.2,415.6,0
632095200,"1990-01-11 22:00:00",417.2,419.8,414,414.7,0
632354400,"1990-01-14 22:00:00",417.4,418.5,412.6,415.1,0
632440800,"1990-01-15 22:00:00",414,415.9,409,412.2,0
632527200,"1990-01-16 22:00:00",411.8,413.9,410.1,413.7,0
632613600,"1990-01-17 22:00:00",415.1,416.4,410.9,411.2,0
632700000,"1990-01-18 22:00:00",411,412.8,409,410.9,0
632959200,"1990-01-21 22:00:00",408.5,409.3,404.7,408,0
633045600,"1990-01-22 22:00:00",408.9,415,408,413.7,0
633132000,"1990-01-23 22:00:00",417.4,425,415.5,417.7,0
633218400,"1990-01-24 22:00:00",416.2,418.3,413.3,416.3,0
633304800,"1990-01-25 22:00:00",419.8,421.3,417,420.3,0
633564000,"1990-01-28 22:00:00",421.7,422,416.5,419.2,0
633650400,"1990-01-29 22:00:00",424.5,427,422.7,423.9,0
633736800,"1990-01-30 22:00:00",421,422,417,417.8,0
633823200,"1990-01-31 22:00:00",418.8,423.5,418.7,423.3,0
633909600,"1990-02-01 22:00:00",423.4,424.3,421.3,423.4,0
634168800,"1990-02-04 22:00:00",425.2,430.3,424.8,427.5,0
634255200,"1990-02-05 22:00:00",426.8,427.4,425.4,426.4,0
634341600,"1990-02-06 22:00:00",425.7,429.7,422.2,423.1,0
634428000,"1990-02-07 22:00:00",422.9,424.7,421.2,423.5,0
634514400,"1990-02-08 22:00:00",422.7,423.8,419.5,420.6,0
634773600,"1990-02-11 22:00:00",420.2,424.9,419.3,423.6,0
634860000,"1990-02-12 22:00:00",424.4,425.8,421.2,422,0
634946400,"1990-02-13 22:00:00",419.8,421.3,417.5,420.7,0
635032800,"1990-02-14 22:00:00",421.1,422,415.5,416.2,0
635119200,"1990-02-15 22:00:00",418.3,421.5,416.3,420.8,0
635464800,"1990-02-19 22:00:00",422.3,424.7,421.3,423.6,0
635551200,"1990-02-20 22:00:00",424.8,426.4,421.2,421.6,0
635637600,"1990-02-21 22:00:00",421.2,422.4,418.1,419,0
635724000,"1990-02-22 22:00:00",417.8,421.1,417.5,418.2,0
635983200,"1990-02-25 22:00:00",415.7,416,409.6,411.8,0
636069600,"1990-02-26 22:00:00",411.9,412.5,409.7,411,0
636156000,"1990-02-27 22:00:00",412.1,412.3,407.5,408.9,0
636242400,"1990-02-28 22:00:00",409.3,410.4,407.8,409,0
636328800,"1990-03-01 22:00:00",408.3,408.7,404,405.6,0
636588000,"1990-03-04 22:00:00",406.1,407.5,405,406.6,0
636674400,"1990-03-05 22:00:00",406.9,408.3,405.7,406.1,0
636760800,"1990-03-06 22:00:00",402.3,404.5,400.8,402.3,0
636847200,"1990-03-07 22:00:00",402.7,403.9,401.8,401.9,0
636933600,"1990-03-08 22:00:00",399.6,401.8,399,401.6,0
637192800,"1990-03-11 22:00:00",402.3,403.6,400.2,401.1,0
637279200,"1990-03-12 22:00:00",398.2,401.2,396.7,400.7,0
637365600,"1990-03-13 22:00:00",400.2,401.5,398.8,399.5,0
637452000,"1990-03-14 22:00:00",399,401.8,398.5,399.6,0
637538400,"1990-03-15 22:00:00",400.2,402.6,400.1,400.9,0
637797600,"1990-03-18 22:00:00",402.9,404.2,401.6,401.9,0
637884000,"1990-03-19 22:00:00",402.1,402.7,392.5,393.3,0
637970400,"1990-03-20 22:00:00",391.4,393.9,390.9,392.5,0
638056800,"1990-03-21 22:00:00",392,394.8,391.6,394.7,0
638143200,"1990-03-22 22:00:00",394.3,395.2,386.3,389.4,0
638402400,"1990-03-25 22:00:00",373.5,374,362.5,366.2,0
638488800,"1990-03-26 22:00:00",368.5,370.5,367.7,369.1,0
638575200,"1990-03-27 22:00:00",373.2,373.5,368,369.1,0
638661600,"1990-03-28 22:00:00",370.9,372.8,370,370.8,0
638748000,"1990-03-29 22:00:00",376.3,376.5,371.8,375,0
639003600,"1990-04-01 21:00:00",372.3,374.6,371.8,374.5,0
639090000,"1990-04-02 21:00:00",381.7,382.4,378.5,380.1,0
639176400,"1990-04-03 21:00:00",379.1,382.1,377.8,381.8,0
639262800,"1990-04-04 21:00:00",382.3,383.3,378.2,379.3,0
639349200,"1990-04-05 21:00:00",383.1,385.4,381.1,385.2,0
639608400,"1990-04-08 21:00:00",380.8,381.9,378.8,380.4,0
639694800,"1990-04-09 21:00:00",379.8,380.3,376.2,379.3,0
639781200,"1990-04-10 21:00:00",378,379.5,377.1,378.4,0
639867600,"1990-04-11 21:00:00",379.1,379.8,378.2,379.7,0
640213200,"1990-04-15 21:00:00",378.9,379.2,375.9,378.9,0
640299600,"1990-04-16 21:00:00",377.7,379.5,376.9,378.8,0
640386000,"1990-04-17 21:00:00",378.4,380.8,377.7,379.7,0
640472400,"1990-04-18 21:00:00",380.3,381.4,379,380.7,0
640558800,"1990-04-19 21:00:00",380.1,380.7,377.5,379.9,0
640818000,"1990-04-22 21:00:00",378.8,383,378.3,382.1,0
640904400,"1990-04-23 21:00:00",381.3,382.1,377.5,379,0
640990800,"1990-04-24 21:00:00",377.3,377.8,372,373.6,0
641077200,"1990-04-25 21:00:00",374.1,375.9,373.1,373.3,0
641163600,"1990-04-26 21:00:00",374.2,374.9,372.6,374,0
641422800,"1990-04-29 21:00:00",370.2,372,367.7,371.4,0
641509200,"1990-04-30 21:00:00",372.4,374.2,370.4,372.7,0
641595600,"1990-05-01 21:00:00",372.4,372.9,371.1,372,0
641682000,"1990-05-02 21:00:00",371.1,375,371.1,373.7,0
641768400,"1990-05-03 21:00:00",373.2,374.6,372.6,373.1,0
642027600,"1990-05-06 21:00:00",373.8,374.7,373.5,374,0
642114000,"1990-05-07 21:00:00",374.2,375.2,370.5,372,0
642200400,"1990-05-08 21:00:00",371.7,374,368.6,373.7,0
642286800,"1990-05-09 21:00:00",373,374.3,370.8,371.9,0
642373200,"1990-05-10 21:00:00",369,371.2,368.5,370.5,0
642632400,"1990-05-13 21:00:00",369.6,372,369.6,369.9,0
642718800,"1990-05-14 21:00:00",367,374,366.7,372.3,0
642805200,"1990-05-15 21:00:00",371,371.7,369.3,370.3,0
642891600,"1990-05-16 21:00:00",370.4,371.4,369.7,370.6,0
642978000,"1990-05-17 21:00:00",371,376.7,370.4,375.6,0
643237200,"1990-05-20 21:00:00",374.5,375.2,373.4,374.1,0
643323600,"1990-05-21 21:00:00",373.5,377.6,373.5,376.4,0
643410000,"1990-05-22 21:00:00",361,365.8,361,364.6,0
643496400,"1990-05-23 21:00:00",367,367.8,366.1,366.9,0
643582800,"1990-05-24 21:00:00",367.5,369.1,367.1,368.4,0
643928400,"1990-05-28 21:00:00",369,369.5,366.6,367.4,0
644014800,"1990-05-29 21:00:00",370.6,371.8,368,368.9,0
644101200,"1990-05-30 21:00:00",367.8,369,367.2,368.6,0
644187600,"1990-05-31 21:00:00",367.5,368.9,362.2,363.5,0
644446800,"1990-06-03 21:00:00",360.7,362.5,359.6,362.4,0
644533200,"1990-06-04 21:00:00",362.5,364.5,361.6,363.6,0
644619600,"1990-06-05 21:00:00",364.3,365.2,360,361,0
644706000,"1990-06-06 21:00:00",356.5,358.7,355.5,358.1,0
644792400,"1990-06-07 21:00:00",358,359.5,356.6,359.2,0
645051600,"1990-06-10 21:00:00",359.3,361.8,358.4,359.7,0
645138000,"1990-06-11 21:00:00",359.9,360.6,358.9,359.1,0
645224400,"1990-06-12 21:00:00",356.5,357.1,353.9,355.1,0
645310800,"1990-06-13 21:00:00",348.5,350.3,348.2,349.8,0
645397200,"1990-06-14 21:00:00",350.5,352.5,350,352.3,0
645656400,"1990-06-17 21:00:00",352.7,353.3,350.8,352,0
645742800,"1990-06-18 21:00:00",352,352.5,350.9,351.8,0
645829200,"1990-06-19 21:00:00",350.1,355,349.5,353.1,0
645915600,"1990-06-20 21:00:00",352.7,353.5,351.8,353.1,0
646002000,"1990-06-21 21:00:00",351,354,350.8,352.8,0
646261200,"1990-06-24 21:00:00",356.5,357.1,355.9,356.2,0
646347600,"1990-06-25 21:00:00",353.8,354.2,351.7,352.9,0
646434000,"1990-06-26 21:00:00",353.1,354,352.5,353.2,0
646520400,"1990-06-27 21:00:00",354.1,355.8,353.7,354.1,0
646606800,"1990-06-28 21:00:00",355.3,361,354.5,359.9,0
646866000,"1990-07-01 21:00:00",359.5,361.3,359.5,360.8,0
646952400,"1990-07-02 21:00:00",360.5,365.5,360,364.1,0
647125200,"1990-07-04 21:00:00",362.1,364,361.4,363.3,0
647211600,"1990-07-05 21:00:00",363.3,364.7,362.7,362.9,0
647470800,"1990-07-08 21:00:00",362.7,363.6,358.5,359.9,0
647557200,"1990-07-09 21:00:00",355,357.4,354.1,357.1,0
647643600,"1990-07-10 21:00:00",355.7,356.7,355.2,355.6,0
647730000,"1990-07-11 21:00:00",354.5,360.5,352,359.5,0
647816400,"1990-07-12 21:00:00",360.7,369,360.2,365.7,0
648075600,"1990-07-15 21:00:00",363.7,365.1,363.2,364.5,0
648162000,"1990-07-16 21:00:00",362.5,364.2,361.6,363,0
648248400,"1990-07-17 21:00:00",361.1,363.9,360.5,362.5,0
648334800,"1990-07-18 21:00:00",362.5,364.4,362,362.1,0
648421200,"1990-07-19 21:00:00",361.6,363.5,361.5,362,0
648680400,"1990-07-22 21:00:00",365.8,371.5,365.8,369.7,0
648766800,"1990-07-23 21:00:00",370,371,367.3,368.4,0
648853200,"1990-07-24 21:00:00",370,375.5,370,372.4,0
648939600,"1990-07-25 21:00:00",371,371.5,368.4,369.6,0
649026000,"1990-07-26 21:00:00",369.2,370.8,365.8,368,0
649285200,"1990-07-29 21:00:00",377,377.5,375.6,376.8,0
649371600,"1990-07-30 21:00:00",381,382.2,377.5,379.2,0
649458000,"1990-07-31 21:00:00",379.3,384.3,379.2,382.4,0
649544400,"1990-08-01 21:00:00",394.5,394.5,385.6,385.9,0
649630800,"1990-08-02 21:00:00",382.5,391,382,386.4,0
649890000,"1990-08-05 21:00:00",390.8,394,390.1,393.8,0
649976400,"1990-08-06 21:00:00",394.2,394.5,388.7,393.7,0
650062800,"1990-08-07 21:00:00",394.3,395.8,389.6,392.2,0
650149200,"1990-08-08 21:00:00",393.7,395.4,392,394.8,0
650235600,"1990-08-09 21:00:00",397.8,406,396.8,405.9,0
650494800,"1990-08-12 21:00:00",411,424.7,411,414,0
650581200,"1990-08-13 21:00:00",411,424.7,411,414,0
650667600,"1990-08-14 21:00:00",410.5,414.4,406.6,411.3,0
650754000,"1990-08-15 21:00:00",409.5,418,409.5,417.9,0
650840400,"1990-08-16 21:00:00",418.5,421.5,416.3,418.3,0
651099600,"1990-08-19 21:00:00",419.7,420.1,414.8,418.8,0
651186000,"1990-08-20 21:00:00",421.3,425,410,416,0
651272400,"1990-08-21 21:00:00",417.9,420.3,416.5,419.3,0
651358800,"1990-08-22 21:00:00",424.2,425,417,420.3,0
651445200,"1990-08-23 21:00:00",420.2,423.5,416.7,423.2,0
651704400,"1990-08-26 21:00:00",413,413,394,396.2,0
651790800,"1990-08-27 21:00:00",398.5,399.9,386,392.8,0
651877200,"1990-08-28 21:00:00",394,395.3,389.5,392.7,0
651963600,"1990-08-29 21:00:00",391.5,397.3,391.5,393.7,0
652050000,"1990-08-30 21:00:00",394.5,396.4,387.5,389.2,0
652395600,"1990-09-03 21:00:00",390.1,391.8,386.7,390.5,0
652482000,"1990-09-04 21:00:00",389,395.5,388.5,393,0
652568400,"1990-09-05 21:00:00",393.7,396.7,392.8,396.2,0
652654800,"1990-09-06 21:00:00",394.5,396.2,388.5,396,0
652914000,"1990-09-09 21:00:00",388.7,391.6,381.6,384.8,0
653000400,"1990-09-10 21:00:00",383.8,389.1,382.6,386.6,0
653086800,"1990-09-11 21:00:00",387,389.7,385.8,388.1,0
653173200,"1990-09-12 21:00:00",387.5,390.4,386.9,388.8,0
653259600,"1990-09-13 21:00:00",392.5,394,389,391,0
653518800,"1990-09-16 21:00:00",393,396,392.4,395.2,0
653605200,"1990-09-17 21:00:00",390.5,394.7,389.7,393.3,0
653691600,"1990-09-18 21:00:00",391.2,392.9,390,391.4,0
653778000,"1990-09-19 21:00:00",392.3,394.3,390.7,394.2,0
653864400,"1990-09-20 21:00:00",393.9,399,392,394.5,0
654123600,"1990-09-23 21:00:00",396.8,409,396.1,408.3,0
654210000,"1990-09-24 21:00:00",410,412.3,404.5,407.6,0
654296400,"1990-09-25 21:00:00",405.3,414,404.1,412.8,0
654382800,"1990-09-26 21:00:00",406.5,412.5,406.5,410.8,0
654469200,"1990-09-27 21:00:00",410.7,414.3,407.7,408.1,0
654728400,"1990-09-30 21:00:00",402.9,404,390,391.6,0
654814800,"1990-10-01 21:00:00",392.5,394,390.7,393.9,0
654901200,"1990-10-02 21:00:00",392.8,399,392.5,398.5,0
654987600,"1990-10-03 21:00:00",400.2,403.4,394.2,396.9,0
655074000,"1990-10-04 21:00:00",399.4,400.7,396.5,398.1,0
655333200,"1990-10-07 21:00:00",395.5,400.6,393.6,399.3,0
655419600,"1990-10-08 21:00:00",400.3,402.2,388,394,0
655506000,"1990-10-09 21:00:00",396.5,397.2,390.1,392.2,0
655592400,"1990-10-10 21:00:00",387.8,395.5,387.7,393.6,0
655678800,"1990-10-11 21:00:00",389.2,394.6,389.1,391.3,0
655938000,"1990-10-14 21:00:00",385.9,385.9,375.5,378.5,0
656024400,"1990-10-15 21:00:00",376,376,361.5,365.1,0
656110800,"1990-10-16 21:00:00",368.7,370.5,366.3,369.8,0
656197200,"1990-10-17 21:00:00",370,373.6,367.8,373,0
656283600,"1990-10-18 21:00:00",374.5,377.6,371.8,375.7,0
656542800,"1990-10-21 21:00:00",369,375,368.7,372.4,0
656629200,"1990-10-22 21:00:00",373.5,376.3,372.4,373.9,0
656715600,"1990-10-23 21:00:00",372.8,376.2,372.3,376,0
656802000,"1990-10-24 21:00:00",376.3,379.4,376.1,378.3,0
656888400,"1990-10-25 21:00:00",379.8,380.2,370.6,373.2,0
657151200,"1990-10-28 22:00:00",373,376.5,372.9,375.8,0
657237600,"1990-10-29 22:00:00",375.5,382.3,374.3,381.7,0
657324000,"1990-10-30 22:00:00",383,384.3,378.3,381.3,0
657410400,"1990-10-31 22:00:00",383,385.8,381.6,383.1,0
657496800,"1990-11-01 22:00:00",381.6,382,376.1,378,0
657756000,"1990-11-04 22:00:00",378.3,383.3,377.8,381.1,0
657842400,"1990-11-05 22:00:00",382.4,388.6,379.6,388.1,0
657928800,"1990-11-06 22:00:00",385.8,391.5,385.5,387.9,0
658015200,"1990-11-07 22:00:00",388,389,385.3,388.9,0
658101600,"1990-11-08 22:00:00",387.3,388,383.3,386.3,0
658360800,"1990-11-11 22:00:00",383,384.5,381.6,383.3,0
658447200,"1990-11-12 22:00:00",384,387.5,383.8,387,0
658533600,"1990-11-13 22:00:00",385,386.4,377,378.5,0
658620000,"1990-11-14 22:00:00",379.3,381.1,378.5,380,0
658706400,"1990-11-15 22:00:00",380.6,381.5,376,379.8,0
658965600,"1990-11-18 22:00:00",378.2,384,377.3,382.3,0
659052000,"1990-11-19 22:00:00",380,381,376.3,378.5,0
659138400,"1990-11-20 22:00:00",378.2,381.5,376.7,379.8,0
659311200,"1990-11-22 22:00:00",381.3,385.2,381.3,384.5,0
659570400,"1990-11-25 22:00:00",387,388.7,386.5,386.7,0
659656800,"1990-11-26 22:00:00",383,387,382.8,385.8,0
659743200,"1990-11-27 22:00:00",384.5,386.7,384.3,385.7,0
659829600,"1990-11-28 22:00:00",388.5,393.3,388,391.7,0
659916000,"1990-11-29 22:00:00",388.3,389.8,383.7,385.7,0
660175200,"1990-12-02 22:00:00",384.9,385.9,377.5,378.5,0
660261600,"1990-12-03 22:00:00",380.3,381.8,378.8,380.5,0
660348000,"1990-12-04 22:00:00",381,381.8,374.1,375.8,0
660434400,"1990-12-05 22:00:00",373,374.2,369.1,373.2,0
660520800,"1990-12-06 22:00:00",373.7,375,370.8,372.1,0
660780000,"1990-12-09 22:00:00",374.5,377.8,374.4,375.9,0
660866400,"1990-12-10 22:00:00",373,376.7,372.2,373.6,0
660952800,"1990-12-11 22:00:00",374,375.1,372.7,374.5,0
661039200,"1990-12-12 22:00:00",373.9,376.4,373.5,376.1,0
661125600,"1990-12-13 22:00:00",374.6,379.5,374.1,378.6,0
661384800,"1990-12-16 22:00:00",379.6,380.5,378.8,379.3,0
661471200,"1990-12-17 22:00:00",379,381.1,378.2,378.4,0
661557600,"1990-12-18 22:00:00",379,388.4,379,388,0
661644000,"1990-12-19 22:00:00",386.5,391,386,386.7,0
661730400,"1990-12-20 22:00:00",386.2,387.8,380.8,384.3,0
661989600,"1990-12-23 22:00:00",384.3,384.3,384.3,384.3,0
662162400,"1990-12-25 22:00:00",385.6,388.1,384.5,387.4,0
662248800,"1990-12-26 22:00:00",386.5,388,384.8,387.6,0
662335200,"1990-12-27 22:00:00",388.3,396.5,387.5,396.2,0
662594400,"1990-12-30 22:00:00",394.8,396.5,394.3,396.2,0
662767200,"1991-01-01 22:00:00",395.1,395.5,389.5,391.1,0
662853600,"1991-01-02 22:00:00",388,390,385,388.9,0
662940000,"1991-01-03 22:00:00",389.5,390.7,386.2,387.2,0
663199200,"1991-01-06 22:00:00",393.2,396.8,392.2,396.2,0
663285600,"1991-01-07 22:00:00",392.5,392.9,389.5,392.3,0
663372000,"1991-01-08 22:00:00",387.7,394.5,379.5,393,0
663458400,"1991-01-09 22:00:00",390.6,393.5,390.6,392.1,0
663544800,"1991-01-10 22:00:00",393.7,395.5,392.1,393.3,0
663804000,"1991-01-13 22:00:00",399.5,402.5,398.5,401.6,0
663890400,"1991-01-14 22:00:00",399.6,403.5,399.3,400.2,0
663976800,"1991-01-15 22:00:00",405.8,406.9,396,404.5,0
664063200,"1991-01-16 22:00:00",374,380.8,374,374.4,0
664149600,"1991-01-17 22:00:00",377.5,379.8,371,375.1,0
664408800,"1991-01-20 22:00:00",379,380.9,378,379.5,0
664495200,"1991-01-21 22:00:00",381.6,382.2,379.7,380.1,0
664581600,"1991-01-22 22:00:00",378,380.5,377.8,378.9,0
664668000,"1991-01-23 22:00:00",376,376.5,371.5,373.5,0
664754400,"1991-01-24 22:00:00",374.1,377.5,374,376.1,0
665013600,"1991-01-27 22:00:00",374.6,378.5,374.6,377.1,0
665100000,"1991-01-28 22:00:00",378,378.3,375.5,376.4,0
665186400,"1991-01-29 22:00:00",368.5,371.7,367.8,371.5,0
665272800,"1991-01-30 22:00:00",371.2,372,368.3,368.5,0
665359200,"1991-01-31 22:00:00",371.5,372.8,366.5,368.7,0
665618400,"1991-02-03 22:00:00",369.5,372,369.5,371.6,0
665704800,"1991-02-04 22:00:00",369,370.4,368.7,368.9,0
665791200,"1991-02-05 22:00:00",363.5,367,363,365.2,0
665877600,"1991-02-06 22:00:00",366.5,372.4,366.2,370,0
665964000,"1991-02-07 22:00:00",370.8,373.7,370.6,372.4,0
666223200,"1991-02-10 22:00:00",370.7,371.3,368.5,369.1,0
666309600,"1991-02-11 22:00:00",365.7,372.2,365.1,370.3,0
666396000,"1991-02-12 22:00:00",369.8,370.8,368.8,369.5,0
666482400,"1991-02-13 22:00:00",369.3,371.8,369.2,370.2,0
666568800,"1991-02-14 22:00:00",365.7,368.5,365.6,366.1,0
666914400,"1991-02-18 22:00:00",364.6,367.4,362.5,366.1,0
667000800,"1991-02-19 22:00:00",366.2,367.6,365,366.1,0
667087200,"1991-02-20 22:00:00",363.1,366.6,363.1,364.1,0
667173600,"1991-02-21 22:00:00",361,362,357,358.3,0
667432800,"1991-02-24 22:00:00",359,361.4,358.7,360.8,0
667519200,"1991-02-25 22:00:00",361,362.9,359.7,360.2,0
667605600,"1991-02-26 22:00:00",361.9,364,361.1,363.3,0
667692000,"1991-02-27 22:00:00",365.5,370.3,364.5,369,0
667778400,"1991-02-28 22:00:00",368.5,369.9,367.3,368.6,0
668037600,"1991-03-03 22:00:00",367,370,366.7,369.5,0
668124000,"1991-03-04 22:00:00",365.5,367.8,365.5,366.3,0
668210400,"1991-03-05 22:00:00",365.5,372,365.2,367.5,0
668296800,"1991-03-06 22:00:00",367.3,369.3,367,368.5,0
668383200,"1991-03-07 22:00:00",368.3,372.8,368.3,371.2,0
668642400,"1991-03-10 22:00:00",370.6,371,364.8,366.2,0
668728800,"1991-03-11 22:00:00",364.6,366.9,364.5,366.1,0
668815200,"1991-03-12 22:00:00",366.6,369.5,366.6,368.1,0
668901600,"1991-03-13 22:00:00",367.1,367.5,365.3,366.3,0
668988000,"1991-03-14 22:00:00",364.7,368.2,364.7,365.8,0
669247200,"1991-03-17 22:00:00",363,364.9,361.9,363.7,0
669333600,"1991-03-18 22:00:00",362.7,367.7,362.6,364.5,0
669420000,"1991-03-19 22:00:00",365.5,366.4,363.4,363.6,0
669506400,"1991-03-20 22:00:00",362.7,364.9,361.8,363.5,0
669592800,"1991-03-21 22:00:00",364.1,364.7,363.2,363.5,0
669852000,"1991-03-24 22:00:00",361.5,362,358.3,359.4,0
669938400,"1991-03-25 22:00:00",359.5,360,356.4,357.6,0
670024800,"1991-03-26 22:00:00",355,357.5,354.5,356.3,0
670111200,"1991-03-27 22:00:00",355.5,357.7,355.5,357.1,0
670456800,"1991-03-31 22:00:00",359.1,362.7,359.1,362.4,0
670543200,"1991-04-01 22:00:00",359.8,361.6,359.8,360.5,0
670629600,"1991-04-02 22:00:00",362.6,363.4,361.8,362.2,0
670716000,"1991-04-03 22:00:00",361.3,362.7,361.3,361.7,0
670802400,"1991-04-04 22:00:00",361.3,363,359.3,362.1,0
671058000,"1991-04-07 21:00:00",362.1,364.7,361.9,364,0
671144400,"1991-04-08 21:00:00",364.7,368.2,364.7,367.2,0
671230800,"1991-04-09 21:00:00",366.4,367.3,365.7,366.3,0
671317200,"1991-04-10 21:00:00",364.5,365.7,364.3,364.8,0
671403600,"1991-04-11 21:00:00",365,365.6,361.5,362.7,0
671662800,"1991-04-14 21:00:00",363.3,363.7,362.1,363.2,0
671749200,"1991-04-15 21:00:00",363.5,364.4,362.7,363.1,0
671835600,"1991-04-16 21:00:00",363.9,364.4,363.2,363.7,0
671922000,"1991-04-17 21:00:00",364,364.7,359,360.2,0
672008400,"1991-04-18 21:00:00",359.2,359.9,358.1,359,0
672267600,"1991-04-21 21:00:00",357.9,360.3,357.5,359.7,0
672354000,"1991-04-22 21:00:00",359,359.5,356.8,358.9,0
672440400,"1991-04-23 21:00:00",358.2,358.7,356.3,358.1,0
672526800,"1991-04-24 21:00:00",355.2,356.2,354.6,355.8,0
672613200,"1991-04-25 21:00:00",356,356.6,355,355.5,0
672872400,"1991-04-28 21:00:00",353.5,354.2,352.6,354.1,0
672958800,"1991-04-29 21:00:00",356.2,361.3,356.1,357.7,0
673045200,"1991-04-30 21:00:00",358.6,358.9,357.5,357.7,0
673131600,"1991-05-01 21:00:00",356.3,357,355.3,356.7,0
673218000,"1991-05-02 21:00:00",357.8,358.7,354.6,355.5,0
673477200,"1991-05-05 21:00:00",355,357.2,355,356.9,0
673563600,"1991-05-06 21:00:00",357.3,359.5,357.1,358.1,0
673650000,"1991-05-07 21:00:00",357.7,359.2,357.7,358.5,0
673736400,"1991-05-08 21:00:00",358.2,359.4,357.6,359.3,0
673822800,"1991-05-09 21:00:00",357.9,358.7,357.8,358.3,0
674082000,"1991-05-12 21:00:00",358.4,361,357.9,359.8,0
674168400,"1991-05-13 21:00:00",359.8,361.8,358,361.2,0
674254800,"1991-05-14 21:00:00",362.3,363.2,360.8,360.9,0
674341200,"1991-05-15 21:00:00",360.4,360.5,356,357.1,0
674427600,"1991-05-16 21:00:00",356,357,354.9,356,0
674686800,"1991-05-19 21:00:00",355.6,358.8,355.5,358.1,0
674773200,"1991-05-20 21:00:00",357.9,358.4,357.4,357.9,0
674859600,"1991-05-21 21:00:00",358.4,358.8,356.7,356.8,0
674946000,"1991-05-22 21:00:00",355.6,356.5,354.8,355.5,0
675032400,"1991-05-23 21:00:00",356.8,357.1,355.8,356.8,0
675378000,"1991-05-27 21:00:00",356.7,365,354.7,363.7,0
675464400,"1991-05-28 21:00:00",361.8,362.8,361.1,361.2,0
675550800,"1991-05-29 21:00:00",363.4,367.7,362.8,366.5,0
675637200,"1991-05-30 21:00:00",364.6,365.2,363.2,364.8,0
675896400,"1991-06-02 21:00:00",366.8,367.7,366.2,366.4,0
675982800,"1991-06-03 21:00:00",366.1,366.6,364.5,365.8,0
676069200,"1991-06-04 21:00:00",366.2,366.4,365.3,365.7,0
676155600,"1991-06-05 21:00:00",366.7,368.8,365.9,368.1,0
676242000,"1991-06-06 21:00:00",369.5,371.3,369.3,369.5,0
676501200,"1991-06-09 21:00:00",373.5,377.9,373,376.6,0
676587600,"1991-06-10 21:00:00",374.5,375.3,373.7,373.9,0
676674000,"1991-06-11 21:00:00",373.5,376.6,372.8,373.1,0
676760400,"1991-06-12 21:00:00",372,373.6,371.6,372.9,0
676846800,"1991-06-13 21:00:00",371.2,372.1,368.4,369.8,0
677106000,"1991-06-16 21:00:00",370.3,371.1,369.6,370.8,0
677192400,"1991-06-17 21:00:00",371.5,375,368.5,370.9,0
677278800,"1991-06-18 21:00:00",370.3,371.3,369.5,371.1,0
677365200,"1991-06-19 21:00:00",370.5,370.9,369,370.4,0
677451600,"1991-06-20 21:00:00",369.8,370.2,367.3,368.1,0
677710800,"1991-06-23 21:00:00",367.8,368.3,361.5,365.2,0
677797200,"1991-06-24 21:00:00",365,367.3,365,366.7,0
677883600,"1991-06-25 21:00:00",368.1,369.6,367.5,367.9,0
677970000,"1991-06-26 21:00:00",367.1,368.4,366,367.9,0
678056400,"1991-06-27 21:00:00",370.3,373,368.7,370,0
678315600,"1991-06-30 21:00:00",370.2,372.2,369,369.9,0
678402000,"1991-07-01 21:00:00",367.8,369.8,367.8,369.4,0
678488400,"1991-07-02 21:00:00",371.2,372.3,370.3,371.6,0
678920400,"1991-07-07 21:00:00",372.1,372.6,371.5,372.1,0
679006800,"1991-07-08 21:00:00",370,371.1,369.9,370.6,0
679093200,"1991-07-09 21:00:00",372.2,373.2,371.1,371.2,0
679179600,"1991-07-10 21:00:00",370,370.4,368,368.9,0
679266000,"1991-07-11 21:00:00",369,370.2,368.3,369.6,0
679525200,"1991-07-14 21:00:00",370.5,370.8,368.5,370.1,0
679611600,"1991-07-15 21:00:00",369.5,370,369,369.8,0
679698000,"1991-07-16 21:00:00",370,370.8,369.6,370.5,0
679784400,"1991-07-17 21:00:00",371.6,372.8,369.6,370.9,0
679870800,"1991-07-18 21:00:00",371,371.8,370.7,371.2,0
680130000,"1991-07-21 21:00:00",370.8,371.1,366.3,368.1,0
680216400,"1991-07-22 21:00:00",368.1,368.9,367.7,368.5,0
680302800,"1991-07-23 21:00:00",367.2,367.4,364.1,364.7,0
680389200,"1991-07-24 21:00:00",365.2,365.7,363.6,364.7,0
680475600,"1991-07-25 21:00:00",364.4,366.5,363.9,366.3,0
680734800,"1991-07-28 21:00:00",365.8,366.1,362.3,363.4,0
680821200,"1991-07-29 21:00:00",368.8,370,367.8,369.8,0
680907600,"1991-07-30 21:00:00",370.7,371.6,369.4,370.8,0
680994000,"1991-07-31 21:00:00",370.7,370.9,370,370.3,0
681080400,"1991-08-01 21:00:00",366.5,366.7,360.8,362.3,0
681339600,"1991-08-04 21:00:00",361.3,363.2,360.2,362.7,0
681426000,"1991-08-05 21:00:00",363.4,363.8,362.9,363.1,0
681512400,"1991-08-06 21:00:00",361.9,363.4,361.8,362.8,0
681598800,"1991-08-07 21:00:00",363.4,364.1,362.5,363.3,0
681685200,"1991-08-08 21:00:00",364.8,364.9,363.3,364.4,0
681944400,"1991-08-11 21:00:00",363.8,364.2,363.4,363.5,0
682030800,"1991-08-12 21:00:00",362.8,362.9,362,362.2,0
682117200,"1991-08-13 21:00:00",361.8,364.6,360.6,363.6,0
682203600,"1991-08-14 21:00:00",363.3,366,362.6,362.7,0
682290000,"1991-08-15 21:00:00",362.9,364,362.3,363.5,0
682549200,"1991-08-18 21:00:00",368.2,368.5,362.4,364.1,0
682635600,"1991-08-19 21:00:00",363.7,364,357.5,361.3,0
682722000,"1991-08-20 21:00:00",360.3,362.5,360.1,362.1,0
682808400,"1991-08-21 21:00:00",361.5,361.9,359.3,359.4,0
682894800,"1991-08-22 21:00:00",357.8,359.2,357.1,358.6,0
683154000,"1991-08-25 21:00:00",359.1,360.5,359,360.3,0
683240400,"1991-08-26 21:00:00",359.2,360.8,358.6,359.5,0
683326800,"1991-08-27 21:00:00",361,361.1,357.7,358.9,0
683413200,"1991-08-28 21:00:00",357.5,358.2,355,355.7,0
683499600,"1991-08-29 21:00:00",351.2,353,350.1,352.9,0
683845200,"1991-09-02 21:00:00",351.3,353.4,350.6,352.9,0
683931600,"1991-09-03 21:00:00",353.2,353.5,352.7,353,0
684018000,"1991-09-04 21:00:00",351,351.9,350.8,351.4,0
684104400,"1991-09-05 21:00:00",351.4,353.5,350.8,353.4,0
684363600,"1991-09-08 21:00:00",354.5,357,354.3,355.2,0
684450000,"1991-09-09 21:00:00",355.6,356.4,353.7,354,0
684536400,"1991-09-10 21:00:00",349.1,349.8,346,349.4,0
684622800,"1991-09-11 21:00:00",349.7,350.7,348.1,348.2,0
684709200,"1991-09-12 21:00:00",347.6,349.2,347.4,348.2,0
684968400,"1991-09-15 21:00:00",349.2,350.1,348.2,348.3,0
685054800,"1991-09-16 21:00:00",350.6,351.2,349.5,350.4,0
685141200,"1991-09-17 21:00:00",351.9,352.8,351.3,352.3,0
685227600,"1991-09-18 21:00:00",353.6,353.8,351.7,352,0
685314000,"1991-09-19 21:00:00",351.4,352.5,351.3,352.1,0
685573200,"1991-09-22 21:00:00",352.5,354.4,352.4,354.3,0
685659600,"1991-09-23 21:00:00",355.4,358,355,357.2,0
685746000,"1991-09-24 21:00:00",355.9,356.9,355.4,356.3,0
685832400,"1991-09-25 21:00:00",355.4,355.9,353.3,354.1,0
685918800,"1991-09-26 21:00:00",351.7,352.5,350.8,352.4,0
686178000,"1991-09-29 21:00:00",355.4,359.5,355,357.3,0
686264400,"1991-09-30 21:00:00",357.1,357.7,356.7,357.3,0
686350800,"1991-10-01 21:00:00",360.3,360.6,357.7,358.6,0
686437200,"1991-10-02 21:00:00",359.5,361.5,359,360.6,0
686523600,"1991-10-03 21:00:00",359.8,362,358.6,361.7,0
686782800,"1991-10-06 21:00:00",361.1,363.4,360.5,362,0
686869200,"1991-10-07 21:00:00",360.2,361.1,359.1,360.2,0
686955600,"1991-10-08 21:00:00",360.4,362.2,360.2,362.1,0
687042000,"1991-10-09 21:00:00",362.8,363.2,361.1,361.3,0
687128400,"1991-10-10 21:00:00",359.9,363.5,359.8,362.4,0
687387600,"1991-10-13 21:00:00",363.1,363.3,360.6,361.3,0
687474000,"1991-10-14 21:00:00",361.1,361.5,359.7,360.1,0
687560400,"1991-10-15 21:00:00",358.1,360.6,357.9,360.5,0
687646800,"1991-10-16 21:00:00",360.9,362.6,360,362.3,0
687733200,"1991-10-17 21:00:00",362.6,365,361.6,364.4,0
687992400,"1991-10-20 21:00:00",366.1,367.4,365.6,365.9,0
688078800,"1991-10-21 21:00:00",365.2,366.1,364.7,366,0
688165200,"1991-10-22 21:00:00",364.8,365,363.8,364.3,0
688251600,"1991-10-23 21:00:00",362.6,364.2,362.4,364,0
688338000,"1991-10-24 21:00:00",364.6,365,362.5,362.7,0
688600800,"1991-10-27 22:00:00",361.2,361.5,359.5,360.8,0
688687200,"1991-10-28 22:00:00",360.5,361.2,358.2,361.1,0
688773600,"1991-10-29 22:00:00",361.8,361.9,360.3,360.5,0
688860000,"1991-10-30 22:00:00",359.3,360.2,358.8,359.5,0
688946400,"1991-10-31 22:00:00",359.5,359.9,356.5,356.9,0
689205600,"1991-11-03 22:00:00",358.1,358.3,357.4,358.1,0
689292000,"1991-11-04 22:00:00",358.1,358.6,355.3,355.4,0
689378400,"1991-11-05 22:00:00",355.4,356.3,354.7,355.8,0
689464800,"1991-11-06 22:00:00",356.4,356.7,354.4,354.7,0
689551200,"1991-11-07 22:00:00",354.4,355.7,353.6,355.2,0
689810400,"1991-11-10 22:00:00",355.9,356.3,355.5,356.2,0
689896800,"1991-11-11 22:00:00",356.2,357.5,355.7,356.7,0
689983200,"1991-11-12 22:00:00",357.6,358.2,356.4,357.3,0
690069600,"1991-11-13 22:00:00",356.6,357,355.6,355.7,0
690156000,"1991-11-14 22:00:00",355.8,361,355.7,360.1,0
690415200,"1991-11-17 22:00:00",360.7,362.5,360.1,361.5,0
690501600,"1991-11-18 22:00:00",361.4,365.5,361.3,364.4,0
690588000,"1991-11-19 22:00:00",363.7,365.8,363.3,364.7,0
690674400,"1991-11-20 22:00:00",364.1,370.7,363.7,368.6,0
690760800,"1991-11-21 22:00:00",368.7,370.2,367.9,369.6,0
691020000,"1991-11-24 22:00:00",368.8,370.3,367.9,368.3,0
691106400,"1991-11-25 22:00:00",366.9,368,365.8,366.3,0
691192800,"1991-11-26 22:00:00",366.9,368.6,366.8,367.9,0
691365600,"1991-11-28 22:00:00",369.7,371.2,369.3,371.1,0
691624800,"1991-12-01 22:00:00",371.6,372.4,369.6,369.9,0
691711200,"1991-12-02 22:00:00",367.3,368.1,365.4,366.4,0
691797600,"1991-12-03 22:00:00",369.1,369.6,367.5,367.9,0
691884000,"1991-12-04 22:00:00",368.7,370.2,366.6,370,0
691970400,"1991-12-05 22:00:00",370.9,373,370.2,371.9,0
692229600,"1991-12-08 22:00:00",374.2,374.9,371.5,371.6,0
692316000,"1991-12-09 22:00:00",373,373.1,370.3,371.1,0
692402400,"1991-12-10 22:00:00",369.6,370.2,367.7,368.6,0
692488800,"1991-12-11 22:00:00",368.8,369,358.2,359.9,0
692575200,"1991-12-12 22:00:00",360.4,361.5,359.2,361.3,0
692834400,"1991-12-15 22:00:00",361.9,362.2,360.6,360.9,0
692920800,"1991-12-16 22:00:00",359.3,359.7,357.8,359.1,0
693007200,"1991-12-17 22:00:00",360.7,361.3,359,360.8,0
693093600,"1991-12-18 22:00:00",359.9,361.2,358.9,359.1,0
693180000,"1991-12-19 22:00:00",357.9,361.5,356.8,360.3,0
693439200,"1991-12-22 22:00:00",361.1,362.7,360.7,361,0
693525600,"1991-12-23 22:00:00",360.8,361.2,360.3,360.7,0
693698400,"1991-12-25 22:00:00",358.5,359,355.3,355.9,0
693784800,"1991-12-26 22:00:00",356.1,356.2,353.5,355,0
694044000,"1991-12-29 22:00:00",354.4,354.6,352.3,353.9,0
694130400,"1991-12-30 22:00:00",354.4,354.6,352.3,353.9,0
694303200,"1992-01-01 22:00:00",351.2,353.4,350.9,353.2,0
694389600,"1992-01-02 22:00:00",354.1,354.7,351.4,351.5,0
694648800,"1992-01-05 22:00:00",351.8,352,348.5,350.3,0
694735200,"1992-01-06 22:00:00",350.4,351,349.7,350.5,0
694821600,"1992-01-07 22:00:00",351.6,352.2,350.7,351.5,0
694908000,"1992-01-08 22:00:00",352.3,359.2,351.6,357.5,0
694994400,"1992-01-09 22:00:00",357.7,360.5,356.8,356.9,0
695253600,"1992-01-12 22:00:00",355.2,355.8,354,354.5,0
695340000,"1992-01-13 22:00:00",353.4,356.5,353.3,355.2,0
695426400,"1992-01-14 22:00:00",356.4,357.1,354.5,354.7,0
695512800,"1992-01-15 22:00:00",354.2,359,354.1,357,0
695599200,"1992-01-16 22:00:00",357.9,358.2,354.3,354.5,0
695858400,"1992-01-19 22:00:00",356.6,361.5,356.4,358.2,0
695944800,"1992-01-20 22:00:00",357.9,359.1,356.8,358.4,0
696031200,"1992-01-21 22:00:00",357.7,358.6,356.5,358.3,0
696117600,"1992-01-22 22:00:00",354.3,356.9,354,354.9,0
696204000,"1992-01-23 22:00:00",353.4,355.5,352.2,354.7,0
696463200,"1992-01-26 22:00:00",356.3,357.2,354.6,355,0
696549600,"1992-01-27 22:00:00",356.5,357,355,355.9,0
696636000,"1992-01-28 22:00:00",355.4,357,354.7,356.1,0
696722400,"1992-01-29 22:00:00",358.9,359.8,355,355.6,0
696808800,"1992-01-30 22:00:00",355.3,361.3,354.6,358.9,0
697068000,"1992-02-02 22:00:00",359.5,359.8,357.8,358.4,0
697154400,"1992-02-03 22:00:00",358.2,358.7,357.4,357.9,0
697240800,"1992-02-04 22:00:00",357.1,357.5,355.3,357.3,0
697327200,"1992-02-05 22:00:00",358.6,358.8,356.9,357.4,0
697413600,"1992-02-06 22:00:00",356.5,359,356.2,356.5,0
697672800,"1992-02-09 22:00:00",356.5,358.2,356,357.4,0
697759200,"1992-02-10 22:00:00",356.8,359,356.7,357.8,0
697845600,"1992-02-11 22:00:00",358.6,360.5,358.4,359.6,0
697932000,"1992-02-12 22:00:00",358.4,359.2,356.3,357.3,0
698018400,"1992-02-13 22:00:00",356.9,357.5,354.4,355.1,0
698364000,"1992-02-17 22:00:00",354.3,355.2,353,354.7,0
698450400,"1992-02-18 22:00:00",354.3,355.3,353.8,354.5,0
698536800,"1992-02-19 22:00:00",354.9,355.3,354.2,354.7,0
698623200,"1992-02-20 22:00:00",352.9,353.5,351.5,352.5,0
698882400,"1992-02-23 22:00:00",350.3,351.5,350.2,351.1,0
698968800,"1992-02-24 22:00:00",351.9,352.4,350.5,350.6,0
699055200,"1992-02-25 22:00:00",349.9,350.9,349.4,350.8,0
699141600,"1992-02-26 22:00:00",352,356.6,351.8,355,0
699228000,"1992-02-27 22:00:00",354.4,354.7,354,354.1,0
699487200,"1992-03-01 22:00:00",351.3,352.6,351.1,352.5,0
699573600,"1992-03-02 22:00:00",352.2,353,351.2,351.4,0
699660000,"1992-03-03 22:00:00",351,351.8,350.3,351.6,0
699746400,"1992-03-04 22:00:00",350.5,352.5,350.2,352.3,0
699832800,"1992-03-05 22:00:00",352.4,352.5,349.2,350.3,0
700092000,"1992-03-08 22:00:00",349.5,350.2,348.3,349.7,0
700178400,"1992-03-09 22:00:00",349.4,350.3,348.8,349.8,0
700264800,"1992-03-10 22:00:00",350,351.5,349.6,351.4,0
700351200,"1992-03-11 22:00:00",349.4,349.8,347,348,0
700437600,"1992-03-12 22:00:00",348,348.3,347.2,347.3,0
700696800,"1992-03-15 22:00:00",345.9,346,342.1,343.9,0
700783200,"1992-03-16 22:00:00",337.7,341,337.3,340.6,0
700869600,"1992-03-17 22:00:00",341,341.7,338.7,338.8,0
700956000,"1992-03-18 22:00:00",337.1,339.9,336.3,339.1,0
701042400,"1992-03-19 22:00:00",338.4,339.8,338.2,338.5,0
701301600,"1992-03-22 22:00:00",338.4,339.2,338.3,338.5,0
701388000,"1992-03-23 22:00:00",338.5,339.9,338.2,339.8,0
701474400,"1992-03-24 22:00:00",340.9,343.3,340.9,341.3,0
701560800,"1992-03-25 22:00:00",340.7,341.6,340.5,341.1,0
701647200,"1992-03-26 22:00:00",340.6,342.8,339.8,342.5,0
701906400,"1992-03-29 22:00:00",345,345.5,343.6,343.8,0
701992800,"1992-03-30 22:00:00",344,346.9,343.5,345.5,0
702079200,"1992-03-31 22:00:00",346,346.9,344.5,344.6,0
702165600,"1992-04-01 22:00:00",341.7,343.5,341.6,342.4,0
702252000,"1992-04-02 22:00:00",342.6,343.4,341.8,342.7,0
702507600,"1992-04-05 21:00:00",341.5,342,340.7,341.8,0
702594000,"1992-04-06 21:00:00",340.3,341.3,339.2,340.1,0
702680400,"1992-04-07 21:00:00",339.8,340.7,339,339.3,0
702766800,"1992-04-08 21:00:00",340,341,339.6,340.9,0
702853200,"1992-04-09 21:00:00",343,344.2,342.1,342.5,0
703112400,"1992-04-12 21:00:00",342.9,343.2,340.4,340.6,0
703198800,"1992-04-13 21:00:00",340.2,341.1,340.1,340.8,0
703285200,"1992-04-14 21:00:00",340.8,341.4,336.2,337,0
703371600,"1992-04-15 21:00:00",337.7,338.5,337.4,338.3,0
703717200,"1992-04-19 21:00:00",338.6,339.1,336.9,337.7,0
703803600,"1992-04-20 21:00:00",339.1,343,338.5,341.7,0
703890000,"1992-04-21 21:00:00",339.2,340.1,339,339.8,0
703976400,"1992-04-22 21:00:00",339.3,340.3,338.3,339.3,0
704062800,"1992-04-23 21:00:00",337.3,338.1,336.7,337.5,0
704322000,"1992-04-26 21:00:00",337.5,337.8,336.4,337.1,0
704408400,"1992-04-27 21:00:00",338.3,338.5,336.7,337.2,0
704494800,"1992-04-28 21:00:00",335.2,337.5,334.9,336.4,0
704581200,"1992-04-29 21:00:00",337.1,338.1,337,337.9,0
704667600,"1992-04-30 21:00:00",338.1,339.4,338,339.3,0
704926800,"1992-05-03 21:00:00",338.3,338.5,337,337.6,0
705013200,"1992-05-04 21:00:00",337.2,338.1,337,337.8,0
705099600,"1992-05-05 21:00:00",337.5,337.9,337.3,337.5,0
705186000,"1992-05-06 21:00:00",336.8,337.2,335.7,335.9,0
705272400,"1992-05-07 21:00:00",335.4,338.2,335.3,336.3,0
705531600,"1992-05-10 21:00:00",337.3,337.8,336.6,337,0
705618000,"1992-05-11 21:00:00",336.2,336.4,335.1,335.8,0
705704400,"1992-05-12 21:00:00",335.6,336.5,335.2,336.1,0
705790800,"1992-05-13 21:00:00",337.3,338.9,337.1,338.4,0
705877200,"1992-05-14 21:00:00",339,340.8,338.7,339.1,0
706136400,"1992-05-17 21:00:00",339.3,340.1,339.1,339.3,0
706222800,"1992-05-18 21:00:00",340.9,341.7,337.6,338.2,0
706309200,"1992-05-19 21:00:00",338.3,338.5,337.3,338.4,0
706395600,"1992-05-20 21:00:00",337.4,337.9,336.8,337.4,0
706482000,"1992-05-21 21:00:00",337.6,338.5,337.5,338.1,0
706827600,"1992-05-25 21:00:00",337.7,338.5,337.7,338.4,0
706914000,"1992-05-26 21:00:00",339.1,339.4,338.1,338.2,0
707000400,"1992-05-27 21:00:00",337.4,337.6,336.3,337,0
707086800,"1992-05-28 21:00:00",337.1,337.9,336.1,336.4,0
707346000,"1992-05-31 21:00:00",338.7,339.7,338.2,339.6,0
707432400,"1992-06-01 21:00:00",340.4,341.5,340.3,341.2,0
707518800,"1992-06-02 21:00:00",342.3,342.9,340.5,340.6,0
707605200,"1992-06-03 21:00:00",340.5,341.2,340.3,340.6,0
707691600,"1992-06-04 21:00:00",340.9,341.4,340.4,340.7,0
707950800,"1992-06-07 21:00:00",340.8,341,340,340.1,0
708037200,"1992-06-08 21:00:00",339.7,340.3,339.6,340.2,0
708123600,"1992-06-09 21:00:00",340.1,340.8,339.5,339.8,0
708210000,"1992-06-10 21:00:00",339.9,342.4,339.7,342.3,0
708296400,"1992-06-11 21:00:00",343,345.8,341.3,344.7,0
708555600,"1992-06-14 21:00:00",344.7,345.6,344.2,344.9,0
708642000,"1992-06-15 21:00:00",343.9,344.5,343.5,344,0
708728400,"1992-06-16 21:00:00",344.6,344.8,342.8,342.9,0
708814800,"1992-06-17 21:00:00",342.7,345.2,342.6,344.2,0
708901200,"1992-06-18 21:00:00",346.2,346.9,341.8,342.4,0
709160400,"1992-06-21 21:00:00",344,345.5,343.7,345.2,0
709246800,"1992-06-22 21:00:00",345.6,346.6,345.2,346,0
709333200,"1992-06-23 21:00:00",345.4,345.5,343.5,344.3,0
709419600,"1992-06-24 21:00:00",344.7,345.2,344,344.6,0
709506000,"1992-06-25 21:00:00",344.9,345.5,343.5,343.9,0
709765200,"1992-06-28 21:00:00",343.4,345.2,342.7,345.1,0
709851600,"1992-06-29 21:00:00",345,345.2,344.2,344.4,0
709938000,"1992-06-30 21:00:00",345.1,345.8,344.3,345.6,0
710024400,"1992-07-01 21:00:00",346.9,349.7,346.7,347.6,0
710370000,"1992-07-05 21:00:00",347.7,348.2,346.9,347.5,0
710456400,"1992-07-06 21:00:00",346.1,347.2,345.8,347.1,0
710542800,"1992-07-07 21:00:00",348.5,349.2,347.7,348.4,0
710629200,"1992-07-08 21:00:00",348.3,349.5,347.8,349.4,0
710715600,"1992-07-09 21:00:00",351,351.2,348.9,349,0
710974800,"1992-07-12 21:00:00",349,349.9,349,349.8,0
711061200,"1992-07-13 21:00:00",350.8,352,350,351.8,0
711147600,"1992-07-14 21:00:00",351.9,354.8,351.4,354.7,0
711234000,"1992-07-15 21:00:00",353.9,354.7,353,353.2,0
711320400,"1992-07-16 21:00:00",353.4,360.1,353.2,358,0
711579600,"1992-07-19 21:00:00",359.3,361.2,358.1,359.6,0
711666000,"1992-07-20 21:00:00",358.5,359.1,357.4,358.1,0
711752400,"1992-07-21 21:00:00",358,360.7,357.9,359.3,0
711838800,"1992-07-22 21:00:00",360.9,361.2,358.5,358.9,0
711925200,"1992-07-23 21:00:00",359.6,359.8,356.8,359.5,0
712184400,"1992-07-26 21:00:00",358,358.7,357.7,358.1,0
712270800,"1992-07-27 21:00:00",359.2,360,358,359,0
712357200,"1992-07-28 21:00:00",358.1,358.5,355.5,356.5,0
712443600,"1992-07-29 21:00:00",360.2,361,360.1,360.6,0
712530000,"1992-07-30 21:00:00",361.3,362,360.9,361.4,0
712789200,"1992-08-02 21:00:00",360.5,360.6,355.6,356.5,0
712875600,"1992-08-03 21:00:00",356.3,356.9,355.7,356.5,0
712962000,"1992-08-04 21:00:00",353.7,354.4,351.9,352.9,0
713048400,"1992-08-05 21:00:00",352.6,353,351.4,352.7,0
713134800,"1992-08-06 21:00:00",352.6,354.8,352.3,353.9,0
713394000,"1992-08-09 21:00:00",354.3,354.4,353.4,354,0
713480400,"1992-08-10 21:00:00",351.6,352.3,350.8,350.9,0
713566800,"1992-08-11 21:00:00",349.3,351.3,340.5,342,0
713653200,"1992-08-12 21:00:00",342,342.2,335,337.2,0
713739600,"1992-08-13 21:00:00",338.1,338.8,337.4,337.8,0
713998800,"1992-08-16 21:00:00",339.2,340.4,339.2,339.9,0
714085200,"1992-08-17 21:00:00",338.9,339.3,337.6,338.7,0
714171600,"1992-08-18 21:00:00",341.1,341.3,340.3,340.8,0
714258000,"1992-08-19 21:00:00",339.4,340.6,339,340.2,0
714344400,"1992-08-20 21:00:00",338.9,340.1,338.7,340,0
714603600,"1992-08-23 21:00:00",344.2,345.3,343.6,344.3,0
714690000,"1992-08-24 21:00:00",343.1,344.5,342.7,343.3,0
714776400,"1992-08-25 21:00:00",342.3,343.4,340.5,340.9,0
714862800,"1992-08-26 21:00:00",341.3,342,341.2,341.7,0
714949200,"1992-08-27 21:00:00",342.6,343,341.9,342.4,0
715208400,"1992-08-30 21:00:00",342.8,346.7,342.6,345.3,0
715294800,"1992-08-31 21:00:00",345.5,345.7,342.8,343.4,0
715381200,"1992-09-01 21:00:00",343.2,343.4,340.3,341.1,0
715467600,"1992-09-02 21:00:00",341.4,344.6,340.9,343.4,0
715554000,"1992-09-03 21:00:00",343.3,345.3,343,343.8,0
715899600,"1992-09-07 21:00:00",344.1,344.8,344,344.6,0
715986000,"1992-09-08 21:00:00",345.2,346.1,343.5,344.2,0
716072400,"1992-09-09 21:00:00",344.1,344.6,343.8,344.2,0
716158800,"1992-09-10 21:00:00",343.1,343.2,341.5,342.9,0
716418000,"1992-09-13 21:00:00",346.4,351,345.9,348.8,0
716504400,"1992-09-14 21:00:00",347.9,348.9,347.5,348.4,0
716590800,"1992-09-15 21:00:00",349.8,352,349.7,351.7,0
716677200,"1992-09-16 21:00:00",350.2,351.1,349.6,349.8,0
716763600,"1992-09-17 21:00:00",350.1,354.5,348.9,353,0
717022800,"1992-09-20 21:00:00",350.6,351.3,348.3,349.4,0
717109200,"1992-09-21 21:00:00",348.2,352.9,348,350.7,0
717195600,"1992-09-22 21:00:00",350.4,351.9,349.3,350.4,0
717282000,"1992-09-23 21:00:00",350.2,351.1,349.4,351,0
717368400,"1992-09-24 21:00:00",350.8,352.9,350.4,351.1,0
717627600,"1992-09-27 21:00:00",350.9,351,349.2,349.4,0
717714000,"1992-09-28 21:00:00",348.8,350.6,348.3,349.9,0
717800400,"1992-09-29 21:00:00",350.6,351.3,349.3,349.4,0
717886800,"1992-09-30 21:00:00",348.9,350.1,348.8,349.1,0
717973200,"1992-10-01 21:00:00",349.4,350.5,348.6,349.6,0
718232400,"1992-10-04 21:00:00",350.7,353.4,350.3,352,0
718318800,"1992-10-05 21:00:00",351.7,351.8,350.9,351.4,0
718405200,"1992-10-06 21:00:00",350.8,352.4,350.5,352.2,0
718491600,"1992-10-07 21:00:00",351,352.2,350.7,351,0
718578000,"1992-10-08 21:00:00",350.8,352.5,350.7,351.4,0
718837200,"1992-10-11 21:00:00",346.9,347.8,345.8,346.1,0
718923600,"1992-10-12 21:00:00",344.6,345,343.3,344.9,0
719010000,"1992-10-13 21:00:00",344.6,345.1,343.5,343.7,0
719096400,"1992-10-14 21:00:00",342.6,343.4,341.6,341.9,0
719182800,"1992-10-15 21:00:00",342.6,343.8,342.4,343.2,0
719442000,"1992-10-18 21:00:00",343.2,343.8,342.8,343.4,0
719528400,"1992-10-19 21:00:00",343.6,345,343.5,344.6,0
719614800,"1992-10-20 21:00:00",344.8,345.4,344.5,344.8,0
719701200,"1992-10-21 21:00:00",343.9,344.2,343.2,343.7,0
719787600,"1992-10-22 21:00:00",343.1,344.6,342.8,344.2,0
720050400,"1992-10-25 22:00:00",341.7,342.4,341.2,341.7,0
720136800,"1992-10-26 22:00:00",339.7,340,336.9,338,0
720223200,"1992-10-27 22:00:00",338.9,340.3,338.4,340.1,0
720309600,"1992-10-28 22:00:00",340,340.5,339.7,340.2,0
720396000,"1992-10-29 22:00:00",339.8,340.4,339.4,340.1,0
720655200,"1992-11-01 22:00:00",339.9,340.8,339.7,340.6,0
720741600,"1992-11-02 22:00:00",339,339.4,337.4,338.2,0
720828000,"1992-11-03 22:00:00",337.7,339.8,337.4,337.7,0
720914400,"1992-11-04 22:00:00",338.2,340.2,336.5,336.8,0
721000800,"1992-11-05 22:00:00",337.4,338,333.7,336.2,0
721260000,"1992-11-08 22:00:00",335.7,335.8,332.2,333.1,0
721346400,"1992-11-09 22:00:00",330.7,331.5,328.9,330.1,0
721432800,"1992-11-10 22:00:00",331.6,333,331.1,332.1,0
721519200,"1992-11-11 22:00:00",333,334.1,332.2,333.5,0
721605600,"1992-11-12 22:00:00",334.1,337.5,333.8,335.4,0
721864800,"1992-11-15 22:00:00",335.9,336,333.7,334,0
721951200,"1992-11-16 22:00:00",333.8,334.6,333.5,334.4,0
722037600,"1992-11-17 22:00:00",335.2,335.5,334.6,335.2,0
722124000,"1992-11-18 22:00:00",333.9,335.5,333.7,335.4,0
722210400,"1992-11-19 22:00:00",336,337,335,335.3,0
722469600,"1992-11-22 22:00:00",334.2,334.4,333.8,334.4,0
722556000,"1992-11-23 22:00:00",334.7,334.9,334.1,334.3,0
722642400,"1992-11-24 22:00:00",334.8,335,332.8,333.5,0
722815200,"1992-11-26 22:00:00",333.8,334.2,333,334,0
723074400,"1992-11-29 22:00:00",335.4,335.7,334.9,335.5,0
723160800,"1992-11-30 22:00:00",335.8,336.2,335.3,336.1,0
723247200,"1992-12-01 22:00:00",336.5,337.7,336.4,336.9,0
723333600,"1992-12-02 22:00:00",336.9,337,336.2,336.4,0
723420000,"1992-12-03 22:00:00",336.6,337,336.2,336.6,0
723679200,"1992-12-06 22:00:00",336.3,337.2,335.3,337,0
723765600,"1992-12-07 22:00:00",336.1,336.7,335.8,336.3,0
723852000,"1992-12-08 22:00:00",334.2,335,333.9,334.5,0
723938400,"1992-12-09 22:00:00",334.6,335.2,334.2,335,0
724024800,"1992-12-10 22:00:00",335.8,336.1,335.4,336,0
724284000,"1992-12-13 22:00:00",336.3,336.4,335.4,335.4,0
724370400,"1992-12-14 22:00:00",335.6,335.8,335.3,335.3,0
724456800,"1992-12-15 22:00:00",336,339.3,335.9,338.7,0
724543200,"1992-12-16 22:00:00",339.4,340.1,338.7,339.2,0
724629600,"1992-12-17 22:00:00",338.3,338.6,337.2,337.7,0
724888800,"1992-12-20 22:00:00",337.1,337.2,332.3,334.6,0
724975200,"1992-12-21 22:00:00",334.1,334.3,332,332.8,0
725061600,"1992-12-22 22:00:00",332.8,334,332.6,333.4,0
725148000,"1992-12-23 22:00:00",333.3,333.5,333,333.4,0
725493600,"1992-12-27 22:00:00",334.2,334.8,333.3,333.4,0
725580000,"1992-12-28 22:00:00",332.9,333.1,332.3,332.8,0
725666400,"1992-12-29 22:00:00",332.6,333.7,332.3,333.3,0
725752800,"1992-12-30 22:00:00",333.3,333.5,333,333.1,0
726098400,"1993-01-03 22:00:00",329.1,329.4,326.5,328.4,0
726184800,"1993-01-04 22:00:00",329,329.5,328.5,329,0
726271200,"1993-01-05 22:00:00",329.6,330.4,329.2,330.1,0
726357600,"1993-01-06 22:00:00",329,329.7,328.4,329,0
726444000,"1993-01-07 22:00:00",328.9,329.8,328.8,329.5,0
726703200,"1993-01-10 22:00:00",328.8,328.9,326.9,327.8,0
726789600,"1993-01-11 22:00:00",329,330.7,328.1,328.8,0
726876000,"1993-01-12 22:00:00",327.3,328.5,326.3,327.6,0
726962400,"1993-01-13 22:00:00",328.2,328.5,326.9,327.3,0
727048800,"1993-01-14 22:00:00",327.3,328,326.9,327,0
727308000,"1993-01-17 22:00:00",327,328.2,326.9,328,0
727394400,"1993-01-18 22:00:00",328.8,329.4,328.4,328.6,0
727480800,"1993-01-19 22:00:00",328.4,330.4,328.2,329.8,0
727567200,"1993-01-20 22:00:00",329.8,330.3,328.9,329.3,0
727653600,"1993-01-21 22:00:00",329.3,329.7,328.5,328.6,0
727912800,"1993-01-24 22:00:00",328.5,329.1,328.2,328.8,0
727999200,"1993-01-25 22:00:00",329.4,331.5,329.3,331.1,0
728085600,"1993-01-26 22:00:00",330.6,331,329.8,329.9,0
728172000,"1993-01-27 22:00:00",330,330.7,329.8,330.5,0
728258400,"1993-01-28 22:00:00",331.7,332.7,330,330.2,0
728517600,"1993-01-31 22:00:00",330.2,331.2,330.1,330.7,0
728604000,"1993-02-01 22:00:00",330.1,331.1,330,330.6,0
728690400,"1993-02-02 22:00:00",330.1,330.2,329.1,329.5,0
728776800,"1993-02-03 22:00:00",328.9,329.3,328.5,329.2,0
728863200,"1993-02-04 22:00:00",328.7,329.3,328.6,328.9,0
729122400,"1993-02-07 22:00:00",328.3,329.4,328.3,329.1,0
729208800,"1993-02-08 22:00:00",329.1,329.8,329,329.6,0
729295200,"1993-02-09 22:00:00",330.4,333.8,330.3,333.7,0
729381600,"1993-02-10 22:00:00",334.3,334.6,332.2,332.7,0
729468000,"1993-02-11 22:00:00",331.7,331.8,328.8,330,0
729813600,"1993-02-15 22:00:00",330.9,334.4,330.5,333.4,0
729900000,"1993-02-16 22:00:00",332.7,332.9,330.8,331.5,0
729986400,"1993-02-17 22:00:00",329.9,332.8,329.8,331.5,0
730072800,"1993-02-18 22:00:00",332,332.5,330.8,331,0
730332000,"1993-02-21 22:00:00",330.1,332,328.7,328.8,0
730418400,"1993-02-22 22:00:00",330.4,331.9,330.2,331.6,0
730504800,"1993-02-23 22:00:00",331.2,332.2,330.1,330.4,0
730591200,"1993-02-24 22:00:00",330.8,331.4,330.3,330.6,0
730677600,"1993-02-25 22:00:00",329.1,329.8,327.8,329.1,0
730936800,"1993-02-28 22:00:00",329.5,329.8,329.1,329.3,0
731023200,"1993-03-01 22:00:00",330,330.7,329.6,330.5,0
731109600,"1993-03-02 22:00:00",330.5,330.9,329.5,329.7,0
731196000,"1993-03-03 22:00:00",329.1,329.7,328.3,329.6,0
731282400,"1993-03-04 22:00:00",330.7,331.3,330.2,330.4,0
731541600,"1993-03-07 22:00:00",329.3,329.5,327,327.7,0
731628000,"1993-03-08 22:00:00",327.6,328.2,326.6,327.2,0
731714400,"1993-03-09 22:00:00",326.9,327.5,325.8,326.9,0
731800800,"1993-03-10 22:00:00",327.2,328,326.8,327.6,0
731887200,"1993-03-11 22:00:00",327.1,329,327,328.5,0
732146400,"1993-03-14 22:00:00",328.8,330.5,328.5,329.8,0
732232800,"1993-03-15 22:00:00",329.6,330,328.7,329.6,0
732319200,"1993-03-16 22:00:00",329.4,330.1,329,329.7,0
732405600,"1993-03-17 22:00:00",330,331.7,329.9,331.2,0
732492000,"1993-03-18 22:00:00",332.1,332.9,331.7,332.3,0
732751200,"1993-03-21 22:00:00",333.3,333.9,332.4,333.3,0
732837600,"1993-03-22 22:00:00",332.2,332.8,332,332.3,0
732924000,"1993-03-23 22:00:00",331.6,332.9,331,332.7,0
733010400,"1993-03-24 22:00:00",333.3,333.8,332,332.8,0
733096800,"1993-03-25 22:00:00",333,333.4,332.3,332.5,0
733356000,"1993-03-28 22:00:00",331.4,332.5,331.2,332.2,0
733442400,"1993-03-29 22:00:00",336.3,339.6,336,338.8,0
733528800,"1993-03-30 22:00:00",341.4,341.7,338.4,339.3,0
733615200,"1993-03-31 22:00:00",338.6,340.8,338.2,340.2,0
733701600,"1993-04-01 22:00:00",342.2,343.7,340.8,342.3,0
733957200,"1993-04-04 21:00:00",340.6,341.5,340,341,0
734043600,"1993-04-05 21:00:00",340,340.8,338.7,339.3,0
734130000,"1993-04-06 21:00:00",338.3,339.7,337.9,339.7,0
734216400,"1993-04-07 21:00:00",340.4,340.8,337.3,338.9,0
734562000,"1993-04-11 21:00:00",338.4,340.2,338,338.2,0
734648400,"1993-04-12 21:00:00",338.1,339.1,337.9,338.8,0
734734800,"1993-04-13 21:00:00",339.6,342.2,339.3,340.8,0
734821200,"1993-04-14 21:00:00",340.5,340.9,336,338.3,0
734907600,"1993-04-15 21:00:00",338.8,340.9,338.7,340.2,0
735166800,"1993-04-18 21:00:00",341.9,342.2,340.7,341.5,0
735253200,"1993-04-19 21:00:00",343.4,344.4,341,341.1,0
735339600,"1993-04-20 21:00:00",340.3,340.9,339.8,340.7,0
735426000,"1993-04-21 21:00:00",339.1,342,338.9,341.2,0
735512400,"1993-04-22 21:00:00",343.1,348,342.6,347.5,0
735771600,"1993-04-25 21:00:00",352.3,354.7,350.3,353.8,0
735858000,"1993-04-26 21:00:00",353.7,354,351.7,352.1,0
735944400,"1993-04-27 21:00:00",351.2,355.8,350.1,354.4,0
736030800,"1993-04-28 21:00:00",356.6,358.5,355.6,357.4,0
736117200,"1993-04-29 21:00:00",353,357.7,352.5,357.2,0
736376400,"1993-05-02 21:00:00",358.8,360.1,355.2,355.3,0
736462800,"1993-05-03 21:00:00",355.3,358.3,354.3,355.7,0
736549200,"1993-05-04 21:00:00",357.5,358.9,354.6,355.5,0
736635600,"1993-05-05 21:00:00",356.1,358.5,355.8,358.3,0
736722000,"1993-05-06 21:00:00",359.1,360.6,356,357.4,0
736981200,"1993-05-09 21:00:00",357.4,358.7,356.8,357.2,0
737067600,"1993-05-10 21:00:00",356.2,358.3,356,357.3,0
737154000,"1993-05-11 21:00:00",357.6,362.5,356.7,361.8,0
737240400,"1993-05-12 21:00:00",368.5,373,367.3,369.3,0
737326800,"1993-05-13 21:00:00",367.4,370.1,366.7,368.3,0
737586000,"1993-05-16 21:00:00",369.2,370.5,367.5,368,0
737672400,"1993-05-17 21:00:00",367.9,376.5,367,376,0
737758800,"1993-05-18 21:00:00",382.5,383.5,373.5,374.2,0
737845200,"1993-05-19 21:00:00",372.9,375.2,372.3,374.7,0
737931600,"1993-05-20 21:00:00",373.9,378.6,372.8,377.9,0
738190800,"1993-05-23 21:00:00",380.2,381.9,372,374.2,0
738277200,"1993-05-24 21:00:00",373.4,379.2,373.2,378.7,0
738363600,"1993-05-25 21:00:00",375.7,376.8,374.2,375.3,0
738450000,"1993-05-26 21:00:00",378.3,382.5,374.1,381.4,0
738536400,"1993-05-27 21:00:00",381.3,384.5,376,378.3,0
738882000,"1993-05-31 21:00:00",379.7,380.1,367.5,371.3,0
738968400,"1993-06-01 21:00:00",369.7,372.7,367.7,370.8,0
739054800,"1993-06-02 21:00:00",374.2,377.5,373.5,376.2,0
739141200,"1993-06-03 21:00:00",378.3,380.2,376.8,378.5,0
739400400,"1993-06-06 21:00:00",375.4,376.8,373.6,375.7,0
739486800,"1993-06-07 21:00:00",376.2,378.3,375.5,375.6,0
739573200,"1993-06-08 21:00:00",372.3,374.5,371.7,373,0
739659600,"1993-06-09 21:00:00",373,373.8,370,371,0
739746000,"1993-06-10 21:00:00",371.6,373.5,364.5,367.5,0
740005200,"1993-06-13 21:00:00",368,368,361.7,366.6,0
740091600,"1993-06-14 21:00:00",366,371.3,364.7,370.8,0
740178000,"1993-06-15 21:00:00",371.4,371.8,368.7,371.5,0
740264400,"1993-06-16 21:00:00",371.3,373.9,369.7,372.2,0
740350800,"1993-06-17 21:00:00",371.7,374,370,372.5,0
740610000,"1993-06-20 21:00:00",370.7,372.7,370,371.1,0
740696400,"1993-06-21 21:00:00",369.8,370.6,368,369.7,0
740782800,"1993-06-22 21:00:00",368.2,375.9,367.5,375.5,0
740869200,"1993-06-23 21:00:00",376.3,376.7,374.1,376.1,0
740955600,"1993-06-24 21:00:00",376.2,379,375.8,378.1,0
741214800,"1993-06-27 21:00:00",379.2,379.4,375,376.1,0
741301200,"1993-06-28 21:00:00",376.1,379.8,375.4,379.5,0
741387600,"1993-06-29 21:00:00",380,381,378.4,379.2,0
741474000,"1993-06-30 21:00:00",378.9,389.1,378.1,388.2,0
741560400,"1993-07-01 21:00:00",390,393.6,386,386.7,0
741906000,"1993-07-05 21:00:00",393.3,394.5,391.1,393.1,0
741992400,"1993-07-06 21:00:00",397.9,398.1,393.8,397.8,0
742078800,"1993-07-07 21:00:00",395.7,397,394,395.6,0
742165200,"1993-07-08 21:00:00",392,394.7,390.8,392.3,0
742424400,"1993-07-11 21:00:00",394.2,395.5,393.5,394.9,0
742510800,"1993-07-12 21:00:00",391.9,395.5,390.2,394.5,0
742597200,"1993-07-13 21:00:00",396.6,396.8,388.5,391.4,0
742683600,"1993-07-14 21:00:00",391.6,395.8,391.5,393.9,0
742770000,"1993-07-15 21:00:00",394.7,394.9,391.5,392.9,0
743029200,"1993-07-18 21:00:00",393.5,396.5,392.1,392.4,0
743115600,"1993-07-19 21:00:00",392.3,393.8,391.1,392.2,0
743202000,"1993-07-20 21:00:00",393.1,393.5,389.2,389.5,0
743288400,"1993-07-21 21:00:00",388.1,391.5,387.6,391.3,0
743374800,"1993-07-22 21:00:00",392.2,393,388.5,390,0
743634000,"1993-07-25 21:00:00",390.6,394.4,390.2,393.1,0
743720400,"1993-07-26 21:00:00",393.4,393.8,390.8,391.2,0
743806800,"1993-07-27 21:00:00",391.7,395.6,391.6,393.4,0
743893200,"1993-07-28 21:00:00",394.3,401,392,397.8,0
743979600,"1993-07-29 21:00:00",407.5,411.7,405.5,411.3,0
744238800,"1993-08-01 21:00:00",410.4,414,406.6,410.2,0
744325200,"1993-08-02 21:00:00",408.8,409.3,406.7,407.6,0
744411600,"1993-08-03 21:00:00",404.5,408,403.1,403.3,0
744498000,"1993-08-04 21:00:00",395.9,400.8,375,380.7,0
744584400,"1993-08-05 21:00:00",383.2,383.5,374.5,379.9,0
744843600,"1993-08-08 21:00:00",384.8,387.2,383.5,386.8,0
744930000,"1993-08-09 21:00:00",384.5,385,381.1,384.4,0
745016400,"1993-08-10 21:00:00",384.8,385.8,377,378.7,0
745102800,"1993-08-11 21:00:00",379.1,380.8,368.5,370.7,0
745189200,"1993-08-12 21:00:00",372.7,373,369.3,372.6,0
745448400,"1993-08-15 21:00:00",375.8,377.5,375.1,376.4,0
745534800,"1993-08-16 21:00:00",374.7,375.7,373.7,374.9,0
745621200,"1993-08-17 21:00:00",374.9,377.7,374.7,377.5,0
745707600,"1993-08-18 21:00:00",376.3,377.1,373.9,374.4,0
745794000,"1993-08-19 21:00:00",374.1,377.1,373.7,376.4,0
746053200,"1993-08-22 21:00:00",375.3,377.3,374.6,375.5,0
746139600,"1993-08-23 21:00:00",375.4,377,374.8,374.9,0
746226000,"1993-08-24 21:00:00",374.8,376.1,373.2,375.5,0
746312400,"1993-08-25 21:00:00",373.8,374.6,367,370.8,0
746398800,"1993-08-26 21:00:00",372,373,370.8,372.1,0
746658000,"1993-08-29 21:00:00",372.4,375.5,372.2,373.3,0
746744400,"1993-08-30 21:00:00",373.4,375.9,373.3,375.7,0
746830800,"1993-08-31 21:00:00",374.4,375,371,372.6,0
746917200,"1993-09-01 21:00:00",371.6,372.4,364,366.3,0
747003600,"1993-09-02 21:00:00",366.6,367.9,365,367.1,0
747349200,"1993-09-06 21:00:00",365.7,366,352,352.5,0
747435600,"1993-09-07 21:00:00",353.7,354.7,352.3,353.6,0
747522000,"1993-09-08 21:00:00",354.4,357.5,354.3,356.5,0
747608400,"1993-09-09 21:00:00",357.7,358.2,350,352.4,0
747867600,"1993-09-12 21:00:00",348.2,349.6,343,344.8,0
747954000,"1993-09-13 21:00:00",344.9,348,344.4,346.9,0
748040400,"1993-09-14 21:00:00",347.8,351,346.8,349.6,0
748126800,"1993-09-15 21:00:00",353.1,356,352,354.7,0
748213200,"1993-09-16 21:00:00",355.9,357.5,352.3,352.8,0
748472400,"1993-09-19 21:00:00",356,356.8,354.7,355.5,0
748558800,"1993-09-20 21:00:00",355.5,365.5,354.6,365,0
748645200,"1993-09-21 21:00:00",355.5,356.8,353,356,0
748731600,"1993-09-22 21:00:00",356.7,361.5,356.1,360,0
748818000,"1993-09-23 21:00:00",360.1,361,358.1,359.4,0
749077200,"1993-09-26 21:00:00",359.1,359.4,354.3,355.7,0
749163600,"1993-09-27 21:00:00",356.1,358.4,355.9,357.3,0
749250000,"1993-09-28 21:00:00",356.2,356.8,352.2,354.7,0
749336400,"1993-09-29 21:00:00",354.8,358.8,354.7,357.1,0
749422800,"1993-09-30 21:00:00",356.4,357.5,355.7,356.9,0
749682000,"1993-10-03 21:00:00",357.2,357.3,350,354.6,0
749768400,"1993-10-04 21:00:00",355.8,356.1,354.2,354.8,0
749854800,"1993-10-05 21:00:00",355.9,360,355.2,358.2,0
749941200,"1993-10-06 21:00:00",360.4,360.8,358.3,358.5,0
750027600,"1993-10-07 21:00:00",360.1,362.2,358.5,361.5,0
750286800,"1993-10-10 21:00:00",362.3,363.7,361.2,361.7,0
750373200,"1993-10-11 21:00:00",361.1,370,360.6,369.2,0
750459600,"1993-10-12 21:00:00",367.6,368.9,367,367.6,0
750546000,"1993-10-13 21:00:00",368.1,370.5,365.5,366.6,0
750632400,"1993-10-14 21:00:00",366.4,367.2,365,366.2,0
750891600,"1993-10-17 21:00:00",365.9,371.4,365.4,369.6,0
750978000,"1993-10-18 21:00:00",370.1,370.8,365.8,370.3,0
751064400,"1993-10-19 21:00:00",373.3,374.9,372.5,373.8,0
751150800,"1993-10-20 21:00:00",373.6,376.7,371,372.8,0
751237200,"1993-10-21 21:00:00",370.2,371.5,367.5,371.3,0
751496400,"1993-10-24 21:00:00",372.4,373.2,368.7,370.5,0
751582800,"1993-10-25 21:00:00",369.6,370.5,367.6,370.3,0
751669200,"1993-10-26 21:00:00",370.6,373.7,369.5,370.7,0
751755600,"1993-10-27 21:00:00",369.5,372.7,368.5,370.2,0
751842000,"1993-10-28 21:00:00",370.6,371.8,368.8,369.6,0
752104800,"1993-10-31 22:00:00",368.6,368.9,360.7,362.1,0
752191200,"1993-11-01 22:00:00",363.1,364.7,361,363.6,0
752277600,"1993-11-02 22:00:00",363.8,369,363.2,368,0
752364000,"1993-11-03 22:00:00",371.2,374.5,371,372.4,0
752450400,"1993-11-04 22:00:00",375.6,381.2,375.3,377.8,0
752709600,"1993-11-07 22:00:00",379,379,374.9,375.5,0
752796000,"1993-11-08 22:00:00",377,378.4,374.7,376.6,0
752882400,"1993-11-09 22:00:00",376,379,373,377.4,0
752968800,"1993-11-10 22:00:00",377.7,378.6,376.2,376.4,0
753055200,"1993-11-11 22:00:00",377.6,378.5,373.3,373.6,0
753314400,"1993-11-14 22:00:00",373.4,376,373.3,375.7,0
753400800,"1993-11-15 22:00:00",376.2,376.8,374.4,374.6,0
753487200,"1993-11-16 22:00:00",373.9,377.5,369.6,377.2,0
753573600,"1993-11-17 22:00:00",376.9,379.2,376.2,376.7,0
753660000,"1993-11-18 22:00:00",376.2,380.4,375.8,378.3,0
753919200,"1993-11-21 22:00:00",379.4,379.9,377.1,378.5,0
754005600,"1993-11-22 22:00:00",377.8,378.4,375.5,377.3,0
754092000,"1993-11-23 22:00:00",376.2,377.7,375.2,377.2,0
754524000,"1993-11-28 22:00:00",376.7,377.5,370.5,371.5,0
754610400,"1993-11-29 22:00:00",372.3,373.2,371.3,371.9,0
754696800,"1993-11-30 22:00:00",371.4,378.5,370.4,376.6,0
754783200,"1993-12-01 22:00:00",376.2,377.4,374.9,375.6,0
754869600,"1993-12-02 22:00:00",377.7,379.6,373.9,378.6,0
755128800,"1993-12-05 22:00:00",378.8,379.1,377.5,377.8,0
755215200,"1993-12-06 22:00:00",378.1,379.7,377.2,379.3,0
755301600,"1993-12-07 22:00:00",380.7,386.7,380.3,385.7,0
755388000,"1993-12-08 22:00:00",384.4,385.7,383.5,384.4,0
755474400,"1993-12-09 22:00:00",385,386,383.5,384.9,0
755733600,"1993-12-12 22:00:00",389.3,390.4,387.7,388.6,0
755820000,"1993-12-13 22:00:00",389,389.4,386.8,388.6,0
755906400,"1993-12-14 22:00:00",387.6,389.8,385.2,389,0
755992800,"1993-12-15 22:00:00",388.3,389.6,386.5,387.5,0
756079200,"1993-12-16 22:00:00",387.3,389.1,386.8,388.9,0
756338400,"1993-12-19 22:00:00",391.1,392.2,390.6,390.8,0
756424800,"1993-12-20 22:00:00",390.4,390.5,388.5,389.3,0
756511200,"1993-12-21 22:00:00",387.3,388.2,386,387.2,0
756597600,"1993-12-22 22:00:00",387,387.3,385.6,387,0
756943200,"1993-12-26 22:00:00",388.1,389.4,387.7,389.1,0
757029600,"1993-12-27 22:00:00",389.7,390,387.9,388.5,0
757116000,"1993-12-28 22:00:00",386.6,392.5,384.8,391.8,0
757202400,"1993-12-29 22:00:00",393.3,393.9,391,391.9,0
757548000,"1994-01-02 22:00:00",391.9,395.5,391.4,394.7,0
757634400,"1994-01-03 22:00:00",396.7,396.8,394.5,395.1,0
757720800,"1994-01-04 22:00:00",395.5,397.8,390,392.1,0
757807200,"1994-01-05 22:00:00",391.9,392,385,390.1,0
757893600,"1994-01-06 22:00:00",392.2,393,387,387.2,0
758152800,"1994-01-09 22:00:00",383,386.1,380,385.7,0
758239200,"1994-01-10 22:00:00",385.4,388.8,383.7,388.7,0
758325600,"1994-01-11 22:00:00",387.4,388,385,386.9,0
758412000,"1994-01-12 22:00:00",385.8,391.2,385.6,390.6,0
758498400,"1994-01-13 22:00:00",391.7,392.2,389.6,390.1,0
758757600,"1994-01-16 22:00:00",393.8,393.9,392.1,392.2,0
758844000,"1994-01-17 22:00:00",393.5,395.5,391.3,393.6,0
758930400,"1994-01-18 22:00:00",393.8,394,391.3,392.7,0
759016800,"1994-01-19 22:00:00",392.6,394.2,387,387.9,0
759103200,"1994-01-20 22:00:00",385.2,386.8,381.5,381.7,0
759362400,"1994-01-23 22:00:00",380.5,381.7,378,381.4,0
759448800,"1994-01-24 22:00:00",382.4,383.2,381.4,381.6,0
759535200,"1994-01-25 22:00:00",381.1,385,380.1,384.6,0
759621600,"1994-01-26 22:00:00",384.3,384.9,377.2,377.4,0
759708000,"1994-01-27 22:00:00",378,378.8,375.3,376.9,0
759967200,"1994-01-30 22:00:00",380.3,384,377.5,383.6,0
760053600,"1994-01-31 22:00:00",383.6,387.5,383,386.1,0
760140000,"1994-02-01 22:00:00",387,388.4,385.8,386.5,0
760226400,"1994-02-02 22:00:00",386.2,389.4,385.9,389.1,0
760312800,"1994-02-03 22:00:00",390.1,392.3,386.5,388.3,0
760572000,"1994-02-06 22:00:00",385.6,386.5,380.5,380.7,0
760658400,"1994-02-07 22:00:00",381.8,384.1,381.2,384.1,0
760744800,"1994-02-08 22:00:00",381.5,386,380.6,385.7,0
760831200,"1994-02-09 22:00:00",383.7,386.4,381.3,383.7,0
760917600,"1994-02-10 22:00:00",381.8,383.7,381.3,381.7,0
761176800,"1994-02-13 22:00:00",383.6,385.8,383.5,385.6,0
761263200,"1994-02-14 22:00:00",385.8,388.2,383,385.5,0
761349600,"1994-02-15 22:00:00",385.1,385.9,384.6,385.3,0
761436000,"1994-02-16 22:00:00",386.6,388.9,384,384.3,0
761522400,"1994-02-17 22:00:00",383.2,383.4,377.7,381.6,0
761868000,"1994-02-21 22:00:00",380.5,381.1,377.8,379.2,0
761954400,"1994-02-22 22:00:00",378.6,380.5,375.7,378.9,0
762040800,"1994-02-23 22:00:00",377.9,379.8,376.2,377.6,0
762127200,"1994-02-24 22:00:00",379.1,381.1,378.6,379.8,0
762386400,"1994-02-27 22:00:00",381.9,383.5,381.5,382.5,0
762472800,"1994-02-28 22:00:00",381.8,383.6,378.8,379.4,0
762559200,"1994-03-01 22:00:00",377.6,380,374,378.9,0
762645600,"1994-03-02 22:00:00",379,379.3,376.9,378.3,0
762732000,"1994-03-03 22:00:00",376.4,378.8,376,378.6,0
762991200,"1994-03-06 22:00:00",378.2,378.7,376.7,376.9,0
763077600,"1994-03-07 22:00:00",376.2,377.9,376,377.7,0
763164000,"1994-03-08 22:00:00",376.6,381,375.8,380.1,0
763250400,"1994-03-09 22:00:00",380.5,388.5,380.2,388.2,0
763336800,"1994-03-10 22:00:00",388.9,389.9,385.7,386.1,0
763596000,"1994-03-13 22:00:00",386.5,388.3,386.5,387.2,0
763682400,"1994-03-14 22:00:00",387.5,388.5,386.6,387.6,0
763768800,"1994-03-15 22:00:00",386.1,386.9,385.3,385.6,0
763855200,"1994-03-16 22:00:00",383.6,384.4,382.7,383,0
763941600,"1994-03-17 22:00:00",387,387.8,386.2,387.6,0
764200800,"1994-03-20 22:00:00",387.8,388.6,386.1,386.3,0
764287200,"1994-03-21 22:00:00",387.8,390.5,386.4,389.7,0
764373600,"1994-03-22 22:00:00",388.6,389.7,387.3,387.4,0
764460000,"1994-03-23 22:00:00",391.7,392.7,390.2,391.9,0
764546400,"1994-03-24 22:00:00",391.9,392.2,388,391.2,0
764805600,"1994-03-27 22:00:00",389.4,390.8,388,388.1,0
764892000,"1994-03-28 22:00:00",386.8,388.1,385,386,0
764978400,"1994-03-29 22:00:00",389.6,390.2,387.8,388.6,0
765064800,"1994-03-30 22:00:00",390.5,396.5,390.5,394.3,0
765406800,"1994-04-03 21:00:00",394.7,395.8,388,388.7,0
765493200,"1994-04-04 21:00:00",388.7,389,385.8,386.7,0
765579600,"1994-04-05 21:00:00",386.9,389.2,385.3,387.1,0
765666000,"1994-04-06 21:00:00",387.1,387.9,385.4,386.1,0
765752400,"1994-04-07 21:00:00",387.1,388.8,385.7,386.3,0
766011600,"1994-04-10 21:00:00",386.1,386.3,379.5,379.9,0
766098000,"1994-04-11 21:00:00",379.3,380.8,377.5,380.4,0
766184400,"1994-04-12 21:00:00",380.8,381.3,378.5,380,0
766270800,"1994-04-13 21:00:00",382.4,382.5,377.8,380.3,0
766357200,"1994-04-14 21:00:00",378.6,379.5,378.3,379.4,0
766616400,"1994-04-17 21:00:00",378.8,380.7,378.4,378.5,0
766702800,"1994-04-18 21:00:00",376.4,376.8,372,373.2,0
766789200,"1994-04-19 21:00:00",373.1,374.3,372.2,373.9,0
766875600,"1994-04-20 21:00:00",374.4,375.3,373.6,374.7,0
766962000,"1994-04-21 21:00:00",373.5,373.8,369.5,372.1,0
767221200,"1994-04-24 21:00:00",372.1,375.3,372,374.9,0
767307600,"1994-04-25 21:00:00",374,376.3,373.9,375.3,0
767480400,"1994-04-27 21:00:00",374.3,377.2,374,376.8,0
767566800,"1994-04-28 21:00:00",377.6,378.3,376.4,377.8,0
767826000,"1994-05-01 21:00:00",377.7,378.6,375.7,377.4,0
767912400,"1994-05-02 21:00:00",377,377.5,375.8,376.8,0
767998800,"1994-05-03 21:00:00",375.6,378.1,374.8,377.7,0
768085200,"1994-05-04 21:00:00",375,376,374.5,374.7,0
768171600,"1994-05-05 21:00:00",373.4,387,373.1,384.5,0
768430800,"1994-05-08 21:00:00",382.3,383.5,381.5,382.3,0
768517200,"1994-05-09 21:00:00",382,382.5,379.3,379.8,0
768603600,"1994-05-10 21:00:00",379.5,384.8,379.3,382.7,0
768690000,"1994-05-11 21:00:00",381,382,378.4,380.8,0
768776400,"1994-05-12 21:00:00",382.1,382.9,380.5,381.5,0
769035600,"1994-05-15 21:00:00",381.3,384.5,379.6,383.7,0
769122000,"1994-05-16 21:00:00",383.5,384.2,381.1,382,0
769208400,"1994-05-17 21:00:00",380.4,384.9,379.5,382.5,0
769294800,"1994-05-18 21:00:00",383.5,385.3,381.5,381.8,0
769381200,"1994-05-19 21:00:00",382.4,386.5,382.3,386.3,0
769640400,"1994-05-22 21:00:00",387.9,390.2,386.3,389.9,0
769726800,"1994-05-23 21:00:00",388.8,389.1,385.5,387.3,0
769813200,"1994-05-24 21:00:00",386.9,388.7,385.5,386.8,0
769899600,"1994-05-25 21:00:00",385.5,386.3,382.5,383.9,0
769986000,"1994-05-26 21:00:00",383.3,386.3,383.2,384.7,0
770331600,"1994-05-30 21:00:00",388.2,391.4,388,390,0
770418000,"1994-05-31 21:00:00",390.4,391,383.5,386.3,0
770504400,"1994-06-01 21:00:00",386.3,387,384.9,386.8,0
770590800,"1994-06-02 21:00:00",385.4,386.8,382.3,383.2,0
770850000,"1994-06-05 21:00:00",382.8,383.5,380.4,382.9,0
770936400,"1994-06-06 21:00:00",383.9,385.2,382.1,383.5,0
771022800,"1994-06-07 21:00:00",384.8,385.3,383.4,384.1,0
771109200,"1994-06-08 21:00:00",384.3,386.4,383.7,385.3,0
771195600,"1994-06-09 21:00:00",385.5,386.3,384.6,385.8,0
771454800,"1994-06-12 21:00:00",384,385.8,383.6,385.6,0
771541200,"1994-06-13 21:00:00",386.7,387,385.8,386.4,0
771627600,"1994-06-14 21:00:00",386,389.9,385.8,389,0
771714000,"1994-06-15 21:00:00",389.1,389.7,386.9,387.5,0
771800400,"1994-06-16 21:00:00",388.6,395,388.5,393.7,0
772059600,"1994-06-19 21:00:00",395.2,395.4,390.5,390.9,0
772146000,"1994-06-20 21:00:00",391.5,397.9,390.3,396.3,0
772232400,"1994-06-21 21:00:00",395.3,395.5,390,391.4,0
772318800,"1994-06-22 21:00:00",391.6,393.4,390.5,391.5,0
772405200,"1994-06-23 21:00:00",392.5,394.4,390.5,392.9,0
772664400,"1994-06-26 21:00:00",391.7,391.9,383.9,386.4,0
772750800,"1994-06-27 21:00:00",387.6,388.8,387.1,387.9,0
772837200,"1994-06-28 21:00:00",386.6,387.8,385.2,386.3,0
772923600,"1994-06-29 21:00:00",386.9,390.5,386.8,387.3,0
773010000,"1994-06-30 21:00:00",386.8,388.6,385.2,388.1,0
773355600,"1994-07-04 21:00:00",389.3,389.9,386.3,386.9,0
773442000,"1994-07-05 21:00:00",387,387.8,383.2,384.6,0
773528400,"1994-07-06 21:00:00",384.4,385.8,383.3,385.7,0
773614800,"1994-07-07 21:00:00",384,386.3,383.2,385.1,0
773874000,"1994-07-10 21:00:00",385.9,390.3,385.4,388.1,0
773960400,"1994-07-11 21:00:00",386.5,387.9,385.3,386.3,0
774046800,"1994-07-12 21:00:00",384.4,386.3,383.8,384,0
774133200,"1994-07-13 21:00:00",384.4,385.7,382,384.4,0
774219600,"1994-07-14 21:00:00",385.4,386.5,384.7,386.4,0
774478800,"1994-07-17 21:00:00",386.7,387.3,386.2,386.2,0
774565200,"1994-07-18 21:00:00",384.4,387.4,383.8,387.1,0
774651600,"1994-07-19 21:00:00",387.1,388.3,385.2,385.6,0
774738000,"1994-07-20 21:00:00",385.5,387.1,384.2,384.3,0
774824400,"1994-07-21 21:00:00",384.6,385.1,383.8,385,0
775083600,"1994-07-24 21:00:00",384.9,385.5,384.7,384.9,0
775170000,"1994-07-25 21:00:00",386.4,387.1,385,387.1,0
775256400,"1994-07-26 21:00:00",387.3,389.5,386.8,387.7,0
775342800,"1994-07-27 21:00:00",387,387.7,384.3,384.8,0
775429200,"1994-07-28 21:00:00",384,385,381.5,383,0
775688400,"1994-07-31 21:00:00",390.1,390.4,388.6,389.4,0
775774800,"1994-08-01 21:00:00",388.6,389.1,383.6,384.4,0
775861200,"1994-08-02 21:00:00",383.9,384.4,382.3,383.1,0
775947600,"1994-08-03 21:00:00",381.8,383.8,380.5,383.1,0
776034000,"1994-08-04 21:00:00",383.1,384.7,382.6,382.9,0
776293200,"1994-08-07 21:00:00",382.6,383.1,381.9,382.3,0
776379600,"1994-08-08 21:00:00",382.1,384.2,382.1,383,0
776466000,"1994-08-09 21:00:00",383.6,384.2,382.6,382.6,0
776552400,"1994-08-10 21:00:00",381.8,384.7,381.4,384,0
776638800,"1994-08-11 21:00:00",383,384.3,380.2,381.5,0
776898000,"1994-08-14 21:00:00",381,382.5,381,382.4,0
776984400,"1994-08-15 21:00:00",381.7,383.1,380.3,382.9,0
777070800,"1994-08-16 21:00:00",382.7,383.7,381.8,382.3,0
777157200,"1994-08-17 21:00:00",382.8,387,382.8,385.9,0
777243600,"1994-08-18 21:00:00",385.5,387.5,385.3,386.9,0
777502800,"1994-08-21 21:00:00",386.6,388.1,385.9,386.7,0
777589200,"1994-08-22 21:00:00",386.1,386.9,385.8,386.5,0
777675600,"1994-08-23 21:00:00",387.1,390,386.7,388.6,0
777762000,"1994-08-24 21:00:00",388.5,388.7,387.5,388.1,0
777848400,"1994-08-25 21:00:00",388.3,388.6,387.2,388,0
778107600,"1994-08-28 21:00:00",386,394,385.7,391.8,0
778194000,"1994-08-29 21:00:00",391,391.7,390.3,390.8,0
778280400,"1994-08-30 21:00:00",390.2,391.4,389.2,390.8,0
778366800,"1994-08-31 21:00:00",390.5,391.4,389.9,391.3,0
778453200,"1994-09-01 21:00:00",391.6,392.2,390.4,391.4,0
778798800,"1994-09-05 21:00:00",391.8,392.5,391.5,392.2,0
778885200,"1994-09-06 21:00:00",393.3,394.8,393,394.4,0
778971600,"1994-09-07 21:00:00",394.4,396.3,393.9,394.6,0
779058000,"1994-09-08 21:00:00",394.2,396.9,392.5,395.8,0
779317200,"1994-09-11 21:00:00",395.5,395.9,394.6,394.9,0
779403600,"1994-09-12 21:00:00",394.5,395.1,393,394.5,0
779490000,"1994-09-13 21:00:00",394.6,395,392.3,392.9,0
779576400,"1994-09-14 21:00:00",391,392.4,390.6,391.9,0
779662800,"1994-09-15 21:00:00",392,395,392,393.6,0
779922000,"1994-09-18 21:00:00",393.2,394.3,392.9,393.6,0
780008400,"1994-09-19 21:00:00",396.2,399.1,395.5,397.2,0
780094800,"1994-09-20 21:00:00",399,399.7,397.4,397.8,0
780181200,"1994-09-21 21:00:00",397.1,399.2,396.9,399,0
780267600,"1994-09-22 21:00:00",399.6,400.7,399.1,399.6,0
780526800,"1994-09-25 21:00:00",398.5,400,397.7,397.8,0
780613200,"1994-09-26 21:00:00",398.3,401.8,397.9,401.4,0
780699600,"1994-09-27 21:00:00",400.5,401.9,397.6,397.9,0
780786000,"1994-09-28 21:00:00",398,399.5,397.8,398.7,0
780872400,"1994-09-29 21:00:00",398.4,398.7,396.3,397.6,0
781131600,"1994-10-02 21:00:00",396.2,399.8,395.7,398.2,0
781218000,"1994-10-03 21:00:00",395.5,396.2,394.3,395.7,0
781304400,"1994-10-04 21:00:00",395.4,397.8,394.5,395.2,0
781390800,"1994-10-05 21:00:00",394.7,395.2,393.6,395.1,0
781477200,"1994-10-06 21:00:00",396.1,397.2,392,393.8,0
781736400,"1994-10-09 21:00:00",394.5,395.2,393.1,393.4,0
781822800,"1994-10-10 21:00:00",392.2,392.5,388,390.2,0
781909200,"1994-10-11 21:00:00",390,391.1,390,390.6,0
781995600,"1994-10-12 21:00:00",391.3,391.6,388.1,388.6,0
782082000,"1994-10-13 21:00:00",389.5,390.5,389.2,390,0
782341200,"1994-10-16 21:00:00",390.7,392.3,390.7,392.1,0
782427600,"1994-10-17 21:00:00",392.1,392.9,391.1,391.3,0
782514000,"1994-10-18 21:00:00",391.8,393.7,391.8,392.3,0
782600400,"1994-10-19 21:00:00",392.7,394.5,392.5,393.3,0
782686800,"1994-10-20 21:00:00",393.5,393.8,392.2,392.8,0
782946000,"1994-10-23 21:00:00",391.5,392,390.6,391.4,0
783032400,"1994-10-24 21:00:00",391.6,392.1,390.7,391.2,0
783118800,"1994-10-25 21:00:00",390.5,391.3,389.2,391,0
783205200,"1994-10-26 21:00:00",391.5,392,389.8,390.2,0
783291600,"1994-10-27 21:00:00",389.5,390.6,388,388.7,0
783554400,"1994-10-30 22:00:00",388.3,388.7,383.7,384.9,0
783640800,"1994-10-31 22:00:00",384.7,386.5,384.3,385.7,0
783727200,"1994-11-01 22:00:00",384.7,385.7,384.2,385.5,0
783813600,"1994-11-02 22:00:00",385,385.4,384.2,384.4,0
783900000,"1994-11-03 22:00:00",384.8,385.3,383.5,384.7,0
784159200,"1994-11-06 22:00:00",383.8,384.2,383.1,383.3,0
784245600,"1994-11-07 22:00:00",384.5,386.5,384.3,384.8,0
784332000,"1994-11-08 22:00:00",384,385.8,383.8,384.5,0
784418400,"1994-11-09 22:00:00",384.5,386.4,384.3,385.9,0
784504800,"1994-11-10 22:00:00",385.8,386.8,385.5,385.7,0
784764000,"1994-11-13 22:00:00",385.3,386.2,385.1,385.3,0
784850400,"1994-11-14 22:00:00",387.3,387.9,386.8,387.4,0
784936800,"1994-11-15 22:00:00",386,387.6,385.8,386.8,0
785023200,"1994-11-16 22:00:00",386.9,387.7,385.8,385.9,0
785109600,"1994-11-17 22:00:00",384.6,385.5,383.5,384.5,0
785368800,"1994-11-20 22:00:00",383.8,384.2,382.4,383.6,0
785455200,"1994-11-21 22:00:00",383.8,384.4,383.1,383.9,0
785541600,"1994-11-22 22:00:00",384.7,385.5,384.5,384.7,0
785973600,"1994-11-27 22:00:00",384.5,384.7,382.7,382.9,0
786060000,"1994-11-28 22:00:00",387,387.5,386,386.1,0
786146400,"1994-11-29 22:00:00",386.7,387,383.7,384.5,0
786232800,"1994-11-30 22:00:00",383.7,384.3,380.6,382.3,0
786319200,"1994-12-01 22:00:00",382,382.9,378.8,379,0
786578400,"1994-12-04 22:00:00",379.7,380.2,377.8,379,0
786664800,"1994-12-05 22:00:00",379.6,380,378.1,379.1,0
786751200,"1994-12-06 22:00:00",380,380.5,378.1,379.2,0
786837600,"1994-12-07 22:00:00",378.8,379.9,377.9,379.7,0
786924000,"1994-12-08 22:00:00",378.2,380.1,377.7,379.9,0
787183200,"1994-12-11 22:00:00",379.6,380.5,379.5,380.3,0
787269600,"1994-12-12 22:00:00",381.3,382,380.2,380.3,0
787356000,"1994-12-13 22:00:00",381,383.2,381,381.5,0
787442400,"1994-12-14 22:00:00",381.8,382.8,381.2,382.7,0
787528800,"1994-12-15 22:00:00",382.2,383.6,380.7,381.1,0
787788000,"1994-12-18 22:00:00",381,382,380.8,381.7,0
787874400,"1994-12-19 22:00:00",382.5,385.2,382.5,384.2,0
787960800,"1994-12-20 22:00:00",384.3,384.6,383.1,383.8,0
788047200,"1994-12-21 22:00:00",383.5,384.1,382.8,382.9,0
788133600,"1994-12-22 22:00:00",382.9,383.3,382.1,382.3,0
788479200,"1994-12-26 22:00:00",382.8,383.5,382.7,383.3,0
788565600,"1994-12-27 22:00:00",383.6,385.9,383.4,385.3,0
788652000,"1994-12-28 22:00:00",384.4,386.8,383.9,384.1,0
788738400,"1994-12-29 22:00:00",383.9,384.6,383.7,384.4,0
789084000,"1995-01-02 22:00:00",382.4,383.4,380.7,380.9,0
789170400,"1995-01-03 22:00:00",379.2,379.9,375.2,375.3,0
789256800,"1995-01-04 22:00:00",376,376.7,374.7,376.6,0
789343200,"1995-01-05 22:00:00",376.5,377.1,372,372.2,0
789602400,"1995-01-08 22:00:00",373.4,374.2,372.5,374,0
789688800,"1995-01-09 22:00:00",375.2,375.9,374.2,375.1,0
789775200,"1995-01-10 22:00:00",376,377.4,376,377.3,0
789861600,"1995-01-11 22:00:00",378.2,382.7,378.1,381.4,0
789948000,"1995-01-12 22:00:00",380.3,380.5,379.2,379.3,0
790207200,"1995-01-15 22:00:00",377.6,378.4,377.6,378.3,0
790293600,"1995-01-16 22:00:00",378.1,381.4,377.8,380.6,0
790380000,"1995-01-17 22:00:00",384.2,384.9,382.5,382.6,0
790466400,"1995-01-18 22:00:00",384.2,384.2,381.7,383.6,0
790552800,"1995-01-19 22:00:00",383.5,385.6,383.1,385.4,0
790812000,"1995-01-22 22:00:00",385.8,386,379.9,381.4,0
790898400,"1995-01-23 22:00:00",381.4,382.2,380.8,381.8,0
790984800,"1995-01-24 22:00:00",381.8,382.5,380.6,380.9,0
791071200,"1995-01-25 22:00:00",380.7,382,380.7,381.7,0
791157600,"1995-01-26 22:00:00",380.1,380.6,375,376.8,0
791416800,"1995-01-29 22:00:00",379.1,379.8,378.3,379.4,0
791503200,"1995-01-30 22:00:00",378.9,379,376.8,377.7,0
791589600,"1995-01-31 22:00:00",378.7,379.7,378.5,378.7,0
791676000,"1995-02-01 22:00:00",377.8,379.2,377.8,379.1,0
791762400,"1995-02-02 22:00:00",379.3,379.4,377.7,378.8,0
792021600,"1995-02-05 22:00:00",378.3,378.8,377,378.3,0
792108000,"1995-02-06 22:00:00",377.8,378,377.1,377.3,0
792194400,"1995-02-07 22:00:00",377.1,378.4,377,378.3,0
792280800,"1995-02-08 22:00:00",378.5,379.8,378.3,378.8,0
792367200,"1995-02-09 22:00:00",378.8,379.3,378.2,378.4,0
792626400,"1995-02-12 22:00:00",377.9,378.3,376.4,377.9,0
792712800,"1995-02-13 22:00:00",378.2,379,378,378.4,0
792799200,"1995-02-14 22:00:00",379.2,379.9,378.4,378.6,0
792885600,"1995-02-15 22:00:00",378.6,379.5,378.5,378.6,0
792972000,"1995-02-16 22:00:00",378.3,381.7,378.3,380.6,0
793317600,"1995-02-20 22:00:00",381.2,381.5,380.5,380.6,0
793404000,"1995-02-21 22:00:00",381,382.4,380.8,381.5,0
793490400,"1995-02-22 22:00:00",380.8,381.9,380.8,381,0
793576800,"1995-02-23 22:00:00",381.5,381.8,376.3,378.2,0
793836000,"1995-02-26 22:00:00",378.6,378.8,377,378,0
793922400,"1995-02-27 22:00:00",377.3,378.7,377.1,378.3,0
794008800,"1995-02-28 22:00:00",377.4,377.8,374.5,376.2,0
794095200,"1995-03-01 22:00:00",375.9,379,375.8,378,0
794181600,"1995-03-02 22:00:00",377.3,378.9,376.9,377.8,0
794440800,"1995-03-05 22:00:00",378.5,380.8,378.3,380.2,0
794527200,"1995-03-06 22:00:00",380.9,386.1,380.9,385.4,0
794613600,"1995-03-07 22:00:00",384.2,384.4,380.3,380.9,0
794700000,"1995-03-08 22:00:00",382,383.8,381.4,382.4,0
794786400,"1995-03-09 22:00:00",383.1,383.8,381.8,383.1,0
795045600,"1995-03-12 22:00:00",384.1,388.4,384.1,386.1,0
795132000,"1995-03-13 22:00:00",386,386.8,385.4,386.7,0
795218400,"1995-03-14 22:00:00",388.2,388.9,386.8,387.2,0
795304800,"1995-03-15 22:00:00",385.1,385.8,383.7,385.6,0
795391200,"1995-03-16 22:00:00",383.3,384.8,381.8,384.2,0
795650400,"1995-03-19 22:00:00",382.7,384,382.4,383.5,0
795736800,"1995-03-20 22:00:00",383.5,384.2,382.5,382.8,0
795823200,"1995-03-21 22:00:00",381.8,383.7,381.6,383.5,0
795909600,"1995-03-22 22:00:00",383.8,384.9,383.6,384.3,0
795996000,"1995-03-23 22:00:00",384.2,384.5,382,382.7,0
796255200,"1995-03-26 22:00:00",382.7,383.3,382,382.3,0
796341600,"1995-03-27 22:00:00",383,383.5,382,383.2,0
796428000,"1995-03-28 22:00:00",383.3,384.8,382.2,382.9,0
796514400,"1995-03-29 22:00:00",384,391.3,384,388.6,0
796600800,"1995-03-30 22:00:00",389.1,402,388.2,394.3,0
796856400,"1995-04-02 21:00:00",395.2,397.2,394.3,394.9,0
796942800,"1995-04-03 21:00:00",393.2,396,393.1,395.1,0
797029200,"1995-04-04 21:00:00",396.6,398.2,394.2,397.2,0
797115600,"1995-04-05 21:00:00",396.1,398,395.3,396.5,0
797202000,"1995-04-06 21:00:00",395.5,397.2,393.5,395.7,0
797461200,"1995-04-09 21:00:00",393.6,394.8,391.4,392.6,0
797547600,"1995-04-10 21:00:00",392.2,394.3,391.9,393,0
797634000,"1995-04-11 21:00:00",392.4,393.9,392.4,392.7,0
797720400,"1995-04-12 21:00:00",391.5,392.8,391,392.4,0
798066000,"1995-04-16 21:00:00",394.7,397.4,393.7,396.5,0
798152400,"1995-04-17 21:00:00",396.9,398,395.1,397.8,0
798238800,"1995-04-18 21:00:00",399.3,400.8,396.5,397.4,0
798325200,"1995-04-19 21:00:00",395.2,397.5,394,394.7,0
798411600,"1995-04-20 21:00:00",393.2,394.8,391.7,392.7,0
798670800,"1995-04-23 21:00:00",393.3,394.4,392.8,393.1,0
798757200,"1995-04-24 21:00:00",392.5,393.4,391.3,392.3,0
798843600,"1995-04-25 21:00:00",391.3,392.5,387.5,388,0
798930000,"1995-04-26 21:00:00",388.5,390,387.9,389.9,0
799016400,"1995-04-27 21:00:00",391.7,392.4,387.3,388.5,0
799275600,"1995-04-30 21:00:00",389.9,389.9,388.1,389.8,0
799362000,"1995-05-01 21:00:00",391,391.7,389.1,390.6,0
799448400,"1995-05-02 21:00:00",390.6,391.6,389.8,391.4,0
799534800,"1995-05-03 21:00:00",392,393.9,391.4,393,0
799621200,"1995-05-04 21:00:00",392.8,393.2,390.1,392.4,0
799880400,"1995-05-07 21:00:00",392.5,392.5,390.8,390.9,0
799966800,"1995-05-08 21:00:00",390.7,391.7,383,384.6,0
800053200,"1995-05-09 21:00:00",384.4,385.4,383.2,384.5,0
800139600,"1995-05-10 21:00:00",383.6,385.7,383.6,384.4,0
800226000,"1995-05-11 21:00:00",385,386,383.3,384.3,0
800485200,"1995-05-14 21:00:00",384.8,385.8,384.5,385.6,0
800571600,"1995-05-15 21:00:00",384.7,385.9,384.4,385.5,0
800658000,"1995-05-16 21:00:00",384,385.4,383.5,384.2,0
800744400,"1995-05-17 21:00:00",383,384.7,382.7,384.2,0
800830800,"1995-05-18 21:00:00",384.3,384.8,383,383.1,0
801090000,"1995-05-21 21:00:00",381.5,383.7,381.5,382.8,0
801176400,"1995-05-22 21:00:00",382.3,383.8,382.3,383.8,0
801262800,"1995-05-23 21:00:00",383.8,385.2,383.6,384.7,0
801349200,"1995-05-24 21:00:00",384.5,387.2,384.5,385.9,0
801435600,"1995-05-25 21:00:00",386.1,388.8,386,386.6,0
801781200,"1995-05-29 21:00:00",389.5,390.2,387.8,387.9,0
801867600,"1995-05-30 21:00:00",387.8,388.4,386.5,387.6,0
801954000,"1995-05-31 21:00:00",386.6,388.9,386.5,388.3,0
802040400,"1995-06-01 21:00:00",388.1,388.8,386.8,387,0
802299600,"1995-06-04 21:00:00",386.9,387.8,386.3,387.7,0
802386000,"1995-06-05 21:00:00",387.5,388.4,387.2,387.8,0
802472400,"1995-06-06 21:00:00",388.2,389.9,387.7,389.5,0
802558800,"1995-06-07 21:00:00",389.2,389.7,388.1,389.5,0
802645200,"1995-06-08 21:00:00",389.7,392,389.2,391.1,0
802904400,"1995-06-11 21:00:00",390.6,391,389.7,390.2,0
802990800,"1995-06-12 21:00:00",390.5,390.9,389.1,389.4,0
803077200,"1995-06-13 21:00:00",390.1,392.3,389.4,390.6,0
803163600,"1995-06-14 21:00:00",390.8,394.5,390.6,393.9,0
803250000,"1995-06-15 21:00:00",393.9,395,392.4,392.7,0
803509200,"1995-06-18 21:00:00",393.3,394.5,393.2,394.2,0
803595600,"1995-06-19 21:00:00",393.6,394.2,392.8,393.4,0
803682000,"1995-06-20 21:00:00",393.3,393.9,392.1,392.5,0
803768400,"1995-06-21 21:00:00",392.2,392.9,390.8,391.9,0
803854800,"1995-06-22 21:00:00",391.7,392.5,391.1,392.1,0
804114000,"1995-06-25 21:00:00",391.2,392.2,390.4,391.8,0
804200400,"1995-06-26 21:00:00",391.5,392,390.8,391,0
804286800,"1995-06-27 21:00:00",391.3,391.6,388,388.8,0
804373200,"1995-06-28 21:00:00",388.7,389.9,388.5,389.4,0
804459600,"1995-06-29 21:00:00",388.8,389.2,384.2,385.6,0
804891600,"1995-07-04 21:00:00",385.2,386,384,385.2,0
804978000,"1995-07-05 21:00:00",385.5,385.7,384.6,385.2,0
805064400,"1995-07-06 21:00:00",385.6,387.7,385.3,386.7,0
805323600,"1995-07-09 21:00:00",386.7,387.3,386.5,386.6,0
805410000,"1995-07-10 21:00:00",385.8,396.3,385.6,386.7,0
805496400,"1995-07-11 21:00:00",386.8,391.8,386.6,390.2,0
805582800,"1995-07-12 21:00:00",390.6,391.5,389.3,389.4,0
805669200,"1995-07-13 21:00:00",389.1,390.6,388.8,389.6,0
805928400,"1995-07-16 21:00:00",388.9,390.5,388.5,389.9,0
806014800,"1995-07-17 21:00:00",390.3,390.8,389.1,390.1,0
806101200,"1995-07-18 21:00:00",390.3,392.5,386,388.4,0
806187600,"1995-07-19 21:00:00",388,388.8,386.2,386.3,0
806274000,"1995-07-20 21:00:00",386.7,387.2,384.7,386.6,0
806533200,"1995-07-23 21:00:00",386.8,387.6,386.2,387.3,0
806619600,"1995-07-24 21:00:00",387.1,387.5,385.9,386.2,0
806706000,"1995-07-25 21:00:00",385.7,386.7,385.7,386.5,0
806792400,"1995-07-26 21:00:00",386.2,386.6,383,383.2,0
806878800,"1995-07-27 21:00:00",382.8,384.6,381.6,384.6,0
807138000,"1995-07-30 21:00:00",389.5,389.9,388,388.4,0
807224400,"1995-07-31 21:00:00",388.2,389.3,387.3,388.9,0
807310800,"1995-08-01 21:00:00",388.7,389.2,388.1,388.9,0
807397200,"1995-08-02 21:00:00",389.4,390.3,388.7,390.3,0
807483600,"1995-08-03 21:00:00",390.3,390.5,388.9,389.3,0
807742800,"1995-08-06 21:00:00",389.2,390.3,389.2,389.6,0
807829200,"1995-08-07 21:00:00",390,391,389.6,390.4,0
807915600,"1995-08-08 21:00:00",390.6,391.2,390,390.3,0
808002000,"1995-08-09 21:00:00",389.6,390.3,389.4,390,0
808088400,"1995-08-10 21:00:00",389.3,389.8,388.8,389.3,0
808347600,"1995-08-13 21:00:00",389,390.2,388.8,389.9,0
808434000,"1995-08-14 21:00:00",390,393.5,389.8,390.9,0
808520400,"1995-08-15 21:00:00",389.3,390.7,386,387.9,0
808606800,"1995-08-16 21:00:00",389.6,391,387.5,389,0
808693200,"1995-08-17 21:00:00",389.5,390.8,388.6,389.9,0
808952400,"1995-08-20 21:00:00",390.8,396,389.1,389.7,0
809038800,"1995-08-21 21:00:00",388.8,389.6,387.8,388.1,0
809125200,"1995-08-22 21:00:00",388.5,388.6,387.1,388.4,0
809211600,"1995-08-23 21:00:00",388.5,389.4,387.6,387.9,0
809298000,"1995-08-24 21:00:00",387.5,388.2,387.2,387.8,0
809557200,"1995-08-27 21:00:00",387.5,387.8,387.4,387.8,0
809643600,"1995-08-28 21:00:00",387.5,387.8,386.9,386.9,0
809730000,"1995-08-29 21:00:00",386.6,386.9,385.8,385.8,0
809816400,"1995-08-30 21:00:00",386,387.6,385.4,386.9,0
809902800,"1995-08-31 21:00:00",386.4,387,383.2,384.7,0
810248400,"1995-09-04 21:00:00",384.1,384.2,383.1,384.1,0
810334800,"1995-09-05 21:00:00",384.1,384.7,383.3,384.2,0
810421200,"1995-09-06 21:00:00",385.1,386.8,384,386.7,0
810507600,"1995-09-07 21:00:00",386.8,387.4,385.5,385.6,0
810766800,"1995-09-10 21:00:00",386.2,386.8,385.8,386.6,0
810853200,"1995-09-11 21:00:00",387.3,389.7,386.4,389.1,0
810939600,"1995-09-12 21:00:00",389.5,390,387.9,388.2,0
811026000,"1995-09-13 21:00:00",388.5,390,388.1,389.5,0
811112400,"1995-09-14 21:00:00",389,389.7,388.3,389,0
811371600,"1995-09-17 21:00:00",388.9,390.6,388.7,389.7,0
811458000,"1995-09-18 21:00:00",389.5,389.8,388,389.3,0
811544400,"1995-09-19 21:00:00",388.6,389.5,387.3,387.7,0
811630800,"1995-09-20 21:00:00",386.7,389,386.3,388.1,0
811717200,"1995-09-21 21:00:00",388.1,388.1,385.6,386.1,0
811976400,"1995-09-24 21:00:00",385.7,386.7,385.2,386.3,0
812062800,"1995-09-25 21:00:00",386.7,387.4,386.1,386.9,0
812149200,"1995-09-26 21:00:00",386.7,387.5,386.1,386.5,0
812235600,"1995-09-27 21:00:00",386.6,387.4,386.2,386.4,0
812322000,"1995-09-28 21:00:00",386.3,387.1,386.3,386.5,0
812581200,"1995-10-01 21:00:00",385.9,386.8,384.7,384.8,0
812667600,"1995-10-02 21:00:00",384.8,385.5,384.8,385.2,0
812754000,"1995-10-03 21:00:00",385.9,386.2,385,385.6,0
812840400,"1995-10-04 21:00:00",385.8,386.3,385.1,385.1,0
812926800,"1995-10-05 21:00:00",385.4,386.5,385.1,386.1,0
813186000,"1995-10-08 21:00:00",387.3,388,386.2,387.8,0
813272400,"1995-10-09 21:00:00",387.6,388.7,387.3,387.6,0
813358800,"1995-10-10 21:00:00",387.4,387.7,387.1,387.4,0
813445200,"1995-10-11 21:00:00",387.4,387.4,387,387,0
813531600,"1995-10-12 21:00:00",386.6,387,386,386.4,0
813790800,"1995-10-15 21:00:00",386.4,386.7,386,386.1,0
813877200,"1995-10-16 21:00:00",385.8,386.3,385.4,386,0
813963600,"1995-10-17 21:00:00",386.1,386.3,385.7,385.9,0
814050000,"1995-10-18 21:00:00",385.3,386.1,382.6,383.8,0
814136400,"1995-10-19 21:00:00",383.4,384.3,383.4,384.1,0
814395600,"1995-10-22 21:00:00",384.7,384.7,384,384.2,0
814482000,"1995-10-23 21:00:00",384.2,384.5,383.8,384.2,0
814568400,"1995-10-24 21:00:00",384.3,385.2,384.1,384.5,0
814654800,"1995-10-25 21:00:00",384.5,384.9,384.1,384.3,0
814741200,"1995-10-26 21:00:00",384.1,384.7,383.1,383.9,0
815004000,"1995-10-29 22:00:00",383.7,384.1,383.5,383.8,0
815090400,"1995-10-30 22:00:00",384,384.3,383.9,384.3,0
815176800,"1995-10-31 22:00:00",384.1,384.3,383.5,383.8,0
815263200,"1995-11-01 22:00:00",383.6,384.3,383.4,384.2,0
815349600,"1995-11-02 22:00:00",384.4,384.6,383.6,383.7,0
815608800,"1995-11-05 22:00:00",383.5,383.9,383.2,383.7,0
815695200,"1995-11-06 22:00:00",383.6,387,383.6,386.6,0
815781600,"1995-11-07 22:00:00",386.6,386.8,386,386.2,0
815868000,"1995-11-08 22:00:00",386.2,387.8,385.6,387.4,0
815954400,"1995-11-09 22:00:00",387.9,391.5,387,390.5,0
816213600,"1995-11-12 22:00:00",390.5,390.7,387.2,388.1,0
816300000,"1995-11-13 22:00:00",387.4,388.4,384.5,386.5,0
816386400,"1995-11-14 22:00:00",386.5,387.6,385.5,385.6,0
816472800,"1995-11-15 22:00:00",385.2,386.5,385.2,386.2,0
816559200,"1995-11-16 22:00:00",387.1,387.7,386.2,387.5,0
816818400,"1995-11-19 22:00:00",386.9,387.5,386.5,387.1,0
816904800,"1995-11-20 22:00:00",387.5,387.8,385.3,385.4,0
816991200,"1995-11-21 22:00:00",385.6,386,381.5,382.1,0
817423200,"1995-11-26 22:00:00",384.6,385.6,382.9,384.9,0
817509600,"1995-11-27 22:00:00",387.5,390.5,385.1,387.9,0
817596000,"1995-11-28 22:00:00",388.5,390.4,388.3,389.2,0
817682400,"1995-11-29 22:00:00",388.4,389.3,388,388.6,0
817768800,"1995-11-30 22:00:00",387.6,388.8,387,387.4,0
818028000,"1995-12-03 22:00:00",387.1,388,386.8,387.3,0
818114400,"1995-12-04 22:00:00",387.5,389.1,387.2,388.7,0
818200800,"1995-12-05 22:00:00",389.3,391.5,388.7,390.3,0
818287200,"1995-12-06 22:00:00",390.1,392.4,389.1,390.5,0
818373600,"1995-12-07 22:00:00",390.6,391.8,390.3,391.4,0
818632800,"1995-12-10 22:00:00",391.4,392.3,389.7,390,0
818719200,"1995-12-11 22:00:00",390.1,390.2,389.7,389.8,0
818805600,"1995-12-12 22:00:00",389.1,390.1,387.5,387.9,0
818892000,"1995-12-13 22:00:00",387.9,388.1,387.3,387.3,0
818978400,"1995-12-14 22:00:00",387.7,387.8,386.7,387.6,0
819237600,"1995-12-17 22:00:00",388,388.9,387.4,388.6,0
819324000,"1995-12-18 22:00:00",389.4,389.7,388.3,388.4,0
819410400,"1995-12-19 22:00:00",388,389.9,388,389.6,0
819496800,"1995-12-20 22:00:00",389.7,390,388.1,388.7,0
819583200,"1995-12-21 22:00:00",388.7,388.7,387.8,388.2,0
819928800,"1995-12-25 22:00:00",388.5,388.8,388.5,388.6,0
820015200,"1995-12-26 22:00:00",388.3,388.7,387.5,387.7,0
820101600,"1995-12-27 22:00:00",387.4,388.1,387.3,387.8,0
820188000,"1995-12-28 22:00:00",387.6,388.3,386.7,388.1,0
820533600,"1996-01-01 22:00:00",392,392,388,391.9,0
820620000,"1996-01-02 22:00:00",392,396.3,391.6,396.2,0
820706400,"1996-01-03 22:00:00",396,396,394.1,395.4,0
820792800,"1996-01-04 22:00:00",397.8,399.2,395.5,396.5,0
821052000,"1996-01-07 22:00:00",396.4,397.7,396.4,396.5,0
821138400,"1996-01-08 22:00:00",397.8,398.4,394.8,396.9,0
821224800,"1996-01-09 22:00:00",397.8,403,396.8,400.2,0
821311200,"1996-01-10 22:00:00",400.5,401.5,398.8,399.3,0
821397600,"1996-01-11 22:00:00",400.2,400.9,396.2,396.7,0
821656800,"1996-01-14 22:00:00",394.4,397.2,393.8,396.1,0
821743200,"1996-01-15 22:00:00",397.3,398.9,396.3,398.8,0
821829600,"1996-01-16 22:00:00",399.5,400.3,397.1,400,0
821916000,"1996-01-17 22:00:00",397.6,400.8,397.1,397.6,0
822002400,"1996-01-18 22:00:00",396.8,401.3,396.3,399.9,0
822261600,"1996-01-21 22:00:00",402,403.7,399.9,403.5,0
822348000,"1996-01-22 22:00:00",403.5,405.3,402.6,403.6,0
822434400,"1996-01-23 22:00:00",403.8,404.5,401.5,403.5,0
822520800,"1996-01-24 22:00:00",402.7,408.4,402.6,406.7,0
822607200,"1996-01-25 22:00:00",406.8,409.5,405.2,405.8,0
822866400,"1996-01-28 22:00:00",405.7,406.7,404.2,405.8,0
822952800,"1996-01-29 22:00:00",408.8,410.4,405.8,407,0
823039200,"1996-01-30 22:00:00",406.5,408.8,406.1,408.5,0
823125600,"1996-01-31 22:00:00",409.2,414,409.1,413.7,0
823212000,"1996-02-01 22:00:00",415.6,419.6,415.6,417.7,0
823471200,"1996-02-04 22:00:00",418,418,415.6,415.9,0
823557600,"1996-02-05 22:00:00",415.2,415.3,412.5,414.6,0
823644000,"1996-02-06 22:00:00",414.6,417.6,409.5,411.4,0
823730400,"1996-02-07 22:00:00",410.9,412,409.3,411.5,0
823816800,"1996-02-08 22:00:00",411.6,411.6,406.5,407.8,0
824076000,"1996-02-11 22:00:00",407.9,407.9,402.1,403.3,0
824162400,"1996-02-12 22:00:00",404.6,406,402.7,405.1,0
824248800,"1996-02-13 22:00:00",406,406.8,404.3,406.5,0
824335200,"1996-02-14 22:00:00",407.2,407.5,404.7,405.7,0
824421600,"1996-02-15 22:00:00",405.5,409.2,405.5,407.5,0
824767200,"1996-02-19 22:00:00",407.2,407.2,399.2,401.1,0
824853600,"1996-02-20 22:00:00",401.3,404.2,397.5,404,0
824940000,"1996-02-21 22:00:00",403.9,403.9,400.9,401.5,0
825026400,"1996-02-22 22:00:00",400.8,400.8,398.1,399.9,0
825285600,"1996-02-25 22:00:00",402,402,400,400.6,0
825372000,"1996-02-26 22:00:00",400.8,401.7,398.7,399.6,0
825458400,"1996-02-27 22:00:00",399.9,402.4,398.3,402.1,0
825544800,"1996-02-28 22:00:00",402.1,403.6,401.1,401.2,0
825631200,"1996-02-29 22:00:00",401.1,401.8,399,400.2,0
825890400,"1996-03-03 22:00:00",400,400,393.8,395.2,0
825976800,"1996-03-04 22:00:00",395,395.4,393.6,394.6,0
826063200,"1996-03-05 22:00:00",394.6,395.3,393.6,394.4,0
826149600,"1996-03-06 22:00:00",394.6,396.7,392.3,396.4,0
826236000,"1996-03-07 22:00:00",396.7,399.7,395.1,398.2,0
826495200,"1996-03-10 22:00:00",397.7,397.7,396.2,396.7,0
826581600,"1996-03-11 22:00:00",396.8,398.4,396.8,397.5,0
826668000,"1996-03-12 22:00:00",397.3,398.7,397.3,397.7,0
826754400,"1996-03-13 22:00:00",397.6,397.6,396.2,396.5,0
826840800,"1996-03-14 22:00:00",396.6,397.5,395.9,396.9,0
827100000,"1996-03-17 22:00:00",396.4,396.4,394.6,396.3,0
827186400,"1996-03-18 22:00:00",396.4,396.4,395.6,396,0
827272800,"1996-03-19 22:00:00",396,396.8,395.2,396.5,0
827359200,"1996-03-20 22:00:00",396.5,399.2,395.6,398.7,0
827445600,"1996-03-21 22:00:00",398.6,399.5,397.6,398.9,0
827704800,"1996-03-24 22:00:00",399,399.2,398.3,399,0
827791200,"1996-03-25 22:00:00",399.7,401.8,399.7,400.5,0
827877600,"1996-03-26 22:00:00",400.8,401.2,399.9,400.4,0
827964000,"1996-03-27 22:00:00",399.6,399.6,396.5,396.9,0
828050400,"1996-03-28 22:00:00",396.5,397.5,394,395.8,0
828309600,"1996-03-31 22:00:00",398.1,398.1,396.9,397.7,0
828396000,"1996-04-01 22:00:00",397.7,397.7,395.7,396.6,0
828482400,"1996-04-02 22:00:00",396.5,398.3,396.3,396.8,0
828568800,"1996-04-03 22:00:00",396.8,397.8,395.7,397.6,0
828910800,"1996-04-07 21:00:00",397.8,401,397.1,400.7,0
828997200,"1996-04-08 21:00:00",400.4,400.4,396.2,397.1,0
829083600,"1996-04-09 21:00:00",396.7,397.9,396.2,397.5,0
829170000,"1996-04-10 21:00:00",398,399.2,396.3,398.3,0
829256400,"1996-04-11 21:00:00",398.1,398.1,396.1,397.1,0
829515600,"1996-04-14 21:00:00",395.9,395.9,394.7,395.5,0
829602000,"1996-04-15 21:00:00",392.5,396.3,392.5,393.5,0
829688400,"1996-04-16 21:00:00",393.6,393.8,392.7,393,0
829774800,"1996-04-17 21:00:00",393.3,394,391.8,392.4,0
829861200,"1996-04-18 21:00:00",392.9,393.3,391.5,392.7,0
830120400,"1996-04-21 21:00:00",392.7,394.1,392.7,393.6,0
830206800,"1996-04-22 21:00:00",393.6,394.5,393.3,393.4,0
830293200,"1996-04-23 21:00:00",393.5,393.6,392.4,392.7,0
830379600,"1996-04-24 21:00:00",393.2,396.8,393.2,395.3,0
830466000,"1996-04-25 21:00:00",395.6,395.6,391.6,392.2,0
830725200,"1996-04-28 21:00:00",392.2,393.1,392,392.4,0
830811600,"1996-04-29 21:00:00",392.6,394,392.5,393.5,0
830898000,"1996-04-30 21:00:00",393.5,396.2,393,394.9,0
830984400,"1996-05-01 21:00:00",394.9,395.8,393.6,395.7,0
831070800,"1996-05-02 21:00:00",395.7,396.8,393.8,394.1,0
831330000,"1996-05-05 21:00:00",394.5,396,394.4,395.7,0
831416400,"1996-05-06 21:00:00",395.8,395.8,394.8,395.8,0
831502800,"1996-05-07 21:00:00",396,398,394.4,394.8,0
831589200,"1996-05-08 21:00:00",394.7,395.4,393.9,394.5,0
831675600,"1996-05-09 21:00:00",394.6,395.1,391.8,392,0
831934800,"1996-05-12 21:00:00",392.2,393.1,392.2,392.7,0
832021200,"1996-05-13 21:00:00",393.1,393.7,391.5,392.9,0
832107600,"1996-05-14 21:00:00",392.9,393.9,392.9,393.5,0
832194000,"1996-05-15 21:00:00",393.1,393.6,392.4,393.5,0
832280400,"1996-05-16 21:00:00",393.1,393.7,392.3,393,0
832539600,"1996-05-19 21:00:00",393.1,393.3,391.1,391.3,0
832626000,"1996-05-20 21:00:00",391.4,392.4,389.8,391.4,0
832712400,"1996-05-21 21:00:00",391.5,392.2,391.1,392,0
832798800,"1996-05-22 21:00:00",391.3,392,391.3,391.8,0
832885200,"1996-05-23 21:00:00",391.4,391.4,390.6,390.9,0
833230800,"1996-05-27 21:00:00",390.6,392.6,390.6,391.6,0
833317200,"1996-05-28 21:00:00",391.7,392.2,391,391.2,0
833403600,"1996-05-29 21:00:00",394.2,394.9,393.5,394,0
833490000,"1996-05-30 21:00:00",393.7,395.5,393.1,394.4,0
833749200,"1996-06-02 21:00:00",394.3,394.3,393.5,393.6,0
833835600,"1996-06-03 21:00:00",393.2,393.9,390.2,390.8,0
833922000,"1996-06-04 21:00:00",390.9,390.9,388.8,388.9,0
834008400,"1996-06-05 21:00:00",388.6,388.6,386.2,388.4,0
834094800,"1996-06-06 21:00:00",388.2,389.8,387.4,387.6,0
834354000,"1996-06-09 21:00:00",387.8,388.6,387.8,388.5,0
834440400,"1996-06-10 21:00:00",387.9,387.9,385.1,386.9,0
834526800,"1996-06-11 21:00:00",386.9,387.7,386.5,386.8,0
834613200,"1996-06-12 21:00:00",386.3,387.3,386.3,386.5,0
834699600,"1996-06-13 21:00:00",386.5,387.6,383,387.1,0
834958800,"1996-06-16 21:00:00",386.9,387.6,386.3,387.3,0
835045200,"1996-06-17 21:00:00",387.4,388.1,386.6,387.7,0
835131600,"1996-06-18 21:00:00",387.8,388.7,386.4,386.5,0
835218000,"1996-06-19 21:00:00",386.5,386.6,385.9,386.3,0
835304400,"1996-06-20 21:00:00",386.1,386.9,384.6,386.8,0
835563600,"1996-06-23 21:00:00",386.8,387,385.5,386.7,0
835650000,"1996-06-24 21:00:00",387,387.4,385.5,385.6,0
835736400,"1996-06-25 21:00:00",385.6,386,384.6,384.7,0
835822800,"1996-06-26 21:00:00",384.7,385.2,383.4,383.6,0
835909200,"1996-06-27 21:00:00",383.6,384,381.5,381.6,0
836168400,"1996-06-30 21:00:00",382.3,384,382.3,382.7,0
836254800,"1996-07-01 21:00:00",382.9,383.5,382.5,383.3,0
836341200,"1996-07-02 21:00:00",383.4,383.9,382.4,382.5,0
836773200,"1996-07-07 21:00:00",383.5,384.4,381.5,382.1,0
836859600,"1996-07-08 21:00:00",383.3,385,383.3,383.5,0
836946000,"1996-07-09 21:00:00",383.7,385.4,383,383.4,0
837032400,"1996-07-10 21:00:00",383.5,385.2,383.4,384.6,0
837118800,"1996-07-11 21:00:00",384.8,385.3,383.7,384.4,0
837378000,"1996-07-14 21:00:00",384,385.8,383.6,385.7,0
837464400,"1996-07-15 21:00:00",385.8,387,384,384.2,0
837550800,"1996-07-16 21:00:00",384.6,384.8,383.6,384.2,0
837637200,"1996-07-17 21:00:00",384.2,385.3,384.2,384.6,0
837723600,"1996-07-18 21:00:00",384.6,386,384.6,385.3,0
837982800,"1996-07-21 21:00:00",385.4,386.6,385,385.5,0
838069200,"1996-07-22 21:00:00",385.5,386.6,384.2,385.5,0
838155600,"1996-07-23 21:00:00",385.5,386.5,385,386.3,0
838242000,"1996-07-24 21:00:00",386.1,386.6,385.4,385.7,0
838328400,"1996-07-25 21:00:00",385.6,386.5,385.3,385.7,0
838587600,"1996-07-28 21:00:00",385.7,385.7,384.6,385,0
838674000,"1996-07-29 21:00:00",390.2,391.2,390.2,390.3,0
838760400,"1996-07-30 21:00:00",391,393.3,391,393.1,0
838846800,"1996-07-31 21:00:00",392.9,392.9,391.8,392.1,0
838933200,"1996-08-01 21:00:00",392.4,393.6,392,393.2,0
839192400,"1996-08-04 21:00:00",394.2,396.2,394.2,395,0
839278800,"1996-08-05 21:00:00",394.8,394.8,393.9,394.4,0
839365200,"1996-08-06 21:00:00",394.4,394.4,393.7,394.1,0
839451600,"1996-08-07 21:00:00",394.2,394.4,393.4,394.4,0
839538000,"1996-08-08 21:00:00",394.2,394.7,392.9,393.3,0
839797200,"1996-08-11 21:00:00",393.5,394,392.8,393.4,0
839883600,"1996-08-12 21:00:00",393.2,393.5,392.9,393.2,0
839970000,"1996-08-13 21:00:00",392.7,392.7,391.2,391.7,0
840056400,"1996-08-14 21:00:00",391.6,392.5,391.1,391.7,0
840142800,"1996-08-15 21:00:00",391.7,391.7,390.9,391.4,0
840402000,"1996-08-18 21:00:00",392.4,392.7,391.2,392.4,0
840488400,"1996-08-19 21:00:00",392.7,393,392.2,392.9,0
840574800,"1996-08-20 21:00:00",392.8,392.8,391.7,391.8,0
840661200,"1996-08-21 21:00:00",391.8,393.4,391.7,392.5,0
840747600,"1996-08-22 21:00:00",392.6,393.7,392.1,393.2,0
841006800,"1996-08-25 21:00:00",393.3,394.6,393.3,394.5,0
841093200,"1996-08-26 21:00:00",394.4,394.4,393.6,394,0
841179600,"1996-08-27 21:00:00",394,394,392.9,393,0
841266000,"1996-08-28 21:00:00",393,393.1,391.7,392.4,0
841352400,"1996-08-29 21:00:00",392.1,392.1,390,391.3,0
841698000,"1996-09-02 21:00:00",391.5,391.5,390.4,390.5,0
841784400,"1996-09-03 21:00:00",390.4,390.4,389.4,389.7,0
841870800,"1996-09-04 21:00:00",389.8,390.4,389.3,389.6,0
841957200,"1996-09-05 21:00:00",389.5,389.9,388.6,388.8,0
842216400,"1996-09-08 21:00:00",389,389.1,385.8,387.2,0
842302800,"1996-09-09 21:00:00",387.1,387.1,386,386.8,0
842389200,"1996-09-10 21:00:00",386.8,387.7,386.2,386.6,0
842475600,"1996-09-11 21:00:00",386.2,386.2,384.6,385.8,0
842562000,"1996-09-12 21:00:00",386,386.7,385.5,385.6,0
842821200,"1996-09-15 21:00:00",385.7,386.4,385.6,386.3,0
842907600,"1996-09-16 21:00:00",386.4,387,386,386.1,0
842994000,"1996-09-17 21:00:00",386.6,386.6,385.5,386.3,0
843080400,"1996-09-18 21:00:00",386.3,386.6,385.4,385.6,0
843166800,"1996-09-19 21:00:00",385.5,385.8,383.3,383.9,0
843426000,"1996-09-22 21:00:00",384,384.7,383.8,384.4,0
843512400,"1996-09-23 21:00:00",384.8,385.8,384.8,385.7,0
843598800,"1996-09-24 21:00:00",385.9,385.9,385,385.3,0
843685200,"1996-09-25 21:00:00",384.6,384.6,382.6,383.6,0
843771600,"1996-09-26 21:00:00",383.3,383.7,381.9,382.8,0
844030800,"1996-09-29 21:00:00",381.9,381.9,380.1,380.5,0
844117200,"1996-09-30 21:00:00",380.8,381.5,379.8,381,0
844203600,"1996-10-01 21:00:00",381.6,383.3,381.6,382.3,0
844290000,"1996-10-02 21:00:00",382.5,382.8,381,382.7,0
844376400,"1996-10-03 21:00:00",382.7,383.5,382.3,382.6,0
844635600,"1996-10-06 21:00:00",382.3,383.8,382.2,382.6,0
844722000,"1996-10-07 21:00:00",382.9,384.3,382.9,383.4,0
844808400,"1996-10-08 21:00:00",383.3,384.4,382.6,383.5,0
844894800,"1996-10-09 21:00:00",383.7,385.3,383.6,384.5,0
844981200,"1996-10-10 21:00:00",383.9,383.9,382.8,383.4,0
845240400,"1996-10-13 21:00:00",383.3,384.1,383.1,383.8,0
845326800,"1996-10-14 21:00:00",383.6,383.6,383,383.3,0
845413200,"1996-10-15 21:00:00",384,384.3,382.8,383,0
845499600,"1996-10-16 21:00:00",382.9,382.9,382.1,382.6,0
845586000,"1996-10-17 21:00:00",382.3,382.3,381.6,382.1,0
845845200,"1996-10-20 21:00:00",382.2,384,381.8,383.9,0
845931600,"1996-10-21 21:00:00",384.4,386.5,384.4,386.1,0
846018000,"1996-10-22 21:00:00",386,386.3,385.4,385.9,0
846104400,"1996-10-23 21:00:00",385.7,385.7,384.5,384.9,0
846190800,"1996-10-24 21:00:00",384.7,384.9,384,384.6,0
846453600,"1996-10-27 22:00:00",384.5,384.9,384.4,384.6,0
846540000,"1996-10-28 22:00:00",383.9,383.9,381.5,381.6,0
846626400,"1996-10-29 22:00:00",381.6,381.9,380.6,381.3,0
846712800,"1996-10-30 22:00:00",380.8,381.3,378.5,379.1,0
846799200,"1996-10-31 22:00:00",378.8,379.5,377.8,379.2,0
847058400,"1996-11-03 22:00:00",379.3,379.9,379.3,379.6,0
847144800,"1996-11-04 22:00:00",379.6,380.5,379.4,379.6,0
847231200,"1996-11-05 22:00:00",379.5,379.5,378.3,378.7,0
847317600,"1996-11-06 22:00:00",378.7,382,378.7,379.6,0
847404000,"1996-11-07 22:00:00",379.6,380.5,378.3,380.5,0
847663200,"1996-11-10 22:00:00",380.9,382.8,380.4,382.8,0
847749600,"1996-11-11 22:00:00",382.8,383.8,382.3,383.4,0
847836000,"1996-11-12 22:00:00",383.6,385.8,382.8,384.2,0
847922400,"1996-11-13 22:00:00",384,384.4,381.4,381.8,0
848008800,"1996-11-14 22:00:00",382,382.1,379.8,381.1,0
848268000,"1996-11-17 22:00:00",380.3,380.3,379.4,379.7,0
848354400,"1996-11-18 22:00:00",379.9,379.9,378.2,378.4,0
848440800,"1996-11-19 22:00:00",378.7,380.4,378.5,379,0
848527200,"1996-11-20 22:00:00",378.8,379,375.8,376.5,0
848613600,"1996-11-21 22:00:00",376.6,377.6,376.3,376.3,0
848872800,"1996-11-24 22:00:00",376.5,376.5,373.4,374.5,0
848959200,"1996-11-25 22:00:00",374.5,374.9,373.2,374.7,0
849045600,"1996-11-26 22:00:00",374.5,375.3,372.5,373,0
849477600,"1996-12-01 22:00:00",373.9,373.9,370.7,370.9,0
849564000,"1996-12-02 22:00:00",370.8,371.2,367.7,370.4,0
849650400,"1996-12-03 22:00:00",370.5,373.5,370,372.5,0
849736800,"1996-12-04 22:00:00",372.7,374.4,369.5,373,0
849823200,"1996-12-05 22:00:00",372.8,376.1,370,370.8,0
850082400,"1996-12-08 22:00:00",370.6,371.1,369.6,369.7,0
850168800,"1996-12-09 22:00:00",369.7,371.3,369.4,370.5,0
850255200,"1996-12-10 22:00:00",370.7,372,369.5,370.6,0
850341600,"1996-12-11 22:00:00",370.7,371.1,369.7,370.8,0
850428000,"1996-12-12 22:00:00",370.8,371.9,370.2,370.4,0
850687200,"1996-12-15 22:00:00",370,370.5,369.1,369.9,0
850773600,"1996-12-16 22:00:00",370.2,371.8,369,370.5,0
850860000,"1996-12-17 22:00:00",370.4,371.6,370.4,371.3,0
850946400,"1996-12-18 22:00:00",371.3,371.7,370.7,371.1,0
851032800,"1996-12-19 22:00:00",370.7,371.4,370.2,370.5,0
851292000,"1996-12-22 22:00:00",370.4,371.1,370.4,370.6,0
851378400,"1996-12-23 22:00:00",370.7,370.8,370.3,370.6,0
851551200,"1996-12-25 22:00:00",370.8,371.4,370.8,371.1,0
851637600,"1996-12-26 22:00:00",371,371.7,370.8,371.1,0
851896800,"1996-12-29 22:00:00",371.2,371.7,371,371.2,0
851983200,"1996-12-30 22:00:00",371.3,371.5,368.5,369.2,0
852156000,"1997-01-01 22:00:00",369.2,369.4,366.5,366.6,0
852242400,"1997-01-02 22:00:00",366.5,366.7,361.8,362,0
852501600,"1997-01-05 22:00:00",362.4,362.5,357.6,358.7,0
852588000,"1997-01-06 22:00:00",358.8,360.7,358.8,359.7,0
852674400,"1997-01-07 22:00:00",359.9,359.9,355.3,356.8,0
852760800,"1997-01-08 22:00:00",356.8,359.2,355,358.8,0
852847200,"1997-01-09 22:00:00",359.1,360.6,358.4,360.2,0
853106400,"1997-01-12 22:00:00",360,361.7,359.1,359.7,0
853192800,"1997-01-13 22:00:00",359.6,359.6,354,354.7,0
853279200,"1997-01-14 22:00:00",354.8,356.5,352.6,353.2,0
853365600,"1997-01-15 22:00:00",353.3,356.5,353.1,355,0
853452000,"1997-01-16 22:00:00",355.4,357.1,355,356.4,0
853711200,"1997-01-19 22:00:00",356.1,356.4,353.4,354.6,0
853797600,"1997-01-20 22:00:00",354.6,356.3,352.7,353.8,0
853884000,"1997-01-21 22:00:00",353.8,353.9,349.8,351.7,0
853970400,"1997-01-22 22:00:00",351.8,352.8,347.3,352.5,0
854056800,"1997-01-23 22:00:00",352.8,355.3,352.8,353.4,0
854316000,"1997-01-26 22:00:00",353.5,357.8,353.2,357.3,0
854402400,"1997-01-27 22:00:00",357.4,358.2,353.2,354,0
854488800,"1997-01-28 22:00:00",354,354,351,351.8,0
854575200,"1997-01-29 22:00:00",353,353,347.3,347.5,0
854661600,"1997-01-30 22:00:00",347.7,348.7,345.4,346,0
854920800,"1997-02-02 22:00:00",346.3,348.8,345.6,348.5,0
855007200,"1997-02-03 22:00:00",348.6,349.2,346.1,346.4,0
855093600,"1997-02-04 22:00:00",346.2,346.7,344.3,346.4,0
855180000,"1997-02-05 22:00:00",346.4,347.1,344,345.1,0
855266400,"1997-02-06 22:00:00",344.5,345.1,339.4,344,0
855525600,"1997-02-09 22:00:00",343.9,345.1,342.4,343.1,0
855612000,"1997-02-10 22:00:00",342.9,343.4,340.3,341.9,0
855698400,"1997-02-11 22:00:00",341.6,348,338.5,345.4,0
855784800,"1997-02-12 22:00:00",345,346.1,342.8,343,0
855871200,"1997-02-13 22:00:00",343,348.6,342.7,346.7,0
856216800,"1997-02-17 22:00:00",346.2,349.5,346,347.7,0
856303200,"1997-02-18 22:00:00",347.7,349.1,347.3,347.6,0
856389600,"1997-02-19 22:00:00",347.3,354,346.5,352.6,0
856476000,"1997-02-20 22:00:00",352.5,356.8,352.5,354.1,0
856735200,"1997-02-23 22:00:00",354,357.2,353.8,355.2,0
856821600,"1997-02-24 22:00:00",355.2,357.1,353.9,356.1,0
856908000,"1997-02-25 22:00:00",356,358.7,354.5,356,0
856994400,"1997-02-26 22:00:00",355.9,364.5,355.7,361,0
857080800,"1997-02-27 22:00:00",361.1,365.5,359.8,365.1,0
857340000,"1997-03-02 22:00:00",365.1,366,363.5,363.8,0
857426400,"1997-03-03 22:00:00",363.7,364.5,360.1,360.5,0
857512800,"1997-03-04 22:00:00",360.5,360.6,352.5,354.4,0
857599200,"1997-03-05 22:00:00",354.5,355.3,353,353.6,0
857685600,"1997-03-06 22:00:00",353.5,354.4,349.1,349.9,0
857944800,"1997-03-09 22:00:00",350.3,353.3,350.3,353.1,0
858031200,"1997-03-10 22:00:00",353.3,355.5,351.6,355.1,0
858117600,"1997-03-11 22:00:00",355.2,355.4,351.9,353.2,0
858204000,"1997-03-12 22:00:00",353.3,355.3,352.2,354.5,0
858290400,"1997-03-13 22:00:00",354.6,355.5,352.5,353,0
858549600,"1997-03-16 22:00:00",352.6,353.3,348,348.3,0
858636000,"1997-03-17 22:00:00",348.3,351.1,346.3,350.4,0
858722400,"1997-03-18 22:00:00",350.4,354.5,349,352.9,0
858808800,"1997-03-19 22:00:00",352.9,354.4,351.2,352.2,0
858895200,"1997-03-20 22:00:00",352.2,354.8,351.3,353.5,0
859154400,"1997-03-23 22:00:00",353.3,353.3,349.4,350.9,0
859240800,"1997-03-24 22:00:00",350.8,352.5,347.8,348.2,0
859327200,"1997-03-25 22:00:00",348.2,352,346.4,351.5,0
859413600,"1997-03-26 22:00:00",351.5,351.5,348.5,350.2,0
859759200,"1997-03-30 22:00:00",352.8,356,351,354,0
859845600,"1997-03-31 22:00:00",354.3,355,352.2,354.7,0
859932000,"1997-04-01 22:00:00",354.7,355.1,351.7,352.1,0
860018400,"1997-04-02 22:00:00",351.8,352.5,350,351.4,0
860104800,"1997-04-03 22:00:00",351.1,352.1,349.5,351.7,0
860360400,"1997-04-06 21:00:00",351.4,352.3,349.4,351.1,0
860446800,"1997-04-07 21:00:00",350.9,352.3,350.5,351.2,0
860533200,"1997-04-08 21:00:00",351,351.5,349.9,350.4,0
860619600,"1997-04-09 21:00:00",350.5,351.1,350,350.9,0
860706000,"1997-04-10 21:00:00",351,351.5,348,349.3,0
860965200,"1997-04-13 21:00:00",349.5,349.8,348.5,348.7,0
861051600,"1997-04-14 21:00:00",348.4,348.4,342.3,343.9,0
861138000,"1997-04-15 21:00:00",344.2,344.3,339.5,343.3,0
861224400,"1997-04-16 21:00:00",343.3,346.2,342.1,344.3,0
861310800,"1997-04-17 21:00:00",344.4,345.2,343,343.4,0
861570000,"1997-04-20 21:00:00",343.3,345.1,342.9,344.9,0
861656400,"1997-04-21 21:00:00",345,345.1,342.9,343.4,0
861742800,"1997-04-22 21:00:00",343.4,343.5,342.3,343.3,0
861829200,"1997-04-23 21:00:00",343.3,344,342,342.7,0
861915600,"1997-04-24 21:00:00",342.5,345,342.4,343.9,0
862174800,"1997-04-27 21:00:00",343.6,343.7,340.5,341.4,0
862261200,"1997-04-28 21:00:00",341.2,342.2,340.8,341.6,0
862347600,"1997-04-29 21:00:00",341.6,343.2,340.8,341.2,0
862434000,"1997-04-30 21:00:00",341.1,342.9,340.4,341.7,0
862520400,"1997-05-01 21:00:00",341.7,342,340.9,341.6,0
862779600,"1997-05-04 21:00:00",342,344.8,341.4,344.3,0
862866000,"1997-05-05 21:00:00",344.4,345.5,340.5,341.5,0
862952400,"1997-05-06 21:00:00",341.5,343,341.4,342.4,0
863038800,"1997-05-07 21:00:00",342.5,346.6,342.4,344.8,0
863125200,"1997-05-08 21:00:00",345,349.5,344.6,349.3,0
863384400,"1997-05-11 21:00:00",349.5,352.2,348.2,348.7,0
863470800,"1997-05-12 21:00:00",348.6,350.9,348,350.5,0
863557200,"1997-05-13 21:00:00",350.5,350.7,347.6,348.2,0
863643600,"1997-05-14 21:00:00",348.5,349.8,346.7,348.4,0
863730000,"1997-05-15 21:00:00",348.4,348.8,344.3,344.9,0
863989200,"1997-05-18 21:00:00",344.8,345.3,340.7,342.2,0
864075600,"1997-05-19 21:00:00",342.3,344.2,341.3,343.4,0
864162000,"1997-05-20 21:00:00",343.9,344,342.2,343.7,0
864248400,"1997-05-21 21:00:00",344.2,344.2,342.7,343.2,0
864334800,"1997-05-22 21:00:00",343.3,344.3,341.8,343.1,0
864680400,"1997-05-26 21:00:00",343.4,345.3,343.1,344.7,0
864766800,"1997-05-27 21:00:00",344.7,345.8,343.1,345.3,0
864853200,"1997-05-28 21:00:00",345.5,346.5,343.9,345.9,0
864939600,"1997-05-29 21:00:00",348.6,350.4,346.7,347.5,0
865198800,"1997-06-01 21:00:00",347.3,347.4,346.2,346.5,0
865285200,"1997-06-02 21:00:00",346.5,347.1,345,345.7,0
865371600,"1997-06-03 21:00:00",345.8,346.3,343.4,343.6,0
865458000,"1997-06-04 21:00:00",343.5,345.7,341.5,345.6,0
865544400,"1997-06-05 21:00:00",345.6,347.6,345.5,345.7,0
865803600,"1997-06-08 21:00:00",345.8,347.3,345.5,346.3,0
865890000,"1997-06-09 21:00:00",346.4,346.7,345.4,346.1,0
865976400,"1997-06-10 21:00:00",346.3,346.5,345.5,346,0
866062800,"1997-06-11 21:00:00",345.9,346,343.4,343.6,0
866149200,"1997-06-12 21:00:00",343.4,344.4,342.8,343.1,0
866408400,"1997-06-15 21:00:00",343.1,345,342.9,344.8,0
866494800,"1997-06-16 21:00:00",344.8,344.8,343.3,343.7,0
866581200,"1997-06-17 21:00:00",343.7,344.4,340.6,341,0
866667600,"1997-06-18 21:00:00",341,342.8,340.2,342.4,0
866754000,"1997-06-19 21:00:00",342.3,342.7,339.1,339.4,0
867013200,"1997-06-22 21:00:00",339.1,341.4,338.5,341.1,0
867099600,"1997-06-23 21:00:00",341.2,343.2,339.4,339.5,0
867186000,"1997-06-24 21:00:00",339.1,341.2,338.7,339,0
867272400,"1997-06-25 21:00:00",339.2,340.9,338.1,339.8,0
867358800,"1997-06-26 21:00:00",339.9,340.1,335.2,335.9,0
867618000,"1997-06-29 21:00:00",335.9,336.7,334.6,335.3,0
867704400,"1997-06-30 21:00:00",334.9,335.8,334.6,335.1,0
867790800,"1997-07-01 21:00:00",334.9,335.5,332.1,332.3,0
867877200,"1997-07-02 21:00:00",332.5,334.1,324,325.2,0
868222800,"1997-07-06 21:00:00",325.2,325.8,314.6,319,0
868309200,"1997-07-07 21:00:00",318.7,323.4,318.1,321,0
868395600,"1997-07-08 21:00:00",320.9,321.3,316.2,318.9,0
868482000,"1997-07-09 21:00:00",319.2,322.2,319,320.8,0
868568400,"1997-07-10 21:00:00",320.7,323.1,319.6,322.2,0
868827600,"1997-07-13 21:00:00",322.1,323.4,320,320.8,0
868914000,"1997-07-14 21:00:00",320.7,322.2,318.7,319,0
869000400,"1997-07-15 21:00:00",319,322,317.6,318.7,0
869086800,"1997-07-16 21:00:00",318.5,325,318.4,324.7,0
869173200,"1997-07-17 21:00:00",324.1,330.9,323.2,329.6,0
869432400,"1997-07-20 21:00:00",329.8,329.8,325.9,326.2,0
869518800,"1997-07-21 21:00:00",326.2,330.2,325.4,326,0
869605200,"1997-07-22 21:00:00",326,326.1,323.7,323.8,0
869691600,"1997-07-23 21:00:00",323.8,329.7,321.2,323.8,0
869778000,"1997-07-24 21:00:00",323.7,328,323.5,326.5,0
870037200,"1997-07-27 21:00:00",326.5,330,325.6,329.5,0
870123600,"1997-07-28 21:00:00",329,329.4,325.1,325.8,0
870210000,"1997-07-29 21:00:00",330.1,332.8,329.7,330.6,0
870296400,"1997-07-30 21:00:00",331,331.8,328,328.6,0
870382800,"1997-07-31 21:00:00",328.9,330.1,327.3,328.9,0
870642000,"1997-08-03 21:00:00",328.5,329.5,327.6,328.1,0
870728400,"1997-08-04 21:00:00",328.1,328.2,321,324.6,0
870814800,"1997-08-05 21:00:00",324.5,324.8,321.5,322.5,0
870901200,"1997-08-06 21:00:00",322.5,327,322.1,325.8,0
870987600,"1997-08-07 21:00:00",325.5,332,325,330.4,0
871246800,"1997-08-10 21:00:00",330.8,333.4,330.3,332.5,0
871333200,"1997-08-11 21:00:00",332.5,332.5,328.7,330.8,0
871419600,"1997-08-12 21:00:00",331.5,333.2,329.7,330.7,0
871506000,"1997-08-13 21:00:00",330.5,331.4,326.6,328,0
871592400,"1997-08-14 21:00:00",327.7,329.8,327,329.5,0
871851600,"1997-08-17 21:00:00",330.4,330.9,324.5,324.7,0
871938000,"1997-08-18 21:00:00",321.2,323.9,321.2,323,0
872110800,"1997-08-20 21:00:00",321.75,324.25,321.25,323.5,0
872197200,"1997-08-21 21:00:00",323.29,328,321.8,324.5,0
872456400,"1997-08-24 21:00:00",325.75,325.75,324.2,324.45,0
872542800,"1997-08-25 21:00:00",324.35,327.1,324.35,325.65,0
872629200,"1997-08-26 21:00:00",325,326.1,324.5,325.2,0
872802000,"1997-08-28 21:00:00",324.1,325.65,324,325,0
873147600,"1997-09-01 21:00:00",324.2,325,322.1,322.25,0
875048400,"1997-09-23 21:00:00",321.39,323.9,321.2,323,0
875480400,"1997-09-28 21:00:00",325.9,329.3,325.9,328,0
876949200,"1997-10-15 21:00:00",326.6,327.6,325.3,325.6,0
878767200,"1997-11-05 22:00:00",312.2,312.2,312.2,312.2,0
879804000,"1997-11-17 22:00:00",306.5,306.5,306.5,306.5,0
882223200,"1997-12-15 22:00:00",283.5,283.5,283.5,283.5,0
882914400,"1997-12-23 22:00:00",294,296.6,294,296.2,0
883951200,"1998-01-04 22:00:00",281.6,281.6,281.6,281.6,0
885333600,"1998-01-20 22:00:00",292.3,292.3,292.3,292.3,0
886456800,"1998-02-02 22:00:00",295.1,295.1,295.1,295.1,0
886543200,"1998-02-03 22:00:00",299.1,299.1,299.1,299.1,0
886975200,"1998-02-08 22:00:00",299.5,299.5,299.5,299.5,0
887148000,"1998-02-10 22:00:00",299.8,299.8,299.8,299.8,0
888357600,"1998-02-24 22:00:00",291.8,291.8,291.8,291.8,0
888962400,"1998-03-03 22:00:00",295.8,295.8,295.8,295.8,0
890085600,"1998-03-16 22:00:00",291.7,291.7,291.7,291.7,0
890172000,"1998-03-17 22:00:00",290.9,290.9,290.9,290.9,0
890258400,"1998-03-18 22:00:00",291.3,291.3,291.3,291.3,0
890690400,"1998-03-23 22:00:00",299.4,299.4,299.4,299.4,0
891381600,"1998-03-31 22:00:00",299.5,299.5,299.5,299.5,0
891554400,"1998-04-02 22:00:00",308,308,308,308,0
891810000,"1998-04-05 21:00:00",307.5,314.3,307.5,308.8,0
891982800,"1998-04-07 21:00:00",309.75,310,307.6,308.5,0
893106000,"1998-04-20 21:00:00",308,312.3,306.75,310.4,0
894229200,"1998-05-03 21:00:00",302.45,305.5,302.45,304.1,0
895438800,"1998-05-17 21:00:00",301,301.2,299,299.3,0
895698000,"1998-05-20 21:00:00",299.6,301.2,299.2,300.9,0
895784400,"1998-05-21 21:00:00",299.6,299.6,299.6,299.6,0
896821200,"1998-06-02 21:00:00",290.85,294.2,290.5,292.9,0
897339600,"1998-06-08 21:00:00",293.4,293.4,293.4,293.4,0
897512400,"1998-06-10 21:00:00",286.8,286.8,286.8,286.8,0
898203600,"1998-06-18 21:00:00",298.5,298.5,298.5,298.5,0
898635600,"1998-06-23 21:00:00",292.6,292.6,292.6,292.6,0
898722000,"1998-06-24 21:00:00",293.6,293.6,293.6,293.6,0
899067600,"1998-06-28 21:00:00",293.4,293.4,293.4,293.4,0
899240400,"1998-06-30 21:00:00",296.2,296.2,296.2,296.2,0
899326800,"1998-07-01 21:00:00",293.6,293.6,293.6,293.6,0
901054800,"1998-07-21 21:00:00",293.9,293.9,293.9,293.9,0
902091600,"1998-08-02 21:00:00",282.7,282.7,282.7,282.7,0
902264400,"1998-08-04 21:00:00",287.7,287.7,287.7,287.7,0
902350800,"1998-08-05 21:00:00",287.1,287.1,287.1,287.1,0
902437200,"1998-08-06 21:00:00",286.4,286.4,286.4,286.4,0
903301200,"1998-08-16 21:00:00",284.8,284.8,284.8,284.8,0
903474000,"1998-08-18 21:00:00",283.1,283.1,283.1,283.1,0
903560400,"1998-08-19 21:00:00",284.9,284.9,284.9,284.9,0
904078800,"1998-08-25 21:00:00",282,282,282,282,0
904165200,"1998-08-26 21:00:00",276.3,276.3,276.3,276.3,0
904251600,"1998-08-27 21:00:00",277.9,277.9,271.5,274.1,0
905720400,"1998-09-13 21:00:00",290.1,290.1,290.1,290.1,0
906498000,"1998-09-22 21:00:00",289.5,289.5,289.5,289.5,0
908398800,"1998-10-14 21:00:00",298.2,298.2,298.2,298.2,0
908485200,"1998-10-15 21:00:00",299.9,300.7,297.7,299.7,0
908744400,"1998-10-18 21:00:00",295.9,295.9,295.9,295.9,0
908830800,"1998-10-19 21:00:00",296,296,296,296,0
908917200,"1998-10-20 21:00:00",295,295,295,295,0
909352800,"1998-10-25 22:00:00",292.2,292.2,292.2,292.2,0
909612000,"1998-10-28 22:00:00",293.4,293.4,293.4,293.4,0
910130400,"1998-11-03 22:00:00",290.35,291.05,290.35,291,0
910216800,"1998-11-04 22:00:00",293,293.8,293,293.7,0
910303200,"1998-11-05 22:00:00",293,293,293,293,0
910562400,"1998-11-08 22:00:00",292.29,292.5,291.95,291.95,0
910648800,"1998-11-09 22:00:00",293.1,293.35,292.95,292.95,0
910735200,"1998-11-10 22:00:00",293.1,293.55,293.1,293.25,0
910821600,"1998-11-11 22:00:00",296.45,296.6,296.45,296.55,0
910908000,"1998-11-12 22:00:00",295.6,295.6,295.6,295.6,0
911167200,"1998-11-15 22:00:00",294.55,294.55,293.7,293.7,0
911253600,"1998-11-16 22:00:00",294,294.4,294,294,0
911340000,"1998-11-17 22:00:00",297.3,297.5,297.3,297.5,0
911426400,"1998-11-18 22:00:00",296.05,296.7,296.05,296.7,0
911512800,"1998-11-19 22:00:00",296,296,295.79,295.79,0
911772000,"1998-11-22 22:00:00",296.25,296.3,296.05,296.05,0
911858400,"1998-11-23 22:00:00",296,296.3,296,296.1,0
911944800,"1998-11-24 22:00:00",296.3,296.5,296.2,296.2,0
912117600,"1998-11-26 22:00:00",295.6,295.85,295.6,295.85,0
912376800,"1998-11-29 22:00:00",292.29,293.15,292.29,292.65,0
912463200,"1998-11-30 22:00:00",293.5,293.79,293.5,293.65,0
912549600,"1998-12-01 22:00:00",292.95,293.3,292.95,293.25,0
912636000,"1998-12-02 22:00:00",291.9,292.5,291.9,292.4,0
912722400,"1998-12-03 22:00:00",292.1,292.1,292.1,292.1,0
912981600,"1998-12-06 22:00:00",292.1,296.8,292.1,295.1,0
913068000,"1998-12-07 22:00:00",293.75,293.8,293.15,293.15,0
913154400,"1998-12-08 22:00:00",293.8,294.8,293.8,294.4,0
913240800,"1998-12-09 22:00:00",294,295.1,294,294.95,0
913327200,"1998-12-10 22:00:00",290.6,290.6,290.6,290.6,0
913586400,"1998-12-13 22:00:00",291.1,291.5,291.1,291.4,0
913672800,"1998-12-14 22:00:00",293,293.25,292.79,292.79,0
913759200,"1998-12-15 22:00:00",295.35,295.8,294.35,294.35,0
913845600,"1998-12-16 22:00:00",291.65,291.85,291.6,291.6,0
913932000,"1998-12-17 22:00:00",289,289.95,289,289.95,0
914191200,"1998-12-20 22:00:00",288.25,288.75,288.25,288.75,0
914277600,"1998-12-21 22:00:00",287.35,287.65,287.35,287.65,0
914364000,"1998-12-22 22:00:00",286.85,287.45,286.55,286.55,0
914450400,"1998-12-23 22:00:00",286,286,286,286,0
914796000,"1998-12-27 22:00:00",286.45,286.9,286.25,286.25,0
914882400,"1998-12-28 22:00:00",286,286.29,286,286.1,0
914968800,"1998-12-29 22:00:00",287,287.3,287,287,0
915055200,"1998-12-30 22:00:00",288,288,288,288,0
915400800,"1999-01-03 22:00:00",287.5,287.65,287.15,287.15,0
915573600,"1999-01-05 22:00:00",287.4,287.4,287.4,287.4,0
915660000,"1999-01-06 22:00:00",287.85,291.7,287.85,290.8,0
915746400,"1999-01-07 22:00:00",291.1,291.1,291.1,291.1,0
916005600,"1999-01-10 22:00:00",292.45,292.45,292.45,292.45,0
916092000,"1999-01-11 22:00:00",288.3,288.3,288.3,288.3,0
916178400,"1999-01-12 22:00:00",285.85,285.85,285.85,285.85,0
916264800,"1999-01-13 22:00:00",286.7,286.7,286.7,286.7,0
916351200,"1999-01-14 22:00:00",286.7,286.7,286.7,286.7,0
916696800,"1999-01-18 22:00:00",286.2,286.2,286.2,286.2,0
916783200,"1999-01-19 22:00:00",287,287,287,287,0
916869600,"1999-01-20 22:00:00",287.5,287.5,287.5,287.5,0
916956000,"1999-01-21 22:00:00",286.3,286.3,286.3,286.3,0
917215200,"1999-01-24 22:00:00",287.6,287.6,287.6,287.6,0
917301600,"1999-01-25 22:00:00",285.7,286,285.7,285.85,0
917388000,"1999-01-26 22:00:00",282.9,282.9,282.9,282.9,0
917474400,"1999-01-27 22:00:00",284.05,284.15,284.05,284.1,0
917560800,"1999-01-28 22:00:00",285.9,285.9,285.9,285.9,0
917820000,"1999-01-31 22:00:00",288.65,288.65,288.65,288.65,0
917906400,"1999-02-01 22:00:00",288.6,288.6,288.6,288.6,0
917992800,"1999-02-02 22:00:00",287.4,287.4,287.4,287.4,0
918079200,"1999-02-03 22:00:00",289.65,289.65,289.65,289.65,0
918165600,"1999-02-04 22:00:00",288.3,288.3,288.3,288.3,0
918424800,"1999-02-07 22:00:00",288.6,288.6,288.6,288.6,0
918511200,"1999-02-08 22:00:00",287.5,287.5,287.5,287.5,0
918597600,"1999-02-09 22:00:00",286.9,286.9,286.9,286.9,0
918684000,"1999-02-10 22:00:00",287.7,287.7,287.7,287.7,0
918770400,"1999-02-11 22:00:00",289.3,289.3,289.3,289.3,0
919116000,"1999-02-15 22:00:00",284.6,284.6,284.6,284.6,0
919202400,"1999-02-16 22:00:00",284.5,284.5,284.5,284.5,0
919288800,"1999-02-17 22:00:00",286.2,286.2,286.2,286.2,0
919375200,"1999-02-18 22:00:00",287.9,287.9,287.9,287.9,0
919634400,"1999-02-21 22:00:00",287,287,287,287,0
919720800,"1999-02-22 22:00:00",287.2,287.2,287.2,287.2,0
919807200,"1999-02-23 22:00:00",286.2,286.2,286.2,286.2,0
919893600,"1999-02-24 22:00:00",287.7,287.7,287.7,287.7,0
919980000,"1999-02-25 22:00:00",286.8,286.8,286.8,286.8,0
920239200,"1999-02-28 22:00:00",286.4,286.4,286.4,286.4,0
920325600,"1999-03-01 22:00:00",286.5,286.5,286.5,286.5,0
920412000,"1999-03-02 22:00:00",286.9,286.9,286.9,286.9,0
920498400,"1999-03-03 22:00:00",287.55,287.55,287.55,287.55,0
920584800,"1999-03-04 22:00:00",288.2,288.2,288.2,288.2,0
920844000,"1999-03-07 22:00:00",291.3,291.3,291.3,291.3,0
920930400,"1999-03-08 22:00:00",291.5,291.5,291.5,291.5,0
921016800,"1999-03-09 22:00:00",292.7,292.7,292.7,292.7,0
921103200,"1999-03-10 22:00:00",294.1,294.1,294.1,294.1,0
921189600,"1999-03-11 22:00:00",292.1,292.1,292.1,292.1,0
921448800,"1999-03-14 22:00:00",286.65,286.65,286.65,286.65,0
921535200,"1999-03-15 22:00:00",283.6,283.6,283.6,283.6,0
921621600,"1999-03-16 22:00:00",283.7,283.7,283.7,283.7,0
921708000,"1999-03-17 22:00:00",283,283,283,283,0
921794400,"1999-03-18 22:00:00",284,284,284,284,0
922053600,"1999-03-21 22:00:00",284.2,284.6,284.2,284.3,0
922140000,"1999-03-22 22:00:00",284.4,285.25,282.7,284.3,0
922226400,"1999-03-23 22:00:00",284.25,284.85,283.8,283.8,0
922312800,"1999-03-24 22:00:00",283.75,283.9,282.3,283.1,0
922399200,"1999-03-25 22:00:00",283.2,283.6,279.2,279.5,0
922658400,"1999-03-28 22:00:00",279.85,280.9,279.85,280.1,0
922744800,"1999-03-29 22:00:00",279.7,280.1,279,279,0
922831200,"1999-03-30 22:00:00",279,281.2,278.8,279.8,0
922917600,"1999-03-31 22:00:00",279.9,280.8,279.9,280.2,0
923259600,"1999-04-04 21:00:00",279.6,279.6,277.5,278.2,0
923346000,"1999-04-05 21:00:00",278.25,280.5,278.25,279.7,0
923432400,"1999-04-06 21:00:00",279.9,281.3,279.9,280.3,0
923518800,"1999-04-07 21:00:00",280.6,280.6,280.6,280.6,0
923605200,"1999-04-08 21:00:00",281.3,281.3,281.3,281.3,0
923864400,"1999-04-11 21:00:00",282.6,282.6,282.6,282.6,0
923950800,"1999-04-12 21:00:00",283.7,283.7,283.7,283.7,0
924037200,"1999-04-13 21:00:00",281.2,281.2,281.2,281.2,0
924123600,"1999-04-14 21:00:00",283.3,283.3,283.3,283.3,0
924210000,"1999-04-15 21:00:00",283.6,283.6,283.6,283.6,0
924469200,"1999-04-18 21:00:00",284.6,284.6,284.6,284.6,0
924555600,"1999-04-19 21:00:00",284.2,284.2,284.2,284.2,0
924642000,"1999-04-20 21:00:00",283.6,283.6,283.6,283.6,0
924728400,"1999-04-21 21:00:00",283.3,283.3,283.3,283.3,0
924814800,"1999-04-22 21:00:00",283.3,283.3,283.3,283.3,0
925074000,"1999-04-25 21:00:00",281,281,281,281,0
925160400,"1999-04-26 21:00:00",282,282,282,282,0
925246800,"1999-04-27 21:00:00",282.7,282.7,282.7,282.7,0
925333200,"1999-04-28 21:00:00",285.8,285.8,285.8,285.8,0
925419600,"1999-04-29 21:00:00",286.3,286.3,286.3,286.3,0
925678800,"1999-05-02 21:00:00",286.2,286.2,286,286,0
925765200,"1999-05-03 21:00:00",285.35,285.4,285.1,285.1,0
925851600,"1999-05-04 21:00:00",287,287,287,287,0
925938000,"1999-05-05 21:00:00",289.3,289.3,289.3,289.3,0
926024400,"1999-05-06 21:00:00",282.5,282.5,282.5,282.5,0
926283600,"1999-05-09 21:00:00",277.6,277.6,277.6,277.6,0
926370000,"1999-05-10 21:00:00",277.9,277.9,277.9,277.9,0
926456400,"1999-05-11 21:00:00",277.1,277.1,277.1,277.1,0
926542800,"1999-05-12 21:00:00",277.4,277.4,277.4,277.4,0
926629200,"1999-05-13 21:00:00",275.7,275.7,275.7,275.7,0
926888400,"1999-05-16 21:00:00",274.2,274.2,274.2,274.2,0
926974800,"1999-05-17 21:00:00",273.6,273.6,273.6,273.6,0
927061200,"1999-05-18 21:00:00",273.1,273.1,273.1,273.1,0
927147600,"1999-05-19 21:00:00",274.2,274.2,274.2,274.2,0
927234000,"1999-05-20 21:00:00",272.7,272.7,272.7,272.7,0
927493200,"1999-05-23 21:00:00",272.4,272.4,272.4,272.4,0
927579600,"1999-05-24 21:00:00",270.4,270.4,270.4,270.4,0
927666000,"1999-05-25 21:00:00",269.1,269.1,269.1,269.1,0
927752400,"1999-05-26 21:00:00",270.6,270.6,270.6,270.6,0
927838800,"1999-05-27 21:00:00",270,270,270,270,0
928184400,"1999-05-31 21:00:00",267.4,267.4,267.4,267.4,0
928270800,"1999-06-01 21:00:00",265.2,265.2,265.2,265.2,0
928357200,"1999-06-02 21:00:00",265.05,266.7,263.75,265.7,0
928443600,"1999-06-03 21:00:00",265.9,266.75,264.9,265,0
928702800,"1999-06-06 21:00:00",264.4,267.1,264.4,265.4,0
928789200,"1999-06-07 21:00:00",264.7,265.25,261.6,262,0
928875600,"1999-06-08 21:00:00",262.5,262.7,257.9,259.3,0
928962000,"1999-06-09 21:00:00",257.5,260.5,257.5,258.2,0
929048400,"1999-06-10 21:00:00",258.5,260.9,258.5,260.4,0
929307600,"1999-06-13 21:00:00",259.35,261.1,259.2,260.3,0
929394000,"1999-06-14 21:00:00",259.65,260.5,259.2,259.2,0
929480400,"1999-06-15 21:00:00",258.15,258.8,258.1,258.1,0
929566800,"1999-06-16 21:00:00",258.1,258.8,258.1,258.2,0
929653200,"1999-06-17 21:00:00",258.75,262.9,258.3,259.3,0
929912400,"1999-06-20 21:00:00",258.2,259.6,258.2,258.7,0
929998800,"1999-06-21 21:00:00",258.85,259.2,258.1,258.1,0
930085200,"1999-06-22 21:00:00",257.95,260.4,257.95,260.1,0
930171600,"1999-06-23 21:00:00",260.3,261.5,260.3,260.3,0
930258000,"1999-06-24 21:00:00",260.75,261.25,259.1,259.2,0
930517200,"1999-06-27 21:00:00",259.35,260.75,259.35,260.3,0
930603600,"1999-06-28 21:00:00",260.35,262.1,260.35,260.5,0
930690000,"1999-06-29 21:00:00",260.6,261.4,260.6,261.25,0
930776400,"1999-06-30 21:00:00",262.25,263.8,262.25,263.4,0
930862800,"1999-07-01 21:00:00",263.2,263.45,263,263.1,0
931208400,"1999-07-05 21:00:00",261.1,262.4,256,256.6,0
931294800,"1999-07-06 21:00:00",256.45,258.6,256.05,257.1,0
931381200,"1999-07-07 21:00:00",255.95,257.5,255.95,256.5,0
931467600,"1999-07-08 21:00:00",256.15,258.75,256.15,256.9,0
931726800,"1999-07-11 21:00:00",256.25,256.8,255.4,255.4,0
931813200,"1999-07-12 21:00:00",254.15,256.3,254.15,255.6,0
931899600,"1999-07-13 21:00:00",255.65,256.4,254,254,0
931986000,"1999-07-14 21:00:00",253.85,254.25,253.1,253.8,0
932072400,"1999-07-15 21:00:00",254,256.3,253.6,253.7,0
932331600,"1999-07-18 21:00:00",253.75,254.1,253,253,0
932418000,"1999-07-19 21:00:00",252.7,253.5,252.7,253.2,0
932504400,"1999-07-20 21:00:00",255.2,255.2,255.2,255.2,0
932590800,"1999-07-21 21:00:00",255.4,256.9,255.4,255.7,0
932677200,"1999-07-22 21:00:00",254.95,255.75,254.5,254.5,0
932936400,"1999-07-25 21:00:00",253.2,254,253.2,253.7,0
933022800,"1999-07-26 21:00:00",253.8,254.6,253.6,253.6,0
933109200,"1999-07-27 21:00:00",253.4,254.8,253.4,253.8,0
933195600,"1999-07-28 21:00:00",254.2,256.9,254,256.6,0
933282000,"1999-07-29 21:00:00",256.2,256.7,255.4,255.7,0
933541200,"1999-08-01 21:00:00",255.65,255.65,254.1,255,0
933627600,"1999-08-02 21:00:00",254.35,256.9,254.35,255.9,0
933714000,"1999-08-03 21:00:00",256.3,258.05,254.8,255.9,0
933800400,"1999-08-04 21:00:00",256.3,257.1,255.2,255.2,0
933886800,"1999-08-05 21:00:00",255.2,256.2,254.9,255.9,0
934146000,"1999-08-08 21:00:00",255.7,257.4,255.7,256.9,0
934232400,"1999-08-09 21:00:00",257.5,257.7,256.8,257.3,0
934318800,"1999-08-10 21:00:00",257.45,260.7,257.25,258.7,0
934405200,"1999-08-11 21:00:00",259.05,260.95,259.05,260.2,0
934491600,"1999-08-12 21:00:00",260.7,261.1,259.9,260.4,0
934750800,"1999-08-15 21:00:00",260.1,260.25,258.6,259.9,0
934837200,"1999-08-16 21:00:00",259.25,261.5,259.25,261.2,0
934923600,"1999-08-17 21:00:00",261.4,261.7,259,259.4,0
935010000,"1999-08-18 21:00:00",259.25,259.5,257.7,258.5,0
935096400,"1999-08-19 21:00:00",258.1,258.9,257.1,257.1,0
935355600,"1999-08-22 21:00:00",256.85,257.5,254.1,254.1,0
935442000,"1999-08-23 21:00:00",254.45,254.5,252.6,252.6,0
935528400,"1999-08-24 21:00:00",253,253.5,252.1,252.1,0
935614800,"1999-08-25 21:00:00",252.25,253.8,252.25,252.7,0
935701200,"1999-08-26 21:00:00",253.3,255,253.3,253.5,0
935960400,"1999-08-29 21:00:00",253.25,254.6,253.25,253.8,0
936046800,"1999-08-30 21:00:00",254.25,256.1,254.25,255.5,0
936133200,"1999-08-31 21:00:00",255.7,255.7,253.6,253.7,0
936219600,"1999-09-01 21:00:00",253.85,255.5,253.75,255.2,0
936306000,"1999-09-02 21:00:00",255.25,256,253.9,254,0
936651600,"1999-09-06 21:00:00",254.55,256.3,254.55,255.7,0
936738000,"1999-09-07 21:00:00",256,256.3,254.8,256.2,0
936824400,"1999-09-08 21:00:00",256,257.2,256,257,0
936910800,"1999-09-09 21:00:00",256.65,257,256.1,256.3,0
937170000,"1999-09-12 21:00:00",256.25,257.1,256.05,256.05,0
937256400,"1999-09-13 21:00:00",256.35,257.2,256.1,257,0
937342800,"1999-09-14 21:00:00",256.95,257.4,256.3,256.5,0
937429200,"1999-09-15 21:00:00",256.2,256.4,255.75,255.8,0
937515600,"1999-09-16 21:00:00",256,256.1,254.6,254.6,0
937774800,"1999-09-19 21:00:00",254.5,256.2,254.5,254.8,0
937861200,"1999-09-20 21:00:00",254.55,260.8,254.55,260.8,0
937947600,"1999-09-21 21:00:00",260.35,265,260.35,264.3,0
938034000,"1999-09-22 21:00:00",263.9,266.4,262.75,265.9,0
938120400,"1999-09-23 21:00:00",266,271.1,265.6,268.5,0
938379600,"1999-09-26 21:00:00",268.5,283.75,268.5,282.2,0
938466000,"1999-09-27 21:00:00",283.9,327.3,283.9,308.9,0
938552400,"1999-09-28 21:00:00",306.5,320,298.5,302.5,0
938638800,"1999-09-29 21:00:00",298,305,298,301.5,0
938725200,"1999-09-30 21:00:00",297.25,310.7,297.25,307.3,0
938984400,"1999-10-03 21:00:00",307,320.75,307,317.2,0
939070800,"1999-10-04 21:00:00",322.5,339,322.5,326,0
939157200,"1999-10-05 21:00:00",319,326.7,316.5,324,0
939243600,"1999-10-06 21:00:00",328,328,316.5,322.8,0
939330000,"1999-10-07 21:00:00",322,325,318.5,320.2,0
939589200,"1999-10-10 21:00:00",319,319.9,316,318.8,0
939675600,"1999-10-11 21:00:00",318.5,323.5,316.2,316.2,0
939762000,"1999-10-12 21:00:00",317.25,323.4,317.25,320.3,0
939848400,"1999-10-13 21:00:00",323.25,323.5,312.5,312.9,0
939934800,"1999-10-14 21:00:00",313.8,316.25,313.8,314.4,0
940194000,"1999-10-17 21:00:00",313.38,317.5,309.7,309.7,0
940280400,"1999-10-18 21:00:00",310.5,314.75,306.5,307.6,0
940366800,"1999-10-19 21:00:00",307.5,316,305.3,305.3,0
940453200,"1999-10-20 21:00:00",306,306.3,302.3,303.7,0
940539600,"1999-10-21 21:00:00",302.75,310,301.4,301.9,0
940798800,"1999-10-24 21:00:00",301.3,302.25,298.7,298.7,0
940885200,"1999-10-25 21:00:00",297.5,298.75,288.6,288.6,0
940971600,"1999-10-26 21:00:00",286.5,293.5,286.5,292.5,0
941058000,"1999-10-27 21:00:00",296,300.5,291.25,298.4,0
941144400,"1999-10-28 21:00:00",299,300.7,298,298.2,0
941407200,"1999-10-31 22:00:00",294.5,294.5,288,289.5,0
941493600,"1999-11-01 22:00:00",288.8,292.75,288.8,290.4,0
941580000,"1999-11-02 22:00:00",290.25,292.4,290.25,291.3,0
941666400,"1999-11-03 22:00:00",292.5,292.5,291.5,291.8,0
941752800,"1999-11-04 22:00:00",291.5,292.5,289,289.5,0
942012000,"1999-11-07 22:00:00",286.75,289.4,286.75,289.4,0
942098400,"1999-11-08 22:00:00",291,292.4,282,291.6,0
942184800,"1999-11-09 22:00:00",291.75,298.75,291.75,297.8,0
942271200,"1999-11-10 22:00:00",296.5,299,292.7,293.5,0
942357600,"1999-11-11 22:00:00",293.5,293.75,290.8,290.8,0
942616800,"1999-11-14 22:00:00",290.75,292.5,290.1,291,0
942703200,"1999-11-15 22:00:00",291.25,294.9,291.25,294.3,0
942789600,"1999-11-16 22:00:00",293.5,296.38,293.5,294.6,0
942876000,"1999-11-17 22:00:00",294.5,294.6,293.3,293.3,0
942962400,"1999-11-18 22:00:00",293.4,295.2,293.4,294.5,0
943221600,"1999-11-21 22:00:00",293.85,296.4,293.85,294.5,0
943308000,"1999-11-22 22:00:00",294.6,298.2,294.6,297.8,0
943394400,"1999-11-23 22:00:00",297.7,299.4,297.2,298.4,0
943567200,"1999-11-25 22:00:00",298.35,298.5,296.62,296.62,0
943826400,"1999-11-28 22:00:00",296.2,296.2,290.7,290.7,0
943912800,"1999-11-29 22:00:00",290.65,292.63,290.2,290.2,0
943999200,"1999-11-30 22:00:00",290.7,292.25,288.9,289.2,0
944085600,"1999-12-01 22:00:00",289.15,290.6,284.2,284.5,0
944172000,"1999-12-02 22:00:00",284.5,284.7,279.3,279.3,0
944431200,"1999-12-05 22:00:00",278.4,280.3,275,275.6,0
944517600,"1999-12-06 22:00:00",277.6,283.4,277.6,283,0
944604000,"1999-12-07 22:00:00",282,285.63,281.1,281.7,0
944690400,"1999-12-08 22:00:00",281.2,281.75,278,278,0
944776800,"1999-12-09 22:00:00",277.4,281.4,277.4,278.7,0
945036000,"1999-12-12 22:00:00",278.9,280.38,278.75,280,0
945122400,"1999-12-13 22:00:00",279.9,281.2,279.3,279.7,0
945208800,"1999-12-14 22:00:00",279.65,283.6,279.65,282.5,0
945295200,"1999-12-15 22:00:00",283,283,280,281.7,0
945381600,"1999-12-16 22:00:00",281.25,285.63,281.25,283.3,0
945640800,"1999-12-19 22:00:00",283.35,284.63,282.8,283.9,0
945727200,"1999-12-20 22:00:00",283.9,287.1,282.7,286.75,0
945813600,"1999-12-21 22:00:00",286.88,290,285.8,286.6,0
945900000,"1999-12-22 22:00:00",286.45,287.5,285.9,286.7,0
946245600,"1999-12-26 22:00:00",287.62,288,287.25,287.5,0
946332000,"1999-12-27 22:00:00",287.5,290.6,287.5,289.3,0
946418400,"1999-12-28 22:00:00",290,291.2,290,290.2,0
946504800,"1999-12-29 22:00:00",290.1,290.9,287.8,287.8,0
946591200,"1999-12-30 22:00:00",290.38,290.5,287.5,287.5,0
946850400,"2000-01-02 22:00:00",288,289,288,288.5,0
946936800,"2000-01-03 22:00:00",283.62,284.15,280.45,282.2,0
947023200,"2000-01-04 22:00:00",281.25,283.1,280,280.6,0
947109600,"2000-01-05 22:00:00",280.55,281.5,279.6,281.2,0
947196000,"2000-01-06 22:00:00",280.88,283,280.85,281.5,0
947455200,"2000-01-09 22:00:00",281.15,282,281.15,281.2,0
947541600,"2000-01-10 22:00:00",281.5,283.7,280.85,282.9,0
947628000,"2000-01-11 22:00:00",282.5,283.05,281.6,282.3,0
947714400,"2000-01-12 22:00:00",281.13,284.6,281.13,283.9,0
947800800,"2000-01-13 22:00:00",284,284.8,283.3,283.8,0
948146400,"2000-01-17 22:00:00",285.15,288.6,285.15,288.5,0
948232800,"2000-01-18 22:00:00",287.15,289.75,287.1,289.7,0
948319200,"2000-01-19 22:00:00",289.1,289.5,287.75,288.12,0
948405600,"2000-01-20 22:00:00",287.95,289.6,287.55,288.7,0
948664800,"2000-01-23 22:00:00",287,288.77,286.75,287.2,0
948751200,"2000-01-24 22:00:00",287,290.6,285.6,285.6,0
948837600,"2000-01-25 22:00:00",285.7,287.6,285.1,285.8,0
948924000,"2000-01-26 22:00:00",285.65,286.95,285.65,286.8,0
949010400,"2000-01-27 22:00:00",285.5,287.75,281.1,282.75,0
949269600,"2000-01-30 22:00:00",281.6,284.15,281.6,283.1,0
949356000,"2000-01-31 22:00:00",283.3,284,282.4,282.4,0
949442400,"2000-02-01 22:00:00",281.5,286.5,281.5,284.7,0
949528800,"2000-02-02 22:00:00",284.6,287.7,283.9,286.6,0
949615200,"2000-02-03 22:00:00",287.5,314.8,286.15,309.8,0
949874400,"2000-02-06 22:00:00",313,319,301,301,0
949960800,"2000-02-07 22:00:00",302,304.25,296.6,298.1,0
950047200,"2000-02-08 22:00:00",300.5,311,299.2,306.7,0
950133600,"2000-02-09 22:00:00",307,316.45,307,316.45,0
950220000,"2000-02-10 22:00:00",315.35,316.25,308.95,310.15,0
950479200,"2000-02-13 22:00:00",309.7,310.35,306.5,307,0
950565600,"2000-02-14 22:00:00",307.1,307.5,301,301,0
950652000,"2000-02-15 22:00:00",301.5,304,298.5,301.5,0
950738400,"2000-02-16 22:00:00",301.6,309.5,299.3,300.5,0
950824800,"2000-02-17 22:00:00",300.5,304.55,300.5,304.25,0
951170400,"2000-02-21 22:00:00",304.6,306,302.2,304.7,0
951256800,"2000-02-22 22:00:00",304.6,305.5,299.6,299.6,0
951343200,"2000-02-23 22:00:00",299.5,301.7,298.1,298.1,0
951429600,"2000-02-24 22:00:00",298,298,292.1,292.1,0
951688800,"2000-02-27 22:00:00",291.5,293.2,291.5,291.7,0
951775200,"2000-02-28 22:00:00",292.1,294,291.7,291.7,0
951861600,"2000-02-29 22:00:00",291.7,293.75,290.7,290.7,0
951948000,"2000-03-01 22:00:00",289.25,293.38,287.7,287.7,0
952034400,"2000-03-02 22:00:00",287.25,298.25,287.25,288,0
952293600,"2000-03-05 22:00:00",288,289.5,285.12,287.6,0
952380000,"2000-03-06 22:00:00",287.25,293.3,287.25,292.7,0
952466400,"2000-03-07 22:00:00",291.9,293.7,288,288,0
952552800,"2000-03-08 22:00:00",288,293,288,290.7,0
952639200,"2000-03-09 22:00:00",290.7,292.75,288.5,288.5,0
952898400,"2000-03-12 22:00:00",288.6,291.6,288.6,290.2,0
952984800,"2000-03-13 22:00:00",290.1,291.5,288.5,288.5,0
953071200,"2000-03-14 22:00:00",288.4,290.8,288.4,288.5,0
953157600,"2000-03-15 22:00:00",288.6,289.4,285.9,286,0
953244000,"2000-03-16 22:00:00",285.9,288.25,283.4,284.1,0
953503200,"2000-03-19 22:00:00",283.6,286,283.6,285.4,0
953589600,"2000-03-20 22:00:00",285.1,290.9,284.5,289.4,0
953676000,"2000-03-21 22:00:00",289.3,290.5,285,287.5,0
953762400,"2000-03-22 22:00:00",287,289.6,283.85,285.1,0
953848800,"2000-03-23 22:00:00",285.3,285.5,284.5,284.5,0
954108000,"2000-03-26 22:00:00",284.5,284.95,279.8,279.8,0
954194400,"2000-03-27 22:00:00",279.9,281.5,279.5,279.5,0
954280800,"2000-03-28 22:00:00",279.5,280.3,275.6,275.9,0
954367200,"2000-03-29 22:00:00",274.7,279.2,274.7,276.4,0
954453600,"2000-03-30 22:00:00",276.75,279.9,275.5,278.4,0
954709200,"2000-04-02 21:00:00",278.5,278.75,277.4,277.7,0
954795600,"2000-04-03 21:00:00",277.4,288.2,276.6,283.4,0
954882000,"2000-04-04 21:00:00",283.75,284.2,276.75,281,0
954968400,"2000-04-05 21:00:00",281.3,281.7,279.4,280,0
955054800,"2000-04-06 21:00:00",279.9,280.9,279.7,279.7,0
955314000,"2000-04-09 21:00:00",280.1,282.3,280.1,281.5,0
955400400,"2000-04-10 21:00:00",281.4,283.7,281.1,281.1,0
955486800,"2000-04-11 21:00:00",281,283.1,280.05,281.7,0
955573200,"2000-04-12 21:00:00",281.7,282.25,280.4,281.4,0
955659600,"2000-04-13 21:00:00",281.2,286,280.8,282.1,0
955918800,"2000-04-16 21:00:00",284.25,284.5,281,281,0
956005200,"2000-04-17 21:00:00",281,282.1,280.8,280.8,0
956091600,"2000-04-18 21:00:00",280.8,281.5,280.2,280.2,0
956178000,"2000-04-19 21:00:00",280.2,280.9,279.3,279.3,0
956523600,"2000-04-23 21:00:00",279.5,280.4,279.3,279.3,0
956610000,"2000-04-24 21:00:00",280.4,280.4,277.9,277.9,0
956696400,"2000-04-25 21:00:00",277.4,280,275.12,275.12,0
956782800,"2000-04-26 21:00:00",275.1,277.2,275.1,276.8,0
956869200,"2000-04-27 21:00:00",276.7,276.75,273.1,273.1,0
957128400,"2000-04-30 21:00:00",275,275,272.6,273.4,0
957214800,"2000-05-01 21:00:00",273.6,276,273.6,274.7,0
957301200,"2000-05-02 21:00:00",275.65,278,275.65,278,0
957387600,"2000-05-03 21:00:00",278,281.9,276.7,279.7,0
957474000,"2000-05-04 21:00:00",280.1,281.7,277.9,278.7,0
957733200,"2000-05-07 21:00:00",278.7,280.7,276.3,276.3,0
957819600,"2000-05-08 21:00:00",276.3,277.7,276,277,0
957906000,"2000-05-09 21:00:00",277,278.8,276.8,277.5,0
957992400,"2000-05-10 21:00:00",277.4,278,275.7,275.9,0
958078800,"2000-05-11 21:00:00",275.6,276.9,275.6,275.9,0
958338000,"2000-05-14 21:00:00",276.2,276.7,274.4,275.2,0
958424400,"2000-05-15 21:00:00",275.2,277.1,275.2,275.4,0
958510800,"2000-05-16 21:00:00",274.9,276.4,272.4,273.8,0
958597200,"2000-05-17 21:00:00",273.5,273.9,272.5,272.6,0
958683600,"2000-05-18 21:00:00",272.65,274.9,272.65,274,0
958942800,"2000-05-21 21:00:00",273.85,276.15,273.85,275.4,0
959029200,"2000-05-22 21:00:00",275.3,276.5,273.7,274,0
959115600,"2000-05-23 21:00:00",273.9,275.05,273,273,0
959202000,"2000-05-24 21:00:00",273,274,269.7,269.8,0
959288400,"2000-05-25 21:00:00",269.8,272.9,269.8,271.3,0
959634000,"2000-05-29 21:00:00",271.6,274.3,271.6,272.7,0
959720400,"2000-05-30 21:00:00",272.6,273.2,271.6,271.6,0
959806800,"2000-05-31 21:00:00",271.7,273.95,271.7,272.5,0
959893200,"2000-06-01 21:00:00",272.3,282.7,272.3,280.9,0
960152400,"2000-06-04 21:00:00",280.8,286.1,279.3,285.2,0
960238800,"2000-06-05 21:00:00",285.2,290.65,284,288.8,0
960325200,"2000-06-06 21:00:00",289,289,284.6,286.8,0
960411600,"2000-06-07 21:00:00",286.9,287,284.1,284.2,0
960498000,"2000-06-08 21:00:00",284.2,286.25,283.35,283.35,0
960757200,"2000-06-11 21:00:00",283.25,286.6,283.25,286.5,0
960843600,"2000-06-12 21:00:00",286,293.75,285.1,285.5,0
960930000,"2000-06-13 21:00:00",285.75,291.5,285.75,291.5,0
961016400,"2000-06-14 21:00:00",291.5,292.75,286.8,289.6,0
961102800,"2000-06-15 21:00:00",289.05,291.5,288.7,289,0
961362000,"2000-06-18 21:00:00",288.9,290.3,285.7,286,0
961448400,"2000-06-19 21:00:00",285.65,287.3,285.6,285.9,0
961534800,"2000-06-20 21:00:00",285.75,287.2,285.75,285.9,0
961621200,"2000-06-21 21:00:00",285.65,289,285.2,285.4,0
961707600,"2000-06-22 21:00:00",285.05,286.15,282.8,282.9,0
961966800,"2000-06-25 21:00:00",282.9,284.4,282.45,283.7,0
962053200,"2000-06-26 21:00:00",283.7,285.9,283.5,285.45,0
962139600,"2000-06-27 21:00:00",285.8,292.8,285.8,292.3,0
962226000,"2000-06-28 21:00:00",292.4,292.4,288.5,288.9,0
962312400,"2000-06-29 21:00:00",288.8,289.75,288.1,288.6,0
962571600,"2000-07-02 21:00:00",288.6,289.6,287.5,287.5,0
962744400,"2000-07-04 21:00:00",286.4,287.7,283.8,283.8,0
962830800,"2000-07-05 21:00:00",283.8,286.3,282.7,283.2,0
962917200,"2000-07-06 21:00:00",283.2,284.75,282.3,283.3,0
963176400,"2000-07-09 21:00:00",283.4,284.9,283.3,283.7,0
963262800,"2000-07-10 21:00:00",283.7,284,282.3,282.3,0
963349200,"2000-07-11 21:00:00",283,283,279.75,280.4,0
963435600,"2000-07-12 21:00:00",280.4,281.4,279.75,279.75,0
963522000,"2000-07-13 21:00:00",280.05,281.1,280.05,281,0
963781200,"2000-07-16 21:00:00",280.2,283.9,280.2,283.3,0
963867600,"2000-07-17 21:00:00",283.3,283.6,282.4,282.4,0
963954000,"2000-07-18 21:00:00",282.1,282.9,278.05,278.9,0
964040400,"2000-07-19 21:00:00",278.9,280.9,278,279.75,0
964126800,"2000-07-20 21:00:00",280,281.2,279,280.1,0
964386000,"2000-07-23 21:00:00",280.25,280.85,278.75,278.75,0
964472400,"2000-07-24 21:00:00",279,281.15,278.35,278.8,0
964558800,"2000-07-25 21:00:00",278.8,280.15,278.8,279.5,0
964645200,"2000-07-26 21:00:00",279.75,280.5,278,278,0
964731600,"2000-07-27 21:00:00",278.2,279.4,277.9,277.9,0
964990800,"2000-07-30 21:00:00",278,278,276.8,277,0
965077200,"2000-07-31 21:00:00",276.95,278.05,276.95,277.1,0
965163600,"2000-08-01 21:00:00",277,278.8,276.75,277.3,0
965250000,"2000-08-02 21:00:00",276.85,278,273.3,273.7,0
965336400,"2000-08-03 21:00:00",273.65,275.2,272.6,273,0
965595600,"2000-08-06 21:00:00",272.5,274.5,272.5,273.5,0
965682000,"2000-08-07 21:00:00",273.6,275,272.5,272.75,0
965768400,"2000-08-08 21:00:00",272.7,273.4,271.6,272.05,0
965854800,"2000-08-09 21:00:00",271.75,272.8,271.7,271.7,0
966200400,"2000-08-13 21:00:00",274.5,276.1,273.1,274.9,0
966373200,"2000-08-15 21:00:00",274.5,277.1,274.4,276.7,0
966459600,"2000-08-16 21:00:00",277.5,278.6,275.75,277.4,0
966546000,"2000-08-17 21:00:00",277.4,277.4,275.5,276.15,0
966805200,"2000-08-20 21:00:00",276.45,276.8,274.5,274.75,0
966891600,"2000-08-21 21:00:00",274.9,275.5,273.05,273.5,0
966978000,"2000-08-22 21:00:00",273.5,273.85,271,271,0
967064400,"2000-08-23 21:00:00",271,272.8,271,272.7,0
967150800,"2000-08-24 21:00:00",272.7,274.35,272.7,274,0
967410000,"2000-08-27 21:00:00",273.9,274.3,273.75,273.75,0
967496400,"2000-08-28 21:00:00",273.75,274.9,272.75,272.75,0
967582800,"2000-08-29 21:00:00",273,273.9,272.5,273.8,0
967669200,"2000-08-30 21:00:00",273.8,278.4,273.4,277.5,0
967755600,"2000-08-31 21:00:00",277.5,277.75,275.5,276.5,0
968101200,"2000-09-04 21:00:00",276.8,276.8,275.1,275.25,0
968187600,"2000-09-05 21:00:00",275.4,276,273.6,274,0
968274000,"2000-09-06 21:00:00",274.2,274.2,272.8,273.9,0
968360400,"2000-09-07 21:00:00",273,274.25,271.9,272.7,0
968619600,"2000-09-10 21:00:00",272.7,274.25,272.4,272.65,0
968706000,"2000-09-11 21:00:00",272.95,275.3,272.7,272.7,0
968792400,"2000-09-12 21:00:00",272.85,273.8,272.32,272.5,0
968878800,"2000-09-13 21:00:00",272.6,274.1,272.1,272.1,0
968965200,"2000-09-14 21:00:00",272.15,273.4,271.3,272.05,0
969224400,"2000-09-17 21:00:00",271.8,274.3,271.3,271.3,0
969310800,"2000-09-18 21:00:00",271.6,273.15,271.1,271.75,0
969397200,"2000-09-19 21:00:00",271.8,272.9,269.2,269.2,0
969483600,"2000-09-20 21:00:00",269.3,271.5,268.9,270.15,0
969570000,"2000-09-21 21:00:00",270.4,276,270.4,271.9,0
969829200,"2000-09-24 21:00:00",272.2,274.3,272.2,273.8,0
969915600,"2000-09-25 21:00:00",274.1,275.4,273.8,274.1,0
970002000,"2000-09-26 21:00:00",274.2,279.3,274.2,278.3,0
970088400,"2000-09-27 21:00:00",278.12,278.6,275.2,275.2,0
970174800,"2000-09-28 21:00:00",274.7,275.4,272.9,274,0
970434000,"2000-10-01 21:00:00",274.1,274.5,273.1,273.3,0
970520400,"2000-10-02 21:00:00",273.1,274.3,272,272,0
970606800,"2000-10-03 21:00:00",271.8,272.25,270.3,270.5,0
970693200,"2000-10-04 21:00:00",270.3,272,269.1,269.15,0
970779600,"2000-10-05 21:00:00",269.5,271.1,269.35,269.4,0
971038800,"2000-10-08 21:00:00",269.7,270.9,269.7,270.15,0
971125200,"2000-10-09 21:00:00",270.1,273.1,268.85,272.5,0
971211600,"2000-10-10 21:00:00",272.6,274.8,270.7,270.8,0
971298000,"2000-10-11 21:00:00",270.45,276.8,270.45,276.05,0
971384400,"2000-10-12 21:00:00",276.55,277.4,271.9,272.4,0
971643600,"2000-10-15 21:00:00",272.65,272.8,271.1,271.8,0
971730000,"2000-10-16 21:00:00",271.9,271.9,269.8,271,0
971816400,"2000-10-17 21:00:00",271.5,273.6,270.1,270.4,0
971902800,"2000-10-18 21:00:00",271.5,271.6,270.4,270.6,0
971989200,"2000-10-19 21:00:00",270.8,275.3,270.4,271.3,0
972248400,"2000-10-22 21:00:00",270.9,272.6,270.1,270.1,0
972334800,"2000-10-23 21:00:00",270.15,271.4,270,270.4,0
972421200,"2000-10-24 21:00:00",270,270.4,266.3,266.5,0
972507600,"2000-10-25 21:00:00",266.5,267.45,264.55,265.35,0
972594000,"2000-10-26 21:00:00",265.2,266.3,262.42,264.42,0
972856800,"2000-10-29 22:00:00",264.42,265.9,264.4,264.4,0
972943200,"2000-10-30 22:00:00",264,265.65,263.95,264.25,0
973029600,"2000-10-31 22:00:00",264.45,266.3,263.7,263.85,0
973116000,"2000-11-01 22:00:00",264.5,266.6,264,264.4,0
973202400,"2000-11-02 22:00:00",264.5,265.3,264.2,264.95,0
973461600,"2000-11-05 22:00:00",265.25,266.39,264.7,264.7,0
973548000,"2000-11-06 22:00:00",264.7,266.85,263.27,264.2,0
973634400,"2000-11-07 22:00:00",264.2,265.55,263.95,264.8,0
973720800,"2000-11-08 22:00:00",264.8,266.6,264.05,265.5,0
973807200,"2000-11-09 22:00:00",265.55,266,262.8,264.5,0
974066400,"2000-11-12 22:00:00",264.5,264.8,264,264.2,0
974152800,"2000-11-13 22:00:00",264.25,265.25,264.2,264.2,0
974239200,"2000-11-14 22:00:00",264.45,266.7,264.4,264.75,0
974757600,"2000-11-20 22:00:00",265.4,266.3,265.4,265.85,0
974844000,"2000-11-21 22:00:00",265.4,267.45,265.4,266.4,0
975016800,"2000-11-23 22:00:00",265.8,266.45,265.7,265.7,0
975276000,"2000-11-26 22:00:00",265.6,270.75,265.6,269.8,0
975362400,"2000-11-27 22:00:00",269.5,271,268.8,269.2,0
975448800,"2000-11-28 22:00:00",269.1,270.1,266.7,266.7,0
975535200,"2000-11-29 22:00:00",266.7,270.65,266.25,270.5,0
975621600,"2000-11-30 22:00:00",266.9,273.05,266.9,269.15,0
975880800,"2000-12-03 22:00:00",269.5,272.2,269.5,270.9,0
975967200,"2000-12-04 22:00:00",270.6,278.6,270.1,270.1,0
976053600,"2000-12-05 22:00:00",270.35,275.5,270.35,274.5,0
976140000,"2000-12-06 22:00:00",274.6,275.75,273.2,273.35,0
976226400,"2000-12-07 22:00:00",274.2,274.2,272.25,272.25,0
976485600,"2000-12-10 22:00:00",272.63,273,270.4,270.6,0
976572000,"2000-12-11 22:00:00",270.3,271.8,270.3,271.1,0
976658400,"2000-12-12 22:00:00",270.8,271.65,268.25,268.95,0
976744800,"2000-12-13 22:00:00",269,270.55,268.55,269.6,0
976831200,"2000-12-14 22:00:00",269.8,270.85,269.2,270.4,0
977090400,"2000-12-17 22:00:00",270.3,271.05,269.65,269.65,0
977176800,"2000-12-18 22:00:00",269.8,270.35,269.33,270,0
977263200,"2000-12-19 22:00:00",270.3,273.8,269.9,273.4,0
977349600,"2000-12-20 22:00:00",273.2,275.05,272.8,274.2,0
977436000,"2000-12-21 22:00:00",274.1,278.6,273.4,273.7,0
977781600,"2000-12-25 22:00:00",273.68,274.9,273.6,274.2,0
977868000,"2000-12-26 22:00:00",274.2,275.8,274.2,275.3,0
977954400,"2000-12-27 22:00:00",275.15,275.9,271.6,272.3,0
978040800,"2000-12-28 22:00:00",272.3,278.6,271.6,272.1,0
978386400,"2001-01-01 22:00:00",272.45,273.3,268.5,268.75,0
978472800,"2001-01-02 22:00:00",268.65,269.9,267,267.45,0
978559200,"2001-01-03 22:00:00",267.9,269.1,267.1,267.3,0
978645600,"2001-01-04 22:00:00",267.25,268.6,266.9,267.8,0
978904800,"2001-01-07 22:00:00",267.85,269.8,267.85,268,0
978991200,"2001-01-08 22:00:00",267.8,268.5,267.15,267.6,0
979077600,"2001-01-09 22:00:00",267.25,267.55,264.5,264.55,0
979164000,"2001-01-10 22:00:00",264.7,265.95,263.55,263.9,0
979250400,"2001-01-11 22:00:00",264.1,265.1,263.75,263.75,0
979596000,"2001-01-15 22:00:00",263.48,265.55,263.05,263.25,0
979682400,"2001-01-16 22:00:00",263.7,264.05,262.75,263.35,0
979768800,"2001-01-17 22:00:00",263.5,265.25,263.5,264.75,0
979855200,"2001-01-18 22:00:00",264.8,266.45,264.3,264.35,0
980114400,"2001-01-21 22:00:00",264.5,268.45,264.5,266.45,0
980200800,"2001-01-22 22:00:00",266.8,269,265.65,266.05,0
980287200,"2001-01-23 22:00:00",266.4,267,264.1,264.2,0
980373600,"2001-01-24 22:00:00",264.3,265.2,263.1,264.7,0
980460000,"2001-01-25 22:00:00",264.9,265.3,262.4,262.55,0
980719200,"2001-01-28 22:00:00",263.3,263.8,261.7,263,0
980805600,"2001-01-29 22:00:00",263.2,266.6,263,265.35,0
980892000,"2001-01-30 22:00:00",265.7,266.5,264.4,265.45,0
980978400,"2001-01-31 22:00:00",265.65,270.4,265.05,268.05,0
981064800,"2001-02-01 22:00:00",267.85,268.5,266.9,267.2,0
981324000,"2001-02-04 22:00:00",267.2,267.5,265.3,265.3,0
981410400,"2001-02-05 22:00:00",265.2,266.5,262.4,263.4,0
981496800,"2001-02-06 22:00:00",263.4,264.3,262.8,263.1,0
981583200,"2001-02-07 22:00:00",263.1,263.8,260.4,260.4,0
981669600,"2001-02-08 22:00:00",260.6,262.75,259.5,260.15,0
981928800,"2001-02-11 22:00:00",260.3,262.1,260.2,261.1,0
982015200,"2001-02-12 22:00:00",261.1,261.7,260.2,260.7,0
982101600,"2001-02-13 22:00:00",260.4,260.8,259.6,259.6,0
982188000,"2001-02-14 22:00:00",259.5,260.7,255.5,255.55,0
982274400,"2001-02-15 22:00:00",255.7,259.4,254.1,258.7,0
982620000,"2001-02-19 22:00:00",259.4,259.5,256.2,256.2,0
982706400,"2001-02-20 22:00:00",256.5,259.2,256.4,258.3,0
982792800,"2001-02-21 22:00:00",258.55,260.8,257.5,258.8,0
982879200,"2001-02-22 22:00:00",258.5,261.9,258.5,261.3,0
983138400,"2001-02-25 22:00:00",261.3,266.7,261.3,266.6,0
983224800,"2001-02-26 22:00:00",266.3,269.5,265.9,268,0
983311200,"2001-02-27 22:00:00",268,268.5,264.95,266.9,0
983397600,"2001-02-28 22:00:00",266.9,276.5,265.4,265.4,0
983484000,"2001-03-01 22:00:00",265.4,272.5,262.5,262.6,0
983743200,"2001-03-04 22:00:00",262.5,264.5,262.1,262.8,0
983829600,"2001-03-05 22:00:00",262.8,263.5,260.2,260.5,0
983916000,"2001-03-06 22:00:00",260.5,262.7,260.3,262.2,0
984002400,"2001-03-07 22:00:00",262.2,266.9,262.2,266.5,0
984088800,"2001-03-08 22:00:00",266.8,272.4,266.3,271.5,0
984348000,"2001-03-11 22:00:00",272.1,275.1,269.8,272.3,0
984434400,"2001-03-12 22:00:00",272.3,278.6,267.8,268.15,0
984520800,"2001-03-13 22:00:00",267.6,273.6,263,263.35,0
984607200,"2001-03-14 22:00:00",262.8,263.7,260,260.4,0
984693600,"2001-03-15 22:00:00",260.4,261.5,258.7,258.8,0
984952800,"2001-03-18 22:00:00",259.1,261.9,259,260.4,0
985039200,"2001-03-19 22:00:00",260.45,263,260.45,261.3,0
985125600,"2001-03-20 22:00:00",261.3,263.2,261.2,262.6,0
985212000,"2001-03-21 22:00:00",262.65,263.3,261.3,261.8,0
985298400,"2001-03-22 22:00:00",261.8,263.9,261.8,262.15,0
985557600,"2001-03-25 22:00:00",262.1,263,261.3,262.4,0
985644000,"2001-03-26 22:00:00",262.3,263,261.3,261.3,0
985730400,"2001-03-27 22:00:00",261.3,262.2,259.8,259.8,0
985816800,"2001-03-28 22:00:00",259.8,262.2,258.7,258.7,0
985903200,"2001-03-29 22:00:00",258.7,260.1,257.5,257.7,0
986158800,"2001-04-01 21:00:00",257.8,258.4,254.7,255.3,0
986245200,"2001-04-02 21:00:00",255.3,258.3,255.3,256.75,0
986331600,"2001-04-03 21:00:00",256.8,260.6,256.75,258.2,0
986418000,"2001-04-04 21:00:00",258.2,259.1,257.75,258.3,0
986504400,"2001-04-05 21:00:00",258.3,260.2,257.95,259.8,0
986763600,"2001-04-08 21:00:00",259.8,261,258.25,258.25,0
986850000,"2001-04-09 21:00:00",258.25,259,256.6,257.25,0
986936400,"2001-04-10 21:00:00",257.2,259.6,257.1,258.5,0
987022800,"2001-04-11 21:00:00",258.45,260.8,258.45,259.9,0
987368400,"2001-04-15 21:00:00",259,263.9,259,263.1,0
987454800,"2001-04-16 21:00:00",263.4,264,260.3,260.8,0
987541200,"2001-04-17 21:00:00",260.8,262.3,258.8,261,0
987627600,"2001-04-18 21:00:00",261,265.2,260.2,264.95,0
987714000,"2001-04-19 21:00:00",265.2,265.4,263.7,264.4,0
987973200,"2001-04-22 21:00:00",264.15,264.9,262.7,263.5,0
988059600,"2001-04-23 21:00:00",263.4,264.9,263,263.9,0
988146000,"2001-04-24 21:00:00",263.9,264.45,262,262,0
988232400,"2001-04-25 21:00:00",262.4,264.3,262.3,263.9,0
988318800,"2001-04-26 21:00:00",263.9,266.9,263.4,263.4,0
988578000,"2001-04-29 21:00:00",263.8,264.3,263.3,263.8,0
988664400,"2001-04-30 21:00:00",263.8,264.55,263.8,264.3,0
988750800,"2001-05-01 21:00:00",264.3,265.55,263.95,265.25,0
988837200,"2001-05-02 21:00:00",265.35,267.4,265.25,266,0
988923600,"2001-05-03 21:00:00",266,267.4,265.6,265.9,0
989182800,"2001-05-06 21:00:00",266.15,266.8,265.65,266,0
989269200,"2001-05-07 21:00:00",266,266.1,264.8,265,0
989355600,"2001-05-08 21:00:00",265,270.5,265,269.8,0
989442000,"2001-05-09 21:00:00",269.8,270.65,268.35,269,0
989528400,"2001-05-10 21:00:00",269,269.8,267.8,267.8,0
989787600,"2001-05-13 21:00:00",267.9,269.1,267.6,268.2,0
989874000,"2001-05-14 21:00:00",268.2,268.7,266.45,268.2,0
989960400,"2001-05-15 21:00:00",268.2,272.45,268.2,272,0
990046800,"2001-05-16 21:00:00",272,274.65,271.65,273.5,0
990133200,"2001-05-17 21:00:00",273.3,287.8,271.7,287.3,0
990392400,"2001-05-20 21:00:00",285.75,298,283.1,285.2,0
990478800,"2001-05-21 21:00:00",285.2,285.6,282,284.9,0
990565200,"2001-05-22 21:00:00",284.9,285,282.75,283.5,0
990651600,"2001-05-23 21:00:00",283.75,288,276,278.9,0
990738000,"2001-05-24 21:00:00",278.9,281.3,275.5,277.4,0
991083600,"2001-05-28 21:00:00",277.6,278.3,273.3,273.6,0
991170000,"2001-05-29 21:00:00",273.25,275.7,265.05,265.8,0
991256400,"2001-05-30 21:00:00",265.8,268.5,265.5,265.6,0
991342800,"2001-05-31 21:00:00",265.6,267.65,265.3,266.8,0
991602000,"2001-06-03 21:00:00",266.5,268.3,265.5,265.5,0
991688400,"2001-06-04 21:00:00",265.5,266.6,265,266,0
991774800,"2001-06-05 21:00:00",266,267.4,265.65,266,0
991861200,"2001-06-06 21:00:00",266,266.7,265.8,265.8,0
991947600,"2001-06-07 21:00:00",266.3,274.6,266.3,273.5,0
992206800,"2001-06-10 21:00:00",273,273.6,266.95,267.9,0
992293200,"2001-06-11 21:00:00",267.8,272.9,267.3,271.5,0
992379600,"2001-06-12 21:00:00",271.5,273.5,265.9,272.1,0
992466000,"2001-06-13 21:00:00",272.15,277,270.9,275.4,0
992552400,"2001-06-14 21:00:00",275.2,276.3,268.7,271.3,0
992811600,"2001-06-17 21:00:00",271,274.1,271,272.25,0
992898000,"2001-06-18 21:00:00",272.15,274.9,272.15,273.4,0
992984400,"2001-06-19 21:00:00",273.4,274.15,271.4,272.5,0
993070800,"2001-06-20 21:00:00",272.5,273.9,271.6,272.7,0
993157200,"2001-06-21 21:00:00",272.7,275.7,272.1,272.3,0
993416400,"2001-06-24 21:00:00",272.3,275.1,272.3,273.7,0
993502800,"2001-06-25 21:00:00",274,279,268.7,275.9,0
993589200,"2001-06-26 21:00:00",276.25,277.7,271.7,271.85,0
993675600,"2001-06-27 21:00:00",272.35,272.35,268.1,269,0
993762000,"2001-06-28 21:00:00",269.25,272.7,269.2,270.6,0
994021200,"2001-07-01 21:00:00",270.6,272.5,268.2,269.3,0
994107600,"2001-07-02 21:00:00",269.3,272.5,267.5,267.5,0
994280400,"2001-07-04 21:00:00",267.7,268.1,265.1,265.1,0
994366800,"2001-07-05 21:00:00",265.1,267.9,264.8,266,0
994626000,"2001-07-08 21:00:00",266.5,267.1,265,266.4,0
994712400,"2001-07-09 21:00:00",266.4,267.9,265.9,266.1,0
994798800,"2001-07-10 21:00:00",266.1,269.6,266.1,268.2,0
994885200,"2001-07-11 21:00:00",268.75,268.75,266,266.6,0
994971600,"2001-07-12 21:00:00",266.6,267.5,266.3,267.1,0
995230800,"2001-07-15 21:00:00",266.95,269.1,266.9,266.9,0
995317200,"2001-07-16 21:00:00",267.25,268.2,266.5,268.1,0
995403600,"2001-07-17 21:00:00",268.1,271.1,267.25,270.5,0
995490000,"2001-07-18 21:00:00",270.75,271.6,267.2,268.55,0
995576400,"2001-07-19 21:00:00",268.75,271.3,268.75,269.8,0
995835600,"2001-07-22 21:00:00",270.15,270.15,268.6,268.6,0
995922000,"2001-07-23 21:00:00",268.6,270.1,268.6,269.5,0
996008400,"2001-07-24 21:00:00",269.5,269.6,267.5,267.5,0
996094800,"2001-07-25 21:00:00",267.5,268.4,266,266.2,0
996181200,"2001-07-26 21:00:00",266.2,269.2,263.8,267.3,0
996440400,"2001-07-29 21:00:00",267.6,268,265,265,0
996526800,"2001-07-30 21:00:00",265,267,264.5,266.6,0
996613200,"2001-07-31 21:00:00",266.6,268.6,266.4,267.7,0
996699600,"2001-08-01 21:00:00",267.7,268.6,267.2,267.8,0
996786000,"2001-08-02 21:00:00",267.8,269,266.9,268.3,0
997045200,"2001-08-05 21:00:00",268.5,268.6,267.3,267.5,0
997131600,"2001-08-06 21:00:00",267.15,267.9,266.5,267.4,0
997218000,"2001-08-07 21:00:00",267.4,268.7,266.5,268.1,0
997304400,"2001-08-08 21:00:00",268.1,274.1,267.6,273.9,0
997390800,"2001-08-09 21:00:00",273.9,277,272.7,274.3,0
997650000,"2001-08-12 21:00:00",273.5,277.4,273.5,275.7,0
997736400,"2001-08-13 21:00:00",275.7,276.8,274,276.5,0
997822800,"2001-08-14 21:00:00",276.5,277.9,274.9,275.6,0
997909200,"2001-08-15 21:00:00",275.6,276.6,274,275.1,0
997995600,"2001-08-16 21:00:00",275.1,281.2,275,279,0
998254800,"2001-08-19 21:00:00",279,279.3,275.8,275.8,0
998341200,"2001-08-20 21:00:00",275.8,278,274,274.8,0
998427600,"2001-08-21 21:00:00",274.8,277.8,273.6,274.5,0
998514000,"2001-08-22 21:00:00",274.5,276.4,274.4,275.1,0
998600400,"2001-08-23 21:00:00",275.1,275.7,272.2,272.6,0
998859600,"2001-08-26 21:00:00",272.25,273.05,271.6,272.5,0
998946000,"2001-08-27 21:00:00",272.55,272.7,270.7,271.95,0
999032400,"2001-08-28 21:00:00",272,274.1,272,273.5,0
999118800,"2001-08-29 21:00:00",273.5,275.5,272.5,275.05,0
999205200,"2001-08-30 21:00:00",274.95,276,272.7,274.2,0
999550800,"2001-09-03 21:00:00",273.25,273.85,271.6,271.9,0
999637200,"2001-09-04 21:00:00",271.55,272.6,271.5,271.8,0
999723600,"2001-09-05 21:00:00",271.8,273.5,271.35,272.9,0
999810000,"2001-09-06 21:00:00",272.9,274.5,271.75,272.9,0
1000069200,"2001-09-09 21:00:00",273,273.45,271.2,271.5,0
1000155600,"2001-09-10 21:00:00",271.5,291,271.5,286.5,0
1000242000,"2001-09-11 21:00:00",286,292,277,278,0
1000328400,"2001-09-12 21:00:00",278,285,278,281,0
1000414800,"2001-09-13 21:00:00",281,289,279.5,285.3,0
1000674000,"2001-09-16 21:00:00",288,294,285.8,289.2,0
1000760400,"2001-09-17 21:00:00",289.4,290,286.2,287.5,0
1000846800,"2001-09-18 21:00:00",287.5,292.1,286.75,289.9,0
1000933200,"2001-09-19 21:00:00",289.9,290.8,287.5,288.4,0
1001019600,"2001-09-20 21:00:00",288.4,295.1,288.4,291.2,0
1001278800,"2001-09-23 21:00:00",290.5,292.5,287.5,289,0
1001365200,"2001-09-24 21:00:00",289,290.3,287,289.5,0
1001451600,"2001-09-25 21:00:00",289.5,293.6,289,293,0
1001538000,"2001-09-26 21:00:00",292.8,293.23,289.15,291.7,0
1001624400,"2001-09-27 21:00:00",291.7,293.7,290.2,292.95,0
1001883600,"2001-09-30 21:00:00",292,292.7,290.5,291.45,0
1001970000,"2001-10-01 21:00:00",291.45,292.6,289.1,289.2,0
1002056400,"2001-10-02 21:00:00",289.2,291.8,289.2,289.2,0
1002142800,"2001-10-03 21:00:00",289.2,291.6,288.95,289.6,0
1002229200,"2001-10-04 21:00:00",289.6,292.1,289.6,290.7,0
1002488400,"2001-10-07 21:00:00",290.75,293.7,290.75,291.65,0
1002574800,"2001-10-08 21:00:00",291.65,291.8,287.75,287.75,0
1002661200,"2001-10-09 21:00:00",287.75,288.8,284,284.6,0
1002747600,"2001-10-10 21:00:00",284.6,285.2,280.3,281,0
1002834000,"2001-10-11 21:00:00",282.2,286.1,281.7,284.2,0
1003093200,"2001-10-14 21:00:00",284.2,285.5,281.2,281.2,0
1003179600,"2001-10-15 21:00:00",281.3,283.5,280.8,281.1,0
1003266000,"2001-10-16 21:00:00",281.1,283.3,281.1,282.2,0
1003352400,"2001-10-17 21:00:00",282.2,283.7,278.05,279.2,0
1003438800,"2001-10-18 21:00:00",279.2,280.2,277.9,279.4,0
1003698000,"2001-10-21 21:00:00",279.4,279.5,275.2,275.3,0
1003784400,"2001-10-22 21:00:00",275.3,276.3,274.5,275.7,0
1003870800,"2001-10-23 21:00:00",275.7,276.7,275.1,275.1,0
1003957200,"2001-10-24 21:00:00",275.2,277.3,275.2,277,0
1004043600,"2001-10-25 21:00:00",276.5,277.9,276.5,277.1,0
1004306400,"2001-10-28 22:00:00",277.1,279.2,277.1,278.6,0
1004392800,"2001-10-29 22:00:00",278.9,281,278.9,280.1,0
1004479200,"2001-10-30 22:00:00",280.25,281.4,278.5,279.4,0
1004565600,"2001-10-31 22:00:00",279.25,281.2,278.8,279.7,0
1004652000,"2001-11-01 22:00:00",279.05,280.5,279.05,279.7,0
1004911200,"2001-11-04 22:00:00",279.7,280.05,278,278.6,0
1004997600,"2001-11-05 22:00:00",278.8,279.95,278.6,279.65,0
1005084000,"2001-11-06 22:00:00",280.25,281.1,279.25,280.5,0
1005170400,"2001-11-07 22:00:00",280.3,280.6,276.6,277.6,0
1005256800,"2001-11-08 22:00:00",276.8,277.8,276.5,276.95,0
1005516000,"2001-11-11 22:00:00",277.2,282,277.2,278,0
1005602400,"2001-11-12 22:00:00",278.15,280.1,276.2,277.5,0
1005688800,"2001-11-13 22:00:00",277.3,279.3,277.1,277.1,0
1005775200,"2001-11-14 22:00:00",277.6,278.05,274.8,274.9,0
1005861600,"2001-11-15 22:00:00",275.1,275.6,274.1,274.6,0
1006120800,"2001-11-18 22:00:00",274.6,275.5,272.6,272.7,0
1006207200,"2001-11-19 22:00:00",272.6,274.1,272.6,272.65,0
1006293600,"2001-11-20 22:00:00",273,273.7,272.3,273.1,0
1006466400,"2001-11-22 22:00:00",272.6,273.35,272.6,272.65,0
1006725600,"2001-11-25 22:00:00",272.8,273.6,272.5,272.9,0
1006812000,"2001-11-26 22:00:00",272.8,273.7,272.8,273.2,0
1006898400,"2001-11-27 22:00:00",273.3,275.4,273.3,274.1,0
1006984800,"2001-11-28 22:00:00",274.2,275.6,273.4,273.4,0
1007071200,"2001-11-29 22:00:00",273.4,275.9,273.4,274.15,0
1007330400,"2001-12-02 22:00:00",274.15,278,274.15,277.1,0
1007416800,"2001-12-03 22:00:00",277.1,277.2,275.5,275.5,0
1007503200,"2001-12-04 22:00:00",275.5,276.6,273.9,273.9,0
1007589600,"2001-12-05 22:00:00",273.8,275.35,273.8,274.15,0
1007676000,"2001-12-06 22:00:00",274,275,274,274.3,0
1007935200,"2001-12-09 22:00:00",274.3,274.5,271.7,272.35,0
1008021600,"2001-12-10 22:00:00",272.6,273.05,272,272.6,0
1008108000,"2001-12-11 22:00:00",272.5,274.4,272.5,274,0
1008194400,"2001-12-12 22:00:00",274.3,274.6,273.5,273.95,0
1008280800,"2001-12-13 22:00:00",274.25,279.2,274.25,278.2,0
1008540000,"2001-12-16 22:00:00",277.35,278.8,276.9,277.8,0
1008626400,"2001-12-17 22:00:00",278,281,278,280.05,0
1008712800,"2001-12-18 22:00:00",280.2,280.4,274.8,275.6,0
1008799200,"2001-12-19 22:00:00",275.9,276.7,275.8,276,0
1008885600,"2001-12-20 22:00:00",276.1,279.8,276.1,277.9,0
1009144800,"2001-12-23 22:00:00",277.7,278.5,277.7,277.8,0
1009317600,"2001-12-25 22:00:00",278.5,279.8,278.2,279,0
1009404000,"2001-12-26 22:00:00",279,280.5,276.8,276.8,0
1009490400,"2001-12-27 22:00:00",276.8,278.5,276.3,276.3,0
1009749600,"2001-12-30 22:00:00",275.9,279.1,275.9,278.7,0
1009922400,"2002-01-01 22:00:00",278.7,279.4,277.75,278.5,0
1010008800,"2002-01-02 22:00:00",278.5,280,277.3,278.2,0
1010095200,"2002-01-03 22:00:00",278.05,279.4,277.7,278.7,0
1010354400,"2002-01-06 22:00:00",278.4,280.26,277.4,278.5,0
1010440800,"2002-01-07 22:00:00",278.5,280,278.4,278.8,0
1010527200,"2002-01-08 22:00:00",278.8,284.5,278.4,282.9,0
1010613600,"2002-01-09 22:00:00",283.6,289.5,282.8,286.45,0
1010700000,"2002-01-10 22:00:00",286.15,288,285.7,287.3,0
1010959200,"2002-01-13 22:00:00",286.6,287.1,285.1,285.1,0
1011045600,"2002-01-14 22:00:00",285,285.3,283.3,284,0
1011132000,"2002-01-15 22:00:00",284.4,289.5,283.8,287.3,0
1011218400,"2002-01-16 22:00:00",287.15,288.7,284.2,284.2,0
1011304800,"2002-01-17 22:00:00",283.8,284.8,283.2,283.3,0
1011650400,"2002-01-21 22:00:00",282.3,283.8,281.45,281.45,0
1011736800,"2002-01-22 22:00:00",281.4,282.8,278.7,279,0
1011823200,"2002-01-23 22:00:00",279,279.7,278,278.55,0
1011909600,"2002-01-24 22:00:00",278.75,279.95,278.5,279.2,0
1012168800,"2002-01-27 22:00:00",279.2,280.15,278.5,278.6,0
1012255200,"2002-01-28 22:00:00",278.4,281.9,277.1,281.6,0
1012341600,"2002-01-29 22:00:00",281.7,283.9,281,281.8,0
1012428000,"2002-01-30 22:00:00",281.7,283.4,281.4,282.3,0
1012514400,"2002-01-31 22:00:00",282.7,287.2,281.9,286,0
1012773600,"2002-02-03 22:00:00",285.25,289.6,285.25,289.4,0
1012860000,"2002-02-04 22:00:00",290.1,299,289.6,297.5,0
1012946400,"2002-02-05 22:00:00",297.45,306.3,296.4,296.4,0
1013032800,"2002-02-06 22:00:00",296.38,301.75,296.38,301,0
1013119200,"2002-02-07 22:00:00",301.5,307.8,300.6,303.5,0
1013378400,"2002-02-10 22:00:00",303.5,304,297.6,299.8,0
1013464800,"2002-02-11 22:00:00",299,301.75,297.6,300,0
1013551200,"2002-02-12 22:00:00",300,300.5,295.7,299,0
1013637600,"2002-02-13 22:00:00",299.25,300.4,297.9,299.5,0
1013724000,"2002-02-14 22:00:00",299.4,301.8,297.6,297.6,0
1013983200,"2002-02-17 22:00:00",298.5,299.55,297.25,297.5,0
1014069600,"2002-02-18 22:00:00",297.5,298.4,292.8,292.85,0
1014156000,"2002-02-19 22:00:00",292.85,294.4,290.9,291.2,0
1014242400,"2002-02-20 22:00:00",291.2,293.9,290.05,292.5,0
1014328800,"2002-02-21 22:00:00",292.5,294.4,291.6,292.5,0
1014588000,"2002-02-24 22:00:00",292.75,292.8,291.1,292.05,0
1014674400,"2002-02-25 22:00:00",292.3,298,291.5,297.5,0
1014760800,"2002-02-26 22:00:00",297.5,299.6,295.9,296.1,0
1014847200,"2002-02-27 22:00:00",296.6,297.9,296.15,296.3,0
1014933600,"2002-02-28 22:00:00",296.3,299.3,295.45,297.9,0
1015192800,"2002-03-03 22:00:00",297.6,299.8,296.6,296.6,0
1015279200,"2002-03-04 22:00:00",296.6,298.9,293.7,293.7,0
1015365600,"2002-03-05 22:00:00",293.8,294.8,292.6,293.25,0
1015452000,"2002-03-06 22:00:00",293.15,293.5,289.6,290,0
1015538400,"2002-03-07 22:00:00",289.3,290.8,287.95,289.5,0
1015797600,"2002-03-10 22:00:00",289.35,292.6,289.35,290.6,0
1015884000,"2002-03-11 22:00:00",290.45,294.6,290.45,293.05,0
1015970400,"2002-03-12 22:00:00",293.6,294.65,293.1,293.3,0
1016056800,"2002-03-13 22:00:00",293.1,293.8,290.65,290.65,0
1016143200,"2002-03-14 22:00:00",291,291.5,289.5,289.8,0
1016402400,"2002-03-17 22:00:00",289.8,293,289.8,292.15,0
1016488800,"2002-03-18 22:00:00",292.3,293.8,292,292.8,0
1016575200,"2002-03-19 22:00:00",292.95,293.3,291.8,292.2,0
1016661600,"2002-03-20 22:00:00",292.1,293.4,292.1,292.9,0
1016748000,"2002-03-21 22:00:00",292.9,300.1,292.9,297.5,0
1017007200,"2002-03-24 22:00:00",297.4,298.8,297.1,298,0
1017093600,"2002-03-25 22:00:00",297.75,298.1,296.1,296.4,0
1017180000,"2002-03-26 22:00:00",296.75,303.3,296.65,301.9,0
1017266400,"2002-03-27 22:00:00",302,304.5,300.8,302.4,0
1017352800,"2002-03-28 22:00:00",302.4,303.15,302.25,302.25,0
1017612000,"2002-03-31 22:00:00",302.25,303.1,301.2,303.1,0
1017698400,"2002-04-01 22:00:00",303.1,306.6,302.8,305.6,0
1017784800,"2002-04-02 22:00:00",305.6,306.6,301.3,302.05,0
1017871200,"2002-04-03 22:00:00",302.35,304.1,299.2,300.75,0
1017957600,"2002-04-04 22:00:00",300.75,302.1,298.4,299.8,0
1018213200,"2002-04-07 21:00:00",299.85,301.2,298.7,300.25,0
1018299600,"2002-04-08 21:00:00",300.25,300.3,298.3,298.3,0
1018386000,"2002-04-09 21:00:00",298.3,301.9,297.4,301,0
1018472400,"2002-04-10 21:00:00",301,303.2,301,302.35,0
1018558800,"2002-04-11 21:00:00",302.15,302.2,300.6,301.9,0
1018818000,"2002-04-14 21:00:00",301.9,302.7,299.6,299.6,0
1018904400,"2002-04-15 21:00:00",299.6,300,297.8,298.75,0
1018990800,"2002-04-16 21:00:00",298.75,302.6,298.3,301.8,0
1019077200,"2002-04-17 21:00:00",301.8,306.1,301.5,303.4,0
1019163600,"2002-04-18 21:00:00",303.4,304.3,301.45,302.1,0
1019422800,"2002-04-21 21:00:00",302,304.5,302,302.65,0
1019509200,"2002-04-22 21:00:00",302.5,304.5,302,303.4,0
1019595600,"2002-04-23 21:00:00",303.4,305.45,303.4,303.8,0
1019682000,"2002-04-24 21:00:00",304.05,309.1,304.05,307.4,0
1019768400,"2002-04-25 21:00:00",307.65,311.7,306.3,311.1,0
1020027600,"2002-04-28 21:00:00",310.75,312,309.7,310.7,0
1020114000,"2002-04-29 21:00:00",311.05,311.05,307.2,307.75,0
1020200400,"2002-04-30 21:00:00",308.2,310.8,307.2,308.25,0
1020286800,"2002-05-01 21:00:00",308.6,309,306.9,307.6,0
1020373200,"2002-05-02 21:00:00",307.6,313.3,307.6,311.7,0
1020632400,"2002-05-05 21:00:00",311.5,313.2,310.7,311.2,0
1020718800,"2002-05-06 21:00:00",311.2,313.8,309.1,311.1,0
1020805200,"2002-05-07 21:00:00",311.3,312.9,307.75,307.75,0
1020891600,"2002-05-08 21:00:00",308,310.1,308,309.3,0
1020978000,"2002-05-09 21:00:00",309.3,311.8,309.1,310.8,0
1021237200,"2002-05-12 21:00:00",310.6,311.6,309.6,310.5,0
1021323600,"2002-05-13 21:00:00",310.5,310.7,307.2,307.4,0
1021410000,"2002-05-14 21:00:00",307.4,309,306.7,308.8,0
1021496400,"2002-05-15 21:00:00",308.8,311.5,308.65,309.4,0
1021582800,"2002-05-16 21:00:00",309.9,312.1,309.5,310.8,0
1021842000,"2002-05-19 21:00:00",310.6,316.5,310.3,315.7,0
1021928400,"2002-05-20 21:00:00",315.7,317,314.2,315.9,0
1022014800,"2002-05-21 21:00:00",315.7,319.5,315.7,317.4,0
1022101200,"2002-05-22 21:00:00",317.4,323.6,315.9,321.8,0
1022187600,"2002-05-23 21:00:00",321.8,322.5,319.6,320.3,0
1022446800,"2002-05-26 21:00:00",320.3,321.5,320,320,0
1022533200,"2002-05-27 21:00:00",320,328.6,320,324.2,0
1022619600,"2002-05-28 21:00:00",324.35,327.4,323.3,324.7,0
1022706000,"2002-05-29 21:00:00",324.7,327.6,323.9,324.7,0
1022792400,"2002-05-30 21:00:00",324.7,329.3,324.3,326.2,0
1023051600,"2002-06-02 21:00:00",326.3,328.3,325.1,326.9,0
1023138000,"2002-06-03 21:00:00",328.1,331.15,324.5,324.5,0
1023224400,"2002-06-04 21:00:00",324.6,326.2,320.4,321.2,0
1023310800,"2002-06-05 21:00:00",321.4,325.6,321.3,325.15,0
1023397200,"2002-06-06 21:00:00",325.35,327.8,323.7,323.8,0
1023656400,"2002-06-09 21:00:00",324.3,325.1,318,318.8,0
1023742800,"2002-06-10 21:00:00",318.8,321.1,316.2,320.5,0
1023829200,"2002-06-11 21:00:00",320.6,321.8,319,319,0
1023915600,"2002-06-12 21:00:00",319,321.4,317.2,317.9,0
1024002000,"2002-06-13 21:00:00",317.75,323.1,317.75,319.1,0
1024261200,"2002-06-16 21:00:00",319.1,320.5,316.6,316.6,0
1024347600,"2002-06-17 21:00:00",317.2,320.2,317,319.9,0
1024434000,"2002-06-18 21:00:00",320,322.15,319.3,320.6,0
1024520400,"2002-06-19 21:00:00",320.85,324.5,319.4,323.7,0
1024606800,"2002-06-20 21:00:00",323.7,325,322.45,324.4,0
1024866000,"2002-06-23 21:00:00",324.4,326.8,322.3,322.3,0
1024952400,"2002-06-24 21:00:00",322.5,323.6,318,321.2,0
1025038800,"2002-06-25 21:00:00",321.2,325.5,319,319,0
1025125200,"2002-06-26 21:00:00",319,320.4,316.6,318,0
1025211600,"2002-06-27 21:00:00",318.25,321,310.4,314.2,0
1025470800,"2002-06-30 21:00:00",314.2,314.9,311.5,314.9,0
1025557200,"2002-07-01 21:00:00",314.65,315.9,312.7,312.7,0
1025643600,"2002-07-02 21:00:00",312.7,314.35,310.5,310.9,0
1025730000,"2002-07-03 21:00:00",310.9,311.6,310.3,310.5,0
1025816400,"2002-07-04 21:00:00",310.55,311.5,310.55,311.3,0
1026075600,"2002-07-07 21:00:00",311.2,314.9,310.5,312.6,0
1026162000,"2002-07-08 21:00:00",312.6,317,311.2,316.4,0
1026248400,"2002-07-09 21:00:00",316.4,317.1,314.4,315.8,0
1026334800,"2002-07-10 21:00:00",315.7,317.9,313.8,314.4,0
1026421200,"2002-07-11 21:00:00",316.3,317,315.3,315.8,0
1026680400,"2002-07-14 21:00:00",315.7,320.4,315.7,317.6,0
1026766800,"2002-07-15 21:00:00",317.8,320.8,317.1,318,0
1026853200,"2002-07-16 21:00:00",318,318.7,316,317.5,0
1026939600,"2002-07-17 21:00:00",317.5,318,315.9,317.7,0
1027026000,"2002-07-18 21:00:00",317.7,325.9,317.3,323.7,0
1027285200,"2002-07-21 21:00:00",323.7,325.6,322.5,322.9,0
1027371600,"2002-07-22 21:00:00",322.9,323.3,311.8,313,0
1027458000,"2002-07-23 21:00:00",312.9,314.1,307.1,311,0
1027544400,"2002-07-24 21:00:00",311,312.15,309.3,309.8,0
1027630800,"2002-07-25 21:00:00",310,310.9,301,303.5,0
1027890000,"2002-07-28 21:00:00",304.2,304.5,302.2,302.3,0
1027976400,"2002-07-29 21:00:00",302.4,305.9,302,304.5,0
1028062800,"2002-07-30 21:00:00",304.5,305.8,302.5,303.3,0
1028149200,"2002-07-31 21:00:00",303.3,305.1,298.8,304.4,0
1028235600,"2002-08-01 21:00:00",304.4,308,303.75,307.1,0
1028494800,"2002-08-04 21:00:00",307.1,309.75,306.4,307.9,0
1028581200,"2002-08-05 21:00:00",307.9,308,304.9,306.1,0
1028667600,"2002-08-06 21:00:00",306.1,315.55,304.2,313.8,0
1028754000,"2002-08-07 21:00:00",313.8,314.7,310.4,310.4,0
1028840400,"2002-08-08 21:00:00",310.4,315,308.7,314.3,0
1029099600,"2002-08-11 21:00:00",314.3,318,313.7,314,0
1029186000,"2002-08-12 21:00:00",314,315.6,310.9,315.4,0
1029272400,"2002-08-13 21:00:00",315.4,317.5,311.3,311.4,0
1029358800,"2002-08-14 21:00:00",311.4,316.2,311.1,314.7,0
1029445200,"2002-08-15 21:00:00",314.7,315.4,312.6,313.7,0
1029704400,"2002-08-18 21:00:00",313.7,315.9,304.8,306.5,0
1029790800,"2002-08-19 21:00:00",306.5,309.7,306.4,309,0
1029877200,"2002-08-20 21:00:00",309.2,309.8,305.85,307.8,0
1029963600,"2002-08-21 21:00:00",307.8,307.8,305.2,306.8,0
1030050000,"2002-08-22 21:00:00",306.8,308.6,304.6,306.8,0
1030309200,"2002-08-25 21:00:00",306.7,310.6,306.7,309.2,0
1030395600,"2002-08-26 21:00:00",309.2,313.1,308.6,312.5,0
1030482000,"2002-08-27 21:00:00",312.5,312.7,309.8,309.8,0
1030568400,"2002-08-28 21:00:00",309.8,313.7,309.8,313.7,0
1030654800,"2002-08-29 21:00:00",313.7,314.8,312.4,312.5,0
1030914000,"2002-09-01 21:00:00",312.5,312.6,312,312,0
1031000400,"2002-09-02 21:00:00",312,314.7,311.5,313.9,0
1031086800,"2002-09-03 21:00:00",313.8,315.7,312.8,314.35,0
1031173200,"2002-09-04 21:00:00",314.5,319.4,313.95,319,0
1031259600,"2002-09-05 21:00:00",319,321.6,318,320,0
1031518800,"2002-09-08 21:00:00",319.9,324.3,319.3,321,0
1031605200,"2002-09-09 21:00:00",321,321.2,317.5,317.5,0
1031691600,"2002-09-10 21:00:00",317.5,318.6,315,317,0
1031778000,"2002-09-11 21:00:00",317.1,319.9,317,318.8,0
1031864400,"2002-09-12 21:00:00",318.8,320,316,316.6,0
1032123600,"2002-09-15 21:00:00",316.9,318.1,315.5,317.2,0
1032210000,"2002-09-16 21:00:00",317.2,318.1,314,318.05,0
1032296400,"2002-09-17 21:00:00",318.1,321.2,316.8,320.1,0
1032382800,"2002-09-18 21:00:00",320.1,323.3,319.8,323.1,0
1032469200,"2002-09-19 21:00:00",323.1,324.1,320.6,321.9,0
1032728400,"2002-09-22 21:00:00",321.9,324.6,321.4,323,0
1032814800,"2002-09-23 21:00:00",322.3,328.1,322.3,325.9,0
1032901200,"2002-09-24 21:00:00",325.9,326.3,322,322,0
1032987600,"2002-09-25 21:00:00",322,323.25,318.9,319.8,0
1033074000,"2002-09-26 21:00:00",319.8,321.9,319.3,319.7,0
1033333200,"2002-09-29 21:00:00",319.7,325,319.7,323.5,0
1033419600,"2002-09-30 21:00:00",323.5,324.05,320.1,320.1,0
1033506000,"2002-10-01 21:00:00",320.1,322.8,320.1,322.8,0
1033592400,"2002-10-02 21:00:00",322.8,324.2,321.3,321.4,0
1033678800,"2002-10-03 21:00:00",321.4,322.6,319.4,322,0
1033938000,"2002-10-06 21:00:00",322,323.2,321.5,322.2,0
1034024400,"2002-10-07 21:00:00",322.2,322.3,317.9,318,0
1034110800,"2002-10-08 21:00:00",318,320.3,318,319.8,0
1034197200,"2002-10-09 21:00:00",319.8,320.8,316.3,316.6,0
1034283600,"2002-10-10 21:00:00",316.6,318.3,316.4,316.5,0
1034542800,"2002-10-13 21:00:00",316.5,318.6,316.5,317.7,0
1034629200,"2002-10-14 21:00:00",317.7,319.1,312.1,313.4,0
1034715600,"2002-10-15 21:00:00",313.3,315.5,312,314.2,0
1034802000,"2002-10-16 21:00:00",313.9,315.6,309.3,311.3,0
1034888400,"2002-10-17 21:00:00",311.2,313.9,310.15,312.6,0
1035147600,"2002-10-20 21:00:00",312.6,314.5,310,310.9,0
1035234000,"2002-10-21 21:00:00",310.7,314,310.2,312.8,0
1035320400,"2002-10-22 21:00:00",312.8,314.1,311,311.7,0
1035406800,"2002-10-23 21:00:00",311.7,313.2,308.5,311.4,0
1035493200,"2002-10-24 21:00:00",311.4,314.7,308.5,313.6,0
1035756000,"2002-10-27 22:00:00",313.3,316,312,315.3,0
1035842400,"2002-10-28 22:00:00",315,318.7,314.3,316.5,0
1035928800,"2002-10-29 22:00:00",316.6,318,315.5,315.8,0
1036015200,"2002-10-30 22:00:00",316.2,318.5,315.7,317.5,0
1036101600,"2002-10-31 22:00:00",317.5,321.9,312,320.1,0
1036360800,"2002-11-03 22:00:00",319.5,320.3,316.4,318,0
1036447200,"2002-11-04 22:00:00",318.1,321.5,317.4,317.5,0
1036533600,"2002-11-05 22:00:00",318.3,318.9,315.5,317.8,0
1036620000,"2002-11-06 22:00:00",317.1,322.7,317.1,320.65,0
1036706400,"2002-11-07 22:00:00",320.8,324,319.6,321.3,0
1036965600,"2002-11-10 22:00:00",321.3,322.2,319.4,321.4,0
1037052000,"2002-11-11 22:00:00",321.15,325.1,320,324.2,0
1037138400,"2002-11-12 22:00:00",323.5,325.5,316.5,318.75,0
1037224800,"2002-11-13 22:00:00",318.8,320,315.5,318.1,0
1037311200,"2002-11-14 22:00:00",317.8,321.4,317.2,320.3,0
1037570400,"2002-11-17 22:00:00",320.3,322,317.5,319,0
1037656800,"2002-11-18 22:00:00",319.1,320.8,318,318.5,0
1037743200,"2002-11-19 22:00:00",318.6,320.5,317.2,317.6,0
1037829600,"2002-11-20 22:00:00",317.6,319.1,317.1,317.4,0
1037916000,"2002-11-21 22:00:00",317.4,322.6,316.25,320.8,0
1038175200,"2002-11-24 22:00:00",320.8,321.5,316.7,317.9,0
1038261600,"2002-11-25 22:00:00",317.9,319.5,316.5,317.9,0
1038348000,"2002-11-26 22:00:00",318.1,319.1,315.65,316.5,0
1038434400,"2002-11-27 22:00:00",316.5,318.6,316.1,317.6,0
1038520800,"2002-11-28 22:00:00",317.6,320.6,316.75,317.9,0
1038780000,"2002-12-01 22:00:00",317.9,320,315.7,317.6,0
1038866400,"2002-12-02 22:00:00",317.6,321.45,316.8,320.5,0
1038952800,"2002-12-03 22:00:00",320.5,324.1,319.3,321.9,0
1039039200,"2002-12-04 22:00:00",321.9,325.3,320,324.1,0
1039125600,"2002-12-05 22:00:00",324.1,329.6,323,326,0
1039384800,"2002-12-08 22:00:00",326,326.9,324.4,325.65,0
1039471200,"2002-12-09 22:00:00",326,327.5,322.2,323.5,0
1039557600,"2002-12-10 22:00:00",323.3,325.6,322.3,324.3,0
1039644000,"2002-12-11 22:00:00",324.6,333.2,323.9,331.1,0
1039730400,"2002-12-12 22:00:00",331.1,336,329.8,332.9,0
1039989600,"2002-12-15 22:00:00",332.9,337.9,330,336.4,0
1040076000,"2002-12-16 22:00:00",336.4,343.45,335.2,336.5,0
1040162400,"2002-12-17 22:00:00",336.5,344.48,334.3,343.77,0
1040248800,"2002-12-18 22:00:00",344.65,355,342.5,345.3,0
1040335200,"2002-12-19 22:00:00",345.52,349.3,338.1,340.5,0
1040594400,"2002-12-22 22:00:00",340.5,346.7,340.3,345.4,0
1040680800,"2002-12-23 22:00:00",345.4,349.3,340,346.3,0
1040853600,"2002-12-25 22:00:00",343.6,350.65,343.1,349.4,0
1040940000,"2002-12-26 22:00:00",349.4,351.8,346,349,0
1041199200,"2002-12-29 22:00:00",349,351,341.6,343.4,0
1041285600,"2002-12-30 22:00:00",343.4,348.4,341.1,347.8,0
1041458400,"2003-01-01 22:00:00",347.8,348.3,340,345.8,0
1041544800,"2003-01-02 22:00:00",345.8,353.6,342.7,351,0
1041804000,"2003-01-05 22:00:00",351,357.6,348,351,0
1041890400,"2003-01-06 22:00:00",351,352.3,344.3,347,0
1041976800,"2003-01-07 22:00:00",347,356.12,344.6,353.18,0
1042063200,"2003-01-08 22:00:00",353.2,357.9,350.8,352.2,0
1042149600,"2003-01-09 22:00:00",352.2,356.8,349.9,354.5,0
1042408800,"2003-01-12 22:00:00",354.5,355.55,351.05,354.5,0
1042495200,"2003-01-13 22:00:00",354.5,356,350.82,351.1,0
1042581600,"2003-01-14 22:00:00",351.3,354.07,348.12,350.5,0
1042668000,"2003-01-15 22:00:00",350.5,359.32,349,357.2,0
1042754400,"2003-01-16 22:00:00",357.2,359.1,354.7,356.3,0
1043013600,"2003-01-19 22:00:00",356.3,358.25,354.5,355.5,0
1043100000,"2003-01-20 22:00:00",355.5,358.6,352.9,357.3,0
1043186400,"2003-01-21 22:00:00",357.5,362.95,357.1,361.3,0
1043272800,"2003-01-22 22:00:00",361.68,368.43,360.43,363.1,0
1043359200,"2003-01-23 22:00:00",362.93,370.65,362.43,368.18,0
1043618400,"2003-01-26 22:00:00",368.25,373.7,366.9,369.4,0
1043704800,"2003-01-27 22:00:00",369.4,370.7,365.32,369.2,0
1043791200,"2003-01-28 22:00:00",369,371.82,365.02,365.7,0
1043877600,"2003-01-29 22:00:00",365.7,370.77,362.3,369.88,0
1043964000,"2003-01-30 22:00:00",369.8,372.45,366.8,367.9,0
1044223200,"2003-02-02 22:00:00",367.9,372.3,367.4,370.8,0
1044309600,"2003-02-03 22:00:00",370.88,382.88,370.8,381.88,0
1044396000,"2003-02-04 22:00:00",381,389.5,370,371,0
1044482400,"2003-02-05 22:00:00",371,376.2,368.3,369.8,0
1044568800,"2003-02-06 22:00:00",369.38,374.5,367,369.5,0
1044828000,"2003-02-09 22:00:00",369.5,372.62,362.5,362.5,0
1044914400,"2003-02-10 22:00:00",362.12,365.2,360.6,363.2,0
1045000800,"2003-02-11 22:00:00",363.2,365,351.88,352.5,0
1045087200,"2003-02-12 22:00:00",352.5,358.3,347.5,356.3,0
1045173600,"2003-02-13 22:00:00",356.3,357.8,348.3,351.3,0
1045432800,"2003-02-16 22:00:00",351.3,351.6,341.5,345.3,0
1045519200,"2003-02-17 22:00:00",345.3,348.3,342.8,343.3,0
1045605600,"2003-02-18 22:00:00",343.3,349.6,342.5,349.4,0
1045692000,"2003-02-19 22:00:00",349.4,354.3,349.4,352,0
1045778400,"2003-02-20 22:00:00",352,354.5,350.8,351.1,0
1046037600,"2003-02-23 22:00:00",351.1,357.5,350.5,357.5,0
1046124000,"2003-02-24 22:00:00",357.5,360,350.8,351.6,0
1046210400,"2003-02-25 22:00:00",351.48,355.7,351.48,353.8,0
1046296800,"2003-02-26 22:00:00",353.8,356.5,345.2,345.2,0
1046383200,"2003-02-27 22:00:00",345.2,351,345.2,349.7,0
1046642400,"2003-03-02 22:00:00",349.7,350.1,345.2,348.8,0
1046728800,"2003-03-03 22:00:00",348.8,354.5,348.8,352.6,0
1046815200,"2003-03-04 22:00:00",353.62,357.3,352.3,353.3,0
1046901600,"2003-03-05 22:00:00",353.25,356.9,352.6,356,0
1046988000,"2003-03-06 22:00:00",356,358.2,347,350.5,0
1047247200,"2003-03-09 22:00:00",350.5,355,350.5,354.2,0
1047333600,"2003-03-10 22:00:00",354.2,355,348.7,350.6,0
1047420000,"2003-03-11 22:00:00",350.2,350.5,345.5,345.5,0
1047506400,"2003-03-12 22:00:00",345.5,346.35,332.1,333.62,0
1047592800,"2003-03-13 22:00:00",334.1,339.2,332,336.1,0
1047852000,"2003-03-16 22:00:00",336.1,345,335,336.3,0
1047938400,"2003-03-17 22:00:00",336.3,340.4,334.3,337.6,0
1048024800,"2003-03-18 22:00:00",337.6,340.5,334.5,336.2,0
1048111200,"2003-03-19 22:00:00",336.2,337.7,332,332,0
1048197600,"2003-03-20 22:00:00",332,334.25,325.8,325.8,0
1048456800,"2003-03-23 22:00:00",325.8,330.5,325.8,329.5,0
1048543200,"2003-03-24 22:00:00",329.4,334.2,327.6,328.3,0
1048629600,"2003-03-25 22:00:00",328.12,331.4,328.12,330,0
1048716000,"2003-03-26 22:00:00",330,333.7,328.5,329,0
1048802400,"2003-03-27 22:00:00",329,332.5,328.7,331.6,0
1049061600,"2003-03-30 22:00:00",331.6,337.1,331.6,337.1,0
1049148000,"2003-03-31 22:00:00",337.2,338.7,334.2,334.7,0
1049234400,"2003-04-01 22:00:00",334.7,335.3,327.5,329.7,0
1049320800,"2003-04-02 22:00:00",329.7,329.7,323.5,325,0
1049407200,"2003-04-03 22:00:00",325,325.4,322.4,325.3,0
1049662800,"2003-04-06 21:00:00",325.7,325.7,319.4,322.8,0
1049749200,"2003-04-07 21:00:00",322.8,324.1,319.8,322.5,0
1049835600,"2003-04-08 21:00:00",322.5,327.1,321.4,326.6,0
1049922000,"2003-04-09 21:00:00",326.7,327.25,324.4,326.3,0
1050008400,"2003-04-10 21:00:00",326.3,328.3,323.3,327.8,0
1050267600,"2003-04-13 21:00:00",327.8,327.8,324.2,324.6,0
1050354000,"2003-04-14 21:00:00",324.6,326.1,322.4,324.7,0
1050440400,"2003-04-15 21:00:00",324.25,326.5,322.9,326.2,0
1050526800,"2003-04-16 21:00:00",326.2,328,326,326.9,0
1050613200,"2003-04-17 21:00:00",326.9,327.2,325.7,325.7,0
1050872400,"2003-04-20 21:00:00",325.7,333.8,325.7,333.3,0
1050958800,"2003-04-21 21:00:00",333.3,336,332.2,332.7,0
1051045200,"2003-04-22 21:00:00",332.7,335,331,331,0
1051131600,"2003-04-23 21:00:00",331,335,331,334.2,0
1051218000,"2003-04-24 21:00:00",334.2,334.85,332.6,333,0
1051477200,"2003-04-27 21:00:00",333,335.1,329.4,333.6,0
1051563600,"2003-04-28 21:00:00",334.1,334.45,331.2,334,0
1051650000,"2003-04-29 21:00:00",334,339.7,334,338.3,0
1051736400,"2003-04-30 21:00:00",338.3,343.2,338.2,341.5,0
1051822800,"2003-05-01 21:00:00",341.5,343.4,339.1,340.7,0
1052082000,"2003-05-04 21:00:00",340.7,343.2,340.7,342.1,0
1052168400,"2003-05-05 21:00:00",342.2,344.9,341.5,344,0
1052254800,"2003-05-06 21:00:00",344,344.5,339.6,341.8,0
1052341200,"2003-05-07 21:00:00",341.8,349.4,341,347.85,0
1052427600,"2003-05-08 21:00:00",348,349,346.7,348.3,0
1052686800,"2003-05-11 21:00:00",348.7,352.3,348.7,351,0
1052773200,"2003-05-12 21:00:00",351,351.6,349,349.7,0
1052859600,"2003-05-13 21:00:00",349.7,355.2,348.6,352.2,0
1052946000,"2003-05-14 21:00:00",352.2,355.7,351.2,351.7,0
1053032400,"2003-05-15 21:00:00",351.7,357,351.5,354.5,0
1053291600,"2003-05-18 21:00:00",354.85,366,354.85,366,0
1053378000,"2003-05-19 21:00:00",366,370,364.3,367.7,0
1053464400,"2003-05-20 21:00:00",367.62,373.1,363.9,371.3,0
1053550800,"2003-05-21 21:00:00",371.62,372.7,359.6,366.8,0
1053637200,"2003-05-22 21:00:00",368.38,370.7,365.5,368.5,0
1053896400,"2003-05-25 21:00:00",368.5,370.8,367.9,370.5,0
1053982800,"2003-05-26 21:00:00",370.4,374.4,364.7,364.7,0
1054069200,"2003-05-27 21:00:00",364.7,366.8,358.7,364.8,0
1054155600,"2003-05-28 21:00:00",365.62,369.7,359.9,369,0
1054242000,"2003-05-29 21:00:00",369,369,361,364.2,0
1054501200,"2003-06-01 21:00:00",364.98,367.2,359.9,365.5,0
1054587600,"2003-06-02 21:00:00",365.6,367.2,363.8,365,0
1054674000,"2003-06-03 21:00:00",365,365.8,361.38,362.5,0
1054760400,"2003-06-04 21:00:00",362.5,369.8,361.2,368.5,0
1054846800,"2003-06-05 21:00:00",368.5,368.6,361.8,363.6,0
1055106000,"2003-06-08 21:00:00",363.6,365.8,361.3,361.6,0
1055192400,"2003-06-09 21:00:00",361.6,361.8,351.5,352,0
1055278800,"2003-06-10 21:00:00",352,357.1,351.7,355.4,0
1055365200,"2003-06-11 21:00:00",355.4,355.8,351.1,352.75,0
1055451600,"2003-06-12 21:00:00",353.1,357,351.6,356.5,0
1055710800,"2003-06-15 21:00:00",356.5,361.2,356.2,358.9,0
1055797200,"2003-06-16 21:00:00",358.9,365.1,358.9,362.65,0
1055883600,"2003-06-17 21:00:00",363.1,364.3,356.8,357.1,0
1055970000,"2003-06-18 21:00:00",357.1,362.9,355.12,361.1,0
1056056400,"2003-06-19 21:00:00",362,362.9,355.6,356,0
1056315600,"2003-06-22 21:00:00",356,358.12,350.9,352.8,0
1056402000,"2003-06-23 21:00:00",352.8,354.8,346,346,0
1056488400,"2003-06-24 21:00:00",347,349.8,346.5,349,0
1056574800,"2003-06-25 21:00:00",347.4,349,343.4,343.4,0
1056661200,"2003-06-26 21:00:00",343.4,347,342.9,345,0
1056920400,"2003-06-29 21:00:00",344.8,348.1,344.4,345.3,0
1057006800,"2003-06-30 21:00:00",345.1,353.2,345.1,351.3,0
1057093200,"2003-07-01 21:00:00",351.3,352.9,350.2,350.9,0
1057179600,"2003-07-02 21:00:00",350.9,352.1,349.4,350.8,0
1057266000,"2003-07-03 21:00:00",350.8,351.4,350.6,350.6,0
1057525200,"2003-07-06 21:00:00",350.85,351.9,347.9,348,0
1057611600,"2003-07-07 21:00:00",347.7,348.4,342.7,344,0
1057698000,"2003-07-08 21:00:00",344,346,343.7,344,0
1057784400,"2003-07-09 21:00:00",344.55,345.7,342.4,344.3,0
1057870800,"2003-07-10 21:00:00",343.95,345.3,342.5,344.8,0
1058130000,"2003-07-13 21:00:00",345.15,348,343.9,347.2,0
1058216400,"2003-07-14 21:00:00",347.2,349.6,341.4,342.3,0
1058302800,"2003-07-15 21:00:00",342.15,344.4,340.6,343,0
1058389200,"2003-07-16 21:00:00",343,345.4,341.2,343.9,0
1058475600,"2003-07-17 21:00:00",343.9,347.8,343.4,346.9,0
1058734800,"2003-07-20 21:00:00",346.9,352.3,346.8,351.5,0
1058821200,"2003-07-21 21:00:00",351.5,352.9,348.65,350.5,0
1058907600,"2003-07-22 21:00:00",350.5,359.75,350.5,358.2,0
1058994000,"2003-07-23 21:00:00",358.2,363.8,356.4,361.5,0
1059080400,"2003-07-24 21:00:00",362,368.2,359.8,362.5,0
1059339600,"2003-07-27 21:00:00",362.5,374.7,360.4,364,0
1059426000,"2003-07-28 21:00:00",364.9,365.2,361.3,361.6,0
1059512400,"2003-07-29 21:00:00",361.5,361.6,355.2,356,0
1059598800,"2003-07-30 21:00:00",356,357.7,353.8,354.1,0
1059685200,"2003-07-31 21:00:00",354.85,355.9,345.4,346,0
1059944400,"2003-08-03 21:00:00",346.2,350.3,346.2,349.3,0
1060030800,"2003-08-04 21:00:00",349.3,351.85,348.5,350.3,0
1060117200,"2003-08-05 21:00:00",351.9,353.3,349.2,351.5,0
1060203600,"2003-08-06 21:00:00",351.5,353.6,349.8,352.6,0
1060290000,"2003-08-07 21:00:00",352.6,357.5,352.6,356.5,0
1060549200,"2003-08-10 21:00:00",356.5,362,356.5,361.6,0
1060635600,"2003-08-11 21:00:00",361.6,362,358.05,358.05,0
1060722000,"2003-08-12 21:00:00",359,364.6,356.2,362.2,0
1060808400,"2003-08-13 21:00:00",362.2,367.4,360.3,365.25,0
1060894800,"2003-08-14 21:00:00",366.38,366.7,363.4,363.5,0
1061154000,"2003-08-17 21:00:00",363.5,363.5,357.9,358.1,0
1061240400,"2003-08-18 21:00:00",358.5,362.4,356.5,361.8,0
1061326800,"2003-08-19 21:00:00",361.8,366.9,361.8,366,0
1061413200,"2003-08-20 21:00:00",365.88,366.3,358.6,360.4,0
1061499600,"2003-08-21 21:00:00",360.4,364,358.4,362.7,0
1061758800,"2003-08-24 21:00:00",362.7,363.6,360.7,361,0
1061845200,"2003-08-25 21:00:00",361,365.7,359.4,364.3,0
1061931600,"2003-08-26 21:00:00",364.3,373.9,363.3,372.3,0
1062018000,"2003-08-27 21:00:00",371.65,372.3,369,369.5,0
1062104400,"2003-08-28 21:00:00",369.5,377.4,369.3,375.2,0
1062363600,"2003-08-31 21:00:00",375.2,378.4,374.7,375.3,0
1062450000,"2003-09-01 21:00:00",375.3,379,371.2,371.2,0
1062536400,"2003-09-02 21:00:00",371.38,375.3,370,373.65,0
1062622800,"2003-09-03 21:00:00",373.9,374.9,370,373.1,0
1062709200,"2003-09-04 21:00:00",373.2,379.5,370.8,376.9,0
1062968400,"2003-09-07 21:00:00",376.9,377.1,373.8,374.9,0
1063054800,"2003-09-08 21:00:00",375.25,383.3,374.9,381.4,0
1063141200,"2003-09-09 21:00:00",381.4,382.5,378.7,380.2,0
1063227600,"2003-09-10 21:00:00",380.2,381,374.6,380,0
1063314000,"2003-09-11 21:00:00",380,381.8,374.8,374.8,0
1063573200,"2003-09-14 21:00:00",374.8,376.7,372.9,373.8,0
1063659600,"2003-09-15 21:00:00",373.8,376.1,371.9,373,0
1063746000,"2003-09-16 21:00:00",373,376.8,372.5,376.5,0
1063832400,"2003-09-17 21:00:00",376.75,379.7,375.4,376.2,0
1063918800,"2003-09-18 21:00:00",376.2,383.2,372.6,381.6,0
1064178000,"2003-09-21 21:00:00",381.6,387.7,381,386.8,0
1064264400,"2003-09-22 21:00:00",386.8,387.5,383.3,384.6,0
1064350800,"2003-09-23 21:00:00",384.85,389.3,383.4,389.3,0
1064437200,"2003-09-24 21:00:00",389.1,393.5,383.8,385,0
1064523600,"2003-09-25 21:00:00",385,386.2,379.3,380.6,0
1064782800,"2003-09-28 21:00:00",380.85,386.2,379.3,382,0
1064869200,"2003-09-29 21:00:00",382.62,388.2,381.7,385,0
1064955600,"2003-09-30 21:00:00",385,385.9,382.9,384.2,0
1065042000,"2003-10-01 21:00:00",384.2,386.5,381.3,382.5,0
1065128400,"2003-10-02 21:00:00",382.5,387.1,366.6,369.3,0
1065387600,"2003-10-05 21:00:00",369.3,373.3,369.3,372.7,0
1065474000,"2003-10-06 21:00:00",372.7,377.1,372.3,376.3,0
1065560400,"2003-10-07 21:00:00",376.3,378.2,374.75,374.75,0
1065646800,"2003-10-08 21:00:00",374.9,377.2,368.2,368.7,0
1065733200,"2003-10-09 21:00:00",370,373.6,368.8,373.2,0
1065992400,"2003-10-12 21:00:00",373.2,375.1,369.8,374.3,0
1066078800,"2003-10-13 21:00:00",374.3,376.6,372.5,375,0
1066165200,"2003-10-14 21:00:00",375,375.8,371.7,373,0
1066251600,"2003-10-15 21:00:00",373.15,374.9,370.9,371.4,0
1066338000,"2003-10-16 21:00:00",371.7,372.4,366.2,371.4,0
1066597200,"2003-10-19 21:00:00",371.4,374.3,370.3,373.1,0
1066683600,"2003-10-20 21:00:00",373.1,381.7,372.8,381,0
1066770000,"2003-10-21 21:00:00",381,387.2,380.5,385.6,0
1066856400,"2003-10-22 21:00:00",385.5,387.4,383,384,0
1066942800,"2003-10-23 21:00:00",384,392.2,384,388.7,0
1067205600,"2003-10-26 22:00:00",388.4,388.4,385.9,387.6,0
1067292000,"2003-10-27 22:00:00",387.9,388,382.6,382.6,0
1067378400,"2003-10-28 22:00:00",382.6,387.4,380,386.3,0
1067464800,"2003-10-29 22:00:00",386.3,391.12,382.2,383.3,0
1067551200,"2003-10-30 22:00:00",383.1,389.1,381.7,384,0
1067810400,"2003-11-02 22:00:00",384,385.1,376.3,376.4,0
1067896800,"2003-11-03 22:00:00",377.4,380.7,376.5,379.3,0
1067983200,"2003-11-04 22:00:00",379.6,384.2,378.9,381.1,0
1068069600,"2003-11-05 22:00:00",381.1,383.9,379.5,379.7,0
1068156000,"2003-11-06 22:00:00",379.75,383.4,376.1,382.8,0
1068415200,"2003-11-09 22:00:00",382.8,387.2,382.7,385.45,0
1068501600,"2003-11-10 22:00:00",385.7,389.1,385.23,387.7,0
1068588000,"2003-11-11 22:00:00",387.7,396.6,387.5,393.8,0
1068674400,"2003-11-12 22:00:00",393.8,397.9,393.2,394.4,0
1068760800,"2003-11-13 22:00:00",394.25,398.9,394.25,397.3,0
1069020000,"2003-11-16 22:00:00",397.1,399.3,385.9,390.8,0
1069106400,"2003-11-17 22:00:00",390.8,398.5,390.5,398.5,0
1069192800,"2003-11-18 22:00:00",398.2,400.3,392.8,394.55,0
1069279200,"2003-11-19 22:00:00",394.8,397.1,392,394.3,0
1069365600,"2003-11-20 22:00:00",394.3,397.7,392.9,395.8,0
1069624800,"2003-11-23 22:00:00",395.8,396.2,390.2,391.2,0
1069711200,"2003-11-24 22:00:00",391.2,393.98,389.2,391,0
1069797600,"2003-11-25 22:00:00",391,400.6,391,396.3,0
1069884000,"2003-11-26 22:00:00",396.3,397,395,395,0
1069970400,"2003-11-27 22:00:00",395,398.8,394.4,397.9,0
1070229600,"2003-11-30 22:00:00",397.9,403,396.9,401.88,0
1070316000,"2003-12-01 22:00:00",403,405.6,399.4,403,0
1070402400,"2003-12-02 22:00:00",403,404.6,401.2,404.5,0
1070488800,"2003-12-03 22:00:00",404.3,404.7,399.9,402.5,0
1070575200,"2003-12-04 22:00:00",402.5,406.3,399.6,406.1,0
1070834400,"2003-12-07 22:00:00",406.1,409.1,405,406.8,0
1070920800,"2003-12-08 22:00:00",406.8,409.3,405.7,408,0
1071007200,"2003-12-09 22:00:00",408,412.1,405.2,405.2,0
1071093600,"2003-12-10 22:00:00",406,406.3,402.6,404.7,0
1071180000,"2003-12-11 22:00:00",404.7,409.2,404.25,408.7,0
1071439200,"2003-12-14 22:00:00",407.88,410.7,401.8,409,0
1071525600,"2003-12-15 22:00:00",409.88,410.2,407,407,0
1071612000,"2003-12-16 22:00:00",407,412.62,407,412.4,0
1071698400,"2003-12-17 22:00:00",412.3,412.5,407.6,410.25,0
1071784800,"2003-12-18 22:00:00",410.4,411,407.5,409.1,0
1072044000,"2003-12-21 22:00:00",409.1,411.38,407.9,409.8,0
1072130400,"2003-12-22 22:00:00",409.7,410.9,408.9,410.6,0
1072216800,"2003-12-23 22:00:00",410.3,412.5,410.3,411.8,0
1072303200,"2003-12-24 22:00:00",411.8,413.38,411.8,412.7,0
1072389600,"2003-12-25 22:00:00",412.7,413.8,410.9,412,0
1072648800,"2003-12-28 22:00:00",412,415.5,412,413.98,0
1072735200,"2003-12-29 22:00:00",414.07,417.3,414.07,416,0
1072821600,"2003-12-30 22:00:00",416,417.5,414.4,415.6,0
1072994400,"2004-01-01 22:00:00",415.6,416.4,414.8,415.6,0
1073253600,"2004-01-04 22:00:00",415.6,424.7,415.3,423.4,0
1073340000,"2004-01-05 22:00:00",423.4,430.5,417.75,422.1,0
1073426400,"2004-01-06 22:00:00",421.62,424.4,420,420.3,0
1073512800,"2004-01-07 22:00:00",420.1,425,417.62,423.5,0
1073599200,"2004-01-08 22:00:00",423.5,427.2,419.6,426,0
1073858400,"2004-01-11 22:00:00",426,428.7,423.3,424.2,0
1073944800,"2004-01-12 22:00:00",424.5,426.6,422.6,423.9,0
1074031200,"2004-01-13 22:00:00",423.9,424.6,411.5,419.5,0
1074117600,"2004-01-14 22:00:00",419.5,421.4,407.9,408.5,0
1074204000,"2004-01-15 22:00:00",408.5,410.6,405.6,406.5,0
1074463200,"2004-01-18 22:00:00",406.5,408.9,406.5,407,0
1074549600,"2004-01-19 22:00:00",407,412.9,405.3,412.5,0
1074636000,"2004-01-20 22:00:00",412.5,413.3,407.6,410.2,0
1074722400,"2004-01-21 22:00:00",410.3,412.9,408.4,409.1,0
1074808800,"2004-01-22 22:00:00",409.1,412.5,406.5,407.6,0
1075068000,"2004-01-25 22:00:00",407.6,411.6,403.5,403.5,0
1075154400,"2004-01-26 22:00:00",403.5,412.2,403.1,409.8,0
1075240800,"2004-01-27 22:00:00",409.8,414.8,408.3,410.2,0
1075327200,"2004-01-28 22:00:00",410,411.3,396.4,399.3,0
1075413600,"2004-01-29 22:00:00",399.1,402.4,398.4,402.4,0
1075672800,"2004-02-01 22:00:00",402.3,403.5,394.6,398.2,0
1075759200,"2004-02-02 22:00:00",398,403.4,398,399.3,0
1075845600,"2004-02-03 22:00:00",399.4,409,398.9,400.5,0
1075932000,"2004-02-04 22:00:00",400.5,400.7,396.7,396.7,0
1076018400,"2004-02-05 22:00:00",396.7,409.9,395,403.1,0
1076277600,"2004-02-08 22:00:00",403.1,407.3,402.5,406.5,0
1076364000,"2004-02-09 22:00:00",406.5,410.1,405.8,405.8,0
1076450400,"2004-02-10 22:00:00",406,411.88,405,411,0
1076536800,"2004-02-11 22:00:00",411,413.6,409.8,411.7,0
1076623200,"2004-02-12 22:00:00",411.5,417,406.6,409.9,0
1076882400,"2004-02-15 22:00:00",409.9,411.6,409.8,411.4,0
1076968800,"2004-02-16 22:00:00",411.4,416,410.75,415.3,0
1077055200,"2004-02-17 22:00:00",415.3,416.5,410,410.62,0
1077141600,"2004-02-18 22:00:00",410.5,412.4,408.2,409.7,0
1077228000,"2004-02-19 22:00:00",409.7,411.3,394.3,397.3,0
1077487200,"2004-02-22 22:00:00",397.3,402.6,396.8,398.4,0
1077573600,"2004-02-23 22:00:00",398.4,404.3,398.4,403.6,0
1077660000,"2004-02-24 22:00:00",403.6,404.8,392.8,395.6,0
1077746400,"2004-02-25 22:00:00",403.5,403.5,390.9,394.8,0
1077832800,"2004-02-26 22:00:00",394.8,397.8,392.3,395.9,0
1078092000,"2004-02-29 22:00:00",395.9,402.9,395.9,399.3,0
1078178400,"2004-03-01 22:00:00",399.3,401.5,391.1,392.8,0
1078264800,"2004-03-02 22:00:00",392.8,393.4,388.1,393.1,0
1078351200,"2004-03-03 22:00:00",393.1,395.5,391.7,392.8,0
1078437600,"2004-03-04 22:00:00",392.8,401.4,392.6,401,0
1078696800,"2004-03-07 22:00:00",401,401.2,398.4,401.2,0
1078783200,"2004-03-08 22:00:00",401.2,406,400.4,403.1,0
1078869600,"2004-03-09 22:00:00",403.1,404.7,397.8,399.9,0
1078956000,"2004-03-10 22:00:00",399.7,402.8,397.2,402.6,0
1079042400,"2004-03-11 22:00:00",402.6,402.8,395,395,0
1079301600,"2004-03-14 22:00:00",395,400.7,395,399.2,0
1079388000,"2004-03-15 22:00:00",399.62,404.3,399.1,402,0
1079474400,"2004-03-16 22:00:00",402,407.12,401.7,407.1,0
1079560800,"2004-03-17 22:00:00",406.62,414.1,406.12,411.1,0
1079647200,"2004-03-18 22:00:00",411.1,413.2,409.1,412.1,0
1079906400,"2004-03-21 22:00:00",412.1,418.5,411.2,417,0
1079992800,"2004-03-22 22:00:00",417,420.3,415.5,419.13,0
1080079200,"2004-03-23 22:00:00",419.5,419.9,414.9,417,0
1080165600,"2004-03-24 22:00:00",417,418.1,414.5,416,0
1080252000,"2004-03-25 22:00:00",416,423.5,414.7,422.1,0
1080511200,"2004-03-28 22:00:00",422.1,422.25,416.2,417.6,0
1080597600,"2004-03-29 22:00:00",417.5,422.1,417,420.6,0
1080684000,"2004-03-30 22:00:00",420.5,427.2,420.4,425.9,0
1080770400,"2004-03-31 22:00:00",425.8,432.1,424.2,426.2,0
1080856800,"2004-04-01 22:00:00",425.7,431,417.7,420.5,0
1081112400,"2004-04-04 21:00:00",420.5,422.3,413.7,415.6,0
1081198800,"2004-04-05 21:00:00",415.4,419.4,414.3,419.13,0
1081285200,"2004-04-06 21:00:00",419.2,423.8,417.7,422.9,0
1081371600,"2004-04-07 21:00:00",422.9,423.9,418.8,419.7,0
1081458000,"2004-04-08 21:00:00",419.7,421.3,419.7,419.8,0
1081717200,"2004-04-11 21:00:00",419.8,421.9,417.3,418.5,0
1081803600,"2004-04-12 21:00:00",418.4,421.3,405.4,406.5,0
1081890000,"2004-04-13 21:00:00",406.6,407.9,396.75,400.6,0
1081976400,"2004-04-14 21:00:00",400.5,401.6,395.3,398.9,0
1082062800,"2004-04-15 21:00:00",398.9,402.4,397,400.5,0
1082322000,"2004-04-18 21:00:00",400.4,405.5,400.2,400.7,0
1082408400,"2004-04-19 21:00:00",400.7,400.9,394.6,394.6,0
1082494800,"2004-04-20 21:00:00",394.2,398.7,389.7,389.8,0
1082581200,"2004-04-21 21:00:00",389.7,393.8,389.5,392.6,0
1082667600,"2004-04-22 21:00:00",392.5,396.5,392.5,395.2,0
1082926800,"2004-04-25 21:00:00",395.3,398.1,393.9,396.1,0
1083013200,"2004-04-26 21:00:00",396.3,399.13,395.8,398.4,0
1083099600,"2004-04-27 21:00:00",398.3,398.7,383.9,384.5,0
1083186000,"2004-04-28 21:00:00",384.6,388.2,377.7,387.7,0
1083272400,"2004-04-29 21:00:00",387.7,390.8,386.1,386.8,0
1083531600,"2004-05-02 21:00:00",386.6,389.4,386,386.5,0
1083618000,"2004-05-03 21:00:00",386.2,393.5,386.2,392.3,0
1083704400,"2004-05-04 21:00:00",392.3,394.88,390.5,394,0
1083790800,"2004-05-05 21:00:00",393,393.8,387.1,387.5,0
1083877200,"2004-05-06 21:00:00",387.7,390.6,377.7,378.9,0
1084136400,"2004-05-09 21:00:00",378.7,379.5,371.6,378.6,0
1084222800,"2004-05-10 21:00:00",378.6,379.9,374.8,377.8,0
1084309200,"2004-05-11 21:00:00",377.8,384.2,377.1,377.8,0
1084395600,"2004-05-12 21:00:00",377.9,379,372.8,374.7,0
1084482000,"2004-05-13 21:00:00",374.7,377.6,373.4,376.6,0
1084741200,"2004-05-16 21:00:00",376.6,383.3,376.6,378.7,0
1084827600,"2004-05-17 21:00:00",378.7,379.8,375.1,375.1,0
1084914000,"2004-05-18 21:00:00",375.3,383.2,375.3,382.2,0
1085000400,"2004-05-19 21:00:00",382.2,382.6,378.5,379.5,0
1085086800,"2004-05-20 21:00:00",379.6,387.1,379,384.2,0
1085346000,"2004-05-23 21:00:00",384.3,386.6,382.5,385.3,0
1085432400,"2004-05-24 21:00:00",385.6,389.8,384.9,388.4,0
1085518800,"2004-05-25 21:00:00",388.5,392.6,387.9,388.3,0
1085605200,"2004-05-26 21:00:00",388.4,395.7,388.4,394.4,0
1085691600,"2004-05-27 21:00:00",394.4,396.7,392.9,393.4,0
1085950800,"2004-05-30 21:00:00",393.5,395.6,393.5,395.3,0
1086037200,"2004-05-31 21:00:00",395.3,398.7,393.7,394.3,0
1086123600,"2004-06-01 21:00:00",394.4,396.9,390.4,391.2,0
1086210000,"2004-06-02 21:00:00",391.4,392.7,387.8,387.9,0
1086296400,"2004-06-03 21:00:00",387.9,391.6,384.6,389.9,0
1086555600,"2004-06-06 21:00:00",389.9,394.2,389.9,393.6,0
1086642000,"2004-06-07 21:00:00",394.2,395.3,390.7,391.4,0
1086728400,"2004-06-08 21:00:00",391.4,391.9,383.4,384.5,0
1086814800,"2004-06-09 21:00:00",384.6,387.7,382.8,385.9,0
1086901200,"2004-06-10 21:00:00",385.9,386.3,383.8,384.3,0
1087160400,"2004-06-13 21:00:00",384.3,386.1,382.9,383.4,0
1087246800,"2004-06-14 21:00:00",383.4,389.1,381.9,388.9,0
1087333200,"2004-06-15 21:00:00",388.9,390.1,383.3,384.5,0
1087419600,"2004-06-16 21:00:00",384.5,389.5,384,389.2,0
1087506000,"2004-06-17 21:00:00",389.4,396.1,386.8,394.7,0
1087765200,"2004-06-20 21:00:00",394.8,397.1,393,393.7,0
1087851600,"2004-06-21 21:00:00",393.7,396.6,393.3,394.5,0
1087938000,"2004-06-22 21:00:00",394.6,397,393.1,395.9,0
1088024400,"2004-06-23 21:00:00",396,403.2,394.2,401.1,0
1088110800,"2004-06-24 21:00:00",401.3,403.1,392.5,401,0
1088370000,"2004-06-27 21:00:00",401.1,405,399.9,400.5,0
1088456400,"2004-06-28 21:00:00",400.6,401.3,390.7,392.4,0
1088542800,"2004-06-29 21:00:00",392.1,396.6,391.9,393.5,0
1088629200,"2004-06-30 21:00:00",393.5,396.1,393.3,395.7,0
1088715600,"2004-07-01 21:00:00",395.8,400.8,388.4,397.8,0
1088974800,"2004-07-04 21:00:00",397.7,399,397.5,398,0
1089061200,"2004-07-05 21:00:00",398,399.1,388.9,392.4,0
1089147600,"2004-07-06 21:00:00",392.4,403.4,392.4,402.1,0
1089234000,"2004-07-07 21:00:00",401.8,409.1,400,407.4,0
1089320400,"2004-07-08 21:00:00",407.2,408.2,400.75,407.6,0
1089579600,"2004-07-11 21:00:00",407.6,408.6,405.8,407.1,0
1089666000,"2004-07-12 21:00:00",407.3,407.8,400.5,401.5,0
1089752400,"2004-07-13 21:00:00",401.5,406.1,401.5,405.1,0
1089838800,"2004-07-14 21:00:00",405.2,405.8,401.6,403.8,0
1089925200,"2004-07-15 21:00:00",403.9,407.5,402.9,406.1,0
1090184400,"2004-07-18 21:00:00",406.5,407.8,404.05,405.7,0
1090270800,"2004-07-19 21:00:00",405.8,406.6,399.6,399.7,0
1090357200,"2004-07-20 21:00:00",400,405.9,394.9,396.6,0
1090443600,"2004-07-21 21:00:00",396.8,399.5,393.6,393.6,0
1090530000,"2004-07-22 21:00:00",393.5,396.45,387.05,389.9,0
1090789200,"2004-07-25 21:00:00",389.9,392.38,388.5,388.5,0
1090875600,"2004-07-26 21:00:00",388.6,393.4,386.1,386.9,0
1090962000,"2004-07-27 21:00:00",386.8,390.8,385.7,387.4,0
1091048400,"2004-07-28 21:00:00",387.4,391.1,385.7,387.3,0
1091134800,"2004-07-29 21:00:00",387.2,392.2,384.5,390.5,0
1091394000,"2004-08-01 21:00:00",391.25,394.4,391.2,391.7,0
1091480400,"2004-08-02 21:00:00",391.6,394.7,389.2,393.6,0
1091566800,"2004-08-03 21:00:00",393.6,394.2,390.9,391.6,0
1091653200,"2004-08-04 21:00:00",391.6,393.3,391,392.1,0
1091739600,"2004-08-05 21:00:00",392.1,401.2,391.9,399.5,0
1091998800,"2004-08-08 21:00:00",399.6,400.7,392.75,399.9,0
1092085200,"2004-08-09 21:00:00",400.1,400.9,398.4,398.4,0
1092171600,"2004-08-10 21:00:00",398.5,399.8,392.95,395.2,0
1092258000,"2004-08-11 21:00:00",395.1,397.95,393.2,393.2,0
1092344400,"2004-08-12 21:00:00",393.3,403.2,392.8,398.8,0
1092603600,"2004-08-15 21:00:00",397.5,404.6,397.5,401.7,0
1092690000,"2004-08-16 21:00:00",401.6,405.2,400.6,404.9,0
1092776400,"2004-08-17 21:00:00",405.1,405.2,401.7,404.2,0
1092862800,"2004-08-18 21:00:00",404.2,407.8,404.2,406.4,0
1092949200,"2004-08-19 21:00:00",406.4,414.1,405.4,412.4,0
1093208400,"2004-08-22 21:00:00",411.5,412.6,408.8,409.6,0
1093294800,"2004-08-23 21:00:00",409.5,410.2,402.4,402.7,0
1093381200,"2004-08-24 21:00:00",402.8,407.9,402.8,407,0
1093467600,"2004-08-25 21:00:00",407.2,409.3,404.6,406.7,0
1093554000,"2004-08-26 21:00:00",406.7,408.7,401,402.9,0
1093813200,"2004-08-29 21:00:00",402.8,408.9,402.8,408.4,0
1093899600,"2004-08-30 21:00:00",408.4,411,407,409.5,0
1093986000,"2004-08-31 21:00:00",409.6,410,407,408.5,0
1094072400,"2004-09-01 21:00:00",408.6,416.6,405.7,405.9,0
1094158800,"2004-09-02 21:00:00",405.9,407.5,399.2,400.7,0
1094418000,"2004-09-05 21:00:00",400.8,407.5,400.7,402.3,0
1094504400,"2004-09-06 21:00:00",402.3,402.5,396.9,398.1,0
1094590800,"2004-09-07 21:00:00",398.3,400.3,395.3,398.8,0
1094677200,"2004-09-08 21:00:00",398.7,400.7,397.7,399.4,0
1094763600,"2004-09-09 21:00:00",399.5,403,398.8,402.4,0
1095022800,"2004-09-12 21:00:00",402.4,404.8,399.4,403.7,0
1095109200,"2004-09-13 21:00:00",403.3,407,402.8,405.8,0
1095195600,"2004-09-14 21:00:00",405.05,406,403.2,404.9,0
1095282000,"2004-09-15 21:00:00",404.9,405.9,402.5,404.3,0
1095368400,"2004-09-16 21:00:00",404.3,406.9,403.5,405.4,0
1095627600,"2004-09-19 21:00:00",405,405.6,403.8,404.8,0
1095714000,"2004-09-20 21:00:00",404.8,410.1,404.5,409.5,0
1095800400,"2004-09-21 21:00:00",409.5,409.5,404.4,407,0
1095886800,"2004-09-22 21:00:00",407,412,406.8,410,0
1095973200,"2004-09-23 21:00:00",410,411.7,407.1,407.6,0
1096232400,"2004-09-26 21:00:00",407.4,410.1,407.4,408.7,0
1096318800,"2004-09-27 21:00:00",408.7,412.9,408.7,412.2,0
1096405200,"2004-09-28 21:00:00",412.2,414.8,411.3,412.7,0
1096491600,"2004-09-29 21:00:00",412.7,418.9,411.5,418.7,0
1096578000,"2004-09-30 21:00:00",418.7,419.9,417.1,418.8,0
1096837200,"2004-10-03 21:00:00",418.8,418.9,411.9,413.7,0
1096923600,"2004-10-04 21:00:00",413.7,419.6,412.25,418,0
1097010000,"2004-10-05 21:00:00",418,420.2,416,417.7,0
1097096400,"2004-10-06 21:00:00",417.7,419.8,417.4,417.4,0
1097182800,"2004-10-07 21:00:00",417.4,424.3,417.4,422.7,0
1097442000,"2004-10-10 21:00:00",421.75,423.1,421.3,421.7,0
1097528400,"2004-10-11 21:00:00",421.7,422.25,412.9,414.8,0
1097614800,"2004-10-12 21:00:00",414.8,416.3,409.6,415.6,0
1097701200,"2004-10-13 21:00:00",415.8,426.9,414.38,417.8,0
1097787600,"2004-10-14 21:00:00",417.8,421.5,409.25,418.6,0
1098046800,"2004-10-17 21:00:00",418.25,420.2,416.4,416.4,0
1098133200,"2004-10-18 21:00:00",416.4,420.7,414.9,420.2,0
1098219600,"2004-10-19 21:00:00",420.2,425.8,419.6,423.7,0
1098306000,"2004-10-20 21:00:00",423.7,426,421.25,423.7,0
1098392400,"2004-10-21 21:00:00",423.7,425.1,421.25,424,0
1098651600,"2004-10-24 21:00:00",424,430.6,423.5,428.4,0
1098738000,"2004-10-25 21:00:00",428.4,428.9,424.9,426.6,0
1098824400,"2004-10-26 21:00:00",426.6,428.8,421.3,424,0
1098910800,"2004-10-27 21:00:00",424,427.2,420.8,424.1,0
1098997200,"2004-10-28 21:00:00",423.9,428.7,423.9,428.1,0
1099260000,"2004-10-31 22:00:00",428.1,430.4,426.4,426.9,0
1099346400,"2004-11-01 22:00:00",427,427.1,417.5,420.8,0
1099432800,"2004-11-02 22:00:00",421.2,427.03,419.3,426.3,0
1099519200,"2004-11-03 22:00:00",425.4,433,422.3,428.9,0
1099605600,"2004-11-04 22:00:00",428.9,434,425,433.6,0
1099864800,"2004-11-07 22:00:00",433.6,435,431.4,432.4,0
1099951200,"2004-11-08 22:00:00",432.4,436.6,431,434.9,0
1100037600,"2004-11-09 22:00:00",434.9,438,432.48,433.8,0
1100124000,"2004-11-10 22:00:00",433.8,435.5,432.1,434.6,0
1100210400,"2004-11-11 22:00:00",434.6,438.8,433.6,437.6,0
1100469600,"2004-11-14 22:00:00",437.6,440.1,436.1,436.3,0
1100556000,"2004-11-15 22:00:00",436.2,440.9,435.75,439.4,0
1100642400,"2004-11-16 22:00:00",439.3,444.9,439.1,444.5,0
1100728800,"2004-11-17 22:00:00",444.5,445.9,440.2,442.8,0
1100815200,"2004-11-18 22:00:00",442.8,448.2,442,446.7,0
1101074400,"2004-11-21 22:00:00",446.7,448.9,443.75,448.7,0
1101160800,"2004-11-22 22:00:00",448.7,449.5,446.3,446.55,0
1101247200,"2004-11-23 22:00:00",447.3,449.6,447.3,449.3,0
1101333600,"2004-11-24 22:00:00",449.3,452.7,449,451.3,0
1101420000,"2004-11-25 22:00:00",451.3,455.1,449.5,451.9,0
1101679200,"2004-11-28 22:00:00",451.9,454.7,449.7,453.4,0
1101765600,"2004-11-29 22:00:00",453.5,454,448.1,450.8,0
1101852000,"2004-11-30 22:00:00",450.8,455.5,450.6,454.5,0
1101938400,"2004-12-01 22:00:00",454.3,456.7,446.9,448.85,0
1102024800,"2004-12-02 22:00:00",448.8,456.1,443.75,455.3,0
1102284000,"2004-12-05 22:00:00",455.3,456.55,450.4,451.9,0
1102370400,"2004-12-06 22:00:00",451.8,454.8,450.6,450.6,0
1102456800,"2004-12-07 22:00:00",450.4,452.5,433.8,440,0
1102543200,"2004-12-08 22:00:00",440,441,432.7,436.6,0
1102629600,"2004-12-09 22:00:00",436.9,437.5,431.8,433.9,0
1102888800,"2004-12-12 22:00:00",433.9,439.9,433.7,438.3,0
1102975200,"2004-12-13 22:00:00",438.7,439.4,435.3,435.38,0
1103061600,"2004-12-14 22:00:00",435.7,441.5,435.5,440.4,0
1103148000,"2004-12-15 22:00:00",440,442.6,436,436.7,0
1103234400,"2004-12-16 22:00:00",436.7,442,436.7,441.1,0
1103493600,"2004-12-19 22:00:00",441.1,444,441.1,442.4,0
1103580000,"2004-12-20 22:00:00",442.4,443.3,440.6,441.4,0
1103666400,"2004-12-21 22:00:00",441.4,442.63,439,439.3,0
1103752800,"2004-12-22 22:00:00",439.2,442.3,439.2,441.4,0
1103839200,"2004-12-23 22:00:00",439.5,443,439.5,442.1,0
1104098400,"2004-12-26 22:00:00",442.1,445.2,442.1,444.2,0
1104184800,"2004-12-27 22:00:00",444.2,445.2,443,443,0
1104271200,"2004-12-28 22:00:00",443,444.2,433.6,436,0
1104357600,"2004-12-29 22:00:00",436,438.6,433.95,437.3,0
1104444000,"2004-12-30 22:00:00",437.3,438.7,437.25,438,0
1104703200,"2005-01-02 22:00:00",438,438,427.1,429.5,0
1104789600,"2005-01-03 22:00:00",429.4,437,424.2,426.95,0
1104876000,"2005-01-04 22:00:00",427.5,428.75,425.5,426.2,0
1104962400,"2005-01-05 22:00:00",426.1,427.2,420.6,421.4,0
1105048800,"2005-01-06 22:00:00",420.9,425.1,416.9,418.8,0
1105308000,"2005-01-09 22:00:00",419,421.5,419,419.13,0
1105394400,"2005-01-10 22:00:00",419.2,422.6,419.2,422,0
1105480800,"2005-01-11 22:00:00",421.6,427.7,420.9,426,0
1105567200,"2005-01-12 22:00:00",426,426.8,423.5,424.9,0
1105653600,"2005-01-13 22:00:00",425.1,425.3,420.9,422.5,0
1105912800,"2005-01-16 22:00:00",422.5,423.1,421.5,421.63,0
1105999200,"2005-01-17 22:00:00",422.2,423.8,421.4,422.7,0
1106085600,"2005-01-18 22:00:00",422.7,426.9,422.3,422.55,0
1106172000,"2005-01-19 22:00:00",423,423,420.4,422,0
1106258400,"2005-01-20 22:00:00",422.2,428.2,421.4,427,0
1106517600,"2005-01-23 22:00:00",427,428,426.8,427,0
1106604000,"2005-01-24 22:00:00",427.1,427.7,421.3,421.8,0
1106690400,"2005-01-25 22:00:00",422,427.6,421.7,426.6,0
1106776800,"2005-01-26 22:00:00",426.2,428,424.3,425.8,0
1106863200,"2005-01-27 22:00:00",425.6,428.33,424.4,426,0
1107122400,"2005-01-30 22:00:00",426,426.6,419.8,422.1,0
1107208800,"2005-01-31 22:00:00",422.1,422.3,419.8,420.85,0
1107295200,"2005-02-01 22:00:00",420.6,422.53,420.3,421.5,0
1107381600,"2005-02-02 22:00:00",421.5,421.6,414.8,416.85,0
1107468000,"2005-02-03 22:00:00",416.7,418.28,414.3,414.3,0
1107727200,"2005-02-06 22:00:00",414.3,416.05,412.8,413.5,0
1107813600,"2005-02-07 22:00:00",413.5,414.2,410.9,412.5,0
1107900000,"2005-02-08 22:00:00",412.2,413.53,410.5,413.3,0
1107986400,"2005-02-09 22:00:00",413.2,418.7,412.1,417.6,0
1108072800,"2005-02-10 22:00:00",417.3,421.9,415,420.5,0
1108332000,"2005-02-13 22:00:00",420.5,426.3,420.5,425.7,0
1108418400,"2005-02-14 22:00:00",425.3,427.2,423.9,425.5,0
1108504800,"2005-02-15 22:00:00",425.3,425.6,422.4,425.03,0
1108591200,"2005-02-16 22:00:00",425,428.4,424.6,426.8,0
1108677600,"2005-02-17 22:00:00",427.2,428,425.5,426.4,0
1108936800,"2005-02-20 22:00:00",426.4,428.8,426.3,427,0
1109023200,"2005-02-21 22:00:00",427,435.5,426.6,435.5,0
1109109600,"2005-02-22 22:00:00",435.6,435.6,432,434.4,0
1109196000,"2005-02-23 22:00:00",434.1,436.6,432.5,433.7,0
1109282400,"2005-02-24 22:00:00",433.6,435.5,431.5,434.9,0
1109541600,"2005-02-27 22:00:00",434.9,438,434.3,435.1,0
1109628000,"2005-02-28 22:00:00",435.2,436,431.1,432.4,0
1109714400,"2005-03-01 22:00:00",432.4,433.7,428.8,432.6,0
1109800800,"2005-03-02 22:00:00",432.5,433.3,429.38,429.4,0
1109887200,"2005-03-03 22:00:00",429.2,435.1,429.2,433.9,0
1110146400,"2005-03-06 22:00:00",433.8,435.4,432.5,434.2,0
1110232800,"2005-03-07 22:00:00",434.1,440.7,434.1,440.3,0
1110319200,"2005-03-08 22:00:00",440.2,442.3,439.1,440.3,0
1110405600,"2005-03-09 22:00:00",440.2,442.6,440,442,0
1110492000,"2005-03-10 22:00:00",442,446.9,440.5,445.8,0
1110751200,"2005-03-13 22:00:00",445.7,445.7,440.2,440.8,0
1110837600,"2005-03-14 22:00:00",440.7,443.9,439.8,440.6,0
1110924000,"2005-03-15 22:00:00",440.6,443.9,440.1,443.2,0
1111010400,"2005-03-16 22:00:00",443.2,443.83,437.5,438.5,0
1111096800,"2005-03-17 22:00:00",438.5,439.8,436,439,0
1111356000,"2005-03-20 22:00:00",439.25,439.6,429.3,431.1,0
1111442400,"2005-03-21 22:00:00",430.8,432.3,426.7,426.7,0
1111528800,"2005-03-22 22:00:00",426.4,430,424.6,425,0
1111615200,"2005-03-23 22:00:00",425.1,426.4,424.3,424.3,0
1111701600,"2005-03-24 22:00:00",424.3,425.9,424.3,425.9,0
1111960800,"2005-03-27 22:00:00",424.9,426.4,423.8,426.1,0
1112047200,"2005-03-28 22:00:00",425.7,427.7,425.7,425.8,0
1112133600,"2005-03-29 22:00:00",426,428,426,426.1,0
1112220000,"2005-03-30 22:00:00",425.9,428.8,425.9,428.2,0
1112306400,"2005-03-31 22:00:00",428.1,428.9,424.9,425.9,0
1112562000,"2005-04-03 21:00:00",425.5,426.5,422.2,423.9,0
1112648400,"2005-04-04 21:00:00",424.1,425.5,423.1,424.6,0
1112734800,"2005-04-05 21:00:00",424.5,427.4,424.3,426.5,0
1112821200,"2005-04-06 21:00:00",426.3,428.2,425.4,425.9,0
1112907600,"2005-04-07 21:00:00",425.6,427.3,424.6,426.7,0
1113166800,"2005-04-10 21:00:00",426.5,429.7,426.5,427.8,0
1113253200,"2005-04-11 21:00:00",428,430.4,426.7,427.8,0
1113339600,"2005-04-12 21:00:00",427.9,429.4,427.2,428.6,0
1113426000,"2005-04-13 21:00:00",428.8,429,422.2,423.4,0
1113512400,"2005-04-14 21:00:00",423.3,425.8,422.5,424.5,0
1113771600,"2005-04-17 21:00:00",425.1,427.8,423.25,426.9,0
1113858000,"2005-04-18 21:00:00",426.9,433.6,426.6,433.3,0
1113944400,"2005-04-19 21:00:00",433.4,435.5,431.6,434.2,0
1114030800,"2005-04-20 21:00:00",434.2,435,431.7,432,0
1114117200,"2005-04-21 21:00:00",432.2,435.65,432.2,434.25,0
1114376400,"2005-04-24 21:00:00",434,434.7,432.8,434.4,0
1114462800,"2005-04-25 21:00:00",434.4,437.7,434.4,436.6,0
1114549200,"2005-04-26 21:00:00",436.9,437.08,432.1,432.5,0
1114635600,"2005-04-27 21:00:00",432.3,433.7,430.88,431.2,0
1114722000,"2005-04-28 21:00:00",431.1,436.5,431.1,435,0
1114981200,"2005-05-01 21:00:00",434.75,434.75,428.8,429.2,0
1115067600,"2005-05-02 21:00:00",428.6,429.8,425.9,427.5,0
1115154000,"2005-05-03 21:00:00",427.3,429.7,427.3,429.4,0
1115240400,"2005-05-04 21:00:00",429.5,431.6,428.08,429.9,0
1115326800,"2005-05-05 21:00:00",430.1,430.98,423.98,425.7,0
1115586000,"2005-05-08 21:00:00",426.4,426.6,425,425.9,0
1115672400,"2005-05-09 21:00:00",426,427.9,425.85,426.4,0
1115758800,"2005-05-10 21:00:00",426.4,428.5,425.7,427.1,0
1115845200,"2005-05-11 21:00:00",427.1,427.5,420.7,421.8,0
1115931600,"2005-05-12 21:00:00",421.7,422.2,419.1,420,0
1116190800,"2005-05-15 21:00:00",420,420.4,418.3,419.2,0
1116277200,"2005-05-16 21:00:00",419.3,421.1,418.4,418.4,0
1116363600,"2005-05-17 21:00:00",418.5,421.6,418.5,421.3,0
1116450000,"2005-05-18 21:00:00",421.1,423.1,419.7,420.5,0
1116536400,"2005-05-19 21:00:00",420.1,422.5,416.9,417.2,0
1116795600,"2005-05-22 21:00:00",417.5,420.5,417.1,417.1,0
1116882000,"2005-05-23 21:00:00",417.1,419.28,416.5,418.2,0
1116968400,"2005-05-24 21:00:00",417.9,419.4,417.4,419,0
1117054800,"2005-05-25 21:00:00",418.9,419.8,417.1,417.6,0
1117141200,"2005-05-26 21:00:00",417.3,420.2,417.1,420.1,0
1117400400,"2005-05-29 21:00:00",419.75,419.78,417.9,417.9,0
1117486800,"2005-05-30 21:00:00",419.3,419.3,413.8,416.8,0
1117573200,"2005-05-31 21:00:00",416.8,418.75,414.8,415,0
1117659600,"2005-06-01 21:00:00",415,423.5,415,421.6,0
1117746000,"2005-06-02 21:00:00",421.8,424.8,421.8,422.1,0
1118005200,"2005-06-05 21:00:00",422.65,427.2,422.65,425.7,0
1118091600,"2005-06-06 21:00:00",425.5,427.53,424.4,424.4,0
1118178000,"2005-06-07 21:00:00",424.3,426.5,423.3,423.3,0
1118264400,"2005-06-08 21:00:00",423.5,424.9,421.3,423.4,0
1118350800,"2005-06-09 21:00:00",423.7,428.4,422.5,426.7,0
1118610000,"2005-06-12 21:00:00",426.6,430.5,424.5,428.6,0
1118696400,"2005-06-13 21:00:00",428.6,428.6,426.5,426.5,0
1118782800,"2005-06-14 21:00:00",426.5,429.8,426.25,428.7,0
1118869200,"2005-06-15 21:00:00",428.7,436.6,428.4,435.2,0
1118955600,"2005-06-16 21:00:00",435.4,439.3,435.4,437.4,0
1119214800,"2005-06-19 21:00:00",438.1,441.03,437,437.8,0
1119301200,"2005-06-20 21:00:00",437.5,438.8,434.3,438.3,0
1119387600,"2005-06-21 21:00:00",438.3,439.83,436.3,437.9,0
1119474000,"2005-06-22 21:00:00",437.8,442.3,436.2,440.8,0
1119560400,"2005-06-23 21:00:00",441.1,443.53,438.5,439.6,0
1119819600,"2005-06-26 21:00:00",439.1,440.3,438.7,439.4,0
1119906000,"2005-06-27 21:00:00",439.5,440,435.2,435.2,0
1119992400,"2005-06-28 21:00:00",435.6,438,434.1,436.7,0
1120078800,"2005-06-29 21:00:00",436.4,439,434.5,434.5,0
1120165200,"2005-06-30 21:00:00",434.8,436.5,426.9,427.3,0
1120424400,"2005-07-03 21:00:00",428.5,428.8,426.7,427.1,0
1120510800,"2005-07-04 21:00:00",427.1,427.4,421.8,423.3,0
1120597200,"2005-07-05 21:00:00",423.5,425.1,423.2,423.4,0
1120683600,"2005-07-06 21:00:00",423.6,428.8,421.9,424.2,0
1120770000,"2005-07-07 21:00:00",424.2,424.9,421.7,422.8,0
1121029200,"2005-07-10 21:00:00",423.2,426.5,423.2,426.1,0
1121115600,"2005-07-11 21:00:00",425.9,427.7,425,426.7,0
1121202000,"2005-07-12 21:00:00",426.6,427,423.5,423.8,0
1121288400,"2005-07-13 21:00:00",424,424.5,418.9,419.2,0
1121374800,"2005-07-14 21:00:00",419.4,421.4,417.9,421.3,0
1121634000,"2005-07-17 21:00:00",421.3,422.4,420,420.8,0
1121720400,"2005-07-18 21:00:00",420.8,421.9,419,419.8,0
1121806800,"2005-07-19 21:00:00",419.8,423.2,419.8,423,0
1121893200,"2005-07-20 21:00:00",423.1,425.9,422.3,425.7,0
1121979600,"2005-07-21 21:00:00",425.5,426.8,424.4,424.8,0
1122238800,"2005-07-24 21:00:00",426.15,426.6,424.6,425.6,0
1122325200,"2005-07-25 21:00:00",425.5,425.9,422.4,423.2,0
1122411600,"2005-07-26 21:00:00",423.2,425.8,422,425.3,0
1122498000,"2005-07-27 21:00:00",425.1,428.9,423.25,427.5,0
1122584400,"2005-07-28 21:00:00",427.7,430.8,427.1,429.2,0
1122843600,"2005-07-31 21:00:00",429.5,432.6,428.4,431.5,0
1122930000,"2005-08-01 21:00:00",431.6,433.1,430.9,431.9,0
1123016400,"2005-08-02 21:00:00",431.9,437.4,430.6,436.4,0
1123102800,"2005-08-03 21:00:00",436.6,439.2,435.8,437.3,0
1123189200,"2005-08-04 21:00:00",437.3,439.1,437.1,437.1,0
1123448400,"2005-08-07 21:00:00",437.4,437.7,434.2,434.5,0
1123534800,"2005-08-08 21:00:00",434.8,435.6,433,434.8,0
1123621200,"2005-08-09 21:00:00",434.7,437.4,434.7,437.1,0
1123707600,"2005-08-10 21:00:00",437.1,447.2,437,445.4,0
1123794000,"2005-08-11 21:00:00",445.8,449.9,444,446,0
1124053200,"2005-08-14 21:00:00",446,446.2,441.2,442.2,0
1124139600,"2005-08-15 21:00:00",442.25,446.8,440.7,445.75,0
1124226000,"2005-08-16 21:00:00",445.75,446.3,438.4,440.2,0
1124312400,"2005-08-17 21:00:00",440.2,442.5,438.1,439.2,0
1124398800,"2005-08-18 21:00:00",439.2,440.7,436,436.1,0
1124658000,"2005-08-21 21:00:00",438.1,440.5,436.2,437.65,0
1124744400,"2005-08-22 21:00:00",437.65,440.4,437.65,439.2,0
1124830800,"2005-08-23 21:00:00",439.2,440.8,435.9,437.3,0
1124917200,"2005-08-24 21:00:00",437.3,439.8,437.3,438.1,0
1125003600,"2005-08-25 21:00:00",438.1,440.2,436.1,438.1,0
1125262800,"2005-08-28 21:00:00",437.75,440.6,436.6,436.6,0
1125349200,"2005-08-29 21:00:00",436.55,437.28,429.3,431.25,0
1125435600,"2005-08-30 21:00:00",431.25,435.3,430.9,434.85,0
1125522000,"2005-08-31 21:00:00",434.9,445.1,434.3,442.8,0
1125608400,"2005-09-01 21:00:00",442.8,447.3,441.7,443.2,0
1125867600,"2005-09-04 21:00:00",444.3,446.6,444,445,0
1125954000,"2005-09-05 21:00:00",445.1,446.2,442.9,444.5,0
1126040400,"2005-09-06 21:00:00",444.4,446.1,443.45,445,0
1126126800,"2005-09-07 21:00:00",444.8,449.75,444,446.7,0
1126213200,"2005-09-08 21:00:00",446.6,449.6,446.3,449,0
1126472400,"2005-09-11 21:00:00",448.8,451.5,447.6,449.15,0
1126558800,"2005-09-12 21:00:00",449.15,449.7,444.7,446.16,0
1126645200,"2005-09-13 21:00:00",446.11,450.75,446.11,450.75,0
1126731600,"2005-09-14 21:00:00",450.5,455.8,448.9,455.5,0
1126818000,"2005-09-15 21:00:00",455.5,460.2,454.3,459.6,0
1127077200,"2005-09-18 21:00:00",458.7,468.5,458.6,464.2,0
1127163600,"2005-09-19 21:00:00",463.9,470.8,462.85,464.3,0
1127250000,"2005-09-20 21:00:00",464.2,472.5,464.2,472.3,0
1127336400,"2005-09-21 21:00:00",472.1,475.7,463.3,465.8,0
1127422800,"2005-09-22 21:00:00",465.3,467.03,461,463.8,0
1127682000,"2005-09-25 21:00:00",462.85,467.3,459,466.25,0
1127768400,"2005-09-26 21:00:00",466,466.5,458.1,462.9,0
1127854800,"2005-09-27 21:00:00",462.9,470.3,461.6,468.95,0
1127941200,"2005-09-28 21:00:00",469,473.6,468.3,471.8,0
1128027600,"2005-09-29 21:00:00",471.5,474.5,468.1,468.7,0
1128286800,"2005-10-02 21:00:00",469.9,469.9,464.23,465.6,0
1128373200,"2005-10-03 21:00:00",465.5,469.57,464.4,466.1,0
1128459600,"2005-10-04 21:00:00",466.3,466.85,463.2,464.75,0
1128546000,"2005-10-05 21:00:00",464.7,473.7,464.7,473.35,0
1128632400,"2005-10-06 21:00:00",473.5,476.1,470.2,475.5,0
1128891600,"2005-10-09 21:00:00",475.5,478.7,472.6,475.1,0
1128978000,"2005-10-10 21:00:00",475,478.6,474.6,475.55,0
1129064400,"2005-10-11 21:00:00",475.3,480.4,470.6,471.15,0
1129150800,"2005-10-12 21:00:00",471.8,474.05,467.8,471.1,0
1129237200,"2005-10-13 21:00:00",471.1,472,466,469.25,0
1129496400,"2005-10-16 21:00:00",468.87,475.55,468.87,473.6,0
1129582800,"2005-10-17 21:00:00",473.6,474.5,470.6,471.3,0
1129669200,"2005-10-18 21:00:00",471.4,471.55,461.9,464.4,0
1129755600,"2005-10-19 21:00:00",464,465.15,460.1,461.1,0
1129842000,"2005-10-20 21:00:00",461.1,467.5,460.8,466.9,0
1130101200,"2005-10-23 21:00:00",466.62,468.75,463.3,464.7,0
1130187600,"2005-10-24 21:00:00",464.7,473.7,464.47,472.4,0
1130274000,"2005-10-25 21:00:00",472.4,474.53,470.7,470.7,0
1130360400,"2005-10-26 21:00:00",470.8,475.7,470.2,473.3,0
1130446800,"2005-10-27 21:00:00",473.3,474.5,469.6,473,0
1130709600,"2005-10-30 22:00:00",472.6,473.2,465.1,465.6,0
1130796000,"2005-10-31 22:00:00",465.6,466.65,458.1,459.05,0
1130882400,"2005-11-01 22:00:00",458.9,463.8,458.9,462.7,0
1130968800,"2005-11-02 22:00:00",462.9,465.3,459,460.7,0
1131055200,"2005-11-03 22:00:00",460.9,464.45,455.1,456.5,0
1131314400,"2005-11-06 22:00:00",456.3,459.5,456.3,459.2,0
1131400800,"2005-11-07 22:00:00",459.4,462.5,456.85,460.3,0
1131487200,"2005-11-08 22:00:00",460.6,467.8,460.3,467.1,0
1131573600,"2005-11-09 22:00:00",466.3,470,465.4,466.1,0
1131660000,"2005-11-10 22:00:00",466.3,469.15,465.1,469,0
1131919200,"2005-11-13 22:00:00",468.5,470.8,466.9,467.1,0
1132005600,"2005-11-14 22:00:00",467.3,469.85,466.7,468.3,0
1132092000,"2005-11-15 22:00:00",468.45,479.03,468.45,479,0
1132178400,"2005-11-16 22:00:00",478.9,487,478.2,485.8,0
1132264800,"2005-11-17 22:00:00",485.3,488.8,484,485.7,0
1132524000,"2005-11-20 22:00:00",485.35,491.3,484.8,491.2,0
1132610400,"2005-11-21 22:00:00",491,495.4,489.95,494.3,0
1132696800,"2005-11-22 22:00:00",494.3,494.3,487.4,491.75,0
1132783200,"2005-11-23 22:00:00",491.9,494.55,491.9,493.32,0
1132869600,"2005-11-24 22:00:00",493.3,496.9,493.3,495.4,0
1133128800,"2005-11-27 22:00:00",495.4,498.95,493.4,498.3,0
1133215200,"2005-11-28 22:00:00",498.4,505.12,494.6,498.7,0
1133301600,"2005-11-29 22:00:00",498.6,499.7,492.23,492.7,0
1133388000,"2005-11-30 22:00:00",492.8,504.3,490.65,503.8,0
1133474400,"2005-12-01 22:00:00",503.7,506.7,500.4,504.35,0
1133733600,"2005-12-04 22:00:00",503.7,509.7,503.25,509.1,0
1133820000,"2005-12-05 22:00:00",509.2,511.1,504.2,510.7,0
1133906400,"2005-12-06 22:00:00",511.1,516.6,509.2,514.65,0
1133992800,"2005-12-07 22:00:00",514.9,521,512.4,520.45,0
1134079200,"2005-12-08 22:00:00",520.85,530.8,519.9,525.85,0
1134338400,"2005-12-11 22:00:00",525.1,541.3,525.1,527.5,0
1134424800,"2005-12-12 22:00:00",527.4,529.6,518.15,518.2,0
1134511200,"2005-12-13 22:00:00",518.4,518.5,505.4,505.8,0
1134597600,"2005-12-14 22:00:00",505.9,509.4,500.05,502.75,0
1134684000,"2005-12-15 22:00:00",502.6,507.4,493.4,502.6,0
1134943200,"2005-12-18 22:00:00",502.87,509.2,501.1,503.75,0
1135029600,"2005-12-19 22:00:00",503.1,508.4,492.2,492.45,0
1135116000,"2005-12-20 22:00:00",491.7,495.1,489.7,494.95,0
1135202400,"2005-12-21 22:00:00",495.3,504.8,493.4,503.8,0
1135288800,"2005-12-22 22:00:00",504.2,506.3,500,502.6,0
1135548000,"2005-12-25 22:00:00",503.35,505.28,502.6,502.6,0
1135634400,"2005-12-26 22:00:00",502.7,508.5,502.7,507.3,0
1135720800,"2005-12-27 22:00:00",507.6,517.9,507.6,516.3,0
1135807200,"2005-12-28 22:00:00",516.4,517.9,510.8,516.7,0
1135893600,"2005-12-29 22:00:00",516.6,517.8,512.65,514.77,0
1136152800,"2006-01-01 22:00:00",513.05,517.12,513.05,517.12,0
1136239200,"2006-01-02 22:00:00",517.4,534.6,517.4,533.35,0
1136325600,"2006-01-03 22:00:00",533.9,535.67,525.4,534,0
1136412000,"2006-01-04 22:00:00",534.1,534.9,522.65,524.2,0
1136498400,"2006-01-05 22:00:00",524.5,540.1,523.25,538.95,0
1136757600,"2006-01-08 22:00:00",538.75,551.4,535.3,548.5,0
1136844000,"2006-01-09 22:00:00",548.8,549.5,539.6,542.4,0
1136930400,"2006-01-10 22:00:00",542.3,549.5,539.6,547.5,0
1137016800,"2006-01-11 22:00:00",548.3,549.7,542.5,546.53,0
1137103200,"2006-01-12 22:00:00",546.2,557.8,544.65,555.5,0
1137362400,"2006-01-15 22:00:00",555.9,562.2,555.9,561.95,0
1137448800,"2006-01-16 22:00:00",562,564.2,552.15,554.45,0
1137535200,"2006-01-17 22:00:00",554.2,557.3,542.6,542.6,0
1137621600,"2006-01-18 22:00:00",542.5,559,540.1,557.45,0
1137708000,"2006-01-19 22:00:00",556.9,568,552.4,552.7,0
1137967200,"2006-01-22 22:00:00",553.45,560.65,549.2,558.85,0
1138053600,"2006-01-23 22:00:00",558.9,559.9,552.98,558.25,0
1138140000,"2006-01-24 22:00:00",558.3,566.7,557,563,0
1138226400,"2006-01-25 22:00:00",562.9,563.6,554.75,560.1,0
1138312800,"2006-01-26 22:00:00",559.9,564.5,556.05,558.2,0
1138572000,"2006-01-29 22:00:00",559.1,569.4,558.5,567.9,0
1138658400,"2006-01-30 22:00:00",567.8,572.7,565.8,568.5,0
1138744800,"2006-01-31 22:00:00",568.6,571.8,563.5,569,0
1138831200,"2006-02-01 22:00:00",569.1,575.15,568.05,572,0
1138917600,"2006-02-02 22:00:00",572,573.8,565,566.95,0
1139176800,"2006-02-05 22:00:00",567.25,573.9,567.25,569.8,0
1139263200,"2006-02-06 22:00:00",569.52,570.9,546.65,548.8,0
1139349600,"2006-02-07 22:00:00",548.2,552.88,545.22,551.2,0
1139436000,"2006-02-08 22:00:00",550.8,566.85,549.55,563.8,0
1139522400,"2006-02-09 22:00:00",564.2,568.6,546.95,550.7,0
1139781600,"2006-02-12 22:00:00",550.45,551.63,538.7,539.9,0
1139868000,"2006-02-13 22:00:00",540.1,547.6,535.1,547,0
1139954400,"2006-02-14 22:00:00",546.8,547.9,536.05,539.5,0
1140040800,"2006-02-15 22:00:00",539.2,547.9,536.1,547.5,0
1140127200,"2006-02-16 22:00:00",547.5,554.3,544.3,552.05,0
1140386400,"2006-02-19 22:00:00",552.35,556.8,551.7,555.5,0
1140472800,"2006-02-20 22:00:00",555.5,556.33,551.3,553.8,0
1140559200,"2006-02-21 22:00:00",554,555.7,547.8,555.3,0
1140645600,"2006-02-22 22:00:00",555.3,555.9,548.3,548.9,0
1140732000,"2006-02-23 22:00:00",548.5,559.5,547.53,558.55,0
1140991200,"2006-02-26 22:00:00",556.6,559.05,552.8,553.6,0
1141077600,"2006-02-27 22:00:00",553.4,562.4,553.1,561.6,0
1141164000,"2006-02-28 22:00:00",561.2,566.8,559.3,562.6,0
1141250400,"2006-03-01 22:00:00",562.4,570.2,561.9,568.4,0
1141336800,"2006-03-02 22:00:00",569.3,570.75,564.55,565.1,0
1141596000,"2006-03-05 22:00:00",564.95,568.2,551.85,554.7,0
1141682400,"2006-03-06 22:00:00",555.2,558.78,548.3,552.3,0
1141768800,"2006-03-07 22:00:00",552.4,553.85,538.45,543.1,0
1141855200,"2006-03-08 22:00:00",542.8,550.65,539.85,545.7,0
1141941600,"2006-03-09 22:00:00",545.7,546.88,534.2,540.85,0
1142200800,"2006-03-12 22:00:00",540.7,547,540.7,546.1,0
1142287200,"2006-03-13 22:00:00",545.6,552.5,542.6,550.7,0
1142373600,"2006-03-14 22:00:00",550.9,557.25,550.15,552.8,0
1142460000,"2006-03-15 22:00:00",552.6,556.7,547.5,555.2,0
1142546400,"2006-03-16 22:00:00",555.3,557.7,552,553.7,0
1142805600,"2006-03-19 22:00:00",554.05,556.5,550.05,555,3021
1142892000,"2006-03-20 22:00:00",555,555.5,547.05,552.2,4546
1142978400,"2006-03-21 22:00:00",552.2,553.55,546.95,550.9,3847
1143064800,"2006-03-22 22:00:00",550.9,551.45,544.35,549.85,4141
1143151200,"2006-03-23 22:00:00",549.85,561.35,548.95,560.45,3892
1143410400,"2006-03-26 22:00:00",560.45,568.75,558.65,567.3,4057
1143496800,"2006-03-27 22:00:00",567.3,569.65,562.65,563.8,4012
1143583200,"2006-03-28 22:00:00",563.8,574.25,560.25,573.6,3827
1143669600,"2006-03-29 22:00:00",573.6,589.55,571.45,588.45,5192
1143756000,"2006-03-30 22:00:00",588.45,588.8,579.05,583.65,4227
1144011600,"2006-04-02 21:00:00",583.65,591.95,582.25,587.8,3679
1144098000,"2006-04-03 21:00:00",587.8,590.45,584.85,586.8,5925
1144184400,"2006-04-04 21:00:00",586.8,589.85,582.35,588.4,6571
1144270800,"2006-04-05 21:00:00",588.4,597.15,586.95,595.4,6881
1144357200,"2006-04-06 21:00:00",595.4,598.55,585.35,588.85,6920
1144616400,"2006-04-09 21:00:00",588.85,599.8,588.85,599.7,5990
1144702800,"2006-04-10 21:00:00",599.7,604.2,593.05,593.5,7083
1144789200,"2006-04-11 21:00:00",593.5,600.25,593.1,598.35,6074
1144875600,"2006-04-12 21:00:00",598.35,598.75,590.85,596.5,6442
1144962000,"2006-04-13 21:00:00",596.5,599.2,596.5,596.65,116
1145221200,"2006-04-16 21:00:00",598.15,615.8,598.15,613.5,3633
1145307600,"2006-04-17 21:00:00",613.5,622.1,612.65,620.9,5804
1145394000,"2006-04-18 21:00:00",620.9,642.5,620.9,639.9,7012
1145480400,"2006-04-19 21:00:00",639.9,645.75,607.1,612.6,6255
1145566800,"2006-04-20 21:00:00",612.6,634.2,610.75,633.85,3216
1145826000,"2006-04-23 21:00:00",633.85,640.85,618.95,621,4946
1145912400,"2006-04-24 21:00:00",621,635.1,619.5,630.1,3700
1145998800,"2006-04-25 21:00:00",630.1,641.45,628.4,638.75,3840
1146085200,"2006-04-26 21:00:00",638.75,643.75,626.75,633.6,4119
1146171600,"2006-04-27 21:00:00",633.6,655.8,633.6,654.95,4872
1146430800,"2006-04-30 21:00:00",654.55,661.8,651.1,655.15,3626
1146517200,"2006-05-01 21:00:00",655.15,669.6,653.05,668.6,5805
1146603600,"2006-05-02 21:00:00",668.6,677.65,658.35,667.2,5501
1146690000,"2006-05-03 21:00:00",667.2,680.2,661.05,679.3,6024
1146776400,"2006-05-04 21:00:00",679.3,685.3,675.2,683.55,5782
1147035600,"2006-05-07 21:00:00",683.45,686.25,671.65,678.9,5286
1147122000,"2006-05-08 21:00:00",678.9,700.7,678.3,700.6,4930
1147208400,"2006-05-09 21:00:00",700.6,708.9,693.9,708.2,5661
1147294800,"2006-05-10 21:00:00",708.2,726.45,704.25,714.25,5938
1147381200,"2006-05-11 21:00:00",714.25,730.45,708.5,715.05,5584
1147640400,"2006-05-14 21:00:00",715.05,720.35,676.6,677.4,5442
1147726800,"2006-05-15 21:00:00",677.4,693.2,674.7,690.2,5393
1147813200,"2006-05-16 21:00:00",690.2,716.5,685.1,687.15,5937
1147899600,"2006-05-17 21:00:00",687.15,694.9,678.6,682.65,5607
1147986000,"2006-05-18 21:00:00",682.65,689.3,650.9,658.45,5745
1148245200,"2006-05-21 21:00:00",658.65,661.45,636.5,655.85,4008
1148331600,"2006-05-22 21:00:00",655.85,674.7,651.45,666.3,4743
1148418000,"2006-05-23 21:00:00",666.3,670.75,636.1,640.6,5448
1148504400,"2006-05-24 21:00:00",640.6,652.2,638.6,651.25,4187
1148590800,"2006-05-25 21:00:00",651.25,655.55,640.7,653.75,3249
1148850000,"2006-05-28 21:00:00",652.25,654.6,649.95,649.95,1089
1148936400,"2006-05-29 21:00:00",649.95,665.35,648.55,652.75,4163
1149022800,"2006-05-30 21:00:00",652.75,660,638.8,645.1,4304
1149109200,"2006-05-31 21:00:00",645.1,645.8,621,629.3,4290
1149195600,"2006-06-01 21:00:00",629.3,639.2,619.3,638.15,4490
1149454800,"2006-06-04 21:00:00",638.35,645.85,635.35,636.95,5236
1149541200,"2006-06-05 21:00:00",636.95,639.35,625.85,630.75,4206
1149627600,"2006-06-06 21:00:00",630.75,631.45,616.95,626.85,5444
1149714000,"2006-06-07 21:00:00",626.85,627.95,607.95,612.9,6027
1149800400,"2006-06-08 21:00:00",612.9,618,601.45,607.95,5650
1150059600,"2006-06-11 21:00:00",607.95,612.05,602.85,604.6,3656
1150146000,"2006-06-12 21:00:00",604.6,605.45,561.45,562.95,5193
1150232400,"2006-06-13 21:00:00",562.95,571.5,542.25,559.75,4086
1150318800,"2006-06-14 21:00:00",559.75,578.85,554.25,576.25,4322
1150405200,"2006-06-15 21:00:00",576.25,584.8,567.05,581.15,3275
1150664400,"2006-06-18 21:00:00",580.6,580.65,564.35,565.35,4668
1150750800,"2006-06-19 21:00:00",565.35,578.4,561.2,575.85,5434
1150837200,"2006-06-20 21:00:00",575.85,591.25,570.45,587.7,5411
1150923600,"2006-06-21 21:00:00",587.7,595.15,579.4,581,4448
1151010000,"2006-06-22 21:00:00",581,586.65,571.75,583.05,4656
1151269200,"2006-06-25 21:00:00",583.2,587.4,577.45,585.05,5552
1151355600,"2006-06-26 21:00:00",585.05,596.45,579,579,5890
1151442000,"2006-06-27 21:00:00",579,587.05,577.05,580.5,3031
1151528400,"2006-06-28 21:00:00",580.5,600.7,579.4,599.8,3406
1151614800,"2006-06-29 21:00:00",599.8,616.55,597.5,615.85,3465
1151874000,"2006-07-02 21:00:00",614.8,625.05,614.8,623.8,715
1151960400,"2006-07-03 21:00:00",623.8,623.85,617.2,621.85,389
1152046800,"2006-07-04 21:00:00",621.85,630.6,617.45,628.1,3880
1152133200,"2006-07-05 21:00:00",628.1,635.05,622.95,632.95,3886
1152219600,"2006-07-06 21:00:00",632.95,637.7,627.6,629.25,5090
1152478800,"2006-07-09 21:00:00",630.9,632.5,620.6,624.25,4073
1152565200,"2006-07-10 21:00:00",624.25,643.45,621.7,641.15,4055
1152651600,"2006-07-11 21:00:00",641.15,655.5,639.3,651.9,4717
1152738000,"2006-07-12 21:00:00",651.9,660.45,644.8,659.85,5571
1152824400,"2006-07-13 21:00:00",659.85,667.8,659.4,664.15,4212
1153083600,"2006-07-16 21:00:00",665.9,677.15,640.95,643.25,4017
1153170000,"2006-07-17 21:00:00",643.25,654.8,627.7,633.2,4786
1153256400,"2006-07-18 21:00:00",633.2,646.6,618.1,642.9,4264
1153342800,"2006-07-19 21:00:00",642.9,645.7,627.9,629.3,3728
1153429200,"2006-07-20 21:00:00",629.3,637.7,615.75,619.75,4431
1153688400,"2006-07-23 21:00:00",620.3,621.5,602.35,615.1,4437
1153774800,"2006-07-24 21:00:00",615.1,624.2,610.05,619.05,3678
1153861200,"2006-07-25 21:00:00",619.05,627.5,613.15,624.6,3409
1153947600,"2006-07-26 21:00:00",624.6,641.6,622.3,634.4,2952
1154034000,"2006-07-27 21:00:00",634.4,638.75,626.3,634.75,2625
1154293200,"2006-07-30 21:00:00",635.2,639.8,628.95,636.65,2727
1154379600,"2006-07-31 21:00:00",636.65,648.45,630.65,647.2,2963
1154466000,"2006-08-01 21:00:00",647.2,656.3,645.5,651.35,3399
1154552400,"2006-08-02 21:00:00",651.35,653.1,639.1,645.05,3224
1154638800,"2006-08-03 21:00:00",645.05,654.75,643.75,646.45,4565
1154898000,"2006-08-06 21:00:00",645.45,652.15,645.45,648.7,5977
1154984400,"2006-08-07 21:00:00",648.7,649.45,641.4,642.5,5228
1155070800,"2006-08-08 21:00:00",642.5,655.2,635.4,650.1,6716
1155157200,"2006-08-09 21:00:00",650.1,654.1,634.75,636.5,6309
1155243600,"2006-08-10 21:00:00",636.5,645.35,626.35,632.55,5936
1155502800,"2006-08-13 21:00:00",632.55,633.55,624,626.8,8262
1155589200,"2006-08-14 21:00:00",626.8,628.85,620.8,624.9,4981
1155675600,"2006-08-15 21:00:00",624.9,632.8,624,628.9,5810
1155762000,"2006-08-16 21:00:00",628.9,632.3,613.7,614,5499
1155848400,"2006-08-17 21:00:00",614,619.35,607.15,614.85,5037
1156107600,"2006-08-20 21:00:00",613.6,628.7,613.6,627.9,5306
1156194000,"2006-08-21 21:00:00",627.9,629.55,620.7,624.9,5950
1156280400,"2006-08-22 21:00:00",624.9,630.85,621.8,622.1,6723
1156366800,"2006-08-23 21:00:00",622.1,626.65,619.3,622,9424
1156453200,"2006-08-24 21:00:00",622,624.65,618.2,622.65,8011
1156712400,"2006-08-27 21:00:00",622.65,623.95,612.75,614.9,2841
1156798800,"2006-08-28 21:00:00",614.9,618,607.3,615.1,10630
1156885200,"2006-08-29 21:00:00",615.1,621,612.8,618.9,6512
1156971600,"2006-08-30 21:00:00",618.9,627.3,618,627,7748
1157058000,"2006-08-31 21:00:00",627,627.55,619.25,626.15,6354
1157317200,"2006-09-03 21:00:00",626.15,628.1,626.05,626.35,1968
1157403600,"2006-09-04 21:00:00",626.35,640.45,626.35,638.35,9211
1157490000,"2006-09-05 21:00:00",638.35,640.35,631.25,633.75,8188
1157576400,"2006-09-06 21:00:00",633.75,636.35,614.05,616.6,10121
1157662800,"2006-09-07 21:00:00",616.6,619.5,606.5,610.75,10018
1157922000,"2006-09-10 21:00:00",610.35,612.75,583.1,588.75,14533
1158008400,"2006-09-11 21:00:00",588.75,600.05,584.55,587.15,7805
1158094800,"2006-09-12 21:00:00",587.15,593.7,579,589.95,8988
1158181200,"2006-09-13 21:00:00",589.95,595.3,574.8,575.2,8093
1158267600,"2006-09-14 21:00:00",575.2,582.4,570.9,579.55,8201
1158526800,"2006-09-17 21:00:00",579.65,588.3,578.3,587.2,6860
1158613200,"2006-09-18 21:00:00",587.2,589.2,572.55,573.5,7459
1158699600,"2006-09-19 21:00:00",573.5,586.5,572.2,576.7,6432
1158786000,"2006-09-20 21:00:00",576.7,585.4,574.7,584.2,8428
1158872400,"2006-09-21 21:00:00",584.2,592.7,584.2,589.65,4638
1159131600,"2006-09-24 21:00:00",589.65,592,582.3,590.7,6362
1159218000,"2006-09-25 21:00:00",590.7,594,586.1,591.8,7358
1159304400,"2006-09-26 21:00:00",591.8,603.65,589.8,603,10775
1159390800,"2006-09-27 21:00:00",603,607.1,600.4,601.1,6960
1159477200,"2006-09-28 21:00:00",601.1,603.8,594.4,598.25,6459
1159736400,"2006-10-01 21:00:00",598.25,604.15,594.75,596.7,7024
1159822800,"2006-10-02 21:00:00",596.7,598.5,573.8,574.8,11282
1159909200,"2006-10-03 21:00:00",574.8,581.15,559.7,566.9,10236
1159995600,"2006-10-04 21:00:00",566.9,574.85,562.5,574.3,9422
1160082000,"2006-10-05 21:00:00",574.3,574.3,560.75,574.05,7301
1160341200,"2006-10-08 21:00:00",574.05,581.15,571.75,577.2,8793
1160427600,"2006-10-09 21:00:00",577.2,581.75,569.35,572.9,13275
1160514000,"2006-10-10 21:00:00",572.9,579.35,570.35,573.3,13516
1160600400,"2006-10-11 21:00:00",573.3,579.2,571.25,579.1,15132
1160686800,"2006-10-12 21:00:00",579.1,590.55,577.15,590.45,16024
1160946000,"2006-10-15 21:00:00",590.45,596.45,590.15,595.9,13735
1161032400,"2006-10-16 21:00:00",595.9,597.9,586.15,590.3,14999
1161118800,"2006-10-17 21:00:00",590.3,595.35,587.45,590.3,14808
1161205200,"2006-10-18 21:00:00",590.3,600.95,586.35,599.5,13833
1161291600,"2006-10-19 21:00:00",599.5,602.75,591.55,591.55,14295
1161550800,"2006-10-22 21:00:00",591.55,593.85,579.95,582.1,14897
1161637200,"2006-10-23 21:00:00",582.1,586.75,572.95,586.3,16159
1161723600,"2006-10-24 21:00:00",586.3,592,580.05,590.9,14355
1161810000,"2006-10-25 21:00:00",590.9,598.95,590.15,597.2,14213
1161896400,"2006-10-26 21:00:00",597.2,600.35,591.95,600.05,12881
1162159200,"2006-10-29 22:00:00",600.05,611.05,598.55,604.2,15651
1162245600,"2006-10-30 22:00:00",604.2,607.75,598.25,607,15212
1162332000,"2006-10-31 22:00:00",607,619.8,605.9,617.5,17133
1162418400,"2006-11-01 22:00:00",617.5,626.25,614.45,624.5,15256
1162504800,"2006-11-02 22:00:00",624.5,629.35,617.45,627.55,13820
1162764000,"2006-11-05 22:00:00",627.55,630.25,622.65,623.2,13159
1162850400,"2006-11-06 22:00:00",623.2,629.25,622.1,625.1,13777
1162936800,"2006-11-07 22:00:00",625.1,627.05,613.55,615.9,16290
1163023200,"2006-11-08 22:00:00",615.9,635.95,615.35,633.4,17080
1163109600,"2006-11-09 22:00:00",633.4,636.9,625.35,628.55,17684
1163368800,"2006-11-12 22:00:00",628.55,632.9,613.95,625.6,14566
1163455200,"2006-11-13 22:00:00",625.6,629.55,619,621.1,16175
1163541600,"2006-11-14 22:00:00",621.1,624.95,615.65,622.75,16414
1163628000,"2006-11-15 22:00:00",622.75,628.55,618.1,618.4,15473
1163714400,"2006-11-16 22:00:00",618.4,622.55,614.55,621.95,13656
1163973600,"2006-11-19 22:00:00",621.95,627.25,620.45,622.7,11960
1164060000,"2006-11-20 22:00:00",622.7,629.15,622.4,627.4,12390
1164146400,"2006-11-21 22:00:00",627.4,634.95,626.15,630.1,11206
1164232800,"2006-11-22 22:00:00",630.1,632.25,628.55,631,2093
1164319200,"2006-11-23 22:00:00",631,640.15,630.7,637.95,7804
1164578400,"2006-11-26 22:00:00",638.95,642.1,636.95,640.5,12043
1164664800,"2006-11-27 22:00:00",640.5,642.1,633.05,640,12737
1164751200,"2006-11-28 22:00:00",640,641.25,634.75,636.4,13285
1164837600,"2006-11-29 22:00:00",636.4,648.95,636.4,648,14840
1164924000,"2006-11-30 22:00:00",648,650.15,643.95,645.55,14560
1165183200,"2006-12-03 22:00:00",645.55,648.45,640.85,646.1,12425
1165269600,"2006-12-04 22:00:00",646.1,649.1,638.95,642.9,17460
1165356000,"2006-12-05 22:00:00",642.9,643,628.55,630.6,17526
1165442400,"2006-12-06 22:00:00",630.6,634,624.8,633.2,17039
1165528800,"2006-12-07 22:00:00",633.2,638.25,623.4,624.45,11845
1165788000,"2006-12-10 22:00:00",624.65,631.85,623.65,630.5,13179
1165874400,"2006-12-11 22:00:00",630.5,631.4,627,630.1,12690
1165960800,"2006-12-12 22:00:00",630.1,630.75,623.75,628.4,12051
1166047200,"2006-12-13 22:00:00",628.4,629.7,625.25,625.8,13036
1166133600,"2006-12-14 22:00:00",625.8,629.35,614.75,615.35,11387
1166392800,"2006-12-17 22:00:00",615.35,618.55,611.85,616.15,8780
1166479200,"2006-12-18 22:00:00",616.15,622.95,615.05,622.75,9130
1166565600,"2006-12-19 22:00:00",622.75,624.55,618.75,620.55,11773
1166652000,"2006-12-20 22:00:00",620.55,622.55,617.95,618.4,10196
1166738400,"2006-12-21 22:00:00",618.4,622.05,618.4,621.05,8132
1166997600,"2006-12-24 22:00:00",621.05,621.05,620.65,620.65,3
1167084000,"2006-12-25 22:00:00",620.65,629.7,620.65,624.95,3475
1167170400,"2006-12-26 22:00:00",624.95,629.4,624.2,627.15,7654
1167256800,"2006-12-27 22:00:00",627.15,636,626.75,634.85,7818
1167343200,"2006-12-28 22:00:00",634.85,636.85,632,636.65,6809
1167688800,"2007-01-01 22:00:00",636.65,641.25,636.55,640.15,4793
1167775200,"2007-01-02 22:00:00",640.15,645.25,625.45,627.6,10554
1167861600,"2007-01-03 22:00:00",627.6,630.95,620.85,621.7,10229
1167948000,"2007-01-04 22:00:00",621.7,626.4,602.35,607.35,10883
1168207200,"2007-01-07 22:00:00",607.35,611.15,604.15,610.2,8133
1168293600,"2007-01-08 22:00:00",610.2,615.75,606.2,613.6,9668
1168380000,"2007-01-09 22:00:00",613.6,614.5,605.95,611.2,11358
1168466400,"2007-01-10 22:00:00",611.2,616.15,609.15,611.45,8893
1168552800,"2007-01-11 22:00:00",611.45,627.75,609.95,627.05,9132
1168812000,"2007-01-14 22:00:00",627.05,628.2,625.1,626.4,4376
1168898400,"2007-01-15 22:00:00",626.4,628.15,623.15,624.6,9793
1168984800,"2007-01-16 22:00:00",624.6,633.9,620.25,632.05,10631
1169071200,"2007-01-17 22:00:00",632.05,636.6,627.05,627.25,10411
1169157600,"2007-01-18 22:00:00",627.25,636.4,626.8,635.25,9403
1169416800,"2007-01-21 22:00:00",635.35,639.95,632.35,633.15,8282
1169503200,"2007-01-22 22:00:00",633.15,647.85,633.1,646.6,8741
1169589600,"2007-01-23 22:00:00",646.6,648.95,639.05,648.6,9996
1169676000,"2007-01-24 22:00:00",648.6,654.8,645.65,646.2,11714
1169762400,"2007-01-25 22:00:00",646.2,648.1,641.1,646.05,10252
1170021600,"2007-01-28 22:00:00",646.05,648.05,641.2,643.85,8590
1170108000,"2007-01-29 22:00:00",643.85,647.55,640.9,647.1,8290
1170194400,"2007-01-30 22:00:00",647.1,654.75,642.3,652.8,9337
1170280800,"2007-01-31 22:00:00",652.8,661.4,652,657.3,9344
1170367200,"2007-02-01 22:00:00",657.3,659.8,643.45,647.75,9090
1170626400,"2007-02-04 22:00:00",647.85,652.4,646.3,648.55,7521
1170712800,"2007-02-05 22:00:00",648.55,658.5,648.05,653.45,9057
1170799200,"2007-02-06 22:00:00",653.45,656.9,650.55,651.55,8710
1170885600,"2007-02-07 22:00:00",651.55,661.45,648,660.35,10321
1170972000,"2007-02-08 22:00:00",660.35,669,657.2,666.85,9922
1171231200,"2007-02-11 22:00:00",666.85,668.55,659.9,661.15,10625
1171317600,"2007-02-12 22:00:00",661.15,669.3,660.75,664.25,9446
1171404000,"2007-02-13 22:00:00",664.25,672,663.75,669.15,9893
1171490400,"2007-02-14 22:00:00",669.15,670.8,662.8,669.45,9770
1171576800,"2007-02-15 22:00:00",669.45,669.95,662.9,669.15,9661
1171836000,"2007-02-18 22:00:00",669.15,673.45,669.05,670.7,3865
1171922400,"2007-02-19 22:00:00",670.7,672.05,656,657.3,8779
1172008800,"2007-02-20 22:00:00",657.3,682.7,657.1,678.85,13337
1172095200,"2007-02-21 22:00:00",678.85,681.2,675.6,677.35,14038
1172181600,"2007-02-22 22:00:00",677.35,688.05,672.95,682.65,17185
1172440800,"2007-02-25 22:00:00",682.65,688.35,681.1,686.35,14352
1172527200,"2007-02-26 22:00:00",686.35,688.8,658.13,663.4,24197
1172613600,"2007-02-27 22:00:00",663.4,677.6,661.5,669.3,22742
1172700000,"2007-02-28 22:00:00",669.3,677.35,662.05,664.4,21037
1172786400,"2007-03-01 22:00:00",664.4,665.9,639.95,642.35,20018
1173045600,"2007-03-04 22:00:00",642.45,645.05,633.55,636.55,22049
1173132000,"2007-03-05 22:00:00",636.55,648.05,632.8,646.55,19181
1173218400,"2007-03-06 22:00:00",646.55,651.85,643,649,14059
1173304800,"2007-03-07 22:00:00",649,655.8,647.7,651.85,16901
1173391200,"2007-03-08 22:00:00",651.85,658.25,647.7,649.4,12679
1173646800,"2007-03-11 21:00:00",649.4,654.25,645.8,650.55,12952
1173733200,"2007-03-12 21:00:00",650.55,652.65,641.93,643.75,13402
1173819600,"2007-03-13 21:00:00",643.75,646.05,636.95,644.4,16502
1173906000,"2007-03-14 21:00:00",644.4,650.3,643.6,646.45,6742
1173992400,"2007-03-15 21:00:00",646.45,655.4,646.2,653.4,13726
1174251600,"2007-03-18 21:00:00",653.4,656.4,652.1,654,9959
1174338000,"2007-03-19 21:00:00",654,661.2,652.8,658.5,11812
1174424400,"2007-03-20 21:00:00",658.5,664.2,657.15,664.1,11442
1174510800,"2007-03-21 21:00:00",664.1,666.8,661.95,663.75,11503
1174597200,"2007-03-22 21:00:00",663.75,664.75,655.45,657.4,11807
1174856400,"2007-03-25 21:00:00",657.4,665.08,657.2,663.9,10364
1174942800,"2007-03-26 21:00:00",663.9,665.75,661.65,664.8,11025
1175029200,"2007-03-27 21:00:00",664.8,669.45,663.7,665.65,11635
1175115600,"2007-03-28 21:00:00",665.65,666.2,655.75,661.75,12013
1175202000,"2007-03-29 21:00:00",661.75,667.9,660.9,663.85,11388
1175461200,"2007-04-01 21:00:00",663.85,666.35,656.6,663.9,10180
1175547600,"2007-04-02 21:00:00",663.9,667.78,662.05,664.15,15031
1175634000,"2007-04-03 21:00:00",664.15,675.6,663.65,673.9,13299
1175720400,"2007-04-04 21:00:00",673.9,675.6,671.8,674.65,10789
1175806800,"2007-04-05 21:00:00",674.65,674.9,673.1,673.2,706
1176066000,"2007-04-08 21:00:00",673.9,677.95,665.41,671.35,7291
1176152400,"2007-04-09 21:00:00",671.35,681.6,671.25,677.85,11862
1176238800,"2007-04-10 21:00:00",677.85,680.75,674.68,677.25,12645
1176325200,"2007-04-11 21:00:00",677.25,679.9,671.8,675.9,13940
1176411600,"2007-04-12 21:00:00",675.9,685.8,675.6,685.1,8562
1176670800,"2007-04-15 21:00:00",685.1,691.2,683.15,690.2,13553
1176757200,"2007-04-16 21:00:00",690.2,691.2,686.3,686.65,14920
1176843600,"2007-04-17 21:00:00",686.65,690.9,686,689.95,14183
1176930000,"2007-04-18 21:00:00",689.95,691.75,679.68,682.8,16566
1177016400,"2007-04-19 21:00:00",682.8,693.8,682.6,691.75,11059
1177275600,"2007-04-22 21:00:00",691.75,693.95,687.14,689.1,12785
1177362000,"2007-04-23 21:00:00",689.1,692.05,681.2,684.05,16940
1177448400,"2007-04-24 21:00:00",684.05,686.85,682.35,686,14311
1177534800,"2007-04-25 21:00:00",686,686.87,671.7,674.8,15936
1177621200,"2007-04-26 21:00:00",674.8,682.05,670.9,681.55,16233
1177880400,"2007-04-29 21:00:00",680.95,681.8,676.08,678.55,6385
1177966800,"2007-04-30 21:00:00",678.55,679.4,672,673.55,6686
1178053200,"2007-05-01 21:00:00",673.55,675.2,667.76,673.05,13357
1178139600,"2007-05-02 21:00:00",673.05,682.55,672.25,681.95,12521
1178226000,"2007-05-03 21:00:00",681.95,690.75,680.35,688.8,12713
1178485200,"2007-05-06 21:00:00",688.8,690.95,686.65,688.8,6481
1178571600,"2007-05-07 21:00:00",688.8,689.05,682.25,685.65,12764
1178658000,"2007-05-08 21:00:00",685.65,686.75,676,680.6,11527
1178744400,"2007-05-09 21:00:00",680.6,681.4,664.53,666.05,13595
1178830800,"2007-05-10 21:00:00",666.05,672.98,664.8,671.05,14210
1179090000,"2007-05-13 21:00:00",671.05,675.32,666.38,669.75,11933
1179176400,"2007-05-14 21:00:00",669.75,673.6,665.2,672.15,12681
1179262800,"2007-05-15 21:00:00",672.15,673.5,660,661.95,13076
1179349200,"2007-05-16 21:00:00",661.95,664.7,653.85,657.65,11870
1179435600,"2007-05-17 21:00:00",657.65,663.13,655.95,661.7,11564
1179694800,"2007-05-20 21:00:00",661.7,664.18,657.15,663.12,13047
1179781200,"2007-05-21 21:00:00",663.12,665.44,658.35,659.2,11367
1179867600,"2007-05-22 21:00:00",659.2,664.85,657.65,661.7,11993
1179954000,"2007-05-23 21:00:00",661.7,662.9,652,654.55,12413
1180040400,"2007-05-24 21:00:00",654.55,656.98,653.55,656.05,10610
1180299600,"2007-05-27 21:00:00",656.05,656.65,655.15,655.5,3111
1180386000,"2007-05-28 21:00:00",655.5,662.1,654.92,656.8,9508
1180472400,"2007-05-29 21:00:00",656.8,658.85,652.25,653.4,11246
1180558800,"2007-05-30 21:00:00",653.4,661.9,652.98,660.55,10741
1180645200,"2007-05-31 21:00:00",660.55,671.75,660.55,671.55,12132
1180904400,"2007-06-03 21:00:00",671.65,674.1,668.75,671.15,12132
1180990800,"2007-06-04 21:00:00",671.15,673.77,669.2,670,11869
1181077200,"2007-06-05 21:00:00",670,672.3,665.4,670.73,12583
1181163600,"2007-06-06 21:00:00",670.73,673.13,658.4,659.2,11891
1181250000,"2007-06-07 21:00:00",659.2,661.55,644.25,648.7,14920
1181509200,"2007-06-10 21:00:00",648.7,655.2,648.7,653.65,10008
1181595600,"2007-06-11 21:00:00",653.65,654.85,645.95,647.21,11411
1181682000,"2007-06-12 21:00:00",647.21,652.65,643.35,651.4,13630
1181768400,"2007-06-13 21:00:00",651.4,654.22,646,651.77,11258
1181854800,"2007-06-14 21:00:00",651.77,655.85,650.2,655.3,10045
1182114000,"2007-06-17 21:00:00",655.3,659.45,654.9,656.15,9119
1182200400,"2007-06-18 21:00:00",656.15,662,654,661.45,11886
1182286800,"2007-06-19 21:00:00",661.45,662,652.75,654.5,13066
1182373200,"2007-06-20 21:00:00",654.5,656.7,648.15,651.95,11808
1182459600,"2007-06-21 21:00:00",651.95,656.43,650.85,654.2,12608
1182718800,"2007-06-24 21:00:00",654.2,654.65,649.15,650.95,10909
1182805200,"2007-06-25 21:00:00",650.95,651.9,640.75,641.45,12266
1182891600,"2007-06-26 21:00:00",641.45,644.92,639.23,643.62,14495
1182978000,"2007-06-27 21:00:00",643.62,649.96,643.1,648.82,11123
1183064400,"2007-06-28 21:00:00",648.82,652.5,646.52,649.65,10005
1183323600,"2007-07-01 21:00:00",649.6,658.85,648.85,657.07,10819
1183410000,"2007-07-02 21:00:00",657.07,658.27,652.13,653.23,9207
1183496400,"2007-07-03 21:00:00",653.23,655.13,653.03,654.48,3723
1183582800,"2007-07-04 21:00:00",654.48,656.75,646.09,649.6,10614
1183669200,"2007-07-05 21:00:00",649.6,656.2,645.35,655.85,11315
1183928400,"2007-07-08 21:00:00",655.85,663.4,653.85,660.43,11203
1184014800,"2007-07-09 21:00:00",660.43,665,658.88,663.09,11942
1184101200,"2007-07-10 21:00:00",663.09,666.2,660,660.75,10639
1184187600,"2007-07-11 21:00:00",660.75,669.25,660.5,666.8,10836
1184274000,"2007-07-12 21:00:00",666.8,669.04,663.74,666.92,10475
1184533200,"2007-07-15 21:00:00",666.85,668.9,663.8,665,8895
1184619600,"2007-07-16 21:00:00",665,667.55,662.88,664.95,9124
1184706000,"2007-07-17 21:00:00",664.95,674.33,664.65,673.1,11155
1184792400,"2007-07-18 21:00:00",673.1,677.89,671.5,677.49,10336
1184878800,"2007-07-19 21:00:00",677.49,686.97,675.39,683.35,10731
1185138000,"2007-07-22 21:00:00",683.35,685.05,680.3,681.7,10220
1185224400,"2007-07-23 21:00:00",681.7,687.76,680.95,681.05,10988
1185310800,"2007-07-24 21:00:00",681.05,682.5,670.62,675.32,13374
1185397200,"2007-07-25 21:00:00",675.32,676.92,658.95,662.93,14590
1185483600,"2007-07-26 21:00:00",662.93,667.2,657,661.15,13764
1185742800,"2007-07-29 21:00:00",661.15,665.85,660.1,664.85,8535
1185829200,"2007-07-30 21:00:00",664.85,669.08,663.65,664.3,9650
1185915600,"2007-07-31 21:00:00",664.3,667.3,659.35,666.98,10873
1186002000,"2007-08-01 21:00:00",666.98,667.73,662.9,665.7,9546
1186088400,"2007-08-02 21:00:00",665.7,675.6,665.15,673,9979
1186347600,"2007-08-05 21:00:00",673,675.75,669.22,671.92,9259
1186434000,"2007-08-06 21:00:00",671.92,672.72,666.2,672.45,11989
1186520400,"2007-08-07 21:00:00",672.45,676.92,669.9,675,10004
1186606800,"2007-08-08 21:00:00",675,675.15,659.47,662.02,13820
1186693200,"2007-08-09 21:00:00",662.02,676.36,658.27,672.87,13119
1186952400,"2007-08-12 21:00:00",672.87,672.92,668.62,669.47,10352
1187038800,"2007-08-13 21:00:00",669.47,671.77,665.77,669.22,12871
1187125200,"2007-08-14 21:00:00",669.22,670.98,662.37,667.67,13356
1187211600,"2007-08-15 21:00:00",667.67,668.02,642.12,652.53,16101
1187298000,"2007-08-16 21:00:00",652.53,664.16,645.78,657.75,16491
1187557200,"2007-08-19 21:00:00",657.75,660.95,653.55,657.95,14379
1187643600,"2007-08-20 21:00:00",657.95,660.3,654.45,657.45,13868
1187730000,"2007-08-21 21:00:00",657.45,661.89,654.81,660.74,11561
1187816400,"2007-08-22 21:00:00",660.74,664.99,658.74,660.35,12665
1187902800,"2007-08-23 21:00:00",660.35,669.1,657.56,668.2,12160
1188162000,"2007-08-26 21:00:00",668.2,668.65,665.8,667.75,8438
1188248400,"2007-08-27 21:00:00",667.75,668.5,662.4,663.4,8247
1188334800,"2007-08-28 21:00:00",663.4,669.38,661.45,667.52,7893
1188421200,"2007-08-29 21:00:00",667.52,668.1,663.6,665.3,10146
1188507600,"2007-08-30 21:00:00",665.3,675.03,664.8,673.24,10802
1188766800,"2007-09-02 21:00:00",673.24,673.79,671.59,672.5,3210
1188853200,"2007-09-03 21:00:00",672.5,683.6,671.6,681.97,10526
1188939600,"2007-09-04 21:00:00",681.97,683.16,678.46,682.11,10732
1189026000,"2007-09-05 21:00:00",682.11,697.9,680.95,695.5,12006
1189112400,"2007-09-06 21:00:00",695.5,707.05,692.3,700.65,13630
1189371600,"2007-09-09 21:00:00",700.65,707.19,699.4,703.175,10022
1189458000,"2007-09-10 21:00:00",703.175,714.6,702.525,712.55,11052
1189544400,"2007-09-11 21:00:00",712.55,714.4,705.83,711.73,13414
1189630800,"2007-09-12 21:00:00",711.73,712.48,703.55,708.4,11614
1189717200,"2007-09-13 21:00:00",708.4,717.4,704.12,707.55,13157
1189976400,"2007-09-16 21:00:00",707.55,720.2,706.6,717.77,13377
1190062800,"2007-09-17 21:00:00",717.77,727.3,711.93,723.6,14147
1190149200,"2007-09-18 21:00:00",723.6,726.55,719.85,721.5,13850
1190235600,"2007-09-19 21:00:00",721.5,738.63,721.15,733.9,15601
1190322000,"2007-09-20 21:00:00",733.9,739.55,726.8,731.55,14060
1190581200,"2007-09-23 21:00:00",731.55,736.45,726.08,730.27,12879
1190667600,"2007-09-24 21:00:00",730.27,733.86,722.3,731.7,11939
1190754000,"2007-09-25 21:00:00",731.7,736.95,726.42,729.07,13278
1190840400,"2007-09-26 21:00:00",729.07,736.05,727.15,734.5,13457
1190926800,"2007-09-27 21:00:00",734.5,746.05,733.55,743.65,17826
1191186000,"2007-09-30 21:00:00",743.65,748.05,741.35,747.3,13541
1191272400,"2007-10-01 21:00:00",747.3,747.45,724.75,731.85,20092
1191358800,"2007-10-02 21:00:00",731.85,736.3,726.48,727.85,16873
1191445200,"2007-10-03 21:00:00",727.85,738.7,720.92,737.95,18086
1191531600,"2007-10-04 21:00:00",737.95,744.6,727.15,742.6,15245
1191790800,"2007-10-07 21:00:00",741.9,742.85,731.37,733.35,11994
1191877200,"2007-10-08 21:00:00",733.35,740.77,726.77,738.2,17172
1191963600,"2007-10-09 21:00:00",738.2,746.2,737.7,741.1,14357
1192050000,"2007-10-10 21:00:00",741.1,754.01,740.7,747.96,16667
1192136400,"2007-10-11 21:00:00",747.96,752.55,745.16,750.5,16766
1192395600,"2007-10-14 21:00:00",750.1,760.3,747.55,759.3,14823
1192482000,"2007-10-15 21:00:00",759.3,767.15,753.84,760.59,21448
1192568400,"2007-10-16 21:00:00",760.59,765,751.87,755.45,22529
1192654800,"2007-10-17 21:00:00",755.45,769.2,754.9,768.45,19011
1192741200,"2007-10-18 21:00:00",768.45,771.63,758.4,765.3,18999
1193000400,"2007-10-21 21:00:00",765.65,769.1,745.12,754.3,24549
1193086800,"2007-10-22 21:00:00",754.3,761.26,752.85,759.74,12499
1193173200,"2007-10-23 21:00:00",759.74,764.49,754.09,763.99,16902
1193259600,"2007-10-24 21:00:00",763.99,769.75,761.8,769.25,16500
1193346000,"2007-10-25 21:00:00",769.25,786.1,768.35,785.15,18856
1193605200,"2007-10-28 21:00:00",786.6,794.55,784.95,791.78,21989
1193691600,"2007-10-29 21:00:00",791.78,792.3,779.3,781.9,17942
1193778000,"2007-10-30 21:00:00",781.9,797.3,777,796.8,22373
1193864400,"2007-10-31 21:00:00",796.8,799.4,784.05,787.3,25193
1193950800,"2007-11-01 21:00:00",787.3,808.3,787.15,807,22753
1194213600,"2007-11-04 22:00:00",807,811.75,801,806.26,20277
1194300000,"2007-11-05 22:00:00",806.26,825.25,806.21,824.95,23994
1194386400,"2007-11-06 22:00:00",824.95,845.955,822.6,831.05,36849
1194472800,"2007-11-07 22:00:00",831.05,845.65,823.25,833.35,32082
1194559200,"2007-11-08 22:00:00",833.35,838.6,826.92,831.8,27486
1194818400,"2007-11-11 22:00:00",832.5,832.5,791.55,793.2,27603
1194904800,"2007-11-12 22:00:00",793.2,809.14,790.2,802,18579
1194991200,"2007-11-13 22:00:00",802,816.22,799.25,811.93,16413
1195077600,"2007-11-14 22:00:00",811.93,818.2,782.8,788.3,18036
1195164000,"2007-11-15 22:00:00",788.3,797.85,784.05,786.45,27221
1195423200,"2007-11-18 22:00:00",786.45,794.05,775.25,782.05,23101
1195509600,"2007-11-19 22:00:00",782.05,805.85,772.8,802.77,20568
1195596000,"2007-11-20 22:00:00",802.77,807.45,794.91,800.62,26286
1195682400,"2007-11-21 22:00:00",800.62,805.5,798.74,804.34,8697
1195768800,"2007-11-22 22:00:00",804.34,825.65,803.11,823.48,14112
1196028000,"2007-11-25 22:00:00",823.48,836.94,821.47,824.45,16330
1196114400,"2007-11-26 22:00:00",824.45,829.14,808.02,812.77,22595
1196200800,"2007-11-27 22:00:00",812.77,815.86,791.67,804.3,18636
1196287200,"2007-11-28 22:00:00",804.3,808.1,792.67,793.47,21251
1196373600,"2007-11-29 22:00:00",793.47,799.8,779.35,782.25,22045
1196632800,"2007-12-02 22:00:00",782.25,794.5,777,794.45,16588
1196719200,"2007-12-03 22:00:00",794.45,805.5,786.7,801.75,16527
1196805600,"2007-12-04 22:00:00",801.75,807.1,791.45,795.55,23052
1196892000,"2007-12-05 22:00:00",795.55,805.7,785.23,802.65,26530
1196978400,"2007-12-06 22:00:00",802.65,805.04,791.57,794.91,15522
1197237600,"2007-12-09 22:00:00",794.91,812.09,794.27,808.21,19721
1197324000,"2007-12-10 22:00:00",808.21,813.55,796.27,797.07,19903
1197410400,"2007-12-11 22:00:00",797.07,817.24,796.48,813.52,22084
1197496800,"2007-12-12 22:00:00",813.52,813.72,792.93,797.69,22680
1197583200,"2007-12-13 22:00:00",797.69,803.51,787.91,794.61,20327
1197842400,"2007-12-16 22:00:00",794.61,799.01,785.42,793.22,17185
1197928800,"2007-12-17 22:00:00",793.22,806.32,790.55,802.62,19426
1198015200,"2007-12-18 22:00:00",802.62,804.67,797.92,802.58,15740
1198101600,"2007-12-19 22:00:00",802.58,803.47,793.55,796.5,15051
1198188000,"2007-12-20 22:00:00",796.5,812.34,795.81,811.67,15638
1198447200,"2007-12-23 22:00:00",811.67,815.6,808.5,811.87,8451
1198533600,"2007-12-24 22:00:00",811.87,812.09,805.47,807.6,82
1198620000,"2007-12-25 22:00:00",807.6,826.08,806.1,824.42,12318
1198706400,"2007-12-26 22:00:00",824.42,831.455,821.72,825.74,14800
1198792800,"2007-12-27 22:00:00",825.74,840.65,825.14,840.48,18187
1199052000,"2007-12-30 22:00:00",840.58,843.11,830.06,833.56,11124
1199138400,"2007-12-31 22:00:00",833.56,833.8,833.56,833.8,30
1199224800,"2008-01-01 22:00:00",833.8,861.46,833.8,857.31,18440
1199311200,"2008-01-02 22:00:00",857.31,868.98,853.59,865.01,15927
1199397600,"2008-01-03 22:00:00",865.01,868.84,854.61,859.7,18230
1199656800,"2008-01-06 22:00:00",858.97,865.06,855.33,858.19,19700
1199743200,"2008-01-07 22:00:00",858.19,881.11,857.25,877.92,20699
1199829600,"2008-01-08 22:00:00",877.92,891.49,872.08,878.86,27931
1199916000,"2008-01-09 22:00:00",878.86,895.01,866.46,893.28,24957
1200002400,"2008-01-10 22:00:00",893.28,898.11,887.75,895.45,24375
1200261600,"2008-01-13 22:00:00",895.45,914.43,891.71,904.16,27101
1200348000,"2008-01-14 22:00:00",904.16,914.035,887.82,888.29,20112
1200434400,"2008-01-15 22:00:00",888.29,899.93,875.21,877.38,27006
1200520800,"2008-01-16 22:00:00",877.38,890.25,875.37,877.91,22030
1200607200,"2008-01-17 22:00:00",877.91,888.55,870.48,883.07,21585
1200866400,"2008-01-20 22:00:00",883.07,883.1,861.03,864.82,13966
1200952800,"2008-01-21 22:00:00",864.82,894.38,849.56,892.34,22846
1201039200,"2008-01-22 22:00:00",892.34,895.84,876.55,890.49,22511
1201125600,"2008-01-23 22:00:00",890.49,913.455,889.28,912.8,22549
1201212000,"2008-01-24 22:00:00",912.8,923.935,906.05,913.9,20799
1201471200,"2008-01-27 22:00:00",913.9,929.505,911,928.92,17477
1201557600,"2008-01-28 22:00:00",928.92,933.4,919.89,923.65,18787
1201644000,"2008-01-29 22:00:00",923.65,936.55,916.03,929.85,18236
1201730400,"2008-01-30 22:00:00",929.85,930.4,918.45,926.23,20491
1201816800,"2008-01-31 22:00:00",926.23,937.08,903.4,905.25,17876
1202076000,"2008-02-03 22:00:00",905.25,912.93,892.32,903.45,18463
1202162400,"2008-02-04 22:00:00",903.45,907.15,884.4,888.25,18828
1202248800,"2008-02-05 22:00:00",888.25,907.65,886.25,900.2,20966
1202335200,"2008-02-06 22:00:00",900.2,911.35,896.4,910.7,22467
1202421600,"2008-02-07 22:00:00",910.7,922.56,907.5,922.1,19942
1202680800,"2008-02-10 22:00:00",922.1,927.43,916.11,923.36,19740
1202767200,"2008-02-11 22:00:00",923.36,924.88,902.95,906.65,20273
1202853600,"2008-02-12 22:00:00",906.65,910.9,896.25,906.5,21434
1202940000,"2008-02-13 22:00:00",906.5,914.13,901.78,908.35,21343
1203026400,"2008-02-14 22:00:00",908.35,915.69,897.95,902.55,20891
1203285600,"2008-02-17 22:00:00",902.55,907.95,900.4,905.18,9528
1203372000,"2008-02-18 22:00:00",905.18,930.79,905.13,927.81,23018
1203458400,"2008-02-19 22:00:00",927.81,945.98,913.555,944.4,26840
1203544800,"2008-02-20 22:00:00",944.4,954.1,937.85,945.75,26057
1203631200,"2008-02-21 22:00:00",945.75,950.195,935.85,945.2,26844
1203890400,"2008-02-24 22:00:00",945.2,952.3,933.505,939.45,21838
1203976800,"2008-02-25 22:00:00",939.45,950.43,926.625,948.08,23003
1204063200,"2008-02-26 22:00:00",948.08,965.25,947.88,957.95,26486
1204149600,"2008-02-27 22:00:00",957.95,972.65,953.5,970.95,22363
1204236000,"2008-02-28 22:00:00",970.95,976.15,964.6,973.45,26147
1204495200,"2008-03-02 22:00:00",973.85,989.72,973.6,983.67,25404
1204581600,"2008-03-03 22:00:00",983.67,988.27,956.7,963.85,29056
1204668000,"2008-03-04 22:00:00",963.85,992.95,959.15,989.75,24964
1204754400,"2008-03-05 22:00:00",989.75,992.55,965.3,979.05,24923
1204840800,"2008-03-06 22:00:00",979.05,988.97,969.92,973.02,30473
1205096400,"2008-03-09 21:00:00",973.02,980.97,961.1,973.03,27933
1205182800,"2008-03-10 21:00:00",973.03,986.11,964.7,973.37,25296
1205269200,"2008-03-11 21:00:00",973.37,983.455,968.2,983.055,24969
1205355600,"2008-03-12 21:00:00",983.055,1000,981.45,995,29379
1205442000,"2008-03-13 21:00:00",995,1007.585,990.7,1003.08,22528
1205701200,"2008-03-16 21:00:00",1004.15,1032.85,994.4,1002.3,32202
1205787600,"2008-03-17 21:00:00",1002.3,1012.65,976.3,981.3,28704
1205874000,"2008-03-18 21:00:00",981.3,997.455,937.8,945.15,40382
1205960400,"2008-03-19 21:00:00",945.15,945.85,904.75,910.25,40094
1206046800,"2008-03-20 21:00:00",910.25,920.3,909.95,918,185
1206306000,"2008-03-23 21:00:00",918,927.35,906.45,915.5,28297
1206392400,"2008-03-24 21:00:00",915.5,939.15,912.1,938.95,28240
1206478800,"2008-03-25 21:00:00",938.95,954.79,934.63,954.29,23248
1206565200,"2008-03-26 21:00:00",954.29,955.04,940.51,947.65,25775
1206651600,"2008-03-27 21:00:00",947.65,951.33,923.25,931.4,20692
1206910800,"2008-03-30 21:00:00",931.4,941.03,912.45,916.29,24521
1206997200,"2008-03-31 21:00:00",916.29,921.29,872.255,882.5,28536
1207083600,"2008-04-01 21:00:00",882.5,906.65,881.3,904.45,30476
1207170000,"2008-04-02 21:00:00",904.45,909.15,888.05,903,25707
1207256400,"2008-04-03 21:00:00",903,915,899.45,914,25723
1207515600,"2008-04-06 21:00:00",914,929.5,910.8,920,24662
1207602000,"2008-04-07 21:00:00",920,926,907.85,914.85,24947
1207688400,"2008-04-08 21:00:00",914.85,935.9,903.17,934.2,28051
1207774800,"2008-04-09 21:00:00",934.2,940,922.3,928.95,22465
1207861200,"2008-04-10 21:00:00",928.95,932.45,917.6,925.3,23440
1208120400,"2008-04-13 21:00:00",925.3,932.15,914.3,924.2,27244
1208206800,"2008-04-14 21:00:00",924.2,936.75,923.15,928.1,23041
1208293200,"2008-04-15 21:00:00",928.1,949.34,924.4,944.79,20821
1208379600,"2008-04-16 21:00:00",944.79,953.19,937.45,938.85,24350
1208466000,"2008-04-17 21:00:00",938.85,946.85,904.9,916.7,28191
1208725200,"2008-04-20 21:00:00",916.7,928.95,911.2,916.9,27190
1208811600,"2008-04-21 21:00:00",916.9,925.67,911.8,915.97,27061
1208898000,"2008-04-22 21:00:00",915.97,923.12,896.94,904.28,28191
1208984400,"2008-04-23 21:00:00",904.28,907.15,883.36,886.31,23207
1209070800,"2008-04-24 21:00:00",886.31,896.65,877.95,886.3,26908
1209330000,"2008-04-27 21:00:00",885.9,896.05,885.4,893.4,20952
1209416400,"2008-04-28 21:00:00",893.4,893.9,868.68,870.55,21638
1209502800,"2008-04-29 21:00:00",870.55,879.05,862.7,877.6,28838
1209589200,"2008-04-30 21:00:00",877.6,881.85,847.55,852.75,26954
1209675600,"2008-05-01 21:00:00",852.75,859.53,845.4,856.45,23002
1209934800,"2008-05-04 21:00:00",857.1,874.7,857.1,874.38,19087
1210021200,"2008-05-05 21:00:00",874.38,883.02,871.68,876.43,25477
1210107600,"2008-05-06 21:00:00",876.43,881.58,863.85,868.9,53718
1210194000,"2008-05-07 21:00:00",868.9,885.78,865.6,881.88,55258
1210280400,"2008-05-08 21:00:00",881.88,889.85,870.745,884.85,50462
1210539600,"2008-05-11 21:00:00",884.85,890.05,878.13,882.65,39846
1210626000,"2008-05-12 21:00:00",882.65,886.05,861.2,867.1,49673
1210712400,"2008-05-13 21:00:00",867.1,871.2,860.25,864.45,51316
1210798800,"2008-05-14 21:00:00",864.45,887.85,862.25,881.85,41871
1210885200,"2008-05-15 21:00:00",881.85,905.06,880.15,902.38,50996
1211144400,"2008-05-18 21:00:00",902.38,913.86,900.78,905.18,32427
1211230800,"2008-05-19 21:00:00",905.18,923.6,902.93,919.25,38494
1211317200,"2008-05-20 21:00:00",919.25,932.8,916.78,932.45,51231
1211403600,"2008-05-21 21:00:00",932.45,935.5,917.525,921.85,53117
1211490000,"2008-05-22 21:00:00",921.85,929.38,915.4,925.03,47755
1211749200,"2008-05-25 21:00:00",925.03,929.35,923.7,929.05,17162
1211835600,"2008-05-26 21:00:00",929.05,931.05,904.38,906.55,42637
1211922000,"2008-05-27 21:00:00",906.55,910.08,889.23,900.95,50100
1212008400,"2008-05-28 21:00:00",900.95,903.38,873.58,877.85,50127
1212094800,"2008-05-29 21:00:00",877.85,889.3,870.43,886.52,47370
1212354000,"2008-06-01 21:00:00",886.52,897.565,881.32,891.34,51742
1212440400,"2008-06-02 21:00:00",891.34,896.88,875.2,880.45,52780
1212526800,"2008-06-03 21:00:00",880.45,886.88,876.21,879.16,57670
1212613200,"2008-06-04 21:00:00",879.16,880.88,865.14,877.25,53601
1212699600,"2008-06-05 21:00:00",877.25,902.4,877.25,902.2,51451
1212958800,"2008-06-08 21:00:00",902.75,909.44,891.08,892.92,67187
1213045200,"2008-06-09 21:00:00",892.92,895.13,864.36,866.97,63667
1213131600,"2008-06-10 21:00:00",866.97,883.19,866.72,880.25,55377
1213218000,"2008-06-11 21:00:00",880.25,882.28,857.7,868.2,62252
1213304400,"2008-06-12 21:00:00",868.2,874.52,859.6,871.55,56175
1213563600,"2008-06-15 21:00:00",871.37,894.83,866.79,882.3,53709
1213650000,"2008-06-16 21:00:00",882.3,888.68,874.56,882.79,62249
1213736400,"2008-06-17 21:00:00",882.79,895.78,880.64,894.28,52597
1213822800,"2008-06-18 21:00:00",894.28,908.54,887.09,898.15,41626
1213909200,"2008-06-19 21:00:00",898.15,908.07,896.04,902.07,53488
1214168400,"2008-06-22 21:00:00",902.07,907.56,876.62,883.86,38126
1214254800,"2008-06-23 21:00:00",883.86,894.13,883.08,889.53,32628
1214341200,"2008-06-24 21:00:00",889.53,890.9,873.935,886.43,54433
1214427600,"2008-06-25 21:00:00",886.43,918.22,885.2,917.25,58268
1214514000,"2008-06-26 21:00:00",917.25,930.9,910.48,927.79,51016
1214773200,"2008-06-29 21:00:00",927.79,935.135,918.795,925.44,15196
1214859600,"2008-06-30 21:00:00",925.44,946.145,922.35,939.63,53151
1214946000,"2008-07-01 21:00:00",939.63,945.89,931.965,945.27,64478
1215032400,"2008-07-02 21:00:00",945.27,946.715,928.04,934.33,38125
1215118800,"2008-07-03 21:00:00",934.33,936.52,929.31,934.04,18184
1215378000,"2008-07-06 21:00:00",934.04,934.04,915.27,925.84,51554
1215464400,"2008-07-07 21:00:00",925.84,933.595,912.945,919.42,41685
1215550800,"2008-07-08 21:00:00",919.42,929.005,916.31,928.55,52284
1215637200,"2008-07-09 21:00:00",928.55,947.81,925.9,947.48,44798
1215723600,"2008-07-10 21:00:00",947.48,967.765,941.67,964.1,44514
1215982800,"2008-07-13 21:00:00",964.7,975.45,953.835,972.6,62804
1216069200,"2008-07-14 21:00:00",972.6,988.58,969.36,977.55,69857
1216155600,"2008-07-15 21:00:00",977.55,981.42,958.02,959.98,78801
1216242000,"2008-07-16 21:00:00",959.98,978.95,953.17,957.45,71989
1216328400,"2008-07-17 21:00:00",957.45,964.675,950.055,954.9,40991
1216587600,"2008-07-20 21:00:00",954.9,968.65,954.9,965.65,47790
1216674000,"2008-07-21 21:00:00",965.65,976.345,943.7,946.3,56216
1216760400,"2008-07-22 21:00:00",946.3,949.25,917.9,920.95,54847
1216846800,"2008-07-23 21:00:00",920.95,931.405,916.505,928.05,54238
1216933200,"2008-07-24 21:00:00",928.05,935.3,918.805,929.85,49367
1217192400,"2008-07-27 21:00:00",929.85,933.115,922.915,930.45,61378
1217278800,"2008-07-28 21:00:00",930.45,933.35,914.37,918.85,51648
1217365200,"2008-07-29 21:00:00",918.85,919.75,894.105,906.15,51815
1217451600,"2008-07-30 21:00:00",906.15,925.705,905.85,914.13,48335
1217538000,"2008-07-31 21:00:00",914.13,917.35,901.75,910.89,52951
1217797200,"2008-08-03 21:00:00",910.95,915.675,894.105,894.8,57615
1217883600,"2008-08-04 21:00:00",894.8,895.9,872.78,874.3,48726
1217970000,"2008-08-05 21:00:00",874.3,886.805,872.88,879.8,52235
1218056400,"2008-08-06 21:00:00",879.8,885.05,868.05,873.05,53721
1218142800,"2008-08-07 21:00:00",873.05,874.25,850.955,856.6,39310
1218402000,"2008-08-10 21:00:00",856.6,866.105,818.45,823.75,54706
1218488400,"2008-08-11 21:00:00",823.75,827.17,802.15,812.05,44562
1218574800,"2008-08-12 21:00:00",812.05,830.055,805.4,826.65,41153
1218661200,"2008-08-13 21:00:00",826.65,836.8,804.95,806.75,27824
1218747600,"2008-08-14 21:00:00",806.75,807.6,772.95,787.7,25674
1219006800,"2008-08-17 21:00:00",787.7,804.23,787.7,800.055,52710
1219093200,"2008-08-18 21:00:00",800.055,817.05,782.65,814.3,36016
1219179600,"2008-08-19 21:00:00",814.3,818.7,800.32,813.67,37380
1219266000,"2008-08-20 21:00:00",813.67,839.55,811.7,837,36867
1219352400,"2008-08-21 21:00:00",837,838.2,821.375,823.02,31176
1219611600,"2008-08-24 21:00:00",823.5,826.405,816.205,822.005,42608
1219698000,"2008-08-25 21:00:00",822.005,830.82,807.1,824.9,16934
1219784400,"2008-08-26 21:00:00",824.9,835.435,822,826.87,50424
1219870800,"2008-08-27 21:00:00",826.87,844.255,825.555,834.07,45935
1219957200,"2008-08-28 21:00:00",834.07,838.825,829.43,831.05,57363
1220216400,"2008-08-31 21:00:00",831.05,835.65,815.475,817.705,47982
1220302800,"2008-09-01 21:00:00",817.705,819.85,791.145,805.28,41647
1220389200,"2008-09-02 21:00:00",805.28,808.905,789.505,801.4,54021
1220475600,"2008-09-03 21:00:00",801.4,815.205,794.03,796.48,18346
1220562000,"2008-09-04 21:00:00",796.48,819.405,790.85,803.65,59022
1220821200,"2008-09-07 21:00:00",804.1,818.33,797.125,802.4,72501
1220907600,"2008-09-08 21:00:00",802.4,805.205,776,777.25,61720
1220994000,"2008-09-09 21:00:00",777.25,783.875,751.45,752.45,21824
1221080400,"2008-09-10 21:00:00",752.45,758.45,736.35,746.95,64335
1221166800,"2008-09-11 21:00:00",746.95,766.9,746.255,765.5,68195
1221426000,"2008-09-14 21:00:00",768.5,788.1,764.73,786.65,69748
1221512400,"2008-09-15 21:00:00",786.65,790.155,772.05,779.7,40897
1221598800,"2008-09-16 21:00:00",779.7,868.6,774.4,864.35,73943
1221685200,"2008-09-17 21:00:00",864.35,919.43,832.65,852.85,52190
1221771600,"2008-09-18 21:00:00",852.85,877.25,824.55,873.85,26250
1222030800,"2008-09-21 21:00:00",873.65,908.4,862.55,897.1,67155
1222117200,"2008-09-22 21:00:00",897.1,909.6,880.65,892.15,39473
1222203600,"2008-09-23 21:00:00",892.15,902.14,875.7,883.03,25707
1222290000,"2008-09-24 21:00:00",883.03,896.78,864.3,877.7,58268
1222376400,"2008-09-25 21:00:00",877.7,911.6,866,878.75,73207
1222635600,"2008-09-28 21:00:00",878.75,926.65,867.505,909.5,68588
1222722000,"2008-09-29 21:00:00",909.5,915.25,857.5,870.95,43138
1222808400,"2008-09-30 21:00:00",870.95,893.13,865.28,871.25,66434
1222894800,"2008-10-01 21:00:00",871.25,876.6,830.13,836.6,66452
1222981200,"2008-10-02 21:00:00",836.6,848.2,819.33,835.3,67491
1223240400,"2008-10-05 21:00:00",832.45,876.635,825.75,859.95,41938
1223326800,"2008-10-06 21:00:00",859.95,891.9,856.75,887.1,46406
1223413200,"2008-10-07 21:00:00",887.1,922.15,878.2,907.95,33256
1223499600,"2008-10-08 21:00:00",907.95,924.95,881.2,912.7,36617
1223586000,"2008-10-09 21:00:00",912.7,931.95,826.75,850.35,46069
1223845200,"2008-10-12 21:00:00",850.35,872.25,822.55,833,50493
1223931600,"2008-10-13 21:00:00",833,854.45,831.8,836.9,45413
1224018000,"2008-10-14 21:00:00",836.9,856.85,831.6,846.7,50525
1224104400,"2008-10-15 21:00:00",846.7,849.7,786.25,804.45,75718
1224190800,"2008-10-16 21:00:00",804.45,815.3,772.8,783.35,45607
1224450000,"2008-10-19 21:00:00",783.35,810.55,781.8,796.7,51440
1224536400,"2008-10-20 21:00:00",796.7,803.35,765.455,771.65,41049
1224622800,"2008-10-21 21:00:00",771.65,777.1,720.48,730.55,62874
1224709200,"2008-10-22 21:00:00",730.55,735.05,698.53,721.48,61012
1224795600,"2008-10-23 21:00:00",721.48,750.35,681.65,734.7,44950
1225054800,"2008-10-26 21:00:00",734.7,747.55,707.25,730.85,24839
1225141200,"2008-10-27 21:00:00",730.85,756.05,724.4,746.65,52299
1225227600,"2008-10-28 21:00:00",746.65,774.9,736.25,754.55,40941
1225314000,"2008-10-29 21:00:00",754.55,778.1,733.05,738.75,34234
1225400400,"2008-10-30 21:00:00",738.75,742,717.45,724.6,28511
1225663200,"2008-11-02 22:00:00",724.6,739.55,722.05,723.65,33280
1225749600,"2008-11-03 22:00:00",723.65,768.4,722.1,763.05,43846
1225836000,"2008-11-04 22:00:00",763.05,769.7,736.25,740.25,38658
1225922400,"2008-11-05 22:00:00",740.25,760.8,728.9,732.85,39844
1226008800,"2008-11-06 22:00:00",732.85,745.1,726,736.9,33323
1226268000,"2008-11-09 22:00:00",736.9,769.1,736.9,746.2,43785
1226354400,"2008-11-10 22:00:00",746.2,750.65,727.1,731.7,35927
1226440800,"2008-11-11 22:00:00",731.7,739.3,709.3,712.2,46752
1226527200,"2008-11-12 22:00:00",712.2,739.6,700.43,736.35,93686
1226613600,"2008-11-13 22:00:00",736.35,754.58,725.38,742.25,84144
1226872800,"2008-11-16 22:00:00",742.1,749.7,731.055,738.1,81546
1226959200,"2008-11-17 22:00:00",738.1,746,731.75,738.2,72354
1227045600,"2008-11-18 22:00:00",738.2,763.25,732.15,734.7,32015
1227132000,"2008-11-19 22:00:00",734.7,753.4,733.15,746.65,59464
1227218400,"2008-11-20 22:00:00",746.65,802.63,743.03,800.4,84568
1227477600,"2008-11-23 22:00:00",800.3,829.78,786.63,820.65,87103
1227564000,"2008-11-24 22:00:00",820.65,831.6,803,820.95,44955
1227650400,"2008-11-25 22:00:00",820.95,823.25,808.53,812.7,57172
1227736800,"2008-11-26 22:00:00",812.7,817.4,810,816,22887
1227823200,"2008-11-27 22:00:00",816,820.88,809.535,817.98,25376
1228082400,"2008-11-30 22:00:00",818.33,819.23,768.48,769.08,48667
1228168800,"2008-12-01 22:00:00",769.08,787.225,761.88,782.37,50408
1228255200,"2008-12-02 22:00:00",782.37,783.47,764.47,774,79259
1228341600,"2008-12-03 22:00:00",774,788.655,763.105,767.05,58200
1228428000,"2008-12-04 22:00:00",767.05,773.15,741.4,756.25,48221
1228687200,"2008-12-07 22:00:00",756.25,782.75,756.25,772.5,53895
1228773600,"2008-12-08 22:00:00",772.5,780.55,762.85,777.2,61069
1228860000,"2008-12-09 22:00:00",777.2,814.15,774.65,810.4,65802
1228946400,"2008-12-10 22:00:00",810.4,834.98,802.55,821.1,89935
1229032800,"2008-12-11 22:00:00",821.1,829.2,808,822.4,42941
1229292000,"2008-12-14 22:00:00",822.4,843.25,821.3,838.45,38380
1229378400,"2008-12-15 22:00:00",838.45,860.25,830.255,857.85,30496
1229464800,"2008-12-16 22:00:00",857.85,882.3,846.7,867.5,28198
1229551200,"2008-12-17 22:00:00",867.5,878.6,848.3,852.85,33054
1229637600,"2008-12-18 22:00:00",852.85,854.1,829.94,838.05,48202
1229896800,"2008-12-21 22:00:00",838.05,852.05,837.55,847.55,25162
1229983200,"2008-12-22 22:00:00",847.55,849.15,829.6,840.2,36022
1230069600,"2008-12-23 22:00:00",840.2,848.9,835.09,847.95,36564
1230242400,"2008-12-25 22:00:00",847.95,873.3,843.05,869.2,31576
1230501600,"2008-12-28 22:00:00",870.25,890.85,870.25,880.3,70751
1230588000,"2008-12-29 22:00:00",880.3,884.5,864.05,873.8,72597
1230674400,"2008-12-30 22:00:00",873.8,885.1,856.85,881.7,30998
1230760800,"2008-12-31 22:00:00",881.7,882.15,880.88,880.88,208
1230847200,"2009-01-01 22:00:00",880.88,888.35,867.75,875.35,37907
1231106400,"2009-01-04 22:00:00",874.35,884.8,844.86,859.5,28541
1231192800,"2009-01-05 22:00:00",859.5,870.805,839.35,863.9,48850
1231279200,"2009-01-06 22:00:00",863.9,867.23,836,843.05,45501
1231365600,"2009-01-07 22:00:00",843.05,865.005,836.93,856.9,58334
1231452000,"2009-01-08 22:00:00",856.9,868.68,845.15,854.15,86636
1231711200,"2009-01-11 22:00:00",854.15,857.2,815.58,820.95,80346
1231797600,"2009-01-12 22:00:00",820.95,831,814.1,822,80969
1231884000,"2009-01-13 22:00:00",822,829.4,807.23,811.66,85983
1231970400,"2009-01-14 22:00:00",811.66,821.535,801.825,818.055,84578
1232056800,"2009-01-15 22:00:00",818.055,843.65,815.7,843.15,65102
1232316000,"2009-01-18 22:00:00",843.2,846.1,832.13,836.11,48887
1232402400,"2009-01-19 22:00:00",836.11,866.755,823.58,857.5,69464
1232488800,"2009-01-20 22:00:00",857.5,864.6,843.63,854.18,19718
1232575200,"2009-01-21 22:00:00",854.18,863.335,843.685,856.985,29786
1232661600,"2009-01-22 22:00:00",856.985,903.87,852.78,899.87,36930
1232920800,"2009-01-25 22:00:00",898.27,916.325,888.97,903.37,50669
1233007200,"2009-01-26 22:00:00",903.37,907.55,892.65,899.15,48067
1233093600,"2009-01-27 22:00:00",899.15,903.7,882.6,887.55,27184
1233180000,"2009-01-28 22:00:00",887.55,909.85,874.79,908.7,21428
1233266400,"2009-01-29 22:00:00",908.7,929.755,901.85,927.8,31866
1233525600,"2009-02-01 22:00:00",927.8,927.8,901.485,905.13,38209
1233612000,"2009-02-02 22:00:00",905.13,912.98,889.63,900.33,42157
1233698400,"2009-02-03 22:00:00",900.33,909.5,895.6,905.8,37606
1233784800,"2009-02-04 22:00:00",905.8,924.82,902.38,915.08,53329
1233871200,"2009-02-05 22:00:00",915.08,920.54,904.34,911.5,42514
1234130400,"2009-02-08 22:00:00",910.95,912.08,891.08,894.55,26524
1234216800,"2009-02-09 22:00:00",894.55,918.515,891.3,915.26,28360
1234303200,"2009-02-10 22:00:00",915.26,947.76,911.06,939.01,31756
1234389600,"2009-02-11 22:00:00",939.01,952.7,935.31,946.65,38103
1234476000,"2009-02-12 22:00:00",946.65,947.55,932.5,941.7,29496
1234735200,"2009-02-15 22:00:00",941.7,944.405,936.45,941.65,28921
1234821600,"2009-02-16 22:00:00",941.65,974.305,940.25,970.25,22567
1234908000,"2009-02-17 22:00:00",970.25,987.405,960.955,984.4,29839
1234994400,"2009-02-18 22:00:00",984.4,986.8,968.6,974.65,44165
1235080800,"2009-02-19 22:00:00",974.65,1006.45,970.705,992.9,28329
1235340000,"2009-02-22 22:00:00",992.8,998.3,975.55,991.75,37402
1235426400,"2009-02-23 22:00:00",991.75,995.85,959.65,962.35,31517
1235512800,"2009-02-24 22:00:00",962.35,978.435,944.53,953.68,31189
1235599200,"2009-02-25 22:00:00",953.68,956.885,931.88,945.63,32342
1235685600,"2009-02-26 22:00:00",945.63,963.13,927.3,942.75,46542
1235944800,"2009-03-01 22:00:00",940.6,958.7,922.35,926.1,44548
1236031200,"2009-03-02 22:00:00",926.1,932.9,905.355,916.1,34364
1236117600,"2009-03-03 22:00:00",916.1,923.05,900.2,906.5,35071
1236204000,"2009-03-04 22:00:00",906.5,937,905.55,932.005,43319
1236290400,"2009-03-05 22:00:00",932.005,945.13,930.3,939.3,52903
1236546000,"2009-03-08 21:00:00",938.2,942,911.16,922.21,70263
1236632400,"2009-03-09 21:00:00",922.21,923.01,891.46,897.9,36276
1236718800,"2009-03-10 21:00:00",897.9,913.5,892.4,909.305,46836
1236805200,"2009-03-11 21:00:00",909.305,931.255,905.9,927.15,33780
1236891600,"2009-03-12 21:00:00",927.15,939.18,919.62,929.77,37919
1237150800,"2009-03-15 21:00:00",926.65,929.955,915.695,923.9,52383
1237237200,"2009-03-16 21:00:00",923.9,924.65,912.55,915.1,46298
1237323600,"2009-03-17 21:00:00",915.1,948.85,883.405,941.2,38809
1237410000,"2009-03-18 21:00:00",941.2,962.7,925.6,959.95,45556
1237496400,"2009-03-19 21:00:00",959.95,967.2,946.8,953,32012
1237755600,"2009-03-22 21:00:00",953.35,957.61,936.4,940,26561
1237842000,"2009-03-23 21:00:00",940,944.57,917.3,925.85,48719
1237928400,"2009-03-24 21:00:00",925.85,941.4,916.84,933.95,48692
1238014800,"2009-03-25 21:00:00",933.95,945.9,931.875,934.45,47557
1238101200,"2009-03-26 21:00:00",934.45,936.95,918.74,923.19,42600
1238360400,"2009-03-29 21:00:00",922.98,932.45,908.805,917.4,33116
1238446800,"2009-03-30 21:00:00",917.4,925.005,911.855,919.15,30790
1238533200,"2009-03-31 21:00:00",919.15,933.645,916.895,926.9,36321
1238619600,"2009-04-01 21:00:00",926.9,929.605,894.855,904.35,36900
1238706000,"2009-04-02 21:00:00",904.35,909.85,890.97,893.12,19793
1238965200,"2009-04-05 21:00:00",894.35,897.18,865.37,868.95,30626
1239051600,"2009-04-06 21:00:00",868.95,885.17,868.57,880.87,38335
1239138000,"2009-04-07 21:00:00",880.87,890.25,878.52,880.4,45979
1239224400,"2009-04-08 21:00:00",880.4,886.455,874.855,879.38,43380
1239310800,"2009-04-09 21:00:00",879.38,885.88,878.38,882.11,3053
1239570000,"2009-04-12 21:00:00",879.23,899.95,879.23,893.75,19387
1239656400,"2009-04-13 21:00:00",893.75,898.505,886.25,890.55,46196
1239742800,"2009-04-14 21:00:00",890.55,899.705,885.755,891.1,42039
1239829200,"2009-04-15 21:00:00",891.1,894.005,872.355,875.75,33270
1239915600,"2009-04-16 21:00:00",875.75,877.05,864.98,868.68,36956
1240174800,"2009-04-19 21:00:00",869,888.605,865,884.5,40756
1240261200,"2009-04-20 21:00:00",884.5,895.375,878.975,883.87,37246
1240347600,"2009-04-21 21:00:00",883.87,893.58,882.17,889.6,36027
1240434000,"2009-04-22 21:00:00",889.6,908.975,889.55,904.3,62306
1240520400,"2009-04-23 21:00:00",904.3,914.06,902.85,912.86,31808
1240779600,"2009-04-26 21:00:00",913.06,918.65,905.25,906.2,37646
1240866000,"2009-04-27 21:00:00",906.2,906.73,884.41,893.45,33023
1240952400,"2009-04-28 21:00:00",893.45,903.15,886.725,897.9,35654
1241038800,"2009-04-29 21:00:00",897.9,900.13,881.105,888,52496
1241125200,"2009-04-30 21:00:00",888,889.95,880.2,886.55,26031
1241384400,"2009-05-03 21:00:00",886.55,907.45,885.35,901.9,44662
1241470800,"2009-05-04 21:00:00",901.9,915.95,894.85,897.15,27909
1241557200,"2009-05-05 21:00:00",897.15,912.715,895.4,911.05,28954
1241643600,"2009-05-06 21:00:00",911.05,925.725,908.72,910.61,29839
1241730000,"2009-05-07 21:00:00",910.61,920.215,905.415,916.66,37496
1241989200,"2009-05-10 21:00:00",916.66,917.96,908.715,913.6,29675
1242075600,"2009-05-11 21:00:00",913.6,924.295,912.025,923.29,27234
1242162000,"2009-05-12 21:00:00",923.29,930.755,917.68,926.3,24029
1242248400,"2009-05-13 21:00:00",926.3,929.1,920.375,926.52,31859
1242334800,"2009-05-14 21:00:00",926.52,934.27,924.02,931.78,29814
1242594000,"2009-05-17 21:00:00",931.53,934.1,915.3,918.35,32460
1242680400,"2009-05-18 21:00:00",918.35,929.75,917.93,925.05,33260
1242766800,"2009-05-19 21:00:00",925.05,940.825,925.05,938.65,33844
1242853200,"2009-05-20 21:00:00",938.65,956.57,936.02,953.82,24407
1242939600,"2009-05-21 21:00:00",953.82,961.75,950.225,957.3,28467
1243198800,"2009-05-24 21:00:00",957.3,960.075,952.925,958.97,11355
1243285200,"2009-05-25 21:00:00",958.97,958.97,940.98,951.8,20262
1243371600,"2009-05-26 21:00:00",951.8,959.655,946.775,949.8,38183
1243458000,"2009-05-27 21:00:00",949.8,965.31,944.55,959.41,41621
1243544400,"2009-05-28 21:00:00",959.41,980.35,959.01,979.1,46690
1243803600,"2009-05-31 21:00:00",979.38,988.935,973.605,975.05,36776
1243890000,"2009-06-01 21:00:00",975.05,986.825,969.555,981.75,31533
1243976400,"2009-06-02 21:00:00",981.75,990.305,960.605,963,29047
1244062800,"2009-06-03 21:00:00",963,981.955,960.955,980.2,33009
1244149200,"2009-06-04 21:00:00",980.2,983.77,953.1,955.35,26119
1244408400,"2009-06-07 21:00:00",955.35,960.15,943.565,951.92,20761
1244494800,"2009-06-08 21:00:00",951.92,962.225,947.565,954.71,27321
1244581200,"2009-06-09 21:00:00",954.71,965.57,947.18,954.3,29449
1244667600,"2009-06-10 21:00:00",954.3,962.105,942.995,954.79,29818
1244754000,"2009-06-11 21:00:00",954.79,958.31,936.215,939.26,25610
1245013200,"2009-06-14 21:00:00",939.26,939.26,926.275,928.33,24012
1245099600,"2009-06-15 21:00:00",928.33,939.715,927.23,934.77,24752
1245186000,"2009-06-16 21:00:00",934.77,940.415,928.015,938.58,25929
1245272400,"2009-06-17 21:00:00",938.58,943.41,930.415,933.44,24084
1245358800,"2009-06-18 21:00:00",933.44,939.29,931.36,934.08,20120
1245618000,"2009-06-21 21:00:00",934.08,935.28,918.36,922.62,22284
1245704400,"2009-06-22 21:00:00",922.62,926.865,913.21,925.73,23847
1245790800,"2009-06-23 21:00:00",925.73,942.405,922.6,931.37,27023
1245877200,"2009-06-24 21:00:00",931.37,940.105,930.21,939.13,23524
1245963600,"2009-06-25 21:00:00",939.13,948.675,936.625,939.63,14345
1246222800,"2009-06-28 21:00:00",939.08,942.935,933.23,937.99,14662
1246309200,"2009-06-29 21:00:00",937.99,945.145,923.56,926.44,20603
1246395600,"2009-06-30 21:00:00",926.44,946.535,926.2,940.69,21058
1246482000,"2009-07-01 21:00:00",940.69,941.72,926.66,929.77,20069
1246568400,"2009-07-02 21:00:00",929.77,934.48,927.97,932.62,7901
1246827600,"2009-07-05 21:00:00",932.62,932.65,920.805,925.07,18244
1246914000,"2009-07-06 21:00:00",925.07,932.27,921.43,924.54,20080
1247000400,"2009-07-07 21:00:00",924.54,925.85,905.165,909.49,24258
1247086800,"2009-07-08 21:00:00",909.49,918.605,906.56,912.32,20914
1247173200,"2009-07-09 21:00:00",912.32,915.455,907.005,912.99,19715
1247432400,"2009-07-12 21:00:00",912.99,923.485,908.065,920.25,21107
1247518800,"2009-07-13 21:00:00",920.25,927.87,918.03,925.67,20252
1247605200,"2009-07-14 21:00:00",925.67,942.295,924.76,939.14,19509
1247691600,"2009-07-15 21:00:00",939.14,940.645,932.815,937.36,17287
1247778000,"2009-07-16 21:00:00",937.36,940.125,931.985,937.58,15032
1248037200,"2009-07-19 21:00:00",937.25,955.385,937.25,948.85,18190
1248123600,"2009-07-20 21:00:00",948.85,953.9,944.5,948.6,18021
1248210000,"2009-07-21 21:00:00",948.6,954.67,944.93,951.28,18466
1248296400,"2009-07-22 21:00:00",951.28,957.525,947.56,949.21,19452
1248382800,"2009-07-23 21:00:00",949.21,954.325,947.36,951.37,16036
1248642000,"2009-07-26 21:00:00",951.37,959.14,948.06,953.84,18958
1248728400,"2009-07-27 21:00:00",953.84,956.86,934.42,937.56,18668
1248814800,"2009-07-28 21:00:00",937.56,941.13,925.81,929.91,19491
1248901200,"2009-07-29 21:00:00",929.91,937.235,928.83,934.43,14828
1248987600,"2009-07-30 21:00:00",934.43,956.995,932.67,954.05,19300
1249246800,"2009-08-02 21:00:00",954.75,962.395,952.195,956.86,23602
1249333200,"2009-08-03 21:00:00",956.86,970.31,951.26,966.89,25317
1249419600,"2009-08-04 21:00:00",966.89,968.19,959.08,963.49,22937
1249506000,"2009-08-05 21:00:00",963.49,971.865,956.465,963.45,24948
1249592400,"2009-08-06 21:00:00",963.45,965.58,953.46,955.09,25368
1249851600,"2009-08-09 21:00:00",954.99,956.99,942.68,946.34,23895
1249938000,"2009-08-10 21:00:00",946.34,949.905,942.185,946.14,17110
1250024400,"2009-08-11 21:00:00",946.14,952.425,940.26,947.06,19900
1250110800,"2009-08-12 21:00:00",947.06,960.745,946.78,954.99,19765
1250197200,"2009-08-13 21:00:00",954.99,959.34,942.495,948.46,20379
1250456400,"2009-08-16 21:00:00",947.77,948.45,930.45,934.61,21431
1250542800,"2009-08-17 21:00:00",934.61,940.09,933.05,938.63,17796
1250629200,"2009-08-18 21:00:00",938.63,945.21,932.19,942.04,20591
1250715600,"2009-08-19 21:00:00",942.04,945.925,937.485,940.71,17526
1250802000,"2009-08-20 21:00:00",940.71,958.19,938.005,953.83,19123
1251061200,"2009-08-23 21:00:00",953.83,957.09,935.11,941.53,18735
1251147600,"2009-08-24 21:00:00",941.53,954.56,941.38,944.73,21642
1251234000,"2009-08-25 21:00:00",944.73,950.12,940.22,945.59,17698
1251320400,"2009-08-26 21:00:00",945.59,950.79,941.83,948.15,18066
1251406800,"2009-08-27 21:00:00",948.15,962,948.05,954.98,18683
1251666000,"2009-08-30 21:00:00",954.98,960.73,943.63,951.25,13308
1251752400,"2009-08-31 21:00:00",951.25,957.16,946.615,956.24,22219
1251838800,"2009-09-01 21:00:00",956.24,980.555,951.7,978.45,23161
1251925200,"2009-09-02 21:00:00",978.45,997.585,974.58,991.93,28593
1252011600,"2009-09-03 21:00:00",991.93,996.375,985.66,994.08,25159
1252270800,"2009-09-06 21:00:00",993.6,996.775,991.065,995.09,9970
1252357200,"2009-09-07 21:00:00",995.09,1007.845,992.79,995.4,30021
1252443600,"2009-09-08 21:00:00",995.4,1003.375,987.555,992.35,28579
1252530000,"2009-09-09 21:00:00",992.35,998.665,983.115,996.59,26773
1252616400,"2009-09-10 21:00:00",996.59,1011.905,994.775,1005.16,27711
1252875600,"2009-09-13 21:00:00",1005.16,1008.1,993.61,1000.16,25842
1252962000,"2009-09-14 21:00:00",1000.16,1009.83,992.57,1007.62,25040
1253048400,"2009-09-15 21:00:00",1007.62,1020.88,1006.33,1017.33,31852
1253134800,"2009-09-16 21:00:00",1017.33,1024.28,1010.48,1013.62,28610
1253221200,"2009-09-17 21:00:00",1013.62,1017.94,1006.27,1007.64,24136
1253480400,"2009-09-20 21:00:00",1007.68,1007.68,996.06,1003.66,23594
1253566800,"2009-09-21 21:00:00",1003.66,1019.905,1002.84,1014.49,21526
1253653200,"2009-09-22 21:00:00",1014.49,1018.82,1006.21,1008.3,26424
1253739600,"2009-09-23 21:00:00",1008.3,1019.25,990.81,994.1,25722
1253826000,"2009-09-24 21:00:00",994.1,999.27,985.285,990.99,27814
1254085200,"2009-09-27 21:00:00",991.47,996.91,986.18,991.1,18325
1254171600,"2009-09-28 21:00:00",991.1,995.97,985.28,992.31,16014
1254258000,"2009-09-29 21:00:00",992.31,1009.3,991.76,1007.67,19279
1254344400,"2009-09-30 21:00:00",1007.67,1009.89,997.93,999.28,19858
1254430800,"2009-10-01 21:00:00",999.28,1007.71,986.9,1002.93,21254
1254690000,"2009-10-04 21:00:00",1002.33,1017.745,1001.2,1017.28,16522
1254776400,"2009-10-05 21:00:00",1017.28,1043.7,1015.58,1042.04,20501
1254862800,"2009-10-06 21:00:00",1042.04,1048.5,1036.67,1044.07,22749
1254949200,"2009-10-07 21:00:00",1044.07,1061.56,1043.16,1055.04,24616
1255035600,"2009-10-08 21:00:00",1055.04,1055.51,1043.76,1049.3,20081
1255294800,"2009-10-11 21:00:00",1049.3,1059.27,1047.355,1057.12,15288
1255381200,"2009-10-12 21:00:00",1057.12,1068.74,1051.31,1064.33,19678
1255467600,"2009-10-13 21:00:00",1064.33,1070.79,1056.22,1062.53,22307
1255554000,"2009-10-14 21:00:00",1062.53,1065.97,1046.71,1050.35,22495
1255640400,"2009-10-15 21:00:00",1050.35,1056.97,1043.2,1053.54,19545
1255899600,"2009-10-18 21:00:00",1053.59,1064.82,1048.16,1064.14,18670
1255986000,"2009-10-19 21:00:00",1064.14,1068.13,1052.14,1055.31,18880
1256072400,"2009-10-20 21:00:00",1055.31,1065,1048.06,1059.07,21313
1256158800,"2009-10-21 21:00:00",1059.07,1061.7,1051.75,1060.01,19471
1256245200,"2009-10-22 21:00:00",1060.01,1067.79,1050.25,1055.57,21668
1256504400,"2009-10-25 21:00:00",1055.57,1060.01,1037.91,1038.76,23460
1256590800,"2009-10-26 21:00:00",1038.76,1043.92,1032.77,1040.05,22938
1256677200,"2009-10-27 21:00:00",1040.05,1042.105,1026.81,1028.16,22339
1256763600,"2009-10-28 21:00:00",1028.16,1047.98,1026.86,1047.18,19605
1256850000,"2009-10-29 21:00:00",1047.18,1049.01,1035.31,1045.55,20551
1257112800,"2009-11-01 22:00:00",1045.55,1062.7,1041.98,1059.57,22705
1257199200,"2009-11-02 22:00:00",1059.57,1088.005,1055.5,1084.06,25236
1257285600,"2009-11-03 22:00:00",1084.06,1097.81,1080.02,1092.15,26583
1257372000,"2009-11-04 22:00:00",1092.15,1094.79,1084.17,1090.31,21398
1257458400,"2009-11-05 22:00:00",1090.31,1101.27,1086.74,1095.01,21161
1257717600,"2009-11-08 22:00:00",1096.97,1110.96,1095.77,1103.92,20023
1257804000,"2009-11-09 22:00:00",1103.92,1109.3,1097.12,1105.78,21357
1257890400,"2009-11-10 22:00:00",1105.78,1118.71,1105.45,1117.46,19823
1257976800,"2009-11-11 22:00:00",1117.46,1123.11,1102.77,1103.695,22600
1258063200,"2009-11-12 22:00:00",1103.695,1119.44,1101.26,1118.67,20606
1258322400,"2009-11-15 22:00:00",1119.05,1143.515,1118.83,1139.04,35620
1258408800,"2009-11-16 22:00:00",1139.04,1141.89,1128.18,1141.53,35294
1258495200,"2009-11-17 22:00:00",1141.53,1153.07,1136.125,1145.5,23868
1258581600,"2009-11-18 22:00:00",1145.5,1146.42,1130.15,1144.46,23351
1258668000,"2009-11-19 22:00:00",1144.46,1151.2,1132.64,1150.41,25233
1258927200,"2009-11-22 22:00:00",1150.41,1173.89,1150.41,1166.07,23331
1259013600,"2009-11-23 22:00:00",1166.07,1171.3,1158.115,1169.15,26056
1259100000,"2009-11-24 22:00:00",1169.15,1191.85,1166.935,1191.69,21025
1259186400,"2009-11-25 22:00:00",1191.69,1195.395,1180.59,1191.88,15290
1259272800,"2009-11-26 22:00:00",1191.88,1192.25,1137.77,1177.53,39285
1259532000,"2009-11-29 22:00:00",1177.38,1182.97,1164.14,1179.52,39951
1259618400,"2009-11-30 22:00:00",1179.52,1201.62,1175.505,1196.6,28118
1259704800,"2009-12-01 22:00:00",1196.6,1217.315,1195.1,1215.72,33279
1259791200,"2009-12-02 22:00:00",1215.72,1226.525,1204.48,1207.75,36635
1259877600,"2009-12-03 22:00:00",1207.75,1212.765,1147.65,1161.11,42705
1260136800,"2009-12-06 22:00:00",1161.55,1165.255,1135.435,1158.24,46795
1260223200,"2009-12-07 22:00:00",1158.24,1168.985,1124.765,1128.34,44460
1260309600,"2009-12-08 22:00:00",1128.34,1147.2,1116.5,1128.69,43723
1260396000,"2009-12-09 22:00:00",1128.69,1137.1,1121.275,1131.37,39483
1260482400,"2009-12-10 22:00:00",1131.37,1142.37,1109.45,1115.05,37424
1260741600,"2009-12-13 22:00:00",1115.54,1127.855,1110.78,1126.55,34375
1260828000,"2009-12-14 22:00:00",1126.55,1129.095,1111.54,1125.2,26896
1260914400,"2009-12-15 22:00:00",1125.2,1141.48,1121.585,1138.06,29916
1261000800,"2009-12-16 22:00:00",1138.06,1141.785,1094.925,1098.75,37380
1261087200,"2009-12-17 22:00:00",1098.75,1117.215,1096.75,1113.23,35873
1261346400,"2009-12-20 22:00:00",1112.17,1119.66,1090.295,1093.34,32173
1261432800,"2009-12-21 22:00:00",1093.34,1097.53,1074.735,1083.9,31945
1261519200,"2009-12-22 22:00:00",1083.9,1096.05,1079.57,1087.61,26146
1261605600,"2009-12-23 22:00:00",1087.61,1106.11,1087.1,1105.73,16368
1261692000,"2009-12-24 22:00:00",1105.73,1105.73,1104.46,1105.54,35
1261951200,"2009-12-27 22:00:00",1105.78,1113.885,1101.645,1107.07,18991
1262037600,"2009-12-28 22:00:00",1107.07,1108.455,1096.745,1096.85,22607
1262124000,"2009-12-29 22:00:00",1096.85,1098.16,1086.105,1092.92,23254
1262210400,"2009-12-30 22:00:00",1092.92,1106.955,1092.61,1097.12,16278
1262296800,"2009-12-31 22:00:00",1097.12,1097.38,1097.04,1097.38,44
1262556000,"2010-01-03 22:00:00",1097.38,1123.92,1093.45,1121.31,28588
1262642400,"2010-01-04 22:00:00",1121.31,1128.86,1115.31,1118.01,25863
1262728800,"2010-01-05 22:00:00",1118.01,1140.535,1116.63,1138.21,30136
1262815200,"2010-01-06 22:00:00",1138.21,1139.04,1128.585,1131.66,27736
1262901600,"2010-01-07 22:00:00",1131.66,1139.62,1119.805,1138.1,32298
1263160800,"2010-01-10 22:00:00",1137.95,1162.08,1137.95,1151.73,30045
1263247200,"2010-01-11 22:00:00",1151.73,1158.23,1125,1128.02,30085
1263333600,"2010-01-12 22:00:00",1128.02,1138.79,1118.695,1137.93,31826
1263420000,"2010-01-13 22:00:00",1137.93,1146.435,1130.975,1142.73,31959
1263506400,"2010-01-14 22:00:00",1142.73,1145.88,1126.78,1131.02,29763
1263765600,"2010-01-17 22:00:00",1131.62,1137.43,1127.7,1133.87,13477
1263852000,"2010-01-18 22:00:00",1133.87,1140.795,1128.995,1138.31,26571
1263938400,"2010-01-19 22:00:00",1138.31,1141.695,1107.145,1111.25,32926
1264024800,"2010-01-20 22:00:00",1111.25,1117.785,1088.69,1094.05,35609
1264111200,"2010-01-21 22:00:00",1094.05,1098.865,1082.375,1093.22,39264
1264370400,"2010-01-24 22:00:00",1093.34,1104.255,1092.67,1098.39,30826
1264456800,"2010-01-25 22:00:00",1098.39,1103.625,1085.715,1097.61,28714
1264543200,"2010-01-26 22:00:00",1097.61,1102.74,1083.595,1087.87,34816
1264629600,"2010-01-27 22:00:00",1087.87,1096.3,1074.21,1086.91,33171
1264716000,"2010-01-28 22:00:00",1086.91,1090.5,1074.78,1081.13,34934
1264975200,"2010-01-31 22:00:00",1080.92,1107.85,1076.73,1105.51,29804
1265061600,"2010-02-01 22:00:00",1105.51,1118.385,1099.075,1114.42,30220
1265148000,"2010-02-02 22:00:00",1114.42,1125.235,1107.285,1109.86,30814
1265234400,"2010-02-03 22:00:00",1109.86,1111.355,1059.7,1063.68,37835
1265320800,"2010-02-04 22:00:00",1063.68,1068.99,1044.475,1066.27,46667
1265580000,"2010-02-07 22:00:00",1066.45,1073.915,1061.83,1062.85,37173
1265666400,"2010-02-08 22:00:00",1062.85,1083.34,1062.27,1078.16,35503
1265752800,"2010-02-09 22:00:00",1078.16,1082.43,1063.38,1072.09,34785
1265839200,"2010-02-10 22:00:00",1072.09,1098.025,1071.65,1095.3,37437
1265925600,"2010-02-11 22:00:00",1095.3,1097.13,1077.89,1093.39,36523
1266184800,"2010-02-14 22:00:00",1094.17,1102.455,1091.865,1101.02,14470
1266271200,"2010-02-15 22:00:00",1101.02,1121.27,1098.39,1119.37,28903
1266357600,"2010-02-16 22:00:00",1119.37,1127.36,1105.38,1106.88,35869
1266444000,"2010-02-17 22:00:00",1106.88,1124.24,1097.935,1108.71,43525
1266530400,"2010-02-18 22:00:00",1108.71,1127,1099.36,1119.31,42359
1266789600,"2010-02-21 22:00:00",1118.75,1131.26,1110.23,1114.3,33537
1266876000,"2010-02-22 22:00:00",1114.3,1121.26,1099.505,1103.38,38602
1266962400,"2010-02-23 22:00:00",1103.38,1108.455,1090.17,1097.89,35015
1267048800,"2010-02-24 22:00:00",1097.89,1109.485,1088.435,1106.5,44338
1267135200,"2010-02-25 22:00:00",1106.5,1119.12,1104.42,1117.73,38694
1267394400,"2010-02-28 22:00:00",1117.98,1123.625,1112.025,1118.91,36784
1267480800,"2010-03-01 22:00:00",1118.91,1137.78,1114.945,1134.61,37596
1267567200,"2010-03-02 22:00:00",1134.61,1145.185,1132.335,1139.96,36718
1267653600,"2010-03-03 22:00:00",1139.96,1141.72,1125.88,1132.18,35096
1267740000,"2010-03-04 22:00:00",1132.18,1140.755,1127.48,1134.88,29228
1267999200,"2010-03-07 22:00:00",1134.85,1137.795,1118.69,1123.59,26323
1268085600,"2010-03-08 22:00:00",1123.59,1125.09,1108.665,1121.82,29514
1268172000,"2010-03-09 22:00:00",1121.82,1128.105,1103.43,1108.44,33984
1268258400,"2010-03-10 22:00:00",1108.44,1111.775,1100.665,1109.54,27994
1268344800,"2010-03-11 22:00:00",1109.54,1119.385,1098.535,1101.95,29197
1268600400,"2010-03-14 21:00:00",1101.95,1108.91,1101.34,1108.29,21172
1268686800,"2010-03-15 21:00:00",1108.29,1128.88,1108.2,1127.66,27429
1268773200,"2010-03-16 21:00:00",1127.66,1133.415,1118.49,1120.46,29568
1268859600,"2010-03-17 21:00:00",1120.46,1129.495,1118.265,1127.42,26274
1268946000,"2010-03-18 21:00:00",1127.42,1127.42,1101.505,1106.93,26254
1269205200,"2010-03-21 21:00:00",1106.9,1108.865,1092.555,1102.15,25093
1269291600,"2010-03-22 21:00:00",1102.15,1108.225,1094.535,1105.15,26668
1269378000,"2010-03-23 21:00:00",1105.15,1105.89,1085.315,1086.61,31801
1269464400,"2010-03-24 21:00:00",1086.61,1095.885,1085.81,1090.51,30616
1269550800,"2010-03-25 21:00:00",1090.51,1109.91,1088.81,1107.53,25994
1269810000,"2010-03-28 21:00:00",1107.45,1114.83,1103.475,1109.73,19991
1269896400,"2010-03-29 21:00:00",1109.73,1113.505,1101.745,1103.62,19414
1269982800,"2010-03-30 21:00:00",1103.62,1118.24,1102.49,1113.17,20126
1270069200,"2010-03-31 21:00:00",1113.17,1128.165,1111.695,1126.84,21680
1270155600,"2010-04-01 21:00:00",1126.84,1127.14,1116.78,1122.5,3006
1270414800,"2010-04-04 21:00:00",1122.5,1133.54,1120.15,1131.94,18567
1270501200,"2010-04-05 21:00:00",1131.94,1138.81,1122.905,1134.28,24408
1270587600,"2010-04-06 21:00:00",1134.28,1153.38,1132.63,1149.38,25505
1270674000,"2010-04-07 21:00:00",1149.38,1153.92,1143.755,1150.57,22455
1270760400,"2010-04-08 21:00:00",1150.57,1164.94,1149.57,1161.94,17678
1271019600,"2010-04-11 21:00:00",1162.44,1169.9,1154.3,1156.32,22623
1271106000,"2010-04-12 21:00:00",1156.32,1157.37,1145.16,1150.64,21355
1271192400,"2010-04-13 21:00:00",1150.64,1162.17,1150.435,1155.37,23075
1271278800,"2010-04-14 21:00:00",1155.37,1161.62,1150.23,1159.17,19067
1271365200,"2010-04-15 21:00:00",1159.17,1160.805,1129.995,1137.43,28626
1271624400,"2010-04-18 21:00:00",1137.43,1144.85,1106.43,1135.72,20462
1271710800,"2010-04-19 21:00:00",1135.72,1146.23,1133.595,1140.78,23274
1271797200,"2010-04-20 21:00:00",1140.78,1150.665,1137.86,1146.69,22066
1271883600,"2010-04-21 21:00:00",1146.69,1149.47,1131.79,1141.63,32272
1271970000,"2010-04-22 21:00:00",1141.63,1158,1135.06,1157.75,31557
1272229200,"2010-04-25 21:00:00",1157.3,1160.055,1150.9,1153.47,21301
1272315600,"2010-04-26 21:00:00",1153.47,1172.75,1146.41,1167.96,28904
1272402000,"2010-04-27 21:00:00",1167.96,1174.68,1160.715,1165.77,29143
1272488400,"2010-04-28 21:00:00",1165.77,1171.39,1162.17,1167.01,22574
1272574800,"2010-04-29 21:00:00",1167.01,1181.785,1166.83,1179.1,25375
1272834000,"2010-05-02 21:00:00",1179.1,1187.875,1176.76,1182.31,20152
1272920400,"2010-05-03 21:00:00",1182.31,1192.425,1167.015,1171.14,33337
1273006800,"2010-05-04 21:00:00",1171.14,1177.065,1156.595,1175.18,38610
1273093200,"2010-05-05 21:00:00",1175.18,1211.73,1172.645,1208.53,54255
1273179600,"2010-05-06 21:00:00",1208.53,1214.03,1192.8,1208.23,54846
1273438800,"2010-05-09 21:00:00",1207.93,1207.93,1184.08,1203.08,38172
1273525200,"2010-05-10 21:00:00",1203.08,1234.65,1201.165,1232.76,43584
1273611600,"2010-05-11 21:00:00",1232.76,1248.76,1227.06,1238.88,52537
1273698000,"2010-05-12 21:00:00",1238.88,1243.19,1227.34,1232.74,37606
1273784400,"2010-05-13 21:00:00",1232.74,1249.495,1217.545,1232.6,51602
1274043600,"2010-05-16 21:00:00",1232.6,1242.495,1219.28,1222.46,49714
1274130000,"2010-05-17 21:00:00",1222.46,1229.235,1206.92,1224.98,40400
1274216400,"2010-05-18 21:00:00",1224.98,1227.775,1186.67,1193.76,49300
1274302800,"2010-05-19 21:00:00",1193.76,1198.18,1175.245,1182.41,59109
1274389200,"2010-05-20 21:00:00",1182.41,1187.885,1166.15,1177.08,59444
1274648400,"2010-05-23 21:00:00",1177.08,1196.96,1177.08,1191.66,35845
1274734800,"2010-05-24 21:00:00",1191.66,1204.38,1185.36,1204.28,39765
1274821200,"2010-05-25 21:00:00",1204.28,1216.71,1200.88,1211.68,31952
1274907600,"2010-05-26 21:00:00",1211.68,1218.51,1205.88,1212.19,28325
1274994000,"2010-05-27 21:00:00",1212.19,1215.54,1202.23,1214.6,27383
1275253200,"2010-05-30 21:00:00",1214.6,1218.1,1209.84,1216.25,10932
1275339600,"2010-05-31 21:00:00",1216.25,1228.98,1214.69,1225.64,27789
1275426000,"2010-06-01 21:00:00",1225.64,1227.165,1213.405,1223.46,25576
1275512400,"2010-06-02 21:00:00",1223.46,1224.815,1200.915,1206.64,31037
1275598800,"2010-06-03 21:00:00",1206.64,1220.13,1196.595,1219.88,43519
1275858000,"2010-06-06 21:00:00",1219.93,1244.71,1210.72,1240.22,37167
1275944400,"2010-06-07 21:00:00",1240.22,1252.185,1233.505,1236.61,45354
1276030800,"2010-06-08 21:00:00",1236.61,1241.01,1221.795,1233.33,31492
1276117200,"2010-06-09 21:00:00",1233.33,1234.25,1214.95,1216.6,32709
1276203600,"2010-06-10 21:00:00",1216.6,1230.79,1216.27,1226.69,29105
1276462800,"2010-06-13 21:00:00",1226.61,1234.21,1216.23,1221.22,29179
1276549200,"2010-06-14 21:00:00",1221.22,1236.86,1219.895,1234.13,30819
1276635600,"2010-06-15 21:00:00",1234.13,1238.08,1226.99,1229.22,27502
1276722000,"2010-06-16 21:00:00",1229.22,1251.245,1229.14,1244.97,31385
1276808400,"2010-06-17 21:00:00",1244.97,1262.385,1241.825,1256.89,26053
1277067600,"2010-06-20 21:00:00",1256.98,1265.265,1230.76,1233.73,34569
1277154000,"2010-06-21 21:00:00",1233.73,1242.86,1232.11,1240.06,31562
1277240400,"2010-06-22 21:00:00",1240.06,1246.485,1224.835,1237.39,27422
1277326800,"2010-06-23 21:00:00",1237.39,1248.53,1227.83,1243.44,33606
1277413200,"2010-06-24 21:00:00",1243.44,1258.41,1241.09,1255.67,26314
1277672400,"2010-06-27 21:00:00",1255.67,1262.81,1235.8,1239.1,37282
1277758800,"2010-06-28 21:00:00",1239.1,1245.22,1227.28,1240.67,36840
1277845200,"2010-06-29 21:00:00",1240.67,1247.76,1234.69,1242.37,23387
1277931600,"2010-06-30 21:00:00",1242.37,1243.99,1196.61,1198.87,42070
1278018000,"2010-07-01 21:00:00",1198.87,1213.5,1198.33,1211.4,37433
1278277200,"2010-07-04 21:00:00",1211.4,1214.52,1205.96,1208.93,11621
1278363600,"2010-07-05 21:00:00",1208.93,1213.75,1189.35,1192.69,32656
1278450000,"2010-07-06 21:00:00",1192.69,1204.05,1185.05,1202.6,26759
1278536400,"2010-07-07 21:00:00",1202.6,1208.015,1187.46,1198.07,23080
1278622800,"2010-07-08 21:00:00",1198.07,1213.84,1194.565,1211.92,21570
1278882000,"2010-07-11 21:00:00",1211.92,1213.25,1196.39,1196.79,20678
1278968400,"2010-07-12 21:00:00",1196.79,1218.04,1196.58,1212.34,20082
1279054800,"2010-07-13 21:00:00",1212.34,1218.22,1202.64,1208.35,23523
1279141200,"2010-07-14 21:00:00",1208.35,1217.405,1203.855,1208.31,35953
1279227600,"2010-07-15 21:00:00",1208.31,1210.935,1186.09,1193.05,33002
1279486800,"2010-07-18 21:00:00",1194.1,1196.07,1177.58,1182.89,30709
1279573200,"2010-07-19 21:00:00",1182.89,1193.81,1175.62,1192.07,29866
1279659600,"2010-07-20 21:00:00",1192.07,1198.14,1183.49,1185.18,31597
1279746000,"2010-07-21 21:00:00",1185.18,1201.31,1181.19,1195.01,29431
1279832400,"2010-07-22 21:00:00",1195.01,1204.16,1184.18,1189.06,29643
1280091600,"2010-07-25 21:00:00",1188.85,1194.77,1179.88,1183.65,22416
1280178000,"2010-07-26 21:00:00",1183.65,1187.33,1158.22,1161.84,25040
1280264400,"2010-07-27 21:00:00",1161.84,1166.17,1156.83,1163.34,19648
1280350800,"2010-07-28 21:00:00",1163.34,1169.53,1159.43,1168.3,24738
1280437200,"2010-07-29 21:00:00",1168.3,1183.71,1165.825,1181.05,29518
1280696400,"2010-08-01 21:00:00",1181.75,1190.54,1174.61,1182.84,25667
1280782800,"2010-08-02 21:00:00",1182.84,1190.82,1179.51,1186.21,23786
1280869200,"2010-08-03 21:00:00",1186.21,1203.12,1184.91,1194.97,26351
1280955600,"2010-08-04 21:00:00",1194.97,1200.23,1190.04,1194.97,22365
1281042000,"2010-08-05 21:00:00",1194.97,1211.07,1192.515,1205.43,24351
1281301200,"2010-08-08 21:00:00",1205.58,1209.94,1199.09,1201.31,19228
1281387600,"2010-08-09 21:00:00",1201.31,1207.815,1190.72,1204.27,27784
1281474000,"2010-08-10 21:00:00",1204.27,1208.11,1192.58,1198.11,31168
1281560400,"2010-08-11 21:00:00",1198.11,1216.06,1196.67,1213.9,21585
1281646800,"2010-08-12 21:00:00",1213.9,1217.73,1210.66,1215.41,23001
1281906000,"2010-08-15 21:00:00",1215.2,1227.55,1214.35,1225.23,18491
1281992400,"2010-08-16 21:00:00",1225.23,1229.13,1222.645,1224.84,18344
1282078800,"2010-08-17 21:00:00",1224.84,1232.425,1217.395,1229.3,22880
1282165200,"2010-08-18 21:00:00",1229.3,1237.57,1227.865,1232.05,21398
1282251600,"2010-08-19 21:00:00",1232.05,1233.79,1222.09,1228.01,21579
1282510800,"2010-08-22 21:00:00",1227.75,1232.065,1221.94,1226.08,20243
1282597200,"2010-08-23 21:00:00",1226.08,1235.47,1210.19,1230.53,26517
1282683600,"2010-08-24 21:00:00",1230.53,1241.53,1229.125,1240.04,27056
1282770000,"2010-08-25 21:00:00",1240.04,1244.425,1234.16,1237.58,21009
1282856400,"2010-08-26 21:00:00",1237.58,1242.42,1231.99,1238.05,23277
1283115600,"2010-08-29 21:00:00",1237.8,1238.8,1233.395,1236.9,15900
1283202000,"2010-08-30 21:00:00",1236.9,1249.97,1231.94,1247.42,25517
1283288400,"2010-08-31 21:00:00",1247.42,1254.78,1242.63,1244.32,26775
1283374800,"2010-09-01 21:00:00",1244.32,1253.39,1243.625,1251,22817
1283461200,"2010-09-02 21:00:00",1251,1253.94,1237.94,1246.82,25694
1283720400,"2010-09-05 21:00:00",1247.12,1251.29,1246.945,1249.82,7026
1283806800,"2010-09-06 21:00:00",1249.82,1259.9,1244.9,1255.59,20747
1283893200,"2010-09-07 21:00:00",1255.59,1262.81,1253.44,1255.12,26145
1283979600,"2010-09-08 21:00:00",1255.12,1258.95,1242.34,1243.82,27092
1284066000,"2010-09-09 21:00:00",1243.82,1251.33,1236.76,1246.48,22570
1284325200,"2010-09-12 21:00:00",1246.28,1249.46,1241.14,1245.23,21803
1284411600,"2010-09-13 21:00:00",1245.23,1274.91,1244.86,1268.35,31243
1284498000,"2010-09-14 21:00:00",1268.35,1272.06,1263.23,1268.03,28270
1284584400,"2010-09-15 21:00:00",1268.03,1277.89,1264.88,1275.3,27738
1284670800,"2010-09-16 21:00:00",1275.3,1282.92,1272.02,1274.15,26329
1284930000,"2010-09-19 21:00:00",1274.75,1283.78,1274.355,1278.31,23170
1285016400,"2010-09-20 21:00:00",1278.31,1290.77,1270.91,1287.22,34086
1285102800,"2010-09-21 21:00:00",1287.22,1296.28,1286.33,1291.25,33952
1285189200,"2010-09-22 21:00:00",1291.25,1296.04,1286.97,1292.19,29319
1285275600,"2010-09-23 21:00:00",1292.19,1300.035,1291.485,1296.74,32523
1285534800,"2010-09-26 21:00:00",1296.86,1300.075,1294.03,1294.3,17651
1285621200,"2010-09-27 21:00:00",1294.3,1310.19,1280.62,1309.09,36375
1285707600,"2010-09-28 21:00:00",1309.09,1313.535,1305.615,1309.81,31386
1285794000,"2010-09-29 21:00:00",1309.81,1316.025,1295.875,1308.66,37491
1285880400,"2010-09-30 21:00:00",1308.66,1320.715,1306.35,1318.91,31106
1286139600,"2010-10-03 21:00:00",1318.68,1320.13,1312.45,1315.23,26070
1286226000,"2010-10-04 21:00:00",1315.23,1341.84,1312.44,1340.79,38117
1286312400,"2010-10-05 21:00:00",1340.79,1349.88,1339.05,1348.99,38442
1286398800,"2010-10-06 21:00:00",1348.99,1364.985,1325.78,1333.59,65075
1286485200,"2010-10-07 21:00:00",1333.59,1349.95,1324.945,1346.38,57792
1286744400,"2010-10-10 21:00:00",1346.29,1355.47,1340.385,1354.08,39308
1286830800,"2010-10-11 21:00:00",1354.08,1355.55,1340.765,1350.44,46425
1286917200,"2010-10-12 21:00:00",1350.44,1374.675,1349.35,1372.12,44383
1287003600,"2010-10-13 21:00:00",1372.12,1387.285,1370.415,1381.12,51104
1287090000,"2010-10-14 21:00:00",1381.12,1385.625,1362.315,1368.48,63613
1287349200,"2010-10-17 21:00:00",1369.33,1375.115,1352.795,1368.6,44941
1287435600,"2010-10-18 21:00:00",1368.6,1371.165,1328.47,1332.01,65915
1287522000,"2010-10-19 21:00:00",1332.01,1347.325,1330.685,1346.15,53457
1287608400,"2010-10-20 21:00:00",1346.15,1349.395,1318.025,1325.65,61165
1287694800,"2010-10-21 21:00:00",1325.65,1328.605,1315.335,1328.48,49190
1287954000,"2010-10-24 21:00:00",1328.48,1349.315,1327.43,1339.88,44685
1288040400,"2010-10-25 21:00:00",1339.88,1343.665,1328.15,1340.46,45876
1288126800,"2010-10-26 21:00:00",1340.46,1343.645,1319.07,1325.36,55848
1288213200,"2010-10-27 21:00:00",1325.36,1346.06,1323.095,1344.13,46871
1288299600,"2010-10-28 21:00:00",1344.13,1359.55,1335.385,1359.39,50722
1288558800,"2010-10-31 21:00:00",1358.23,1366.1,1349.305,1353.87,40685
1288645200,"2010-11-01 21:00:00",1353.87,1359.975,1350.515,1357.54,37416
1288731600,"2010-11-02 21:00:00",1357.54,1364.795,1325.64,1348.61,63840
1288818000,"2010-11-03 21:00:00",1348.61,1393.51,1347.055,1392.47,57896
1288904400,"2010-11-04 21:00:00",1392.47,1398.335,1373.57,1393.72,69213
1289167200,"2010-11-07 22:00:00",1394.45,1410.535,1386.915,1409.49,51093
1289253600,"2010-11-08 22:00:00",1409.49,1424.55,1382.75,1392.95,74857
1289340000,"2010-11-09 22:00:00",1392.95,1410.22,1383.88,1403.89,87376
1289426400,"2010-11-10 22:00:00",1403.89,1417.855,1397.285,1408.4,71252
1289512800,"2010-11-11 22:00:00",1408.4,1410.35,1359.725,1368.72,96618
1289772000,"2010-11-14 22:00:00",1369.67,1376.975,1355.865,1360.67,78365
1289858400,"2010-11-15 22:00:00",1360.67,1364.785,1329.755,1339.7,86924
1289944800,"2010-11-16 22:00:00",1339.7,1345.075,1331.045,1336.02,65613
1290031200,"2010-11-17 22:00:00",1336.02,1359.43,1333.76,1353.38,58316
1290117600,"2010-11-18 22:00:00",1353.38,1363.4,1341.71,1353.65,61404
1290376800,"2010-11-21 22:00:00",1354,1367.95,1348.56,1366.85,54852
1290463200,"2010-11-22 22:00:00",1366.85,1382.655,1356.29,1376.58,67624
1290549600,"2010-11-23 22:00:00",1376.58,1381.57,1369.46,1373.29,44996
1290636000,"2010-11-24 22:00:00",1373.29,1375.36,1367.985,1374.77,16308
1290722400,"2010-11-25 22:00:00",1374.77,1375.9,1351.04,1363.54,37128
1290981600,"2010-11-28 22:00:00",1363.26,1369.345,1353.29,1366.3,54254
1291068000,"2010-11-29 22:00:00",1366.3,1390.07,1362.935,1386.16,54468
1291154400,"2010-11-30 22:00:00",1386.16,1397.1,1381.64,1387.82,57810
1291240800,"2010-12-01 22:00:00",1387.82,1398.485,1382.95,1385.16,60255
1291327200,"2010-12-02 22:00:00",1385.16,1415.88,1384.63,1414.09,56457
1291586400,"2010-12-05 22:00:00",1414.43,1427.575,1409.12,1423.68,50589
1291672800,"2010-12-06 22:00:00",1423.68,1431.375,1396.58,1401.8,68861
1291759200,"2010-12-07 22:00:00",1401.8,1404.67,1371.08,1381.91,69846
1291845600,"2010-12-08 22:00:00",1381.91,1394.675,1380.18,1386.98,54407
1291932000,"2010-12-09 22:00:00",1386.98,1392.165,1372.215,1386.08,53220
1292191200,"2010-12-12 22:00:00",1385.93,1399.385,1380.35,1394.17,45783
1292277600,"2010-12-13 22:00:00",1394.17,1408.235,1391.995,1396.14,54988
1292364000,"2010-12-14 22:00:00",1396.14,1397.3,1378.4,1380.66,49344
1292450400,"2010-12-15 22:00:00",1380.66,1386.56,1361.21,1370,54187
1292536800,"2010-12-16 22:00:00",1370,1378.94,1364.78,1375.29,49162
1292796000,"2010-12-19 22:00:00",1374.78,1388.315,1374.78,1385.27,37400
1292882400,"2010-12-20 22:00:00",1385.27,1392.315,1380.965,1385.51,32943
1292968800,"2010-12-21 22:00:00",1385.51,1391.07,1383.03,1385.38,26753
1293055200,"2010-12-22 22:00:00",1385.38,1388.475,1372.285,1380.02,26722
1293141600,"2010-12-23 22:00:00",1380.02,1385.67,1378.51,1383.65,1066
1293400800,"2010-12-26 22:00:00",1383.15,1386.42,1372.5,1383.64,18259
1293487200,"2010-12-27 22:00:00",1383.64,1406.955,1382.61,1406.03,30117
1293573600,"2010-12-28 22:00:00",1406.03,1414.28,1401.28,1411.77,27563
1293660000,"2010-12-29 22:00:00",1411.77,1414.895,1403.145,1404.76,23790
1293746400,"2010-12-30 22:00:00",1404.76,1421.5,1404.13,1421.46,15635
1294005600,"2011-01-02 22:00:00",1421.08,1424.055,1412.675,1414.68,33544
1294092000,"2011-01-03 22:00:00",1414.68,1417.455,1374.98,1380.58,50369
1294178400,"2011-01-04 22:00:00",1380.58,1384.99,1363.955,1378.15,52034
1294264800,"2011-01-05 22:00:00",1378.15,1379.905,1364.69,1371.48,48891
1294351200,"2011-01-06 22:00:00",1371.48,1379.07,1352.925,1369.55,56827
1294610400,"2011-01-09 22:00:00",1369.9,1376.4,1365.485,1375.7,41217
1294696800,"2011-01-10 22:00:00",1375.7,1386.745,1372.825,1381.52,40672
1294783200,"2011-01-11 22:00:00",1381.52,1388.975,1376.695,1387.95,39526
1294869600,"2011-01-12 22:00:00",1387.95,1393.27,1369.67,1373.38,43285
1294956000,"2011-01-13 22:00:00",1373.38,1378.215,1355.205,1361.98,52861
1295215200,"2011-01-16 22:00:00",1362.1,1365.92,1357.34,1361.51,21302
1295301600,"2011-01-17 22:00:00",1361.51,1376.375,1360.77,1368.32,39044
1295388000,"2011-01-18 22:00:00",1368.32,1379.375,1366.04,1369.99,39069
1295474400,"2011-01-19 22:00:00",1369.99,1371.345,1343.49,1346.03,46725
1295560800,"2011-01-20 22:00:00",1346.03,1350.405,1337.945,1342.73,43767
1295820000,"2011-01-23 22:00:00",1342.73,1353.175,1332.72,1334.31,34625
1295906400,"2011-01-24 22:00:00",1334.31,1338.625,1322.805,1332.43,47742
1295992800,"2011-01-25 22:00:00",1332.43,1346.93,1325.195,1346.03,39061
1296079200,"2011-01-26 22:00:00",1346.03,1348.165,1310.445,1313.57,42685
1296165600,"2011-01-27 22:00:00",1313.57,1347.355,1308.41,1336.81,51260
1296424800,"2011-01-30 22:00:00",1338.4,1346.225,1323.34,1332.64,46812
1296511200,"2011-01-31 22:00:00",1332.64,1343.335,1325.515,1341.4,42431
1296597600,"2011-02-01 22:00:00",1341.4,1344.28,1326.87,1335.22,39482
1296684000,"2011-02-02 22:00:00",1335.22,1356.055,1325,1354.48,41419
1296770400,"2011-02-03 22:00:00",1354.48,1358.995,1345.175,1348.77,40771
1297029600,"2011-02-06 22:00:00",1349.11,1353.46,1343.75,1351.34,29235
1297116000,"2011-02-07 22:00:00",1351.34,1368.135,1348.575,1363.88,31850
1297202400,"2011-02-08 22:00:00",1363.88,1367.13,1358.02,1363.68,30829
1297288800,"2011-02-09 22:00:00",1363.68,1366.33,1351.21,1363.69,31729
1297375200,"2011-02-10 22:00:00",1363.69,1368.765,1354.08,1356.95,34518
1297634400,"2011-02-13 22:00:00",1356.6,1366.945,1354.15,1361.84,26806
1297720800,"2011-02-14 22:00:00",1361.84,1376.79,1360.89,1373.77,27540
1297807200,"2011-02-15 22:00:00",1373.77,1382.18,1368.36,1374.38,32695
1297893600,"2011-02-16 22:00:00",1374.38,1385.13,1374.375,1384.01,24038
1297980000,"2011-02-17 22:00:00",1384.01,1392.15,1381.855,1390.11,29990
1298239200,"2011-02-20 22:00:00",1389.36,1408.45,1389.36,1406.6,21513
1298325600,"2011-02-21 22:00:00",1406.6,1411.045,1392.95,1399.1,43353
1298412000,"2011-02-22 22:00:00",1399.1,1416.885,1395.725,1411.61,35224
1298498400,"2011-02-23 22:00:00",1411.61,1418.335,1392.39,1402.65,45611
1298584800,"2011-02-24 22:00:00",1402.65,1411.835,1399.97,1410.53,34714
1298844000,"2011-02-27 22:00:00",1409.7,1416.555,1404.905,1411.2,34129
1298930400,"2011-02-28 22:00:00",1411.2,1435.125,1409.485,1433.56,33688
1299016800,"2011-03-01 22:00:00",1433.56,1440.32,1427.89,1434.41,35063
1299103200,"2011-03-02 22:00:00",1434.41,1436.385,1410.305,1415.76,48312
1299189600,"2011-03-03 22:00:00",1415.76,1432.295,1413.49,1430.99,35035
1299448800,"2011-03-06 22:00:00",1432.79,1444.92,1428.17,1432.01,46751
1299535200,"2011-03-07 22:00:00",1432.01,1436.97,1423.44,1428.99,40892
1299621600,"2011-03-08 22:00:00",1428.99,1436.485,1423.3,1430.78,33086
1299708000,"2011-03-09 22:00:00",1430.78,1431.93,1403.08,1411.88,48319
1299794400,"2011-03-10 22:00:00",1411.88,1424.35,1404.925,1417.81,46705
1300050000,"2011-03-13 21:00:00",1419.5,1433.1,1418.435,1426.35,41683
1300136400,"2011-03-14 21:00:00",1426.35,1429.01,1381.025,1395.69,67041
1300222800,"2011-03-15 21:00:00",1395.69,1406.24,1392.475,1398.92,50318
1300309200,"2011-03-16 21:00:00",1398.92,1405.32,1386.85,1403.93,48538
1300395600,"2011-03-17 21:00:00",1403.93,1423.975,1402.275,1418.55,42153
1300654800,"2011-03-20 21:00:00",1419.9,1434.955,1419.9,1427.68,38254
1300741200,"2011-03-21 21:00:00",1427.68,1432.235,1419.555,1427.74,37568
1300827600,"2011-03-22 21:00:00",1427.74,1441.101,1425.885,1437.125,33933
1300914000,"2011-03-23 21:00:00",1437.125,1447.832,1423.84,1430.311,46582
1301000400,"2011-03-24 21:00:00",1430.311,1438.05,1422.266,1429.73,40386
1301259600,"2011-03-27 21:00:00",1428.83,1429.55,1410.288,1420.31,36962
1301346000,"2011-03-28 21:00:00",1420.31,1423.44,1411.136,1418.53,29888
1301432400,"2011-03-29 21:00:00",1418.53,1430.387,1412.046,1422.922,41150
1301518800,"2011-03-30 21:00:00",1422.922,1439.666,1420.56,1432.313,39679
1301605200,"2011-03-31 21:00:00",1432.313,1436.471,1412.771,1428.585,50946
1301864400,"2011-04-03 21:00:00",1429.03,1438.868,1428.08,1433.978,28701
1301950800,"2011-04-04 21:00:00",1433.978,1457.271,1430.077,1456.005,43211
1302037200,"2011-04-05 21:00:00",1456.005,1462.409,1451.475,1459.675,39269
1302123600,"2011-04-06 21:00:00",1459.675,1465.269,1452.804,1458.198,43194
1302210000,"2011-04-07 21:00:00",1458.198,1475.215,1456.598,1474.837,39062
1302469200,"2011-04-10 21:00:00",1475.17,1476.534,1459.446,1463.224,49004
1302555600,"2011-04-11 21:00:00",1463.224,1467.432,1444.21,1452.897,61091
1302642000,"2011-04-12 21:00:00",1452.897,1462.476,1451.279,1457.317,46159
1302728400,"2011-04-13 21:00:00",1457.317,1474.923,1452.535,1474.275,56658
1302814800,"2011-04-14 21:00:00",1474.275,1488.251,1471.555,1486.98,54653
1303074000,"2011-04-17 21:00:00",1486.23,1497.937,1477.375,1495.307,57676
1303160400,"2011-04-18 21:00:00",1495.307,1499.785,1487.744,1496.365,44891
1303246800,"2011-04-19 21:00:00",1496.365,1506.035,1493.413,1502.321,52589
1303333200,"2011-04-20 21:00:00",1502.321,1509.077,1500.53,1504.903,48307
1303419600,"2011-04-21 21:00:00",1504.903,1512.798,1503.738,1506.6,1223
1303678800,"2011-04-24 21:00:00",1506.4,1518.4,1502.11,1507.087,61562
1303765200,"2011-04-25 21:00:00",1507.087,1508.257,1492.994,1506.245,52465
1303851600,"2011-04-26 21:00:00",1506.245,1530.376,1503.212,1527.13,64873
1303938000,"2011-04-27 21:00:00",1527.13,1538.557,1524.296,1536.337,68561
1304024400,"2011-04-28 21:00:00",1536.337,1569.465,1532.057,1563.75,54999
1304283600,"2011-05-01 21:00:00",1564.6,1576.472,1540.4,1545.408,111875
1304370000,"2011-05-02 21:00:00",1545.408,1551.301,1527.124,1535.965,105843
1304456400,"2011-05-03 21:00:00",1535.965,1543.341,1506.095,1516.265,103937
1304542800,"2011-05-04 21:00:00",1516.265,1522.115,1462.702,1474.275,141529
1304629200,"2011-05-05 21:00:00",1474.275,1498.491,1471.328,1495.55,124652
1304888400,"2011-05-08 21:00:00",1495.15,1514.04,1490.123,1513.797,79126
1304974800,"2011-05-09 21:00:00",1513.797,1519.774,1505.954,1516.352,61793
1305061200,"2011-05-10 21:00:00",1516.352,1526.687,1495.785,1501.371,81252
1305147600,"2011-05-11 21:00:00",1501.371,1508.137,1478.245,1505.955,96564
1305234000,"2011-05-12 21:00:00",1505.955,1516.562,1482.88,1495.035,76533
1305493200,"2011-05-15 21:00:00",1494.15,1504.566,1487.56,1489.312,66350
1305579600,"2011-05-16 21:00:00",1489.312,1497.752,1471.924,1486.738,73048
1305666000,"2011-05-17 21:00:00",1486.738,1500.009,1485.054,1497.171,52610
1305752400,"2011-05-18 21:00:00",1497.171,1499.854,1486.415,1493.27,55745
1305838800,"2011-05-19 21:00:00",1493.27,1515.961,1486.886,1511.85,67154
1306098000,"2011-05-22 21:00:00",1512.9,1519.041,1504.045,1517.093,69135
1306184400,"2011-05-23 21:00:00",1517.093,1527.953,1513.416,1526.618,52025
1306270800,"2011-05-24 21:00:00",1526.618,1532.361,1521.304,1525.308,47855
1306357200,"2011-05-25 21:00:00",1525.308,1531.027,1514.738,1519.209,54356
1306443600,"2011-05-26 21:00:00",1519.209,1538.458,1518.538,1536.433,33039
1306702800,"2011-05-29 21:00:00",1536.433,1539.124,1534.269,1538.735,13794
1306789200,"2011-05-30 21:00:00",1538.735,1540.922,1532.318,1535.639,42947
1306875600,"2011-05-31 21:00:00",1535.639,1550.483,1529.559,1539.858,53354
1306962000,"2011-06-01 21:00:00",1539.858,1544.516,1519.659,1533.701,54182
1307048400,"2011-06-02 21:00:00",1533.701,1546.916,1524.097,1542.075,62416
1307307600,"2011-06-05 21:00:00",1542.575,1553.715,1540.972,1544.705,41773
1307394000,"2011-06-06 21:00:00",1544.705,1550.315,1536.211,1544.182,43155
1307480400,"2011-06-07 21:00:00",1544.182,1546.447,1530.983,1537.549,47862
1307566800,"2011-06-08 21:00:00",1537.549,1549.741,1533.32,1544.067,42641
1307653200,"2011-06-09 21:00:00",1544.067,1545.492,1526.063,1531.23,44025
1307912400,"2011-06-12 21:00:00",1531.25,1532.847,1510.908,1515.862,52016
1307998800,"2011-06-13 21:00:00",1515.862,1526.303,1512.225,1523.923,48375
1308085200,"2011-06-14 21:00:00",1523.923,1534.66,1514.166,1530.97,60513
1308171600,"2011-06-15 21:00:00",1530.97,1533.225,1521.742,1529.83,45438
1308258000,"2011-06-16 21:00:00",1529.83,1542.214,1522.616,1539.45,44832
1308517200,"2011-06-19 21:00:00",1539.44,1547.211,1533.014,1540.712,39296
1308603600,"2011-06-20 21:00:00",1540.712,1548.141,1538.763,1546.356,35882
1308690000,"2011-06-21 21:00:00",1546.356,1558.242,1541.346,1549.002,44679
1308776400,"2011-06-22 21:00:00",1549.002,1549.474,1511.985,1521.178,68304
1308862800,"2011-06-23 21:00:00",1521.178,1525.775,1498.514,1502.598,63526
1309122000,"2011-06-26 21:00:00",1502.1,1505.46,1490.812,1497.892,52678
1309208400,"2011-06-27 21:00:00",1497.892,1506.427,1495.831,1501.355,41405
1309294800,"2011-06-28 21:00:00",1501.355,1513.209,1500.384,1512.33,42374
1309381200,"2011-06-29 21:00:00",1512.33,1514.082,1498.801,1500.078,45737
1309467600,"2011-06-30 21:00:00",1500.078,1502.742,1478.257,1487.75,51678
1309726800,"2011-07-03 21:00:00",1487.15,1496.788,1486.295,1496.515,15031
1309813200,"2011-07-04 21:00:00",1496.515,1516.756,1493.416,1515.901,33449
1309899600,"2011-07-05 21:00:00",1515.901,1533.894,1510.269,1529.003,44732
1309986000,"2011-07-06 21:00:00",1529.003,1534.593,1522.995,1532.372,40147
1310072400,"2011-07-07 21:00:00",1532.372,1545.575,1524.841,1544.2,43448
1310331600,"2011-07-10 21:00:00",1544.2,1557.046,1541.865,1553.654,45153
1310418000,"2011-07-11 21:00:00",1553.654,1573.735,1540.843,1567.808,61572
1310504400,"2011-07-12 21:00:00",1567.808,1588.068,1564.472,1582.348,60001
1310590800,"2011-07-13 21:00:00",1582.348,1594.46,1579.053,1587.321,69134
1310677200,"2011-07-14 21:00:00",1587.321,1593.954,1576.105,1593.7,56649
1310936400,"2011-07-17 21:00:00",1593.7,1607.482,1591.721,1604.914,51004
1311022800,"2011-07-18 21:00:00",1604.914,1610.196,1582.558,1588.447,53011
1311109200,"2011-07-19 21:00:00",1588.447,1601.707,1581.242,1600.516,50883
1311195600,"2011-07-20 21:00:00",1600.516,1604.598,1584.878,1590.595,63397
1311282000,"2011-07-21 21:00:00",1590.595,1607.4,1583.633,1601.4,44416
1311541200,"2011-07-24 21:00:00",1600.25,1623.837,1600.25,1614.106,54213
1311627600,"2011-07-25 21:00:00",1614.106,1620.463,1608.077,1619.365,44285
1311714000,"2011-07-26 21:00:00",1619.365,1628.663,1608.994,1613.533,45345
1311800400,"2011-07-27 21:00:00",1613.533,1620.367,1603.057,1616.05,46280
1311886800,"2011-07-28 21:00:00",1616.05,1632.826,1610.743,1627.15,56406
1312146000,"2011-07-31 21:00:00",1626.65,1632.056,1605.9,1619.514,63480
1312232400,"2011-08-01 21:00:00",1619.514,1661.171,1616.634,1661.105,67666
1312318800,"2011-08-02 21:00:00",1661.105,1673.105,1652.038,1661.73,59201
1312405200,"2011-08-03 21:00:00",1661.73,1682.276,1642.357,1646.483,116838
1312491600,"2011-08-04 21:00:00",1646.483,1670.246,1641.839,1663.7,113939
1312750800,"2011-08-07 21:00:00",1668.3,1720.733,1668.3,1719.5,134328
1312837200,"2011-08-08 21:00:00",1719.5,1779.818,1715.343,1740.49,226089
1312923600,"2011-08-09 21:00:00",1740.49,1798,1737.819,1793.2,178363
1313010000,"2011-08-10 21:00:00",1793.2,1814.903,1732.326,1763.95,223846
1313096400,"2011-08-11 21:00:00",1763.95,1768.154,1723.482,1746.55,131057
1313355600,"2011-08-14 21:00:00",1746.75,1766.635,1728.459,1765.96,88912
1313442000,"2011-08-15 21:00:00",1765.96,1787.243,1761.259,1785.713,92486
1313528400,"2011-08-16 21:00:00",1785.713,1794.863,1779.122,1791.257,65864
1313614800,"2011-08-17 21:00:00",1791.257,1828.929,1784.153,1823.803,96163
1313701200,"2011-08-18 21:00:00",1823.803,1877.895,1821.823,1852.05,178388
1313960400,"2011-08-21 21:00:00",1853.5,1898.873,1853.5,1897.685,154648
1314046800,"2011-08-22 21:00:00",1897.685,1912.277,1823.819,1828.445,215760
1314133200,"2011-08-23 21:00:00",1828.445,1854.192,1750.027,1759.155,233193
1314219600,"2011-08-24 21:00:00",1759.155,1775.258,1703.147,1775.09,298617
1314306000,"2011-08-25 21:00:00",1775.09,1829.15,1757.626,1828.8,244125
1314565200,"2011-08-28 21:00:00",1833.05,1838.15,1776.135,1788.297,120551
1314651600,"2011-08-29 21:00:00",1788.297,1840.717,1783.788,1835.339,108454
1314738000,"2011-08-30 21:00:00",1835.339,1840.077,1811.509,1825.613,97936
1314824400,"2011-08-31 21:00:00",1825.613,1830.897,1813.725,1826.184,70898
1314910800,"2011-09-01 21:00:00",1826.184,1884.864,1824.633,1883.05,80533
1315170000,"2011-09-04 21:00:00",1885.25,1903.573,1874.495,1901.647,52809
1315256400,"2011-09-05 21:00:00",1901.647,1921.07,1859.478,1875.31,162497
1315342800,"2011-09-06 21:00:00",1875.31,1896.678,1793.115,1817.676,164238
1315429200,"2011-09-07 21:00:00",1817.676,1870.748,1813.846,1870.251,134990
1315515600,"2011-09-08 21:00:00",1870.251,1886.269,1823.367,1855.5,169710
1315774800,"2011-09-11 21:00:00",1857,1862.465,1801.585,1814.846,145076
1315861200,"2011-09-12 21:00:00",1814.846,1844.131,1794.975,1833.601,115299
1315947600,"2011-09-13 21:00:00",1833.601,1844.905,1808.773,1819.799,100412
1316034000,"2011-09-14 21:00:00",1819.799,1826.611,1772.856,1788.595,111405
1316120400,"2011-09-15 21:00:00",1788.595,1821.876,1762.792,1811.65,95678
1316379600,"2011-09-18 21:00:00",1812.65,1828.045,1770.455,1778.795,106683
1316466000,"2011-09-19 21:00:00",1778.795,1811.808,1769.993,1803.625,99575
1316552400,"2011-09-20 21:00:00",1803.625,1816.682,1778.976,1782.26,115218
1316638800,"2011-09-21 21:00:00",1782.26,1786.485,1720.961,1740.15,167414
1316725200,"2011-09-22 21:00:00",1740.15,1755.575,1629.322,1656.85,225515
1316984400,"2011-09-25 21:00:00",1656.85,1663.975,1533.207,1626.98,178342
1317070800,"2011-09-26 21:00:00",1626.98,1677.089,1615.152,1651.01,144127
1317157200,"2011-09-27 21:00:00",1651.01,1669.437,1598.788,1609.215,150979
1317243600,"2011-09-28 21:00:00",1609.215,1635.371,1583.361,1614.712,135206
1317330000,"2011-09-29 21:00:00",1614.712,1640.828,1606.962,1623.813,110880
1317589200,"2011-10-02 21:00:00",1624.325,1664.682,1618.75,1658.577,108732
1317675600,"2011-10-03 21:00:00",1658.577,1678.775,1596.009,1623.854,126681
1317762000,"2011-10-04 21:00:00",1623.854,1647.114,1597.76,1641.063,117559
1317848400,"2011-10-05 21:00:00",1641.063,1655.199,1631.844,1651.368,107363
1317934800,"2011-10-06 21:00:00",1651.368,1666.593,1626.278,1638.1,109358
1318194000,"2011-10-09 21:00:00",1638.85,1677.844,1638.34,1676.82,73411
1318280400,"2011-10-10 21:00:00",1676.82,1684.824,1653.932,1662.293,79367
1318366800,"2011-10-11 21:00:00",1662.293,1692.337,1659.835,1676.17,77871
1318453200,"2011-10-12 21:00:00",1676.17,1684.581,1652.998,1668.05,85180
1318539600,"2011-10-13 21:00:00",1668.05,1683.934,1661.305,1680.833,59078
1318798800,"2011-10-16 21:00:00",1680.05,1695.16,1664.937,1670.861,68187
1318885200,"2011-10-17 21:00:00",1670.861,1676.976,1627.064,1657.918,103905
1318971600,"2011-10-18 21:00:00",1657.918,1665.38,1639.861,1640.686,78423
1319058000,"2011-10-19 21:00:00",1640.686,1645.031,1603.958,1620.777,126946
1319144400,"2011-10-20 21:00:00",1620.777,1648.672,1611.853,1641.765,85550
1319403600,"2011-10-23 21:00:00",1641.6,1662.052,1635.632,1653.734,68572
1319490000,"2011-10-24 21:00:00",1653.734,1709.054,1643.939,1705.224,95036
1319576400,"2011-10-25 21:00:00",1705.224,1726.74,1695.33,1724.926,85566
1319662800,"2011-10-26 21:00:00",1724.926,1750.092,1706.224,1744.747,85762
1319749200,"2011-10-27 21:00:00",1744.747,1752.728,1732.408,1744.175,63310
1320008400,"2011-10-30 21:00:00",1743.175,1745.244,1704.567,1714.997,103819
1320094800,"2011-10-31 21:00:00",1714.997,1724.445,1681.408,1719.878,120465
1320181200,"2011-11-01 21:00:00",1719.878,1744.36,1714.536,1738.515,92177
1320267600,"2011-11-02 21:00:00",1738.515,1767.913,1722.886,1763.812,115792
1320354000,"2011-11-03 21:00:00",1763.812,1764.826,1749.089,1754.863,70107
1320616800,"2011-11-06 22:00:00",1754.893,1798.558,1752.883,1795.16,60224
1320703200,"2011-11-07 22:00:00",1795.16,1803.023,1777.089,1786.235,66331
1320789600,"2011-11-08 22:00:00",1786.235,1799.81,1764.195,1769.935,89652
1320876000,"2011-11-09 22:00:00",1769.935,1775.631,1735.97,1758.393,92517
1320962400,"2011-11-10 22:00:00",1758.393,1789.505,1745.773,1788.551,64341
1321221600,"2011-11-13 22:00:00",1788.35,1796.331,1773.901,1780.424,65247
1321308000,"2011-11-14 22:00:00",1780.424,1786.355,1760.407,1780.84,67889
1321394400,"2011-11-15 22:00:00",1780.84,1783.723,1753.481,1763.4,85248
1321480800,"2011-11-16 22:00:00",1763.4,1767.122,1710.627,1721.517,108544
1321567200,"2011-11-17 22:00:00",1721.517,1737.763,1711.129,1723.812,90810
1321826400,"2011-11-20 22:00:00",1723.812,1726.597,1666.683,1677.365,78197
1321912800,"2011-11-21 22:00:00",1677.365,1705.694,1670.803,1699.591,61559
1321999200,"2011-11-22 22:00:00",1699.591,1710.165,1677.379,1692.453,60566
1322085600,"2011-11-23 22:00:00",1692.453,1701.981,1687.799,1695.517,24118
1322172000,"2011-11-24 22:00:00",1695.517,1698.054,1672.04,1681.145,43451
1322431200,"2011-11-27 22:00:00",1683.395,1720.749,1683.395,1712.569,43703
1322517600,"2011-11-28 22:00:00",1712.569,1720.247,1703.967,1715.565,39339
1322604000,"2011-11-29 22:00:00",1715.565,1750.33,1700.882,1746.439,62930
1322690400,"2011-11-30 22:00:00",1746.439,1754.378,1733.836,1744.763,40881
1322776800,"2011-12-01 22:00:00",1744.763,1763.305,1738.177,1746.4,39477
1323036000,"2011-12-04 22:00:00",1746.55,1755.027,1717.948,1722.75,44862
1323122400,"2011-12-05 22:00:00",1722.75,1733.184,1702.293,1728.668,49541
1323208800,"2011-12-06 22:00:00",1728.668,1742.926,1720.317,1741.993,42784
1323295200,"2011-12-07 22:00:00",1741.993,1756.306,1704.158,1708.372,59748
1323381600,"2011-12-08 22:00:00",1708.372,1724.138,1703.676,1711.326,49759
1323640800,"2011-12-11 22:00:00",1711.326,1714.936,1657.427,1666.513,49286
1323727200,"2011-12-12 22:00:00",1666.513,1678.269,1622.556,1631.365,61449
1323813600,"2011-12-13 22:00:00",1631.365,1641.818,1563.824,1573.966,80625
1323900000,"2011-12-14 22:00:00",1573.966,1594.083,1560.503,1570.466,75100
1323986400,"2011-12-15 22:00:00",1570.466,1601.443,1570.033,1599.012,52469
1324245600,"2011-12-18 22:00:00",1599.012,1608.838,1583.512,1594.346,48934
1324332000,"2011-12-19 22:00:00",1594.346,1618.647,1592.427,1615.539,33633
1324418400,"2011-12-20 22:00:00",1615.539,1641.892,1606.107,1615.167,46866
1324504800,"2011-12-21 22:00:00",1615.167,1616.994,1598.075,1606.176,38144
1324591200,"2011-12-22 22:00:00",1606.176,1614.03,1602.78,1607.032,19113
1324850400,"2011-12-25 22:00:00",1607.032,1614.032,1598.522,1602.05,142
1324936800,"2011-12-26 22:00:00",1602.05,1607.63,1589.751,1593.071,20153
1325023200,"2011-12-27 22:00:00",1593.071,1593.218,1549.812,1556.887,36902
1325109600,"2011-12-28 22:00:00",1556.887,1561.58,1522.764,1545.817,50777
1325196000,"2011-12-29 22:00:00",1545.817,1581.625,1545.817,1565.025,35723
1325541600,"2012-01-02 22:00:00",1565.025,1607.436,1565.025,1604.019,37138
1325628000,"2012-01-03 22:00:00",1604.019,1618.723,1592.969,1612.027,48419
1325714400,"2012-01-04 22:00:00",1612.027,1625.704,1596.954,1622.715,51713
1325800800,"2012-01-05 22:00:00",1622.715,1631.319,1608.692,1617.566,48927
1326060000,"2012-01-08 22:00:00",1617.566,1623.743,1605.211,1611.348,42215
1326146400,"2012-01-09 22:00:00",1611.348,1640.455,1608.691,1632.629,36379
1326232800,"2012-01-10 22:00:00",1632.629,1647.278,1630.332,1641.938,38320
1326319200,"2012-01-11 22:00:00",1641.938,1662.15,1640.305,1650.068,37076
1326405600,"2012-01-12 22:00:00",1650.068,1650.068,1625.507,1639.5,46231
1326664800,"2012-01-15 22:00:00",1639.5,1647.065,1631.569,1643.705,23022
1326751200,"2012-01-16 22:00:00",1643.705,1667.684,1641.957,1652.342,35294
1326837600,"2012-01-17 22:00:00",1652.342,1662.496,1642.727,1659.845,44840
1326924000,"2012-01-18 22:00:00",1659.845,1670.235,1649.322,1658.586,37348
1327010400,"2012-01-19 22:00:00",1658.586,1666.957,1645.161,1666.523,35359
1327269600,"2012-01-22 22:00:00",1666.493,1681.56,1662.837,1676.825,34137
1327356000,"2012-01-23 22:00:00",1676.825,1679.847,1661.62,1665.566,32108
1327442400,"2012-01-24 22:00:00",1665.566,1713.106,1649.16,1710.613,45427
1327528800,"2012-01-25 22:00:00",1710.613,1730.849,1703.214,1720.935,44962
1327615200,"2012-01-26 22:00:00",1720.935,1739.984,1714.636,1738.683,35628
1327874400,"2012-01-29 22:00:00",1738.683,1739.935,1716.518,1729.828,34630
1327960800,"2012-01-30 22:00:00",1729.828,1747.693,1726.251,1737.721,40239
1328047200,"2012-01-31 22:00:00",1737.721,1751.182,1732.743,1744.365,38874
1328133600,"2012-02-01 22:00:00",1744.365,1761.194,1741.054,1759.455,38755
1328220000,"2012-02-02 22:00:00",1759.455,1763.245,1723.777,1726.235,46843
1328479200,"2012-02-05 22:00:00",1726.235,1738.267,1711.983,1720.167,40963
1328565600,"2012-02-06 22:00:00",1720.167,1749.988,1710.305,1745.337,42821
1328652000,"2012-02-07 22:00:00",1745.337,1752.18,1724.535,1733.738,41380
1328738400,"2012-02-08 22:00:00",1733.738,1752.624,1726.034,1729.323,50957
1328824800,"2012-02-09 22:00:00",1729.323,1734.89,1704.688,1722.096,50069
1329084000,"2012-02-12 22:00:00",1722.096,1733.309,1716.239,1722.303,36853
1329170400,"2012-02-13 22:00:00",1722.303,1727.881,1712.269,1720.236,45133
1329256800,"2012-02-14 22:00:00",1720.236,1737.447,1718.706,1728.179,39249
1329343200,"2012-02-15 22:00:00",1728.179,1730.05,1705.393,1728.287,45267
1329429600,"2012-02-16 22:00:00",1728.287,1735.905,1717.262,1723.384,31806
1329688800,"2012-02-19 22:00:00",1724.384,1737.235,1724.384,1735.05,18761
1329775200,"2012-02-20 22:00:00",1735.05,1759.993,1730.983,1759.207,36656
1329861600,"2012-02-21 22:00:00",1759.207,1781.831,1749.343,1776.461,36365
1329948000,"2012-02-22 22:00:00",1776.461,1787.441,1772.303,1780.676,37042
1330034400,"2012-02-23 22:00:00",1780.676,1782.884,1770.57,1772.413,34502
1330293600,"2012-02-26 22:00:00",1772.413,1779.448,1761.625,1767.61,36248
1330380000,"2012-02-27 22:00:00",1767.61,1790.214,1765.898,1784.253,36030
1330466400,"2012-02-28 22:00:00",1784.253,1790.792,1688.483,1696.912,79411
1330552800,"2012-02-29 22:00:00",1696.912,1726.175,1694.795,1718.143,68950
1330639200,"2012-03-01 22:00:00",1718.143,1724.39,1705.033,1712.555,46320
1330898400,"2012-03-04 22:00:00",1711.455,1716.872,1694.029,1706.372,44514
1330984800,"2012-03-05 22:00:00",1706.372,1709.011,1663.34,1674.443,60245
1331071200,"2012-03-06 22:00:00",1674.443,1688.268,1671.359,1684.9,39109
1331157600,"2012-03-07 22:00:00",1684.9,1704.015,1683.486,1699.859,37401
1331244000,"2012-03-08 22:00:00",1699.859,1715.307,1676.67,1713.925,46838
1331499600,"2012-03-11 21:00:00",1713.925,1716.809,1692.583,1701.285,44666
1331586000,"2012-03-12 21:00:00",1701.285,1705.826,1662.032,1674.008,53017
1331672400,"2012-03-13 21:00:00",1674.008,1682.489,1634.612,1644.718,53306
1331758800,"2012-03-14 21:00:00",1644.718,1666.694,1636.24,1658.65,45222
1331845200,"2012-03-15 21:00:00",1658.65,1664.864,1639.836,1660.023,39502
1332104400,"2012-03-18 21:00:00",1660.023,1669.913,1652.357,1664.398,31433
1332190800,"2012-03-19 21:00:00",1664.398,1664.763,1641.513,1650.791,35724
1332277200,"2012-03-20 21:00:00",1650.791,1661.933,1646.666,1650.807,34782
1332363600,"2012-03-21 21:00:00",1650.807,1656.536,1628.18,1646.048,42670
1332450000,"2012-03-22 21:00:00",1646.048,1666.515,1642.236,1661.975,36034
1332709200,"2012-03-25 21:00:00",1661.975,1693.659,1655.684,1690.172,35205
1332795600,"2012-03-26 21:00:00",1690.172,1697.248,1679.698,1680.723,29519
1332882000,"2012-03-27 21:00:00",1680.723,1684.605,1654.835,1663.497,33943
1332968400,"2012-03-28 21:00:00",1663.497,1664.994,1645.233,1661.614,31607
1333054800,"2012-03-29 21:00:00",1661.614,1671.126,1659.791,1668.324,28239
1333314000,"2012-04-01 21:00:00",1668.854,1683.574,1663.041,1677.741,26931
1333400400,"2012-04-02 21:00:00",1677.741,1681.15,1639.05,1646.015,39355
1333486800,"2012-04-03 21:00:00",1646.015,1648.165,1612.394,1620.625,42808
1333573200,"2012-04-04 21:00:00",1620.625,1633.67,1620.043,1631.224,29251
1333659600,"2012-04-05 21:00:00",1631.224,1641.937,1627.611,1640,658
1333918800,"2012-04-08 21:00:00",1641.5,1648.841,1635.69,1640.291,24551
1334005200,"2012-04-09 21:00:00",1640.291,1663.105,1632.036,1659.879,38862
1334091600,"2012-04-10 21:00:00",1659.879,1662.684,1653.005,1658.899,32286
1334178000,"2012-04-11 21:00:00",1658.899,1680.22,1650.619,1675.793,31410
1334264400,"2012-04-12 21:00:00",1675.793,1679.443,1649.425,1658.402,35431
1334523600,"2012-04-15 21:00:00",1658.382,1658.732,1641.425,1651.928,34551
1334610000,"2012-04-16 21:00:00",1651.928,1657.529,1634.646,1649.641,31174
1334696400,"2012-04-17 21:00:00",1649.641,1654.498,1637.975,1642.172,28489
1334782800,"2012-04-18 21:00:00",1642.172,1653.944,1631.221,1642.796,36702
1334869200,"2012-04-19 21:00:00",1642.796,1647.336,1638.656,1643.055,24524
1335128400,"2012-04-22 21:00:00",1642.677,1643.4,1623.37,1638.817,28148
1335214800,"2012-04-23 21:00:00",1638.817,1649.419,1634.151,1642.141,22157
1335301200,"2012-04-24 21:00:00",1642.141,1646.728,1624.945,1643.841,35004
1335387600,"2012-04-25 21:00:00",1643.841,1661.188,1641.999,1657.399,24283
1335474000,"2012-04-26 21:00:00",1657.399,1667.781,1650.708,1662.988,22774
1335733200,"2012-04-29 21:00:00",1662.988,1666.269,1646.133,1664.889,21444
1335819600,"2012-04-30 21:00:00",1664.889,1671.62,1657.144,1662.404,17632
1335906000,"2012-05-01 21:00:00",1662.404,1663.241,1646.164,1653.563,26172
1335992400,"2012-05-02 21:00:00",1653.563,1653.754,1631.17,1636.061,29603
1336078800,"2012-05-03 21:00:00",1636.061,1647.513,1626.691,1642.366,30284
1336338000,"2012-05-06 21:00:00",1642.366,1642.626,1632.135,1638.482,22960
1336424400,"2012-05-07 21:00:00",1638.482,1639.209,1595.479,1605.575,35092
1336510800,"2012-05-08 21:00:00",1605.575,1606.578,1579.594,1589.575,43443
1336597200,"2012-05-09 21:00:00",1589.575,1602.045,1585.844,1594.099,28573
1336683600,"2012-05-10 21:00:00",1594.099,1595.189,1573.622,1579.481,30306
1336942800,"2012-05-13 21:00:00",1580.3,1585.857,1556.234,1556.655,32772
1337029200,"2012-05-14 21:00:00",1556.655,1564.389,1541.657,1544.028,31340
1337115600,"2012-05-15 21:00:00",1544.028,1552.296,1527.117,1539.603,58766
1337202000,"2012-05-16 21:00:00",1539.603,1579.984,1538.8,1574.177,55794
1337288400,"2012-05-17 21:00:00",1574.177,1597.585,1568.115,1593.139,53569
1337547600,"2012-05-20 21:00:00",1593.489,1599.234,1584.997,1593.215,39970
1337634000,"2012-05-21 21:00:00",1593.215,1594.543,1561.644,1568.548,41965
1337720400,"2012-05-22 21:00:00",1568.548,1568.919,1533.557,1561.52,68252
1337806800,"2012-05-23 21:00:00",1561.52,1578.023,1551.676,1559.229,58174
1337893200,"2012-05-24 21:00:00",1559.229,1574.298,1551.42,1572.913,47457
1338152400,"2012-05-27 21:00:00",1573.913,1583.452,1571.569,1575.588,20990
1338238800,"2012-05-28 21:00:00",1575.588,1582.792,1548.549,1555.255,49885
1338325200,"2012-05-29 21:00:00",1555.255,1569.579,1532.244,1563.175,60725
1338411600,"2012-05-30 21:00:00",1563.175,1573.236,1552.344,1560.508,57993
1338498000,"2012-05-31 21:00:00",1560.508,1630.165,1545.293,1624.251,72299
1338757200,"2012-06-03 21:00:00",1625.001,1628.184,1608.87,1618.855,57265
1338843600,"2012-06-04 21:00:00",1618.855,1623.663,1612.064,1617.008,48535
1338930000,"2012-06-05 21:00:00",1617.008,1640.938,1613.802,1619.246,60599
1339016400,"2012-06-06 21:00:00",1619.246,1629.303,1578.722,1589.455,76888
1339102800,"2012-06-07 21:00:00",1589.455,1595.3,1558.284,1593.563,62757
1339362000,"2012-06-10 21:00:00",1598.313,1608.233,1581.954,1596.651,49323
1339448400,"2012-06-11 21:00:00",1596.651,1617.679,1586.057,1609.915,43358
1339534800,"2012-06-12 21:00:00",1609.915,1624.787,1606.171,1617.119,35774
1339621200,"2012-06-13 21:00:00",1617.119,1628.06,1609.567,1623.601,38488
1339707600,"2012-06-14 21:00:00",1623.601,1633.982,1619.882,1627.34,30843
1339966800,"2012-06-17 21:00:00",1627.34,1630.382,1607.879,1628.147,40355
1340053200,"2012-06-18 21:00:00",1628.147,1633.463,1617.523,1618.387,31356
1340139600,"2012-06-19 21:00:00",1618.387,1622.852,1590.444,1607.453,53488
1340226000,"2012-06-20 21:00:00",1607.453,1607.455,1564.496,1566.239,49703
1340312400,"2012-06-21 21:00:00",1566.239,1573.559,1558.401,1572.686,31709
1340571600,"2012-06-24 21:00:00",1572.686,1588.439,1566.451,1584.488,29821
1340658000,"2012-06-25 21:00:00",1584.488,1587.574,1567.844,1572.943,28709
1340744400,"2012-06-26 21:00:00",1572.943,1583.562,1562.774,1574.246,30627
1340830800,"2012-06-27 21:00:00",1574.246,1579.136,1548.111,1552.905,37250
1340917200,"2012-06-28 21:00:00",1552.905,1607.251,1551.198,1597.584,42292
1341176400,"2012-07-01 21:00:00",1597.584,1602.605,1587.36,1596.906,27057
1341262800,"2012-07-02 21:00:00",1596.906,1624.961,1594.981,1617.462,25616
1341349200,"2012-07-03 21:00:00",1617.462,1620.47,1611.682,1615.15,14089
1341435600,"2012-07-04 21:00:00",1615.15,1624.001,1597.53,1604.603,38659
1341522000,"2012-07-05 21:00:00",1604.603,1609.966,1576.551,1583.823,40174
1341781200,"2012-07-08 21:00:00",1583.823,1593.042,1576.752,1587.625,22848
1341867600,"2012-07-09 21:00:00",1587.625,1601.598,1564.697,1567.349,30188
1341954000,"2012-07-10 21:00:00",1567.349,1583.618,1566.04,1576.318,30287
1342040400,"2012-07-11 21:00:00",1576.318,1578.147,1555.126,1572.1,35504
1342126800,"2012-07-12 21:00:00",1572.1,1596.894,1566.231,1589.548,24976
1342386000,"2012-07-15 21:00:00",1589.548,1594.961,1578.067,1589.466,24985
1342472400,"2012-07-16 21:00:00",1589.466,1599.261,1571.635,1583.296,36141
1342558800,"2012-07-17 21:00:00",1583.296,1586.115,1567.903,1573.506,29028
1342645200,"2012-07-18 21:00:00",1573.506,1591.722,1572.951,1581.36,27099
1342731600,"2012-07-19 21:00:00",1581.36,1587.27,1573.667,1584.534,27410
1342990800,"2012-07-22 21:00:00",1584.534,1584.534,1563.469,1576.909,28009
1343077200,"2012-07-23 21:00:00",1576.909,1584.717,1568.94,1581.078,31581
1343163600,"2012-07-24 21:00:00",1581.078,1610.657,1579.006,1604.4,32947
1343250000,"2012-07-25 21:00:00",1604.4,1622.039,1601.402,1615.771,34529
1343336400,"2012-07-26 21:00:00",1615.771,1629.692,1611.889,1623.526,34972
1343595600,"2012-07-29 21:00:00",1623.526,1626.659,1614.37,1622.076,19010
1343682000,"2012-07-30 21:00:00",1622.076,1628.163,1610.995,1614.535,29085
1343768400,"2012-07-31 21:00:00",1614.535,1618.574,1592.061,1599.752,35657
1343854800,"2012-08-01 21:00:00",1599.752,1615.507,1584.153,1587.981,47283
1343941200,"2012-08-02 21:00:00",1587.981,1606.875,1585.922,1603.546,30594
1344200400,"2012-08-05 21:00:00",1603.546,1615.597,1602.471,1610.762,21939
1344286800,"2012-08-06 21:00:00",1610.762,1618.579,1608.832,1612.239,22258
1344373200,"2012-08-07 21:00:00",1612.239,1616.841,1603.463,1612.373,22621
1344459600,"2012-08-08 21:00:00",1612.373,1618.428,1609.758,1617.156,18402
1344546000,"2012-08-09 21:00:00",1617.156,1626.606,1605.731,1620.164,22580
1344805200,"2012-08-12 21:00:00",1620.164,1625.732,1607.471,1609.792,20462
1344891600,"2012-08-13 21:00:00",1609.792,1616.435,1592.796,1599.045,22930
1344978000,"2012-08-14 21:00:00",1599.045,1606.574,1590.117,1603.452,22025
1345064400,"2012-08-15 21:00:00",1603.452,1619.063,1600.966,1615.107,19652
1345150800,"2012-08-16 21:00:00",1615.107,1620.45,1611.756,1615.751,18122
1345410000,"2012-08-19 21:00:00",1615.751,1622.559,1609.815,1620.491,17111
1345496400,"2012-08-20 21:00:00",1620.491,1641.464,1618.793,1637.826,19328
1345582800,"2012-08-21 21:00:00",1637.826,1656.004,1634.638,1654.397,24464
1345669200,"2012-08-22 21:00:00",1654.397,1675.033,1652.662,1670.508,27120
1345755600,"2012-08-23 21:00:00",1670.508,1673.876,1662.73,1670.432,20320
1346014800,"2012-08-26 21:00:00",1670.432,1676.898,1663.317,1664.029,19311
1346101200,"2012-08-27 21:00:00",1664.029,1672.406,1657.181,1666.845,21665
1346187600,"2012-08-28 21:00:00",1666.845,1669.994,1652.362,1656.433,19240
1346274000,"2012-08-29 21:00:00",1656.433,1664.171,1651.319,1655.556,18670
1346360400,"2012-08-30 21:00:00",1655.556,1693.146,1646.488,1691.885,32092
1346619600,"2012-09-02 21:00:00",1691.885,1695.449,1685.587,1693.65,13790
1346706000,"2012-09-03 21:00:00",1693.65,1699.085,1688.094,1695.835,25602
1346792400,"2012-09-04 21:00:00",1695.835,1696.164,1687.414,1692.987,22941
1346878800,"2012-09-05 21:00:00",1692.987,1713.763,1691.627,1700.333,34328
1346965200,"2012-09-06 21:00:00",1700.333,1741.984,1689.123,1735.758,32041
1347224400,"2012-09-09 21:00:00",1735.758,1740.049,1724.862,1725.971,22608
1347310800,"2012-09-10 21:00:00",1725.971,1738.081,1725.142,1732.003,21526
1347397200,"2012-09-11 21:00:00",1732.003,1747.143,1725.351,1730.728,33646
1347483600,"2012-09-12 21:00:00",1730.728,1772.81,1718.912,1766.977,43811
1347570000,"2012-09-13 21:00:00",1766.977,1777.909,1765.695,1770.465,38230
1347829200,"2012-09-16 21:00:00",1770.465,1776.621,1754.223,1761.196,28414
1347915600,"2012-09-17 21:00:00",1761.196,1773.49,1752.392,1771.801,34446
1348002000,"2012-09-18 21:00:00",1771.801,1779.449,1762.258,1770.344,32916
1348088400,"2012-09-19 21:00:00",1770.344,1772.31,1756.04,1768.521,30765
1348174800,"2012-09-20 21:00:00",1768.521,1787.584,1766.896,1773.074,33383
1348434000,"2012-09-23 21:00:00",1773.074,1773.074,1755.743,1764.393,29677
1348520400,"2012-09-24 21:00:00",1764.393,1775.11,1758.876,1760.699,30722
1348606800,"2012-09-25 21:00:00",1760.699,1765.62,1736.572,1752.718,31199
1348693200,"2012-09-26 21:00:00",1752.718,1780.389,1751.154,1777.389,32344
1348779600,"2012-09-27 21:00:00",1777.389,1783.274,1767.426,1772.262,34945
1349038800,"2012-09-30 21:00:00",1772.262,1791.744,1763.549,1774.923,37985
1349125200,"2012-10-01 21:00:00",1774.923,1784.402,1770.721,1774.526,31844
1349211600,"2012-10-02 21:00:00",1774.526,1781.865,1771.035,1777.971,28713
1349298000,"2012-10-03 21:00:00",1777.971,1795.301,1777.755,1790.372,30388
1349384400,"2012-10-04 21:00:00",1790.372,1796.001,1773.137,1780.757,28861
1349643600,"2012-10-07 21:00:00",1780.757,1780.757,1766.763,1774.814,23656
1349730000,"2012-10-08 21:00:00",1774.814,1779.815,1760.583,1764.262,29632
1349816400,"2012-10-09 21:00:00",1764.262,1768.28,1757.093,1762.32,27368
1349902800,"2012-10-10 21:00:00",1762.32,1774.976,1758.693,1767.241,25090
1349989200,"2012-10-11 21:00:00",1767.241,1773.394,1752.265,1753.992,25657
1350248400,"2012-10-14 21:00:00",1753.992,1754.175,1728.659,1737.366,28182
1350334800,"2012-10-15 21:00:00",1737.366,1748.232,1734.955,1747.49,20487
1350421200,"2012-10-16 21:00:00",1747.49,1753.671,1742.939,1750.054,22223
1350507600,"2012-10-17 21:00:00",1750.054,1752.197,1738.265,1741.415,21331
1350594000,"2012-10-18 21:00:00",1741.415,1743.502,1716.427,1721.717,26917
1350853200,"2012-10-21 21:00:00",1721.717,1729.42,1713.819,1728.5,21580
1350939600,"2012-10-22 21:00:00",1728.5,1730.346,1704.121,1707.685,26973
1351026000,"2012-10-23 21:00:00",1707.685,1714.388,1698.736,1702.008,28661
1351112400,"2012-10-24 21:00:00",1702.008,1718.088,1701.624,1712.069,22711
1351198800,"2012-10-25 21:00:00",1712.069,1718.892,1700.935,1711.268,27699
1351458000,"2012-10-28 21:00:00",1711.268,1717.36,1706.124,1709.294,15326
1351544400,"2012-10-29 21:00:00",1709.294,1715.292,1705.281,1709.674,14383
1351630800,"2012-10-30 21:00:00",1709.674,1726.097,1709.359,1720.617,20973
1351717200,"2012-10-31 21:00:00",1720.617,1727.071,1713.722,1714.28,21225
1351803600,"2012-11-01 21:00:00",1714.28,1717.004,1674.669,1677.982,31770
1352066400,"2012-11-04 22:00:00",1677.982,1686.35,1672.738,1684.984,21710
1352152800,"2012-11-05 22:00:00",1684.984,1720.98,1683.749,1716.003,25717
1352239200,"2012-11-06 22:00:00",1716.003,1732.159,1703.225,1717.613,44874
1352325600,"2012-11-07 22:00:00",1717.613,1735.16,1712.87,1731.382,29239
1352412000,"2012-11-08 22:00:00",1731.382,1738.957,1727.156,1731.106,30782
1352671200,"2012-11-11 22:00:00",1731.106,1738.105,1725.927,1728.265,21195
1352757600,"2012-11-12 22:00:00",1728.265,1733.125,1717.965,1725.015,27267
1352844000,"2012-11-13 22:00:00",1725.015,1734.116,1720.817,1726.404,26766
1352930400,"2012-11-14 22:00:00",1726.404,1728.037,1704.884,1715.863,30489
1353016800,"2012-11-15 22:00:00",1715.863,1717.517,1705.894,1713.962,26652
1353276000,"2012-11-18 22:00:00",1713.962,1735.708,1713.962,1731.71,20973
1353362400,"2012-11-19 22:00:00",1731.71,1735.593,1722.231,1727.065,22428
1353448800,"2012-11-20 22:00:00",1727.065,1732.095,1719.826,1728.783,20495
1353535200,"2012-11-21 22:00:00",1728.783,1732.627,1728.35,1730.438,8423
1353621600,"2012-11-22 22:00:00",1730.438,1754.49,1728.279,1750.792,17497
1353880800,"2012-11-25 22:00:00",1750.792,1752.244,1746.115,1748.699,20393
1353967200,"2012-11-26 22:00:00",1748.699,1751.928,1740.594,1742.185,21672
1354053600,"2012-11-27 22:00:00",1742.185,1743.177,1705.89,1719.638,30570
1354140000,"2012-11-28 22:00:00",1719.638,1728.712,1718.146,1725.697,22858
1354226400,"2012-11-29 22:00:00",1725.697,1731.811,1708.571,1714.878,26614
1354485600,"2012-12-02 22:00:00",1714.878,1722.767,1712.837,1715.847,21922
1354572000,"2012-12-03 22:00:00",1715.847,1717.474,1691.434,1697.6,29409
1354658400,"2012-12-04 22:00:00",1697.6,1706.995,1684.86,1693.907,24742
1354744800,"2012-12-05 22:00:00",1693.907,1703.359,1686.049,1699.891,26555
1354831200,"2012-12-06 22:00:00",1699.891,1705.538,1684.008,1704.266,27010
1355090400,"2012-12-09 22:00:00",1704.266,1717.345,1702.905,1712.962,15059
1355176800,"2012-12-10 22:00:00",1712.962,1714.515,1704.99,1710.079,16806
1355263200,"2012-12-11 22:00:00",1710.079,1723.4385,1707.517,1711.697,66461
1355349600,"2012-12-12 22:00:00",1711.697,1711.9985,1689.614,1697.136,48775
1355436000,"2012-12-13 22:00:00",1697.136,1700.607,1693.432,1696.064,82647
1355695200,"2012-12-16 22:00:00",1696.064,1699.9525,1686.658,1698.2325,69205
1355781600,"2012-12-17 22:00:00",1698.2325,1703.296,1661.0455,1671.1615,93677
1355868000,"2012-12-18 22:00:00",1671.1615,1676.95,1663.5355,1667.256,86952
1355954400,"2012-12-19 22:00:00",1667.256,1672.0125,1635.8375,1647.956,110578
1356040800,"2012-12-20 22:00:00",1647.956,1659.855,1635.807,1657.0375,98530
1356300000,"2012-12-23 22:00:00",1657.0375,1665.97,1652.115,1658.4545,49334
1356472800,"2012-12-25 22:00:00",1658.4545,1668.083,1657.7505,1659.513,22269
1356559200,"2012-12-26 22:00:00",1659.513,1665.4695,1652.738,1664.1235,66590
1356645600,"2012-12-27 22:00:00",1664.1235,1666.5015,1653.8235,1656.088,64015
1356904800,"2012-12-30 22:00:00",1656.088,1680.5195,1655.626,1676.2445,54517
1357077600,"2013-01-01 22:00:00",1676.2445,1694.972,1673.1455,1686.886,87541
1357164000,"2013-01-02 22:00:00",1686.886,1690.119,1660.9705,1664.025,98376
1357250400,"2013-01-03 22:00:00",1664.025,1664.307,1626.0225,1655.7705,162693
1357509600,"2013-01-06 22:00:00",1655.7705,1662.828,1642.932,1646.9935,101286
1357596000,"2013-01-07 22:00:00",1646.9935,1662.719,1646.849,1659.2565,111965
1357682400,"2013-01-08 22:00:00",1659.2565,1666.0625,1651.538,1657.81,83304
1357768800,"2013-01-09 22:00:00",1657.81,1678.9675,1653.9715,1675.454,89766
1357855200,"2013-01-10 22:00:00",1675.454,1676.974,1653.4955,1662.8785,102833
1358114400,"2013-01-13 22:00:00",1662.8785,1675.016,1660.213,1667.793,73645
1358200800,"2013-01-14 22:00:00",1667.793,1685.221,1666.642,1679.455,101143
1358287200,"2013-01-15 22:00:00",1679.455,1684.9055,1673.7115,1680,76264
1358373600,"2013-01-16 22:00:00",1680,1697.37,1666.861,1687.709,108509
1358460000,"2013-01-17 22:00:00",1687.709,1695.397,1683.818,1684.394,86969
1358719200,"2013-01-20 22:00:00",1684.394,1691.402,1684.394,1689.915,51502
1358805600,"2013-01-21 22:00:00",1689.915,1696.1745,1686.8295,1692.7385,76344
1358892000,"2013-01-22 22:00:00",1692.7385,1695.151,1683.8415,1685.852,66770
1358978400,"2013-01-23 22:00:00",1685.852,1686.3125,1665.125,1668.04,93875
1359064800,"2013-01-24 22:00:00",1668.04,1672.3705,1656.046,1658.7695,103889
1359324000,"2013-01-27 22:00:00",1658.7695,1662.527,1652.116,1655.6745,64993
1359410400,"2013-01-28 22:00:00",1655.6745,1666.1685,1654.7495,1663.847,65066
1359496800,"2013-01-29 22:00:00",1663.847,1684.0985,1662.9615,1677.0625,93500
1359583200,"2013-01-30 22:00:00",1677.0625,1680.882,1658.0125,1663.6705,91803
1359669600,"2013-01-31 22:00:00",1663.6705,1682.444,1660.124,1667.4585,112326
1359928800,"2013-02-03 22:00:00",1667.4585,1677.708,1661.5595,1674.412,78370
1360015200,"2013-02-04 22:00:00",1674.412,1685.483,1666.761,1672.877,91945
1360101600,"2013-02-05 22:00:00",1672.877,1679.879,1668.325,1677.611,72025
1360188000,"2013-02-06 22:00:00",1677.611,1683.237,1663.19,1671.452,111096
1360274400,"2013-02-07 22:00:00",1671.452,1673.6485,1665.24,1667.3135,83092
1360533600,"2013-02-10 22:00:00",1667.3135,1669.7465,1643.822,1648.021,112059
1360620000,"2013-02-11 22:00:00",1648.021,1653.449,1639.3525,1651.3275,144190
1360706400,"2013-02-12 22:00:00",1651.3275,1653.9565,1640.5415,1642.5765,144181
1360792800,"2013-02-13 22:00:00",1642.5765,1650.141,1632.9665,1634.8815,174978
1360879200,"2013-02-14 22:00:00",1634.8815,1636.12,1598.0195,1610.084,219233
1361138400,"2013-02-17 22:00:00",1610.084,1618.912,1607.285,1609.891,15150
1361224800,"2013-02-18 22:00:00",1609.891,1615.289,1600.8695,1605.1085,51805
1361311200,"2013-02-19 22:00:00",1605.1085,1609.582,1558.7555,1564.5105,281068
1361397600,"2013-02-20 22:00:00",1564.5105,1585.116,1555.0955,1576.2965,275275
1361484000,"2013-02-21 22:00:00",1576.2965,1587.296,1570.06,1581.3815,181804
1361743200,"2013-02-24 22:00:00",1581.3815,1597.074,1575.305,1593.437,191581
1361829600,"2013-02-25 22:00:00",1593.437,1620.1655,1584.2665,1613.7045,278366
1361916000,"2013-02-26 22:00:00",1613.7045,1614.9595,1592.432,1597.153,161337
1362002400,"2013-02-27 22:00:00",1597.153,1603.098,1575.054,1579.6075,196226
1362088800,"2013-02-28 22:00:00",1579.6075,1587.3835,1564.937,1576.35,206995
1362348000,"2013-03-03 22:00:00",1576.35,1585.034,1569.529,1573.9025,157832
1362434400,"2013-03-04 22:00:00",1573.9025,1586.6635,1572.169,1575.379,142810
1362520800,"2013-03-05 22:00:00",1575.379,1585.1475,1567.3995,1583.879,162694
1362607200,"2013-03-06 22:00:00",1583.879,1585.626,1575.0565,1578.963,145905
1362693600,"2013-03-07 22:00:00",1578.963,1583.9815,1561.5515,1578.793,209465
1362949200,"2013-03-10 21:00:00",1578.793,1583.325,1575.666,1581.5345,106159
1363035600,"2013-03-11 21:00:00",1581.5345,1598.4785,1580.0815,1592.8575,127469
1363122000,"2013-03-12 21:00:00",1592.8575,1599.498,1585.632,1587.782,141028
1363208400,"2013-03-13 21:00:00",1587.782,1593.4015,1576.854,1590.041,149704
1363294800,"2013-03-14 21:00:00",1590.041,1598.991,1588.667,1592.0765,107135
1363554000,"2013-03-17 21:00:00",1592.0765,1611.252,1591.2255,1605.5645,184515
1363640400,"2013-03-18 21:00:00",1605.5645,1615.7095,1600.1705,1612.897,150991
1363726800,"2013-03-19 21:00:00",1612.897,1614.8665,1600.827,1606.973,71478
1363813200,"2013-03-20 21:00:00",1606.973,1616.9575,1604.632,1614.8375,92232
1363899600,"2013-03-21 21:00:00",1614.8375,1616.114,1603.662,1608.8025,87969
1364158800,"2013-03-24 21:00:00",1608.8025,1613.7775,1589.827,1605.1465,119312
1364245200,"2013-03-25 21:00:00",1605.1465,1606.201,1594.6505,1599.9245,89503
1364331600,"2013-03-26 21:00:00",1599.9245,1608.4345,1591.5645,1605.31,93813
1364418000,"2013-03-27 21:00:00",1605.31,1607.7665,1594.0565,1597.0015,99038
1364504400,"2013-03-28 21:00:00",1597.0015,1597.1375,1596.686,1596.9465,167
1364763600,"2013-03-31 21:00:00",1596.9465,1601.2115,1594.864,1599.5435,73974
1364850000,"2013-04-01 21:00:00",1599.5435,1604.019,1573.8615,1575.9755,108740
1364936400,"2013-04-02 21:00:00",1575.9755,1577.2205,1549.8865,1557.9685,158626
1365022800,"2013-04-03 21:00:00",1557.9685,1559.6405,1540.208,1554.7385,177712
1365109200,"2013-04-04 21:00:00",1554.7385,1581.352,1549.462,1581.136,163913
1365368400,"2013-04-07 21:00:00",1581.136,1583.2695,1567.3965,1573.5065,99770
1365454800,"2013-04-08 21:00:00",1573.5065,1590.39,1570.609,1585.361,111693
1365541200,"2013-04-09 21:00:00",1585.361,1588.791,1555.8755,1558.48,147306
1365627600,"2013-04-10 21:00:00",1558.48,1568.492,1553.515,1561.452,128210
1365714000,"2013-04-11 21:00:00",1561.452,1564.761,1480.8975,1483.187,265819
1365973200,"2013-04-14 21:00:00",1483.187,1495.676,1335.7025,1347.795,709772
1366059600,"2013-04-15 21:00:00",1347.795,1403.7745,1321.9365,1367.399,533795
1366146000,"2013-04-16 21:00:00",1367.399,1395.248,1365.152,1376.4095,367943
1366232400,"2013-04-17 21:00:00",1376.4095,1402.2725,1337.049,1390.569,330133
1366318800,"2013-04-18 21:00:00",1390.569,1425.0905,1386.0375,1403.867,239812
1366578000,"2013-04-21 21:00:00",1403.867,1439.226,1403.867,1426.3985,239588
1366664400,"2013-04-22 21:00:00",1426.3985,1432.9365,1404.898,1413.093,271560
1366750800,"2013-04-23 21:00:00",1413.093,1434.067,1412.477,1431.964,207896
1366837200,"2013-04-24 21:00:00",1431.964,1469.198,1427.233,1468,215839
1366923600,"2013-04-25 21:00:00",1468,1485.4495,1448.289,1462.3225,290609
1367182800,"2013-04-28 21:00:00",1462.3225,1479.014,1462.3225,1475.79,177821
1367269200,"2013-04-29 21:00:00",1475.79,1480.4135,1461.252,1476.744,190990
1367355600,"2013-04-30 21:00:00",1476.744,1478.064,1440.612,1457.594,224036
1367442000,"2013-05-01 21:00:00",1457.594,1473.9555,1448.927,1467.1335,198421
1367528400,"2013-05-02 21:00:00",1467.1335,1488.081,1456.3315,1470.85,221706
1367787600,"2013-05-05 21:00:00",1470.85,1479.0805,1464.762,1469.491,131094
1367874000,"2013-05-06 21:00:00",1469.491,1470.773,1441.396,1452.7055,213913
1367960400,"2013-05-07 21:00:00",1452.7055,1476.9505,1447.79,1474.0865,187789
1368046800,"2013-05-08 21:00:00",1474.0865,1476.498,1453.607,1458.189,173032
1368133200,"2013-05-09 21:00:00",1458.189,1462.3245,1419.7785,1448.3,260825
1368392400,"2013-05-12 21:00:00",1448.3,1449.817,1426.0485,1430.5685,154254
1368478800,"2013-05-13 21:00:00",1430.5685,1445.6705,1421.3235,1425.4915,181976
1368565200,"2013-05-14 21:00:00",1425.4915,1430.931,1388.8695,1393.099,252084
1368651600,"2013-05-15 21:00:00",1393.099,1398.2715,1369.802,1385.992,260131
1368738000,"2013-05-16 21:00:00",1385.992,1393.13,1355.414,1359.5035,286398
1368997200,"2013-05-19 21:00:00",1359.5035,1399.7155,1338.2725,1393.8645,334103
1369083600,"2013-05-20 21:00:00",1393.8645,1401.7295,1359.8665,1376.23,268484
1369170000,"2013-05-21 21:00:00",1376.23,1414.598,1354.68,1370.2205,381388
1369256400,"2013-05-22 21:00:00",1370.2205,1398.28,1356.851,1390.9625,312079
1369342800,"2013-05-23 21:00:00",1390.9625,1398.4295,1382.5945,1386.6045,169779
1369602000,"2013-05-26 21:00:00",1386.6045,1396.8125,1384.5255,1395.15,65172
1369688400,"2013-05-27 21:00:00",1395.15,1402.052,1373.7615,1381.183,212656
1369774800,"2013-05-28 21:00:00",1381.183,1395.518,1380.4055,1392.9235,181194
1369861200,"2013-05-29 21:00:00",1392.9235,1418.21,1388.949,1413.948,206007
1369947600,"2013-05-30 21:00:00",1413.948,1422.086,1385.0055,1387.9595,196633
1370206800,"2013-06-02 21:00:00",1387.9595,1417.067,1387.9595,1411.43,178976
1370293200,"2013-06-03 21:00:00",1411.43,1415.175,1389.1235,1399.53,182968
1370379600,"2013-06-04 21:00:00",1399.53,1410.6585,1395.891,1403.356,228695
1370466000,"2013-06-05 21:00:00",1403.356,1423.7265,1391.857,1413.921,272972
1370552400,"2013-06-06 21:00:00",1413.921,1417.99,1377.909,1382.9415,337268
1370811600,"2013-06-09 21:00:00",1382.9415,1389.0615,1375.9415,1386.367,200545
1370898000,"2013-06-10 21:00:00",1386.367,1387.8565,1366.087,1378.36,253910
1370984400,"2013-06-11 21:00:00",1378.36,1394.7495,1373.936,1388.7625,179439
1371070800,"2013-06-12 21:00:00",1388.7625,1395.083,1374.5845,1386.0085,240578
1371157200,"2013-06-13 21:00:00",1386.0085,1392.657,1378.533,1390.538,192454
1371416400,"2013-06-16 21:00:00",1390.538,1392.0975,1380.609,1385.317,120577
1371502800,"2013-06-17 21:00:00",1385.317,1386.131,1361.18,1367.688,183048
1371589200,"2013-06-18 21:00:00",1367.688,1376.7075,1349.304,1351.35,210493
1371675600,"2013-06-19 21:00:00",1351.35,1352.3625,1276.3995,1285.0025,544736
1371762000,"2013-06-20 21:00:00",1285.0025,1302.5545,1269.631,1296.352,335685
1372021200,"2013-06-23 21:00:00",1296.352,1301.544,1276.2155,1282.333,271041
1372107600,"2013-06-24 21:00:00",1282.333,1289.637,1271.764,1277.711,241437
1372194000,"2013-06-25 21:00:00",1277.711,1278.247,1221.946,1226.6485,464333
1372280400,"2013-06-26 21:00:00",1226.6485,1244.879,1197.0505,1200.6,367022
1372366800,"2013-06-27 21:00:00",1200.6,1235.4635,1180.5125,1234.686,425328
1372626000,"2013-06-30 21:00:00",1234.686,1261.794,1225.426,1252.588,302838
1372712400,"2013-07-01 21:00:00",1252.588,1267.6525,1239.7795,1243.42,255892
1372798800,"2013-07-02 21:00:00",1243.42,1260.1655,1236.954,1252.7945,255376
1372885200,"2013-07-03 21:00:00",1252.7945,1258.1595,1245.049,1248.857,141361
1372971600,"2013-07-04 21:00:00",1248.857,1250.774,1208.306,1223.095,292035
1373230800,"2013-07-07 21:00:00",1223.095,1238.8005,1215.8145,1237.0985,209906
1373317200,"2013-07-08 21:00:00",1237.0985,1260.509,1233.6585,1251.3535,215404
1373403600,"2013-07-09 21:00:00",1251.3535,1266.0925,1243.998,1259.7745,285514
1373490000,"2013-07-10 21:00:00",1259.7745,1299.023,1259.4585,1286.1575,318694
1373576400,"2013-07-11 21:00:00",1286.1575,1288.807,1267.9905,1285.589,189599
1373835600,"2013-07-14 21:00:00",1285.589,1295.0705,1274.2615,1284.6725,172546
1373922000,"2013-07-15 21:00:00",1284.6725,1295.758,1277.294,1292.109,201861
1374008400,"2013-07-16 21:00:00",1292.109,1300.764,1270.3695,1275.9785,298959
1374094800,"2013-07-17 21:00:00",1275.9785,1288.8755,1274.537,1284.2635,197216
1374181200,"2013-07-18 21:00:00",1284.2635,1298.054,1282.596,1296.111,163071
1374440400,"2013-07-21 21:00:00",1296.111,1339.5115,1296.111,1335.885,238625
1374526800,"2013-07-22 21:00:00",1335.885,1346.8825,1326.7395,1345.169,198196
1374613200,"2013-07-23 21:00:00",1345.169,1348.1765,1313.319,1322.2455,254035
1374699600,"2013-07-24 21:00:00",1322.2455,1337.9555,1309.047,1333.8605,229280
1374786000,"2013-07-25 21:00:00",1333.8605,1340.995,1312.5485,1333.2735,215791
1375045200,"2013-07-28 21:00:00",1333.2735,1338.464,1322.991,1328.2515,165908
1375131600,"2013-07-29 21:00:00",1328.2515,1330.2005,1317.435,1326.426,145619
1375218000,"2013-07-30 21:00:00",1326.426,1339.335,1305.964,1325.082,292685
1375304400,"2013-07-31 21:00:00",1325.082,1331.2395,1307.8795,1310.172,240965
1375390800,"2013-08-01 21:00:00",1310.172,1318.687,1283.313,1311.832,282332
1375650000,"2013-08-04 21:00:00",1311.832,1320.8575,1297.6715,1303.0905,150570
1375736400,"2013-08-05 21:00:00",1303.0905,1307.1745,1279.384,1283.1725,223211
1375822800,"2013-08-06 21:00:00",1283.1725,1289.577,1272.9645,1287.59,198500
1375909200,"2013-08-07 21:00:00",1287.59,1314.4235,1283.1075,1313.297,226864
1375995600,"2013-08-08 21:00:00",1313.297,1317.345,1305.035,1314.5005,181024
1376254800,"2013-08-11 21:00:00",1314.5005,1344.0715,1314.5005,1338.378,227146
1376341200,"2013-08-12 21:00:00",1338.378,1341.493,1318.8795,1321.6145,275847
1376427600,"2013-08-13 21:00:00",1321.6145,1336.5225,1316.006,1336.2045,223847
1376514000,"2013-08-14 21:00:00",1336.2045,1370.2505,1318.917,1366.1825,376066
1376600400,"2013-08-15 21:00:00",1366.1825,1379.817,1357.804,1376.7015,325481
1376859600,"2013-08-18 21:00:00",1376.7015,1384.652,1362.575,1365.948,244745
1376946000,"2013-08-19 21:00:00",1365.948,1377.7635,1352.424,1371.256,253424
1377032400,"2013-08-20 21:00:00",1371.256,1379.24,1359.9745,1366.7195,285255
1377118800,"2013-08-21 21:00:00",1366.7195,1382.005,1355.365,1376.082,254792
1377205200,"2013-08-22 21:00:00",1376.082,1400.187,1368.795,1397.7785,251561
1377464400,"2013-08-25 21:00:00",1397.7785,1406.9655,1389.552,1404.6315,197950
1377550800,"2013-08-26 21:00:00",1404.6315,1423.8375,1395.683,1415.2105,255675
1377637200,"2013-08-27 21:00:00",1415.2105,1433.773,1413.5965,1417.4775,285530
1377723600,"2013-08-28 21:00:00",1417.4775,1418.6835,1402.586,1407.794,269299
1377810000,"2013-08-29 21:00:00",1407.794,1411.343,1392.318,1395.2885,226839
1378069200,"2013-09-01 21:00:00",1395.2885,1398.3525,1374.0295,1390.5765,140697
1378155600,"2013-09-02 21:00:00",1390.5765,1416.4415,1384.629,1412.3595,217103
1378242000,"2013-09-03 21:00:00",1412.3595,1415.0505,1384.854,1391.5855,212211
1378328400,"2013-09-04 21:00:00",1391.5855,1400.072,1365.126,1367.5515,249855
1378414800,"2013-09-05 21:00:00",1367.5515,1393.5555,1359.0425,1391.8705,235887
1378674000,"2013-09-08 21:00:00",1391.8705,1394.6085,1382.1525,1386.8545,116038
1378760400,"2013-09-09 21:00:00",1386.8545,1391.4335,1357.9635,1364.0285,159991
1378846800,"2013-09-10 21:00:00",1364.0285,1368.7705,1356.852,1365.2425,135040
1378933200,"2013-09-11 21:00:00",1365.2425,1366.782,1320.7545,1321.654,227326
1379019600,"2013-09-12 21:00:00",1321.654,1331.045,1305.013,1326.311,242949
1379278800,"2013-09-15 21:00:00",1326.311,1334.94,1303.102,1313.015,223074
1379365200,"2013-09-16 21:00:00",1313.015,1324.0435,1306.2165,1310.639,181193
1379451600,"2013-09-17 21:00:00",1310.639,1367.6485,1291.981,1364.076,319753
1379538000,"2013-09-18 21:00:00",1364.076,1375.453,1358.782,1366.3835,259417
1379624400,"2013-09-19 21:00:00",1366.3835,1368.2245,1324.995,1325.996,260391
1379883600,"2013-09-22 21:00:00",1325.996,1332.006,1313.6045,1322.728,223374
1379970000,"2013-09-23 21:00:00",1322.728,1329.4115,1305.8315,1323.4465,243397
1380056400,"2013-09-24 21:00:00",1323.4465,1338.206,1316.707,1334.4725,213945
1380142800,"2013-09-25 21:00:00",1334.4725,1339.4955,1318.9755,1324.0445,213755
1380229200,"2013-09-26 21:00:00",1324.0445,1344.3075,1319.8905,1336.751,253633
1380488400,"2013-09-29 21:00:00",1336.751,1352.165,1322.8035,1328.9245,193943
1380574800,"2013-09-30 21:00:00",1328.9245,1337.535,1282.5385,1287.642,298248
1380661200,"2013-10-01 21:00:00",1287.642,1324.043,1277.9905,1315.9525,275451
1380747600,"2013-10-02 21:00:00",1315.9525,1322.4835,1302.1495,1316.871,241006
1380834000,"2013-10-03 21:00:00",1316.871,1325.163,1305.693,1310.911,196278
1381093200,"2013-10-06 21:00:00",1310.911,1329.1705,1308.6045,1323.1335,176172
1381179600,"2013-10-07 21:00:00",1323.1335,1330.1075,1315.707,1319.3475,214009
1381266000,"2013-10-08 21:00:00",1319.3475,1321.952,1294.758,1305.869,275945
1381352400,"2013-10-09 21:00:00",1305.869,1311.929,1281.7855,1287.5335,255733
1381438800,"2013-10-10 21:00:00",1287.5335,1294.7765,1261.149,1272.133,315666
1381698000,"2013-10-13 21:00:00",1272.133,1290.2655,1268.687,1272.2735,242672
1381784400,"2013-10-14 21:00:00",1272.2735,1288.1715,1251.691,1282.224,365300
1381870800,"2013-10-15 21:00:00",1282.224,1288.887,1269.345,1282.563,324024
1381957200,"2013-10-16 21:00:00",1282.563,1324.51,1274.5465,1320.56,364826
1382043600,"2013-10-17 21:00:00",1320.56,1329.139,1311.874,1315.76,186413
1382302800,"2013-10-20 21:00:00",1315.76,1324.271,1313.2385,1316.067,146626
1382389200,"2013-10-21 21:00:00",1316.067,1344.866,1310.244,1340.3115,206460
1382475600,"2013-10-22 21:00:00",1340.3115,1342.351,1329.133,1333.3885,163938
1382562000,"2013-10-23 21:00:00",1333.3885,1352.0745,1330.3975,1346.755,188554
1382648400,"2013-10-24 21:00:00",1346.755,1355.749,1336.4575,1350.775,172566
1382907600,"2013-10-27 21:00:00",1350.775,1361.9365,1346.4765,1352.634,148516
1382994000,"2013-10-28 21:00:00",1352.634,1360.6015,1340.252,1345.101,178545
1383080400,"2013-10-29 21:00:00",1345.101,1359.6625,1334.746,1344.555,235389
1383166800,"2013-10-30 21:00:00",1344.555,1344.822,1319.202,1323.1375,220538
1383253200,"2013-10-31 21:00:00",1323.1375,1327.584,1306.1775,1316.207,186788
1383516000,"2013-11-03 22:00:00",1316.207,1322.6635,1311.243,1314.831,115235
1383602400,"2013-11-04 22:00:00",1314.831,1320.0135,1305.9135,1311.8715,136766
1383688800,"2013-11-05 22:00:00",1311.8715,1322.238,1309.282,1317.8725,121600
1383775200,"2013-11-06 22:00:00",1317.8725,1326.5165,1296.652,1307.534,218506
1383861600,"2013-11-07 22:00:00",1307.534,1313.903,1281.1685,1288.729,189162
1384120800,"2013-11-10 22:00:00",1288.729,1288.9505,1279.2375,1282.7355,115236
1384207200,"2013-11-11 22:00:00",1282.7355,1285.8035,1261.505,1268.08,179317
1384293600,"2013-11-12 22:00:00",1268.08,1284.476,1265.9725,1281.9085,189775
1384380000,"2013-11-13 22:00:00",1281.9085,1294.4435,1278.1995,1287.18,215805
1384466400,"2013-11-14 22:00:00",1287.18,1291.3275,1280.502,1290.449,119699
1384725600,"2013-11-17 22:00:00",1290.449,1290.449,1270.1785,1275.516,146974
1384812000,"2013-11-18 22:00:00",1275.516,1278.993,1269.2675,1275.7475,144539
1384898400,"2013-11-19 22:00:00",1275.7475,1276.4835,1241.1835,1244.2945,267745
1384984800,"2013-11-20 22:00:00",1244.2945,1250.567,1236.8675,1242.941,174735
1385071200,"2013-11-21 22:00:00",1242.941,1249.0055,1241.231,1243.738,128504
1385330400,"2013-11-24 22:00:00",1243.738,1254.0035,1225.535,1251.4015,180585
1385416800,"2013-11-25 22:00:00",1251.4015,1258.3715,1239.806,1242.8125,115476
1385503200,"2013-11-26 22:00:00",1242.8125,1254.8885,1236.423,1237.8375,131896
1385589600,"2013-11-27 22:00:00",1237.8375,1245.9335,1234.789,1244.1,64623
1385676000,"2013-11-28 22:00:00",1244.1,1254.9415,1240.9145,1251.215,81713
1385935200,"2013-12-01 22:00:00",1251.215,1251.5755,1217.892,1219.643,172901
1386021600,"2013-12-02 22:00:00",1219.643,1226.402,1215.4225,1223.508,126889
1386108000,"2013-12-03 22:00:00",1223.508,1251.8355,1211.7845,1243.6575,215591
1386194400,"2013-12-04 22:00:00",1243.6575,1243.955,1217.1515,1225.2475,204000
1386280800,"2013-12-05 22:00:00",1225.2475,1245.0395,1212.4295,1228.9515,217028
1386540000,"2013-12-08 22:00:00",1228.9515,1243.203,1225.3845,1240.2925,105586
1386626400,"2013-12-09 22:00:00",1240.2925,1267.9635,1238.0275,1262.234,158813
1386712800,"2013-12-10 22:00:00",1262.234,1263.467,1251.242,1252.359,152200
1386799200,"2013-12-11 22:00:00",1252.359,1257.0805,1224.05,1225.422,178961
1386885600,"2013-12-12 22:00:00",1225.422,1238.9625,1220.6445,1238.8915,146640
1387144800,"2013-12-15 22:00:00",1238.8915,1252.1285,1227.9165,1241.4225,168406
1387231200,"2013-12-16 22:00:00",1241.4225,1248.202,1227.4075,1230.913,183649
1387317600,"2013-12-17 22:00:00",1230.913,1244.7615,1216.2755,1218.4265,249322
1387404000,"2013-12-18 22:00:00",1218.4265,1226.6995,1187.4135,1188.73,289849
1387490400,"2013-12-19 22:00:00",1188.73,1207.671,1187.24,1203.356,178070
1387749600,"2013-12-22 22:00:00",1203.356,1206.342,1192.8315,1198.881,136925
1387836000,"2013-12-23 22:00:00",1198.881,1205.6565,1196.2745,1204.0425,67026
1388008800,"2013-12-25 22:00:00",1204.0425,1216.021,1201.2955,1210.66,98425
1388095200,"2013-12-26 22:00:00",1210.66,1219.074,1209.099,1213.404,127784
1388354400,"2013-12-29 22:00:00",1213.404,1216.3045,1194.9,1196.65,126454
1388440800,"2013-12-30 22:00:00",1196.65,1214.888,1182.4445,1205.0935,164209
1388613600,"2014-01-01 22:00:00",1205.0935,1230.961,1203.6665,1224.3785,210609
1388700000,"2014-01-02 22:00:00",1224.3785,1240.4775,1221.9735,1236.895,173156
1388959200,"2014-01-05 22:00:00",1236.895,1248.486,1214.4,1238.1035,176318
1389045600,"2014-01-06 22:00:00",1238.1035,1245.4075,1225.1165,1232.1205,143157
1389132000,"2014-01-07 22:00:00",1232.1205,1232.588,1218.5615,1225.97,182988
1389218400,"2014-01-08 22:00:00",1225.97,1231.6625,1223.6655,1228.063,121144
1389304800,"2014-01-09 22:00:00",1228.063,1249.1065,1227.269,1248.3095,180265
1389564000,"2014-01-12 22:00:00",1248.3095,1255.251,1243.7905,1253.1915,125239
1389650400,"2014-01-13 22:00:00",1253.1915,1255.4435,1241.865,1245.0625,134043
1389736800,"2014-01-14 22:00:00",1245.0625,1245.378,1234.29,1241.879,124917
1389823200,"2014-01-15 22:00:00",1241.879,1245.443,1236.48,1242.456,96393
1389909600,"2014-01-16 22:00:00",1242.456,1255.0465,1237.9075,1253.8705,121556
1390168800,"2014-01-19 22:00:00",1253.8705,1262.408,1252.677,1254.9355,56285
1390255200,"2014-01-20 22:00:00",1254.9355,1255.9095,1235.72,1241.444,121610
1390341600,"2014-01-21 22:00:00",1241.444,1243.7845,1236.02,1237.2085,78231
1390428000,"2014-01-22 22:00:00",1237.2085,1265.647,1231.696,1264.111,174726
1390514400,"2014-01-23 22:00:00",1264.111,1272.733,1256.997,1269.8835,177074
1390773600,"2014-01-26 22:00:00",1269.8835,1279.2905,1252.1545,1257.152,194740
1390860000,"2014-01-27 22:00:00",1257.152,1261.8615,1248.939,1256.855,139322
1390946400,"2014-01-28 22:00:00",1256.855,1270.28,1249.0785,1267.473,196054
1391032800,"2014-01-29 22:00:00",1267.473,1268.719,1238.123,1243.8085,177565
1391119200,"2014-01-30 22:00:00",1243.8085,1255.0545,1238.594,1244.4765,156873
1391378400,"2014-02-02 22:00:00",1244.4765,1266.4395,1240.886,1257.557,169266
1391464800,"2014-02-03 22:00:00",1257.557,1261.0805,1247.2295,1254.567,133058
1391551200,"2014-02-04 22:00:00",1254.567,1274.5585,1252.5095,1257.8775,167057
1391637600,"2014-02-05 22:00:00",1257.8775,1267.0615,1252.909,1258.215,140522
1391724000,"2014-02-06 22:00:00",1258.215,1272.222,1256.302,1267.4175,173752
1391983200,"2014-02-09 22:00:00",1267.4175,1278.0725,1265.1745,1274.8455,116431
1392069600,"2014-02-10 22:00:00",1274.8455,1293.9735,1273.855,1291.313,190191
1392156000,"2014-02-11 22:00:00",1291.313,1296.4315,1284.0895,1291.18,132291
1392242400,"2014-02-12 22:00:00",1291.18,1303.092,1286.381,1302.865,141659
1392328800,"2014-02-13 22:00:00",1302.865,1321.4295,1299.948,1318.8335,175679
1392588000,"2014-02-16 22:00:00",1318.8335,1329.964,1318.617,1328.799,103640
1392674400,"2014-02-17 22:00:00",1328.799,1332.3075,1312.708,1322.0475,155213
1392760800,"2014-02-18 22:00:00",1322.0475,1322.978,1308.929,1311.6585,135282
1392847200,"2014-02-19 22:00:00",1311.6585,1325.179,1307.482,1322.8655,142472
1392933600,"2014-02-20 22:00:00",1322.8655,1328.7325,1316.122,1324.296,104591
1393192800,"2014-02-23 22:00:00",1324.296,1339.063,1318.8065,1337.11,140510
1393279200,"2014-02-24 22:00:00",1337.11,1343.7135,1331.3625,1340.64,99357
1393365600,"2014-02-25 22:00:00",1340.64,1345.4895,1322.617,1330.626,137673
1393452000,"2014-02-26 22:00:00",1330.626,1336.2925,1323.879,1331.082,110885
1393538400,"2014-02-27 22:00:00",1331.082,1333.401,1319.643,1326.561,127103
1393797600,"2014-03-02 22:00:00",1326.561,1354.85,1326.561,1350.59,169287
1393884000,"2014-03-03 22:00:00",1350.59,1352.6635,1331.35,1334.4865,146386
1393970400,"2014-03-04 22:00:00",1334.4865,1341.9465,1332.7315,1336.921,89639
1394056800,"2014-03-05 22:00:00",1336.921,1353.853,1331.27,1350.807,110474
1394143200,"2014-03-06 22:00:00",1350.807,1353.085,1327.812,1340.0815,181486
1394398800,"2014-03-09 21:00:00",1340.0815,1344.72,1328.1515,1339.782,118917
1394485200,"2014-03-10 21:00:00",1339.782,1352.6565,1337.814,1348.8485,117712
1394571600,"2014-03-11 21:00:00",1348.8485,1371.0275,1345.5195,1366.8265,166167
1394658000,"2014-03-12 21:00:00",1366.8265,1375.0875,1364.655,1370.341,135169
1394744400,"2014-03-13 21:00:00",1370.341,1388.125,1368.002,1383.2485,170098
1395003600,"2014-03-16 21:00:00",1383.2485,1392.3235,1361.9985,1367.349,150914
1395090000,"2014-03-17 21:00:00",1367.349,1367.958,1350.852,1355.6725,143101
1395176400,"2014-03-18 21:00:00",1355.6725,1359.7975,1327.709,1329.654,199089
1395262800,"2014-03-19 21:00:00",1329.654,1334.718,1320.579,1327.94,166828
1395349200,"2014-03-20 21:00:00",1327.94,1342.5685,1327.73,1334.569,130874
1395608400,"2014-03-23 21:00:00",1334.569,1335.383,1307.9845,1308.893,168112
1395694800,"2014-03-24 21:00:00",1308.893,1317.442,1305.664,1311.1895,135402
1395781200,"2014-03-25 21:00:00",1311.1895,1316.494,1298.7935,1304.643,142094
1395867600,"2014-03-26 21:00:00",1304.643,1306.9315,1289.18,1291.3325,156336
1395954000,"2014-03-27 21:00:00",1291.3325,1298.8595,1285.803,1294.9725,157909
1396213200,"2014-03-30 21:00:00",1294.9725,1298.6305,1282.4655,1284.0055,110817
1396299600,"2014-03-31 21:00:00",1284.0055,1288.132,1277.827,1278.946,87791
1396386000,"2014-04-01 21:00:00",1278.946,1294.615,1278.694,1289.796,82628
1396472400,"2014-04-02 21:00:00",1289.796,1293.989,1281.763,1286.672,96781
1396558800,"2014-04-03 21:00:00",1286.672,1307.0005,1284.299,1303.4225,121143
1396818000,"2014-04-06 21:00:00",1303.4225,1304.235,1295.74,1297.1195,44069
1396904400,"2014-04-07 21:00:00",1297.1195,1314.476,1296.5005,1308.6285,79206
1396990800,"2014-04-08 21:00:00",1308.6285,1315.221,1300.985,1311.8675,119844
1397077200,"2014-04-09 21:00:00",1311.8675,1324.6595,1310.8845,1319.022,111201
1397163600,"2014-04-10 21:00:00",1319.022,1323.979,1314.112,1318.6125,83225
1397422800,"2014-04-13 21:00:00",1318.6125,1331.2595,1318.6125,1328.2365,90025
1397509200,"2014-04-14 21:00:00",1328.2365,1328.3355,1282.236,1302.847,170295
1397595600,"2014-04-15 21:00:00",1302.847,1307.1375,1293.616,1302.5845,129250
1397682000,"2014-04-16 21:00:00",1302.5845,1304.3035,1293.195,1295.074,84046
1397768400,"2014-04-17 21:00:00",1295.074,1295.877,1295.074,1295.79,16
1398027600,"2014-04-20 21:00:00",1295.79,1302.0355,1281.975,1289.966,152585
1398114000,"2014-04-21 21:00:00",1289.966,1292.9745,1276.4955,1283.9455,91437
1398200400,"2014-04-22 21:00:00",1283.9455,1289.127,1280.992,1283.6255,74510
1398286800,"2014-04-23 21:00:00",1283.6255,1298.8745,1268.6015,1293.3485,163319
1398373200,"2014-04-24 21:00:00",1293.3485,1305.168,1290.4715,1302.879,95436
1398632400,"2014-04-27 21:00:00",1302.879,1306.628,1292.0915,1296.665,82669
1398718800,"2014-04-28 21:00:00",1296.665,1301.5045,1286.376,1296.034,89257
1398805200,"2014-04-29 21:00:00",1296.034,1298.2975,1284.962,1291.4505,137116
1398891600,"2014-04-30 21:00:00",1291.4505,1293.033,1277.3675,1284.262,129483
1398978000,"2014-05-01 21:00:00",1284.262,1304.8255,1273.726,1299.661,268796
1399237200,"2014-05-04 21:00:00",1299.661,1315.704,1299.513,1310.02,191950
1399323600,"2014-05-05 21:00:00",1310.02,1314.1785,1304.417,1308.1695,162090
1399410000,"2014-05-06 21:00:00",1308.1695,1314.706,1286.618,1289.8775,219189
1399496400,"2014-05-07 21:00:00",1289.8775,1295.535,1284.933,1289.4115,199570
1399582800,"2014-05-08 21:00:00",1289.4115,1294.529,1285.5615,1288.777,145077
1399842000,"2014-05-11 21:00:00",1288.777,1304.0725,1277.631,1295.801,167463
1399928400,"2014-05-12 21:00:00",1295.801,1298.878,1289.113,1293.641,172986
1400014800,"2014-05-13 21:00:00",1293.641,1309.1945,1291.622,1306.0435,155653
1400101200,"2014-05-14 21:00:00",1306.0435,1307.2565,1290.922,1296.1985,209684
1400187600,"2014-05-15 21:00:00",1296.1985,1298.392,1287.798,1293.2175,157188
1400446800,"2014-05-18 21:00:00",1293.2175,1305.575,1289.433,1293.08,162082
1400533200,"2014-05-19 21:00:00",1293.08,1297.0345,1286.0075,1294.238,189305
1400619600,"2014-05-20 21:00:00",1294.238,1296.3325,1283.3815,1292.003,168087
1400706000,"2014-05-21 21:00:00",1292.003,1303.8575,1290.1395,1294.1245,181448
1400792400,"2014-05-22 21:00:00",1294.1245,1295.639,1286.7175,1292.368,139185
1401051600,"2014-05-25 21:00:00",1292.368,1294.3225,1290.8665,1292.6015,66459
1401138000,"2014-05-26 21:00:00",1292.6015,1293.481,1264.417,1264.6635,233727
1401224400,"2014-05-27 21:00:00",1264.6635,1267.2585,1256.0145,1258.1125,158075
1401310800,"2014-05-28 21:00:00",1258.1125,1260.6875,1251.4625,1255.704,174654
1401397200,"2014-05-29 21:00:00",1255.704,1260.532,1242.2925,1249.669,175400
1401656400,"2014-06-01 21:00:00",1249.669,1250.9955,1241.0575,1243.737,128573
1401742800,"2014-06-02 21:00:00",1243.737,1247.871,1240.374,1244.977,70293
1401829200,"2014-06-03 21:00:00",1244.977,1249.0985,1242.995,1244.0255,60191
1401915600,"2014-06-04 21:00:00",1244.0255,1258.07,1241.0755,1253.673,101976
1402002000,"2014-06-05 21:00:00",1253.673,1257.9665,1245.852,1253.1245,106037
1402261200,"2014-06-08 21:00:00",1253.1245,1257.169,1251.6385,1252.163,57613
1402347600,"2014-06-09 21:00:00",1252.163,1263.908,1250.407,1260.057,61980
1402434000,"2014-06-10 21:00:00",1260.057,1265.358,1258.086,1261.189,48323
1402520400,"2014-06-11 21:00:00",1261.189,1274.919,1260.03,1273.533,90900
1402606800,"2014-06-12 21:00:00",1273.533,1278.0835,1270.916,1277.201,72786
1402866000,"2014-06-15 21:00:00",1277.201,1285.0465,1270.597,1271.9635,97837
1402952400,"2014-06-16 21:00:00",1271.9635,1273.445,1258.5465,1270.7685,83057
1403038800,"2014-06-17 21:00:00",1270.7685,1278.595,1266.35,1277.527,77681
1403125200,"2014-06-18 21:00:00",1277.527,1321.589,1276.042,1320.2765,151717
1403211600,"2014-06-19 21:00:00",1320.2765,1322.0865,1306.5015,1314.7425,148675
1403470800,"2014-06-22 21:00:00",1314.7425,1318.6095,1310.0535,1317.4705,88219
1403557200,"2014-06-23 21:00:00",1317.4705,1326.0525,1313.8985,1318.2745,89309
1403643600,"2014-06-24 21:00:00",1318.2745,1325.0025,1306.8405,1319.037,95987
1403730000,"2014-06-25 21:00:00",1319.037,1319.981,1306.219,1316.447,116235
1403816400,"2014-06-26 21:00:00",1316.447,1322.3865,1312.6355,1315.417,89808
1404075600,"2014-06-29 21:00:00",1315.417,1329.6285,1310.491,1327.149,76496
1404162000,"2014-06-30 21:00:00",1327.149,1333.303,1323.6025,1326.152,88041
1404248400,"2014-07-01 21:00:00",1326.152,1332.1275,1321.3025,1326.726,65115
1404334800,"2014-07-02 21:00:00",1326.726,1327.717,1308.906,1319.4865,102276
1404421200,"2014-07-03 21:00:00",1319.4865,1323.293,1318.819,1320.3085,37327
1404680400,"2014-07-06 21:00:00",1320.3085,1321.086,1311.9415,1319.935,55243
1404766800,"2014-07-07 21:00:00",1319.935,1324.913,1313.523,1319.216,65426
1404853200,"2014-07-08 21:00:00",1319.216,1332.7535,1317.8,1327.9485,86532
1404939600,"2014-07-09 21:00:00",1327.9485,1345.361,1324.345,1335.851,116759
1405026000,"2014-07-10 21:00:00",1335.851,1339.3905,1333.6975,1337.936,64005
1405285200,"2014-07-13 21:00:00",1337.936,1339.861,1303.0495,1307.3245,167035
1405371600,"2014-07-14 21:00:00",1307.3245,1313.836,1292.284,1293.747,138663
1405458000,"2014-07-15 21:00:00",1293.747,1303.84,1292.734,1299.4305,90774
1405544400,"2014-07-16 21:00:00",1299.4305,1324.691,1297.676,1319.1385,160414
1405630800,"2014-07-17 21:00:00",1319.1385,1324.784,1304.578,1311.174,111050
1405890000,"2014-07-20 21:00:00",1311.174,1318.398,1307.39,1312.605,71918
1405976400,"2014-07-21 21:00:00",1312.605,1315.826,1301.632,1306.4575,109834
1406062800,"2014-07-22 21:00:00",1306.4575,1311.351,1303.1535,1304.622,69927
1406149200,"2014-07-23 21:00:00",1304.622,1305.4115,1287.842,1293.569,129065
1406235600,"2014-07-24 21:00:00",1293.569,1309.244,1291.001,1306.378,82941
1406494800,"2014-07-27 21:00:00",1306.378,1309.3895,1301.38,1303.871,99064
1406581200,"2014-07-28 21:00:00",1303.871,1312.315,1296.1755,1299.313,122127
1406667600,"2014-07-29 21:00:00",1299.313,1303.865,1291.9975,1296.0795,117279
1406754000,"2014-07-30 21:00:00",1296.0795,1297.4795,1281.016,1282.916,118130
1406840400,"2014-07-31 21:00:00",1282.916,1297.615,1280.2055,1294.4865,128540
1407099600,"2014-08-03 21:00:00",1294.4865,1295.5045,1286.2065,1288.23,63013
1407186000,"2014-08-04 21:00:00",1288.23,1294.019,1282.499,1289.009,92286
1407272400,"2014-08-05 21:00:00",1289.009,1309.609,1287.7335,1305.8185,114769
1407358800,"2014-08-06 21:00:00",1305.8185,1314.564,1301.908,1312.7195,80663
1407445200,"2014-08-07 21:00:00",1312.7195,1322.9125,1305.6815,1309.8775,112312
1407704400,"2014-08-10 21:00:00",1309.8775,1311.6915,1305.169,1308.5775,45260
1407790800,"2014-08-11 21:00:00",1308.5775,1317.9645,1305.73,1309.6145,52145
1407877200,"2014-08-12 21:00:00",1309.6145,1315.1875,1304.799,1312.679,64128
1407963600,"2014-08-13 21:00:00",1312.679,1319.826,1308.83,1313.412,91756
1408050000,"2014-08-14 21:00:00",1313.412,1315.2565,1292.283,1305.024,126072
1408309200,"2014-08-17 21:00:00",1305.024,1305.024,1295.7075,1298.441,29921
1408395600,"2014-08-18 21:00:00",1298.441,1302.558,1293.968,1295.7585,27493
1408482000,"2014-08-19 21:00:00",1295.7585,1298.3685,1287.818,1291.7505,32664
1408568400,"2014-08-20 21:00:00",1291.7505,1292.131,1273.055,1276.921,53305
1408654800,"2014-08-21 21:00:00",1276.921,1283.1435,1274.364,1281.1425,37376
1408914000,"2014-08-24 21:00:00",1281.1425,1281.705,1269.184,1276.9175,25946
1409000400,"2014-08-25 21:00:00",1276.9175,1291.0955,1275.256,1281.418,44571
1409086800,"2014-08-26 21:00:00",1281.418,1287.409,1280.133,1282.8285,24826
1409173200,"2014-08-27 21:00:00",1282.8285,1296.7215,1282.158,1289.666,50033
1409259600,"2014-08-28 21:00:00",1289.666,1291.3985,1283.4365,1287.584,30117
1409518800,"2014-08-31 21:00:00",1287.584,1289.9945,1285.0265,1287.2255,12465
1409605200,"2014-09-01 21:00:00",1287.2255,1287.9165,1262.527,1265.442,58964
1409691600,"2014-09-02 21:00:00",1265.442,1271.641,1261.2245,1269.3,43776
1409778000,"2014-09-03 21:00:00",1269.3,1277.374,1260.666,1261.5625,76716
1409864400,"2014-09-04 21:00:00",1261.5625,1273.9655,1257.259,1269.1095,50414
1410123600,"2014-09-07 21:00:00",1269.1095,1271.91,1251.531,1255.396,35467
1410210000,"2014-09-08 21:00:00",1255.396,1258.321,1247.537,1255.346,46053
1410296400,"2014-09-09 21:00:00",1255.346,1257.839,1243.921,1249.8255,52621
1410382800,"2014-09-10 21:00:00",1249.8255,1250.628,1234.9525,1240.9155,65041
1410469200,"2014-09-11 21:00:00",1240.9155,1241.881,1227.6335,1229.414,53032
1410728400,"2014-09-14 21:00:00",1229.414,1238.6565,1225.6705,1233.3425,40804
1410814800,"2014-09-15 21:00:00",1233.3425,1242.0125,1231.7715,1235.5565,46766
1410901200,"2014-09-16 21:00:00",1235.5565,1239.579,1221.4995,1223.417,89603
1410987600,"2014-09-17 21:00:00",1223.417,1228.0995,1215.5865,1225.0615,75049
1411074000,"2014-09-18 21:00:00",1225.0615,1228.6835,1213.8355,1215.7635,103786
1411333200,"2014-09-21 21:00:00",1215.7635,1220.6075,1208.177,1215.1455,62283
1411419600,"2014-09-22 21:00:00",1215.1455,1235.3115,1213.9505,1223.485,70458
1411506000,"2014-09-23 21:00:00",1223.485,1226.3,1215.741,1216.963,60157
1411592400,"2014-09-24 21:00:00",1216.963,1224.787,1206.9995,1221.655,101166
1411678800,"2014-09-25 21:00:00",1221.655,1231.502,1212.3595,1218.319,74067
1411938000,"2014-09-28 21:00:00",1218.319,1223.423,1214.963,1215.754,50378
1412024400,"2014-09-29 21:00:00",1215.754,1220.2135,1204.453,1208.127,111736
1412110800,"2014-09-30 21:00:00",1208.127,1219.4285,1204.8335,1213.7895,95748
1412197200,"2014-10-01 21:00:00",1213.7895,1223.2125,1208.7895,1214.4665,103774
1412283600,"2014-10-02 21:00:00",1214.4665,1215.515,1190.077,1191.2895,100286
1412542800,"2014-10-05 21:00:00",1191.2895,1209.153,1183.106,1207.296,73509
1412629200,"2014-10-06 21:00:00",1207.296,1213.4765,1202.914,1208.9265,101959
1412715600,"2014-10-07 21:00:00",1208.9265,1224.3775,1204.989,1221.146,100409
1412802000,"2014-10-08 21:00:00",1221.146,1233.5615,1219.042,1224.4415,89790
1412888400,"2014-10-09 21:00:00",1224.4415,1225.574,1217.478,1223.059,83316
1413147600,"2014-10-12 21:00:00",1223.059,1237.77,1223.059,1235.85,67803
1413234000,"2014-10-13 21:00:00",1235.85,1238.537,1230.97,1232.7275,65745
1413320400,"2014-10-14 21:00:00",1232.7275,1249.823,1222.0265,1241.848,192199
1413406800,"2014-10-15 21:00:00",1241.848,1245.384,1235.2095,1239.0435,143299
1413493200,"2014-10-16 21:00:00",1239.0435,1241.7955,1231.814,1238.582,70056
1413752400,"2014-10-19 21:00:00",1238.582,1248.749,1234.638,1246.8115,49288
1413838800,"2014-10-20 21:00:00",1246.8115,1255.3985,1245.367,1248.969,85129
1413925200,"2014-10-21 21:00:00",1248.969,1250.047,1240.573,1241.383,62840
1414011600,"2014-10-22 21:00:00",1241.383,1244.71,1226.396,1231.8375,70270
1414098000,"2014-10-23 21:00:00",1231.8375,1234.515,1228.6345,1231.2045,41203
1414357200,"2014-10-26 21:00:00",1231.2045,1232.0725,1225.609,1226.674,37514
1414443600,"2014-10-27 21:00:00",1226.674,1235.8235,1222.507,1228.55,65632
1414530000,"2014-10-28 21:00:00",1228.55,1230.7345,1208.4835,1211.8205,51908
1414616400,"2014-10-29 21:00:00",1211.8205,1216.94,1195.9675,1198.908,86979
1414702800,"2014-10-30 21:00:00",1198.908,1202.883,1161.0985,1173.157,182206
1414965600,"2014-11-02 22:00:00",1173.157,1173.9735,1161.6085,1165.648,98699
1415052000,"2014-11-03 22:00:00",1165.648,1175.7995,1164.046,1168.3,90975
1415138400,"2014-11-04 22:00:00",1168.3,1169.8155,1137.7795,1140.5145,196970
1415224800,"2014-11-05 22:00:00",1140.5145,1149.771,1138.1345,1142.0515,139815
1415311200,"2014-11-06 22:00:00",1142.0515,1178.964,1131.306,1177.585,231033
1415570400,"2014-11-09 22:00:00",1177.585,1178.7645,1147.394,1151.92,137185
1415656800,"2014-11-10 22:00:00",1151.92,1173.4865,1146.17,1163.965,184129
1415743200,"2014-11-11 22:00:00",1163.965,1170.309,1157.3385,1162.8735,135034
1415829600,"2014-11-12 22:00:00",1162.8735,1168.7305,1153.857,1162.6415,148842
1415916000,"2014-11-13 22:00:00",1162.6415,1193.8285,1146.8615,1189.1075,264127
1416175200,"2014-11-16 22:00:00",1189.1075,1194.4615,1181.5625,1186.4605,186841
1416261600,"2014-11-17 22:00:00",1186.4605,1204.863,1183.5275,1196.8195,149236
1416348000,"2014-11-18 22:00:00",1196.8195,1202.377,1175.3255,1182.572,226178
1416434400,"2014-11-19 22:00:00",1182.572,1197.3415,1176.923,1193.722,78391
1416520800,"2014-11-20 22:00:00",1193.722,1208.087,1186.909,1201.5245,73025
1416780000,"2014-11-23 22:00:00",1201.5245,1204.4855,1192.8935,1197.1095,40993
1416866400,"2014-11-24 22:00:00",1197.1095,1203.098,1190.4175,1200.664,51956
1416952800,"2014-11-25 22:00:00",1200.664,1202.667,1194.8955,1197.8765,29125
1417039200,"2014-11-26 22:00:00",1197.8765,1199.8115,1185.723,1190.9565,42601
1417125600,"2014-11-27 22:00:00",1190.9565,1194.012,1165.249,1167.046,61755
1417384800,"2014-11-30 22:00:00",1167.046,1221.444,1142.7845,1211.9945,163945
1417471200,"2014-12-01 22:00:00",1211.9945,1213.1835,1191.9345,1198.4315,76487
1417557600,"2014-12-02 22:00:00",1198.4315,1215.356,1194.057,1209.515,55729
1417644000,"2014-12-03 22:00:00",1209.515,1213.6055,1201.2435,1205.235,61898
1417730400,"2014-12-04 22:00:00",1205.235,1207.786,1186.0425,1192.0455,67636
1417989600,"2014-12-07 22:00:00",1192.0455,1208.9935,1187.1535,1203.3775,46212
1418076000,"2014-12-08 22:00:00",1203.3775,1238.385,1199.445,1231.1545,90807
1418162400,"2014-12-09 22:00:00",1231.1545,1238.3525,1224.7855,1226.315,76535
1418248800,"2014-12-10 22:00:00",1226.315,1232.9435,1216.0195,1227.866,84406
1418335200,"2014-12-11 22:00:00",1227.866,1228.34,1214.353,1222.4625,110830
1418594400,"2014-12-14 22:00:00",1222.4625,1224.377,1190.805,1193.278,129410
1418680800,"2014-12-15 22:00:00",1193.278,1223.669,1187.465,1196.988,274968
1418767200,"2014-12-16 22:00:00",1196.988,1203.1015,1183.2675,1189.8415,232913
1418853600,"2014-12-17 22:00:00",1189.8415,1214.0585,1188.523,1198.6165,141042
1418940000,"2014-12-18 22:00:00",1198.6165,1201.478,1193.7135,1195.666,79095
1419199200,"2014-12-21 22:00:00",1195.666,1203.6735,1170.8025,1176.2965,106258
1419285600,"2014-12-22 22:00:00",1176.2965,1185.0945,1172.6455,1176.6145,78204
1419372000,"2014-12-23 22:00:00",1176.6145,1181.23,1172.916,1174.576,37770
1419544800,"2014-12-25 22:00:00",1174.576,1199.26,1174.576,1196.531,107400
1419804000,"2014-12-28 22:00:00",1196.531,1197.704,1178.9755,1183.253,73694
1419890400,"2014-12-29 22:00:00",1183.253,1211.0075,1180.7665,1200.53,106075
1419976800,"2014-12-30 22:00:00",1200.53,1203.925,1181.938,1182.789,17717
1420149600,"2015-01-01 22:00:00",1182.789,1195.137,1167.6235,1188.773,31203
1420408800,"2015-01-04 22:00:00",1188.773,1207.6625,1178.311,1204.766,69349
1420495200,"2015-01-05 22:00:00",1204.766,1223.2755,1201.797,1218.675,127740
1420581600,"2015-01-06 22:00:00",1218.675,1219.4475,1208.968,1211.577,103660
1420668000,"2015-01-07 22:00:00",1211.577,1216.8615,1204.5025,1208.949,77179
1420754400,"2015-01-08 22:00:00",1208.949,1224.3035,1206.939,1223.3345,112945
1421013600,"2015-01-11 22:00:00",1223.3345,1235.9815,1217.618,1233.637,88693
1421100000,"2015-01-12 22:00:00",1233.637,1244.3865,1227.2915,1230.6335,127627
1421186400,"2015-01-13 22:00:00",1230.6335,1244.5545,1225.085,1228.537,174509
1421272800,"2015-01-14 22:00:00",1228.537,1266.896,1226.138,1262.595,353476
1421359200,"2015-01-15 22:00:00",1262.595,1282.174,1255.0835,1280.197,240772
1421618400,"2015-01-18 22:00:00",1280.197,1281.7845,1272.101,1277.0365,81307
1421704800,"2015-01-19 22:00:00",1277.0365,1297.219,1274.1475,1295.2125,137680
1421791200,"2015-01-20 22:00:00",1295.2125,1305.737,1284.6575,1293.182,150683
1421877600,"2015-01-21 22:00:00",1293.182,1307.7915,1279.3235,1302.5845,175619
1421964000,"2015-01-22 22:00:00",1302.5845,1302.8805,1284.4145,1294.714,104939
1422223200,"2015-01-25 22:00:00",1294.714,1299.3805,1275.934,1281.3325,126478
1422309600,"2015-01-26 22:00:00",1281.3325,1297.6965,1272.344,1292.1065,124753
1422396000,"2015-01-27 22:00:00",1292.1065,1293.805,1279.692,1284.4405,107075
1422482400,"2015-01-28 22:00:00",1284.4405,1286.033,1251.9035,1257.5465,164829
1422568800,"2015-01-29 22:00:00",1257.5465,1284.859,1257.168,1283.956,117436
1422828000,"2015-02-01 22:00:00",1283.956,1283.956,1266.328,1274.271,105815
1422914400,"2015-02-02 22:00:00",1274.271,1286.1925,1255.6035,1260.355,144176
1423000800,"2015-02-03 22:00:00",1260.355,1272.987,1256.6815,1269.155,134326
1423087200,"2015-02-04 22:00:00",1269.155,1274.482,1256.197,1264.7785,103801
1423173600,"2015-02-05 22:00:00",1264.7785,1268.9005,1228.376,1234.459,146732
1423432800,"2015-02-08 22:00:00",1234.459,1243.7905,1234.3515,1239.1065,54789
1423519200,"2015-02-09 22:00:00",1239.1065,1245.959,1230.9885,1233.507,70049
1423605600,"2015-02-10 22:00:00",1233.507,1238.89,1216.657,1218.7325,71209
1423692000,"2015-02-11 22:00:00",1218.7325,1233.256,1216.884,1222.064,84843
1423778400,"2015-02-12 22:00:00",1222.064,1235.0755,1221.83,1229.776,63762
1424037600,"2015-02-15 22:00:00",1229.776,1237.151,1227.6,1231.182,38236
1424124000,"2015-02-16 22:00:00",1231.182,1234.079,1203.865,1209.8575,89861
1424210400,"2015-02-17 22:00:00",1209.8575,1213.676,1197.654,1212.476,86068
1424296800,"2015-02-18 22:00:00",1212.476,1223.1525,1205.474,1206.7945,87462
1424383200,"2015-02-19 22:00:00",1206.7945,1215.5615,1198.1755,1201.618,90084
1424642400,"2015-02-22 22:00:00",1201.618,1210.5215,1190.568,1201.8985,84777
1424728800,"2015-02-23 22:00:00",1201.8985,1204.64,1190.39,1200.599,89875
1424815200,"2015-02-24 22:00:00",1200.599,1211.9155,1200.129,1205.015,55641
1424901600,"2015-02-25 22:00:00",1205.015,1220.115,1203.703,1209.3555,76205
1424988000,"2015-02-26 22:00:00",1209.3555,1219.485,1204.545,1213.1405,61393
1425247200,"2015-03-01 22:00:00",1213.1405,1223.353,1204.7785,1207.0465,33782
1425333600,"2015-03-02 22:00:00",1207.0465,1214.9195,1195.4875,1203.8205,35543
1425420000,"2015-03-03 22:00:00",1203.8205,1209.089,1198.367,1200.3425,29093
1425506400,"2015-03-04 22:00:00",1200.3425,1209.563,1196.6125,1198.389,25167
1425592800,"2015-03-05 22:00:00",1198.389,1200.7815,1163.884,1167.337,48468
1425848400,"2015-03-08 21:00:00",1167.337,1175.507,1165.946,1167.284,20811
1425934800,"2015-03-09 21:00:00",1167.284,1170.6085,1155.186,1161.831,35264
1426021200,"2015-03-10 21:00:00",1161.831,1165.3285,1147.6595,1155.2835,29562
1426107600,"2015-03-11 21:00:00",1155.2835,1166.751,1148.625,1153.7165,34066
1426194000,"2015-03-12 21:00:00",1153.7165,1161.888,1151.5475,1158.6,25848
1426453200,"2015-03-15 21:00:00",1158.6,1164.1935,1150.4645,1154.7305,22181
1426539600,"2015-03-16 21:00:00",1154.7305,1160.1115,1142.7585,1149.531,30977
1426626000,"2015-03-17 21:00:00",1149.531,1175.9215,1146.044,1167.686,53708
1426712400,"2015-03-18 21:00:00",1167.686,1178.013,1159.7395,1171.208,46904
1426798800,"2015-03-19 21:00:00",1171.208,1188.067,1168.891,1182.6095,34072
1427058000,"2015-03-22 21:00:00",1182.6095,1191.722,1179.4125,1189.4935,33088
1427144400,"2015-03-23 21:00:00",1189.4935,1195.1715,1185.5085,1193.314,28792
1427230800,"2015-03-24 21:00:00",1193.314,1199.789,1186.804,1195.41,27363
1427317200,"2015-03-25 21:00:00",1195.41,1219.9995,1194.6255,1204.785,40080
1427403600,"2015-03-26 21:00:00",1204.785,1206.3735,1192.6795,1198.8125,29787
1427662800,"2015-03-29 21:00:00",1198.8125,1199.912,1182.5215,1186.1575,23900
1427749200,"2015-03-30 21:00:00",1186.1575,1190.8885,1178.55,1183.6445,28313
1427835600,"2015-03-31 21:00:00",1183.6445,1208.715,1180.99,1204.091,29151
1427922000,"2015-04-01 21:00:00",1204.091,1207.4395,1195.0115,1202.704,27970
1428008400,"2015-04-02 21:00:00",1202.704,1203.206,1202.055,1203.206,25
1428267600,"2015-04-05 21:00:00",1203.206,1224.3095,1203.206,1214.84,28937
1428354000,"2015-04-06 21:00:00",1214.84,1215.9195,1207.6165,1209.192,20300
1428440400,"2015-04-07 21:00:00",1209.192,1212.497,1197.5735,1202.6105,33387
1428526800,"2015-04-08 21:00:00",1202.6105,1203.572,1192.725,1194.8465,23584
1428613200,"2015-04-09 21:00:00",1194.8465,1210.8795,1193.3335,1207.7495,25403
1428872400,"2015-04-12 21:00:00",1207.7495,1209.648,1196.472,1198.805,24466
1428958800,"2015-04-13 21:00:00",1198.805,1201.617,1184.0995,1192.8055,37347
1429045200,"2015-04-14 21:00:00",1192.8055,1204.7255,1188.982,1202.603,30457
1429131600,"2015-04-15 21:00:00",1202.603,1209.2315,1194.861,1198.5895,37475
1429218000,"2015-04-16 21:00:00",1198.5895,1207.9885,1197.5315,1204.4205,31912
1429477200,"2015-04-19 21:00:00",1204.4205,1209.47,1191.5075,1195.8065,30278
1429563600,"2015-04-20 21:00:00",1195.8065,1204.3755,1193.2065,1202.497,19049
1429650000,"2015-04-21 21:00:00",1202.497,1205.069,1185.808,1187.0765,29059
1429736400,"2015-04-22 21:00:00",1187.0765,1198.0965,1184.464,1194.043,25126
1429822800,"2015-04-23 21:00:00",1194.043,1196.104,1175.3835,1179.482,30144
1430082000,"2015-04-26 21:00:00",1179.482,1207.371,1178.767,1202.052,32399
1430168400,"2015-04-27 21:00:00",1202.052,1215.187,1199.2925,1212.1115,31127
1430254800,"2015-04-28 21:00:00",1212.1115,1214.122,1201.484,1204.668,38375
1430341200,"2015-04-29 21:00:00",1204.668,1207.679,1177.148,1184.393,43636
1430427600,"2015-04-30 21:00:00",1184.393,1185.315,1170.193,1178.4675,27919
1430686800,"2015-05-03 21:00:00",1178.4675,1192.9555,1177.8405,1188.413,24991
1430773200,"2015-05-04 21:00:00",1188.413,1199.9925,1185.807,1193.327,22781
1430859600,"2015-05-05 21:00:00",1193.327,1197.7785,1188.3765,1192.2205,29662
1430946000,"2015-05-06 21:00:00",1192.2205,1192.9745,1178.947,1184.5655,27900
1431032400,"2015-05-07 21:00:00",1184.5655,1194.022,1181.695,1188.4105,37422
1431291600,"2015-05-10 21:00:00",1188.4105,1191.921,1178.97,1184.0005,19297
1431378000,"2015-05-11 21:00:00",1184.0005,1197.372,1180.794,1193.92,22710
1431464400,"2015-05-12 21:00:00",1193.92,1219.038,1191.341,1215.747,35083
1431550800,"2015-05-13 21:00:00",1215.747,1227.6985,1212.4765,1221.1385,32668
1431637200,"2015-05-14 21:00:00",1221.1385,1226.3395,1211.179,1224.068,26734
1431896400,"2015-05-17 21:00:00",1224.068,1232.473,1221.742,1225.4645,21148
1431982800,"2015-05-18 21:00:00",1225.4645,1226.053,1205.833,1207.822,29376
1432069200,"2015-05-19 21:00:00",1207.822,1213.608,1203.367,1209.864,27825
1432155600,"2015-05-20 21:00:00",1209.864,1212.8815,1201.594,1206.256,22509
1432242000,"2015-05-21 21:00:00",1206.256,1215.0695,1201.617,1205.9725,24368
1432501200,"2015-05-24 21:00:00",1205.9725,1208.7405,1202.949,1207.2085,10224
1432587600,"2015-05-25 21:00:00",1207.2085,1207.628,1185.6145,1187.358,36235
1432674000,"2015-05-26 21:00:00",1187.358,1191.078,1183.7335,1188.061,23210
1432760400,"2015-05-27 21:00:00",1188.061,1192.279,1180.2165,1188.2025,27283
1432846800,"2015-05-28 21:00:00",1188.2025,1194.4495,1185.845,1190.4235,23788
1433106000,"2015-05-31 21:00:00",1190.4235,1204.473,1184.4855,1189.2445,34073
1433192400,"2015-06-01 21:00:00",1189.2445,1196.4105,1185.986,1193.074,32022
1433278800,"2015-06-02 21:00:00",1193.074,1195.5745,1179.5155,1185.002,32350
1433365200,"2015-06-03 21:00:00",1185.002,1186.38,1173.0265,1176.814,36596
1433451600,"2015-06-04 21:00:00",1176.814,1178.6645,1162.786,1172.0125,32550
1433710800,"2015-06-07 21:00:00",1172.0125,1177.7555,1169.2015,1174.101,25916
1433797200,"2015-06-08 21:00:00",1174.101,1183.063,1172.614,1176.865,19448
1433883600,"2015-06-09 21:00:00",1176.865,1192.4155,1175.2835,1186.06,26301
1433970000,"2015-06-10 21:00:00",1186.06,1188.1365,1175.601,1181.992,23988
1434056400,"2015-06-11 21:00:00",1181.992,1184.5265,1176.513,1181.6945,18025
1434315600,"2015-06-14 21:00:00",1181.6945,1190.666,1172.9045,1186.314,25440
1434402000,"2015-06-15 21:00:00",1186.314,1187.9765,1176.1945,1182.153,17021
1434488400,"2015-06-16 21:00:00",1182.153,1189.4585,1174.73,1185.671,27400
1434574800,"2015-06-17 21:00:00",1185.671,1205.973,1183.739,1201.8835,30116
1434661200,"2015-06-18 21:00:00",1201.8835,1204.3075,1198.498,1200.2985,14811
1434920400,"2015-06-21 21:00:00",1200.2985,1201.2095,1182.276,1185.939,17997
1435006800,"2015-06-22 21:00:00",1185.939,1188.2465,1176.362,1178.6635,20061
1435093200,"2015-06-23 21:00:00",1178.6635,1180.3825,1169.39,1175.4905,18308
1435179600,"2015-06-24 21:00:00",1175.4905,1178.2235,1171.5435,1173.175,14823
1435266000,"2015-06-25 21:00:00",1173.175,1178.7665,1168.5415,1175.3875,17328
1435525200,"2015-06-28 21:00:00",1175.3875,1188.2825,1173.8835,1179.809,32126
1435611600,"2015-06-29 21:00:00",1179.809,1180.6275,1166.9195,1172.37,27466
1435698000,"2015-06-30 21:00:00",1172.37,1175.1695,1167.6805,1168.8585,17615
1435784400,"2015-07-01 21:00:00",1168.8585,1169.9955,1157.1515,1166.2195,23019
1435870800,"2015-07-02 21:00:00",1166.2195,1170.362,1164.793,1168.902,10604
1436130000,"2015-07-05 21:00:00",1168.902,1175.668,1162.977,1170.296,23984
1436216400,"2015-07-06 21:00:00",1170.296,1170.826,1148.073,1155.2135,39344
1436302800,"2015-07-07 21:00:00",1155.2135,1164.8055,1147.2865,1158.245,38868
1436389200,"2015-07-08 21:00:00",1158.245,1167.905,1156.106,1159.2795,28036
1436475600,"2015-07-09 21:00:00",1159.2795,1165.5155,1157.614,1163.647,23126
1436734800,"2015-07-12 21:00:00",1163.647,1165.1005,1151.1335,1157.999,26876
1436821200,"2015-07-13 21:00:00",1157.999,1159.9005,1153.06,1156.011,18483
1436907600,"2015-07-14 21:00:00",1156.011,1156.9475,1143.297,1149.415,22049
1436994000,"2015-07-15 21:00:00",1149.415,1149.875,1142.2865,1145.4645,20915
1437080400,"2015-07-16 21:00:00",1145.4645,1145.915,1131.1495,1134.4725,20966
1437339600,"2015-07-19 21:00:00",1134.4725,1134.4725,1072.2495,1096.341,72891
1437426000,"2015-07-20 21:00:00",1096.341,1110.0165,1096.187,1101.49,28823
1437512400,"2015-07-21 21:00:00",1101.49,1103.775,1087.1425,1094.3395,33701
1437598800,"2015-07-22 21:00:00",1094.3395,1105.895,1087.353,1090.6735,28881
1437685200,"2015-07-23 21:00:00",1090.6735,1101.7435,1076.168,1099.534,43923
1437944400,"2015-07-26 21:00:00",1099.534,1105.157,1088.616,1094.1055,33064
1438030800,"2015-07-27 21:00:00",1094.1055,1099.1485,1091.722,1095.347,21110
1438117200,"2015-07-28 21:00:00",1095.347,1102.155,1090.4765,1096.9735,32621
1438203600,"2015-07-29 21:00:00",1096.9735,1098.753,1082.6645,1088.6245,32707
1438290000,"2015-07-30 21:00:00",1088.6245,1103.631,1080.1555,1095.5685,35558
1438549200,"2015-08-02 21:00:00",1095.5685,1098.152,1085.975,1086.915,23316
1438635600,"2015-08-03 21:00:00",1086.915,1095.0615,1081.085,1087.68,23058
1438722000,"2015-08-04 21:00:00",1087.68,1092.6485,1083.0795,1085.138,22535
1438808400,"2015-08-05 21:00:00",1085.138,1094.199,1083.5895,1089.593,17470
1438894800,"2015-08-06 21:00:00",1089.593,1099.679,1082.511,1094.175,34910
1439154000,"2015-08-09 21:00:00",1094.175,1109.1425,1089.744,1104.5525,26505
1439240400,"2015-08-10 21:00:00",1104.5525,1119.6595,1093.9575,1108.951,42493
1439326800,"2015-08-11 21:00:00",1108.951,1126.033,1101.97,1124.534,41144
1439413200,"2015-08-12 21:00:00",1124.534,1126.925,1113.691,1115.213,28062
1439499600,"2015-08-13 21:00:00",1115.213,1121.1505,1111.8655,1114.921,22904
1439758800,"2015-08-16 21:00:00",1114.921,1122.9375,1113.8115,1117.5265,17104
1439845200,"2015-08-17 21:00:00",1117.5265,1121.2305,1109.5725,1117.6475,21099
1439931600,"2015-08-18 21:00:00",1117.6475,1134.9395,1116.412,1133.9935,26551
1440018000,"2015-08-19 21:00:00",1133.9935,1154.1395,1132.7405,1152.133,29016
1440104400,"2015-08-20 21:00:00",1152.133,1168.389,1149.044,1161.1095,42373
1440363600,"2015-08-23 21:00:00",1161.1095,1170.28,1146.0055,1155.0755,103964
1440450000,"2015-08-24 21:00:00",1155.0755,1156.7305,1134.7405,1140.6475,64223
1440536400,"2015-08-25 21:00:00",1140.6475,1146.571,1117.7665,1125.153,62934
1440622800,"2015-08-26 21:00:00",1125.153,1129.403,1118.201,1124.882,38700
1440709200,"2015-08-27 21:00:00",1124.882,1140.959,1123.911,1133.744,39840
1440968400,"2015-08-30 21:00:00",1133.744,1136.821,1125.779,1134.9415,25307
1441054800,"2015-08-31 21:00:00",1134.9415,1148.0765,1134.408,1140.2705,32758
1441141200,"2015-09-01 21:00:00",1140.2705,1142.5345,1132.137,1134.112,27579
1441227600,"2015-09-02 21:00:00",1134.112,1134.395,1121.876,1125.384,26852
1441314000,"2015-09-03 21:00:00",1125.384,1133.333,1116.519,1121.578,30303
1441573200,"2015-09-06 21:00:00",1121.578,1124.981,1116.0655,1119.221,12047
1441659600,"2015-09-07 21:00:00",1119.221,1126.9425,1118.7465,1121.538,19685
1441746000,"2015-09-08 21:00:00",1121.538,1125.5175,1101.3505,1108.0265,25448
1441832400,"2015-09-09 21:00:00",1108.0265,1115.19,1103.822,1110.684,26061
1441918800,"2015-09-10 21:00:00",1110.684,1113.003,1098.795,1107.7665,24462
1442178000,"2015-09-13 21:00:00",1107.7665,1110.661,1103.6045,1108.904,15379
1442264400,"2015-09-14 21:00:00",1108.904,1109.565,1102.545,1105.227,15113
1442350800,"2015-09-15 21:00:00",1105.227,1124.324,1104.111,1119.5005,21832
1442437200,"2015-09-16 21:00:00",1119.5005,1136.1125,1115.492,1131.4965,39035
1442523600,"2015-09-17 21:00:00",1131.4965,1141.9215,1127.6575,1139.059,31315
1442782800,"2015-09-20 21:00:00",1139.059,1140.122,1129.6365,1133.4425,15326
1442869200,"2015-09-21 21:00:00",1133.4425,1136.7925,1121.3945,1124.7665,19985
1442955600,"2015-09-22 21:00:00",1124.7665,1134.3695,1122.0135,1130.229,17590
1443042000,"2015-09-23 21:00:00",1130.229,1156.7635,1128.826,1153.956,31150
1443128400,"2015-09-24 21:00:00",1153.956,1153.956,1140.7905,1146.2295,26288
1443387600,"2015-09-27 21:00:00",1146.2295,1148.3695,1128.091,1132.2515,29587
1443474000,"2015-09-28 21:00:00",1132.2515,1134.927,1124.294,1127.348,24809
1443560400,"2015-09-29 21:00:00",1127.348,1128.227,1111.7775,1114.866,30314
1443646800,"2015-09-30 21:00:00",1114.866,1119.3095,1111.2205,1113.551,15277
1443733200,"2015-10-01 21:00:00",1113.551,1141.418,1104.735,1138.492,36480
1443992400,"2015-10-04 21:00:00",1138.492,1142.129,1130.214,1135.669,23509
1444078800,"2015-10-05 21:00:00",1135.669,1151.3925,1135.0905,1147.372,20901
1444165200,"2015-10-06 21:00:00",1147.372,1154.023,1141.9505,1145.504,20951
1444251600,"2015-10-07 21:00:00",1145.504,1151.4565,1136.7265,1139.2125,25734
1444338000,"2015-10-08 21:00:00",1139.2125,1159.741,1138.798,1156.36,25876
1444597200,"2015-10-11 21:00:00",1156.36,1169.123,1154.9655,1163.876,22323
1444683600,"2015-10-12 21:00:00",1163.876,1168.8465,1151.942,1168.7245,24906
1444770000,"2015-10-13 21:00:00",1168.7245,1189.927,1162.905,1184.1185,35476
1444856400,"2015-10-14 21:00:00",1184.1185,1191.653,1174.1795,1183.235,38033
1444942800,"2015-10-15 21:00:00",1183.235,1184.6675,1174.51,1176.7425,25566
1445202000,"2015-10-18 21:00:00",1176.7425,1178.417,1168.695,1170.8545,24980
1445288400,"2015-10-19 21:00:00",1170.8545,1181.0175,1167.5245,1176.144,23756
1445374800,"2015-10-20 21:00:00",1176.144,1179.385,1163.603,1167.307,24955
1445461200,"2015-10-21 21:00:00",1167.307,1171.942,1162.677,1165.6795,27291
1445547600,"2015-10-22 21:00:00",1165.6795,1179.525,1159.0165,1164.4585,32827
1445806800,"2015-10-25 21:00:00",1164.4585,1169.807,1162.3165,1163.462,17122
1445893200,"2015-10-26 21:00:00",1163.462,1168.859,1160.736,1166.8115,19090
1445979600,"2015-10-27 21:00:00",1166.8115,1183.08,1152.357,1155.845,39579
1446066000,"2015-10-28 21:00:00",1155.845,1162.7785,1144.868,1146.2565,30834
1446152400,"2015-10-29 21:00:00",1146.2565,1150.1605,1138.932,1142.173,23241
1446415200,"2015-11-01 22:00:00",1142.173,1143.1005,1132.8125,1133.651,19186
1446501600,"2015-11-02 22:00:00",1133.651,1138.4045,1114.507,1117.8705,22123
1446588000,"2015-11-03 22:00:00",1117.8705,1122.9185,1106.504,1108.097,26266
1446674400,"2015-11-04 22:00:00",1108.097,1111.645,1103.138,1103.9915,23068
1446760800,"2015-11-05 22:00:00",1103.9915,1110.5815,1085.524,1089.661,33775
1447020000,"2015-11-08 22:00:00",1089.661,1095.9155,1088.429,1092.5625,22535
1447106400,"2015-11-09 22:00:00",1092.5625,1095.701,1085.3425,1089.782,18976
1447192800,"2015-11-10 22:00:00",1089.782,1094.3165,1084.244,1086.329,21089
1447279200,"2015-11-11 22:00:00",1086.329,1089.763,1074.0375,1085.425,30567
1447365600,"2015-11-12 22:00:00",1085.425,1088.8895,1079.374,1083.8925,26148
1447624800,"2015-11-15 22:00:00",1083.8925,1098.199,1081.4955,1082.8485,26504
1447711200,"2015-11-16 22:00:00",1082.8485,1085.43,1065.5315,1070.269,30289
1447797600,"2015-11-17 22:00:00",1070.269,1075.664,1063.846,1070.8615,31999
1447884000,"2015-11-18 22:00:00",1070.8615,1087.506,1069.5105,1082.232,29332
1447970400,"2015-11-19 22:00:00",1082.232,1088.2335,1075.9885,1077.765,24351
1448229600,"2015-11-22 22:00:00",1077.765,1077.765,1066.4465,1069.016,25764
1448316000,"2015-11-23 22:00:00",1069.016,1081.25,1068.873,1075.585,23497
1448402400,"2015-11-24 22:00:00",1075.585,1080.929,1067.9085,1071.383,19061
1448488800,"2015-11-25 22:00:00",1071.383,1074.9495,1069.741,1071.8595,12839
1448575200,"2015-11-26 22:00:00",1071.8595,1073.935,1052.885,1057.7685,23234
1448834400,"2015-11-29 22:00:00",1057.7685,1069.8135,1053.267,1064.957,21298
1448920800,"2015-11-30 22:00:00",1064.957,1074.784,1063.3625,1069.552,24919
1449007200,"2015-12-01 22:00:00",1069.552,1071.6765,1050.6785,1053.9015,23283
1449093600,"2015-12-02 22:00:00",1053.9015,1065.5085,1046.459,1062.199,57192
1449180000,"2015-12-03 22:00:00",1062.199,1088.908,1058.316,1086.532,46194
1449439200,"2015-12-06 22:00:00",1086.532,1086.783,1066.209,1071.2365,25553
1449525600,"2015-12-07 22:00:00",1071.2365,1079.27,1067.7,1074.6665,31383
1449612000,"2015-12-08 22:00:00",1074.6665,1085.5005,1069.4225,1072.7305,35489
1449698400,"2015-12-09 22:00:00",1072.7305,1076.7,1069.42,1071.3415,26332
1449784800,"2015-12-10 22:00:00",1071.3415,1079.655,1062.541,1074.8315,37039
1450044000,"2015-12-13 22:00:00",1074.8315,1077.6705,1058.5035,1060.3985,30783
1450130400,"2015-12-14 22:00:00",1060.3985,1068.8245,1058.5545,1061.226,32945
1450216800,"2015-12-15 22:00:00",1061.226,1078.5705,1061.0175,1072.024,44527
1450303200,"2015-12-16 22:00:00",1072.024,1073.397,1047.755,1051.7065,35732
1450389600,"2015-12-17 22:00:00",1051.7065,1071.881,1050.972,1066.23,28505
1450648800,"2015-12-20 22:00:00",1066.23,1081.8075,1063.953,1078.624,29938
1450735200,"2015-12-21 22:00:00",1078.624,1080.9285,1071.8925,1072.7655,22403
1450821600,"2015-12-22 22:00:00",1072.7655,1075.5985,1068.3055,1070.4395,16836
1450908000,"2015-12-23 22:00:00",1070.4395,1077.168,1070.0545,1076.2445,15001
1451253600,"2015-12-27 22:00:00",1076.2445,1077.2065,1066.585,1069.2115,20605
1451340000,"2015-12-28 22:00:00",1069.2115,1075.36,1067.5015,1069.1235,21268
1451426400,"2015-12-29 22:00:00",1069.1235,1072.2745,1059.5215,1061.604,23143
1451512800,"2015-12-30 22:00:00",1061.604,1063.657,1057.808,1060.9045,14958
1451599200,"2015-12-31 22:00:00",1060.9045,1060.9045,1060.6345,1060.6345,5
1451858400,"2016-01-03 22:00:00",1060.6345,1083.604,1060.6345,1074.5455,30753
1451944800,"2016-01-04 22:00:00",1074.5455,1082.1065,1072.721,1077.63,21566
1452031200,"2016-01-05 22:00:00",1077.63,1095.318,1075.0885,1093.6005,36013
1452117600,"2016-01-06 22:00:00",1093.6005,1110.224,1091.5385,1108.896,40887
1452204000,"2016-01-07 22:00:00",1108.896,1113.7065,1092.624,1104.161,50112
1452463200,"2016-01-10 22:00:00",1104.161,1108.6215,1093.741,1094.2765,36319
1452549600,"2016-01-11 22:00:00",1094.2765,1099.3925,1083.577,1086.985,29734
1452636000,"2016-01-12 22:00:00",1086.985,1095.661,1079.908,1093.265,31021
1452722400,"2016-01-13 22:00:00",1093.265,1095.5445,1071.475,1078.2455,30958
1452808800,"2016-01-14 22:00:00",1078.2455,1097.515,1076.407,1088.7755,41336
1453068000,"2016-01-17 22:00:00",1088.7755,1093.5095,1087.6115,1089.04,12951
1453154400,"2016-01-18 22:00:00",1089.04,1094.7285,1082.471,1087.4425,28139
1453240800,"2016-01-19 22:00:00",1087.4425,1109.851,1087.014,1101.059,37033
1453327200,"2016-01-20 22:00:00",1101.059,1104.6495,1092.528,1101.0915,41348
1453413600,"2016-01-21 22:00:00",1101.0915,1102.9665,1094.157,1097.653,26360
1453672800,"2016-01-24 22:00:00",1097.653,1109.06,1097.344,1107.87,21597
1453759200,"2016-01-25 22:00:00",1107.87,1123.0545,1107.139,1120.0405,25618
1453845600,"2016-01-26 22:00:00",1120.0405,1128.1735,1114.965,1124.867,30484
1453932000,"2016-01-27 22:00:00",1124.867,1126.0365,1110.655,1114.916,29462
1454018400,"2016-01-28 22:00:00",1114.916,1118.7305,1108.5835,1118.143,34227
1454277600,"2016-01-31 22:00:00",1118.143,1129.946,1115.614,1128.429,22596
1454364000,"2016-02-01 22:00:00",1128.429,1131.2105,1122.344,1128.807,21299
1454450400,"2016-02-02 22:00:00",1128.807,1145.6305,1124.519,1142.589,40321
1454536800,"2016-02-03 22:00:00",1142.589,1157.4735,1139.3915,1155.6375,38958
1454623200,"2016-02-04 22:00:00",1155.6375,1174.66,1145.371,1173.5065,50813
1454882400,"2016-02-07 22:00:00",1173.5065,1200.9675,1164.2965,1189.305,50704
1454968800,"2016-02-08 22:00:00",1189.305,1199.009,1185.7745,1189.015,55346
1455055200,"2016-02-09 22:00:00",1189.015,1197.773,1181.644,1197.3025,55974
1455141600,"2016-02-10 22:00:00",1197.3025,1263.436,1195.946,1246.798,140278
1455228000,"2016-02-11 22:00:00",1246.798,1248.3805,1232.4815,1237.951,73393
1455487200,"2016-02-14 22:00:00",1237.951,1237.951,1202.228,1209.3815,43729
1455573600,"2016-02-15 22:00:00",1209.3815,1217.162,1190.9975,1200.0915,60209
1455660000,"2016-02-16 22:00:00",1200.0915,1213.8895,1195.79,1208.534,55975
1455746400,"2016-02-17 22:00:00",1208.534,1240.021,1200.843,1231.0675,48239
1455832800,"2016-02-18 22:00:00",1231.0675,1234.666,1220.1055,1226.326,54836
1456092000,"2016-02-21 22:00:00",1226.326,1226.384,1202.046,1208.908,46565
1456178400,"2016-02-22 22:00:00",1208.908,1228.355,1207.29,1227.121,56447
1456264800,"2016-02-23 22:00:00",1227.121,1253.378,1222.006,1229.0185,73200
1456351200,"2016-02-24 22:00:00",1229.0185,1243.542,1221.2405,1233.1685,71720
1456437600,"2016-02-25 22:00:00",1233.1685,1240.494,1211.5645,1222.997,59862
1456696800,"2016-02-28 22:00:00",1222.997,1241.28,1215.759,1238.6045,53810
1456783200,"2016-02-29 22:00:00",1238.6045,1248.6615,1227.281,1232.168,56964
1456869600,"2016-03-01 22:00:00",1232.168,1244.2495,1224.868,1239.983,50113
1456956000,"2016-03-02 22:00:00",1239.983,1268.519,1237.567,1264.7735,52681
1457042400,"2016-03-03 22:00:00",1264.7735,1279.9235,1250.168,1259.277,108398
1457301600,"2016-03-06 22:00:00",1259.277,1273.2915,1256.7525,1267.4265,54912
1457388000,"2016-03-07 22:00:00",1267.4265,1278.217,1260.338,1261.5965,53893
1457474400,"2016-03-08 22:00:00",1261.5965,1265.047,1243.055,1253.0905,52444
1457560800,"2016-03-09 22:00:00",1253.0905,1273.4855,1237.0325,1272.2765,98595
1457647200,"2016-03-10 22:00:00",1272.2765,1284.979,1248.455,1250.3545,63633
1457902800,"2016-03-13 21:00:00",1250.3545,1261.1565,1229.376,1235.2065,43540
1457989200,"2016-03-14 21:00:00",1235.2065,1238.242,1225.664,1232.681,43795
1458075600,"2016-03-15 21:00:00",1232.681,1264.0485,1226.7395,1262.3405,60347
1458162000,"2016-03-16 21:00:00",1262.3405,1271.057,1254.5985,1258.028,59460
1458248400,"2016-03-17 21:00:00",1258.028,1267.0265,1247.854,1255.2935,37190
1458507600,"2016-03-20 21:00:00",1255.2935,1256.144,1240.7405,1243.6605,35868
1458594000,"2016-03-21 21:00:00",1243.6605,1260.3555,1242.5025,1248.2735,39386
1458680400,"2016-03-22 21:00:00",1248.2735,1249.5335,1215.4055,1220.4375,46784
1458766800,"2016-03-23 21:00:00",1220.4375,1223.9015,1211.108,1217.3005,33968
1459112400,"2016-03-27 21:00:00",1217.3005,1223.1955,1207.873,1221.351,25008
1459198800,"2016-03-28 21:00:00",1221.351,1243.161,1215.3895,1242.3835,43363
1459285200,"2016-03-29 21:00:00",1242.3835,1244.432,1223.3615,1224.9465,41564
1459371600,"2016-03-30 21:00:00",1224.9465,1240.6005,1223.7755,1232.945,40355
1459458000,"2016-03-31 21:00:00",1232.945,1235.4845,1209.0145,1222.3655,55688
1459717200,"2016-04-03 21:00:00",1222.3655,1222.7405,1214.7315,1215.4245,30693
1459803600,"2016-04-04 21:00:00",1215.4245,1237.0785,1214.9345,1231.3475,39521
1459890000,"2016-04-05 21:00:00",1231.3475,1232.3085,1216.6775,1222.325,41363
1459976400,"2016-04-06 21:00:00",1222.325,1243.351,1222.325,1240.512,49722
1460062800,"2016-04-07 21:00:00",1240.512,1242.808,1229.6695,1239.6775,40414
1460322000,"2016-04-10 21:00:00",1239.6775,1258.838,1239.6775,1257.568,45614
1460408400,"2016-04-11 21:00:00",1257.568,1262.7885,1251.287,1255.7105,41847
1460494800,"2016-04-12 21:00:00",1255.7105,1256.8775,1239.779,1242.7725,41910
1460581200,"2016-04-13 21:00:00",1242.7725,1244.189,1223.96,1227.366,54265
1460667600,"2016-04-14 21:00:00",1227.366,1235.979,1225.383,1234.0655,36339
1460926800,"2016-04-17 21:00:00",1234.0655,1241.7395,1230.091,1232.5985,42170
1461013200,"2016-04-18 21:00:00",1232.5985,1256.741,1227.8195,1250.28,55066
1461099600,"2016-04-19 21:00:00",1250.28,1258.082,1242.5595,1244.2755,50010
1461186000,"2016-04-20 21:00:00",1244.2755,1270.3615,1242.71,1248.1875,88266
1461272400,"2016-04-21 21:00:00",1248.1875,1252.736,1227.586,1232.3945,70628
1461531600,"2016-04-24 21:00:00",1232.3945,1242.502,1230.238,1237.961,43167
1461618000,"2016-04-25 21:00:00",1237.961,1245.0495,1231.5035,1243.395,49815
1461704400,"2016-04-26 21:00:00",1243.395,1252.9985,1239.543,1245.7225,69961
1461790800,"2016-04-27 21:00:00",1245.7225,1269.7525,1237.271,1266.6015,75752
1461877200,"2016-04-28 21:00:00",1266.6015,1296.913,1265.1165,1293.3535,76715
1462136400,"2016-05-01 21:00:00",1293.3535,1303.838,1287.662,1291.5655,67274
1462222800,"2016-05-02 21:00:00",1291.5655,1301.898,1282.171,1286.4645,66018
1462309200,"2016-05-03 21:00:00",1286.4645,1289.88,1271.9285,1279.4655,62387
1462395600,"2016-05-04 21:00:00",1279.4655,1286.5925,1268.981,1277.868,55899
1462482000,"2016-05-05 21:00:00",1277.868,1295.647,1274.5925,1287.737,71862
1462741200,"2016-05-08 21:00:00",1287.737,1287.737,1261.4475,1264.0285,57921
1462827600,"2016-05-09 21:00:00",1264.0285,1270.1205,1256.9375,1266.0455,52291
1462914000,"2016-05-10 21:00:00",1266.0455,1279.217,1264.8515,1277.488,54589
1463000400,"2016-05-11 21:00:00",1277.488,1281.072,1261.9305,1263.703,60603
1463086800,"2016-05-12 21:00:00",1263.703,1276.445,1263.018,1273.064,57356
1463346000,"2016-05-15 21:00:00",1273.064,1288.7695,1270.6755,1273.8635,54158
1463432400,"2016-05-16 21:00:00",1273.8635,1282.47,1269.181,1279.0855,61728
1463518800,"2016-05-17 21:00:00",1279.0855,1282.176,1255.1445,1258.7385,81576
1463605200,"2016-05-18 21:00:00",1258.7385,1261.4035,1244.058,1254.6015,74453
1463691600,"2016-05-19 21:00:00",1254.6015,1260.3695,1248.9135,1252.23,42820
1463950800,"2016-05-22 21:00:00",1252.23,1256.1715,1243.1925,1249.0115,50183
1464037200,"2016-05-23 21:00:00",1249.0115,1252.265,1226.2165,1227.1745,56027
1464123600,"2016-05-24 21:00:00",1227.1745,1230.268,1217.899,1224.4475,38675
1464210000,"2016-05-25 21:00:00",1224.4475,1234.5195,1218.4055,1219.8195,42487
1464296400,"2016-05-26 21:00:00",1219.8195,1223.5925,1206.8155,1212.9815,41411
1464555600,"2016-05-29 21:00:00",1212.9815,1213.6215,1199.655,1204.961,29994
1464642000,"2016-05-30 21:00:00",1204.961,1218.279,1204.859,1215.335,37077
1464728400,"2016-05-31 21:00:00",1215.335,1220.5685,1206.063,1212.72,37345
1464814800,"2016-06-01 21:00:00",1212.72,1217.7765,1209.91,1210.9715,35732
1464901200,"2016-06-02 21:00:00",1210.9715,1244.924,1207.051,1244.247,55730
1465160400,"2016-06-05 21:00:00",1244.247,1248.873,1240.0535,1245.2145,40441
1465246800,"2016-06-06 21:00:00",1245.2145,1246.6415,1234.7685,1243.893,27457
1465333200,"2016-06-07 21:00:00",1243.893,1264.4525,1243.113,1262.309,31343
1465419600,"2016-06-08 21:00:00",1262.309,1271.8105,1256.9125,1269.5655,31969
1465506000,"2016-06-09 21:00:00",1269.5655,1278.2235,1264.715,1273.7815,33244
1465765200,"2016-06-12 21:00:00",1273.7815,1287.2715,1272.581,1283.8865,42920
1465851600,"2016-06-13 21:00:00",1283.8865,1289.93,1276.1185,1286.125,39895
1465938000,"2016-06-14 21:00:00",1286.125,1296.9585,1278.552,1291.4915,47559
1466024400,"2016-06-15 21:00:00",1291.4915,1315.7595,1277.493,1277.493,76369
1466110800,"2016-06-16 21:00:00",1277.493,1299.6895,1276.7155,1298.6375,47580
1466370000,"2016-06-19 21:00:00",1298.6375,1298.6375,1278.106,1290.399,48753
1466456400,"2016-06-20 21:00:00",1290.399,1294.411,1264.583,1268.759,53291
1466542800,"2016-06-21 21:00:00",1268.759,1270.8065,1261.283,1266.6765,37723
1466629200,"2016-06-22 21:00:00",1266.6765,1271.983,1254.645,1255.584,54755
1466715600,"2016-06-23 21:00:00",1255.584,1358.7615,1250.4275,1315.7225,275438
1466974800,"2016-06-26 21:00:00",1315.7225,1335.7465,1315.7225,1324.3945,100011
1467061200,"2016-06-27 21:00:00",1324.3945,1326.266,1305.5175,1311.779,54072
1467147600,"2016-06-28 21:00:00",1311.779,1327.9475,1310.6925,1319.3785,49017
1467234000,"2016-06-29 21:00:00",1319.3785,1324.1155,1312.9045,1322.0135,49843
1467320400,"2016-06-30 21:00:00",1322.0135,1344.615,1320.707,1341.229,60776
1467579600,"2016-07-03 21:00:00",1341.229,1357.6765,1336.068,1351.071,76628
1467666000,"2016-07-04 21:00:00",1351.071,1357.787,1338.0715,1356.241,73049
1467752400,"2016-07-05 21:00:00",1356.241,1375.307,1354.732,1363.861,74134
1467838800,"2016-07-06 21:00:00",1363.861,1370.957,1350.891,1361.3565,55216
1467925200,"2016-07-07 21:00:00",1361.3565,1370.703,1335.3295,1366.235,86040
1468184400,"2016-07-10 21:00:00",1366.235,1375.2295,1350.7695,1355.595,63807
1468270800,"2016-07-11 21:00:00",1355.595,1357.8825,1330.4655,1333.198,57924
1468357200,"2016-07-12 21:00:00",1333.198,1345.5225,1327.639,1342.3005,51512
1468443600,"2016-07-13 21:00:00",1342.3005,1347.345,1320.2825,1335.096,64632
1468530000,"2016-07-14 21:00:00",1335.096,1339.286,1322.5315,1337.4675,56414
1468789200,"2016-07-17 21:00:00",1337.4675,1337.4675,1323.5155,1328.9535,51148
1468875600,"2016-07-18 21:00:00",1328.9535,1335.1675,1325.662,1332.036,36450
1468962000,"2016-07-19 21:00:00",1332.036,1338.316,1312.728,1315.9845,43070
1469048400,"2016-07-20 21:00:00",1315.9845,1334.004,1310.8785,1331.346,53140
1469134800,"2016-07-21 21:00:00",1331.346,1333.878,1319.778,1322.2945,43387
1469394000,"2016-07-24 21:00:00",1322.2945,1323.8685,1311.9025,1315.7855,33137
1469480400,"2016-07-25 21:00:00",1315.7855,1324.5725,1313.9355,1320.2245,34136
1469566800,"2016-07-26 21:00:00",1320.2245,1342.492,1315.9025,1340.1515,47391
1469653200,"2016-07-27 21:00:00",1340.1515,1345.723,1332.533,1335.4805,35213
1469739600,"2016-07-28 21:00:00",1335.4805,1355.119,1328.778,1351.2055,72495
1469998800,"2016-07-31 21:00:00",1351.2055,1355.0355,1346.252,1353.237,34909
1470085200,"2016-08-01 21:00:00",1353.237,1367.3175,1347.168,1363.5985,40143
1470171600,"2016-08-02 21:00:00",1363.5985,1366.6625,1354.286,1358.008,35104
1470258000,"2016-08-03 21:00:00",1358.008,1365.0995,1349.208,1361.375,43027
1470344400,"2016-08-04 21:00:00",1361.375,1364.8195,1334.758,1336.112,48686
1470603600,"2016-08-07 21:00:00",1336.112,1338.373,1330.041,1335.491,32017
1470690000,"2016-08-08 21:00:00",1335.491,1342.754,1330.703,1340.613,25942
1470776400,"2016-08-09 21:00:00",1340.613,1357.358,1340.2355,1346.566,37388
1470862800,"2016-08-10 21:00:00",1346.566,1353.4735,1335.864,1338.394,37002
1470949200,"2016-08-11 21:00:00",1338.394,1356.7645,1333.089,1336.2345,52398
1471208400,"2016-08-14 21:00:00",1336.2345,1343.9245,1335.8355,1339.344,31057
1471294800,"2016-08-15 21:00:00",1339.344,1358.208,1339.344,1346.6305,52091
1471381200,"2016-08-16 21:00:00",1346.6305,1351.876,1335.388,1349.194,43688
1471467600,"2016-08-17 21:00:00",1349.194,1356.215,1346.1465,1352.991,41592
1471554000,"2016-08-18 21:00:00",1352.991,1352.991,1337.895,1341.602,45582
1471813200,"2016-08-21 21:00:00",1341.602,1341.602,1331.79,1338.9435,42588
1471899600,"2016-08-22 21:00:00",1338.9435,1344.8475,1335.2965,1338.2105,32047
1471986000,"2016-08-23 21:00:00",1338.2105,1340.1865,1323.8605,1324.2155,38024
1472072400,"2016-08-24 21:00:00",1324.2155,1327.1405,1318.067,1321.883,28883
1472158800,"2016-08-25 21:00:00",1321.883,1342.271,1318.467,1320.5305,71451
1472418000,"2016-08-28 21:00:00",1320.5305,1325.1945,1314.898,1323.1515,36895
1472504400,"2016-08-29 21:00:00",1323.1515,1325.651,1309.345,1310.878,34827
1472590800,"2016-08-30 21:00:00",1310.878,1316.27,1304.307,1308.98,33106
1472677200,"2016-08-31 21:00:00",1308.98,1315.2365,1302.5685,1313.8395,35560
1472763600,"2016-09-01 21:00:00",1313.8395,1330.3025,1303.858,1325.4725,63563
1473022800,"2016-09-04 21:00:00",1325.4725,1328.7535,1321.874,1326.7435,17612
1473109200,"2016-09-05 21:00:00",1326.7435,1352.8545,1324.9385,1349.814,37858
1473195600,"2016-09-06 21:00:00",1349.814,1352.677,1342.803,1345.1085,30546
1473282000,"2016-09-07 21:00:00",1345.1085,1349.494,1335.584,1337.983,44378
1473368400,"2016-09-08 21:00:00",1337.983,1339.72,1326.985,1326.985,33460
1473627600,"2016-09-11 21:00:00",1326.985,1330.378,1320.4375,1327.9285,45988
1473714000,"2016-09-12 21:00:00",1327.9285,1332.1295,1315.694,1318.8435,42464
1473800400,"2016-09-13 21:00:00",1318.8435,1326.107,1313.645,1322.746,34819
1473886800,"2016-09-14 21:00:00",1322.746,1328.5515,1309.4275,1314.479,46940
1473973200,"2016-09-15 21:00:00",1314.479,1318.201,1306.3285,1310.1955,34726
1474232400,"2016-09-18 21:00:00",1310.1955,1318.5895,1309.56,1313.3095,25685
1474318800,"2016-09-19 21:00:00",1313.3095,1318.029,1312.0755,1314.9125,17055
1474405200,"2016-09-20 21:00:00",1314.9125,1337.4935,1307.851,1335.5015,66916
1474491600,"2016-09-21 21:00:00",1335.5015,1343.731,1331.258,1336.8905,29743
1474578000,"2016-09-22 21:00:00",1336.8905,1340.7165,1333.923,1338.169,22619
1474837200,"2016-09-25 21:00:00",1338.169,1342.2365,1332.793,1337.871,23153
1474923600,"2016-09-26 21:00:00",1337.871,1339.6825,1324.6705,1326.997,29288
1475010000,"2016-09-27 21:00:00",1326.997,1327.684,1318.087,1321.9205,22942
1475096400,"2016-09-28 21:00:00",1321.9205,1325.972,1315.7365,1320.5325,27321
1475182800,"2016-09-29 21:00:00",1320.5325,1328.1895,1313.3525,1316.0645,36852
1475442000,"2016-10-02 21:00:00",1316.0645,1319.7,1309.394,1311.5035,22625
1475528400,"2016-10-03 21:00:00",1311.5035,1313.134,1266.9925,1268.3715,52241
1475614800,"2016-10-04 21:00:00",1268.3715,1277.2635,1262.221,1266.768,37540
1475701200,"2016-10-05 21:00:00",1266.768,1269.525,1249.915,1254.791,30534
1475787600,"2016-10-06 21:00:00",1254.791,1265.607,1241.511,1257.4635,76919
1476046800,"2016-10-09 21:00:00",1257.4635,1265.0505,1256.7055,1259.3485,27878
1476133200,"2016-10-10 21:00:00",1259.3485,1262.317,1252.6315,1252.7955,29430
1476219600,"2016-10-11 21:00:00",1252.7955,1259.0285,1249.817,1255.365,31463
1476306000,"2016-10-12 21:00:00",1255.365,1262.4565,1253.209,1258.1115,31054
1476392400,"2016-10-13 21:00:00",1258.1115,1259.669,1246.146,1251.5925,38146
1476651600,"2016-10-16 21:00:00",1251.5925,1257.328,1250.292,1255.8455,22144
1476738000,"2016-10-17 21:00:00",1255.8455,1264.8315,1255.1285,1262.564,23740
1476824400,"2016-10-18 21:00:00",1262.564,1273.4365,1260.3895,1269.5765,23122
1476910800,"2016-10-19 21:00:00",1269.5765,1274.8795,1264.899,1265.9685,24442
1476997200,"2016-10-20 21:00:00",1265.9685,1268.0955,1261.284,1266.3755,16570
1477256400,"2016-10-23 21:00:00",1266.3755,1272.0195,1260.421,1264.615,20644
1477342800,"2016-10-24 21:00:00",1264.615,1276.8035,1262.2045,1274.03,22058
1477429200,"2016-10-25 21:00:00",1274.03,1276.5705,1264.829,1267.1945,22486
1477515600,"2016-10-26 21:00:00",1267.1945,1272.8745,1265.1055,1268.194,21950
1477602000,"2016-10-27 21:00:00",1268.194,1284.403,1261.8135,1275.792,43500
1477861200,"2016-10-30 21:00:00",1275.792,1279.725,1271.262,1276.8675,25786
1477947600,"2016-10-31 21:00:00",1276.8675,1292.0325,1275.635,1288.261,33716
1478034000,"2016-11-01 21:00:00",1288.261,1308.0775,1287.402,1296.257,42586
1478120400,"2016-11-02 21:00:00",1296.257,1307.2085,1285.771,1302.5835,38220
1478206800,"2016-11-03 21:00:00",1302.5835,1307.3,1294.8235,1305.1135,40044
1478469600,"2016-11-06 22:00:00",1305.1135,1305.1135,1278.277,1281.7945,35320
1478556000,"2016-11-07 22:00:00",1281.7945,1290.895,1272.974,1276.007,34286
1478642400,"2016-11-08 22:00:00",1276.007,1337.495,1268.349,1277.939,369870
1478728800,"2016-11-09 22:00:00",1277.939,1292.3845,1252.399,1259.013,116664
1478815200,"2016-11-10 22:00:00",1259.013,1265.568,1219.1785,1227.8555,126951
1479074400,"2016-11-13 22:00:00",1227.8555,1231.409,1211.6515,1221.3135,123383
1479160800,"2016-11-14 22:00:00",1221.3135,1231.6995,1219.015,1228.7095,76715
1479247200,"2016-11-15 22:00:00",1228.7095,1233.2355,1221.549,1224.9555,57219
1479333600,"2016-11-16 22:00:00",1224.9555,1231.5395,1210.98,1216.4015,61650
1479420000,"2016-11-17 22:00:00",1216.4015,1217.9715,1202.525,1207.8835,72407
1479679200,"2016-11-20 22:00:00",1207.8835,1217.9865,1205.7195,1214.1725,46721
1479765600,"2016-11-21 22:00:00",1214.1725,1221.147,1206.199,1212.3545,53302
1479852000,"2016-11-22 22:00:00",1212.3545,1215.139,1181.8025,1187.722,69713
1479938400,"2016-11-23 22:00:00",1187.722,1190.966,1180.3165,1183.445,43392
1480024800,"2016-11-24 22:00:00",1183.445,1193.412,1170.938,1184.2895,80402
1480284000,"2016-11-27 22:00:00",1184.2895,1197.7475,1182.787,1193.4065,52938
1480370400,"2016-11-28 22:00:00",1193.4065,1195.349,1181.174,1188.456,50302
1480456800,"2016-11-29 22:00:00",1188.456,1195.046,1170.0555,1173.3295,67263
1480543200,"2016-11-30 22:00:00",1173.3295,1176.8835,1160.8295,1171.6645,67087
1480629600,"2016-12-01 22:00:00",1171.6645,1178.2285,1166.8385,1177.287,52868
1480888800,"2016-12-04 22:00:00",1177.287,1188.267,1157.1585,1170.296,70706
1480975200,"2016-12-05 22:00:00",1170.296,1175.438,1166.9095,1169.7715,37474
1481061600,"2016-12-06 22:00:00",1169.7715,1180.2995,1165.6275,1174.315,33166
1481148000,"2016-12-07 22:00:00",1174.315,1178.8425,1169.298,1170.6405,52378
1481234400,"2016-12-08 22:00:00",1170.6405,1172.0995,1156.2945,1159.8395,39744
1481493600,"2016-12-11 22:00:00",1159.8395,1165.8825,1151.1185,1162.4025,41904
1481580000,"2016-12-12 22:00:00",1162.4025,1165.121,1154.675,1158.1865,35035
1481666400,"2016-12-13 22:00:00",1158.1865,1165.353,1139.0875,1143.395,61274
1481752800,"2016-12-14 22:00:00",1143.395,1144.4825,1122.751,1128.1635,67656
1481839200,"2016-12-15 22:00:00",1128.1635,1141.3825,1126.7855,1134.7365,45013
1482098400,"2016-12-18 22:00:00",1134.7365,1142.508,1134.0635,1138.6715,38161
1482184800,"2016-12-19 22:00:00",1138.6715,1139.929,1125.873,1132.3615,39726
1482271200,"2016-12-20 22:00:00",1132.3615,1137.214,1129.4925,1131.5465,28249
1482357600,"2016-12-21 22:00:00",1131.5465,1134.204,1127.8575,1128.729,27485
1482444000,"2016-12-22 22:00:00",1128.729,1136.0145,1128.344,1132.388,16375
1482789600,"2016-12-26 22:00:00",1132.388,1151.073,1131.709,1138.857,22807
1482876000,"2016-12-27 22:00:00",1138.857,1144.594,1136.5815,1141.211,21516
1482962400,"2016-12-28 22:00:00",1141.211,1159.6655,1141.211,1157.9935,33663
1483048800,"2016-12-29 22:00:00",1157.9935,1163.4065,1149.785,1151.61,43862
1483394400,"2017-01-02 22:00:00",1151.61,1165.052,1146.157,1158.83,50311
1483480800,"2017-01-03 22:00:00",1158.83,1168.054,1156.318,1163.274,42513
1483567200,"2017-01-04 22:00:00",1163.274,1185.151,1162.832,1180.461,66057
1483653600,"2017-01-05 22:00:00",1180.461,1183.374,1170.977,1172.6905,55785
1483912800,"2017-01-08 22:00:00",1172.6905,1186.253,1172.038,1180.666,36564
1483999200,"2017-01-09 22:00:00",1180.666,1190.702,1180.302,1187.6915,41110
1484085600,"2017-01-10 22:00:00",1187.6915,1198.348,1177.24,1191.569,77448
1484172000,"2017-01-11 22:00:00",1191.569,1207.047,1190.953,1195.393,60638
1484258400,"2017-01-12 22:00:00",1195.393,1201.918,1187.96,1197.383,53860
1484517600,"2017-01-15 22:00:00",1197.383,1208.762,1197.383,1203.017,29930
1484604000,"2017-01-16 22:00:00",1203.017,1218.944,1202.768,1217.0405,58242
1484690400,"2017-01-17 22:00:00",1217.0405,1217.879,1202.475,1204.0605,43237
1484776800,"2017-01-18 22:00:00",1204.0605,1206.724,1195.922,1204.7245,59842
1484863200,"2017-01-19 22:00:00",1204.7245,1215.084,1198.728,1210.395,63210
1485122400,"2017-01-22 22:00:00",1210.395,1219.601,1209.358,1218.0785,52270
1485208800,"2017-01-23 22:00:00",1218.0785,1220.224,1206.673,1209.009,37641
1485295200,"2017-01-24 22:00:00",1209.009,1209.968,1193.328,1200.2475,41502
1485381600,"2017-01-25 22:00:00",1200.2475,1202.73,1184.515,1188.6975,40457
1485468000,"2017-01-26 22:00:00",1188.6975,1191.836,1180.59,1191.082,38930
1485727200,"2017-01-29 22:00:00",1191.082,1199.502,1188.338,1195.369,34859
1485813600,"2017-01-30 22:00:00",1195.369,1215.437,1193.839,1210.5705,51908
1485900000,"2017-01-31 22:00:00",1210.5705,1213.31,1198.178,1209.7235,48782
1485986400,"2017-02-01 22:00:00",1209.7235,1225.409,1208.48,1215.853,43227
1486072800,"2017-02-02 22:00:00",1215.853,1221.492,1206.846,1220.5935,48235
1486332000,"2017-02-05 22:00:00",1220.5935,1235.662,1219.236,1235.368,32648
1486418400,"2017-02-06 22:00:00",1235.368,1235.928,1227.756,1233.6765,27740
1486504800,"2017-02-07 22:00:00",1233.6765,1244.83,1230.204,1241.5605,30639
1486591200,"2017-02-08 22:00:00",1241.5605,1244.616,1225.696,1228.7835,34032
1486677600,"2017-02-09 22:00:00",1228.7835,1237.21,1221.714,1233.755,37587
1486936800,"2017-02-12 22:00:00",1233.755,1233.755,1219.44,1225.3875,17974
1487023200,"2017-02-13 22:00:00",1225.3875,1234.608,1221.971,1228.596,27365
1487109600,"2017-02-14 22:00:00",1228.596,1233.562,1216.752,1233.5455,25240
1487196000,"2017-02-15 22:00:00",1233.5455,1242.464,1232.214,1239.4495,23071
1487282400,"2017-02-16 22:00:00",1239.4495,1243.85,1234.416,1234.7255,17279
1487541600,"2017-02-19 22:00:00",1234.7255,1239.074,1232.662,1237.5545,9664
1487628000,"2017-02-20 22:00:00",1237.5545,1238.948,1226.248,1235.9105,15426
1487714400,"2017-02-21 22:00:00",1235.9105,1241.056,1231.268,1237.384,24157
1487800800,"2017-02-22 22:00:00",1237.384,1251.171,1235.813,1249.576,24991
1487887200,"2017-02-23 22:00:00",1249.576,1260.198,1247.8655,1257.3295,17227
1488146400,"2017-02-26 22:00:00",1257.3295,1263.944,1251.041,1252.933,21167
1488232800,"2017-02-27 22:00:00",1252.933,1258.504,1247.716,1248.295,25219
1488319200,"2017-02-28 22:00:00",1248.295,1250.719,1237.016,1249.6405,50308
1488405600,"2017-03-01 22:00:00",1249.6405,1250.206,1231.042,1234.3315,59637
1488492000,"2017-03-02 22:00:00",1234.3315,1236.36,1222.911,1234.974,53866
1488751200,"2017-03-05 22:00:00",1234.974,1236.95,1225.018,1225.401,18252
1488837600,"2017-03-06 22:00:00",1225.401,1227.274,1214.256,1215.764,17310
1488924000,"2017-03-07 22:00:00",1215.764,1218.663,1206.708,1208.3085,21025
1489010400,"2017-03-08 22:00:00",1208.3085,1209.097,1199.357,1201.087,23301
1489096800,"2017-03-09 22:00:00",1201.087,1206.442,1195.067,1204.6815,35332
1489352400,"2017-03-12 21:00:00",1204.6815,1211.26,1202.524,1204.1635,24202
1489438800,"2017-03-13 21:00:00",1204.1635,1207.712,1197.294,1198.8245,26067
1489525200,"2017-03-14 21:00:00",1198.8245,1222.154,1197.676,1219.538,50646
1489611600,"2017-03-15 21:00:00",1219.538,1233.884,1218.176,1226.525,36654
1489698000,"2017-03-16 21:00:00",1226.525,1231.782,1224.556,1229.3345,24040
1489957200,"2017-03-19 21:00:00",1229.3345,1235.631,1229.3345,1234.164,22812
1490043600,"2017-03-20 21:00:00",1234.164,1247.7,1226.962,1244.591,41165
1490130000,"2017-03-21 21:00:00",1244.591,1251.436,1243.968,1249.0085,43076
1490216400,"2017-03-22 21:00:00",1249.0085,1253.408,1242.812,1245.206,46652
1490302800,"2017-03-23 21:00:00",1245.206,1251.998,1240.998,1243.449,34644
1490562000,"2017-03-26 21:00:00",1243.449,1261.081,1243.449,1254.4735,31591
1490648400,"2017-03-27 21:00:00",1254.4735,1258.502,1247.77,1251.928,24771
1490734800,"2017-03-28 21:00:00",1251.928,1254.758,1247.388,1253.5995,24511
1490821200,"2017-03-29 21:00:00",1253.5995,1253.952,1242.458,1243.203,32513
1490907600,"2017-03-30 21:00:00",1243.203,1250.722,1239.677,1249.119,31003
1491166800,"2017-04-02 21:00:00",1249.119,1253.844,1244.598,1253.6755,27426
1491253200,"2017-04-03 21:00:00",1253.6755,1261.423,1253.666,1256.251,28084
1491339600,"2017-04-04 21:00:00",1256.251,1257.399,1243.821,1255.615,45532
1491426000,"2017-04-05 21:00:00",1255.615,1259.038,1249.826,1251.986,33794
1491512400,"2017-04-06 21:00:00",1251.986,1271.122,1250.683,1254.437,77937
1491771600,"2017-04-09 21:00:00",1254.437,1257.216,1247.112,1254.601,27905
1491858000,"2017-04-10 21:00:00",1254.601,1275.216,1253.165,1274.523,40740
1491944400,"2017-04-11 21:00:00",1274.523,1286.874,1271.97,1286.514,44965
1492030800,"2017-04-12 21:00:00",1286.514,1288.644,1281.86,1287.5825,36867
1492376400,"2017-04-16 21:00:00",1287.5825,1295.612,1281.405,1284.7125,31802
1492462800,"2017-04-17 21:00:00",1284.7125,1292.45,1278.979,1289.54,39909
1492549200,"2017-04-18 21:00:00",1289.54,1290.857,1273.904,1279.9125,36707
1492635600,"2017-04-19 21:00:00",1279.9125,1283.503,1276.742,1282.121,40180
1492722000,"2017-04-20 21:00:00",1282.121,1288.386,1278.616,1284.265,35950
1492981200,"2017-04-23 21:00:00",1284.265,1284.265,1265.676,1275.575,50888
1493067600,"2017-04-24 21:00:00",1275.575,1278.232,1261.642,1263.8375,31215
1493154000,"2017-04-25 21:00:00",1263.8375,1271.017,1259.97,1268.908,44474
1493240400,"2017-04-26 21:00:00",1268.908,1269.717,1260.98,1264.429,33779
1493326800,"2017-04-27 21:00:00",1264.429,1268.62,1263.158,1268.229,31325
1493586000,"2017-04-30 21:00:00",1268.229,1271.295,1254.232,1256.668,32789
1493672400,"2017-05-01 21:00:00",1256.668,1257.904,1251.986,1256.8795,28376
1493758800,"2017-05-02 21:00:00",1256.8795,1257.09,1235.91,1237.727,47705
1493845200,"2017-05-03 21:00:00",1237.727,1241.342,1225.579,1227.8945,45081
1493931600,"2017-05-04 21:00:00",1227.8945,1235.708,1226.182,1228.368,47091
1494190800,"2017-05-07 21:00:00",1228.368,1236.652,1221.844,1226.019,31865
1494277200,"2017-05-08 21:00:00",1226.019,1228.69,1214.392,1221.049,32921
1494363600,"2017-05-09 21:00:00",1221.049,1225.786,1217.71,1219.06,29576
1494450000,"2017-05-10 21:00:00",1219.06,1227.851,1216.994,1225.0045,25788
1494536400,"2017-05-11 21:00:00",1225.0045,1231.872,1224.5,1228.021,23562
1494795600,"2017-05-14 21:00:00",1228.021,1237.441,1226.975,1230.4175,24726
1494882000,"2017-05-15 21:00:00",1230.4175,1239.248,1230.4175,1236.976,24049
1494968400,"2017-05-16 21:00:00",1236.976,1261.46,1236.552,1261.273,51580
1495054800,"2017-05-17 21:00:00",1261.273,1265.091,1246.028,1247.155,76448
1495141200,"2017-05-18 21:00:00",1247.155,1256.53,1246.43,1255.759,41738
1495400400,"2017-05-21 21:00:00",1255.759,1262.682,1251.857,1260.401,28903
1495486800,"2017-05-22 21:00:00",1260.401,1263.895,1250.749,1251.2295,39994
1495573200,"2017-05-23 21:00:00",1251.2295,1259.087,1247.979,1258.7105,40847
1495659600,"2017-05-24 21:00:00",1258.7105,1259.789,1253.861,1255.628,26677
1495746000,"2017-05-25 21:00:00",1255.628,1269.543,1253.264,1266.928,30607
1496005200,"2017-05-28 21:00:00",1266.928,1269.268,1265.12,1266.8045,9278
1496091600,"2017-05-29 21:00:00",1266.8045,1270.644,1259.382,1262.956,26977
1496178000,"2017-05-30 21:00:00",1262.956,1274.215,1259.645,1268.8085,27825
1496264400,"2017-05-31 21:00:00",1268.8085,1270.387,1261.524,1265.8925,27018
1496350800,"2017-06-01 21:00:00",1265.8925,1279.677,1259.044,1279.29,38476
1496610000,"2017-06-04 21:00:00",1279.29,1283.534,1277.817,1279.4975,21100
1496696400,"2017-06-05 21:00:00",1279.4975,1296.208,1279.417,1294.134,31939
1496782800,"2017-06-06 21:00:00",1294.134,1295.36,1282.718,1286.886,30640
1496869200,"2017-06-07 21:00:00",1286.886,1289.076,1271.376,1277.7855,41069
1496955600,"2017-06-08 21:00:00",1277.7855,1282.025,1264.771,1266.732,38543
1497214800,"2017-06-11 21:00:00",1266.732,1270.435,1263.708,1265.9055,28437
1497301200,"2017-06-12 21:00:00",1265.9055,1269.048,1259.231,1266.5075,20304
1497387600,"2017-06-13 21:00:00",1266.5075,1281.204,1257.252,1261.2235,66597
1497474000,"2017-06-14 21:00:00",1261.2235,1266.753,1251.534,1253.9715,39192
1497560400,"2017-06-15 21:00:00",1253.9715,1257.272,1251.881,1254.449,22187
1497819600,"2017-06-18 21:00:00",1254.449,1255.823,1243.069,1243.7325,20765
1497906000,"2017-06-19 21:00:00",1243.7325,1248.177,1241.405,1243.299,19915
1497992400,"2017-06-20 21:00:00",1243.299,1247.892,1240.902,1246.516,21812
1498078800,"2017-06-21 21:00:00",1246.516,1255.078,1245.888,1250.599,24858
1498165200,"2017-06-22 21:00:00",1250.599,1258.912,1249.921,1256.7525,17185
1498424400,"2017-06-25 21:00:00",1256.7525,1258.272,1236.006,1244.617,37322
1498510800,"2017-06-26 21:00:00",1244.617,1253.324,1241.441,1247.1605,27531
1498597200,"2017-06-27 21:00:00",1247.1605,1255.1,1246.458,1249.2075,34203
1498683600,"2017-06-28 21:00:00",1249.2075,1253.296,1239.866,1245.364,38880
1498770000,"2017-06-29 21:00:00",1245.364,1248.374,1239.309,1242.118,31131
1499029200,"2017-07-02 21:00:00",1242.118,1242.826,1218.661,1220.307,30423
1499115600,"2017-07-03 21:00:00",1220.307,1226.647,1220.307,1223.368,16083
1499202000,"2017-07-04 21:00:00",1223.368,1228.945,1217.227,1226.929,34114
1499288400,"2017-07-05 21:00:00",1226.929,1229.301,1222.62,1225.2015,32732
1499374800,"2017-07-06 21:00:00",1225.2015,1228.704,1207.416,1212.935,46222
1499634000,"2017-07-09 21:00:00",1212.935,1215.723,1204.89,1214.2845,28104
1499720400,"2017-07-10 21:00:00",1214.2845,1217.55,1208.304,1217.4555,26203
1499806800,"2017-07-11 21:00:00",1217.4555,1225.85,1213.534,1220.4045,35706
1499893200,"2017-07-12 21:00:00",1220.4045,1224.544,1216.66,1217.5,24593
1499979600,"2017-07-13 21:00:00",1217.5,1233.042,1214.91,1228.971,29912
1500238800,"2017-07-16 21:00:00",1228.971,1236.122,1228.282,1234.0455,20084
1500325200,"2017-07-17 21:00:00",1234.0455,1244.622,1232.85,1242.4145,25741
1500411600,"2017-07-18 21:00:00",1242.4145,1244.138,1235.616,1241.233,18309
1500498000,"2017-07-19 21:00:00",1241.233,1247.62,1235.363,1244.559,28265
1500584400,"2017-07-20 21:00:00",1244.559,1255.7625,1243.421,1254.9845,19194
1500843600,"2017-07-23 21:00:00",1254.9845,1258.867,1252.006,1255.1695,20697
1500930000,"2017-07-24 21:00:00",1255.1695,1257.843,1249.178,1250.1895,25776
1501016400,"2017-07-25 21:00:00",1250.1895,1263.62,1243.821,1261.012,33854
1501102800,"2017-07-26 21:00:00",1261.012,1265.366,1254.584,1259.2015,33675
1501189200,"2017-07-27 21:00:00",1259.2015,1270.962,1257.459,1269.5595,33442
1501448400,"2017-07-30 21:00:00",1269.5595,1271.232,1265.877,1269.507,21535
1501534800,"2017-07-31 21:00:00",1269.507,1274.204,1262.556,1268.8275,29945
1501621200,"2017-08-01 21:00:00",1268.8275,1272.948,1262.998,1266.673,30236
1501707600,"2017-08-02 21:00:00",1266.673,1270.88,1256.248,1268.625,32940
1501794000,"2017-08-03 21:00:00",1268.625,1270.338,1254.271,1259.177,37967
1502053200,"2017-08-06 21:00:00",1259.177,1260.039,1255.829,1257.8285,18315
1502139600,"2017-08-07 21:00:00",1257.8285,1265.346,1251.614,1260.7385,31025
1502226000,"2017-08-08 21:00:00",1260.7385,1278.788,1260.7385,1277.3845,44801
1502312400,"2017-08-09 21:00:00",1277.3845,1287.925,1274.745,1286.4595,41520
1502398800,"2017-08-10 21:00:00",1286.4595,1292.354,1281.356,1289.36,50679
1502658000,"2017-08-13 21:00:00",1289.36,1290.042,1278.685,1281.8475,37135
1502744400,"2017-08-14 21:00:00",1281.8475,1282.182,1267.397,1271.3675,40097
1502830800,"2017-08-15 21:00:00",1271.3675,1283.921,1267.734,1283.1535,43089
1502917200,"2017-08-16 21:00:00",1283.1535,1290.253,1281.254,1287.897,56928
1503003600,"2017-08-17 21:00:00",1287.897,1300.926,1283.474,1284.523,71122
1503262800,"2017-08-20 21:00:00",1284.523,1294.081,1280.613,1291.988,42717
1503349200,"2017-08-21 21:00:00",1291.988,1292.608,1282.053,1285.0845,37263
1503435600,"2017-08-22 21:00:00",1285.0845,1291.598,1282.834,1290.7325,34369
1503522000,"2017-08-23 21:00:00",1290.7325,1291.298,1284.492,1286.519,34707
1503608400,"2017-08-24 21:00:00",1286.519,1295.152,1276.196,1291.443,62097
1503867600,"2017-08-27 21:00:00",1291.443,1312.21,1291.443,1310,36889
1503954000,"2017-08-28 21:00:00",1310,1326.132,1305.06,1309.548,94262
1504040400,"2017-08-29 21:00:00",1309.548,1313.777,1305.206,1308.8095,55713
1504126800,"2017-08-30 21:00:00",1308.8095,1323.69,1297.876,1321.37,58319
1504213200,"2017-08-31 21:00:00",1321.37,1329.053,1316.452,1324.876,68621
1504472400,"2017-09-03 21:00:00",1324.876,1340.038,1324.876,1334.5905,37628
1504558800,"2017-09-04 21:00:00",1334.5905,1344.421,1326.267,1339.678,64886
1504645200,"2017-09-05 21:00:00",1339.678,1342.502,1331.64,1334.1595,56749
1504731600,"2017-09-06 21:00:00",1334.1595,1349.822,1332.594,1349.056,62523
1504818000,"2017-09-07 21:00:00",1349.056,1357.624,1342.874,1346.7815,66630
1505077200,"2017-09-10 21:00:00",1346.7815,1346.7815,1326.43,1327.803,45713
1505163600,"2017-09-11 21:00:00",1327.803,1332.115,1322.678,1331.9505,41816
1505250000,"2017-09-12 21:00:00",1331.9505,1334.856,1320.898,1323.2605,41752
1505336400,"2017-09-13 21:00:00",1323.2605,1330.722,1315.683,1329.5075,58175
1505422800,"2017-09-14 21:00:00",1329.5075,1334.467,1319.744,1320.66,59126
1505682000,"2017-09-17 21:00:00",1320.66,1320.66,1304.706,1307.4585,34197
1505768400,"2017-09-18 21:00:00",1307.4585,1311.795,1305.186,1311.1955,39955
1505854800,"2017-09-19 21:00:00",1311.1955,1316.292,1296.06,1301.1225,59420
1505941200,"2017-09-20 21:00:00",1301.1225,1301.986,1288.15,1291.4095,51163
1506027600,"2017-09-21 21:00:00",1291.4095,1298.868,1291.36,1297.293,37354
1506286800,"2017-09-24 21:00:00",1297.293,1312.508,1289.099,1310.511,51999
1506373200,"2017-09-25 21:00:00",1310.511,1313.809,1292.286,1293.7255,52284
1506459600,"2017-09-26 21:00:00",1293.7255,1296.344,1281.58,1282.9155,58264
1506546000,"2017-09-27 21:00:00",1282.9155,1288.746,1277.806,1287.4415,43125
1506632400,"2017-09-28 21:00:00",1287.4415,1290.503,1275.633,1280.081,42330
1506891600,"2017-10-01 21:00:00",1280.081,1280.27,1269.77,1271.1555,38242
1506978000,"2017-10-02 21:00:00",1271.1555,1274.784,1268.418,1271.78,25732
1507064400,"2017-10-03 21:00:00",1271.78,1282.32,1270.588,1274.726,31513
1507150800,"2017-10-04 21:00:00",1274.726,1279.026,1266.498,1268.268,27972
1507237200,"2017-10-05 21:00:00",1268.268,1276.971,1260.668,1276.372,48640
1507496400,"2017-10-08 21:00:00",1276.372,1285.592,1275.331,1283.9735,23759
1507582800,"2017-10-09 21:00:00",1283.9735,1294.306,1282.21,1287.7845,35290
1507669200,"2017-10-10 21:00:00",1287.7845,1293.688,1284.644,1291.8165,36896
1507755600,"2017-10-11 21:00:00",1291.8165,1297.565,1289.71,1293.54,28717
1507842000,"2017-10-12 21:00:00",1293.54,1304.299,1291.084,1303.797,37954
1508101200,"2017-10-15 21:00:00",1303.797,1306.138,1290.581,1295.074,31729
1508187600,"2017-10-16 21:00:00",1295.074,1296.375,1281.414,1285.131,32618
1508274000,"2017-10-17 21:00:00",1285.131,1288.889,1276.99,1281.1075,29501
1508360400,"2017-10-18 21:00:00",1281.1075,1291.078,1276.729,1289.798,44372
1508446800,"2017-10-19 21:00:00",1289.798,1291.218,1278.022,1280.368,39676
1508706000,"2017-10-22 21:00:00",1280.368,1283.344,1272.554,1282.0315,33271
1508792400,"2017-10-23 21:00:00",1282.0315,1283.772,1273.704,1276.767,33047
1508878800,"2017-10-24 21:00:00",1276.767,1280.1,1271.088,1277.523,44292
1508965200,"2017-10-25 21:00:00",1277.523,1282.59,1265.925,1267.1675,42793
1509051600,"2017-10-26 21:00:00",1267.1675,1274.707,1263.582,1274.131,44299
1509310800,"2017-10-29 21:00:00",1274.131,1278.89,1268.999,1276.407,29959
1509397200,"2017-10-30 21:00:00",1276.407,1278.242,1267.844,1271.2125,24137
1509483600,"2017-10-31 21:00:00",1271.2125,1280.92,1267.988,1274.654,44099
1509570000,"2017-11-01 21:00:00",1274.654,1284.271,1273.32,1275.9,44685
1509656400,"2017-11-02 21:00:00",1275.9,1280.59,1265.534,1269.9905,34353
1509919200,"2017-11-05 22:00:00",1269.9905,1283.082,1266.174,1281.8675,34390
1510005600,"2017-11-06 22:00:00",1281.8675,1282.078,1271.974,1275.201,28773
1510092000,"2017-11-07 22:00:00",1275.201,1287.262,1275.201,1281.5435,30478
1510178400,"2017-11-08 22:00:00",1281.5435,1288.744,1280.056,1285.144,43151
1510264800,"2017-11-09 22:00:00",1285.144,1287.191,1273.506,1275.413,34174
1510524000,"2017-11-12 22:00:00",1275.413,1279.898,1274.407,1278.412,22887
1510610400,"2017-11-13 22:00:00",1278.412,1283.638,1270.118,1280.0715,33359
1510696800,"2017-11-14 22:00:00",1280.0715,1289.606,1276.709,1278.1625,46138
1510783200,"2017-11-15 22:00:00",1278.1625,1281.884,1275.175,1278.7525,30633
1510869600,"2017-11-16 22:00:00",1278.7525,1296.984,1278.308,1294.343,38505
1511128800,"2017-11-19 22:00:00",1294.343,1294.956,1274.518,1276.9205,40079
1511215200,"2017-11-20 22:00:00",1276.9205,1284.832,1276.272,1280.464,32220
1511301600,"2017-11-21 22:00:00",1280.464,1294.696,1279.115,1292.2095,34381
1511388000,"2017-11-22 22:00:00",1292.2095,1293.712,1287.128,1291.2025,18806
1511474400,"2017-11-23 22:00:00",1291.2025,1293.339,1285.813,1288.457,24795
1511733600,"2017-11-26 22:00:00",1288.457,1299.326,1286.79,1294.3755,29279
1511820000,"2017-11-27 22:00:00",1294.3755,1297.572,1290.712,1293.576,34139
1511906400,"2017-11-28 22:00:00",1293.576,1296.761,1282.09,1283.6485,41154
1511992800,"2017-11-29 22:00:00",1283.6485,1285.382,1270.371,1275.025,38264
1512079200,"2017-11-30 22:00:00",1275.025,1289.304,1271.824,1280.637,72185
1512338400,"2017-12-03 22:00:00",1280.637,1280.637,1271.202,1276.075,37713
1512424800,"2017-12-04 22:00:00",1276.075,1277.2,1260.978,1266.1105,35224
1512511200,"2017-12-05 22:00:00",1266.1105,1269.346,1262.658,1263.5775,31531
1512597600,"2017-12-06 22:00:00",1263.5775,1264.627,1243.958,1247.168,31093
1512684000,"2017-12-07 22:00:00",1247.168,1252.416,1244.006,1248.3,32549
1512943200,"2017-12-10 22:00:00",1248.3,1251.5445,1240.804,1242.196,19606
1513029600,"2017-12-11 22:00:00",1242.196,1246.274,1236.527,1244.505,20759
1513116000,"2017-12-12 22:00:00",1244.505,1257.188,1240.299,1255.6215,44001
1513202400,"2017-12-13 22:00:00",1255.6215,1259.174,1250.544,1252.7165,30726
1513288800,"2017-12-14 22:00:00",1252.7165,1261.957,1252.628,1255.157,26703
1513548000,"2017-12-17 22:00:00",1255.157,1264.084,1252.872,1262.1325,22683
1513634400,"2017-12-18 22:00:00",1262.1325,1265.388,1259.236,1261.599,20429
1513720800,"2017-12-19 22:00:00",1261.599,1268.003,1261.426,1265.5395,19037
1513807200,"2017-12-20 22:00:00",1265.5395,1268.97,1262.892,1266.7725,18578
1513893600,"2017-12-21 22:00:00",1266.7725,1276.203,1265.082,1274.756,18005
1514239200,"2017-12-25 22:00:00",1274.756,1283.843,1273.408,1282.7685,17345
1514325600,"2017-12-26 22:00:00",1282.7685,1289.034,1281.351,1287.2085,18689
1514412000,"2017-12-27 22:00:00",1287.2085,1295.274,1287.064,1294.808,23017
1514498400,"2017-12-28 22:00:00",1294.808,1307.676,1293.944,1303.247,19500
1514844000,"2018-01-01 22:00:00",1303.247,1318.9465,1302.9,1317.625,24327
1514930400,"2018-01-02 22:00:00",1317.625,1321.588,1307.338,1313.1355,32362
1515016800,"2018-01-03 22:00:00",1313.1355,1326.064,1305.937,1322.731,31435
1515103200,"2018-01-04 22:00:00",1322.731,1323.508,1313.678,1319.864,31175
1515362400,"2018-01-07 22:00:00",1319.864,1322.18,1314.754,1320.3415,21211
1515448800,"2018-01-08 22:00:00",1320.3415,1320.547,1308.868,1312.8585,25232
1515535200,"2018-01-09 22:00:00",1312.8585,1327.874,1308.318,1316.7715,43827
1515621600,"2018-01-10 22:00:00",1316.7715,1324.096,1315.82,1322.5245,31769
1515708000,"2018-01-11 22:00:00",1322.5245,1339.434,1321.502,1338.425,40549
1515967200,"2018-01-14 22:00:00",1338.425,1344.874,1336.003,1340.793,31881
1516053600,"2018-01-15 22:00:00",1340.793,1342.439,1331.912,1338.5645,37837
1516140000,"2018-01-16 22:00:00",1338.5645,1344.082,1326.388,1327.366,47612
1516226400,"2018-01-17 22:00:00",1327.366,1333.2,1324.3,1326.879,43566
1516312800,"2018-01-18 22:00:00",1326.879,1338.161,1326.336,1331.678,38774
1516572000,"2018-01-21 22:00:00",1331.678,1335.784,1328.5,1333.934,30245
1516658400,"2018-01-22 22:00:00",1333.934,1341.849,1331.474,1341.2595,35312
1516744800,"2018-01-23 22:00:00",1341.2595,1362.236,1339.58,1358.5435,45406
1516831200,"2018-01-24 22:00:00",1358.5435,1366.112,1342.442,1348.25,91452
1516917600,"2018-01-25 22:00:00",1348.25,1357.233,1344.668,1349.765,68504
1517176800,"2018-01-28 22:00:00",1349.765,1352.506,1337.64,1340.388,49754
1517263200,"2018-01-29 22:00:00",1340.388,1349.067,1334.502,1338.5505,56107
1517349600,"2018-01-30 22:00:00",1338.5505,1347.532,1332.9,1345.057,73695
1517436000,"2018-01-31 22:00:00",1345.057,1351.06,1337.328,1349.77,50978
1517522400,"2018-02-01 22:00:00",1349.77,1350.18,1327.472,1333.081,71837
1517781600,"2018-02-04 22:00:00",1333.081,1341.784,1329.056,1339.6695,83166
1517868000,"2018-02-05 22:00:00",1339.6695,1346.192,1320.264,1324.2945,104863
1517954400,"2018-02-06 22:00:00",1324.2945,1332.363,1311.378,1318.475,71427
1518040800,"2018-02-07 22:00:00",1318.475,1322.333,1307.081,1318.781,71427
1518127200,"2018-02-08 22:00:00",1318.781,1322.835,1311.207,1316.47,80424
1518386400,"2018-02-11 22:00:00",1316.47,1326.697,1314.294,1322.738,39344
1518472800,"2018-02-12 22:00:00",1322.738,1331.034,1321.672,1329.356,36945
1518559200,"2018-02-13 22:00:00",1329.356,1355.522,1318.002,1350.6565,81020
1518645600,"2018-02-14 22:00:00",1350.6565,1357.19,1348.612,1352.557,50400
1518732000,"2018-02-15 22:00:00",1352.557,1361.796,1344.9,1347.532,54262
1518991200,"2018-02-18 22:00:00",1347.532,1351.463,1345.818,1346.6505,22073
1519077600,"2018-02-19 22:00:00",1346.6505,1348.412,1328.582,1329.662,44679
1519164000,"2018-02-20 22:00:00",1329.662,1336.35,1322.438,1324.5695,63516
1519250400,"2018-02-21 22:00:00",1324.5695,1332.07,1321.026,1331.824,43211
1519336800,"2018-02-22 22:00:00",1331.824,1332.337,1325.876,1329.623,30203
1519596000,"2018-02-25 22:00:00",1329.623,1341.072,1326.728,1333.172,36841
1519682400,"2018-02-26 22:00:00",1333.172,1336.836,1313.452,1318.6345,49877
1519768800,"2018-02-27 22:00:00",1318.6345,1322.64,1315.734,1318.381,34888
1519855200,"2018-02-28 22:00:00",1318.381,1321.252,1302.832,1316.9815,67947
1519941600,"2018-03-01 22:00:00",1316.9815,1325.58,1315.268,1322.064,46551
1520200800,"2018-03-04 22:00:00",1322.064,1327.87,1317.609,1320.201,32008
1520287200,"2018-03-05 22:00:00",1320.201,1338.469,1320.024,1334.7165,39196
1520373600,"2018-03-06 22:00:00",1334.7165,1340.6,1322.27,1325.6265,46452
1520460000,"2018-03-07 22:00:00",1325.6265,1329.146,1319.049,1321.9225,36881
1520546400,"2018-03-08 22:00:00",1321.9225,1325.258,1312.862,1323.532,50030
1520802000,"2018-03-11 21:00:00",1323.532,1324.408,1315.109,1322.9325,28888
1520888400,"2018-03-12 21:00:00",1322.9325,1328.42,1313.678,1326.431,48294
1520974800,"2018-03-13 21:00:00",1326.431,1330.162,1321.522,1325.068,36657
1521061200,"2018-03-14 21:00:00",1325.068,1328.012,1315.046,1316.301,32562
1521147600,"2018-03-15 21:00:00",1316.301,1321.769,1309.687,1314.435,32490
1521406800,"2018-03-18 21:00:00",1314.435,1319.726,1307.77,1317.085,32893
1521493200,"2018-03-19 21:00:00",1317.085,1318.379,1307.21,1311.208,30433
1521579600,"2018-03-20 21:00:00",1311.208,1336.814,1309.874,1332.231,72530
1521666000,"2018-03-21 21:00:00",1332.231,1335.041,1324.806,1328.874,50363
1521752400,"2018-03-22 21:00:00",1328.874,1350.334,1328.874,1348.008,57205
1522011600,"2018-03-25 21:00:00",1348.008,1355.948,1343.552,1353.7765,33769
1522098000,"2018-03-26 21:00:00",1353.7765,1356.917,1339.925,1345.091,42407
1522184400,"2018-03-27 21:00:00",1345.091,1347.156,1323.508,1325.0425,44931
1522270800,"2018-03-28 21:00:00",1325.0425,1328.3865,1321.248,1325.2385,38615
1522616400,"2018-04-01 21:00:00",1325.2385,1344.99,1324.854,1341.5065,38601
1522702800,"2018-04-02 21:00:00",1341.5065,1342.56,1328.94,1332.76,39064
1522789200,"2018-04-03 21:00:00",1332.76,1348.266,1331.564,1333.3785,51459
1522875600,"2018-04-04 21:00:00",1333.3785,1334.966,1322.84,1326.647,38397
1522962000,"2018-04-05 21:00:00",1326.647,1335.592,1320.075,1333.3325,67452
1523221200,"2018-04-08 21:00:00",1333.3325,1338.1,1326.93,1336.3005,38702
1523307600,"2018-04-09 21:00:00",1336.3005,1342.728,1331.092,1339.725,43060
1523394000,"2018-04-10 21:00:00",1339.725,1365.37,1339.253,1353.275,62962
1523480400,"2018-04-11 21:00:00",1353.275,1353.275,1333.776,1335.099,59398
1523566800,"2018-04-12 21:00:00",1335.099,1347.286,1333.481,1345.9,44383
1523826000,"2018-04-15 21:00:00",1345.9,1350.586,1340.26,1345.886,47180
1523912400,"2018-04-16 21:00:00",1345.886,1349.45,1337.71,1347.172,40254
1523998800,"2018-04-17 21:00:00",1347.172,1355.81,1342.376,1349.41,45354
1524085200,"2018-04-18 21:00:00",1349.41,1354.757,1340.97,1345.742,57438
1524171600,"2018-04-19 21:00:00",1345.742,1346.244,1335.006,1336.154,41559
1524430800,"2018-04-22 21:00:00",1336.154,1336.154,1322.182,1324.848,42431
1524517200,"2018-04-23 21:00:00",1324.848,1332.78,1322.08,1330.47,46921
1524603600,"2018-04-24 21:00:00",1330.47,1332.132,1318.864,1322.877,36740
1524690000,"2018-04-25 21:00:00",1322.877,1326.716,1315.286,1317.037,48399
1524776400,"2018-04-26 21:00:00",1317.037,1325.294,1315.41,1323.699,40118
1525035600,"2018-04-29 21:00:00",1323.699,1325.032,1310.3,1315.6,43723
1525122000,"2018-04-30 21:00:00",1315.6,1316.366,1301.756,1304.089,37257
1525208400,"2018-05-01 21:00:00",1304.089,1313.724,1303.964,1304.86,57956
1525294800,"2018-05-02 21:00:00",1304.86,1318.184,1304.662,1312.267,50636
1525381200,"2018-05-03 21:00:00",1312.267,1315.743,1307.946,1314.994,48367
1525640400,"2018-05-06 21:00:00",1314.994,1319.17,1310.27,1314.304,34494
1525726800,"2018-05-07 21:00:00",1314.304,1318.04,1306.159,1314.514,56556
1525813200,"2018-05-08 21:00:00",1314.514,1317.503,1304.332,1312.801,47936
1525899600,"2018-05-09 21:00:00",1312.801,1323.187,1310.79,1321.312,52216
1525986000,"2018-05-10 21:00:00",1321.312,1326.046,1317.645,1318.571,33072
1526245200,"2018-05-13 21:00:00",1318.571,1322.431,1313.012,1313.548,28310
1526331600,"2018-05-14 21:00:00",1313.548,1314.988,1288.713,1290.983,40797
1526418000,"2018-05-15 21:00:00",1290.983,1297.028,1286.375,1290.696,38307
1526504400,"2018-05-16 21:00:00",1290.696,1294.471,1284.914,1290.964,35667
1526590800,"2018-05-17 21:00:00",1290.964,1294.278,1286.12,1292.603,26819
1526850000,"2018-05-20 21:00:00",1292.603,1293.218,1282.031,1292.686,30053
1526936400,"2018-05-21 21:00:00",1292.686,1296.641,1287.951,1291.41,29969
1527022800,"2018-05-22 21:00:00",1291.41,1299.008,1287.877,1293.508,45768
1527109200,"2018-05-23 21:00:00",1293.508,1306.636,1292.84,1304.872,34805
1527195600,"2018-05-24 21:00:00",1304.872,1307.89,1299.902,1301.826,30535
1527454800,"2018-05-27 21:00:00",1301.826,1301.826,1295.512,1298.138,22204
1527541200,"2018-05-28 21:00:00",1298.138,1306.723,1292.892,1299.151,63789
1527627600,"2018-05-29 21:00:00",1299.151,1304.405,1295.91,1301.171,55010
1527714000,"2018-05-30 21:00:00",1301.171,1306.912,1297.542,1298.447,47747
1527800400,"2018-05-31 21:00:00",1298.447,1300.73,1289.567,1293.668,44349
1528059600,"2018-06-03 21:00:00",1293.668,1298.09,1290.306,1292.02,29740
1528146000,"2018-06-04 21:00:00",1292.02,1300.631,1289.908,1296.028,30669
1528232400,"2018-06-05 21:00:00",1296.028,1301.913,1293.902,1296.608,29172
1528318800,"2018-06-06 21:00:00",1296.608,1303.327,1294.944,1296.96,33665
1528405200,"2018-06-07 21:00:00",1296.96,1300.586,1292.707,1299.235,30814
1528664400,"2018-06-10 21:00:00",1299.235,1302.334,1294.206,1300.188,22521
1528750800,"2018-06-11 21:00:00",1300.188,1300.756,1292.896,1296.008,30110
1528837200,"2018-06-12 21:00:00",1296.008,1301.259,1292.051,1299.554,38108
1528923600,"2018-06-13 21:00:00",1299.554,1309.404,1297.578,1302.348,38660
1529010000,"2018-06-14 21:00:00",1302.348,1303.252,1275.502,1279.665,47867
1529269200,"2018-06-17 21:00:00",1279.665,1282.462,1277.124,1278.362,25169
1529355600,"2018-06-18 21:00:00",1278.362,1284.098,1270.442,1274.847,38880
1529442000,"2018-06-19 21:00:00",1274.847,1276.505,1267.595,1268.126,33068
1529528400,"2018-06-20 21:00:00",1268.126,1270.234,1261.259,1267.142,37398
1529614800,"2018-06-21 21:00:00",1267.142,1271.176,1266.75,1269.96,26452
1529874000,"2018-06-24 21:00:00",1269.96,1272.702,1264.533,1265.622,27933
1529960400,"2018-06-25 21:00:00",1265.622,1267.804,1254.791,1258.84,30457
1530046800,"2018-06-26 21:00:00",1258.84,1260.18,1250.792,1252.37,37391
1530133200,"2018-06-27 21:00:00",1252.37,1254.316,1245.98,1248.34,31954
1530219600,"2018-06-28 21:00:00",1248.34,1255.674,1245.994,1253.022,28835
1530478800,"2018-07-01 21:00:00",1253.022,1254.334,1239.708,1242.036,27013
1530565200,"2018-07-02 21:00:00",1242.036,1256.98,1238.02,1252.26,30527
1530651600,"2018-07-03 21:00:00",1252.26,1261.181,1252.108,1256.912,24692
1530738000,"2018-07-04 21:00:00",1256.912,1259.815,1251.38,1257.498,30873
1530824400,"2018-07-05 21:00:00",1257.498,1259.575,1252.934,1255.257,31319
1531083600,"2018-07-08 21:00:00",1255.257,1266.023,1255.013,1257.876,25249
1531170000,"2018-07-09 21:00:00",1257.876,1260.45,1247.356,1255.712,28478
1531256400,"2018-07-10 21:00:00",1255.712,1257.05,1241.605,1242.236,41216
1531342800,"2018-07-11 21:00:00",1242.236,1248.628,1241.416,1247.039,26403
1531429200,"2018-07-12 21:00:00",1247.039,1248.206,1236.518,1241.68,29387
1531688400,"2018-07-15 21:00:00",1241.68,1245.654,1238.374,1241.072,23234
1531774800,"2018-07-16 21:00:00",1241.072,1245.101,1226.168,1227.801,32658
1531861200,"2018-07-17 21:00:00",1227.801,1229.281,1221.094,1227.54,27198
1531947600,"2018-07-18 21:00:00",1227.54,1229.603,1211.52,1223.223,49987
1532034000,"2018-07-19 21:00:00",1223.223,1232.37,1215.64,1231.212,48457
1532293200,"2018-07-22 21:00:00",1231.212,1235.238,1222.338,1224.76,38280
1532379600,"2018-07-23 21:00:00",1224.76,1229.624,1218.192,1224.528,38864
1532466000,"2018-07-24 21:00:00",1224.528,1234.222,1223.296,1232.306,36918
1532552400,"2018-07-25 21:00:00",1232.306,1235.298,1222.411,1222.76,34598
1532638800,"2018-07-26 21:00:00",1222.76,1227.48,1217.594,1223.459,30724
1532898000,"2018-07-29 21:00:00",1223.459,1225.133,1219.041,1221.595,19248
1532984400,"2018-07-30 21:00:00",1221.595,1228.589,1214.004,1223.818,36609
1533070800,"2018-07-31 21:00:00",1223.818,1224.961,1215.855,1216.028,27681
1533157200,"2018-08-01 21:00:00",1216.028,1221.164,1207.214,1207.936,26712
1533243600,"2018-08-02 21:00:00",1207.936,1220.115,1204.528,1213.879,32287
1533502800,"2018-08-05 21:00:00",1213.879,1217.988,1206.456,1207.36,20913
1533589200,"2018-08-06 21:00:00",1207.36,1216.24,1207.36,1211.032,18929
1533675600,"2018-08-07 21:00:00",1211.032,1215.959,1206.535,1213.685,24377
1533762000,"2018-08-08 21:00:00",1213.685,1217.404,1210.832,1212.332,25778
1533848400,"2018-08-09 21:00:00",1212.332,1217.194,1205.78,1212.019,42108
1534107600,"2018-08-12 21:00:00",1212.019,1213.983,1191.573,1193.804,40699
1534194000,"2018-08-13 21:00:00",1193.804,1198.788,1191.98,1194.111,26298
1534280400,"2018-08-14 21:00:00",1194.111,1194.751,1173.101,1174.954,38846
1534366800,"2018-08-15 21:00:00",1174.954,1182.185,1160.324,1174.27,59887
1534453200,"2018-08-16 21:00:00",1174.27,1185.23,1171.918,1184.679,38605
1534712400,"2018-08-19 21:00:00",1184.679,1190.924,1182.895,1190.586,27287
1534798800,"2018-08-20 21:00:00",1190.586,1197.057,1187.713,1195.828,29051
1534885200,"2018-08-21 21:00:00",1195.828,1201.715,1192.658,1195.946,31072
1534971600,"2018-08-22 21:00:00",1195.946,1196.76,1183.862,1185.278,29117
1535058000,"2018-08-23 21:00:00",1185.278,1208.715,1183.15,1205.782,36875
1535317200,"2018-08-26 21:00:00",1205.782,1212.453,1203.214,1211.288,24872
1535403600,"2018-08-27 21:00:00",1211.288,1214.41,1199.686,1201.045,28713
1535490000,"2018-08-28 21:00:00",1201.045,1207.373,1200.889,1206.691,29746
1535576400,"2018-08-29 21:00:00",1206.691,1207.962,1195.945,1200.085,45587
1535662800,"2018-08-30 21:00:00",1200.085,1208.948,1198.249,1201.055,34713
1535922000,"2018-09-02 21:00:00",1201.055,1203.954,1195.732,1201.388,18826
1536008400,"2018-09-03 21:00:00",1201.388,1202.32,1189.686,1191.406,33338
1536094800,"2018-09-04 21:00:00",1191.406,1198.546,1190.921,1195.956,24942
1536181200,"2018-09-05 21:00:00",1195.956,1207.084,1195.672,1200.247,33278
1536267600,"2018-09-06 21:00:00",1200.247,1203.574,1193.525,1196.55,42550
1536526800,"2018-09-09 21:00:00",1196.55,1198.62,1191.638,1195.799,26139
1536613200,"2018-09-10 21:00:00",1195.799,1199.462,1187.818,1198.468,25168
1536699600,"2018-09-11 21:00:00",1198.468,1208.543,1192.731,1206.152,33299
1536786000,"2018-09-12 21:00:00",1206.152,1212.748,1200.148,1201.529,35944
1536872400,"2018-09-13 21:00:00",1201.529,1208.648,1192.938,1194.061,31608
1537131600,"2018-09-16 21:00:00",1194.061,1204.919,1192.89,1201.302,24344
1537218000,"2018-09-17 21:00:00",1201.302,1203.628,1195.9,1198.512,31725
1537304400,"2018-09-18 21:00:00",1198.512,1206.248,1197.744,1204.051,26736
1537390800,"2018-09-19 21:00:00",1204.051,1208.498,1201.344,1207.157,26867
1537477200,"2018-09-20 21:00:00",1207.157,1211.153,1192.023,1198.717,34547
1537736400,"2018-09-23 21:00:00",1198.717,1204.234,1194.464,1198.94,26426
1537822800,"2018-09-24 21:00:00",1198.94,1203.409,1197.197,1201.088,23245
1537909200,"2018-09-25 21:00:00",1201.088,1202.582,1190.588,1194.52,39772
1537995600,"2018-09-26 21:00:00",1194.52,1198.662,1181.906,1182.907,31998
1538082000,"2018-09-27 21:00:00",1182.907,1194.014,1180.77,1191.82,27324
1538341200,"2018-09-30 21:00:00",1191.82,1192.588,1184.62,1188.72,27675
1538427600,"2018-10-01 21:00:00",1188.72,1208.297,1188.594,1203.102,35003
1538514000,"2018-10-02 21:00:00",1203.102,1208.405,1196.674,1197.646,34174
1538600400,"2018-10-03 21:00:00",1197.646,1206.814,1196.02,1199.938,32890
1538686800,"2018-10-04 21:00:00",1199.938,1205.87,1197.296,1203.782,38015
1538946000,"2018-10-07 21:00:00",1203.782,1204.19,1182.9,1188.097,31799
1539032400,"2018-10-08 21:00:00",1188.097,1191.98,1183.382,1189.743,28553
1539118800,"2018-10-09 21:00:00",1189.743,1195.092,1185.375,1194.599,27963
1539205200,"2018-10-10 21:00:00",1194.599,1226.4,1191.367,1224.235,65384
1539291600,"2018-10-11 21:00:00",1224.235,1224.255,1215.898,1217.62,39858
1539550800,"2018-10-14 21:00:00",1217.62,1233.292,1216.991,1227.004,34638
1539637200,"2018-10-15 21:00:00",1227.004,1232.538,1223.508,1224.924,29709
1539723600,"2018-10-16 21:00:00",1224.924,1229.555,1220.668,1222.482,29255
1539810000,"2018-10-17 21:00:00",1222.482,1230.256,1218.737,1226.132,32216
1539896400,"2018-10-18 21:00:00",1226.132,1230.864,1223.111,1226.682,27539
1540155600,"2018-10-21 21:00:00",1226.682,1229.626,1220.137,1222.018,24231
1540242000,"2018-10-22 21:00:00",1222.018,1239.806,1221.754,1230.308,29930
1540328400,"2018-10-23 21:00:00",1230.308,1234.868,1225.719,1234.077,27589
1540414800,"2018-10-24 21:00:00",1234.077,1239.268,1228.134,1232.106,37064
1540501200,"2018-10-25 21:00:00",1232.106,1243.47,1230.156,1233.903,45365
1540760400,"2018-10-28 21:00:00",1233.903,1235.467,1224.426,1229.521,34059
1540846800,"2018-10-29 21:00:00",1229.521,1230.728,1219.922,1223.114,33349
1540933200,"2018-10-30 21:00:00",1223.114,1223.406,1212.001,1214.65,29281
1541019600,"2018-10-31 21:00:00",1214.65,1237.504,1214.65,1233.281,34943
1541106000,"2018-11-01 21:00:00",1233.281,1236.524,1229.836,1233.05,43435
1541368800,"2018-11-04 22:00:00",1233.05,1235.174,1226.922,1231.82,24104
1541455200,"2018-11-05 22:00:00",1231.82,1235.955,1223.533,1227.132,24814
1541541600,"2018-11-06 22:00:00",1227.132,1236.911,1223.04,1226.662,42771
1541628000,"2018-11-07 22:00:00",1226.662,1227.312,1220.282,1223.456,31261
1541714400,"2018-11-08 22:00:00",1223.456,1223.826,1206.734,1209.832,32989
1541973600,"2018-11-11 22:00:00",1209.832,1211.604,1200.186,1200.625,22841
1542060000,"2018-11-12 22:00:00",1200.625,1205.308,1196.436,1202.146,31986
1542146400,"2018-11-13 22:00:00",1202.146,1216.682,1197.76,1211.122,45392
1542232800,"2018-11-14 22:00:00",1211.122,1216.576,1207.677,1213.43,40283
1542319200,"2018-11-15 22:00:00",1213.43,1225.364,1213.266,1221.811,32839
1542578400,"2018-11-18 22:00:00",1221.811,1225.298,1218.096,1224.062,24823
1542664800,"2018-11-19 22:00:00",1224.062,1228.884,1219.964,1221.618,31508
1542751200,"2018-11-20 22:00:00",1221.618,1230.003,1219.866,1226.053,23779
1542837600,"2018-11-21 22:00:00",1226.053,1229.18,1224.998,1227.481,12401
1542924000,"2018-11-22 22:00:00",1227.481,1228.7,1220.382,1223.148,19450
1543183200,"2018-11-25 22:00:00",1223.148,1228.146,1221.821,1222.952,19465
1543269600,"2018-11-26 22:00:00",1222.952,1225.371,1211.98,1215.028,25703
1543356000,"2018-11-27 22:00:00",1215.028,1226.386,1211.281,1220.956,39702
1543442400,"2018-11-28 22:00:00",1220.956,1229.091,1220.556,1224.358,30399
1543528800,"2018-11-29 22:00:00",1224.358,1225.562,1216.751,1222.028,23495
1543788000,"2018-12-02 22:00:00",1222.028,1235.074,1221.381,1230.688,32307
1543874400,"2018-12-03 22:00:00",1230.688,1242.04,1230.529,1238.626,30049
1543960800,"2018-12-04 22:00:00",1238.626,1239.441,1233.416,1237.032,17086
1544047200,"2018-12-05 22:00:00",1237.032,1244.356,1234.788,1237.916,36446
1544133600,"2018-12-06 22:00:00",1237.916,1250.082,1237.384,1248.084,34975
1544392800,"2018-12-09 22:00:00",1248.084,1251.276,1241.642,1244.426,28287
1544479200,"2018-12-10 22:00:00",1244.426,1249.576,1241.092,1243.064,24646
1544565600,"2018-12-11 22:00:00",1243.064,1247.244,1242.092,1245.762,21713
1544652000,"2018-12-12 22:00:00",1245.762,1246.85,1240.181,1241.939,20333
1544738400,"2018-12-13 22:00:00",1241.939,1243.084,1233,1238.593,21883
1544997600,"2018-12-16 22:00:00",1238.593,1248.202,1235.867,1245.964,21300
1545084000,"2018-12-17 22:00:00",1245.964,1250.479,1245.168,1249.392,17436
1545170400,"2018-12-18 22:00:00",1249.392,1258.094,1241.854,1243.045,43384
1545256800,"2018-12-19 22:00:00",1243.045,1266.558,1242.793,1259.956,41569
1545343200,"2018-12-20 22:00:00",1259.956,1262.83,1254.014,1255.984,27489
1545602400,"2018-12-23 22:00:00",1255.984,1270.062,1255.984,1269.03,25651
1545688800,"2018-12-24 22:00:00",1269.03,1269.799,1269.03,1269.305,4
1545775200,"2018-12-25 22:00:00",1269.305,1279.128,1264.392,1266.828,41428
1545861600,"2018-12-26 22:00:00",1266.828,1278.991,1266.648,1275.606,40273
1545948000,"2018-12-27 22:00:00",1275.606,1282.237,1274.341,1281.362,31068
1546207200,"2018-12-30 22:00:00",1281.362,1284.202,1277.556,1282.413,23484
1546380000,"2019-01-01 22:00:00",1282.413,1288.84,1278.782,1284.343,32959
1546466400,"2019-01-02 22:00:00",1284.343,1295.01,1284.343,1294.097,45803
1546552800,"2019-01-03 22:00:00",1294.097,1298.633,1276.699,1285.145,46179
1546812000,"2019-01-06 22:00:00",1285.145,1295.106,1282.728,1289.123,27752
1546898400,"2019-01-07 22:00:00",1289.123,1290.323,1279.437,1285.293,23066
1546984800,"2019-01-08 22:00:00",1285.293,1293.928,1280.151,1293.202,31674
1547071200,"2019-01-09 22:00:00",1293.202,1297.194,1286.145,1286.498,26107
1547157600,"2019-01-10 22:00:00",1286.498,1295.254,1286.498,1287.62,24332
1547416800,"2019-01-13 22:00:00",1287.62,1295.954,1287.496,1291.416,23716
1547503200,"2019-01-14 22:00:00",1291.416,1294.707,1286.811,1289.372,26076
1547589600,"2019-01-15 22:00:00",1289.372,1295.046,1287.977,1293.663,18042
1547676000,"2019-01-16 22:00:00",1293.663,1295.431,1288.818,1292.038,21633
1547762400,"2019-01-17 22:00:00",1292.038,1292.636,1280.717,1281.689,21341
1548021600,"2019-01-20 22:00:00",1281.689,1283.652,1276.851,1280.28,9252
1548108000,"2019-01-21 22:00:00",1280.28,1285.62,1277.542,1285.024,16692
1548194400,"2019-01-22 22:00:00",1285.024,1286.594,1278.753,1282.793,16078
1548280800,"2019-01-23 22:00:00",1282.793,1284.895,1276.914,1281.019,22486
1548367200,"2019-01-24 22:00:00",1281.019,1304.099,1280.058,1303.2,23964
1548626400,"2019-01-27 22:00:00",1303.2,1304.52,1297.772,1303.179,17728
1548712800,"2019-01-28 22:00:00",1303.179,1312.084,1302.834,1311.478,22060
1548799200,"2019-01-29 22:00:00",1311.478,1323.374,1309.164,1319.815,22725
1548885600,"2019-01-30 22:00:00",1319.815,1326.312,1317.539,1321.293,13473
1548972000,"2019-01-31 22:00:00",1321.293,1323.582,1316.244,1317.796,12772
1549231200,"2019-02-03 22:00:00",1317.796,1319.129,1308.713,1311.714,9269
1549317600,"2019-02-04 22:00:00",1311.714,1316.95,1310.815,1315.177,8951
1549404000,"2019-02-05 22:00:00",1315.177,1315.872,1305.854,1306.508,8698
1549490400,"2019-02-06 22:00:00",1306.508,1311.958,1302.887,1310.258,10754
1549576800,"2019-02-07 22:00:00",1310.258,1315.652,1307.89,1314.12,8793
1549836000,"2019-02-10 22:00:00",1314.12,1314.887,1303.764,1308.115,9748
1549922400,"2019-02-11 22:00:00",1308.115,1314.795,1306.604,1310.764,8840
1550008800,"2019-02-12 22:00:00",1310.764,1318.192,1305.14,1306.336,11236
1550095200,"2019-02-13 22:00:00",1306.336,1314.416,1302.449,1312.133,14215
1550181600,"2019-02-14 22:00:00",1312.133,1322.543,1311.491,1321.053,11645
1550440800,"2019-02-17 22:00:00",1321.053,1327.598,1320.676,1326.499,5699
1550527200,"2019-02-18 22:00:00",1326.499,1341.88,1323.016,1341.008,12023
1550613600,"2019-02-19 22:00:00",1341.008,1346.743,1337.076,1338.543,15058
1550700000,"2019-02-20 22:00:00",1338.543,1341.574,1321.214,1323.356,15569
1550786400,"2019-02-21 22:00:00",1323.356,1333.127,1321.692,1328.062,12382
1551045600,"2019-02-24 22:00:00",1328.062,1332.606,1325.234,1327.536,11610
1551132000,"2019-02-25 22:00:00",1327.536,1330.25,1323.576,1328.974,11385
1551218400,"2019-02-26 22:00:00",1328.974,1329.947,1316.972,1320.022,11710
1551304800,"2019-02-27 22:00:00",1320.022,1327.342,1312.725,1312.971,13813
1551391200,"2019-02-28 22:00:00",1312.971,1315.258,1290.315,1293.311,17191
1551650400,"2019-03-03 22:00:00",1293.311,1297.12,1282.946,1286.688,14414
1551736800,"2019-03-04 22:00:00",1286.688,1289.642,1281.253,1287.916,12228
1551823200,"2019-03-05 22:00:00",1287.916,1290.984,1283.706,1286.319,11310
1551909600,"2019-03-06 22:00:00",1286.319,1289.054,1280.922,1285.471,12431
1551996000,"2019-03-07 22:00:00",1285.471,1300.836,1285.277,1298.889,15172
1552251600,"2019-03-10 21:00:00",1298.889,1299.148,1290.558,1293.49,9505
1552338000,"2019-03-11 21:00:00",1293.49,1302.26,1292.137,1301.446,10408
1552424400,"2019-03-12 21:00:00",1301.446,1311.288,1300.694,1309.252,9484
1552510800,"2019-03-13 21:00:00",1309.252,1310.419,1292.927,1296.388,11420
1552597200,"2019-03-14 21:00:00",1296.388,1306.447,1294.19,1302.434,11199
1552856400,"2019-03-17 21:00:00",1302.434,1306.776,1298.325,1303.734,8861
1552942800,"2019-03-18 21:00:00",1303.734,1310.931,1302.398,1306.482,9081
1553029200,"2019-03-19 21:00:00",1306.482,1317.002,1298.803,1312.352,18397
1553115600,"2019-03-20 21:00:00",1312.352,1320.434,1303.354,1309.292,14474
1553202000,"2019-03-21 21:00:00",1309.292,1314.962,1306.94,1313.666,15094
1553461200,"2019-03-24 21:00:00",1313.666,1324.568,1311.115,1321.879,11959
1553547600,"2019-03-25 21:00:00",1321.879,1323.319,1312.802,1315.552,13021
1553634000,"2019-03-26 21:00:00",1315.552,1319.361,1308.23,1309.8,17133
1553720400,"2019-03-27 21:00:00",1309.8,1312.357,1288.756,1290.39,16600
1553806800,"2019-03-28 21:00:00",1290.39,1299.808,1286.842,1292.412,15178
1554066000,"2019-03-31 21:00:00",1292.412,1297.077,1286.566,1287.744,14459
1554152400,"2019-04-01 21:00:00",1287.744,1292.47,1285.368,1292.272,10577
1554238800,"2019-04-02 21:00:00",1292.272,1294.527,1288.484,1289.861,10261
1554325200,"2019-04-03 21:00:00",1289.861,1294.446,1280.984,1291.948,12106
1554411600,"2019-04-04 21:00:00",1291.948,1293.648,1284.498,1291.698,13151
1554670800,"2019-04-07 21:00:00",1291.698,1303.752,1291.526,1297.534,9616
1554757200,"2019-04-08 21:00:00",1297.534,1306.228,1296.682,1304.058,10497
1554843600,"2019-04-09 21:00:00",1304.058,1310.602,1301.032,1308.022,11671
1554930000,"2019-04-10 21:00:00",1308.022,1309.24,1289.779,1292.785,13178
1555016400,"2019-04-11 21:00:00",1292.785,1295.824,1290.116,1290.233,10502
1555275600,"2019-04-14 21:00:00",1290.233,1292.022,1282.718,1288.015,10379
1555362000,"2019-04-15 21:00:00",1288.015,1288.747,1273.032,1276.781,12443
1555448400,"2019-04-16 21:00:00",1276.781,1279.827,1273.128,1274.091,10025
1555534800,"2019-04-17 21:00:00",1274.091,1277.689,1271.28,1275.68,10538
1555880400,"2019-04-21 21:00:00",1275.68,1279.876,1273.931,1274.99,7326
1555966800,"2019-04-22 21:00:00",1274.99,1276.536,1266.421,1272.222,9808
1556053200,"2019-04-23 21:00:00",1272.222,1278.548,1268.874,1275.611,9759
1556139600,"2019-04-24 21:00:00",1275.611,1282.648,1273.468,1277.187,10779
1556226000,"2019-04-25 21:00:00",1277.187,1288.743,1274.442,1286.137,12315
1556485200,"2019-04-28 21:00:00",1286.137,1286.742,1278.196,1279.98,8291
1556571600,"2019-04-29 21:00:00",1279.98,1286.164,1279.842,1283.532,10838
1556658000,"2019-04-30 21:00:00",1283.532,1287.236,1272.999,1276.812,17356
1556744400,"2019-05-01 21:00:00",1276.812,1278.059,1266.389,1270.644,12187
1556830800,"2019-05-02 21:00:00",1270.644,1282.505,1268.466,1279.072,13395
1557090000,"2019-05-05 21:00:00",1279.072,1285.861,1277.116,1280.505,14896
1557176400,"2019-05-06 21:00:00",1280.505,1286.143,1278.263,1284.254,11856
1557262800,"2019-05-07 21:00:00",1284.254,1291.513,1279.501,1281.167,12641
1557349200,"2019-05-08 21:00:00",1281.167,1288.201,1279.706,1283.972,14391
1557435600,"2019-05-09 21:00:00",1283.972,1289.447,1283.238,1285.97,14006
1557694800,"2019-05-12 21:00:00",1285.97,1301.363,1282.072,1299.705,13933
1557781200,"2019-05-13 21:00:00",1299.705,1303.364,1293.908,1296.984,9741
1557867600,"2019-05-14 21:00:00",1296.984,1300.922,1293.138,1296.318,11778
1557954000,"2019-05-15 21:00:00",1296.318,1298.756,1284.16,1286.825,11399
1558040400,"2019-05-16 21:00:00",1286.825,1288.988,1274.962,1277.532,11059
1558299600,"2019-05-19 21:00:00",1277.532,1279.034,1273.761,1277.53,10190
1558386000,"2019-05-20 21:00:00",1277.53,1277.982,1269.603,1274.778,8660
1558472400,"2019-05-21 21:00:00",1274.778,1277.331,1272.577,1273.434,7572
1558558800,"2019-05-22 21:00:00",1273.434,1287.347,1272.913,1283.63,13073
1558645200,"2019-05-23 21:00:00",1283.63,1285.28,1280.842,1284.612,9107
1558904400,"2019-05-26 21:00:00",1284.612,1287.451,1283.898,1285.208,3165
1558990800,"2019-05-27 21:00:00",1285.208,1286.646,1276.216,1279.295,10890
1559077200,"2019-05-28 21:00:00",1279.295,1285.564,1279.204,1280.201,13573
1559163600,"2019-05-29 21:00:00",1280.201,1289.274,1275.124,1288.194,11669
1559250000,"2019-05-30 21:00:00",1288.194,1306.898,1288.09,1305.276,15986
1559509200,"2019-06-02 21:00:00",1305.276,1327.998,1305.276,1324.762,17698
1559595600,"2019-06-03 21:00:00",1324.762,1329.112,1320.039,1325.306,17877
1559682000,"2019-06-04 21:00:00",1325.306,1344.136,1324.629,1330.292,26240
1559768400,"2019-06-05 21:00:00",1330.292,1339.798,1327.317,1335.482,20543
1559854800,"2019-06-06 21:00:00",1335.482,1348.212,1330.391,1340.437,20670
1560114000,"2019-06-09 21:00:00",1340.437,1340.437,1325.204,1328.012,15593
1560200400,"2019-06-10 21:00:00",1328.012,1329.913,1319.999,1326.845,12873
1560286800,"2019-06-11 21:00:00",1326.845,1338.423,1326.12,1333.489,17135
1560373200,"2019-06-12 21:00:00",1333.489,1343.174,1332.452,1341.971,14628
1560459600,"2019-06-13 21:00:00",1341.971,1358.222,1338.018,1341.932,25247
1560718800,"2019-06-16 21:00:00",1341.932,1343.6,1333.12,1339.625,17297
1560805200,"2019-06-17 21:00:00",1339.625,1354.622,1338.745,1346.749,28258
1560891600,"2019-06-18 21:00:00",1346.749,1362.612,1341.441,1360.24,31841
1560978000,"2019-06-19 21:00:00",1360.24,1394.279,1357.75,1388.29,50552
1561064400,"2019-06-20 21:00:00",1388.29,1411.993,1382.562,1399.427,54161
1561323600,"2019-06-23 21:00:00",1399.427,1421.503,1399.427,1419.664,36856
1561410000,"2019-06-24 21:00:00",1419.664,1439.318,1412.11,1423.486,71288
1561496400,"2019-06-25 21:00:00",1423.486,1424.48,1401.976,1408.951,52038
1561582800,"2019-06-26 21:00:00",1408.951,1412.119,1398.745,1410.003,32549
1561669200,"2019-06-27 21:00:00",1410.003,1424.699,1405.808,1409.407,33061
1561928400,"2019-06-30 21:00:00",1409.407,1409.407,1381.904,1384.204,40403
1562014800,"2019-07-01 21:00:00",1384.204,1421.184,1383.452,1418.17,33638
1562101200,"2019-07-02 21:00:00",1418.17,1437.8,1412.152,1418.673,54845
1562187600,"2019-07-03 21:00:00",1418.673,1421.744,1410.305,1415.324,17923
1562274000,"2019-07-04 21:00:00",1415.324,1424.28,1386.676,1399.43,46214
1562533200,"2019-07-07 21:00:00",1399.43,1407.675,1391.858,1395.284,27975
1562619600,"2019-07-08 21:00:00",1395.284,1400.09,1385.87,1397.545,24091
1562706000,"2019-07-09 21:00:00",1397.545,1418.955,1390.05,1418.904,35900
1562792400,"2019-07-10 21:00:00",1418.904,1427.203,1401.063,1403.593,34976
1562878800,"2019-07-11 21:00:00",1403.593,1416.952,1403.225,1415.611,24060
1563138000,"2019-07-14 21:00:00",1415.611,1419.783,1407.806,1413.981,21994
1563224400,"2019-07-15 21:00:00",1413.981,1418.38,1400.792,1405.834,27691
1563310800,"2019-07-16 21:00:00",1405.834,1426.897,1400.214,1426.118,22704
1563397200,"2019-07-17 21:00:00",1426.118,1448.033,1414.774,1446.04,41641
1563483600,"2019-07-18 21:00:00",1446.04,1453.005,1420.336,1425.58,48575
1563742800,"2019-07-21 21:00:00",1427.59,1429.99,1422.321,1424.785,23218
1563829200,"2019-07-22 21:00:00",1424.785,1430.188,1414.302,1417.466,26944
1563915600,"2019-07-23 21:00:00",1417.466,1429.546,1416.6,1425.506,20285
1564002000,"2019-07-24 21:00:00",1425.506,1433.826,1411.206,1414.472,31141
1564088400,"2019-07-25 21:00:00",1414.472,1424.915,1413.545,1418.638,18466
1564347600,"2019-07-28 21:00:00",1418.638,1428.088,1414.938,1427.056,14846
1564434000,"2019-07-29 21:00:00",1427.056,1433.28,1422.413,1430.874,17944
1564520400,"2019-07-30 21:00:00",1430.874,1434.549,1410.634,1412.764,46461
1564606800,"2019-07-31 21:00:00",1412.764,1446.075,1400.613,1444.918,54665
1564693200,"2019-08-01 21:00:00",1444.918,1448.998,1430.386,1440.959,62276
1564952400,"2019-08-04 21:00:00",1440.959,1469.804,1436.794,1463.88,61379
1565038800,"2019-08-05 21:00:00",1463.88,1474.9,1456.49,1474.078,48581
1565125200,"2019-08-06 21:00:00",1474.078,1510.452,1472.384,1501.306,79113
1565211600,"2019-08-07 21:00:00",1501.306,1509.617,1490.125,1501.318,56016
1565298000,"2019-08-08 21:00:00",1501.318,1509.158,1494.882,1496.717,44698
1565557200,"2019-08-11 21:00:00",1496.717,1520.001,1487.478,1511.189,40387
1565643600,"2019-08-12 21:00:00",1511.189,1535.094,1479.99,1501.334,82520
1565730000,"2019-08-13 21:00:00",1501.334,1524.114,1494.286,1516.924,76311
1565816400,"2019-08-14 21:00:00",1516.924,1527.086,1508.027,1523.006,83961
1565902800,"2019-08-15 21:00:00",1523.006,1528.038,1503.719,1513.791,43807
1566162000,"2019-08-18 21:00:00",1513.791,1513.791,1493.424,1495.947,36770
1566248400,"2019-08-19 21:00:00",1495.947,1508.617,1493.058,1507.26,26903
1566334800,"2019-08-20 21:00:00",1507.26,1508.116,1496.643,1502.564,26717
1566421200,"2019-08-21 21:00:00",1502.564,1504.7,1492.593,1497.946,26072
1566507600,"2019-08-22 21:00:00",1497.946,1530.204,1493.671,1527.378,51173
1566766800,"2019-08-25 21:00:00",1539.725,1555.182,1525.19,1527.431,75389
1566853200,"2019-08-26 21:00:00",1527.431,1544.719,1525.836,1542.614,35508
1566939600,"2019-08-27 21:00:00",1542.614,1546.932,1532.002,1539.697,39017
1567026000,"2019-08-28 21:00:00",1539.697,1550.402,1519.69,1527.472,52110
1567112400,"2019-08-29 21:00:00",1527.472,1533.21,1517.16,1520.531,41860
1567371600,"2019-09-01 21:00:00",1527.821,1535.079,1519.438,1529.188,23303
1567458000,"2019-09-02 21:00:00",1529.188,1549.81,1521.728,1547.574,42599
1567544400,"2019-09-03 21:00:00",1547.574,1557.074,1533.978,1552.385,41752
1567630800,"2019-09-04 21:00:00",1552.385,1553.045,1506.492,1518.894,58432
1567717200,"2019-09-05 21:00:00",1518.894,1527.836,1502.707,1506.92,70320
1567976400,"2019-09-08 21:00:00",1506.923,1515.466,1497.76,1498.976,40491
1568062800,"2019-09-09 21:00:00",1498.976,1500.906,1484.705,1485.439,43327
1568149200,"2019-09-10 21:00:00",1485.439,1498.296,1485.291,1496.81,29070
1568235600,"2019-09-11 21:00:00",1496.81,1524.25,1489.358,1499.031,57517
1568322000,"2019-09-12 21:00:00",1499.031,1509.042,1485.965,1488.747,40575
1568581200,"2019-09-15 21:00:00",1488.747,1512.07,1488.747,1498.555,47059
1568667600,"2019-09-16 21:00:00",1498.555,1507.086,1493.566,1501.384,31406
1568754000,"2019-09-17 21:00:00",1501.384,1511.661,1483.311,1494.022,44286
1568840400,"2019-09-18 21:00:00",1494.022,1504.556,1489.202,1498.727,30175
1568926800,"2019-09-19 21:00:00",1498.727,1517.06,1498.132,1516.975,25319
1569186000,"2019-09-22 21:00:00",1514.557,1526.798,1511.131,1522.14,33421
1569272400,"2019-09-23 21:00:00",1522.14,1535.668,1515.71,1532.298,41760
1569358800,"2019-09-24 21:00:00",1532.298,1535.102,1500.562,1503.634,44236
1569445200,"2019-09-25 21:00:00",1503.634,1512.382,1500.4,1504.544,36922
1569531600,"2019-09-26 21:00:00",1504.544,1507.482,1487.105,1497.199,49792
1569790800,"2019-09-29 21:00:00",1495.252,1500.498,1464.558,1472.512,45903
1569877200,"2019-09-30 21:00:00",1472.512,1487.256,1459.17,1478.934,51194
1569963600,"2019-10-01 21:00:00",1478.934,1505.186,1474.638,1499.86,48314
1570050000,"2019-10-02 21:00:00",1499.86,1519.651,1495.922,1504.88,59124
1570136400,"2019-10-03 21:00:00",1504.88,1515.82,1495.848,1504.738,47366
1570395600,"2019-10-06 21:00:00",1511.782,1512.482,1488.128,1493.207,31314
1570482000,"2019-10-07 21:00:00",1493.207,1509.746,1487.172,1505.452,50569
1570568400,"2019-10-08 21:00:00",1505.452,1512.474,1499.939,1505.624,34991
1570654800,"2019-10-09 21:00:00",1505.624,1517.108,1491.302,1493.534,53650
1570741200,"2019-10-10 21:00:00",1493.534,1503.248,1474.094,1488.966,54533
1571000400,"2019-10-13 21:00:00",1488.85,1497.149,1482.934,1493.275,23844
1571086800,"2019-10-14 21:00:00",1493.275,1498.486,1477.345,1481.132,29916
1571173200,"2019-10-15 21:00:00",1481.132,1491.629,1477.228,1489.954,34919
1571259600,"2019-10-16 21:00:00",1489.954,1497.288,1483.526,1492,31401
1571346000,"2019-10-17 21:00:00",1492,1494.156,1485.07,1490.44,21144
1571605200,"2019-10-20 21:00:00",1491.384,1495.258,1481.627,1484.492,23005
1571691600,"2019-10-21 21:00:00",1484.492,1489.054,1480.961,1487.76,19708
1571778000,"2019-10-22 21:00:00",1487.76,1496.272,1487.76,1492.069,17609
1571864400,"2019-10-23 21:00:00",1492.069,1503.99,1488.085,1503.459,22303
1571950800,"2019-10-24 21:00:00",1503.459,1517.974,1500.725,1504.52,25080
1572210000,"2019-10-27 21:00:00",1504.52,1508.284,1490.136,1492.682,21752
1572296400,"2019-10-28 21:00:00",1492.682,1494.853,1483.596,1487.765,21428
1572382800,"2019-10-29 21:00:00",1487.765,1496.723,1481.264,1495.612,28876
1572469200,"2019-10-30 21:00:00",1495.612,1514.146,1493.841,1512.578,27058
1572555600,"2019-10-31 21:00:00",1512.578,1516.171,1503.409,1514.325,26454
1572818400,"2019-11-03 22:00:00",1514.325,1514.879,1504.548,1509.559,18971
1572904800,"2019-11-04 22:00:00",1509.559,1509.712,1479.481,1483.449,29572
1572991200,"2019-11-05 22:00:00",1483.449,1494.254,1482.489,1490.408,21976
1573077600,"2019-11-06 22:00:00",1490.408,1492.157,1460.639,1468.578,37791
1573164000,"2019-11-07 22:00:00",1468.578,1472.906,1456.322,1459.262,34030
1573423200,"2019-11-10 22:00:00",1459.262,1466.484,1448.303,1455.951,18960
1573509600,"2019-11-11 22:00:00",1455.951,1460.445,1445.707,1456.284,30856
1573596000,"2019-11-12 22:00:00",1456.284,1467.083,1455.872,1463.334,26423
1573682400,"2019-11-13 22:00:00",1463.334,1474.604,1461.202,1471.326,23120
1573768800,"2019-11-14 22:00:00",1471.326,1471.438,1462.61,1468.162,17765
1574028000,"2019-11-17 22:00:00",1468.162,1473.912,1456.458,1471.193,21858
1574114400,"2019-11-18 22:00:00",1471.193,1475.395,1464.876,1472.433,21378
1574200800,"2019-11-19 22:00:00",1472.433,1478.739,1466.024,1471.626,28185
1574287200,"2019-11-20 22:00:00",1471.626,1475.676,1462.511,1464.545,29651
1574373600,"2019-11-21 22:00:00",1464.545,1473.248,1461.477,1462.617,21056
1574632800,"2019-11-24 22:00:00",1462.617,1462.617,1454.226,1455.193,14555
1574719200,"2019-11-25 22:00:00",1455.193,1462.874,1450.186,1461.302,16468
1574805600,"2019-11-26 22:00:00",1461.302,1461.964,1452.706,1454.47,14229
1574892000,"2019-11-27 22:00:00",1454.47,1458.319,1454.31,1456.059,6973
1574978400,"2019-11-28 22:00:00",1456.059,1466.461,1453.15,1463.989,13716
1575237600,"2019-12-01 22:00:00",1463.989,1465.456,1454.178,1462.719,21224
1575324000,"2019-12-02 22:00:00",1462.719,1481.814,1460.016,1477.194,26071
1575410400,"2019-12-03 22:00:00",1477.194,1484.085,1471.509,1474.758,26475
1575496800,"2019-12-04 22:00:00",1474.758,1480.336,1472.968,1475.911,19998
1575583200,"2019-12-05 22:00:00",1475.911,1479.85,1458.906,1460.413,20910
1575842400,"2019-12-08 22:00:00",1460.413,1465.411,1458.796,1461.51,10920
1575928800,"2019-12-09 22:00:00",1461.51,1469.222,1460.183,1464.402,15130
1576015200,"2019-12-10 22:00:00",1464.402,1478.966,1462.848,1474.618,17651
1576101600,"2019-12-11 22:00:00",1474.618,1486.783,1464.162,1469.874,31381
1576188000,"2019-12-12 22:00:00",1469.874,1478.082,1461.879,1476.328,36187
1576447200,"2019-12-15 22:00:00",1476.328,1479.926,1473.283,1476.195,12816
1576533600,"2019-12-16 22:00:00",1476.195,1480.561,1474.331,1476.186,10531
1576620000,"2019-12-17 22:00:00",1476.186,1479.362,1470.58,1475.47,12185
1576706400,"2019-12-18 22:00:00",1475.47,1481.762,1473.362,1478.907,10984
1576792800,"2019-12-19 22:00:00",1478.907,1481.053,1475.918,1478.088,8686
1577052000,"2019-12-22 22:00:00",1478.088,1486.217,1477.587,1485.525,9970
1577138400,"2019-12-23 22:00:00",1485.525,1500.555,1484.46,1499.402,11490
1577311200,"2019-12-25 22:00:00",1499.402,1512.65,1497.573,1511.092,16951
1577397600,"2019-12-26 22:00:00",1511.092,1515.32,1507.422,1511.131,15225
1577656800,"2019-12-29 22:00:00",1511.131,1516.184,1510.88,1515.07,12274
1577743200,"2019-12-30 22:00:00",1515.07,1525.376,1514.804,1517.111,16736
1577916000,"2020-01-01 22:00:00",1517.111,1531.414,1517.111,1529.108,18231
1578002400,"2020-01-02 22:00:00",1529.108,1553.537,1528.035,1552.394,37995
1578261600,"2020-01-05 22:00:00",1552.394,1589.739,1552.394,1565.916,49856
1578348000,"2020-01-06 22:00:00",1565.916,1577.392,1555.388,1574.282,37514
1578434400,"2020-01-07 22:00:00",1574.282,1611.498,1552.366,1556.43,103298
1578520800,"2020-01-08 22:00:00",1556.43,1561.38,1540.256,1552.426,40069
1578607200,"2020-01-09 22:00:00",1552.426,1563.182,1545.784,1562.212,26680
1578866400,"2020-01-12 22:00:00",1562.212,1562.212,1546.578,1548.03,22087
1578952800,"2020-01-13 22:00:00",1548.03,1548.934,1536.016,1546.423,28580
1579039200,"2020-01-14 22:00:00",1546.423,1558.21,1546.07,1556.248,22769
1579125600,"2020-01-15 22:00:00",1556.248,1558.136,1548.099,1552.474,17463
1579212000,"2020-01-16 22:00:00",1552.474,1561.298,1549.465,1557.304,17742
1579471200,"2020-01-19 22:00:00",1557.304,1562.802,1556.458,1560.897,6775
1579557600,"2020-01-20 22:00:00",1560.897,1568.696,1546.403,1558.168,30474
1579644000,"2020-01-21 22:00:00",1558.168,1559.293,1550.281,1558.965,17979
1579730400,"2020-01-22 22:00:00",1558.965,1567.974,1551.987,1562.813,30047
1579816800,"2020-01-23 22:00:00",1562.813,1575.929,1556.629,1571.724,32056
1580076000,"2020-01-26 22:00:00",1571.724,1588.632,1571.724,1581.937,45449
1580162400,"2020-01-27 22:00:00",1581.937,1583.102,1565.599,1567.322,30674
1580248800,"2020-01-28 22:00:00",1567.322,1578.036,1563.471,1576.896,29297
1580335200,"2020-01-29 22:00:00",1576.896,1586.026,1572.39,1574.296,45084
1580421600,"2020-01-30 22:00:00",1574.296,1590.55,1571.045,1589.975,43615
1580680800,"2020-02-02 22:00:00",1589.975,1592.168,1569.661,1576.731,45732
1580767200,"2020-02-03 22:00:00",1576.731,1579.673,1549.15,1552.917,35492
1580853600,"2020-02-04 22:00:00",1552.917,1562.431,1547.5535,1556.204,38631
1580940000,"2020-02-05 22:00:00",1556.204,1568.34,1552.556,1566.68,27519
1581026400,"2020-02-06 22:00:00",1566.68,1574.121,1560.463,1570.384,33845
1581285600,"2020-02-09 22:00:00",1570.384,1577.056,1568.096,1572.216,24964
1581372000,"2020-02-10 22:00:00",1572.216,1574.098,1562.206,1567.848,22268
1581458400,"2020-02-11 22:00:00",1567.848,1570.502,1561.984,1565.846,16772
1581544800,"2020-02-12 22:00:00",1565.846,1578.382,1565.674,1576.088,28113
1581631200,"2020-02-13 22:00:00",1576.088,1585.08,1573.164,1583.846,17474
1581890400,"2020-02-16 22:00:00",1583.846,1583.846,1578.935,1581.208,7091
1581976800,"2020-02-17 22:00:00",1581.208,1605.131,1581.208,1601.418,23820
1582063200,"2020-02-18 22:00:00",1601.418,1612.982,1599.606,1611.686,26291
1582149600,"2020-02-19 22:00:00",1611.686,1623.744,1603.976,1619.617,37972
1582236000,"2020-02-20 22:00:00",1619.617,1649.34,1619.034,1643.397,47217
1582495200,"2020-02-23 22:00:00",1643.397,1689.384,1643.397,1658.73,107327
1582581600,"2020-02-24 22:00:00",1658.73,1663.786,1625.263,1634.872,132141
1582668000,"2020-02-25 22:00:00",1634.872,1655.04,1625.017,1640.942,102464
1582754400,"2020-02-26 22:00:00",1640.942,1660.417,1635.429,1644.62,108497
1582840800,"2020-02-27 22:00:00",1644.62,1649.566,1563.038,1586.542,179750
1583100000,"2020-03-01 22:00:00",1586.542,1611.066,1575.579,1589.534,120772
1583186400,"2020-03-02 22:00:00",1589.534,1649.314,1586.708,1640.886,125446
1583272800,"2020-03-03 22:00:00",1640.886,1652.996,1631.958,1636.98,76585
1583359200,"2020-03-04 22:00:00",1636.98,1674.694,1635.096,1672.234,63685
1583445600,"2020-03-05 22:00:00",1672.234,1692.252,1642.351,1674.062,160135
1583701200,"2020-03-08 21:00:00",1674.062,1703.282,1657.624,1680.082,195052
1583787600,"2020-03-09 21:00:00",1680.082,1680.565,1641.718,1649.387,132104
1583874000,"2020-03-10 21:00:00",1649.387,1671.304,1633.2,1634.868,94150
1583960400,"2020-03-11 21:00:00",1634.868,1650.536,1560.84,1577.267,184943
1584046800,"2020-03-12 21:00:00",1577.267,1598.056,1504.782,1529.486,217444
1584306000,"2020-03-15 21:00:00",1529.486,1575.454,1451.432,1515.107,243530
1584392400,"2020-03-16 21:00:00",1515.107,1554.013,1465.81,1528.358,185144
1584478800,"2020-03-17 21:00:00",1528.358,1546.426,1472.77,1486.304,204658
1584565200,"2020-03-18 21:00:00",1486.304,1501.105,1464.304,1472.795,143452
1584651600,"2020-03-19 21:00:00",1472.795,1516.18,1455.32,1499.094,129097
1584910800,"2020-03-22 21:00:00",1499.094,1561.228,1482.79,1553.122,124588
1584997200,"2020-03-23 21:00:00",1553.122,1634.423,1552.933,1627.713,104987
1585083600,"2020-03-24 21:00:00",1627.713,1640.353,1596.376,1617.35,123254
1585170000,"2020-03-25 21:00:00",1617.35,1644.433,1597.638,1630.183,124577
1585256400,"2020-03-26 21:00:00",1630.183,1634.049,1614.898,1627.724,111188
1585515600,"2020-03-29 21:00:00",1627.724,1632.264,1611.862,1622.83,104178
1585602000,"2020-03-30 21:00:00",1622.83,1623.796,1574.805,1577.1,102412
1585688400,"2020-03-31 21:00:00",1577.1,1600.738,1572.827,1591.395,87477
1585774800,"2020-04-01 21:00:00",1591.395,1619.97,1583.224,1612.866,117134
1585861200,"2020-04-02 21:00:00",1612.866,1626.062,1606.82,1618.425,100045
1586120400,"2020-04-05 21:00:00",1618.425,1669.163,1609.26,1661.809,151285
1586206800,"2020-04-06 21:00:00",1661.809,1675.605,1642.9,1648.838,77853
1586293200,"2020-04-07 21:00:00",1648.838,1656.586,1641.474,1645.544,104159
1586379600,"2020-04-08 21:00:00",1645.544,1690.25,1643.836,1683.505,126972
1586725200,"2020-04-12 21:00:00",1683.505,1723.867,1675.045,1713.419,153731
1586811600,"2020-04-13 21:00:00",1713.419,1747.722,1709.449,1727.175,190349
1586898000,"2020-04-14 21:00:00",1727.175,1731.474,1708.284,1715.948,162428
1586984400,"2020-04-15 21:00:00",1715.948,1738.754,1708,1718.352,93754
1587070800,"2020-04-16 21:00:00",1718.352,1718.866,1679.804,1683.5,175968
1587330000,"2020-04-19 21:00:00",1683.5,1702.419,1671.218,1696.239,115193
1587416400,"2020-04-20 21:00:00",1696.239,1697.954,1661.416,1687.048,181789
1587502800,"2020-04-21 21:00:00",1687.048,1718.604,1680.478,1714.292,178497
1587589200,"2020-04-22 21:00:00",1714.292,1738.878,1707.418,1731.391,251662
1587675600,"2020-04-23 21:00:00",1731.391,1736.566,1710.857,1729.406,184363
1587934800,"2020-04-26 21:00:00",1729.406,1729.406,1706.545,1713.938,140644
1588021200,"2020-04-27 21:00:00",1713.938,1716.958,1692.285,1708.96,149401
1588107600,"2020-04-28 21:00:00",1708.96,1718.15,1697.185,1712.734,119656
1588194000,"2020-04-29 21:00:00",1712.734,1722.328,1681.554,1686.618,135628
1588280400,"2020-04-30 21:00:00",1686.618,1706.534,1670.909,1701.282,161342
1588539600,"2020-05-03 21:00:00",1701.282,1713.73,1692.087,1701.424,65212
1588626000,"2020-05-04 21:00:00",1701.424,1711.916,1689.819,1705.682,77559
1588712400,"2020-05-05 21:00:00",1705.682,1708.492,1682.632,1685.384,46695
1588798800,"2020-05-06 21:00:00",1685.384,1722.294,1683.841,1715.553,87845
1588885200,"2020-05-07 21:00:00",1715.553,1723.654,1701.374,1702.39,98541
1589144400,"2020-05-10 21:00:00",1702.39,1712.342,1692.126,1697.826,86205
1589230800,"2020-05-11 21:00:00",1697.826,1711.19,1693.948,1702.46,113313
1589317200,"2020-05-12 21:00:00",1702.46,1718.252,1699.259,1716.956,165394
1589403600,"2020-05-13 21:00:00",1716.956,1736.158,1711.268,1730.786,112705
1589490000,"2020-05-14 21:00:00",1730.786,1751.718,1728.846,1742.624,122146
1589749200,"2020-05-17 21:00:00",1742.624,1765.256,1727.41,1732.882,156510
1589835600,"2020-05-18 21:00:00",1732.882,1747.86,1726.624,1744.77,131270
1589922000,"2020-05-19 21:00:00",1744.77,1754.049,1742.206,1748.104,83807
1590008400,"2020-05-20 21:00:00",1748.104,1749.062,1717.568,1727.168,73426
1590094800,"2020-05-21 21:00:00",1727.168,1740.227,1724.508,1734.448,65954
1590354000,"2020-05-24 21:00:00",1734.448,1735.629,1721.21,1729.186,26019
1590440400,"2020-05-25 21:00:00",1729.186,1735.577,1708.91,1711.079,72118
1590526800,"2020-05-26 21:00:00",1711.079,1716.118,1694.006,1709.417,97269
1590613200,"2020-05-27 21:00:00",1709.417,1727.545,1705.767,1718.807,68774
1590699600,"2020-05-28 21:00:00",1718.807,1737.914,1712.622,1729.615,73530
1590958800,"2020-05-31 21:00:00",1729.615,1744.694,1727.46,1739.923,75208
1591045200,"2020-06-01 21:00:00",1739.923,1745.304,1721.698,1727.951,88040
1591131600,"2020-06-02 21:00:00",1727.951,1732.312,1689.589,1698.056,101668
1591218000,"2020-06-03 21:00:00",1698.056,1721.483,1697.342,1714.272,78238
1591304400,"2020-06-04 21:00:00",1714.272,1716.875,1670.438,1685.27,128662
1591563600,"2020-06-07 21:00:00",1685.27,1700.494,1677.506,1698.298,106104
1591650000,"2020-06-08 21:00:00",1698.298,1720.888,1692.368,1714.786,117262
1591736400,"2020-06-09 21:00:00",1714.786,1739.932,1708.34,1738.67,113502
1591822800,"2020-06-10 21:00:00",1738.67,1744.918,1721.294,1727.216,113761
1591909200,"2020-06-11 21:00:00",1727.216,1743.34,1722.501,1730.905,136550
1592168400,"2020-06-14 21:00:00",1730.905,1734.206,1704.484,1725.154,93973
1592254800,"2020-06-15 21:00:00",1725.154,1733.029,1716.973,1727.09,96807
1592341200,"2020-06-16 21:00:00",1727.09,1730.22,1712.78,1726.761,63600
1592427600,"2020-06-17 21:00:00",1726.761,1737.826,1717.695,1722.644,44710
1592514000,"2020-06-18 21:00:00",1722.644,1745.282,1721.646,1744.189,38502
1592773200,"2020-06-21 21:00:00",1744.189,1763.13,1742.68,1754.766,49522
1592859600,"2020-06-22 21:00:00",1754.766,1770.942,1747.566,1767.72,50332
1592946000,"2020-06-23 21:00:00",1767.72,1779.446,1760.82,1761.718,54281
1593032400,"2020-06-24 21:00:00",1761.718,1769,1754.25,1763.692,41095
1593118800,"2020-06-25 21:00:00",1763.692,1772.03,1747.572,1771.478,42860
1593378000,"2020-06-28 21:00:00",1771.478,1775.692,1765.944,1772.65,32188
1593464400,"2020-06-29 21:00:00",1772.65,1786.023,1764.646,1780.872,31474
1593550800,"2020-06-30 21:00:00",1780.872,1789.265,1759.284,1770.477,44515
1593637200,"2020-07-01 21:00:00",1770.477,1779.69,1757.665,1775.74,35026
1593723600,"2020-07-02 21:00:00",1775.74,1777.192,1772.776,1775.086,12571
1593982800,"2020-07-05 21:00:00",1775.086,1787.156,1770.1,1784.366,26503
1594069200,"2020-07-06 21:00:00",1784.366,1797.415,1773.788,1795.25,32537
1594155600,"2020-07-07 21:00:00",1795.25,1818.092,1791.529,1809.006,33419
1594242000,"2020-07-08 21:00:00",1809.006,1816.064,1795.734,1803.382,40038
1594328400,"2020-07-09 21:00:00",1803.382,1810.692,1794.246,1798.446,24302
1594587600,"2020-07-12 21:00:00",1798.446,1813.472,1798.115,1802.342,34336
1594674000,"2020-07-13 21:00:00",1802.342,1810.918,1790.766,1809.406,43905
1594760400,"2020-07-14 21:00:00",1809.406,1815.236,1802.473,1810.36,30682
1594846800,"2020-07-15 21:00:00",1810.36,1813.494,1795.118,1797.436,26520
1594933200,"2020-07-16 21:00:00",1797.436,1811.924,1795.99,1810.046,20078
1595192400,"2020-07-19 21:00:00",1810.046,1820.648,1805.878,1817.312,28696
1595278800,"2020-07-20 21:00:00",1817.312,1843.476,1815.852,1841.673,37033
1595365200,"2020-07-21 21:00:00",1841.673,1872.234,1841.032,1871.828,75073
1595451600,"2020-07-22 21:00:00",1871.828,1898.374,1863.849,1887.534,78679
1595538000,"2020-07-23 21:00:00",1887.534,1906.585,1881.586,1901.637,54514
1595797200,"2020-07-26 21:00:00",1901.637,1945.646,1900.01,1942.076,86023
1595883600,"2020-07-27 21:00:00",1942.076,1981.356,1907.066,1958.672,141981
1595970000,"2020-07-28 21:00:00",1958.672,1980.842,1941.526,1970.91,81900
1596056400,"2020-07-29 21:00:00",1970.91,1971.65,1939.339,1956.059,87326
1596142800,"2020-07-30 21:00:00",1956.059,1983.102,1955.344,1975.962,89727
1596402000,"2020-08-02 21:00:00",1975.962,1986.765,1960.54,1976.742,56967
1596488400,"2020-08-03 21:00:00",1976.742,2020.03,1966.855,2019.413,65982
1596574800,"2020-08-04 21:00:00",2019.413,2055.926,2009.676,2038.154,108132
1596661200,"2020-08-05 21:00:00",2038.154,2069.816,2034.652,2063.31,92898
1596747600,"2020-08-06 21:00:00",2063.31,2075.282,2015.531,2035.23,130891
1597006800,"2020-08-09 21:00:00",2035.23,2049.915,2019.3,2027.745,80336
1597093200,"2020-08-10 21:00:00",2027.745,2030.108,1901.616,1912.075,169976
1597179600,"2020-08-11 21:00:00",1912.075,1949.502,1862.899,1916.642,187634
1597266000,"2020-08-12 21:00:00",1916.642,1966.42,1913.058,1953.57,119872
1597352400,"2020-08-13 21:00:00",1953.57,1962.432,1932.32,1944.714,95748
1597611600,"2020-08-16 21:00:00",1944.714,1991.091,1929.648,1985.223,87136
1597698000,"2020-08-17 21:00:00",1985.223,2015.726,1976.038,2001.934,109838
1597784400,"2020-08-18 21:00:00",2001.934,2006.742,1924.778,1929.572,136927
1597870800,"2020-08-19 21:00:00",1929.572,1955.47,1924.864,1946.966,129805
1597957200,"2020-08-20 21:00:00",1946.966,1956.087,1911.586,1940.498,107006
1598216400,"2020-08-23 21:00:00",1940.498,1961.893,1923.931,1929.08,85057
1598302800,"2020-08-24 21:00:00",1929.08,1937.739,1914.389,1928.2,75297
1598389200,"2020-08-25 21:00:00",1928.2,1954.742,1902.726,1954.034,80435
1598475600,"2020-08-26 21:00:00",1954.034,1977.187,1910.19,1929.271,128065
1598562000,"2020-08-27 21:00:00",1929.271,1973.898,1923.188,1965.026,97119
1598821200,"2020-08-30 21:00:00",1965.026,1976.776,1954.416,1967.646,78047
1598907600,"2020-08-31 21:00:00",1967.646,1992.565,1963.354,1970.486,84372
1598994000,"2020-09-01 21:00:00",1970.486,1973.334,1932.681,1942.888,91768
1599080400,"2020-09-02 21:00:00",1942.888,1951.178,1921.905,1930.673,96499
1599166800,"2020-09-03 21:00:00",1930.673,1949.496,1916.696,1934.024,97600
1599426000,"2020-09-06 21:00:00",1934.024,1941.477,1924.636,1928.448,33374
1599512400,"2020-09-07 21:00:00",1928.448,1940.856,1906.628,1931.694,88080
1599598800,"2020-09-08 21:00:00",1931.694,1950.852,1920.169,1946.534,57249
1599685200,"2020-09-09 21:00:00",1946.534,1966.57,1941.478,1946.27,71452
1599771600,"2020-09-10 21:00:00",1946.27,1954.773,1937.242,1940.456,54543
1600030800,"2020-09-13 21:00:00",1940.456,1962.535,1937.25,1956.442,40473
1600117200,"2020-09-14 21:00:00",1956.442,1972.221,1948.468,1954.198,46398
1600203600,"2020-09-15 21:00:00",1954.198,1973.782,1949.914,1959.59,64104
1600290000,"2020-09-16 21:00:00",1959.59,1960.987,1932.886,1944.276,67548
1600376400,"2020-09-17 21:00:00",1944.276,1960.134,1944.147,1950.506,42808
1600635600,"2020-09-20 21:00:00",1950.506,1955.624,1882.428,1912.674,99324
1600722000,"2020-09-21 21:00:00",1912.674,1920.057,1894.7,1900.038,93987
1600808400,"2020-09-22 21:00:00",1900.038,1905.438,1855.851,1863.45,115073
1600894800,"2020-09-23 21:00:00",1863.45,1877.119,1848.842,1867.818,117358
1600981200,"2020-09-24 21:00:00",1867.818,1875.22,1852.619,1861.62,78215
1601240400,"2020-09-27 21:00:00",1861.62,1883.101,1848.801,1881.414,69930
1601326800,"2020-09-28 21:00:00",1881.414,1899.083,1875.684,1897.205,56840
1601413200,"2020-09-29 21:00:00",1897.205,1902.349,1881.524,1885.5,73757
1601499600,"2020-09-30 21:00:00",1885.5,1912.662,1884.72,1906.12,73585
1601586000,"2020-10-01 21:00:00",1906.12,1917.165,1889.866,1899.168,74993
1601845200,"2020-10-04 21:00:00",1899.168,1918.694,1887.132,1913.445,47095
1601931600,"2020-10-05 21:00:00",1913.445,1921.277,1874.808,1878.177,65886
1602018000,"2020-10-06 21:00:00",1878.177,1898.066,1872.898,1887.592,57560
1602104400,"2020-10-07 21:00:00",1887.592,1900.687,1882,1893.608,43660
1602190800,"2020-10-08 21:00:00",1893.608,1930.57,1893.602,1930.521,43790
1602450000,"2020-10-11 21:00:00",1930.521,1933.292,1918.643,1922.702,47331
1602536400,"2020-10-12 21:00:00",1922.702,1925.508,1886.578,1891.204,64236
1602622800,"2020-10-13 21:00:00",1891.204,1912.962,1882.434,1901.679,46226
1602709200,"2020-10-14 21:00:00",1901.679,1908.999,1889.644,1908.256,65572
1602795600,"2020-10-15 21:00:00",1908.256,1914.046,1897.878,1899.33,38183
1603054800,"2020-10-18 21:00:00",1899.33,1918.54,1897.166,1904.4,39284
1603141200,"2020-10-19 21:00:00",1904.4,1914.125,1894.605,1907.169,42193
1603227600,"2020-10-20 21:00:00",1907.169,1931.401,1907.169,1924.456,43930
1603314000,"2020-10-21 21:00:00",1924.456,1925.94,1894.775,1904.014,43312
1603400400,"2020-10-22 21:00:00",1904.014,1914.359,1894.483,1902.04,34605
1603659600,"2020-10-25 21:00:00",1902.04,1908.594,1891.508,1902.272,44045
1603746000,"2020-10-26 21:00:00",1902.272,1911.354,1897.914,1907.78,28852
1603832400,"2020-10-27 21:00:00",1907.78,1910.826,1869.46,1877.246,57601
1603918800,"2020-10-28 21:00:00",1877.246,1885.054,1860.08,1867.959,60575
1604005200,"2020-10-29 21:00:00",1867.959,1889.756,1864.396,1878.952,56821
1604268000,"2020-11-01 22:00:00",1878.952,1896.084,1873.504,1895.774,41388
1604354400,"2020-11-02 22:00:00",1895.774,1910.633,1887.096,1909.81,39630
1604440800,"2020-11-03 22:00:00",1909.81,1916.484,1882.212,1903.015,125267
1604527200,"2020-11-04 22:00:00",1903.015,1952.786,1902.332,1949.632,68918
1604613600,"2020-11-05 22:00:00",1949.632,1960.386,1935.722,1951.193,73663
1604872800,"2020-11-08 22:00:00",1951.193,1965.572,1850.53,1861.914,135189
1604959200,"2020-11-09 22:00:00",1861.914,1890.513,1860.146,1877.281,74820
1605045600,"2020-11-10 22:00:00",1877.281,1884.473,1856.448,1865.42,52714
1605132000,"2020-11-11 22:00:00",1865.42,1883.878,1862.787,1876.974,46208
1605218400,"2020-11-12 22:00:00",1876.974,1896.882,1874.198,1889.565,35941
1605477600,"2020-11-15 22:00:00",1889.565,1899.112,1864.541,1888.839,56153
1605564000,"2020-11-16 22:00:00",1888.839,1893.536,1876.988,1880.388,38883
1605650400,"2020-11-17 22:00:00",1880.388,1884.856,1863.772,1872.464,42880
1605736800,"2020-11-18 22:00:00",1872.464,1874.116,1852.792,1866.12,46815
1605823200,"2020-11-19 22:00:00",1866.12,1879.818,1860.967,1870.987,37399
1606082400,"2020-11-22 22:00:00",1870.987,1876.139,1831.073,1837.828,52128
1606168800,"2020-11-23 22:00:00",1837.828,1839.038,1800.424,1807.459,67568
1606255200,"2020-11-24 22:00:00",1807.459,1817.771,1801.806,1807.846,40606
1606341600,"2020-11-25 22:00:00",1807.846,1818.336,1805.857,1810.474,23945
1606428000,"2020-11-26 22:00:00",1810.474,1813.868,1774.41,1786.92,43734
1606687200,"2020-11-29 22:00:00",1786.92,1789.937,1764.57,1776.881,58866
1606773600,"2020-11-30 22:00:00",1776.881,1817.362,1775.897,1815.137,45782
1606860000,"2020-12-01 22:00:00",1815.137,1832.518,1807.543,1830.705,42996
1606946400,"2020-12-02 22:00:00",1830.705,1843.984,1823.772,1840.936,46938
1607032800,"2020-12-03 22:00:00",1840.936,1848.202,1829.276,1838.79,46133
1607292000,"2020-12-06 22:00:00",1838.79,1868.576,1822.253,1862.424,47678
1607378400,"2020-12-07 22:00:00",1862.424,1875.306,1856.95,1870.434,40650
1607464800,"2020-12-08 22:00:00",1870.434,1870.62,1825.579,1840.086,60583
1607551200,"2020-12-09 22:00:00",1840.086,1850.015,1828.77,1836.693,52397
1607637600,"2020-12-10 22:00:00",1836.693,1847.751,1824.184,1839.303,44164
1607896800,"2020-12-13 22:00:00",1839.303,1839.624,1819.418,1827.059,44731
1607983200,"2020-12-14 22:00:00",1827.059,1855.442,1825.568,1853.45,41659
1608069600,"2020-12-15 22:00:00",1853.45,1865.65,1844.844,1864.552,59833
1608156000,"2020-12-16 22:00:00",1864.552,1896.318,1862.129,1885.546,51208
1608242400,"2020-12-17 22:00:00",1885.546,1889.722,1877.494,1881.479,43226
1608501600,"2020-12-20 22:00:00",1881.479,1906.809,1855.148,1876.848,98895
1608588000,"2020-12-21 22:00:00",1876.848,1884.336,1859.032,1860.254,55239
1608674400,"2020-12-22 22:00:00",1860.254,1878.611,1857.132,1873.37,46778
1608760800,"2020-12-23 22:00:00",1873.37,1883.725,1869.582,1879.555,28388
1609106400,"2020-12-27 22:00:00",1879.555,1900.296,1869.309,1873.694,58439
1609192800,"2020-12-28 22:00:00",1873.694,1886.44,1871.868,1878.349,42724
1609279200,"2020-12-29 22:00:00",1878.349,1894.581,1876.199,1894.508,32040
1609365600,"2020-12-30 22:00:00",1894.508,1901.026,1885.528,1898.391,37540
1609711200,"2021-01-03 22:00:00",1898.391,1944.518,1898.391,1942.887,63961
1609797600,"2021-01-04 22:00:00",1942.887,1953.093,1934.443,1950.076,54638
1609884000,"2021-01-05 22:00:00",1950.076,1959.406,1900.9,1919.062,101257
1609970400,"2021-01-06 22:00:00",1919.062,1927.725,1906.982,1913.589,65904
1610056800,"2021-01-07 22:00:00",1913.589,1917.545,1828.276,1849.215,118781
1610316000,"2021-01-10 22:00:00",1849.215,1856.825,1817.16,1843.61,98790
1610402400,"2021-01-11 22:00:00",1843.61,1863.87,1836.767,1854.738,66885
1610488800,"2021-01-12 22:00:00",1854.738,1863.108,1842.094,1845.272,51493
1610575200,"2021-01-13 22:00:00",1845.272,1857.593,1829.486,1846.258,66884
1610661600,"2021-01-14 22:00:00",1846.258,1856.992,1823.462,1828.586,65628
1610920800,"2021-01-17 22:00:00",1828.586,1840.85,1802.955,1837.785,46426
1611007200,"2021-01-18 22:00:00",1837.785,1845.67,1833.145,1840.025,49685
1611093600,"2021-01-19 22:00:00",1840.025,1871.8,1832.57,1871.65,57237
1611180000,"2021-01-20 22:00:00",1871.65,1875.17,1858.28,1869.92,53972
1611266400,"2021-01-21 22:00:00",1869.92,1870.84,1837.46,1855.8,62970
1611525600,"2021-01-24 22:00:00",1855.8,1867.95,1847.27,1855.99,57517
1611612000,"2021-01-25 22:00:00",1855.99,1861.795,1848.44,1850.78,46477
1611698400,"2021-01-26 22:00:00",1850.78,1853.22,1831.426,1844.44,73175
1611784800,"2021-01-27 22:00:00",1844.44,1864.22,1834.13,1842.66,94088
1611871200,"2021-01-28 22:00:00",1842.66,1875.736,1839.646,1847.74,106918
1612130400,"2021-01-31 22:00:00",1847.74,1871.89,1847.74,1860.77,127064
1612216800,"2021-02-01 22:00:00",1860.77,1864.11,1829.605,1838.03,95565
1612303200,"2021-02-02 22:00:00",1838.03,1844.95,1829.8,1834.07,57533
1612389600,"2021-02-03 22:00:00",1834.07,1834.82,1785.02,1793.995,86653
1612476000,"2021-02-04 22:00:00",1793.995,1815.2,1792.13,1814.2,65713
1612735200,"2021-02-07 22:00:00",1814.2,1839.23,1807.865,1830.765,54930
1612821600,"2021-02-08 22:00:00",1830.765,1848.63,1828.93,1838.77,55744
1612908000,"2021-02-09 22:00:00",1838.77,1855.455,1834.175,1843.385,59347
1612994400,"2021-02-10 22:00:00",1843.385,1847.574,1821.18,1825.64,49614
1613080800,"2021-02-11 22:00:00",1825.64,1830.816,1810.605,1824.4,50213
1613340000,"2021-02-14 22:00:00",1824.4,1827.1,1816.065,1818.776,24588
1613426400,"2021-02-15 22:00:00",1818.776,1826.5,1789.576,1794.436,82041
1613512800,"2021-02-16 22:00:00",1794.436,1795.158,1769.526,1776.305,83795
1613599200,"2021-02-17 22:00:00",1776.305,1789.69,1768.47,1775.865,72463
1613685600,"2021-02-18 22:00:00",1775.865,1791.696,1760.754,1784.185,81885
1613944800,"2021-02-21 22:00:00",1784.185,1812.722,1780.78,1809.9,79193
1614031200,"2021-02-22 22:00:00",1809.9,1816.1,1795.704,1805.88,81239
1614117600,"2021-02-23 22:00:00",1805.88,1813.966,1783.65,1805.045,84820
1614204000,"2021-02-24 22:00:00",1805.045,1805.53,1765.546,1770.55,141770
1614290400,"2021-02-25 22:00:00",1770.55,1775.904,1717.27,1734.375,153253
1614549600,"2021-02-28 22:00:00",1734.375,1759.95,1719.78,1724.94,87880
1614636000,"2021-03-01 22:00:00",1724.94,1739.19,1707.336,1738.348,99689
1614722400,"2021-03-02 22:00:00",1738.348,1741.02,1701.964,1710.915,80651
1614808800,"2021-03-03 22:00:00",1710.915,1723.27,1690.525,1697.635,115520
1614895200,"2021-03-04 22:00:00",1697.635,1707.84,1687.29,1703.12,90872
1615154400,"2021-03-07 22:00:00",1703.12,1714.45,1676.866,1683.494,63396
1615240800,"2021-03-08 22:00:00",1683.494,1720.682,1680.25,1715.895,72499
1615327200,"2021-03-09 22:00:00",1715.895,1726.845,1708.284,1726.745,64710
1615413600,"2021-03-10 22:00:00",1726.745,1739.89,1719.325,1722.625,58832
1615500000,"2021-03-11 22:00:00",1722.625,1729.386,1699.224,1726.965,70543
1615755600,"2021-03-14 21:00:00",1726.965,1734.583,1721.718,1731.756,52935
1615842000,"2021-03-15 21:00:00",1731.756,1741.196,1726.205,1731.69,48361
1615928400,"2021-03-16 21:00:00",1731.69,1751.7,1724.066,1745.355,62891
1616014800,"2021-03-17 21:00:00",1745.355,1755.565,1719.25,1736.434,81141
1616101200,"2021-03-18 21:00:00",1736.434,1746.77,1728.54,1745.054,64579
1616360400,"2021-03-21 21:00:00",1745.054,1747.046,1727.345,1738.92,51497
1616446800,"2021-03-22 21:00:00",1738.92,1742.602,1724.755,1727.006,52516
1616533200,"2021-03-23 21:00:00",1727.006,1738.615,1723.894,1734.24,43193
1616619600,"2021-03-24 21:00:00",1734.24,1745.532,1721.844,1726.655,58805
1616706000,"2021-03-25 21:00:00",1726.655,1736.76,1721.695,1732.77,44533
1616965200,"2021-03-28 21:00:00",1732.77,1733.371,1705.795,1711.976,46306
1617051600,"2021-03-29 21:00:00",1711.976,1714.446,1678.778,1684.81,65458
1617138000,"2021-03-30 21:00:00",1684.81,1715.284,1677.954,1707.475,61734
1617224400,"2021-03-31 21:00:00",1707.475,1730.64,1705.867,1729.88,52929
1617570000,"2021-04-04 21:00:00",1729.88,1733.65,1721.366,1728.3,43118
1617656400,"2021-04-05 21:00:00",1728.3,1745.445,1727.305,1743.52,45726
1617742800,"2021-04-06 21:00:00",1743.52,1744.46,1730.73,1737.765,44499
1617829200,"2021-04-07 21:00:00",1737.765,1758.724,1733.26,1755.61,46363
1617915600,"2021-04-08 21:00:00",1755.61,1757.435,1731.275,1743.775,51687
1618174800,"2021-04-11 21:00:00",1743.775,1745.078,1727.5,1732.91,46146
1618261200,"2021-04-12 21:00:00",1732.91,1749,1723.792,1745.45,54392
1618347600,"2021-04-13 21:00:00",1745.45,1749.56,1732.655,1736.45,46614
1618434000,"2021-04-14 21:00:00",1736.45,1769.662,1734.49,1763.8,50384
1618520400,"2021-04-15 21:00:00",1763.8,1783.898,1759.915,1776.68,50014
1618779600,"2021-04-18 21:00:00",1776.68,1790.104,1766.826,1771.546,55947
1618866000,"2021-04-19 21:00:00",1771.546,1780.512,1763.72,1778.82,49129
1618952400,"2021-04-20 21:00:00",1778.82,1797.724,1776.315,1793.69,44414
1619038800,"2021-04-21 21:00:00",1793.69,1797.934,1777.473,1784.22,49256
1619125200,"2021-04-22 21:00:00",1784.22,1796.046,1770.125,1777.35,46663
1619384400,"2021-04-25 21:00:00",1777.35,1783.56,1768.85,1781.376,41651
1619470800,"2021-04-26 21:00:00",1781.376,1785.656,1773.823,1776.66,39760
1619557200,"2021-04-27 21:00:00",1776.66,1782.575,1762.763,1781.69,54666
1619643600,"2021-04-28 21:00:00",1781.69,1790.03,1756.132,1772,54648
1619730000,"2021-04-29 21:00:00",1772,1773.745,1764.31,1771.945,48482
1619989200,"2021-05-02 21:00:00",1771.945,1798.07,1766.29,1793.725,44144
1620075600,"2021-05-03 21:00:00",1793.725,1799.16,1770.96,1778.85,63203
1620162000,"2021-05-04 21:00:00",1778.85,1788.03,1770.444,1786.935,51855
1620248400,"2021-05-05 21:00:00",1786.935,1818.13,1782.048,1815.08,67240
1620334800,"2021-05-06 21:00:00",1815.08,1843.4,1812.91,1831.355,108227
1620594000,"2021-05-09 21:00:00",1831.355,1845.54,1830.068,1835.69,97770
1620680400,"2021-05-10 21:00:00",1835.69,1841.845,1818.022,1837.485,91407
1620766800,"2021-05-11 21:00:00",1837.485,1843.716,1813.41,1815.55,75255
1620853200,"2021-05-12 21:00:00",1815.55,1828.835,1808.866,1826.525,58234
1620939600,"2021-05-13 21:00:00",1826.525,1846.296,1819.845,1843.165,46020
1621198800,"2021-05-16 21:00:00",1843.165,1868.525,1842.02,1866.955,42685
1621285200,"2021-05-17 21:00:00",1866.955,1875.04,1863.285,1869.5,42633
1621371600,"2021-05-18 21:00:00",1869.5,1890.145,1852.23,1869.515,83611
1621458000,"2021-05-19 21:00:00",1869.515,1883.985,1863.955,1877.04,49061
1621544400,"2021-05-20 21:00:00",1877.04,1889.42,1870.19,1881.245,47442
1621803600,"2021-05-23 21:00:00",1881.245,1887.07,1875.2,1880.68,38364
1621890000,"2021-05-24 21:00:00",1880.68,1900.3,1872.755,1899.17,50957
1621976400,"2021-05-25 21:00:00",1899.17,1912.785,1890.74,1896.68,50768
1622062800,"2021-05-26 21:00:00",1896.68,1903.706,1888.315,1896.672,48615
1622149200,"2021-05-27 21:00:00",1896.672,1906.12,1882.25,1903.456,48243
1622408400,"2021-05-30 21:00:00",1903.456,1910.655,1902.19,1906.676,20511
1622494800,"2021-05-31 21:00:00",1906.676,1916.615,1892.445,1900.24,44722
1622581200,"2021-06-01 21:00:00",1900.24,1909.14,1894.455,1908.35,35944
1622667600,"2021-06-02 21:00:00",1908.35,1909.69,1865.36,1870.545,63833
1622754000,"2021-06-03 21:00:00",1870.545,1896.24,1856.04,1891.395,55936
1623013200,"2021-06-06 21:00:00",1891.395,1900.196,1881.606,1899.14,36588
1623099600,"2021-06-07 21:00:00",1899.14,1903.93,1883.785,1892.94,43086
1623186000,"2021-06-08 21:00:00",1892.94,1899.076,1887.435,1888.685,36216
1623272400,"2021-06-09 21:00:00",1888.685,1899.99,1869.945,1898.445,55458
1623358800,"2021-06-10 21:00:00",1898.445,1903.12,1874.54,1877.82,48133
1623618000,"2021-06-13 21:00:00",1877.82,1878.08,1844.63,1866.14,54411
1623704400,"2021-06-14 21:00:00",1866.14,1869.205,1851.665,1858.82,44111
1623790800,"2021-06-15 21:00:00",1858.82,1863.32,1803.636,1812.055,70418
1623877200,"2021-06-16 21:00:00",1812.055,1825.326,1767.295,1773.37,104751
1623963600,"2021-06-17 21:00:00",1773.37,1797.316,1761.04,1764.235,84687
1624222800,"2021-06-20 21:00:00",1764.235,1786.625,1764.235,1782.995,65230
1624309200,"2021-06-21 21:00:00",1782.995,1790.2,1772.39,1778.865,51060
1624395600,"2021-06-22 21:00:00",1778.865,1794.985,1773.33,1779.05,46336
1624482000,"2021-06-23 21:00:00",1779.05,1788.04,1772.875,1774.98,39277
1624568400,"2021-06-24 21:00:00",1774.98,1790.446,1773.795,1781.646,38444
1624827600,"2021-06-27 21:00:00",1781.646,1785.83,1770.78,1778.26,38333
1624914000,"2021-06-28 21:00:00",1778.26,1779.034,1750.74,1761.086,50769
1625000400,"2021-06-29 21:00:00",1761.086,1774.45,1753.44,1770.45,43203
1625086800,"2021-06-30 21:00:00",1770.45,1782.89,1765.74,1776.655,43395
1625173200,"2021-07-01 21:00:00",1776.655,1795.1,1774.356,1787.45,53927
1625432400,"2021-07-04 21:00:00",1787.45,1794.745,1784.52,1791.97,19257
1625518800,"2021-07-05 21:00:00",1791.97,1815.046,1790.15,1797.21,55843
1625605200,"2021-07-06 21:00:00",1797.21,1809.89,1793.995,1803.716,47696
1625691600,"2021-07-07 21:00:00",1803.716,1818.54,1794.215,1802.495,60545
1625778000,"2021-07-08 21:00:00",1802.495,1812.445,1796.74,1808.465,38768
1626037200,"2021-07-11 21:00:00",1808.465,1810.956,1791.645,1806.145,37374
1626123600,"2021-07-12 21:00:00",1806.145,1817.26,1798.67,1807.686,48685
1626210000,"2021-07-13 21:00:00",1807.686,1829.88,1804.586,1827.385,43258
1626296400,"2021-07-14 21:00:00",1827.385,1834.195,1820.375,1829.53,36617
1626382800,"2021-07-15 21:00:00",1829.53,1832.066,1809.03,1812.255,45372
1626642000,"2021-07-18 21:00:00",1812.255,1817.42,1795.12,1812.845,49952
1626728400,"2021-07-19 21:00:00",1812.845,1825.006,1805.13,1810.345,45189
1626814800,"2021-07-20 21:00:00",1810.345,1813.795,1794.666,1803.505,41983
1626901200,"2021-07-21 21:00:00",1803.505,1808.116,1792.835,1806.66,39534
1626987600,"2021-07-22 21:00:00",1806.66,1810.37,1789.69,1801.975,35913
1627246800,"2021-07-25 21:00:00",1801.975,1811.605,1796.445,1797.575,37417
1627333200,"2021-07-26 21:00:00",1797.575,1805.29,1793.695,1798.995,38613
1627419600,"2021-07-27 21:00:00",1798.995,1809.86,1792.795,1806.895,49317
1627506000,"2021-07-28 21:00:00",1806.895,1832.73,1806.895,1827.975,41190
1627592400,"2021-07-29 21:00:00",1827.975,1831.41,1810.325,1814.18,34039
1627851600,"2021-08-01 21:00:00",1814.18,1819.56,1805.875,1813.494,39741
1627938000,"2021-08-02 21:00:00",1813.494,1815.065,1807.175,1810.45,29274
1628024400,"2021-08-03 21:00:00",1810.45,1831.77,1806.456,1811.86,45641
1628110800,"2021-08-04 21:00:00",1811.86,1814.925,1797.9,1804.156,37061
1628197200,"2021-08-05 21:00:00",1804.156,1804.965,1758.8,1763.085,60017
1628456400,"2021-08-08 21:00:00",1763.085,1764.675,1677.686,1729.675,114997
1628542800,"2021-08-09 21:00:00",1729.675,1738.33,1717.785,1729.125,50907
1628629200,"2021-08-10 21:00:00",1729.125,1754.534,1724.2,1751.55,59355
1628715600,"2021-08-11 21:00:00",1751.55,1758.2,1741.655,1752.61,46953
1628802000,"2021-08-12 21:00:00",1752.61,1780.095,1751.745,1779.9,36758
1629061200,"2021-08-15 21:00:00",1779.9,1789.3,1770.876,1787.2,44107
1629147600,"2021-08-16 21:00:00",1787.2,1795.6,1780.67,1786.07,53037
1629234000,"2021-08-17 21:00:00",1786.07,1793.833,1777.43,1787.326,56962
1629320400,"2021-08-18 21:00:00",1787.326,1792.548,1774.215,1779.936,61607
1629406800,"2021-08-19 21:00:00",1779.936,1788.495,1778.42,1781.24,46080
1629666000,"2021-08-22 21:00:00",1781.24,1806.445,1776.559,1805.445,49296
1629752400,"2021-08-23 21:00:00",1805.445,1809.61,1800.765,1803.075,40050
1629838800,"2021-08-24 21:00:00",1803.075,1803.125,1782.534,1790.57,51083
1629925200,"2021-08-25 21:00:00",1790.57,1798.275,1780.138,1791.99,52543
1630011600,"2021-08-26 21:00:00",1791.99,1819.22,1784.96,1817.425,63681
1630270800,"2021-08-29 21:00:00",1817.425,1823.275,1807.785,1810.36,34936
1630357200,"2021-08-30 21:00:00",1810.36,1819.245,1801.72,1813.795,47684
1630443600,"2021-08-31 21:00:00",1813.795,1820.075,1808.735,1814.145,44047
1630530000,"2021-09-01 21:00:00",1814.145,1817.185,1804.9,1809.565,30267
1630616400,"2021-09-02 21:00:00",1809.565,1834.04,1809.05,1827.8,53334
1630875600,"2021-09-05 21:00:00",1827.8,1830.305,1821.506,1823.34,16515
1630962000,"2021-09-06 21:00:00",1823.34,1827.325,1792.46,1794.32,46302
1631048400,"2021-09-07 21:00:00",1794.32,1802.18,1782.47,1789.245,46648
1631134800,"2021-09-08 21:00:00",1789.245,1801.06,1783.905,1794.42,47393
1631221200,"2021-09-09 21:00:00",1794.42,1803.92,1787.33,1787.55,42398
1631480400,"2021-09-12 21:00:00",1787.55,1798.47,1783.8,1793.475,34413
1631566800,"2021-09-13 21:00:00",1793.475,1808.66,1780.6,1804.63,53869
1631653200,"2021-09-14 21:00:00",1804.63,1806.99,1790.705,1793.705,45917
1631739600,"2021-09-15 21:00:00",1793.705,1796.25,1745.355,1753.5,73489
1631826000,"2021-09-16 21:00:00",1753.5,1767.555,1747.396,1754.95,50971
1632085200,"2021-09-19 21:00:00",1754.95,1767.206,1742.08,1764.244,47087
1632171600,"2021-09-20 21:00:00",1764.244,1781.835,1758,1774.365,39462
1632258000,"2021-09-21 21:00:00",1774.365,1787.32,1764.765,1768.13,73426
1632344400,"2021-09-22 21:00:00",1768.13,1776.635,1737.84,1742.31,70037
1632430800,"2021-09-23 21:00:00",1742.31,1757.65,1740.515,1750.465,43041
1632690000,"2021-09-26 21:00:00",1750.465,1760.91,1744.885,1750.255,46440
1632776400,"2021-09-27 21:00:00",1750.255,1754.545,1728.19,1734.075,67847
1632862800,"2021-09-28 21:00:00",1734.075,1745.53,1721.71,1726.605,52779
1632949200,"2021-09-29 21:00:00",1726.605,1764.24,1722.29,1757.04,56714
1633035600,"2021-09-30 21:00:00",1757.04,1764.35,1749.71,1760.92,57652
1633294800,"2021-10-03 21:00:00",1760.92,1770.58,1747.785,1769.47,51465
1633381200,"2021-10-04 21:00:00",1769.47,1770.15,1748.68,1759.956,46683
1633467600,"2021-10-05 21:00:00",1759.956,1765.06,1745.99,1762.825,56039
1633554000,"2021-10-06 21:00:00",1762.825,1766.985,1752.03,1755.18,41451
1633640400,"2021-10-07 21:00:00",1755.18,1781.405,1753.45,1757.17,60204
1633899600,"2021-10-10 21:00:00",1757.17,1761.095,1750.245,1754.306,31488
1633986000,"2021-10-11 21:00:00",1754.306,1769.42,1750.805,1760.125,46946
1634072400,"2021-10-12 21:00:00",1760.125,1796.24,1757.89,1793.05,60380
1634158800,"2021-10-13 21:00:00",1793.05,1800.645,1786.77,1795.975,37882
1634245200,"2021-10-14 21:00:00",1795.975,1796.494,1764.86,1767.475,48304
1634504400,"2021-10-17 21:00:00",1767.475,1772.105,1760.375,1764.87,54726
1634590800,"2021-10-18 21:00:00",1764.87,1785.16,1762.955,1769.55,45535
1634677200,"2021-10-19 21:00:00",1769.55,1788.47,1766.94,1781.93,43624
1634763600,"2021-10-20 21:00:00",1781.93,1789.465,1776.555,1782.974,46754
1634850000,"2021-10-21 21:00:00",1782.974,1813.845,1782.88,1792.525,59565
1635109200,"2021-10-24 21:00:00",1792.525,1810.075,1792.286,1807.77,42895
1635195600,"2021-10-25 21:00:00",1807.77,1808.366,1782.465,1792.815,40667
1635282000,"2021-10-26 21:00:00",1792.815,1799.06,1783.575,1796.965,47279
1635368400,"2021-10-27 21:00:00",1796.965,1810.506,1792.425,1798.815,62585
1635454800,"2021-10-28 21:00:00",1798.815,1801.265,1771.98,1783.35,66247
1635714000,"2021-10-31 21:00:00",1783.35,1795.84,1779.17,1793.235,37863
1635800400,"2021-11-01 21:00:00",1793.235,1796.436,1786.45,1788,40325
1635886800,"2021-11-02 21:00:00",1788,1788.285,1758.89,1769.69,65614
1635973200,"2021-11-03 21:00:00",1769.69,1798.95,1769.645,1791.78,49706
1636059600,"2021-11-04 21:00:00",1791.78,1818.36,1785.06,1818.17,60851
1636322400,"2021-11-07 22:00:00",1818.17,1826.515,1812.495,1824.22,41143
1636408800,"2021-11-08 22:00:00",1824.22,1832.76,1819.19,1831.91,45955
1636495200,"2021-11-09 22:00:00",1831.91,1868.626,1822.4,1849.27,70731
1636581600,"2021-11-10 22:00:00",1849.27,1866.025,1842.95,1861.95,42780
1636668000,"2021-11-11 22:00:00",1861.95,1868.76,1845.3,1864.9,51914
1636927200,"2021-11-14 22:00:00",1864.9,1870.576,1856.375,1862.744,42532
1637013600,"2021-11-15 22:00:00",1862.744,1877.14,1849.77,1850.73,61029
1637100000,"2021-11-16 22:00:00",1850.73,1868.126,1849.675,1867.41,42701
1637186400,"2021-11-17 22:00:00",1867.41,1870.945,1855.205,1858.845,48891
1637272800,"2021-11-18 22:00:00",1858.845,1865.836,1843.09,1845.885,66200
1637532000,"2021-11-21 22:00:00",1845.885,1849.165,1802.31,1804.8,74035
1637618400,"2021-11-22 22:00:00",1804.8,1812.43,1782.04,1789.076,73796
1637704800,"2021-11-23 22:00:00",1789.076,1796.456,1778.615,1788.575,60536
1637791200,"2021-11-24 22:00:00",1788.575,1795.146,1786.12,1788.54,17799
1637877600,"2021-11-25 22:00:00",1788.54,1815.57,1780.41,1793.035,70850
1638136800,"2021-11-28 22:00:00",1793.035,1799.495,1769.8,1784.84,63512
1638223200,"2021-11-29 22:00:00",1784.84,1808.86,1769.975,1774.68,101246
1638309600,"2021-11-30 22:00:00",1774.68,1794.7,1772.304,1781.96,77121
1638396000,"2021-12-01 22:00:00",1781.96,1783.455,1761.94,1768.245,60683
1638482400,"2021-12-02 22:00:00",1768.245,1786.125,1766.21,1783.795,68066
1638741600,"2021-12-05 22:00:00",1783.795,1787.784,1775.765,1778.59,36714
1638828000,"2021-12-06 22:00:00",1778.59,1787.875,1772.25,1784.06,34880
1638914400,"2021-12-07 22:00:00",1784.06,1793.155,1779.715,1782.765,38865
1639000800,"2021-12-08 22:00:00",1782.765,1787.67,1773.31,1775.31,36618
1639087200,"2021-12-09 22:00:00",1775.31,1789.534,1770.215,1782.87,39262
1639346400,"2021-12-12 22:00:00",1782.87,1791.656,1781.89,1786.705,27144
1639432800,"2021-12-13 22:00:00",1786.705,1789.545,1766.585,1770.526,36281
1639519200,"2021-12-14 22:00:00",1770.526,1780.935,1753.07,1777.22,55597
1639605600,"2021-12-15 22:00:00",1777.22,1799.686,1775.6,1799.226,40863
1639692000,"2021-12-16 22:00:00",1799.226,1814.305,1795.835,1798.16,34914
1639951200,"2021-12-19 22:00:00",1798.16,1804.175,1788.385,1790.62,30905
1640037600,"2021-12-20 22:00:00",1790.62,1800.51,1784.905,1788.955,30969
1640124000,"2021-12-21 22:00:00",1788.955,1805.05,1785.95,1803.59,23212
1640210400,"2021-12-22 22:00:00",1803.59,1810.744,1798.91,1808.47,22058
1640556000,"2021-12-26 22:00:00",1808.47,1813.515,1803.015,1812.075,20010
1640642400,"2021-12-27 22:00:00",1812.075,1820.305,1805.095,1806.06,22480
1640728800,"2021-12-28 22:00:00",1806.06,1807.756,1789.494,1804.12,28310
1640815200,"2021-12-29 22:00:00",1804.12,1817.196,1796.28,1814.76,24236
1640901600,"2021-12-30 22:00:00",1814.76,1830.385,1814.525,1828.775,26152
1641160800,"2022-01-02 22:00:00",1828.775,1831.835,1798.38,1801.19,36976
1641247200,"2022-01-03 22:00:00",1801.19,1816.81,1798.51,1814.5,36019
1641333600,"2022-01-04 22:00:00",1814.5,1829.63,1808.33,1810.31,38414
1641420000,"2022-01-05 22:00:00",1810.31,1811.58,1786.42,1790.85,49457
1641506400,"2022-01-06 22:00:00",1790.85,1798.705,1782.675,1796.58,44346
1641765600,"2022-01-09 22:00:00",1796.58,1802.37,1790.436,1801.78,34543
1641852000,"2022-01-10 22:00:00",1801.78,1823.35,1800.195,1821.63,33631
1641938400,"2022-01-11 22:00:00",1821.63,1828.095,1814.78,1826.255,33668
1642024800,"2022-01-12 22:00:00",1826.255,1828.18,1812.425,1822.86,30167
1642111200,"2022-01-13 22:00:00",1822.86,1829.21,1814.75,1817.93,37062
1642370400,"2022-01-16 22:00:00",1817.93,1823.21,1813.205,1819.33,13765
1642456800,"2022-01-17 22:00:00",1819.33,1822.796,1805.84,1813.82,45914
1642543200,"2022-01-18 22:00:00",1813.82,1843.375,1810.345,1840.635,36697
1642629600,"2022-01-19 22:00:00",1840.635,1847.946,1836,1839.475,36057
1642716000,"2022-01-20 22:00:00",1839.475,1843.245,1828.55,1834.65,40613
1642975200,"2022-01-23 22:00:00",1834.65,1844.376,1829.765,1843.086,45015
1643061600,"2022-01-24 22:00:00",1843.086,1853.885,1834.955,1848.02,39850
1643148000,"2022-01-25 22:00:00",1848.02,1850.115,1814.98,1819.38,57778
1643234400,"2022-01-26 22:00:00",1819.38,1822.18,1791.86,1796.985,56904
1643320800,"2022-01-27 22:00:00",1796.985,1799.44,1780.33,1791.655,50841
1643580000,"2022-01-30 22:00:00",1791.655,1799.88,1785.61,1797.166,36704
1643666400,"2022-01-31 22:00:00",1797.166,1808.79,1795.815,1801.005,40579
1643752800,"2022-02-01 22:00:00",1801.005,1811.026,1794.534,1806.85,33066
1643839200,"2022-02-02 22:00:00",1806.85,1809.03,1788.685,1804.9,48972
1643925600,"2022-02-03 22:00:00",1804.9,1814.95,1792.23,1807.97,50914
1644184800,"2022-02-06 22:00:00",1807.97,1823.59,1807.934,1820.395,33461
1644271200,"2022-02-07 22:00:00",1820.395,1828.805,1815.495,1826.11,25213
1644357600,"2022-02-08 22:00:00",1826.11,1835.845,1824.76,1833.195,24373
1644444000,"2022-02-09 22:00:00",1833.195,1841.965,1821.67,1826.725,58489
1644530400,"2022-02-10 22:00:00",1826.725,1865.465,1820.99,1858.98,71512
1644789600,"2022-02-13 22:00:00",1858.98,1874.19,1850.845,1871.66,349258
1644876000,"2022-02-14 22:00:00",1871.66,1879.55,1844.61,1853.655,340069
1644962400,"2022-02-15 22:00:00",1853.655,1872.6,1850.32,1869.49,202603
1645048800,"2022-02-16 22:00:00",1869.49,1901.16,1867.89,1898.205,461084
1645135200,"2022-02-17 22:00:00",1898.205,1902.545,1886.664,1897.295,268981
1645394400,"2022-02-20 22:00:00",1897.295,1908.325,1887.665,1904.035,233631
1645480800,"2022-02-21 22:00:00",1904.035,1914.32,1891.47,1898.405,451088
1645567200,"2022-02-22 22:00:00",1898.405,1910.5,1889.68,1909.075,187190
1645653600,"2022-02-23 22:00:00",1909.075,1974.485,1878.095,1904.015,1121977
1645740000,"2022-02-24 22:00:00",1904.015,1921.91,1882.995,1889.324,729861
1645999200,"2022-02-27 22:00:00",1889.324,1927.48,1889.324,1909.525,752341
1646085600,"2022-02-28 22:00:00",1909.525,1950.306,1901.47,1945.675,564070
1646172000,"2022-03-01 22:00:00",1945.675,1948.01,1913.75,1928.555,811982
1646258400,"2022-03-02 22:00:00",1928.555,1941.295,1922.11,1936.47,563967
1646344800,"2022-03-03 22:00:00",1936.47,1970.95,1929.715,1970.84,795158
1646604000,"2022-03-06 22:00:00",1970.84,2002.67,1961.075,1997.585,1363152
1646690400,"2022-03-07 22:00:00",1997.585,2070.63,1981.105,2050.05,1964988
1646776800,"2022-03-08 22:00:00",2050.05,2059.245,1976.16,1992.505,1387238
1646863200,"2022-03-09 22:00:00",1992.505,2009.225,1970.525,1996.255,1121466
1646949600,"2022-03-10 22:00:00",1996.255,1999.026,1958.68,1988.52,795274
1647205200,"2022-03-13 21:00:00",1988.52,1988.52,1949.744,1950.505,633804
1647291600,"2022-03-14 21:00:00",1950.505,1954.725,1907.086,1917.7,673770
1647378000,"2022-03-15 21:00:00",1917.7,1929.615,1895.065,1927.385,684951
1647464400,"2022-03-16 21:00:00",1927.385,1949.865,1923.39,1942.385,533866
1647550800,"2022-03-17 21:00:00",1942.385,1945.41,1918.01,1920.575,483917
1647810000,"2022-03-20 21:00:00",1920.575,1941.53,1918.026,1935.76,414236
1647896400,"2022-03-21 21:00:00",1935.76,1938.485,1910.73,1921.04,398972
1647982800,"2022-03-22 21:00:00",1921.04,1948.39,1915.64,1944.625,334068
1648069200,"2022-03-23 21:00:00",1944.625,1966.206,1937.505,1957.88,477015
1648155600,"2022-03-24 21:00:00",1957.88,1964.38,1943.195,1958.02,429097
1648414800,"2022-03-27 21:00:00",1958.02,1958.47,1917.13,1922.8,604841
1648501200,"2022-03-28 21:00:00",1922.8,1929.455,1890.155,1919.505,654088
1648587600,"2022-03-29 21:00:00",1919.505,1938.62,1916.01,1932.58,506347
1648674000,"2022-03-30 21:00:00",1932.58,1949.86,1919.27,1937.1,544834
1648760400,"2022-03-31 21:00:00",1937.1,1939.62,1918.1,1925,518202
1649019600,"2022-04-03 21:00:00",1925,1936.94,1915.57,1932.57,419187
1649106000,"2022-04-04 21:00:00",1932.57,1944.636,1917.955,1923.215,486174
1649192400,"2022-04-05 21:00:00",1923.215,1933.58,1915.08,1925.88,589475
1649278800,"2022-04-06 21:00:00",1925.88,1937.85,1920.625,1931.676,456541
1649365200,"2022-04-07 21:00:00",1931.676,1948.22,1927.775,1947.68,418384
1649624400,"2022-04-10 21:00:00",1947.68,1970.026,1940.035,1954.275,564221
1649710800,"2022-04-11 21:00:00",1954.275,1978.685,1949.755,1966.585,502077
1649797200,"2022-04-12 21:00:00",1966.585,1981.566,1962.955,1977.835,378469
1649883600,"2022-04-13 21:00:00",1977.835,1980.435,1960.6,1973.395,389689
1650229200,"2022-04-17 21:00:00",1973.395,1998.46,1972.086,1978.69,444584
1650315600,"2022-04-18 21:00:00",1978.69,1982.036,1943.66,1949.775,506889
1650402000,"2022-04-19 21:00:00",1949.775,1958.405,1939.404,1957.546,501208
1650488400,"2022-04-20 21:00:00",1957.546,1957.546,1936.824,1951.625,497522
1650574800,"2022-04-21 21:00:00",1951.625,1955.71,1926.636,1932.35,592528
1650834000,"2022-04-24 21:00:00",1932.35,1934.545,1891.56,1898.045,682858
1650920400,"2022-04-25 21:00:00",1898.045,1911.305,1895.79,1905.45,525801
1651006800,"2022-04-26 21:00:00",1905.45,1907.086,1881.395,1885.76,527301
1651093200,"2022-04-27 21:00:00",1885.76,1896.795,1872.215,1894.456,481872
1651179600,"2022-04-28 21:00:00",1894.456,1919.98,1892.595,1896.99,473791
1651438800,"2022-05-01 21:00:00",1896.99,1900.13,1854.48,1862.956,451116
1651525200,"2022-05-02 21:00:00",1862.956,1878.145,1850.47,1867.95,362298
1651611600,"2022-05-03 21:00:00",1867.95,1890.01,1861.48,1881.47,444754
1651698000,"2022-05-04 21:00:00",1881.47,1909.82,1872.545,1877.166,540814
1651784400,"2022-05-05 21:00:00",1877.166,1892.576,1866.145,1883.645,456885
1652043600,"2022-05-08 21:00:00",1883.645,1885.85,1851.78,1854.02,485854
1652130000,"2022-05-09 21:00:00",1854.02,1865.526,1835.53,1838.43,448041
1652216400,"2022-05-10 21:00:00",1838.43,1858.3,1832.075,1852.255,519812
1652302800,"2022-05-11 21:00:00",1852.255,1858.875,1821.395,1821.89,546452
1652389200,"2022-05-12 21:00:00",1821.89,1828.89,1799.16,1811.465,427074
1652648400,"2022-05-15 21:00:00",1811.465,1826.985,1786.785,1824.59,490369
1652734800,"2022-05-16 21:00:00",1824.59,1836.155,1812.91,1814.965,382301
1652821200,"2022-05-17 21:00:00",1814.965,1824.836,1807.315,1816.445,336983
1652907600,"2022-05-18 21:00:00",1816.445,1849.15,1810.905,1842.2,384523
1652994000,"2022-05-19 21:00:00",1842.2,1849.49,1832.405,1846.615,290138
1653253200,"2022-05-22 21:00:00",1846.615,1865.53,1843.54,1853.665,317377
1653339600,"2022-05-23 21:00:00",1853.665,1869.75,1849.37,1866.52,232483
1653426000,"2022-05-24 21:00:00",1866.52,1868.11,1841.605,1853.235,275388
1653512400,"2022-05-25 21:00:00",1853.235,1854.43,1840.756,1850.83,309994
1653598800,"2022-05-26 21:00:00",1850.83,1862.05,1848.055,1853.22,295218
1653858000,"2022-05-29 21:00:00",1853.22,1864.085,1847.84,1855.8,138793
1653944400,"2022-05-30 21:00:00",1855.8,1857.186,1835.2,1837.47,282487
1654030800,"2022-05-31 21:00:00",1837.47,1849.976,1828.54,1846.655,318499
1654117200,"2022-06-01 21:00:00",1846.655,1870.48,1844.15,1868.655,247484
1654203600,"2022-06-02 21:00:00",1868.655,1874.17,1847.375,1851.056,225588
1654462800,"2022-06-05 21:00:00",1851.056,1857.9,1840.665,1842.115,203298
1654549200,"2022-06-06 21:00:00",1842.115,1855.635,1837.065,1852.375,243976
1654635600,"2022-06-07 21:00:00",1852.375,1859.685,1844.59,1853.32,166273
1654722000,"2022-06-08 21:00:00",1853.32,1855.41,1840.1,1847.94,239684
1654808400,"2022-06-09 21:00:00",1847.94,1876.005,1825.14,1871.61,440405
1655067600,"2022-06-12 21:00:00",1871.61,1879.13,1819.105,1819.526,614995
1655154000,"2022-06-13 21:00:00",1819.526,1831.7,1805.205,1808.555,524034
1655240400,"2022-06-14 21:00:00",1808.555,1841.965,1807.605,1833.97,172846
1655326800,"2022-06-15 21:00:00",1833.97,1857.635,1815.66,1856.825,165276
1655413200,"2022-06-16 21:00:00",1856.825,1856.825,1833.905,1840.4,130668
1655672400,"2022-06-19 21:00:00",1840.4,1846.165,1834.86,1838.395,66273
1655758800,"2022-06-20 21:00:00",1838.395,1843.665,1828.635,1833.06,92300
1655845200,"2022-06-21 21:00:00",1833.06,1847.93,1823.455,1837.78,105353
1655931600,"2022-06-22 21:00:00",1837.78,1846.125,1822.605,1822.68,126193
1656018000,"2022-06-23 21:00:00",1822.68,1831.87,1816.98,1827.31,123769
1656277200,"2022-06-26 21:00:00",1827.31,1841.105,1820.85,1822.735,103953
1656363600,"2022-06-27 21:00:00",1822.735,1829.5,1818.485,1820.07,81846
1656450000,"2022-06-28 21:00:00",1820.07,1833.11,1812.095,1817.81,100593
1656536400,"2022-06-29 21:00:00",1817.81,1825.21,1802.775,1807.33,108081
1656622800,"2022-06-30 21:00:00",1807.33,1809.495,1784.575,1809.47,119053
1656882000,"2022-07-03 21:00:00",1809.47,1814.375,1804.02,1808.04,55467
1656968400,"2022-07-04 21:00:00",1808.04,1812.19,1763.925,1764.93,117208
1657054800,"2022-07-05 21:00:00",1764.93,1772.9,1732.34,1739.41,134547
1657141200,"2022-07-06 21:00:00",1739.41,1749.13,1736.58,1740.335,95705
1657227600,"2022-07-07 21:00:00",1740.335,1752.47,1729.985,1742.355,103543
1657486800,"2022-07-10 21:00:00",1742.355,1744.62,1731.325,1733.985,79685
1657573200,"2022-07-11 21:00:00",1733.985,1744.336,1723.27,1726.235,100499
1657659600,"2022-07-12 21:00:00",1726.235,1745.425,1707.16,1735.66,139818
1657746000,"2022-07-13 21:00:00",1735.66,1736.605,1697.64,1710.03,148089
1657832400,"2022-07-14 21:00:00",1710.03,1716.675,1699.12,1707.46,114463
1658091600,"2022-07-17 21:00:00",1707.46,1723.99,1706.095,1709.28,91273
1658178000,"2022-07-18 21:00:00",1709.28,1718.48,1705.445,1711.575,83423
1658264400,"2022-07-19 21:00:00",1711.575,1714.535,1692.475,1696.835,79234
1658350800,"2022-07-20 21:00:00",1696.835,1720.25,1680.935,1719.16,104791
1658437200,"2022-07-21 21:00:00",1719.16,1739.355,1712.96,1727.66,95148
1658696400,"2022-07-24 21:00:00",1727.66,1736.3,1714.8,1719.875,81598
1658782800,"2022-07-25 21:00:00",1719.875,1728.225,1713.705,1717.465,75610
1658869200,"2022-07-26 21:00:00",1717.465,1740.34,1711.56,1734.625,92012
1658955600,"2022-07-27 21:00:00",1734.625,1757.065,1734.185,1756.11,130871
1659042000,"2022-07-28 21:00:00",1756.11,1767.99,1752.415,1766.26,110236
1659301200,"2022-07-31 21:00:00",1766.26,1775.38,1758.405,1772.12,98885
1659387600,"2022-08-01 21:00:00",1772.12,1788.12,1760.515,1760.91,116469
1659474000,"2022-08-02 21:00:00",1760.91,1772.835,1754.35,1765.37,88720
1659560400,"2022-08-03 21:00:00",1765.37,1794.96,1763.335,1790.966,78513
1659646800,"2022-08-04 21:00:00",1790.966,1794.945,1765.05,1775.8,97224
1659906000,"2022-08-07 21:00:00",1775.8,1790.045,1771.22,1789.24,75301
1659992400,"2022-08-08 21:00:00",1789.24,1800.47,1783.31,1794.4,70681
1660078800,"2022-08-09 21:00:00",1794.4,1807.96,1787.606,1792.285,98223
1660165200,"2022-08-10 21:00:00",1792.285,1799.42,1783.59,1789.505,89468
1660251600,"2022-08-11 21:00:00",1789.505,1802.18,1784.965,1802.025,78677
1660510800,"2022-08-14 21:00:00",1802.025,1802.375,1773.055,1779.56,82034
1660597200,"2022-08-15 21:00:00",1779.56,1783.195,1771.52,1775.825,69076
1660683600,"2022-08-16 21:00:00",1775.825,1782.4,1759.86,1762.24,92091
1660770000,"2022-08-17 21:00:00",1762.24,1772.465,1755.49,1758.42,85226
1660856400,"2022-08-18 21:00:00",1758.42,1759.355,1745.585,1747.5,77294
1661115600,"2022-08-21 21:00:00",1747.5,1749.09,1727.85,1735.88,89142
1661202000,"2022-08-22 21:00:00",1735.88,1754.11,1730.9,1747.98,90678
1661288400,"2022-08-23 21:00:00",1747.98,1755.94,1742.515,1751.485,85457
1661374800,"2022-08-24 21:00:00",1751.485,1765.575,1749.995,1758.43,82790
1661461200,"2022-08-25 21:00:00",1758.43,1758.835,1734.265,1738.05,107052
1661720400,"2022-08-28 21:00:00",1738.05,1745.555,1720.405,1737.535,92986
1661806800,"2022-08-29 21:00:00",1737.535,1740.61,1721.215,1724.355,90849
1661893200,"2022-08-30 21:00:00",1724.355,1726.595,1709.675,1711.04,102679
1661979600,"2022-08-31 21:00:00",1711.04,1711.47,1688.915,1697.33,109977
1662066000,"2022-09-01 21:00:00",1697.33,1718.015,1695.07,1712.665,72579
1662325200,"2022-09-04 21:00:00",1712.665,1715.84,1707.795,1710.155,46672
1662411600,"2022-09-05 21:00:00",1710.155,1726.795,1699.88,1701.86,96042
1662498000,"2022-09-06 21:00:00",1701.86,1719.505,1691.46,1718.445,84540
1662584400,"2022-09-07 21:00:00",1718.445,1728.235,1704,1708.74,111952
1662670800,"2022-09-08 21:00:00",1708.74,1729.566,1708.595,1717.235,87321
1662930000,"2022-09-11 21:00:00",1717.235,1735.18,1712.04,1724.635,86525
1663016400,"2022-09-12 21:00:00",1724.635,1731.835,1697.115,1702.435,100612
1663102800,"2022-09-13 21:00:00",1702.435,1707.15,1693.67,1697.47,100890
1663189200,"2022-09-14 21:00:00",1697.47,1698.32,1660.435,1664.41,99707
1663275600,"2022-09-15 21:00:00",1664.41,1680.44,1654.19,1675.505,93957
1663534800,"2022-09-18 21:00:00",1675.505,1680.015,1659.75,1675.7,70055
1663621200,"2022-09-19 21:00:00",1675.7,1679.495,1660.03,1664.845,71504
1663707600,"2022-09-20 21:00:00",1664.845,1688.125,1653.87,1673.8,119812
1663794000,"2022-09-21 21:00:00",1673.8,1684.95,1655.715,1671.335,165919
1663880400,"2022-09-22 21:00:00",1671.335,1675.915,1639.745,1643.925,135455
1664139600,"2022-09-25 21:00:00",1643.925,1649.84,1621.205,1622.845,168541
1664226000,"2022-09-26 21:00:00",1622.845,1642.51,1622.845,1629.49,129013
1664312400,"2022-09-27 21:00:00",1629.49,1662.785,1614.925,1659.995,174988
1664398800,"2022-09-28 21:00:00",1659.995,1664.895,1641.575,1660.85,142394
1664485200,"2022-09-29 21:00:00",1660.85,1675.43,1659.32,1660.95,145095
1664744400,"2022-10-02 21:00:00",1660.95,1701.53,1659.695,1699.795,138190
1664830800,"2022-10-03 21:00:00",1699.795,1729.59,1695.24,1726.465,131946
1664917200,"2022-10-04 21:00:00",1726.465,1727.84,1700.59,1716.445,123662
1665003600,"2022-10-05 21:00:00",1716.445,1725.6,1706.955,1712.74,120952
1665090000,"2022-10-06 21:00:00",1712.74,1714.85,1690.695,1695,127040
1665349200,"2022-10-09 21:00:00",1695,1699.915,1665.77,1668.25,95519
1665435600,"2022-10-10 21:00:00",1668.25,1684.04,1661.03,1666.215,127343
1665522000,"2022-10-11 21:00:00",1666.215,1678.37,1661.47,1673.205,130410
1665608400,"2022-10-12 21:00:00",1673.205,1682.495,1642.465,1666.135,128124
1665694800,"2022-10-13 21:00:00",1666.135,1671.825,1640.27,1644.45,121730
1665954000,"2022-10-16 21:00:00",1644.45,1668.53,1644.17,1650.76,87442
1666040400,"2022-10-17 21:00:00",1650.76,1660.936,1645.915,1652.075,109812
1666126800,"2022-10-18 21:00:00",1652.075,1654.475,1627.725,1628.98,91501
1666213200,"2022-10-19 21:00:00",1628.98,1645.675,1622.545,1628.215,90333
1666299600,"2022-10-20 21:00:00",1628.215,1657.955,1617.28,1657.62,139942
1666558800,"2022-10-23 21:00:00",1657.62,1670.785,1644.005,1649.59,117018
1666645200,"2022-10-24 21:00:00",1649.59,1662.445,1638.355,1653,80026
1666731600,"2022-10-25 21:00:00",1653,1675.005,1649.82,1665.215,85264
1666818000,"2022-10-26 21:00:00",1665.215,1670.845,1654.89,1663.395,101127
1666904400,"2022-10-27 21:00:00",1663.395,1667.11,1638.12,1644.385,96069
1667163600,"2022-10-30 21:00:00",1644.385,1645.74,1631.805,1633.69,53632
1667250000,"2022-10-31 21:00:00",1633.69,1657.06,1630.795,1647.945,82792
1667336400,"2022-11-01 21:00:00",1647.945,1669.535,1634.785,1635.305,94156
1667422800,"2022-11-02 21:00:00",1635.305,1641.03,1616.675,1629.555,84142
1667509200,"2022-11-03 21:00:00",1629.555,1681.755,1628.735,1680.915,100030
1667772000,"2022-11-06 22:00:00",1680.915,1681.945,1666.94,1675.435,68483
1667858400,"2022-11-07 22:00:00",1675.435,1716.97,1664.76,1712.585,79690
1667944800,"2022-11-08 22:00:00",1712.585,1722.345,1702.255,1706.625,101162
1668031200,"2022-11-09 22:00:00",1706.625,1757.32,1703.96,1755.655,104778
1668117600,"2022-11-10 22:00:00",1755.655,1772.935,1747.31,1771.295,110776
1668376800,"2022-11-13 22:00:00",1771.295,1775.09,1753.315,1771.495,88282
1668463200,"2022-11-14 22:00:00",1771.495,1786.545,1767.13,1778.28,127162
1668549600,"2022-11-15 22:00:00",1778.28,1785.095,1770.385,1773.71,94214
1668636000,"2022-11-16 22:00:00",1773.71,1774.885,1754.51,1760.57,86275
1668722400,"2022-11-17 22:00:00",1760.57,1767.735,1747.555,1750.87,67706
1668981600,"2022-11-20 22:00:00",1750.87,1753.065,1732.595,1738.185,51600
1669068000,"2022-11-21 22:00:00",1738.185,1749.795,1737.095,1740,40745
1669154400,"2022-11-22 22:00:00",1740,1753.465,1727.495,1749.6,60716
1669240800,"2022-11-23 22:00:00",1749.6,1758.705,1749.335,1755.79,37717
1669327200,"2022-11-24 22:00:00",1755.79,1761.155,1746.02,1753.555,40047
1669586400,"2022-11-27 22:00:00",1753.555,1763.775,1739.675,1741.785,57996
1669672800,"2022-11-28 22:00:00",1741.785,1759.035,1740.24,1749.575,51669
1669759200,"2022-11-29 22:00:00",1749.575,1770.01,1744.95,1768.235,69923
1669845600,"2022-11-30 22:00:00",1768.235,1804.115,1768.235,1803.04,76259
1669932000,"2022-12-01 22:00:00",1803.04,1804.63,1778.545,1797.75,70891
1670191200,"2022-12-04 22:00:00",1797.75,1810.01,1765.91,1768.825,66549
1670277600,"2022-12-05 22:00:00",1768.825,1780.92,1767.365,1771.005,48533
1670364000,"2022-12-06 22:00:00",1771.005,1790.585,1768.825,1786.145,57478
1670450400,"2022-12-07 22:00:00",1786.145,1794.885,1781.49,1789.095,48402
1670536800,"2022-12-08 22:00:00",1789.095,1806.16,1788.54,1797.46,59735
1670796000,"2022-12-11 22:00:00",1797.46,1797.46,1777.685,1781.41,40487
1670882400,"2022-12-12 22:00:00",1781.41,1824.515,1781.025,1810.77,75705
1670968800,"2022-12-13 22:00:00",1810.77,1814.265,1795.495,1807.44,79335
1671055200,"2022-12-14 22:00:00",1807.44,1808.7,1773.845,1776.875,77722
1671141600,"2022-12-15 22:00:00",1776.875,1794.3,1774.365,1793.155,55133
1671400800,"2022-12-18 22:00:00",1793.155,1798.775,1783.905,1787.715,42917
1671487200,"2022-12-19 22:00:00",1787.715,1821.14,1784.695,1817.89,83849
1671573600,"2022-12-20 22:00:00",1817.89,1823.865,1811.925,1814.64,47261
1671660000,"2022-12-21 22:00:00",1814.64,1820.46,1784.85,1792.63,56279
1671746400,"2022-12-22 22:00:00",1792.63,1803.24,1791.25,1798.425,53125
1672092000,"2022-12-26 22:00:00",1798.425,1833.445,1798.425,1813.91,54855
1672178400,"2022-12-27 22:00:00",1813.91,1814.645,1797.1,1804.3,53633
1672264800,"2022-12-28 22:00:00",1804.3,1820.205,1804.18,1814.985,47045
1672351200,"2022-12-29 22:00:00",1814.985,1826.14,1813.4,1823.79,74918
1672696800,"2023-01-02 22:00:00",1823.79,1849.99,1823.79,1839.7,100770
1672783200,"2023-01-03 22:00:00",1839.7,1865.215,1836.24,1854.65,76233
1672869600,"2023-01-04 22:00:00",1854.65,1858.995,1825.13,1832.7,66836
1672956000,"2023-01-05 22:00:00",1832.7,1869.92,1831.42,1866.11,77133
1673215200,"2023-01-08 22:00:00",1866.11,1881.55,1866.11,1871.705,60521
1673301600,"2023-01-09 22:00:00",1871.705,1880.795,1867.93,1876.99,60283
1673388000,"2023-01-10 22:00:00",1876.99,1886.695,1867.22,1875.965,65959
1673474400,"2023-01-11 22:00:00",1875.965,1901.705,1870.3,1896.785,86288
1673560800,"2023-01-12 22:00:00",1896.785,1921.91,1892.395,1920.315,66075
1673820000,"2023-01-15 22:00:00",1920.315,1929.06,1910.915,1916.01,42380
1673906400,"2023-01-16 22:00:00",1916.01,1919.095,1903.81,1908.71,58969
1673992800,"2023-01-17 22:00:00",1908.71,1925.945,1896.675,1904.51,79921
1674079200,"2023-01-18 22:00:00",1904.51,1935.21,1901.035,1932.26,59576
1674165600,"2023-01-19 22:00:00",1932.26,1937.58,1920.72,1926.06,60306
1674424800,"2023-01-22 22:00:00",1926.06,1935.59,1911.435,1931.34,58426
1674511200,"2023-01-23 22:00:00",1931.34,1942.555,1917.22,1937.315,48239
1674597600,"2023-01-24 22:00:00",1937.315,1948.1,1919.945,1946.325,66017
1674684000,"2023-01-25 22:00:00",1946.325,1949.26,1918.695,1929.215,69317
1674770400,"2023-01-26 22:00:00",1929.215,1935.05,1916.745,1927.73,54335
1675029600,"2023-01-29 22:00:00",1927.73,1934.565,1920.745,1923.2,44861
1675116000,"2023-01-30 22:00:00",1923.2,1931.19,1900.87,1928.235,58763
1675202400,"2023-01-31 22:00:00",1928.235,1954.645,1920.58,1950.145,83262
1675288800,"2023-02-01 22:00:00",1950.145,1959.77,1911.375,1912.69,85620
1675375200,"2023-02-02 22:00:00",1912.69,1918.65,1861.43,1865.695,97515
1675634400,"2023-02-05 22:00:00",1865.695,1881.405,1862.13,1867.695,62641
1675720800,"2023-02-06 22:00:00",1867.695,1884.41,1865.05,1871.885,80008
1675807200,"2023-02-07 22:00:00",1871.885,1886.515,1869.16,1875.55,58339
1675893600,"2023-02-08 22:00:00",1875.55,1890.25,1858.975,1861.78,59722
1675980000,"2023-02-09 22:00:00",1861.78,1872.21,1852.835,1865.35,66271
1676239200,"2023-02-12 22:00:00",1865.35,1866.64,1850.525,1853.74,43393
1676325600,"2023-02-13 22:00:00",1853.74,1870.8,1843.26,1854.435,97140
1676412000,"2023-02-14 22:00:00",1854.435,1860.19,1830.62,1836.005,67909
1676498400,"2023-02-15 22:00:00",1836.005,1845.32,1827.665,1836.52,60769
1676584800,"2023-02-16 22:00:00",1836.52,1843.685,1818.975,1842.565,57762
1676844000,"2023-02-19 22:00:00",1842.565,1847.57,1837.36,1843.76,29521
1676930400,"2023-02-20 22:00:00",1843.76,1843.905,1830.29,1834.915,51231
1677016800,"2023-02-21 22:00:00",1834.915,1846.07,1823.56,1825.305,51795
1677103200,"2023-02-22 22:00:00",1825.305,1833.9,1817.55,1822.3,51711
1677189600,"2023-02-23 22:00:00",1822.3,1827.885,1809.01,1810.985,65299
1677448800,"2023-02-26 22:00:00",1810.985,1820.2,1806.705,1817.25,42639
1677535200,"2023-02-27 22:00:00",1817.25,1831.175,1804.685,1826.67,42265
1677621600,"2023-02-28 22:00:00",1826.67,1844.83,1823.15,1836.65,49931
1677708000,"2023-03-01 22:00:00",1836.65,1839.03,1830.05,1835.94,41289
1677794400,"2023-03-02 22:00:00",1835.94,1856.39,1835.94,1855.435,37695
1678053600,"2023-03-05 22:00:00",1855.435,1858.31,1845.225,1846.88,31455
1678140000,"2023-03-06 22:00:00",1846.88,1851.705,1812.775,1813.34,44746
1678226400,"2023-03-07 22:00:00",1813.34,1824.305,1809.425,1813.83,38988
1678312800,"2023-03-08 22:00:00",1813.83,1835.725,1811.985,1830.915,35709
1678399200,"2023-03-09 22:00:00",1830.915,1870.245,1827.815,1867.035,70998
1678654800,"2023-03-12 21:00:00",1867.035,1914.695,1867.035,1913.63,131040
1678741200,"2023-03-13 21:00:00",1913.63,1914.225,1895.435,1903.865,83404
1678827600,"2023-03-14 21:00:00",1903.865,1937.39,1885.79,1918.73,131026
1678914000,"2023-03-15 21:00:00",1918.73,1933.54,1907.56,1919.34,93255
1679000400,"2023-03-16 21:00:00",1919.34,1988.335,1918.305,1988.305,95813
1679259600,"2023-03-19 21:00:00",1988.305,2009.85,1965.99,1978.975,138288
1679346000,"2023-03-20 21:00:00",1978.975,1985.22,1935.465,1940.52,80572
1679432400,"2023-03-21 21:00:00",1940.52,1978.915,1934.345,1970.015,95641
1679518800,"2023-03-22 21:00:00",1970.015,2003.36,1964.615,1993.495,90866
1679605200,"2023-03-23 21:00:00",1993.495,2003.08,1975.325,1978.965,104846
1679864400,"2023-03-26 21:00:00",1978.965,1978.965,1944.045,1956.45,67400
1679950800,"2023-03-27 21:00:00",1956.45,1975.365,1949.245,1974.035,51915
1680037200,"2023-03-28 21:00:00",1974.035,1974.46,1958.755,1964.505,42937
1680123600,"2023-03-29 21:00:00",1964.505,1984.365,1955.41,1980.425,44014
1680210000,"2023-03-30 21:00:00",1980.425,1987.645,1966.935,1969.31,45696
1680469200,"2023-04-02 21:00:00",1969.31,1990.545,1949.81,1984.385,66546
1680555600,"2023-04-03 21:00:00",1984.385,2025.07,1977.035,2020.465,52318
1680642000,"2023-04-04 21:00:00",2020.465,2032.11,2010.09,2020.65,50955
1680728400,"2023-04-05 21:00:00",2020.65,2021.485,2000.89,2007.86,49143
1681074000,"2023-04-09 21:00:00",2007.86,2007.86,1981.68,1991.195,66635
1681160400,"2023-04-10 21:00:00",1991.195,2007.495,1988.875,2003.64,40748
1681246800,"2023-04-11 21:00:00",2003.64,2028.4,2001.22,2014.95,66829
1681333200,"2023-04-12 21:00:00",2014.95,2048.77,2014.175,2040.46,54462
1681419600,"2023-04-13 21:00:00",2040.46,2047.505,1992.5,2004.275,71842
1681678800,"2023-04-16 21:00:00",2004.275,2015.075,1981.19,1995.055,61121
1681765200,"2023-04-17 21:00:00",1995.055,2011.89,1991.32,2005.075,49962
1681851600,"2023-04-18 21:00:00",2005.075,2008.255,1969.305,1994.75,51668
1681938000,"2023-04-19 21:00:00",1994.75,2012.445,1990.565,2004.605,54408
1682024400,"2023-04-20 21:00:00",2004.605,2005.62,1971.695,1982.92,68455
1682283600,"2023-04-23 21:00:00",1982.92,1990.845,1974.155,1989.05,52264
1682370000,"2023-04-24 21:00:00",1989.05,2003.89,1976.185,1997.04,83782
1682456400,"2023-04-25 21:00:00",1997.04,2009.45,1983.375,1989.235,102567
1682542800,"2023-04-26 21:00:00",1989.235,2003.415,1974.115,1987.8,90833
1682629200,"2023-04-27 21:00:00",1987.8,1995.14,1976.265,1989.535,91849
1682888400,"2023-04-30 21:00:00",1989.535,2006.07,1977.12,1982.55,92283
1682974800,"2023-05-01 21:00:00",1982.55,2019.455,1978.52,2016.6,81795
1683061200,"2023-05-02 21:00:00",2016.6,2040.495,2008.025,2039.565,88496
1683147600,"2023-05-03 21:00:00",2039.565,2067,2030.39,2050.31,158198
1683234000,"2023-05-04 21:00:00",2050.31,2053.045,1999.585,2016.79,99893
1683493200,"2023-05-07 21:00:00",2016.79,2029.4,2014.305,2021.355,57904
1683579600,"2023-05-08 21:00:00",2021.355,2037.655,2019.55,2034.535,63973
1683666000,"2023-05-09 21:00:00",2034.535,2048.245,2021.565,2029.74,90192
1683752400,"2023-05-10 21:00:00",2029.74,2041.39,2011.185,2015.03,112821
1683838800,"2023-05-11 21:00:00",2015.03,2022.58,2000.96,2011.025,98231
1684098000,"2023-05-14 21:00:00",2011.025,2022.115,2007.845,2016.365,70894
1684184400,"2023-05-15 21:00:00",2016.365,2018.39,1985.53,1988.885,90207
1684270800,"2023-05-16 21:00:00",1988.885,1993.12,1975.095,1982.01,67870
1684357200,"2023-05-17 21:00:00",1982.01,1986.07,1952.01,1957.685,95953
1684443600,"2023-05-18 21:00:00",1957.685,1984.325,1954.13,1977.895,106304
1684702800,"2023-05-21 21:00:00",1977.895,1982.67,1968.905,1971.72,72635
1684789200,"2023-05-22 21:00:00",1971.72,1977.805,1954.3,1975.115,77592
1684875600,"2023-05-23 21:00:00",1975.115,1985.39,1956.77,1957.225,78959
1684962000,"2023-05-24 21:00:00",1957.225,1964.785,1938.915,1940.595,71543
1685048400,"2023-05-25 21:00:00",1940.595,1957.36,1936.815,1946.93,70979
1685307600,"2023-05-28 21:00:00",1946.93,1949.77,1940.385,1943.12,37313
1685394000,"2023-05-29 21:00:00",1943.12,1963.55,1932.11,1959.48,75804
1685480400,"2023-05-30 21:00:00",1959.48,1974.835,1953.7,1962.615,69234
1685566800,"2023-05-31 21:00:00",1962.615,1983.18,1953.445,1977.54,66617
1685653200,"2023-06-01 21:00:00",1977.54,1983.505,1947.68,1948.1,62360
1685912400,"2023-06-04 21:00:00",1948.1,1964.055,1938.15,1961.7,57157
1685998800,"2023-06-05 21:00:00",1961.7,1966.385,1954.395,1963.285,49756
1686085200,"2023-06-06 21:00:00",1963.285,1970.22,1939.955,1940.01,51978
1686171600,"2023-06-07 21:00:00",1940.01,1970.54,1940.01,1965.47,50107
1686258000,"2023-06-08 21:00:00",1965.47,1973.16,1956.665,1960.745,50155
1686517200,"2023-06-11 21:00:00",1960.745,1967.015,1949.28,1957.605,68616
1686603600,"2023-06-12 21:00:00",1957.605,1971.21,1940.095,1943.6,78621
1686690000,"2023-06-13 21:00:00",1943.6,1960.31,1939.755,1941.255,74771
1686776400,"2023-06-14 21:00:00",1941.255,1960.31,1925.04,1958.005,86479
1686862800,"2023-06-15 21:00:00",1958.005,1967.92,1953.32,1957.555,50018
1687122000,"2023-06-18 21:00:00",1957.555,1958.81,1947.84,1950.42,41354
1687208400,"2023-06-19 21:00:00",1950.42,1956.84,1929.82,1936.255,77044
1687294800,"2023-06-20 21:00:00",1936.255,1939.575,1919.245,1932.51,58919
1687381200,"2023-06-21 21:00:00",1932.51,1935.005,1912.465,1913.835,67665
1687467600,"2023-06-22 21:00:00",1913.835,1937.305,1910.21,1921.265,64345
1687726800,"2023-06-25 21:00:00",1921.265,1933.395,1921.265,1923.15,48009
1687813200,"2023-06-26 21:00:00",1923.15,1930.73,1910.89,1913.68,63008
1687899600,"2023-06-27 21:00:00",1913.68,1917.285,1902.87,1907.535,61344
1687986000,"2023-06-28 21:00:00",1907.535,1913.18,1893.07,1908.065,80916
1688072400,"2023-06-29 21:00:00",1908.065,1922.78,1900.605,1919.525,71833
1688331600,"2023-07-02 21:00:00",1919.525,1931.085,1910.08,1921.525,58322
1688418000,"2023-07-03 21:00:00",1921.525,1930.765,1920.005,1925.875,37517
1688504400,"2023-07-04 21:00:00",1925.875,1935.05,1914.855,1915.12,64898
1688590800,"2023-07-05 21:00:00",1915.12,1927.665,1902.745,1910.975,88195
1688677200,"2023-07-06 21:00:00",1910.975,1934.935,1909.62,1925.565,94162
1688936400,"2023-07-09 21:00:00",1925.565,1928.28,1912.75,1925.44,70937
1689022800,"2023-07-10 21:00:00",1925.44,1938.495,1924.42,1932.505,71828
1689109200,"2023-07-11 21:00:00",1932.505,1959.75,1932.315,1957.54,75985
1689195600,"2023-07-12 21:00:00",1957.54,1963.735,1952.47,1960.64,77345
1689282000,"2023-07-13 21:00:00",1960.64,1963.795,1950.99,1955.435,172146
1689541200,"2023-07-16 21:00:00",1955.435,1959.91,1945.84,1954.98,141677
1689627600,"2023-07-17 21:00:00",1954.98,1984.425,1954.65,1978.92,180348
1689714000,"2023-07-18 21:00:00",1978.92,1980.995,1969.81,1977.15,160240
1689800400,"2023-07-19 21:00:00",1977.15,1987.53,1965.39,1969.55,168774
1689886800,"2023-07-20 21:00:00",1969.55,1973.85,1956.905,1961.95,144222
1690146000,"2023-07-23 21:00:00",1961.95,1967.905,1953.475,1954.715,147897
1690232400,"2023-07-24 21:00:00",1954.715,1965.72,1952.005,1964.745,121634
1690318800,"2023-07-25 21:00:00",1964.745,1978.405,1962.065,1972.24,170682
1690405200,"2023-07-26 21:00:00",1972.24,1982.265,1942.645,1945.15,189868
1690491600,"2023-07-27 21:00:00",1945.15,1963.575,1945.15,1959.34,176345
1690750800,"2023-07-30 21:00:00",1959.34,1972.455,1950.206,1965.615,139132
1690837200,"2023-07-31 21:00:00",1965.615,1966.015,1941.29,1944.2,136205
1690923600,"2023-08-01 21:00:00",1944.2,1954.88,1933.036,1934.71,162768
1691010000,"2023-08-02 21:00:00",1934.71,1938.94,1929.61,1934.225,140159
1691096400,"2023-08-03 21:00:00",1934.225,1946.99,1924.78,1942.655,156902
1691355600,"2023-08-06 21:00:00",1942.655,1946.815,1931.525,1936.585,112919
1691442000,"2023-08-07 21:00:00",1936.585,1938.155,1922.795,1925.16,139132
1691528400,"2023-08-08 21:00:00",1925.16,1932.395,1914.125,1914.95,123977
1691614800,"2023-08-09 21:00:00",1914.95,1930.18,1912.245,1912.42,155508
1691701200,"2023-08-10 21:00:00",1912.42,1920.97,1910.9,1913.815,132068
1691960400,"2023-08-13 21:00:00",1913.815,1916.26,1902.73,1907.505,130484
1692046800,"2023-08-14 21:00:00",1907.505,1911.71,1896.455,1901.82,163154
1692133200,"2023-08-15 21:00:00",1901.82,1907.275,1891.875,1892.09,142099
1692219600,"2023-08-16 21:00:00",1892.09,1903.515,1885.085,1889.25,144196
1692306000,"2023-08-17 21:00:00",1889.25,1896.905,1886.81,1889.545,106517
1692565200,"2023-08-20 21:00:00",1889.545,1898.825,1884.885,1894.895,119196
1692651600,"2023-08-21 21:00:00",1894.895,1904.55,1889.195,1897.675,112446
1692738000,"2023-08-22 21:00:00",1897.675,1920.425,1897.67,1915.41,126671
1692824400,"2023-08-23 21:00:00",1915.41,1923.4,1911.845,1916.79,118277
1692910800,"2023-08-24 21:00:00",1916.79,1922.44,1903.81,1914.425,119559
1693170000,"2023-08-27 21:00:00",1914.425,1926.1,1912.835,1920.19,81907
1693256400,"2023-08-28 21:00:00",1920.19,1938.235,1914.485,1937.435,123990
1693342800,"2023-08-29 21:00:00",1937.435,1949.115,1934.995,1942.425,126012
1693429200,"2023-08-30 21:00:00",1942.425,1947.955,1939.085,1939.855,115474
1693515600,"2023-08-31 21:00:00",1939.855,1953.055,1934.47,1939.9,147208
1693774800,"2023-09-03 21:00:00",1939.9,1946.335,1936.805,1938.455,59944
1693861200,"2023-09-04 21:00:00",1938.455,1939.035,1925.37,1926.01,120681
1693947600,"2023-09-05 21:00:00",1926.01,1929.245,1915.345,1916.49,126647
1694034000,"2023-09-06 21:00:00",1916.49,1923.67,1916.27,1919.66,107298
1694120400,"2023-09-07 21:00:00",1919.66,1929.75,1917.385,1919.085,106884
1694379600,"2023-09-10 21:00:00",1919.085,1930.78,1916.63,1922.38,115630
1694466000,"2023-09-11 21:00:00",1922.38,1924.555,1907.62,1913.43,122013
1694552400,"2023-09-12 21:00:00",1913.43,1915.815,1905.695,1908.32,136390
1694638800,"2023-09-13 21:00:00",1908.32,1912.97,1901.05,1910.72,154648
1694725200,"2023-09-14 21:00:00",1910.72,1930.475,1909.865,1923.92,135779
1694984400,"2023-09-17 21:00:00",1923.92,1934.29,1922.65,1933.695,106931
1695070800,"2023-09-18 21:00:00",1933.695,1937.43,1929.8,1931.36,93077
1695157200,"2023-09-19 21:00:00",1931.36,1947.465,1927.995,1930.62,137976
1695243600,"2023-09-20 21:00:00",1930.62,1931.685,1913.94,1920.085,145251
1695330000,"2023-09-21 21:00:00",1920.085,1929.15,1919.855,1925.43,107780
1695589200,"2023-09-24 21:00:00",1925.43,1927.245,1915.23,1916.015,87032
1695675600,"2023-09-25 21:00:00",1916.015,1916.84,1899.155,1900.67,95895
1695762000,"2023-09-26 21:00:00",1900.67,1903.97,1872.58,1874.835,111312
1695848400,"2023-09-27 21:00:00",1874.835,1879.685,1857.71,1864.795,137250
1695934800,"2023-09-28 21:00:00",1864.795,1879.89,1846.335,1848.82,136620
1696194000,"2023-10-01 21:00:00",1848.82,1848.995,1827.225,1827.89,135971
1696280400,"2023-10-02 21:00:00",1827.89,1833.425,1815.32,1822.905,170346
1696366800,"2023-10-03 21:00:00",1822.905,1830.675,1816.64,1821.315,168620
1696453200,"2023-10-04 21:00:00",1821.315,1829.225,1813.03,1820.3,139390
1696539600,"2023-10-05 21:00:00",1820.3,1834.92,1810.465,1832.035,163231
1696798800,"2023-10-08 21:00:00",1832.035,1863.55,1832.035,1861.405,129869
1696885200,"2023-10-09 21:00:00",1861.405,1865.46,1853.045,1860.46,146970
1696971600,"2023-10-10 21:00:00",1860.46,1877.27,1858.68,1874.055,144528
1697058000,"2023-10-11 21:00:00",1874.055,1885.16,1867.965,1868.835,136922
1697144400,"2023-10-12 21:00:00",1868.835,1932.93,1868.835,1932.365,168457
1697403600,"2023-10-15 21:00:00",1932.365,1932.365,1908.235,1920.165,139850
1697490000,"2023-10-16 21:00:00",1920.165,1931.635,1912.46,1923.23,141226
1697576400,"2023-10-17 21:00:00",1923.23,1962.675,1923.23,1947.815,157102
1697662800,"2023-10-18 21:00:00",1947.815,1977.74,1945.28,1974.075,173056
1697749200,"2023-10-19 21:00:00",1974.075,1997.26,1972.06,1980.9,166852
1698008400,"2023-10-22 21:00:00",1980.9,1982.875,1964.425,1972.84,143569
1698094800,"2023-10-23 21:00:00",1972.84,1980.9,1953.635,1971.025,142340
1698181200,"2023-10-24 21:00:00",1971.025,1987.31,1963.035,1979.96,131904
1698267600,"2023-10-25 21:00:00",1979.96,1993.545,1971.89,1984.95,144881
1698354000,"2023-10-26 21:00:00",1984.95,2009.565,1976.92,2006.02,144236
1698613200,"2023-10-29 21:00:00",2006.02,2006.845,1990.97,1996.26,144378
1698699600,"2023-10-30 21:00:00",1996.26,2007.99,1978.9,1983.9,143884
1698786000,"2023-10-31 21:00:00",1983.9,1992.085,1969.91,1982.355,140725
1698872400,"2023-11-01 21:00:00",1982.355,1991.06,1978.915,1985.91,111564
1698958800,"2023-11-02 21:00:00",1985.91,2004.1,1983.34,1992.59,136271
1699221600,"2023-11-05 22:00:00",1992.59,1993.145,1977.47,1977.975,97762
1699308000,"2023-11-06 22:00:00",1977.975,1978.36,1956.76,1969.3,118419
1699394400,"2023-11-07 22:00:00",1969.3,1971.1,1947.48,1950.28,106175
1699480800,"2023-11-08 22:00:00",1950.28,1965.7,1944.725,1958.26,126934
1699567200,"2023-11-09 22:00:00",1958.26,1960.835,1933.03,1938.385,112619
1699826400,"2023-11-12 22:00:00",1938.385,1949.21,1931.685,1946.155,103756
1699912800,"2023-11-13 22:00:00",1946.155,1971.05,1941.535,1963.175,120062
1699999200,"2023-11-14 22:00:00",1963.175,1975.425,1955.49,1959.545,126171
1700085600,"2023-11-15 22:00:00",1959.545,1988,1956.545,1981.39,123442
1700172000,"2023-11-16 22:00:00",1981.39,1993.49,1978.635,1980.73,111880
1700431200,"2023-11-19 22:00:00",1980.73,1985.25,1965.495,1977.845,136595
1700517600,"2023-11-20 22:00:00",1977.845,2007.65,1977.845,1998.525,152053
1700604000,"2023-11-21 22:00:00",1998.525,2006.455,1986.965,1989.885,130487
1700690400,"2023-11-22 22:00:00",1989.885,1998.57,1989.825,1992.89,64022
1700776800,"2023-11-23 22:00:00",1992.89,2003.66,1991.49,2002.495,92852
1701036000,"2023-11-26 22:00:00",2002.495,2018.325,2000.67,2014.175,131259
1701122400,"2023-11-27 22:00:00",2014.175,2043.11,2011.685,2040.97,109185
1701208800,"2023-11-28 22:00:00",2040.97,2052.06,2035.32,2044.32,179760
1701295200,"2023-11-29 22:00:00",2044.32,2047.235,2031.53,2036.165,151321
1701381600,"2023-11-30 22:00:00",2036.165,2075.43,2033.94,2071.88,171997
1701640800,"2023-12-03 22:00:00",2071.88,2148.99,2020.135,2029,243946
1701727200,"2023-12-04 22:00:00",2029,2041.3,2009.936,2019.345,183183
1701813600,"2023-12-05 22:00:00",2019.345,2035.97,2017.29,2025.475,152499
1701900000,"2023-12-06 22:00:00",2025.475,2039.975,2020.235,2028.515,169648
1701986400,"2023-12-07 22:00:00",2028.515,2034.065,1994.74,2004.44,200139
1702245600,"2023-12-10 22:00:00",2004.44,2007.85,1975.895,1981.84,153138
1702332000,"2023-12-11 22:00:00",1981.84,1996.76,1977.28,1979.435,139693
1702418400,"2023-12-12 22:00:00",1979.435,2027.88,1973.09,2027.575,151582
1702504800,"2023-12-13 22:00:00",2027.575,2047.935,2024.28,2036.265,228726
1702591200,"2023-12-14 22:00:00",2036.265,2044.945,2015.65,2019.54,170501
1702850400,"2023-12-17 22:00:00",2019.54,2033.75,2016.065,2027.24,120635
1702936800,"2023-12-18 22:00:00",2027.24,2047.03,2021.75,2040.245,125108
1703023200,"2023-12-19 22:00:00",2040.245,2043.535,2027.485,2031.78,133107
1703109600,"2023-12-20 22:00:00",2031.78,2046.105,2031.62,2045.92,150695
1703196000,"2023-12-21 22:00:00",2045.92,2070.705,2045.92,2053.2,181401
1703541600,"2023-12-25 22:00:00",2053.2,2069.085,2053.2,2067.71,74447
1703628000,"2023-12-26 22:00:00",2067.71,2084.495,2061.51,2077.12,111713
1703714400,"2023-12-27 22:00:00",2077.12,2088.545,2064.725,2065.265,157847
1703800800,"2023-12-28 22:00:00",2065.265,2074.845,2058.275,2062.97,153493
1704146400,"2024-01-01 22:00:00",2062.97,2078.975,2055.89,2059.045,147595
1704232800,"2024-01-02 22:00:00",2059.045,2066.005,2030.695,2041.29,170951
1704319200,"2024-01-03 22:00:00",2041.29,2051.015,2036.3,2043.435,130668
1704405600,"2024-01-04 22:00:00",2043.435,2064.035,2024.525,2045.625,176517
1704664800,"2024-01-07 22:00:00",2045.625,2046.685,2016.82,2028.035,151015
1704751200,"2024-01-08 22:00:00",2028.035,2042.035,2026.185,2030.02,141030
1704837600,"2024-01-09 22:00:00",2030.02,2040.3,2020.525,2024.32,128137
1704924000,"2024-01-10 22:00:00",2024.32,2045.17,2013.39,2029.015,192985
1705010400,"2024-01-11 22:00:00",2029.015,2062.31,2029.01,2049.155,175463
1705269600,"2024-01-14 22:00:00",2049.155,2058.67,2045.835,2054.765,87639
1705356000,"2024-01-15 22:00:00",2054.765,2055.615,2024.33,2028.505,189760
1705442400,"2024-01-16 22:00:00",2028.505,2032.98,2001.895,2006.335,179800
1705528800,"2024-01-17 22:00:00",2006.335,2023.395,2005.835,2023.02,143058
1705615200,"2024-01-18 22:00:00",2023.02,2039.415,2020.475,2029.62,133853
1705874400,"2024-01-21 22:00:00",2029.62,2032.175,2016.605,2021.66,139263
1705960800,"2024-01-22 22:00:00",2021.66,2037.975,2019.675,2029.155,137669
1706047200,"2024-01-23 22:00:00",2029.155,2036.735,2011.275,2014.235,159915
1706133600,"2024-01-24 22:00:00",2014.235,2025.32,2009.445,2020.94,158304
1706220000,"2024-01-25 22:00:00",2020.94,2026.9,2015.995,2018.59,108939
1706479200,"2024-01-28 22:00:00",2018.59,2037.61,2018.59,2032.53,106752
1706565600,"2024-01-29 22:00:00",2032.53,2048.63,2029.1,2036.83,126990
1706652000,"2024-01-30 22:00:00",2036.83,2056.07,2030.94,2039.155,169978
1706738400,"2024-01-31 22:00:00",2039.155,2065.53,2030.07,2054.825,182127
1706824800,"2024-02-01 22:00:00",2054.825,2057.705,2027.87,2039.75,152844
1707084000,"2024-02-04 22:00:00",2039.75,2042.315,2014.96,2024.89,147970
1707170400,"2024-02-05 22:00:00",2024.89,2038.945,2022.975,2035.885,122017
1707256800,"2024-02-06 22:00:00",2035.885,2044.655,2030.645,2035,111640
1707343200,"2024-02-07 22:00:00",2035,2038.785,2020.25,2034.21,118816
1707429600,"2024-02-08 22:00:00",2034.21,2037.25,2020.35,2024.36,114125
1707688800,"2024-02-11 22:00:00",2024.36,2027.665,2011.945,2020.01,95774
1707775200,"2024-02-12 22:00:00",2020.01,2031.588,1990.155,1993.09,109390
1707861600,"2024-02-13 22:00:00",1993.09,1996.155,1984.305,1992.365,111101
1707948000,"2024-02-14 22:00:00",1992.365,2008.34,1990.325,2004.4,109685
1708034400,"2024-02-15 22:00:00",2004.4,2015.23,1995.16,2013.23,106807
1708293600,"2024-02-18 22:00:00",2013.23,2023.07,2000.355,2017.945,67228
1708380000,"2024-02-19 22:00:00",2017.945,2030.92,2015.12,2024.415,104705
1708466400,"2024-02-20 22:00:00",2024.415,2032.33,2020.095,2026.04,101282
1708552800,"2024-02-21 22:00:00",2026.04,2034.945,2019.715,2024.355,112713
1708639200,"2024-02-22 22:00:00",2024.355,2041.41,2016.125,2035.375,113119
1708898400,"2024-02-25 22:00:00",2035.375,2037.13,2025.115,2031.25,101354
1708984800,"2024-02-26 22:00:00",2031.25,2039.51,2028.855,2030.445,100546
1709071200,"2024-02-27 22:00:00",2030.445,2037.95,2024.555,2034.46,102208
1709157600,"2024-02-28 22:00:00",2034.46,2050.745,2028.165,2044.29,120182
1709244000,"2024-02-29 22:00:00",2044.29,2088.38,2039.11,2082.73,140480
1709503200,"2024-03-03 22:00:00",2082.73,2119.975,2079.53,2114.365,145983
1709589600,"2024-03-04 22:00:00",2114.365,2141.88,2110.53,2128.045,163751
1709676000,"2024-03-05 22:00:00",2128.045,2152.25,2123.765,2148.15,155605
1709762400,"2024-03-06 22:00:00",2148.15,2164.8,2144.255,2160.115,157706
1709848800,"2024-03-07 22:00:00",2160.115,2195.235,2154.06,2179.105,164938
1710104400,"2024-03-10 21:00:00",2179.105,2189.125,2174.86,2182.73,127654
1710190800,"2024-03-11 21:00:00",2182.73,2184.815,2150.66,2158.46,149448
1710277200,"2024-03-12 21:00:00",2158.46,2179.92,2155.855,2174.385,132689
1710363600,"2024-03-13 21:00:00",2174.385,2177.045,2152.845,2162.13,139223
1710450000,"2024-03-14 21:00:00",2162.13,2172.81,2155.25,2156.01,115977
1710709200,"2024-03-17 21:00:00",2156.01,2163.63,2146.155,2160.32,114731
1710795600,"2024-03-18 21:00:00",2160.32,2162.905,2147.205,2157.575,113432
1710882000,"2024-03-19 21:00:00",2157.575,2188.905,2149.66,2186.37,130330
1710968400,"2024-03-20 21:00:00",2186.37,2222.915,2166.445,2181.36,202409
1711054800,"2024-03-21 21:00:00",2181.36,2186.13,2157.13,2165.31,155481
1711314000,"2024-03-24 21:00:00",2165.31,2181.41,2163.615,2171.805,124325
1711400400,"2024-03-25 21:00:00",2171.805,2200.175,2167.625,2178.74,146164
1711486800,"2024-03-26 21:00:00",2178.74,2197.675,2173.485,2194.86,116977
1711573200,"2024-03-27 21:00:00",2194.86,2236.33,2187.41,2233.12,162920
1711918800,"2024-03-31 21:00:00",2233.12,2265.775,2228.54,2251.67,164241
1712005200,"2024-04-01 21:00:00",2251.67,2281.155,2246.715,2280.815,190222
1712091600,"2024-04-02 21:00:00",2280.815,2301.27,2265.505,2299.93,209044
1712178000,"2024-04-03 21:00:00",2299.93,2305.65,2279.725,2291.21,171532
1712264400,"2024-04-04 21:00:00",2291.21,2330.525,2267.78,2330.16,224815
1712523600,"2024-04-07 21:00:00",2330.16,2354.155,2302.975,2339.15,257694
1712610000,"2024-04-08 21:00:00",2339.15,2365.395,2337.27,2352.41,227807
1712696400,"2024-04-09 21:00:00",2352.41,2360.15,2319.395,2333.865,235448
1712782800,"2024-04-10 21:00:00",2333.865,2377.755,2325.74,2372.285,217097
1712869200,"2024-04-11 21:00:00",2372.285,2431.59,2333.88,2344.235,326788
1713128400,"2024-04-14 21:00:00",2344.235,2387.645,2324.255,2383.51,289786
1713214800,"2024-04-15 21:00:00",2383.51,2398.38,2363.06,2383.13,314342
1713301200,"2024-04-16 21:00:00",2383.13,2395.64,2354.73,2361.095,256356
1713387600,"2024-04-17 21:00:00",2361.095,2392.86,2361.095,2379.05,236137
1713474000,"2024-04-18 21:00:00",2379.05,2417.92,2372.91,2392.07,322721
1713733200,"2024-04-21 21:00:00",2392.07,2392.07,2324.67,2327.24,252886
1713819600,"2024-04-22 21:00:00",2327.24,2334.51,2291.465,2322.13,311812
1713906000,"2024-04-23 21:00:00",2322.13,2337.385,2311.815,2315.95,244443
1713992400,"2024-04-24 21:00:00",2315.95,2344.93,2305.025,2332.49,245821
1714078800,"2024-04-25 21:00:00",2332.49,2352.64,2326.365,2338.05,210509
1714338000,"2024-04-28 21:00:00",2338.05,2346.83,2319.84,2335.55,214642
1714424400,"2024-04-29 21:00:00",2335.55,2336.41,2285.22,2286.21,189148
1714510800,"2024-04-30 21:00:00",2286.21,2328.43,2281.68,2319.56,219369
1714597200,"2024-05-01 21:00:00",2319.56,2326.515,2285.545,2303.8,222880
1714683600,"2024-05-02 21:00:00",2303.8,2320.705,2277.345,2301.81,211036
1714942800,"2024-05-05 21:00:00",2301.81,2332.225,2291.85,2323.995,195677
1715029200,"2024-05-06 21:00:00",2323.995,2329.98,2310.04,2314.135,185138
1715115600,"2024-05-07 21:00:00",2314.135,2321.53,2303.745,2308.69,144285
1715202000,"2024-05-08 21:00:00",2308.69,2347.25,2306.655,2346.245,193325
1715288400,"2024-05-09 21:00:00",2346.245,2378.56,2345.325,2360.515,208503
1715547600,"2024-05-12 21:00:00",2360.515,2364.555,2332.11,2336.14,162094
1715634000,"2024-05-13 21:00:00",2336.14,2359.705,2334.89,2357.98,166194
1715720400,"2024-05-14 21:00:00",2357.98,2390.315,2351.915,2386.13,205493
1715806800,"2024-05-15 21:00:00",2386.13,2397.515,2371.01,2376.955,192066
1715893200,"2024-05-16 21:00:00",2376.955,2422.79,2374.02,2414.715,176052
1716152400,"2024-05-19 21:00:00",2414.715,2450.125,2407.34,2426.53,268285
1716238800,"2024-05-20 21:00:00",2426.53,2433.995,2406.16,2421.025,230456
1716325200,"2024-05-21 21:00:00",2421.025,2426.615,2374.995,2379.175,237569
1716411600,"2024-05-22 21:00:00",2379.175,2383.785,2327.02,2328.675,276873
1716498000,"2024-05-23 21:00:00",2328.675,2347.54,2325.465,2334,166580
1716757200,"2024-05-26 21:00:00",2334,2358.565,2332.285,2351.375,126705
1716843600,"2024-05-27 21:00:00",2351.375,2364.175,2340.31,2361.385,189280
1716930000,"2024-05-28 21:00:00",2361.385,2361.615,2334.54,2338.145,161527
1717016400,"2024-05-29 21:00:00",2338.145,2351.905,2322.66,2343.34,205118
1717102800,"2024-05-30 21:00:00",2343.34,2359.725,2320.595,2327.2,203391
1717362000,"2024-06-02 21:00:00",2327.2,2354.77,2314.795,2350.635,226649
1717448400,"2024-06-03 21:00:00",2350.635,2352.885,2315.675,2327.01,231071
1717534800,"2024-06-04 21:00:00",2327.01,2357.425,2325.965,2355.28,190215
1717621200,"2024-06-05 21:00:00",2355.28,2378.6,2353.5,2376.09,209308
1717707600,"2024-06-06 21:00:00",2376.09,2387.785,2286.83,2294.015,275497
1717966800,"2024-06-09 21:00:00",2294.015,2313.865,2287.805,2310.995,150319
1718053200,"2024-06-10 21:00:00",2310.995,2320,2297.8,2316.905,182302
1718139600,"2024-06-11 21:00:00",2316.905,2341.7,2310.75,2325.03,253456
1718226000,"2024-06-12 21:00:00",2325.03,2326.795,2295.59,2304.135,232552
1718312400,"2024-06-13 21:00:00",2304.135,2336.725,2301.605,2332.645,198693
1718571600,"2024-06-16 21:00:00",2332.645,2332.645,2310.02,2319.285,167115
1718658000,"2024-06-17 21:00:00",2320.295,2333.165,2306.65,2329.58,169498
1718744400,"2024-06-18 21:00:00",2329.005,2335.03,2323.78,2328.23,88930
1718830800,"2024-06-19 21:00:00",2330.075,2365.59,2327.765,2360.145,175641
1718917200,"2024-06-20 21:00:00",2359.665,2368.765,2316.785,2321.875,180701
1719176400,"2024-06-23 21:00:00",2321.03,2334.73,2317.775,2334.43,163356
1719262800,"2024-06-24 21:00:00",2333.945,2337.16,2315.59,2319.595,169421
1719349200,"2024-06-25 21:00:00",2320.13,2324.015,2293.69,2298.47,187602
1719435600,"2024-06-26 21:00:00",2298.84,2331.015,2296.61,2327.81,170158
1719522000,"2024-06-27 21:00:00",2327.105,2339.785,2319.105,2326.72,176721
1719781200,"2024-06-30 21:00:00",2323.32,2338.545,2318.605,2331.855,164745
1719867600,"2024-07-01 21:00:00",2331.875,2336.89,2319.13,2329.485,156837
1719954000,"2024-07-02 21:00:00",2330.335,2364.995,2326.885,2356.16,167602
1720040400,"2024-07-03 21:00:00",2356.955,2362.6,2350.51,2357.2,89609
1720126800,"2024-07-04 21:00:00",2357.03,2392.965,2348.62,2391.62,195599
1720386000,"2024-07-07 21:00:00",2389.41,2391.13,2351.09,2359.26,187976
1720472400,"2024-07-08 21:00:00",2359.125,2371.625,2349.485,2364.03,181350
1720558800,"2024-07-09 21:00:00",2363.9,2386.73,2363.15,2371.32,168686
1720645200,"2024-07-10 21:00:00",2371.93,2424.6,2371.34,2415.375,237015
1720731600,"2024-07-11 21:00:00",2413.075,2418.31,2391.52,2410.92,210057
1720990800,"2024-07-14 21:00:00",2411.81,2439.855,2401.405,2422.395,213404
1721077200,"2024-07-15 21:00:00",2422.08,2469.765,2420.08,2468.93,213594
1721163600,"2024-07-16 21:00:00",2467.82,2483.74,2451.57,2458.81,262838
1721250000,"2024-07-17 21:00:00",2458.755,2475,2440.415,2445.31,220149
1721336400,"2024-07-18 21:00:00",2444.495,2445.34,2393.88,2400.82,234446
1721595600,"2024-07-21 21:00:00",2403.82,2412.255,2383.93,2396.42,208530
1721682000,"2024-07-22 21:00:00",2397.595,2412.075,2388.31,2409.65,210649
1721768400,"2024-07-23 21:00:00",2408.785,2432.065,2396.86,2397.395,223357
1721854800,"2024-07-24 21:00:00",2397.855,2401.31,2353.195,2364.3,306369
1721941200,"2024-07-25 21:00:00",2364.505,2390.84,2355.875,2387.02,218330
1722200400,"2024-07-28 21:00:00",2388.395,2403.265,2369.65,2383.79,208280
1722286800,"2024-07-29 21:00:00",2382.525,2412.935,2376.535,2410.88,212759
1722373200,"2024-07-30 21:00:00",2410.74,2451.005,2403.94,2447.57,263139
1722459600,"2024-07-31 21:00:00",2447.77,2462.325,2430.275,2446.385,308308
1722546000,"2024-08-01 21:00:00",2447.24,2477.725,2410.885,2442.495,361891
1722805200,"2024-08-04 21:00:00",2441.94,2458.875,2364.39,2409.89,475567
1722891600,"2024-08-05 21:00:00",2411.395,2418.43,2381.56,2390.13,340393
1722978000,"2024-08-06 21:00:00",2390.195,2407.125,2379.05,2382.91,290786
1723064400,"2024-08-07 21:00:00",2381.475,2427.755,2381.14,2427.27,265056
1723150800,"2024-08-08 21:00:00",2427.22,2437.085,2416.925,2431.265,223088
1723410000,"2024-08-11 21:00:00",2428.135,2473.225,2423.89,2472.12,180141
1723496400,"2024-08-12 21:00:00",2470.39,2476.99,2458.56,2465.055,205142
1723582800,"2024-08-13 21:00:00",2466.365,2480.125,2438.145,2447.95,224080
1723669200,"2024-08-14 21:00:00",2448.2,2470.155,2432.225,2456.545,226169
1723755600,"2024-08-15 21:00:00",2456.105,2509.82,2450.805,2508.14,223838
1724014800,"2024-08-18 21:00:00",2506.525,2507.535,2485.735,2504.285,220264
1724101200,"2024-08-19 21:00:00",2503.74,2531.765,2497.4,2514.11,229278
1724187600,"2024-08-20 21:00:00",2513.86,2519.985,2493.83,2512.25,213088
1724274000,"2024-08-21 21:00:00",2512.22,2514.73,2470.85,2484.72,222479
1724360400,"2024-08-22 21:00:00",2485.335,2518.4,2484.41,2512.49,230098
1724619600,"2024-08-25 21:00:00",2512.035,2526.9,2508.81,2517.955,198137
1724706000,"2024-08-26 21:00:00",2517.73,2526.01,2503.585,2524.825,201379
1724792400,"2024-08-27 21:00:00",2525.26,2529.135,2493.665,2504.67,205552
1724878800,"2024-08-28 21:00:00",2506.21,2528.74,2503.69,2521.215,219815
1724965200,"2024-08-29 21:00:00",2520.805,2526.925,2494.215,2503.4,223097
1725224400,"2024-09-01 21:00:00",2502.84,2507.33,2490.105,2499.42,127916
1725310800,"2024-09-02 21:00:00",2499.55,2506.35,2473.325,2492.95,241125
1725397200,"2024-09-03 21:00:00",2492.62,2500.345,2471.915,2495.545,209334
1725483600,"2024-09-04 21:00:00",2495.32,2523.525,2493.88,2516.815,217513
1725570000,"2024-09-05 21:00:00",2516.46,2529.3,2485.19,2497.565,264809
1725829200,"2024-09-08 21:00:00",2496.79,2507.265,2485.61,2506.395,222295
1725915600,"2024-09-09 21:00:00",2506.73,2518.535,2500.19,2516.735,207602
1726002000,"2024-09-10 21:00:00",2516.55,2529.09,2501,2511.675,270422
1726088400,"2024-09-11 21:00:00",2512.945,2560.13,2511.095,2558.655,241962
1726174800,"2024-09-12 21:00:00",2558.38,2586.16,2556.795,2578.715,251812
1726434000,"2024-09-15 21:00:00",2578.79,2589.715,2575.245,2582.665,179045
1726520400,"2024-09-16 21:00:00",2582.66,2587.02,2560.78,2569.59,202235
1726606800,"2024-09-17 21:00:00",2570.325,2600.29,2546.86,2559.3,270952
1726693200,"2024-09-18 21:00:00",2559.235,2594.945,2551.16,2586.91,296927
1726779600,"2024-09-19 21:00:00",2586.52,2625.79,2584.875,2622.235,272796
1727038800,"2024-09-22 21:00:00",2621.365,2634.905,2613.89,2628.63,226647
1727125200,"2024-09-23 21:00:00",2627.79,2664.38,2622.68,2657.26,280786
1727211600,"2024-09-24 21:00:00",2658.69,2670.605,2649.7,2656.995,250522
1727298000,"2024-09-25 21:00:00",2657.74,2685.64,2654.84,2672.435,280327
1727384400,"2024-09-26 21:00:00",2672.235,2674.375,2643.155,2658.55,297822
1727643600,"2024-09-29 21:00:00",2661.815,2666.05,2624.78,2634.69,295187
1727730000,"2024-09-30 21:00:00",2633.53,2673.26,2633.31,2663.61,243087
1727816400,"2024-10-01 21:00:00",2661.92,2663.445,2641.18,2658.75,252533
1727902800,"2024-10-02 21:00:00",2658.77,2663.015,2637.015,2656.11,381668
1727989200,"2024-10-03 21:00:00",2655.95,2670.24,2632.015,2653.84,474423
1728248400,"2024-10-06 21:00:00",2651.39,2659.66,2637.77,2642.585,461688
1728334800,"2024-10-07 21:00:00",2642.085,2653.115,2604.82,2621.965,599675
1728421200,"2024-10-08 21:00:00",2622.11,2624.375,2605.21,2607.735,460186
1728507600,"2024-10-09 21:00:00",2607.735,2631.565,2604.39,2629.92,479519
1728594000,"2024-10-10 21:00:00",2628.62,2661.475,2628.18,2657.18,381985
1728853200,"2024-10-13 21:00:00",2648.805,2666.875,2643.245,2648.785,353209
1728939600,"2024-10-14 21:00:00",2649.215,2668.965,2638.105,2662.695,477257
1729026000,"2024-10-15 21:00:00",2662.285,2685.465,2658.8,2673.93,442655
1729112400,"2024-10-16 21:00:00",2674.605,2696.8,2673.165,2693.01,475273
1729198800,"2024-10-17 21:00:00",2693.045,2722.65,2692.395,2721.9,465216
1729458000,"2024-10-20 21:00:00",2723.09,2740.6,2714.235,2719.675,528355
1729544400,"2024-10-21 21:00:00",2719.36,2748.975,2719.16,2748.96,443984
1729630800,"2024-10-22 21:00:00",2747.33,2758.525,2708.755,2715.59,512450
1729717200,"2024-10-23 21:00:00",2716.415,2743.325,2716.215,2736.08,447229
1729803600,"2024-10-24 21:00:00",2735.95,2747.835,2717.1,2747.215,394346
1730062800,"2024-10-27 21:00:00",2734.065,2746.01,2724.755,2742.325,374072
1730149200,"2024-10-28 21:00:00",2741.45,2774.885,2739.87,2774.58,435600
1730235600,"2024-10-29 21:00:00",2773.51,2790.07,2770.925,2787.475,407373
1730322000,"2024-10-30 21:00:00",2786.87,2790.17,2731.635,2743.95,447697
1730408400,"2024-10-31 21:00:00",2745.37,2762.275,2733.255,2736.45,439514
1730671200,"2024-11-03 22:00:00",2732.04,2748.24,2731.77,2736.605,398027
1730757600,"2024-11-04 22:00:00",2737.365,2750.09,2724.765,2743.91,357215
1730844000,"2024-11-05 22:00:00",2743.065,2749.78,2652.405,2659.175,789740
1730930400,"2024-11-06 22:00:00",2662.255,2710.52,2643.355,2706.84,532666
1731016800,"2024-11-07 22:00:00",2704.26,2710.43,2680.415,2684.455,483390
1731276000,"2024-11-10 22:00:00",2683.71,2686.165,2610.695,2619.595,455754
1731362400,"2024-11-11 22:00:00",2621.07,2627.235,2589.725,2598.29,486364
1731448800,"2024-11-12 22:00:00",2597.96,2618.92,2572.7,2572.83,494637
1731535200,"2024-11-13 22:00:00",2573.84,2581.445,2536.855,2564.72,543930
1731621600,"2024-11-14 22:00:00",2566.485,2576.045,2554.395,2563.22,490288
1731880800,"2024-11-17 22:00:00",2567.13,2615.145,2567.13,2612.04,432930
1731967200,"2024-11-18 22:00:00",2610.755,2639.53,2610.465,2632.2,464478
1732053600,"2024-11-19 22:00:00",2632.535,2655.485,2618.89,2650.46,412551
1732140000,"2024-11-20 22:00:00",2649.925,2673.595,2648.975,2669.645,392219
1732226400,"2024-11-21 22:00:00",2669.5,2716.4,2668.2,2716.335,498195
1732485600,"2024-11-24 22:00:00",2711.165,2721.42,2615.67,2625.62,557833
1732572000,"2024-11-25 22:00:00",2627.485,2642.02,2605.31,2632.955,448212
1732658400,"2024-11-26 22:00:00",2631.21,2658.275,2627.125,2636.09,346215
1732744800,"2024-11-27 22:00:00",2637.98,2649.735,2620.99,2637.6,245097
1732834800,"2024-11-28 23:00:00",2639.285,2666.35,2634.09,2650.35,374632
1733090400,"2024-12-01 22:00:00",2648.94,2651.905,2621.98,2638.955,480068
1733176800,"2024-12-02 22:00:00",2638.96,2655.665,2634.165,2643.885,387389
1733263200,"2024-12-03 22:00:00",2642.66,2657.235,2632.465,2650.22,334814
1733349600,"2024-12-04 22:00:00",2649.36,2655.635,2623.615,2631.925,288813
1733436000,"2024-12-05 22:00:00",2631.985,2645.73,2613.11,2633.33,374739
1733695200,"2024-12-08 22:00:00",2643.08,2676.48,2627.575,2660.325,366991
1733781600,"2024-12-09 22:00:00",2661.1,2695.595,2658.035,2693.875,336816
1733868000,"2024-12-10 22:00:00",2695.145,2721.27,2675.465,2718.245,309643
1733954400,"2024-12-11 22:00:00",2717.81,2726.295,2675.165,2680.825,242727
1734040800,"2024-12-12 22:00:00",2680.705,2692.865,2646.22,2648.68,376400
1734300000,"2024-12-15 22:00:00",2648.86,2664.475,2643.595,2652.75,311160
1734386400,"2024-12-16 22:00:00",2652.26,2658.74,2633.16,2646.6,339086
1734472800,"2024-12-17 22:00:00",2646.88,2651.785,2583.915,2585.61,409156
1734559200,"2024-12-18 22:00:00",2587.54,2626.44,2586.46,2594.55,435472
1734645600,"2024-12-19 22:00:00",2594.18,2631.92,2589.665,2623.61,349070
1734904800,"2024-12-22 22:00:00",2622.21,2633.39,2608.26,2612.755,254740
1734991200,"2024-12-23 22:00:00",2614.795,2621.535,2610.105,2616.875,193966
1735164000,"2024-12-25 22:00:00",2615.31,2639.175,2615.145,2633.865,205690
1735250400,"2024-12-26 22:00:00",2633.3,2638.3,2611.715,2622.035,243546
1735509600,"2024-12-29 22:00:00",2622.075,2628.095,2596.185,2605.825,240719
1735596000,"2024-12-30 22:00:00",2606.065,2627.625,2602.76,2624.26,217489
1735768800,"2025-01-01 22:00:00",2625.07,2660.605,2621.775,2658.23,368196
1735855200,"2025-01-02 22:00:00",2657.82,2665.405,2636.705,2639.725,306090
1736114400,"2025-01-05 22:00:00",2639.88,2649.52,2614.635,2636.105,379023
1736200800,"2025-01-06 22:00:00",2635.965,2664.33,2633,2648.625,362076
1736287200,"2025-01-07 22:00:00",2648.655,2670.15,2645.37,2661.655,365878
1736373600,"2025-01-08 22:00:00",2662.24,2678.405,2655.635,2670.34,252111
1736460000,"2025-01-09 22:00:00",2670.45,2697.95,2664.075,2689.375,399884
1736719200,"2025-01-12 22:00:00",2689.32,2693.555,2656.835,2663.21,462733
1736805600,"2025-01-13 22:00:00",2664.465,2678.395,2659.89,2677.51,402726
1736892000,"2025-01-14 22:00:00",2676.94,2697.42,2669.365,2696.265,391665
1736978400,"2025-01-15 22:00:00",2696.16,2724.785,2690.05,2714.87,437327
1737064800,"2025-01-16 22:00:00",2714.215,2717.43,2699.3,2703.15,367955
1737324000,"2025-01-19 22:00:00",2703.135,2713.885,2689.375,2707.905,347547
1737410400,"2025-01-20 22:00:00",2708.015,2746.055,2702.815,2744.865,469819
1737496800,"2025-01-21 22:00:00",2744.55,2763.435,2741.965,2756.345,375216
1737583200,"2025-01-22 22:00:00",2755.74,2758.97,2735.96,2754.855,392044
1737669600,"2025-01-23 22:00:00",2753.815,2786.06,2753.64,2770.885,388861
1737928800,"2025-01-26 22:00:00",2765.17,2772.745,2730.56,2740.655,428593
1738015200,"2025-01-27 22:00:00",2740.88,2765.09,2734.815,2763.42,280528
1738101600,"2025-01-28 22:00:00",2763.305,2766.265,2744.755,2760.09,345401
1738188000,"2025-01-29 22:00:00",2758.43,2798.605,2758.39,2794.165,397704
1738274400,"2025-01-30 22:00:00",2794.425,2817.215,2791.07,2797.94,431361
1738533600,"2025-02-02 22:00:00",2801.655,2830.755,2772.215,2814.71,547301
1738620000,"2025-02-03 22:00:00",2813.3,2845.47,2807.275,2842.29,461656
1738706400,"2025-02-04 22:00:00",2841.36,2882.31,2839.74,2867.215,424896
1738792800,"2025-02-05 22:00:00",2867.785,2873.34,2834.27,2855.925,437120
1738879200,"2025-02-06 22:00:00",2856.015,2886.855,2852.595,2861.25,453343
1739138400,"2025-02-09 22:00:00",2861.84,2911.965,2860.405,2908.175,401791
1739224800,"2025-02-10 22:00:00",2911.95,2942.78,2881.56,2897.615,555190
1739311200,"2025-02-11 22:00:00",2898.025,2909.265,2864.33,2903.96,442740
1739397600,"2025-02-12 22:00:00",2904.79,2929.48,2900.545,2928.33,353614
1739484000,"2025-02-13 22:00:00",2928.05,2939.98,2877.025,2882.482,464231
1739743200,"2025-02-16 22:00:00",2893.375,2906.525,2878.785,2898.49,259385
1739829600,"2025-02-17 22:00:00",2898.71,2936.955,2892.07,2935.465,271936
1739916000,"2025-02-18 22:00:00",2935.06,2947.08,2918.64,2933.26,315664
1740002400,"2025-02-19 22:00:00",2934.175,2954.955,2924.035,2939.385,310009
1740088800,"2025-02-20 22:00:00",2939.43,2949.93,2916.82,2936.26,325673
1740348000,"2025-02-23 22:00:00",2939.785,2956.31,2921.475,2952.065,331108
1740434400,"2025-02-24 22:00:00",2952.84,2953.425,2888.18,2915.045,411168
1740520800,"2025-02-25 22:00:00",2915.835,2930.18,2890.865,2916.275,280951
1740607200,"2025-02-26 22:00:00",2915.98,2920.815,2867.795,2877.195,403773
1740693600,"2025-02-27 22:00:00",2876.52,2885.24,2832.72,2858.14,382122
1740952800,"2025-03-02 22:00:00",2873.14,2895.21,2859,2892.985,321052
1741039200,"2025-03-03 22:00:00",2892.7,2927.91,2881.98,2917.85,367828
1741125600,"2025-03-04 22:00:00",2917.885,2929.98,2894.35,2919.265,441547
1741212000,"2025-03-05 22:00:00",2918.685,2926.72,2891.15,2911.1,386672
1741298400,"2025-03-06 22:00:00",2912.935,2930.54,2896.91,2909.55,417409
1741554000,"2025-03-09 21:00:00",2912.41,2918.385,2880.31,2889.5,396075
1741640400,"2025-03-10 21:00:00",2889.865,2922.225,2880.25,2915.695,291853
1741726800,"2025-03-11 21:00:00",2915.36,2940.69,2906.11,2933.61,337358
1741813200,"2025-03-12 21:00:00",2934.88,2989.3,2932.98,2988.695,345954
1741899600,"2025-03-13 21:00:00",2984.23,3005.04,2978.505,2984.91,363349
1742158800,"2025-03-16 21:00:00",2988.225,3001.975,2982.34,3001.13,270159
1742245200,"2025-03-17 21:00:00",3001.16,3038.35,2999.46,3034.115,332214
1742331600,"2025-03-18 21:00:00",3033.97,3051.97,3022.885,3047.14,298178
1742418000,"2025-03-19 21:00:00",3048.72,3057.59,3025.73,3044.66,316888
1742504400,"2025-03-20 21:00:00",3045.005,3047.55,2999.465,3023.985,309391
1742763600,"2025-03-23 21:00:00",3023.165,3033.34,3002.495,3012.15,331307
1742850000,"2025-03-24 21:00:00",3011.705,3036.07,3007.54,3020.09,263110
1742936400,"2025-03-25 21:00:00",3021.175,3032.165,3012.33,3019.495,255599
1743022800,"2025-03-26 21:00:00",3020.345,3059.755,3017.655,3056.605,342726
1743109200,"2025-03-27 21:00:00",3056.07,3086.965,3054.235,3085.345,353799
1743368400,"2025-03-30 21:00:00",3093.01,3128.135,3076.805,3123.72,392512
1743454800,"2025-03-31 21:00:00",3124.935,3149.09,3100.87,3114.475,413028
1743541200,"2025-04-01 21:00:00",3114.095,3145.34,3104.79,3134.305,372572
1743627600,"2025-04-02 21:00:00",3131.44,3167.835,3054.19,3114.575,693810
1743714000,"2025-04-03 21:00:00",3114.52,3136.775,3015.65,3037.885,657949
1743973200,"2025-04-06 21:00:00",3030.77,3057.305,2956.565,2981.94,811116
1744059600,"2025-04-07 21:00:00",2982.095,3022.76,2974.795,2982.25,553303
1744146000,"2025-04-08 21:00:00",2982.735,3099.77,2969.97,3082.95,820998
1744232400,"2025-04-09 21:00:00",3080.48,3176.6,3071.505,3175.365,629326
1744318800,"2025-04-10 21:00:00",3179.765,3245.485,3177.26,3237.93,700007
1744578000,"2025-04-13 21:00:00",3222.955,3245.845,3193.63,3210.68,498319
1744664400,"2025-04-14 21:00:00",3212.565,3233.705,3210.065,3229.795,299087
1744750800,"2025-04-15 21:00:00",3230.675,3343.2,3230.675,3343.1,509411
1744837200,"2025-04-16 21:00:00",3348.59,3357.775,3283.955,3327.375,512722
1745182800,"2025-04-20 21:00:00",3332.26,3430.61,3331.405,3424.235,494840
1745269200,"2025-04-21 21:00:00",3427.86,3500.2,3366.905,3381.16,744909
1745355600,"2025-04-22 21:00:00",3324.79,3386.77,3260.19,3288.24,768828
1745442000,"2025-04-23 21:00:00",3306.065,3367.685,3305.375,3348.99,566926
1745528400,"2025-04-24 21:00:00",3348.99,3370.475,3265.135,3319.345,591947
1745787600,"2025-04-27 21:00:00",3326.365,3353.2,3268.11,3343.875,542746
1745874000,"2025-04-28 21:00:00",3345.47,3345.505,3299.675,3317.15,460464
1745960400,"2025-04-29 21:00:00",3317.76,3328.155,3266.91,3288.155,546379
1746046800,"2025-04-30 21:00:00",3285.63,3288.16,3201.955,3238.295,528387
1746133200,"2025-05-01 21:00:00",3239.43,3269.3,3222.755,3240.95,521602
1746392400,"2025-05-04 21:00:00",3238.295,3337.67,3237.79,3334.195,428084
1746478800,"2025-05-05 21:00:00",3333.575,3435.055,3322.755,3431.14,547512
1746565200,"2025-05-06 21:00:00",3416.915,3422.135,3360.2,3364.355,589154
1746651600,"2025-05-07 21:00:00",3372.725,3414.79,3288.805,3305.98,579170
1746738000,"2025-05-08 21:00:00",3310.125,3347.625,3274.81,3325.39,482638
1746997200,"2025-05-11 21:00:00",3325.39,3325.39,3207.79,3235.075,715974
1747083600,"2025-05-12 21:00:00",3237.93,3265.785,3215.855,3250.18,470633
1747170000,"2025-05-13 21:00:00",3252,3257.14,3168.065,3177.585,570772
1747256400,"2025-05-14 21:00:00",3181.06,3240.725,3120.765,3239.97,529659
1747342800,"2025-05-15 21:00:00",3241.785,3252.255,3154.3,3204.45,519674
1747602000,"2025-05-18 21:00:00",3215.99,3249.85,3206.725,3230.4,491609
1747688400,"2025-05-19 21:00:00",3228.025,3295.79,3204.67,3289.845,467220
1747774800,"2025-05-20 21:00:00",3292.7,3324.935,3285.34,3315.245,535983
1747861200,"2025-05-21 21:00:00",3319.9,3345.47,3279.235,3295.01,600259
1747947600,"2025-05-22 21:00:00",3297.82,3366.015,3287.075,3358.125,574178
1748206800,"2025-05-25 21:00:00",3351.4,3356.995,3323.5,3342.475,278360
1748293200,"2025-05-26 21:00:00",3346.38,3350.095,3285.25,3300.75,443446
1748379600,"2025-05-27 21:00:00",3304.215,3325.695,3276.355,3288.725,407210
1748466000,"2025-05-28 21:00:00",3289.59,3331.47,3245.56,3317.615,529716
1748552400,"2025-05-29 21:00:00",3317.9,3322.925,3271.46,3289.7,438039
1748811600,"2025-06-01 21:00:00",3303.415,3382.96,3299.955,3381.87,462340
1748898000,"2025-06-02 21:00:00",3384.61,3392.305,3333.17,3353.385,431505
1748984400,"2025-06-03 21:00:00",3356.735,3384.76,3343.815,3372.45,421951
1749070800,"2025-06-04 21:00:00",3374.615,3403.625,3339.35,3352.73,566563
1749157200,"2025-06-05 21:00:00",3356.29,3375.705,3307.195,3309.98,526451
1749416400,"2025-06-08 21:00:00",3317.785,3338.295,3293.5,3325.675,399721
1749502800,"2025-06-09 21:00:00",3324.31,3349.28,3302.015,3322.61,452378
1749589200,"2025-06-10 21:00:00",3322.375,3360.79,3315.59,3355.25,452171
1749675600,"2025-06-11 21:00:00",3357.905,3399.05,3338.59,3386.58,533026
1749762000,"2025-06-12 21:00:00",3383.865,3446.88,3379.535,3432.835,571204
1750021200,"2025-06-15 21:00:00",3440.48,3451.525,3382.54,3385.22,453858
1750107600,"2025-06-16 21:00:00",3388.445,3403.43,3366.115,3388.455,447328
1750194000,"2025-06-17 21:00:00",3395.865,3400.11,3362.605,3369.3,413190
1750280400,"2025-06-18 21:00:00",3371.415,3388.175,3347.53,3370.38,323934
1750366800,"2025-06-19 21:00:00",3369.735,3374.63,3340.415,3368.75,355105
1750626000,"2025-06-22 21:00:00",3383.825,3393.64,3347.035,3369.2,491685
1750712400,"2025-06-23 21:00:00",3358.435,3363.9,3295.315,3323.45,520045
1750798800,"2025-06-24 21:00:00",3322.825,3337.205,3312.055,3332.395,314124
1750885200,"2025-06-25 21:00:00",3334.315,3350.415,3309.99,3327.82,406441
1750971600,"2025-06-26 21:00:00",3325.33,3325.37,3255.85,3274.175,498242
1751230800,"2025-06-29 21:00:00",3271.64,3309.645,3244.415,3303.15,349557
1751317200,"2025-06-30 21:00:00",3303.3,3358.085,3302.395,3338.72,417491
1751403600,"2025-07-01 21:00:00",3340.125,3360.13,3327.655,3357.09,398577
1751490000,"2025-07-02 21:00:00",3359.515,3365.92,3311.625,3326.03,374883
1751576400,"2025-07-03 21:00:00",3324.24,3345.175,3323.66,3336.615,221059
1751835600,"2025-07-06 21:00:00",3341.57,3342.075,3296.28,3336.44,455743
1751922000,"2025-07-07 21:00:00",3340.5,3345.955,3287.11,3301.72,446381
1752008400,"2025-07-08 21:00:00",3302.83,3316.99,3282.665,3313.7,374949
1752094800,"2025-07-09 21:00:00",3315.76,3330.36,3310.175,3324.015,309292
1752181200,"2025-07-10 21:00:00",3325.94,3368.86,3321.915,3355.665,574691
1752440400,"2025-07-13 21:00:00",3362.375,3375.085,3341.09,3343.755,408389
1752526800,"2025-07-14 21:00:00",3343.085,3366.425,3320.305,3325.005,346041
1752613200,"2025-07-15 21:00:00",3326.32,3377.655,3319.695,3347.6,501065
1752699600,"2025-07-16 21:00:00",3350.96,3352.28,3309.79,3339.06,385401
1752786000,"2025-07-17 21:00:00",3341.45,3361.33,3331.885,3350.095,315266
1753045200,"2025-07-20 21:00:00",3348.84,3401.645,3344.905,3397.06,437644
1753131600,"2025-07-21 21:00:00",3399.3,3433.51,3383.42,3431.56,439654
1753218000,"2025-07-22 21:00:00",3430.92,3439.035,3381.42,3387.45,520926
1753304400,"2025-07-23 21:00:00",3390.855,3393.48,3351.465,3368.71,446313
1753390800,"2025-07-24 21:00:00",3369.45,3373.495,3325.115,3337.07,327008
1753650000,"2025-07-27 21:00:00",3329.475,3345.52,3301.765,3314.45,356387
1753736400,"2025-07-28 21:00:00",3313.84,3334.27,3308.16,3326.67,337913
1753822800,"2025-07-29 21:00:00",3327.68,3334.09,3268.12,3275.29,421638
1753909200,"2025-07-30 21:00:00",3277.29,3314.985,3276.285,3290.12,386907
1753995600,"2025-07-31 21:00:00",3291.675,3363.6,3281.745,3362.895,390787
1754254800,"2025-08-03 21:00:00",3364.795,3385.535,3345.005,3373.635,282190
1754341200,"2025-08-04 21:00:00",3376.195,3390.6,3349.89,3380.96,271336
1754427600,"2025-08-05 21:00:00",3381.475,3385.365,3358.255,3369.27,283447
1754514000,"2025-08-06 21:00:00",3372.44,3401.885,3365.305,3396.48,656325
1754600400,"2025-08-07 21:00:00",3400.365,3409.43,3376.575,3397.765,1314484
1754859600,"2025-08-10 21:00:00",3399.75,3401.395,3341.155,3342.665,588390
1754946000,"2025-08-11 21:00:00",3344.04,3359.34,3331.17,3348.345,411909
1755032400,"2025-08-12 21:00:00",3350.165,3370.825,3342.635,3355.695,318958
1755118800,"2025-08-13 21:00:00",3357.46,3374.805,3329.85,3335.585,364944
1755205200,"2025-08-14 21:00:00",3336.795,3348.915,3332.34,3335.7,227980
1755464400,"2025-08-17 21:00:00",3335.23,3358.49,3323.685,3332.895,275140
1755550800,"2025-08-18 21:00:00",3333.695,3345.465,3315.005,3315.7,208028
1755637200,"2025-08-19 21:00:00",3316.49,3350.275,3311.56,3348.485,246760
1755723600,"2025-08-20 21:00:00",3351.2,3352.3,3325.28,3338.71,247192
1755810000,"2025-08-21 21:00:00",3340.14,3378.835,3321.455,3371.23,304253
1756069200,"2025-08-24 21:00:00",3368.725,3376.375,3359.78,3365.72,152373
1756155600,"2025-08-25 21:00:00",3366.605,3393.745,3351.33,3393.745,356620
1756242000,"2025-08-26 21:00:00",3390.75,3398.79,3373.75,3397.72,298600
1756328400,"2025-08-27 21:00:00",3398.405,3423.18,3384.62,3417.06,383940
1756414800,"2025-08-28 21:00:00",3417.035,3453.97,3404.315,3447.435,486335
1756674000,"2025-08-31 21:00:00",3445.43,3489.845,3437.025,3476.365,390865
1756760400,"2025-09-01 21:00:00",3475.91,3540.06,3470.05,3533.545,707070
1756846800,"2025-09-02 21:00:00",3532.72,3578.66,3526.54,3559.26,608467
1756933200,"2025-09-03 21:00:00",3560.26,3564.155,3511.755,3545.87,548957
1757019600,"2025-09-04 21:00:00",3545.4,3600.205,3540.015,3586.545,717777
1757278800,"2025-09-07 21:00:00",3591.61,3646.545,3579.72,3635.85,605523
1757365200,"2025-09-08 21:00:00",3636.15,3674.695,3626.03,3626.315,653882
1757451600,"2025-09-09 21:00:00",3627.45,3657.61,3620.135,3640.585,493414
1757538000,"2025-09-10 21:00:00",3644.465,3649.345,3612.835,3634.12,485145
1757624400,"2025-09-11 21:00:00",3635.9,3656.7,3630.625,3643.085,411073
1757883600,"2025-09-14 21:00:00",3644.565,3685.695,3626.46,3678.79,490753
1757970000,"2025-09-15 21:00:00",3680.135,3703.24,3674.705,3689.855,476961
1758056400,"2025-09-16 21:00:00",3691.345,3707.555,3646.125,3659.975,619729
1758142800,"2025-09-17 21:00:00",3659.625,3673.205,3627.96,3644.18,569752
1758229200,"2025-09-18 21:00:00",3642.92,3685.74,3632.38,3684.975,490300
1758488400,"2025-09-21 21:00:00",3687.77,3748.86,3683.545,3746.355,504786
1758574800,"2025-09-22 21:00:00",3747.125,3791.255,3736.66,3764.205,570300
1758661200,"2025-09-23 21:00:00",3765.31,3779.34,3717.52,3736.165,388341
1758747600,"2025-09-24 21:00:00",3739.61,3761.69,3722.22,3749.44,466427
1758834000,"2025-09-25 21:00:00",3747.235,3783.885,3734.44,3759.855,407811
1759093200,"2025-09-28 21:00:00",3764.745,3834.3,3763.45,3833.88,555525
1759179600,"2025-09-29 21:00:00",3832.57,3871.89,3793.175,3858.45,538261
1759266000,"2025-09-30 21:00:00",3860.08,3895.5,3853.38,3865.53,508789
1759352400,"2025-10-01 21:00:00",3864.41,3897.13,3819.425,3856.56,537737
1759438800,"2025-10-02 21:00:00",3857.14,3891.76,3838.07,3886.455,486579
1759698000,"2025-10-05 21:00:00",3891.335,3970.2,3884.115,3960.69,631381
1759784400,"2025-10-06 21:00:00",3960.62,3991.135,3941.055,3984.33,643666
1759870800,"2025-10-07 21:00:00",3986.275,4059.35,3984.32,4041.9,613615
1759957200,"2025-10-08 21:00:00",4036.775,4058.11,3944.435,3976.24,931973
1760043600,"2025-10-09 21:00:00",3977.265,4023,3947.02,4016.68,957145
1760302800,"2025-10-12 21:00:00",4017.625,4117.42,3998.15,4110.335,727281
1760389200,"2025-10-13 21:00:00",4112.47,4179.935,4090.145,4142.625,920993
1760475600,"2025-10-14 21:00:00",4140.755,4218.405,4140.735,4207.77,689245
1760562000,"2025-10-15 21:00:00",4212.565,4330.9,4199.965,4326.065,780709
1760648400,"2025-10-16 21:00:00",4338.03,4380.99,4185.91,4253.975,1434931
1760907600,"2025-10-19 21:00:00",4267.075,4381.44,4219.115,4355.795,986496
1760994000,"2025-10-20 21:00:00",4366.33,4375.625,4080.58,4125.27,1158088
1761080400,"2025-10-21 21:00:00",4124.28,4161.535,4004.28,4099.4,1249834
1761166800,"2025-10-22 21:00:00",4110.085,4154.79,4065.9,4126.075,863796
1761253200,"2025-10-23 21:00:00",4125.85,4144.535,4043.515,4114.125,752977
1761512400,"2025-10-26 21:00:00",4085.7,4109,3971.445,3981.985,1001515
1761598800,"2025-10-27 21:00:00",3990.015,4019.805,3886.465,3953,840670
1761685200,"2025-10-28 21:00:00",3955.945,4030.34,3907.925,3930.615,968758
1761771600,"2025-10-29 21:00:00",3921.61,4027.235,3915.52,4024.525,870797
1761858000,"2025-10-30 21:00:00",4021.47,4046.595,3972.285,4002.81,856859
1762120800,"2025-11-02 22:00:00",3995.47,4030.825,3962.275,4001.605,715045
1762207200,"2025-11-03 22:00:00",4005.115,4005.27,3928.685,3932.1,649278
1762293600,"2025-11-04 22:00:00",3937.93,3990.565,3929.35,3980.115,448865
1762380000,"2025-11-05 22:00:00",3968.78,4019.645,3964.455,3977.14,633761
1762466400,"2025-11-06 22:00:00",3979.465,4027.595,3978.435,4001.275,527761
1762725600,"2025-11-09 22:00:00",4005.675,4116.69,4004.355,4115.41,585179
1762812000,"2025-11-10 22:00:00",4116.835,4149.1,4097.245,4126.505,420509
1762898400,"2025-11-11 22:00:00",4130.9,4211.795,4098.915,4195.21,748403
1762984800,"2025-11-12 22:00:00",4202.635,4245.195,4145.19,4171.745,943082
1763071200,"2025-11-13 22:00:00",4177.285,4211.435,4032.23,4085.825,778402
1763330400,"2025-11-16 22:00:00",4078.275,4106.705,4007.055,4045.86,644975
1763416800,"2025-11-17 22:00:00",4050.79,4082.58,3997.985,4067.425,643437
1763503200,"2025-11-18 22:00:00",4067.645,4132.985,4055.475,4077.85,631289
1763589600,"2025-11-19 22:00:00",4088.255,4110.37,4038.9,4077.535,944612
1763676000,"2025-11-20 22:00:00",4073.08,4101.07,4022.26,4065.01,988542
1763935200,"2025-11-23 22:00:00",4067.61,4139.89,4040.02,4133.975,656073
1764021600,"2025-11-24 22:00:00",4135.485,4159.38,4109.71,4130.55,811764
1764108000,"2025-11-25 22:00:00",4134.495,4173.5,4129.99,4163.575,656182
1764194400,"2025-11-26 22:00:00",4165.255,4168.75,4142.73,4158.8,326231
1764280800,"2025-11-27 22:00:00",4159.355,4226.915,4153.74,4215.82,344766
1764540000,"2025-11-30 22:00:00",4226.31,4264.7,4205.785,4232.29,1025407
1764626400,"2025-12-01 22:00:00",4231.77,4236.15,4163.805,4205.665,607631
1764712800,"2025-12-02 22:00:00",4202.48,4241.565,4194.645,4203.115,715594
1764799200,"2025-12-03 22:00:00",4206.465,4219.62,4174.81,4208.765,694763
1764885600,"2025-12-04 22:00:00",4209.41,4259.34,4192.055,4198.685,579001
1765144800,"2025-12-07 22:00:00",4198.685,4219.175,4176.205,4190.66,629212
1765231200,"2025-12-08 22:00:00",4191.48,4221.625,4169.985,4207.915,789956
1765317600,"2025-12-09 22:00:00",4209.445,4238.785,4182.08,4228.775,776990
1765404000,"2025-12-10 22:00:00",4228.245,4285.89,4204.27,4279.335,662996
1765490400,"2025-12-11 22:00:00",4282.93,4353.555,4257.275,4299.38,925565
1765749600,"2025-12-14 22:00:00",4302.985,4350.285,4285.515,4304.91,768093
1765836000,"2025-12-15 22:00:00",4307.67,4335.185,4271.575,4302.225,716151
1765922400,"2025-12-16 22:00:00",4303.6,4349.28,4302.405,4337.83,718404
1766008800,"2025-12-17 22:00:00",4338.89,4374.655,4308.67,4332.59,929628
1766095200,"2025-12-18 22:00:00",4335.855,4356.625,4309.095,4338.765,679583
1766354400,"2025-12-21 22:00:00",4340.905,4449.385,4339.9,4443.74,664280
1766440800,"2025-12-22 22:00:00",4449.18,4499.82,4430.515,4484.55,974310
1766527200,"2025-12-23 22:00:00",4488.59,4526.15,4448.26,4479.415,1016090
1766700000,"2025-12-25 22:00:00",4502.625,4550.15,4484.195,4533.21,1329442
1766959200,"2025-12-28 22:00:00",4542.66,4548.35,4302.11,4332.56,1404638
1767045600,"2025-12-29 22:00:00",4341.72,4404.375,4323.42,4339.395,1348201
1767132000,"2025-12-30 22:00:00",4341.77,4373.59,4274.025,4322.61,1255566
1767304800,"2026-01-01 22:00:00",4326.405,4402.295,4309.915,4332.065,907045
1767564000,"2026-01-04 22:00:00",4356.505,4455.77,4349.355,4449.17,1055909
1767650400,"2026-01-05 22:00:00",4454.8,4497.31,4427.635,4494.635,982006
1767736800,"2026-01-06 22:00:00",4498.54,4500.56,4423.385,4456.65,972081
1767823200,"2026-01-07 22:00:00",4461.955,4479.71,4407.835,4477.565,1196950
1767909600,"2026-01-08 22:00:00",4476.635,4517.25,4452.92,4509.66,896412
1768168800,"2026-01-11 22:00:00",4521.495,4630.19,4521.19,4597.65,1181887
1768255200,"2026-01-12 22:00:00",4597.62,4634.89,4569.47,4586.005,1075479
1768341600,"2026-01-13 22:00:00",4591.935,4642.97,4591.495,4626.575,1078344
1768428000,"2026-01-14 22:00:00",4624.17,4625.015,4581.065,4616.04,1129346
1768514400,"2026-01-15 22:00:00",4619.075,4620.975,4536.49,4596.32,918103
1768773600,"2026-01-18 22:00:00",4649.78,4690.94,4646.135,4670.295,603797
1768860000,"2026-01-19 22:00:00",4668.575,4766.4,4659.395,4763.37,837956
1768946400,"2026-01-20 22:00:00",4762.815,4888.545,4755.075,4831.38,1218823
1769032800,"2026-01-21 22:00:00",4816.795,4940.885,4772.27,4936.075,919080
1769119200,"2026-01-22 22:00:00",4952.295,4990.12,4899.795,4987.545,887322
1769378400,"2026-01-25 22:00:00",5015.63,5111.51,4990.215,5008.875,1521879
1769464800,"2026-01-26 22:00:00",5035.795,5190.51,5013.875,5180.625,1259046
1769551200,"2026-01-27 22:00:00",5181.64,5419.645,5157.21,5418.545,1604379
1769637600,"2026-01-28 22:00:00",5446.995,5602.225,5097.215,5370.23,2135665
1769724000,"2026-01-29 22:00:00",5419.64,5451.16,4679.51,4895.44,2683129
1769983200,"2026-02-01 22:00:00",4833.89,4884.56,4402.38,4661.055,2548266
1770069600,"2026-02-02 22:00:00",4704.095,4993.835,4695.53,4946.805,1758209
1770156000,"2026-02-03 22:00:00",4959.765,5091.93,4848.405,4964.455,1372095
1770242400,"2026-02-04 22:00:00",4995.96,5024.03,4759.48,4780.675,1835154
1770328800,"2026-02-05 22:00:00",4778.27,4971.34,4655.23,4964.62,1336545
1770588000,"2026-02-08 22:00:00",4989.93,5086.68,4965.42,5057.775,978320
1770674400,"2026-02-09 22:00:00",5057.535,5078.745,4987.385,5025.12,933647
1770760800,"2026-02-10 22:00:00",5033.585,5119.345,5019.715,5084.28,896564
1770847200,"2026-02-11 22:00:00",5095.495,5095.915,4878.5,4922.08,1007596
1770933600,"2026-02-12 22:00:00",4888.315,5046.48,4888.315,5042.74,895228
1771192800,"2026-02-15 22:00:00",5017.145,5032.565,4964.865,4992.005,396800
1771279200,"2026-02-16 22:00:00",4997.26,5001.24,4842.6,4877.855,981481
1771365600,"2026-02-17 22:00:00",4871.135,5010.915,4854.24,4977.26,656359
1771452000,"2026-02-18 22:00:00",4973.795,5022.385,4960.645,4996.49,615915
1771538400,"2026-02-19 22:00:00",5000.805,5108.72,4981.67,5108.255,791257
1771797600,"2026-02-22 22:00:00",5118.71,5237.95,5117.815,5226.87,785577
1771884000,"2026-02-23 22:00:00",5244.98,5250.005,5093.225,5143.925,848728
1771970400,"2026-02-24 22:00:00",5135.495,5217.78,5128.285,5163.58,689853
1772056800,"2026-02-25 22:00:00",5173.57,5205.64,5130.235,5185.17,854716
1772143200,"2026-02-26 22:00:00",5182.035,5281.155,5166.995,5278.51,814541
1772402400,"2026-03-01 22:00:00",5368.53,5419.66,5260.285,5321.935,1287427
1772488800,"2026-03-02 22:00:00",5344.96,5379.975,4996.275,5088.835,1617383
1772575200,"2026-03-03 22:00:00",5106.335,5206.265,5105.37,5140.945,1224059
1772661600,"2026-03-04 22:00:00",5152.485,5195.22,5050.905,5081.38,1240770
1772748000,"2026-03-05 22:00:00",5090.81,5176.63,5063.215,5171.5,1161417
1773003600,"2026-03-08 21:00:00",5171.95,5171.95,5015.045,5137.91,1394107
1773090000,"2026-03-09 21:00:00",5128.805,5238.775,5117.355,5192.51,833109
1773176400,"2026-03-10 21:00:00",5191.79,5223.385,5149.155,5176.48,630037
1773262800,"2026-03-11 21:00:00",5178.045,5191.79,5055.125,5079.255,804529
1773349200,"2026-03-12 21:00:00",5083.865,5128.475,5009.745,5020.6,695124
1773608400,"2026-03-15 21:00:00",5014.955,5038.145,4967.775,5006.565,865975
1773694800,"2026-03-16 21:00:00",5011.11,5044.9,4973.72,5005.725,665101
1773781200,"2026-03-17 21:00:00",5001.96,5016.53,4806.845,4818.415,908731
1773867600,"2026-03-18 21:00:00",4824.645,4867.225,4502.365,4650.72,1777919
1773954000,"2026-03-19 21:00:00",4659.99,4736.175,4477.54,4497.48,1538222
1774213200,"2026-03-22 21:00:00",4472.24,4536.415,4099.125,4406.505,2759675
1774299600,"2026-03-23 21:00:00",4382.825,4484.495,4305.88,4474.275,2120905
1774386000,"2026-03-24 21:00:00",4476.635,4602.645,4455.885,4506.845,1234234
1774472400,"2026-03-25 21:00:00",4521.855,4544.815,4351.355,4378.2,1545708
1774558800,"2026-03-26 21:00:00",4388.67,4555.63,4375.525,4493.685,1017271
1774818000,"2026-03-29 21:00:00",4512.54,4580.73,4417.43,4510.65,1310697
1774904400,"2026-03-30 21:00:00",4517.71,4687.335,4482.66,4667.875,1298919
1774990800,"2026-03-31 21:00:00",4674.535,4793.195,4662.125,4758.2,1062604
1775077200,"2026-04-01 21:00:00",4758.465,4800.8,4553.85,4676.745,1477021
1775422800,"2026-04-05 21:00:00",4638.25,4706.875,4600.85,4649.995,915070
1775509200,"2026-04-06 21:00:00",4661.755,4718.96,4607.63,4704.81,1215752
1775595600,"2026-04-07 21:00:00",4741.845,4858.215,4699.305,4718.96,1158729
1775682000,"2026-04-08 21:00:00",4727.55,4801.39,4698.725,4765.405,949417
1775768400,"2026-04-09 21:00:00",4772.62,4794.98,4730.74,4749.685,772355
1776027600,"2026-04-12 21:00:00",4670.425,4750.205,4644.465,4740.34,950060
1776114000,"2026-04-13 21:00:00",4746.92,4846.37,4745.84,4841.76,745834
1776200400,"2026-04-14 21:00:00",4849.155,4871.38,4786.08,4790.94,741540
1776286800,"2026-04-15 21:00:00",4798.465,4838.56,4772.575,4790.66,740854
1776373200,"2026-04-16 21:00:00",4793.945,4891.54,4767.845,4831.61,893667
1776632400,"2026-04-19 21:00:00",4774.815,4827.695,4736.83,4820.115,868597
1776718800,"2026-04-20 21:00:00",4825.135,4833.405,4668.62,4720.685,1053867
1776805200,"2026-04-21 21:00:00",4726.085,4772.385,4715.78,4740.455,701691
1776891600,"2026-04-22 21:00:00",4741.96,4754.2,4664.38,4694.09,1057518
1776978000,"2026-04-23 21:00:00",4695.935,4740.57,4658.03,4709.75,876536
1777237200,"2026-04-26 21:00:00",4696.875,4729.965,4667.335,4681.955,710688
1777323600,"2026-04-27 21:00:00",4682.585,4701.64,4555.135,4596.8,1005672
1777410000,"2026-04-28 21:00:00",4598.745,4610.535,4510.095,4543.715,1088682
1777496400,"2026-04-29 21:00:00",4540.13,4647.045,4539.685,4622.065,959728
1777582800,"2026-04-30 21:00:00",4629.515,4660.585,4560.32,4613.835,798462
1777842000,"2026-05-03 21:00:00",4625.35,4629.465,4501.035,4524.115,974935
1777928400,"2026-05-04 21:00:00",4520.775,4586.605,4513.655,4557.535,426094
1778014800,"2026-05-05 21:00:00",4552.07,4723.14,4546.36,4690.91,702590
1778101200,"2026-05-06 21:00:00",4690.165,4764.905,4685.275,4687.18,779702
1778187600,"2026-05-07 21:00:00",4694.565,4749.58,4682.045,4715.715,640071
1778446800,"2026-05-10 21:00:00",4687.43,4748.95,4648.09,4735.455,599033
1778533200,"2026-05-11 21:00:00",4740.565,4773.575,4638.365,4715.495,762744
1778619600,"2026-05-12 21:00:00",4719.905,4727.03,4669.525,4689.14,591544
1778706000,"2026-05-13 21:00:00",4693.605,4718.88,4644.31,4652.27,638104
1778792400,"2026-05-14 21:00:00",4654.08,4665.445,4510.985,4540.645,982982
1779051600,"2026-05-17 21:00:00",4545.805,4584.375,4480.41,4566.16,942372
1779138000,"2026-05-18 21:00:00",4570.36,4589.58,4464.78,4482.115,747172
1779224400,"2026-05-19 21:00:00",4484.735,4553.045,4453.39,4543.705,773910
1779310800,"2026-05-20 21:00:00",4544.62,4570.895,4488.63,4543.425,901259
1779397200,"2026-05-21 21:00:00",4544.905,4545.26,4491.93,4509.69,659163
1779656400,"2026-05-24 21:00:00",4550.54,4580.21,4548.91,4570.315,400743
1779742800,"2026-05-25 21:00:00",4571.33,4580.245,4482.62,4507.57,603827
1779829200,"2026-05-26 21:00:00",4506.725,4528.05,4401.63,4456.12,658511
1779915600,"2026-05-27 21:00:00",4456.89,4516.63,4366.23,4495.825,742857
1780002000,"2026-05-28 21:00:00",4497.085,4526.2,4488.975,4523.85,176551
