timestamp,datetime,open,high,low,close,volume
1735772400,"2025-01-01 23:00:00",2625.07,2625.675,2621.775,2623.815,3107
1735776000,"2025-01-02 00:00:00",2623.81,2627.96,2622.765,2625.42,5103
1735779600,"2025-01-02 01:00:00",2625.415,2634.56,2623.895,2633.045,22630
1735783200,"2025-01-02 02:00:00",2633.03,2636.59,2632.365,2634.775,14712
1735786800,"2025-01-02 03:00:00",2634.835,2635.475,2632.315,2633.715,10112
1735790400,"2025-01-02 04:00:00",2633.71,2634.29,2631.18,2634.095,6541
1735794000,"2025-01-02 05:00:00",2634.075,2636.55,2633.14,2634.08,10044
1735797600,"2025-01-02 06:00:00",2634.02,2635.425,2631.365,2634.27,13232
1735801200,"2025-01-02 07:00:00",2634.265,2636.1,2633.065,2636.06,11690
1735804800,"2025-01-02 08:00:00",2636.075,2637.815,2631.145,2636.55,16352
1735808400,"2025-01-02 09:00:00",2636.535,2640,2636.085,2636.2,14363
1735812000,"2025-01-02 10:00:00",2636.195,2646.38,2632.805,2642.765,20550
1735815600,"2025-01-02 11:00:00",2642.77,2644.685,2640.35,2641.98,12281
1735819200,"2025-01-02 12:00:00",2641.995,2646.49,2640.395,2643.435,16224
1735822800,"2025-01-02 13:00:00",2643.425,2647.365,2636.155,2643.005,30963
1735826400,"2025-01-02 14:00:00",2642.935,2651.11,2640.42,2647.625,31550
1735830000,"2025-01-02 15:00:00",2647.58,2655.995,2645.235,2654.17,41190
1735833600,"2025-01-02 16:00:00",2654.175,2660.535,2650.085,2659.355,32669
1735837200,"2025-01-02 17:00:00",2659.405,2660.605,2652.595,2656.625,13736
1735840800,"2025-01-02 18:00:00",2656.64,2658.91,2653.87,2655.455,11793
1735844400,"2025-01-02 19:00:00",2655.44,2657.17,2653.86,2654.75,14152
1735848000,"2025-01-02 20:00:00",2654.815,2660.565,2654.18,2659.84,13275
1735851600,"2025-01-02 21:00:00",2659.77,2660.25,2656.61,2658.23,1927
1735858800,"2025-01-02 23:00:00",2657.82,2659.655,2657.745,2658.44,3102
1735862400,"2025-01-03 00:00:00",2658.485,2661.22,2658.42,2660.845,6452
1735866000,"2025-01-03 01:00:00",2660.85,2662.645,2656.76,2659.575,15811
1735869600,"2025-01-03 02:00:00",2659.53,2664.135,2656.305,2662.565,16444
1735873200,"2025-01-03 03:00:00",2662.57,2665.405,2661.35,2662.355,11262
1735876800,"2025-01-03 04:00:00",2662.33,2664.41,2661.85,2662.94,5300
1735880400,"2025-01-03 05:00:00",2662.97,2662.995,2655.955,2658.685,9593
1735884000,"2025-01-03 06:00:00",2658.69,2660.42,2656.785,2659.665,9709
1735887600,"2025-01-03 07:00:00",2659.68,2659.68,2651.925,2654.24,12741
1735891200,"2025-01-03 08:00:00",2654.2,2655.83,2649.95,2652.98,14376
1735894800,"2025-01-03 09:00:00",2652.965,2656.02,2652.835,2653.68,11549
1735898400,"2025-01-03 10:00:00",2653.665,2658.08,2653.16,2657.78,9728
1735902000,"2025-01-03 11:00:00",2657.73,2659.345,2656.365,2657.655,10309
1735905600,"2025-01-03 12:00:00",2657.645,2658.445,2654.875,2655.345,11664
1735909200,"2025-01-03 13:00:00",2655.34,2656.385,2643.57,2649.875,24906
1735912800,"2025-01-03 14:00:00",2649.885,2652.725,2645.225,2647.835,31055
1735916400,"2025-01-03 15:00:00",2647.185,2648.35,2641.045,2643.94,38054
1735920000,"2025-01-03 16:00:00",2643.93,2647.325,2639.14,2640.07,22167
1735923600,"2025-01-03 17:00:00",2640.005,2642.705,2639.185,2641.915,12674
1735927200,"2025-01-03 18:00:00",2641.895,2642.4,2639.805,2641.985,13255
1735930800,"2025-01-03 19:00:00",2641.95,2643.04,2639.175,2639.535,6633
1735934400,"2025-01-03 20:00:00",2639.495,2640.215,2637.04,2638.355,6204
1735938000,"2025-01-03 21:00:00",2638.37,2640.88,2636.705,2639.725,3102
1736118000,"2025-01-05 23:00:00",2639.88,2642.545,2639.745,2641.085,3832
1736121600,"2025-01-06 00:00:00",2641.045,2643.385,2638.75,2643.3,6447
1736125200,"2025-01-06 01:00:00",2643.28,2647.49,2640.85,2641.46,20376
1736128800,"2025-01-06 02:00:00",2641.41,2645.35,2639.885,2644.6,13730
1736132400,"2025-01-06 03:00:00",2644.605,2645.38,2639.285,2640.28,9737
1736136000,"2025-01-06 04:00:00",2640.275,2640.85,2634.4,2635.51,9398
1736139600,"2025-01-06 05:00:00",2635.515,2636.275,2631.66,2634,15496
1736143200,"2025-01-06 06:00:00",2634.01,2635.38,2630.37,2631.57,12238
1736146800,"2025-01-06 07:00:00",2631.545,2633.74,2625.26,2626.905,11144
1736150400,"2025-01-06 08:00:00",2626.94,2632.635,2625.855,2631.585,13540
1736154000,"2025-01-06 09:00:00",2631.585,2635.83,2631.265,2632.805,12703
1736157600,"2025-01-06 10:00:00",2632.815,2635.085,2631.06,2633.845,9418
1736161200,"2025-01-06 11:00:00",2633.84,2649.52,2632.645,2645.68,28776
1736164800,"2025-01-06 12:00:00",2645.695,2648.05,2642.02,2645.535,19614
1736168400,"2025-01-06 13:00:00",2645.505,2648.955,2621.775,2624.38,40611
1736172000,"2025-01-06 14:00:00",2624.33,2635.085,2614.635,2631.44,50439
1736175600,"2025-01-06 15:00:00",2631.48,2639.73,2629.49,2634.33,36180
1736179200,"2025-01-06 16:00:00",2634.345,2641.305,2632.575,2640.815,23823
1736182800,"2025-01-06 17:00:00",2640.83,2641.1,2634.295,2636.73,11467
1736186400,"2025-01-06 18:00:00",2636.755,2638.69,2633.855,2634.645,13418
1736190000,"2025-01-06 19:00:00",2634.62,2635.605,2632.99,2634.44,9105
1736193600,"2025-01-06 20:00:00",2634.455,2635.535,2633.235,2634.625,5282
1736197200,"2025-01-06 21:00:00",2634.615,2637.115,2634.615,2636.105,2249
1736204400,"2025-01-06 23:00:00",2635.965,2636.235,2633.62,2634.68,2120
1736208000,"2025-01-07 00:00:00",2634.7,2635.275,2633,2635.1,4389
1736211600,"2025-01-07 01:00:00",2635.075,2641.23,2634.85,2639.045,17956
1736215200,"2025-01-07 02:00:00",2639.035,2640.19,2637.07,2638.645,10112
1736218800,"2025-01-07 03:00:00",2638.655,2640.295,2637.64,2639.65,5149
1736222400,"2025-01-07 04:00:00",2639.645,2639.88,2637.38,2638.325,5562
1736226000,"2025-01-07 05:00:00",2638.3,2645.785,2637.175,2644.54,12079
1736229600,"2025-01-07 06:00:00",2644.485,2646.77,2639.955,2640.3,13057
1736233200,"2025-01-07 07:00:00",2640.265,2642.26,2638.14,2640.65,13187
1736236800,"2025-01-07 08:00:00",2640.615,2644.845,2640.145,2642.705,14224
1736240400,"2025-01-07 09:00:00",2642.72,2644.21,2640.22,2641.495,10856
1736244000,"2025-01-07 10:00:00",2641.48,2644.78,2641.395,2643.97,9760
1736247600,"2025-01-07 11:00:00",2643.98,2648.775,2642.035,2648.495,9525
1736251200,"2025-01-07 12:00:00",2648.545,2652.785,2647.47,2651.745,15892
1736254800,"2025-01-07 13:00:00",2651.735,2664.33,2650.03,2662.46,33712
1736258400,"2025-01-07 14:00:00",2662.465,2663.075,2655.845,2658.41,30190
1736262000,"2025-01-07 15:00:00",2657.275,2657.275,2642.05,2647.78,48964
1736265600,"2025-01-07 16:00:00",2647.775,2655.72,2646.47,2651.865,32371
1736269200,"2025-01-07 17:00:00",2651.88,2656.135,2650.385,2652.65,20583
1736272800,"2025-01-07 18:00:00",2652.625,2652.73,2647.39,2649.235,22512
1736276400,"2025-01-07 19:00:00",2649.24,2650.485,2647.08,2649.42,16035
1736280000,"2025-01-07 20:00:00",2649.41,2651.525,2647.23,2650.505,12435
1736283600,"2025-01-07 21:00:00",2650.535,2650.535,2647.835,2648.625,1406
1736290800,"2025-01-07 23:00:00",2648.655,2650.31,2648.355,2649.825,2659
1736294400,"2025-01-08 00:00:00",2649.75,2651.57,2648.735,2650.65,5456
1736298000,"2025-01-08 01:00:00",2650.645,2650.965,2647.21,2648.865,19076
1736301600,"2025-01-08 02:00:00",2648.86,2650.385,2646,2648.915,13504
1736305200,"2025-01-08 03:00:00",2648.845,2648.875,2645.7,2646.875,9955
1736308800,"2025-01-08 04:00:00",2646.86,2648.79,2645.37,2647.095,7816
1736312400,"2025-01-08 05:00:00",2647.1,2650.77,2646.765,2650.055,11464
1736316000,"2025-01-08 06:00:00",2650.025,2653.145,2649.01,2652.265,13031
1736319600,"2025-01-08 07:00:00",2652.275,2654.515,2651.67,2652.69,10706
1736323200,"2025-01-08 08:00:00",2652.745,2653.835,2649.64,2652.04,15649
1736326800,"2025-01-08 09:00:00",2652.055,2655.015,2651.855,2653.605,12117
1736330400,"2025-01-08 10:00:00",2653.625,2655.24,2652.71,2653.175,9840
1736334000,"2025-01-08 11:00:00",2653.185,2653.185,2647.68,2650.89,19814
1736337600,"2025-01-08 12:00:00",2650.87,2652.505,2645.895,2652.115,21145
1736341200,"2025-01-08 13:00:00",2652.12,2660.37,2651.68,2660.225,35765
1736344800,"2025-01-08 14:00:00",2660.23,2667.675,2660.045,2661.545,35627
1736348400,"2025-01-08 15:00:00",2661.465,2667.86,2659.415,2665.965,26009
1736352000,"2025-01-08 16:00:00",2665.96,2670.15,2662.705,2669.665,21530
1736355600,"2025-01-08 17:00:00",2669.7,2669.87,2649.495,2655.685,23689
1736359200,"2025-01-08 18:00:00",2655.69,2659.225,2651.69,2653.365,14889
1736362800,"2025-01-08 19:00:00",2653.37,2660.66,2652.635,2658.42,17433
1736366400,"2025-01-08 20:00:00",2658.43,2664.115,2658.425,2663.54,14140
1736370000,"2025-01-08 21:00:00",2663.53,2664.105,2661.235,2661.655,4564
1736377200,"2025-01-08 23:00:00",2662.24,2663.3,2662.185,2662.65,1841
1736380800,"2025-01-09 00:00:00",2662.66,2662.87,2659.595,2660.01,3821
1736384400,"2025-01-09 01:00:00",2660.005,2661.52,2657.365,2658.57,14756
1736388000,"2025-01-09 02:00:00",2658.56,2660.2,2656.43,2658.815,8985
1736391600,"2025-01-09 03:00:00",2658.82,2662.225,2658.605,2659.465,8236
1736395200,"2025-01-09 04:00:00",2659.435,2659.805,2655.635,2659.12,6709
1736398800,"2025-01-09 05:00:00",2659.105,2661.07,2657.7,2658.435,9817
1736402400,"2025-01-09 06:00:00",2658.44,2666.98,2658.42,2666.83,10420
1736406000,"2025-01-09 07:00:00",2666.845,2666.845,2662.28,2662.405,10367
1736409600,"2025-01-09 08:00:00",2662.38,2666.95,2660.5,2664.44,17600
1736413200,"2025-01-09 09:00:00",2664.455,2666.65,2662.345,2665.035,11831
1736416800,"2025-01-09 10:00:00",2665.04,2668.695,2664.565,2667.545,10687
1736420400,"2025-01-09 11:00:00",2667.54,2673.33,2665.345,2670.285,13093
1736424000,"2025-01-09 12:00:00",2670.31,2675.2,2669.61,2674.09,11968
1736427600,"2025-01-09 13:00:00",2674.135,2678.405,2672.045,2672.74,24685
1736431200,"2025-01-09 14:00:00",2672.745,2675.79,2667.35,2672.545,18010
1736434800,"2025-01-09 15:00:00",2672.56,2675.445,2668.175,2668.435,18865
1736438400,"2025-01-09 16:00:00",2668.395,2671.06,2666.38,2667.7,15424
1736442000,"2025-01-09 17:00:00",2667.69,2668.71,2662.81,2665.995,13077
1736445600,"2025-01-09 18:00:00",2665.96,2672.61,2665.085,2671.435,12054
1736449200,"2025-01-09 19:00:00",2671.515,2671.805,2668.7,2670.26,5704
1736452800,"2025-01-09 20:00:00",2670.19,2670.965,2669.35,2669.605,2702
1736456400,"2025-01-09 21:00:00",2669.65,2671.5,2669.08,2670.34,1459
1736463600,"2025-01-09 23:00:00",2670.45,2670.99,2668.57,2670.08,2455
1736467200,"2025-01-10 00:00:00",2670.125,2671.24,2669.015,2670.54,6361
1736470800,"2025-01-10 01:00:00",2670.575,2672.095,2669.305,2671.09,13021
1736474400,"2025-01-10 02:00:00",2671.075,2674.795,2670.56,2673.495,10841
1736478000,"2025-01-10 03:00:00",2673.48,2674.86,2672.575,2673.755,6168
1736481600,"2025-01-10 04:00:00",2673.785,2674.095,2671.82,2671.86,5181
1736485200,"2025-01-10 05:00:00",2671.85,2675.97,2671.65,2675.095,9963
1736488800,"2025-01-10 06:00:00",2675.08,2678.565,2674.335,2678.335,10811
1736492400,"2025-01-10 07:00:00",2678.33,2678.79,2673.5,2676.285,12427
1736496000,"2025-01-10 08:00:00",2676.28,2680.475,2675.81,2680.165,15932
1736499600,"2025-01-10 09:00:00",2680.15,2682.485,2677.72,2678.485,14578
1736503200,"2025-01-10 10:00:00",2678.505,2682.73,2678.2,2681.055,14748
1736506800,"2025-01-10 11:00:00",2681.05,2683.13,2680.28,2681.37,12899
1736510400,"2025-01-10 12:00:00",2681.365,2681.43,2674.86,2678.45,18543
1736514000,"2025-01-10 13:00:00",2678.46,2683.845,2664.075,2682.675,46032
1736517600,"2025-01-10 14:00:00",2682.625,2693.395,2681,2688.31,47046
1736521200,"2025-01-10 15:00:00",2687.215,2697.95,2682.6,2692.745,41569
1736524800,"2025-01-10 16:00:00",2692.73,2697.195,2686.795,2696.41,36294
1736528400,"2025-01-10 17:00:00",2696.455,2697.795,2692.46,2696.13,17471
1736532000,"2025-01-10 18:00:00",2696.155,2697.26,2685.15,2687.43,20343
1736535600,"2025-01-10 19:00:00",2687.42,2687.94,2684.615,2685.91,18235
1736539200,"2025-01-10 20:00:00",2685.905,2690.99,2684.68,2690.735,13962
1736542800,"2025-01-10 21:00:00",2690.675,2693.485,2688.97,2689.375,5004
1736722800,"2025-01-12 23:00:00",2689.32,2691.245,2687.575,2691.21,4852
1736726400,"2025-01-13 00:00:00",2691.19,2693.555,2688.225,2689.675,4761
1736730000,"2025-01-13 01:00:00",2689.75,2689.935,2679.315,2685.725,40741
1736733600,"2025-01-13 02:00:00",2685.745,2690.635,2685.02,2688.725,20189
1736737200,"2025-01-13 03:00:00",2688.635,2688.805,2685.46,2688.055,16888
1736740800,"2025-01-13 04:00:00",2688.02,2690.94,2684.45,2686.105,13029
1736744400,"2025-01-13 05:00:00",2686.12,2687.03,2683.39,2686.98,19427
1736748000,"2025-01-13 06:00:00",2687.005,2691.325,2687.005,2690.04,14690
1736751600,"2025-01-13 07:00:00",2689.99,2690.56,2684.465,2685.27,22452
1736755200,"2025-01-13 08:00:00",2685.295,2689.83,2684.105,2687.115,26067
1736758800,"2025-01-13 09:00:00",2687.145,2688.525,2683.25,2684.84,29531
1736762400,"2025-01-13 10:00:00",2684.795,2685.08,2677.435,2679.53,23068
1736766000,"2025-01-13 11:00:00",2679.56,2680.71,2675.54,2676,20107
1736769600,"2025-01-13 12:00:00",2675.975,2677.245,2664.265,2671.33,31082
1736773200,"2025-01-13 13:00:00",2671.425,2672.495,2663.76,2669.3,38923
1736776800,"2025-01-13 14:00:00",2669.28,2674.3,2664.185,2671.9,41686
1736780400,"2025-01-13 15:00:00",2671.825,2672.96,2661.09,2661.93,33620
1736784000,"2025-01-13 16:00:00",2661.88,2668.08,2660.805,2661.35,17043
1736787600,"2025-01-13 17:00:00",2661.43,2664.245,2659.345,2660.915,13293
1736791200,"2025-01-13 18:00:00",2660.96,2662.51,2657.635,2659.37,11852
1736794800,"2025-01-13 19:00:00",2659.375,2660.69,2656.835,2658.97,11000
1736798400,"2025-01-13 20:00:00",2658.965,2662.875,2658.805,2662.32,5884
1736802000,"2025-01-13 21:00:00",2662.235,2664.305,2660.93,2663.21,2548
1736809200,"2025-01-13 23:00:00",2664.465,2669.455,2664.355,2667.99,4310
1736812800,"2025-01-14 00:00:00",2667.995,2671.165,2666.455,2670.475,5623
1736816400,"2025-01-14 01:00:00",2670.47,2672.21,2667.96,2670.78,20001
1736820000,"2025-01-14 02:00:00",2670.77,2672.28,2668.665,2670.515,14370
1736823600,"2025-01-14 03:00:00",2670.5,2672.415,2668.935,2669.84,11508
1736827200,"2025-01-14 04:00:00",2669.835,2674.07,2668.475,2673.62,8363
1736830800,"2025-01-14 05:00:00",2673.645,2675.365,2667.445,2668.55,12827
1736834400,"2025-01-14 06:00:00",2668.595,2669.695,2667.485,2669.14,11211
1736838000,"2025-01-14 07:00:00",2669.155,2670.945,2667.215,2669.235,16407
1736841600,"2025-01-14 08:00:00",2669.295,2674.635,2667.375,2671.08,22706
1736845200,"2025-01-14 09:00:00",2671.06,2671.65,2664.86,2667.255,18202
1736848800,"2025-01-14 10:00:00",2667.27,2669.01,2664.755,2666.77,18146
1736852400,"2025-01-14 11:00:00",2666.8,2669.91,2664.53,2669.38,18141
1736856000,"2025-01-14 12:00:00",2669.375,2671.69,2666.645,2668.45,17779
1736859600,"2025-01-14 13:00:00",2668.42,2674.495,2660.798,2663.045,42827
1736863200,"2025-01-14 14:00:00",2662.985,2666.035,2659.89,2665.23,45675
1736866800,"2025-01-14 15:00:00",2665.26,2672.835,2665.14,2671.83,38991
1736870400,"2025-01-14 16:00:00",2671.815,2674.07,2669.85,2671.68,27782
1736874000,"2025-01-14 17:00:00",2671.615,2672.025,2668.065,2669.045,12049
1736877600,"2025-01-14 18:00:00",2668.975,2672.635,2666.725,2672.44,12598
1736881200,"2025-01-14 19:00:00",2672.435,2676.4,2671.97,2674.335,11813
1736884800,"2025-01-14 20:00:00",2674.34,2676.535,2671.925,2676.515,8798
1736888400,"2025-01-14 21:00:00",2676.508,2678.395,2675.845,2677.51,2599
1736895600,"2025-01-14 23:00:00",2676.94,2677.31,2674.05,2675.66,1956
1736899200,"2025-01-15 00:00:00",2675.68,2676.075,2672.655,2672.785,2837
1736902800,"2025-01-15 01:00:00",2672.805,2674.365,2669.84,2669.91,8972
1736906400,"2025-01-15 02:00:00",2669.905,2675.06,2669.365,2673.5,10338
1736910000,"2025-01-15 03:00:00",2673.455,2676.44,2672.385,2676.185,7626
1736913600,"2025-01-15 04:00:00",2676.21,2676.775,2674.26,2675.61,6895
1736917200,"2025-01-15 05:00:00",2675.595,2679.425,2674.55,2679.36,12749
1736920800,"2025-01-15 06:00:00",2679.375,2683.475,2679.23,2681.055,10687
1736924400,"2025-01-15 07:00:00",2681.015,2684.26,2680.075,2681.455,12053
1736928000,"2025-01-15 08:00:00",2681.48,2685.425,2681.29,2684.06,16396
1736931600,"2025-01-15 09:00:00",2684.045,2688.565,2683.04,2685.975,14122
1736935200,"2025-01-15 10:00:00",2686.005,2689.02,2684.735,2688.44,13445
1736938800,"2025-01-15 11:00:00",2688.57,2688.945,2685.175,2686.88,17395
1736942400,"2025-01-15 12:00:00",2686.89,2687.515,2684.155,2684.695,18861
1736946000,"2025-01-15 13:00:00",2684.805,2694.28,2682.16,2693.805,49054
1736949600,"2025-01-15 14:00:00",2693.83,2696.045,2677.95,2682.135,57657
1736953200,"2025-01-15 15:00:00",2682.13,2683.225,2676.755,2678.55,44317
1736956800,"2025-01-15 16:00:00",2678.615,2689.97,2677.03,2689.385,28530
1736960400,"2025-01-15 17:00:00",2689.46,2693.09,2688.53,2692.81,16154
1736964000,"2025-01-15 18:00:00",2692.78,2694.995,2691.16,2694.185,18458
1736967600,"2025-01-15 19:00:00",2694.19,2695.255,2692.645,2694.1,10720
1736971200,"2025-01-15 20:00:00",2694.115,2696.63,2693.285,2696.375,8834
1736974800,"2025-01-15 21:00:00",2696.45,2697.42,2694.04,2696.265,3609
1736982000,"2025-01-15 23:00:00",2696.16,2697.665,2694.71,2695.035,2499
1736985600,"2025-01-16 00:00:00",2695.085,2698.205,2693.03,2695.26,10104
1736989200,"2025-01-16 01:00:00",2695.255,2702.26,2694.455,2696.245,26943
1736992800,"2025-01-16 02:00:00",2696.335,2698.235,2695.33,2697.57,15314
1736996400,"2025-01-16 03:00:00",2697.54,2698.4,2695.63,2697.238,11498
1737000000,"2025-01-16 04:00:00",2697.218,2698.09,2696.715,2697.39,6727
1737003600,"2025-01-16 05:00:00",2697.33,2697.475,2693.8,2694.825,13684
1737007200,"2025-01-16 06:00:00",2694.87,2695.72,2690.05,2693.98,14890
1737010800,"2025-01-16 07:00:00",2693.97,2700.035,2693.48,2698.325,20530
1737014400,"2025-01-16 08:00:00",2698.395,2703.435,2697.185,2699,22347
1737018000,"2025-01-16 09:00:00",2699.035,2706.175,2697.58,2705.39,22909
1737021600,"2025-01-16 10:00:00",2705.43,2708.58,2704.795,2707.835,13997
1737025200,"2025-01-16 11:00:00",2707.85,2711.22,2706.29,2706.475,16014
1737028800,"2025-01-16 12:00:00",2706.45,2707.315,2700.295,2703.77,24948
1737032400,"2025-01-16 13:00:00",2703.755,2718.41,2701.37,2715.385,40982
1737036000,"2025-01-16 14:00:00",2715.43,2719.33,2712.95,2718.495,37468
1737039600,"2025-01-16 15:00:00",2718.59,2719.6,2712.63,2716.95,47739
1737043200,"2025-01-16 16:00:00",2717.035,2722.595,2716.76,2720.465,37499
1737046800,"2025-01-16 17:00:00",2720.46,2724.785,2719.64,2721.785,19924
1737050400,"2025-01-16 18:00:00",2721.855,2723.365,2714.805,2715.235,13401
1737054000,"2025-01-16 19:00:00",2715.24,2717.265,2714.68,2715.27,7780
1737057600,"2025-01-16 20:00:00",2715.33,2717.03,2714.375,2715.875,6179
1737061200,"2025-01-16 21:00:00",2715.76,2715.94,2712.57,2714.87,3951
1737068400,"2025-01-16 23:00:00",2714.215,2715.275,2712.455,2714.635,2239
1737072000,"2025-01-17 00:00:00",2714.63,2716.23,2713.92,2714.79,5572
1737075600,"2025-01-17 01:00:00",2714.78,2714.895,2709.965,2714.75,19121
1737079200,"2025-01-17 02:00:00",2714.79,2717.16,2713.955,2715.985,13770
1737082800,"2025-01-17 03:00:00",2715.875,2717.43,2714.69,2715.495,9061
1737086400,"2025-01-17 04:00:00",2715.485,2716.58,2714.345,2714.78,6664
1737090000,"2025-01-17 05:00:00",2714.74,2715.53,2711.185,2711.61,13222
1737093600,"2025-01-17 06:00:00",2711.615,2713.38,2710.74,2712.75,14139
1737097200,"2025-01-17 07:00:00",2712.715,2714.675,2708.71,2710.57,12752
1737100800,"2025-01-17 08:00:00",2710.62,2713.06,2709.5,2711.755,13669
1737104400,"2025-01-17 09:00:00",2711.75,2712.15,2704.135,2705.13,14436
1737108000,"2025-01-17 10:00:00",2705.12,2706.215,2702.96,2704.055,13460
1737111600,"2025-01-17 11:00:00",2704.075,2708.74,2703.845,2708.135,12636
1737115200,"2025-01-17 12:00:00",2708.185,2711.735,2707.1,2710.885,16397
1737118800,"2025-01-17 13:00:00",2710.87,2712.215,2704.59,2705.14,40783
1737122400,"2025-01-17 14:00:00",2705.125,2712.59,2702.745,2711.75,43596
1737126000,"2025-01-17 15:00:00",2711.74,2715.265,2710.16,2714.36,27926
1737129600,"2025-01-17 16:00:00",2714.365,2717.395,2713.66,2716.08,22583
1737133200,"2025-01-17 17:00:00",2716.075,2716.345,2710.65,2712.67,15193
1737136800,"2025-01-17 18:00:00",2712.685,2713.4,2705.398,2705.625,18056
1737140400,"2025-01-17 19:00:00",2705.63,2707.3,2702.795,2703.11,13029
1737144000,"2025-01-17 20:00:00",2703.125,2704.34,2699.99,2701.128,16384
1737147600,"2025-01-17 21:00:00",2701.108,2703.44,2699.3,2703.15,3267
1737327600,"2025-01-19 23:00:00",2703.135,2703.355,2691.29,2696.585,6806
1737331200,"2025-01-20 00:00:00",2696.515,2696.585,2692.695,2694.685,6015
1737334800,"2025-01-20 01:00:00",2694.665,2696.035,2689.375,2693.97,24429
1737338400,"2025-01-20 02:00:00",2693.995,2698.095,2693.795,2697.61,14968
1737342000,"2025-01-20 03:00:00",2697.62,2704.09,2697.535,2703.505,10065
1737345600,"2025-01-20 04:00:00",2703.49,2706.69,2702.4,2706.05,7756
1737349200,"2025-01-20 05:00:00",2705.99,2707.635,2703.785,2707.36,13594
1737352800,"2025-01-20 06:00:00",2707.37,2713.885,2706.615,2711.855,16182
1737356400,"2025-01-20 07:00:00",2711.79,2712.005,2702.885,2703.53,11393
1737360000,"2025-01-20 08:00:00",2703.515,2708.175,2703.03,2707.06,14303
1737363600,"2025-01-20 09:00:00",2707.03,2708.93,2702.96,2706.135,15464
1737367200,"2025-01-20 10:00:00",2706.13,2709.965,2705.18,2708.59,13734
1737370800,"2025-01-20 11:00:00",2708.635,2712.55,2704.84,2708.515,18005
1737374400,"2025-01-20 12:00:00",2708.555,2710.15,2706.15,2708.32,15731
1737378000,"2025-01-20 13:00:00",2708.275,2710.62,2701.765,2705.27,51020
1737381600,"2025-01-20 14:00:00",2705.3,2712.255,2705.07,2710.515,43014
1737385200,"2025-01-20 15:00:00",2710.445,2710.825,2705.3,2707.135,21292
1737388800,"2025-01-20 16:00:00",2707.145,2709.355,2703.31,2707.745,16839
1737392400,"2025-01-20 17:00:00",2707.74,2710.7,2703.982,2707.535,11293
1737396000,"2025-01-20 18:00:00",2707.595,2711,2705.61,2710.75,12367
1737399600,"2025-01-20 19:00:00",2710.835,2711.375,2707.51,2707.905,3277
1737414000,"2025-01-20 23:00:00",2708.015,2711.28,2706.715,2710.415,4809
1737417600,"2025-01-21 00:00:00",2710.305,2711.705,2702.815,2705.665,17803
1737421200,"2025-01-21 01:00:00",2705.71,2719.408,2703.215,2718.01,34489
1737424800,"2025-01-21 02:00:00",2717.95,2725.775,2717.81,2724.835,25563
1737428400,"2025-01-21 03:00:00",2724.845,2727.015,2721.295,2724.25,18958
1737432000,"2025-01-21 04:00:00",2724.265,2727.925,2723.075,2727.395,13404
1737435600,"2025-01-21 05:00:00",2727.465,2729.265,2725.48,2726.21,15728
1737439200,"2025-01-21 06:00:00",2726.19,2729.415,2723.89,2724.4,16796
1737442800,"2025-01-21 07:00:00",2724.395,2733.06,2722.63,2729.885,18677
1737446400,"2025-01-21 08:00:00",2729.865,2730.152,2721.655,2723.375,25978
1737450000,"2025-01-21 09:00:00",2723.35,2724.13,2718.01,2721.275,27731
1737453600,"2025-01-21 10:00:00",2721.28,2724.205,2719.04,2719.95,22242
1737457200,"2025-01-21 11:00:00",2719.925,2724.705,2716.615,2724.105,17441
1737460800,"2025-01-21 12:00:00",2724.14,2727.33,2721.9,2727.025,25345
1737464400,"2025-01-21 13:00:00",2727.04,2730.13,2724.635,2726.355,36499
1737468000,"2025-01-21 14:00:00",2726.355,2738.69,2725.435,2738.205,38727
1737471600,"2025-01-21 15:00:00",2738.135,2740.55,2734.545,2738.9,38846
1737475200,"2025-01-21 16:00:00",2738.895,2744.965,2737.81,2743.32,25504
1737478800,"2025-01-21 17:00:00",2743.315,2745.785,2740.095,2740.275,12796
1737482400,"2025-01-21 18:00:00",2740.255,2746.055,2739.985,2744.68,12356
1737486000,"2025-01-21 19:00:00",2744.695,2745.585,2741.39,2742.82,9448
1737489600,"2025-01-21 20:00:00",2742.8,2743.345,2740.05,2742.635,8049
1737493200,"2025-01-21 21:00:00",2742.63,2745.81,2742.13,2744.865,2630
1737500400,"2025-01-21 23:00:00",2744.55,2744.905,2741.965,2744.365,6625
1737504000,"2025-01-22 00:00:00",2744.38,2749.17,2742.635,2748.34,7166
1737507600,"2025-01-22 01:00:00",2748.325,2750.025,2746.9,2748.04,20827
1737511200,"2025-01-22 02:00:00",2748.055,2749.755,2746.35,2749.145,17261
1737514800,"2025-01-22 03:00:00",2749.135,2751.275,2748.065,2750.45,12020
1737518400,"2025-01-22 04:00:00",2750.34,2752.925,2749.335,2752.15,6967
1737522000,"2025-01-22 05:00:00",2752.155,2758.67,2750.4,2758.12,15943
1737525600,"2025-01-22 06:00:00",2758.19,2758.275,2745.635,2747.055,28687
1737529200,"2025-01-22 07:00:00",2747.035,2754.09,2746.635,2748.725,15384
1737532800,"2025-01-22 08:00:00",2748.74,2753.865,2746.885,2753.35,22327
1737536400,"2025-01-22 09:00:00",2753.31,2762.41,2753.03,2758.545,18760
1737540000,"2025-01-22 10:00:00",2758.585,2763.435,2758.435,2760.03,12719
1737543600,"2025-01-22 11:00:00",2760.115,2760.47,2756.34,2756.54,10901
1737547200,"2025-01-22 12:00:00",2756.555,2758.785,2751.82,2758.4,14321
1737550800,"2025-01-22 13:00:00",2758.42,2761.765,2751.135,2757.84,35135
1737554400,"2025-01-22 14:00:00",2757.835,2758.395,2750.41,2753.89,39541
1737558000,"2025-01-22 15:00:00",2753.925,2760.375,2750.55,2759.475,28834
1737561600,"2025-01-22 16:00:00",2759.47,2760.245,2755.995,2758.345,18926
1737565200,"2025-01-22 17:00:00",2758.295,2758.55,2756.015,2756.655,10839
1737568800,"2025-01-22 18:00:00",2756.64,2759.47,2754.945,2757.8,13004
1737572400,"2025-01-22 19:00:00",2757.83,2757.845,2755.125,2755.395,8058
1737576000,"2025-01-22 20:00:00",2755.38,2757.245,2754.935,2756.83,8432
1737579600,"2025-01-22 21:00:00",2756.815,2757.22,2754.935,2756.345,2539
1737586800,"2025-01-22 23:00:00",2755.74,2756.595,2753.93,2755.35,2360
1737590400,"2025-01-23 00:00:00",2755.375,2756.01,2753.285,2755.44,5220
1737594000,"2025-01-23 01:00:00",2755.41,2756.295,2750.715,2752.69,20509
1737597600,"2025-01-23 02:00:00",2752.685,2754.975,2752.175,2752.735,14960
1737601200,"2025-01-23 03:00:00",2752.73,2753.28,2749.625,2750.175,11979
1737604800,"2025-01-23 04:00:00",2750.165,2753.75,2750.015,2751.75,6519
1737608400,"2025-01-23 05:00:00",2751.81,2753.545,2751.465,2752.165,11545
1737612000,"2025-01-23 06:00:00",2752.155,2755.66,2751.21,2753.27,13796
1737615600,"2025-01-23 07:00:00",2753.31,2754.8,2751.795,2752.925,11251
1737619200,"2025-01-23 08:00:00",2752.87,2754.92,2752.06,2752.8,14976
1737622800,"2025-01-23 09:00:00",2752.79,2753.79,2740.86,2746.035,19715
1737626400,"2025-01-23 10:00:00",2745.975,2752.54,2745.37,2751.365,17626
1737630000,"2025-01-23 11:00:00",2751.375,2754.545,2750.88,2751.88,13514
1737633600,"2025-01-23 12:00:00",2751.895,2753.375,2742.178,2744.825,28847
1737637200,"2025-01-23 13:00:00",2744.835,2745.99,2735.96,2741.705,43228
1737640800,"2025-01-23 14:00:00",2741.73,2747.505,2740.39,2746.23,37681
1737644400,"2025-01-23 15:00:00",2746.23,2749.505,2742.23,2746.48,23647
1737648000,"2025-01-23 16:00:00",2746.475,2757.565,2744.21,2753.975,31154
1737651600,"2025-01-23 17:00:00",2754,2758.97,2752.38,2757.81,18026
1737655200,"2025-01-23 18:00:00",2757.79,2758.255,2755.19,2755.895,12165
1737658800,"2025-01-23 19:00:00",2755.89,2758.21,2753.832,2754.2,12516
1737662400,"2025-01-23 20:00:00",2754.22,2754.745,2751.415,2753.97,18255
1737666000,"2025-01-23 21:00:00",2753.95,2754.855,2752.25,2754.855,2555
1737673200,"2025-01-23 23:00:00",2753.815,2755.715,2753.64,2754.665,2330
1737676800,"2025-01-24 00:00:00",2754.66,2761.09,2754.385,2759.74,6831
1737680400,"2025-01-24 01:00:00",2759.72,2762.65,2758.635,2762.415,20126
1737684000,"2025-01-24 02:00:00",2762.43,2775.44,2762.43,2774.315,29123
1737687600,"2025-01-24 03:00:00",2774.33,2777.375,2771.1,2772.555,21916
1737691200,"2025-01-24 04:00:00",2772.55,2775.105,2770.645,2772.225,14258
1737694800,"2025-01-24 05:00:00",2772.28,2776.705,2772.28,2775.345,16712
1737698400,"2025-01-24 06:00:00",2775.335,2778.455,2773.31,2773.96,19093
1737702000,"2025-01-24 07:00:00",2773.955,2775.515,2772.06,2772.75,14910
1737705600,"2025-01-24 08:00:00",2772.76,2775.455,2770.18,2774.12,17274
1737709200,"2025-01-24 09:00:00",2774.13,2777.89,2771.07,2772.915,14273
1737712800,"2025-01-24 10:00:00",2772.92,2776.3,2771.65,2775.88,14186
1737716400,"2025-01-24 11:00:00",2775.91,2780.115,2774.085,2776.76,13346
1737720000,"2025-01-24 12:00:00",2776.77,2779.175,2776.105,2778.62,11086
1737723600,"2025-01-24 13:00:00",2778.63,2784.805,2777.845,2782.45,29052
1737727200,"2025-01-24 14:00:00",2782.39,2784.415,2773.84,2778.425,39540
1737730800,"2025-01-24 15:00:00",2778.395,2786.06,2775.52,2775.95,31409
1737734400,"2025-01-24 16:00:00",2776.025,2777.675,2769.955,2771.98,27276
1737738000,"2025-01-24 17:00:00",2771.975,2776.23,2770.64,2773.39,14384
1737741600,"2025-01-24 18:00:00",2773.415,2774.225,2771.455,2773.525,10302
1737745200,"2025-01-24 19:00:00",2773.52,2775.42,2771.405,2774.74,8503
1737748800,"2025-01-24 20:00:00",2774.75,2774.935,2770.742,2771.085,10474
1737752400,"2025-01-24 21:00:00",2771.07,2772.29,2770.65,2770.885,2457
1737932400,"2025-01-26 23:00:00",2765.17,2769.58,2764.815,2767.67,6509
1737936000,"2025-01-27 00:00:00",2767.715,2771.065,2766.235,2769.75,8352
1737939600,"2025-01-27 01:00:00",2769.795,2772.745,2762.965,2763.035,20043
1737943200,"2025-01-27 02:00:00",2762.985,2763.77,2753.975,2756.375,21886
1737946800,"2025-01-27 03:00:00",2756.38,2762.8,2755.34,2761.245,14678
1737950400,"2025-01-27 04:00:00",2761.23,2761.255,2755.79,2758.25,11075
1737954000,"2025-01-27 05:00:00",2758.255,2758.285,2752.905,2753.33,13420
1737957600,"2025-01-27 06:00:00",2753.31,2755.185,2750.94,2754.72,15360
1737961200,"2025-01-27 07:00:00",2754.745,2755.14,2747.42,2749.445,21657
1737964800,"2025-01-27 08:00:00",2749.455,2759.85,2749.29,2757.215,25794
1737968400,"2025-01-27 09:00:00",2757.175,2765.03,2755.715,2763.445,25700
1737972000,"2025-01-27 10:00:00",2763.475,2771.09,2762.9,2768.065,27542
1737975600,"2025-01-27 11:00:00",2768.035,2772.105,2765.115,2771.49,22583
1737979200,"2025-01-27 12:00:00",2771.565,2771.85,2760.62,2761.505,21522
1737982800,"2025-01-27 13:00:00",2761.465,2762.605,2752.345,2757.25,25414
1737986400,"2025-01-27 14:00:00",2757.24,2757.92,2744.975,2751.525,33602
1737990000,"2025-01-27 15:00:00",2751.49,2751.49,2739.575,2742.155,31866
1737993600,"2025-01-27 16:00:00",2742.125,2743.28,2733.295,2734.575,27698
1737997200,"2025-01-27 17:00:00",2734.57,2737.105,2730.56,2733.865,18527
1738000800,"2025-01-27 18:00:00",2733.895,2738.005,2733.165,2737.035,13509
1738004400,"2025-01-27 19:00:00",2737.085,2740.58,2736.91,2739.39,9687
1738008000,"2025-01-27 20:00:00",2739.375,2742.645,2738.165,2741.525,9246
1738011600,"2025-01-27 21:00:00",2741.52,2744.01,2740.43,2740.655,2923
1738018800,"2025-01-27 23:00:00",2740.88,2745.36,2739.62,2741.945,8526
1738022400,"2025-01-28 00:00:00",2741.925,2744.545,2739.935,2740.685,7273
1738026000,"2025-01-28 01:00:00",2740.775,2745.29,2739.545,2741.58,10451
1738029600,"2025-01-28 02:00:00",2741.575,2741.695,2738.465,2739.505,12172
1738033200,"2025-01-28 03:00:00",2739.495,2741.93,2737.97,2738.85,9022
1738036800,"2025-01-28 04:00:00",2738.86,2742.82,2738.61,2742.39,6865
1738040400,"2025-01-28 05:00:00",2742.53,2745.05,2741.3,2741.735,7313
1738044000,"2025-01-28 06:00:00",2741.68,2743.015,2739.215,2739.63,6809
1738047600,"2025-01-28 07:00:00",2739.64,2743.18,2738.47,2739.095,9306
1738051200,"2025-01-28 08:00:00",2739.15,2741.9,2734.815,2741.245,16163
1738054800,"2025-01-28 09:00:00",2741.225,2745.07,2740.465,2743.515,15308
1738058400,"2025-01-28 10:00:00",2743.485,2745.255,2741.09,2743.36,11867
1738062000,"2025-01-28 11:00:00",2743.35,2744.715,2741.63,2742.775,9774
1738065600,"2025-01-28 12:00:00",2742.785,2745.63,2741.26,2745.57,9200
1738069200,"2025-01-28 13:00:00",2745.58,2749.615,2745.21,2748.915,15525
1738072800,"2025-01-28 14:00:00",2748.94,2756.39,2748.94,2753.69,25981
1738076400,"2025-01-28 15:00:00",2753.695,2757.32,2751.185,2755.355,25887
1738080000,"2025-01-28 16:00:00",2755.36,2759.68,2755.325,2758.76,21110
1738083600,"2025-01-28 17:00:00",2758.785,2760.245,2757.73,2759.8,15290
1738087200,"2025-01-28 18:00:00",2759.82,2763.545,2759.35,2762.155,13369
1738090800,"2025-01-28 19:00:00",2762.17,2765.025,2761.385,2764.93,8352
1738094400,"2025-01-28 20:00:00",2764.9,2765.09,2762.37,2764.15,11946
1738098000,"2025-01-28 21:00:00",2764.165,2764.355,2762.88,2763.42,3019
1738105200,"2025-01-28 23:00:00",2763.305,2764.51,2762.77,2762.79,2177
1738108800,"2025-01-29 00:00:00",2762.8,2764.845,2762.3,2764.01,3825
1738112400,"2025-01-29 01:00:00",2764.015,2766.265,2763.68,2763.79,8832
1738116000,"2025-01-29 02:00:00",2763.79,2765.725,2763.44,2764.285,6221
1738119600,"2025-01-29 03:00:00",2764.295,2764.585,2762.385,2762.79,8439
1738123200,"2025-01-29 04:00:00",2762.71,2764.26,2761.56,2762.52,7530
1738126800,"2025-01-29 05:00:00",2762.545,2763.085,2760.15,2760.755,7083
1738130400,"2025-01-29 06:00:00",2760.86,2762.3,2759.25,2759.26,9471
1738134000,"2025-01-29 07:00:00",2759.26,2760.695,2757.46,2759.09,7132
1738137600,"2025-01-29 08:00:00",2759.075,2766.18,2759.075,2764.16,15863
1738141200,"2025-01-29 09:00:00",2764.165,2764.535,2760.45,2762.76,14451
1738144800,"2025-01-29 10:00:00",2762.725,2763.365,2757.155,2758.23,17090
1738148400,"2025-01-29 11:00:00",2758.23,2759.91,2757.49,2759.09,12687
1738152000,"2025-01-29 12:00:00",2759.1,2759.15,2755.585,2756.54,14464
1738155600,"2025-01-29 13:00:00",2756.565,2759.585,2752.29,2758.715,29786
1738159200,"2025-01-29 14:00:00",2758.765,2761.22,2756.46,2759.42,31864
1738162800,"2025-01-29 15:00:00",2759.44,2759.78,2748.57,2754.22,28356
1738166400,"2025-01-29 16:00:00",2754.24,2756.25,2748.27,2751.69,25512
1738170000,"2025-01-29 17:00:00",2751.695,2754.515,2751.09,2752.945,13902
1738173600,"2025-01-29 18:00:00",2752.92,2753.96,2748.76,2751.445,14899
1738177200,"2025-01-29 19:00:00",2751.58,2757.825,2744.755,2755.25,36586
1738180800,"2025-01-29 20:00:00",2755.225,2759.135,2752.71,2755.05,21061
1738184400,"2025-01-29 21:00:00",2754.975,2760.14,2754.185,2760.09,8170
1738191600,"2025-01-29 23:00:00",2758.43,2760.7,2758.39,2760.435,3287
1738195200,"2025-01-30 00:00:00",2760.395,2762.745,2759.17,2762.295,4174
1738198800,"2025-01-30 01:00:00",2762.225,2762.225,2759.055,2760.27,8673
1738202400,"2025-01-30 02:00:00",2760.22,2761.545,2759.325,2760.49,8980
1738206000,"2025-01-30 03:00:00",2760.455,2762.47,2759.5,2761.885,6060
1738209600,"2025-01-30 04:00:00",2761.865,2763.465,2759.82,2760.445,7608
1738213200,"2025-01-30 05:00:00",2760.47,2761.26,2758.86,2760.67,6857
1738216800,"2025-01-30 06:00:00",2760.65,2766.535,2760.365,2765.64,9869
1738220400,"2025-01-30 07:00:00",2765.62,2769.53,2765.01,2769.215,12805
1738224000,"2025-01-30 08:00:00",2769.22,2776.64,2768.42,2776.245,14076
1738227600,"2025-01-30 09:00:00",2776.27,2776.4,2771.625,2774.315,17716
1738231200,"2025-01-30 10:00:00",2774.3,2779.36,2773.945,2778.42,13383
1738234800,"2025-01-30 11:00:00",2778.415,2779.58,2777.065,2777.775,11603
1738238400,"2025-01-30 12:00:00",2777.82,2781.32,2776.165,2780.325,13187
1738242000,"2025-01-30 13:00:00",2780.32,2786.055,2778.95,2785.82,30154
1738245600,"2025-01-30 14:00:00",2785.885,2789.21,2780.16,2787.745,48938
1738249200,"2025-01-30 15:00:00",2787.94,2796.92,2786.835,2795.56,48289
1738252800,"2025-01-30 16:00:00",2795.43,2798.605,2790.2,2790.625,46785
1738256400,"2025-01-30 17:00:00",2790.62,2795.9,2788.875,2795.675,25539
1738260000,"2025-01-30 18:00:00",2795.71,2797.145,2792.325,2795.105,17141
1738263600,"2025-01-30 19:00:00",2795.1,2795.335,2790.755,2793.49,12810
1738267200,"2025-01-30 20:00:00",2793.455,2798.21,2792.41,2795.5,21677
1738270800,"2025-01-30 21:00:00",2795.52,2798.46,2788.485,2794.165,8093
1738278000,"2025-01-30 23:00:00",2794.425,2796.94,2793.175,2796.305,6599
1738281600,"2025-01-31 00:00:00",2796.335,2799.565,2794.565,2795.98,7961
1738285200,"2025-01-31 01:00:00",2796,2796.745,2794.625,2796.415,10452
1738288800,"2025-01-31 02:00:00",2796.36,2798.18,2794.815,2796.19,10197
1738292400,"2025-01-31 03:00:00",2796.14,2798.325,2795.735,2796.395,8765
1738296000,"2025-01-31 04:00:00",2796.41,2796.485,2794.495,2795.845,8218
1738299600,"2025-01-31 05:00:00",2795.79,2796.565,2794.04,2795.665,9933
1738303200,"2025-01-31 06:00:00",2795.61,2795.805,2792.245,2792.85,9043
1738306800,"2025-01-31 07:00:00",2792.815,2801.01,2792.375,2798.355,15405
1738310400,"2025-01-31 08:00:00",2798.37,2799.535,2791.795,2793.25,19601
1738314000,"2025-01-31 09:00:00",2793.265,2796.615,2792.735,2793.735,15981
1738317600,"2025-01-31 10:00:00",2793.72,2795.17,2791.07,2794.31,14676
1738321200,"2025-01-31 11:00:00",2794.15,2800.945,2792.44,2800.44,16824
1738324800,"2025-01-31 12:00:00",2800.4,2807.89,2800.13,2805.535,16857
1738328400,"2025-01-31 13:00:00",2805.44,2808.405,2803.36,2806.445,26479
1738332000,"2025-01-31 14:00:00",2806.47,2812.65,2804.54,2812.435,32510
1738335600,"2025-01-31 15:00:00",2812.445,2817.215,2808.33,2809.29,30853
1738339200,"2025-01-31 16:00:00",2809.32,2810.3,2805.05,2807.6,20615
1738342800,"2025-01-31 17:00:00",2807.59,2816.225,2803.08,2808.695,44081
1738346400,"2025-01-31 18:00:00",2808.712,2809.04,2795.49,2798.89,44266
1738350000,"2025-01-31 19:00:00",2798.93,2803.01,2795.55,2796.225,25075
1738353600,"2025-01-31 20:00:00",2796.185,2802.195,2794.38,2800.75,27615
1738357200,"2025-01-31 21:00:00",2800.845,2802.585,2796.645,2797.94,9355
1738537200,"2025-02-02 23:00:00",2801.655,2806.275,2784.74,2793.97,15075
1738540800,"2025-02-03 00:00:00",2793.955,2796.065,2790.15,2792.38,18921
1738544400,"2025-02-03 01:00:00",2792.375,2792.385,2778.33,2782.275,28151
1738548000,"2025-02-03 02:00:00",2782.27,2782.8,2773.815,2778.195,34850
1738551600,"2025-02-03 03:00:00",2778.245,2778.46,2772.215,2774.545,19669
1738555200,"2025-02-03 04:00:00",2774.525,2783.11,2774.265,2780.94,23584
1738558800,"2025-02-03 05:00:00",2780.925,2785.325,2780.17,2783.215,18930
1738562400,"2025-02-03 06:00:00",2783.22,2788.08,2782.975,2786.89,16571
1738566000,"2025-02-03 07:00:00",2786.91,2789.965,2785.405,2789.375,24586
1738569600,"2025-02-03 08:00:00",2789.37,2800.59,2786.98,2796.825,24089
1738573200,"2025-02-03 09:00:00",2796.795,2800.98,2794.785,2796.5,25152
1738576800,"2025-02-03 10:00:00",2796.52,2800.235,2793.01,2798.185,20559
1738580400,"2025-02-03 11:00:00",2798.19,2804.225,2798.005,2801.305,16211
1738584000,"2025-02-03 12:00:00",2801.295,2810.88,2800.635,2810.43,17576
1738587600,"2025-02-03 13:00:00",2810.46,2812.015,2806.78,2811.185,21889
1738591200,"2025-02-03 14:00:00",2811.235,2830.755,2810.205,2830.225,39958
1738594800,"2025-02-03 15:00:00",2829.625,2830.42,2813.675,2817.575,64648
1738598400,"2025-02-03 16:00:00",2817.57,2825.405,2812.695,2814.26,35797
1738602000,"2025-02-03 17:00:00",2814.255,2822.29,2814.11,2817.26,25506
1738605600,"2025-02-03 18:00:00",2817.23,2821.81,2816.075,2821.145,19118
1738609200,"2025-02-03 19:00:00",2821.16,2823.09,2817.985,2818.33,13966
1738612800,"2025-02-03 20:00:00",2818.33,2819.6,2815.785,2816.655,12722
1738616400,"2025-02-03 21:00:00",2816.675,2817.605,2812.278,2814.71,9773
1738623600,"2025-02-03 23:00:00",2813.3,2815.475,2812.71,2814.015,4586
1738627200,"2025-02-04 00:00:00",2813.98,2817.6,2812.84,2817.33,5222
1738630800,"2025-02-04 01:00:00",2817.495,2824.44,2816.15,2823.525,13711
1738634400,"2025-02-04 02:00:00",2823.505,2824.65,2817.05,2821.355,17587
1738638000,"2025-02-04 03:00:00",2821.335,2824.25,2817.38,2821.44,15360
1738641600,"2025-02-04 04:00:00",2821.45,2821.63,2818.075,2819.145,12866
1738645200,"2025-02-04 05:00:00",2819.28,2819.3,2813.51,2815.85,29096
1738648800,"2025-02-04 06:00:00",2815.86,2816.14,2810.975,2813.515,14885
1738652400,"2025-02-04 07:00:00",2813.53,2814.51,2807.275,2812.725,22037
1738656000,"2025-02-04 08:00:00",2812.755,2819.255,2810.22,2815.14,31923
1738659600,"2025-02-04 09:00:00",2815.195,2821.855,2814.165,2820.565,24653
1738663200,"2025-02-04 10:00:00",2820.55,2820.55,2812.71,2814.8,18622
1738666800,"2025-02-04 11:00:00",2814.785,2816.98,2813.32,2815.485,15977
1738670400,"2025-02-04 12:00:00",2815.475,2823.02,2814.645,2821.88,19187
1738674000,"2025-02-04 13:00:00",2821.915,2837.085,2821.49,2831.62,33319
1738677600,"2025-02-04 14:00:00",2831.635,2841.58,2828.92,2838.96,46498
1738681200,"2025-02-04 15:00:00",2839.415,2845.47,2833.735,2835.995,46246
1738684800,"2025-02-04 16:00:00",2835.97,2842.505,2832.7,2840.495,27415
1738688400,"2025-02-04 17:00:00",2840.51,2844.875,2839.47,2844.115,18828
1738692000,"2025-02-04 18:00:00",2844.13,2845.15,2842.555,2842.725,14941
1738695600,"2025-02-04 19:00:00",2842.755,2844.23,2841.885,2843.155,11103
1738699200,"2025-02-04 20:00:00",2843.16,2844.89,2840.96,2844.325,11130
1738702800,"2025-02-04 21:00:00",2844.315,2844.81,2841.125,2842.29,6464
1738710000,"2025-02-04 23:00:00",2841.36,2842.635,2840.71,2841.505,3487
1738713600,"2025-02-05 00:00:00",2841.59,2848.41,2840.74,2845.315,8793
1738717200,"2025-02-05 01:00:00",2845.285,2849.155,2839.74,2844.635,33751
1738720800,"2025-02-05 02:00:00",2844.725,2854.015,2844.005,2851.265,17197
1738724400,"2025-02-05 03:00:00",2851.26,2854.605,2849.87,2852.405,9943
1738728000,"2025-02-05 04:00:00",2852.365,2858.19,2851.94,2855.335,6793
1738731600,"2025-02-05 05:00:00",2855.32,2860.635,2853.755,2859.355,8513
1738735200,"2025-02-05 06:00:00",2859.345,2861.915,2857.3,2859.425,8653
1738738800,"2025-02-05 07:00:00",2859.43,2864.305,2855.055,2864.25,16341
1738742400,"2025-02-05 08:00:00",2864.24,2869.795,2863.735,2867.705,17020
1738746000,"2025-02-05 09:00:00",2867.69,2872.275,2865.305,2870.385,12839
1738749600,"2025-02-05 10:00:00",2870.415,2877.085,2866.1,2867.85,14780
1738753200,"2025-02-05 11:00:00",2867.945,2870.54,2864.815,2868.75,17734
1738756800,"2025-02-05 12:00:00",2868.735,2871.02,2867.14,2870.355,14310
1738760400,"2025-02-05 13:00:00",2870.39,2870.795,2858.645,2861.97,38132
1738764000,"2025-02-05 14:00:00",2861.92,2872.71,2860.805,2871.005,39478
1738767600,"2025-02-05 15:00:00",2871.055,2882.31,2871.055,2880.195,43652
1738771200,"2025-02-05 16:00:00",2880.185,2881.09,2863.185,2874.96,38917
1738774800,"2025-02-05 17:00:00",2874.965,2876.69,2871.52,2873.14,15034
1738778400,"2025-02-05 18:00:00",2873.15,2873.57,2864.02,2865.765,18902
1738782000,"2025-02-05 19:00:00",2865.795,2869.09,2862.905,2863.65,17685
1738785600,"2025-02-05 20:00:00",2863.68,2866.215,2859.975,2862.685,19623
1738789200,"2025-02-05 21:00:00",2862.655,2867.772,2861.305,2867.215,3319
1738796400,"2025-02-05 23:00:00",2867.785,2870.97,2866.215,2869.37,4734
1738800000,"2025-02-06 00:00:00",2869.345,2870.015,2867.395,2869.875,6103
1738803600,"2025-02-06 01:00:00",2869.85,2871.96,2863.765,2871.8,16987
1738807200,"2025-02-06 02:00:00",2871.795,2873.34,2868.405,2870.675,14597
1738810800,"2025-02-06 03:00:00",2870.715,2870.715,2864.435,2869.405,14839
1738814400,"2025-02-06 04:00:00",2869.425,2872.41,2868.355,2868.6,6918
1738818000,"2025-02-06 05:00:00",2868.67,2869.945,2865.585,2868.23,13632
1738821600,"2025-02-06 06:00:00",2868.225,2871.46,2858.33,2859.285,18529
1738825200,"2025-02-06 07:00:00",2859.275,2861.99,2854.985,2855.68,20053
1738828800,"2025-02-06 08:00:00",2855.705,2858.52,2848.97,2856.165,24244
1738832400,"2025-02-06 09:00:00",2856.175,2860.06,2855.8,2859.405,19946
1738836000,"2025-02-06 10:00:00",2859.42,2861.85,2855.72,2859.315,17256
1738839600,"2025-02-06 11:00:00",2859.255,2867.51,2858.23,2865.995,18906
1738843200,"2025-02-06 12:00:00",2866.01,2870.395,2863.6,2864.5,22054
1738846800,"2025-02-06 13:00:00",2864.555,2865.09,2855.665,2856.825,37509
1738850400,"2025-02-06 14:00:00",2856.83,2859.845,2841.32,2842.005,45526
1738854000,"2025-02-06 15:00:00",2841.92,2853.225,2834.27,2850.615,46680
1738857600,"2025-02-06 16:00:00",2850.61,2854.75,2848.835,2848.835,22678
1738861200,"2025-02-06 17:00:00",2848.82,2852.75,2848.19,2852.39,16047
1738864800,"2025-02-06 18:00:00",2852.4,2853.765,2849.88,2852.66,13590
1738868400,"2025-02-06 19:00:00",2852.71,2854.29,2850.44,2853.98,17026
1738872000,"2025-02-06 20:00:00",2853.965,2857.4,2853.82,2856.53,15467
1738875600,"2025-02-06 21:00:00",2856.545,2857.17,2854.94,2855.925,3799
1738882800,"2025-02-06 23:00:00",2856.015,2858.665,2855.98,2858.15,3887
1738886400,"2025-02-07 00:00:00",2858.14,2860.592,2858.03,2858.56,4782
1738890000,"2025-02-07 01:00:00",2858.585,2868.1,2857.995,2866.3,18735
1738893600,"2025-02-07 02:00:00",2866.28,2869.19,2865.575,2868.78,14281
1738897200,"2025-02-07 03:00:00",2868.78,2870.565,2866.11,2867.285,10400
1738900800,"2025-02-07 04:00:00",2867.295,2869.67,2866.285,2866.59,9323
1738904400,"2025-02-07 05:00:00",2866.605,2867.08,2862.195,2862.305,12805
1738908000,"2025-02-07 06:00:00",2862.28,2866.385,2859.03,2860.83,16828
1738911600,"2025-02-07 07:00:00",2860.8,2865.71,2860.35,2864.135,11660
1738915200,"2025-02-07 08:00:00",2864.15,2866.84,2863.205,2866.42,15405
1738918800,"2025-02-07 09:00:00",2866.415,2870.735,2865.615,2868.92,20234
1738922400,"2025-02-07 10:00:00",2868.935,2869.215,2863.355,2867.635,18459
1738926000,"2025-02-07 11:00:00",2867.63,2868.415,2865.205,2867.785,14292
1738929600,"2025-02-07 12:00:00",2867.78,2868.135,2863.65,2863.695,16474
1738933200,"2025-02-07 13:00:00",2863.72,2870.875,2852.595,2862.59,50662
1738936800,"2025-02-07 14:00:00",2862.625,2878.345,2856.16,2876.87,51890
1738940400,"2025-02-07 15:00:00",2876.38,2886.855,2873.685,2880.575,37323
1738944000,"2025-02-07 16:00:00",2880.595,2881.605,2860.435,2860.738,43206
1738947600,"2025-02-07 17:00:00",2860.732,2862.755,2853.435,2860.05,34016
1738951200,"2025-02-07 18:00:00",2860.04,2865.255,2859.72,2861.305,14696
1738954800,"2025-02-07 19:00:00",2861.4,2863.335,2859.115,2860.39,10415
1738958400,"2025-02-07 20:00:00",2860.265,2863.885,2859.465,2860.765,17253
1738962000,"2025-02-07 21:00:00",2860.775,2863.375,2860.47,2861.25,6317
1739142000,"2025-02-09 23:00:00",2861.84,2870.515,2860.405,2867.595,8224
1739145600,"2025-02-10 00:00:00",2867.67,2869.215,2865.875,2867.915,8158
1739149200,"2025-02-10 01:00:00",2867.93,2876.74,2866.155,2871.945,24650
1739152800,"2025-02-10 02:00:00",2871.96,2875.075,2871.485,2873.9,18771
1739156400,"2025-02-10 03:00:00",2873.895,2875.745,2871.235,2875.515,12079
1739160000,"2025-02-10 04:00:00",2875.58,2879.735,2874.335,2879.33,10980
1739163600,"2025-02-10 05:00:00",2879.32,2880.095,2876.225,2879.365,13899
1739167200,"2025-02-10 06:00:00",2879.4,2892.38,2878.92,2888.505,17154
1739170800,"2025-02-10 07:00:00",2888.51,2896.61,2886.67,2895.555,18208
1739174400,"2025-02-10 08:00:00",2895.525,2898.94,2892.34,2896.635,22128
1739178000,"2025-02-10 09:00:00",2896.585,2903.295,2896.205,2903.045,20394
1739181600,"2025-02-10 10:00:00",2903.05,2906.345,2898.225,2902.43,19950
1739185200,"2025-02-10 11:00:00",2902.465,2905.85,2898.44,2904.75,16632
1739188800,"2025-02-10 12:00:00",2904.735,2906.98,2902.715,2902.995,19884
1739192400,"2025-02-10 13:00:00",2902.935,2910.975,2899.795,2901.07,37987
1739196000,"2025-02-10 14:00:00",2901.125,2909.305,2896.385,2908.735,38082
1739199600,"2025-02-10 15:00:00",2908.75,2911.965,2904.52,2909.095,21107
1739203200,"2025-02-10 16:00:00",2909.11,2910.335,2899.165,2901.055,18490
1739206800,"2025-02-10 17:00:00",2901.045,2904.39,2896.69,2903.265,16897
1739210400,"2025-02-10 18:00:00",2903.28,2906.955,2900.915,2905.195,16081
1739214000,"2025-02-10 19:00:00",2905.19,2906.72,2902.54,2904.405,8710
1739217600,"2025-02-10 20:00:00",2904.415,2907.848,2902.995,2907.2,9778
1739221200,"2025-02-10 21:00:00",2907.28,2908.41,2905.405,2908.175,3548
1739228400,"2025-02-10 23:00:00",2911.95,2921.655,2909.765,2917.85,9189
1739232000,"2025-02-11 00:00:00",2918.015,2925.2,2916.43,2922.565,9581
1739235600,"2025-02-11 01:00:00",2922.58,2936.185,2919.795,2934.03,28247
1739239200,"2025-02-11 02:00:00",2934.05,2942.78,2905.94,2918.895,40287
1739242800,"2025-02-11 03:00:00",2918.85,2925.795,2911.745,2919.635,22256
1739246400,"2025-02-11 04:00:00",2919.65,2920.97,2915.1,2916.4,17738
1739250000,"2025-02-11 05:00:00",2916.34,2923.76,2915.445,2923.005,15490
1739253600,"2025-02-11 06:00:00",2922.975,2929.54,2915.45,2917.79,25992
1739257200,"2025-02-11 07:00:00",2917.775,2918.43,2907.305,2913.325,24806
1739260800,"2025-02-11 08:00:00",2913.315,2915.35,2907.06,2907.47,21994
1739264400,"2025-02-11 09:00:00",2907.395,2912.355,2903.065,2903.215,27811
1739268000,"2025-02-11 10:00:00",2903.22,2907.15,2901.89,2902.675,23463
1739271600,"2025-02-11 11:00:00",2902.665,2906.645,2902.17,2903.93,23054
1739275200,"2025-02-11 12:00:00",2903.915,2904.3,2886.92,2889.35,36967
1739278800,"2025-02-11 13:00:00",2889.27,2898.36,2881.56,2896.635,57915
1739282400,"2025-02-11 14:00:00",2896.665,2904.39,2894.91,2897.005,45477
1739286000,"2025-02-11 15:00:00",2896.955,2906.625,2890.945,2904.895,38850
1739289600,"2025-02-11 16:00:00",2904.905,2908.675,2902.375,2902.435,23265
1739293200,"2025-02-11 17:00:00",2902.4,2907.345,2899.75,2905.585,16336
1739296800,"2025-02-11 18:00:00",2905.61,2907.29,2903.355,2905.945,10934
1739300400,"2025-02-11 19:00:00",2905.97,2906.56,2899.835,2900.27,13032
1739304000,"2025-02-11 20:00:00",2900.32,2900.595,2894.16,2897.68,18606
1739307600,"2025-02-11 21:00:00",2897.68,2899.76,2897.525,2897.615,3900
1739314800,"2025-02-11 23:00:00",2898.025,2900.79,2897.68,2898.69,3380
1739318400,"2025-02-12 00:00:00",2898.725,2899.01,2889.34,2892.29,7993
1739322000,"2025-02-12 01:00:00",2892.235,2897.71,2883.695,2893.27,27044
1739325600,"2025-02-12 02:00:00",2893.23,2898.04,2891.995,2892.5,19003
1739329200,"2025-02-12 03:00:00",2892.495,2893.07,2886.855,2888.995,18276
1739332800,"2025-02-12 04:00:00",2888.93,2890.54,2884.125,2885.405,11019
1739336400,"2025-02-12 05:00:00",2885.47,2888.095,2883.915,2886.39,14017
1739340000,"2025-02-12 06:00:00",2886.395,2894.8,2885.79,2892.745,16760
1739343600,"2025-02-12 07:00:00",2892.75,2895.85,2890.99,2892.935,15682
1739347200,"2025-02-12 08:00:00",2892.98,2894.15,2888.035,2891.72,18428
1739350800,"2025-02-12 09:00:00",2891.73,2893.455,2886.505,2886.855,17615
1739354400,"2025-02-12 10:00:00",2886.84,2889.805,2879.55,2882.885,17348
1739358000,"2025-02-12 11:00:00",2882.89,2886.07,2879.6,2879.915,13424
1739361600,"2025-02-12 12:00:00",2879.92,2886.095,2879.015,2885.275,19748
1739365200,"2025-02-12 13:00:00",2885.215,2885.89,2864.33,2884.86,57463
1739368800,"2025-02-12 14:00:00",2884.84,2898.095,2882.065,2894.515,47914
1739372400,"2025-02-12 15:00:00",2894.55,2896.055,2886.955,2894.785,33043
1739376000,"2025-02-12 16:00:00",2894.79,2904.58,2892.14,2902.54,26650
1739379600,"2025-02-12 17:00:00",2902.6,2909.265,2902.045,2902.93,18157
1739383200,"2025-02-12 18:00:00",2902.935,2903.93,2900.415,2901.045,11977
1739386800,"2025-02-12 19:00:00",2901.11,2901.83,2893.645,2897.93,9888
1739390400,"2025-02-12 20:00:00",2897.89,2901.435,2895.59,2901.06,9607
1739394000,"2025-02-12 21:00:00",2901.025,2904.34,2900.22,2903.96,8304
1739401200,"2025-02-12 23:00:00",2904.79,2906.545,2900.545,2905.855,3927
1739404800,"2025-02-13 00:00:00",2905.83,2909.2,2904.645,2906.465,6601
1739408400,"2025-02-13 01:00:00",2906.4,2907.48,2901.5,2906.025,16818
1739412000,"2025-02-13 02:00:00",2906.03,2909.11,2905.28,2908.95,12674
1739415600,"2025-02-13 03:00:00",2908.945,2918.16,2907.33,2916.605,11529
1739419200,"2025-02-13 04:00:00",2916.6,2919.275,2916.335,2918.58,8120
1739422800,"2025-02-13 05:00:00",2918.7,2922.88,2916.39,2918.14,10565
1739426400,"2025-02-13 06:00:00",2918.12,2918.895,2912.685,2916.13,18996
1739430000,"2025-02-13 07:00:00",2916.135,2920.955,2913.26,2914.63,19301
1739433600,"2025-02-13 08:00:00",2914.65,2918.12,2909.5,2911.75,18127
1739437200,"2025-02-13 09:00:00",2911.765,2918.495,2909.96,2915.33,14265
1739440800,"2025-02-13 10:00:00",2915.34,2919.41,2913.905,2917.995,9359
1739444400,"2025-02-13 11:00:00",2918,2918.5,2915.505,2918.06,13788
1739448000,"2025-02-13 12:00:00",2918.045,2921.435,2915.755,2917.835,13297
1739451600,"2025-02-13 13:00:00",2917.845,2918.075,2905.885,2908.445,36823
1739455200,"2025-02-13 14:00:00",2908.44,2917.5,2906.61,2915.14,32776
1739458800,"2025-02-13 15:00:00",2915.17,2921.01,2914.555,2920.29,25247
1739462400,"2025-02-13 16:00:00",2920.295,2920.86,2913.005,2913.885,17420
1739466000,"2025-02-13 17:00:00",2913.855,2919.185,2913.57,2919.075,17277
1739469600,"2025-02-13 18:00:00",2919.08,2925.41,2914.36,2924.17,18270
1739473200,"2025-02-13 19:00:00",2924.155,2927.475,2923.84,2926.915,9778
1739476800,"2025-02-13 20:00:00",2926.88,2929.155,2924.975,2928.56,13777
1739480400,"2025-02-13 21:00:00",2928.56,2929.48,2928.1,2928.33,4879
1739487600,"2025-02-13 23:00:00",2928.05,2932.465,2927.58,2931.245,4800
1739491200,"2025-02-14 00:00:00",2931.205,2931.45,2927.54,2927.905,6800
1739494800,"2025-02-14 01:00:00",2927.925,2933.92,2927.925,2929.905,17511
1739498400,"2025-02-14 02:00:00",2929.9,2930.545,2925.985,2927.48,12220
1739502000,"2025-02-14 03:00:00",2927.49,2930.44,2923.335,2924.5,10226
1739505600,"2025-02-14 04:00:00",2924.49,2929.245,2923.945,2928.585,9235
1739509200,"2025-02-14 05:00:00",2928.61,2932.48,2926.88,2931.02,11609
1739512800,"2025-02-14 06:00:00",2931.005,2936.85,2929.955,2934.4,17760
1739516400,"2025-02-14 07:00:00",2934.415,2935.25,2930.635,2931.885,13118
1739520000,"2025-02-14 08:00:00",2931.84,2938.6,2930.86,2935.365,16630
1739523600,"2025-02-14 09:00:00",2935.325,2938.85,2934.185,2935.31,14567
1739527200,"2025-02-14 10:00:00",2935.34,2939.98,2934.42,2936.03,16449
1739530800,"2025-02-14 11:00:00",2936.035,2937.615,2929.405,2931.07,11149
1739534400,"2025-02-14 12:00:00",2931.06,2933.175,2927.825,2930.9,13700
1739538000,"2025-02-14 13:00:00",2930.895,2933.17,2917.73,2920.675,48290
1739541600,"2025-02-14 14:00:00",2920.715,2928.55,2914.365,2921.2,46149
1739545200,"2025-02-14 15:00:00",2921.21,2921.935,2893.015,2901.945,61121
1739548800,"2025-02-14 16:00:00",2901.91,2903.985,2888.63,2896.025,43148
1739552400,"2025-02-14 17:00:00",2896.015,2897.675,2885.485,2887.03,27174
1739556000,"2025-02-14 18:00:00",2887.025,2888.005,2882.245,2884,19454
1739559600,"2025-02-14 19:00:00",2884.015,2886.145,2878.96,2880.695,15626
1739563200,"2025-02-14 20:00:00",2880.705,2886.335,2877.025,2885.375,21715
1739566800,"2025-02-14 21:00:00",2885.395,2885.69,2882.295,2882.482,5780
1739746800,"2025-02-16 23:00:00",2893.375,2894.445,2878.785,2879.445,15129
1739750400,"2025-02-17 00:00:00",2879.45,2888.095,2879.45,2883.725,8725
1739754000,"2025-02-17 01:00:00",2883.74,2896.815,2882.615,2895.655,22813
1739757600,"2025-02-17 02:00:00",2895.61,2899.855,2893.96,2899.3,14195
1739761200,"2025-02-17 03:00:00",2899.335,2904.76,2897.795,2903.645,11283
1739764800,"2025-02-17 04:00:00",2903.675,2905.06,2898.555,2899.355,9893
1739768400,"2025-02-17 05:00:00",2899.33,2905.355,2896.18,2896.46,13553
1739772000,"2025-02-17 06:00:00",2896.385,2898.03,2888.19,2896.675,18574
1739775600,"2025-02-17 07:00:00",2896.73,2903.745,2896.47,2902.575,15293
1739779200,"2025-02-17 08:00:00",2902.595,2902.815,2895.15,2900.295,13823
1739782800,"2025-02-17 09:00:00",2900.39,2906.525,2900.35,2902.58,14280
1739786400,"2025-02-17 10:00:00",2902.575,2903.06,2895.54,2902.865,13386
1739790000,"2025-02-17 11:00:00",2902.9,2903.905,2897.845,2901.095,12476
1739793600,"2025-02-17 12:00:00",2901.1,2901.645,2895.45,2897.725,14205
1739797200,"2025-02-17 13:00:00",2897.71,2899.265,2895.665,2896.88,18597
1739800800,"2025-02-17 14:00:00",2896.875,2903.945,2896.505,2903.08,14225
1739804400,"2025-02-17 15:00:00",2903.095,2904.185,2898.015,2899.355,11058
1739808000,"2025-02-17 16:00:00",2899.36,2901.345,2896.66,2899.37,6262
1739811600,"2025-02-17 17:00:00",2899.375,2899.95,2898.115,2898.535,5770
1739815200,"2025-02-17 18:00:00",2898.525,2899.275,2897.14,2898.255,3490
1739818800,"2025-02-17 19:00:00",2898.245,2898.735,2896.91,2898.49,2355
1739833200,"2025-02-17 23:00:00",2898.71,2899.56,2897.295,2899.305,1733
1739836800,"2025-02-18 00:00:00",2899.29,2900.33,2898.325,2899.29,3666
1739840400,"2025-02-18 01:00:00",2899.315,2900.08,2892.07,2895.845,12801
1739844000,"2025-02-18 02:00:00",2895.795,2905.25,2895.375,2903.185,12477
1739847600,"2025-02-18 03:00:00",2903.19,2910.845,2902.845,2909.085,12728
1739851200,"2025-02-18 04:00:00",2909.09,2911.12,2907.3,2910.92,5404
1739854800,"2025-02-18 05:00:00",2911.06,2915.76,2909.93,2910.84,12686
1739858400,"2025-02-18 06:00:00",2910.73,2914.455,2910.07,2913.65,8799
1739862000,"2025-02-18 07:00:00",2913.66,2915.445,2908.64,2911.6,9997
1739865600,"2025-02-18 08:00:00",2911.56,2913.39,2908.29,2912.515,9904
1739869200,"2025-02-18 09:00:00",2912.545,2913.49,2910.115,2912.785,9068
1739872800,"2025-02-18 10:00:00",2912.785,2913.585,2907.19,2911.335,8010
1739876400,"2025-02-18 11:00:00",2911.375,2914.935,2909.945,2914.32,10575
1739880000,"2025-02-18 12:00:00",2914.31,2918.925,2912.23,2918.185,13265
1739883600,"2025-02-18 13:00:00",2918.145,2921.37,2913.49,2918.77,21761
1739887200,"2025-02-18 14:00:00",2918.785,2928.775,2917.88,2927.985,26984
1739890800,"2025-02-18 15:00:00",2928.05,2929.77,2923.63,2927.14,25015
1739894400,"2025-02-18 16:00:00",2927.135,2933.78,2924.38,2932.955,21406
1739898000,"2025-02-18 17:00:00",2932.945,2933.745,2929.65,2931.22,13704
1739901600,"2025-02-18 18:00:00",2931.215,2933.78,2928.415,2933.355,11433
1739905200,"2025-02-18 19:00:00",2933.305,2936.955,2932.035,2935.79,8215
1739908800,"2025-02-18 20:00:00",2935.765,2936.76,2932.485,2933.605,8118
1739912400,"2025-02-18 21:00:00",2933.585,2936.635,2933.32,2935.465,4187
1739919600,"2025-02-18 23:00:00",2935.06,2935.645,2933.22,2933.995,1514
1739923200,"2025-02-19 00:00:00",2934.005,2934.35,2928.555,2929.34,3776
1739926800,"2025-02-19 01:00:00",2929.32,2939.74,2928.21,2938.515,12443
1739930400,"2025-02-19 02:00:00",2938.53,2939.69,2924.21,2929.31,14534
1739934000,"2025-02-19 03:00:00",2929.315,2930.6,2925.015,2928.955,11477
1739937600,"2025-02-19 04:00:00",2928.93,2929.7,2926.705,2929.335,6969
1739941200,"2025-02-19 05:00:00",2929.405,2934.6,2928.02,2932.97,9300
1739944800,"2025-02-19 06:00:00",2932.94,2935.96,2930.86,2931.715,8791
1739948400,"2025-02-19 07:00:00",2931.735,2935.865,2930.455,2934.265,9496
1739952000,"2025-02-19 08:00:00",2934.24,2940.17,2933.835,2938.775,13793
1739955600,"2025-02-19 09:00:00",2938.78,2946.7,2938.32,2945.475,13933
1739959200,"2025-02-19 10:00:00",2945.4,2947.08,2942.785,2944.965,11056
1739962800,"2025-02-19 11:00:00",2944.93,2946.2,2934.28,2935.14,11585
1739966400,"2025-02-19 12:00:00",2935.135,2936.91,2931.41,2933.52,14868
1739970000,"2025-02-19 13:00:00",2933.565,2941.72,2932.52,2936.385,23604
1739973600,"2025-02-19 14:00:00",2936.37,2940.58,2930.31,2938.195,33572
1739977200,"2025-02-19 15:00:00",2938.19,2939.29,2925.47,2925.755,25515
1739980800,"2025-02-19 16:00:00",2925.74,2931.065,2923.05,2928.165,24819
1739984400,"2025-02-19 17:00:00",2928.16,2929.935,2921.58,2923.895,13749
1739988000,"2025-02-19 18:00:00",2923.88,2926.825,2918.64,2925.34,18014
1739991600,"2025-02-19 19:00:00",2925.365,2932.405,2923.55,2931.805,13345
1739995200,"2025-02-19 20:00:00",2931.8,2936.665,2931.405,2935.95,15318
1739998800,"2025-02-19 21:00:00",2935.98,2937.43,2932.475,2933.26,4193
1740006000,"2025-02-19 23:00:00",2934.175,2936.34,2933.855,2935.57,2000
1740009600,"2025-02-20 00:00:00",2935.565,2941.365,2935.555,2941.01,4449
1740013200,"2025-02-20 01:00:00",2941,2942.45,2934.725,2937.03,15620
1740016800,"2025-02-20 02:00:00",2937.035,2941.715,2933.97,2941.04,13458
1740020400,"2025-02-20 03:00:00",2941.01,2944.19,2940.78,2941.96,7718
1740024000,"2025-02-20 04:00:00",2941.98,2942.615,2939.5,2940.085,6234
1740027600,"2025-02-20 05:00:00",2940.2,2946.87,2939.56,2946.825,8122
1740031200,"2025-02-20 06:00:00",2946.83,2949.015,2943.99,2947.865,9813
1740034800,"2025-02-20 07:00:00",2947.87,2954.42,2946.49,2948.96,11272
1740038400,"2025-02-20 08:00:00",2948.985,2954.83,2948.985,2954.595,10769
1740042000,"2025-02-20 09:00:00",2954.63,2954.955,2949.815,2951.555,9525
1740045600,"2025-02-20 10:00:00",2951.595,2954.94,2949.245,2952.335,13401
1740049200,"2025-02-20 11:00:00",2952.35,2952.995,2947.33,2948.785,9158
1740052800,"2025-02-20 12:00:00",2948.83,2950.85,2938.84,2945.585,17586
1740056400,"2025-02-20 13:00:00",2945.505,2947.84,2933.845,2933.965,28545
1740060000,"2025-02-20 14:00:00",2933.95,2940.12,2924.035,2934.86,40755
1740063600,"2025-02-20 15:00:00",2935.15,2939.705,2931.845,2938.585,27176
1740067200,"2025-02-20 16:00:00",2938.62,2945.69,2936.045,2943.115,17330
1740070800,"2025-02-20 17:00:00",2943.115,2947.09,2940.065,2940.505,13079
1740074400,"2025-02-20 18:00:00",2940.415,2942.495,2937.41,2941.885,15811
1740078000,"2025-02-20 19:00:00",2941.97,2942.045,2933.555,2938.065,11951
1740081600,"2025-02-20 20:00:00",2938.065,2938.79,2935.565,2937.925,11780
1740085200,"2025-02-20 21:00:00",2937.825,2940.325,2937.455,2939.385,4457
1740092400,"2025-02-20 23:00:00",2939.43,2943.465,2938.865,2941.785,2218
1740096000,"2025-02-21 00:00:00",2941.8,2942.84,2937.25,2940.115,5107
1740099600,"2025-02-21 01:00:00",2940.125,2949.93,2926.98,2928.86,23158
1740103200,"2025-02-21 02:00:00",2928.83,2941.21,2926.475,2939.33,16135
1740106800,"2025-02-21 03:00:00",2939.305,2939.915,2927.195,2931.165,14996
1740110400,"2025-02-21 04:00:00",2931.155,2932.33,2926.645,2928.545,8413
1740114000,"2025-02-21 05:00:00",2928.59,2934.215,2924.265,2930.18,12532
1740117600,"2025-02-21 06:00:00",2930.17,2931.55,2925.66,2929.65,10309
1740121200,"2025-02-21 07:00:00",2929.645,2933.11,2929.11,2930.01,7295
1740124800,"2025-02-21 08:00:00",2929.89,2931.295,2916.82,2923.44,20493
1740128400,"2025-02-21 09:00:00",2923.435,2929.665,2923.175,2929.375,10621
1740132000,"2025-02-21 10:00:00",2929.36,2931.12,2929.015,2930.7,7257
1740135600,"2025-02-21 11:00:00",2930.71,2936.14,2928.1,2928.4,9803
1740139200,"2025-02-21 12:00:00",2928.41,2935.22,2927.67,2930.155,12229
1740142800,"2025-02-21 13:00:00",2930.215,2934.72,2927.04,2931.025,17197
1740146400,"2025-02-21 14:00:00",2931.005,2939.17,2928.22,2933.92,27692
1740150000,"2025-02-21 15:00:00",2933.585,2935.76,2921.61,2928.78,34089
1740153600,"2025-02-21 16:00:00",2928.79,2938.56,2927.47,2936.775,18592
1740157200,"2025-02-21 17:00:00",2936.8,2941.775,2936.185,2939.805,14699
1740160800,"2025-02-21 18:00:00",2939.825,2942.88,2937.79,2941.85,19491
1740164400,"2025-02-21 19:00:00",2941.865,2942.695,2933.015,2933.54,13819
1740168000,"2025-02-21 20:00:00",2933.51,2937.25,2932.525,2934.7,13721
1740171600,"2025-02-21 21:00:00",2934.665,2938.47,2932.05,2936.26,5807
1740351600,"2025-02-23 23:00:00",2939.785,2940.535,2936.605,2936.92,6778
1740355200,"2025-02-24 00:00:00",2936.915,2937.94,2929.76,2930.09,7996
1740358800,"2025-02-24 01:00:00",2930.02,2931.205,2921.475,2928.125,25950
1740362400,"2025-02-24 02:00:00",2927.96,2940.895,2925.105,2940.83,19861
1740366000,"2025-02-24 03:00:00",2940.69,2944.76,2939.99,2941.205,17091
1740369600,"2025-02-24 04:00:00",2941.13,2943.03,2937.91,2940.995,11406
1740373200,"2025-02-24 05:00:00",2941.085,2942.24,2935.665,2936.27,12084
1740376800,"2025-02-24 06:00:00",2936.275,2941.965,2935.265,2938.85,8867
1740380400,"2025-02-24 07:00:00",2938.855,2945.02,2938.31,2944.015,7478
1740384000,"2025-02-24 08:00:00",2944.04,2948.88,2938.33,2946.48,13492
1740387600,"2025-02-24 09:00:00",2946.45,2948.33,2942.83,2944.36,11998
1740391200,"2025-02-24 10:00:00",2944.35,2944.755,2935.02,2938.335,9820
1740394800,"2025-02-24 11:00:00",2938.37,2948.2,2937.84,2947.685,10620
1740398400,"2025-02-24 12:00:00",2947.675,2951.32,2945.52,2946.685,11158
1740402000,"2025-02-24 13:00:00",2946.68,2954.715,2946.455,2954.57,18270
1740405600,"2025-02-24 14:00:00",2954.58,2956.31,2934.77,2938.62,33923
1740409200,"2025-02-24 15:00:00",2938.615,2940.605,2930.81,2936.58,33257
1740412800,"2025-02-24 16:00:00",2936.57,2943.67,2936.545,2943.515,19597
1740416400,"2025-02-24 17:00:00",2943.525,2944.87,2941.145,2943.325,15824
1740420000,"2025-02-24 18:00:00",2943.36,2948.1,2942.85,2947.48,12561
1740423600,"2025-02-24 19:00:00",2947.485,2950.055,2946.865,2949.25,9994
1740427200,"2025-02-24 20:00:00",2949.24,2951.65,2947.07,2950.585,9685
1740430800,"2025-02-24 21:00:00",2950.59,2953.185,2950.375,2952.065,3398
1740438000,"2025-02-24 23:00:00",2952.84,2953.425,2948.305,2950.145,4689
1740441600,"2025-02-25 00:00:00",2950.11,2952.54,2948.525,2949.67,5280
1740445200,"2025-02-25 01:00:00",2949.69,2952.545,2945.28,2949.55,16279
1740448800,"2025-02-25 02:00:00",2949.515,2952.29,2947.245,2948.725,11779
1740452400,"2025-02-25 03:00:00",2948.695,2949.535,2937.535,2939.55,12804
1740456000,"2025-02-25 04:00:00",2939.545,2939.79,2935.14,2936.935,7870
1740459600,"2025-02-25 05:00:00",2936.92,2941.06,2936.78,2938.025,11097
1740463200,"2025-02-25 06:00:00",2937.935,2938.54,2933.595,2936.005,9126
1740466800,"2025-02-25 07:00:00",2936.03,2940.66,2930.72,2931.745,18797
1740470400,"2025-02-25 08:00:00",2931.73,2942.405,2929.64,2941.645,18372
1740474000,"2025-02-25 09:00:00",2941.595,2942.415,2937.475,2938.955,13280
1740477600,"2025-02-25 10:00:00",2938.94,2941.705,2937.335,2937.475,12489
1740481200,"2025-02-25 11:00:00",2937.48,2940.695,2937.09,2938.745,10781
1740484800,"2025-02-25 12:00:00",2938.74,2941.405,2923.98,2928.71,30592
1740488400,"2025-02-25 13:00:00",2928.805,2938.03,2926.195,2937.555,35146
1740492000,"2025-02-25 14:00:00",2937.57,2944.93,2931.98,2932.79,25581
1740495600,"2025-02-25 15:00:00",2932.775,2934.89,2900.565,2906.015,61673
1740499200,"2025-02-25 16:00:00",2906.02,2906.92,2888.18,2896.445,41518
1740502800,"2025-02-25 17:00:00",2896.43,2909.035,2893.75,2907.725,20028
1740506400,"2025-02-25 18:00:00",2907.755,2912.325,2905.445,2909.48,14240
1740510000,"2025-02-25 19:00:00",2909.425,2913.98,2905.675,2912.095,11567
1740513600,"2025-02-25 20:00:00",2912.11,2913.38,2910.89,2912.795,11742
1740517200,"2025-02-25 21:00:00",2912.78,2917.335,2912.65,2915.045,6438
1740524400,"2025-02-25 23:00:00",2915.835,2918.935,2913.775,2918.63,4577
1740528000,"2025-02-26 00:00:00",2918.62,2926.315,2918.61,2923.605,8007
1740531600,"2025-02-26 01:00:00",2923.655,2930.18,2915.345,2917.97,16584
1740535200,"2025-02-26 02:00:00",2917.94,2923.11,2914.86,2921.225,12340
1740538800,"2025-02-26 03:00:00",2921.23,2921.77,2916.57,2917.26,4876
1740542400,"2025-02-26 04:00:00",2917.225,2919.045,2912.72,2915.075,5650
1740546000,"2025-02-26 05:00:00",2915.04,2921.13,2914.87,2915.51,6733
1740549600,"2025-02-26 06:00:00",2915.515,2916.27,2906.75,2906.78,9141
1740553200,"2025-02-26 07:00:00",2906.795,2917.64,2905.905,2915.49,13623
1740556800,"2025-02-26 08:00:00",2915.46,2918.41,2909.69,2918.105,13293
1740560400,"2025-02-26 09:00:00",2918.09,2919.14,2912.205,2913.14,9672
1740564000,"2025-02-26 10:00:00",2913.17,2916.91,2910.995,2912.705,8535
1740567600,"2025-02-26 11:00:00",2912.695,2915.56,2912.225,2913.93,6495
1740571200,"2025-02-26 12:00:00",2913.91,2915.655,2910.165,2913.96,7699
1740574800,"2025-02-26 13:00:00",2913.975,2915.155,2905.595,2906.02,18167
1740578400,"2025-02-26 14:00:00",2906.03,2906.205,2890.865,2901.695,43427
1740582000,"2025-02-26 15:00:00",2901.56,2914.39,2898.605,2913.39,23546
1740585600,"2025-02-26 16:00:00",2913.415,2916.835,2909.93,2913.15,18659
1740589200,"2025-02-26 17:00:00",2913.145,2916.375,2910.42,2913.925,16223
1740592800,"2025-02-26 18:00:00",2913.87,2916.19,2912.425,2914.97,11090
1740596400,"2025-02-26 19:00:00",2914.965,2916.215,2913.4,2913.975,7400
1740600000,"2025-02-26 20:00:00",2913.95,2916.79,2912.1,2916.315,9503
1740603600,"2025-02-26 21:00:00",2916.26,2918.845,2916.04,2916.275,5711
1740610800,"2025-02-26 23:00:00",2915.98,2920.815,2915.965,2919.41,3022
1740614400,"2025-02-27 00:00:00",2919.405,2919.405,2916.01,2917.19,3513
1740618000,"2025-02-27 01:00:00",2917.145,2918.38,2911.095,2912.68,14752
1740621600,"2025-02-27 02:00:00",2912.705,2914.98,2904.41,2906.79,13393
1740625200,"2025-02-27 03:00:00",2906.785,2909.225,2905.375,2905.875,7598
1740628800,"2025-02-27 04:00:00",2905.81,2906.47,2896.355,2897.515,10105
1740632400,"2025-02-27 05:00:00",2897.56,2898.72,2888.605,2890.935,19543
1740636000,"2025-02-27 06:00:00",2890.88,2898.49,2890.495,2894.34,15423
1740639600,"2025-02-27 07:00:00",2894.345,2896.775,2888.055,2892.035,15275
1740643200,"2025-02-27 08:00:00",2892.045,2892.15,2880.72,2881.405,22157
1740646800,"2025-02-27 09:00:00",2881.365,2893.535,2877.17,2887.585,18110
1740650400,"2025-02-27 10:00:00",2887.6,2895.185,2886.62,2892.345,10224
1740654000,"2025-02-27 11:00:00",2892.37,2895.025,2883.45,2884.105,12526
1740657600,"2025-02-27 12:00:00",2884.095,2888.89,2883.255,2885.2,14718
1740661200,"2025-02-27 13:00:00",2885.18,2892.215,2881.25,2889.145,37403
1740664800,"2025-02-27 14:00:00",2889.125,2892.495,2867.795,2872.41,43747
1740668400,"2025-02-27 15:00:00",2872.315,2882.655,2870.555,2872.355,43444
1740672000,"2025-02-27 16:00:00",2872.405,2878.27,2871.9,2877.61,22531
1740675600,"2025-02-27 17:00:00",2877.585,2883.84,2876.14,2883.305,19255
1740679200,"2025-02-27 18:00:00",2883.225,2887.465,2882.89,2887.46,13482
1740682800,"2025-02-27 19:00:00",2887.525,2887.745,2877.31,2879.345,15900
1740686400,"2025-02-27 20:00:00",2879.36,2879.44,2872.83,2873.93,21921
1740690000,"2025-02-27 21:00:00",2873.96,2878.085,2871.285,2877.195,5731
1740697200,"2025-02-27 23:00:00",2876.52,2878.44,2875.1,2875.885,2792
1740700800,"2025-02-28 00:00:00",2875.88,2880.315,2874.945,2877.03,5389
1740704400,"2025-02-28 01:00:00",2877.035,2885.24,2873.94,2874.89,20657
1740708000,"2025-02-28 02:00:00",2874.85,2877.915,2870.545,2873.395,19116
1740711600,"2025-02-28 03:00:00",2873.385,2876.445,2863.745,2865.83,15445
1740715200,"2025-02-28 04:00:00",2865.755,2866.13,2856.975,2863.525,16104
1740718800,"2025-02-28 05:00:00",2863.455,2867.2,2861.87,2864.26,12856
1740722400,"2025-02-28 06:00:00",2864.34,2866.735,2862.075,2863.72,13674
1740726000,"2025-02-28 07:00:00",2863.69,2865.325,2857.465,2858.72,13408
1740729600,"2025-02-28 08:00:00",2858.68,2860.49,2851.115,2856.145,16906
1740733200,"2025-02-28 09:00:00",2856.13,2864.365,2855.95,2862.42,14990
1740736800,"2025-02-28 10:00:00",2862.425,2864.985,2860.815,2862.905,8983
1740740400,"2025-02-28 11:00:00",2862.905,2863.81,2859.185,2862.365,9080
1740744000,"2025-02-28 12:00:00",2862.415,2865.025,2854.39,2856.44,13527
1740747600,"2025-02-28 13:00:00",2856.49,2862.26,2848.37,2848.565,30069
1740751200,"2025-02-28 14:00:00",2848.6,2851.85,2833.545,2834.095,42246
1740754800,"2025-02-28 15:00:00",2834.01,2850.805,2832.72,2850.275,40252
1740758400,"2025-02-28 16:00:00",2850.29,2854.035,2846.385,2848.705,20732
1740762000,"2025-02-28 17:00:00",2848.69,2851.645,2844.655,2845.2,14126
1740765600,"2025-02-28 18:00:00",2845.175,2847.765,2838.135,2845.35,18827
1740769200,"2025-02-28 19:00:00",2845.33,2850.96,2844.2,2849.6,12159
1740772800,"2025-02-28 20:00:00",2849.58,2855.2,2847.73,2854.76,15083
1740776400,"2025-02-28 21:00:00",2854.765,2859.58,2853.355,2858.14,5701
1740956400,"2025-03-02 23:00:00",2873.14,2876.85,2864.42,2871.125,11333
1740960000,"2025-03-03 00:00:00",2871.09,2871.525,2865.335,2865.95,9305
1740963600,"2025-03-03 01:00:00",2865.98,2872.15,2864.26,2870.97,18480
1740967200,"2025-03-03 02:00:00",2870.965,2871.995,2867.75,2868.15,8549
1740970800,"2025-03-03 03:00:00",2868.17,2868.17,2859.47,2864.87,14278
1740974400,"2025-03-03 04:00:00",2864.86,2868.515,2863.195,2867.42,7480
1740978000,"2025-03-03 05:00:00",2867.395,2867.45,2861.33,2863.995,10996
1740981600,"2025-03-03 06:00:00",2863.94,2866.1,2861.815,2865.595,8945
1740985200,"2025-03-03 07:00:00",2865.59,2866.41,2860.285,2863.325,9479
1740988800,"2025-03-03 08:00:00",2863.365,2868.93,2859,2868.69,17506
1740992400,"2025-03-03 09:00:00",2868.685,2871.565,2864.375,2867.495,16333
1740996000,"2025-03-03 10:00:00",2867.52,2873.705,2867.275,2871.935,9723
1740999600,"2025-03-03 11:00:00",2872.01,2875.575,2871.39,2874.49,8259
1741003200,"2025-03-03 12:00:00",2874.38,2877.775,2874.1,2875.685,10295
1741006800,"2025-03-03 13:00:00",2875.685,2876.325,2868.95,2872.72,18801
1741010400,"2025-03-03 14:00:00",2872.53,2883.05,2871.365,2877.725,23267
1741014000,"2025-03-03 15:00:00",2877.305,2890.53,2874,2887.925,36654
1741017600,"2025-03-03 16:00:00",2887.97,2893.2,2886.115,2891.64,15370
1741021200,"2025-03-03 17:00:00",2891.625,2893.015,2887.39,2890.91,14463
1741024800,"2025-03-03 18:00:00",2890.905,2892.45,2886.66,2890,13681
1741028400,"2025-03-03 19:00:00",2889.95,2891.28,2879.83,2881.67,14060
1741032000,"2025-03-03 20:00:00",2881.65,2891.58,2878.435,2890.675,18312
1741035600,"2025-03-03 21:00:00",2890.745,2895.21,2890.21,2892.985,5483
1741042800,"2025-03-03 23:00:00",2892.7,2893.305,2890.635,2890.895,3154
1741046400,"2025-03-04 00:00:00",2890.88,2893.85,2890.135,2891.945,6139
1741050000,"2025-03-04 01:00:00",2891.995,2893.07,2881.98,2888.41,17824
1741053600,"2025-03-04 02:00:00",2888.405,2889.37,2884.875,2885.535,12201
1741057200,"2025-03-04 03:00:00",2885.51,2893.15,2885.06,2888.655,10807
1741060800,"2025-03-04 04:00:00",2888.525,2892.7,2886.735,2891.37,8139
1741064400,"2025-03-04 05:00:00",2891.395,2894.415,2888.515,2889.76,10483
1741068000,"2025-03-04 06:00:00",2889.755,2889.87,2884.525,2887.445,11073
1741071600,"2025-03-04 07:00:00",2887.445,2901.65,2887.115,2900.03,13297
1741075200,"2025-03-04 08:00:00",2899.99,2918.735,2896.785,2914.22,22969
1741078800,"2025-03-04 09:00:00",2914.31,2921.225,2912.63,2918.105,13143
1741082400,"2025-03-04 10:00:00",2918.1,2918.175,2912.08,2914.725,11966
1741086000,"2025-03-04 11:00:00",2914.695,2921.81,2913.02,2920.08,10506
1741089600,"2025-03-04 12:00:00",2920.12,2925.625,2918.71,2924.935,14240
1741093200,"2025-03-04 13:00:00",2925.03,2927.91,2919.81,2922.615,31082
1741096800,"2025-03-04 14:00:00",2922.63,2923.08,2903.345,2903.365,39250
1741100400,"2025-03-04 15:00:00",2903.385,2912.405,2900.39,2906.145,44115
1741104000,"2025-03-04 16:00:00",2906.13,2916.11,2903.765,2915.18,27660
1741107600,"2025-03-04 17:00:00",2915.21,2916.46,2911.105,2911.67,15204
1741111200,"2025-03-04 18:00:00",2911.645,2915.275,2908.305,2911.375,11247
1741114800,"2025-03-04 19:00:00",2911.39,2916.525,2911.26,2916.25,12477
1741118400,"2025-03-04 20:00:00",2916.25,2920.61,2914.45,2917.285,14874
1741122000,"2025-03-04 21:00:00",2917.3,2918.48,2913.435,2917.85,5978
1741129200,"2025-03-04 23:00:00",2917.885,2917.885,2914.295,2914.39,1947
1741132800,"2025-03-05 00:00:00",2914.405,2917.41,2912.27,2914.08,6065
1741136400,"2025-03-05 01:00:00",2914.105,2915.23,2903.525,2907.24,22190
1741140000,"2025-03-05 02:00:00",2907.26,2914.605,2902.04,2904.51,18697
1741143600,"2025-03-05 03:00:00",2904.515,2913.6,2903.47,2908.76,15847
1741147200,"2025-03-05 04:00:00",2908.79,2912.695,2908.62,2910.605,6354
1741150800,"2025-03-05 05:00:00",2910.56,2918.975,2910.15,2918.905,9289
1741154400,"2025-03-05 06:00:00",2918.87,2921.855,2913.595,2917.2,11325
1741158000,"2025-03-05 07:00:00",2917.21,2919.825,2913.05,2918.15,16413
1741161600,"2025-03-05 08:00:00",2918.145,2922,2916.865,2920.085,21968
1741165200,"2025-03-05 09:00:00",2920.095,2922.675,2913.44,2919.02,19043
1741168800,"2025-03-05 10:00:00",2919.04,2919.33,2909.1,2913.29,17794
1741172400,"2025-03-05 11:00:00",2913.27,2917.35,2912.055,2913.265,16771
1741176000,"2025-03-05 12:00:00",2913.31,2919.39,2912.39,2916.29,18390
1741179600,"2025-03-05 13:00:00",2916.395,2916.68,2894.35,2900.04,39625
1741183200,"2025-03-05 14:00:00",2900.03,2917.255,2897.795,2912.005,47330
1741186800,"2025-03-05 15:00:00",2910.805,2923.985,2907.905,2917.26,51633
1741190400,"2025-03-05 16:00:00",2917.25,2929.98,2915.295,2923.87,31341
1741194000,"2025-03-05 17:00:00",2923.89,2925.35,2913.485,2916.055,22946
1741197600,"2025-03-05 18:00:00",2916.07,2920.785,2911.88,2917.505,19972
1741201200,"2025-03-05 19:00:00",2917.56,2921.43,2916.365,2920.545,11736
1741204800,"2025-03-05 20:00:00",2920.53,2923.11,2919.55,2922.22,11646
1741208400,"2025-03-05 21:00:00",2922.205,2922.46,2917.865,2919.265,3225
1741215600,"2025-03-05 23:00:00",2918.685,2919.115,2916.835,2918.315,2285
1741219200,"2025-03-06 00:00:00",2918.28,2920.405,2916.6,2916.745,5613
1741222800,"2025-03-06 01:00:00",2916.74,2925.805,2916.01,2924.74,15992
1741226400,"2025-03-06 02:00:00",2924.725,2926.72,2923.11,2925.71,12049
1741230000,"2025-03-06 03:00:00",2925.715,2925.715,2920.13,2921.27,8696
1741233600,"2025-03-06 04:00:00",2921.245,2921.585,2916.485,2917.54,6511
1741237200,"2025-03-06 05:00:00",2917.48,2920.74,2914.63,2919.975,10546
1741240800,"2025-03-06 06:00:00",2919.98,2923.11,2919.915,2920.705,9452
1741244400,"2025-03-06 07:00:00",2920.705,2922.535,2909.81,2910.135,19845
1741248000,"2025-03-06 08:00:00",2910.105,2911.595,2901.1,2904.845,23995
1741251600,"2025-03-06 09:00:00",2904.85,2905.415,2891.15,2894.225,24685
1741255200,"2025-03-06 10:00:00",2894.245,2905.34,2892.03,2899.39,25629
1741258800,"2025-03-06 11:00:00",2899.335,2907.69,2898.685,2905.89,16788
1741262400,"2025-03-06 12:00:00",2905.875,2907.16,2899.365,2903.345,18415
1741266000,"2025-03-06 13:00:00",2903.35,2909.435,2900.865,2904.595,31260
1741269600,"2025-03-06 14:00:00",2904.55,2916.67,2903.445,2915.215,33207
1741273200,"2025-03-06 15:00:00",2915.22,2922.85,2909.21,2914.55,38930
1741276800,"2025-03-06 16:00:00",2914.58,2918.515,2912.645,2917.235,22299
1741280400,"2025-03-06 17:00:00",2917.245,2921.525,2914.46,2915.57,15841
1741284000,"2025-03-06 18:00:00",2915.585,2920.77,2913.915,2916.235,15109
1741287600,"2025-03-06 19:00:00",2916.245,2917.765,2912.355,2914.03,12607
1741291200,"2025-03-06 20:00:00",2914.01,2916.6,2908.525,2908.895,13081
1741294800,"2025-03-06 21:00:00",2908.9,2911.97,2908.45,2911.1,3837
1741302000,"2025-03-06 23:00:00",2912.935,2913.48,2910.045,2910.395,2530
1741305600,"2025-03-07 00:00:00",2910.385,2910.41,2896.91,2904.78,11849
1741309200,"2025-03-07 01:00:00",2904.815,2910.37,2901.57,2906.965,18519
1741312800,"2025-03-07 02:00:00",2906.96,2909.26,2901.345,2908.2,18054
1741316400,"2025-03-07 03:00:00",2908.205,2909.135,2904.02,2905.465,11966
1741320000,"2025-03-07 04:00:00",2905.41,2908.41,2904.825,2906.645,8989
1741323600,"2025-03-07 05:00:00",2906.67,2912.54,2906.445,2909.66,11360
1741327200,"2025-03-07 06:00:00",2909.655,2914.82,2907.82,2913.57,11923
1741330800,"2025-03-07 07:00:00",2913.57,2917.41,2911.72,2917.2,13069
1741334400,"2025-03-07 08:00:00",2917.22,2923.08,2915.31,2922.48,16492
1741338000,"2025-03-07 09:00:00",2922.46,2923.18,2920.245,2921.62,13751
1741341600,"2025-03-07 10:00:00",2921.605,2922.13,2917.155,2917.935,15724
1741345200,"2025-03-07 11:00:00",2917.94,2922.105,2916.735,2918.85,14865
1741348800,"2025-03-07 12:00:00",2918.86,2922.835,2918.08,2918.77,17295
1741352400,"2025-03-07 13:00:00",2918.745,2926.425,2910.175,2913.835,46186
1741356000,"2025-03-07 14:00:00",2913.8,2928.81,2903.83,2926.815,43975
1741359600,"2025-03-07 15:00:00",2926.77,2930.54,2908.66,2915.875,41175
1741363200,"2025-03-07 16:00:00",2915.855,2919.47,2911.685,2914.17,26713
1741366800,"2025-03-07 17:00:00",2914.19,2916.35,2905.075,2908.325,24035
1741370400,"2025-03-07 18:00:00",2908.27,2908.75,2902.065,2906.625,19790
1741374000,"2025-03-07 19:00:00",2906.71,2909.58,2904.68,2905.305,14783
1741377600,"2025-03-07 20:00:00",2905.305,2911.26,2904.865,2909.765,11613
1741381200,"2025-03-07 21:00:00",2909.755,2912.695,2908.52,2909.55,2753
1741557600,"2025-03-09 22:00:00",2912.41,2915.32,2909.93,2911.98,5059
1741561200,"2025-03-09 23:00:00",2911.995,2917.08,2911.595,2916.34,4676
1741564800,"2025-03-10 00:00:00",2916.33,2918.07,2913.035,2913.865,7521
1741568400,"2025-03-10 01:00:00",2913.94,2918.385,2911.375,2912.155,12006
1741572000,"2025-03-10 02:00:00",2912.215,2914.605,2909.53,2911.535,8905
1741575600,"2025-03-10 03:00:00",2911.51,2913.585,2908.335,2911.045,7835
1741579200,"2025-03-10 04:00:00",2911.035,2912.675,2910.38,2910.98,4124
1741582800,"2025-03-10 05:00:00",2911,2911.975,2907.035,2909.985,7801
1741586400,"2025-03-10 06:00:00",2910.05,2914.7,2909.41,2914.44,9812
1741590000,"2025-03-10 07:00:00",2914.475,2915.59,2904.365,2908.52,16866
1741593600,"2025-03-10 08:00:00",2908.49,2910.67,2897.625,2897.935,22031
1741597200,"2025-03-10 09:00:00",2897.84,2915.595,2896.71,2911.215,21283
1741600800,"2025-03-10 10:00:00",2911.2,2911.295,2898.425,2903.055,18532
1741604400,"2025-03-10 11:00:00",2903.035,2904.805,2895.7,2904.22,20586
1741608000,"2025-03-10 12:00:00",2904.235,2907.715,2900.405,2906.8,27141
1741611600,"2025-03-10 13:00:00",2906.8,2908.675,2897.705,2903.79,36241
1741615200,"2025-03-10 14:00:00",2903.795,2909.215,2900.995,2908.115,41657
1741618800,"2025-03-10 15:00:00",2908.125,2910.635,2900.64,2904.57,28881
1741622400,"2025-03-10 16:00:00",2904.59,2906.895,2895.9,2895.975,21497
1741626000,"2025-03-10 17:00:00",2895.965,2896.175,2882.82,2886.135,29284
1741629600,"2025-03-10 18:00:00",2886.105,2889.735,2880.31,2885.665,20088
1741633200,"2025-03-10 19:00:00",2885.6,2891.065,2880.355,2885.59,19848
1741636800,"2025-03-10 20:00:00",2885.575,2889.605,2884.45,2889.5,4401
1741644000,"2025-03-10 22:00:00",2889.865,2889.96,2884.115,2884.655,3239
1741647600,"2025-03-10 23:00:00",2884.66,2885.875,2882.43,2884.79,4346
1741651200,"2025-03-11 00:00:00",2884.865,2888.78,2884.33,2887.415,9444
1741654800,"2025-03-11 01:00:00",2887.54,2891.075,2880.25,2890.65,18800
1741658400,"2025-03-11 02:00:00",2890.62,2900.515,2890.015,2899.175,15672
1741662000,"2025-03-11 03:00:00",2899.18,2899.47,2895.21,2896.915,9891
1741665600,"2025-03-11 04:00:00",2896.905,2898.685,2895.515,2897.77,4776
1741669200,"2025-03-11 05:00:00",2897.755,2899.185,2892.815,2895.93,9890
1741672800,"2025-03-11 06:00:00",2896,2902.89,2893.62,2902.35,13680
1741676400,"2025-03-11 07:00:00",2902.34,2903.7,2897.585,2901.11,11170
1741680000,"2025-03-11 08:00:00",2901.13,2910.675,2900.555,2910.01,11869
1741683600,"2025-03-11 09:00:00",2910.015,2912.54,2908.935,2911.825,12531
1741687200,"2025-03-11 10:00:00",2911.815,2914.595,2910.945,2912.105,9577
1741690800,"2025-03-11 11:00:00",2912.115,2915.48,2910.81,2913.615,10153
1741694400,"2025-03-11 12:00:00",2913.7,2916.11,2910.66,2913.11,13970
1741698000,"2025-03-11 13:00:00",2913.115,2922.225,2906.89,2918.2,31135
1741701600,"2025-03-11 14:00:00",2918.195,2920.905,2911.77,2914.195,30002
1741705200,"2025-03-11 15:00:00",2914.195,2919.97,2914.1,2916.85,22909
1741708800,"2025-03-11 16:00:00",2916.845,2918.145,2915.22,2917.2,9795
1741712400,"2025-03-11 17:00:00",2917.225,2920.755,2914.21,2917.83,13168
1741716000,"2025-03-11 18:00:00",2917.77,2919.59,2915.285,2918.355,9225
1741719600,"2025-03-11 19:00:00",2918.34,2921.4,2917.51,2918.395,12673
1741723200,"2025-03-11 20:00:00",2918.4,2919.095,2915.135,2915.695,3938
1741730400,"2025-03-11 22:00:00",2915.36,2918.265,2914.435,2917.72,3170
1741734000,"2025-03-11 23:00:00",2917.79,2919.755,2915.475,2915.555,2253
1741737600,"2025-03-12 00:00:00",2915.575,2915.585,2912.23,2914.25,5145
1741741200,"2025-03-12 01:00:00",2914.255,2917.48,2910.9,2915,10278
1741744800,"2025-03-12 02:00:00",2914.93,2918.39,2914.055,2916.36,8078
1741748400,"2025-03-12 03:00:00",2916.35,2920.11,2914.95,2915.035,6358
1741752000,"2025-03-12 04:00:00",2915.055,2916.09,2912.63,2914.985,5297
1741755600,"2025-03-12 05:00:00",2914.94,2916.57,2912.165,2916.035,8319
1741759200,"2025-03-12 06:00:00",2916.06,2921.185,2911.435,2911.95,13988
1741762800,"2025-03-12 07:00:00",2911.91,2915.755,2909.095,2914.655,14281
1741766400,"2025-03-12 08:00:00",2914.605,2922.28,2914.175,2922.27,16068
1741770000,"2025-03-12 09:00:00",2922.28,2925.39,2913.74,2914.73,15007
1741773600,"2025-03-12 10:00:00",2914.705,2917.065,2912.86,2914.41,10487
1741777200,"2025-03-12 11:00:00",2914.385,2916.855,2912.795,2915.39,9665
1741780800,"2025-03-12 12:00:00",2915.4,2923.295,2912.15,2917.56,27638
1741784400,"2025-03-12 13:00:00",2917.545,2918.855,2906.11,2915.595,39991
1741788000,"2025-03-12 14:00:00",2915.58,2922.57,2914.36,2921.985,32774
1741791600,"2025-03-12 15:00:00",2921.97,2929.49,2921.485,2928.46,32893
1741795200,"2025-03-12 16:00:00",2928.59,2939.195,2928,2936.235,32061
1741798800,"2025-03-12 17:00:00",2936.265,2940.69,2935.945,2936.21,17444
1741802400,"2025-03-12 18:00:00",2936.235,2937.455,2933.88,2935.21,10737
1741806000,"2025-03-12 19:00:00",2935.175,2935.695,2931,2931.405,12123
1741809600,"2025-03-12 20:00:00",2931.35,2934.31,2930.965,2933.61,3303
1741816800,"2025-03-12 22:00:00",2934.88,2939.075,2934.13,2938.205,3722
1741820400,"2025-03-12 23:00:00",2938.215,2939.495,2934.795,2938.195,3440
1741824000,"2025-03-13 00:00:00",2938.15,2939.49,2937.645,2938.71,3612
1741827600,"2025-03-13 01:00:00",2938.685,2941.56,2936.64,2937.92,10031
1741831200,"2025-03-13 02:00:00",2937.835,2946.145,2937.55,2944.38,8436
1741834800,"2025-03-13 03:00:00",2944.375,2947.195,2943.13,2945.755,6284
1741838400,"2025-03-13 04:00:00",2945.71,2946.31,2943.515,2944.76,3829
1741842000,"2025-03-13 05:00:00",2944.7,2945.1,2938.31,2940.14,9065
1741845600,"2025-03-13 06:00:00",2940.055,2940.355,2935.515,2936.955,11699
1741849200,"2025-03-13 07:00:00",2936.95,2938.19,2932.98,2935.32,8766
1741852800,"2025-03-13 08:00:00",2935.34,2945.01,2934.885,2941.54,11935
1741856400,"2025-03-13 09:00:00",2941.545,2948.93,2941.12,2947.835,9233
1741860000,"2025-03-13 10:00:00",2947.84,2948.695,2942.13,2944.15,11153
1741863600,"2025-03-13 11:00:00",2944.165,2948.65,2944.165,2946.395,13804
1741867200,"2025-03-13 12:00:00",2946.39,2949.3,2941.22,2942.575,30387
1741870800,"2025-03-13 13:00:00",2942.59,2952.542,2939.09,2950.49,32631
1741874400,"2025-03-13 14:00:00",2950.485,2971.26,2949.955,2970.05,42756
1741878000,"2025-03-13 15:00:00",2970.07,2978.45,2966.545,2977.9,43547
1741881600,"2025-03-13 16:00:00",2977.915,2985.29,2976.695,2980.16,29427
1741885200,"2025-03-13 17:00:00",2980.155,2982.27,2976.525,2979.555,17139
1741888800,"2025-03-13 18:00:00",2979.57,2984.425,2979.195,2983.325,14441
1741892400,"2025-03-13 19:00:00",2983.36,2985.57,2980.605,2982.94,16267
1741896000,"2025-03-13 20:00:00",2982.965,2989.3,2981.345,2988.695,4350
1741903200,"2025-03-13 22:00:00",2984.23,2990.055,2983.345,2987.31,3736
1741906800,"2025-03-13 23:00:00",2987.315,2989.365,2985.445,2986.465,3850
1741910400,"2025-03-14 00:00:00",2986.46,2988.83,2984.71,2986.76,8885
1741914000,"2025-03-14 01:00:00",2986.755,2990.275,2981.715,2988.07,23792
1741917600,"2025-03-14 02:00:00",2988.015,2988.605,2983.845,2984.095,11568
1741921200,"2025-03-14 03:00:00",2984.065,2992.975,2983.865,2992.7,11112
1741924800,"2025-03-14 04:00:00",2992.77,2994,2984.49,2985.535,9732
1741928400,"2025-03-14 05:00:00",2985.555,2986.795,2981.96,2986.525,12784
1741932000,"2025-03-14 06:00:00",2986.55,2987.76,2981.285,2985.745,13899
1741935600,"2025-03-14 07:00:00",2985.705,2987.1,2980.915,2986.975,11604
1741939200,"2025-03-14 08:00:00",2986.965,2993.36,2985.28,2993,14345
1741942800,"2025-03-14 09:00:00",2992.995,2999.585,2992.71,2998.795,14103
1741946400,"2025-03-14 10:00:00",2998.805,3005.04,2986.69,2993.445,20454
1741950000,"2025-03-14 11:00:00",2993.465,2999.265,2993.345,2993.56,17720
1741953600,"2025-03-14 12:00:00",2993.535,2999.715,2993.43,2993.955,22007
1741957200,"2025-03-14 13:00:00",2993.965,2996.23,2983.2,2985.69,38156
1741960800,"2025-03-14 14:00:00",2985.59,2993.455,2982.035,2985.46,41680
1741964400,"2025-03-14 15:00:00",2985.5,2986.6,2978.505,2984.62,30100
1741968000,"2025-03-14 16:00:00",2984.605,2990.08,2982.995,2989.885,17325
1741971600,"2025-03-14 17:00:00",2989.875,2990.51,2986.425,2986.625,13605
1741975200,"2025-03-14 18:00:00",2986.635,2987.14,2983.205,2983.475,10085
1741978800,"2025-03-14 19:00:00",2983.465,2986.08,2982.255,2984.01,9399
1741982400,"2025-03-14 20:00:00",2983.975,2988.875,2981.85,2984.91,3408
1742162400,"2025-03-16 22:00:00",2988.225,2990.765,2986.29,2989.16,4409
1742166000,"2025-03-16 23:00:00",2989.185,2994.235,2988.38,2990.125,3582
1742169600,"2025-03-17 00:00:00",2990.21,2991.165,2986.415,2991.005,5683
1742173200,"2025-03-17 01:00:00",2990.97,2993.235,2988.79,2990.89,13243
1742176800,"2025-03-17 02:00:00",2990.895,2992.105,2987.04,2988.125,8320
1742180400,"2025-03-17 03:00:00",2988.115,2988.76,2985.405,2987.035,7862
1742184000,"2025-03-17 04:00:00",2987.02,2987.935,2982.485,2982.71,5531
1742187600,"2025-03-17 05:00:00",2982.77,2986.23,2982.34,2986.145,7004
1742191200,"2025-03-17 06:00:00",2986.2,2990.83,2985.48,2989.985,9689
1742194800,"2025-03-17 07:00:00",2989.935,2990.035,2984.18,2985.545,10361
1742198400,"2025-03-17 08:00:00",2985.575,2988.515,2983.175,2988.515,9433
1742202000,"2025-03-17 09:00:00",2988.51,2996.955,2987.63,2995.79,10942
1742205600,"2025-03-17 10:00:00",2995.785,2999.705,2994.79,2999.03,8955
1742209200,"2025-03-17 11:00:00",2999.05,3001.19,2996.41,2997.55,10494
1742212800,"2025-03-17 12:00:00",2997.545,2997.92,2984.93,2987.275,27273
1742216400,"2025-03-17 13:00:00",2987.27,2991.45,2986.14,2988.43,32235
1742220000,"2025-03-17 14:00:00",2988.415,3000.55,2987.245,2998.72,28721
1742223600,"2025-03-17 15:00:00",2998.755,2999.45,2992.965,2997.255,19660
1742227200,"2025-03-17 16:00:00",2997.26,2997.835,2993.125,2994.57,14580
1742230800,"2025-03-17 17:00:00",2994.6,2999.545,2994.6,2997.955,10915
1742234400,"2025-03-17 18:00:00",2997.95,3000.415,2996.945,2999.405,10395
1742238000,"2025-03-17 19:00:00",2999.41,3000.925,2997.735,3000.355,7138
1742241600,"2025-03-17 20:00:00",3000.32,3001.975,3000.16,3001.13,3734
1742248800,"2025-03-17 22:00:00",3001.16,3001.265,3000.095,3000.34,1214
1742252400,"2025-03-17 23:00:00",3000.33,3002.89,2999.655,2999.81,2541
1742256000,"2025-03-18 00:00:00",2999.805,3003.615,2999.59,3001.565,6615
1742259600,"2025-03-18 01:00:00",3001.48,3008.555,2999.46,3005.83,16109
1742263200,"2025-03-18 02:00:00",3005.82,3012.24,3002.9,3010.955,10998
1742266800,"2025-03-18 03:00:00",3010.96,3015.21,3009.645,3011.515,10169
1742270400,"2025-03-18 04:00:00",3011.535,3017.2,3011.32,3014.47,6170
1742274000,"2025-03-18 05:00:00",3014.465,3014.85,3006.145,3011.96,11337
1742277600,"2025-03-18 06:00:00",3012.02,3017.895,3010.67,3015.86,13021
1742281200,"2025-03-18 07:00:00",3015.87,3019,3014.59,3016.63,12860
1742284800,"2025-03-18 08:00:00",3016.655,3027.28,3016.485,3026.595,16067
1742288400,"2025-03-18 09:00:00",3026.64,3028.52,3018.225,3020.25,15704
1742292000,"2025-03-18 10:00:00",3020.21,3025.845,3019.695,3024.16,15666
1742295600,"2025-03-18 11:00:00",3024.17,3029.595,3022.53,3026.92,11175
1742299200,"2025-03-18 12:00:00",3026.905,3035.96,3026.805,3034.36,21125
1742302800,"2025-03-18 13:00:00",3034.37,3038.35,3026.25,3033.34,38500
1742306400,"2025-03-18 14:00:00",3033.325,3033.325,3024.805,3028.055,39798
1742310000,"2025-03-18 15:00:00",3028.075,3032.69,3025.265,3031.8,28720
1742313600,"2025-03-18 16:00:00",3031.785,3037.035,3030.56,3036.14,18616
1742317200,"2025-03-18 17:00:00",3036.115,3036.38,3029.83,3032.605,15300
1742320800,"2025-03-18 18:00:00",3032.6,3036.445,3032.47,3035.93,7831
1742324400,"2025-03-18 19:00:00",3035.915,3038.065,3035.275,3035.63,9847
1742328000,"2025-03-18 20:00:00",3035.68,3036.095,3033.385,3034.115,2831
1742335200,"2025-03-18 22:00:00",3033.97,3034.635,3032.775,3034.505,1466
1742338800,"2025-03-18 23:00:00",3034.535,3035.07,3031.56,3031.79,2246
1742342400,"2025-03-19 00:00:00",3031.765,3034.035,3030.53,3031.485,3977
1742346000,"2025-03-19 01:00:00",3031.46,3032.73,3027.45,3029.51,8344
1742349600,"2025-03-19 02:00:00",3029.47,3033.915,3029.1,3033.465,9880
1742353200,"2025-03-19 03:00:00",3033.47,3039.045,3032.315,3036.335,8524
1742356800,"2025-03-19 04:00:00",3036.325,3037.73,3034.32,3036.55,5596
1742360400,"2025-03-19 05:00:00",3036.625,3045.41,3036.575,3044.59,10240
1742364000,"2025-03-19 06:00:00",3044.625,3044.84,3034.5,3042.34,17495
1742367600,"2025-03-19 07:00:00",3042.33,3042.95,3035.59,3035.945,17204
1742371200,"2025-03-19 08:00:00",3035.975,3037.19,3024.79,3025.34,16015
1742374800,"2025-03-19 09:00:00",3025.31,3031.545,3022.885,3030.64,13365
1742378400,"2025-03-19 10:00:00",3030.62,3037.865,3028.415,3034.725,12602
1742382000,"2025-03-19 11:00:00",3034.72,3039.985,3033.775,3038.99,9306
1742385600,"2025-03-19 12:00:00",3038.975,3041.1,3036.37,3037.245,14109
1742389200,"2025-03-19 13:00:00",3037.25,3038.285,3027.705,3033.425,33346
1742392800,"2025-03-19 14:00:00",3033.415,3033.415,3025.96,3027.67,26146
1742396400,"2025-03-19 15:00:00",3027.64,3033.255,3026.865,3031.56,16414
1742400000,"2025-03-19 16:00:00",3031.595,3038.455,3031.405,3033.135,12329
1742403600,"2025-03-19 17:00:00",3033.15,3034.265,3029.52,3030.695,11077
1742407200,"2025-03-19 18:00:00",3030.7,3048.83,3030.11,3046.94,26266
1742410800,"2025-03-19 19:00:00",3047.045,3051.97,3041.02,3048.045,18777
1742414400,"2025-03-19 20:00:00",3048.03,3048.295,3044.385,3047.14,3454
1742421600,"2025-03-19 22:00:00",3048.72,3050.745,3047.285,3050.245,2013
1742425200,"2025-03-19 23:00:00",3050.24,3051.28,3048.79,3050.14,2241
1742428800,"2025-03-20 00:00:00",3050.155,3055.62,3050.155,3053.285,9553
1742432400,"2025-03-20 01:00:00",3053.315,3056.23,3049.45,3049.69,18375
1742436000,"2025-03-20 02:00:00",3049.705,3052.25,3045.08,3045.76,13178
1742439600,"2025-03-20 03:00:00",3045.755,3050.495,3045.565,3050.005,9095
1742443200,"2025-03-20 04:00:00",3049.975,3057.59,3048.21,3052.42,9339
1742446800,"2025-03-20 05:00:00",3052.53,3053.485,3045.005,3046.97,13476
1742450400,"2025-03-20 06:00:00",3047,3051.625,3045.765,3049.025,12566
1742454000,"2025-03-20 07:00:00",3049.045,3049.045,3041.855,3042.34,13419
1742457600,"2025-03-20 08:00:00",3042.375,3043.945,3038.805,3042.055,14271
1742461200,"2025-03-20 09:00:00",3042.045,3046.36,3040.73,3041.53,14549
1742464800,"2025-03-20 10:00:00",3041.525,3041.525,3025.73,3034.34,23954
1742468400,"2025-03-20 11:00:00",3034.345,3035.27,3029.38,3034.52,15599
1742472000,"2025-03-20 12:00:00",3034.56,3042.38,3033.465,3040.925,21307
1742475600,"2025-03-20 13:00:00",3040.92,3041.145,3030.045,3033.005,30174
1742479200,"2025-03-20 14:00:00",3032.95,3040.885,3030.695,3040.24,26164
1742482800,"2025-03-20 15:00:00",3040.19,3041.915,3037.68,3040.82,19351
1742486400,"2025-03-20 16:00:00",3040.835,3043.27,3034.03,3038.33,17019
1742490000,"2025-03-20 17:00:00",3038.37,3041.975,3034.85,3041.795,10185
1742493600,"2025-03-20 18:00:00",3041.805,3045.425,3040.92,3043.33,8902
1742497200,"2025-03-20 19:00:00",3043.285,3046.225,3043.285,3044.715,9184
1742500800,"2025-03-20 20:00:00",3044.74,3045.945,3044.39,3044.66,2974
1742508000,"2025-03-20 22:00:00",3045.005,3046.055,3043.54,3045.828,1323
1742511600,"2025-03-20 23:00:00",3045.835,3046.68,3044.59,3046.49,2206
1742515200,"2025-03-21 00:00:00",3046.485,3047.55,3042.42,3042.925,4652
1742518800,"2025-03-21 01:00:00",3042.95,3044.635,3035.895,3035.95,14609
1742522400,"2025-03-21 02:00:00",3035.94,3037.08,3033.845,3034.75,11779
1742526000,"2025-03-21 03:00:00",3034.685,3034.745,3030.095,3030.665,10903
1742529600,"2025-03-21 04:00:00",3030.66,3032.06,3028.065,3029.88,7256
1742533200,"2025-03-21 05:00:00",3029.92,3030.38,3021.845,3028.105,11897
1742536800,"2025-03-21 06:00:00",3028.11,3034.13,3027.55,3029.875,12582
1742540400,"2025-03-21 07:00:00",3029.885,3033.52,3028.135,3032.1,10266
1742544000,"2025-03-21 08:00:00",3032.11,3034.91,3027.16,3033.02,13610
1742547600,"2025-03-21 09:00:00",3032.975,3033.145,3027.8,3029.7,11213
1742551200,"2025-03-21 10:00:00",3029.685,3033.57,3029.68,3030.955,8788
1742554800,"2025-03-21 11:00:00",3030.865,3037.725,3029.04,3034.355,11830
1742558400,"2025-03-21 12:00:00",3034.35,3038.195,3033.555,3034.115,15941
1742562000,"2025-03-21 13:00:00",3034.11,3036.95,3004.27,3006.655,42661
1742565600,"2025-03-21 14:00:00",3006.62,3016.815,2999.465,3015.765,41876
1742569200,"2025-03-21 15:00:00",3015.8,3017.93,3010.095,3011.18,25002
1742572800,"2025-03-21 16:00:00",3011.155,3017.065,3010.7,3015.25,15389
1742576400,"2025-03-21 17:00:00",3015.31,3018.37,3012.885,3013.735,12820
1742580000,"2025-03-21 18:00:00",3013.725,3021.73,3013.515,3017.53,9573
1742583600,"2025-03-21 19:00:00",3017.495,3022.01,3016.04,3019.985,9789
1742587200,"2025-03-21 20:00:00",3020.035,3024.275,3019.95,3023.985,3426
1742767200,"2025-03-23 22:00:00",3023.165,3026.19,3022.43,3025.655,4207
1742770800,"2025-03-23 23:00:00",3025.685,3026.41,3023.39,3024.865,3898
1742774400,"2025-03-24 00:00:00",3024.73,3025.57,3017.06,3018.41,11303
1742778000,"2025-03-24 01:00:00",3018.485,3025.705,3018.185,3020.965,21218
1742781600,"2025-03-24 02:00:00",3021.07,3024.58,3013.755,3016.415,13747
1742785200,"2025-03-24 03:00:00",3016.365,3019.84,3015.695,3016.955,9981
1742788800,"2025-03-24 04:00:00",3017.02,3020.145,3016.635,3019.52,6640
1742792400,"2025-03-24 05:00:00",3019.51,3023.27,3018.985,3022.135,9377
1742796000,"2025-03-24 06:00:00",3022.025,3025.73,3017.385,3025.08,9847
1742799600,"2025-03-24 07:00:00",3025.14,3028.88,3021,3022.36,14631
1742803200,"2025-03-24 08:00:00",3022.35,3029.05,3021.865,3028.9,17465
1742806800,"2025-03-24 09:00:00",3028.995,3031.05,3022.64,3023.665,17946
1742810400,"2025-03-24 10:00:00",3023.645,3033.34,3023.465,3028.105,18646
1742814000,"2025-03-24 11:00:00",3028.1,3029.295,3024.45,3024.64,11622
1742817600,"2025-03-24 12:00:00",3024.65,3028.74,3022.415,3024.205,18205
1742821200,"2025-03-24 13:00:00",3024.18,3028.37,3019.25,3022.615,31827
1742824800,"2025-03-24 14:00:00",3022.535,3024.1,3008.05,3012.12,32411
1742828400,"2025-03-24 15:00:00",3012.13,3015.31,3005.88,3014.18,26375
1742832000,"2025-03-24 16:00:00",3014.19,3015.71,3008.025,3009.835,17775
1742835600,"2025-03-24 17:00:00",3009.82,3010.005,3005.935,3007.135,12125
1742839200,"2025-03-24 18:00:00",3007.115,3008.15,3002.495,3006.79,13202
1742842800,"2025-03-24 19:00:00",3006.84,3008.29,3005.07,3006.155,5733
1742846400,"2025-03-24 20:00:00",3006.105,3014.59,3005.655,3012.15,3126
1742853600,"2025-03-24 22:00:00",3011.705,3012.355,3009.025,3011.5,2488
1742857200,"2025-03-24 23:00:00",3011.515,3012.47,3009.47,3010.045,2389
1742860800,"2025-03-25 00:00:00",3010.21,3014.985,3009.205,3014.47,4198
1742864400,"2025-03-25 01:00:00",3014.46,3014.68,3010.515,3011.88,12291
1742868000,"2025-03-25 02:00:00",3011.9,3012.435,3007.54,3009.14,10552
1742871600,"2025-03-25 03:00:00",3009.155,3016.28,3008.66,3015.235,9657
1742875200,"2025-03-25 04:00:00",3015.295,3016.465,3014.76,3015.315,5897
1742878800,"2025-03-25 05:00:00",3015.29,3021.135,3014.315,3018.435,10506
1742882400,"2025-03-25 06:00:00",3018.43,3018.745,3014.79,3017.76,11316
1742886000,"2025-03-25 07:00:00",3017.765,3018.115,3010.595,3011.225,10347
1742889600,"2025-03-25 08:00:00",3011.23,3021.89,3010.655,3021.41,14573
1742893200,"2025-03-25 09:00:00",3021.325,3023.635,3018.975,3023.365,10040
1742896800,"2025-03-25 10:00:00",3023.355,3024.97,3020.63,3023.62,10488
1742900400,"2025-03-25 11:00:00",3023.615,3026.59,3020.46,3020.74,10623
1742904000,"2025-03-25 12:00:00",3020.79,3023.33,3014.205,3021.86,19922
1742907600,"2025-03-25 13:00:00",3021.825,3030.8,3021,3028.99,27614
1742911200,"2025-03-25 14:00:00",3028.985,3036.07,3025.02,3025.17,31981
1742914800,"2025-03-25 15:00:00",3025.055,3028.08,3018.065,3021.59,22691
1742918400,"2025-03-25 16:00:00",3021.6,3025.64,3021.49,3023.28,12475
1742922000,"2025-03-25 17:00:00",3023.285,3023.42,3019.855,3022.7,8355
1742925600,"2025-03-25 18:00:00",3022.66,3023.005,3017.855,3018.615,7184
1742929200,"2025-03-25 19:00:00",3018.605,3020.84,3017.835,3019.72,5346
1742932800,"2025-03-25 20:00:00",3019.675,3020.85,3018.905,3020.09,2177
1742940000,"2025-03-25 22:00:00",3021.175,3022.47,3020.405,3021.425,1400
1742943600,"2025-03-25 23:00:00",3021.46,3022.025,3020.605,3021.08,1550
1742947200,"2025-03-26 00:00:00",3021.07,3022.255,3017.885,3018.195,4807
1742950800,"2025-03-26 01:00:00",3018.2,3025.555,3016.44,3024.88,15912
1742954400,"2025-03-26 02:00:00",3024.885,3027.17,3022.885,3024.44,11847
1742958000,"2025-03-26 03:00:00",3024.405,3024.405,3016.515,3017.635,11453
1742961600,"2025-03-26 04:00:00",3017.64,3017.7,3014.36,3015.275,5494
1742965200,"2025-03-26 05:00:00",3015.27,3024.185,3013.32,3022.665,10816
1742968800,"2025-03-26 06:00:00",3022.66,3026.495,3022.12,3026.345,13152
1742972400,"2025-03-26 07:00:00",3026.35,3030.905,3025.125,3030.575,9370
1742976000,"2025-03-26 08:00:00",3030.585,3032.165,3023.66,3024.09,9726
1742979600,"2025-03-26 09:00:00",3024.115,3024.25,3017.515,3018.765,11372
1742983200,"2025-03-26 10:00:00",3018.705,3025.12,3017.075,3023.41,13290
1742986800,"2025-03-26 11:00:00",3023.335,3030.45,3023.335,3027.595,11628
1742990400,"2025-03-26 12:00:00",3027.595,3030.155,3025.53,3027.19,15372
1742994000,"2025-03-26 13:00:00",3027.18,3027.52,3015.92,3016.715,24059
1742997600,"2025-03-26 14:00:00",3016.68,3021.765,3014.995,3017.515,22387
1743001200,"2025-03-26 15:00:00",3017.505,3018.94,3012.33,3015.93,18971
1743004800,"2025-03-26 16:00:00",3015.95,3020.15,3015.285,3015.725,14412
1743008400,"2025-03-26 17:00:00",3015.725,3019.065,3015.375,3018.78,9804
1743012000,"2025-03-26 18:00:00",3018.805,3020.97,3018.26,3018.38,7876
1743015600,"2025-03-26 19:00:00",3018.41,3019.14,3015.815,3017.38,7646
1743019200,"2025-03-26 20:00:00",3017.395,3021.86,3017.245,3019.495,3255
1743026400,"2025-03-26 22:00:00",3020.345,3021.115,3018.155,3019.485,3942
1743030000,"2025-03-26 23:00:00",3019.545,3021.905,3017.655,3021.725,4792
1743033600,"2025-03-27 00:00:00",3021.715,3025.915,3021.655,3025.47,6873
1743037200,"2025-03-27 01:00:00",3025.5,3028.51,3023.015,3023.645,15109
1743040800,"2025-03-27 02:00:00",3023.65,3032.93,3023.32,3031.79,14596
1743044400,"2025-03-27 03:00:00",3031.755,3034.33,3029.705,3033.745,9111
1743048000,"2025-03-27 04:00:00",3033.695,3038.695,3031.8,3034.2,9658
1743051600,"2025-03-27 05:00:00",3034.255,3035.97,3029.4,3029.8,10631
1743055200,"2025-03-27 06:00:00",3029.75,3033.41,3026.765,3030.025,13640
1743058800,"2025-03-27 07:00:00",3030.02,3036.805,3029.355,3035.96,15730
1743062400,"2025-03-27 08:00:00",3035.975,3038.015,3033.865,3036.175,14365
1743066000,"2025-03-27 09:00:00",3036.18,3041.16,3034.67,3040.08,10661
1743069600,"2025-03-27 10:00:00",3040.08,3055.98,3039.91,3051.49,19786
1743073200,"2025-03-27 11:00:00",3051.525,3055.685,3048.85,3054.735,14879
1743076800,"2025-03-27 12:00:00",3054.75,3056.03,3047.1,3050.075,21460
1743080400,"2025-03-27 13:00:00",3050.08,3052.255,3033.475,3040.715,36471
1743084000,"2025-03-27 14:00:00",3040.73,3059.755,3040.73,3057.66,36510
1743087600,"2025-03-27 15:00:00",3057.7,3059.33,3051.375,3052.18,31055
1743091200,"2025-03-27 16:00:00",3052.18,3054.325,3047.91,3048.43,21575
1743094800,"2025-03-27 17:00:00",3048.415,3053.29,3047.87,3052.93,11748
1743098400,"2025-03-27 18:00:00",3052.925,3057.635,3052.785,3055.86,9850
1743102000,"2025-03-27 19:00:00",3055.87,3057.955,3054.95,3057.535,7713
1743105600,"2025-03-27 20:00:00",3057.53,3057.645,3055.16,3056.605,2571
1743112800,"2025-03-27 22:00:00",3056.07,3057.81,3054.56,3055.105,2591
1743116400,"2025-03-27 23:00:00",3055.16,3056.185,3054.235,3055.795,2485
1743120000,"2025-03-28 00:00:00",3055.78,3063.455,3055.095,3061.985,8989
1743123600,"2025-03-28 01:00:00",3061.945,3074.09,3061.835,3073.94,18567
1743127200,"2025-03-28 02:00:00",3073.955,3077.68,3070.095,3071.925,15392
1743130800,"2025-03-28 03:00:00",3071.895,3076.69,3069.745,3075.29,11856
1743134400,"2025-03-28 04:00:00",3075.285,3075.4,3072.645,3073.905,5201
1743138000,"2025-03-28 05:00:00",3073.95,3082.14,3072.625,3077.895,10647
1743141600,"2025-03-28 06:00:00",3077.85,3085.02,3076.78,3084.76,15744
1743145200,"2025-03-28 07:00:00",3084.74,3086.09,3077.735,3079.285,13571
1743148800,"2025-03-28 08:00:00",3079.3,3081.32,3066.145,3072.97,16428
1743152400,"2025-03-28 09:00:00",3072.965,3076.21,3069.655,3072.925,12274
1743156000,"2025-03-28 10:00:00",3072.855,3074.73,3067.37,3074.405,11906
1743159600,"2025-03-28 11:00:00",3074.395,3079.925,3074.13,3076.35,11728
1743163200,"2025-03-28 12:00:00",3076.375,3082,3072.465,3077.505,21562
1743166800,"2025-03-28 13:00:00",3077.38,3084.355,3070.85,3083.36,38218
1743170400,"2025-03-28 14:00:00",3083.355,3086.965,3068.165,3070.02,50483
1743174000,"2025-03-28 15:00:00",3069.97,3085.845,3067.43,3083.845,30287
1743177600,"2025-03-28 16:00:00",3083.865,3086.755,3080.48,3083.985,19638
1743181200,"2025-03-28 17:00:00",3083.98,3085.97,3076.13,3077.425,13638
1743184800,"2025-03-28 18:00:00",3077.41,3080.505,3073.655,3079.72,9422
1743188400,"2025-03-28 19:00:00",3079.715,3081.945,3079.475,3080.775,9488
1743192000,"2025-03-28 20:00:00",3080.795,3086,3080.795,3085.345,3684
1743372000,"2025-03-30 22:00:00",3093.01,3097.978,3088.59,3090.155,8686
1743375600,"2025-03-30 23:00:00",3090.135,3090.96,3088.01,3089.16,6329
1743379200,"2025-03-31 00:00:00",3089.25,3089.745,3077.45,3079.125,10946
1743382800,"2025-03-31 01:00:00",3079.12,3095.54,3076.805,3094.895,23559
1743386400,"2025-03-31 02:00:00",3094.755,3107.25,3094.05,3106.74,22220
1743390000,"2025-03-31 03:00:00",3106.76,3111.865,3105.245,3107.185,13213
1743393600,"2025-03-31 04:00:00",3107.255,3116.09,3106.01,3113.505,6744
1743397200,"2025-03-31 05:00:00",3113.465,3120.21,3107.565,3116.575,11262
1743400800,"2025-03-31 06:00:00",3116.595,3128.135,3113.445,3119.39,22900
1743404400,"2025-03-31 07:00:00",3119.41,3125.385,3118.615,3124.62,20561
1743408000,"2025-03-31 08:00:00",3124.5,3127.295,3121.07,3122.26,15407
1743411600,"2025-03-31 09:00:00",3122.295,3123.445,3111.93,3115.07,14678
1743415200,"2025-03-31 10:00:00",3115.1,3123.795,3111.96,3118.525,16466
1743418800,"2025-03-31 11:00:00",3118.545,3119.83,3113.485,3119.62,12200
1743422400,"2025-03-31 12:00:00",3119.63,3126.77,3118.205,3124.575,23213
1743426000,"2025-03-31 13:00:00",3124.595,3124.805,3099.71,3113.525,51591
1743429600,"2025-03-31 14:00:00",3113.505,3123.675,3110.97,3123.325,42481
1743433200,"2025-03-31 15:00:00",3123.32,3127.3,3112.915,3113.795,25943
1743436800,"2025-03-31 16:00:00",3113.825,3120.745,3111.71,3117.675,13255
1743440400,"2025-03-31 17:00:00",3117.68,3120.385,3115.925,3117.935,10019
1743444000,"2025-03-31 18:00:00",3117.88,3123.45,3117.405,3121.52,9994
1743447600,"2025-03-31 19:00:00",3121.515,3124.71,3120.955,3124.485,7854
1743451200,"2025-03-31 20:00:00",3124.495,3124.835,3122.98,3123.72,2991
1743458400,"2025-03-31 22:00:00",3124.935,3125.56,3121.725,3122.86,1965
1743462000,"2025-03-31 23:00:00",3122.885,3126.6,3120.125,3120.535,5499
1743465600,"2025-04-01 00:00:00",3120.54,3128.075,3120.335,3127.275,7888
1743469200,"2025-04-01 01:00:00",3127.27,3138.365,3126.605,3135.485,27675
1743472800,"2025-04-01 02:00:00",3135.49,3145.6,3133.095,3145.265,20763
1743476400,"2025-04-01 03:00:00",3145.2,3147.47,3142.68,3146.1,11943
1743480000,"2025-04-01 04:00:00",3146.125,3148.01,3142.85,3144.765,9637
1743483600,"2025-04-01 05:00:00",3144.76,3149.09,3130.63,3132.08,21243
1743487200,"2025-04-01 06:00:00",3132.085,3138.26,3126.665,3133.785,30874
1743490800,"2025-04-01 07:00:00",3133.745,3137.825,3124.105,3127.605,24209
1743494400,"2025-04-01 08:00:00",3127.6,3135.71,3126.47,3131.08,15553
1743498000,"2025-04-01 09:00:00",3131.13,3134.22,3130.315,3132.355,10737
1743501600,"2025-04-01 10:00:00",3132.36,3139.07,3130.8,3132.37,18417
1743505200,"2025-04-01 11:00:00",3132.365,3135.95,3128.79,3130.455,18275
1743508800,"2025-04-01 12:00:00",3130.52,3134.685,3127.77,3133.495,21613
1743512400,"2025-04-01 13:00:00",3133.455,3137.195,3128.34,3134.085,31709
1743516000,"2025-04-01 14:00:00",3134.03,3135.425,3123.815,3128.74,36101
1743519600,"2025-04-01 15:00:00",3128.765,3133.08,3113.44,3113.79,34188
1743523200,"2025-04-01 16:00:00",3113.755,3116.855,3100.87,3106.715,30344
1743526800,"2025-04-01 17:00:00",3106.705,3114.675,3105.77,3113.755,15024
1743530400,"2025-04-01 18:00:00",3113.735,3118.74,3113.36,3114.17,8681
1743534000,"2025-04-01 19:00:00",3114.175,3119.165,3113.775,3118.89,7482
1743537600,"2025-04-01 20:00:00",3118.695,3120.78,3113.19,3114.475,3208
1743544800,"2025-04-01 22:00:00",3114.095,3114.875,3107.83,3111.435,4059
1743548400,"2025-04-01 23:00:00",3111.48,3116.34,3111.355,3115.325,4906
1743552000,"2025-04-02 00:00:00",3115.34,3123.835,3113.1,3123.015,10822
1743555600,"2025-04-02 01:00:00",3123.01,3135.435,3121.44,3133.23,19829
1743559200,"2025-04-02 02:00:00",3133.235,3135.805,3128.6,3128.7,12338
1743562800,"2025-04-02 03:00:00",3128.68,3132.205,3124.66,3125.65,8221
1743566400,"2025-04-02 04:00:00",3125.65,3126.81,3115.555,3116.13,8852
1743570000,"2025-04-02 05:00:00",3116.2,3119.195,3106.705,3118.04,17920
1743573600,"2025-04-02 06:00:00",3118.06,3119.725,3114.095,3116.615,14598
1743577200,"2025-04-02 07:00:00",3116.915,3126.17,3112.215,3125.345,14102
1743580800,"2025-04-02 08:00:00",3125.305,3133.95,3123.545,3131.37,17829
1743584400,"2025-04-02 09:00:00",3131.45,3131.665,3127.04,3131.155,13125
1743588000,"2025-04-02 10:00:00",3131.16,3131.445,3110.205,3114.595,17069
1743591600,"2025-04-02 11:00:00",3114.585,3123.98,3114.465,3121.385,15552
1743595200,"2025-04-02 12:00:00",3121.39,3127.5,3117.165,3122.5,19126
1743598800,"2025-04-02 13:00:00",3122.495,3132.2,3116.67,3122.39,35381
1743602400,"2025-04-02 14:00:00",3122.44,3129.51,3119.415,3124.91,22775
1743606000,"2025-04-02 15:00:00",3124.9,3128.225,3120.915,3125.965,16756
1743609600,"2025-04-02 16:00:00",3126.035,3134.37,3126.035,3131.55,18239
1743613200,"2025-04-02 17:00:00",3131.56,3131.56,3120.805,3123.575,18554
1743616800,"2025-04-02 18:00:00",3123.615,3126.3,3118.82,3121.905,15535
1743620400,"2025-04-02 19:00:00",3121.945,3127.34,3121.67,3124.32,8743
1743624000,"2025-04-02 20:00:00",3124.33,3145.34,3104.79,3134.305,38241
1743631200,"2025-04-02 22:00:00",3131.44,3148.06,3113.525,3145.955,26192
1743634800,"2025-04-02 23:00:00",3145.995,3167.835,3145.995,3162.725,28264
1743638400,"2025-04-03 00:00:00",3162.73,3164.975,3140.695,3151.335,34500
1743642000,"2025-04-03 01:00:00",3151.465,3163.12,3147.9,3153.535,38719
1743645600,"2025-04-03 02:00:00",3153.38,3155.545,3142.355,3145.255,19242
1743649200,"2025-04-03 03:00:00",3145.245,3152.34,3144.79,3148.175,17888
1743652800,"2025-04-03 04:00:00",3148.195,3149.84,3139.16,3140.485,10920
1743656400,"2025-04-03 05:00:00",3140.56,3141.035,3124.195,3131.88,25044
1743660000,"2025-04-03 06:00:00",3131.91,3134.15,3116.515,3127.895,37034
1743663600,"2025-04-03 07:00:00",3127.89,3130.305,3119.95,3129.17,29595
1743667200,"2025-04-03 08:00:00",3129.26,3132.15,3126.105,3129.11,23922
1743670800,"2025-04-03 09:00:00",3129.12,3129.625,3121.57,3121.725,25538
1743674400,"2025-04-03 10:00:00",3121.7,3123.14,3089.1,3095.55,48149
1743678000,"2025-04-03 11:00:00",3095.59,3100.2,3085.255,3093.21,36467
1743681600,"2025-04-03 12:00:00",3093.14,3094.82,3062.28,3076.32,49324
1743685200,"2025-04-03 13:00:00",3076.31,3093.48,3054.19,3086.005,60659
1743688800,"2025-04-03 14:00:00",3088.875,3135.665,3087.935,3128.95,64019
1743692400,"2025-04-03 15:00:00",3128.895,3129.555,3104.065,3110.655,43577
1743696000,"2025-04-03 16:00:00",3110.68,3114.315,3101.85,3107.575,23283
1743699600,"2025-04-03 17:00:00",3107.515,3109.89,3100.055,3109.56,17664
1743703200,"2025-04-03 18:00:00",3109.57,3111.835,3102.195,3111.765,12676
1743706800,"2025-04-03 19:00:00",3111.76,3113.375,3101.725,3107.55,14801
1743710400,"2025-04-03 20:00:00",3107.545,3120.15,3107.435,3114.575,6333
1743717600,"2025-04-03 22:00:00",3114.52,3116.815,3112.5,3115.47,3805
1743721200,"2025-04-03 23:00:00",3115.465,3116.45,3109.85,3113.025,5872
1743724800,"2025-04-04 00:00:00",3112.97,3115.215,3106.11,3110.69,14263
1743728400,"2025-04-04 01:00:00",3110.635,3115.78,3109.22,3109.86,14685
1743732000,"2025-04-04 02:00:00",3109.89,3113.065,3091.265,3096.85,20216
1743735600,"2025-04-04 03:00:00",3096.825,3099.14,3087.09,3098.46,19125
1743739200,"2025-04-04 04:00:00",3098.455,3105.025,3096.12,3100.16,13966
1743742800,"2025-04-04 05:00:00",3100.045,3108.99,3098.9,3108.98,13061
1743746400,"2025-04-04 06:00:00",3108.985,3110.075,3100.57,3101.135,17809
1743750000,"2025-04-04 07:00:00",3101.14,3103.455,3092.055,3092.86,29646
1743753600,"2025-04-04 08:00:00",3092.815,3094.19,3078.515,3084.205,32297
1743757200,"2025-04-04 09:00:00",3084.135,3096.165,3083.885,3090.805,23677
1743760800,"2025-04-04 10:00:00",3090.85,3116.225,3090.725,3110.31,48186
1743764400,"2025-04-04 11:00:00",3110.4,3136.775,3095.745,3110.425,59186
1743768000,"2025-04-04 12:00:00",3110.44,3111.9,3069.445,3071.295,57423
1743771600,"2025-04-04 13:00:00",3071.29,3087.49,3059.64,3061.935,48474
1743775200,"2025-04-04 14:00:00",3061.855,3061.855,3027.15,3038.535,57386
1743778800,"2025-04-04 15:00:00",3038.52,3050.525,3016.975,3022,58393
1743782400,"2025-04-04 16:00:00",3022.025,3036.97,3017.595,3031.01,31684
1743786000,"2025-04-04 17:00:00",3031.02,3033.085,3015.65,3025.94,32201
1743789600,"2025-04-04 18:00:00",3025.95,3028.16,3018.035,3025.535,21694
1743793200,"2025-04-04 19:00:00",3025.565,3041.09,3022.125,3036.515,26471
1743796800,"2025-04-04 20:00:00",3036.44,3041.095,3033.925,3037.885,8429
1743976800,"2025-04-06 22:00:00",3030.77,3035.635,2996.035,3010.215,19619
1743980400,"2025-04-06 23:00:00",3010.19,3017.37,2977.285,2999.815,22939
1743984000,"2025-04-07 00:00:00",2999.745,3009.955,2970.215,2978.98,30156
1743987600,"2025-04-07 01:00:00",2978.845,3057.305,2972.055,3038.43,64005
1743991200,"2025-04-07 02:00:00",3038.49,3055.98,3024.445,3025.905,26987
1743994800,"2025-04-07 03:00:00",3025.86,3034.14,3016.88,3019.03,18860
1743998400,"2025-04-07 04:00:00",3019.045,3035.735,3019.01,3035.575,12088
1744002000,"2025-04-07 05:00:00",3035.615,3044.685,3025.065,3032.18,20944
1744005600,"2025-04-07 06:00:00",3032.135,3033.63,3016.68,3029.98,43008
1744009200,"2025-04-07 07:00:00",3029.965,3030.875,3013.36,3018.585,54081
1744012800,"2025-04-07 08:00:00",3018.64,3035.605,3017.745,3031.785,37799
1744016400,"2025-04-07 09:00:00",3031.83,3033.55,3019.555,3025.34,33510
1744020000,"2025-04-07 10:00:00",3025.27,3036.565,3024.235,3031.325,34135
1744023600,"2025-04-07 11:00:00",3031.27,3046.235,3030.22,3031.345,37213
1744027200,"2025-04-07 12:00:00",3031.455,3032.925,3014.805,3031.25,57716
1744030800,"2025-04-07 13:00:00",3031.225,3034.315,3002.32,3015.52,63784
1744034400,"2025-04-07 14:00:00",3015.535,3038.005,2996.575,2999.505,78994
1744038000,"2025-04-07 15:00:00",2999.505,3004.76,2980.114,2987.575,44518
1744041600,"2025-04-07 16:00:00",2987.56,2987.87,2969.975,2970.925,22384
1744045200,"2025-04-07 17:00:00",2970.945,2975.345,2956.565,2970.09,41194
1744048800,"2025-04-07 18:00:00",2970.075,2976.745,2964.145,2965.92,17848
1744052400,"2025-04-07 19:00:00",2965.9,2982.325,2965.495,2976.76,20357
1744056000,"2025-04-07 20:00:00",2976.8,2986.055,2970.13,2981.94,8977
1744063200,"2025-04-07 22:00:00",2982.095,2988.795,2981.195,2986.83,5496
1744066800,"2025-04-07 23:00:00",2986.86,2987.47,2978.72,2981.335,6725
1744070400,"2025-04-08 00:00:00",2981.295,2992.76,2980.44,2985.475,19760
1744074000,"2025-04-08 01:00:00",2985.37,3003.19,2983.685,3000.005,31378
1744077600,"2025-04-08 02:00:00",3000.09,3004.96,2998.33,3001.065,17418
1744081200,"2025-04-08 03:00:00",3001.045,3001.125,2993.1,2994.805,13496
1744084800,"2025-04-08 04:00:00",2994.745,3003.045,2990.94,3002.25,12347
1744088400,"2025-04-08 05:00:00",3002.06,3008.42,2999.565,3005.805,16349
1744092000,"2025-04-08 06:00:00",3005.765,3016.105,3002.475,3013.285,25672
1744095600,"2025-04-08 07:00:00",3013.32,3013.935,3001.92,3003.78,30773
1744099200,"2025-04-08 08:00:00",3003.64,3009.465,3001.39,3007.565,10368
1744102800,"2025-04-08 09:00:00",3007.44,3008.015,2994.9,3006.97,14934
1744106400,"2025-04-08 10:00:00",3007.02,3010.575,3004.155,3009.04,12659
1744110000,"2025-04-08 11:00:00",3009.035,3019.51,3008.785,3017.545,17124
1744113600,"2025-04-08 12:00:00",3017.525,3019.605,3002.43,3002.67,39364
1744117200,"2025-04-08 13:00:00",3002.645,3022.76,3002.59,3010.38,58847
1744120800,"2025-04-08 14:00:00",3010.405,3018.275,3005.865,3006.26,54795
1744124400,"2025-04-08 15:00:00",3006.265,3012.44,3001.29,3001.59,34137
1744128000,"2025-04-08 16:00:00",3001.47,3001.56,2984.385,2986.055,33818
1744131600,"2025-04-08 17:00:00",2986.085,2987.565,2974.795,2985.305,41611
1744135200,"2025-04-08 18:00:00",2985.285,2992.38,2979.375,2983.635,26457
1744138800,"2025-04-08 19:00:00",2983.655,2987.63,2976.675,2985.015,21936
1744142400,"2025-04-08 20:00:00",2985.02,2986.59,2977.05,2982.25,7839
1744149600,"2025-04-08 22:00:00",2982.735,2985.545,2980.19,2981.88,4717
1744153200,"2025-04-08 23:00:00",2982.13,2990.97,2969.97,2978.56,12050
1744156800,"2025-04-09 00:00:00",2978.575,2987.1,2974.78,2980.495,33065
1744160400,"2025-04-09 01:00:00",2980.45,3009.81,2972.415,3008.895,48426
1744164000,"2025-04-09 02:00:00",3008.68,3011.15,3000.055,3003.195,27237
1744167600,"2025-04-09 03:00:00",3003.115,3009.84,3002.77,3004.435,20488
1744171200,"2025-04-09 04:00:00",3004.39,3014.245,2999.57,3012.365,26152
1744174800,"2025-04-09 05:00:00",3012.315,3020.63,3005.515,3015.505,33200
1744178400,"2025-04-09 06:00:00",3015.53,3041.045,3014.57,3038.99,43558
1744182000,"2025-04-09 07:00:00",3039.13,3052.465,3034.455,3041.045,42595
1744185600,"2025-04-09 08:00:00",3041.035,3051.28,3038.22,3044.1,24163
1744189200,"2025-04-09 09:00:00",3044.1,3049.82,3038.655,3045.005,18572
1744192800,"2025-04-09 10:00:00",3045.025,3047.265,3038.295,3043.01,22080
1744196400,"2025-04-09 11:00:00",3042.975,3067.99,3036.08,3066.63,50422
1744200000,"2025-04-09 12:00:00",3066.64,3073.212,3042.705,3047.515,55555
1744203600,"2025-04-09 13:00:00",3047.53,3078.04,3047.42,3075.325,68779
1744207200,"2025-04-09 14:00:00",3075.27,3084.73,3068.525,3070.585,49885
1744210800,"2025-04-09 15:00:00",3070.52,3087.92,3065.3,3086.42,35027
1744214400,"2025-04-09 16:00:00",3086.45,3094.92,3082.725,3092.455,20852
1744218000,"2025-04-09 17:00:00",3092.48,3099.115,3051.315,3059.745,78060
1744221600,"2025-04-09 18:00:00",3059.48,3073.72,3048.76,3067.18,51860
1744225200,"2025-04-09 19:00:00",3067.19,3099.77,3064.235,3093.79,42833
1744228800,"2025-04-09 20:00:00",3093.755,3095.53,3078.305,3082.95,11422
1744236000,"2025-04-09 22:00:00",3080.48,3090.295,3071.505,3080.235,11545
1744239600,"2025-04-09 23:00:00",3080.24,3089.025,3079.84,3086.8,14139
1744243200,"2025-04-10 00:00:00",3086.795,3101.48,3081.33,3097.145,36717
1744246800,"2025-04-10 01:00:00",3097.1,3100.72,3078.55,3094.2,40528
1744250400,"2025-04-10 02:00:00",3094.095,3120.595,3093.955,3119.495,36978
1744254000,"2025-04-10 03:00:00",3119.475,3132.035,3115.295,3125.5,22584
1744257600,"2025-04-10 04:00:00",3125.49,3129.65,3121.075,3125.36,10183
1744261200,"2025-04-10 05:00:00",3125.39,3132.63,3112.875,3122.32,13890
1744264800,"2025-04-10 06:00:00",3122.26,3126.625,3119.025,3122.185,27828
1744268400,"2025-04-10 07:00:00",3122.18,3123.695,3106.69,3108.755,30263
1744272000,"2025-04-10 08:00:00",3108.73,3115.795,3104.57,3104.975,22610
1744275600,"2025-04-10 09:00:00",3104.98,3118.14,3103.32,3116.75,18613
1744279200,"2025-04-10 10:00:00",3116.775,3122.605,3114.335,3120.215,22567
1744282800,"2025-04-10 11:00:00",3120.235,3125.775,3113.295,3124.805,30034
1744286400,"2025-04-10 12:00:00",3124.795,3134.415,3116.36,3123.075,43152
1744290000,"2025-04-10 13:00:00",3123.07,3136.71,3116.17,3117.09,51316
1744293600,"2025-04-10 14:00:00",3117.07,3154.81,3116.95,3154.655,48894
1744297200,"2025-04-10 15:00:00",3154.705,3175.085,3154.53,3158.185,40508
1744300800,"2025-04-10 16:00:00",3158.17,3167.35,3154.13,3158.445,35630
1744304400,"2025-04-10 17:00:00",3158.44,3165.75,3151.66,3162.925,22952
1744308000,"2025-04-10 18:00:00",3162.95,3175.765,3158.04,3173.375,23721
1744311600,"2025-04-10 19:00:00",3173.35,3176.48,3168.03,3170.92,19461
1744315200,"2025-04-10 20:00:00",3170.905,3176.6,3168.535,3175.365,5213
1744322400,"2025-04-10 22:00:00",3179.765,3190.41,3177.26,3189.225,11701
1744326000,"2025-04-10 23:00:00",3189.235,3191.495,3183.18,3189.11,13747
1744329600,"2025-04-11 00:00:00",3189.105,3218.115,3185.005,3205.655,51172
1744333200,"2025-04-11 01:00:00",3205.64,3219.62,3201.15,3207.34,54793
1744336800,"2025-04-11 02:00:00",3207.375,3219.96,3206.075,3217.57,30516
1744340400,"2025-04-11 03:00:00",3217.535,3220.1,3214.19,3217.855,22310
1744344000,"2025-04-11 04:00:00",3217.875,3218.24,3208.505,3208.56,15740
1744347600,"2025-04-11 05:00:00",3208.545,3219.43,3187.265,3196.005,37649
1744351200,"2025-04-11 06:00:00",3196.015,3209.77,3190.24,3197.31,39792
1744354800,"2025-04-11 07:00:00",3197.335,3213.16,3193.89,3212.405,28808
1744358400,"2025-04-11 08:00:00",3212.41,3227.45,3208.545,3216.09,36248
1744362000,"2025-04-11 09:00:00",3216.075,3230.29,3211.92,3227.875,20832
1744365600,"2025-04-11 10:00:00",3227.89,3237.96,3210.195,3212.65,27011
1744369200,"2025-04-11 11:00:00",3212.66,3224.925,3211.52,3213.86,23922
1744372800,"2025-04-11 12:00:00",3213.845,3234.15,3211.185,3233.75,43984
1744376400,"2025-04-11 13:00:00",3233.775,3244.34,3219.655,3224.29,64026
1744380000,"2025-04-11 14:00:00",3224.15,3237.85,3223.065,3230.225,57651
1744383600,"2025-04-11 15:00:00",3230.19,3242.085,3229.525,3240.545,32521
1744387200,"2025-04-11 16:00:00",3240.56,3245.485,3219.815,3223.195,26436
1744390800,"2025-04-11 17:00:00",3223.23,3235.64,3223.23,3233.97,26682
1744394400,"2025-04-11 18:00:00",3234.16,3238.375,3231.195,3235.725,14231
1744398000,"2025-04-11 19:00:00",3235.73,3235.765,3227.425,3231.02,15081
1744401600,"2025-04-11 20:00:00",3230.995,3238.82,3230.93,3237.93,5154
1744581600,"2025-04-13 22:00:00",3222.955,3224.68,3213.355,3221.425,13658
1744585200,"2025-04-13 23:00:00",3221.415,3224.635,3216.82,3223.935,11627
1744588800,"2025-04-14 00:00:00",3223.855,3227.47,3219.34,3220.885,16255
1744592400,"2025-04-14 01:00:00",3221.01,3243.68,3215.42,3239.71,38998
1744596000,"2025-04-14 02:00:00",3239.655,3245.845,3229.63,3232.03,23736
1744599600,"2025-04-14 03:00:00",3232.04,3234.75,3227.015,3232.405,15400
1744603200,"2025-04-14 04:00:00",3232.425,3235.89,3226.215,3227.48,10951
1744606800,"2025-04-14 05:00:00",3227.435,3236.2,3221.435,3234.44,17262
1744610400,"2025-04-14 06:00:00",3234.4,3238.25,3228.925,3231.135,22552
1744614000,"2025-04-14 07:00:00",3231.185,3233.8,3224.76,3228.04,19111
1744617600,"2025-04-14 08:00:00",3228.06,3230.19,3216.525,3227.09,21154
1744621200,"2025-04-14 09:00:00",3227.035,3231.8,3220.855,3224.08,16217
1744624800,"2025-04-14 10:00:00",3224.01,3224.875,3206.38,3215.375,23754
1744628400,"2025-04-14 11:00:00",3215.325,3225.915,3213.965,3223.42,18325
1744632000,"2025-04-14 12:00:00",3223.44,3227.805,3200.665,3206.74,37722
1744635600,"2025-04-14 13:00:00",3206.715,3210.815,3193.63,3204.82,63077
1744639200,"2025-04-14 14:00:00",3204.77,3215.66,3195.32,3211.135,33905
1744642800,"2025-04-14 15:00:00",3211.145,3211.205,3196.4,3198.15,31098
1744646400,"2025-04-14 16:00:00",3198.17,3208.42,3197.8,3207.685,17577
1744650000,"2025-04-14 17:00:00",3207.73,3216.485,3207.245,3214.155,19892
1744653600,"2025-04-14 18:00:00",3214.165,3214.875,3201.38,3208.18,12460
1744657200,"2025-04-14 19:00:00",3208.205,3213.165,3207.8,3212.79,10597
1744660800,"2025-04-14 20:00:00",3212.81,3213.805,3207.395,3210.68,2991
1744668000,"2025-04-14 22:00:00",3212.565,3215.295,3210.87,3212.22,2454
1744671600,"2025-04-14 23:00:00",3212.27,3214.29,3210.515,3212.675,3408
1744675200,"2025-04-15 00:00:00",3212.66,3215.355,3210.855,3211.995,7890
1744678800,"2025-04-15 01:00:00",3211.99,3226.05,3210.065,3223.775,20226
1744682400,"2025-04-15 02:00:00",3223.81,3225.055,3218.72,3224.365,11168
1744686000,"2025-04-15 03:00:00",3224.3,3229.06,3223.29,3228.555,11013
1744689600,"2025-04-15 04:00:00",3228.545,3232.755,3226.87,3231.91,6953
1744693200,"2025-04-15 05:00:00",3231.885,3232.21,3220.825,3224.765,14225
1744696800,"2025-04-15 06:00:00",3224.775,3228.795,3223.205,3225.31,13739
1744700400,"2025-04-15 07:00:00",3225.345,3226.64,3217.375,3225.755,15703
1744704000,"2025-04-15 08:00:00",3225.81,3232.24,3224.39,3227.755,19357
1744707600,"2025-04-15 09:00:00",3227.78,3230.175,3221.185,3222.635,10616
1744711200,"2025-04-15 10:00:00",3222.67,3227.05,3219.66,3220.26,10624
1744714800,"2025-04-15 11:00:00",3220.27,3224.215,3216.87,3220.21,15619
1744718400,"2025-04-15 12:00:00",3220.225,3226.295,3214.355,3221.655,21919
1744722000,"2025-04-15 13:00:00",3221.635,3226.405,3211.66,3213.08,29894
1744725600,"2025-04-15 14:00:00",3213.04,3226.97,3213.04,3222.72,30951
1744729200,"2025-04-15 15:00:00",3222.735,3224.17,3216.935,3221.365,19071
1744732800,"2025-04-15 16:00:00",3221.36,3223.49,3219.635,3221.465,8430
1744736400,"2025-04-15 17:00:00",3221.47,3230.745,3220.42,3227.99,8526
1744740000,"2025-04-15 18:00:00",3228.005,3229.75,3225.64,3229.205,7666
1744743600,"2025-04-15 19:00:00",3229.18,3231.925,3226.25,3229.925,5794
1744747200,"2025-04-15 20:00:00",3229.975,3233.705,3226.55,3229.795,3841
1744754400,"2025-04-15 22:00:00",3230.675,3242.27,3230.675,3241.42,4824
1744758000,"2025-04-15 23:00:00",3241.44,3251.94,3238.42,3251.895,11018
1744761600,"2025-04-16 00:00:00",3251.915,3268.09,3251.705,3264.52,24407
1744765200,"2025-04-16 01:00:00",3264.525,3275.075,3256.03,3270.34,32682
1744768800,"2025-04-16 02:00:00",3270.405,3275.57,3267.065,3267.805,18397
1744772400,"2025-04-16 03:00:00",3267.83,3281.81,3266.145,3281.55,14958
1744776000,"2025-04-16 04:00:00",3281.615,3287.83,3269.33,3283.77,16636
1744779600,"2025-04-16 05:00:00",3283.755,3291.935,3283.725,3289.785,15301
1744783200,"2025-04-16 06:00:00",3289.765,3295.18,3286.005,3291.835,21060
1744786800,"2025-04-16 07:00:00",3291.805,3300.89,3291.48,3300.53,24928
1744790400,"2025-04-16 08:00:00",3300.52,3317.92,3288.585,3307.07,46856
1744794000,"2025-04-16 09:00:00",3307.105,3310.95,3300.2,3303.62,21994
1744797600,"2025-04-16 10:00:00",3303.67,3306.98,3299.675,3304.225,15461
1744801200,"2025-04-16 11:00:00",3304.265,3313.82,3293.075,3306.88,25286
1744804800,"2025-04-16 12:00:00",3306.875,3313.5,3302.515,3307.33,27534
1744808400,"2025-04-16 13:00:00",3307.335,3316.635,3296.95,3311.645,42480
1744812000,"2025-04-16 14:00:00",3311.685,3319.69,3306.185,3308.61,40152
1744815600,"2025-04-16 15:00:00",3308.605,3328.205,3305.345,3325.445,31329
1744819200,"2025-04-16 16:00:00",3325.44,3333.11,3321.445,3327.38,20647
1744822800,"2025-04-16 17:00:00",3327.355,3332.905,3324.385,3328.255,17607
1744826400,"2025-04-16 18:00:00",3328.215,3340.81,3326.42,3338.35,16169
1744830000,"2025-04-16 19:00:00",3338.375,3342.545,3335.985,3336.8,13584
1744833600,"2025-04-16 20:00:00",3336.71,3343.2,3334.435,3343.1,6101
1744840800,"2025-04-16 22:00:00",3348.59,3357.775,3348.515,3351.105,7487
1744844400,"2025-04-16 23:00:00",3351.1,3353.56,3347.105,3350.155,8066
1744848000,"2025-04-17 00:00:00",3350.27,3351.42,3342.015,3345.6,17543
1744851600,"2025-04-17 01:00:00",3345.625,3356.5,3320.855,3323.995,45839
1744855200,"2025-04-17 02:00:00",3323.935,3340.77,3321.09,3340.48,24402
1744858800,"2025-04-17 03:00:00",3340.505,3344.675,3337.46,3344.62,13190
1744862400,"2025-04-17 04:00:00",3344.61,3344.61,3337.905,3341.68,9026
1744866000,"2025-04-17 05:00:00",3341.67,3345.59,3328.465,3329.44,14897
1744869600,"2025-04-17 06:00:00",3329.475,3333.12,3325.26,3328.82,27072
1744873200,"2025-04-17 07:00:00",3328.775,3330.19,3314.305,3323.555,29092
1744876800,"2025-04-17 08:00:00",3323.58,3325.02,3312.755,3324.345,18144
1744880400,"2025-04-17 09:00:00",3324.32,3327.01,3320.705,3321.61,14437
1744884000,"2025-04-17 10:00:00",3321.615,3334.755,3321.14,3327.695,17223
1744887600,"2025-04-17 11:00:00",3327.71,3332.675,3322.425,3327.53,17999
1744891200,"2025-04-17 12:00:00",3327.545,3342.735,3322.265,3328.365,31404
1744894800,"2025-04-17 13:00:00",3328.37,3332.185,3312.08,3315.16,53311
1744898400,"2025-04-17 14:00:00",3315.27,3315.27,3283.955,3291.465,67566
1744902000,"2025-04-17 15:00:00",3291.47,3304.94,3290.705,3296.485,32056
1744905600,"2025-04-17 16:00:00",3296.465,3318.905,3294.99,3316.295,23572
1744909200,"2025-04-17 17:00:00",3316.35,3322.685,3314.3,3319.045,16069
1744912800,"2025-04-17 18:00:00",3319.03,3320.97,3314.3,3316.425,8649
1744916400,"2025-04-17 19:00:00",3316.4,3322.01,3311.06,3320.825,10076
1744920000,"2025-04-17 20:00:00",3320.8,3328.915,3318.05,3327.375,5602
1745186400,"2025-04-20 22:00:00",3332.26,3353.22,3331.405,3345.985,14900
1745190000,"2025-04-20 23:00:00",3346.165,3351.96,3343.395,3348.255,10876
1745193600,"2025-04-21 00:00:00",3348.345,3370.75,3347.595,3368.82,25043
1745197200,"2025-04-21 01:00:00",3368.845,3378.605,3367.32,3377.69,32829
1745200800,"2025-04-21 02:00:00",3377.72,3385.18,3374.195,3384.965,20426
1745204400,"2025-04-21 03:00:00",3384.95,3385.435,3378.305,3382.38,14722
1745208000,"2025-04-21 04:00:00",3382.305,3382.305,3369.435,3376.51,13383
1745211600,"2025-04-21 05:00:00",3376.5,3386.035,3375.875,3385.62,16905
1745215200,"2025-04-21 06:00:00",3385.63,3393.36,3382.51,3392.18,21954
1745218800,"2025-04-21 07:00:00",3392.155,3396.16,3381.875,3385.155,24572
1745222400,"2025-04-21 08:00:00",3385.105,3394.425,3383.755,3392.9,16131
1745226000,"2025-04-21 09:00:00",3392.94,3397.23,3390.885,3394.995,17024
1745229600,"2025-04-21 10:00:00",3395.025,3397.9,3392.08,3395.025,17072
1745233200,"2025-04-21 11:00:00",3395.02,3406.045,3386.445,3404.49,24127
1745236800,"2025-04-21 12:00:00",3404.57,3415.825,3398.005,3414.91,29151
1745240400,"2025-04-21 13:00:00",3414.885,3426.895,3405.11,3420.41,53115
1745244000,"2025-04-21 14:00:00",3420.465,3430.35,3408.89,3416.815,41914
1745247600,"2025-04-21 15:00:00",3416.81,3426.32,3407.775,3423.065,29896
1745251200,"2025-04-21 16:00:00",3423.07,3424.19,3410.275,3414.625,15750
1745254800,"2025-04-21 17:00:00",3414.65,3422.93,3406.07,3422.555,20467
1745258400,"2025-04-21 18:00:00",3422.59,3426.78,3417.67,3426.46,15001
1745262000,"2025-04-21 19:00:00",3426.405,3430.61,3417.5,3423.64,14421
1745265600,"2025-04-21 20:00:00",3423.645,3427.31,3419.825,3424.235,5161
1745272800,"2025-04-21 22:00:00",3427.86,3436.065,3427.855,3431.185,8958
1745276400,"2025-04-21 23:00:00",3431.21,3444.68,3429.435,3434.575,18061
1745280000,"2025-04-22 00:00:00",3434.535,3435.465,3412.345,3425.66,29139
1745283600,"2025-04-22 01:00:00",3425.67,3455.12,3421.565,3453.21,36875
1745287200,"2025-04-22 02:00:00",3453.155,3476.165,3442.425,3473.01,28321
1745290800,"2025-04-22 03:00:00",3472.995,3494.97,3472.095,3488.065,24491
1745294400,"2025-04-22 04:00:00",3487.99,3488.68,3479.655,3484.605,13916
1745298000,"2025-04-22 05:00:00",3484.675,3495.755,3473.57,3494.49,24128
1745301600,"2025-04-22 06:00:00",3494.515,3500.2,3475.305,3479.86,50705
1745305200,"2025-04-22 07:00:00",3479.81,3480.825,3460.9,3468.655,39876
1745308800,"2025-04-22 08:00:00",3468.735,3472.8,3443.175,3444.285,32999
1745312400,"2025-04-22 09:00:00",3444.32,3458.91,3444.03,3454.765,25738
1745316000,"2025-04-22 10:00:00",3454.775,3468.425,3451.465,3452.48,25483
1745319600,"2025-04-22 11:00:00",3452.45,3461.445,3448.215,3456.82,22393
1745323200,"2025-04-22 12:00:00",3456.93,3464.95,3424.36,3431.545,44227
1745326800,"2025-04-22 13:00:00",3431.565,3449.98,3408.62,3418.93,67808
1745330400,"2025-04-22 14:00:00",3418.935,3439.085,3418.275,3430.06,43752
1745334000,"2025-04-22 15:00:00",3430.085,3433.25,3410.55,3417.8,37844
1745337600,"2025-04-22 16:00:00",3417.785,3421.205,3372.255,3393.155,68263
1745341200,"2025-04-22 17:00:00",3393.16,3410.365,3386.155,3401.925,42701
1745344800,"2025-04-22 18:00:00",3401.935,3402.62,3373.325,3381.59,24582
1745348400,"2025-04-22 19:00:00",3381.605,3386.04,3366.905,3374.79,25715
1745352000,"2025-04-22 20:00:00",3374.83,3382.905,3373.495,3381.16,8934
1745359200,"2025-04-22 22:00:00",3324.79,3347.19,3315.34,3328.235,29029
1745362800,"2025-04-22 23:00:00",3328.29,3350.15,3326.945,3336.775,20535
1745366400,"2025-04-23 00:00:00",3336.8,3371.425,3334.835,3368.11,28064
1745370000,"2025-04-23 01:00:00",3368.105,3386.77,3358.93,3379.16,53635
1745373600,"2025-04-23 02:00:00",3379.135,3380.115,3348.685,3354.295,32069
1745377200,"2025-04-23 03:00:00",3354.275,3355.735,3329.2,3339.045,33790
1745380800,"2025-04-23 04:00:00",3339.09,3347.32,3335.7,3346.795,10472
1745384400,"2025-04-23 05:00:00",3346.825,3349.52,3315.845,3319.04,30403
1745388000,"2025-04-23 06:00:00",3319.035,3326.085,3291.735,3301.11,57658
1745391600,"2025-04-23 07:00:00",3301.09,3320.655,3301.09,3319.24,30936
1745395200,"2025-04-23 08:00:00",3319.3,3321.71,3305.655,3321.71,18802
1745398800,"2025-04-23 09:00:00",3321.73,3340.6,3317.37,3317.77,20737
1745402400,"2025-04-23 10:00:00",3317.74,3336.375,3316.755,3330.265,17006
1745406000,"2025-04-23 11:00:00",3330.255,3339.22,3321.78,3324.7,20659
1745409600,"2025-04-23 12:00:00",3324.765,3333.475,3310.505,3310.735,43072
1745413200,"2025-04-23 13:00:00",3310.74,3313.9,3271.345,3277.28,81998
1745416800,"2025-04-23 14:00:00",3277.24,3296.53,3260.19,3287.505,84805
1745420400,"2025-04-23 15:00:00",3287.49,3294.42,3269.04,3280.46,60085
1745424000,"2025-04-23 16:00:00",3280.465,3305.84,3279.25,3295.08,33943
1745427600,"2025-04-23 17:00:00",3295.155,3301.715,3277.905,3281.355,28677
1745431200,"2025-04-23 18:00:00",3281.315,3287.095,3277.945,3282.975,13376
1745434800,"2025-04-23 19:00:00",3282.985,3297.275,3282.8,3293.99,12094
1745438400,"2025-04-23 20:00:00",3294.005,3295.8,3284,3288.24,6983
1745445600,"2025-04-23 22:00:00",3306.065,3316.025,3305.375,3309.215,10992
1745449200,"2025-04-23 23:00:00",3309.235,3316.88,3308.405,3316.475,7461
1745452800,"2025-04-24 00:00:00",3316.48,3339.215,3313.42,3331.73,31308
1745456400,"2025-04-24 01:00:00",3331.725,3367.685,3330.81,3357.515,55017
1745460000,"2025-04-24 02:00:00",3357.47,3363.435,3335.865,3342.075,31963
1745463600,"2025-04-24 03:00:00",3342.07,3342.63,3320.72,3327.06,22843
1745467200,"2025-04-24 04:00:00",3327.04,3331.99,3325.755,3326.195,9757
1745470800,"2025-04-24 05:00:00",3326.225,3335.705,3320.58,3323.77,17213
1745474400,"2025-04-24 06:00:00",3323.775,3328.27,3314.8,3324.655,36790
1745478000,"2025-04-24 07:00:00",3324.64,3339.97,3323.225,3333.745,25927
1745481600,"2025-04-24 08:00:00",3333.77,3341.675,3327.31,3336.13,18000
1745485200,"2025-04-24 09:00:00",3336.195,3342.9,3325.43,3335.805,18058
1745488800,"2025-04-24 10:00:00",3335.815,3336.855,3325.735,3330.185,17125
1745492400,"2025-04-24 11:00:00",3330.025,3344.09,3329.805,3336.995,19343
1745496000,"2025-04-24 12:00:00",3337.115,3344.785,3335.515,3335.935,31853
1745499600,"2025-04-24 13:00:00",3335.945,3336.345,3312.645,3315.52,56029
1745503200,"2025-04-24 14:00:00",3315.49,3330.54,3306.755,3327.55,58121
1745506800,"2025-04-24 15:00:00",3327.565,3330.6,3319.54,3329.535,31826
1745510400,"2025-04-24 16:00:00",3329.545,3335.515,3322.49,3331.725,16351
1745514000,"2025-04-24 17:00:00",3331.735,3338.785,3329.95,3336.88,17855
1745517600,"2025-04-24 18:00:00",3336.885,3340.45,3333.67,3334.925,14003
1745521200,"2025-04-24 19:00:00",3334.955,3347.12,3333.505,3342.295,12941
1745524800,"2025-04-24 20:00:00",3342.29,3349.96,3338.14,3348.99,6150
1745532000,"2025-04-24 22:00:00",3348.99,3370.475,3348.795,3367.19,8859
1745535600,"2025-04-24 23:00:00",3367.13,3368.33,3347.03,3348.9,17069
1745539200,"2025-04-25 00:00:00",3348.92,3361.445,3347.33,3358.005,24921
1745542800,"2025-04-25 01:00:00",3357.95,3363.215,3342.945,3345.75,32275
1745546400,"2025-04-25 02:00:00",3345.79,3353.425,3344.645,3348.66,21378
1745550000,"2025-04-25 03:00:00",3348.615,3354.3,3322.685,3323.72,25204
1745553600,"2025-04-25 04:00:00",3323.715,3327.86,3316.39,3324.85,27575
1745557200,"2025-04-25 05:00:00",3324.825,3327.19,3287.265,3294.42,40056
1745560800,"2025-04-25 06:00:00",3294.425,3306.39,3287.61,3304.52,41186
1745564400,"2025-04-25 07:00:00",3304.49,3314.585,3303.18,3307.395,24354
1745568000,"2025-04-25 08:00:00",3307.405,3307.91,3292.045,3304.005,23102
1745571600,"2025-04-25 09:00:00",3303.99,3308.995,3292.05,3292.13,20297
1745575200,"2025-04-25 10:00:00",3292.235,3306.415,3292.02,3298.06,20483
1745578800,"2025-04-25 11:00:00",3298.035,3301.025,3288.01,3293.52,20954
1745582400,"2025-04-25 12:00:00",3293.5,3303.155,3291.225,3292.76,28256
1745586000,"2025-04-25 13:00:00",3292.745,3293.02,3265.135,3281.315,62095
1745589600,"2025-04-25 14:00:00",3281.175,3287.32,3274.68,3278.045,50837
1745593200,"2025-04-25 15:00:00",3278.055,3285.67,3270.155,3283.11,31181
1745596800,"2025-04-25 16:00:00",3283.145,3287.705,3280.485,3285.525,17069
1745600400,"2025-04-25 17:00:00",3285.485,3295.33,3281.925,3293.395,21145
1745604000,"2025-04-25 18:00:00",3293.36,3297.085,3288.325,3288.41,12467
1745607600,"2025-04-25 19:00:00",3288.5,3312.555,3287.975,3304.85,13238
1745611200,"2025-04-25 20:00:00",3304.81,3319.855,3304.745,3319.345,7946
1745791200,"2025-04-27 22:00:00",3326.365,3330.605,3309.28,3310.785,16007
1745794800,"2025-04-27 23:00:00",3310.81,3318.185,3298.64,3302.785,21896
1745798400,"2025-04-28 00:00:00",3302.8,3316.165,3301.615,3314.075,18578
1745802000,"2025-04-28 01:00:00",3314.015,3315.3,3279.09,3281.055,37775
1745805600,"2025-04-28 02:00:00",3281.195,3286.585,3268.11,3280.93,27902
1745809200,"2025-04-28 03:00:00",3280.95,3295.4,3280.39,3290.85,11971
1745812800,"2025-04-28 04:00:00",3290.725,3299.245,3288.61,3299.185,7735
1745816400,"2025-04-28 05:00:00",3299.225,3301.165,3287.97,3295.19,14151
1745820000,"2025-04-28 06:00:00",3295.26,3296.655,3282.01,3283.365,28481
1745823600,"2025-04-28 07:00:00",3283.465,3292.59,3277.69,3287.38,29228
1745827200,"2025-04-28 08:00:00",3287.415,3288.64,3279.255,3282.79,15688
1745830800,"2025-04-28 09:00:00",3282.8,3287.51,3274.585,3274.605,16838
1745834400,"2025-04-28 10:00:00",3274.69,3291.94,3273.335,3289.63,19441
1745838000,"2025-04-28 11:00:00",3289.645,3297.275,3284.845,3294.285,22407
1745841600,"2025-04-28 12:00:00",3294.32,3302.405,3292.815,3296.225,26015
1745845200,"2025-04-28 13:00:00",3296.085,3301.505,3286.875,3293.2,51921
1745848800,"2025-04-28 14:00:00",3293.145,3333.22,3293.145,3328.695,56835
1745852400,"2025-04-28 15:00:00",3328.68,3336.075,3319.045,3325.25,38615
1745856000,"2025-04-28 16:00:00",3325.21,3339.33,3324.67,3336.68,24461
1745859600,"2025-04-28 17:00:00",3336.695,3340.195,3333.215,3335.36,19963
1745863200,"2025-04-28 18:00:00",3335.395,3349.905,3333.915,3349.025,16794
1745866800,"2025-04-28 19:00:00",3349.045,3353.2,3345.665,3352.16,14813
1745870400,"2025-04-28 20:00:00",3352.175,3352.405,3342.42,3343.875,5231
1745877600,"2025-04-28 22:00:00",3345.47,3345.505,3332.15,3338.025,11618
1745881200,"2025-04-28 23:00:00",3338.03,3343.11,3333.865,3337.68,11924
1745884800,"2025-04-29 00:00:00",3337.665,3339.175,3327.845,3330.025,16472
1745888400,"2025-04-29 01:00:00",3330.005,3340.135,3322.85,3326.6,30432
1745892000,"2025-04-29 02:00:00",3326.475,3333.905,3319.385,3320.72,23670
1745895600,"2025-04-29 03:00:00",3320.705,3321.765,3308.19,3316.11,25095
1745899200,"2025-04-29 04:00:00",3316.115,3318.17,3306.7,3309.48,12850
1745902800,"2025-04-29 05:00:00",3309.35,3316.675,3305.14,3310.35,17582
1745906400,"2025-04-29 06:00:00",3310.33,3324.02,3308.955,3318.83,20848
1745910000,"2025-04-29 07:00:00",3318.835,3323.32,3312.39,3323.07,18269
1745913600,"2025-04-29 08:00:00",3323.105,3325.005,3311.77,3311.885,15567
1745917200,"2025-04-29 09:00:00",3311.86,3316.095,3308.74,3309.065,15756
1745920800,"2025-04-29 10:00:00",3309.07,3315.785,3306.12,3313.005,14105
1745924400,"2025-04-29 11:00:00",3313,3316.14,3307.9,3309.29,15789
1745928000,"2025-04-29 12:00:00",3309.345,3314.765,3300.4,3313,32463
1745931600,"2025-04-29 13:00:00",3312.9,3321.47,3299.805,3307.225,52354
1745935200,"2025-04-29 14:00:00",3307.185,3317.91,3299.675,3314.625,42020
1745938800,"2025-04-29 15:00:00",3314.69,3315.71,3305.33,3312.54,27382
1745942400,"2025-04-29 16:00:00",3312.565,3330.065,3312.24,3328.87,15981
1745946000,"2025-04-29 17:00:00",3328.905,3329.835,3314.195,3314.365,13526
1745949600,"2025-04-29 18:00:00",3314.34,3320.11,3313.3,3319.97,11504
1745953200,"2025-04-29 19:00:00",3320.035,3325.125,3317.93,3320.54,10816
1745956800,"2025-04-29 20:00:00",3320.525,3323.59,3316.68,3317.15,4441
1745964000,"2025-04-29 22:00:00",3317.76,3323.03,3316.1,3319.175,4844
1745967600,"2025-04-29 23:00:00",3319.215,3319.37,3310.985,3317.185,6549
1745971200,"2025-04-30 00:00:00",3317.18,3328.155,3311.47,3313.14,17546
1745974800,"2025-04-30 01:00:00",3313.145,3322.935,3307.835,3308.17,24511
1745978400,"2025-04-30 02:00:00",3308.135,3313.32,3305.165,3306.72,16680
1745982000,"2025-04-30 03:00:00",3306.715,3311.335,3303.745,3304.705,13222
1745985600,"2025-04-30 04:00:00",3304.69,3309.005,3301.385,3308.07,10531
1745989200,"2025-04-30 05:00:00",3308.12,3314.82,3307.69,3309.625,15531
1745992800,"2025-04-30 06:00:00",3309.645,3311.32,3304.965,3305.955,16304
1745996400,"2025-04-30 07:00:00",3305.85,3314.775,3303.085,3307.24,17771
1746000000,"2025-04-30 08:00:00",3307.265,3307.825,3280.285,3284.51,32334
1746003600,"2025-04-30 09:00:00",3284.54,3287.06,3275.06,3275.965,24672
1746007200,"2025-04-30 10:00:00",3276.035,3280.99,3271.9,3272.66,19830
1746010800,"2025-04-30 11:00:00",3272.66,3281.82,3268.29,3272.415,22291
1746014400,"2025-04-30 12:00:00",3272.47,3304.89,3266.91,3298.735,54773
1746018000,"2025-04-30 13:00:00",3298.73,3319.8,3296.27,3309.09,58165
1746021600,"2025-04-30 14:00:00",3309.035,3313.83,3292.815,3309.96,64525
1746025200,"2025-04-30 15:00:00",3310.05,3314.7,3298.975,3308.105,44344
1746028800,"2025-04-30 16:00:00",3308.155,3314.385,3307.21,3310.825,16915
1746032400,"2025-04-30 17:00:00",3310.795,3313.645,3305.015,3305.3,16673
1746036000,"2025-04-30 18:00:00",3305.305,3307.865,3300.48,3301.77,21612
1746039600,"2025-04-30 19:00:00",3301.795,3305.835,3292.09,3295.94,16169
1746043200,"2025-04-30 20:00:00",3295.935,3298.05,3283.085,3288.155,10587
1746050400,"2025-04-30 22:00:00",3285.63,3288.16,3271.345,3274.08,14955
1746054000,"2025-04-30 23:00:00",3274.25,3285.34,3269.67,3272.935,12566
1746057600,"2025-05-01 00:00:00",3273.03,3276.555,3241.245,3246.69,34333
1746061200,"2025-05-01 01:00:00",3246.7,3251.535,3234.515,3239.03,23733
1746064800,"2025-05-01 02:00:00",3239.045,3251.85,3235.345,3241.535,16887
1746068400,"2025-05-01 03:00:00",3241.525,3242.68,3228.97,3229.58,19744
1746072000,"2025-05-01 04:00:00",3229.585,3232.12,3221.32,3226.87,14576
1746075600,"2025-05-01 05:00:00",3226.805,3238.87,3223.405,3236.765,18897
1746079200,"2025-05-01 06:00:00",3236.765,3243.28,3233.915,3235.835,24690
1746082800,"2025-05-01 07:00:00",3235.84,3237.09,3226.1,3230.2,19705
1746086400,"2025-05-01 08:00:00",3230.1,3236.865,3230.03,3235.18,12869
1746090000,"2025-05-01 09:00:00",3235.175,3236.26,3215.81,3218.59,18871
1746093600,"2025-05-01 10:00:00",3218.625,3225.42,3213.645,3223.04,17375
1746097200,"2025-05-01 11:00:00",3223.045,3227.31,3203.46,3205.585,27045
1746100800,"2025-05-01 12:00:00",3205.545,3232.815,3201.955,3226.935,46871
1746104400,"2025-05-01 13:00:00",3226.905,3233.37,3218.72,3225.07,45573
1746108000,"2025-05-01 14:00:00",3224.965,3231.68,3214.315,3219.095,57301
1746111600,"2025-05-01 15:00:00",3219.21,3221.98,3205.095,3216.515,32899
1746115200,"2025-05-01 16:00:00",3216.51,3220.69,3209.045,3219.675,18929
1746118800,"2025-05-01 17:00:00",3219.69,3220.89,3209.86,3214.49,16303
1746122400,"2025-05-01 18:00:00",3214.495,3226.95,3212.87,3224.06,13370
1746126000,"2025-05-01 19:00:00",3224.065,3229.96,3224.045,3228.335,11327
1746129600,"2025-05-01 20:00:00",3228.345,3239.9,3228.075,3238.295,9568
1746136800,"2025-05-01 22:00:00",3239.43,3243.475,3232.655,3237.95,7539
1746140400,"2025-05-01 23:00:00",3237.965,3241.545,3234.85,3237.44,7821
1746144000,"2025-05-02 00:00:00",3237.44,3244.46,3227.47,3231.195,21549
1746147600,"2025-05-02 01:00:00",3231.125,3237.6,3231.125,3236.62,19469
1746151200,"2025-05-02 02:00:00",3236.63,3249.32,3235.935,3248.11,19563
1746154800,"2025-05-02 03:00:00",3248.125,3258.795,3245.86,3255.05,15976
1746158400,"2025-05-02 04:00:00",3255.03,3257.56,3250.57,3251.93,12624
1746162000,"2025-05-02 05:00:00",3251.705,3256.995,3249.635,3251.975,10690
1746165600,"2025-05-02 06:00:00",3252.075,3262.5,3246.42,3252.9,17777
1746169200,"2025-05-02 07:00:00",3252.975,3263.47,3251.61,3259.11,18230
1746172800,"2025-05-02 08:00:00",3259.13,3261.8,3255.365,3258.26,17831
1746176400,"2025-05-02 09:00:00",3258.31,3267.21,3255.125,3265.34,18662
1746180000,"2025-05-02 10:00:00",3265.355,3265.79,3257.44,3259.585,16703
1746183600,"2025-05-02 11:00:00",3259.575,3269.3,3258.145,3262.725,19474
1746187200,"2025-05-02 12:00:00",3262.73,3265.06,3250.22,3250.425,51227
1746190800,"2025-05-02 13:00:00",3250.5,3259.795,3239.445,3250.56,61193
1746194400,"2025-05-02 14:00:00",3250.505,3264.72,3242.28,3262.875,48126
1746198000,"2025-05-02 15:00:00",3263.045,3264.34,3230.25,3231.64,37423
1746201600,"2025-05-02 16:00:00",3231.7,3236.495,3222.755,3225.07,34813
1746205200,"2025-05-02 17:00:00",3225.075,3240.105,3223.62,3231.51,25645
1746208800,"2025-05-02 18:00:00",3231.53,3232.62,3224.305,3226.515,17686
1746212400,"2025-05-02 19:00:00",3226.505,3234.715,3226.505,3233.865,15334
1746216000,"2025-05-02 20:00:00",3233.875,3241.435,3232.73,3240.95,6247
1746396000,"2025-05-04 22:00:00",3238.295,3244.3,3237.79,3239.725,7570
1746399600,"2025-05-04 23:00:00",3239.81,3252.43,3239.02,3248.135,12193
1746403200,"2025-05-05 00:00:00",3248.155,3248.765,3241.195,3246.76,12449
1746406800,"2025-05-05 01:00:00",3246.78,3271.2,3246.64,3264.735,21731
1746410400,"2025-05-05 02:00:00",3264.75,3272.545,3259.68,3270.225,15971
1746414000,"2025-05-05 03:00:00",3270.13,3271.42,3253.16,3254.57,13497
1746417600,"2025-05-05 04:00:00",3254.605,3259.57,3253.735,3256.575,7370
1746421200,"2025-05-05 05:00:00",3256.665,3262.07,3254.11,3259.73,9826
1746424800,"2025-05-05 06:00:00",3259.805,3265.8,3256.865,3262.18,16204
1746428400,"2025-05-05 07:00:00",3262.2,3267.89,3258.815,3264.85,18147
1746432000,"2025-05-05 08:00:00",3264.92,3283.06,3263.225,3282.84,19960
1746435600,"2025-05-05 09:00:00",3282.865,3309.2,3282.315,3308.75,26421
1746439200,"2025-05-05 10:00:00",3308.84,3318.76,3308.55,3313.385,21394
1746442800,"2025-05-05 11:00:00",3313.345,3319.06,3311.385,3313.05,17543
1746446400,"2025-05-05 12:00:00",3313.06,3322.71,3312.925,3319.7,30638
1746450000,"2025-05-05 13:00:00",3319.695,3321.17,3311.85,3315.8,32536
1746453600,"2025-05-05 14:00:00",3315.72,3328.85,3309.93,3312.76,42244
1746457200,"2025-05-05 15:00:00",3312.765,3317.965,3309.1,3311.985,29377
1746460800,"2025-05-05 16:00:00",3312.02,3313.765,3305.64,3309.875,20336
1746464400,"2025-05-05 17:00:00",3309.87,3318.305,3309.29,3317.17,14312
1746468000,"2025-05-05 18:00:00",3317.12,3323.8,3313.925,3323.415,11507
1746471600,"2025-05-05 19:00:00",3323.35,3337.67,3322.88,3328.76,20249
1746475200,"2025-05-05 20:00:00",3328.74,3334.855,3328.685,3334.195,6609
1746482400,"2025-05-05 22:00:00",3333.575,3334.02,3327.53,3330.805,5908
1746486000,"2025-05-05 23:00:00",3330.82,3335.335,3329,3334.145,8163
1746489600,"2025-05-06 00:00:00",3334.13,3334.415,3322.755,3329.745,18607
1746493200,"2025-05-06 01:00:00",3329.75,3381.77,3329.75,3379.685,54835
1746496800,"2025-05-06 02:00:00",3379.73,3387.015,3356.54,3358.425,35594
1746500400,"2025-05-06 03:00:00",3358.47,3372.52,3352.505,3360.43,27530
1746504000,"2025-05-06 04:00:00",3360.585,3366.255,3356.195,3363.18,13944
1746507600,"2025-05-06 05:00:00",3363.2,3363.965,3350.26,3362.15,20108
1746511200,"2025-05-06 06:00:00",3362.195,3368.085,3358.755,3364.77,21791
1746514800,"2025-05-06 07:00:00",3364.805,3379.675,3364.805,3371.16,23767
1746518400,"2025-05-06 08:00:00",3371.44,3383.23,3368.585,3377.175,20827
1746522000,"2025-05-06 09:00:00",3377.275,3383.38,3371.47,3383.3,17423
1746525600,"2025-05-06 10:00:00",3383.305,3383.94,3376.755,3383.62,16487
1746529200,"2025-05-06 11:00:00",3383.625,3385.005,3373.725,3379.245,22720
1746532800,"2025-05-06 12:00:00",3379.26,3392.49,3373.13,3391.14,32156
1746536400,"2025-05-06 13:00:00",3391.15,3397.75,3387.76,3391.93,49745
1746540000,"2025-05-06 14:00:00",3391.9,3398.115,3378.25,3386.295,44000
1746543600,"2025-05-06 15:00:00",3386.28,3399.905,3385.34,3395.17,26151
1746547200,"2025-05-06 16:00:00",3395.185,3411.8,3394.815,3408.86,24504
1746550800,"2025-05-06 17:00:00",3408.875,3417.955,3407.625,3414.04,21472
1746554400,"2025-05-06 18:00:00",3414.05,3417.585,3410.3,3415.725,13391
1746558000,"2025-05-06 19:00:00",3415.74,3424.225,3412.73,3423.1,15244
1746561600,"2025-05-06 20:00:00",3423.105,3435.055,3419.27,3431.14,13145
1746568800,"2025-05-06 22:00:00",3416.915,3422.135,3380.58,3381.735,34319
1746572400,"2025-05-06 23:00:00",3381.675,3404.82,3376.895,3400.87,26088
1746576000,"2025-05-07 00:00:00",3400.855,3401.73,3360.79,3379.38,45387
1746579600,"2025-05-07 01:00:00",3379.35,3385.25,3360.2,3374.85,44517
1746583200,"2025-05-07 02:00:00",3374.83,3394.035,3372.115,3390.665,27692
1746586800,"2025-05-07 03:00:00",3390.72,3392.7,3370.085,3375.545,16678
1746590400,"2025-05-07 04:00:00",3375.58,3387.525,3374.99,3382.215,12337
1746594000,"2025-05-07 05:00:00",3382.26,3389.54,3378.58,3387.88,15222
1746597600,"2025-05-07 06:00:00",3387.805,3395.9,3387.4,3392.61,18354
1746601200,"2025-05-07 07:00:00",3392.43,3397.445,3383.805,3388.045,17333
1746604800,"2025-05-07 08:00:00",3388.115,3388.745,3378.19,3383,17021
1746608400,"2025-05-07 09:00:00",3382.985,3385.24,3369.72,3369.95,19502
1746612000,"2025-05-07 10:00:00",3369.96,3393.485,3369.305,3391.365,21070
1746615600,"2025-05-07 11:00:00",3391.4,3391.595,3383.665,3387.05,17011
1746619200,"2025-05-07 12:00:00",3387.03,3393.945,3384.125,3390.92,23826
1746622800,"2025-05-07 13:00:00",3390.93,3398.145,3381.375,3394.3,39591
1746626400,"2025-05-07 14:00:00",3394.31,3394.845,3375.8,3385.86,40751
1746630000,"2025-05-07 15:00:00",3385.975,3389.72,3381.985,3385.23,28728
1746633600,"2025-05-07 16:00:00",3385.215,3389.93,3378.8,3386.925,16235
1746637200,"2025-05-07 17:00:00",3386.905,3389.885,3383.845,3385.16,14983
1746640800,"2025-05-07 18:00:00",3385.165,3398.02,3376.08,3384.645,45351
1746644400,"2025-05-07 19:00:00",3384.68,3387.02,3363.735,3371.97,38168
1746648000,"2025-05-07 20:00:00",3372.02,3374.7,3363.835,3364.355,8990
1746655200,"2025-05-07 22:00:00",3372.725,3373.77,3366.785,3370.08,5526
1746658800,"2025-05-07 23:00:00",3370.15,3377.18,3369.69,3376.475,5669
1746662400,"2025-05-08 00:00:00",3376.52,3386.96,3373.84,3380.62,15010
1746666000,"2025-05-08 01:00:00",3380.65,3409.85,3379.07,3408.725,34436
1746669600,"2025-05-08 02:00:00",3408.72,3414.79,3402.135,3402.16,25048
1746673200,"2025-05-08 03:00:00",3402.155,3408.55,3395.87,3396.94,18172
1746676800,"2025-05-08 04:00:00",3396.88,3399.58,3381.995,3382.225,15761
1746680400,"2025-05-08 05:00:00",3382.245,3384.36,3354.975,3355.49,29289
1746684000,"2025-05-08 06:00:00",3355.495,3361.995,3320.38,3329.83,52987
1746687600,"2025-05-08 07:00:00",3329.69,3349.405,3327.165,3343.05,31981
1746691200,"2025-05-08 08:00:00",3343.035,3344.45,3337.125,3339.42,19527
1746694800,"2025-05-08 09:00:00",3339.395,3344.44,3331.3,3332.095,20581
1746698400,"2025-05-08 10:00:00",3332.08,3346.825,3330.4,3342.5,20772
1746702000,"2025-05-08 11:00:00",3342.515,3345.63,3339.295,3344.425,16512
1746705600,"2025-05-08 12:00:00",3344.465,3358.715,3343.225,3356.255,29722
1746709200,"2025-05-08 13:00:00",3356.28,3369.6,3354.79,3356.05,40791
1746712800,"2025-05-08 14:00:00",3355.99,3363.045,3350.805,3356.555,39414
1746716400,"2025-05-08 15:00:00",3356.79,3360.175,3326.85,3330.385,45434
1746720000,"2025-05-08 16:00:00",3330.3,3330.325,3304.44,3310.33,40380
1746723600,"2025-05-08 17:00:00",3310.35,3311.29,3297.825,3308.39,28469
1746727200,"2025-05-08 18:00:00",3308.395,3311.15,3305.68,3308.525,15168
1746730800,"2025-05-08 19:00:00",3308.535,3310.13,3288.805,3306.625,20644
1746734400,"2025-05-08 20:00:00",3306.615,3310.865,3303.95,3305.98,7877
1746741600,"2025-05-08 22:00:00",3310.125,3324.015,3309.9,3323.925,10114
1746745200,"2025-05-08 23:00:00",3323.935,3324.095,3312.03,3316.405,8900
1746748800,"2025-05-09 00:00:00",3316.47,3323.285,3308.83,3322.355,18113
1746752400,"2025-05-09 01:00:00",3322.34,3322.655,3286.81,3291.31,36789
1746756000,"2025-05-09 02:00:00",3291.3,3308.795,3274.81,3308.39,35823
1746759600,"2025-05-09 03:00:00",3308.45,3313.51,3299.76,3308.17,22167
1746763200,"2025-05-09 04:00:00",3308.225,3327.625,3308.225,3324.645,16934
1746766800,"2025-05-09 05:00:00",3324.755,3330.435,3312.95,3321.685,21380
1746770400,"2025-05-09 06:00:00",3321.675,3326.93,3315.32,3325.46,24549
1746774000,"2025-05-09 07:00:00",3325.465,3332.35,3322.535,3327.485,22900
1746777600,"2025-05-09 08:00:00",3327.545,3329.115,3320.205,3328.725,17179
1746781200,"2025-05-09 09:00:00",3328.685,3329.395,3323.555,3325.11,12546
1746784800,"2025-05-09 10:00:00",3325.195,3329.95,3322.02,3323.435,10969
1746788400,"2025-05-09 11:00:00",3323.4,3338.46,3323.4,3333.155,23263
1746792000,"2025-05-09 12:00:00",3333.18,3335.83,3329.125,3333.7,22037
1746795600,"2025-05-09 13:00:00",3333.695,3340.515,3328.755,3330.81,39998
1746799200,"2025-05-09 14:00:00",3330.815,3341.355,3320.395,3337.19,43249
1746802800,"2025-05-09 15:00:00",3337.18,3346.215,3336.14,3345.14,28619
1746806400,"2025-05-09 16:00:00",3345.195,3347.625,3336.435,3336.825,19103
1746810000,"2025-05-09 17:00:00",3336.82,3342.705,3336.14,3340.925,14298
1746813600,"2025-05-09 18:00:00",3340.93,3343.05,3336.36,3338.785,12178
1746817200,"2025-05-09 19:00:00",3338.78,3339.895,3325.505,3328.865,15327
1746820800,"2025-05-09 20:00:00",3328.825,3330.355,3324.87,3325.39,6203
1747000800,"2025-05-11 22:00:00",3325.39,3325.39,3266.8,3272.68,19262
1747004400,"2025-05-11 23:00:00",3272.665,3289.075,3265.89,3287.775,24125
1747008000,"2025-05-12 00:00:00",3287.765,3290.105,3272.235,3279.315,26822
1747011600,"2025-05-12 01:00:00",3279.135,3282.31,3258.85,3272.005,45036
1747015200,"2025-05-12 02:00:00",3271.985,3279.985,3269.555,3272.185,25562
1747018800,"2025-05-12 03:00:00",3272.18,3284.785,3270.58,3283.445,17640
1747022400,"2025-05-12 04:00:00",3283.42,3283.8,3275.715,3278.87,12204
1747026000,"2025-05-12 05:00:00",3278.995,3279.675,3268.5,3276.14,19244
1747029600,"2025-05-12 06:00:00",3276.285,3281.655,3273.11,3277.53,29596
1747033200,"2025-05-12 07:00:00",3277.525,3277.82,3216.115,3222.775,77412
1747036800,"2025-05-12 08:00:00",3222.795,3234.47,3220.77,3231.45,47071
1747040400,"2025-05-12 09:00:00",3231.455,3231.455,3213.05,3215.185,31376
1747044000,"2025-05-12 10:00:00",3215.175,3219.66,3207.79,3208.195,32366
1747047600,"2025-05-12 11:00:00",3208.22,3229.6,3207.965,3224.87,37958
1747051200,"2025-05-12 12:00:00",3224.855,3234.515,3220.49,3233.685,36188
1747054800,"2025-05-12 13:00:00",3233.695,3248.7,3231.81,3240.79,62867
1747058400,"2025-05-12 14:00:00",3240.76,3247.88,3233.46,3237.705,56862
1747062000,"2025-05-12 15:00:00",3237.64,3243.99,3232.725,3239.305,31662
1747065600,"2025-05-12 16:00:00",3239.26,3240.14,3223.215,3224.29,22914
1747069200,"2025-05-12 17:00:00",3224.3,3227.68,3221.185,3223.265,20562
1747072800,"2025-05-12 18:00:00",3223.27,3230.165,3220.325,3229.77,15716
1747076400,"2025-05-12 19:00:00",3229.8,3238.875,3228.985,3235.44,18408
1747080000,"2025-05-12 20:00:00",3235.45,3238.515,3232.55,3235.075,5121
1747087200,"2025-05-12 22:00:00",3237.93,3238.05,3229.825,3233.965,6228
1747090800,"2025-05-12 23:00:00",3233.86,3240.16,3233.435,3236.875,7079
1747094400,"2025-05-13 00:00:00",3236.86,3243.425,3233.96,3239.96,15031
1747098000,"2025-05-13 01:00:00",3239.935,3243.43,3215.855,3225.315,31284
1747101600,"2025-05-13 02:00:00",3225.385,3241.355,3223.31,3228.99,25862
1747105200,"2025-05-13 03:00:00",3228.985,3238.55,3228.25,3236.75,15985
1747108800,"2025-05-13 04:00:00",3236.72,3253.675,3234.955,3252.71,12315
1747112400,"2025-05-13 05:00:00",3252.795,3260.875,3251.225,3256.58,18894
1747116000,"2025-05-13 06:00:00",3256.635,3265.785,3247.34,3262.25,26291
1747119600,"2025-05-13 07:00:00",3262.23,3265.005,3254.315,3259.185,21784
1747123200,"2025-05-13 08:00:00",3259.215,3261.35,3250.385,3255.515,17958
1747126800,"2025-05-13 09:00:00",3255.575,3256.845,3250.595,3253.435,16045
1747130400,"2025-05-13 10:00:00",3253.42,3256.265,3251.19,3253.01,13376
1747134000,"2025-05-13 11:00:00",3253.005,3258.67,3248.845,3249.25,19293
1747137600,"2025-05-13 12:00:00",3249.175,3249.965,3237.33,3241.87,40567
1747141200,"2025-05-13 13:00:00",3241.81,3247.03,3227.32,3227.585,50208
1747144800,"2025-05-13 14:00:00",3227.54,3248.79,3225.505,3242.7,44006
1747148400,"2025-05-13 15:00:00",3242.92,3255.965,3241.98,3253.42,29779
1747152000,"2025-05-13 16:00:00",3253.5,3258,3248.78,3251.095,16357
1747155600,"2025-05-13 17:00:00",3251.085,3252.835,3242.115,3247.185,14929
1747159200,"2025-05-13 18:00:00",3247.19,3250.89,3245.855,3248.775,12645
1747162800,"2025-05-13 19:00:00",3248.84,3251.225,3246.45,3249.45,10054
1747166400,"2025-05-13 20:00:00",3249.47,3254.885,3248.125,3250.18,4663
1747173600,"2025-05-13 22:00:00",3252,3254.645,3249.53,3254.635,3810
1747177200,"2025-05-13 23:00:00",3254.595,3257.14,3252.175,3254.46,4792
1747180800,"2025-05-14 00:00:00",3254.44,3254.75,3240.67,3243.805,19557
1747184400,"2025-05-14 01:00:00",3243.815,3251.905,3237.315,3239.03,27744
1747188000,"2025-05-14 02:00:00",3238.93,3241.635,3228.895,3232.85,22116
1747191600,"2025-05-14 03:00:00",3232.855,3233.71,3226.26,3228.455,16742
1747195200,"2025-05-14 04:00:00",3228.46,3230.505,3222.58,3224.035,16685
1747198800,"2025-05-14 05:00:00",3224.025,3234.545,3221.565,3233.98,19794
1747202400,"2025-05-14 06:00:00",3233.995,3236.895,3227.775,3228.735,21409
1747206000,"2025-05-14 07:00:00",3228.74,3238.92,3224.31,3238.085,24679
1747209600,"2025-05-14 08:00:00",3238.135,3243.96,3230.505,3232.595,31600
1747213200,"2025-05-14 09:00:00",3232.62,3236.655,3229.155,3232.44,24697
1747216800,"2025-05-14 10:00:00",3232.445,3236.615,3229.74,3235.725,16866
1747220400,"2025-05-14 11:00:00",3235.66,3239.2,3219.575,3220.215,19913
1747224000,"2025-05-14 12:00:00",3220.21,3222.605,3184.225,3184.87,58169
1747227600,"2025-05-14 13:00:00",3185.005,3198.395,3174.87,3191.505,71274
1747231200,"2025-05-14 14:00:00",3191.425,3194.37,3179.415,3181.725,50385
1747234800,"2025-05-14 15:00:00",3181.865,3186.775,3179.185,3182.65,36742
1747238400,"2025-05-14 16:00:00",3182.695,3191.08,3173.775,3188.635,25905
1747242000,"2025-05-14 17:00:00",3188.62,3190.655,3180.985,3181.99,18915
1747245600,"2025-05-14 18:00:00",3182.07,3183.135,3171.78,3172.035,15996
1747249200,"2025-05-14 19:00:00",3172.065,3181.605,3168.065,3180.625,16937
1747252800,"2025-05-14 20:00:00",3180.635,3183.365,3176.985,3177.585,6045
1747260000,"2025-05-14 22:00:00",3181.06,3183.99,3180.205,3182.775,4528
1747263600,"2025-05-14 23:00:00",3182.74,3187.455,3181.255,3186.165,5903
1747267200,"2025-05-15 00:00:00",3186.155,3188.015,3180.3,3187.845,13762
1747270800,"2025-05-15 01:00:00",3187.825,3192.83,3171.335,3172.46,26165
1747274400,"2025-05-15 02:00:00",3172.455,3175.65,3150.185,3154.285,29732
1747278000,"2025-05-15 03:00:00",3154.3,3157.175,3148.395,3150.665,15646
1747281600,"2025-05-15 04:00:00",3150.67,3152.675,3135.545,3138.605,15310
1747285200,"2025-05-15 05:00:00",3138.64,3143.15,3123.425,3129.06,22248
1747288800,"2025-05-15 06:00:00",3129.06,3154.04,3120.765,3150,38941
1747292400,"2025-05-15 07:00:00",3149.925,3152.175,3130.715,3142.35,31718
1747296000,"2025-05-15 08:00:00",3142.315,3164.325,3139.17,3162.6,24777
1747299600,"2025-05-15 09:00:00",3162.605,3171.725,3159.35,3165.37,22439
1747303200,"2025-05-15 10:00:00",3165.39,3179.195,3164.225,3178.41,18549
1747306800,"2025-05-15 11:00:00",3178.425,3180.25,3172.55,3179.25,19775
1747310400,"2025-05-15 12:00:00",3179.21,3189.98,3177.555,3188.865,37285
1747314000,"2025-05-15 13:00:00",3188.87,3199.96,3185.2,3192.21,57577
1747317600,"2025-05-15 14:00:00",3192.245,3207.215,3190.52,3205.54,49324
1747321200,"2025-05-15 15:00:00",3205.52,3220.17,3204.715,3219.825,29432
1747324800,"2025-05-15 16:00:00",3219.905,3222.815,3215.955,3222.61,16673
1747328400,"2025-05-15 17:00:00",3222.595,3229.25,3216.535,3221.21,18529
1747332000,"2025-05-15 18:00:00",3221.375,3226.045,3219.9,3223.305,11173
1747335600,"2025-05-15 19:00:00",3223.33,3232.85,3222.395,3231.99,12299
1747339200,"2025-05-15 20:00:00",3231.96,3240.725,3231.07,3239.97,7874
1747346400,"2025-05-15 22:00:00",3241.785,3252.255,3241.61,3251.155,10266
1747350000,"2025-05-15 23:00:00",3251.345,3251.365,3236.565,3237.28,14040
1747353600,"2025-05-16 00:00:00",3237.255,3244.095,3232.085,3243.175,20018
1747357200,"2025-05-16 01:00:00",3243.265,3244.675,3215.035,3222.175,31314
1747360800,"2025-05-16 02:00:00",3222.165,3227.62,3212.795,3215.525,21945
1747364400,"2025-05-16 03:00:00",3215.365,3217.46,3206.6,3211.93,22333
1747368000,"2025-05-16 04:00:00",3211.845,3222.62,3211.8,3219.575,13522
1747371600,"2025-05-16 05:00:00",3219.665,3222.43,3212.08,3218.695,15804
1747375200,"2025-05-16 06:00:00",3218.67,3231.335,3212.87,3215.005,22896
1747378800,"2025-05-16 07:00:00",3214.975,3218.115,3205.295,3207.62,22817
1747382400,"2025-05-16 08:00:00",3207.52,3209.375,3195.53,3207.525,20299
1747386000,"2025-05-16 09:00:00",3207.475,3213.015,3203.86,3209.275,16620
1747389600,"2025-05-16 10:00:00",3209.295,3211.105,3168.975,3176.17,28737
1747393200,"2025-05-16 11:00:00",3176.175,3179.415,3154.3,3163.38,33889
1747396800,"2025-05-16 12:00:00",3163.375,3182.2,3154.82,3177.435,35690
1747400400,"2025-05-16 13:00:00",3177.44,3186.795,3169.5,3180.73,45272
1747404000,"2025-05-16 14:00:00",3180.58,3188.61,3165.9,3173.335,43503
1747407600,"2025-05-16 15:00:00",3173.325,3185.175,3172.815,3183.585,25936
1747411200,"2025-05-16 16:00:00",3183.625,3189.9,3180.595,3189.405,21031
1747414800,"2025-05-16 17:00:00",3189.435,3192.35,3183.47,3189.495,17352
1747418400,"2025-05-16 18:00:00",3189.51,3191.25,3184.88,3187.61,13101
1747422000,"2025-05-16 19:00:00",3187.605,3195.9,3187.54,3192.63,13605
1747425600,"2025-05-16 20:00:00",3192.555,3205.885,3192.245,3204.45,9684
1747605600,"2025-05-18 22:00:00",3215.99,3240.875,3212.075,3239.29,17196
1747609200,"2025-05-18 23:00:00",3239.225,3245.345,3226.745,3235.025,17036
1747612800,"2025-05-19 00:00:00",3235.025,3249.85,3233.54,3246.52,28025
1747616400,"2025-05-19 01:00:00",3246.405,3246.95,3214.695,3218.595,40202
1747620000,"2025-05-19 02:00:00",3218.5,3230.15,3217.03,3228.615,21761
1747623600,"2025-05-19 03:00:00",3228.62,3230.605,3208.14,3212.265,18501
1747627200,"2025-05-19 04:00:00",3212.255,3218.28,3206.725,3215.97,10453
1747630800,"2025-05-19 05:00:00",3216.22,3224.435,3215.005,3224.16,14975
1747634400,"2025-05-19 06:00:00",3224.135,3231.76,3220.36,3224.29,28359
1747638000,"2025-05-19 07:00:00",3224.285,3234.585,3224.085,3232.395,26327
1747641600,"2025-05-19 08:00:00",3232.405,3245.015,3230.09,3244.565,20632
1747645200,"2025-05-19 09:00:00",3244.695,3247.725,3233.61,3242.115,21045
1747648800,"2025-05-19 10:00:00",3242.03,3245.435,3234.275,3241.76,16202
1747652400,"2025-05-19 11:00:00",3241.78,3248.59,3239.16,3243.835,14727
1747656000,"2025-05-19 12:00:00",3243.81,3244.54,3228.905,3229.5,28513
1747659600,"2025-05-19 13:00:00",3229.625,3241.75,3224.675,3230.08,44594
1747663200,"2025-05-19 14:00:00",3230.02,3236.225,3217.29,3233.98,39412
1747666800,"2025-05-19 15:00:00",3233.985,3239.915,3229.665,3231.71,24072
1747670400,"2025-05-19 16:00:00",3231.765,3234.38,3228.205,3231.92,16844
1747674000,"2025-05-19 17:00:00",3231.88,3233.32,3225.595,3226.465,16586
1747677600,"2025-05-19 18:00:00",3226.475,3235.27,3225.32,3233.625,12719
1747681200,"2025-05-19 19:00:00",3233.67,3235.97,3231.62,3233.12,8961
1747684800,"2025-05-19 20:00:00",3233.155,3233.85,3228.1,3230.4,4467
1747692000,"2025-05-19 22:00:00",3228.025,3230.59,3224.71,3226.95,3537
1747695600,"2025-05-19 23:00:00",3226.97,3227.53,3219.02,3222.665,8180
1747699200,"2025-05-20 00:00:00",3222.745,3224.3,3214.13,3222.83,15697
1747702800,"2025-05-20 01:00:00",3222.71,3232.85,3220.59,3221.175,25896
1747706400,"2025-05-20 02:00:00",3221.2,3223.16,3206.455,3206.785,22924
1747710000,"2025-05-20 03:00:00",3206.795,3214.245,3204.67,3211.45,15947
1747713600,"2025-05-20 04:00:00",3211.415,3218.135,3211.35,3217.395,10520
1747717200,"2025-05-20 05:00:00",3217.325,3219.885,3209.94,3213.88,16450
1747720800,"2025-05-20 06:00:00",3213.9,3219.235,3208.59,3209.885,20307
1747724400,"2025-05-20 07:00:00",3209.745,3225.455,3207.98,3222.98,19883
1747728000,"2025-05-20 08:00:00",3222.87,3236.18,3218.38,3236.04,18869
1747731600,"2025-05-20 09:00:00",3236.035,3239.465,3230.49,3236.445,22815
1747735200,"2025-05-20 10:00:00",3236.45,3238.45,3232.015,3235.38,14079
1747738800,"2025-05-20 11:00:00",3235.405,3241.74,3235.265,3241.32,13222
1747742400,"2025-05-20 12:00:00",3241.255,3251.05,3234.53,3242.855,28344
1747746000,"2025-05-20 13:00:00",3242.83,3262.025,3232.995,3261.36,44752
1747749600,"2025-05-20 14:00:00",3261.425,3285.93,3260.805,3282.675,64675
1747753200,"2025-05-20 15:00:00",3282.73,3283.675,3273.445,3277.355,31299
1747756800,"2025-05-20 16:00:00",3277.37,3282.675,3275.31,3278.885,16594
1747760400,"2025-05-20 17:00:00",3278.98,3287.97,3278.345,3286.63,15575
1747764000,"2025-05-20 18:00:00",3286.625,3289.78,3284.17,3287.775,16180
1747767600,"2025-05-20 19:00:00",3287.765,3295.285,3287.295,3294.1,14661
1747771200,"2025-05-20 20:00:00",3294.125,3295.79,3289.19,3289.845,6814
1747778400,"2025-05-20 22:00:00",3292.7,3304.115,3292.665,3296.79,12984
1747782000,"2025-05-20 23:00:00",3296.785,3296.96,3288.675,3290.635,9964
1747785600,"2025-05-21 00:00:00",3290.63,3304.315,3288.935,3303.575,16398
1747789200,"2025-05-21 01:00:00",3303.485,3314.82,3285.34,3294.755,39006
1747792800,"2025-05-21 02:00:00",3294.74,3305.375,3289.4,3301.85,25843
1747796400,"2025-05-21 03:00:00",3301.875,3309.825,3299.25,3307.56,15763
1747800000,"2025-05-21 04:00:00",3307.51,3308.3,3301.23,3302.17,11434
1747803600,"2025-05-21 05:00:00",3302.155,3319.845,3298.51,3316.365,21641
1747807200,"2025-05-21 06:00:00",3316.415,3320.845,3310.765,3320.15,26055
1747810800,"2025-05-21 07:00:00",3320.045,3320.165,3307.85,3309.915,22651
1747814400,"2025-05-21 08:00:00",3309.92,3312.395,3303.975,3308.495,17806
1747818000,"2025-05-21 09:00:00",3308.51,3313.625,3307.15,3313.595,15270
1747821600,"2025-05-21 10:00:00",3313.6,3318.395,3308.655,3311.82,19290
1747825200,"2025-05-21 11:00:00",3311.865,3316.475,3306.605,3311.32,18146
1747828800,"2025-05-21 12:00:00",3311.325,3312.78,3290.725,3302.79,41970
1747832400,"2025-05-21 13:00:00",3302.825,3309.68,3295.44,3303.7,47470
1747836000,"2025-05-21 14:00:00",3303.695,3307.835,3295.355,3304.485,43555
1747839600,"2025-05-21 15:00:00",3304.495,3315.315,3303.705,3311.99,29229
1747843200,"2025-05-21 16:00:00",3312.015,3314.77,3302.795,3303.205,21147
1747846800,"2025-05-21 17:00:00",3303.195,3316.48,3302.95,3316.47,28791
1747850400,"2025-05-21 18:00:00",3316.48,3316.52,3312.01,3314.445,18556
1747854000,"2025-05-21 19:00:00",3314.45,3324.935,3314.44,3318.44,25258
1747857600,"2025-05-21 20:00:00",3318.525,3319.95,3313.155,3315.245,7756
1747864800,"2025-05-21 22:00:00",3319.9,3321.185,3315.58,3318.125,8049
1747868400,"2025-05-21 23:00:00",3318.185,3324.275,3317.31,3320.12,8804
1747872000,"2025-05-22 00:00:00",3320.12,3326.355,3319.605,3323.84,17256
1747875600,"2025-05-22 01:00:00",3323.845,3343.06,3320.475,3338.24,36035
1747879200,"2025-05-22 02:00:00",3338.21,3344.905,3336.61,3341.25,22507
1747882800,"2025-05-22 03:00:00",3341.27,3345.47,3334.975,3335.495,17373
1747886400,"2025-05-22 04:00:00",3335.415,3339.29,3332.835,3338.61,10821
1747890000,"2025-05-22 05:00:00",3338.605,3339.55,3326.425,3332.335,15989
1747893600,"2025-05-22 06:00:00",3332.355,3335.865,3325.51,3326.49,23420
1747897200,"2025-05-22 07:00:00",3326.525,3331.39,3322.625,3327.675,25298
1747900800,"2025-05-22 08:00:00",3327.655,3330.015,3310.245,3311.355,32134
1747904400,"2025-05-22 09:00:00",3311.245,3314.02,3304.11,3304.815,26669
1747908000,"2025-05-22 10:00:00",3304.725,3307.655,3288.58,3289.715,30816
1747911600,"2025-05-22 11:00:00",3289.655,3314.78,3283.075,3314.38,40254
1747915200,"2025-05-22 12:00:00",3314.29,3314.635,3300.95,3304.225,45759
1747918800,"2025-05-22 13:00:00",3304.29,3315.91,3286.925,3287.77,61925
1747922400,"2025-05-22 14:00:00",3287.73,3304.69,3279.235,3297.08,56018
1747926000,"2025-05-22 15:00:00",3297.095,3298.865,3281.41,3294.995,39903
1747929600,"2025-05-22 16:00:00",3295,3304.945,3291.1,3301.665,25039
1747933200,"2025-05-22 17:00:00",3301.6,3301.88,3290.19,3296.535,19805
1747936800,"2025-05-22 18:00:00",3296.62,3298.935,3292.38,3293.865,14709
1747940400,"2025-05-22 19:00:00",3293.955,3297.22,3289.11,3290.315,14774
1747944000,"2025-05-22 20:00:00",3290.35,3295.805,3289.595,3295.01,6902
1747951200,"2025-05-22 22:00:00",3297.82,3299.465,3295.275,3297.85,4064
1747954800,"2025-05-22 23:00:00",3297.855,3302.14,3297.48,3300.21,5233
1747958400,"2025-05-23 00:00:00",3300.22,3309.01,3287.075,3300.89,27739
1747962000,"2025-05-23 01:00:00",3300.975,3306.495,3295.94,3305.315,30494
1747965600,"2025-05-23 02:00:00",3305.335,3305.495,3291,3296.925,19388
1747969200,"2025-05-23 03:00:00",3296.815,3303.49,3296.555,3302.185,12442
1747972800,"2025-05-23 04:00:00",3302.215,3316.4,3302.1,3313.72,14393
1747976400,"2025-05-23 05:00:00",3313.745,3325.75,3312.595,3323.975,22016
1747980000,"2025-05-23 06:00:00",3323.895,3332.04,3323.12,3331.255,27476
1747983600,"2025-05-23 07:00:00",3331.25,3334.465,3326.715,3329.375,19995
1747987200,"2025-05-23 08:00:00",3329.3,3329.52,3322.66,3326.47,17325
1747990800,"2025-05-23 09:00:00",3326.595,3334.07,3324.975,3328.775,19281
1747994400,"2025-05-23 10:00:00",3328.815,3332.05,3323.475,3328.675,17083
1747998000,"2025-05-23 11:00:00",3328.595,3349.875,3324.545,3348.255,48771
1748001600,"2025-05-23 12:00:00",3348.285,3360.555,3344.825,3357,62822
1748005200,"2025-05-23 13:00:00",3357.16,3364.82,3337.29,3340.205,67200
1748008800,"2025-05-23 14:00:00",3340.035,3359.735,3336.635,3359.36,50994
1748012400,"2025-05-23 15:00:00",3359.39,3362.465,3352.2,3361.695,31462
1748016000,"2025-05-23 16:00:00",3361.735,3364.585,3357.31,3359.13,20909
1748019600,"2025-05-23 17:00:00",3359.065,3366.015,3356.415,3362.735,17241
1748023200,"2025-05-23 18:00:00",3362.725,3365.945,3361.13,3362.06,16637
1748026800,"2025-05-23 19:00:00",3362.045,3365.805,3358.31,3360.795,15246
1748030400,"2025-05-23 20:00:00",3360.76,3361.84,3356.24,3358.125,5967
1748210400,"2025-05-25 22:00:00",3351.4,3352.5,3341.31,3344.35,13202
1748214000,"2025-05-25 23:00:00",3344.435,3350.725,3341.36,3342.73,8580
1748217600,"2025-05-26 00:00:00",3342.725,3346.28,3331.445,3342.19,19552
1748221200,"2025-05-26 01:00:00",3342.175,3347.685,3335.615,3345.01,27640
1748224800,"2025-05-26 02:00:00",3344.975,3356.995,3343.315,3348.135,21730
1748228400,"2025-05-26 03:00:00",3348.145,3350.09,3344.375,3347.65,13956
1748232000,"2025-05-26 04:00:00",3347.675,3351.16,3346.315,3349.965,8995
1748235600,"2025-05-26 05:00:00",3350.05,3351.98,3344.465,3347.455,13845
1748239200,"2025-05-26 06:00:00",3347.435,3347.65,3337.135,3337.425,17967
1748242800,"2025-05-26 07:00:00",3337.31,3338.91,3332.24,3337.505,17919
1748246400,"2025-05-26 08:00:00",3337.5,3339.755,3331.12,3334.755,16937
1748250000,"2025-05-26 09:00:00",3334.765,3336.3,3323.5,3328.6,18933
1748253600,"2025-05-26 10:00:00",3328.7,3333.69,3328.7,3331.625,7217
1748257200,"2025-05-26 11:00:00",3331.67,3334.695,3329.22,3333.135,6144
1748260800,"2025-05-26 12:00:00",3333.14,3335.095,3326.405,3334.4,11572
1748264400,"2025-05-26 13:00:00",3334.51,3339.04,3331.35,3338.4,16278
1748268000,"2025-05-26 14:00:00",3338.405,3341.695,3335.58,3337.35,17425
1748271600,"2025-05-26 15:00:00",3337.355,3339.82,3336.885,3338.075,7344
1748275200,"2025-05-26 16:00:00",3338.145,3343.72,3337.59,3342.265,5428
1748278800,"2025-05-26 17:00:00",3342.3,3343.25,3340.57,3341.275,4964
1748282400,"2025-05-26 18:00:00",3341.27,3343.265,3341.015,3342.475,2732
1748296800,"2025-05-26 22:00:00",3346.38,3348.945,3342.85,3347.775,4823
1748300400,"2025-05-26 23:00:00",3347.71,3348.635,3344.585,3346.2,5167
1748304000,"2025-05-27 00:00:00",3346.205,3350.095,3342.51,3345.175,11654
1748307600,"2025-05-27 01:00:00",3345.195,3347.425,3331.87,3336.05,21596
1748311200,"2025-05-27 02:00:00",3336.07,3344.475,3335.15,3342.95,13465
1748314800,"2025-05-27 03:00:00",3342.95,3347.365,3340.915,3341.185,10541
1748318400,"2025-05-27 04:00:00",3341.215,3341.59,3330.775,3331,10229
1748322000,"2025-05-27 05:00:00",3331.01,3332.805,3316.1,3323.52,26954
1748325600,"2025-05-27 06:00:00",3323.525,3328.485,3305.14,3308.615,34102
1748329200,"2025-05-27 07:00:00",3308.61,3312.715,3292.655,3296.315,30619
1748332800,"2025-05-27 08:00:00",3296.3,3310.53,3296.15,3298.6,25432
1748336400,"2025-05-27 09:00:00",3298.585,3309.96,3294.715,3296.22,24097
1748340000,"2025-05-27 10:00:00",3296.255,3299.68,3290.42,3293.33,20467
1748343600,"2025-05-27 11:00:00",3293.325,3298.305,3287.785,3288.44,20410
1748347200,"2025-05-27 12:00:00",3288.455,3297.965,3288.145,3293.88,28464
1748350800,"2025-05-27 13:00:00",3293.855,3305.035,3292.34,3295.345,39990
1748354400,"2025-05-27 14:00:00",3295.21,3303.395,3285.25,3299.91,41220
1748358000,"2025-05-27 15:00:00",3299.825,3303.15,3289.705,3293.66,24237
1748361600,"2025-05-27 16:00:00",3293.68,3298.86,3293.12,3297.915,12905
1748365200,"2025-05-27 17:00:00",3297.93,3304.425,3296.885,3301.345,12985
1748368800,"2025-05-27 18:00:00",3301.395,3304.01,3299.165,3303.125,8919
1748372400,"2025-05-27 19:00:00",3303.11,3308.005,3303.06,3304.45,11023
1748376000,"2025-05-27 20:00:00",3304.47,3305.23,3299.75,3300.75,4147
1748383200,"2025-05-27 22:00:00",3304.215,3305.86,3302.63,3303.275,5044
1748386800,"2025-05-27 23:00:00",3303.45,3311.025,3297.298,3309.56,8931
1748390400,"2025-05-28 00:00:00",3309.53,3315.885,3308.25,3308.605,9479
1748394000,"2025-05-28 01:00:00",3308.56,3310.96,3298.52,3301.88,18327
1748397600,"2025-05-28 02:00:00",3301.875,3313.99,3300.305,3302.57,19523
1748401200,"2025-05-28 03:00:00",3302.56,3304.155,3291.705,3297.91,17981
1748404800,"2025-05-28 04:00:00",3297.895,3299.23,3294.48,3296.47,9015
1748408400,"2025-05-28 05:00:00",3296.395,3310.405,3296.04,3307.275,15763
1748412000,"2025-05-28 06:00:00",3307.35,3308.79,3298.445,3308.4,19092
1748415600,"2025-05-28 07:00:00",3308.375,3322.5,3307.19,3319.275,24105
1748419200,"2025-05-28 08:00:00",3319.305,3323.895,3315.205,3321.705,20473
1748422800,"2025-05-28 09:00:00",3321.71,3325.695,3320.145,3324.2,9527
1748426400,"2025-05-28 10:00:00",3324.225,3324.755,3311.925,3313.41,12328
1748430000,"2025-05-28 11:00:00",3313.395,3315.27,3307.52,3311.26,15750
1748433600,"2025-05-28 12:00:00",3311.27,3314.685,3305.45,3312.415,21916
1748437200,"2025-05-28 13:00:00",3312.47,3316.505,3297.345,3305.315,44156
1748440800,"2025-05-28 14:00:00",3305.23,3309.17,3300.5,3302.71,32065
1748444400,"2025-05-28 15:00:00",3302.72,3302.87,3292.65,3296.12,26965
1748448000,"2025-05-28 16:00:00",3296.145,3299.235,3288.71,3293.54,17501
1748451600,"2025-05-28 17:00:00",3293.545,3299.16,3291.41,3296.855,13993
1748455200,"2025-05-28 18:00:00",3296.9,3303.075,3296.56,3302.275,17315
1748458800,"2025-05-28 19:00:00",3302.28,3303.14,3293.895,3297.065,20468
1748462400,"2025-05-28 20:00:00",3297.055,3297.445,3276.355,3288.725,7493
1748469600,"2025-05-28 22:00:00",3289.59,3295.24,3282.08,3286.58,9335
1748473200,"2025-05-28 23:00:00",3286.735,3287.915,3250.145,3259.975,34321
1748476800,"2025-05-29 00:00:00",3259.93,3269.28,3253.875,3265.05,37330
1748480400,"2025-05-29 01:00:00",3265.055,3265.91,3245.56,3263.675,42223
1748484000,"2025-05-29 02:00:00",3263.68,3275.555,3261.07,3270.195,25214
1748487600,"2025-05-29 03:00:00",3270.2,3280.22,3268.16,3274.6,20955
1748491200,"2025-05-29 04:00:00",3274.59,3275.505,3269.14,3269.16,12857
1748494800,"2025-05-29 05:00:00",3269.19,3272.805,3266.08,3272.625,16190
1748498400,"2025-05-29 06:00:00",3272.605,3276.51,3268.095,3271.775,18273
1748502000,"2025-05-29 07:00:00",3271.88,3287.49,3271.825,3286.485,19068
1748505600,"2025-05-29 08:00:00",3286.505,3289.43,3278.3,3281.785,15774
1748509200,"2025-05-29 09:00:00",3281.705,3283.27,3276.33,3282.2,11811
1748512800,"2025-05-29 10:00:00",3282.19,3300.95,3281.94,3296.755,18193
1748516400,"2025-05-29 11:00:00",3296.75,3305.57,3295.5,3299.825,19551
1748520000,"2025-05-29 12:00:00",3299.99,3317.605,3298.67,3316.525,38900
1748523600,"2025-05-29 13:00:00",3316.53,3322.2,3310.34,3312.615,48041
1748527200,"2025-05-29 14:00:00",3312.735,3319.565,3304.76,3310.365,37271
1748530800,"2025-05-29 15:00:00",3310.36,3322.095,3309.86,3321.795,23222
1748534400,"2025-05-29 16:00:00",3321.755,3331.47,3319.81,3322.285,24954
1748538000,"2025-05-29 17:00:00",3322.25,3324.565,3318.16,3324.33,19959
1748541600,"2025-05-29 18:00:00",3324.325,3325.95,3317.68,3321.36,17158
1748545200,"2025-05-29 19:00:00",3321.305,3321.565,3315.59,3316.65,15856
1748548800,"2025-05-29 20:00:00",3316.625,3318.48,3315.28,3317.615,3260
1748556000,"2025-05-29 22:00:00",3317.9,3318.04,3313.75,3314.44,5257
1748559600,"2025-05-29 23:00:00",3314.465,3317.385,3312.945,3315.575,6577
1748563200,"2025-05-30 00:00:00",3315.565,3318.95,3309.65,3312.565,13576
1748566800,"2025-05-30 01:00:00",3312.63,3322.925,3308.16,3310.025,23291
1748570400,"2025-05-30 02:00:00",3309.99,3312.265,3294.935,3297.445,23726
1748574000,"2025-05-30 03:00:00",3297.435,3302.445,3291.3,3294.535,14613
1748577600,"2025-05-30 04:00:00",3294.325,3296.67,3291.62,3296.325,8767
1748581200,"2025-05-30 05:00:00",3296.245,3305.165,3290.195,3303.85,14368
1748584800,"2025-05-30 06:00:00",3303.825,3304.365,3290.47,3301.865,20668
1748588400,"2025-05-30 07:00:00",3301.855,3301.855,3287.435,3295.09,18875
1748592000,"2025-05-30 08:00:00",3295.04,3299.305,3291.65,3295.855,15769
1748595600,"2025-05-30 09:00:00",3295.795,3299.355,3292.595,3295.635,11906
1748599200,"2025-05-30 10:00:00",3295.6,3300.675,3292.61,3295.375,9013
1748602800,"2025-05-30 11:00:00",3295.295,3297.38,3288.535,3294.04,13597
1748606400,"2025-05-30 12:00:00",3294.13,3306.925,3282.84,3304.075,45780
1748610000,"2025-05-30 13:00:00",3303.98,3308.38,3275.28,3276.775,43897
1748613600,"2025-05-30 14:00:00",3276.91,3287.405,3271.46,3282.8,46263
1748617200,"2025-05-30 15:00:00",3282.865,3292.85,3276.1,3288.705,33028
1748620800,"2025-05-30 16:00:00",3288.715,3295.88,3284.005,3293.365,22971
1748624400,"2025-05-30 17:00:00",3293.395,3294.87,3289.81,3291.03,15566
1748628000,"2025-05-30 18:00:00",3291.035,3295.16,3291.035,3293.925,14442
1748631600,"2025-05-30 19:00:00",3293.925,3295.235,3291.68,3295,11657
1748635200,"2025-05-30 20:00:00",3294.875,3295.915,3288.795,3289.7,4432
1748815200,"2025-06-01 22:00:00",3303.415,3315.135,3299.955,3313.11,9675
1748818800,"2025-06-01 23:00:00",3313.08,3316.745,3309.425,3310.22,6539
1748822400,"2025-06-02 00:00:00",3310.215,3315.065,3303.315,3311.455,17287
1748826000,"2025-06-02 01:00:00",3311.49,3313.93,3301.415,3303.66,19852
1748829600,"2025-06-02 02:00:00",3303.64,3311.63,3303.425,3307.38,13237
1748833200,"2025-06-02 03:00:00",3307.355,3309.04,3303.475,3308.8,11120
1748836800,"2025-06-02 04:00:00",3308.845,3318.295,3308.845,3313.96,11478
1748840400,"2025-06-02 05:00:00",3313.95,3325.82,3313.95,3323.775,12765
1748844000,"2025-06-02 06:00:00",3323.845,3345.545,3323.77,3344.515,22337
1748847600,"2025-06-02 07:00:00",3344.525,3359.1,3343.15,3352.595,29028
1748851200,"2025-06-02 08:00:00",3352.615,3356.485,3350.105,3352.105,16466
1748854800,"2025-06-02 09:00:00",3352.11,3352.56,3344.495,3348.4,16081
1748858400,"2025-06-02 10:00:00",3348.41,3351.545,3344.555,3348.7,17085
1748862000,"2025-06-02 11:00:00",3348.755,3360.255,3346.09,3356.39,24921
1748865600,"2025-06-02 12:00:00",3356.36,3363.63,3354.105,3355.49,30181
1748869200,"2025-06-02 13:00:00",3355.495,3376.275,3350.385,3371.035,48632
1748872800,"2025-06-02 14:00:00",3371.775,3379.065,3367.645,3376.06,47659
1748876400,"2025-06-02 15:00:00",3376.005,3378.83,3369.805,3374.27,27488
1748880000,"2025-06-02 16:00:00",3374.295,3379.435,3369.395,3371.81,21962
1748883600,"2025-06-02 17:00:00",3371.815,3376.04,3371.33,3374.455,17952
1748887200,"2025-06-02 18:00:00",3374.455,3380.195,3370.875,3379.295,14592
1748890800,"2025-06-02 19:00:00",3379.32,3382.5,3377.94,3381.595,20404
1748894400,"2025-06-02 20:00:00",3381.59,3382.96,3378.49,3381.87,5599
1748901600,"2025-06-02 22:00:00",3384.61,3391.47,3383.095,3389.97,8315
1748905200,"2025-06-02 23:00:00",3390.15,3392.305,3383.22,3387.55,8536
1748908800,"2025-06-03 00:00:00",3387.495,3388.8,3373.865,3375.84,18805
1748912400,"2025-06-03 01:00:00",3375.845,3376.19,3363.24,3372.8,35667
1748916000,"2025-06-03 02:00:00",3372.7,3378.07,3364.48,3368.84,23186
1748919600,"2025-06-03 03:00:00",3368.835,3369.675,3359.755,3361.18,17044
1748923200,"2025-06-03 04:00:00",3361.175,3365.215,3359.325,3362.8,11499
1748926800,"2025-06-03 05:00:00",3362.835,3367.925,3356.355,3365,16623
1748930400,"2025-06-03 06:00:00",3365.12,3367.425,3351.11,3358.92,23401
1748934000,"2025-06-03 07:00:00",3358.93,3361.385,3352.585,3359.7,21850
1748937600,"2025-06-03 08:00:00",3359.685,3364.92,3359.685,3361.215,17286
1748941200,"2025-06-03 09:00:00",3361.195,3362.805,3355.085,3356.95,13654
1748944800,"2025-06-03 10:00:00",3356.975,3358.72,3355.055,3355.62,14029
1748948400,"2025-06-03 11:00:00",3355.63,3360.545,3353.43,3359.35,12512
1748952000,"2025-06-03 12:00:00",3359.385,3363.23,3349.065,3359.41,28247
1748955600,"2025-06-03 13:00:00",3359.415,3363.25,3341.04,3346.015,39420
1748959200,"2025-06-03 14:00:00",3346.375,3350.265,3333.17,3346.56,43307
1748962800,"2025-06-03 15:00:00",3346.55,3351.625,3344.17,3350.425,23448
1748966400,"2025-06-03 16:00:00",3350.45,3353.63,3344.65,3348.495,17915
1748970000,"2025-06-03 17:00:00",3348.52,3354.62,3347.36,3353.275,14057
1748973600,"2025-06-03 18:00:00",3353.27,3353.915,3350.555,3353.64,10476
1748977200,"2025-06-03 19:00:00",3353.66,3355.55,3351.325,3352.68,9426
1748980800,"2025-06-03 20:00:00",3352.65,3355.36,3352.545,3353.385,2802
1748988000,"2025-06-03 22:00:00",3356.735,3358.64,3355.795,3357.18,3076
1748991600,"2025-06-03 23:00:00",3357.285,3361.71,3355.325,3360.06,5675
1748995200,"2025-06-04 00:00:00",3360.065,3360.19,3349.87,3350.215,18462
1748998800,"2025-06-04 01:00:00",3350.21,3372.475,3346.53,3370.925,26439
1749002400,"2025-06-04 02:00:00",3370.895,3372.715,3362.88,3365.515,14613
1749006000,"2025-06-04 03:00:00",3365.63,3367.54,3358.405,3359.27,10705
1749009600,"2025-06-04 04:00:00",3359.275,3361.555,3352.485,3354.955,13395
1749013200,"2025-06-04 05:00:00",3354.95,3356.57,3348.11,3351.08,18154
1749016800,"2025-06-04 06:00:00",3351.175,3358.505,3349.12,3355.77,19769
1749020400,"2025-06-04 07:00:00",3355.86,3365.32,3353.62,3354.725,16403
1749024000,"2025-06-04 08:00:00",3354.66,3364.295,3351.765,3362.825,16393
1749027600,"2025-06-04 09:00:00",3362.885,3365.025,3359.42,3363.025,13451
1749031200,"2025-06-04 10:00:00",3362.915,3364.045,3347.39,3350.995,19020
1749034800,"2025-06-04 11:00:00",3350.965,3352.095,3343.815,3346.66,17856
1749038400,"2025-06-04 12:00:00",3346.655,3361.005,3344.425,3358.99,38198
1749042000,"2025-06-04 13:00:00",3358.985,3362.875,3350.92,3352.74,34944
1749045600,"2025-06-04 14:00:00",3352.67,3384.76,3351.07,3377.495,46821
1749049200,"2025-06-04 15:00:00",3377.44,3379.075,3369.79,3371.855,28922
1749052800,"2025-06-04 16:00:00",3371.88,3376.38,3370.905,3375.115,16146
1749056400,"2025-06-04 17:00:00",3375.035,3380.945,3373.065,3379.25,15898
1749060000,"2025-06-04 18:00:00",3379.3,3382.22,3375.065,3376.25,11721
1749063600,"2025-06-04 19:00:00",3376.245,3376.34,3372.01,3373.6,11082
1749067200,"2025-06-04 20:00:00",3373.55,3375.125,3370.675,3372.45,4808
1749074400,"2025-06-04 22:00:00",3374.615,3376.125,3372.47,3373.655,3269
1749078000,"2025-06-04 23:00:00",3373.67,3379.125,3372.55,3378.2,5387
1749081600,"2025-06-05 00:00:00",3378.21,3381.9,3372.37,3380.335,15615
1749085200,"2025-06-05 01:00:00",3380.285,3384.285,3370.7,3373.875,22301
1749088800,"2025-06-05 02:00:00",3373.885,3375.315,3368.275,3370.93,14307
1749092400,"2025-06-05 03:00:00",3370.92,3377.485,3369.405,3369.785,12225
1749096000,"2025-06-05 04:00:00",3369.775,3372.565,3363.97,3368.56,14219
1749099600,"2025-06-05 05:00:00",3368.565,3369.835,3361.22,3364.425,15767
1749103200,"2025-06-05 06:00:00",3364.435,3370.135,3363.89,3366.035,16142
1749106800,"2025-06-05 07:00:00",3366.05,3374.49,3365.33,3371.335,15677
1749110400,"2025-06-05 08:00:00",3371.38,3377.05,3369.785,3375.29,13403
1749114000,"2025-06-05 09:00:00",3375.295,3391.44,3374.11,3389.54,31913
1749117600,"2025-06-05 10:00:00",3389.535,3400.575,3388.255,3400.025,24084
1749121200,"2025-06-05 11:00:00",3400.05,3403.625,3391.655,3392.275,27598
1749124800,"2025-06-05 12:00:00",3392.415,3400.215,3377.71,3383.15,45102
1749128400,"2025-06-05 13:00:00",3383.155,3388.6,3371.26,3378.235,70325
1749132000,"2025-06-05 14:00:00",3378.22,3383.365,3363.895,3367.68,65233
1749135600,"2025-06-05 15:00:00",3367.72,3373.06,3339.35,3344.825,54885
1749139200,"2025-06-05 16:00:00",3344.83,3356.555,3339.885,3354.165,36337
1749142800,"2025-06-05 17:00:00",3354.16,3354.86,3349.01,3354.03,19611
1749146400,"2025-06-05 18:00:00",3354.01,3356.2,3350.505,3353.615,15456
1749150000,"2025-06-05 19:00:00",3353.625,3361.44,3352.84,3356.77,23134
1749153600,"2025-06-05 20:00:00",3356.755,3357.78,3352.07,3352.73,4573
1749160800,"2025-06-05 22:00:00",3356.29,3363.595,3354.315,3359.14,9771
1749164400,"2025-06-05 23:00:00",3359.115,3362.715,3357.36,3361.95,5749
1749168000,"2025-06-06 00:00:00",3361.905,3364.155,3357.45,3359.495,14074
1749171600,"2025-06-06 01:00:00",3359.51,3368.65,3356.13,3363.915,25912
1749175200,"2025-06-06 02:00:00",3363.98,3366.645,3362.145,3364.015,17024
1749178800,"2025-06-06 03:00:00",3364.055,3371.97,3359.465,3369.775,13346
1749182400,"2025-06-06 04:00:00",3369.795,3374.665,3369.12,3373.77,11911
1749186000,"2025-06-06 05:00:00",3373.7,3375.705,3362.275,3366.085,18757
1749189600,"2025-06-06 06:00:00",3366.1,3367.08,3356.105,3360.8,26580
1749193200,"2025-06-06 07:00:00",3360.795,3362.385,3352.785,3359.56,22060
1749196800,"2025-06-06 08:00:00",3359.695,3367.77,3358.48,3365.325,14318
1749200400,"2025-06-06 09:00:00",3365.415,3365.455,3352.9,3356.845,14886
1749204000,"2025-06-06 10:00:00",3356.85,3361,3355.875,3360.635,13026
1749207600,"2025-06-06 11:00:00",3360.67,3364.445,3358.22,3358.4,14854
1749211200,"2025-06-06 12:00:00",3358.495,3364.33,3343.56,3353.295,56695
1749214800,"2025-06-06 13:00:00",3353.295,3361.125,3342.435,3343.365,69507
1749218400,"2025-06-06 14:00:00",3343.385,3345.21,3316.42,3326.28,67558
1749222000,"2025-06-06 15:00:00",3326.25,3336.88,3323.36,3332.25,37529
1749225600,"2025-06-06 16:00:00",3332.255,3332.825,3320.94,3322.805,20933
1749229200,"2025-06-06 17:00:00",3322.825,3326.885,3321.385,3323.69,16164
1749232800,"2025-06-06 18:00:00",3323.775,3324.11,3313.77,3317.575,15877
1749236400,"2025-06-06 19:00:00",3317.58,3319.05,3311.415,3312.495,13730
1749240000,"2025-06-06 20:00:00",3312.49,3312.93,3307.195,3309.98,6190
1749420000,"2025-06-08 22:00:00",3317.785,3321.27,3309.22,3314.97,7684
1749423600,"2025-06-08 23:00:00",3314.885,3318.645,3313.475,3318.15,6903
1749427200,"2025-06-09 00:00:00",3318.15,3318.735,3298.255,3305.475,25626
1749430800,"2025-06-09 01:00:00",3305.48,3309.575,3294.99,3296.245,28424
1749434400,"2025-06-09 02:00:00",3296.28,3307.655,3293.5,3305.545,22665
1749438000,"2025-06-09 03:00:00",3305.54,3312.025,3304.26,3310.875,16603
1749441600,"2025-06-09 04:00:00",3310.915,3313.56,3309.29,3311.795,8906
1749445200,"2025-06-09 05:00:00",3311.8,3316.655,3309.695,3314.72,16504
1749448800,"2025-06-09 06:00:00",3314.76,3325.01,3312.57,3324.465,19843
1749452400,"2025-06-09 07:00:00",3324.44,3328.515,3321.58,3324.25,19350
1749456000,"2025-06-09 08:00:00",3324.365,3325.72,3319.88,3319.98,15825
1749459600,"2025-06-09 09:00:00",3319.97,3323.585,3316.89,3318.73,14222
1749463200,"2025-06-09 10:00:00",3318.76,3319.825,3312.19,3314.72,11044
1749466800,"2025-06-09 11:00:00",3314.725,3321.4,3313.725,3317.575,16923
1749470400,"2025-06-09 12:00:00",3317.58,3322.525,3313.095,3320.095,22762
1749474000,"2025-06-09 13:00:00",3320.135,3321.76,3310.795,3319.425,39805
1749477600,"2025-06-09 14:00:00",3319.355,3326.9,3316.135,3320.895,31162
1749481200,"2025-06-09 15:00:00",3320.91,3332.185,3320.41,3328.685,19229
1749484800,"2025-06-09 16:00:00",3328.68,3337.96,3327.55,3337.775,15533
1749488400,"2025-06-09 17:00:00",3337.9,3338.295,3332.885,3333.675,13586
1749492000,"2025-06-09 18:00:00",3333.67,3337.145,3332.8,3333.225,9947
1749495600,"2025-06-09 19:00:00",3333.21,3335.525,3325.93,3327.27,13251
1749499200,"2025-06-09 20:00:00",3327.305,3329.6,3325.005,3325.675,3924
1749506400,"2025-06-09 22:00:00",3324.31,3326.99,3321.655,3323.71,6906
1749510000,"2025-06-09 23:00:00",3323.74,3327.98,3323.74,3326.865,5426
1749513600,"2025-06-10 00:00:00",3326.875,3326.935,3314.685,3316.725,23727
1749517200,"2025-06-10 01:00:00",3316.74,3320.03,3302.995,3306.325,35270
1749520800,"2025-06-10 02:00:00",3306.305,3310.365,3302.015,3309.35,23434
1749524400,"2025-06-10 03:00:00",3309.345,3310.555,3305.23,3307.625,13299
1749528000,"2025-06-10 04:00:00",3307.635,3308.825,3302.915,3307.385,10625
1749531600,"2025-06-10 05:00:00",3307.395,3319.26,3306.805,3317.815,26647
1749535200,"2025-06-10 06:00:00",3317.83,3331.365,3315.615,3325.52,25808
1749538800,"2025-06-10 07:00:00",3325.445,3332.255,3324.12,3330.22,22326
1749542400,"2025-06-10 08:00:00",3330.225,3334.96,3326.26,3329.465,19254
1749546000,"2025-06-10 09:00:00",3329.45,3331.92,3327.09,3329.82,13329
1749549600,"2025-06-10 10:00:00",3329.835,3336.33,3328.45,3335.455,13068
1749553200,"2025-06-10 11:00:00",3335.41,3342.54,3332.3,3333.825,19920
1749556800,"2025-06-10 12:00:00",3333.845,3340.405,3328.3,3337.205,24880
1749560400,"2025-06-10 13:00:00",3337.235,3349.28,3335.555,3343.665,34510
1749564000,"2025-06-10 14:00:00",3343.65,3343.76,3325.56,3328.55,38562
1749567600,"2025-06-10 15:00:00",3328.57,3329.31,3323.295,3326.76,26507
1749571200,"2025-06-10 16:00:00",3326.71,3327.76,3320.075,3321.395,18428
1749574800,"2025-06-10 17:00:00",3321.4,3325.955,3320.5,3324.85,13130
1749578400,"2025-06-10 18:00:00",3324.865,3325.41,3319.535,3321.695,14648
1749582000,"2025-06-10 19:00:00",3321.715,3334.665,3321.56,3328.81,15724
1749585600,"2025-06-10 20:00:00",3328.855,3329.065,3322.5,3322.61,6950
1749592800,"2025-06-10 22:00:00",3322.375,3327.505,3320.825,3324.59,5973
1749596400,"2025-06-10 23:00:00",3324.595,3328.23,3315.59,3328.005,12307
1749600000,"2025-06-11 00:00:00",3328.01,3335.255,3325.09,3332.475,18398
1749603600,"2025-06-11 01:00:00",3332.455,3337.575,3327.68,3328.575,19415
1749607200,"2025-06-11 02:00:00",3328.575,3339.73,3327.2,3338.295,14255
1749610800,"2025-06-11 03:00:00",3338.285,3341.865,3336.485,3339.465,10082
1749614400,"2025-06-11 04:00:00",3339.395,3343,3336.965,3341.85,9047
1749618000,"2025-06-11 05:00:00",3341.795,3343.21,3335.605,3339.825,13650
1749621600,"2025-06-11 06:00:00",3339.79,3340.31,3332.555,3337.36,17735
1749625200,"2025-06-11 07:00:00",3337.375,3348.57,3335.24,3345.785,15512
1749628800,"2025-06-11 08:00:00",3345.69,3346.825,3342.63,3344.59,12416
1749632400,"2025-06-11 09:00:00",3344.525,3344.7,3331.425,3333.865,19686
1749636000,"2025-06-11 10:00:00",3333.86,3336.875,3328.265,3329.94,14340
1749639600,"2025-06-11 11:00:00",3329.975,3335.285,3326.175,3333.185,17045
1749643200,"2025-06-11 12:00:00",3333.22,3360.79,3327.29,3336.835,49412
1749646800,"2025-06-11 13:00:00",3336.94,3344.77,3327.95,3330,54323
1749650400,"2025-06-11 14:00:00",3329.98,3341.31,3328.575,3337.635,37324
1749654000,"2025-06-11 15:00:00",3337.715,3342.93,3329.655,3333.22,22725
1749657600,"2025-06-11 16:00:00",3333.265,3334.57,3328.185,3330.39,16495
1749661200,"2025-06-11 17:00:00",3330.41,3331.435,3319.38,3324.365,21476
1749664800,"2025-06-11 18:00:00",3324.37,3347.38,3323.9,3343.925,28737
1749668400,"2025-06-11 19:00:00",3343.93,3349.39,3342.385,3346.835,15825
1749672000,"2025-06-11 20:00:00",3346.86,3355.61,3346.685,3355.25,5993
1749679200,"2025-06-11 22:00:00",3357.905,3369.875,3356.3,3369.025,9527
1749682800,"2025-06-11 23:00:00",3369.01,3373.645,3357.625,3365.535,17252
1749686400,"2025-06-12 00:00:00",3365.505,3371.26,3362.26,3366.035,26877
1749690000,"2025-06-12 01:00:00",3366.03,3376.935,3362.57,3371.08,31735
1749693600,"2025-06-12 02:00:00",3371.055,3377.895,3368.97,3374.685,22536
1749697200,"2025-06-12 03:00:00",3374.66,3376.685,3371.655,3373.5,16319
1749700800,"2025-06-12 04:00:00",3373.52,3373.885,3369.505,3370.47,8933
1749704400,"2025-06-12 05:00:00",3370.47,3375.86,3367.8,3374.535,13130
1749708000,"2025-06-12 06:00:00",3374.61,3375.685,3365.29,3375.04,20642
1749711600,"2025-06-12 07:00:00",3374.985,3375.32,3338.59,3346.305,31480
1749715200,"2025-06-12 08:00:00",3346.475,3361.205,3346.42,3356.885,28664
1749718800,"2025-06-12 09:00:00",3356.88,3368.105,3355.545,3365.45,18403
1749722400,"2025-06-12 10:00:00",3365.475,3385.96,3362.6,3382.66,25213
1749726000,"2025-06-12 11:00:00",3382.665,3388.68,3373.255,3379.305,26122
1749729600,"2025-06-12 12:00:00",3379.3,3390.54,3376.455,3388.325,34712
1749733200,"2025-06-12 13:00:00",3388.33,3399.05,3379.255,3392.065,50783
1749736800,"2025-06-12 14:00:00",3392.08,3393.29,3382.985,3383.865,43169
1749740400,"2025-06-12 15:00:00",3383.875,3390.38,3377.885,3385.87,33974
1749744000,"2025-06-12 16:00:00",3385.92,3391.43,3381.025,3383.83,21755
1749747600,"2025-06-12 17:00:00",3383.825,3385.05,3378.165,3382.635,18554
1749751200,"2025-06-12 18:00:00",3382.685,3386.42,3381.925,3385.995,17185
1749754800,"2025-06-12 19:00:00",3385.81,3389.505,3384.8,3388.275,12161
1749758400,"2025-06-12 20:00:00",3388.27,3389.03,3384.84,3386.58,3900
1749765600,"2025-06-12 22:00:00",3383.865,3385.03,3379.535,3383.57,4729
1749769200,"2025-06-12 23:00:00",3383.525,3396.345,3382.655,3395.875,8681
1749772800,"2025-06-13 00:00:00",3395.855,3420.095,3391.835,3415.35,62577
1749776400,"2025-06-13 01:00:00",3415.255,3433.47,3414.04,3427.625,42588
1749780000,"2025-06-13 02:00:00",3427.58,3444.325,3424.92,3441.44,30946
1749783600,"2025-06-13 03:00:00",3441.415,3444.495,3423.855,3425.64,28438
1749787200,"2025-06-13 04:00:00",3425.615,3430.385,3422.915,3425.33,14990
1749790800,"2025-06-13 05:00:00",3425.365,3428.92,3418.05,3426.255,19164
1749794400,"2025-06-13 06:00:00",3426.22,3428.67,3408.5,3416.455,27780
1749798000,"2025-06-13 07:00:00",3416.41,3419.105,3407.925,3415,22790
1749801600,"2025-06-13 08:00:00",3414.925,3426.22,3414.365,3424.365,16203
1749805200,"2025-06-13 09:00:00",3424.42,3427.375,3420.16,3424.41,19065
1749808800,"2025-06-13 10:00:00",3424.365,3427.855,3411.6,3415.985,22310
1749812400,"2025-06-13 11:00:00",3415.98,3423.165,3412.635,3422.24,20945
1749816000,"2025-06-13 12:00:00",3422.34,3438.26,3421.765,3436.51,23884
1749819600,"2025-06-13 13:00:00",3436.495,3446.88,3433.945,3437.1,47196
1749823200,"2025-06-13 14:00:00",3437.08,3439.97,3423.775,3428.035,47585
1749826800,"2025-06-13 15:00:00",3428,3430.61,3420.93,3426.305,30368
1749830400,"2025-06-13 16:00:00",3426.3,3431.1,3419.215,3430.15,17501
1749834000,"2025-06-13 17:00:00",3430.31,3433.56,3427.415,3430.45,17235
1749837600,"2025-06-13 18:00:00",3430.49,3439.6,3428.71,3436.61,20685
1749841200,"2025-06-13 19:00:00",3436.635,3438.245,3431.75,3432.425,17156
1749844800,"2025-06-13 20:00:00",3432.415,3434.925,3429.025,3432.835,8388
1750024800,"2025-06-15 22:00:00",3440.48,3451.525,3438.6,3448.49,15400
1750028400,"2025-06-15 23:00:00",3448.36,3450.26,3439.6,3444.225,13993
1750032000,"2025-06-16 00:00:00",3444.22,3451.375,3434.245,3436.43,22581
1750035600,"2025-06-16 01:00:00",3436.48,3443.24,3433.255,3441.635,24453
1750039200,"2025-06-16 02:00:00",3441.645,3446.51,3438.005,3438.52,19783
1750042800,"2025-06-16 03:00:00",3438.465,3439.765,3429.35,3431.565,16219
1750046400,"2025-06-16 04:00:00",3431.655,3433.325,3426.915,3427.7,11157
1750050000,"2025-06-16 05:00:00",3427.695,3430.58,3417.77,3421.72,23769
1750053600,"2025-06-16 06:00:00",3421.65,3421.65,3413.08,3418.38,27048
1750057200,"2025-06-16 07:00:00",3418.28,3419.91,3409.58,3412.68,19903
1750060800,"2025-06-16 08:00:00",3412.75,3418.66,3409.77,3414.06,15901
1750064400,"2025-06-16 09:00:00",3414.045,3419.58,3411.93,3412.08,14033
1750068000,"2025-06-16 10:00:00",3412.18,3421.425,3410.795,3421.085,13612
1750071600,"2025-06-16 11:00:00",3421.135,3422.785,3410.815,3415.015,16375
1750075200,"2025-06-16 12:00:00",3415.095,3417.895,3411.125,3415.625,20998
1750078800,"2025-06-16 13:00:00",3415.615,3418.11,3382.54,3388.34,48120
1750082400,"2025-06-16 14:00:00",3388.26,3399.635,3387.57,3396.985,44731
1750086000,"2025-06-16 15:00:00",3397.1,3405.925,3397.07,3404.625,24400
1750089600,"2025-06-16 16:00:00",3404.595,3405.105,3397.28,3399.49,14742
1750093200,"2025-06-16 17:00:00",3399.505,3400.37,3391.175,3392.7,14246
1750096800,"2025-06-16 18:00:00",3392.735,3394.185,3384.12,3385.34,11810
1750100400,"2025-06-16 19:00:00",3385.505,3388.57,3382.91,3384.1,16770
1750104000,"2025-06-16 20:00:00",3384.05,3386.09,3383.37,3385.22,3814
1750111200,"2025-06-16 22:00:00",3388.445,3398.625,3386.735,3395.525,8515
1750114800,"2025-06-16 23:00:00",3395.48,3402.955,3392.94,3402.9,13983
1750118400,"2025-06-17 00:00:00",3402.9,3403.43,3391.515,3394.315,19008
1750122000,"2025-06-17 01:00:00",3394.325,3402.57,3393.315,3393.725,17994
1750125600,"2025-06-17 02:00:00",3393.715,3400.47,3388.55,3390.13,16210
1750129200,"2025-06-17 03:00:00",3390.105,3392.7,3373.67,3387.73,23035
1750132800,"2025-06-17 04:00:00",3387.705,3396.365,3387.155,3394.105,10511
1750136400,"2025-06-17 05:00:00",3394.055,3395.55,3390.735,3392.64,14419
1750140000,"2025-06-17 06:00:00",3392.625,3392.625,3381.055,3385.5,19303
1750143600,"2025-06-17 07:00:00",3385.445,3391.975,3383.21,3387.845,14707
1750147200,"2025-06-17 08:00:00",3387.87,3388.7,3377.85,3378.945,14875
1750150800,"2025-06-17 09:00:00",3378.92,3385.97,3375.785,3385.695,19298
1750154400,"2025-06-17 10:00:00",3385.73,3398.8,3385.425,3398.225,19113
1750158000,"2025-06-17 11:00:00",3398.26,3400.2,3388.305,3388.65,19368
1750161600,"2025-06-17 12:00:00",3388.665,3391.665,3383.565,3386.775,28078
1750165200,"2025-06-17 13:00:00",3386.795,3397.57,3385.95,3390.68,38796
1750168800,"2025-06-17 14:00:00",3390.665,3392.21,3366.115,3385.165,47931
1750172400,"2025-06-17 15:00:00",3385.175,3388.49,3372.555,3379.315,25545
1750176000,"2025-06-17 16:00:00",3379.365,3385.975,3376.725,3382.965,19159
1750179600,"2025-06-17 17:00:00",3382.985,3391.305,3381.365,3390.395,19619
1750183200,"2025-06-17 18:00:00",3390.485,3392.6,3382.42,3382.895,18836
1750186800,"2025-06-17 19:00:00",3382.905,3386.57,3382.465,3385.815,14233
1750190400,"2025-06-17 20:00:00",3385.8,3390.455,3383.655,3388.455,4792
1750197600,"2025-06-17 22:00:00",3395.865,3395.975,3388.885,3388.885,5626
1750201200,"2025-06-17 23:00:00",3389.155,3390.545,3385.145,3387.43,5849
1750204800,"2025-06-18 00:00:00",3387.425,3388.965,3383.065,3385.8,13670
1750208400,"2025-06-18 01:00:00",3385.795,3388.785,3378.815,3379.06,15740
1750212000,"2025-06-18 02:00:00",3379.015,3379.795,3370.645,3379.49,15361
1750215600,"2025-06-18 03:00:00",3379.44,3391.595,3379.335,3391.115,13428
1750219200,"2025-06-18 04:00:00",3391.045,3400.11,3389.475,3395.125,12474
1750222800,"2025-06-18 05:00:00",3395.175,3395.67,3384.32,3386.53,17078
1750226400,"2025-06-18 06:00:00",3386.58,3386.97,3379.505,3382.515,18369
1750230000,"2025-06-18 07:00:00",3382.525,3386.215,3377.18,3385.995,15591
1750233600,"2025-06-18 08:00:00",3385.945,3388.515,3382.6,3383.635,11683
1750237200,"2025-06-18 09:00:00",3383.585,3385.655,3375.575,3378.275,11115
1750240800,"2025-06-18 10:00:00",3378.29,3382.61,3375.8,3380.3,13916
1750244400,"2025-06-18 11:00:00",3380.3,3387.065,3379.005,3382.185,16439
1750248000,"2025-06-18 12:00:00",3382.125,3389.95,3381.745,3386.635,21728
1750251600,"2025-06-18 13:00:00",3386.675,3396.945,3385.71,3392.325,26283
1750255200,"2025-06-18 14:00:00",3392.315,3392.495,3373.825,3386.79,46482
1750258800,"2025-06-18 15:00:00",3386.785,3392.945,3381.24,3392.825,18943
1750262400,"2025-06-18 16:00:00",3392.855,3394.85,3390.05,3391.06,14129
1750266000,"2025-06-18 17:00:00",3391.065,3391.28,3384.41,3385.495,11303
1750269600,"2025-06-18 18:00:00",3385.5,3395.925,3378.475,3379.3,40350
1750273200,"2025-06-18 19:00:00",3379.315,3379.38,3363.005,3366.93,38191
1750276800,"2025-06-18 20:00:00",3366.825,3369.69,3362.605,3369.3,9442
1750284000,"2025-06-18 22:00:00",3371.415,3379.935,3370.61,3375.235,6816
1750287600,"2025-06-18 23:00:00",3375.26,3377.16,3370.815,3375.13,7871
1750291200,"2025-06-19 00:00:00",3375.22,3383.43,3374.82,3379.6,13327
1750294800,"2025-06-19 01:00:00",3379.535,3388.175,3374.61,3374.885,25629
1750298400,"2025-06-19 02:00:00",3374.88,3379.59,3374.18,3376.83,11030
1750302000,"2025-06-19 03:00:00",3376.835,3377.39,3369.74,3373.69,11175
1750305600,"2025-06-19 04:00:00",3373.705,3375.26,3372.125,3374.685,6447
1750309200,"2025-06-19 05:00:00",3374.66,3375.455,3360.295,3364.61,16618
1750312800,"2025-06-19 06:00:00",3364.605,3364.825,3347.53,3357.455,39420
1750316400,"2025-06-19 07:00:00",3357.46,3369.225,3350.79,3366.07,25757
1750320000,"2025-06-19 08:00:00",3366.06,3371.775,3362.34,3368.745,17488
1750323600,"2025-06-19 09:00:00",3368.685,3373.84,3363.66,3370.35,15415
1750327200,"2025-06-19 10:00:00",3370.375,3379.18,3369.145,3375.14,13718
1750330800,"2025-06-19 11:00:00",3375.13,3375.58,3370.455,3372.06,14162
1750334400,"2025-06-19 12:00:00",3372.065,3372.66,3363.84,3368.005,16463
1750338000,"2025-06-19 13:00:00",3368.055,3373.005,3361.525,3369.635,22012
1750341600,"2025-06-19 14:00:00",3369.63,3371.11,3361.695,3364.765,20006
1750345200,"2025-06-19 15:00:00",3364.755,3372.245,3362.215,3369.29,17428
1750348800,"2025-06-19 16:00:00",3369.24,3371.78,3366.11,3371.19,10174
1750352400,"2025-06-19 17:00:00",3371.075,3375.625,3365.93,3368.38,10247
1750356000,"2025-06-19 18:00:00",3368.3,3371.535,3366.68,3370.38,2731
1750370400,"2025-06-19 22:00:00",3369.735,3370.525,3362.1,3365.815,7445
1750374000,"2025-06-19 23:00:00",3365.785,3370.565,3363.71,3368.88,9427
1750377600,"2025-06-20 00:00:00",3368.87,3370.475,3364.69,3368.23,12618
1750381200,"2025-06-20 01:00:00",3368.245,3368.38,3356.15,3356.54,20053
1750384800,"2025-06-20 02:00:00",3356.545,3360.69,3351.64,3352.525,20867
1750388400,"2025-06-20 03:00:00",3352.575,3356.465,3344.675,3355.62,20567
1750392000,"2025-06-20 04:00:00",3355.615,3357.82,3352.555,3354.245,7273
1750395600,"2025-06-20 05:00:00",3354.25,3355.27,3342.725,3344.79,16773
1750399200,"2025-06-20 06:00:00",3344.845,3348.835,3340.415,3345.32,20766
1750402800,"2025-06-20 07:00:00",3345.26,3355.43,3343.44,3347.725,16950
1750406400,"2025-06-20 08:00:00",3347.625,3352.595,3346.805,3351.15,12801
1750410000,"2025-06-20 09:00:00",3351.14,3359.27,3349.31,3355.32,12930
1750413600,"2025-06-20 10:00:00",3355.395,3358,3355.035,3355.49,8831
1750417200,"2025-06-20 11:00:00",3355.495,3356.095,3346.39,3347.16,16290
1750420800,"2025-06-20 12:00:00",3347.21,3350.825,3341.9,3344.555,23373
1750424400,"2025-06-20 13:00:00",3344.535,3373.875,3343.115,3370.365,36763
1750428000,"2025-06-20 14:00:00",3370.335,3374.63,3365.285,3369.33,31378
1750431600,"2025-06-20 15:00:00",3369.34,3371.895,3365.865,3369.905,15743
1750435200,"2025-06-20 16:00:00",3369.915,3373.47,3367.885,3371.51,11821
1750438800,"2025-06-20 17:00:00",3371.525,3371.79,3366.635,3367.46,10951
1750442400,"2025-06-20 18:00:00",3367.525,3368.025,3364.685,3366.685,8045
1750446000,"2025-06-20 19:00:00",3366.71,3370.805,3364.92,3365.65,8501
1750449600,"2025-06-20 20:00:00",3365.645,3369.5,3364.73,3368.75,4939
1750629600,"2025-06-22 22:00:00",3383.825,3389.22,3372.19,3379.265,17042
1750633200,"2025-06-22 23:00:00",3379.175,3380.7,3371.315,3372.82,14389
1750636800,"2025-06-23 00:00:00",3372.82,3373.615,3358.32,3365.77,25397
1750640400,"2025-06-23 01:00:00",3365.765,3368.18,3351.935,3355.325,32983
1750644000,"2025-06-23 02:00:00",3355.33,3364.965,3354.825,3361.59,16783
1750647600,"2025-06-23 03:00:00",3361.525,3366.445,3360.45,3363.46,15113
1750651200,"2025-06-23 04:00:00",3363.48,3365.095,3356.905,3358.545,8932
1750654800,"2025-06-23 05:00:00",3358.59,3360.685,3347.035,3356.85,20471
1750658400,"2025-06-23 06:00:00",3356.955,3359.98,3352.75,3357.705,18359
1750662000,"2025-06-23 07:00:00",3357.7,3358.84,3351.695,3357.66,17479
1750665600,"2025-06-23 08:00:00",3357.73,3362.445,3357.73,3361.94,17084
1750669200,"2025-06-23 09:00:00",3361.93,3369.145,3361.69,3366.65,18947
1750672800,"2025-06-23 10:00:00",3366.66,3368.35,3364.055,3367.865,12888
1750676400,"2025-06-23 11:00:00",3367.875,3382.15,3367.875,3380.785,24814
1750680000,"2025-06-23 12:00:00",3380.755,3381.18,3355.935,3360.485,28157
1750683600,"2025-06-23 13:00:00",3360.48,3387.895,3359.835,3380.775,39287
1750687200,"2025-06-23 14:00:00",3380.655,3386.825,3369.88,3386.49,41145
1750690800,"2025-06-23 15:00:00",3386.495,3389.905,3384.625,3387.265,22814
1750694400,"2025-06-23 16:00:00",3387.285,3393.64,3380.405,3389.92,28842
1750698000,"2025-06-23 17:00:00",3389.835,3391.75,3375.615,3382.545,28370
1750701600,"2025-06-23 18:00:00",3382.565,3388.145,3376.865,3378.66,19004
1750705200,"2025-06-23 19:00:00",3378.665,3382.205,3375.665,3376.285,16610
1750708800,"2025-06-23 20:00:00",3376.23,3377.41,3367.325,3369.2,6775
1750716000,"2025-06-23 22:00:00",3358.435,3363.9,3350.45,3355.54,12272
1750719600,"2025-06-23 23:00:00",3355.59,3357.5,3341.52,3344.49,21502
1750723200,"2025-06-24 00:00:00",3344.485,3355.335,3333.28,3351.18,30974
1750726800,"2025-06-24 01:00:00",3351.205,3354.55,3342.245,3347.77,32981
1750730400,"2025-06-24 02:00:00",3347.72,3352.96,3346.06,3352.035,16235
1750734000,"2025-06-24 03:00:00",3351.955,3357.955,3351.66,3352.49,12482
1750737600,"2025-06-24 04:00:00",3352.505,3353.52,3347.105,3348.655,10610
1750741200,"2025-06-24 05:00:00",3348.65,3348.865,3326.72,3332.12,26580
1750744800,"2025-06-24 06:00:00",3332.205,3333.255,3316.075,3322.95,36861
1750748400,"2025-06-24 07:00:00",3322.945,3331.86,3316.63,3329.705,31047
1750752000,"2025-06-24 08:00:00",3329.775,3332.375,3324.695,3327.435,21799
1750755600,"2025-06-24 09:00:00",3327.36,3328.875,3317.98,3318.59,19580
1750759200,"2025-06-24 10:00:00",3318.585,3327.735,3318.555,3325.61,13066
1750762800,"2025-06-24 11:00:00",3325.57,3329.035,3317.965,3321.25,17198
1750766400,"2025-06-24 12:00:00",3321.145,3321.145,3304.48,3314.825,33690
1750770000,"2025-06-24 13:00:00",3314.77,3317.96,3295.315,3302.12,47191
1750773600,"2025-06-24 14:00:00",3302.135,3310.41,3298.645,3304.515,41741
1750777200,"2025-06-24 15:00:00",3304.51,3317.115,3299.845,3313.34,29573
1750780800,"2025-06-24 16:00:00",3313.35,3320.495,3311.385,3318.485,16693
1750784400,"2025-06-24 17:00:00",3318.565,3321.295,3317.985,3318.075,14984
1750788000,"2025-06-24 18:00:00",3318.025,3319.12,3315.73,3317.285,13138
1750791600,"2025-06-24 19:00:00",3317.23,3325.38,3316.09,3323.655,15180
1750795200,"2025-06-24 20:00:00",3323.63,3324.6,3321.805,3323.45,4668
1750802400,"2025-06-24 22:00:00",3322.825,3323.63,3320.97,3321.67,3136
1750806000,"2025-06-24 23:00:00",3321.695,3324.995,3321.695,3324.205,3470
1750809600,"2025-06-25 00:00:00",3324.21,3330.095,3323.71,3326.99,11211
1750813200,"2025-06-25 01:00:00",3327.04,3334.905,3326.49,3334.73,16860
1750816800,"2025-06-25 02:00:00",3334.76,3335.335,3327.87,3329.53,12961
1750820400,"2025-06-25 03:00:00",3329.55,3332.16,3327.255,3328.375,10324
1750824000,"2025-06-25 04:00:00",3328.305,3329.335,3325.87,3327.52,5406
1750827600,"2025-06-25 05:00:00",3327.5,3333.785,3326.775,3331.715,9522
1750831200,"2025-06-25 06:00:00",3331.755,3333.515,3329,3331.815,12095
1750834800,"2025-06-25 07:00:00",3331.84,3337.205,3326.775,3330.705,16967
1750838400,"2025-06-25 08:00:00",3330.7,3332.455,3326.515,3327.295,13685
1750842000,"2025-06-25 09:00:00",3327.305,3327.355,3321.5,3325.35,13876
1750845600,"2025-06-25 10:00:00",3325.345,3329.625,3324.145,3324.55,11661
1750849200,"2025-06-25 11:00:00",3324.535,3329.55,3322.21,3322.7,13822
1750852800,"2025-06-25 12:00:00",3322.705,3329.475,3318.22,3320.755,16342
1750856400,"2025-06-25 13:00:00",3320.775,3321.675,3312.055,3314.57,27832
1750860000,"2025-06-25 14:00:00",3314.505,3326.405,3312.26,3323.505,26655
1750863600,"2025-06-25 15:00:00",3323.55,3327.225,3321.725,3325.69,15379
1750867200,"2025-06-25 16:00:00",3325.74,3335.22,3324.195,3334.815,18475
1750870800,"2025-06-25 17:00:00",3334.82,3335.425,3324.81,3328.065,21337
1750874400,"2025-06-25 18:00:00",3328.08,3331.87,3326.31,3331.755,13542
1750878000,"2025-06-25 19:00:00",3331.655,3336.15,3330.49,3333.8,15320
1750881600,"2025-06-25 20:00:00",3333.81,3335.705,3331.445,3332.395,4246
1750888800,"2025-06-25 22:00:00",3334.315,3335.05,3331.395,3333.34,3581
1750892400,"2025-06-25 23:00:00",3333.315,3340.325,3333.015,3339.12,8478
1750896000,"2025-06-26 00:00:00",3339.185,3339.395,3332.175,3334.04,12585
1750899600,"2025-06-26 01:00:00",3334.135,3336.84,3329.3,3330.23,19259
1750903200,"2025-06-26 02:00:00",3330.285,3341.95,3329.335,3339.59,14907
1750906800,"2025-06-26 03:00:00",3339.615,3343.255,3336.435,3338.06,11466
1750910400,"2025-06-26 04:00:00",3338.105,3338.245,3333.495,3334.02,8235
1750914000,"2025-06-26 05:00:00",3334.035,3338.42,3332.5,3334.24,12610
1750917600,"2025-06-26 06:00:00",3334.185,3340.5,3331.025,3339.835,17950
1750921200,"2025-06-26 07:00:00",3339.785,3347.18,3339.67,3346.1,17693
1750924800,"2025-06-26 08:00:00",3346.085,3350.415,3344.465,3348.2,18916
1750928400,"2025-06-26 09:00:00",3348.2,3348.845,3338.845,3340.665,22094
1750932000,"2025-06-26 10:00:00",3340.63,3343.51,3338.025,3343.335,14389
1750935600,"2025-06-26 11:00:00",3343.345,3344.175,3331.58,3332.975,17454
1750939200,"2025-06-26 12:00:00",3332.98,3344.15,3321.68,3322.095,30780
1750942800,"2025-06-26 13:00:00",3322.08,3328.75,3309.99,3319.985,50960
1750946400,"2025-06-26 14:00:00",3319.975,3323.94,3311.985,3318.44,38619
1750950000,"2025-06-26 15:00:00",3318.395,3325.03,3318.395,3324.92,19671
1750953600,"2025-06-26 16:00:00",3324.935,3333.415,3323.845,3331.41,18424
1750957200,"2025-06-26 17:00:00",3331.415,3336.55,3331.25,3332.84,15651
1750960800,"2025-06-26 18:00:00",3332.825,3334.94,3331.28,3334.1,11870
1750964400,"2025-06-26 19:00:00",3334.125,3334.39,3328.42,3331.34,16838
1750968000,"2025-06-26 20:00:00",3331.41,3332.43,3327.725,3327.82,4011
1750975200,"2025-06-26 22:00:00",3325.33,3325.37,3318.835,3321.545,4806
1750978800,"2025-06-26 23:00:00",3321.525,3323.765,3316.295,3318.79,7090
1750982400,"2025-06-27 00:00:00",3318.73,3320.04,3313.3,3318.98,14261
1750986000,"2025-06-27 01:00:00",3318.97,3322.18,3314.99,3316.5,19963
1750989600,"2025-06-27 02:00:00",3316.51,3320.445,3308.61,3308.91,18080
1750993200,"2025-06-27 03:00:00",3308.87,3311.025,3292.665,3294.405,24471
1750996800,"2025-06-27 04:00:00",3294.385,3297.63,3291.16,3294.01,13989
1751000400,"2025-06-27 05:00:00",3294.035,3301.015,3289.325,3297.515,23964
1751004000,"2025-06-27 06:00:00",3297.525,3300.045,3286.93,3295.12,27564
1751007600,"2025-06-27 07:00:00",3295.135,3295.465,3283.52,3284.54,27584
1751011200,"2025-06-27 08:00:00",3284.46,3291.165,3281.9,3289.44,22176
1751014800,"2025-06-27 09:00:00",3289.345,3289.84,3282.23,3282.88,19881
1751018400,"2025-06-27 10:00:00",3282.89,3291.07,3279.805,3285.74,17615
1751022000,"2025-06-27 11:00:00",3285.725,3288.035,3276.19,3281.47,18608
1751025600,"2025-06-27 12:00:00",3281.455,3282.415,3269.55,3270.295,35666
1751029200,"2025-06-27 13:00:00",3270.195,3274.53,3255.85,3274.285,53353
1751032800,"2025-06-27 14:00:00",3274.335,3278.235,3263.665,3272.51,41628
1751036400,"2025-06-27 15:00:00",3272.52,3277.61,3271.035,3274.68,23966
1751040000,"2025-06-27 16:00:00",3274.695,3278.685,3273.42,3277.705,18054
1751043600,"2025-06-27 17:00:00",3277.73,3282.94,3272.77,3277.465,20512
1751047200,"2025-06-27 18:00:00",3277.47,3278.495,3270.6,3275.86,19509
1751050800,"2025-06-27 19:00:00",3275.865,3276.685,3268.43,3270.615,19373
1751054400,"2025-06-27 20:00:00",3270.65,3275.585,3270.33,3274.175,6129
1751234400,"2025-06-29 22:00:00",3271.64,3274.055,3244.415,3263.855,15691
1751238000,"2025-06-29 23:00:00",3263.98,3270.98,3262.875,3263.815,8965
1751241600,"2025-06-30 00:00:00",3263.81,3269.91,3262.695,3264.57,11005
1751245200,"2025-06-30 01:00:00",3264.485,3276.1,3259.39,3274.08,24659
1751248800,"2025-06-30 02:00:00",3274.075,3283.385,3273.725,3280.28,15368
1751252400,"2025-06-30 03:00:00",3280.265,3282.85,3277.965,3279.07,10236
1751256000,"2025-06-30 04:00:00",3279.09,3286.48,3277,3285.64,7375
1751259600,"2025-06-30 05:00:00",3285.645,3291.545,3284.69,3289.125,12191
1751263200,"2025-06-30 06:00:00",3289.12,3295.66,3287.94,3292.215,14217
1751266800,"2025-06-30 07:00:00",3292.17,3296.83,3290.835,3293.085,13871
1751270400,"2025-06-30 08:00:00",3292.99,3296.66,3288.165,3289.21,12221
1751274000,"2025-06-30 09:00:00",3289.15,3289.15,3277.48,3287.935,18907
1751277600,"2025-06-30 10:00:00",3287.945,3288.92,3282.52,3283.525,11210
1751281200,"2025-06-30 11:00:00",3283.55,3283.865,3274.625,3278,15334
1751284800,"2025-06-30 12:00:00",3278.03,3289.075,3278.03,3282.155,21444
1751288400,"2025-06-30 13:00:00",3282.14,3287.205,3277.975,3284.915,29521
1751292000,"2025-06-30 14:00:00",3284.9,3289.67,3279.255,3287.79,25359
1751295600,"2025-06-30 15:00:00",3287.76,3290.805,3283.81,3289.635,18513
1751299200,"2025-06-30 16:00:00",3289.645,3297.575,3289.12,3297.38,14874
1751302800,"2025-06-30 17:00:00",3297.36,3298.64,3292.14,3294.04,14939
1751306400,"2025-06-30 18:00:00",3294.035,3299.675,3292.635,3298.525,11459
1751310000,"2025-06-30 19:00:00",3298.545,3309.645,3298.125,3308.735,16334
1751313600,"2025-06-30 20:00:00",3308.74,3309.32,3302.365,3303.15,5864
1751320800,"2025-06-30 22:00:00",3303.3,3314.59,3302.395,3311.505,6685
1751324400,"2025-06-30 23:00:00",3311.575,3312.545,3308.65,3312.535,6989
1751328000,"2025-07-01 00:00:00",3312.53,3314.96,3310.02,3314.825,9182
1751331600,"2025-07-01 01:00:00",3314.73,3321.06,3313.99,3317.935,18282
1751335200,"2025-07-01 02:00:00",3317.895,3319.47,3314.52,3316.2,13107
1751338800,"2025-07-01 03:00:00",3316.16,3322.76,3315.85,3321.265,10296
1751342400,"2025-07-01 04:00:00",3321.27,3323.15,3318.995,3322.975,9763
1751346000,"2025-07-01 05:00:00",3322.98,3332.395,3322.975,3328.79,14802
1751349600,"2025-07-01 06:00:00",3328.78,3334.63,3325.115,3331.395,17988
1751353200,"2025-07-01 07:00:00",3331.455,3339.99,3330.9,3339.56,20556
1751356800,"2025-07-01 08:00:00",3339.515,3342.5,3336.885,3339.635,14073
1751360400,"2025-07-01 09:00:00",3339.66,3348.155,3338.31,3345.8,22256
1751364000,"2025-07-01 10:00:00",3345.83,3349.755,3344.47,3348.76,17179
1751367600,"2025-07-01 11:00:00",3348.77,3353.025,3347.07,3349.08,19780
1751371200,"2025-07-01 12:00:00",3349.02,3358.085,3348.395,3354.625,27336
1751374800,"2025-07-01 13:00:00",3354.55,3355.615,3344.5,3351.805,34428
1751378400,"2025-07-01 14:00:00",3351.845,3354.535,3343.755,3345.88,39927
1751382000,"2025-07-01 15:00:00",3345.905,3346.78,3337.045,3340.3,36124
1751385600,"2025-07-01 16:00:00",3340.33,3343.615,3337.69,3341.83,22348
1751389200,"2025-07-01 17:00:00",3341.805,3342.28,3337.05,3339.82,20725
1751392800,"2025-07-01 18:00:00",3339.805,3339.945,3336.945,3338.04,13588
1751396400,"2025-07-01 19:00:00",3338.06,3340.165,3336.94,3338.13,18206
1751400000,"2025-07-01 20:00:00",3338.1,3340.51,3336.92,3338.72,3871
1751407200,"2025-07-01 22:00:00",3340.125,3343.84,3336.97,3341.675,6666
1751410800,"2025-07-01 23:00:00",3341.73,3341.965,3336.815,3338.155,7120
1751414400,"2025-07-02 00:00:00",3338.21,3345.045,3334.615,3339.025,21660
1751418000,"2025-07-02 01:00:00",3339.065,3342.955,3331.055,3332.25,24182
1751421600,"2025-07-02 02:00:00",3332.27,3338.255,3328.615,3336.785,18694
1751425200,"2025-07-02 03:00:00",3336.775,3342.23,3334.965,3340.02,15248
1751428800,"2025-07-02 04:00:00",3340.015,3342.07,3339.62,3340.17,7784
1751432400,"2025-07-02 05:00:00",3340.145,3344.015,3336.655,3338.855,13880
1751436000,"2025-07-02 06:00:00",3338.855,3339.42,3329.885,3333.485,20265
1751439600,"2025-07-02 07:00:00",3333.495,3336.915,3327.655,3334.745,20983
1751443200,"2025-07-02 08:00:00",3334.68,3338.065,3333.005,3333.62,14475
1751446800,"2025-07-02 09:00:00",3333.615,3342.305,3333.185,3341.755,18150
1751450400,"2025-07-02 10:00:00",3341.75,3345.83,3340.67,3344.455,12005
1751454000,"2025-07-02 11:00:00",3344.465,3347.825,3339.82,3342.32,17114
1751457600,"2025-07-02 12:00:00",3342.37,3351.245,3337.95,3346.775,37910
1751461200,"2025-07-02 13:00:00",3346.75,3346.75,3335.025,3337.5,44761
1751464800,"2025-07-02 14:00:00",3337.505,3343.62,3333.965,3343.04,28074
1751468400,"2025-07-02 15:00:00",3343.045,3343.84,3338.745,3341.115,17540
1751472000,"2025-07-02 16:00:00",3341.09,3349.355,3341.035,3348.675,14285
1751475600,"2025-07-02 17:00:00",3348.75,3350.785,3347.44,3349.86,9525
1751479200,"2025-07-02 18:00:00",3349.85,3355.265,3348.66,3355.09,10537
1751482800,"2025-07-02 19:00:00",3355.095,3359.62,3354.635,3358.255,14553
1751486400,"2025-07-02 20:00:00",3358.29,3360.13,3355.625,3357.09,3166
1751493600,"2025-07-02 22:00:00",3359.515,3365.92,3358.925,3362.01,6370
1751497200,"2025-07-02 23:00:00",3362.035,3362.34,3348.905,3349.43,10761
1751500800,"2025-07-03 00:00:00",3349.515,3349.955,3343.52,3344.795,13251
1751504400,"2025-07-03 01:00:00",3344.805,3348.295,3342.015,3346.085,16540
1751508000,"2025-07-03 02:00:00",3346.145,3351.535,3345.805,3351.075,13040
1751511600,"2025-07-03 03:00:00",3351.125,3351.595,3345.5,3347.6,10681
1751515200,"2025-07-03 04:00:00",3347.565,3351.895,3347.505,3350.865,8728
1751518800,"2025-07-03 05:00:00",3350.87,3360.54,3350.185,3359.43,16349
1751522400,"2025-07-03 06:00:00",3359.425,3363.755,3356.535,3361.92,17772
1751526000,"2025-07-03 07:00:00",3361.91,3363.135,3352.575,3353.065,17021
1751529600,"2025-07-03 08:00:00",3353.15,3358.41,3351.775,3356.24,12363
1751533200,"2025-07-03 09:00:00",3356.125,3356.46,3343.94,3345.785,15880
1751536800,"2025-07-03 10:00:00",3345.8,3355.545,3344.84,3353.255,12741
1751540400,"2025-07-03 11:00:00",3353.28,3353.845,3343.135,3346.115,13097
1751544000,"2025-07-03 12:00:00",3346.015,3352.365,3311.625,3324.525,54602
1751547600,"2025-07-03 13:00:00",3324.49,3338.59,3322.165,3332.3,51820
1751551200,"2025-07-03 14:00:00",3332.12,3334.725,3323.58,3324.665,37211
1751554800,"2025-07-03 15:00:00",3324.655,3331.565,3323.06,3328.12,17465
1751558400,"2025-07-03 16:00:00",3328.165,3334.755,3325.82,3333.95,13463
1751562000,"2025-07-03 17:00:00",3333.945,3334.89,3328.895,3329.145,7326
1751565600,"2025-07-03 18:00:00",3329.085,3330.31,3327.94,3329.105,3542
1751569200,"2025-07-03 19:00:00",3329.065,3329.62,3327.04,3328.89,3713
1751572800,"2025-07-03 20:00:00",3328.895,3328.98,3325.255,3326.03,1147
1751580000,"2025-07-03 22:00:00",3324.24,3329.76,3323.66,3329.205,3108
1751583600,"2025-07-03 23:00:00",3329.225,3332.11,3328.54,3330.915,7324
1751587200,"2025-07-04 00:00:00",3330.995,3331.25,3325.93,3329.09,11814
1751590800,"2025-07-04 01:00:00",3329.08,3334.435,3326.55,3330.145,15926
1751594400,"2025-07-04 02:00:00",3330.135,3332.535,3327.175,3327.415,11030
1751598000,"2025-07-04 03:00:00",3327.335,3339.065,3326.235,3338.42,10142
1751601600,"2025-07-04 04:00:00",3338.37,3342.43,3338.105,3340.94,10276
1751605200,"2025-07-04 05:00:00",3340.955,3342.3,3338.49,3339.59,10084
1751608800,"2025-07-04 06:00:00",3339.58,3345.175,3339.295,3342.585,15633
1751612400,"2025-07-04 07:00:00",3342.68,3343.805,3336.45,3342.98,16731
1751616000,"2025-07-04 08:00:00",3342.96,3344.295,3340.92,3342.895,8514
1751619600,"2025-07-04 09:00:00",3342.855,3343.14,3332.96,3334.585,14417
1751623200,"2025-07-04 10:00:00",3334.595,3338.185,3331.52,3336.93,13729
1751626800,"2025-07-04 11:00:00",3336.935,3337.95,3334.45,3334.77,9841
1751630400,"2025-07-04 12:00:00",3334.75,3337.905,3331.455,3334.035,17052
1751634000,"2025-07-04 13:00:00",3334.03,3338.095,3332.335,3333.85,18657
1751637600,"2025-07-04 14:00:00",3333.855,3334.3,3330.95,3333.225,15013
1751641200,"2025-07-04 15:00:00",3333.23,3333.925,3330.87,3332.45,6435
1751644800,"2025-07-04 16:00:00",3332.475,3337.59,3332.35,3336.615,5333
1751839200,"2025-07-06 22:00:00",3341.57,3342.075,3332.485,3333.495,5372
1751842800,"2025-07-06 23:00:00",3333.54,3334.63,3326.25,3328.95,9456
1751846400,"2025-07-07 00:00:00",3328.945,3329.77,3321.845,3326.595,15213
1751850000,"2025-07-07 01:00:00",3326.585,3327.86,3306.785,3316.655,30799
1751853600,"2025-07-07 02:00:00",3316.67,3317.82,3305.965,3309,18895
1751857200,"2025-07-07 03:00:00",3308.945,3315.37,3307.2,3310.975,16140
1751860800,"2025-07-07 04:00:00",3310.965,3312.4,3305.245,3307.855,15490
1751864400,"2025-07-07 05:00:00",3307.94,3315.21,3307.095,3313.44,20251
1751868000,"2025-07-07 06:00:00",3313.43,3315.29,3308.45,3310.02,21075
1751871600,"2025-07-07 07:00:00",3309.995,3313.335,3300.765,3302.315,17549
1751875200,"2025-07-07 08:00:00",3302.305,3312.86,3301.335,3310.25,18086
1751878800,"2025-07-07 09:00:00",3310.16,3311.98,3306.18,3308.995,16912
1751882400,"2025-07-07 10:00:00",3309.01,3310.76,3296.28,3302.175,24124
1751886000,"2025-07-07 11:00:00",3302.175,3307.635,3299.815,3301.87,25054
1751889600,"2025-07-07 12:00:00",3301.92,3312.795,3300.495,3309.575,31983
1751893200,"2025-07-07 13:00:00",3309.565,3317.21,3306.225,3316.625,32613
1751896800,"2025-07-07 14:00:00",3316.6,3321.455,3313.29,3318.085,26810
1751900400,"2025-07-07 15:00:00",3318.07,3322.135,3316.195,3320.975,13189
1751904000,"2025-07-07 16:00:00",3320.97,3328.16,3320.23,3327.49,25648
1751907600,"2025-07-07 17:00:00",3327.545,3335.92,3327.45,3332.08,23666
1751911200,"2025-07-07 18:00:00",3332.085,3335.845,3328.62,3334.495,23484
1751914800,"2025-07-07 19:00:00",3334.465,3340.47,3334.43,3337.235,19154
1751918400,"2025-07-07 20:00:00",3337.22,3338.015,3335.53,3336.44,4780
1751925600,"2025-07-07 22:00:00",3340.5,3345.955,3339.01,3339.81,5094
1751929200,"2025-07-07 23:00:00",3339.86,3340.165,3333.88,3334.715,8573
1751932800,"2025-07-08 00:00:00",3334.725,3337.365,3331.3,3334.285,25172
1751936400,"2025-07-08 01:00:00",3334.33,3337.095,3329.74,3334.9,25603
1751940000,"2025-07-08 02:00:00",3334.9,3338.15,3332.875,3334.545,16066
1751943600,"2025-07-08 03:00:00",3334.465,3335.565,3329.7,3331.61,9888
1751947200,"2025-07-08 04:00:00",3331.605,3332.845,3327.405,3329.66,10814
1751950800,"2025-07-08 05:00:00",3329.68,3336.625,3329.53,3334.15,15791
1751954400,"2025-07-08 06:00:00",3334.17,3336.125,3330.785,3335.835,16641
1751958000,"2025-07-08 07:00:00",3335.855,3339.59,3330.595,3333.93,17578
1751961600,"2025-07-08 08:00:00",3333.925,3333.925,3323.405,3323.73,22008
1751965200,"2025-07-08 09:00:00",3323.735,3326.845,3321.185,3322.095,16967
1751968800,"2025-07-08 10:00:00",3322.09,3327.125,3320.58,3324.67,13031
1751972400,"2025-07-08 11:00:00",3324.735,3327.565,3320.035,3325.06,13686
1751976000,"2025-07-08 12:00:00",3325.065,3329.935,3324.745,3328.245,16576
1751979600,"2025-07-08 13:00:00",3328.24,3328.78,3314.86,3315.31,37017
1751983200,"2025-07-08 14:00:00",3315.305,3315.955,3294.435,3296.65,52141
1751986800,"2025-07-08 15:00:00",3296.67,3300.375,3287.11,3298.205,36535
1751990400,"2025-07-08 16:00:00",3298.21,3301.655,3295.93,3300.505,29221
1751994000,"2025-07-08 17:00:00",3300.49,3310.525,3299.37,3306.51,28411
1751997600,"2025-07-08 18:00:00",3306.52,3308.33,3300.68,3305.43,16001
1752001200,"2025-07-08 19:00:00",3305.465,3306.235,3302.495,3303,11113
1752004800,"2025-07-08 20:00:00",3303.01,3303.885,3299.43,3301.72,2454
1752012000,"2025-07-08 22:00:00",3302.83,3304.12,3300.39,3301.625,2275
1752015600,"2025-07-08 23:00:00",3301.665,3303.965,3297.29,3302.365,6043
1752019200,"2025-07-09 00:00:00",3302.355,3308.145,3301.925,3307.175,13918
1752022800,"2025-07-09 01:00:00",3307.11,3307.305,3299.385,3301.89,16147
1752026400,"2025-07-09 02:00:00",3301.875,3303.035,3286.325,3288.63,20456
1752030000,"2025-07-09 03:00:00",3288.615,3294.775,3284.98,3293.395,16503
1752033600,"2025-07-09 04:00:00",3293.375,3296.49,3291.27,3294.05,10318
1752037200,"2025-07-09 05:00:00",3294.07,3297.885,3289.08,3289.495,16348
1752040800,"2025-07-09 06:00:00",3289.535,3292.88,3285.65,3292.39,16672
1752044400,"2025-07-09 07:00:00",3292.405,3296.1,3288.34,3291.94,18834
1752048000,"2025-07-09 08:00:00",3291.865,3292.73,3282.665,3285.08,17317
1752051600,"2025-07-09 09:00:00",3285.06,3290.515,3284.465,3289.055,10126
1752055200,"2025-07-09 10:00:00",3289.13,3296.04,3288.31,3295.555,9846
1752058800,"2025-07-09 11:00:00",3295.545,3296.035,3283.295,3284.99,12821
1752062400,"2025-07-09 12:00:00",3284.995,3297.595,3284.995,3296.525,20892
1752066000,"2025-07-09 13:00:00",3296.54,3305.345,3291.94,3300.305,35510
1752069600,"2025-07-09 14:00:00",3300.3,3313.035,3299.575,3312.42,35351
1752073200,"2025-07-09 15:00:00",3312.44,3312.985,3306.405,3309.64,22001
1752076800,"2025-07-09 16:00:00",3309.63,3313.385,3307.995,3311.93,16923
1752080400,"2025-07-09 17:00:00",3311.935,3314.69,3308.25,3309.57,19554
1752084000,"2025-07-09 18:00:00",3309.505,3313.77,3308.105,3311.485,18598
1752087600,"2025-07-09 19:00:00",3311.49,3316.99,3311.025,3315.79,16102
1752091200,"2025-07-09 20:00:00",3315.765,3315.975,3311.67,3313.7,2394
1752098400,"2025-07-09 22:00:00",3315.76,3321.295,3314.89,3319.585,3497
1752102000,"2025-07-09 23:00:00",3319.565,3319.83,3315.84,3317.705,5484
1752105600,"2025-07-10 00:00:00",3317.695,3322.09,3316.64,3317.71,14312
1752109200,"2025-07-10 01:00:00",3317.7,3326.39,3316.54,3322.285,18877
1752112800,"2025-07-10 02:00:00",3322.28,3323.69,3318.165,3319.245,11390
1752116400,"2025-07-10 03:00:00",3319.23,3320.24,3315.43,3315.765,9812
1752120000,"2025-07-10 04:00:00",3315.77,3322.605,3314.84,3322.295,8752
1752123600,"2025-07-10 05:00:00",3322.3,3325.185,3320.745,3321.205,11182
1752127200,"2025-07-10 06:00:00",3321.19,3328.565,3321,3325.395,13333
1752130800,"2025-07-10 07:00:00",3325.38,3329.545,3319.895,3321.075,12483
1752134400,"2025-07-10 08:00:00",3321.09,3330.275,3319.91,3328.725,9589
1752138000,"2025-07-10 09:00:00",3328.74,3330.36,3323.34,3326.51,8385
1752141600,"2025-07-10 10:00:00",3326.545,3328.825,3322.305,3325.31,10426
1752145200,"2025-07-10 11:00:00",3325.36,3330.325,3318.365,3320.54,14593
1752148800,"2025-07-10 12:00:00",3320.58,3326.18,3317.94,3323.815,18891
1752152400,"2025-07-10 13:00:00",3323.885,3329.615,3312.01,3312.875,39079
1752156000,"2025-07-10 14:00:00",3312.855,3321.78,3310.175,3315.065,31990
1752159600,"2025-07-10 15:00:00",3315.08,3321.685,3314.745,3319.73,17189
1752163200,"2025-07-10 16:00:00",3319.75,3320.03,3312.25,3315.17,14129
1752166800,"2025-07-10 17:00:00",3315.11,3318.63,3314.725,3317.445,7669
1752170400,"2025-07-10 18:00:00",3317.435,3321.985,3316.505,3321.575,11630
1752174000,"2025-07-10 19:00:00",3321.565,3326.065,3321.56,3324.8,13394
1752177600,"2025-07-10 20:00:00",3324.845,3325.315,3323.36,3324.015,3206
1752184800,"2025-07-10 22:00:00",3325.94,3326.83,3321.915,3323.425,4334
1752188400,"2025-07-10 23:00:00",3323.355,3326.605,3323.14,3323.81,4700
1752192000,"2025-07-11 00:00:00",3323.775,3336.192,3323.615,3330.61,19458
1752195600,"2025-07-11 01:00:00",3330.455,3331.695,3325.17,3329.605,19384
1752199200,"2025-07-11 02:00:00",3329.55,3335.115,3327.085,3332.505,14241
1752202800,"2025-07-11 03:00:00",3332.515,3336.12,3332.075,3333.725,10378
1752206400,"2025-07-11 04:00:00",3333.75,3335.4,3329.79,3332.08,13150
1752210000,"2025-07-11 05:00:00",3332.05,3341.805,3331.995,3334.17,22727
1752213600,"2025-07-11 06:00:00",3334.17,3344.13,3332.21,3332.45,29256
1752217200,"2025-07-11 07:00:00",3332.46,3342.385,3331.245,3342.065,27394
1752220800,"2025-07-11 08:00:00",3341.995,3343.855,3332.815,3333.17,30476
1752224400,"2025-07-11 09:00:00",3333.19,3340.03,3332.83,3339.495,22600
1752228000,"2025-07-11 10:00:00",3339.51,3348.41,3339.495,3345.065,27164
1752231600,"2025-07-11 11:00:00",3345.125,3350.33,3342.045,3347.55,27844
1752235200,"2025-07-11 12:00:00",3347.555,3357.205,3344.185,3355.17,36111
1752238800,"2025-07-11 13:00:00",3355.16,3359.43,3350.14,3352.015,58370
1752242400,"2025-07-11 14:00:00",3352.06,3363.87,3350.27,3361.255,56029
1752246000,"2025-07-11 15:00:00",3361.33,3368.86,3356.915,3358.835,40957
1752249600,"2025-07-11 16:00:00",3358.86,3359.605,3352.82,3353.8,32767
1752253200,"2025-07-11 17:00:00",3353.75,3354.16,3349.255,3353.455,25938
1752256800,"2025-07-11 18:00:00",3353.485,3358.53,3353.39,3356.115,22099
1752260400,"2025-07-11 19:00:00",3356.125,3359.82,3355.625,3356.405,24805
1752264000,"2025-07-11 20:00:00",3356.42,3358.725,3353.61,3355.665,4509
1752444000,"2025-07-13 22:00:00",3362.375,3371.385,3359.905,3369.665,11484
1752447600,"2025-07-13 23:00:00",3369.575,3374.255,3366.6,3367.61,10341
1752451200,"2025-07-14 00:00:00",3367.74,3373.355,3364.895,3367.52,20765
1752454800,"2025-07-14 01:00:00",3367.51,3370.245,3356.945,3358.59,28327
1752458400,"2025-07-14 02:00:00",3358.545,3359.665,3353.87,3357.485,20854
1752462000,"2025-07-14 03:00:00",3357.415,3359.73,3355.57,3357.205,14126
1752465600,"2025-07-14 04:00:00",3357.145,3361.84,3353.9,3359.835,20345
1752469200,"2025-07-14 05:00:00",3359.625,3360.485,3353.675,3357.64,15453
1752472800,"2025-07-14 06:00:00",3357.71,3369.915,3356.665,3369.06,18330
1752476400,"2025-07-14 07:00:00",3369.075,3375.085,3366.75,3372.13,21687
1752480000,"2025-07-14 08:00:00",3372.135,3372.75,3365.44,3366.075,15562
1752483600,"2025-07-14 09:00:00",3366.18,3370.48,3364.04,3370.33,10651
1752487200,"2025-07-14 10:00:00",3370.41,3374.69,3369.94,3372.095,11245
1752490800,"2025-07-14 11:00:00",3372.18,3373.25,3363.915,3364.14,12371
1752494400,"2025-07-14 12:00:00",3364.16,3366.705,3349.385,3350.12,28696
1752498000,"2025-07-14 13:00:00",3350.1,3359.06,3347.325,3355.385,38245
1752501600,"2025-07-14 14:00:00",3355.365,3356.425,3341.09,3343.13,38235
1752505200,"2025-07-14 15:00:00",3343.125,3349.735,3342.525,3345.16,23378
1752508800,"2025-07-14 16:00:00",3345.155,3349.44,3343.145,3347.83,14763
1752512400,"2025-07-14 17:00:00",3347.89,3351.77,3347.48,3351.12,11428
1752516000,"2025-07-14 18:00:00",3351.125,3351.3,3347.955,3348.925,6567
1752519600,"2025-07-14 19:00:00",3348.93,3350.525,3343.26,3344.305,11131
1752523200,"2025-07-14 20:00:00",3344.365,3345.725,3341.395,3343.755,4405
1752530400,"2025-07-14 22:00:00",3343.085,3345.95,3341.55,3345.895,1630
1752534000,"2025-07-14 23:00:00",3345.88,3346.535,3343.92,3345.34,2918
1752537600,"2025-07-15 00:00:00",3345.315,3349.515,3344.71,3347.62,7202
1752541200,"2025-07-15 01:00:00",3347.635,3350.76,3346.1,3346.735,11346
1752544800,"2025-07-15 02:00:00",3346.755,3352.16,3345.795,3350.975,10073
1752548400,"2025-07-15 03:00:00",3351.055,3358.425,3350.9,3357.98,10956
1752552000,"2025-07-15 04:00:00",3357.99,3361.44,3357.735,3360.26,7566
1752555600,"2025-07-15 05:00:00",3360.285,3365.295,3360.285,3362.155,7879
1752559200,"2025-07-15 06:00:00",3362.17,3364.32,3357.675,3358.265,13627
1752562800,"2025-07-15 07:00:00",3358.285,3365.185,3357.575,3364.4,10173
1752566400,"2025-07-15 08:00:00",3364.33,3365.725,3356.6,3361.045,14350
1752570000,"2025-07-15 09:00:00",3361.065,3364.725,3358.655,3363.435,11442
1752573600,"2025-07-15 10:00:00",3363.475,3366.425,3361.285,3361.56,8839
1752577200,"2025-07-15 11:00:00",3361.505,3362.105,3354.18,3354.915,11921
1752580800,"2025-07-15 12:00:00",3354.89,3360.675,3346.61,3348.915,31171
1752584400,"2025-07-15 13:00:00",3348.945,3352.58,3334.38,3346.89,44904
1752588000,"2025-07-15 14:00:00",3346.885,3352.245,3342.62,3347.955,38679
1752591600,"2025-07-15 15:00:00",3347.96,3349.89,3325.335,3329.02,39966
1752595200,"2025-07-15 16:00:00",3328.975,3330.42,3320.305,3329.32,22267
1752598800,"2025-07-15 17:00:00",3329.39,3331.4,3325.915,3328.185,12899
1752602400,"2025-07-15 18:00:00",3328.29,3331.99,3325.875,3328.87,12124
1752606000,"2025-07-15 19:00:00",3328.85,3331.365,3326.59,3330.505,11504
1752609600,"2025-07-15 20:00:00",3330.52,3331.025,3324.935,3325.005,2605
1752616800,"2025-07-15 22:00:00",3326.32,3327.855,3325.635,3326.715,1341
1752620400,"2025-07-15 23:00:00",3326.825,3331.805,3326.455,3331.1,2555
1752624000,"2025-07-16 00:00:00",3331.105,3332.73,3328.98,3330.54,9421
1752627600,"2025-07-16 01:00:00",3330.555,3335.135,3328.915,3330.96,15592
1752631200,"2025-07-16 02:00:00",3330.955,3331.575,3325.21,3326.3,9159
1752634800,"2025-07-16 03:00:00",3326.295,3335.17,3326.07,3334.465,9013
1752638400,"2025-07-16 04:00:00",3334.46,3338.7,3332.87,3338.295,9579
1752642000,"2025-07-16 05:00:00",3338.305,3340,3335.57,3338.195,10187
1752645600,"2025-07-16 06:00:00",3338.235,3342.19,3337.76,3339.24,10038
1752649200,"2025-07-16 07:00:00",3339.23,3340.285,3336.06,3337.87,6898
1752652800,"2025-07-16 08:00:00",3337.94,3342.775,3337.775,3342.08,6470
1752656400,"2025-07-16 09:00:00",3342.065,3343.08,3339.055,3340.07,7409
1752660000,"2025-07-16 10:00:00",3339.97,3340.485,3333.945,3335.01,8831
1752663600,"2025-07-16 11:00:00",3334.97,3340.34,3333.84,3339.435,12151
1752667200,"2025-07-16 12:00:00",3339.4,3341.07,3331.01,3334.61,27671
1752670800,"2025-07-16 13:00:00",3334.695,3339.6,3322.065,3326.91,43042
1752674400,"2025-07-16 14:00:00",3326.905,3342.685,3319.695,3338.145,57739
1752678000,"2025-07-16 15:00:00",3338.25,3377.655,3335.99,3343.525,121439
1752681600,"2025-07-16 16:00:00",3343.735,3355.215,3339.09,3349.17,50615
1752685200,"2025-07-16 17:00:00",3349.155,3357.35,3348.88,3354.8,28788
1752688800,"2025-07-16 18:00:00",3354.83,3357.525,3349.17,3350.445,23007
1752692400,"2025-07-16 19:00:00",3350.475,3350.665,3346.07,3347.14,23654
1752696000,"2025-07-16 20:00:00",3347.135,3349.435,3346.33,3347.6,6466
1752703200,"2025-07-16 22:00:00",3350.96,3352.28,3348.52,3349.695,3318
1752706800,"2025-07-16 23:00:00",3349.79,3350.295,3345.37,3346.555,2915
1752710400,"2025-07-17 00:00:00",3346.54,3347.47,3339.775,3340.895,13077
1752714000,"2025-07-17 01:00:00",3340.85,3344.63,3337.285,3344.11,15977
1752717600,"2025-07-17 02:00:00",3344.065,3344.865,3337.845,3341.45,13739
1752721200,"2025-07-17 03:00:00",3341.46,3342.455,3336.375,3341.59,11829
1752724800,"2025-07-17 04:00:00",3341.585,3344.845,3338.44,3342.795,8704
1752728400,"2025-07-17 05:00:00",3342.765,3342.995,3336.04,3339.56,12386
1752732000,"2025-07-17 06:00:00",3339.575,3339.965,3328.29,3335.53,22694
1752735600,"2025-07-17 07:00:00",3335.48,3336.275,3325.16,3325.855,19421
1752739200,"2025-07-17 08:00:00",3325.845,3332.18,3325.585,3328.81,14377
1752742800,"2025-07-17 09:00:00",3328.795,3332.48,3324.755,3325.65,11864
1752746400,"2025-07-17 10:00:00",3325.675,3331.205,3325.03,3325.905,13253
1752750000,"2025-07-17 11:00:00",3325.875,3328.58,3322.34,3324.26,14468
1752753600,"2025-07-17 12:00:00",3324.255,3328.675,3309.79,3313.15,41116
1752757200,"2025-07-17 13:00:00",3313.195,3321.855,3311.16,3319.16,45436
1752760800,"2025-07-17 14:00:00",3319.085,3335.325,3318.365,3334.235,36735
1752764400,"2025-07-17 15:00:00",3334.275,3338.495,3331.295,3336.865,23767
1752768000,"2025-07-17 16:00:00",3336.87,3340.07,3335.56,3338.865,16403
1752771600,"2025-07-17 17:00:00",3338.88,3341.17,3336.37,3337.525,14236
1752775200,"2025-07-17 18:00:00",3337.53,3339.025,3335.785,3338.615,14507
1752778800,"2025-07-17 19:00:00",3338.61,3340.86,3338.275,3339.855,11663
1752782400,"2025-07-17 20:00:00",3339.795,3340.275,3337.445,3339.06,3516
1752789600,"2025-07-17 22:00:00",3341.45,3344.11,3338.325,3343.335,5625
1752793200,"2025-07-17 23:00:00",3343.315,3343.555,3339.57,3340.38,3957
1752796800,"2025-07-18 00:00:00",3340.335,3341.43,3337.965,3339.965,8267
1752800400,"2025-07-18 01:00:00",3339.985,3343.15,3335.335,3337.82,16639
1752804000,"2025-07-18 02:00:00",3337.765,3344.325,3336.96,3337.82,14602
1752807600,"2025-07-18 03:00:00",3337.85,3338.575,3334.19,3334.705,8946
1752811200,"2025-07-18 04:00:00",3334.68,3337.185,3333.87,3337.185,6018
1752814800,"2025-07-18 05:00:00",3337.17,3340.37,3333.445,3333.56,10329
1752818400,"2025-07-18 06:00:00",3333.565,3342.81,3331.885,3342.14,15898
1752822000,"2025-07-18 07:00:00",3342.135,3350.235,3340.72,3349.975,12071
1752825600,"2025-07-18 08:00:00",3349.995,3350.43,3346.305,3347.635,9114
1752829200,"2025-07-18 09:00:00",3347.705,3354.975,3347.52,3352.275,12072
1752832800,"2025-07-18 10:00:00",3352.28,3352.795,3347.895,3351.535,11578
1752836400,"2025-07-18 11:00:00",3351.435,3357.765,3350.845,3354.33,13959
1752840000,"2025-07-18 12:00:00",3354.315,3361.33,3354.205,3360.005,19870
1752843600,"2025-07-18 13:00:00",3360.01,3360.345,3352.26,3355.675,34933
1752847200,"2025-07-18 14:00:00",3355.615,3359.105,3351.235,3354.75,30140
1752850800,"2025-07-18 15:00:00",3354.795,3356.405,3352.445,3353.735,22092
1752854400,"2025-07-18 16:00:00",3353.745,3357.525,3351.31,3353.705,19093
1752858000,"2025-07-18 17:00:00",3353.72,3353.865,3350.6,3352.285,15288
1752861600,"2025-07-18 18:00:00",3352.27,3353.46,3350.185,3351.44,10961
1752865200,"2025-07-18 19:00:00",3351.405,3352.89,3347.69,3348.33,10394
1752868800,"2025-07-18 20:00:00",3348.32,3351.965,3347.75,3350.095,3420
1753048800,"2025-07-20 22:00:00",3348.84,3350.37,3344.905,3347.775,4250
1753052400,"2025-07-20 23:00:00",3347.725,3349.505,3345.52,3349.14,3421
1753056000,"2025-07-21 00:00:00",3349.21,3354.59,3347.725,3352.31,10473
1753059600,"2025-07-21 01:00:00",3352.305,3358.665,3351.945,3356.565,14303
1753063200,"2025-07-21 02:00:00",3356.645,3357.53,3352.395,3354.21,9518
1753066800,"2025-07-21 03:00:00",3354.2,3356.95,3351.11,3351.295,8233
1753070400,"2025-07-21 04:00:00",3351.325,3358.8,3350.7,3357.875,6218
1753074000,"2025-07-21 05:00:00",3357.86,3369.71,3357.735,3366.72,20830
1753077600,"2025-07-21 06:00:00",3366.705,3370.82,3365.41,3368.355,15754
1753081200,"2025-07-21 07:00:00",3368.375,3370.55,3363.935,3364.77,17516
1753084800,"2025-07-21 08:00:00",3364.8,3366.865,3363.125,3366.065,13973
1753088400,"2025-07-21 09:00:00",3366.1,3366.58,3362.845,3366.305,8808
1753092000,"2025-07-21 10:00:00",3366.315,3368.28,3362.915,3366.225,7987
1753095600,"2025-07-21 11:00:00",3366.265,3375.765,3365.33,3375.455,17815
1753099200,"2025-07-21 12:00:00",3375.41,3388.715,3374.635,3387.32,28858
1753102800,"2025-07-21 13:00:00",3387.34,3395.375,3383.655,3388.565,42470
1753106400,"2025-07-21 14:00:00",3388.54,3401.645,3386.235,3400.355,65709
1753110000,"2025-07-21 15:00:00",3400.375,3401.13,3395.56,3398.095,38074
1753113600,"2025-07-21 16:00:00",3398.075,3399.18,3393.88,3395.655,29397
1753117200,"2025-07-21 17:00:00",3395.685,3395.905,3391.375,3393.335,24898
1753120800,"2025-07-21 18:00:00",3393.47,3395.92,3393.145,3395.565,17875
1753124400,"2025-07-21 19:00:00",3395.575,3399.885,3395.205,3398.872,25451
1753128000,"2025-07-21 20:00:00",3398.84,3399.305,3396.805,3397.06,5813
1753135200,"2025-07-21 22:00:00",3399.3,3401.265,3398.685,3399.525,3550
1753138800,"2025-07-21 23:00:00",3399.73,3402.86,3393.175,3396.48,6599
1753142400,"2025-07-22 00:00:00",3396.505,3397.795,3390.585,3394.615,15599
1753146000,"2025-07-22 01:00:00",3394.61,3396.02,3385.18,3386.015,18409
1753149600,"2025-07-22 02:00:00",3385.98,3392.005,3385.33,3391.71,13543
1753153200,"2025-07-22 03:00:00",3391.72,3393.91,3388.87,3392.52,8999
1753156800,"2025-07-22 04:00:00",3392.535,3392.535,3388.055,3391.13,6457
1753160400,"2025-07-22 05:00:00",3391.15,3391.96,3384.855,3385.5,12190
1753164000,"2025-07-22 06:00:00",3385.465,3388.085,3384.38,3384.745,13488
1753167600,"2025-07-22 07:00:00",3384.735,3387.66,3383.42,3387.66,11187
1753171200,"2025-07-22 08:00:00",3387.675,3390.23,3386.21,3389.045,14968
1753174800,"2025-07-22 09:00:00",3389.06,3390.68,3384.715,3386.165,11789
1753178400,"2025-07-22 10:00:00",3386.12,3388.75,3385.93,3387.11,7510
1753182000,"2025-07-22 11:00:00",3387.095,3391.715,3386.71,3391.46,13908
1753185600,"2025-07-22 12:00:00",3391.465,3407.935,3390.935,3407.54,29536
1753189200,"2025-07-22 13:00:00",3407.545,3420.295,3406.42,3412.485,49457
1753192800,"2025-07-22 14:00:00",3412.425,3427.805,3405.095,3426.26,58113
1753196400,"2025-07-22 15:00:00",3426.255,3430.675,3423.61,3426.525,39058
1753200000,"2025-07-22 16:00:00",3426.545,3433.095,3426.31,3432.305,24492
1753203600,"2025-07-22 17:00:00",3432.33,3433.51,3426.49,3429.435,25621
1753207200,"2025-07-22 18:00:00",3429.445,3431.06,3427.96,3429.67,19541
1753210800,"2025-07-22 19:00:00",3429.66,3432.63,3429,3431.62,26746
1753214400,"2025-07-22 20:00:00",3431.61,3432.815,3427.875,3431.56,8894
1753221600,"2025-07-22 22:00:00",3430.92,3431.2,3427.495,3427.905,3299
1753225200,"2025-07-22 23:00:00",3427.92,3433.35,3426.255,3427.375,7367
1753228800,"2025-07-23 00:00:00",3427.265,3439.035,3427.01,3428.9,20618
1753232400,"2025-07-23 01:00:00",3428.88,3430.72,3420.975,3421.17,25425
1753236000,"2025-07-23 02:00:00",3421.12,3425.08,3419.21,3423.165,15065
1753239600,"2025-07-23 03:00:00",3423.165,3428.775,3422.885,3423.1,18004
1753243200,"2025-07-23 04:00:00",3423.06,3425.38,3422.08,3423.735,8511
1753246800,"2025-07-23 05:00:00",3423.725,3423.93,3416.445,3420.44,17223
1753250400,"2025-07-23 06:00:00",3420.415,3425.265,3419.595,3425.175,22321
1753254000,"2025-07-23 07:00:00",3425.11,3429.77,3419.94,3420.72,23306
1753257600,"2025-07-23 08:00:00",3420.82,3428.85,3420.555,3428.555,14500
1753261200,"2025-07-23 09:00:00",3428.565,3433.88,3428.37,3431.15,11378
1753264800,"2025-07-23 10:00:00",3431.145,3431.38,3421.2,3422.8,16631
1753268400,"2025-07-23 11:00:00",3422.765,3429.93,3420.44,3428.34,17588
1753272000,"2025-07-23 12:00:00",3428.32,3430.075,3419.925,3420.015,31196
1753275600,"2025-07-23 13:00:00",3420.005,3420.65,3405.56,3413.465,46797
1753279200,"2025-07-23 14:00:00",3413.44,3419.98,3410.75,3413.625,38143
1753282800,"2025-07-23 15:00:00",3413.63,3415.855,3398.105,3398.105,33069
1753286400,"2025-07-23 16:00:00",3398.18,3398.215,3381.42,3387.47,56120
1753290000,"2025-07-23 17:00:00",3387.465,3394.825,3385.755,3393.38,37866
1753293600,"2025-07-23 18:00:00",3393.355,3396.16,3392.065,3393.76,25088
1753297200,"2025-07-23 19:00:00",3393.82,3396.05,3388.595,3390.295,24822
1753300800,"2025-07-23 20:00:00",3390.37,3390.61,3386.04,3387.45,6589
1753308000,"2025-07-23 22:00:00",3390.855,3392.615,3386.955,3387.035,3135
1753311600,"2025-07-23 23:00:00",3387.04,3391.72,3386.66,3390.115,4721
1753315200,"2025-07-24 00:00:00",3390.165,3393.37,3388.545,3391.595,10799
1753318800,"2025-07-24 01:00:00",3391.62,3393.48,3384.07,3387.665,28013
1753322400,"2025-07-24 02:00:00",3387.67,3388.885,3380.665,3383.88,22531
1753326000,"2025-07-24 03:00:00",3383.785,3385.985,3374.755,3383.835,23264
1753329600,"2025-07-24 04:00:00",3383.76,3385.41,3381.015,3382.685,13315
1753333200,"2025-07-24 05:00:00",3382.69,3382.995,3374.515,3379.35,20450
1753336800,"2025-07-24 06:00:00",3379.36,3379.87,3370.13,3375.885,23831
1753340400,"2025-07-24 07:00:00",3375.88,3377.695,3366.145,3367.705,20072
1753344000,"2025-07-24 08:00:00",3367.695,3374.71,3365.935,3369.795,17912
1753347600,"2025-07-24 09:00:00",3369.725,3370.175,3361.995,3363.7,16666
1753351200,"2025-07-24 10:00:00",3363.71,3367.385,3362.205,3364.485,11127
1753354800,"2025-07-24 11:00:00",3364.465,3366.615,3361.375,3362.275,14063
1753358400,"2025-07-24 12:00:00",3362.31,3365.555,3352.72,3353.48,31669
1753362000,"2025-07-24 13:00:00",3353.51,3372.28,3351.465,3366.795,45726
1753365600,"2025-07-24 14:00:00",3366.71,3377.475,3365.88,3373.7,39500
1753369200,"2025-07-24 15:00:00",3373.66,3375.35,3370.355,3372.64,28148
1753372800,"2025-07-24 16:00:00",3372.635,3373.91,3366.965,3367.015,20391
1753376400,"2025-07-24 17:00:00",3367,3371.915,3366.36,3370.095,18028
1753380000,"2025-07-24 18:00:00",3370.08,3373.475,3367.59,3372.01,12509
1753383600,"2025-07-24 19:00:00",3372.015,3373.16,3370.08,3370.54,15357
1753387200,"2025-07-24 20:00:00",3370.65,3371.3,3367.38,3368.71,5086
1753394400,"2025-07-24 22:00:00",3369.45,3369.615,3365.205,3368.93,4237
1753398000,"2025-07-24 23:00:00",3368.91,3371.44,3366.855,3369.435,4673
1753401600,"2025-07-25 00:00:00",3369.485,3373.495,3368.455,3372.255,6363
1753405200,"2025-07-25 01:00:00",3372.285,3372.845,3366.47,3370.485,10791
1753408800,"2025-07-25 02:00:00",3370.525,3370.595,3362.465,3363.135,9915
1753412400,"2025-07-25 03:00:00",3363.065,3363.575,3358.67,3359.245,8222
1753416000,"2025-07-25 04:00:00",3359.225,3363.51,3357.925,3360.96,6877
1753419600,"2025-07-25 05:00:00",3360.945,3362.425,3355.325,3358.745,8987
1753423200,"2025-07-25 06:00:00",3358.74,3359.72,3354.715,3359.39,11722
1753426800,"2025-07-25 07:00:00",3359.41,3360.165,3352.78,3354.16,10447
1753430400,"2025-07-25 08:00:00",3354.165,3355.38,3344.54,3345.555,11596
1753434000,"2025-07-25 09:00:00",3345.54,3348.985,3343.145,3345.97,7901
1753437600,"2025-07-25 10:00:00",3345.945,3348.16,3341.07,3342.99,10398
1753441200,"2025-07-25 11:00:00",3343.045,3345.24,3338.8,3341.1,10882
1753444800,"2025-07-25 12:00:00",3341.09,3344.295,3336.345,3340.885,17646
1753448400,"2025-07-25 13:00:00",3340.88,3347.635,3336.94,3343.935,34742
1753452000,"2025-07-25 14:00:00",3343.91,3344.88,3330.625,3331.94,43426
1753455600,"2025-07-25 15:00:00",3331.965,3335.935,3325.115,3327.875,35634
1753459200,"2025-07-25 16:00:00",3327.9,3331.39,3326.245,3329.94,19451
1753462800,"2025-07-25 17:00:00",3329.93,3336.92,3329.67,3336.035,18157
1753466400,"2025-07-25 18:00:00",3336.09,3339.5,3335.995,3338.835,12787
1753470000,"2025-07-25 19:00:00",3338.845,3340.335,3337.195,3337.68,17620
1753473600,"2025-07-25 20:00:00",3337.61,3339.195,3336.11,3337.07,4534
1753653600,"2025-07-27 22:00:00",3329.475,3335.53,3324.02,3329.635,10423
1753657200,"2025-07-27 23:00:00",3329.615,3337.47,3329.395,3333.72,8640
1753660800,"2025-07-28 00:00:00",3333.685,3336.13,3327.755,3333.42,11258
1753664400,"2025-07-28 01:00:00",3333.45,3338.815,3329.98,3332.145,17777
1753668000,"2025-07-28 02:00:00",3332.16,3336.555,3330.67,3335.71,9671
1753671600,"2025-07-28 03:00:00",3335.675,3343.42,3334.56,3343.42,7492
1753675200,"2025-07-28 04:00:00",3343.26,3344.175,3339.525,3339.725,5493
1753678800,"2025-07-28 05:00:00",3339.67,3344.2,3338.085,3343.405,7575
1753682400,"2025-07-28 06:00:00",3343.385,3345.52,3335.85,3340.09,13297
1753686000,"2025-07-28 07:00:00",3340.085,3342.11,3333.96,3335.11,13235
1753689600,"2025-07-28 08:00:00",3335.055,3338.905,3332.405,3336.145,12953
1753693200,"2025-07-28 09:00:00",3336.155,3340.85,3336.03,3337.87,11497
1753696800,"2025-07-28 10:00:00",3337.77,3338.88,3334.295,3335.98,11281
1753700400,"2025-07-28 11:00:00",3336.135,3338.475,3334.46,3336.625,9727
1753704000,"2025-07-28 12:00:00",3336.635,3338.455,3325.67,3328.46,21195
1753707600,"2025-07-28 13:00:00",3328.48,3330.715,3301.765,3302.3,37215
1753711200,"2025-07-28 14:00:00",3302.28,3314.91,3301.82,3308.065,40696
1753714800,"2025-07-28 15:00:00",3308.05,3317.29,3306.725,3314.855,29927
1753718400,"2025-07-28 16:00:00",3314.88,3315.01,3311.495,3312.265,19896
1753722000,"2025-07-28 17:00:00",3312.295,3313.31,3308.84,3310.86,17060
1753725600,"2025-07-28 18:00:00",3310.855,3315.715,3310.355,3313.805,15766
1753729200,"2025-07-28 19:00:00",3313.795,3318.96,3313.08,3317.22,19128
1753732800,"2025-07-28 20:00:00",3317.215,3318.56,3314.27,3314.45,5185
1753740000,"2025-07-28 22:00:00",3313.84,3315.485,3311.92,3314.625,7375
1753743600,"2025-07-28 23:00:00",3314.66,3314.735,3310.465,3312.65,3844
1753747200,"2025-07-29 00:00:00",3312.65,3315.93,3308.16,3311.705,9369
1753750800,"2025-07-29 01:00:00",3311.65,3320.965,3308.53,3318.96,14094
1753754400,"2025-07-29 02:00:00",3318.945,3320.445,3317.53,3318.955,9407
1753758000,"2025-07-29 03:00:00",3318.985,3318.985,3311.29,3312.655,9149
1753761600,"2025-07-29 04:00:00",3312.6,3317.54,3309.11,3316.535,7966
1753765200,"2025-07-29 05:00:00",3316.54,3320.19,3314.365,3319.975,9073
1753768800,"2025-07-29 06:00:00",3320.02,3322.4,3316.31,3317.12,18688
1753772400,"2025-07-29 07:00:00",3317.075,3318.815,3311.34,3317.175,17268
1753776000,"2025-07-29 08:00:00",3317.185,3330.1,3316.81,3326.435,15307
1753779600,"2025-07-29 09:00:00",3326.38,3328.32,3320.93,3324.63,16686
1753783200,"2025-07-29 10:00:00",3324.65,3326.5,3322.02,3322.095,9004
1753786800,"2025-07-29 11:00:00",3322.14,3322.245,3315,3315.335,14870
1753790400,"2025-07-29 12:00:00",3315.33,3324.675,3315.275,3323.35,20474
1753794000,"2025-07-29 13:00:00",3323.37,3324.375,3312.895,3317.655,34334
1753797600,"2025-07-29 14:00:00",3317.555,3329.745,3311.995,3328.935,36474
1753801200,"2025-07-29 15:00:00",3328.99,3334.27,3319.705,3320.695,27323
1753804800,"2025-07-29 16:00:00",3320.77,3324.81,3319.09,3323.28,15817
1753808400,"2025-07-29 17:00:00",3323.26,3329.35,3323.105,3328.325,13099
1753812000,"2025-07-29 18:00:00",3328.34,3330.89,3325.355,3325.825,10321
1753815600,"2025-07-29 19:00:00",3325.84,3328.805,3322.67,3325.075,13014
1753819200,"2025-07-29 20:00:00",3325.105,3326.875,3324.785,3326.67,4957
1753826400,"2025-07-29 22:00:00",3327.68,3329.17,3325.965,3327.69,1792
1753830000,"2025-07-29 23:00:00",3327.7,3328.385,3326.25,3327.56,2717
1753833600,"2025-07-30 00:00:00",3327.57,3333.765,3327.33,3330.305,8183
1753837200,"2025-07-30 01:00:00",3330.205,3333.355,3321.795,3323.255,17037
1753840800,"2025-07-30 02:00:00",3323.24,3332.46,3323.24,3329.465,12511
1753844400,"2025-07-30 03:00:00",3329.41,3329.97,3326.285,3328.44,5433
1753848000,"2025-07-30 04:00:00",3328.445,3329.875,3325.845,3327.19,5534
1753851600,"2025-07-30 05:00:00",3327.195,3330.77,3324.56,3324.96,9754
1753855200,"2025-07-30 06:00:00",3324.965,3327.66,3323.15,3327.345,14027
1753858800,"2025-07-30 07:00:00",3327.37,3332.31,3325.66,3327.775,12410
1753862400,"2025-07-30 08:00:00",3327.875,3333.485,3327.585,3332.285,10621
1753866000,"2025-07-30 09:00:00",3332.24,3334.09,3329.425,3331.335,9855
1753869600,"2025-07-30 10:00:00",3331.255,3333.085,3326.725,3328.515,15292
1753873200,"2025-07-30 11:00:00",3328.505,3331.68,3324.045,3330.93,17701
1753876800,"2025-07-30 12:00:00",3330.94,3331.965,3310.815,3313.38,28504
1753880400,"2025-07-30 13:00:00",3313.375,3316.28,3298.425,3303.135,49047
1753884000,"2025-07-30 14:00:00",3303.12,3308.455,3301.355,3302.205,32541
1753887600,"2025-07-30 15:00:00",3302.22,3303.425,3288.605,3290.445,29216
1753891200,"2025-07-30 16:00:00",3290.45,3298.69,3290.02,3298.175,16263
1753894800,"2025-07-30 17:00:00",3298.2,3302.58,3297.81,3302.485,16682
1753898400,"2025-07-30 18:00:00",3302.47,3305.19,3279.78,3280.39,48005
1753902000,"2025-07-30 19:00:00",3280.43,3282.77,3268.12,3269.4,47744
1753905600,"2025-07-30 20:00:00",3269.405,3276.435,3268.94,3275.29,10769
1753912800,"2025-07-30 22:00:00",3277.29,3279.97,3276.285,3278.915,3965
1753916400,"2025-07-30 23:00:00",3278.91,3285.91,3277.74,3285.41,5067
1753920000,"2025-07-31 00:00:00",3285.405,3288.485,3282.875,3286.475,11373
1753923600,"2025-07-31 01:00:00",3286.48,3293.99,3285.04,3293.86,16534
1753927200,"2025-07-31 02:00:00",3293.91,3297.655,3290.575,3297.455,9768
1753930800,"2025-07-31 03:00:00",3297.445,3298.76,3293.56,3294.94,9138
1753934400,"2025-07-31 04:00:00",3294.915,3298.51,3293.77,3298.15,7068
1753938000,"2025-07-31 05:00:00",3298.13,3301.96,3294.83,3299.87,9167
1753941600,"2025-07-31 06:00:00",3299.865,3305.135,3298.14,3299.125,15329
1753945200,"2025-07-31 07:00:00",3299.14,3309.88,3298.125,3304.765,11746
1753948800,"2025-07-31 08:00:00",3304.8,3314.985,3303.785,3309.915,12172
1753952400,"2025-07-31 09:00:00",3309.92,3313.13,3304.97,3306.79,13024
1753956000,"2025-07-31 10:00:00",3306.755,3308.24,3293.785,3296.35,17665
1753959600,"2025-07-31 11:00:00",3296.36,3307.875,3295.31,3306.275,20664
1753963200,"2025-07-31 12:00:00",3306.27,3311.285,3304.08,3307.685,21981
1753966800,"2025-07-31 13:00:00",3307.69,3310.455,3300.72,3301.39,34276
1753970400,"2025-07-31 14:00:00",3301.37,3303.31,3291.425,3296.19,43655
1753974000,"2025-07-31 15:00:00",3296.185,3299.145,3291.385,3295.505,32034
1753977600,"2025-07-31 16:00:00",3295.525,3297.475,3289.7,3295.14,27246
1753981200,"2025-07-31 17:00:00",3295.08,3298.495,3294.175,3294.995,22280
1753984800,"2025-07-31 18:00:00",3295.02,3297.22,3292.895,3295.745,19741
1753988400,"2025-07-31 19:00:00",3295.69,3296.385,3290.575,3291.025,18316
1753992000,"2025-07-31 20:00:00",3290.995,3293.825,3289.91,3290.12,4698
1753999200,"2025-07-31 22:00:00",3291.675,3295.33,3290.19,3295.105,1673
1754002800,"2025-07-31 23:00:00",3295.165,3295.165,3288.125,3288.645,4042
1754006400,"2025-08-01 00:00:00",3288.585,3293.945,3286.61,3290.265,6766
1754010000,"2025-08-01 01:00:00",3290.21,3293.53,3281.745,3283.855,11263
1754013600,"2025-08-01 02:00:00",3283.79,3292.425,3283.465,3291.785,10139
1754017200,"2025-08-01 03:00:00",3291.77,3297.19,3290.655,3291.505,6051
1754020800,"2025-08-01 04:00:00",3291.52,3295.535,3290.115,3292.19,5350
1754024400,"2025-08-01 05:00:00",3292.2,3300.54,3291.835,3296.695,7566
1754028000,"2025-08-01 06:00:00",3296.695,3297.7,3290.605,3292.515,11737
1754031600,"2025-08-01 07:00:00",3292.51,3293.535,3285.265,3286.84,9059
1754035200,"2025-08-01 08:00:00",3286.695,3294.495,3285.33,3294.36,9195
1754038800,"2025-08-01 09:00:00",3294.375,3296.44,3292.825,3294.555,9470
1754042400,"2025-08-01 10:00:00",3294.485,3303.18,3293.32,3298.34,9508
1754046000,"2025-08-01 11:00:00",3298.36,3301.5,3297.03,3300.495,12263
1754049600,"2025-08-01 12:00:00",3300.51,3345.275,3297.52,3341.26,47066
1754053200,"2025-08-01 13:00:00",3341.275,3354.875,3338.89,3342.325,57422
1754056800,"2025-08-01 14:00:00",3342.495,3355.182,3341.33,3345.88,48116
1754060400,"2025-08-01 15:00:00",3345.87,3351.295,3341.615,3348.635,32476
1754064000,"2025-08-01 16:00:00",3348.63,3349.53,3340.63,3347.4,22951
1754067600,"2025-08-01 17:00:00",3347.31,3349.49,3345.715,3348.25,21110
1754071200,"2025-08-01 18:00:00",3348.245,3351.325,3345.905,3347.665,18263
1754074800,"2025-08-01 19:00:00",3347.67,3361.335,3347.66,3357.185,23220
1754078400,"2025-08-01 20:00:00",3357.2,3363.6,3357.06,3362.895,6081
1754258400,"2025-08-03 22:00:00",3364.795,3364.815,3357.815,3359.34,6586
1754262000,"2025-08-03 23:00:00",3359.425,3362.24,3354.68,3362.215,4426
1754265600,"2025-08-04 00:00:00",3362.205,3362.5,3350.2,3352.265,8181
1754269200,"2025-08-04 01:00:00",3352.2,3353.75,3345.005,3352.355,10280
1754272800,"2025-08-04 02:00:00",3352.335,3355.4,3350.335,3354.4,6948
1754276400,"2025-08-04 03:00:00",3354.55,3360.925,3354.43,3360.35,6297
1754280000,"2025-08-04 04:00:00",3360.335,3362.25,3358.77,3359,4641
1754283600,"2025-08-04 05:00:00",3359.015,3361.02,3355.54,3357.68,4672
1754287200,"2025-08-04 06:00:00",3357.695,3362.705,3353.57,3362.62,12001
1754290800,"2025-08-04 07:00:00",3362.64,3362.64,3351.775,3355.905,13229
1754294400,"2025-08-04 08:00:00",3355.985,3359.93,3354.09,3358.605,10258
1754298000,"2025-08-04 09:00:00",3358.62,3361.86,3356.88,3358.045,12083
1754301600,"2025-08-04 10:00:00",3358.05,3358.835,3352.89,3357.965,10542
1754305200,"2025-08-04 11:00:00",3358,3370.785,3357.84,3370.41,14122
1754308800,"2025-08-04 12:00:00",3370.57,3371.595,3361.175,3367.815,19939
1754312400,"2025-08-04 13:00:00",3367.81,3385.535,3367.075,3383.315,34255
1754316000,"2025-08-04 14:00:00",3383.355,3384.695,3371.91,3374.035,28351
1754319600,"2025-08-04 15:00:00",3374.02,3376.17,3370.82,3374.37,20408
1754323200,"2025-08-04 16:00:00",3374.365,3378.24,3370.625,3370.97,17915
1754326800,"2025-08-04 17:00:00",3370.965,3374.415,3370.705,3374.09,12818
1754330400,"2025-08-04 18:00:00",3374.095,3376.915,3373.32,3375.835,11989
1754334000,"2025-08-04 19:00:00",3375.845,3377.205,3374.58,3376.145,9517
1754337600,"2025-08-04 20:00:00",3376.09,3377.045,3373.405,3373.635,2732
1754344800,"2025-08-04 22:00:00",3376.195,3376.52,3373.76,3374.86,1691
1754348400,"2025-08-04 23:00:00",3374.825,3379.785,3374.825,3377.385,3661
1754352000,"2025-08-05 00:00:00",3377.4,3381.46,3375.925,3379.875,5499
1754355600,"2025-08-05 01:00:00",3379.9,3382.37,3377.875,3379.1,8298
1754359200,"2025-08-05 02:00:00",3379.055,3381.405,3373.71,3373.71,7097
1754362800,"2025-08-05 03:00:00",3373.695,3375.515,3372.145,3372.2,4442
1754366400,"2025-08-05 04:00:00",3372.17,3373.255,3371.025,3371.27,2745
1754370000,"2025-08-05 05:00:00",3371.21,3374.18,3367.765,3374.14,8335
1754373600,"2025-08-05 06:00:00",3374.1,3374.195,3365.79,3366.285,9497
1754377200,"2025-08-05 07:00:00",3366.275,3375.51,3366.16,3373.71,14908
1754380800,"2025-08-05 08:00:00",3373.71,3374.66,3366.09,3366.13,11961
1754384400,"2025-08-05 09:00:00",3366.12,3366.32,3358.955,3359.66,12431
1754388000,"2025-08-05 10:00:00",3359.68,3361.79,3353.035,3353.225,12566
1754391600,"2025-08-05 11:00:00",3353.19,3354.465,3349.89,3351.455,12640
1754395200,"2025-08-05 12:00:00",3351.435,3367.005,3349.97,3366.22,19288
1754398800,"2025-08-05 13:00:00",3366.225,3379.825,3365.955,3373.66,25734
1754402400,"2025-08-05 14:00:00",3374.2,3386.66,3370.625,3385.29,40272
1754406000,"2025-08-05 15:00:00",3385.285,3390.245,3382.32,3389.555,19326
1754409600,"2025-08-05 16:00:00",3389.565,3390.6,3377.005,3382.11,15152
1754413200,"2025-08-05 17:00:00",3382.14,3382.915,3379.035,3380.205,13404
1754416800,"2025-08-05 18:00:00",3380.21,3381.27,3378.545,3380.13,10534
1754420400,"2025-08-05 19:00:00",3380.125,3381.455,3378.265,3379.135,9749
1754424000,"2025-08-05 20:00:00",3379.13,3381.125,3378.56,3380.96,2106
1754431200,"2025-08-05 22:00:00",3381.475,3381.505,3378.245,3379.83,1614
1754434800,"2025-08-05 23:00:00",3379.815,3384.09,3379.14,3383.345,3452
1754438400,"2025-08-06 00:00:00",3383.38,3385.365,3380.945,3383.505,6886
1754442000,"2025-08-06 01:00:00",3383.5,3383.715,3373.22,3376.285,11516
1754445600,"2025-08-06 02:00:00",3376.26,3377.935,3374.28,3376.335,6630
1754449200,"2025-08-06 03:00:00",3376.35,3378.43,3373.515,3374.75,4167
1754452800,"2025-08-06 04:00:00",3374.73,3376.585,3372.315,3372.56,2974
1754456400,"2025-08-06 05:00:00",3372.5,3374.795,3370.795,3374.395,6283
1754460000,"2025-08-06 06:00:00",3374.39,3378.845,3373.22,3375.215,9140
1754463600,"2025-08-06 07:00:00",3375.22,3377.27,3369.1,3373.685,10559
1754467200,"2025-08-06 08:00:00",3373.645,3374.86,3364.7,3365.205,11321
1754470800,"2025-08-06 09:00:00",3365.17,3367.965,3358.255,3358.93,11220
1754474400,"2025-08-06 10:00:00",3358.94,3365.585,3358.295,3363.77,12210
1754478000,"2025-08-06 11:00:00",3363.705,3367.05,3360.885,3365.27,8763
1754481600,"2025-08-06 12:00:00",3365.265,3369.35,3360.265,3367.615,16655
1754485200,"2025-08-06 13:00:00",3367.6,3373.625,3365.22,3371.75,30447
1754488800,"2025-08-06 14:00:00",3371.735,3379.4,3369.48,3379.31,23308
1754492400,"2025-08-06 15:00:00",3379.305,3380.09,3370.33,3377.555,23972
1754496000,"2025-08-06 16:00:00",3377.565,3379.465,3372.95,3376.175,18009
1754499600,"2025-08-06 17:00:00",3376.18,3377.74,3370.925,3374.585,23556
1754503200,"2025-08-06 18:00:00",3374.595,3374.64,3369.07,3371.655,18160
1754506800,"2025-08-06 19:00:00",3371.645,3373.275,3370.345,3371.78,16809
1754510400,"2025-08-06 20:00:00",3371.71,3372.215,3367.26,3369.27,5796
1754517600,"2025-08-06 22:00:00",3372.44,3374.71,3370.05,3372,4494
1754521200,"2025-08-06 23:00:00",3371.9,3371.9,3367.77,3370.21,6393
1754524800,"2025-08-07 00:00:00",3370.215,3374.84,3365.305,3372.385,30168
1754528400,"2025-08-07 01:00:00",3372.375,3382.485,3370.215,3382.42,29120
1754532000,"2025-08-07 02:00:00",3382.425,3384.3,3378.255,3379.725,11775
1754535600,"2025-08-07 03:00:00",3379.765,3380.345,3376.525,3379.74,12532
1754539200,"2025-08-07 04:00:00",3379.76,3380.76,3376.89,3377.74,14883
1754542800,"2025-08-07 05:00:00",3377.73,3381.17,3371.645,3375.64,32049
1754546400,"2025-08-07 06:00:00",3375.655,3388.005,3375.115,3387.98,38692
1754550000,"2025-08-07 07:00:00",3387.985,3397.58,3386.265,3396.24,32260
1754553600,"2025-08-07 08:00:00",3396.31,3396.645,3372.395,3378.51,50515
1754557200,"2025-08-07 09:00:00",3378.49,3381.315,3373.535,3376.68,38758
1754560800,"2025-08-07 10:00:00",3376.715,3378.91,3371.92,3373.095,22634
1754564400,"2025-08-07 11:00:00",3373.155,3383.415,3371.87,3378.29,36262
1754568000,"2025-08-07 12:00:00",3378.335,3389.98,3375.14,3380.735,29512
1754571600,"2025-08-07 13:00:00",3380.74,3393.965,3379.97,3384.995,48070
1754575200,"2025-08-07 14:00:00",3385.015,3390.5,3374.77,3387.815,68722
1754578800,"2025-08-07 15:00:00",3387.865,3391.065,3384.33,3390.255,27240
1754582400,"2025-08-07 16:00:00",3390.25,3392.685,3387.2,3388.9,19322
1754586000,"2025-08-07 17:00:00",3388.855,3393.12,3384.375,3392.4,25596
1754589600,"2025-08-07 18:00:00",3392.425,3394.18,3387.625,3388.26,20592
1754593200,"2025-08-07 19:00:00",3388.255,3400.895,3387.33,3399.945,31854
1754596800,"2025-08-07 20:00:00",3399.91,3401.885,3392.765,3396.48,24882
1754604000,"2025-08-07 22:00:00",3400.365,3409.43,3387.965,3405.44,21045
1754607600,"2025-08-07 23:00:00",3405.38,3407.425,3396.485,3400.625,6878
1754611200,"2025-08-08 00:00:00",3400.64,3402.34,3387.155,3388.802,79465
1754614800,"2025-08-08 01:00:00",3389.42,3390.68,3381.215,3383.54,64517
1754618400,"2025-08-08 02:00:00",3383.53,3389.925,3383.21,3388.425,46728
1754622000,"2025-08-08 03:00:00",3388.43,3398.21,3383.58,3396.05,64339
1754625600,"2025-08-08 04:00:00",3396.12,3399.595,3393.36,3394.475,48272
1754629200,"2025-08-08 05:00:00",3394.5,3395.88,3390.04,3392.44,47393
1754632800,"2025-08-08 06:00:00",3392.38,3398.18,3388.8,3393.695,59705
1754636400,"2025-08-08 07:00:00",3393.63,3404.28,3391.775,3402.33,80753
1754640000,"2025-08-08 08:00:00",3402.225,3402.635,3394.16,3394.455,56584
1754643600,"2025-08-08 09:00:00",3394.445,3401.755,3393.9,3400.795,71907
1754647200,"2025-08-08 10:00:00",3400.735,3401.24,3384.535,3385.155,74876
1754650800,"2025-08-08 11:00:00",3385.12,3388.705,3380.455,3386.17,85372
1754654400,"2025-08-08 12:00:00",3386.18,3402.57,3385.15,3391.615,103628
1754658000,"2025-08-08 13:00:00",3391.575,3401.82,3387.585,3400.16,83943
1754661600,"2025-08-08 14:00:00",3400.145,3401.34,3381.32,3390.715,65037
1754665200,"2025-08-08 15:00:00",3390.73,3395.505,3388.905,3395.42,48993
1754668800,"2025-08-08 16:00:00",3395.425,3400.75,3393.495,3397.57,35860
1754672400,"2025-08-08 17:00:00",3397.47,3399.59,3378.335,3381.835,35102
1754676000,"2025-08-08 18:00:00",3382.88,3403.96,3376.575,3395.555,75544
1754679600,"2025-08-08 19:00:00",3395.5,3400.885,3392.4,3398.585,43793
1754683200,"2025-08-08 20:00:00",3398.76,3400.065,3391.965,3397.765,14750
1754863200,"2025-08-10 22:00:00",3399.75,3401.395,3378.895,3395.295,7523
1754866800,"2025-08-10 23:00:00",3395.205,3397.035,3390.115,3391.39,6473
1754870400,"2025-08-11 00:00:00",3391.535,3391.825,3381.425,3381.74,31185
1754874000,"2025-08-11 01:00:00",3381.745,3383.975,3367.55,3377.645,44531
1754877600,"2025-08-11 02:00:00",3377.645,3379.895,3369.895,3377.27,21472
1754881200,"2025-08-11 03:00:00",3377.265,3380.305,3374.025,3378.44,13943
1754884800,"2025-08-11 04:00:00",3378.61,3379.86,3375.54,3375.975,12366
1754888400,"2025-08-11 05:00:00",3375.91,3380.2,3373.865,3377.115,12934
1754892000,"2025-08-11 06:00:00",3377.13,3377.42,3363.815,3365.815,28244
1754895600,"2025-08-11 07:00:00",3365.75,3366.67,3357.02,3360.185,37920
1754899200,"2025-08-11 08:00:00",3360.13,3366.15,3358.95,3362.01,29173
1754902800,"2025-08-11 09:00:00",3361.98,3363.955,3352.965,3353.355,30220
1754906400,"2025-08-11 10:00:00",3353.365,3364.11,3353.11,3358.505,24378
1754910000,"2025-08-11 11:00:00",3358.555,3358.91,3349.915,3355.435,32202
1754913600,"2025-08-11 12:00:00",3355.46,3357.705,3344.42,3356.91,39961
1754917200,"2025-08-11 13:00:00",3356.86,3363.005,3348.04,3358.545,42623
1754920800,"2025-08-11 14:00:00",3358.615,3359.445,3341.46,3346.38,35719
1754924400,"2025-08-11 15:00:00",3346.435,3352.325,3344.855,3349.54,24966
1754928000,"2025-08-11 16:00:00",3349.545,3350.4,3342.64,3344.21,25909
1754931600,"2025-08-11 17:00:00",3344.205,3358.88,3341.155,3357.635,38464
1754935200,"2025-08-11 18:00:00",3357.645,3358.865,3352.435,3356.255,21417
1754938800,"2025-08-11 19:00:00",3356.26,3356.92,3350.41,3351.525,18259
1754942400,"2025-08-11 20:00:00",3351.495,3351.785,3342.335,3342.665,8508
1754949600,"2025-08-11 22:00:00",3344.04,3347.51,3342.495,3347.365,4689
1754953200,"2025-08-11 23:00:00",3347.345,3349.69,3346.155,3349.09,4959
1754956800,"2025-08-12 00:00:00",3349.125,3355.77,3347.42,3354.595,11053
1754960400,"2025-08-12 01:00:00",3354.59,3357.51,3346.225,3349.945,15763
1754964000,"2025-08-12 02:00:00",3349.885,3354.475,3349.795,3353.075,9749
1754967600,"2025-08-12 03:00:00",3353.085,3355.42,3348.16,3349.57,10659
1754971200,"2025-08-12 04:00:00",3349.54,3355.77,3348.735,3354.47,8175
1754974800,"2025-08-12 05:00:00",3354.46,3355.87,3350.445,3354.515,11736
1754978400,"2025-08-12 06:00:00",3354.525,3354.91,3342.31,3345.58,22637
1754982000,"2025-08-12 07:00:00",3345.59,3358.25,3343.84,3355.64,14242
1754985600,"2025-08-12 08:00:00",3355.63,3355.875,3345.585,3347.96,12931
1754989200,"2025-08-12 09:00:00",3347.975,3351.915,3344.385,3345.495,10746
1754992800,"2025-08-12 10:00:00",3345.46,3350.59,3343.965,3344.745,10143
1754996400,"2025-08-12 11:00:00",3344.8,3348.475,3336.215,3347.605,18399
1755000000,"2025-08-12 12:00:00",3347.6,3358.2,3338.54,3349.95,38971
1755003600,"2025-08-12 13:00:00",3349.88,3357.25,3340.03,3345.575,51406
1755007200,"2025-08-12 14:00:00",3345.55,3346.715,3331.17,3337.595,42324
1755010800,"2025-08-12 15:00:00",3337.6,3359.34,3337.05,3349.81,41477
1755014400,"2025-08-12 16:00:00",3349.845,3351.275,3345.985,3349.525,21570
1755018000,"2025-08-12 17:00:00",3349.53,3350.77,3346.43,3349.1,15790
1755021600,"2025-08-12 18:00:00",3349.1,3350.93,3347.6,3349.105,15812
1755025200,"2025-08-12 19:00:00",3349.09,3349.49,3345.595,3347.66,14289
1755028800,"2025-08-12 20:00:00",3347.655,3350.275,3346.025,3348.345,4389
1755036000,"2025-08-12 22:00:00",3350.165,3353.875,3349.295,3350.58,1845
1755039600,"2025-08-12 23:00:00",3350.565,3352.145,3349.785,3350.66,2659
1755043200,"2025-08-13 00:00:00",3350.645,3350.86,3342.635,3343.625,13040
1755046800,"2025-08-13 01:00:00",3343.64,3352.085,3342.695,3350.97,15676
1755050400,"2025-08-13 02:00:00",3350.99,3354.505,3346.675,3351.905,13242
1755054000,"2025-08-13 03:00:00",3351.915,3353.06,3348.63,3349.72,8061
1755057600,"2025-08-13 04:00:00",3349.705,3352.415,3348.29,3351.82,4128
1755061200,"2025-08-13 05:00:00",3351.805,3352.175,3345.57,3349.29,11846
1755064800,"2025-08-13 06:00:00",3349.28,3357.78,3348.945,3357.35,17962
1755068400,"2025-08-13 07:00:00",3357.345,3360.985,3354.06,3354.74,15881
1755072000,"2025-08-13 08:00:00",3354.71,3363.615,3352.915,3360.38,15632
1755075600,"2025-08-13 09:00:00",3360.43,3366.805,3358.69,3364.8,15318
1755079200,"2025-08-13 10:00:00",3364.735,3367.095,3363.16,3366.18,10417
1755082800,"2025-08-13 11:00:00",3366.175,3367.09,3358.925,3362.42,19486
1755086400,"2025-08-13 12:00:00",3362.435,3363.9,3355.545,3358.125,25214
1755090000,"2025-08-13 13:00:00",3358.095,3365.95,3354.16,3365.175,29691
1755093600,"2025-08-13 14:00:00",3365.185,3370.825,3361.12,3363.185,27954
1755097200,"2025-08-13 15:00:00",3363.22,3363.865,3354.495,3357.795,22398
1755100800,"2025-08-13 16:00:00",3357.81,3360.94,3357.035,3357.915,14618
1755104400,"2025-08-13 17:00:00",3357.91,3359.44,3352.765,3353.725,13933
1755108000,"2025-08-13 18:00:00",3353.74,3354.475,3350.015,3353.825,10678
1755111600,"2025-08-13 19:00:00",3353.83,3358.89,3352.695,3357.99,7289
1755115200,"2025-08-13 20:00:00",3357.885,3358.315,3355.6,3355.695,1990
1755122400,"2025-08-13 22:00:00",3357.46,3358.395,3356.71,3357.665,1246
1755126000,"2025-08-13 23:00:00",3357.68,3363.595,3357.68,3362.95,4838
1755129600,"2025-08-14 00:00:00",3362.945,3374.805,3362.87,3369.61,13493
1755133200,"2025-08-14 01:00:00",3369.585,3370.935,3365.235,3367.49,13892
1755136800,"2025-08-14 02:00:00",3367.505,3369.33,3362.835,3362.86,12625
1755140400,"2025-08-14 03:00:00",3362.85,3364.14,3355.595,3360.64,16306
1755144000,"2025-08-14 04:00:00",3360.71,3361.85,3358.65,3360.5,7441
1755147600,"2025-08-14 05:00:00",3360.51,3362.08,3356.38,3358.96,9024
1755151200,"2025-08-14 06:00:00",3358.915,3362.48,3355.94,3362.15,16198
1755154800,"2025-08-14 07:00:00",3362.13,3366.65,3343.605,3346.15,23491
1755158400,"2025-08-14 08:00:00",3346.07,3350.435,3341.455,3346.23,20214
1755162000,"2025-08-14 09:00:00",3346.225,3359.215,3345.155,3356.56,15170
1755165600,"2025-08-14 10:00:00",3356.535,3359.195,3352.15,3355.01,12126
1755169200,"2025-08-14 11:00:00",3355.005,3357.18,3352.67,3355.545,10360
1755172800,"2025-08-14 12:00:00",3355.56,3358.53,3342.125,3350.64,32030
1755176400,"2025-08-14 13:00:00",3350.555,3356.175,3343.77,3344.22,40631
1755180000,"2025-08-14 14:00:00",3344.17,3346.75,3334.245,3340.685,36953
1755183600,"2025-08-14 15:00:00",3340.77,3343.03,3335.53,3341.865,21493
1755187200,"2025-08-14 16:00:00",3341.89,3342.15,3329.85,3334.44,19593
1755190800,"2025-08-14 17:00:00",3334.45,3338.665,3331.915,3337.855,14794
1755194400,"2025-08-14 18:00:00",3337.87,3339.375,3336.055,3338.27,11522
1755198000,"2025-08-14 19:00:00",3338.265,3341.08,3337.975,3338.055,7823
1755201600,"2025-08-14 20:00:00",3338.04,3338.6,3334.565,3335.585,3681
1755208800,"2025-08-14 22:00:00",3336.795,3337.215,3332.635,3333.51,2965
1755212400,"2025-08-14 23:00:00",3333.535,3336.595,3332.34,3335.51,2780
1755216000,"2025-08-15 00:00:00",3335.515,3338.715,3332.425,3337.085,8167
1755219600,"2025-08-15 01:00:00",3337.105,3340.41,3333.415,3339.705,9893
1755223200,"2025-08-15 02:00:00",3339.66,3340.945,3336.71,3340.53,6854
1755226800,"2025-08-15 03:00:00",3340.525,3345.015,3340.15,3343.455,5976
1755230400,"2025-08-15 04:00:00",3343.405,3346.765,3343.375,3345.515,6666
1755234000,"2025-08-15 05:00:00",3345.52,3348.915,3342.035,3343.87,6744
1755237600,"2025-08-15 06:00:00",3343.87,3344.165,3340.3,3340.6,7242
1755241200,"2025-08-15 07:00:00",3340.575,3346.775,3340.175,3346.445,10939
1755244800,"2025-08-15 08:00:00",3346.465,3348.265,3338.43,3341.47,11410
1755248400,"2025-08-15 09:00:00",3341.455,3345.13,3338.605,3342.78,9571
1755252000,"2025-08-15 10:00:00",3342.845,3342.845,3336.345,3337.85,8980
1755255600,"2025-08-15 11:00:00",3337.865,3344.145,3337.205,3342.355,11514
1755259200,"2025-08-15 12:00:00",3342.405,3344.05,3333.6,3342.74,22686
1755262800,"2025-08-15 13:00:00",3342.775,3346.1,3333.06,3335.485,26168
1755266400,"2025-08-15 14:00:00",3335.285,3343.715,3335.08,3341.9,18857
1755270000,"2025-08-15 15:00:00",3341.86,3345.245,3341.35,3342.375,11749
1755273600,"2025-08-15 16:00:00",3342.39,3342.505,3335.86,3338.225,12921
1755277200,"2025-08-15 17:00:00",3338.24,3339.08,3335.205,3336.12,7047
1755280800,"2025-08-15 18:00:00",3336.17,3338.355,3334.82,3336.085,5491
1755284400,"2025-08-15 19:00:00",3336.105,3339.685,3334.485,3339.115,9671
1755288000,"2025-08-15 20:00:00",3339.135,3339.5,3335.34,3335.7,3689
1755468000,"2025-08-17 22:00:00",3335.23,3335.77,3333.1,3334.435,2163
1755471600,"2025-08-17 23:00:00",3334.42,3334.63,3323.685,3327.16,5772
1755475200,"2025-08-18 00:00:00",3327.165,3342.92,3326.975,3340.575,15212
1755478800,"2025-08-18 01:00:00",3340.57,3347.56,3339.685,3346.985,17112
1755482400,"2025-08-18 02:00:00",3346.95,3347.695,3342.395,3343.515,9201
1755486000,"2025-08-18 03:00:00",3343.46,3351.88,3343.425,3347.225,7883
1755489600,"2025-08-18 04:00:00",3347.18,3358.275,3346.955,3357.63,9213
1755493200,"2025-08-18 05:00:00",3357.635,3358.49,3346.615,3349.595,14034
1755496800,"2025-08-18 06:00:00",3349.6,3351.3,3346.18,3349.645,12139
1755500400,"2025-08-18 07:00:00",3349.67,3355.805,3347.3,3349.045,15260
1755504000,"2025-08-18 08:00:00",3349.05,3349.95,3344.645,3348.72,12056
1755507600,"2025-08-18 09:00:00",3348.69,3351.775,3347.6,3348.07,12296
1755511200,"2025-08-18 10:00:00",3348.06,3351.525,3346.56,3346.635,9450
1755514800,"2025-08-18 11:00:00",3346.63,3348.8,3344.74,3345.485,8717
1755518400,"2025-08-18 12:00:00",3345.5,3348.795,3343.125,3344.835,17537
1755522000,"2025-08-18 13:00:00",3344.815,3345.03,3335.69,3336.89,26935
1755525600,"2025-08-18 14:00:00",3336.885,3338.76,3332.585,3334.375,27010
1755529200,"2025-08-18 15:00:00",3334.41,3336.9,3332.335,3335.72,16291
1755532800,"2025-08-18 16:00:00",3335.73,3335.905,3331.775,3334.33,12069
1755536400,"2025-08-18 17:00:00",3334.335,3335,3331.78,3333.73,10575
1755540000,"2025-08-18 18:00:00",3333.74,3333.93,3331.575,3332.05,6111
1755543600,"2025-08-18 19:00:00",3332.065,3334.375,3330.355,3333.635,6446
1755547200,"2025-08-18 20:00:00",3333.65,3334.285,3332.6,3332.895,1658
1755554400,"2025-08-18 22:00:00",3333.695,3334.765,3332.905,3334.455,1206
1755558000,"2025-08-18 23:00:00",3334.515,3334.75,3330.565,3330.965,3532
1755561600,"2025-08-19 00:00:00",3330.915,3339.355,3326.285,3335.24,11867
1755565200,"2025-08-19 01:00:00",3335.3,3335.68,3330.305,3333.04,12622
1755568800,"2025-08-19 02:00:00",3332.935,3338.245,3329.52,3338.225,8556
1755572400,"2025-08-19 03:00:00",3338.22,3341.695,3337.13,3337.83,10503
1755576000,"2025-08-19 04:00:00",3337.835,3338.22,3334.525,3337.77,4806
1755579600,"2025-08-19 05:00:00",3337.7,3340.805,3335.775,3336.17,8071
1755583200,"2025-08-19 06:00:00",3336.165,3338.81,3334.585,3336.055,7297
1755586800,"2025-08-19 07:00:00",3336.08,3341.885,3335.04,3340.835,9296
1755590400,"2025-08-19 08:00:00",3340.86,3341.115,3336.455,3338.005,6290
1755594000,"2025-08-19 09:00:00",3338.01,3339.77,3336.955,3339.355,5204
1755597600,"2025-08-19 10:00:00",3339.39,3345.465,3339.35,3343.74,5703
1755601200,"2025-08-19 11:00:00",3343.705,3344.91,3339.305,3339.78,7112
1755604800,"2025-08-19 12:00:00",3339.8,3340.605,3334.345,3334.76,10923
1755608400,"2025-08-19 13:00:00",3334.745,3339.555,3325.785,3334.05,22249
1755612000,"2025-08-19 14:00:00",3334.03,3337,3320.965,3325.4,22011
1755615600,"2025-08-19 15:00:00",3325.46,3326.755,3321.69,3322.69,11798
1755619200,"2025-08-19 16:00:00",3322.705,3324.475,3317.1,3317.575,10874
1755622800,"2025-08-19 17:00:00",3317.55,3320.335,3315.005,3317.6,10598
1755626400,"2025-08-19 18:00:00",3317.59,3320.22,3316.83,3318.555,5716
1755630000,"2025-08-19 19:00:00",3318.555,3319.005,3315.575,3315.965,9519
1755633600,"2025-08-19 20:00:00",3315.98,3317.525,3315.13,3315.7,2275
1755640800,"2025-08-19 22:00:00",3316.49,3317.725,3315.815,3316.895,1590
1755644400,"2025-08-19 23:00:00",3316.85,3316.85,3313.005,3314.395,3821
1755648000,"2025-08-20 00:00:00",3314.405,3317.025,3312.815,3316.16,9014
1755651600,"2025-08-20 01:00:00",3316.165,3317.88,3311.56,3315.38,14717
1755655200,"2025-08-20 02:00:00",3315.34,3317.23,3312.425,3314.095,9524
1755658800,"2025-08-20 03:00:00",3314.085,3318.71,3314.065,3317.65,7880
1755662400,"2025-08-20 04:00:00",3317.665,3320.97,3317.25,3318.7,4715
1755666000,"2025-08-20 05:00:00",3318.72,3324.02,3318.29,3323.545,7671
1755669600,"2025-08-20 06:00:00",3323.55,3326.015,3322.255,3323.21,13257
1755673200,"2025-08-20 07:00:00",3323.19,3327.61,3321.69,3324.89,8843
1755676800,"2025-08-20 08:00:00",3324.86,3325.815,3321.07,3325.13,10051
1755680400,"2025-08-20 09:00:00",3325.105,3327.54,3323.67,3326.31,9448
1755684000,"2025-08-20 10:00:00",3326.275,3328,3323.87,3326.54,8996
1755687600,"2025-08-20 11:00:00",3326.55,3332.975,3325.855,3332.435,13609
1755691200,"2025-08-20 12:00:00",3332.445,3344.885,3332.21,3342.925,21672
1755694800,"2025-08-20 13:00:00",3342.93,3348.365,3338.905,3344.975,23180
1755698400,"2025-08-20 14:00:00",3344.96,3350.275,3340.09,3347.095,19675
1755702000,"2025-08-20 15:00:00",3347.09,3347.11,3338.95,3340.83,13240
1755705600,"2025-08-20 16:00:00",3340.835,3346.16,3340.825,3345.285,10957
1755709200,"2025-08-20 17:00:00",3345.295,3348.175,3344.2,3347.065,9466
1755712800,"2025-08-20 18:00:00",3347.065,3347.225,3344.095,3345.8,11669
1755716400,"2025-08-20 19:00:00",3345.795,3349.325,3345.18,3348.77,10989
1755720000,"2025-08-20 20:00:00",3348.745,3349.42,3347.585,3348.485,2776
1755727200,"2025-08-20 22:00:00",3351.2,3352.3,3348.73,3349.78,3047
1755730800,"2025-08-20 23:00:00",3349.7,3349.715,3346.495,3347.08,2224
1755734400,"2025-08-21 00:00:00",3347.065,3347.065,3341.585,3342.29,5714
1755738000,"2025-08-21 01:00:00",3342.295,3346.6,3340.805,3342.845,9735
1755741600,"2025-08-21 02:00:00",3342.785,3345.105,3340.465,3344.76,6849
1755745200,"2025-08-21 03:00:00",3344.745,3344.885,3339.735,3339.91,4837
1755748800,"2025-08-21 04:00:00",3339.885,3341.235,3338.03,3338.385,3641
1755752400,"2025-08-21 05:00:00",3338.395,3340.885,3337.15,3338.905,6543
1755756000,"2025-08-21 06:00:00",3338.89,3339.95,3334.285,3336.765,9761
1755759600,"2025-08-21 07:00:00",3336.75,3341.615,3335.54,3339.775,8270
1755763200,"2025-08-21 08:00:00",3339.76,3341.44,3337.85,3339.615,7581
1755766800,"2025-08-21 09:00:00",3339.62,3342.285,3338.09,3340.86,8191
1755770400,"2025-08-21 10:00:00",3340.885,3341.745,3327.6,3328.535,12303
1755774000,"2025-08-21 11:00:00",3328.53,3334.505,3325.28,3333.7,12871
1755777600,"2025-08-21 12:00:00",3333.7,3345.135,3333.7,3341.92,22662
1755781200,"2025-08-21 13:00:00",3341.945,3347.645,3336.095,3339.405,27337
1755784800,"2025-08-21 14:00:00",3339.425,3348.24,3337.915,3344.27,30362
1755788400,"2025-08-21 15:00:00",3344.285,3346.335,3337.56,3343.77,23344
1755792000,"2025-08-21 16:00:00",3343.765,3344.045,3338.345,3339.805,13942
1755795600,"2025-08-21 17:00:00",3339.815,3342.175,3337.04,3337.095,11466
1755799200,"2025-08-21 18:00:00",3337.145,3339.615,3336.655,3339.385,7815
1755802800,"2025-08-21 19:00:00",3339.395,3341.995,3337.995,3338.935,7476
1755806400,"2025-08-21 20:00:00",3338.93,3339.305,3337.98,3338.71,1221
1755813600,"2025-08-21 22:00:00",3340.14,3340.775,3338.765,3339.025,1456
1755817200,"2025-08-21 23:00:00",3339.05,3339.635,3337.52,3338.525,2065
1755820800,"2025-08-22 00:00:00",3338.52,3339.895,3335.185,3339.66,5575
1755824400,"2025-08-22 01:00:00",3339.665,3340.34,3333.72,3334.065,8447
1755828000,"2025-08-22 02:00:00",3334.06,3336.27,3332.845,3334.18,7183
1755831600,"2025-08-22 03:00:00",3334.145,3335.44,3331.85,3332.015,6073
1755835200,"2025-08-22 04:00:00",3332.05,3332.745,3328.075,3328.51,5389
1755838800,"2025-08-22 05:00:00",3328.49,3331.555,3327.21,3330.17,6583
1755842400,"2025-08-22 06:00:00",3330.155,3330.47,3325.675,3329.62,9998
1755846000,"2025-08-22 07:00:00",3329.605,3335.15,3325.785,3327.54,14371
1755849600,"2025-08-22 08:00:00",3327.545,3330.835,3325.38,3328.875,12759
1755853200,"2025-08-22 09:00:00",3328.87,3331.88,3328.245,3330.27,6972
1755856800,"2025-08-22 10:00:00",3330.3,3331.775,3329.05,3330.995,6478
1755860400,"2025-08-22 11:00:00",3331,3331.105,3327.7,3329.425,9631
1755864000,"2025-08-22 12:00:00",3329.37,3330.01,3321.455,3323.595,25031
1755867600,"2025-08-22 13:00:00",3323.6,3336.31,3323.275,3334.005,20537
1755871200,"2025-08-22 14:00:00",3333.97,3376.765,3333.97,3373.9,74360
1755874800,"2025-08-22 15:00:00",3373.89,3378.835,3367.345,3367.85,31923
1755878400,"2025-08-22 16:00:00",3367.785,3374.325,3367.785,3370.47,13558
1755882000,"2025-08-22 17:00:00",3370.485,3375.555,3370.385,3374.35,9686
1755885600,"2025-08-22 18:00:00",3374.33,3375.115,3371.085,3372.76,9223
1755889200,"2025-08-22 19:00:00",3372.785,3373.585,3368.835,3373.23,12224
1755892800,"2025-08-22 20:00:00",3373.21,3373.675,3370.19,3371.23,4731
1756072800,"2025-08-24 22:00:00",3368.725,3370.095,3365.995,3367.42,2044
1756076400,"2025-08-24 23:00:00",3367.47,3371.145,3366.54,3369.155,3327
1756080000,"2025-08-25 00:00:00",3369.145,3369.725,3363.435,3364.895,7182
1756083600,"2025-08-25 01:00:00",3365.015,3367.975,3360.69,3362.92,8565
1756087200,"2025-08-25 02:00:00",3362.915,3365.285,3359.78,3364.575,7011
1756090800,"2025-08-25 03:00:00",3364.52,3368.24,3364.3,3367.36,4776
1756094400,"2025-08-25 04:00:00",3367.35,3367.685,3363.885,3366.21,3642
1756098000,"2025-08-25 05:00:00",3366.205,3366.235,3363.16,3364.78,3585
1756101600,"2025-08-25 06:00:00",3364.765,3369.64,3364.675,3368.975,5822
1756105200,"2025-08-25 07:00:00",3368.97,3369.965,3366.005,3366.18,5078
1756108800,"2025-08-25 08:00:00",3366.255,3366.815,3363.395,3364.06,4892
1756112400,"2025-08-25 09:00:00",3364.03,3368.165,3361.985,3367.475,5350
1756116000,"2025-08-25 10:00:00",3367.51,3368.6,3365.095,3365.995,4802
1756119600,"2025-08-25 11:00:00",3366.005,3371.675,3365.705,3370.625,4935
1756123200,"2025-08-25 12:00:00",3370.685,3371.32,3364.25,3364.525,7669
1756126800,"2025-08-25 13:00:00",3364.55,3371.45,3362.14,3370.805,15580
1756130400,"2025-08-25 14:00:00",3370.825,3375.425,3369.24,3374.49,18408
1756134000,"2025-08-25 15:00:00",3374.49,3376.375,3372,3374.055,9983
1756137600,"2025-08-25 16:00:00",3374.05,3374.42,3371.79,3373.975,6107
1756141200,"2025-08-25 17:00:00",3374.005,3374.945,3370.92,3371.06,6563
1756144800,"2025-08-25 18:00:00",3371.075,3373.315,3369.96,3370.62,5729
1756148400,"2025-08-25 19:00:00",3370.61,3370.985,3365.205,3365.405,8220
1756152000,"2025-08-25 20:00:00",3365.41,3366.135,3364.335,3365.72,3103
1756159200,"2025-08-25 22:00:00",3366.605,3367.23,3363.795,3364.225,1809
1756162800,"2025-08-25 23:00:00",3364.22,3364.275,3351.68,3354.98,10718
1756166400,"2025-08-26 00:00:00",3354.99,3386.685,3351.33,3383.18,37159
1756170000,"2025-08-26 01:00:00",3383.145,3384.95,3371.665,3376.94,23978
1756173600,"2025-08-26 02:00:00",3376.85,3379.17,3372.88,3375.435,10571
1756177200,"2025-08-26 03:00:00",3375.35,3375.555,3369.735,3372.315,10180
1756180800,"2025-08-26 04:00:00",3372.26,3379.095,3372.155,3377.57,7905
1756184400,"2025-08-26 05:00:00",3377.59,3379.17,3372.58,3376.685,10569
1756188000,"2025-08-26 06:00:00",3376.65,3377.825,3372.525,3376.31,14187
1756191600,"2025-08-26 07:00:00",3376.315,3379.185,3367.19,3376.835,17419
1756195200,"2025-08-26 08:00:00",3376.82,3379.98,3375.645,3376.83,13756
1756198800,"2025-08-26 09:00:00",3376.825,3378.73,3369.51,3372.11,14028
1756202400,"2025-08-26 10:00:00",3372.09,3375.33,3367.09,3372.135,11508
1756206000,"2025-08-26 11:00:00",3372.165,3380.515,3370.875,3377.635,18852
1756209600,"2025-08-26 12:00:00",3377.635,3379.805,3371.015,3372.13,20800
1756213200,"2025-08-26 13:00:00",3372.13,3378.27,3370.535,3375.85,32147
1756216800,"2025-08-26 14:00:00",3375.845,3379.715,3370.31,3379.495,26271
1756220400,"2025-08-26 15:00:00",3379.51,3389.415,3378.695,3386.705,18930
1756224000,"2025-08-26 16:00:00",3386.71,3387.765,3382.545,3383.075,15979
1756227600,"2025-08-26 17:00:00",3383.1,3385.87,3381.62,3381.77,12167
1756231200,"2025-08-26 18:00:00",3381.775,3385.78,3380.355,3385.695,10803
1756234800,"2025-08-26 19:00:00",3385.69,3390.965,3385.195,3389.75,13894
1756238400,"2025-08-26 20:00:00",3389.735,3393.745,3389.24,3393.745,2990
1756245600,"2025-08-26 22:00:00",3390.75,3391.935,3388.88,3391.065,2461
1756249200,"2025-08-26 23:00:00",3390.99,3392.885,3390.05,3390.925,2730
1756252800,"2025-08-27 00:00:00",3390.935,3393.55,3388.99,3389.585,10102
1756256400,"2025-08-27 01:00:00",3389.59,3390.04,3383.335,3386.385,15420
1756260000,"2025-08-27 02:00:00",3386.335,3387.15,3382.225,3384.22,9764
1756263600,"2025-08-27 03:00:00",3384.335,3384.56,3380.535,3380.645,7335
1756267200,"2025-08-27 04:00:00",3380.64,3381.245,3373.92,3374.99,10001
1756270800,"2025-08-27 05:00:00",3375.06,3379.005,3374.095,3377.325,9327
1756274400,"2025-08-27 06:00:00",3377.33,3382.075,3376.37,3377.435,12131
1756278000,"2025-08-27 07:00:00",3377.43,3381.69,3373.785,3381.595,12999
1756281600,"2025-08-27 08:00:00",3381.57,3385.075,3380.95,3384.665,13190
1756285200,"2025-08-27 09:00:00",3384.68,3385.58,3377.555,3378.165,10060
1756288800,"2025-08-27 10:00:00",3378.185,3379.29,3374.85,3375.55,16717
1756292400,"2025-08-27 11:00:00",3375.57,3378.21,3373.75,3376.8,11329
1756296000,"2025-08-27 12:00:00",3376.76,3382.98,3374.34,3381.195,21007
1756299600,"2025-08-27 13:00:00",3381.265,3384.98,3375.63,3377.9,29013
1756303200,"2025-08-27 14:00:00",3377.925,3386.975,3376.145,3386.575,23824
1756306800,"2025-08-27 15:00:00",3386.625,3390.44,3385.225,3388.095,16004
1756310400,"2025-08-27 16:00:00",3388.145,3398.79,3387.62,3395.55,20790
1756314000,"2025-08-27 17:00:00",3395.52,3397.505,3394.92,3395.235,16266
1756317600,"2025-08-27 18:00:00",3395.215,3396.35,3392.38,3394.585,12128
1756321200,"2025-08-27 19:00:00",3394.605,3396.445,3393.79,3396.295,11094
1756324800,"2025-08-27 20:00:00",3396.325,3398.315,3394.295,3397.72,4908
1756332000,"2025-08-27 22:00:00",3398.405,3398.73,3394.725,3395.895,2586
1756335600,"2025-08-27 23:00:00",3395.895,3399.365,3395.16,3395.76,4925
1756339200,"2025-08-28 00:00:00",3395.755,3398.14,3391.19,3391.98,8490
1756342800,"2025-08-28 01:00:00",3391.985,3392.87,3385.53,3386.005,22945
1756346400,"2025-08-28 02:00:00",3385.905,3391.565,3384.62,3391.55,14129
1756350000,"2025-08-28 03:00:00",3391.54,3392.545,3389.045,3390.295,8585
1756353600,"2025-08-28 04:00:00",3390.26,3392.315,3388.825,3390.39,4485
1756357200,"2025-08-28 05:00:00",3390.385,3391.03,3387.685,3389.275,7838
1756360800,"2025-08-28 06:00:00",3389.28,3395.835,3388.89,3395.45,14689
1756364400,"2025-08-28 07:00:00",3395.455,3397.79,3393.765,3395.92,13438
1756368000,"2025-08-28 08:00:00",3395.98,3401.12,3394.085,3400.775,15427
1756371600,"2025-08-28 09:00:00",3400.79,3401.73,3398.49,3399.23,9280
1756375200,"2025-08-28 10:00:00",3399.15,3399.21,3393.955,3397.15,17219
1756378800,"2025-08-28 11:00:00",3397.08,3407.645,3396.39,3404.195,18556
1756382400,"2025-08-28 12:00:00",3404.18,3408.78,3396.855,3397.27,36024
1756386000,"2025-08-28 13:00:00",3397.275,3410.53,3394.28,3407.22,43845
1756389600,"2025-08-28 14:00:00",3407.295,3413.645,3406.465,3412.44,32769
1756393200,"2025-08-28 15:00:00",3412.44,3413.365,3404.565,3411.045,21611
1756396800,"2025-08-28 16:00:00",3411.05,3417.82,3410.05,3415.59,20382
1756400400,"2025-08-28 17:00:00",3415.595,3418.905,3414.595,3418.035,19441
1756404000,"2025-08-28 18:00:00",3418.05,3420.455,3417.31,3420.205,14763
1756407600,"2025-08-28 19:00:00",3420.215,3423.18,3418.035,3422.125,25538
1756411200,"2025-08-28 20:00:00",3422.135,3422.455,3416.38,3417.06,6975
1756418400,"2025-08-28 22:00:00",3417.035,3417.82,3415.675,3416.78,2210
1756422000,"2025-08-28 23:00:00",3416.685,3416.75,3414.79,3414.8,2185
1756425600,"2025-08-29 00:00:00",3414.81,3417.945,3413.095,3413.475,10998
1756429200,"2025-08-29 01:00:00",3413.5,3413.645,3407.905,3409.895,20453
1756432800,"2025-08-29 02:00:00",3409.83,3414.125,3409.795,3411.44,13917
1756436400,"2025-08-29 03:00:00",3411.455,3413.69,3409.945,3410.96,7929
1756440000,"2025-08-29 04:00:00",3410.82,3411.51,3407.505,3408.915,7915
1756443600,"2025-08-29 05:00:00",3408.965,3410.865,3407.125,3410.46,8340
1756447200,"2025-08-29 06:00:00",3410.465,3412.79,3407.865,3410.23,9801
1756450800,"2025-08-29 07:00:00",3410.225,3412.76,3406.565,3412.355,18507
1756454400,"2025-08-29 08:00:00",3412.35,3414.92,3409.69,3410.45,19585
1756458000,"2025-08-29 09:00:00",3410.445,3411.23,3406.885,3407.455,19166
1756461600,"2025-08-29 10:00:00",3407.46,3408.92,3404.8,3405.655,15014
1756465200,"2025-08-29 11:00:00",3405.66,3411.395,3404.315,3410.915,17992
1756468800,"2025-08-29 12:00:00",3410.865,3416.905,3406.87,3416.525,32330
1756472400,"2025-08-29 13:00:00",3416.51,3429.19,3413.58,3428.6,41159
1756476000,"2025-08-29 14:00:00",3428.74,3441.19,3428.74,3441.16,65325
1756479600,"2025-08-29 15:00:00",3441.12,3447.79,3439.02,3445.655,41396
1756483200,"2025-08-29 16:00:00",3445.635,3449.515,3442.36,3449.355,29191
1756486800,"2025-08-29 17:00:00",3449.285,3450.265,3441.045,3443.865,27842
1756490400,"2025-08-29 18:00:00",3443.89,3445.645,3441.125,3442.885,24008
1756494000,"2025-08-29 19:00:00",3442.905,3453.97,3441.57,3452.84,39010
1756497600,"2025-08-29 20:00:00",3452.845,3452.88,3445.825,3447.435,12062
1756677600,"2025-08-31 22:00:00",3445.43,3453.13,3442.39,3450.425,7591
1756681200,"2025-08-31 23:00:00",3450.39,3450.935,3444.78,3447.88,5719
1756684800,"2025-09-01 00:00:00",3447.85,3447.85,3442.6,3444.095,14201
1756688400,"2025-09-01 01:00:00",3444.1,3459.47,3437.025,3457.32,27309
1756692000,"2025-09-01 02:00:00",3457.3,3484.94,3455.195,3483.5,55764
1756695600,"2025-09-01 03:00:00",3483.49,3486.262,3469.59,3474.77,32654
1756699200,"2025-09-01 04:00:00",3474.775,3479.395,3472.165,3475.305,14630
1756702800,"2025-09-01 05:00:00",3475.27,3482.95,3474.25,3477.175,28025
1756706400,"2025-09-01 06:00:00",3477.165,3489.845,3476.775,3479.035,29190
1756710000,"2025-09-01 07:00:00",3479.085,3480.71,3467.59,3477.945,28642
1756713600,"2025-09-01 08:00:00",3477.955,3480.04,3474.565,3476.965,19777
1756717200,"2025-09-01 09:00:00",3476.955,3477.135,3467.325,3469.51,18585
1756720800,"2025-09-01 10:00:00",3469.49,3474.12,3466.385,3470.675,17328
1756724400,"2025-09-01 11:00:00",3470.63,3473.69,3467.725,3470.26,12471
1756728000,"2025-09-01 12:00:00",3470.29,3471.89,3467.295,3469.515,15633
1756731600,"2025-09-01 13:00:00",3469.58,3479.275,3468.925,3475.37,16693
1756735200,"2025-09-01 14:00:00",3475.305,3481.535,3473.635,3475.89,18085
1756738800,"2025-09-01 15:00:00",3475.875,3479.22,3473.465,3474.215,11443
1756742400,"2025-09-01 16:00:00",3474.21,3477.83,3472.39,3477.41,6738
1756746000,"2025-09-01 17:00:00",3477.405,3479.07,3476.32,3478.025,8176
1756749600,"2025-09-01 18:00:00",3478.01,3478.065,3476.2,3476.365,2211
1756764000,"2025-09-01 22:00:00",3475.91,3480.475,3475.225,3475.225,6040
1756767600,"2025-09-01 23:00:00",3475.42,3481.425,3474.565,3479.28,6207
1756771200,"2025-09-02 00:00:00",3479.185,3485.075,3478.2,3479.23,21946
1756774800,"2025-09-02 01:00:00",3479.21,3508.79,3477.06,3497.895,51948
1756778400,"2025-09-02 02:00:00",3497.89,3500.975,3491.41,3496.455,35502
1756782000,"2025-09-02 03:00:00",3496.495,3496.495,3489.995,3495.055,18119
1756785600,"2025-09-02 04:00:00",3495.07,3498.47,3493.41,3496.83,12228
1756789200,"2025-09-02 05:00:00",3496.745,3497.99,3492.015,3493.11,20299
1756792800,"2025-09-02 06:00:00",3493.105,3495.885,3483.115,3485.77,28386
1756796400,"2025-09-02 07:00:00",3485.76,3488.35,3472.275,3477.035,35994
1756800000,"2025-09-02 08:00:00",3477.035,3481.36,3470.05,3477.63,32318
1756803600,"2025-09-02 09:00:00",3477.635,3480.495,3476.01,3476.73,25292
1756807200,"2025-09-02 10:00:00",3476.745,3485.86,3475.84,3485.765,23765
1756810800,"2025-09-02 11:00:00",3485.76,3490.075,3478.47,3489.845,36131
1756814400,"2025-09-02 12:00:00",3489.895,3494.295,3474.42,3482.105,49881
1756818000,"2025-09-02 13:00:00",3482.1,3493.7,3478.35,3489.145,59712
1756821600,"2025-09-02 14:00:00",3489.085,3514.135,3488.465,3511.225,74359
1756825200,"2025-09-02 15:00:00",3511.255,3520.58,3509.525,3520.5,46121
1756828800,"2025-09-02 16:00:00",3520.505,3528.865,3518.155,3527.885,34106
1756832400,"2025-09-02 17:00:00",3527.9,3530.195,3522.015,3529.35,28716
1756836000,"2025-09-02 18:00:00",3529.355,3532.12,3525.295,3528.435,24371
1756839600,"2025-09-02 19:00:00",3528.445,3540.06,3528.445,3537.105,28324
1756843200,"2025-09-02 20:00:00",3537.095,3537.71,3533.4,3533.545,7305
1756850400,"2025-09-02 22:00:00",3532.72,3534.9,3529.195,3529.31,5666
1756854000,"2025-09-02 23:00:00",3529.235,3533.1,3526.54,3529.915,7768
1756857600,"2025-09-03 00:00:00",3529.835,3547.33,3528.1,3536.115,29608
1756861200,"2025-09-03 01:00:00",3536.05,3541.835,3531.81,3538.945,32259
1756864800,"2025-09-03 02:00:00",3538.895,3546.145,3531.165,3531.69,27462
1756868400,"2025-09-03 03:00:00",3531.685,3533.615,3529.38,3530.91,20187
1756872000,"2025-09-03 04:00:00",3530.925,3538.41,3530.79,3536.985,15552
1756875600,"2025-09-03 05:00:00",3537,3538.112,3526.77,3530.1,22829
1756879200,"2025-09-03 06:00:00",3530.085,3537.725,3530.045,3535.255,19764
1756882800,"2025-09-03 07:00:00",3535.245,3537.05,3529.13,3533.9,21098
1756886400,"2025-09-03 08:00:00",3533.88,3541.505,3533.75,3540.085,22434
1756890000,"2025-09-03 09:00:00",3540.08,3541.995,3533.75,3534.35,21719
1756893600,"2025-09-03 10:00:00",3534.335,3541.77,3532.37,3540.175,24447
1756897200,"2025-09-03 11:00:00",3540.17,3549.66,3539.975,3547.705,24533
1756900800,"2025-09-03 12:00:00",3547.725,3551.635,3541.395,3550.63,34627
1756904400,"2025-09-03 13:00:00",3550.625,3561.39,3549.345,3554.095,53091
1756908000,"2025-09-03 14:00:00",3554.025,3565.805,3551.635,3558.49,60864
1756911600,"2025-09-03 15:00:00",3558.55,3567.525,3557.63,3564.02,36998
1756915200,"2025-09-03 16:00:00",3563.985,3572.67,3562.375,3572.46,26308
1756918800,"2025-09-03 17:00:00",3572.485,3576.03,3570.25,3574.53,24429
1756922400,"2025-09-03 18:00:00",3574.625,3578.66,3565.53,3570.445,35872
1756926000,"2025-09-03 19:00:00",3570.47,3571.77,3561.22,3563.66,32329
1756929600,"2025-09-03 20:00:00",3563.75,3566.095,3558.94,3559.26,8623
1756936800,"2025-09-03 22:00:00",3560.26,3564.155,3559.002,3561.715,10563
1756940400,"2025-09-03 23:00:00",3561.65,3561.78,3554.48,3560.495,10908
1756944000,"2025-09-04 00:00:00",3560.555,3562.52,3551.895,3561.57,18751
1756947600,"2025-09-04 01:00:00",3561.595,3563.475,3543.715,3546.265,29975
1756951200,"2025-09-04 02:00:00",3546.25,3550.61,3526.4,3530.775,34086
1756954800,"2025-09-04 03:00:00",3530.765,3531.78,3511.755,3529.18,31254
1756958400,"2025-09-04 04:00:00",3529.185,3534.4,3528.815,3533.255,10989
1756962000,"2025-09-04 05:00:00",3533.275,3534.325,3525.475,3527.235,18765
1756965600,"2025-09-04 06:00:00",3527.245,3541.92,3524.5,3536.175,25301
1756969200,"2025-09-04 07:00:00",3536.22,3541.3,3532.87,3541.115,20897
1756972800,"2025-09-04 08:00:00",3541.115,3545.63,3537.42,3541.425,21019
1756976400,"2025-09-04 09:00:00",3541.435,3545.07,3536.815,3538.755,16059
1756980000,"2025-09-04 10:00:00",3538.76,3547.185,3538.415,3541.025,18117
1756983600,"2025-09-04 11:00:00",3541.035,3550.04,3536.575,3545.575,21892
1756987200,"2025-09-04 12:00:00",3545.58,3553.32,3541.275,3548.44,32877
1756990800,"2025-09-04 13:00:00",3548.342,3558.93,3539.9,3546.49,56604
1756994400,"2025-09-04 14:00:00",3546.34,3546.435,3535.145,3545.89,59914
1756998000,"2025-09-04 15:00:00",3545.935,3553.305,3542.47,3552.95,26792
1757001600,"2025-09-04 16:00:00",3552.945,3556.275,3549.42,3552.625,25195
1757005200,"2025-09-04 17:00:00",3552.615,3555.54,3542.6,3542.895,19747
1757008800,"2025-09-04 18:00:00",3542.89,3548.405,3542.79,3546.355,14945
1757012400,"2025-09-04 19:00:00",3546.35,3551.2,3545.62,3549.96,19646
1757016000,"2025-09-04 20:00:00",3549.975,3550.505,3544.4,3545.87,4661
1757023200,"2025-09-04 22:00:00",3545.4,3545.545,3540.015,3541.005,4063
1757026800,"2025-09-04 23:00:00",3540.945,3554.565,3540.89,3552.81,8591
1757030400,"2025-09-05 00:00:00",3552.76,3556.755,3549.145,3552.255,24542
1757034000,"2025-09-05 01:00:00",3552.27,3556.6,3550,3552.515,27874
1757037600,"2025-09-05 02:00:00",3552.53,3555.55,3545.945,3551.015,24630
1757041200,"2025-09-05 03:00:00",3551.025,3559.195,3548.775,3558.42,16879
1757044800,"2025-09-05 04:00:00",3558.51,3559.32,3556.3,3558.52,11537
1757048400,"2025-09-05 05:00:00",3558.55,3561.28,3555.705,3557.79,18702
1757052000,"2025-09-05 06:00:00",3557.8,3558.09,3548.21,3552.71,26986
1757055600,"2025-09-05 07:00:00",3552.77,3554.375,3546.635,3548.24,24777
1757059200,"2025-09-05 08:00:00",3548.215,3550.035,3544.855,3546.035,20296
1757062800,"2025-09-05 09:00:00",3546.05,3553.92,3545.945,3552.47,19545
1757066400,"2025-09-05 10:00:00",3552.48,3553.085,3549.5,3551.885,15471
1757070000,"2025-09-05 11:00:00",3551.875,3555.32,3547.9,3553.395,24739
1757073600,"2025-09-05 12:00:00",3553.42,3587.04,3548.84,3580.555,74317
1757077200,"2025-09-05 13:00:00",3580.565,3595.425,3573.25,3594.74,77512
1757080800,"2025-09-05 14:00:00",3594.74,3598.07,3573.24,3590.31,81136
1757084400,"2025-09-05 15:00:00",3590.285,3595.515,3581.895,3591.99,56640
1757088000,"2025-09-05 16:00:00",3591.955,3600.205,3591.095,3595.175,40065
1757091600,"2025-09-05 17:00:00",3595.19,3597.585,3590.445,3596.43,35636
1757095200,"2025-09-05 18:00:00",3596.56,3597.325,3592.57,3595.645,30499
1757098800,"2025-09-05 19:00:00",3595.655,3596.155,3592.63,3594.63,38756
1757102400,"2025-09-05 20:00:00",3594.615,3595.36,3586.19,3586.545,14584
1757282400,"2025-09-07 22:00:00",3591.61,3597.095,3586.95,3592.13,21274
1757286000,"2025-09-07 23:00:00",3592.24,3594.105,3587.84,3591.22,13191
1757289600,"2025-09-08 00:00:00",3591.21,3594.5,3587.005,3594.41,29110
1757293200,"2025-09-08 01:00:00",3594.33,3597.2,3584.905,3589.54,48236
1757296800,"2025-09-08 02:00:00",3589.55,3594.585,3586.51,3590.855,29169
1757300400,"2025-09-08 03:00:00",3590.87,3592.45,3582.98,3583.51,21131
1757304000,"2025-09-08 04:00:00",3583.43,3584.875,3579.72,3581.63,15422
1757307600,"2025-09-08 05:00:00",3581.675,3591.845,3581.21,3591.385,20703
1757311200,"2025-09-08 06:00:00",3591.415,3599.035,3589.49,3598.335,26233
1757314800,"2025-09-08 07:00:00",3598.33,3613.75,3596.48,3609.49,29464
1757318400,"2025-09-08 08:00:00",3609.55,3617.295,3607.3,3611.285,21810
1757322000,"2025-09-08 09:00:00",3611.295,3615.165,3608.7,3613.88,16688
1757325600,"2025-09-08 10:00:00",3613.925,3622.475,3613.535,3617.075,18298
1757329200,"2025-09-08 11:00:00",3617.12,3620.075,3612.725,3619.875,14103
1757332800,"2025-09-08 12:00:00",3619.84,3626.09,3614.775,3624.245,29535
1757336400,"2025-09-08 13:00:00",3624.21,3637.075,3620.215,3633.39,60885
1757340000,"2025-09-08 14:00:00",3633.32,3641.08,3628.895,3640.86,52955
1757343600,"2025-09-08 15:00:00",3640.845,3646.545,3633.265,3639.355,42268
1757347200,"2025-09-08 16:00:00",3639.375,3641.735,3635.9,3640.765,23805
1757350800,"2025-09-08 17:00:00",3640.74,3641.25,3632.675,3633.585,25447
1757354400,"2025-09-08 18:00:00",3633.615,3636.745,3631.935,3636.085,19283
1757358000,"2025-09-08 19:00:00",3636.05,3637.69,3632.67,3636.615,20037
1757361600,"2025-09-08 20:00:00",3636.595,3638.02,3634.565,3635.85,6476
1757368800,"2025-09-08 22:00:00",3636.15,3636.85,3628.83,3629.475,5128
1757372400,"2025-09-08 23:00:00",3629.73,3636.33,3628.48,3635.05,6672
1757376000,"2025-09-09 00:00:00",3635.04,3641.015,3633.63,3638.615,17024
1757379600,"2025-09-09 01:00:00",3638.605,3647.72,3636.16,3646.59,25759
1757383200,"2025-09-09 02:00:00",3646.49,3654.605,3644.925,3647.54,30209
1757386800,"2025-09-09 03:00:00",3647.62,3652.08,3642.655,3646.125,23682
1757390400,"2025-09-09 04:00:00",3646.14,3657.295,3645.935,3654.995,13688
1757394000,"2025-09-09 05:00:00",3654.985,3659.435,3652.755,3655.265,21300
1757397600,"2025-09-09 06:00:00",3655.34,3656.385,3636.62,3647.69,39097
1757401200,"2025-09-09 07:00:00",3647.722,3651.095,3641.615,3644.34,23963
1757404800,"2025-09-09 08:00:00",3644.325,3651.215,3641.855,3648.1,27407
1757408400,"2025-09-09 09:00:00",3648.12,3656.8,3647.81,3653.755,14947
1757412000,"2025-09-09 10:00:00",3653.74,3655.94,3648.835,3652.055,13620
1757415600,"2025-09-09 11:00:00",3652.09,3654.295,3646.875,3648.075,19226
1757419200,"2025-09-09 12:00:00",3648.095,3655.59,3643.775,3647.61,43083
1757422800,"2025-09-09 13:00:00",3647.615,3668.32,3646.535,3665.905,57410
1757426400,"2025-09-09 14:00:00",3665.95,3674.695,3636.005,3645.075,98969
1757430000,"2025-09-09 15:00:00",3645.09,3646.645,3626.915,3645.665,58198
1757433600,"2025-09-09 16:00:00",3645.69,3649.58,3644.2,3645.065,33205
1757437200,"2025-09-09 17:00:00",3645.15,3646.5,3641.415,3642.86,26123
1757440800,"2025-09-09 18:00:00",3642.915,3645.1,3639.715,3640.455,21654
1757444400,"2025-09-09 19:00:00",3640.45,3641.28,3628.65,3629.56,25815
1757448000,"2025-09-09 20:00:00",3629.58,3632.95,3626.03,3626.315,7703
1757455200,"2025-09-09 22:00:00",3627.45,3635.865,3623.12,3635.49,8210
1757458800,"2025-09-09 23:00:00",3635.225,3640.675,3633.535,3633.685,9876
1757462400,"2025-09-10 00:00:00",3633.7,3634.635,3621.5,3624.105,19203
1757466000,"2025-09-10 01:00:00",3624.13,3632.79,3620.135,3630.6,32119
1757469600,"2025-09-10 02:00:00",3630.605,3638.225,3630.095,3636.275,20025
1757473200,"2025-09-10 03:00:00",3636.22,3637.14,3633.125,3636.715,12813
1757476800,"2025-09-10 04:00:00",3636.73,3643.39,3636.67,3643.035,11703
1757480400,"2025-09-10 05:00:00",3643.02,3645.46,3639.96,3643.04,11304
1757484000,"2025-09-10 06:00:00",3642.955,3647.705,3640.755,3643.995,17760
1757487600,"2025-09-10 07:00:00",3643.995,3648.605,3641.26,3644.025,17890
1757491200,"2025-09-10 08:00:00",3644.115,3647.875,3641.885,3646.065,16629
1757494800,"2025-09-10 09:00:00",3645.985,3656.195,3644.93,3655.36,12083
1757498400,"2025-09-10 10:00:00",3655.35,3657.535,3651.56,3655.3,17697
1757502000,"2025-09-10 11:00:00",3655.315,3656.495,3648.385,3649.27,20165
1757505600,"2025-09-10 12:00:00",3649.27,3657.61,3640.34,3644.095,44706
1757509200,"2025-09-10 13:00:00",3644.11,3654.23,3642.125,3651.295,48232
1757512800,"2025-09-10 14:00:00",3651.305,3655.575,3643.885,3647.7,45125
1757516400,"2025-09-10 15:00:00",3647.745,3648.715,3638.65,3644.51,36149
1757520000,"2025-09-10 16:00:00",3644.46,3647.02,3640,3642.825,23045
1757523600,"2025-09-10 17:00:00",3642.83,3647.695,3641.815,3647.52,22650
1757527200,"2025-09-10 18:00:00",3647.49,3649.69,3644.72,3645.365,20068
1757530800,"2025-09-10 19:00:00",3645.44,3646.385,3635.335,3642.14,21782
1757534400,"2025-09-10 20:00:00",3642.115,3642.975,3638.16,3640.585,4180
1757541600,"2025-09-10 22:00:00",3644.465,3644.49,3637.96,3639.8,3524
1757545200,"2025-09-10 23:00:00",3639.87,3645.695,3638.625,3644.96,4522
1757548800,"2025-09-11 00:00:00",3645.005,3647.255,3642.535,3643.965,13103
1757552400,"2025-09-11 01:00:00",3643.925,3649.345,3639.865,3641.165,13809
1757556000,"2025-09-11 02:00:00",3641.14,3643.61,3634.255,3637.37,12774
1757559600,"2025-09-11 03:00:00",3637.355,3637.355,3629.77,3632.18,15085
1757563200,"2025-09-11 04:00:00",3632.18,3634.44,3630.295,3630.7,7995
1757566800,"2025-09-11 05:00:00",3630.685,3633.53,3623.495,3625.09,22434
1757570400,"2025-09-11 06:00:00",3625.115,3637.92,3622.75,3633.245,22255
1757574000,"2025-09-11 07:00:00",3633.245,3633.37,3623.815,3630.09,23396
1757577600,"2025-09-11 08:00:00",3630.115,3631.985,3625.47,3626.215,13720
1757581200,"2025-09-11 09:00:00",3626.24,3626.24,3614.36,3622.05,23303
1757584800,"2025-09-11 10:00:00",3622.03,3625.075,3619.74,3622.08,14840
1757588400,"2025-09-11 11:00:00",3622.07,3622.36,3615.56,3616.82,19858
1757592000,"2025-09-11 12:00:00",3616.845,3644.085,3612.835,3628.85,58637
1757595600,"2025-09-11 13:00:00",3629.09,3637.17,3618.48,3630.24,66541
1757599200,"2025-09-11 14:00:00",3630.195,3637.96,3626.155,3629.5,44811
1757602800,"2025-09-11 15:00:00",3629.565,3639.19,3629.565,3633.06,29634
1757606400,"2025-09-11 16:00:00",3633.055,3642.115,3633.04,3636.215,23747
1757610000,"2025-09-11 17:00:00",3636.245,3636.73,3631.835,3635.025,19490
1757613600,"2025-09-11 18:00:00",3635.045,3637.09,3630.525,3632.465,19567
1757617200,"2025-09-11 19:00:00",3632.435,3637.605,3632.305,3637,9053
1757620800,"2025-09-11 20:00:00",3636.985,3637.67,3633.255,3634.12,3047
1757628000,"2025-09-11 22:00:00",3635.9,3638.525,3633.335,3635.08,1707
1757631600,"2025-09-11 23:00:00",3635.09,3636.31,3631.735,3632.01,4662
1757635200,"2025-09-12 00:00:00",3632.035,3638.195,3630.625,3636.5,13310
1757638800,"2025-09-12 01:00:00",3636.535,3647.765,3636.485,3646.495,26866
1757642400,"2025-09-12 02:00:00",3646.545,3651.17,3645.085,3649.195,16130
1757646000,"2025-09-12 03:00:00",3649.18,3653.405,3646.715,3653.01,13961
1757649600,"2025-09-12 04:00:00",3652.95,3656.36,3651.645,3654.985,7164
1757653200,"2025-09-12 05:00:00",3654.96,3656.7,3652.125,3653.105,10132
1757656800,"2025-09-12 06:00:00",3653.19,3654.09,3648.39,3650.62,15796
1757660400,"2025-09-12 07:00:00",3650.635,3653.87,3647.86,3648.4,15176
1757664000,"2025-09-12 08:00:00",3648.31,3651.415,3639.74,3641.04,23034
1757667600,"2025-09-12 09:00:00",3641.05,3647.2,3637.63,3646.465,17875
1757671200,"2025-09-12 10:00:00",3646.475,3652.26,3646.265,3651.335,16410
1757674800,"2025-09-12 11:00:00",3651.37,3652.235,3646.885,3647.1,18005
1757678400,"2025-09-12 12:00:00",3647.12,3649.04,3638.235,3645.55,43092
1757682000,"2025-09-12 13:00:00",3645.58,3652.7,3643.455,3650.795,43186
1757685600,"2025-09-12 14:00:00",3650.585,3654.495,3647.425,3648.06,38028
1757689200,"2025-09-12 15:00:00",3648.05,3648.32,3641.79,3644.58,29791
1757692800,"2025-09-12 16:00:00",3644.6,3649.8,3642.685,3649.305,15777
1757696400,"2025-09-12 17:00:00",3649.33,3650.865,3647.63,3648.895,15275
1757700000,"2025-09-12 18:00:00",3648.975,3649.64,3647.215,3648.565,9770
1757703600,"2025-09-12 19:00:00",3648.58,3648.61,3643.53,3644.295,11590
1757707200,"2025-09-12 20:00:00",3644.23,3645.55,3641.355,3643.085,4336
1757887200,"2025-09-14 22:00:00",3644.565,3645.83,3640.035,3642.295,4179
1757890800,"2025-09-14 23:00:00",3642.31,3642.31,3636.955,3638.29,4513
1757894400,"2025-09-15 00:00:00",3638.26,3642.8,3632.025,3633.475,14027
1757898000,"2025-09-15 01:00:00",3633.37,3634.99,3626.46,3634.54,28926
1757901600,"2025-09-15 02:00:00",3634.555,3645.67,3634.32,3641.195,25991
1757905200,"2025-09-15 03:00:00",3641.19,3646.515,3640.255,3645.98,14723
1757908800,"2025-09-15 04:00:00",3645.995,3646.95,3643.87,3645.86,8011
1757912400,"2025-09-15 05:00:00",3645.735,3646.385,3642.275,3643.625,9672
1757916000,"2025-09-15 06:00:00",3643.635,3643.95,3636.5,3636.525,21743
1757919600,"2025-09-15 07:00:00",3636.515,3645.17,3633.675,3643.96,30611
1757923200,"2025-09-15 08:00:00",3643.805,3645.89,3640.925,3645.58,14444
1757926800,"2025-09-15 09:00:00",3645.585,3646.195,3635.66,3641.32,16137
1757930400,"2025-09-15 10:00:00",3641.345,3646.545,3639.015,3639.895,19246
1757934000,"2025-09-15 11:00:00",3639.9,3646.855,3639.03,3642.685,21253
1757937600,"2025-09-15 12:00:00",3642.795,3650.98,3636.93,3650.51,35318
1757941200,"2025-09-15 13:00:00",3650.55,3664.315,3647.005,3657.22,49077
1757944800,"2025-09-15 14:00:00",3657.195,3663.985,3654.01,3663.59,32748
1757948400,"2025-09-15 15:00:00",3663.66,3681.94,3663.035,3680.51,32149
1757952000,"2025-09-15 16:00:00",3680.515,3685.695,3674.74,3679.26,34940
1757955600,"2025-09-15 17:00:00",3679.31,3682.705,3678.64,3681.89,27943
1757959200,"2025-09-15 18:00:00",3681.885,3682.2,3675.965,3676.95,18132
1757962800,"2025-09-15 19:00:00",3676.985,3682.79,3676.775,3681.055,21304
1757966400,"2025-09-15 20:00:00",3681.045,3682.01,3678.53,3678.79,5666
1757973600,"2025-09-15 22:00:00",3680.135,3680.55,3676.505,3679.11,4018
1757977200,"2025-09-15 23:00:00",3679.13,3680.6,3676.165,3676.84,5093
1757980800,"2025-09-16 00:00:00",3676.835,3687.035,3676.305,3686.455,15163
1757984400,"2025-09-16 01:00:00",3686.49,3689.51,3677.13,3679.54,22239
1757988000,"2025-09-16 02:00:00",3679.505,3682.88,3674.705,3677.745,15152
1757991600,"2025-09-16 03:00:00",3677.665,3683.235,3677.115,3681.06,9461
1757995200,"2025-09-16 04:00:00",3681.165,3685.435,3680.26,3684.32,7281
1757998800,"2025-09-16 05:00:00",3684.325,3684.6,3680.285,3682.735,9529
1758002400,"2025-09-16 06:00:00",3682.745,3694.25,3681.69,3693.565,16766
1758006000,"2025-09-16 07:00:00",3693.515,3694.21,3686.375,3686.475,19025
1758009600,"2025-09-16 08:00:00",3686.44,3697.405,3686.24,3694.435,16034
1758013200,"2025-09-16 09:00:00",3694.46,3699.13,3693.14,3698.435,13315
1758016800,"2025-09-16 10:00:00",3698.43,3698.925,3692.725,3693.085,14367
1758020400,"2025-09-16 11:00:00",3693.13,3699.62,3690.55,3697.335,23203
1758024000,"2025-09-16 12:00:00",3697.355,3697.66,3686.465,3689.39,34764
1758027600,"2025-09-16 13:00:00",3689.355,3698.76,3685.25,3695.785,52143
1758031200,"2025-09-16 14:00:00",3695.685,3703.24,3685.69,3686.51,62366
1758034800,"2025-09-16 15:00:00",3686.525,3689.015,3678.885,3686.43,48048
1758038400,"2025-09-16 16:00:00",3686.45,3691.375,3684.81,3689.88,30323
1758042000,"2025-09-16 17:00:00",3689.89,3691.07,3686.36,3687.75,24160
1758045600,"2025-09-16 18:00:00",3687.765,3691.025,3686.53,3690.725,17175
1758049200,"2025-09-16 19:00:00",3690.735,3691.26,3687.87,3689.79,14139
1758052800,"2025-09-16 20:00:00",3689.78,3693.94,3689.505,3689.855,3197
1758060000,"2025-09-16 22:00:00",3691.345,3692.84,3689.935,3692.095,1575
1758063600,"2025-09-16 23:00:00",3692.105,3695.4,3691.895,3694.44,3905
1758067200,"2025-09-17 00:00:00",3694.48,3695.52,3691.14,3691.18,9837
1758070800,"2025-09-17 01:00:00",3691.215,3692.02,3676.025,3679.505,33555
1758074400,"2025-09-17 02:00:00",3679.475,3684.01,3674.15,3682.35,24594
1758078000,"2025-09-17 03:00:00",3682.345,3683.72,3679.875,3681.86,8253
1758081600,"2025-09-17 04:00:00",3681.905,3682.62,3680.53,3680.775,4444
1758085200,"2025-09-17 05:00:00",3680.805,3686.07,3675.905,3679.225,15805
1758088800,"2025-09-17 06:00:00",3679.21,3680.185,3670.7,3675.195,19343
1758092400,"2025-09-17 07:00:00",3675.185,3677.49,3666.725,3667.09,17892
1758096000,"2025-09-17 08:00:00",3667.095,3668.03,3662.635,3664.98,16523
1758099600,"2025-09-17 09:00:00",3664.975,3671.135,3664.035,3668.005,14486
1758103200,"2025-09-17 10:00:00",3667.94,3670,3660.455,3661.51,21485
1758106800,"2025-09-17 11:00:00",3661.425,3670.03,3660.02,3666.02,31337
1758110400,"2025-09-17 12:00:00",3666.025,3679.52,3665.7,3678.845,21910
1758114000,"2025-09-17 13:00:00",3678.895,3682.685,3672.85,3678.925,44212
1758117600,"2025-09-17 14:00:00",3678.95,3686.15,3676.98,3684.455,32170
1758121200,"2025-09-17 15:00:00",3684.44,3687.27,3682.88,3684.315,17087
1758124800,"2025-09-17 16:00:00",3684.32,3688.595,3684.085,3684.81,19528
1758128400,"2025-09-17 17:00:00",3684.82,3687.73,3678.795,3686.08,22372
1758132000,"2025-09-17 18:00:00",3686.06,3707.555,3646.125,3650.465,148850
1758135600,"2025-09-17 19:00:00",3650.455,3667.12,3646.29,3661.915,82924
1758139200,"2025-09-17 20:00:00",3661.9,3661.9,3656.28,3659.975,7642
1758146400,"2025-09-17 22:00:00",3659.625,3665.48,3654.815,3662.865,5613
1758150000,"2025-09-17 23:00:00",3662.88,3672.125,3662.06,3669.055,7524
1758153600,"2025-09-18 00:00:00",3669.05,3669.915,3658.08,3665.34,18003
1758157200,"2025-09-18 01:00:00",3665.365,3668.905,3651.695,3657.15,40392
1758160800,"2025-09-18 02:00:00",3657.195,3666.01,3655.455,3664.735,18230
1758164400,"2025-09-18 03:00:00",3664.73,3666.035,3657.98,3658.64,12998
1758168000,"2025-09-18 04:00:00",3658.72,3659.395,3653.445,3653.6,12011
1758171600,"2025-09-18 05:00:00",3653.605,3659.34,3649.49,3651.44,20351
1758175200,"2025-09-18 06:00:00",3651.425,3651.91,3634.055,3637.56,36055
1758178800,"2025-09-18 07:00:00",3637.535,3660.09,3635.6,3659.055,28138
1758182400,"2025-09-18 08:00:00",3659.14,3665.975,3653.82,3665.59,19665
1758186000,"2025-09-18 09:00:00",3665.585,3673.205,3664.75,3671.745,21318
1758189600,"2025-09-18 10:00:00",3671.735,3672.655,3665.54,3667.17,15354
1758193200,"2025-09-18 11:00:00",3667.205,3671.015,3664.455,3667.26,18429
1758196800,"2025-09-18 12:00:00",3667.355,3672.535,3663.02,3663.295,29811
1758200400,"2025-09-18 13:00:00",3663.3,3664.42,3627.96,3642.195,70293
1758204000,"2025-09-18 14:00:00",3642.2,3646.615,3634.35,3638.385,66781
1758207600,"2025-09-18 15:00:00",3638.44,3642.335,3636.905,3641.43,33398
1758211200,"2025-09-18 16:00:00",3641.375,3647.33,3640.865,3646.29,27881
1758214800,"2025-09-18 17:00:00",3646.28,3646.845,3643.36,3643.62,22834
1758218400,"2025-09-18 18:00:00",3643.605,3643.635,3640.495,3641.415,20014
1758222000,"2025-09-18 19:00:00",3641.37,3647.14,3640.675,3646.765,21279
1758225600,"2025-09-18 20:00:00",3646.77,3647.235,3643.91,3644.18,3380
1758232800,"2025-09-18 22:00:00",3642.92,3643.205,3639.495,3640.27,2338
1758236400,"2025-09-18 23:00:00",3640.275,3642.08,3637.955,3640.195,4700
1758240000,"2025-09-19 00:00:00",3640.2,3642.79,3636.145,3640.1,10712
1758243600,"2025-09-19 01:00:00",3640.105,3651.4,3632.38,3639.985,26619
1758247200,"2025-09-19 02:00:00",3639.87,3650.4,3638.99,3647.47,20571
1758250800,"2025-09-19 03:00:00",3647.475,3656.61,3645.445,3653.81,21624
1758254400,"2025-09-19 04:00:00",3653.825,3660.075,3653.815,3658.875,12181
1758258000,"2025-09-19 05:00:00",3658.895,3661.355,3651.465,3652.44,14955
1758261600,"2025-09-19 06:00:00",3652.525,3654.2,3643.4,3647.015,21703
1758265200,"2025-09-19 07:00:00",3647.05,3657.475,3644.6,3654.05,13641
1758268800,"2025-09-19 08:00:00",3654.03,3656.69,3649.715,3655.64,11179
1758272400,"2025-09-19 09:00:00",3655.8,3658.9,3655.325,3658.71,13116
1758276000,"2025-09-19 10:00:00",3658.715,3659.29,3655.205,3655.96,8823
1758279600,"2025-09-19 11:00:00",3655.965,3656.045,3645.765,3648.52,18297
1758283200,"2025-09-19 12:00:00",3648.53,3651.965,3644.495,3649.445,28894
1758286800,"2025-09-19 13:00:00",3649.42,3664.59,3643.785,3663.31,48465
1758290400,"2025-09-19 14:00:00",3663.31,3669.355,3656.425,3667.14,55399
1758294000,"2025-09-19 15:00:00",3667.155,3676.015,3665.42,3670.95,40921
1758297600,"2025-09-19 16:00:00",3670.925,3673.39,3666.555,3668.345,30744
1758301200,"2025-09-19 17:00:00",3668.285,3679.57,3668.105,3678.7,31351
1758304800,"2025-09-19 18:00:00",3678.73,3684.23,3678.075,3683.67,23890
1758308400,"2025-09-19 19:00:00",3683.665,3685.255,3681.285,3684.45,23753
1758312000,"2025-09-19 20:00:00",3684.475,3685.74,3680.8,3684.975,6424
1758492000,"2025-09-21 22:00:00",3687.77,3692.29,3683.545,3688.555,8614
1758495600,"2025-09-21 23:00:00",3688.51,3690.61,3685.685,3686.315,8016
1758499200,"2025-09-22 00:00:00",3686.27,3691.22,3685.655,3691.04,11935
1758502800,"2025-09-22 01:00:00",3690.99,3696.945,3686.775,3689.305,28671
1758506400,"2025-09-22 02:00:00",3689.33,3693.47,3685.46,3686.52,21615
1758510000,"2025-09-22 03:00:00",3686.495,3697.59,3686.085,3695.6,16916
1758513600,"2025-09-22 04:00:00",3695.585,3696.09,3690.04,3692.215,8127
1758517200,"2025-09-22 05:00:00",3692.29,3700.44,3691.92,3697.08,12866
1758520800,"2025-09-22 06:00:00",3697.11,3720.07,3695.655,3714.39,27306
1758524400,"2025-09-22 07:00:00",3714.375,3716.535,3708.64,3713.27,21441
1758528000,"2025-09-22 08:00:00",3713.215,3722.58,3712.455,3720.31,19631
1758531600,"2025-09-22 09:00:00",3720.3,3726.965,3719.38,3723.225,16130
1758535200,"2025-09-22 10:00:00",3723.24,3728.49,3721.045,3727.505,17261
1758538800,"2025-09-22 11:00:00",3727.545,3728.44,3721.18,3724.65,20322
1758542400,"2025-09-22 12:00:00",3724.675,3725.505,3712.25,3721.635,32987
1758546000,"2025-09-22 13:00:00",3721.67,3725.575,3713.75,3722.39,59227
1758549600,"2025-09-22 14:00:00",3722.4,3726.47,3716.9,3725.975,55145
1758553200,"2025-09-22 15:00:00",3726.045,3736.485,3723.615,3736.235,34674
1758556800,"2025-09-22 16:00:00",3736.24,3739.63,3735.27,3737.085,23538
1758560400,"2025-09-22 17:00:00",3737.09,3747.32,3737.09,3746.61,26439
1758564000,"2025-09-22 18:00:00",3746.595,3748.09,3744.62,3747.68,13816
1758567600,"2025-09-22 19:00:00",3747.695,3748.86,3742.455,3747.685,16556
1758571200,"2025-09-22 20:00:00",3747.7,3748.62,3745.51,3746.355,3553
1758578400,"2025-09-22 22:00:00",3747.125,3747.76,3738.125,3740.2,3438
1758582000,"2025-09-22 23:00:00",3740.265,3749.255,3739.19,3747.795,7506
1758585600,"2025-09-23 00:00:00",3747.785,3750.675,3745.03,3747.26,14203
1758589200,"2025-09-23 01:00:00",3747.25,3759.42,3745.74,3754.715,27877
1758592800,"2025-09-23 02:00:00",3754.71,3755.545,3736.66,3742,27406
1758596400,"2025-09-23 03:00:00",3741.99,3747.28,3739.2,3746.76,14010
1758600000,"2025-09-23 04:00:00",3746.745,3747.655,3743.285,3744.87,6916
1758603600,"2025-09-23 05:00:00",3744.665,3758.805,3743.385,3753.235,15565
1758607200,"2025-09-23 06:00:00",3753.2,3757.53,3751.33,3753.9,20336
1758610800,"2025-09-23 07:00:00",3753.915,3757.5,3748.985,3753.455,21787
1758614400,"2025-09-23 08:00:00",3753.41,3775.285,3753.13,3774.485,23437
1758618000,"2025-09-23 09:00:00",3774.48,3791.255,3774.205,3784.89,25961
1758621600,"2025-09-23 10:00:00",3784.915,3787.92,3780.785,3783,16966
1758625200,"2025-09-23 11:00:00",3783.035,3788.925,3779.745,3783.68,28122
1758628800,"2025-09-23 12:00:00",3783.75,3785.47,3777.56,3784.495,36721
1758632400,"2025-09-23 13:00:00",3784.48,3788.81,3774.085,3783.95,56359
1758636000,"2025-09-23 14:00:00",3783.94,3784.945,3767.615,3774.175,55600
1758639600,"2025-09-23 15:00:00",3774.2,3782.12,3772.965,3779.36,28460
1758643200,"2025-09-23 16:00:00",3779.395,3782.06,3765.03,3779.35,39310
1758646800,"2025-09-23 17:00:00",3779.385,3785.84,3775.93,3777.515,25450
1758650400,"2025-09-23 18:00:00",3777.57,3781.445,3756.275,3756.915,34208
1758654000,"2025-09-23 19:00:00",3756.89,3768.315,3752.075,3764.475,34963
1758657600,"2025-09-23 20:00:00",3764.53,3767.495,3762.65,3764.205,5699
1758664800,"2025-09-23 22:00:00",3765.31,3766.615,3761.67,3765.47,2314
1758668400,"2025-09-23 23:00:00",3765.45,3770.07,3762.07,3763.83,6059
1758672000,"2025-09-24 00:00:00",3763.805,3765.545,3759.09,3765.22,11666
1758675600,"2025-09-24 01:00:00",3765.28,3771.945,3755.08,3756.49,24539
1758679200,"2025-09-24 02:00:00",3756.47,3759.36,3750.51,3756.96,18580
1758682800,"2025-09-24 03:00:00",3756.965,3766.67,3752.275,3765.415,13452
1758686400,"2025-09-24 04:00:00",3765.465,3768.44,3763.335,3768.34,6329
1758690000,"2025-09-24 05:00:00",3768.345,3777.075,3767.98,3774.87,10782
1758693600,"2025-09-24 06:00:00",3774.875,3776.165,3769.155,3771.25,10921
1758697200,"2025-09-24 07:00:00",3771.395,3779.34,3770.79,3777.47,11431
1758700800,"2025-09-24 08:00:00",3777.54,3777.96,3767.145,3770.13,10467
1758704400,"2025-09-24 09:00:00",3770.045,3771.775,3763.175,3768.465,10892
1758708000,"2025-09-24 10:00:00",3768.455,3768.71,3759.89,3762.265,9666
1758711600,"2025-09-24 11:00:00",3762.295,3769.605,3759.68,3769.145,11017
1758715200,"2025-09-24 12:00:00",3769.13,3771.645,3764.045,3768.175,32548
1758718800,"2025-09-24 13:00:00",3768.16,3772.97,3759.05,3761.26,33753
1758722400,"2025-09-24 14:00:00",3761.25,3765.335,3749.725,3752.755,40803
1758726000,"2025-09-24 15:00:00",3752.805,3756.71,3739.71,3741.22,29840
1758729600,"2025-09-24 16:00:00",3741.235,3745.32,3732.37,3735.765,29744
1758733200,"2025-09-24 17:00:00",3735.82,3738.965,3732.44,3733.2,16150
1758736800,"2025-09-24 18:00:00",3733.17,3734.08,3722.825,3724.285,22430
1758740400,"2025-09-24 19:00:00",3724.345,3731.835,3717.52,3730.145,19977
1758744000,"2025-09-24 20:00:00",3730.155,3737.48,3730.025,3736.165,4981
1758751200,"2025-09-24 22:00:00",3739.61,3745.18,3739.025,3741.225,3319
1758754800,"2025-09-24 23:00:00",3741.21,3745.52,3739.17,3743.115,5746
1758758400,"2025-09-25 00:00:00",3743.015,3751.535,3741.645,3749.03,15629
1758762000,"2025-09-25 01:00:00",3748.845,3750.59,3732.955,3736.17,21061
1758765600,"2025-09-25 02:00:00",3736.16,3742.38,3729.635,3739.715,21087
1758769200,"2025-09-25 03:00:00",3739.7,3739.81,3734.375,3736.68,10345
1758772800,"2025-09-25 04:00:00",3736.745,3740.74,3731.795,3738.18,7275
1758776400,"2025-09-25 05:00:00",3738.24,3741.51,3734.17,3738.61,9376
1758780000,"2025-09-25 06:00:00",3738.6,3748.295,3737.685,3740.99,14454
1758783600,"2025-09-25 07:00:00",3741.05,3755.08,3740.13,3752.445,16364
1758787200,"2025-09-25 08:00:00",3752.42,3761.69,3751.3,3756.58,21022
1758790800,"2025-09-25 09:00:00",3756.65,3761.28,3750.465,3757.08,17205
1758794400,"2025-09-25 10:00:00",3757.13,3760.975,3755.635,3757.17,14500
1758798000,"2025-09-25 11:00:00",3757.165,3757.585,3741.23,3753.16,28305
1758801600,"2025-09-25 12:00:00",3753.025,3755.9,3730.66,3738.855,37739
1758805200,"2025-09-25 13:00:00",3738.89,3745.815,3722.22,3733.845,51428
1758808800,"2025-09-25 14:00:00",3733.855,3736.645,3723.76,3731.655,43664
1758812400,"2025-09-25 15:00:00",3731.67,3738.855,3728.085,3736.05,30032
1758816000,"2025-09-25 16:00:00",3736.06,3742.845,3732.595,3733.7,22194
1758819600,"2025-09-25 17:00:00",3733.695,3744.27,3732.405,3741.755,22520
1758823200,"2025-09-25 18:00:00",3741.815,3758.43,3736.76,3755.24,26853
1758826800,"2025-09-25 19:00:00",3755.275,3756.815,3744.785,3746.74,18999
1758830400,"2025-09-25 20:00:00",3746.745,3752.495,3746.25,3749.44,7310
1758837600,"2025-09-25 22:00:00",3747.235,3751.615,3746.4,3748.905,2575
1758841200,"2025-09-25 23:00:00",3749.125,3749.965,3738.175,3744.855,8876
1758844800,"2025-09-26 00:00:00",3744.775,3749.72,3740.08,3749.72,11817
1758848400,"2025-09-26 01:00:00",3749.75,3753.31,3737.85,3739.27,23996
1758852000,"2025-09-26 02:00:00",3739.235,3742.94,3737.695,3738.535,10305
1758855600,"2025-09-26 03:00:00",3738.585,3746.11,3734.44,3745.735,10317
1758859200,"2025-09-26 04:00:00",3745.75,3747.835,3744.7,3747.72,4861
1758862800,"2025-09-26 05:00:00",3747.665,3749.65,3741.735,3741.93,6562
1758866400,"2025-09-26 06:00:00",3741.89,3754.13,3741.415,3743.525,21080
1758870000,"2025-09-26 07:00:00",3743.52,3749.65,3739.345,3748.11,12202
1758873600,"2025-09-26 08:00:00",3748.135,3755.24,3747.245,3753.015,12173
1758877200,"2025-09-26 09:00:00",3752.99,3754.55,3747.215,3751.615,9285
1758880800,"2025-09-26 10:00:00",3751.46,3755.16,3742.955,3744.625,11030
1758884400,"2025-09-26 11:00:00",3744.685,3753.06,3744.405,3748.78,11636
1758888000,"2025-09-26 12:00:00",3748.755,3757.505,3746.53,3752.045,25444
1758891600,"2025-09-26 13:00:00",3752.055,3766.425,3751.225,3761.98,53399
1758895200,"2025-09-26 14:00:00",3761.79,3783.885,3761.605,3778.935,52123
1758898800,"2025-09-26 15:00:00",3778.93,3781.19,3772.995,3780.51,37550
1758902400,"2025-09-26 16:00:00",3780.495,3781.365,3771.41,3774.365,21011
1758906000,"2025-09-26 17:00:00",3774.39,3783.19,3774.14,3783.075,17824
1758909600,"2025-09-26 18:00:00",3783.09,3783.355,3774.73,3778.6,16934
1758913200,"2025-09-26 19:00:00",3778.605,3778.615,3764.605,3766.825,17825
1758916800,"2025-09-26 20:00:00",3766.84,3769.705,3759.66,3759.855,8986
1759096800,"2025-09-28 22:00:00",3764.745,3771.295,3763.45,3770.605,5813
1759100400,"2025-09-28 23:00:00",3770.535,3772.605,3766.525,3766.92,7150
1759104000,"2025-09-29 00:00:00",3766.87,3787.61,3763.935,3787.135,15645
1759107600,"2025-09-29 01:00:00",3787.075,3788.725,3767.91,3778.715,40691
1759111200,"2025-09-29 02:00:00",3778.74,3798.79,3777.765,3792.905,23664
1759114800,"2025-09-29 03:00:00",3792.89,3799.49,3792.2,3794.565,16287
1759118400,"2025-09-29 04:00:00",3794.49,3809.195,3792.58,3805.1,16805
1759122000,"2025-09-29 05:00:00",3805.15,3814.655,3801.29,3813.635,23110
1759125600,"2025-09-29 06:00:00",3813.665,3819.915,3810.91,3817.405,29241
1759129200,"2025-09-29 07:00:00",3817.285,3819.57,3804.985,3806.24,23247
1759132800,"2025-09-29 08:00:00",3806.265,3819.6,3806.265,3818.845,20366
1759136400,"2025-09-29 09:00:00",3818.825,3819.825,3806.95,3807.555,19582
1759140000,"2025-09-29 10:00:00",3807.58,3818.715,3806.47,3818.055,20389
1759143600,"2025-09-29 11:00:00",3818.01,3831.45,3816.51,3828.915,23492
1759147200,"2025-09-29 12:00:00",3828.92,3830.625,3811.75,3813.795,42649
1759150800,"2025-09-29 13:00:00",3813.84,3828.19,3809.425,3821.46,46161
1759154400,"2025-09-29 14:00:00",3821.365,3830.695,3816.63,3828.275,52242
1759158000,"2025-09-29 15:00:00",3828.345,3833.315,3820.96,3830.49,35348
1759161600,"2025-09-29 16:00:00",3830.485,3833.655,3828.19,3830.45,23015
1759165200,"2025-09-29 17:00:00",3830.465,3832.98,3824.19,3828.915,24537
1759168800,"2025-09-29 18:00:00",3828.985,3830.765,3823.31,3824.51,17195
1759172400,"2025-09-29 19:00:00",3824.485,3829.78,3822.6,3828.88,23242
1759176000,"2025-09-29 20:00:00",3828.855,3834.3,3827.795,3833.88,5654
1759183200,"2025-09-29 22:00:00",3832.57,3832.645,3825.78,3830.805,2611
1759186800,"2025-09-29 23:00:00",3830.7,3833.49,3828.13,3832.905,3928
1759190400,"2025-09-30 00:00:00",3832.965,3840.905,3831.08,3839.155,13744
1759194000,"2025-09-30 01:00:00",3839.03,3851.06,3838.11,3848.275,25519
1759197600,"2025-09-30 02:00:00",3848.26,3852.105,3842.72,3848.2,21491
1759201200,"2025-09-30 03:00:00",3848.205,3867.405,3846.02,3864.94,15764
1759204800,"2025-09-30 04:00:00",3864.88,3867.21,3862.105,3867.175,11059
1759208400,"2025-09-30 05:00:00",3867.17,3870.54,3862.52,3869.82,16608
1759212000,"2025-09-30 06:00:00",3869.855,3871.89,3854.81,3855.74,22423
1759215600,"2025-09-30 07:00:00",3855.755,3859.415,3839.545,3843.92,28409
1759219200,"2025-09-30 08:00:00",3843.805,3847.32,3807.61,3816.37,41543
1759222800,"2025-09-30 09:00:00",3816.29,3821.635,3793.175,3798.815,32762
1759226400,"2025-09-30 10:00:00",3798.82,3814.735,3798.305,3812.295,24424
1759230000,"2025-09-30 11:00:00",3812.24,3817.87,3804.625,3815.39,23973
1759233600,"2025-09-30 12:00:00",3815.38,3821.805,3808.945,3819.475,31876
1759237200,"2025-09-30 13:00:00",3819.495,3829.975,3811.735,3823.725,40891
1759240800,"2025-09-30 14:00:00",3823.61,3854.7,3820.385,3854.08,50653
1759244400,"2025-09-30 15:00:00",3854.06,3854.175,3831.365,3838.91,45187
1759248000,"2025-09-30 16:00:00",3838.9,3848.025,3837.88,3846.025,23568
1759251600,"2025-09-30 17:00:00",3846.045,3849.38,3842.845,3844.085,15324
1759255200,"2025-09-30 18:00:00",3844.13,3849.045,3839.655,3848.045,18642
1759258800,"2025-09-30 19:00:00",3848.03,3860.79,3847.145,3859.08,19836
1759262400,"2025-09-30 20:00:00",3859.065,3860.145,3850.66,3858.45,8026
1759269600,"2025-09-30 22:00:00",3860.08,3861.53,3854.775,3860.015,6060
1759273200,"2025-09-30 23:00:00",3860.085,3863.185,3860.085,3863.03,3445
1759276800,"2025-10-01 00:00:00",3863.05,3865.375,3858.76,3860.535,10413
1759280400,"2025-10-01 01:00:00",3860.47,3869.09,3859.14,3869.065,13277
1759284000,"2025-10-01 02:00:00",3869.085,3875.56,3858.37,3863.595,22032
1759287600,"2025-10-01 03:00:00",3863.585,3866.65,3855.705,3862.16,22406
1759291200,"2025-10-01 04:00:00",3862.125,3865.13,3857.66,3864.99,11678
1759294800,"2025-10-01 05:00:00",3864.98,3869.865,3862.28,3863.605,11958
1759298400,"2025-10-01 06:00:00",3863.6,3864.88,3853.38,3859.31,17699
1759302000,"2025-10-01 07:00:00",3859.265,3879.86,3859.105,3879.35,28257
1759305600,"2025-10-01 08:00:00",3879.35,3895.5,3879.23,3892.95,25714
1759309200,"2025-10-01 09:00:00",3892.94,3895.155,3883.715,3888.94,17281
1759312800,"2025-10-01 10:00:00",3888.945,3889.645,3885.21,3887.735,13986
1759316400,"2025-10-01 11:00:00",3887.715,3888.585,3878.06,3883.78,15952
1759320000,"2025-10-01 12:00:00",3883.915,3891.13,3864.65,3870.575,39602
1759323600,"2025-10-01 13:00:00",3870.585,3877.145,3863.72,3873.055,42262
1759327200,"2025-10-01 14:00:00",3872.995,3878.88,3856.335,3873.1,61396
1759330800,"2025-10-01 15:00:00",3873.07,3876.865,3858.045,3868.625,51467
1759334400,"2025-10-01 16:00:00",3868.645,3871.595,3860.645,3870.955,29025
1759338000,"2025-10-01 17:00:00",3870.95,3871.91,3860.645,3860.85,17615
1759341600,"2025-10-01 18:00:00",3860.875,3866.34,3855.155,3862.185,21359
1759345200,"2025-10-01 19:00:00",3862.24,3871.1,3861.455,3867.75,18987
1759348800,"2025-10-01 20:00:00",3867.745,3867.805,3860.43,3865.53,6918
1759356000,"2025-10-01 22:00:00",3864.41,3865.78,3858.855,3862.225,8047
1759359600,"2025-10-01 23:00:00",3862.23,3866.7,3857.755,3863.49,6317
1759363200,"2025-10-02 00:00:00",3863.495,3863.685,3856.075,3856.09,11508
1759366800,"2025-10-02 01:00:00",3856.055,3865.29,3852.835,3865.175,16476
1759370400,"2025-10-02 02:00:00",3865.22,3870.06,3861.54,3866.17,15199
1759374000,"2025-10-02 03:00:00",3866.09,3869.565,3864.065,3866.635,11999
1759377600,"2025-10-02 04:00:00",3866.64,3867.725,3861.75,3864.3,7171
1759381200,"2025-10-02 05:00:00",3864.34,3871.255,3864.34,3868.06,12473
1759384800,"2025-10-02 06:00:00",3868.05,3874.37,3861.98,3864.155,19059
1759388400,"2025-10-02 07:00:00",3864.145,3874.985,3861.7,3868.555,19981
1759392000,"2025-10-02 08:00:00",3868.53,3878.86,3864.765,3874.66,17085
1759395600,"2025-10-02 09:00:00",3874.625,3880.03,3873.465,3879.21,15437
1759399200,"2025-10-02 10:00:00",3879.22,3883.95,3875.865,3881.745,14766
1759402800,"2025-10-02 11:00:00",3881.75,3886.76,3879.73,3886.39,15761
1759406400,"2025-10-02 12:00:00",3886.41,3892.185,3880.105,3884.515,33865
1759410000,"2025-10-02 13:00:00",3884.525,3897.13,3873.725,3875.29,47396
1759413600,"2025-10-02 14:00:00",3875.285,3877.05,3825.4,3839.98,76546
1759417200,"2025-10-02 15:00:00",3840.04,3844.96,3819.425,3828.31,61799
1759420800,"2025-10-02 16:00:00",3828.295,3845.5,3827.18,3845.035,37724
1759424400,"2025-10-02 17:00:00",3845.06,3847.735,3840.61,3844.385,30090
1759428000,"2025-10-02 18:00:00",3844.395,3851.625,3843.555,3850.92,22630
1759431600,"2025-10-02 19:00:00",3850.96,3859.27,3850.625,3855.575,30173
1759435200,"2025-10-02 20:00:00",3855.57,3859.395,3853.595,3856.56,6235
1759442400,"2025-10-02 22:00:00",3857.14,3858.47,3852.07,3857.13,2101
1759446000,"2025-10-02 23:00:00",3857.085,3863.715,3856.74,3862.415,3352
1759449600,"2025-10-03 00:00:00",3862.27,3862.855,3856.395,3856.88,9852
1759453200,"2025-10-03 01:00:00",3856.82,3862.825,3847.5,3858.55,17587
1759456800,"2025-10-03 02:00:00",3858.505,3859.1,3847.65,3848.105,8759
1759460400,"2025-10-03 03:00:00",3848.1,3851.12,3838.07,3842.915,12218
1759464000,"2025-10-03 04:00:00",3842.825,3848.43,3841.7,3844.1,8228
1759467600,"2025-10-03 05:00:00",3844.24,3859.285,3844.035,3855.23,12453
1759471200,"2025-10-03 06:00:00",3855.135,3861.11,3851.05,3859.26,13485
1759474800,"2025-10-03 07:00:00",3859.29,3865.38,3856.95,3864.45,11552
1759478400,"2025-10-03 08:00:00",3864.455,3865.805,3860.095,3865.01,10876
1759482000,"2025-10-03 09:00:00",3865,3865.105,3857.04,3864.405,9772
1759485600,"2025-10-03 10:00:00",3864.41,3867.78,3862.08,3865.92,13214
1759489200,"2025-10-03 11:00:00",3865.915,3867.235,3854.66,3862.145,22162
1759492800,"2025-10-03 12:00:00",3862.185,3875.135,3860.605,3873.95,25486
1759496400,"2025-10-03 13:00:00",3873.965,3890.805,3870.245,3882.885,49285
1759500000,"2025-10-03 14:00:00",3882.705,3886.3,3866.425,3879.835,70326
1759503600,"2025-10-03 15:00:00",3879.86,3891.76,3873.85,3889.565,49001
1759507200,"2025-10-03 16:00:00",3889.57,3889.845,3880.62,3883.74,38428
1759510800,"2025-10-03 17:00:00",3883.795,3886.085,3876.985,3881.905,38645
1759514400,"2025-10-03 18:00:00",3881.95,3889.265,3880.185,3886.125,27823
1759518000,"2025-10-03 19:00:00",3886.12,3889.295,3883.495,3885.825,25547
1759521600,"2025-10-03 20:00:00",3885.79,3887.315,3882.94,3886.455,6427
1759701600,"2025-10-05 22:00:00",3891.335,3904.44,3884.115,3899.42,11377
1759705200,"2025-10-05 23:00:00",3899.405,3920.975,3897.95,3909.73,30440
1759708800,"2025-10-06 00:00:00",3909.76,3910.215,3899.03,3900.39,26469
1759712400,"2025-10-06 01:00:00",3900.445,3918.47,3899.8,3918.18,19135
1759716000,"2025-10-06 02:00:00",3918.2,3924.905,3917.715,3921.05,17967
1759719600,"2025-10-06 03:00:00",3921.02,3932.15,3920.05,3929.63,16461
1759723200,"2025-10-06 04:00:00",3929.68,3940.55,3928.875,3938.89,16568
1759726800,"2025-10-06 05:00:00",3938.83,3945.33,3927.44,3932.565,22187
1759730400,"2025-10-06 06:00:00",3932.575,3934.98,3922.5,3934.44,28444
1759734000,"2025-10-06 07:00:00",3934.455,3944.065,3929.305,3941.79,30400
1759737600,"2025-10-06 08:00:00",3941.8,3949.67,3935.39,3942.61,26605
1759741200,"2025-10-06 09:00:00",3942.65,3945.065,3936.67,3942.495,18997
1759744800,"2025-10-06 10:00:00",3942.525,3946.76,3932.52,3942.235,22187
1759748400,"2025-10-06 11:00:00",3942.225,3942.81,3931.03,3938.265,32610
1759752000,"2025-10-06 12:00:00",3938.22,3941.43,3926.465,3934.385,48032
1759755600,"2025-10-06 13:00:00",3934.375,3947.26,3927.21,3944.74,53478
1759759200,"2025-10-06 14:00:00",3944.75,3958.895,3940.39,3955.18,51889
1759762800,"2025-10-06 15:00:00",3955.07,3964.17,3948.195,3962.66,39693
1759766400,"2025-10-06 16:00:00",3962.655,3970.2,3945.88,3954.175,39402
1759770000,"2025-10-06 17:00:00",3954.27,3959.05,3951.145,3958.03,29046
1759773600,"2025-10-06 18:00:00",3958.115,3960.665,3955.895,3958.585,24167
1759777200,"2025-10-06 19:00:00",3958.55,3965.155,3958.36,3959.585,19604
1759780800,"2025-10-06 20:00:00",3959.515,3962.4,3957.34,3960.69,6223
1759788000,"2025-10-06 22:00:00",3960.62,3976.155,3958.86,3963.625,19997
1759791600,"2025-10-06 23:00:00",3963.545,3972.79,3961.88,3969.61,12415
1759795200,"2025-10-07 00:00:00",3969.625,3977.4,3961.435,3962.81,26199
1759798800,"2025-10-07 01:00:00",3962.805,3963.845,3955.87,3958.115,26977
1759802400,"2025-10-07 02:00:00",3958.085,3967.105,3957.385,3964.905,12461
1759806000,"2025-10-07 03:00:00",3964.83,3974.755,3960.955,3973.55,15765
1759809600,"2025-10-07 04:00:00",3973.525,3977.045,3971.515,3976.05,10209
1759813200,"2025-10-07 05:00:00",3975.89,3977.015,3960.115,3964.725,19030
1759816800,"2025-10-07 06:00:00",3964.76,3966.455,3953.795,3955.045,19602
1759820400,"2025-10-07 07:00:00",3955.075,3956.355,3943.315,3945.86,38723
1759824000,"2025-10-07 08:00:00",3945.765,3954.07,3941.055,3951.325,25303
1759827600,"2025-10-07 09:00:00",3951.32,3963.675,3951.135,3955.32,22115
1759831200,"2025-10-07 10:00:00",3955.31,3962.82,3954.2,3960.175,15314
1759834800,"2025-10-07 11:00:00",3960.22,3969.325,3956.455,3967.045,15412
1759838400,"2025-10-07 12:00:00",3966.995,3980.095,3964.48,3979.5,35649
1759842000,"2025-10-07 13:00:00",3979.38,3985.65,3970.415,3979.33,52361
1759845600,"2025-10-07 14:00:00",3979.295,3986.8,3968.775,3985.74,61999
1759849200,"2025-10-07 15:00:00",3985.83,3991.135,3961.75,3966.165,61172
1759852800,"2025-10-07 16:00:00",3966.195,3979.59,3963.105,3976.825,44465
1759856400,"2025-10-07 17:00:00",3976.845,3987.855,3976.485,3980.815,33032
1759860000,"2025-10-07 18:00:00",3980.83,3984.01,3974.155,3981.01,36199
1759863600,"2025-10-07 19:00:00",3981.1,3983.545,3978.515,3980.195,32469
1759867200,"2025-10-07 20:00:00",3980.17,3986.725,3980.165,3984.33,6798
1759874400,"2025-10-07 22:00:00",3986.275,3990.76,3985.015,3989.6,5481
1759878000,"2025-10-07 23:00:00",3989.59,3996.2,3988.42,3994.44,8236
1759881600,"2025-10-08 00:00:00",3994.425,3999.445,3989.395,3992.325,17872
1759885200,"2025-10-08 01:00:00",3992.305,4001.045,3984.32,4000.785,25208
1759888800,"2025-10-08 02:00:00",4000.76,4011.88,3995.67,4011.84,24029
1759892400,"2025-10-08 03:00:00",4011.825,4016.725,4008.87,4014.66,16899
1759896000,"2025-10-08 04:00:00",4014.655,4027.355,4014.595,4026.9,18941
1759899600,"2025-10-08 05:00:00",4026.81,4037.16,4024.755,4029.125,21984
1759903200,"2025-10-08 06:00:00",4029.145,4033.245,4021.33,4031.745,25732
1759906800,"2025-10-08 07:00:00",4031.775,4039.285,4030.27,4034.27,20869
1759910400,"2025-10-08 08:00:00",4034.345,4040.595,4033.18,4036.455,18171
1759914000,"2025-10-08 09:00:00",4036.46,4049.7,4030.77,4049.365,17906
1759917600,"2025-10-08 10:00:00",4049.35,4049.62,4033.47,4037.23,19859
1759921200,"2025-10-08 11:00:00",4037.295,4038.29,4032.145,4038.195,22341
1759924800,"2025-10-08 12:00:00",4038.185,4046.51,4030.99,4040.25,32269
1759928400,"2025-10-08 13:00:00",4040.2,4049.695,4026.175,4038.025,50297
1759932000,"2025-10-08 14:00:00",4038.04,4049.285,4035.705,4048.225,46265
1759935600,"2025-10-08 15:00:00",4048.275,4050.69,4037.2,4045.75,42571
1759939200,"2025-10-08 16:00:00",4045.745,4059.35,4044.425,4056.7,41113
1759942800,"2025-10-08 17:00:00",4056.695,4058.1,4042.96,4051.325,36282
1759946400,"2025-10-08 18:00:00",4051.32,4053.23,4038.6,4050.08,37009
1759950000,"2025-10-08 19:00:00",4050.095,4054.6,4032.13,4044.805,51858
1759953600,"2025-10-08 20:00:00",4044.825,4046.625,4038.55,4041.9,12423
1759960800,"2025-10-08 22:00:00",4036.775,4037.1,4015.465,4021.51,14241
1759964400,"2025-10-08 23:00:00",4021.515,4022.16,4001.33,4011.78,22322
1759968000,"2025-10-09 00:00:00",4011.785,4028.205,4008.57,4023.095,28334
1759971600,"2025-10-09 01:00:00",4023.11,4036.54,4008.235,4019.675,48521
1759975200,"2025-10-09 02:00:00",4019.73,4021.545,4002.725,4018.765,34068
1759978800,"2025-10-09 03:00:00",4018.74,4029.77,4017.13,4026.93,20338
1759982400,"2025-10-09 04:00:00",4026.94,4041.265,4026.94,4038.98,12533
1759986000,"2025-10-09 05:00:00",4038.945,4043.7,4034.375,4039.805,22231
1759989600,"2025-10-09 06:00:00",4039.87,4041.025,4022.67,4025.985,29904
1759993200,"2025-10-09 07:00:00",4025.95,4032.83,4024.745,4031.7,20874
1759996800,"2025-10-09 08:00:00",4031.69,4040.49,4030.31,4038.22,17565
1760000400,"2025-10-09 09:00:00",4038.3,4042.255,4034.14,4037.61,17459
1760004000,"2025-10-09 10:00:00",4037.65,4044.26,4036.495,4044.2,8763
1760007600,"2025-10-09 11:00:00",4044.245,4046.71,4033.63,4044.43,21782
1760011200,"2025-10-09 12:00:00",4044.465,4053.72,4037.535,4053.5,32143
1760014800,"2025-10-09 13:00:00",4053.575,4058.11,4016.91,4017.315,93012
1760018400,"2025-10-09 14:00:00",4017.3,4029.29,4004.13,4024.1,124712
1760022000,"2025-10-09 15:00:00",4024,4028.865,4006.545,4014.475,79861
1760025600,"2025-10-09 16:00:00",4014.42,4021.695,3963.905,3969.025,77304
1760029200,"2025-10-09 17:00:00",3969.08,3974.635,3944.435,3950.375,103439
1760032800,"2025-10-09 18:00:00",3950.33,3968.94,3949.57,3957.475,51435
1760036400,"2025-10-09 19:00:00",3957.45,3982.175,3955.375,3973.46,41322
1760040000,"2025-10-09 20:00:00",3973.34,3979.23,3973.045,3976.24,9810
1760047200,"2025-10-09 22:00:00",3977.265,3980.7,3958.855,3975.31,11640
1760050800,"2025-10-09 23:00:00",3975.345,3991.28,3974.565,3989.805,11132
1760054400,"2025-10-10 00:00:00",3989.785,3994.52,3985.53,3991.3,23638
1760058000,"2025-10-10 01:00:00",3991.27,3992.48,3969.885,3973.275,35816
1760061600,"2025-10-10 02:00:00",3973.27,3986.91,3973.27,3978.63,21782
1760065200,"2025-10-10 03:00:00",3978.615,3979.385,3960.695,3961.88,32345
1760068800,"2025-10-10 04:00:00",3961.895,3966.905,3947.02,3966.29,33603
1760072400,"2025-10-10 05:00:00",3966.285,3977.775,3965.835,3974.85,46804
1760076000,"2025-10-10 06:00:00",3974.845,3976.065,3962.64,3968.495,34609
1760079600,"2025-10-10 07:00:00",3968.54,3976.41,3952.855,3972.04,34310
1760083200,"2025-10-10 08:00:00",3972.025,3995.005,3970.28,3991.98,36577
1760086800,"2025-10-10 09:00:00",3992.005,4006.735,3990.41,3995.87,36746
1760090400,"2025-10-10 10:00:00",3995.64,4000.32,3990.85,3993.925,19279
1760094000,"2025-10-10 11:00:00",3993.955,3999.91,3983.44,3987.135,30235
1760097600,"2025-10-10 12:00:00",3987.21,3993.635,3980.12,3985.805,36080
1760101200,"2025-10-10 13:00:00",3985.765,3998.145,3975.63,3981.02,66122
1760104800,"2025-10-10 14:00:00",3981.03,3994.315,3970.855,3990.285,69751
1760108400,"2025-10-10 15:00:00",3990.275,4023,3988.135,3997.805,116474
1760112000,"2025-10-10 16:00:00",3997.695,3998.725,3977.35,3983.545,77755
1760115600,"2025-10-10 17:00:00",3983.595,3992.325,3975.235,3990.185,55234
1760119200,"2025-10-10 18:00:00",3990.24,4009.215,3984.41,3999.195,50704
1760122800,"2025-10-10 19:00:00",3999.125,4021.51,3995.835,4011.365,57191
1760126400,"2025-10-10 20:00:00",4011.435,4020.335,4006.015,4016.68,19318
1760306400,"2025-10-12 22:00:00",4017.625,4045.68,3998.15,4042.47,21789
1760310000,"2025-10-12 23:00:00",4042.485,4060.545,4032.235,4035.19,37870
1760313600,"2025-10-13 00:00:00",4035.205,4060.02,4024.39,4043.97,48136
1760317200,"2025-10-13 01:00:00",4044.145,4055.17,4035.99,4053.265,41056
1760320800,"2025-10-13 02:00:00",4053.25,4056.065,4041.58,4048.34,34358
1760324400,"2025-10-13 03:00:00",4048.365,4056.62,4046.565,4052,26256
1760328000,"2025-10-13 04:00:00",4051.98,4059.485,4051.09,4056.255,16877
1760331600,"2025-10-13 05:00:00",4056.225,4078.235,4054.81,4063.765,40089
1760335200,"2025-10-13 06:00:00",4063.745,4073.865,4059.47,4069.41,43256
1760338800,"2025-10-13 07:00:00",4069.45,4077.63,4066.685,4071.225,35046
1760342400,"2025-10-13 08:00:00",4071.21,4079.25,4068.925,4077.87,27594
1760346000,"2025-10-13 09:00:00",4077.895,4079.92,4070.215,4077.42,19986
1760349600,"2025-10-13 10:00:00",4077.41,4085.445,4071.185,4081,20626
1760353200,"2025-10-13 11:00:00",4080.98,4084.83,4073.715,4074.03,26036
1760356800,"2025-10-13 12:00:00",4074.135,4086.215,4073.315,4079.76,25475
1760360400,"2025-10-13 13:00:00",4079.795,4095.675,4078.485,4094.25,45044
1760364000,"2025-10-13 14:00:00",4094.21,4104.02,4090.795,4097.4,48375
1760367600,"2025-10-13 15:00:00",4097.305,4107.585,4091.695,4105.045,36941
1760371200,"2025-10-13 16:00:00",4105.06,4117.42,4103.78,4105.715,37538
1760374800,"2025-10-13 17:00:00",4105.8,4115.61,4100.065,4103.64,35208
1760378400,"2025-10-13 18:00:00",4103.585,4107.53,4099.285,4101.945,28646
1760382000,"2025-10-13 19:00:00",4101.94,4111.05,4090.935,4108.66,26265
1760385600,"2025-10-13 20:00:00",4108.695,4112.615,4106.065,4110.335,4814
1760392800,"2025-10-13 22:00:00",4112.47,4115.875,4106.68,4115.055,5789
1760396400,"2025-10-13 23:00:00",4115.015,4132.025,4112.99,4127.8,19604
1760400000,"2025-10-14 00:00:00",4127.835,4130.375,4119.42,4124.62,27897
1760403600,"2025-10-14 01:00:00",4124.54,4150.065,4123.335,4137.05,47688
1760407200,"2025-10-14 02:00:00",4137.1,4149.985,4136.8,4146.01,29645
1760410800,"2025-10-14 03:00:00",4146.005,4166.53,4145.21,4163.18,37313
1760414400,"2025-10-14 04:00:00",4163.18,4170.03,4155.99,4168.16,21486
1760418000,"2025-10-14 05:00:00",4168.08,4179.935,4110.63,4121.36,81128
1760421600,"2025-10-14 06:00:00",4121.345,4134.27,4090.145,4112.375,93326
1760425200,"2025-10-14 07:00:00",4112.38,4128.135,4102.73,4126.575,46793
1760428800,"2025-10-14 08:00:00",4126.57,4145.07,4124.72,4143.95,37789
1760432400,"2025-10-14 09:00:00",4143.9,4144.275,4121.67,4127.4,33616
1760436000,"2025-10-14 10:00:00",4127.34,4144.615,4124.72,4131.5,33129
1760439600,"2025-10-14 11:00:00",4131.55,4138.065,4125.925,4130.415,23647
1760443200,"2025-10-14 12:00:00",4130.505,4134.605,4103.28,4106.47,46288
1760446800,"2025-10-14 13:00:00",4106.465,4129.46,4097.74,4124.105,64418
1760450400,"2025-10-14 14:00:00",4123.855,4137.845,4121.26,4129.46,57389
1760454000,"2025-10-14 15:00:00",4129.47,4142.71,4126.42,4138.075,61290
1760457600,"2025-10-14 16:00:00",4138.095,4155.495,4127.765,4140.39,41002
1760461200,"2025-10-14 17:00:00",4140.36,4152.955,4137.33,4148.15,36464
1760464800,"2025-10-14 18:00:00",4148.145,4152.73,4143.275,4148.285,29731
1760468400,"2025-10-14 19:00:00",4148.245,4150.585,4134.695,4141.92,38091
1760472000,"2025-10-14 20:00:00",4141.94,4146.15,4139.465,4142.625,7470
1760479200,"2025-10-14 22:00:00",4140.755,4163.595,4140.735,4158.33,11857
1760482800,"2025-10-14 23:00:00",4158.47,4167.375,4157.15,4161.56,12195
1760486400,"2025-10-15 00:00:00",4161.505,4169.82,4153.8,4162.53,20667
1760490000,"2025-10-15 01:00:00",4162.505,4186.9,4162.075,4181.855,33411
1760493600,"2025-10-15 02:00:00",4181.86,4184.865,4167.02,4176.705,23895
1760497200,"2025-10-15 03:00:00",4176.715,4190.95,4176.36,4187.19,22493
1760500800,"2025-10-15 04:00:00",4187.205,4187.615,4173.19,4179.805,15215
1760504400,"2025-10-15 05:00:00",4179.76,4193.645,4176.795,4185.805,24711
1760508000,"2025-10-15 06:00:00",4185.75,4200.46,4184.26,4199.41,20848
1760511600,"2025-10-15 07:00:00",4199.39,4209.905,4194.45,4207.96,20136
1760515200,"2025-10-15 08:00:00",4208.015,4218.405,4207.35,4208.075,23799
1760518800,"2025-10-15 09:00:00",4208.1,4212.355,4164.24,4192.48,35544
1760522400,"2025-10-15 10:00:00",4192.355,4206.23,4190.31,4202.96,20761
1760526000,"2025-10-15 11:00:00",4202.915,4204.255,4193.485,4198.74,25636
1760529600,"2025-10-15 12:00:00",4198.745,4202.87,4176.295,4190.835,45555
1760533200,"2025-10-15 13:00:00",4190.865,4198.99,4183.05,4192.145,59421
1760536800,"2025-10-15 14:00:00",4192.135,4212.615,4191.73,4200.245,57412
1760540400,"2025-10-15 15:00:00",4200.225,4203.19,4179.47,4190.635,58353
1760544000,"2025-10-15 16:00:00",4190.67,4200.075,4186.4,4199.155,34732
1760547600,"2025-10-15 17:00:00",4199.18,4199.86,4182.71,4197.88,39858
1760551200,"2025-10-15 18:00:00",4197.9,4204.625,4195.105,4200.84,40607
1760554800,"2025-10-15 19:00:00",4200.835,4213.54,4200.56,4210.35,34452
1760558400,"2025-10-15 20:00:00",4210.36,4212.77,4206.075,4207.77,7687
1760565600,"2025-10-15 22:00:00",4212.565,4216.06,4199.965,4213.05,9988
1760569200,"2025-10-15 23:00:00",4213.07,4215.99,4206.35,4209.45,11357
1760572800,"2025-10-16 00:00:00",4209.455,4227.4,4204.84,4210.55,29535
1760576400,"2025-10-16 01:00:00",4210.535,4233.21,4210.5,4230.3,32429
1760580000,"2025-10-16 02:00:00",4230.36,4239.735,4226.17,4239.73,26586
1760583600,"2025-10-16 03:00:00",4239.725,4242.38,4229.07,4233.86,27277
1760587200,"2025-10-16 04:00:00",4233.855,4239.64,4228.2,4233.53,15495
1760590800,"2025-10-16 05:00:00",4233.515,4234.925,4203.55,4204.895,44452
1760594400,"2025-10-16 06:00:00",4204.905,4227.48,4203.61,4222.945,28250
1760598000,"2025-10-16 07:00:00",4222.94,4234.315,4222.31,4230.78,18367
1760601600,"2025-10-16 08:00:00",4230.835,4236.21,4228.535,4233.11,17981
1760605200,"2025-10-16 09:00:00",4233.125,4242.055,4221.98,4239.54,16454
1760608800,"2025-10-16 10:00:00",4239.525,4246.23,4234.155,4242.71,11850
1760612400,"2025-10-16 11:00:00",4242.72,4247.7,4239.555,4240.605,24412
1760616000,"2025-10-16 12:00:00",4240.625,4251.345,4227.675,4236.235,43135
1760619600,"2025-10-16 13:00:00",4236.25,4258.775,4235.04,4245.975,58342
1760623200,"2025-10-16 14:00:00",4245.95,4267.575,4245.6,4263.335,65642
1760626800,"2025-10-16 15:00:00",4263.375,4276.09,4260.76,4273.69,58579
1760630400,"2025-10-16 16:00:00",4273.71,4292.195,4261.5,4282.81,72473
1760634000,"2025-10-16 17:00:00",4282.825,4298.72,4279.845,4293.84,44665
1760637600,"2025-10-16 18:00:00",4293.885,4294.85,4273.3,4290.845,50285
1760641200,"2025-10-16 19:00:00",4290.835,4312.875,4287.635,4307.495,56747
1760644800,"2025-10-16 20:00:00",4307.535,4330.9,4307.535,4326.065,16408
1760652000,"2025-10-16 22:00:00",4338.03,4380.99,4333.165,4346.955,37965
1760655600,"2025-10-16 23:00:00",4346.965,4379.51,4341.48,4365.815,36934
1760659200,"2025-10-17 00:00:00",4365.805,4371.76,4353.685,4358.145,40629
1760662800,"2025-10-17 01:00:00",4358.17,4362.345,4278.68,4314.345,96431
1760666400,"2025-10-17 02:00:00",4314.175,4348.515,4312.295,4342.81,58766
1760670000,"2025-10-17 03:00:00",4342.81,4367.01,4339.055,4366.995,37884
1760673600,"2025-10-17 04:00:00",4366.995,4377.535,4354.815,4376.62,28772
1760677200,"2025-10-17 05:00:00",4376.585,4378.765,4342.18,4366.17,37895
1760680800,"2025-10-17 06:00:00",4366.235,4369.81,4346.81,4360.365,33857
1760684400,"2025-10-17 07:00:00",4360.195,4362.065,4306.255,4342.685,65633
1760688000,"2025-10-17 08:00:00",4342.525,4349.975,4321.16,4347.53,51506
1760691600,"2025-10-17 09:00:00",4347.555,4348.47,4332.46,4340.42,31334
1760695200,"2025-10-17 10:00:00",4340.4,4342.285,4319.505,4327.905,34219
1760698800,"2025-10-17 11:00:00",4327.885,4335.96,4286.745,4287.19,71016
1760702400,"2025-10-17 12:00:00",4287.48,4320.25,4283.665,4314.73,73207
1760706000,"2025-10-17 13:00:00",4314.8,4317.79,4258.335,4274.08,111224
1760709600,"2025-10-17 14:00:00",4274.13,4274.74,4215.775,4248.98,151913
1760713200,"2025-10-17 15:00:00",4248.95,4259.455,4231.065,4237.63,84570
1760716800,"2025-10-17 16:00:00",4237.635,4245.19,4200.53,4205.12,101579
1760720400,"2025-10-17 17:00:00",4205.24,4228.69,4185.91,4221.01,91058
1760724000,"2025-10-17 18:00:00",4221.07,4244.955,4218.05,4235.77,57425
1760727600,"2025-10-17 19:00:00",4235.82,4238.225,4212.54,4226.23,59983
1760731200,"2025-10-17 20:00:00",4226.18,4255.31,4220.37,4253.975,41131
1760911200,"2025-10-19 22:00:00",4267.075,4268.27,4245.345,4256.06,23134
1760914800,"2025-10-19 23:00:00",4255.99,4256.455,4233.465,4238.115,22362
1760918400,"2025-10-20 00:00:00",4238.11,4250.95,4219.115,4249.425,56848
1760922000,"2025-10-20 01:00:00",4249.36,4269.12,4229.325,4262.445,58305
1760925600,"2025-10-20 02:00:00",4262.5,4271.285,4253.33,4255.61,32764
1760929200,"2025-10-20 03:00:00",4255.615,4265.295,4248.775,4264.72,32254
1760932800,"2025-10-20 04:00:00",4264.69,4268.285,4260.375,4266.15,23947
1760936400,"2025-10-20 05:00:00",4266.37,4266.815,4239.675,4240.1,42560
1760940000,"2025-10-20 06:00:00",4240.21,4245.795,4221.205,4236.295,53724
1760943600,"2025-10-20 07:00:00",4236.265,4260.81,4234.65,4255.145,30885
1760947200,"2025-10-20 08:00:00",4255.135,4266.12,4252.4,4258.7,31330
1760950800,"2025-10-20 09:00:00",4258.71,4263.675,4250.445,4260.775,24071
1760954400,"2025-10-20 10:00:00",4260.765,4260.965,4245.77,4254.68,31566
1760958000,"2025-10-20 11:00:00",4254.665,4279.645,4251.04,4279.075,29295
1760961600,"2025-10-20 12:00:00",4279.06,4327.445,4272.8,4323.54,58213
1760965200,"2025-10-20 13:00:00",4323.55,4325.36,4299.595,4300.96,82362
1760968800,"2025-10-20 14:00:00",4300.965,4334.71,4292.85,4332.285,76711
1760972400,"2025-10-20 15:00:00",4332.3,4355.65,4332.28,4349.12,61466
1760976000,"2025-10-20 16:00:00",4349.115,4350.85,4342.735,4347.75,45540
1760979600,"2025-10-20 17:00:00",4347.74,4351.255,4337.195,4348.085,41541
1760983200,"2025-10-20 18:00:00",4348.115,4364.8,4344.53,4359.375,39674
1760986800,"2025-10-20 19:00:00",4359.365,4381.44,4359.2,4377.905,55804
1760990400,"2025-10-20 20:00:00",4377.84,4379.95,4346.23,4355.795,32140
1760997600,"2025-10-20 22:00:00",4366.33,4375.625,4357.51,4367.69,18192
1761001200,"2025-10-20 23:00:00",4367.655,4371.875,4356.83,4360.195,15555
1761004800,"2025-10-21 00:00:00",4360.19,4371.19,4356.25,4368.645,28682
1761008400,"2025-10-21 01:00:00",4368.61,4372.445,4333.095,4350.965,45006
1761012000,"2025-10-21 02:00:00",4350.98,4355.465,4335.54,4339.145,34024
1761015600,"2025-10-21 03:00:00",4339.045,4350.865,4338.2,4346.73,19263
1761019200,"2025-10-21 04:00:00",4346.725,4347.255,4336.985,4342.005,14185
1761022800,"2025-10-21 05:00:00",4341.81,4344.31,4317.455,4323.175,32223
1761026400,"2025-10-21 06:00:00",4323.105,4344.185,4317.395,4343.215,31345
1761030000,"2025-10-21 07:00:00",4343.25,4343.27,4293.46,4298.52,51445
1761033600,"2025-10-21 08:00:00",4298.51,4302.02,4245.245,4274.15,77748
1761037200,"2025-10-21 09:00:00",4274.145,4278.095,4254.84,4265.17,32709
1761040800,"2025-10-21 10:00:00",4265.16,4266.77,4249.6,4253.745,28940
1761044400,"2025-10-21 11:00:00",4253.74,4272.67,4245.56,4253.435,30071
1761048000,"2025-10-21 12:00:00",4253.45,4257.85,4205.87,4211.095,77452
1761051600,"2025-10-21 13:00:00",4211.33,4225.485,4167.66,4173.76,119951
1761055200,"2025-10-21 14:00:00",4173.84,4188.665,4080.58,4138.935,159212
1761058800,"2025-10-21 15:00:00",4139.03,4150.68,4119.89,4138.77,100731
1761062400,"2025-10-21 16:00:00",4138.81,4143.975,4101.79,4113.455,77467
1761066000,"2025-10-21 17:00:00",4113.415,4120.575,4093.83,4111.25,71696
1761069600,"2025-10-21 18:00:00",4111.265,4126.06,4106.58,4114.89,33358
1761073200,"2025-10-21 19:00:00",4115.005,4122.32,4100.795,4109.42,38818
1761076800,"2025-10-21 20:00:00",4109.43,4131.1,4106.37,4125.27,20015
1761084000,"2025-10-21 22:00:00",4124.28,4129.215,4114.03,4123.54,18152
1761087600,"2025-10-21 23:00:00",4123.5,4128.015,4090.005,4093.105,22971
1761091200,"2025-10-22 00:00:00",4093.09,4093.895,4004.28,4075.135,121852
1761094800,"2025-10-22 01:00:00",4075.145,4121.14,4064.545,4087.445,88233
1761098400,"2025-10-22 02:00:00",4087.45,4117.95,4087.45,4115.295,35078
1761102000,"2025-10-22 03:00:00",4115.275,4143.425,4107.34,4128.605,33813
1761105600,"2025-10-22 04:00:00",4128.61,4133.585,4107.355,4128.375,33017
1761109200,"2025-10-22 05:00:00",4128.47,4147.005,4126.73,4134.915,29752
1761112800,"2025-10-22 06:00:00",4134.905,4161.535,4127.715,4155.785,33865
1761116400,"2025-10-22 07:00:00",4155.75,4156.59,4129.505,4132.99,49483
1761120000,"2025-10-22 08:00:00",4132.865,4135.94,4053.35,4070.68,88273
1761123600,"2025-10-22 09:00:00",4070.595,4101.695,4061.605,4069.8,63468
1761127200,"2025-10-22 10:00:00",4069.705,4090.755,4023.51,4035.405,54556
1761130800,"2025-10-22 11:00:00",4035.4,4045.205,4015.125,4028.23,73500
1761134400,"2025-10-22 12:00:00",4028.26,4053.42,4023.32,4033.87,66167
1761138000,"2025-10-22 13:00:00",4034.005,4085.48,4033.37,4075.975,84964
1761141600,"2025-10-22 14:00:00",4075.835,4078.745,4011.095,4014.955,89977
1761145200,"2025-10-22 15:00:00",4015.085,4047.34,4014.955,4037.12,66864
1761148800,"2025-10-22 16:00:00",4037.13,4064.12,4023.09,4059.27,57792
1761152400,"2025-10-22 17:00:00",4059.08,4071.025,4044.02,4069.97,48040
1761156000,"2025-10-22 18:00:00",4069.95,4081.73,4066.59,4077.03,30713
1761159600,"2025-10-22 19:00:00",4077.035,4113.8,4076.64,4102.105,39667
1761163200,"2025-10-22 20:00:00",4102.12,4107.21,4088.52,4099.4,19637
1761170400,"2025-10-22 22:00:00",4110.085,4111.195,4092.59,4102.325,20744
1761174000,"2025-10-22 23:00:00",4102.335,4104.89,4080.6,4087.64,31624
1761177600,"2025-10-23 00:00:00",4087.645,4096.73,4065.9,4082.15,54510
1761181200,"2025-10-23 01:00:00",4082.17,4093.095,4071.845,4073.165,51891
1761184800,"2025-10-23 02:00:00",4073.185,4085.495,4071.96,4082.61,38637
1761188400,"2025-10-23 03:00:00",4082.615,4101.035,4077.89,4091.4,34074
1761192000,"2025-10-23 04:00:00",4091.405,4093.2,4079.895,4089.605,21878
1761195600,"2025-10-23 05:00:00",4089.68,4110.63,4084.075,4110.55,28956
1761199200,"2025-10-23 06:00:00",4110.56,4137.745,4110.48,4113.775,56843
1761202800,"2025-10-23 07:00:00",4113.755,4121.24,4092.06,4094.205,47356
1761206400,"2025-10-23 08:00:00",4094.23,4118.975,4094.23,4116.33,31847
1761210000,"2025-10-23 09:00:00",4116.43,4125.43,4111.07,4124.635,19320
1761213600,"2025-10-23 10:00:00",4124.66,4125.55,4101.84,4109.16,22320
1761217200,"2025-10-23 11:00:00",4109.255,4121.115,4107.575,4109.66,28752
1761220800,"2025-10-23 12:00:00",4109.57,4129.25,4100.14,4127.135,39376
1761224400,"2025-10-23 13:00:00",4127.225,4150.99,4125.785,4145.12,61664
1761228000,"2025-10-23 14:00:00",4145.01,4154.79,4136.14,4148.365,68930
1761231600,"2025-10-23 15:00:00",4148.395,4151.965,4137.145,4141.945,55811
1761235200,"2025-10-23 16:00:00",4141.95,4148.74,4125.75,4132.995,33763
1761238800,"2025-10-23 17:00:00",4132.99,4139.28,4125.105,4137.81,35303
1761242400,"2025-10-23 18:00:00",4137.805,4143.6,4133.155,4136.35,31820
1761246000,"2025-10-23 19:00:00",4136.315,4138.31,4116.61,4118.45,34512
1761249600,"2025-10-23 20:00:00",4118.55,4126.075,4107.535,4126.075,13865
1761256800,"2025-10-23 22:00:00",4125.85,4128.8,4111.465,4116.275,8955
1761260400,"2025-10-23 23:00:00",4116.345,4122.885,4106.035,4121.665,12748
1761264000,"2025-10-24 00:00:00",4121.435,4133.895,4117.805,4132.87,15642
1761267600,"2025-10-24 01:00:00",4132.9,4144.535,4112.035,4118.79,29107
1761271200,"2025-10-24 02:00:00",4118.79,4119.24,4109.425,4109.71,20838
1761274800,"2025-10-24 03:00:00",4109.67,4123.665,4107.58,4122.475,21331
1761278400,"2025-10-24 04:00:00",4122.44,4123.405,4102.8,4111.555,25963
1761282000,"2025-10-24 05:00:00",4111.92,4118.025,4102.825,4104.5,25822
1761285600,"2025-10-24 06:00:00",4104.525,4104.81,4081.425,4092.3,45307
1761289200,"2025-10-24 07:00:00",4092.29,4096.095,4069.78,4074.3,37897
1761292800,"2025-10-24 08:00:00",4074.315,4077.895,4047.555,4065.515,43151
1761296400,"2025-10-24 09:00:00",4065.5,4073.735,4054.285,4060.875,28235
1761300000,"2025-10-24 10:00:00",4060.92,4070.855,4053.545,4054.865,21226
1761303600,"2025-10-24 11:00:00",4054.875,4065.71,4043.515,4061.46,38080
1761307200,"2025-10-24 12:00:00",4061.52,4094.18,4059.9,4082.265,55917
1761310800,"2025-10-24 13:00:00",4082.36,4122.315,4078.975,4106.9,75575
1761314400,"2025-10-24 14:00:00",4106.885,4135.32,4102.145,4117.63,62900
1761318000,"2025-10-24 15:00:00",4117.615,4131.91,4113.27,4130.545,49861
1761321600,"2025-10-24 16:00:00",4130.55,4138.67,4121.9,4129.495,41458
1761325200,"2025-10-24 17:00:00",4129.535,4134.39,4105.805,4107.73,31949
1761328800,"2025-10-24 18:00:00",4107.775,4113.73,4102.035,4110.43,24339
1761332400,"2025-10-24 19:00:00",4110.48,4117.68,4102.37,4104.205,22319
1761336000,"2025-10-24 20:00:00",4104.195,4114.605,4096.625,4114.125,14357
1761516000,"2025-10-26 22:00:00",4085.7,4109,4071.925,4081.875,30481
1761519600,"2025-10-26 23:00:00",4081.91,4088.785,4061.675,4064.665,24647
1761523200,"2025-10-27 00:00:00",4064.66,4084.435,4058.205,4081.27,23674
1761526800,"2025-10-27 01:00:00",4081.295,4097.87,4074.94,4082.065,40319
1761530400,"2025-10-27 02:00:00",4082.075,4082.375,4070.345,4071.755,29337
1761534000,"2025-10-27 03:00:00",4071.745,4081.875,4065.34,4069.745,24629
1761537600,"2025-10-27 04:00:00",4069.715,4071.94,4053.71,4068.835,26671
1761541200,"2025-10-27 05:00:00",4068.855,4084.68,4068.55,4079.87,26139
1761544800,"2025-10-27 06:00:00",4079.865,4085.17,4074.055,4078.325,32173
1761548400,"2025-10-27 07:00:00",4078.33,4079.87,4064.02,4068.945,35384
1761552000,"2025-10-27 08:00:00",4068.93,4070.455,4024.34,4043.58,45276
1761555600,"2025-10-27 09:00:00",4043.545,4050.41,4029.91,4039.96,40321
1761559200,"2025-10-27 10:00:00",4039.77,4047.805,4028.895,4037.565,28057
1761562800,"2025-10-27 11:00:00",4037.62,4041.545,4015.29,4024.16,45562
1761566400,"2025-10-27 12:00:00",4024.155,4046.655,4022.555,4046.06,54110
1761570000,"2025-10-27 13:00:00",4046.115,4050.61,4013.525,4022.23,77073
1761573600,"2025-10-27 14:00:00",4022.23,4023.665,3983.09,3988.225,97484
1761577200,"2025-10-27 15:00:00",3988.235,3993.72,3971.445,3989.965,73748
1761580800,"2025-10-27 16:00:00",3989.98,4000.585,3984.25,3999.44,58171
1761584400,"2025-10-27 17:00:00",3999.47,4009.075,3990.81,4006.635,55154
1761588000,"2025-10-27 18:00:00",4006.645,4010.305,3997.905,3999.875,53780
1761591600,"2025-10-27 19:00:00",3999.89,4005.67,3985.735,3990.35,54953
1761595200,"2025-10-27 20:00:00",3990.34,4000.385,3979.335,3981.985,24372
1761602400,"2025-10-27 22:00:00",3990.015,3997.02,3983.685,3990.075,10149
1761606000,"2025-10-27 23:00:00",3990.095,4004.62,3983.25,3998.66,19274
1761609600,"2025-10-28 00:00:00",3998.655,4009.7,3972.93,4006.67,29706
1761613200,"2025-10-28 01:00:00",4006.65,4019.805,4004.355,4011.08,41013
1761616800,"2025-10-28 02:00:00",4011.1,4013.935,3980.5,3984.03,32492
1761620400,"2025-10-28 03:00:00",3984.015,3994.58,3983.375,3993.07,19549
1761624000,"2025-10-28 04:00:00",3993.155,3994.495,3963.62,3973.695,27526
1761627600,"2025-10-28 05:00:00",3973.94,3980.1,3959.02,3966.535,27726
1761631200,"2025-10-28 06:00:00",3966.545,3968.585,3938.335,3942.525,36767
1761634800,"2025-10-28 07:00:00",3942.515,3948.905,3921.72,3932.495,38278
1761638400,"2025-10-28 08:00:00",3932.64,3935.9,3896.46,3897.275,45419
1761642000,"2025-10-28 09:00:00",3897.285,3911.26,3886.465,3904.635,38632
1761645600,"2025-10-28 10:00:00",3904.64,3931.53,3900.065,3926.74,38260
1761649200,"2025-10-28 11:00:00",3926.84,3930.1,3910.94,3923.455,48467
1761652800,"2025-10-28 12:00:00",3923.45,3929.89,3905.42,3912.815,51992
1761656400,"2025-10-28 13:00:00",3912.95,3940.445,3912.26,3939.085,75407
1761660000,"2025-10-28 14:00:00",3939.015,3954.065,3934.935,3949.72,66599
1761663600,"2025-10-28 15:00:00",3949.725,3969.615,3947.035,3964.89,43777
1761667200,"2025-10-28 16:00:00",3964.94,3965.605,3951.155,3958.73,44071
1761670800,"2025-10-28 17:00:00",3958.735,3970.465,3955.38,3962.35,29135
1761674400,"2025-10-28 18:00:00",3962.405,3964.155,3945.15,3956.47,29700
1761678000,"2025-10-28 19:00:00",3956.465,3962.775,3950.805,3960.395,34344
1761681600,"2025-10-28 20:00:00",3960.28,3961.01,3949.78,3953,12387
1761688800,"2025-10-28 22:00:00",3955.945,3956.025,3907.925,3934.17,19104
1761692400,"2025-10-28 23:00:00",3934.165,3967.85,3934.11,3964.945,15814
1761696000,"2025-10-29 00:00:00",3964.94,3982.495,3959.195,3975.325,25527
1761699600,"2025-10-29 01:00:00",3975.285,3979.9,3966.225,3973.75,38193
1761703200,"2025-10-29 02:00:00",3973.745,3974.38,3943.825,3961.285,33822
1761706800,"2025-10-29 03:00:00",3961.315,3972.45,3958.62,3963.525,31489
1761710400,"2025-10-29 04:00:00",3963.53,3965.075,3951.01,3952.085,22024
1761714000,"2025-10-29 05:00:00",3952.23,3966.39,3950.79,3962.765,23321
1761717600,"2025-10-29 06:00:00",3962.725,3984.81,3960.075,3978.38,32208
1761721200,"2025-10-29 07:00:00",3978.345,4001.765,3974.89,4001.765,39250
1761724800,"2025-10-29 08:00:00",4001.77,4018.595,4000.485,4017.015,28052
1761728400,"2025-10-29 09:00:00",4016.98,4029.68,4013.5,4023.935,39566
1761732000,"2025-10-29 10:00:00",4023.98,4029.835,4017.08,4023.59,36107
1761735600,"2025-10-29 11:00:00",4023.605,4028.565,4013.54,4016.61,43464
1761739200,"2025-10-29 12:00:00",4016.64,4030.34,4013.53,4025.55,52029
1761742800,"2025-10-29 13:00:00",4025.56,4025.79,4002.39,4012.47,64063
1761746400,"2025-10-29 14:00:00",4012.475,4022.51,4007.19,4008.45,64823
1761750000,"2025-10-29 15:00:00",4008.45,4012.025,3989.52,3993.1,63458
1761753600,"2025-10-29 16:00:00",3993.225,4001.24,3991.435,3992.865,37626
1761757200,"2025-10-29 17:00:00",3992.795,3997.94,3985.98,3994.84,32321
1761760800,"2025-10-29 18:00:00",3994.9,4007.875,3942.71,3969.4,111497
1761764400,"2025-10-29 19:00:00",3969.315,3979.9,3927.86,3945.825,87418
1761768000,"2025-10-29 20:00:00",3945.845,3954.375,3927.955,3930.615,27582
1761775200,"2025-10-29 22:00:00",3921.61,3948.515,3916.59,3941.45,18763
1761778800,"2025-10-29 23:00:00",3941.46,3954.335,3939.695,3952.975,15027
1761782400,"2025-10-30 00:00:00",3952.93,3964.36,3938.09,3950.48,23250
1761786000,"2025-10-30 01:00:00",3950.485,3966.8,3945.24,3948.15,38769
1761789600,"2025-10-30 02:00:00",3948.09,3948.445,3921.825,3921.96,35446
1761793200,"2025-10-30 03:00:00",3922.055,3938.305,3915.52,3938.21,31090
1761796800,"2025-10-30 04:00:00",3938.235,3982.665,3934.735,3972.47,33040
1761800400,"2025-10-30 05:00:00",3972.505,3978.24,3947.035,3963.975,37350
1761804000,"2025-10-30 06:00:00",3963.985,3977.415,3956.22,3976.96,33840
1761807600,"2025-10-30 07:00:00",3976.955,3977.54,3955.94,3961.28,34502
1761811200,"2025-10-30 08:00:00",3961.295,3977.02,3960.36,3976.585,30411
1761814800,"2025-10-30 09:00:00",3976.56,4011.705,3976.155,3998.69,34077
1761818400,"2025-10-30 10:00:00",3998.68,4000.925,3973.655,3984.19,36944
1761822000,"2025-10-30 11:00:00",3984.245,3985.045,3964.02,3974.515,37029
1761825600,"2025-10-30 12:00:00",3974.55,3985.685,3961.215,3961.48,57335
1761829200,"2025-10-30 13:00:00",3961.44,3995.365,3960.32,3995.365,78243
1761832800,"2025-10-30 14:00:00",3995.385,4015.1,3986.925,3996.425,87471
1761836400,"2025-10-30 15:00:00",3996.4,4008.775,3988.17,4001.76,49749
1761840000,"2025-10-30 16:00:00",4001.75,4004.135,3991.165,4001.55,32754
1761843600,"2025-10-30 17:00:00",4001.545,4018.05,3994.485,4004.505,20210
1761847200,"2025-10-30 18:00:00",4004.625,4017.715,4000.06,4016.225,36890
1761850800,"2025-10-30 19:00:00",4016.165,4025.93,4015.39,4023.355,58640
1761854400,"2025-10-30 20:00:00",4023.305,4027.235,4016.36,4024.525,9967
1761861600,"2025-10-30 22:00:00",4021.47,4046.595,4016.46,4037.725,14185
1761865200,"2025-10-30 23:00:00",4037.725,4043.25,4018.925,4036.635,17871
1761868800,"2025-10-31 00:00:00",4036.625,4037.06,4023.93,4025.01,19584
1761872400,"2025-10-31 01:00:00",4025.04,4039.58,4012.755,4019,40136
1761876000,"2025-10-31 02:00:00",4018.795,4019.405,4001.415,4011.145,41019
1761879600,"2025-10-31 03:00:00",4011.175,4013.895,3991.235,3996.315,30063
1761883200,"2025-10-31 04:00:00",3996.33,4010.79,3989.065,4005.9,24367
1761886800,"2025-10-31 05:00:00",4005.455,4011.38,3994.115,4005.11,38971
1761890400,"2025-10-31 06:00:00",4005.14,4014.94,4002.17,4013.34,41488
1761894000,"2025-10-31 07:00:00",4013.335,4025.72,4007.68,4021.235,39074
1761897600,"2025-10-31 08:00:00",4021.205,4026.82,4006.94,4010.575,33265
1761901200,"2025-10-31 09:00:00",4010.46,4014.32,3998.875,4008.59,34474
1761904800,"2025-10-31 10:00:00",4008.63,4016.84,4003.685,4007.515,31934
1761908400,"2025-10-31 11:00:00",4007.535,4011.295,4001.745,4010.595,25778
1761912000,"2025-10-31 12:00:00",4010.66,4036.435,4009.19,4023.06,47126
1761915600,"2025-10-31 13:00:00",4023.05,4035.725,4010.28,4016.73,72673
1761919200,"2025-10-31 14:00:00",4016.735,4027.32,4011.06,4020.7,69737
1761922800,"2025-10-31 15:00:00",4020.665,4023.04,4009.635,4012.6,63490
1761926400,"2025-10-31 16:00:00",4012.55,4015.3,3972.285,3980.72,68876
1761930000,"2025-10-31 17:00:00",3980.735,4003.835,3980.575,3997.635,46300
1761933600,"2025-10-31 18:00:00",3997.625,4010.08,3995.505,3999.92,22500
1761937200,"2025-10-31 19:00:00",3999.93,4005.475,3991.205,4001.43,27574
1761940800,"2025-10-31 20:00:00",4001.405,4006.74,3996.28,4002.81,6374
1762124400,"2025-11-02 23:00:00",3995.47,3999.335,3977.91,3979.67,12165
1762128000,"2025-11-03 00:00:00",3979.605,3988.505,3962.275,3970.755,23251
1762131600,"2025-11-03 01:00:00",3970.76,4002.075,3965.28,3996.09,34705
1762135200,"2025-11-03 02:00:00",3996.055,4006.7,3990.445,4004.21,20924
1762138800,"2025-11-03 03:00:00",4004.265,4015.45,4002.2,4011.29,19928
1762142400,"2025-11-03 04:00:00",4011.295,4014.53,4001.85,4003.7,12178
1762146000,"2025-11-03 05:00:00",4003.71,4018.33,3997.705,4013.935,20769
1762149600,"2025-11-03 06:00:00",4013.93,4018.795,4010.03,4017.635,22488
1762153200,"2025-11-03 07:00:00",4017.64,4026.045,4013.62,4025.185,29833
1762156800,"2025-11-03 08:00:00",4025.195,4028.13,4011.215,4019.715,37018
1762160400,"2025-11-03 09:00:00",4019.71,4026.11,3993.1,4000.63,41312
1762164000,"2025-11-03 10:00:00",4000.675,4005.085,3994.44,3998.715,31531
1762167600,"2025-11-03 11:00:00",3998.645,4008.76,3994.34,4007.69,28643
1762171200,"2025-11-03 12:00:00",4007.71,4013.8,4001.905,4013.61,27092
1762174800,"2025-11-03 13:00:00",4013.59,4020.765,4010.865,4016.155,52773
1762178400,"2025-11-03 14:00:00",4015.96,4026.155,4001.755,4022.855,60189
1762182000,"2025-11-03 15:00:00",4022.84,4030.825,4003.39,4008.59,79398
1762185600,"2025-11-03 16:00:00",4008.595,4013.545,3995.22,4008.48,51739
1762189200,"2025-11-03 17:00:00",4008.495,4012.245,4003.59,4006.23,28079
1762192800,"2025-11-03 18:00:00",4006.305,4009.78,3999.57,4006.435,23433
1762196400,"2025-11-03 19:00:00",4006.42,4008.295,3995.445,4004.66,26337
1762200000,"2025-11-03 20:00:00",4004.655,4015.06,4004.59,4010.315,25103
1762203600,"2025-11-03 21:00:00",4010.24,4010.24,4000.12,4001.605,6157
1762210800,"2025-11-03 23:00:00",4005.115,4005.27,3981.565,3997.27,13568
1762214400,"2025-11-04 00:00:00",3997.36,3999.295,3978.675,3986.51,25263
1762218000,"2025-11-04 01:00:00",3986.58,3994.81,3979.64,3987.545,38442
1762221600,"2025-11-04 02:00:00",3987.52,3987.535,3975.57,3986.685,25570
1762225200,"2025-11-04 03:00:00",3986.855,3999.465,3981.7,3994.64,14225
1762228800,"2025-11-04 04:00:00",3994.615,3995.26,3984.225,3985.645,13545
1762232400,"2025-11-04 05:00:00",3985.275,3987.345,3972.805,3973.355,26275
1762236000,"2025-11-04 06:00:00",3973.365,3988.145,3966.605,3985.095,25621
1762239600,"2025-11-04 07:00:00",3985.165,3996.585,3982.31,3993.9,21263
1762243200,"2025-11-04 08:00:00",3993.91,4000.855,3990.665,3996.14,22663
1762246800,"2025-11-04 09:00:00",3996.165,3999.62,3990.535,3991.27,19027
1762250400,"2025-11-04 10:00:00",3991.245,3997.655,3986.065,3993.94,30354
1762254000,"2025-11-04 11:00:00",3993.96,4000.085,3991.845,3994.97,25006
1762257600,"2025-11-04 12:00:00",3994.995,3997.61,3983.7,3984.765,33056
1762261200,"2025-11-04 13:00:00",3984.72,3996.09,3971.855,3975.82,53323
1762264800,"2025-11-04 14:00:00",3975.8,3977.875,3928.685,3957.12,61280
1762268400,"2025-11-04 15:00:00",3957.08,3968.35,3941.41,3956.91,52683
1762272000,"2025-11-04 16:00:00",3956.92,3975.685,3956.815,3969.14,39561
1762275600,"2025-11-04 17:00:00",3969.15,3971.165,3952.375,3955.08,24973
1762279200,"2025-11-04 18:00:00",3954.825,3956.93,3932.04,3937.81,26815
1762282800,"2025-11-04 19:00:00",3937.815,3944.245,3934.63,3937.5,22050
1762286400,"2025-11-04 20:00:00",3937.55,3942.2,3931.275,3938.77,28225
1762290000,"2025-11-04 21:00:00",3938.79,3939.14,3930.56,3932.1,6490
1762297200,"2025-11-04 23:00:00",3937.93,3940.88,3930.92,3934.6,7948
1762300800,"2025-11-05 00:00:00",3934.625,3942.96,3929.35,3939.745,17150
1762304400,"2025-11-05 01:00:00",3939.735,3949.56,3934.6,3937.125,33797
1762308000,"2025-11-05 02:00:00",3937.06,3951.115,3935.725,3948.685,25518
1762311600,"2025-11-05 03:00:00",3948.705,3965.345,3947.645,3960.98,13794
1762315200,"2025-11-05 04:00:00",3960.9,3973.905,3959.835,3970.495,15309
1762318800,"2025-11-05 05:00:00",3970.65,3978.78,3961.875,3965.055,14743
1762322400,"2025-11-05 06:00:00",3965.07,3973.645,3962.04,3966.275,13850
1762326000,"2025-11-05 07:00:00",3966.285,3974.88,3963.74,3972.6,15303
1762329600,"2025-11-05 08:00:00",3972.565,3987.34,3972.52,3980.025,20301
1762333200,"2025-11-05 09:00:00",3980.02,3981.49,3963.57,3971.955,15340
1762336800,"2025-11-05 10:00:00",3971.885,3971.935,3956.1,3964.7,18781
1762340400,"2025-11-05 11:00:00",3964.7,3969.14,3957.48,3966.99,14975
1762344000,"2025-11-05 12:00:00",3966.995,3969.905,3962.245,3969.65,9415
1762347600,"2025-11-05 13:00:00",3969.725,3979.48,3964.885,3975.91,22453
1762351200,"2025-11-05 14:00:00",3975.925,3985.725,3969.665,3973.6,37902
1762354800,"2025-11-05 15:00:00",3973.62,3984.49,3964.27,3978.295,56909
1762358400,"2025-11-05 16:00:00",3978.345,3990.565,3974.985,3986.96,32462
1762362000,"2025-11-05 17:00:00",3987.045,3989.705,3978.58,3982.12,12725
1762365600,"2025-11-05 18:00:00",3982.145,3986.105,3978.905,3982.445,16948
1762369200,"2025-11-05 19:00:00",3982.46,3988.785,3979.165,3987.92,16418
1762372800,"2025-11-05 20:00:00",3987.91,3990.175,3981.585,3984.6,13164
1762376400,"2025-11-05 21:00:00",3984.6,3985.185,3977.995,3980.115,3660
1762383600,"2025-11-05 23:00:00",3968.78,3977.795,3966.54,3973.93,9850
1762387200,"2025-11-06 00:00:00",3973.895,3976.34,3969.79,3976.34,11773
1762390800,"2025-11-06 01:00:00",3976.315,3977.465,3964.455,3976.765,14982
1762394400,"2025-11-06 02:00:00",3976.785,3985.13,3974.38,3983.38,10702
1762398000,"2025-11-06 03:00:00",3983.435,3990.525,3979.575,3987.54,8073
1762401600,"2025-11-06 04:00:00",3987.545,3989.98,3984.58,3988.935,4195
1762405200,"2025-11-06 05:00:00",3988.88,3990.87,3985.67,3987.645,10695
1762408800,"2025-11-06 06:00:00",3987.655,3993.08,3982.365,3991.515,12031
1762412400,"2025-11-06 07:00:00",3991.495,4009.545,3991.185,4005.78,22543
1762416000,"2025-11-06 08:00:00",4005.785,4017.06,4004.765,4014.88,30938
1762419600,"2025-11-06 09:00:00",4014.865,4015.235,4009.345,4011.01,22378
1762423200,"2025-11-06 10:00:00",4011,4011.2,4004.5,4008.465,23142
1762426800,"2025-11-06 11:00:00",4008.48,4019.55,4007.165,4018.185,23287
1762430400,"2025-11-06 12:00:00",4018.19,4019.645,4002.95,4005.375,25433
1762434000,"2025-11-06 13:00:00",4005.36,4016.31,4003.8,4012.33,39671
1762437600,"2025-11-06 14:00:00",4012.315,4014.09,3989.095,3993.41,67330
1762441200,"2025-11-06 15:00:00",3993.08,3993.9,3975.08,3980.405,72830
1762444800,"2025-11-06 16:00:00",3980.48,3986.45,3976.595,3981.03,58401
1762448400,"2025-11-06 17:00:00",3981.005,3988.26,3965.71,3986.34,41377
1762452000,"2025-11-06 18:00:00",3986.35,3991,3980.27,3987.915,37166
1762455600,"2025-11-06 19:00:00",3987.95,3995.365,3983.18,3985.35,30845
1762459200,"2025-11-06 20:00:00",3985.265,3987.285,3979.455,3980.965,48409
1762462800,"2025-11-06 21:00:00",3981.03,3982.615,3976.88,3977.14,7710
1762470000,"2025-11-06 23:00:00",3979.465,3989.975,3978.435,3989.345,7821
1762473600,"2025-11-07 00:00:00",3989.345,3994.565,3984.655,3988.605,13137
1762477200,"2025-11-07 01:00:00",3988.58,4002.85,3987.245,4001.845,22727
1762480800,"2025-11-07 02:00:00",4001.82,4003.41,3991.61,3995.47,18362
1762484400,"2025-11-07 03:00:00",3995.425,3996.73,3988.16,3990.365,8610
1762488000,"2025-11-07 04:00:00",3990.345,3998.565,3985.605,3998.375,8164
1762491600,"2025-11-07 05:00:00",3998.38,3999.05,3992.115,3994.95,8774
1762495200,"2025-11-07 06:00:00",3994.96,4008.65,3992.25,4006.925,15272
1762498800,"2025-11-07 07:00:00",4006.945,4010.02,4002.815,4007.835,13630
1762502400,"2025-11-07 08:00:00",4007.935,4010.46,4003.735,4009.73,19389
1762506000,"2025-11-07 09:00:00",4009.755,4014.29,4004.31,4006.76,16333
1762509600,"2025-11-07 10:00:00",4006.81,4009.71,4003.26,4007.975,13942
1762513200,"2025-11-07 11:00:00",4008,4011.925,3993.65,4002.965,19959
1762516800,"2025-11-07 12:00:00",4002.815,4008.715,3991.69,3996.025,20879
1762520400,"2025-11-07 13:00:00",3996.06,4002.13,3991.79,3997.855,37649
1762524000,"2025-11-07 14:00:00",3997.885,4007.36,3984.385,3993.605,49569
1762527600,"2025-11-07 15:00:00",3993.56,3999.285,3984.01,3991.05,52029
1762531200,"2025-11-07 16:00:00",3991.095,4027.595,3990.165,4007.765,45368
1762534800,"2025-11-07 17:00:00",4007.86,4009.8,3992.37,4005.6,34689
1762538400,"2025-11-07 18:00:00",4005.595,4009.325,3999.555,4005.65,31711
1762542000,"2025-11-07 19:00:00",4005.685,4009.05,4001.935,4006.71,27575
1762545600,"2025-11-07 20:00:00",4006.7,4006.93,3994.64,4004.18,38453
1762549200,"2025-11-07 21:00:00",4004.14,4005.34,3998.69,4001.275,3719
1762729200,"2025-11-09 23:00:00",4005.675,4012.23,4004.355,4011.87,9272
1762732800,"2025-11-10 00:00:00",4011.905,4024.12,4011.13,4020.405,12167
1762736400,"2025-11-10 01:00:00",4020.39,4053.47,4019.15,4044.07,48266
1762740000,"2025-11-10 02:00:00",4043.99,4049.175,4037.74,4048.135,24022
1762743600,"2025-11-10 03:00:00",4048.12,4052.98,4044.945,4050.105,11349
1762747200,"2025-11-10 04:00:00",4050.055,4056.875,4049.835,4054.225,12424
1762750800,"2025-11-10 05:00:00",4054.27,4070.07,4050.24,4069.56,18265
1762754400,"2025-11-10 06:00:00",4069.63,4078.615,4066.9,4075.24,23724
1762758000,"2025-11-10 07:00:00",4075.24,4079.15,4072.315,4075.395,18238
1762761600,"2025-11-10 08:00:00",4075.335,4085.295,4075.135,4082.315,27357
1762765200,"2025-11-10 09:00:00",4082.35,4086.375,4071.49,4076.705,19915
1762768800,"2025-11-10 10:00:00",4076.69,4083.42,4075.95,4081.11,14220
1762772400,"2025-11-10 11:00:00",4081.175,4085.495,4075.86,4085.385,17100
1762776000,"2025-11-10 12:00:00",4085.43,4100.085,4084.42,4097.65,25615
1762779600,"2025-11-10 13:00:00",4097.7,4106,4090.4,4091.645,47824
1762783200,"2025-11-10 14:00:00",4091.635,4094.13,4074.49,4083.53,54495
1762786800,"2025-11-10 15:00:00",4083.455,4094.355,4077.935,4084.435,43943
1762790400,"2025-11-10 16:00:00",4084.42,4095.77,4082.095,4095.175,37820
1762794000,"2025-11-10 17:00:00",4095.2,4102.85,4093.46,4102.72,19986
1762797600,"2025-11-10 18:00:00",4102.735,4115.915,4101.77,4110.145,31010
1762801200,"2025-11-10 19:00:00",4110.14,4115.465,4107.92,4113.28,23667
1762804800,"2025-11-10 20:00:00",4113.265,4114.61,4106.6,4111.685,41607
1762808400,"2025-11-10 21:00:00",4111.735,4116.69,4110.4,4115.41,2893
1762815600,"2025-11-10 23:00:00",4116.835,4122.925,4116.075,4120.085,8240
1762819200,"2025-11-11 00:00:00",4120.275,4133.755,4116.29,4130.96,12949
1762822800,"2025-11-11 01:00:00",4130.91,4141.365,4128,4136.355,26703
1762826400,"2025-11-11 02:00:00",4136.33,4139.81,4129.75,4138.255,17601
1762830000,"2025-11-11 03:00:00",4138.235,4148.18,4137.255,4147.05,15260
1762833600,"2025-11-11 04:00:00",4147.03,4149.1,4142.03,4143.19,12027
1762837200,"2025-11-11 05:00:00",4143.165,4144.47,4124.895,4131.13,21208
1762840800,"2025-11-11 06:00:00",4131.08,4137.915,4126.8,4130.07,19710
1762844400,"2025-11-11 07:00:00",4130.065,4133.04,4124.985,4129.78,14761
1762848000,"2025-11-11 08:00:00",4129.805,4137.81,4128.925,4135.635,21038
1762851600,"2025-11-11 09:00:00",4135.685,4146.035,4134.435,4141.89,16217
1762855200,"2025-11-11 10:00:00",4141.965,4144.345,4136.84,4141.935,10443
1762858800,"2025-11-11 11:00:00",4141.985,4144.805,4139.12,4142.85,12896
1762862400,"2025-11-11 12:00:00",4142.895,4143.865,4133.34,4134.465,15684
1762866000,"2025-11-11 13:00:00",4134.565,4146.885,4133.965,4142.65,21500
1762869600,"2025-11-11 14:00:00",4142.71,4143.295,4119.94,4125.015,44955
1762873200,"2025-11-11 15:00:00",4124.97,4126.32,4097.245,4106.835,58166
1762876800,"2025-11-11 16:00:00",4106.84,4115.815,4105.1,4113.415,22196
1762880400,"2025-11-11 17:00:00",4113.37,4117.955,4110.645,4114.535,10418
1762884000,"2025-11-11 18:00:00",4114.635,4116.48,4106.64,4113.86,12683
1762887600,"2025-11-11 19:00:00",4113.865,4126.26,4112.07,4123.12,8307
1762891200,"2025-11-11 20:00:00",4123.18,4131.97,4122.395,4129.535,12999
1762894800,"2025-11-11 21:00:00",4129.495,4131.45,4125.615,4126.505,4548
1762902000,"2025-11-11 23:00:00",4130.9,4144.74,4129.025,4142.66,10142
1762905600,"2025-11-12 00:00:00",4142.595,4145.61,4132.16,4133.055,14376
1762909200,"2025-11-12 01:00:00",4133.12,4137.3,4126.315,4131.5,42173
1762912800,"2025-11-12 02:00:00",4131.455,4135.495,4118.765,4124.13,24471
1762916400,"2025-11-12 03:00:00",4124.135,4125.425,4111.895,4112.085,21951
1762920000,"2025-11-12 04:00:00",4112.025,4113.39,4103.635,4110.735,22631
1762923600,"2025-11-12 05:00:00",4110.725,4111.265,4098.915,4104.725,19140
1762927200,"2025-11-12 06:00:00",4104.685,4119.3,4103.275,4118.675,29352
1762930800,"2025-11-12 07:00:00",4118.68,4125.3,4113.465,4117.305,18984
1762934400,"2025-11-12 08:00:00",4117.295,4132.965,4112.27,4131.495,22138
1762938000,"2025-11-12 09:00:00",4131.445,4133.855,4120.58,4124.74,19252
1762941600,"2025-11-12 10:00:00",4124.785,4129.57,4117.945,4127.81,23811
1762945200,"2025-11-12 11:00:00",4127.815,4131.34,4123.09,4126.025,18099
1762948800,"2025-11-12 12:00:00",4126.05,4139.51,4125.025,4130.25,17507
1762952400,"2025-11-12 13:00:00",4130.43,4132.63,4122.74,4127.285,27806
1762956000,"2025-11-12 14:00:00",4127.34,4140.215,4125.045,4136.63,37731
1762959600,"2025-11-12 15:00:00",4136.605,4185.785,4134.685,4181.495,78657
1762963200,"2025-11-12 16:00:00",4181.415,4197.83,4180.2,4196.51,68203
1762966800,"2025-11-12 17:00:00",4196.5,4206.515,4192.25,4199.535,65358
1762970400,"2025-11-12 18:00:00",4199.57,4211.795,4190.48,4207.025,67544
1762974000,"2025-11-12 19:00:00",4207.08,4210.25,4192.25,4197.445,47810
1762977600,"2025-11-12 20:00:00",4197.45,4199.65,4190.685,4196.05,43026
1762981200,"2025-11-12 21:00:00",4196.025,4202.165,4191,4195.21,8241
1762988400,"2025-11-12 23:00:00",4202.635,4208.07,4187.27,4191.41,12696
1762992000,"2025-11-13 00:00:00",4191.425,4209.005,4185.9,4206.065,18727
1762995600,"2025-11-13 01:00:00",4205.965,4209.315,4179.735,4192.43,48417
1762999200,"2025-11-13 02:00:00",4192.405,4196.025,4183.51,4190.28,39275
1763002800,"2025-11-13 03:00:00",4190.235,4213.3,4190.175,4212.96,35436
1763006400,"2025-11-13 04:00:00",4212.95,4219.52,4203.4,4209.495,30627
1763010000,"2025-11-13 05:00:00",4209.455,4217.89,4207.56,4212.02,27095
1763013600,"2025-11-13 06:00:00",4211.945,4212.25,4203.27,4210.525,18094
1763017200,"2025-11-13 07:00:00",4210.56,4220.255,4208.4,4220.125,18826
1763020800,"2025-11-13 08:00:00",4220.08,4239.66,4219.26,4232.71,36974
1763024400,"2025-11-13 09:00:00",4232.6,4239.62,4225.08,4233.215,31562
1763028000,"2025-11-13 10:00:00",4233.205,4240.24,4221.825,4225.72,34411
1763031600,"2025-11-13 11:00:00",4225.82,4232.405,4219.35,4230.47,35301
1763035200,"2025-11-13 12:00:00",4230.435,4245.195,4230.005,4242.83,26862
1763038800,"2025-11-13 13:00:00",4242.8,4244.1,4220.41,4231.745,58429
1763042400,"2025-11-13 14:00:00",4231.83,4232.425,4184.51,4195.525,78881
1763046000,"2025-11-13 15:00:00",4195.515,4205.295,4186.535,4202.675,80416
1763049600,"2025-11-13 16:00:00",4202.7,4211.125,4195.705,4206.77,68987
1763053200,"2025-11-13 17:00:00",4206.885,4208.575,4193.35,4202.05,54026
1763056800,"2025-11-13 18:00:00",4202.065,4203.46,4145.19,4158.07,66398
1763060400,"2025-11-13 19:00:00",4158.015,4170.705,4146,4164.09,54405
1763064000,"2025-11-13 20:00:00",4164.1,4170.91,4160.385,4164.17,55566
1763067600,"2025-11-13 21:00:00",4164.16,4181.265,4161.23,4171.745,11671
1763074800,"2025-11-13 23:00:00",4177.285,4186.84,4175.93,4186.205,10932
1763078400,"2025-11-14 00:00:00",4186.24,4190.025,4178.2,4183.81,20400
1763082000,"2025-11-14 01:00:00",4183.815,4193.825,4173.72,4190.025,44818
1763085600,"2025-11-14 02:00:00",4190.03,4210.405,4188.74,4207.225,32789
1763089200,"2025-11-14 03:00:00",4207.165,4211.435,4201.57,4204.49,27670
1763092800,"2025-11-14 04:00:00",4204.445,4205.83,4197.02,4203.335,22110
1763096400,"2025-11-14 05:00:00",4203.385,4203.67,4183.985,4189.9,35184
1763100000,"2025-11-14 06:00:00",4189.865,4193.53,4169.625,4175.425,31379
1763103600,"2025-11-14 07:00:00",4175.4,4182.545,4158.995,4181.26,32694
1763107200,"2025-11-14 08:00:00",4181.265,4187.21,4170.145,4176.135,41304
1763110800,"2025-11-14 09:00:00",4176.14,4180.615,4166.525,4169.44,25584
1763114400,"2025-11-14 10:00:00",4169.415,4171.14,4159.145,4168.08,28619
1763118000,"2025-11-14 11:00:00",4168.085,4170.075,4130.92,4133.18,38143
1763121600,"2025-11-14 12:00:00",4133.085,4140.75,4107.71,4116.26,47779
1763125200,"2025-11-14 13:00:00",4116.255,4119.245,4041.37,4055.975,70316
1763128800,"2025-11-14 14:00:00",4055.835,4084.145,4032.23,4082.86,69782
1763132400,"2025-11-14 15:00:00",4082.81,4096.76,4068.31,4093.76,53177
1763136000,"2025-11-14 16:00:00",4093.75,4111.185,4081.1,4105.24,38231
1763139600,"2025-11-14 17:00:00",4105.29,4110.71,4094.22,4099.92,30738
1763143200,"2025-11-14 18:00:00",4099.925,4103.75,4080.87,4098.105,28309
1763146800,"2025-11-14 19:00:00",4098.02,4100.23,4087.725,4089.995,18207
1763150400,"2025-11-14 20:00:00",4090.065,4092.48,4075.615,4087.16,21695
1763154000,"2025-11-14 21:00:00",4087.095,4087.095,4078.02,4085.825,8542
1763334000,"2025-11-16 23:00:00",4078.275,4106.705,4077.96,4096.51,18618
1763337600,"2025-11-17 00:00:00",4096.5,4098.39,4080.835,4083.37,24553
1763341200,"2025-11-17 01:00:00",4083.27,4101.915,4082.69,4091.325,47578
1763344800,"2025-11-17 02:00:00",4091.32,4093.905,4080.84,4081.725,24065
1763348400,"2025-11-17 03:00:00",4081.68,4085.85,4069.86,4083,25290
1763352000,"2025-11-17 04:00:00",4082.985,4088.085,4076.84,4078.68,14067
1763355600,"2025-11-17 05:00:00",4078.73,4078.815,4049.76,4058.48,23772
1763359200,"2025-11-17 06:00:00",4058.515,4072.07,4054.9,4066.175,19974
1763362800,"2025-11-17 07:00:00",4066.17,4089.26,4065.38,4088.13,17389
1763366400,"2025-11-17 08:00:00",4088.32,4095.935,4072.11,4077.395,21851
1763370000,"2025-11-17 09:00:00",4077.24,4088.755,4072.35,4082.28,16795
1763373600,"2025-11-17 10:00:00",4082.275,4089.555,4068.435,4070.18,19946
1763377200,"2025-11-17 11:00:00",4070.175,4085.98,4061.215,4078.47,18033
1763380800,"2025-11-17 12:00:00",4078.535,4085.45,4074.705,4077.375,12252
1763384400,"2025-11-17 13:00:00",4077.295,4092.29,4060.65,4065.48,29948
1763388000,"2025-11-17 14:00:00",4065.505,4082.01,4060.57,4076.34,43459
1763391600,"2025-11-17 15:00:00",4076.32,4077.79,4060.825,4064.33,48295
1763395200,"2025-11-17 16:00:00",4064.31,4073.86,4052.38,4070.12,45853
1763398800,"2025-11-17 17:00:00",4070.125,4081.13,4069.65,4073.345,32879
1763402400,"2025-11-17 18:00:00",4073.35,4076.33,4062.475,4062.845,35416
1763406000,"2025-11-17 19:00:00",4062.835,4065.32,4010.95,4011.38,53280
1763409600,"2025-11-17 20:00:00",4011.41,4044.435,4007.055,4041.205,44030
1763413200,"2025-11-17 21:00:00",4041.165,4046.105,4038.99,4045.86,7632
1763420400,"2025-11-17 23:00:00",4050.79,4054.755,4028.895,4036.785,17272
1763424000,"2025-11-18 00:00:00",4036.835,4041.205,4027.3,4040.09,19745
1763427600,"2025-11-18 01:00:00",4040.1,4045.355,4022.425,4025.15,31923
1763431200,"2025-11-18 02:00:00",4025.14,4035.89,4015.38,4018.035,26057
1763434800,"2025-11-18 03:00:00",4018.005,4026.685,4008.24,4013.39,21134
1763438400,"2025-11-18 04:00:00",4013.46,4018.16,4004.725,4010.39,26068
1763442000,"2025-11-18 05:00:00",4010.45,4025.395,4008.09,4019.005,20928
1763445600,"2025-11-18 06:00:00",4019.07,4020.58,4007.71,4008.935,26443
1763449200,"2025-11-18 07:00:00",4008.95,4017.69,3997.985,4013.82,25691
1763452800,"2025-11-18 08:00:00",4013.84,4042.795,4010.45,4036.695,32488
1763456400,"2025-11-18 09:00:00",4036.52,4047.335,4030.42,4040.365,23734
1763460000,"2025-11-18 10:00:00",4040.35,4050.435,4037.43,4044.21,26485
1763463600,"2025-11-18 11:00:00",4044.265,4050.525,4036.91,4039.655,14022
1763467200,"2025-11-18 12:00:00",4039.68,4045.305,4029.33,4032.555,30880
1763470800,"2025-11-18 13:00:00",4032.695,4070.415,4031.34,4065.305,47868
1763474400,"2025-11-18 14:00:00",4065.3,4081.915,4058.22,4065.91,52740
1763478000,"2025-11-18 15:00:00",4065.83,4072.415,4049.24,4053.2,64520
1763481600,"2025-11-18 16:00:00",4053.245,4069.35,4040.55,4066.93,36699
1763485200,"2025-11-18 17:00:00",4066.855,4075.75,4059.54,4071.67,28083
1763488800,"2025-11-18 18:00:00",4071.6,4074.875,4063.22,4072.63,15722
1763492400,"2025-11-18 19:00:00",4072.655,4082.12,4072.58,4081.38,27627
1763496000,"2025-11-18 20:00:00",4081.36,4082.58,4067.435,4069.695,23593
1763499600,"2025-11-18 21:00:00",4069.63,4072.41,4064.915,4067.425,3715
1763506800,"2025-11-18 23:00:00",4067.645,4078.1,4067.155,4077,8373
1763510400,"2025-11-19 00:00:00",4076.975,4078.655,4067.515,4069.34,11663
1763514000,"2025-11-19 01:00:00",4069.345,4070.44,4056.39,4059.09,29764
1763517600,"2025-11-19 02:00:00",4059.115,4080.775,4055.525,4075.79,24035
1763521200,"2025-11-19 03:00:00",4075.795,4078.83,4066.21,4067.105,16159
1763524800,"2025-11-19 04:00:00",4067.1,4077.105,4064.68,4075.245,12596
1763528400,"2025-11-19 05:00:00",4075.455,4097.565,4074.3,4095.63,21944
1763532000,"2025-11-19 06:00:00",4095.655,4098.72,4089.105,4091.075,16367
1763535600,"2025-11-19 07:00:00",4091.08,4097,4084.95,4087,13692
1763539200,"2025-11-19 08:00:00",4086.925,4088.855,4078.35,4083.355,16120
1763542800,"2025-11-19 09:00:00",4083.4,4116.4,4081.265,4113.325,22517
1763546400,"2025-11-19 10:00:00",4113.35,4119.23,4107.075,4108.995,20130
1763550000,"2025-11-19 11:00:00",4109.03,4117.75,4106.455,4113.125,18568
1763553600,"2025-11-19 12:00:00",4113.14,4120.015,4112.155,4114.685,17314
1763557200,"2025-11-19 13:00:00",4114.72,4117.94,4100.85,4110.765,34860
1763560800,"2025-11-19 14:00:00",4110.84,4128.975,4101.7,4127.905,44411
1763564400,"2025-11-19 15:00:00",4127.865,4132.985,4090.05,4096.745,67612
1763568000,"2025-11-19 16:00:00",4096.74,4098.71,4068.005,4074.74,69609
1763571600,"2025-11-19 17:00:00",4074.83,4081.25,4055.475,4078.835,45930
1763575200,"2025-11-19 18:00:00",4078.945,4091.4,4075.795,4087.485,42156
1763578800,"2025-11-19 19:00:00",4087.48,4087.52,4069.285,4073.7,35315
1763582400,"2025-11-19 20:00:00",4073.655,4082.24,4072.345,4076.385,32530
1763586000,"2025-11-19 21:00:00",4076.36,4084.9,4065.76,4077.85,9624
1763593200,"2025-11-19 23:00:00",4088.255,4108.21,4083.645,4104.69,15823
1763596800,"2025-11-20 00:00:00",4104.66,4110.37,4100.42,4103.135,17968
1763600400,"2025-11-20 01:00:00",4103.065,4109.185,4081.195,4081.605,29090
1763604000,"2025-11-20 02:00:00",4081.595,4081.88,4038.9,4066.875,40297
1763607600,"2025-11-20 03:00:00",4066.86,4085.695,4064.88,4072.365,23675
1763611200,"2025-11-20 04:00:00",4072.38,4080.53,4068.3,4075.5,18012
1763614800,"2025-11-20 05:00:00",4075.51,4075.97,4064.38,4066.79,20147
1763618400,"2025-11-20 06:00:00",4066.66,4077.945,4058.52,4068.495,15963
1763622000,"2025-11-20 07:00:00",4068.48,4076.675,4054.35,4059.935,18242
1763625600,"2025-11-20 08:00:00",4059.97,4069.48,4038.93,4063.46,29159
1763629200,"2025-11-20 09:00:00",4063.335,4072.81,4055.735,4064.225,32591
1763632800,"2025-11-20 10:00:00",4064.235,4068.275,4058.305,4059.91,29824
1763636400,"2025-11-20 11:00:00",4059.905,4068.525,4051.16,4060.895,30989
1763640000,"2025-11-20 12:00:00",4060.82,4082.1,4060.185,4081.81,34159
1763643600,"2025-11-20 13:00:00",4081.79,4096.545,4066.925,4080.245,70420
1763647200,"2025-11-20 14:00:00",4080.225,4107.35,4072.28,4093.25,82399
1763650800,"2025-11-20 15:00:00",4093.235,4098.87,4070.23,4070.355,77909
1763654400,"2025-11-20 16:00:00",4070.39,4082.795,4044.815,4049.12,91619
1763658000,"2025-11-20 17:00:00",4049.065,4068.67,4043.58,4066.225,78204
1763661600,"2025-11-20 18:00:00",4066.215,4072.72,4056.215,4060.69,67100
1763665200,"2025-11-20 19:00:00",4060.68,4087.445,4059.095,4084.76,56486
1763668800,"2025-11-20 20:00:00",4084.71,4085.24,4073.425,4077.49,55140
1763672400,"2025-11-20 21:00:00",4077.835,4081.145,4074.455,4077.535,9396
1763679600,"2025-11-20 23:00:00",4073.08,4088.725,4073.075,4079.035,16989
1763683200,"2025-11-21 00:00:00",4079.065,4081.56,4071.36,4073.88,10933
1763686800,"2025-11-21 01:00:00",4073.905,4074.705,4060.5,4068.68,35742
1763690400,"2025-11-21 02:00:00",4068.695,4080.105,4056.525,4057.305,27406
1763694000,"2025-11-21 03:00:00",4057.32,4059.625,4049.46,4056.365,29833
1763697600,"2025-11-21 04:00:00",4056.37,4062.615,4047.705,4052.445,19574
1763701200,"2025-11-21 05:00:00",4052.45,4060.105,4039.75,4058.69,34769
1763704800,"2025-11-21 06:00:00",4058.695,4065.095,4029.36,4032.77,35604
1763708400,"2025-11-21 07:00:00",4032.82,4039.87,4024.835,4031.82,37532
1763712000,"2025-11-21 08:00:00",4031.815,4048.195,4022.26,4041.185,45559
1763715600,"2025-11-21 09:00:00",4041.18,4063.605,4040.36,4050.615,48406
1763719200,"2025-11-21 10:00:00",4050.535,4052.8,4032.41,4037.205,48805
1763722800,"2025-11-21 11:00:00",4037.095,4047.05,4031.1,4036.715,46463
1763726400,"2025-11-21 12:00:00",4036.71,4071.785,4034.785,4066.015,70367
1763730000,"2025-11-21 13:00:00",4066.005,4081.39,4059.185,4079.745,62831
1763733600,"2025-11-21 14:00:00",4079.685,4084.075,4061.7,4071.425,77215
1763737200,"2025-11-21 15:00:00",4071.245,4076.885,4055.16,4069.67,89724
1763740800,"2025-11-21 16:00:00",4069.655,4100.685,4063.08,4099.93,59739
1763744400,"2025-11-21 17:00:00",4099.925,4101.07,4079.01,4085.645,45715
1763748000,"2025-11-21 18:00:00",4085.65,4088.265,4076.575,4082.875,52458
1763751600,"2025-11-21 19:00:00",4082.85,4092.185,4082.58,4087.625,34593
1763755200,"2025-11-21 20:00:00",4087.645,4088.77,4055.3,4067.29,48222
1763758800,"2025-11-21 21:00:00",4067.315,4069.195,4054.74,4065.01,10063
1763938800,"2025-11-23 23:00:00",4067.61,4077.795,4065.75,4075.165,13186
1763942400,"2025-11-24 00:00:00",4075.11,4076.105,4058.33,4067.53,12622
1763946000,"2025-11-24 01:00:00",4067.54,4073.33,4042.755,4044.235,38609
1763949600,"2025-11-24 02:00:00",4044.125,4051.72,4040.77,4043.68,16304
1763953200,"2025-11-24 03:00:00",4043.67,4058.285,4043.67,4050.45,17165
1763956800,"2025-11-24 04:00:00",4050.23,4061.425,4042.225,4044.26,18347
1763960400,"2025-11-24 05:00:00",4044.28,4049.705,4040.02,4046.545,19509
1763964000,"2025-11-24 06:00:00",4046.52,4058.21,4045.67,4053.46,25752
1763967600,"2025-11-24 07:00:00",4053.465,4067.75,4051.56,4060.245,21974
1763971200,"2025-11-24 08:00:00",4060.25,4067.005,4059.65,4063.385,15392
1763974800,"2025-11-24 09:00:00",4063.36,4074.415,4062.885,4072.045,18852
1763978400,"2025-11-24 10:00:00",4072.02,4077.4,4063.335,4064.01,22946
1763982000,"2025-11-24 11:00:00",4064.015,4071.705,4063.285,4070.035,20259
1763985600,"2025-11-24 12:00:00",4070.035,4084.145,4065.635,4080.565,29957
1763989200,"2025-11-24 13:00:00",4080.61,4086.02,4073.705,4077.945,46068
1763992800,"2025-11-24 14:00:00",4077.9,4086.275,4068.445,4081.595,67341
1763996400,"2025-11-24 15:00:00",4081.57,4093.94,4081.295,4091.705,64002
1764000000,"2025-11-24 16:00:00",4091.72,4099,4089.64,4097.37,33615
1764003600,"2025-11-24 17:00:00",4097.33,4100.47,4088.925,4093.02,34510
1764007200,"2025-11-24 18:00:00",4093.025,4126.03,4088.085,4120.585,42154
1764010800,"2025-11-24 19:00:00",4120.61,4124.27,4113.775,4118.575,31939
1764014400,"2025-11-24 20:00:00",4118.61,4133.75,4118.1,4132.65,36856
1764018000,"2025-11-24 21:00:00",4132.64,4139.89,4130.075,4133.975,8714
1764025200,"2025-11-24 23:00:00",4135.485,4144.34,4125.385,4143.62,15748
1764028800,"2025-11-25 00:00:00",4143.685,4144.585,4127.53,4129.545,21227
1764032400,"2025-11-25 01:00:00",4129.72,4139.365,4122.55,4134.94,37114
1764036000,"2025-11-25 02:00:00",4134.905,4155.9,4132.93,4150.665,32658
1764039600,"2025-11-25 03:00:00",4150.64,4150.75,4139.59,4143.165,25255
1764043200,"2025-11-25 04:00:00",4143.14,4148.43,4139.51,4140.68,18184
1764046800,"2025-11-25 05:00:00",4140.78,4152.04,4140.78,4151.09,22253
1764050400,"2025-11-25 06:00:00",4150.955,4152.21,4138.65,4141.625,28192
1764054000,"2025-11-25 07:00:00",4141.555,4146.02,4130.115,4132.56,31459
1764057600,"2025-11-25 08:00:00",4132.715,4139.495,4109.71,4115.965,32411
1764061200,"2025-11-25 09:00:00",4115.975,4131.43,4113.93,4128.46,29199
1764064800,"2025-11-25 10:00:00",4128.455,4138.91,4127.42,4131.47,23357
1764068400,"2025-11-25 11:00:00",4131.46,4137.47,4127.865,4133.685,16698
1764072000,"2025-11-25 12:00:00",4133.68,4138.92,4115.51,4130.065,38332
1764075600,"2025-11-25 13:00:00",4130.125,4150.915,4129.66,4147.77,46551
1764079200,"2025-11-25 14:00:00",4147.785,4148.61,4110.805,4125.26,67132
1764082800,"2025-11-25 15:00:00",4125.28,4134.13,4117.92,4123.125,65649
1764086400,"2025-11-25 16:00:00",4123.12,4141.4,4122.215,4136.195,49829
1764090000,"2025-11-25 17:00:00",4136.24,4159.38,4136,4146.215,64137
1764093600,"2025-11-25 18:00:00",4146.235,4151.085,4132.445,4134.325,48152
1764097200,"2025-11-25 19:00:00",4134.255,4140.335,4128.49,4133.86,49705
1764100800,"2025-11-25 20:00:00",4133.895,4138.525,4130.65,4132.42,38953
1764104400,"2025-11-25 21:00:00",4132.4,4132.67,4127.62,4130.55,9569
1764111600,"2025-11-25 23:00:00",4134.495,4137.305,4129.99,4133.955,5088
1764115200,"2025-11-26 00:00:00",4133.97,4144.435,4132.815,4143.08,11949
1764118800,"2025-11-26 01:00:00",4143.085,4152.985,4138.735,4148.545,27759
1764122400,"2025-11-26 02:00:00",4148.525,4166.715,4147.465,4162.125,34064
1764126000,"2025-11-26 03:00:00",4162.1,4169.58,4160.335,4166.07,20930
1764129600,"2025-11-26 04:00:00",4166.015,4167.09,4156.525,4162.04,18410
1764133200,"2025-11-26 05:00:00",4162.1,4168.845,4160.41,4162.46,25155
1764136800,"2025-11-26 06:00:00",4162.415,4162.96,4146.68,4150.215,26522
1764140400,"2025-11-26 07:00:00",4150.225,4161.74,4149.365,4157.54,22441
1764144000,"2025-11-26 08:00:00",4157.525,4168.63,4154.76,4161.09,29281
1764147600,"2025-11-26 09:00:00",4161.1,4164.66,4156.52,4162.865,24555
1764151200,"2025-11-26 10:00:00",4162.875,4165.28,4155.98,4160.09,31756
1764154800,"2025-11-26 11:00:00",4160.095,4173.175,4157.815,4171.61,29097
1764158400,"2025-11-26 12:00:00",4171.62,4173.5,4148.57,4155.25,44427
1764162000,"2025-11-26 13:00:00",4155.26,4166.665,4149.02,4153.5,44363
1764165600,"2025-11-26 14:00:00",4153.51,4156.97,4139.595,4142.365,58070
1764169200,"2025-11-26 15:00:00",4142.225,4165.83,4136.665,4165.43,58628
1764172800,"2025-11-26 16:00:00",4165.445,4168.595,4160.73,4167.15,41264
1764176400,"2025-11-26 17:00:00",4167.155,4169.935,4165.16,4167.275,21652
1764180000,"2025-11-26 18:00:00",4167.29,4171.905,4158.1,4164.795,31747
1764183600,"2025-11-26 19:00:00",4164.775,4169.84,4162.58,4163.355,17576
1764187200,"2025-11-26 20:00:00",4163.365,4167.515,4161.4,4164.06,23836
1764190800,"2025-11-26 21:00:00",4164.1,4167.635,4162.21,4163.575,7612
1764198000,"2025-11-26 23:00:00",4165.255,4168.75,4162.52,4164.785,4977
1764201600,"2025-11-27 00:00:00",4164.805,4167.15,4161.75,4164.56,11495
1764205200,"2025-11-27 01:00:00",4164.555,4165.355,4148.76,4154.45,26112
1764208800,"2025-11-27 02:00:00",4154.48,4156.425,4144.67,4145.525,22265
1764212400,"2025-11-27 03:00:00",4145.49,4150.76,4144.525,4147.565,12222
1764216000,"2025-11-27 04:00:00",4147.56,4154.725,4142.73,4151.01,15822
1764219600,"2025-11-27 05:00:00",4150.91,4154.95,4144.61,4146.99,13962
1764223200,"2025-11-27 06:00:00",4147.02,4159.295,4146.885,4157.45,19084
1764226800,"2025-11-27 07:00:00",4157.425,4162.515,4155.455,4160.18,17786
1764230400,"2025-11-27 08:00:00",4160.21,4167.26,4159.565,4165.73,24514
1764234000,"2025-11-27 09:00:00",4165.65,4165.815,4148.4,4158.595,23242
1764237600,"2025-11-27 10:00:00",4158.635,4160.71,4152.415,4156.56,22075
1764241200,"2025-11-27 11:00:00",4156.47,4162.605,4156.045,4157.42,16071
1764244800,"2025-11-27 12:00:00",4157.445,4159.225,4153.615,4154.175,11690
1764248400,"2025-11-27 13:00:00",4154.14,4158.13,4149.085,4155.08,29104
1764252000,"2025-11-27 14:00:00",4155.075,4160.88,4152.95,4153.34,21147
1764255600,"2025-11-27 15:00:00",4153.355,4161.925,4153,4158.07,14171
1764259200,"2025-11-27 16:00:00",4158.025,4158.39,4151.505,4156.51,10824
1764262800,"2025-11-27 17:00:00",4156.61,4159.33,4154.695,4157.985,2746
1764266400,"2025-11-27 18:00:00",4157.98,4159.935,4155.875,4159.29,4426
1764270000,"2025-11-27 19:00:00",4159.23,4160.46,4155.7,4157.68,2230
1764273600,"2025-11-27 20:00:00",4157.55,4158.87,4155.355,4157.09,233
1764277200,"2025-11-27 21:00:00",4157.65,4159.34,4155.335,4158.8,33
1764284400,"2025-11-27 23:00:00",4159.355,4163.845,4159.325,4163.165,2214
1764288000,"2025-11-28 00:00:00",4163.15,4184.055,4162.97,4180.865,18283
1764291600,"2025-11-28 01:00:00",4180.85,4193.26,4180.77,4191.295,27718
1764295200,"2025-11-28 02:00:00",4191.28,4191.985,4186.04,4189.635,15727
1764298800,"2025-11-28 03:00:00",4189.77,4192.705,4180.63,4183.39,3720
1764302400,"2025-11-28 04:00:00",4183.405,4189.4,4176.575,4189.03,5810
1764306000,"2025-11-28 05:00:00",4188.655,4189.2,4170.68,4181.97,7421
1764309600,"2025-11-28 06:00:00",4181.655,4192.46,4180.89,4187.12,4618
1764313200,"2025-11-28 07:00:00",4187.14,4187.81,4172.85,4174.16,4214
1764316800,"2025-11-28 08:00:00",4173.95,4175.76,4153.74,4164.01,337
1764320400,"2025-11-28 09:00:00",4166.166,4169.105,4161.03,4167.545,5680
1764324000,"2025-11-28 10:00:00",4167.8,4178.235,4159.32,4163.325,5893
1764327600,"2025-11-28 11:00:00",4163.14,4180.15,4162.325,4171.275,7986
1764331200,"2025-11-28 12:00:00",4170.63,4179.72,4168.11,4176.95,3152
1764334800,"2025-11-28 13:00:00",4176.96,4182.975,4168.22,4182.7,8578
1764338400,"2025-11-28 14:00:00",4182.785,4209.04,4182.66,4198.075,57691
1764342000,"2025-11-28 15:00:00",4198.075,4204.295,4185.765,4203.93,52432
1764345600,"2025-11-28 16:00:00",4203.94,4210.95,4197.87,4206.4,29121
1764349200,"2025-11-28 17:00:00",4206.425,4217.1,4204.545,4216.97,25190
1764352800,"2025-11-28 18:00:00",4217.04,4226.915,4210.96,4220.55,36802
1764356400,"2025-11-28 19:00:00",4220.525,4222.075,4215.005,4215.82,22179
1764543600,"2025-11-30 23:00:00",4226.31,4226.465,4205.785,4221.94,18877
1764547200,"2025-12-01 00:00:00",4221.905,4233.735,4218.43,4230.775,26329
1764550800,"2025-12-01 01:00:00",4230.76,4256.45,4219.745,4255.56,64875
1764554400,"2025-12-01 02:00:00",4255.55,4256.6,4234.305,4242.955,55526
1764558000,"2025-12-01 03:00:00",4242.95,4244.08,4232.6,4239.49,45944
1764561600,"2025-12-01 04:00:00",4239.5,4247.065,4236.56,4245.775,35743
1764565200,"2025-12-01 05:00:00",4245.765,4246.745,4215.605,4229.675,47211
1764568800,"2025-12-01 06:00:00",4229.75,4240.665,4226.27,4237.105,50769
1764572400,"2025-12-01 07:00:00",4237.105,4246.715,4231.735,4245.35,42111
1764576000,"2025-12-01 08:00:00",4245.375,4253.715,4238.335,4244.78,51888
1764579600,"2025-12-01 09:00:00",4244.835,4251.895,4243.8,4250.125,37632
1764583200,"2025-12-01 10:00:00",4250.14,4262.435,4249.255,4255.64,43200
1764586800,"2025-12-01 11:00:00",4255.655,4258.605,4248.33,4254.63,46457
1764590400,"2025-12-01 12:00:00",4254.475,4256.73,4244.225,4246.605,39915
1764594000,"2025-12-01 13:00:00",4246.45,4264.7,4245.695,4247.395,48986
1764597600,"2025-12-01 14:00:00",4247.455,4249.36,4219.78,4239.98,66676
1764601200,"2025-12-01 15:00:00",4240.53,4244.905,4219.495,4232.525,75902
1764604800,"2025-12-01 16:00:00",4232.51,4242.66,4225.18,4226.295,71497
1764608400,"2025-12-01 17:00:00",4226.285,4240.08,4223.105,4232.285,39946
1764612000,"2025-12-01 18:00:00",4232.345,4244.81,4232.345,4240.44,34565
1764615600,"2025-12-01 19:00:00",4240.46,4243.885,4229.315,4237.075,42289
1764619200,"2025-12-01 20:00:00",4237.1,4241.63,4234.545,4237.5,28380
1764622800,"2025-12-01 21:00:00",4237.4,4240.47,4230.265,4232.29,10689
1764630000,"2025-12-01 23:00:00",4231.77,4236.15,4224.39,4227.54,6425
1764633600,"2025-12-02 00:00:00",4227.55,4229.735,4221.69,4226.795,21556
1764637200,"2025-12-02 01:00:00",4226.72,4227.34,4192.915,4219.56,42336
1764640800,"2025-12-02 02:00:00",4219.555,4224.705,4214.52,4221.76,21426
1764644400,"2025-12-02 03:00:00",4221.655,4226.415,4215.74,4216.835,20430
1764648000,"2025-12-02 04:00:00",4216.84,4220.845,4213.8,4218.785,12961
1764651600,"2025-12-02 05:00:00",4218.8,4225.655,4215.18,4225.005,19907
1764655200,"2025-12-02 06:00:00",4225.03,4226.35,4203.285,4212.965,28321
1764658800,"2025-12-02 07:00:00",4212.945,4219.495,4209.82,4213.57,14259
1764662400,"2025-12-02 08:00:00",4213.585,4217.24,4207.24,4210.22,20363
1764666000,"2025-12-02 09:00:00",4210.16,4213.3,4181.14,4192.12,24278
1764669600,"2025-12-02 10:00:00",4192.085,4192.565,4182.31,4185.925,24446
1764673200,"2025-12-02 11:00:00",4185.91,4206.16,4185.07,4205.64,18828
1764676800,"2025-12-02 12:00:00",4205.625,4209.655,4201.07,4208.925,15275
1764680400,"2025-12-02 13:00:00",4208.92,4215.33,4202.225,4212.565,42767
1764684000,"2025-12-02 14:00:00",4212.495,4230.685,4212.4,4218.845,63937
1764687600,"2025-12-02 15:00:00",4218.77,4219.69,4163.805,4169.835,73031
1764691200,"2025-12-02 16:00:00",4170.075,4190.405,4166.825,4185.03,44241
1764694800,"2025-12-02 17:00:00",4185.04,4196.94,4184.835,4193.885,23222
1764698400,"2025-12-02 18:00:00",4193.865,4197.08,4183.23,4190.985,21327
1764702000,"2025-12-02 19:00:00",4191.03,4200.4,4191.03,4196.47,17406
1764705600,"2025-12-02 20:00:00",4196.45,4212.495,4194.79,4210.225,24107
1764709200,"2025-12-02 21:00:00",4210.24,4211.865,4205.265,4205.665,6782
1764716400,"2025-12-02 23:00:00",4202.48,4216.165,4202.38,4212.75,7897
1764720000,"2025-12-03 00:00:00",4212.745,4212.91,4204.665,4212.07,19989
1764723600,"2025-12-03 01:00:00",4212.1,4221.185,4211.81,4214.435,47127
1764727200,"2025-12-03 02:00:00",4214.435,4229.065,4214.235,4226.725,29375
1764730800,"2025-12-03 03:00:00",4226.725,4227.62,4220.245,4221.335,17503
1764734400,"2025-12-03 04:00:00",4221.295,4225.455,4217.475,4222.515,13302
1764738000,"2025-12-03 05:00:00",4222.47,4224.12,4203.405,4207.705,30214
1764741600,"2025-12-03 06:00:00",4207.735,4211.995,4204.845,4208.42,27107
1764745200,"2025-12-03 07:00:00",4208.425,4210.35,4200.39,4206.335,18751
1764748800,"2025-12-03 08:00:00",4206.385,4210.33,4203.765,4206.43,22226
1764752400,"2025-12-03 09:00:00",4206.485,4207.665,4197.22,4202.205,22656
1764756000,"2025-12-03 10:00:00",4202.215,4204.965,4194.645,4200.655,28375
1764759600,"2025-12-03 11:00:00",4200.7,4209.245,4197.16,4208.795,18373
1764763200,"2025-12-03 12:00:00",4208.77,4214.41,4205.16,4213.595,24013
1764766800,"2025-12-03 13:00:00",4213.545,4238.585,4211.105,4237.39,45622
1764770400,"2025-12-03 14:00:00",4237.49,4241.565,4205.05,4212.335,75718
1764774000,"2025-12-03 15:00:00",4212.285,4229.565,4206.095,4216.415,68621
1764777600,"2025-12-03 16:00:00",4216.365,4225.33,4195.855,4200.895,60089
1764781200,"2025-12-03 17:00:00",4200.94,4215.59,4200.39,4211.075,37536
1764784800,"2025-12-03 18:00:00",4211.205,4211.515,4195.195,4197.015,34382
1764788400,"2025-12-03 19:00:00",4197.075,4210.1,4196.95,4207.86,26536
1764792000,"2025-12-03 20:00:00",4207.84,4212.825,4203.675,4206.23,31535
1764795600,"2025-12-03 21:00:00",4206.215,4210.1,4202.69,4203.115,8647
1764802800,"2025-12-03 23:00:00",4206.465,4209.08,4202.9,4207.465,4552
1764806400,"2025-12-04 00:00:00",4207.54,4215.975,4204.755,4211.77,16566
1764810000,"2025-12-04 01:00:00",4211.655,4217.08,4205.93,4209.24,43362
1764813600,"2025-12-04 02:00:00",4209.31,4209.31,4199.01,4200.675,34367
1764817200,"2025-12-04 03:00:00",4200.74,4201.58,4187.43,4195.875,19472
1764820800,"2025-12-04 04:00:00",4195.805,4199.25,4192.83,4197.155,16969
1764824400,"2025-12-04 05:00:00",4197.105,4199.14,4174.81,4181.1,27728
1764828000,"2025-12-04 06:00:00",4181.155,4190.465,4178.82,4190.345,38910
1764831600,"2025-12-04 07:00:00",4190.35,4195.215,4186.54,4193.945,23716
1764835200,"2025-12-04 08:00:00",4193.86,4196.4,4184.8,4185,38226
1764838800,"2025-12-04 09:00:00",4185.005,4202.28,4183.57,4199.95,28081
1764842400,"2025-12-04 10:00:00",4199.945,4202.83,4196.645,4197.405,21357
1764846000,"2025-12-04 11:00:00",4197.415,4206.63,4197.195,4198.475,17568
1764849600,"2025-12-04 12:00:00",4198.485,4201.855,4188.79,4190.47,23074
1764853200,"2025-12-04 13:00:00",4190.495,4198.645,4185.45,4198.43,46232
1764856800,"2025-12-04 14:00:00",4198.385,4213.61,4193.575,4201.305,68809
1764860400,"2025-12-04 15:00:00",4201.355,4210.28,4191.545,4207.355,62557
1764864000,"2025-12-04 16:00:00",4207.42,4219.62,4206.63,4215.74,61121
1764867600,"2025-12-04 17:00:00",4215.74,4217.735,4208.995,4216.715,20519
1764871200,"2025-12-04 18:00:00",4216.68,4217.675,4207.41,4208.07,25597
1764874800,"2025-12-04 19:00:00",4208.115,4210.18,4199.545,4208.975,29535
1764878400,"2025-12-04 20:00:00",4208.785,4210.365,4205.485,4209.94,20115
1764882000,"2025-12-04 21:00:00",4209.895,4210.425,4207.86,4208.765,6330
1764889200,"2025-12-04 23:00:00",4209.41,4209.57,4204.005,4206.285,5197
1764892800,"2025-12-05 00:00:00",4206.345,4210.685,4201.245,4201.785,10515
1764896400,"2025-12-05 01:00:00",4201.725,4204.615,4194.815,4203.14,32118
1764900000,"2025-12-05 02:00:00",4203.17,4208.69,4196.77,4207.3,27365
1764903600,"2025-12-05 03:00:00",4207.37,4210.89,4201.74,4209.635,24121
1764907200,"2025-12-05 04:00:00",4209.395,4217.655,4208.08,4217.025,17263
1764910800,"2025-12-05 05:00:00",4217.02,4221.475,4214.53,4220.65,20169
1764914400,"2025-12-05 06:00:00",4220.635,4229.35,4218.77,4224.7,25822
1764918000,"2025-12-05 07:00:00",4224.725,4230.9,4222.56,4224.55,16292
1764921600,"2025-12-05 08:00:00",4224.575,4227.24,4220.535,4220.6,19153
1764925200,"2025-12-05 09:00:00",4220.585,4225.22,4215.935,4223.43,14838
1764928800,"2025-12-05 10:00:00",4223.415,4227.545,4222.525,4222.93,6634
1764932400,"2025-12-05 11:00:00",4222.915,4225.8,4220.15,4223.54,7931
1764936000,"2025-12-05 12:00:00",4223.54,4229.72,4222.93,4228.83,20252
1764939600,"2025-12-05 13:00:00",4228.98,4239.03,4221.46,4234.62,33503
1764943200,"2025-12-05 14:00:00",4234.54,4245.67,4228.22,4242.135,50046
1764946800,"2025-12-05 15:00:00",4242.115,4259.34,4234,4243.845,53343
1764950400,"2025-12-05 16:00:00",4243.89,4245.765,4198.545,4214.175,73200
1764954000,"2025-12-05 17:00:00",4214.21,4219.92,4206.55,4217.565,30063
1764957600,"2025-12-05 18:00:00",4217.54,4219.35,4206.695,4208.955,26988
1764961200,"2025-12-05 19:00:00",4208.97,4211.08,4202.34,4207.56,26458
1764964800,"2025-12-05 20:00:00",4207.6,4207.71,4199.485,4202.14,25221
1764968400,"2025-12-05 21:00:00",4202.165,4202.42,4192.055,4198.685,12509
1765148400,"2025-12-07 23:00:00",4198.685,4203.14,4198.505,4201.52,2804
1765152000,"2025-12-08 00:00:00",4201.58,4211.86,4199.91,4210.76,14399
1765155600,"2025-12-08 01:00:00",4210.745,4211.775,4197.54,4201.25,36694
1765159200,"2025-12-08 02:00:00",4201.19,4212.635,4198.72,4208.515,31736
1765162800,"2025-12-08 03:00:00",4208.51,4213.305,4206.86,4210.24,17908
1765166400,"2025-12-08 04:00:00",4210.215,4213.415,4207.045,4208.67,20166
1765170000,"2025-12-08 05:00:00",4208.625,4217.365,4204.77,4217.3,21752
1765173600,"2025-12-08 06:00:00",4217.295,4219.175,4212.18,4217.185,24018
1765177200,"2025-12-08 07:00:00",4217.19,4217.61,4206.31,4206.83,18510
1765180800,"2025-12-08 08:00:00",4206.815,4216.695,4203.175,4209.875,20457
1765184400,"2025-12-08 09:00:00",4209.66,4213.045,4204.305,4207.855,25593
1765188000,"2025-12-08 10:00:00",4207.85,4210.385,4201.105,4203.685,13968
1765191600,"2025-12-08 11:00:00",4203.51,4214.465,4199.71,4208.735,20107
1765195200,"2025-12-08 12:00:00",4208.77,4215.585,4208.54,4213.86,14135
1765198800,"2025-12-08 13:00:00",4213.78,4214.785,4197.895,4201.9,58839
1765202400,"2025-12-08 14:00:00",4201.905,4211.85,4195.315,4196.575,59530
1765206000,"2025-12-08 15:00:00",4196.565,4196.8,4176.205,4182.905,68846
1765209600,"2025-12-08 16:00:00",4182.89,4197.88,4176.815,4191.64,49354
1765213200,"2025-12-08 17:00:00",4191.645,4195.68,4185.725,4195.045,34430
1765216800,"2025-12-08 18:00:00",4195.01,4195.74,4184.555,4187.415,23998
1765220400,"2025-12-08 19:00:00",4187.45,4189.055,4184.435,4187.03,27477
1765224000,"2025-12-08 20:00:00",4187.045,4195.695,4184.98,4191.67,20274
1765227600,"2025-12-08 21:00:00",4191.685,4193.36,4188.465,4190.66,4217
1765234800,"2025-12-08 23:00:00",4191.48,4195.49,4190.785,4194.86,3728
1765238400,"2025-12-09 00:00:00",4194.835,4195.82,4190.03,4190.535,12583
1765242000,"2025-12-09 01:00:00",4190.595,4197.415,4188.885,4196.375,33980
1765245600,"2025-12-09 02:00:00",4196.315,4197.29,4186.105,4190.035,24262
1765249200,"2025-12-09 03:00:00",4190.1,4198.905,4190.1,4194.605,16230
1765252800,"2025-12-09 04:00:00",4194.58,4195.76,4184.53,4186.78,21296
1765256400,"2025-12-09 05:00:00",4186.765,4187.385,4178.035,4179.665,33926
1765260000,"2025-12-09 06:00:00",4179.7,4184.075,4169.985,4182.285,46802
1765263600,"2025-12-09 07:00:00",4182.29,4186.03,4175.855,4182.415,42671
1765267200,"2025-12-09 08:00:00",4182.435,4192.025,4182.425,4191.73,25170
1765270800,"2025-12-09 09:00:00",4191.74,4213.05,4190.795,4203.035,45959
1765274400,"2025-12-09 10:00:00",4203.07,4208.505,4201.355,4204.12,31972
1765278000,"2025-12-09 11:00:00",4204.1,4206.66,4201.235,4203.14,26021
1765281600,"2025-12-09 12:00:00",4203.19,4207.705,4198.595,4204.235,31146
1765285200,"2025-12-09 13:00:00",4204.245,4208.57,4195.725,4201.515,59214
1765288800,"2025-12-09 14:00:00",4201.54,4210.455,4189.505,4204.99,65724
1765292400,"2025-12-09 15:00:00",4204.78,4216.545,4190.14,4212.575,78811
1765296000,"2025-12-09 16:00:00",4212.6,4221.625,4210.14,4212.4,55586
1765299600,"2025-12-09 17:00:00",4212.41,4216.265,4201.665,4203.14,42054
1765303200,"2025-12-09 18:00:00",4203.225,4209.935,4201.255,4209.195,28250
1765306800,"2025-12-09 19:00:00",4209.14,4214.485,4207.15,4212.62,28172
1765310400,"2025-12-09 20:00:00",4212.53,4216.035,4208.94,4212.125,26989
1765314000,"2025-12-09 21:00:00",4212.14,4213.05,4207.415,4207.915,9410
1765321200,"2025-12-09 23:00:00",4209.445,4212.99,4208.02,4210.75,5269
1765324800,"2025-12-10 00:00:00",4210.68,4212.77,4207.01,4208.295,10324
1765328400,"2025-12-10 01:00:00",4208.31,4218.15,4206.93,4213.75,43540
1765332000,"2025-12-10 02:00:00",4213.73,4218.86,4211.74,4217.095,35192
1765335600,"2025-12-10 03:00:00",4216.995,4217.27,4203.485,4206.44,37506
1765339200,"2025-12-10 04:00:00",4206.395,4209.845,4205.58,4207.12,10922
1765342800,"2025-12-10 05:00:00",4207.015,4214.66,4201.7,4211.575,30558
1765346400,"2025-12-10 06:00:00",4211.515,4211.855,4203.005,4207.415,28946
1765350000,"2025-12-10 07:00:00",4207.42,4209.26,4203.17,4203.37,13852
1765353600,"2025-12-10 08:00:00",4203.3,4206.66,4197.05,4197.92,20316
1765357200,"2025-12-10 09:00:00",4197.72,4200.52,4192.65,4194.39,24205
1765360800,"2025-12-10 10:00:00",4194.34,4196.67,4187.8,4193.245,24398
1765364400,"2025-12-10 11:00:00",4193.345,4197.845,4192.655,4197.44,16194
1765368000,"2025-12-10 12:00:00",4197.405,4202.375,4195.405,4196.575,26488
1765371600,"2025-12-10 13:00:00",4196.565,4205.23,4193.22,4200.745,55730
1765375200,"2025-12-10 14:00:00",4200.7,4207.105,4191.415,4192.56,68770
1765378800,"2025-12-10 15:00:00",4192.53,4201.27,4188.97,4193.75,60433
1765382400,"2025-12-10 16:00:00",4193.78,4205.16,4192.72,4204.975,40965
1765386000,"2025-12-10 17:00:00",4204.92,4204.955,4196.905,4199.735,35429
1765389600,"2025-12-10 18:00:00",4199.775,4200.75,4192.15,4194.07,18563
1765393200,"2025-12-10 19:00:00",4194.105,4219.86,4182.08,4216.45,97176
1765396800,"2025-12-10 20:00:00",4216.41,4238.785,4211.425,4229.555,59629
1765400400,"2025-12-10 21:00:00",4229.525,4232.335,4221.32,4228.775,12585
1765407600,"2025-12-10 23:00:00",4228.245,4234.215,4224.255,4232.585,7632
1765411200,"2025-12-11 00:00:00",4232.565,4245.385,4231.615,4237.375,19671
1765414800,"2025-12-11 01:00:00",4237.38,4247.805,4233.03,4238.39,39708
1765418400,"2025-12-11 02:00:00",4238.365,4240.915,4220.36,4222.28,34704
1765422000,"2025-12-11 03:00:00",4222.22,4225.02,4209.47,4216.905,31816
1765425600,"2025-12-11 04:00:00",4216.82,4218.45,4208.43,4213.525,19937
1765429200,"2025-12-11 05:00:00",4213.405,4216.315,4206.075,4207.35,18026
1765432800,"2025-12-11 06:00:00",4207.355,4215.61,4204.27,4214.725,26152
1765436400,"2025-12-11 07:00:00",4214.75,4218.75,4210.595,4216.11,13507
1765440000,"2025-12-11 08:00:00",4216.105,4219.65,4212.835,4216.775,19333
1765443600,"2025-12-11 09:00:00",4216.785,4221.615,4210.4,4218.495,22147
1765447200,"2025-12-11 10:00:00",4218.51,4226.08,4211.84,4217.035,16919
1765450800,"2025-12-11 11:00:00",4217.06,4219.125,4209.61,4211.19,11399
1765454400,"2025-12-11 12:00:00",4211.195,4220.61,4208.77,4220.565,18263
1765458000,"2025-12-11 13:00:00",4220.705,4223.52,4205.35,4221.015,39597
1765461600,"2025-12-11 14:00:00",4221.035,4244.595,4217.945,4230.395,57420
1765465200,"2025-12-11 15:00:00",4230.36,4261.5,4226.335,4256.125,65590
1765468800,"2025-12-11 16:00:00",4256.16,4279.04,4250.085,4273.655,49116
1765472400,"2025-12-11 17:00:00",4273.645,4281.815,4272.23,4278.71,40097
1765476000,"2025-12-11 18:00:00",4278.605,4285.89,4266.77,4268.28,31662
1765479600,"2025-12-11 19:00:00",4268.255,4277.835,4262.83,4273.545,27620
1765483200,"2025-12-11 20:00:00",4273.535,4276.395,4264.25,4276.285,44572
1765486800,"2025-12-11 21:00:00",4276.24,4283.725,4272.61,4279.335,8108
1765494000,"2025-12-11 23:00:00",4282.93,4283.005,4272.42,4276.285,10344
1765497600,"2025-12-12 00:00:00",4276.32,4280.07,4269.11,4269.53,17097
1765501200,"2025-12-12 01:00:00",4269.555,4276.32,4264.525,4270.935,43264
1765504800,"2025-12-12 02:00:00",4270.95,4277.17,4269.32,4270.41,37776
1765508400,"2025-12-12 03:00:00",4270.42,4274.825,4268.775,4270.705,21660
1765512000,"2025-12-12 04:00:00",4270.68,4271.12,4266.36,4266.39,17348
1765515600,"2025-12-12 05:00:00",4266.44,4280.695,4266.045,4278.94,25123
1765519200,"2025-12-12 06:00:00",4278.945,4283.285,4276.665,4282.975,30761
1765522800,"2025-12-12 07:00:00",4282.86,4290.625,4281.38,4287.245,22029
1765526400,"2025-12-12 08:00:00",4287.28,4309.545,4287.185,4308.17,31837
1765530000,"2025-12-12 09:00:00",4308.19,4320.425,4306.96,4318.315,34178
1765533600,"2025-12-12 10:00:00",4318.3,4331.175,4314.695,4330.17,32437
1765537200,"2025-12-12 11:00:00",4330.315,4339.385,4327.21,4336.515,34608
1765540800,"2025-12-12 12:00:00",4336.505,4339.46,4324.735,4325.79,44496
1765544400,"2025-12-12 13:00:00",4325.905,4346.32,4321.495,4341.155,70605
1765548000,"2025-12-12 14:00:00",4341.145,4353.555,4331.05,4346.935,74321
1765551600,"2025-12-12 15:00:00",4346.865,4351.625,4283.55,4290.755,115881
1765555200,"2025-12-12 16:00:00",4290.835,4296.665,4257.275,4281.89,110379
1765558800,"2025-12-12 17:00:00",4281.87,4298.525,4271.265,4294.255,51879
1765562400,"2025-12-12 18:00:00",4294.3,4303.915,4290.535,4295.02,35902
1765566000,"2025-12-12 19:00:00",4295.34,4299.705,4289.96,4296.51,22057
1765569600,"2025-12-12 20:00:00",4296.53,4302.985,4288.74,4299.335,31542
1765573200,"2025-12-12 21:00:00",4299.41,4304.215,4296.93,4299.38,10041
1765753200,"2025-12-14 23:00:00",4302.985,4308.52,4301.72,4302.575,9634
1765756800,"2025-12-15 00:00:00",4302.67,4307.995,4300.41,4307.515,12767
1765760400,"2025-12-15 01:00:00",4307.555,4325.925,4305.66,4322.53,32998
1765764000,"2025-12-15 02:00:00",4322.39,4329.405,4320.845,4326.345,21656
1765767600,"2025-12-15 03:00:00",4326.365,4329.775,4319.32,4327.33,30444
1765771200,"2025-12-15 04:00:00",4327.28,4330.1,4323.1,4326.19,16447
1765774800,"2025-12-15 05:00:00",4326.255,4344.46,4324.685,4343.615,29602
1765778400,"2025-12-15 06:00:00",4343.78,4347.48,4339.485,4343.51,33284
1765782000,"2025-12-15 07:00:00",4343.53,4344.75,4333.545,4339.19,26129
1765785600,"2025-12-15 08:00:00",4339.215,4349.025,4338.785,4346.82,30715
1765789200,"2025-12-15 09:00:00",4346.765,4350.285,4342.345,4342.565,23744
1765792800,"2025-12-15 10:00:00",4342.56,4348.175,4337.715,4339.59,14515
1765796400,"2025-12-15 11:00:00",4339.61,4343.685,4335.305,4342.775,16541
1765800000,"2025-12-15 12:00:00",4342.785,4348.525,4342.74,4345.71,23045
1765803600,"2025-12-15 13:00:00",4345.685,4346.32,4330.74,4332.06,54040
1765807200,"2025-12-15 14:00:00",4332.075,4336.835,4317.515,4323.765,71904
1765810800,"2025-12-15 15:00:00",4323.695,4327.935,4311.63,4318.375,89070
1765814400,"2025-12-15 16:00:00",4318.385,4319.02,4285.515,4297.815,77807
1765818000,"2025-12-15 17:00:00",4297.795,4306.825,4291.08,4304.425,49482
1765821600,"2025-12-15 18:00:00",4304.53,4313.61,4300.06,4313.085,40418
1765825200,"2025-12-15 19:00:00",4313.085,4317.81,4307.92,4314.285,26977
1765828800,"2025-12-15 20:00:00",4314.21,4314.385,4299.725,4304.625,30802
1765832400,"2025-12-15 21:00:00",4304.63,4305.84,4300.825,4304.91,6072
1765839600,"2025-12-15 23:00:00",4307.67,4309.77,4303.565,4304.445,5946
1765843200,"2025-12-16 00:00:00",4304.435,4313.515,4303.04,4308.045,13052
1765846800,"2025-12-16 01:00:00",4308.055,4318.035,4299.355,4308.79,47650
1765850400,"2025-12-16 02:00:00",4308.68,4312.3,4286.605,4289.71,43180
1765854000,"2025-12-16 03:00:00",4289.745,4294.675,4280.62,4291.005,31165
1765857600,"2025-12-16 04:00:00",4290.98,4292.385,4286.825,4289.22,16387
1765861200,"2025-12-16 05:00:00",4289.225,4292.405,4271.575,4284.185,26607
1765864800,"2025-12-16 06:00:00",4284.22,4292.345,4282.595,4289.41,30033
1765868400,"2025-12-16 07:00:00",4289.44,4290.13,4279.63,4287.655,27524
1765872000,"2025-12-16 08:00:00",4287.635,4289.445,4275.275,4284.705,20593
1765875600,"2025-12-16 09:00:00",4284.685,4285.93,4276.575,4280.495,17755
1765879200,"2025-12-16 10:00:00",4280.545,4284.44,4274.7,4277.45,18079
1765882800,"2025-12-16 11:00:00",4277.4,4279.765,4273.885,4278.69,14092
1765886400,"2025-12-16 12:00:00",4278.635,4294.995,4276.94,4294.535,26157
1765890000,"2025-12-16 13:00:00",4294.565,4313.27,4291,4313.015,47155
1765893600,"2025-12-16 14:00:00",4313.04,4332.205,4311.43,4324.48,69924
1765897200,"2025-12-16 15:00:00",4324.445,4335.185,4312.56,4319.865,66137
1765900800,"2025-12-16 16:00:00",4319.805,4323.39,4291.41,4300.675,64061
1765904400,"2025-12-16 17:00:00",4300.66,4311.07,4300.355,4303.725,34888
1765908000,"2025-12-16 18:00:00",4303.83,4313.475,4298.285,4311.37,33450
1765911600,"2025-12-16 19:00:00",4311.44,4315.92,4296.81,4310.655,29261
1765915200,"2025-12-16 20:00:00",4310.65,4314.475,4302.66,4304.615,24671
1765918800,"2025-12-16 21:00:00",4304.645,4305.53,4300.61,4302.225,8384
1765926000,"2025-12-16 23:00:00",4303.6,4309.215,4302.405,4308.11,3637
1765929600,"2025-12-17 00:00:00",4308.1,4315.435,4307.6,4313.195,6783
1765933200,"2025-12-17 01:00:00",4313.205,4326.78,4311.445,4326.635,40892
1765936800,"2025-12-17 02:00:00",4326.69,4327.835,4311.145,4314.365,32580
1765940400,"2025-12-17 03:00:00",4314.38,4325.215,4312.64,4323.84,22183
1765944000,"2025-12-17 04:00:00",4323.955,4331.65,4320.56,4329.8,14316
1765947600,"2025-12-17 05:00:00",4329.785,4342.58,4328.095,4333.9,27778
1765951200,"2025-12-17 06:00:00",4333.88,4337.64,4324.7,4328.72,33250
1765954800,"2025-12-17 07:00:00",4328.685,4328.685,4315.68,4317.835,24872
1765958400,"2025-12-17 08:00:00",4317.785,4320.915,4308.44,4319.385,22112
1765962000,"2025-12-17 09:00:00",4319.3,4323.45,4315.88,4317.015,18016
1765965600,"2025-12-17 10:00:00",4316.895,4322.315,4306.515,4317.805,17781
1765969200,"2025-12-17 11:00:00",4317.875,4320.465,4315.06,4316.345,17290
1765972800,"2025-12-17 12:00:00",4316.33,4323.24,4314.99,4317.57,22924
1765976400,"2025-12-17 13:00:00",4317.615,4344.26,4315.085,4342.145,43168
1765980000,"2025-12-17 14:00:00",4342.125,4346.09,4323.14,4338.245,85512
1765983600,"2025-12-17 15:00:00",4338.22,4349.28,4324.34,4330.485,80774
1765987200,"2025-12-17 16:00:00",4330.575,4337.66,4320.325,4333.68,71205
1765990800,"2025-12-17 17:00:00",4333.675,4342.595,4328.77,4342.58,35400
1765994400,"2025-12-17 18:00:00",4342.585,4346.61,4328.82,4336.25,40096
1765998000,"2025-12-17 19:00:00",4336.13,4341.2,4330.45,4337.265,21341
1766001600,"2025-12-17 20:00:00",4337.28,4346.145,4335.425,4341.49,28473
1766005200,"2025-12-17 21:00:00",4341.545,4346.41,4337.5,4337.83,8021
1766012400,"2025-12-17 23:00:00",4338.89,4343.095,4335.535,4339.055,7310
1766016000,"2025-12-18 00:00:00",4338.985,4343.03,4333.34,4334.985,14976
1766019600,"2025-12-18 01:00:00",4335.06,4337.245,4324.02,4331.745,43420
1766023200,"2025-12-18 02:00:00",4331.78,4337.985,4330.01,4333.365,44596
1766026800,"2025-12-18 03:00:00",4333.345,4336.94,4331.05,4333.34,27787
1766030400,"2025-12-18 04:00:00",4333.28,4333.59,4328.69,4331.845,20417
1766034000,"2025-12-18 05:00:00",4331.69,4337.465,4331.065,4333.32,32838
1766037600,"2025-12-18 06:00:00",4333.27,4336.185,4330.68,4334.01,39335
1766041200,"2025-12-18 07:00:00",4334.04,4337.785,4330.075,4331.495,22965
1766044800,"2025-12-18 08:00:00",4331.375,4332.59,4321.805,4326.645,23864
1766048400,"2025-12-18 09:00:00",4326.48,4328.63,4320.655,4323.64,42957
1766052000,"2025-12-18 10:00:00",4323.615,4327.615,4322.02,4325.54,28434
1766055600,"2025-12-18 11:00:00",4325.52,4328.825,4324.47,4325.735,23108
1766059200,"2025-12-18 12:00:00",4325.685,4326.715,4317.285,4320.94,26701
1766062800,"2025-12-18 13:00:00",4320.925,4343.185,4314.68,4336.65,61160
1766066400,"2025-12-18 14:00:00",4336.635,4341.485,4308.67,4328.625,86544
1766070000,"2025-12-18 15:00:00",4328.58,4341.77,4325.06,4338.395,89156
1766073600,"2025-12-18 16:00:00",4338.42,4374.655,4337.74,4360.415,82171
1766077200,"2025-12-18 17:00:00",4360.42,4363.415,4322.145,4333.565,69422
1766080800,"2025-12-18 18:00:00",4333.575,4341.455,4325.905,4331.955,40868
1766084400,"2025-12-18 19:00:00",4331.925,4335.09,4322.755,4325.18,49811
1766088000,"2025-12-18 20:00:00",4325.18,4338.545,4324.67,4335,42983
1766091600,"2025-12-18 21:00:00",4334.995,4334.995,4328.55,4332.59,8805
1766098800,"2025-12-18 23:00:00",4335.855,4337.07,4333.6,4335.135,4167
1766102400,"2025-12-19 00:00:00",4335.11,4335.835,4325.97,4326.33,6941
1766106000,"2025-12-19 01:00:00",4326.405,4328.655,4309.095,4323.32,29379
1766109600,"2025-12-19 02:00:00",4323.365,4328.1,4314.175,4316.76,13731
1766113200,"2025-12-19 03:00:00",4316.735,4322.55,4312.68,4318.12,17191
1766116800,"2025-12-19 04:00:00",4318.145,4322.935,4317.05,4322.74,23472
1766120400,"2025-12-19 05:00:00",4322.725,4328.97,4317.46,4325.97,34296
1766124000,"2025-12-19 06:00:00",4326.015,4329.57,4321.63,4326.44,34543
1766127600,"2025-12-19 07:00:00",4326.42,4329.665,4321.5,4322.61,25436
1766131200,"2025-12-19 08:00:00",4322.615,4330.975,4321.085,4325.99,20151
1766134800,"2025-12-19 09:00:00",4325.945,4333.67,4324.41,4329.585,26835
1766138400,"2025-12-19 10:00:00",4329.555,4331.915,4322.6,4327.805,24948
1766142000,"2025-12-19 11:00:00",4327.81,4329.57,4325.18,4327.375,26199
1766145600,"2025-12-19 12:00:00",4327.43,4328.955,4320.775,4326.735,27120
1766149200,"2025-12-19 13:00:00",4326.77,4335.705,4326.055,4328.365,44078
1766152800,"2025-12-19 14:00:00",4328.325,4337.93,4319.83,4332.855,79503
1766156400,"2025-12-19 15:00:00",4332.735,4349.29,4332.135,4347.91,74467
1766160000,"2025-12-19 16:00:00",4347.905,4354.755,4342.155,4349.935,57881
1766163600,"2025-12-19 17:00:00",4349.92,4355.99,4347.075,4353.555,32166
1766167200,"2025-12-19 18:00:00",4353.495,4356.625,4343.155,4348.595,31320
1766170800,"2025-12-19 19:00:00",4348.605,4350.635,4345.17,4345.295,18596
1766174400,"2025-12-19 20:00:00",4345.26,4346.545,4336.875,4339.75,21235
1766178000,"2025-12-19 21:00:00",4339.735,4340.36,4336.555,4338.765,5928
1766358000,"2025-12-21 23:00:00",4340.905,4356.1,4339.9,4355.4,8900
1766361600,"2025-12-22 00:00:00",4355.325,4366.56,4355.325,4365.165,12450
1766365200,"2025-12-22 01:00:00",4365.275,4384.96,4361.375,4382.97,30503
1766368800,"2025-12-22 02:00:00",4382.995,4388.84,4378.695,4386.07,25063
1766372400,"2025-12-22 03:00:00",4386.055,4395.05,4384.415,4392.66,15128
1766376000,"2025-12-22 04:00:00",4392.655,4401.115,4391.33,4398.525,12130
1766379600,"2025-12-22 05:00:00",4398.38,4409.76,4396.865,4400.21,26262
1766383200,"2025-12-22 06:00:00",4400.235,4420.16,4398.96,4419.47,27803
1766386800,"2025-12-22 07:00:00",4419.455,4420.515,4410.41,4414.395,19116
1766390400,"2025-12-22 08:00:00",4414.345,4415.08,4406.195,4408.28,19248
1766394000,"2025-12-22 09:00:00",4408.265,4415.01,4408.02,4411.2,16042
1766397600,"2025-12-22 10:00:00",4411.195,4416.055,4406.215,4408.79,16085
1766401200,"2025-12-22 11:00:00",4408.765,4411.695,4406.06,4410.42,31406
1766404800,"2025-12-22 12:00:00",4410.225,4416.04,4406.29,4415.81,48133
1766408400,"2025-12-22 13:00:00",4415.83,4427.42,4412.73,4423.865,66735
1766412000,"2025-12-22 14:00:00",4423.905,4429.665,4414.725,4419.445,63813
1766415600,"2025-12-22 15:00:00",4419.455,4435.65,4411.945,4431.835,70385
1766419200,"2025-12-22 16:00:00",4431.86,4442.21,4428.22,4438.72,49588
1766422800,"2025-12-22 17:00:00",4438.725,4442.27,4431.995,4438.51,24895
1766426400,"2025-12-22 18:00:00",4438.61,4438.995,4429.445,4435.465,26038
1766430000,"2025-12-22 19:00:00",4435.46,4436.085,4429.005,4433.69,16418
1766433600,"2025-12-22 20:00:00",4433.615,4439.27,4431.72,4438.715,24285
1766437200,"2025-12-22 21:00:00",4438.695,4449.385,4438.525,4443.74,13854
1766444400,"2025-12-22 23:00:00",4449.18,4461.66,4449.045,4460.145,13802
1766448000,"2025-12-23 00:00:00",4460.095,4470.715,4458.16,4470.6,9400
1766451600,"2025-12-23 01:00:00",4470.53,4490.69,4469.44,4486.675,35744
1766455200,"2025-12-23 02:00:00",4486.66,4497.685,4481.38,4493.48,20794
1766458800,"2025-12-23 03:00:00",4493.44,4496.78,4482.955,4486.725,49407
1766462400,"2025-12-23 04:00:00",4486.765,4488.325,4478.86,4482.585,31463
1766466000,"2025-12-23 05:00:00",4482.525,4485.695,4474.92,4475.335,46745
1766469600,"2025-12-23 06:00:00",4475.245,4481.735,4469.5,4481.62,48298
1766473200,"2025-12-23 07:00:00",4481.61,4489.88,4478.5,4486.855,54887
1766476800,"2025-12-23 08:00:00",4486.81,4493.49,4484.73,4490.055,46962
1766480400,"2025-12-23 09:00:00",4490.04,4491.36,4478.225,4480.5,51716
1766484000,"2025-12-23 10:00:00",4480.545,4487.605,4479.56,4484.4,50938
1766487600,"2025-12-23 11:00:00",4484.415,4494.315,4483.1,4493.655,37517
1766491200,"2025-12-23 12:00:00",4493.625,4493.785,4483.275,4486.41,52983
1766494800,"2025-12-23 13:00:00",4486.35,4497.635,4473.51,4479.36,64186
1766498400,"2025-12-23 14:00:00",4479.425,4480.13,4441.5,4446.745,73371
1766502000,"2025-12-23 15:00:00",4446.735,4459.415,4430.515,4458.395,86553
1766505600,"2025-12-23 16:00:00",4458.43,4476.695,4455.815,4474.38,52114
1766509200,"2025-12-23 17:00:00",4474.395,4479.92,4469.945,4472.965,43642
1766512800,"2025-12-23 18:00:00",4473.08,4485.22,4472.74,4484.725,33030
1766516400,"2025-12-23 19:00:00",4484.625,4496.38,4484.265,4490.745,24770
1766520000,"2025-12-23 20:00:00",4490.74,4499.82,4489.3,4497.5,28399
1766523600,"2025-12-23 21:00:00",4497.505,4498.85,4483.52,4484.55,17589
1766530800,"2025-12-23 23:00:00",4488.59,4510.78,4488,4503.39,15879
1766534400,"2025-12-24 00:00:00",4503.3,4518.215,4500.96,4512.095,25852
1766538000,"2025-12-24 01:00:00",4512.02,4526.15,4507.045,4518.84,66243
1766541600,"2025-12-24 02:00:00",4518.815,4519.52,4474.375,4478.06,63449
1766545200,"2025-12-24 03:00:00",4478.26,4498.74,4466.54,4493.2,50312
1766548800,"2025-12-24 04:00:00",4493.325,4501.565,4491.4,4499.32,28655
1766552400,"2025-12-24 05:00:00",4499.17,4500.575,4485.185,4488.645,50252
1766556000,"2025-12-24 06:00:00",4488.65,4498.025,4485.275,4493.78,39491
1766559600,"2025-12-24 07:00:00",4493.805,4495.24,4483.61,4484.05,43110
1766563200,"2025-12-24 08:00:00",4484.04,4492.705,4478.205,4482.505,45064
1766566800,"2025-12-24 09:00:00",4482.51,4496.26,4482.1,4494.895,54511
1766570400,"2025-12-24 10:00:00",4494.89,4500.035,4482.425,4489.695,32125
1766574000,"2025-12-24 11:00:00",4489.71,4492.17,4483.165,4491.77,35531
1766577600,"2025-12-24 12:00:00",4491.77,4496.335,4489.745,4490.765,57865
1766581200,"2025-12-24 13:00:00",4490.8,4493.655,4474.72,4488.29,55159
1766584800,"2025-12-24 14:00:00",4488.135,4489.785,4460.485,4464.975,111853
1766588400,"2025-12-24 15:00:00",4464.955,4476.745,4448.26,4458.685,102807
1766592000,"2025-12-24 16:00:00",4458.715,4478.265,4456.12,4476.87,76866
1766595600,"2025-12-24 17:00:00",4476.88,4487.88,4475.545,4480.745,45310
1766599200,"2025-12-24 18:00:00",4480.765,4482.5,4477.405,4479.415,15756
1766703600,"2025-12-25 23:00:00",4502.625,4536.74,4484.195,4495.405,16618
1766707200,"2025-12-26 00:00:00",4495.315,4518.11,4492.27,4517.97,36165
1766710800,"2025-12-26 01:00:00",4517.965,4531.515,4497.655,4504.045,76670
1766714400,"2025-12-26 02:00:00",4504.02,4509.92,4492.21,4508.95,82524
1766718000,"2025-12-26 03:00:00",4508.955,4513.545,4497.585,4501.845,72588
1766721600,"2025-12-26 04:00:00",4501.84,4511.855,4500.54,4509.19,57476
1766725200,"2025-12-26 05:00:00",4509.185,4514.98,4506.13,4509.82,67059
1766728800,"2025-12-26 06:00:00",4509.875,4519.55,4508.045,4511.58,76934
1766732400,"2025-12-26 07:00:00",4511.63,4515.795,4507.435,4511.05,57448
1766736000,"2025-12-26 08:00:00",4511.21,4519.765,4509.735,4518.99,42834
1766739600,"2025-12-26 09:00:00",4519.02,4520.7,4512.005,4512.83,51226
1766743200,"2025-12-26 10:00:00",4512.795,4523.75,4511.255,4514.47,47733
1766746800,"2025-12-26 11:00:00",4514.48,4515.28,4502.91,4509.945,56800
1766750400,"2025-12-26 12:00:00",4509.915,4515.17,4506.785,4508.93,56909
1766754000,"2025-12-26 13:00:00",4508.885,4528.885,4503.705,4525.195,73635
1766757600,"2025-12-26 14:00:00",4525.19,4533.235,4512.795,4521.16,82071
1766761200,"2025-12-26 15:00:00",4521.155,4547.38,4519.64,4546.495,75238
1766764800,"2025-12-26 16:00:00",4546.54,4550.15,4531.34,4536.33,64462
1766768400,"2025-12-26 17:00:00",4536.325,4537.65,4510.025,4519.07,62513
1766772000,"2025-12-26 18:00:00",4519.055,4532.785,4514.705,4531.155,61101
1766775600,"2025-12-26 19:00:00",4531.22,4535.795,4519.925,4523.81,42322
1766779200,"2025-12-26 20:00:00",4523.82,4535.74,4521.685,4531.05,48192
1766782800,"2025-12-26 21:00:00",4530.985,4534.825,4527.205,4533.21,20924
1766962800,"2025-12-28 23:00:00",4542.66,4548.35,4523.05,4527.08,50980
1766966400,"2025-12-29 00:00:00",4527.135,4527.98,4472.25,4497.3,82227
1766970000,"2025-12-29 01:00:00",4497.305,4517.59,4492.295,4497.325,90836
1766973600,"2025-12-29 02:00:00",4497.325,4516.02,4496.45,4512.425,62466
1766977200,"2025-12-29 03:00:00",4512.465,4520.61,4509.445,4516.67,70958
1766980800,"2025-12-29 04:00:00",4516.48,4519.74,4508.005,4515.825,47065
1766984400,"2025-12-29 05:00:00",4515.66,4519.595,4504.925,4506.665,54544
1766988000,"2025-12-29 06:00:00",4506.545,4510.74,4471.325,4475.105,73905
1766991600,"2025-12-29 07:00:00",4475.05,4481.685,4445.115,4474.775,63889
1766995200,"2025-12-29 08:00:00",4474.86,4488.6,4452.68,4461.035,60173
1766998800,"2025-12-29 09:00:00",4461.08,4476.545,4459.27,4472.18,53000
1767002400,"2025-12-29 10:00:00",4472.165,4474.68,4456.935,4460.935,43823
1767006000,"2025-12-29 11:00:00",4460.93,4468.02,4434.12,4446.885,51965
1767009600,"2025-12-29 12:00:00",4446.995,4464.985,4445.75,4464.415,54512
1767013200,"2025-12-29 13:00:00",4464.41,4467.7,4407.145,4421.735,96128
1767016800,"2025-12-29 14:00:00",4421.665,4421.665,4356.765,4360.275,109094
1767020400,"2025-12-29 15:00:00",4360.38,4360.61,4302.11,4325.455,93684
1767024000,"2025-12-29 16:00:00",4325.42,4347.435,4323.575,4341.59,58257
1767027600,"2025-12-29 17:00:00",4341.73,4343.34,4315.015,4328.255,49487
1767031200,"2025-12-29 18:00:00",4328.35,4334.86,4322.83,4331.38,39862
1767034800,"2025-12-29 19:00:00",4331.39,4337.9,4327.615,4336.925,33968
1767038400,"2025-12-29 20:00:00",4336.88,4344.695,4325.735,4334.76,35608
1767042000,"2025-12-29 21:00:00",4334.97,4339.64,4327.765,4332.56,28207
1767049200,"2025-12-29 23:00:00",4341.72,4347.59,4323.42,4345.945,25053
1767052800,"2025-12-30 00:00:00",4345.945,4350.855,4334.62,4339.995,31744
1767056400,"2025-12-30 01:00:00",4339.975,4360.405,4324.65,4360.37,62429
1767060000,"2025-12-30 02:00:00",4360.36,4364.93,4348.805,4362.75,75539
1767063600,"2025-12-30 03:00:00",4362.73,4369.19,4356.41,4359.305,51278
1767067200,"2025-12-30 04:00:00",4359.265,4370.125,4357.635,4363.595,20659
1767070800,"2025-12-30 05:00:00",4363.735,4380.23,4358.925,4377.585,58632
1767074400,"2025-12-30 06:00:00",4377.535,4378.56,4360.055,4364.665,76669
1767078000,"2025-12-30 07:00:00",4364.685,4383.445,4359.085,4372.42,62405
1767081600,"2025-12-30 08:00:00",4372.51,4373.875,4350.49,4365.085,54249
1767085200,"2025-12-30 09:00:00",4365.045,4376.785,4364.3,4372.345,62894
1767088800,"2025-12-30 10:00:00",4372.28,4391.91,4368.01,4384.88,60900
1767092400,"2025-12-30 11:00:00",4385.13,4390.535,4381.365,4384.38,56960
1767096000,"2025-12-30 12:00:00",4384.405,4402.85,4383.5,4401.24,74171
1767099600,"2025-12-30 13:00:00",4401.265,4404.375,4376.27,4388.55,85522
1767103200,"2025-12-30 14:00:00",4388.565,4392.34,4355.865,4366.11,93932
1767106800,"2025-12-30 15:00:00",4366.095,4377.54,4359.665,4365.52,84993
1767110400,"2025-12-30 16:00:00",4365.485,4379.955,4355.145,4377.78,102717
1767114000,"2025-12-30 17:00:00",4377.745,4382.125,4364.27,4370.32,47079
1767117600,"2025-12-30 18:00:00",4370.325,4378.865,4362.735,4364.84,44684
1767121200,"2025-12-30 19:00:00",4364.845,4368.07,4337.29,4348.82,42681
1767124800,"2025-12-30 20:00:00",4348.87,4355.69,4337.955,4341.83,53414
1767128400,"2025-12-30 21:00:00",4342.01,4350.665,4334.8,4339.395,19597
1767135600,"2025-12-30 23:00:00",4341.77,4346.755,4328.125,4339.12,22758
1767139200,"2025-12-31 00:00:00",4339.07,4346.63,4332.765,4342.515,35134
1767142800,"2025-12-31 01:00:00",4342.5,4373.59,4336.85,4365.995,90943
1767146400,"2025-12-31 02:00:00",4365.955,4371.425,4346.635,4348.905,71430
1767150000,"2025-12-31 03:00:00",4348.95,4359.91,4341.075,4348.66,79759
1767153600,"2025-12-31 04:00:00",4348.685,4351.375,4330.69,4332.865,67908
1767157200,"2025-12-31 05:00:00",4332.865,4343.22,4276.685,4285.815,66611
1767160800,"2025-12-31 06:00:00",4286.105,4329.415,4274.025,4328.065,49873
1767164400,"2025-12-31 07:00:00",4328.135,4335.23,4323.755,4331.12,46757
1767168000,"2025-12-31 08:00:00",4331.16,4333.105,4303.325,4307.74,38799
1767171600,"2025-12-31 09:00:00",4307.71,4337.48,4307.325,4325.66,56635
1767175200,"2025-12-31 10:00:00",4325.675,4331.455,4303.42,4306.705,42983
1767178800,"2025-12-31 11:00:00",4306.605,4316.735,4304.215,4311.26,42657
1767182400,"2025-12-31 12:00:00",4311.2,4318.35,4303.255,4313.99,44573
1767186000,"2025-12-31 13:00:00",4313.995,4348.395,4308.205,4346.105,55886
1767189600,"2025-12-31 14:00:00",4345.995,4353.445,4332.825,4346.03,79756
1767193200,"2025-12-31 15:00:00",4345.97,4346.285,4327.005,4337.61,98527
1767196800,"2025-12-31 16:00:00",4337.675,4339.95,4317.235,4323.16,69921
1767200400,"2025-12-31 17:00:00",4323.175,4329.715,4318.33,4322.085,49864
1767204000,"2025-12-31 18:00:00",4322.005,4331.78,4315.91,4319.815,43849
1767207600,"2025-12-31 19:00:00",4319.975,4323.08,4307.94,4311.55,46960
1767211200,"2025-12-31 20:00:00",4311.56,4324.915,4304.645,4313.575,40328
1767214800,"2025-12-31 21:00:00",4313.67,4322.61,4307.465,4322.61,13655
1767308400,"2026-01-01 23:00:00",4326.405,4351.665,4326.285,4348.26,8637
1767312000,"2026-01-02 00:00:00",4348.245,4355.885,4341.61,4354.055,18714
1767315600,"2026-01-02 01:00:00",4354,4355.825,4344.68,4348.095,40504
1767319200,"2026-01-02 02:00:00",4348.105,4363.33,4345.32,4362.955,27330
1767322800,"2026-01-02 03:00:00",4362.93,4375.78,4362.195,4375.125,30807
1767326400,"2026-01-02 04:00:00",4375.145,4378.665,4371.285,4373.16,27059
1767330000,"2026-01-02 05:00:00",4373.17,4381.975,4371.11,4380.66,23281
1767333600,"2026-01-02 06:00:00",4380.69,4380.88,4373.325,4374.965,34167
1767337200,"2026-01-02 07:00:00",4374.945,4383.58,4372.05,4383.015,50263
1767340800,"2026-01-02 08:00:00",4382.99,4397.835,4380.935,4386.98,38157
1767344400,"2026-01-02 09:00:00",4386.99,4391.715,4383.405,4385.56,49879
1767348000,"2026-01-02 10:00:00",4385.59,4398.615,4384.7,4396.24,42520
1767351600,"2026-01-02 11:00:00",4396.25,4399.39,4390.83,4393.065,51784
1767355200,"2026-01-02 12:00:00",4393.05,4398.44,4385.25,4394.52,42803
1767358800,"2026-01-02 13:00:00",4394.585,4402.295,4362.165,4366.255,49790
1767362400,"2026-01-02 14:00:00",4366.27,4373.91,4348.105,4353.74,77096
1767366000,"2026-01-02 15:00:00",4353.75,4357.455,4330.475,4335.395,83170
1767369600,"2026-01-02 16:00:00",4335.545,4337.535,4315.195,4326.58,74783
1767373200,"2026-01-02 17:00:00",4326.535,4333.415,4322.88,4323.245,42467
1767376800,"2026-01-02 18:00:00",4323.085,4323.83,4309.915,4315.405,35513
1767380400,"2026-01-02 19:00:00",4315.835,4326.355,4315.835,4318.2,25778
1767384000,"2026-01-02 20:00:00",4318.175,4331.76,4317.38,4331.685,24140
1767387600,"2026-01-02 21:00:00",4331.765,4333.725,4326.88,4332.065,8403
1767567600,"2026-01-04 23:00:00",4356.505,4375.995,4349.355,4372.725,23997
1767571200,"2026-01-05 00:00:00",4372.71,4396.71,4370.425,4395.29,35491
1767574800,"2026-01-05 01:00:00",4395.28,4421.605,4391.06,4402.2,94339
1767578400,"2026-01-05 02:00:00",4402.08,4409.505,4388.575,4405.435,74438
1767582000,"2026-01-05 03:00:00",4405.49,4414.165,4399.805,4399.98,65427
1767585600,"2026-01-05 04:00:00",4399.965,4408.46,4397.25,4404.31,25322
1767589200,"2026-01-05 05:00:00",4404.225,4414.705,4401.035,4412.46,40267
1767592800,"2026-01-05 06:00:00",4412.46,4426.52,4411.565,4420.65,44814
1767596400,"2026-01-05 07:00:00",4420.635,4425.14,4416.875,4421.79,37944
1767600000,"2026-01-05 08:00:00",4421.73,4434.02,4419.31,4430.25,36464
1767603600,"2026-01-05 09:00:00",4430.205,4438.335,4426.17,4434.865,40994
1767607200,"2026-01-05 10:00:00",4434.85,4440.055,4430.86,4436.48,23928
1767610800,"2026-01-05 11:00:00",4436.515,4437.755,4410.805,4419.265,38891
1767614400,"2026-01-05 12:00:00",4419.01,4421.51,4405.52,4409.705,45146
1767618000,"2026-01-05 13:00:00",4409.785,4418.99,4396.485,4416.965,67208
1767621600,"2026-01-05 14:00:00",4417.025,4442.765,4417.025,4436.28,93415
1767625200,"2026-01-05 15:00:00",4436.77,4455.77,4435.56,4448.5,80645
1767628800,"2026-01-05 16:00:00",4448.48,4454.415,4438.195,4441.93,48285
1767632400,"2026-01-05 17:00:00",4441.955,4449.255,4432.535,4443.615,43744
1767636000,"2026-01-05 18:00:00",4443.55,4448.605,4439.795,4448.605,30693
1767639600,"2026-01-05 19:00:00",4448.595,4449.45,4434.855,4439.735,25751
1767643200,"2026-01-05 20:00:00",4439.705,4447.105,4438.24,4444.795,29239
1767646800,"2026-01-05 21:00:00",4444.815,4449.54,4443.33,4449.17,9467
1767654000,"2026-01-05 23:00:00",4454.8,4460.285,4436.865,4440.675,10898
1767657600,"2026-01-06 00:00:00",4440.635,4444.77,4430.28,4436.75,20739
1767661200,"2026-01-06 01:00:00",4436.76,4452.595,4427.635,4450.89,64576
1767664800,"2026-01-06 02:00:00",4450.905,4461.385,4448.72,4455.17,52529
1767668400,"2026-01-06 03:00:00",4455.175,4468.27,4454.385,4467.7,34792
1767672000,"2026-01-06 04:00:00",4467.68,4468.67,4461.805,4467.57,28637
1767675600,"2026-01-06 05:00:00",4467.535,4474.265,4449.51,4452.505,53290
1767679200,"2026-01-06 06:00:00",4452.495,4467.09,4451.56,4465.92,41253
1767682800,"2026-01-06 07:00:00",4465.86,4470.4,4457.115,4459.47,37770
1767686400,"2026-01-06 08:00:00",4459.475,4475.79,4457.37,4468.305,36538
1767690000,"2026-01-06 09:00:00",4468.295,4468.46,4444.91,4446.58,43193
1767693600,"2026-01-06 10:00:00",4446.555,4455.99,4442.665,4451.875,37609
1767697200,"2026-01-06 11:00:00",4451.86,4464.705,4448.78,4463.525,34504
1767700800,"2026-01-06 12:00:00",4463.515,4466.565,4458.8,4463.785,31958
1767704400,"2026-01-06 13:00:00",4463.735,4470.63,4453.965,4468.09,69637
1767708000,"2026-01-06 14:00:00",4468.165,4489.78,4464.405,4487.65,78213
1767711600,"2026-01-06 15:00:00",4487.605,4491.205,4463.13,4478.46,97847
1767715200,"2026-01-06 16:00:00",4478.425,4489.045,4471.445,4488.38,68910
1767718800,"2026-01-06 17:00:00",4488.395,4491.65,4481.76,4489.51,39005
1767722400,"2026-01-06 18:00:00",4489.44,4494.165,4482.165,4488.675,36356
1767726000,"2026-01-06 19:00:00",4488.68,4489.52,4477.49,4481.505,30049
1767729600,"2026-01-06 20:00:00",4481.49,4496.87,4480.505,4493.735,25288
1767733200,"2026-01-06 21:00:00",4493.69,4497.31,4491.835,4494.635,8415
1767740400,"2026-01-06 23:00:00",4498.54,4500.56,4492.305,4493.73,12861
1767744000,"2026-01-07 00:00:00",4493.645,4494.71,4482.36,4492.195,23301
1767747600,"2026-01-07 01:00:00",4492.18,4496.115,4460.985,4465.58,69679
1767751200,"2026-01-07 02:00:00",4465.525,4479.08,4459.71,4474.65,55699
1767754800,"2026-01-07 03:00:00",4474.665,4480.52,4471.85,4474.9,50013
1767758400,"2026-01-07 04:00:00",4474.895,4476.06,4463.57,4464.96,25124
1767762000,"2026-01-07 05:00:00",4464.935,4470.55,4443.24,4454.38,52028
1767765600,"2026-01-07 06:00:00",4454.365,4460.415,4441.445,4444.125,43054
1767769200,"2026-01-07 07:00:00",4444.12,4465.065,4441.61,4461.185,43939
1767772800,"2026-01-07 08:00:00",4461.16,4474.875,4459.53,4468.42,23447
1767776400,"2026-01-07 09:00:00",4468.425,4468.7,4459.495,4463.59,33350
1767780000,"2026-01-07 10:00:00",4463.54,4467.745,4458.895,4464.415,24913
1767783600,"2026-01-07 11:00:00",4464.405,4465.115,4446.62,4447.47,33553
1767787200,"2026-01-07 12:00:00",4447.55,4455.23,4439.45,4445.045,48940
1767790800,"2026-01-07 13:00:00",4445.03,4453.24,4428.015,4452.96,71984
1767794400,"2026-01-07 14:00:00",4452.99,4454.52,4435.885,4445.02,78007
1767798000,"2026-01-07 15:00:00",4444.1,4452.485,4423.385,4446.3,79781
1767801600,"2026-01-07 16:00:00",4446.28,4468.37,4443.965,4464.235,59512
1767805200,"2026-01-07 17:00:00",4464.255,4465.375,4449.705,4451.93,31352
1767808800,"2026-01-07 18:00:00",4451.815,4459.05,4447.135,4452.25,39054
1767812400,"2026-01-07 19:00:00",4452.255,4458.24,4445.545,4457.145,32736
1767816000,"2026-01-07 20:00:00",4457.125,4461.625,4450.725,4452.495,31193
1767819600,"2026-01-07 21:00:00",4452.515,4456.835,4449.72,4456.65,8561
1767826800,"2026-01-07 23:00:00",4461.955,4464.05,4458.52,4463.52,6136
1767830400,"2026-01-08 00:00:00",4463.5,4466.485,4446.825,4450.25,33030
1767834000,"2026-01-08 01:00:00",4450.06,4460.42,4441.935,4448.4,64476
1767837600,"2026-01-08 02:00:00",4448.395,4449.61,4433.735,4441.36,69074
1767841200,"2026-01-08 03:00:00",4441.355,4446.565,4437.49,4440.28,58811
1767844800,"2026-01-08 04:00:00",4440.225,4440.665,4430.235,4431.695,44784
1767848400,"2026-01-08 05:00:00",4431.68,4432.535,4415.405,4425.815,71763
1767852000,"2026-01-08 06:00:00",4425.83,4437.82,4415.745,4433.385,81840
1767855600,"2026-01-08 07:00:00",4433.425,4439.765,4428.415,4431.085,44872
1767859200,"2026-01-08 08:00:00",4431.02,4433.625,4419.92,4431.815,48440
1767862800,"2026-01-08 09:00:00",4431.71,4435.51,4426.1,4432.77,51306
1767866400,"2026-01-08 10:00:00",4432.78,4435.035,4423.035,4433.395,34392
1767870000,"2026-01-08 11:00:00",4433.235,4433.235,4422.275,4422.985,37569
1767873600,"2026-01-08 12:00:00",4422.975,4431.44,4407.835,4427.825,58976
1767877200,"2026-01-08 13:00:00",4427.765,4436.205,4417.405,4423.835,75042
1767880800,"2026-01-08 14:00:00",4423.87,4439.53,4418.925,4433.175,93740
1767884400,"2026-01-08 15:00:00",4433.155,4456.83,4428.04,4454.36,90124
1767888000,"2026-01-08 16:00:00",4454.375,4464.705,4447.035,4463.365,80598
1767891600,"2026-01-08 17:00:00",4463.425,4465.745,4457.715,4463.565,33205
1767895200,"2026-01-08 18:00:00",4463.53,4463.53,4448.065,4449.685,32388
1767898800,"2026-01-08 19:00:00",4449.675,4453,4444.715,4452.19,31555
1767902400,"2026-01-08 20:00:00",4452.18,4478.18,4451.565,4476.26,41950
1767906000,"2026-01-08 21:00:00",4476.25,4479.71,4472.665,4477.565,12879
1767913200,"2026-01-08 23:00:00",4476.635,4479.735,4472.675,4475.735,9363
1767916800,"2026-01-09 00:00:00",4475.75,4476.81,4460.085,4462.89,24132
1767920400,"2026-01-09 01:00:00",4462.885,4470.065,4452.92,4468.91,59305
1767924000,"2026-01-09 02:00:00",4468.965,4476.615,4465.7,4469.54,41936
1767927600,"2026-01-09 03:00:00",4469.49,4470.13,4460.49,4464.18,43460
1767931200,"2026-01-09 04:00:00",4464.17,4466.97,4460.83,4464.79,22885
1767934800,"2026-01-09 05:00:00",4464.59,4471.905,4458.295,4468.1,31088
1767938400,"2026-01-09 06:00:00",4468.115,4477.545,4466.1,4474.175,31638
1767942000,"2026-01-09 07:00:00",4474.185,4475.54,4468.62,4470.275,23670
1767945600,"2026-01-09 08:00:00",4470.25,4477.05,4464.2,4468.715,33018
1767949200,"2026-01-09 09:00:00",4468.655,4477.7,4468.525,4471.285,27775
1767952800,"2026-01-09 10:00:00",4471.225,4474.3,4467.12,4472.675,23423
1767956400,"2026-01-09 11:00:00",4472.75,4476.395,4468.775,4475.525,24184
1767960000,"2026-01-09 12:00:00",4475.495,4480.615,4461.045,4466.005,31195
1767963600,"2026-01-09 13:00:00",4466.03,4492.135,4458.935,4482.9,79795
1767967200,"2026-01-09 14:00:00",4482.685,4498.425,4479.135,4494.97,97905
1767970800,"2026-01-09 15:00:00",4494.77,4517.25,4490.1,4512.43,93992
1767974400,"2026-01-09 16:00:00",4512.435,4514.46,4499.945,4506.505,66671
1767978000,"2026-01-09 17:00:00",4506.45,4511.815,4482.01,4484.475,42510
1767981600,"2026-01-09 18:00:00",4484.485,4504.635,4483.065,4496.205,33718
1767985200,"2026-01-09 19:00:00",4496.215,4502.05,4492.935,4499.38,17522
1767988800,"2026-01-09 20:00:00",4499.37,4510.24,4497.86,4507.63,30077
1767992400,"2026-01-09 21:00:00",4507.655,4511.47,4505.075,4509.66,7150
1768172400,"2026-01-11 23:00:00",4521.495,4544.96,4521.19,4540.26,23071
1768176000,"2026-01-12 00:00:00",4540.255,4601.695,4536.53,4589.02,67357
1768179600,"2026-01-12 01:00:00",4589.02,4595.135,4570.19,4570.19,84125
1768183200,"2026-01-12 02:00:00",4570.18,4582.165,4561.935,4577.48,58384
1768186800,"2026-01-12 03:00:00",4577.465,4581.51,4567.79,4570.71,55506
1768190400,"2026-01-12 04:00:00",4570.665,4572.22,4563.455,4568.74,49162
1768194000,"2026-01-12 05:00:00",4568.655,4585.17,4566.145,4581.065,47508
1768197600,"2026-01-12 06:00:00",4581.025,4581.12,4569.88,4578.56,51684
1768201200,"2026-01-12 07:00:00",4578.58,4589.725,4574.71,4587.77,49593
1768204800,"2026-01-12 08:00:00",4587.76,4598.45,4579.535,4596.955,51674
1768208400,"2026-01-12 09:00:00",4596.985,4599.475,4587.84,4589.225,53196
1768212000,"2026-01-12 10:00:00",4589.22,4595.505,4586.12,4594.41,34792
1768215600,"2026-01-12 11:00:00",4594.47,4595.015,4581.75,4585.315,33171
1768219200,"2026-01-12 12:00:00",4585.365,4590.84,4578.485,4590.525,50773
1768222800,"2026-01-12 13:00:00",4590.475,4620.38,4588.715,4615.905,75226
1768226400,"2026-01-12 14:00:00",4615.895,4617.45,4585.07,4602.245,103230
1768230000,"2026-01-12 15:00:00",4602.1,4627.61,4601.905,4621.22,78206
1768233600,"2026-01-12 16:00:00",4621.075,4630.19,4607.835,4616.93,57261
1768237200,"2026-01-12 17:00:00",4616.935,4620.655,4610.795,4616.415,34693
1768240800,"2026-01-12 18:00:00",4616.435,4618.68,4600.345,4610.91,37585
1768244400,"2026-01-12 19:00:00",4610.885,4618.985,4608.785,4611.24,26981
1768248000,"2026-01-12 20:00:00",4611.205,4611.795,4591.66,4593.93,44040
1768251600,"2026-01-12 21:00:00",4593.925,4598.06,4589.415,4597.65,14669
1768258800,"2026-01-12 23:00:00",4597.62,4600,4578.095,4599.575,27944
1768262400,"2026-01-13 00:00:00",4599.66,4599.89,4584.505,4587.36,23772
1768266000,"2026-01-13 01:00:00",4587.39,4595.955,4575.585,4577.95,76400
1768269600,"2026-01-13 02:00:00",4577.78,4595.195,4576.75,4594.355,68757
1768273200,"2026-01-13 03:00:00",4594.335,4599.845,4592.585,4594.285,40981
1768276800,"2026-01-13 04:00:00",4594.285,4599.885,4594.085,4596.49,31240
1768280400,"2026-01-13 05:00:00",4596.405,4602.195,4585.765,4592.225,46020
1768284000,"2026-01-13 06:00:00",4592.22,4592.48,4573.605,4581.955,59172
1768287600,"2026-01-13 07:00:00",4581.895,4587.275,4577.54,4580.795,29781
1768291200,"2026-01-13 08:00:00",4580.82,4597.095,4579.705,4592.96,36835
1768294800,"2026-01-13 09:00:00",4592.905,4595.845,4585.695,4586.155,28892
1768298400,"2026-01-13 10:00:00",4586.115,4588.37,4580.4,4586.395,23740
1768302000,"2026-01-13 11:00:00",4586.42,4592.18,4582.13,4588.72,24216
1768305600,"2026-01-13 12:00:00",4588.815,4595.39,4577.925,4593.345,30593
1768309200,"2026-01-13 13:00:00",4593.35,4621.03,4590.51,4611.56,79579
1768312800,"2026-01-13 14:00:00",4611.54,4634.89,4609.155,4629.8,86313
1768316400,"2026-01-13 15:00:00",4629.865,4630.365,4600.83,4619.165,105827
1768320000,"2026-01-13 16:00:00",4619.17,4620.875,4592.94,4613.565,69507
1768323600,"2026-01-13 17:00:00",4613.535,4616.09,4586.825,4590.595,45080
1768327200,"2026-01-13 18:00:00",4590.52,4602.09,4581.175,4594.155,51882
1768330800,"2026-01-13 19:00:00",4594.22,4598.99,4584.29,4597.495,32499
1768334400,"2026-01-13 20:00:00",4597.515,4597.855,4569.47,4586.195,45873
1768338000,"2026-01-13 21:00:00",4586.25,4589.935,4582.975,4586.005,10576
1768345200,"2026-01-13 23:00:00",4591.935,4598.965,4591.495,4597.105,13984
1768348800,"2026-01-14 00:00:00",4597.095,4610.755,4597.005,4609.215,31014
1768352400,"2026-01-14 01:00:00",4609.29,4620.03,4606.18,4619.385,64418
1768356000,"2026-01-14 02:00:00",4619.445,4623.79,4614.22,4620.725,42492
1768359600,"2026-01-14 03:00:00",4620.705,4630.355,4613.51,4628.32,27276
1768363200,"2026-01-14 04:00:00",4628.45,4630.63,4625.35,4629.42,26652
1768366800,"2026-01-14 05:00:00",4629.435,4639.89,4617.945,4619.895,47073
1768370400,"2026-01-14 06:00:00",4619.905,4637.36,4618.575,4637.355,55372
1768374000,"2026-01-14 07:00:00",4637.36,4639.695,4631.645,4632.47,24861
1768377600,"2026-01-14 08:00:00",4632.48,4638.025,4621.65,4635.045,35014
1768381200,"2026-01-14 09:00:00",4635.045,4639.63,4627.08,4630.535,28924
1768384800,"2026-01-14 10:00:00",4630.525,4638.33,4627.8,4633.095,24311
1768388400,"2026-01-14 11:00:00",4633.115,4637.58,4626.175,4630.415,29922
1768392000,"2026-01-14 12:00:00",4630.47,4641.985,4630.315,4638.785,39423
1768395600,"2026-01-14 13:00:00",4638.79,4641.74,4624.305,4635.805,75204
1768399200,"2026-01-14 14:00:00",4635.795,4639.07,4607.02,4617.52,93802
1768402800,"2026-01-14 15:00:00",4617.5,4626.61,4599.5,4618.025,102330
1768406400,"2026-01-14 16:00:00",4618.265,4624.935,4608.755,4617.14,81933
1768410000,"2026-01-14 17:00:00",4617.145,4619.25,4601.22,4614.4,64480
1768413600,"2026-01-14 18:00:00",4614.375,4637.375,4612.905,4635.175,48328
1768417200,"2026-01-14 19:00:00",4635.19,4642.97,4633.355,4639.255,48287
1768420800,"2026-01-14 20:00:00",4639.24,4641.635,4625.515,4632.63,55690
1768424400,"2026-01-14 21:00:00",4632.64,4633.05,4617.89,4626.575,17554
1768431600,"2026-01-14 23:00:00",4624.17,4624.17,4602.88,4615.325,28295
1768435200,"2026-01-15 00:00:00",4615.285,4618.26,4610.225,4615.235,25459
1768438800,"2026-01-15 01:00:00",4615.22,4617.54,4583.565,4600.17,102248
1768442400,"2026-01-15 02:00:00",4599.465,4614.86,4595.59,4602.96,75169
1768446000,"2026-01-15 03:00:00",4602.95,4604.38,4581.065,4592.27,69094
1768449600,"2026-01-15 04:00:00",4592.255,4597.555,4587.13,4592.35,37143
1768453200,"2026-01-15 05:00:00",4592.38,4599.01,4581.095,4595.35,46211
1768456800,"2026-01-15 06:00:00",4595.36,4612.14,4593.635,4610.305,46221
1768460400,"2026-01-15 07:00:00",4610.295,4613.645,4599.22,4601.8,38177
1768464000,"2026-01-15 08:00:00",4601.825,4607.34,4597.865,4604.43,44480
1768467600,"2026-01-15 09:00:00",4604.48,4613.2,4600.76,4612.65,43729
1768471200,"2026-01-15 10:00:00",4612.675,4620.645,4609.445,4620.04,37414
1768474800,"2026-01-15 11:00:00",4620.035,4623.11,4615.705,4619.3,28578
1768478400,"2026-01-15 12:00:00",4619.295,4620.89,4611.77,4614.035,41076
1768482000,"2026-01-15 13:00:00",4614.04,4616.32,4581.625,4588.325,94424
1768485600,"2026-01-15 14:00:00",4588.34,4615.23,4583.22,4611.205,88687
1768489200,"2026-01-15 15:00:00",4611.145,4618.25,4603.855,4615.545,82208
1768492800,"2026-01-15 16:00:00",4615.53,4625.015,4601.21,4605.68,72292
1768496400,"2026-01-15 17:00:00",4605.685,4617.01,4605.62,4616.61,25999
1768500000,"2026-01-15 18:00:00",4616.64,4621.275,4613.48,4617.69,30655
1768503600,"2026-01-15 19:00:00",4617.7,4621.72,4612.82,4615.935,21493
1768507200,"2026-01-15 20:00:00",4615.955,4616.425,4600.71,4605.92,39794
1768510800,"2026-01-15 21:00:00",4605.865,4616.615,4604.5,4616.04,10500
1768518000,"2026-01-15 23:00:00",4619.075,4620.975,4606.41,4610.365,15927
1768521600,"2026-01-16 00:00:00",4610.39,4611.32,4598.52,4600.025,35577
1768525200,"2026-01-16 01:00:00",4600,4608.655,4593.78,4600.62,62477
1768528800,"2026-01-16 02:00:00",4600.615,4604.43,4591.37,4595.075,53929
1768532400,"2026-01-16 03:00:00",4595.065,4599.9,4592.935,4596.44,34575
1768536000,"2026-01-16 04:00:00",4596.385,4602.175,4596.14,4601.265,18049
1768539600,"2026-01-16 05:00:00",4601.29,4616.315,4595.36,4611.58,32395
1768543200,"2026-01-16 06:00:00",4611.53,4612.41,4594.095,4598.245,44410
1768546800,"2026-01-16 07:00:00",4598.29,4612.245,4596.925,4607.645,28983
1768550400,"2026-01-16 08:00:00",4607.65,4610.725,4601.31,4603.345,25892
1768554000,"2026-01-16 09:00:00",4603.315,4608.695,4598.925,4600.845,19967
1768557600,"2026-01-16 10:00:00",4600.81,4611.215,4599.79,4600.25,19303
1768561200,"2026-01-16 11:00:00",4600.28,4616.33,4598.6,4612.605,26220
1768564800,"2026-01-16 12:00:00",4612.61,4613.08,4597.41,4602.01,24709
1768568400,"2026-01-16 13:00:00",4601.99,4605.77,4582.67,4602.055,68989
1768572000,"2026-01-16 14:00:00",4602.05,4614.83,4596.135,4607.725,63680
1768575600,"2026-01-16 15:00:00",4607.675,4620.39,4536.49,4571.31,114504
1768579200,"2026-01-16 16:00:00",4571.265,4599.2,4567.795,4591.45,78930
1768582800,"2026-01-16 17:00:00",4591.485,4593.34,4576.705,4581.51,42843
1768586400,"2026-01-16 18:00:00",4581.465,4596.2,4579.955,4582.745,37202
1768590000,"2026-01-16 19:00:00",4582.705,4592.475,4580.97,4590.545,27814
1768593600,"2026-01-16 20:00:00",4590.54,4595.865,4580.78,4582.02,29760
1768597200,"2026-01-16 21:00:00",4582.035,4598.64,4582.035,4596.32,11968
1768777200,"2026-01-18 23:00:00",4649.78,4690.94,4646.135,4672.975,36778
1768780800,"2026-01-19 00:00:00",4672.94,4682.145,4660.89,4675.52,40142
1768784400,"2026-01-19 01:00:00",4675.575,4678.685,4656.19,4657.285,68602
1768788000,"2026-01-19 02:00:00",4657.28,4665.26,4653.225,4662.59,48946
1768791600,"2026-01-19 03:00:00",4662.6,4670.015,4658.23,4658.38,36947
1768795200,"2026-01-19 04:00:00",4658.54,4666.15,4658.205,4663.36,14990
1768798800,"2026-01-19 05:00:00",4663.355,4674.48,4663.195,4670.065,23804
1768802400,"2026-01-19 06:00:00",4670.08,4679.11,4666.79,4677.995,26318
1768806000,"2026-01-19 07:00:00",4678.03,4678.72,4661.935,4665.155,29346
1768809600,"2026-01-19 08:00:00",4665.16,4674.03,4661.725,4663.57,33025
1768813200,"2026-01-19 09:00:00",4663.6,4672.99,4662.055,4668.48,29379
1768816800,"2026-01-19 10:00:00",4668.475,4671.29,4661.34,4663.805,22713
1768820400,"2026-01-19 11:00:00",4663.83,4667.665,4659.73,4660.695,26286
1768824000,"2026-01-19 12:00:00",4660.755,4673.795,4660.185,4672.05,26879
1768827600,"2026-01-19 13:00:00",4672.045,4673.85,4664.535,4666.175,34493
1768831200,"2026-01-19 14:00:00",4666.205,4670.52,4661.55,4666.625,27983
1768834800,"2026-01-19 15:00:00",4666.585,4676.28,4664.35,4674.47,23100
1768838400,"2026-01-19 16:00:00",4674.475,4675.74,4670.485,4672.37,15907
1768842000,"2026-01-19 17:00:00",4672.355,4678.95,4669.17,4676.35,14363
1768845600,"2026-01-19 18:00:00",4676.35,4680.405,4673.78,4676.585,15715
1768849200,"2026-01-19 19:00:00",4676.63,4676.725,4667.115,4670.295,8081
1768863600,"2026-01-19 23:00:00",4668.575,4672.345,4664.37,4665.36,10074
1768867200,"2026-01-20 00:00:00",4665.375,4668.07,4659.395,4660.41,16216
1768870800,"2026-01-20 01:00:00",4660.59,4676.235,4659.915,4669.805,31831
1768874400,"2026-01-20 02:00:00",4669.74,4674.94,4665.545,4668.815,40127
1768878000,"2026-01-20 03:00:00",4668.82,4681.57,4666.165,4680.28,33233
1768881600,"2026-01-20 04:00:00",4680.275,4697.225,4679.755,4695.335,21327
1768885200,"2026-01-20 05:00:00",4695.33,4716.745,4694.315,4714.63,35008
1768888800,"2026-01-20 06:00:00",4714.575,4717.265,4705.74,4712.585,40673
1768892400,"2026-01-20 07:00:00",4712.51,4722.845,4711.46,4716.22,28647
1768896000,"2026-01-20 08:00:00",4716.28,4731.71,4715.035,4729.41,35388
1768899600,"2026-01-20 09:00:00",4729.395,4737.57,4721.315,4732.51,30168
1768903200,"2026-01-20 10:00:00",4732.49,4735.095,4723.075,4726.565,28248
1768906800,"2026-01-20 11:00:00",4726.565,4735.465,4721.64,4733.245,25781
1768910400,"2026-01-20 12:00:00",4733.26,4733.26,4724.08,4727.63,27354
1768914000,"2026-01-20 13:00:00",4727.64,4738.54,4715.035,4737.265,66129
1768917600,"2026-01-20 14:00:00",4737.275,4751.37,4728.63,4741.265,91205
1768921200,"2026-01-20 15:00:00",4740.945,4748.765,4722.51,4737.675,87311
1768924800,"2026-01-20 16:00:00",4737.655,4757.81,4728.945,4753.63,53901
1768928400,"2026-01-20 17:00:00",4753.605,4762.47,4746.12,4759.19,34373
1768932000,"2026-01-20 18:00:00",4759.2,4766.29,4752.785,4759.41,32074
1768935600,"2026-01-20 19:00:00",4759.405,4766.4,4756.57,4760.855,23941
1768939200,"2026-01-20 20:00:00",4760.82,4761.31,4747.36,4756.73,35415
1768942800,"2026-01-20 21:00:00",4756.745,4763.945,4756.405,4763.37,9532
1768950000,"2026-01-20 23:00:00",4762.815,4781.285,4757.885,4775.99,14531
1768953600,"2026-01-21 00:00:00",4775.99,4787.805,4770.6,4784.645,24402
1768957200,"2026-01-21 01:00:00",4784.675,4844.29,4783.495,4835.49,68445
1768960800,"2026-01-21 02:00:00",4835.455,4842.215,4817.24,4836.73,52895
1768964400,"2026-01-21 03:00:00",4836.76,4849.84,4826.975,4845.11,42710
1768968000,"2026-01-21 04:00:00",4845.115,4870.885,4837.93,4865.905,37034
1768971600,"2026-01-21 05:00:00",4865.87,4878.25,4859.05,4870.025,41317
1768975200,"2026-01-21 06:00:00",4870.035,4888.545,4845.505,4847.56,52781
1768978800,"2026-01-21 07:00:00",4847.41,4857.275,4832.725,4855.475,42933
1768982400,"2026-01-21 08:00:00",4855.54,4869.65,4851.625,4854.735,30795
1768986000,"2026-01-21 09:00:00",4854.73,4877.335,4852.43,4860.415,33307
1768989600,"2026-01-21 10:00:00",4860.38,4866.93,4859.625,4862.3,26531
1768993200,"2026-01-21 11:00:00",4862.32,4871.605,4855.19,4866.785,20751
1768996800,"2026-01-21 12:00:00",4866.795,4870.845,4855.52,4865.195,30836
1769000400,"2026-01-21 13:00:00",4865.19,4880.415,4858.485,4879.295,54314
1769004000,"2026-01-21 14:00:00",4879.3,4880.935,4839.395,4852.14,103659
1769007600,"2026-01-21 15:00:00",4851.895,4868.83,4813.355,4847.88,110490
1769011200,"2026-01-21 16:00:00",4847.89,4855.8,4819.695,4833.63,85522
1769014800,"2026-01-21 17:00:00",4833.635,4834.495,4802.62,4826.48,80183
1769018400,"2026-01-21 18:00:00",4826.365,4850.7,4819.925,4850.385,54899
1769022000,"2026-01-21 19:00:00",4850.415,4854.165,4755.075,4781.57,103547
1769025600,"2026-01-21 20:00:00",4781.555,4828.14,4772.395,4826.515,85840
1769029200,"2026-01-21 21:00:00",4826.7,4839.9,4813.235,4831.38,21101
1769036400,"2026-01-21 23:00:00",4816.795,4821.3,4777.63,4778.265,26683
1769040000,"2026-01-22 00:00:00",4778.23,4798.915,4778.17,4797.975,37695
1769043600,"2026-01-22 01:00:00",4797.95,4809.875,4772.27,4797.935,61832
1769047200,"2026-01-22 02:00:00",4797.775,4798.485,4774.61,4789.29,47704
1769050800,"2026-01-22 03:00:00",4789.275,4797.14,4784.315,4796.48,41511
1769054400,"2026-01-22 04:00:00",4796.47,4800.52,4793.905,4797.53,27317
1769058000,"2026-01-22 05:00:00",4797.46,4821.775,4793.705,4821.415,31456
1769061600,"2026-01-22 06:00:00",4821.41,4829.28,4816.49,4826.7,30688
1769065200,"2026-01-22 07:00:00",4826.71,4839.71,4825.75,4832.72,25890
1769068800,"2026-01-22 08:00:00",4832.73,4835.69,4822.185,4830.72,34918
1769072400,"2026-01-22 09:00:00",4830.725,4838.095,4813.96,4823.185,33887
1769076000,"2026-01-22 10:00:00",4823.2,4831.97,4819.47,4829.11,20928
1769079600,"2026-01-22 11:00:00",4829.115,4836.43,4824.46,4831.19,26493
1769083200,"2026-01-22 12:00:00",4831.18,4832.62,4818.785,4819.67,26618
1769086800,"2026-01-22 13:00:00",4819.685,4835.46,4810.74,4822.29,57266
1769090400,"2026-01-22 14:00:00",4822.32,4847.845,4820.49,4835.135,71781
1769094000,"2026-01-22 15:00:00",4835.195,4873.91,4825.865,4871.82,76403
1769097600,"2026-01-22 16:00:00",4871.945,4885.46,4868.085,4878.075,54134
1769101200,"2026-01-22 17:00:00",4878.11,4906.47,4869.58,4904.715,51773
1769104800,"2026-01-22 18:00:00",4904.7,4919.59,4901.375,4916.035,41660
1769108400,"2026-01-22 19:00:00",4916.025,4924.525,4905.985,4911.74,36050
1769112000,"2026-01-22 20:00:00",4911.76,4928.54,4911.505,4917.07,39094
1769115600,"2026-01-22 21:00:00",4917.27,4940.885,4914.68,4936.075,17299
1769122800,"2026-01-22 23:00:00",4952.295,4960.67,4930.84,4959.13,27975
1769126400,"2026-01-23 00:00:00",4959.135,4965.985,4947.58,4965.16,26120
1769130000,"2026-01-23 01:00:00",4965.26,4967.52,4936.06,4953.995,56525
1769133600,"2026-01-23 02:00:00",4953.94,4962.47,4946.925,4955.615,27715
1769137200,"2026-01-23 03:00:00",4955.595,4959.24,4938.1,4952.075,20847
1769140800,"2026-01-23 04:00:00",4952,4958.585,4950.26,4956.285,8482
1769144400,"2026-01-23 05:00:00",4956.26,4967.28,4954.615,4960.64,14711
1769148000,"2026-01-23 06:00:00",4960.59,4963.27,4945.575,4953.965,32292
1769151600,"2026-01-23 07:00:00",4953.97,4959.715,4943.235,4944.47,26574
1769155200,"2026-01-23 08:00:00",4944.46,4947.825,4900.9,4913.88,48043
1769158800,"2026-01-23 09:00:00",4913.875,4921.72,4899.795,4918.66,39432
1769162400,"2026-01-23 10:00:00",4918.715,4932.56,4915.7,4929.88,33397
1769166000,"2026-01-23 11:00:00",4929.875,4930.165,4912.07,4922.875,28578
1769169600,"2026-01-23 12:00:00",4923.08,4942.6,4918.49,4939.42,37674
1769173200,"2026-01-23 13:00:00",4939.67,4947.98,4923.77,4939.18,74638
1769176800,"2026-01-23 14:00:00",4939.195,4956.645,4932.89,4943.76,69001
1769180400,"2026-01-23 15:00:00",4943.505,4963.475,4938.405,4960.64,72923
1769184000,"2026-01-23 16:00:00",4960.78,4988.44,4959.155,4980.43,61329
1769187600,"2026-01-23 17:00:00",4980.445,4988.16,4962.005,4965.895,48124
1769191200,"2026-01-23 18:00:00",4965.995,4984.205,4958.345,4966.85,49482
1769194800,"2026-01-23 19:00:00",4966.975,4989.88,4966.975,4984.14,31413
1769198400,"2026-01-23 20:00:00",4984.155,4985.72,4970.59,4981.055,38543
1769202000,"2026-01-23 21:00:00",4981.075,4990.12,4978.185,4987.545,13504
1769382000,"2026-01-25 23:00:00",5015.63,5040.55,5003.705,5039.85,44170
1769385600,"2026-01-26 00:00:00",5039.89,5052.26,5030.83,5041.89,39760
1769389200,"2026-01-26 01:00:00",5041.905,5085.665,5028.96,5071.115,81374
1769392800,"2026-01-26 02:00:00",5071.09,5092.975,5066.925,5081.05,68066
1769396400,"2026-01-26 03:00:00",5081.075,5087.93,5070.15,5076.66,56012
1769400000,"2026-01-26 04:00:00",5076.645,5078.195,5058.145,5070.385,41724
1769403600,"2026-01-26 05:00:00",5070.25,5076.69,5052.365,5074.425,63698
1769407200,"2026-01-26 06:00:00",5074.41,5111.51,5065.39,5077.645,73208
1769410800,"2026-01-26 07:00:00",5077.66,5095.855,5073.94,5089.06,43288
1769414400,"2026-01-26 08:00:00",5089.08,5098.455,5080.14,5083.48,50855
1769418000,"2026-01-26 09:00:00",5083.415,5098.515,5075.395,5084.14,51677
1769421600,"2026-01-26 10:00:00",5084.23,5095.115,5078.625,5091.575,43682
1769425200,"2026-01-26 11:00:00",5091.785,5092.97,5078.435,5091.585,42927
1769428800,"2026-01-26 12:00:00",5091.58,5097.1,5077.285,5078.995,40448
1769432400,"2026-01-26 13:00:00",5078.985,5083.195,5054.67,5068.735,69656
1769436000,"2026-01-26 14:00:00",5068.8,5097.025,5058.45,5096.18,78669
1769439600,"2026-01-26 15:00:00",5096.245,5097.46,5074.255,5090.845,81012
1769443200,"2026-01-26 16:00:00",5090.865,5105.34,5065.385,5089.545,84253
1769446800,"2026-01-26 17:00:00",5089.55,5105.15,5080.285,5101.235,58470
1769450400,"2026-01-26 18:00:00",5101.2,5103.22,5057.935,5069.04,108573
1769454000,"2026-01-26 19:00:00",5069.085,5069.85,5008.275,5028.715,137507
1769457600,"2026-01-26 20:00:00",5028.735,5062.32,5026.26,5055.11,93830
1769461200,"2026-01-26 21:00:00",5055.12,5059.165,4990.215,5008.875,69020
1769468400,"2026-01-26 23:00:00",5035.795,5061.675,5028.275,5043.56,27915
1769472000,"2026-01-27 00:00:00",5043.58,5054.135,5013.875,5033.115,36439
1769475600,"2026-01-27 01:00:00",5033.125,5076.14,5018.805,5060.14,78451
1769479200,"2026-01-27 02:00:00",5059.99,5079.81,5049.585,5072.68,47576
1769482800,"2026-01-27 03:00:00",5072.66,5079.31,5060.16,5077.225,37886
1769486400,"2026-01-27 04:00:00",5077.025,5078.955,5061.5,5067.8,35795
1769490000,"2026-01-27 05:00:00",5067.775,5085.495,5057.195,5083.11,44412
1769493600,"2026-01-27 06:00:00",5083.125,5094.35,5076.865,5085.785,42790
1769497200,"2026-01-27 07:00:00",5085.8,5100.84,5081.58,5085.965,45682
1769500800,"2026-01-27 08:00:00",5086.01,5088.165,5073.51,5079.755,37650
1769504400,"2026-01-27 09:00:00",5079.75,5099.65,5078.165,5098.325,28031
1769508000,"2026-01-27 10:00:00",5098.66,5098.66,5081.99,5086.545,24225
1769511600,"2026-01-27 11:00:00",5086.56,5090.83,5066.64,5077.08,24684
1769515200,"2026-01-27 12:00:00",5077.095,5091.37,5073.725,5085.13,45526
1769518800,"2026-01-27 13:00:00",5085.19,5093.145,5069.47,5077.555,64031
1769522400,"2026-01-27 14:00:00",5077.52,5082.205,5046.84,5054.74,121369
1769526000,"2026-01-27 15:00:00",5054.74,5091.32,5047.69,5090.905,110711
1769529600,"2026-01-27 16:00:00",5090.925,5103.355,5083.3,5087.47,76402
1769533200,"2026-01-27 17:00:00",5087.495,5094.155,5076.92,5081.37,69721
1769536800,"2026-01-27 18:00:00",5081.395,5095.82,5076.45,5088.11,62237
1769540400,"2026-01-27 19:00:00",5088.135,5100.12,5081.05,5099.055,35432
1769544000,"2026-01-27 20:00:00",5099.05,5182.795,5098.035,5176.65,117783
1769547600,"2026-01-27 21:00:00",5176.6,5190.51,5169.13,5180.625,44298
1769554800,"2026-01-27 23:00:00",5181.64,5184.57,5159.025,5172.315,30899
1769558400,"2026-01-28 00:00:00",5172.225,5180.27,5157.21,5172.025,36254
1769562000,"2026-01-28 01:00:00",5172.01,5225.36,5168.545,5204.87,91621
1769565600,"2026-01-28 02:00:00",5204.82,5234.775,5201.745,5232.245,64845
1769569200,"2026-01-28 03:00:00",5232.02,5247.82,5224.4,5235.285,58390
1769572800,"2026-01-28 04:00:00",5235.075,5249.09,5232.5,5245.545,34995
1769576400,"2026-01-28 05:00:00",5245.56,5266.435,5241.57,5261.35,48913
1769580000,"2026-01-28 06:00:00",5261.47,5271.5,5251.87,5270.16,51806
1769583600,"2026-01-28 07:00:00",5270.21,5292.87,5263.18,5290.675,46941
1769587200,"2026-01-28 08:00:00",5290.57,5311.665,5280.64,5293.985,54055
1769590800,"2026-01-28 09:00:00",5293.975,5297.76,5263.22,5278.37,43971
1769594400,"2026-01-28 10:00:00",5278.41,5285.95,5269.51,5269.97,33206
1769598000,"2026-01-28 11:00:00",5270.2,5270.77,5238.59,5261.73,47031
1769601600,"2026-01-28 12:00:00",5261.84,5279.49,5251.81,5279.415,54115
1769605200,"2026-01-28 13:00:00",5279.275,5289.71,5257.015,5266.645,76872
1769608800,"2026-01-28 14:00:00",5266.615,5288.485,5248.775,5286.19,99099
1769612400,"2026-01-28 15:00:00",5285.925,5298.35,5235.75,5278.28,145446
1769616000,"2026-01-28 16:00:00",5278.295,5300.33,5274.505,5299.875,91705
1769619600,"2026-01-28 17:00:00",5299.915,5307.285,5283.26,5298.11,73917
1769623200,"2026-01-28 18:00:00",5298.145,5325.97,5268.45,5282.595,108238
1769626800,"2026-01-28 19:00:00",5282.85,5332.08,5269.295,5325.41,134556
1769630400,"2026-01-28 20:00:00",5325.39,5391.62,5320.9,5376.885,128721
1769634000,"2026-01-28 21:00:00",5376.885,5419.645,5376.885,5418.545,48783
1769641200,"2026-01-28 23:00:00",5446.995,5602.225,5432.455,5513.285,106620
1769644800,"2026-01-29 00:00:00",5513.585,5527.24,5454.12,5520.195,75573
1769648400,"2026-01-29 01:00:00",5520.2,5551.96,5444.925,5545.785,104919
1769652000,"2026-01-29 02:00:00",5545.73,5550.06,5504.585,5536.11,84767
1769655600,"2026-01-29 03:00:00",5536.12,5549.235,5508.53,5545.84,70852
1769659200,"2026-01-29 04:00:00",5545.835,5564.725,5533.265,5557.99,49167
1769662800,"2026-01-29 05:00:00",5557.955,5564.545,5515.995,5562.655,70650
1769666400,"2026-01-29 06:00:00",5562.725,5595.77,5554.955,5561.325,75729
1769670000,"2026-01-29 07:00:00",5561.32,5575.28,5536.905,5548.96,59239
1769673600,"2026-01-29 08:00:00",5548.935,5554.845,5473.555,5510.08,74461
1769677200,"2026-01-29 09:00:00",5509.82,5529.875,5497.925,5513.92,56482
1769680800,"2026-01-29 10:00:00",5513.925,5525.835,5482.495,5483.705,46797
1769684400,"2026-01-29 11:00:00",5483.895,5528.94,5470.9,5522.62,51482
1769688000,"2026-01-29 12:00:00",5522.655,5543.23,5518.575,5534.16,57636
1769691600,"2026-01-29 13:00:00",5534.23,5541.215,5499.925,5510.785,87229
1769695200,"2026-01-29 14:00:00",5510.775,5549.565,5491.24,5496.965,136416
1769698800,"2026-01-29 15:00:00",5496.52,5496.66,5097.215,5183.2,199633
1769702400,"2026-01-29 16:00:00",5183.13,5311.67,5171.89,5264.55,184501
1769706000,"2026-01-29 17:00:00",5264.61,5375.735,5264.61,5335.37,146645
1769709600,"2026-01-29 18:00:00",5335.4,5362.02,5307.695,5338.785,120434
1769713200,"2026-01-29 19:00:00",5338.81,5345.75,5290.46,5306,115867
1769716800,"2026-01-29 20:00:00",5306.075,5407.33,5282.98,5394.17,105595
1769720400,"2026-01-29 21:00:00",5394.195,5426.085,5369.18,5370.23,54971
1769727600,"2026-01-29 23:00:00",5419.64,5448.89,5387.62,5438.57,48318
1769731200,"2026-01-30 00:00:00",5438.565,5451.16,5389.895,5407.47,60632
1769734800,"2026-01-30 01:00:00",5407.435,5410.625,5290.44,5300.745,116504
1769738400,"2026-01-30 02:00:00",5300.74,5312.725,5112.105,5225.075,164790
1769742000,"2026-01-30 03:00:00",5225.08,5230.07,5149.93,5196.94,110035
1769745600,"2026-01-30 04:00:00",5196.915,5231.515,5193.45,5215.065,76019
1769749200,"2026-01-30 05:00:00",5214.795,5241.85,5180.175,5185.135,76419
1769752800,"2026-01-30 06:00:00",5185.29,5205.81,5144.87,5155.96,101036
1769756400,"2026-01-30 07:00:00",5155.88,5186.445,5118.01,5181.08,92479
1769760000,"2026-01-30 08:00:00",5181.115,5181.115,5054.43,5116.775,103524
1769763600,"2026-01-30 09:00:00",5116.755,5133.05,4941.5,5013.76,152283
1769767200,"2026-01-30 10:00:00",5013.44,5122.47,5000.82,5119.58,103756
1769770800,"2026-01-30 11:00:00",5119.765,5144.765,5088.485,5135.91,78979
1769774400,"2026-01-30 12:00:00",5135.955,5145.98,5055.375,5064.675,96808
1769778000,"2026-01-30 13:00:00",5064.62,5100.2,4992.555,5019.645,110494
1769781600,"2026-01-30 14:00:00",5019.53,5113.795,5014.07,5033.255,150569
1769785200,"2026-01-30 15:00:00",5033.24,5074.36,4980.8,5050.925,172794
1769788800,"2026-01-30 16:00:00",5050.9,5052.3,4943.18,4985.7,179130
1769792400,"2026-01-30 17:00:00",4985.71,4986.51,4800.855,4850.225,194367
1769796000,"2026-01-30 18:00:00",4850.19,4893.795,4679.51,4878.955,180208
1769799600,"2026-01-30 19:00:00",4879.135,4948.545,4836.87,4932.84,125916
1769803200,"2026-01-30 20:00:00",4932.845,4932.945,4807.725,4847.57,131441
1769806800,"2026-01-30 21:00:00",4847.605,4901.69,4831.905,4895.44,56628
1769986800,"2026-02-01 23:00:00",4833.89,4834.255,4697.14,4742.1,82357
1769990400,"2026-02-02 00:00:00",4742.22,4884.56,4740.755,4766.465,114134
1769994000,"2026-02-02 01:00:00",4766.505,4785.045,4584.82,4736.89,163873
1769997600,"2026-02-02 02:00:00",4736.79,4773.225,4696.825,4710.84,121267
1770001200,"2026-02-02 03:00:00",4710.835,4729.825,4630.67,4646.855,127936
1770004800,"2026-02-02 04:00:00",4646.81,4713.375,4603.14,4679.745,104096
1770008400,"2026-02-02 05:00:00",4679.725,4697.085,4498.085,4549.31,136192
1770012000,"2026-02-02 06:00:00",4549.25,4574.03,4402.38,4505.79,160158
1770015600,"2026-02-02 07:00:00",4505.745,4619.31,4484.55,4587.4,109816
1770019200,"2026-02-02 08:00:00",4587.495,4651.5,4559.075,4641.065,109920
1770022800,"2026-02-02 09:00:00",4640.82,4731.64,4603.165,4719.6,116340
1770026400,"2026-02-02 10:00:00",4719.255,4733.805,4657.01,4705.655,88802
1770030000,"2026-02-02 11:00:00",4705.62,4780.07,4703.27,4766.24,78813
1770033600,"2026-02-02 12:00:00",4766.235,4812.265,4743.715,4794.555,69509
1770037200,"2026-02-02 13:00:00",4794.39,4804.2,4669.27,4706.305,133584
1770040800,"2026-02-02 14:00:00",4706.305,4794.685,4680.24,4718.945,143078
1770044400,"2026-02-02 15:00:00",4718.375,4745.54,4617.31,4619.85,161499
1770048000,"2026-02-02 16:00:00",4619.82,4708.905,4596.74,4666.18,138503
1770051600,"2026-02-02 17:00:00",4666.175,4714.105,4656.855,4674.11,86016
1770055200,"2026-02-02 18:00:00",4674.21,4674.415,4618.67,4657.88,89490
1770058800,"2026-02-02 19:00:00",4657.89,4712.925,4631.55,4685.41,83571
1770062400,"2026-02-02 20:00:00",4685.405,4701.06,4647.875,4653.115,82808
1770066000,"2026-02-02 21:00:00",4653.16,4687.05,4644.21,4661.055,46504
1770073200,"2026-02-02 23:00:00",4704.095,4775.865,4695.53,4774.575,62496
1770076800,"2026-02-03 00:00:00",4774.605,4831.095,4766.035,4780.485,75282
1770080400,"2026-02-03 01:00:00",4780.81,4856.76,4766.29,4841.405,116011
1770084000,"2026-02-03 02:00:00",4841.38,4842.045,4745.68,4783.68,111281
1770087600,"2026-02-03 03:00:00",4783.71,4813.535,4751.885,4809.505,87791
1770091200,"2026-02-03 04:00:00",4809.545,4825.415,4800.905,4809.18,56339
1770094800,"2026-02-03 05:00:00",4809.42,4842.3,4809.3,4825.305,62570
1770098400,"2026-02-03 06:00:00",4825.365,4893.815,4816.66,4881.315,99051
1770102000,"2026-02-03 07:00:00",4881.445,4933.785,4872.05,4917.365,58408
1770105600,"2026-02-03 08:00:00",4917.54,4950.68,4898.34,4912.675,54578
1770109200,"2026-02-03 09:00:00",4912.595,4926.395,4884.625,4916.175,49449
1770112800,"2026-02-03 10:00:00",4916.21,4930.075,4901.735,4902.57,35029
1770116400,"2026-02-03 11:00:00",4902.63,4919.485,4883.69,4917.01,43628
1770120000,"2026-02-03 12:00:00",4916.915,4936.63,4892.27,4913.83,50318
1770123600,"2026-02-03 13:00:00",4913.825,4951.295,4902.895,4933.07,80274
1770127200,"2026-02-03 14:00:00",4933.14,4937.195,4893.775,4917.07,106186
1770130800,"2026-02-03 15:00:00",4916.945,4948.84,4904.805,4935.445,102649
1770134400,"2026-02-03 16:00:00",4935.595,4993.835,4929.665,4955.63,93991
1770138000,"2026-02-03 17:00:00",4955.415,4970.05,4907.63,4929.04,124710
1770141600,"2026-02-03 18:00:00",4928.675,4954.285,4884.765,4908.43,104308
1770145200,"2026-02-03 19:00:00",4908.35,4948.87,4880.595,4927.23,90297
1770148800,"2026-02-03 20:00:00",4927.09,4957.21,4902.11,4944.105,74158
1770152400,"2026-02-03 21:00:00",4944.125,4964.24,4934.075,4946.805,19405
1770159600,"2026-02-03 23:00:00",4959.765,4959.765,4909.17,4947.82,48489
1770163200,"2026-02-04 00:00:00",4947.84,5016.53,4946.16,5015.855,66902
1770166800,"2026-02-04 01:00:00",5015.83,5053.675,4985.05,5046.855,88356
1770170400,"2026-02-04 02:00:00",5046.81,5065.795,5035.72,5040.2,51182
1770174000,"2026-02-04 03:00:00",5040.155,5073.745,5036.055,5070.115,42305
1770177600,"2026-02-04 04:00:00",5070.045,5081.54,5056.28,5080.665,24155
1770181200,"2026-02-04 05:00:00",5080.615,5090.435,5069.29,5079.455,34094
1770184800,"2026-02-04 06:00:00",5079.46,5083.17,5051.155,5076.87,49192
1770188400,"2026-02-04 07:00:00",5076.855,5091.755,5062.505,5084.905,37215
1770192000,"2026-02-04 08:00:00",5084.895,5091.93,5068.87,5083.73,32451
1770195600,"2026-02-04 09:00:00",5083.63,5086.975,5043.245,5060.1,41957
1770199200,"2026-02-04 10:00:00",5060.245,5064.58,5041.98,5048.7,30699
1770202800,"2026-02-04 11:00:00",5048.675,5053.495,5013.77,5047.49,36851
1770206400,"2026-02-04 12:00:00",5047.56,5063.51,5036.495,5041.295,38081
1770210000,"2026-02-04 13:00:00",5041.375,5063.735,5023.735,5054.185,57280
1770213600,"2026-02-04 14:00:00",5054.195,5059.23,4967.005,4987.045,108020
1770217200,"2026-02-04 15:00:00",4987.04,5008.05,4887.62,4920.41,144331
1770220800,"2026-02-04 16:00:00",4920.36,4940.31,4848.405,4904.53,122857
1770224400,"2026-02-04 17:00:00",4904.54,4931.535,4888.225,4897.86,101378
1770228000,"2026-02-04 18:00:00",4897.92,4935.09,4872.865,4927.68,73956
1770231600,"2026-02-04 19:00:00",4927.795,4957.72,4914.575,4941.72,65744
1770235200,"2026-02-04 20:00:00",4941.775,4951.85,4914.245,4938.33,57351
1770238800,"2026-02-04 21:00:00",4938.24,4971.18,4937.49,4964.455,19249
1770246000,"2026-02-04 23:00:00",4995.96,5024.03,4987.85,5012.535,35606
1770249600,"2026-02-05 00:00:00",5012.42,5020.555,4996.95,5006.845,36861
1770253200,"2026-02-05 01:00:00",5007.335,5012.325,4935.81,4959.135,98814
1770256800,"2026-02-05 02:00:00",4959.185,4962.33,4805.98,4812.24,153451
1770260400,"2026-02-05 03:00:00",4812.26,4888.69,4789.655,4880.96,125351
1770264000,"2026-02-05 04:00:00",4880.83,4891.49,4863.515,4864.19,54019
1770267600,"2026-02-05 05:00:00",4864.165,4906.57,4825.83,4896.725,78244
1770271200,"2026-02-05 06:00:00",4896.71,4934.125,4877.655,4920.27,83153
1770274800,"2026-02-05 07:00:00",4920.255,4940.92,4896.065,4915.145,60401
1770278400,"2026-02-05 08:00:00",4915.1,4943.735,4900.9,4911.89,53187
1770282000,"2026-02-05 09:00:00",4911.865,4914.15,4849.9,4855.395,66430
1770285600,"2026-02-05 10:00:00",4855.39,4887.115,4847.485,4877.325,51621
1770289200,"2026-02-05 11:00:00",4877.32,4894.805,4864.475,4868.365,35892
1770292800,"2026-02-05 12:00:00",4868.44,4878.36,4810.8,4854.245,86170
1770296400,"2026-02-05 13:00:00",4854.22,4868.82,4802.06,4835.635,107372
1770300000,"2026-02-05 14:00:00",4835.645,4869.81,4806.26,4846.34,120604
1770303600,"2026-02-05 15:00:00",4846.01,4866.825,4800.535,4817.91,132454
1770307200,"2026-02-05 16:00:00",4817.89,4906.735,4812.675,4888.855,124479
1770310800,"2026-02-05 17:00:00",4888.885,4890.59,4859.225,4869.025,89482
1770314400,"2026-02-05 18:00:00",4868.98,4875.25,4851.31,4858.13,74936
1770318000,"2026-02-05 19:00:00",4858.055,4865.355,4823.85,4829.485,61884
1770321600,"2026-02-05 20:00:00",4829.66,4843.555,4793.205,4811.575,66966
1770325200,"2026-02-05 21:00:00",4811.585,4826.315,4759.48,4780.675,37777
1770332400,"2026-02-05 23:00:00",4778.27,4782.14,4703.485,4703.78,57124
1770336000,"2026-02-06 00:00:00",4703.775,4764.72,4655.23,4763.3,111267
1770339600,"2026-02-06 01:00:00",4763.315,4785.005,4693.835,4774.51,129996
1770343200,"2026-02-06 02:00:00",4774.49,4846.66,4760.865,4816.73,96058
1770346800,"2026-02-06 03:00:00",4816.685,4839.665,4800.515,4824.385,65560
1770350400,"2026-02-06 04:00:00",4824.35,4832.005,4807.265,4813.965,36708
1770354000,"2026-02-06 05:00:00",4813.63,4898.15,4807.72,4897.55,56610
1770357600,"2026-02-06 06:00:00",4897.465,4903.4,4824.705,4846.36,71341
1770361200,"2026-02-06 07:00:00",4846.35,4861.91,4838.215,4841.03,36744
1770364800,"2026-02-06 08:00:00",4841.09,4882.34,4829.71,4862.06,45140
1770368400,"2026-02-06 09:00:00",4861.905,4873.07,4838.68,4866.805,33274
1770372000,"2026-02-06 10:00:00",4866.8,4880.13,4852.045,4878.76,34887
1770375600,"2026-02-06 11:00:00",4878.755,4896.1,4863.83,4887.38,32749
1770379200,"2026-02-06 12:00:00",4887.375,4903.94,4871.66,4900.465,36219
1770382800,"2026-02-06 13:00:00",4900.47,4938.505,4897.355,4929.115,64970
1770386400,"2026-02-06 14:00:00",4929.13,4949.975,4894.45,4948.29,77271
1770390000,"2026-02-06 15:00:00",4948.16,4964.815,4928.5,4943.77,100312
1770393600,"2026-02-06 16:00:00",4943.725,4953.62,4921.85,4951.875,78383
1770397200,"2026-02-06 17:00:00",4951.83,4968.72,4948.24,4960.6,48902
1770400800,"2026-02-06 18:00:00",4960.58,4971.34,4943.835,4962.47,47066
1770404400,"2026-02-06 19:00:00",4962.48,4963.285,4948.585,4957.135,21858
1770408000,"2026-02-06 20:00:00",4957.14,4959.34,4936.69,4953.33,41166
1770411600,"2026-02-06 21:00:00",4953.345,4968.915,4946.4,4964.62,12940
1770591600,"2026-02-08 23:00:00",4989.93,5047.915,4965.42,5036.085,39418
1770595200,"2026-02-09 00:00:00",5036.07,5045.11,5012.075,5019.93,47601
1770598800,"2026-02-09 01:00:00",5020.51,5042.105,4976.15,4983.005,69798
1770602400,"2026-02-09 02:00:00",4982.955,5017.585,4968.885,5007.245,52934
1770606000,"2026-02-09 03:00:00",5007.23,5031.275,5005.72,5016.06,36388
1770609600,"2026-02-09 04:00:00",5016.105,5024.845,5007.42,5011.955,30210
1770613200,"2026-02-09 05:00:00",5011.975,5041.755,5011.315,5036.605,35185
1770616800,"2026-02-09 06:00:00",5036.68,5045.815,5013.92,5031.155,50300
1770620400,"2026-02-09 07:00:00",5031.135,5031.14,4997.855,5006.475,33525
1770624000,"2026-02-09 08:00:00",5006.455,5036.2,5003,5027.56,31946
1770627600,"2026-02-09 09:00:00",5027.675,5041.4,5002.78,5007.985,32026
1770631200,"2026-02-09 10:00:00",5007.93,5015.45,4982.495,4991.025,38869
1770634800,"2026-02-09 11:00:00",4991.015,5018.335,4988.855,5010.83,26793
1770638400,"2026-02-09 12:00:00",5010.84,5021.92,5007.435,5013.385,26260
1770642000,"2026-02-09 13:00:00",5013.405,5025,4995.125,5007.34,52434
1770645600,"2026-02-09 14:00:00",5007.38,5040.845,5002.4,5038.01,74632
1770649200,"2026-02-09 15:00:00",5037.805,5060.56,5023.76,5059.065,51528
1770652800,"2026-02-09 16:00:00",5059.05,5080.895,5056.655,5073.57,38621
1770656400,"2026-02-09 17:00:00",5073.585,5075.62,5040.965,5046.3,55421
1770660000,"2026-02-09 18:00:00",5046.29,5064.125,5044.44,5062.85,60456
1770663600,"2026-02-09 19:00:00",5062.84,5080.145,5062.495,5074.62,32694
1770667200,"2026-02-09 20:00:00",5074.685,5086.68,5072.215,5079.705,47274
1770670800,"2026-02-09 21:00:00",5079.7,5083.2,5048.4,5057.775,14007
1770678000,"2026-02-09 23:00:00",5057.535,5064.13,4987.385,5031.995,44962
1770681600,"2026-02-10 00:00:00",5032,5048.65,5009.015,5018.91,41721
1770685200,"2026-02-10 01:00:00",5018.85,5038.005,5012.59,5033.055,69631
1770688800,"2026-02-10 02:00:00",5032.98,5056.34,5031.64,5038.66,49979
1770692400,"2026-02-10 03:00:00",5038.6,5038.6,5016.42,5030.155,45696
1770696000,"2026-02-10 04:00:00",5030.095,5033.98,5017.625,5031.725,23179
1770699600,"2026-02-10 05:00:00",5031.705,5040.68,5011.445,5039.295,30965
1770703200,"2026-02-10 06:00:00",5039.135,5045.73,5019.07,5024.62,40864
1770706800,"2026-02-10 07:00:00",5024.625,5036.2,5018.67,5033.975,30718
1770710400,"2026-02-10 08:00:00",5033.965,5055.26,5028.82,5042.07,30427
1770714000,"2026-02-10 09:00:00",5042.02,5063.55,5040.61,5046.905,26193
1770717600,"2026-02-10 10:00:00",5046.9,5058.195,5037.225,5047.005,23565
1770721200,"2026-02-10 11:00:00",5046.945,5057.555,5044.525,5056.135,14406
1770724800,"2026-02-10 12:00:00",5056.185,5057.285,5019.935,5032.215,30460
1770728400,"2026-02-10 13:00:00",5032.285,5059.06,5026.605,5051.175,46503
1770732000,"2026-02-10 14:00:00",5051.195,5078.745,5020.795,5039.53,67815
1770735600,"2026-02-10 15:00:00",5039.085,5048.04,4998.95,5019.6,82616
1770739200,"2026-02-10 16:00:00",5019.61,5026.575,5005.785,5023.94,76060
1770742800,"2026-02-10 17:00:00",5023.92,5040.22,5020.78,5026.605,39123
1770746400,"2026-02-10 18:00:00",5026.585,5027.985,5004.73,5013.17,46468
1770750000,"2026-02-10 19:00:00",5013.16,5030.375,5009.015,5028.155,28609
1770753600,"2026-02-10 20:00:00",5028.165,5045.6,5020.5,5030.315,33734
1770757200,"2026-02-10 21:00:00",5030.29,5032.865,5020.4,5025.12,9953
1770764400,"2026-02-10 23:00:00",5033.585,5054.855,5028.975,5041.735,15890
1770768000,"2026-02-11 00:00:00",5041.795,5049.625,5028.39,5037.735,24126
1770771600,"2026-02-11 01:00:00",5037.895,5053.035,5030.845,5052.6,32113
1770775200,"2026-02-11 02:00:00",5052.575,5057.775,5032.745,5055.89,30809
1770778800,"2026-02-11 03:00:00",5055.735,5061.02,5045.165,5054.49,21715
1770782400,"2026-02-11 04:00:00",5054.365,5059.545,5045.85,5046.59,13047
1770786000,"2026-02-11 05:00:00",5046.62,5064.04,5043.8,5053.15,22666
1770789600,"2026-02-11 06:00:00",5053.14,5064.7,5049.59,5064.22,27385
1770793200,"2026-02-11 07:00:00",5064.24,5069.235,5049.125,5055.505,28791
1770796800,"2026-02-11 08:00:00",5055.315,5060.51,5045.92,5053.8,10090
1770800400,"2026-02-11 09:00:00",5053.75,5072.185,5047.345,5062.925,16520
1770804000,"2026-02-11 10:00:00",5062.91,5101.49,5062.59,5093.245,32232
1770807600,"2026-02-11 11:00:00",5093.3,5116.725,5082.68,5111.67,28574
1770811200,"2026-02-11 12:00:00",5111.665,5119.345,5052.53,5083.525,44557
1770814800,"2026-02-11 13:00:00",5083.395,5090.24,5019.715,5065.77,80783
1770818400,"2026-02-11 14:00:00",5065.79,5083.345,5035.78,5059.445,91123
1770822000,"2026-02-11 15:00:00",5059.395,5081.9,5039.305,5060.07,111518
1770825600,"2026-02-11 16:00:00",5060.035,5078.31,5043.115,5075.22,78052
1770829200,"2026-02-11 17:00:00",5075.265,5099.315,5068.545,5091.53,46225
1770832800,"2026-02-11 18:00:00",5091.45,5092.995,5066.96,5082.64,43589
1770836400,"2026-02-11 19:00:00",5082.59,5094.29,5076.92,5081.99,41875
1770840000,"2026-02-11 20:00:00",5081.97,5090.195,5078.22,5086.985,42777
1770843600,"2026-02-11 21:00:00",5086.97,5093.335,5069.965,5084.28,12107
1770850800,"2026-02-11 23:00:00",5095.495,5095.915,5053.89,5061.55,25732
1770854400,"2026-02-12 00:00:00",5061.465,5067.945,5049.98,5063.13,36216
1770858000,"2026-02-12 01:00:00",5063.02,5064.315,5045.445,5063.65,43849
1770861600,"2026-02-12 02:00:00",5063.56,5073.25,5055.055,5066.1,27634
1770865200,"2026-02-12 03:00:00",5066.01,5074.875,5054.82,5056.995,24550
1770868800,"2026-02-12 04:00:00",5056.98,5070.36,5050.985,5069.61,14467
1770872400,"2026-02-12 05:00:00",5069.615,5078.42,5064.46,5075.815,24060
1770876000,"2026-02-12 06:00:00",5075.69,5076.475,5047.13,5060.01,32666
1770879600,"2026-02-12 07:00:00",5060.005,5066.49,5052,5064.085,17949
1770883200,"2026-02-12 08:00:00",5064.075,5073.6,5052.43,5068.625,18387
1770886800,"2026-02-12 09:00:00",5068.605,5080.91,5066.25,5073.265,18749
1770890400,"2026-02-12 10:00:00",5073.27,5077.09,5056.29,5062.48,16924
1770894000,"2026-02-12 11:00:00",5062.49,5068.48,5059.53,5064.19,6888
1770897600,"2026-02-12 12:00:00",5064.25,5068.665,5048.935,5052.85,16522
1770901200,"2026-02-12 13:00:00",5052.835,5083.855,5051.485,5075.455,32010
1770904800,"2026-02-12 14:00:00",5075.475,5077.905,5039.7,5044.625,57744
1770908400,"2026-02-12 15:00:00",5044.63,5074.87,5039.815,5060.57,46487
1770912000,"2026-02-12 16:00:00",5060.585,5068.36,4878.5,4954.74,158751
1770915600,"2026-02-12 17:00:00",4955.03,4983.245,4939.89,4941.145,112151
1770919200,"2026-02-12 18:00:00",4941.14,4952.285,4906.765,4935.625,90556
1770922800,"2026-02-12 19:00:00",4935.64,4958.155,4927.775,4945.665,82517
1770926400,"2026-02-12 20:00:00",4945.715,4948.68,4911.215,4915.12,88700
1770930000,"2026-02-12 21:00:00",4915.19,4927.34,4911.825,4922.08,14087
1770937200,"2026-02-12 23:00:00",4888.315,4928.76,4888.315,4920.465,27561
1770940800,"2026-02-13 00:00:00",4920.47,4949,4913.86,4928.175,43148
1770944400,"2026-02-13 01:00:00",4928.22,4988.825,4927.4,4980.865,57589
1770948000,"2026-02-13 02:00:00",4980.78,4991.805,4972.315,4988.64,35740
1770951600,"2026-02-13 03:00:00",4988.59,4989.435,4973.97,4981.51,21933
1770955200,"2026-02-13 04:00:00",4981.505,4997.555,4972.99,4976.995,19929
1770958800,"2026-02-13 05:00:00",4976.99,4986.555,4944.93,4946.555,35460
1770962400,"2026-02-13 06:00:00",4946.565,4968.875,4946.135,4967.64,36388
1770966000,"2026-02-13 07:00:00",4967.615,4982.9,4951.285,4975.045,30431
1770969600,"2026-02-13 08:00:00",4975.16,4989.695,4970.91,4982.795,25541
1770973200,"2026-02-13 09:00:00",4982.81,4982.975,4961.49,4970.34,18187
1770976800,"2026-02-13 10:00:00",4970.355,4980.89,4947.17,4950.1,16168
1770980400,"2026-02-13 11:00:00",4950.07,4955.51,4933.635,4953.64,24611
1770984000,"2026-02-13 12:00:00",4953.645,4974.23,4952.235,4969.605,26607
1770987600,"2026-02-13 13:00:00",4969.66,4999.685,4957.71,4987.26,50485
1770991200,"2026-02-13 14:00:00",4987.275,5011.07,4964.22,4996.12,84712
1770994800,"2026-02-13 15:00:00",4996.245,5020.68,4974.035,4976.885,107653
1770998400,"2026-02-13 16:00:00",4976.87,5033.735,4975.52,5007.995,69544
1771002000,"2026-02-13 17:00:00",5008.03,5029.235,5006.1,5021.045,36069
1771005600,"2026-02-13 18:00:00",5021.085,5035.55,5015.485,5031.185,33760
1771009200,"2026-02-13 19:00:00",5031.24,5046.185,5023.545,5023.94,38969
1771012800,"2026-02-13 20:00:00",5023.865,5034.85,5021.705,5032.59,45548
1771016400,"2026-02-13 21:00:00",5032.545,5046.48,5029.8,5042.74,9195
1771196400,"2026-02-15 23:00:00",5017.145,5032.565,5009.64,5020.215,31766
1771200000,"2026-02-16 00:00:00",5020.21,5023.075,5000.13,5015.62,26654
1771203600,"2026-02-16 01:00:00",5015.63,5031.29,5006.995,5028.955,23101
1771207200,"2026-02-16 02:00:00",5028.965,5031.28,4992.19,4994.54,27402
1771210800,"2026-02-16 03:00:00",4994.525,5000.08,4973.455,4987.555,27045
1771214400,"2026-02-16 04:00:00",4987.635,4992.38,4973.36,4977.9,21221
1771218000,"2026-02-16 05:00:00",4977.92,4991.04,4964.865,4990.77,18101
1771221600,"2026-02-16 06:00:00",4990.775,5003.22,4984.58,4994.92,15923
1771225200,"2026-02-16 07:00:00",4994.91,5010.115,4988.965,5007.4,18910
1771228800,"2026-02-16 08:00:00",5007.42,5013.33,4995.86,5008.11,18847
1771232400,"2026-02-16 09:00:00",5008.1,5017.445,5007.995,5013.66,13160
1771236000,"2026-02-16 10:00:00",5013.67,5017.225,5000.27,5006.09,14823
1771239600,"2026-02-16 11:00:00",5006.15,5008.23,4999.03,5004.75,9901
1771243200,"2026-02-16 12:00:00",5004.755,5008.19,4992.725,5002.03,18261
1771246800,"2026-02-16 13:00:00",5002.065,5003.905,4989.64,4997.365,17440
1771250400,"2026-02-16 14:00:00",4997.37,4999.66,4981.765,4988.41,23574
1771254000,"2026-02-16 15:00:00",4988.395,4988.51,4969.11,4979.7,28305
1771257600,"2026-02-16 16:00:00",4979.71,4990.45,4973.235,4988.37,18596
1771261200,"2026-02-16 17:00:00",4988.375,4996.195,4988.22,4991.765,9099
1771264800,"2026-02-16 18:00:00",4991.865,4997.975,4988.645,4994.59,8854
1771268400,"2026-02-16 19:00:00",4994.61,4996.525,4990.425,4992.005,5817
1771282800,"2026-02-16 23:00:00",4997.26,5001.24,4985.185,4989.925,13061
1771286400,"2026-02-17 00:00:00",4989.855,4991.515,4932.235,4936.04,33175
1771290000,"2026-02-17 01:00:00",4936.1,4964.1,4922.895,4957.605,35808
1771293600,"2026-02-17 02:00:00",4957.485,4971.55,4954.875,4967.125,16827
1771297200,"2026-02-17 03:00:00",4967.13,4970.215,4949.76,4956.87,20292
1771300800,"2026-02-17 04:00:00",4956.86,4960.455,4946.71,4953.03,15637
1771304400,"2026-02-17 05:00:00",4952.995,4954.49,4859.2,4888.94,58772
1771308000,"2026-02-17 06:00:00",4889,4914.295,4886.6,4910.355,26718
1771311600,"2026-02-17 07:00:00",4910.38,4922.365,4903.87,4917.1,26854
1771315200,"2026-02-17 08:00:00",4917.085,4930.425,4916.26,4920.78,23918
1771318800,"2026-02-17 09:00:00",4920.75,4932.67,4913.365,4926.09,22331
1771322400,"2026-02-17 10:00:00",4926.03,4939.4,4907.885,4913.385,22317
1771326000,"2026-02-17 11:00:00",4913.665,4931.24,4913.34,4929.4,21867
1771329600,"2026-02-17 12:00:00",4929.54,4944.7,4928.44,4932.255,28326
1771333200,"2026-02-17 13:00:00",4932.28,4933.545,4869.965,4870.96,51950
1771336800,"2026-02-17 14:00:00",4870.92,4907.235,4842.6,4863.325,102688
1771340400,"2026-02-17 15:00:00",4863.205,4882.64,4849.17,4878.6,109771
1771344000,"2026-02-17 16:00:00",4878.605,4894.005,4868.655,4869.33,78403
1771347600,"2026-02-17 17:00:00",4869.38,4871.49,4850.09,4865.095,88804
1771351200,"2026-02-17 18:00:00",4865.1,4910.9,4862.395,4899.165,61700
1771354800,"2026-02-17 19:00:00",4899.19,4901.295,4876.45,4880.515,55408
1771358400,"2026-02-17 20:00:00",4880.52,4884.355,4873.59,4877.79,58134
1771362000,"2026-02-17 21:00:00",4877.86,4886.965,4875.145,4877.855,8720
1771369200,"2026-02-17 23:00:00",4871.135,4884.845,4854.24,4859.44,22299
1771372800,"2026-02-18 00:00:00",4859.42,4883.4,4858.37,4875.01,28666
1771376400,"2026-02-18 01:00:00",4874.815,4893.55,4874.65,4889.98,23707
1771380000,"2026-02-18 02:00:00",4890.02,4907.515,4886.475,4905.35,15490
1771383600,"2026-02-18 03:00:00",4905.355,4922.345,4904.25,4920.855,15765
1771387200,"2026-02-18 04:00:00",4920.86,4940.89,4918.415,4934.235,15872
1771390800,"2026-02-18 05:00:00",4934.265,4939.8,4929.97,4933.49,10293
1771394400,"2026-02-18 06:00:00",4933.655,4936.21,4925.21,4930.91,13999
1771398000,"2026-02-18 07:00:00",4930.835,4942.49,4929.19,4930.38,14533
1771401600,"2026-02-18 08:00:00",4930.345,4932.32,4916.815,4917.25,17436
1771405200,"2026-02-18 09:00:00",4917.28,4923.28,4913.075,4917.425,16216
1771408800,"2026-02-18 10:00:00",4917.465,4924.755,4909.345,4914.65,25766
1771412400,"2026-02-18 11:00:00",4914.665,4917.79,4906.425,4913.075,13694
1771416000,"2026-02-18 12:00:00",4913.065,4947.105,4912.12,4943.36,24876
1771419600,"2026-02-18 13:00:00",4943.345,4969.1,4943.2,4954.78,37116
1771423200,"2026-02-18 14:00:00",4954.79,4994.51,4952.34,4991.795,61390
1771426800,"2026-02-18 15:00:00",4991.71,5009.035,4991.49,4997.95,58922
1771430400,"2026-02-18 16:00:00",4997.99,5010.915,4991.445,5000.555,48229
1771434000,"2026-02-18 17:00:00",5000.625,5001.97,4993.5,4999.195,28204
1771437600,"2026-02-18 18:00:00",4999.185,5003.27,4980.55,4987.445,50531
1771441200,"2026-02-18 19:00:00",4987.45,4995.56,4972.87,4980.715,56565
1771444800,"2026-02-18 20:00:00",4980.585,4987.555,4975.615,4984.96,52377
1771448400,"2026-02-18 21:00:00",4984.93,4986.375,4975.56,4977.26,4413
1771455600,"2026-02-18 23:00:00",4973.795,4988.86,4966.715,4976.15,18804
1771459200,"2026-02-19 00:00:00",4976.02,4976.42,4960.645,4961.42,21652
1771462800,"2026-02-19 01:00:00",4961.4,4975.63,4960.785,4973.14,19513
1771466400,"2026-02-19 02:00:00",4973.08,4977.465,4965.825,4968.345,13804
1771470000,"2026-02-19 03:00:00",4968.365,4983.48,4966.475,4981.675,13921
1771473600,"2026-02-19 04:00:00",4981.58,4985.69,4977.09,4984.45,11372
1771477200,"2026-02-19 05:00:00",4984.42,4998.94,4984.42,4997.28,11473
1771480800,"2026-02-19 06:00:00",4997.275,5020.29,4996.765,5018.41,15958
1771484400,"2026-02-19 07:00:00",5018.405,5021.805,5008.815,5010.305,13633
1771488000,"2026-02-19 08:00:00",5010.33,5022.17,5006.31,5017.085,21946
1771491600,"2026-02-19 09:00:00",5017.23,5020.565,4993.215,4995.67,20823
1771495200,"2026-02-19 10:00:00",4995.62,4996.25,4981.45,4993.405,25227
1771498800,"2026-02-19 11:00:00",4993.41,4996.48,4977.98,4984.715,20125
1771502400,"2026-02-19 12:00:00",4984.725,4992.905,4980.765,4984.97,19597
1771506000,"2026-02-19 13:00:00",4985.02,4998.81,4971.125,4997.17,31715
1771509600,"2026-02-19 14:00:00",4997.12,5010.44,4963.445,5005.795,65666
1771513200,"2026-02-19 15:00:00",5005.89,5022.385,4996.095,5013.83,77671
1771516800,"2026-02-19 16:00:00",5013.865,5014.445,4990.22,4995.15,36757
1771520400,"2026-02-19 17:00:00",4995.23,5001.905,4982.84,4985.165,34350
1771524000,"2026-02-19 18:00:00",4985.2,4989.7,4975.41,4981.87,40238
1771527600,"2026-02-19 19:00:00",4981.875,4990.495,4978.325,4987.88,33230
1771531200,"2026-02-19 20:00:00",4987.935,5003.545,4987.915,5001.84,43358
1771534800,"2026-02-19 21:00:00",5001.84,5004.225,4992.065,4996.49,5082
1771542000,"2026-02-19 23:00:00",5000.805,5008.24,4985.56,4987.795,15276
1771545600,"2026-02-20 00:00:00",4987.955,5007.185,4985.435,5006.645,15310
1771549200,"2026-02-20 01:00:00",5006.635,5014.865,4995.475,4997.145,18458
1771552800,"2026-02-20 02:00:00",4997.135,5007.68,4992.9,4996.29,12599
1771556400,"2026-02-20 03:00:00",4996.35,4999.265,4981.67,4988.69,12057
1771560000,"2026-02-20 04:00:00",4988.7,5003.815,4986.96,4999.885,7377
1771563600,"2026-02-20 05:00:00",4999.925,5012.185,4997.915,5012.185,10502
1771567200,"2026-02-20 06:00:00",5012.09,5030.145,5011.89,5020.79,20461
1771570800,"2026-02-20 07:00:00",5020.745,5028.36,5006.145,5006.58,20150
1771574400,"2026-02-20 08:00:00",5006.605,5031.215,5004.97,5028.995,18840
1771578000,"2026-02-20 09:00:00",5029.2,5042.74,5027.625,5027.635,18570
1771581600,"2026-02-20 10:00:00",5027.67,5038.66,5019.52,5034.62,18804
1771585200,"2026-02-20 11:00:00",5034.615,5034.9,5015.585,5017.435,14608
1771588800,"2026-02-20 12:00:00",5017.405,5026.675,5007.285,5025.185,26318
1771592400,"2026-02-20 13:00:00",5025.19,5048.885,5018.145,5043.48,41572
1771596000,"2026-02-20 14:00:00",5043.5,5060.655,5037.31,5054.495,62250
1771599600,"2026-02-20 15:00:00",5054.65,5064.33,4990.585,5042.805,145769
1771603200,"2026-02-20 16:00:00",5042.515,5069.475,5038.835,5066.765,77125
1771606800,"2026-02-20 17:00:00",5066.745,5076.465,5054.555,5073.12,70543
1771610400,"2026-02-20 18:00:00",5073.06,5075.16,5053.79,5071.52,70369
1771614000,"2026-02-20 19:00:00",5071.525,5079.81,5068.785,5079.265,31777
1771617600,"2026-02-20 20:00:00",5079.26,5098.215,5077.01,5097.02,50082
1771621200,"2026-02-20 21:00:00",5097,5108.72,5091.8,5108.255,12440
1771801200,"2026-02-22 23:00:00",5118.71,5172.315,5117.815,5165.785,35817
1771804800,"2026-02-23 00:00:00",5165.79,5166.89,5129.61,5144.65,50829
1771808400,"2026-02-23 01:00:00",5144.84,5167.935,5139.885,5157.345,39468
1771812000,"2026-02-23 02:00:00",5157.375,5176.95,5156.765,5173.72,26656
1771815600,"2026-02-23 03:00:00",5173.69,5176.05,5151.775,5166.85,24200
1771819200,"2026-02-23 04:00:00",5166.84,5168.855,5155.44,5160.955,16190
1771822800,"2026-02-23 05:00:00",5160.9,5161.86,5152.165,5158.36,16340
1771826400,"2026-02-23 06:00:00",5158.35,5161.755,5145.13,5145.88,17576
1771830000,"2026-02-23 07:00:00",5145.93,5154.375,5125.19,5136.835,34467
1771833600,"2026-02-23 08:00:00",5136.785,5142.225,5122.22,5140.37,24189
1771837200,"2026-02-23 09:00:00",5140.31,5150.165,5139.16,5149.5,21327
1771840800,"2026-02-23 10:00:00",5149.59,5163.655,5145.16,5162.925,28211
1771844400,"2026-02-23 11:00:00",5162.985,5163.5,5146.36,5149.85,20272
1771848000,"2026-02-23 12:00:00",5149.78,5165.555,5145.535,5164.215,27470
1771851600,"2026-02-23 13:00:00",5164.2,5165.565,5143.85,5146.375,27612
1771855200,"2026-02-23 14:00:00",5146.325,5200.665,5141.615,5192.825,55471
1771858800,"2026-02-23 15:00:00",5192.69,5205.17,5180.72,5195.97,62781
1771862400,"2026-02-23 16:00:00",5195.905,5219.215,5175.805,5210.16,60844
1771866000,"2026-02-23 17:00:00",5210.545,5213.575,5191.275,5208.06,59375
1771869600,"2026-02-23 18:00:00",5208.09,5215.925,5201.015,5209.48,43433
1771873200,"2026-02-23 19:00:00",5209.525,5218.44,5206.65,5215.635,35138
1771876800,"2026-02-23 20:00:00",5215.69,5237.95,5214.875,5236.5,46691
1771880400,"2026-02-23 21:00:00",5236.5,5237.415,5226.43,5226.87,11220
1771887600,"2026-02-23 23:00:00",5244.98,5250.005,5233.83,5235.81,23701
1771891200,"2026-02-24 00:00:00",5235.87,5238.18,5217.52,5224.185,34133
1771894800,"2026-02-24 01:00:00",5224.19,5224.4,5145.135,5177.375,93959
1771898400,"2026-02-24 02:00:00",5177.38,5190.965,5165.46,5189.99,37847
1771902000,"2026-02-24 03:00:00",5189.905,5191.95,5171.02,5172.09,23041
1771905600,"2026-02-24 04:00:00",5172.025,5175.36,5161.12,5168.3,18797
1771909200,"2026-02-24 05:00:00",5168.21,5185.88,5164.15,5182.475,29196
1771912800,"2026-02-24 06:00:00",5182.47,5185.24,5155.905,5173.635,29781
1771916400,"2026-02-24 07:00:00",5173.64,5184.15,5164.25,5179.4,33026
1771920000,"2026-02-24 08:00:00",5179.18,5181.955,5165.21,5173.64,22319
1771923600,"2026-02-24 09:00:00",5173.5,5180.55,5166.565,5171.595,11433
1771927200,"2026-02-24 10:00:00",5171.55,5181.49,5163.355,5172.92,17586
1771930800,"2026-02-24 11:00:00",5172.97,5178.67,5171.02,5172.805,13127
1771934400,"2026-02-24 12:00:00",5172.795,5173.58,5145.01,5150.77,32369
1771938000,"2026-02-24 13:00:00",5151.105,5161.485,5111,5115.145,58424
1771941600,"2026-02-24 14:00:00",5115.14,5139.38,5093.225,5127.885,97691
1771945200,"2026-02-24 15:00:00",5127.9,5155.375,5117.875,5150.385,69737
1771948800,"2026-02-24 16:00:00",5150.39,5152.33,5130.68,5141.975,44870
1771952400,"2026-02-24 17:00:00",5141.95,5163.86,5141.685,5163.78,34112
1771956000,"2026-02-24 18:00:00",5163.715,5170.37,5153.575,5160.125,34437
1771959600,"2026-02-24 19:00:00",5160.12,5160.55,5146.39,5153.995,32662
1771963200,"2026-02-24 20:00:00",5154,5173.31,5146.65,5164.095,41012
1771966800,"2026-02-24 21:00:00",5164.02,5165.51,5139.88,5143.925,15468
1771974000,"2026-02-24 23:00:00",5135.495,5152.46,5128.285,5146.75,17741
1771977600,"2026-02-25 00:00:00",5146.76,5156.445,5136.85,5152.375,21974
1771981200,"2026-02-25 01:00:00",5152.37,5189.895,5144.185,5176.685,47935
1771984800,"2026-02-25 02:00:00",5176.66,5193.835,5166.495,5180.72,33019
1771988400,"2026-02-25 03:00:00",5181.045,5190.495,5178.125,5182,23656
1771992000,"2026-02-25 04:00:00",5181.95,5185.07,5171.815,5182.84,10406
1771995600,"2026-02-25 05:00:00",5182.845,5210.68,5182.69,5201.705,25705
1771999200,"2026-02-25 06:00:00",5201.72,5201.73,5182.455,5194.66,31237
1772002800,"2026-02-25 07:00:00",5194.64,5195.155,5180.325,5184.6,17530
1772006400,"2026-02-25 08:00:00",5184.625,5197.265,5184.185,5185.515,18111
1772010000,"2026-02-25 09:00:00",5185.465,5194.595,5176.635,5193.295,25497
1772013600,"2026-02-25 10:00:00",5193.3,5195.285,5169.84,5175.275,21450
1772017200,"2026-02-25 11:00:00",5175.27,5182.685,5155.095,5181.695,25313
1772020800,"2026-02-25 12:00:00",5181.645,5187.495,5177.33,5182.825,21652
1772024400,"2026-02-25 13:00:00",5182.805,5191.415,5181.1,5185.205,31498
1772028000,"2026-02-25 14:00:00",5185.175,5193.315,5158.645,5191.175,54356
1772031600,"2026-02-25 15:00:00",5191.095,5202.795,5172.2,5194.875,59357
1772035200,"2026-02-25 16:00:00",5194.805,5214.02,5189.87,5212.245,36518
1772038800,"2026-02-25 17:00:00",5212.325,5217.78,5203.7,5206.945,37632
1772042400,"2026-02-25 18:00:00",5206.96,5207.645,5200.55,5202.31,12388
1772046000,"2026-02-25 19:00:00",5202.4,5208.445,5191.695,5205.07,35579
1772049600,"2026-02-25 20:00:00",5205.085,5206.305,5144.905,5152.55,57007
1772053200,"2026-02-25 21:00:00",5152.51,5173.67,5150.58,5163.58,24292
1772060400,"2026-02-25 23:00:00",5173.57,5182.18,5161.46,5163.27,24927
1772064000,"2026-02-26 00:00:00",5163.275,5192.205,5155.13,5188.45,36197
1772067600,"2026-02-26 01:00:00",5188.455,5198.455,5178.53,5191.5,53582
1772071200,"2026-02-26 02:00:00",5191.495,5195.82,5174.07,5184.425,37107
1772074800,"2026-02-26 03:00:00",5184.42,5193.835,5182.88,5192.735,22341
1772078400,"2026-02-26 04:00:00",5192.725,5199.49,5190.415,5192.77,15365
1772082000,"2026-02-26 05:00:00",5192.81,5205.64,5189.935,5198.365,27350
1772085600,"2026-02-26 06:00:00",5198.395,5199.82,5190.41,5193.32,23039
1772089200,"2026-02-26 07:00:00",5193.365,5194.935,5179.725,5186.105,20697
1772092800,"2026-02-26 08:00:00",5186.025,5191.12,5167.7,5179.585,36082
1772096400,"2026-02-26 09:00:00",5179.28,5189.65,5174.05,5186.49,26200
1772100000,"2026-02-26 10:00:00",5186.485,5190.335,5165.75,5171.535,23919
1772103600,"2026-02-26 11:00:00",5171.505,5178.495,5161.05,5164.88,21296
1772107200,"2026-02-26 12:00:00",5164.91,5188.095,5157.87,5183.86,30896
1772110800,"2026-02-26 13:00:00",5183.855,5185.73,5164.375,5165.995,42110
1772114400,"2026-02-26 14:00:00",5165.985,5176.33,5140.14,5164.98,83741
1772118000,"2026-02-26 15:00:00",5164.535,5192.955,5130.235,5185.775,101609
1772121600,"2026-02-26 16:00:00",5185.82,5187.335,5172.96,5179.565,57346
1772125200,"2026-02-26 17:00:00",5179.61,5190.46,5162.025,5167.345,52142
1772128800,"2026-02-26 18:00:00",5167.49,5186.135,5160.53,5180.56,47897
1772132400,"2026-02-26 19:00:00",5180.555,5194.08,5179.675,5187,27532
1772136000,"2026-02-26 20:00:00",5187.01,5201.005,5186.74,5196.62,35807
1772139600,"2026-02-26 21:00:00",5196.62,5200.755,5182.945,5185.17,7534
1772146800,"2026-02-26 23:00:00",5182.035,5189.5,5179.005,5184.76,12058
1772150400,"2026-02-27 00:00:00",5184.74,5195.03,5170.115,5175.1,27040
1772154000,"2026-02-27 01:00:00",5175.12,5194.79,5166.995,5194.41,40019
1772157600,"2026-02-27 02:00:00",5194.47,5199.845,5173.59,5183.77,39245
1772161200,"2026-02-27 03:00:00",5183.7,5190.9,5181.175,5183.975,20620
1772164800,"2026-02-27 04:00:00",5183.98,5188.785,5181.015,5181.795,10563
1772168400,"2026-02-27 05:00:00",5181.805,5200.64,5181.58,5197.815,23178
1772172000,"2026-02-27 06:00:00",5197.83,5199.47,5185.065,5185.77,31212
1772175600,"2026-02-27 07:00:00",5185.725,5189.845,5175.795,5176.035,23133
1772179200,"2026-02-27 08:00:00",5176.2,5182.435,5174.38,5178.86,17175
1772182800,"2026-02-27 09:00:00",5178.855,5182.815,5172.225,5176.11,16635
1772186400,"2026-02-27 10:00:00",5176.145,5180.985,5168.685,5177.725,18780
1772190000,"2026-02-27 11:00:00",5177.69,5185.715,5172.66,5185.715,14040
1772193600,"2026-02-27 12:00:00",5185.73,5190.69,5183.12,5187.695,19326
1772197200,"2026-02-27 13:00:00",5187.705,5240.825,5186.895,5223.22,75601
1772200800,"2026-02-27 14:00:00",5223.17,5236.665,5213.935,5223.76,75685
1772204400,"2026-02-27 15:00:00",5223.595,5246.83,5214.97,5239.475,75976
1772208000,"2026-02-27 16:00:00",5239.48,5257.75,5221.89,5229.325,66080
1772211600,"2026-02-27 17:00:00",5229.32,5237.01,5220.76,5234.74,59032
1772215200,"2026-02-27 18:00:00",5234.75,5246.98,5222.665,5245.34,45480
1772218800,"2026-02-27 19:00:00",5245.35,5252.43,5240.205,5250.095,36904
1772222400,"2026-02-27 20:00:00",5250.135,5265.6,5248.735,5263.47,51220
1772226000,"2026-02-27 21:00:00",5263.455,5281.155,5257.32,5278.51,15539
1772406000,"2026-03-01 23:00:00",5368.53,5394.005,5329.785,5387.085,70555
1772409600,"2026-03-02 00:00:00",5387.08,5388.3,5341.28,5347.58,70631
1772413200,"2026-03-02 01:00:00",5347.57,5347.71,5303.39,5325.44,110116
1772416800,"2026-03-02 02:00:00",5325.34,5352.04,5317.325,5346.67,47508
1772420400,"2026-03-02 03:00:00",5346.72,5366.93,5344.415,5366.46,30263
1772424000,"2026-03-02 04:00:00",5366.625,5367.325,5345.16,5356.12,19179
1772427600,"2026-03-02 05:00:00",5356.2,5366.395,5340.82,5366.04,23763
1772431200,"2026-03-02 06:00:00",5366.045,5390.21,5363.835,5387.7,32213
1772434800,"2026-03-02 07:00:00",5387.69,5419.66,5385.035,5408.175,43926
1772438400,"2026-03-02 08:00:00",5408.155,5416.945,5391.39,5394.145,39741
1772442000,"2026-03-02 09:00:00",5394.11,5403.27,5386.09,5392.11,30761
1772445600,"2026-03-02 10:00:00",5392.115,5401.045,5379.055,5389.435,29379
1772449200,"2026-03-02 11:00:00",5389.445,5400.215,5374.37,5385.41,26633
1772452800,"2026-03-02 12:00:00",5385.43,5398.92,5378.96,5397.15,37429
1772456400,"2026-03-02 13:00:00",5397.195,5417.045,5381.965,5394.08,75462
1772460000,"2026-03-02 14:00:00",5394.1,5395.375,5306.51,5334.355,125850
1772463600,"2026-03-02 15:00:00",5334.125,5349.165,5308.27,5315.605,127883
1772467200,"2026-03-02 16:00:00",5315.545,5315.55,5260.285,5290.205,124033
1772470800,"2026-03-02 17:00:00",5290.235,5320.92,5287.11,5306.995,59759
1772474400,"2026-03-02 18:00:00",5306.99,5316.665,5289.87,5315.515,46583
1772478000,"2026-03-02 19:00:00",5315.54,5334.185,5313.875,5330.65,32525
1772481600,"2026-03-02 20:00:00",5330.685,5346.585,5328.44,5332.69,60838
1772485200,"2026-03-02 21:00:00",5332.63,5340.565,5321.705,5321.935,22397
1772492400,"2026-03-02 23:00:00",5344.96,5347.215,5329.3,5345.89,17731
1772496000,"2026-03-03 00:00:00",5345.95,5362.29,5336.98,5350.32,27500
1772499600,"2026-03-03 01:00:00",5350.345,5379.975,5338.02,5339.67,64094
1772503200,"2026-03-03 02:00:00",5339.69,5368.065,5332.94,5367.015,50275
1772506800,"2026-03-03 03:00:00",5367.025,5373.535,5358.94,5367.525,31918
1772510400,"2026-03-03 04:00:00",5367.535,5375.865,5359.515,5361.21,21032
1772514000,"2026-03-03 05:00:00",5361.145,5367.28,5305.1,5319.32,57239
1772517600,"2026-03-03 06:00:00",5319.36,5323.42,5279.005,5310.69,72140
1772521200,"2026-03-03 07:00:00",5310.705,5331.32,5306.095,5327.745,40503
1772524800,"2026-03-03 08:00:00",5327.735,5336.12,5290.085,5295.9,51530
1772528400,"2026-03-03 09:00:00",5295.835,5304.155,5225.57,5275.345,71476
1772532000,"2026-03-03 10:00:00",5275.28,5288.07,5237.96,5248.5,62631
1772535600,"2026-03-03 11:00:00",5248.49,5264.17,5073.135,5144.925,117901
1772539200,"2026-03-03 12:00:00",5144.95,5227.08,5138.915,5224.46,73536
1772542800,"2026-03-03 13:00:00",5224.575,5224.625,5127.6,5156.895,104555
1772546400,"2026-03-03 14:00:00",5156.885,5175.7,5016.125,5039.065,134677
1772550000,"2026-03-03 15:00:00",5039.085,5097.12,4996.275,5095.76,155953
1772553600,"2026-03-03 16:00:00",5095.755,5134.82,5090.715,5107.435,121566
1772557200,"2026-03-03 17:00:00",5107.45,5109.915,5065.5,5079.63,87273
1772560800,"2026-03-03 18:00:00",5079.545,5138.44,5079.375,5136.11,77298
1772564400,"2026-03-03 19:00:00",5136.13,5149.055,5099.43,5113.395,81832
1772568000,"2026-03-03 20:00:00",5113.385,5130.67,5086.21,5097.52,77718
1772571600,"2026-03-03 21:00:00",5097.525,5110.66,5083.45,5088.835,17005
1772578800,"2026-03-03 23:00:00",5106.335,5130.105,5105.37,5125.44,29829
1772582400,"2026-03-04 00:00:00",5125.43,5140.605,5105.72,5139.095,34447
1772586000,"2026-03-04 01:00:00",5139.075,5178.82,5139.055,5175.155,81160
1772589600,"2026-03-04 02:00:00",5175.075,5191.065,5154.07,5156.48,60915
1772593200,"2026-03-04 03:00:00",5156.49,5177.835,5141.14,5174.465,46440
1772596800,"2026-03-04 04:00:00",5174.455,5181.01,5151.77,5156.93,39304
1772600400,"2026-03-04 05:00:00",5157.265,5168.47,5152.095,5160.09,53909
1772604000,"2026-03-04 06:00:00",5160.095,5161.015,5117.72,5160.625,58595
1772607600,"2026-03-04 07:00:00",5160.6,5176.065,5158.55,5168.37,41720
1772611200,"2026-03-04 08:00:00",5168.345,5182.335,5147.64,5167.775,38225
1772614800,"2026-03-04 09:00:00",5167.73,5185.4,5159.33,5182.51,35322
1772618400,"2026-03-04 10:00:00",5182.53,5202.425,5179.725,5190.135,43870
1772622000,"2026-03-04 11:00:00",5190.17,5200.79,5187.645,5192.205,31475
1772625600,"2026-03-04 12:00:00",5192.21,5206.265,5156.51,5171.335,49306
1772629200,"2026-03-04 13:00:00",5171.315,5196.52,5167.53,5167.965,65515
1772632800,"2026-03-04 14:00:00",5167.99,5185.33,5138.98,5147.475,106943
1772636400,"2026-03-04 15:00:00",5146.005,5167.045,5131.34,5151.595,113482
1772640000,"2026-03-04 16:00:00",5151.49,5162.675,5138.28,5149.67,74036
1772643600,"2026-03-04 17:00:00",5149.675,5152.99,5120.285,5141.285,65785
1772647200,"2026-03-04 18:00:00",5141.23,5143.695,5108.64,5134.06,58880
1772650800,"2026-03-04 19:00:00",5134.055,5139.695,5123.385,5138.015,39254
1772654400,"2026-03-04 20:00:00",5137.975,5146.945,5123.785,5134.81,43842
1772658000,"2026-03-04 21:00:00",5134.835,5144.155,5129.595,5140.945,11805
1772665200,"2026-03-04 23:00:00",5152.485,5166.33,5144.86,5165.365,10816
1772668800,"2026-03-05 00:00:00",5165.375,5180.1,5159.35,5172.695,17159
1772672400,"2026-03-05 01:00:00",5172.69,5186.575,5167.665,5172.85,55838
1772676000,"2026-03-05 02:00:00",5172.8,5192.62,5171.895,5192.21,36344
1772679600,"2026-03-05 03:00:00",5192.155,5195.22,5178.35,5180.35,25273
1772683200,"2026-03-05 04:00:00",5180.325,5186.81,5166.315,5171.61,18128
1772686800,"2026-03-05 05:00:00",5171.615,5176.925,5148.41,5148.755,26624
1772690400,"2026-03-05 06:00:00",5148.755,5168.95,5120.785,5167.79,62973
1772694000,"2026-03-05 07:00:00",5167.74,5172.94,5158.8,5162.195,32483
1772697600,"2026-03-05 08:00:00",5162.11,5170.25,5137.54,5165.625,44806
1772701200,"2026-03-05 09:00:00",5165.63,5180.48,5152.48,5161.26,49443
1772704800,"2026-03-05 10:00:00",5161.255,5167.845,5146.24,5164.635,32549
1772708400,"2026-03-05 11:00:00",5164.685,5168.02,5156.955,5164.035,23169
1772712000,"2026-03-05 12:00:00",5164.05,5171.54,5160.755,5162.635,28087
1772715600,"2026-03-05 13:00:00",5162.615,5164.11,5081.23,5118.085,83449
1772719200,"2026-03-05 14:00:00",5118.09,5130.005,5090.54,5102.305,112582
1772722800,"2026-03-05 15:00:00",5102.3,5119.965,5060.625,5102.63,115399
1772726400,"2026-03-05 16:00:00",5102.635,5104.76,5054.22,5077.735,95017
1772730000,"2026-03-05 17:00:00",5077.74,5089.5,5055.065,5062.87,101822
1772733600,"2026-03-05 18:00:00",5062.75,5085.525,5050.905,5069.41,89425
1772737200,"2026-03-05 19:00:00",5069.395,5081.325,5055.775,5066.14,83620
1772740800,"2026-03-05 20:00:00",5066.145,5094.925,5061.805,5076.855,84125
1772744400,"2026-03-05 21:00:00",5076.9,5085.19,5072.29,5081.38,11639
1772751600,"2026-03-05 23:00:00",5090.81,5102.525,5082.155,5086.155,19126
1772755200,"2026-03-06 00:00:00",5086.075,5092.545,5074.22,5084.95,25671
1772758800,"2026-03-06 01:00:00",5084.895,5144.05,5066.4,5134.575,65873
1772762400,"2026-03-06 02:00:00",5134.44,5138.58,5122.075,5126.37,35444
1772766000,"2026-03-06 03:00:00",5126.345,5141.64,5124.44,5131.21,22210
1772769600,"2026-03-06 04:00:00",5131.2,5136.485,5126.25,5127.65,13672
1772773200,"2026-03-06 05:00:00",5127.53,5130.38,5114.23,5117.63,30373
1772776800,"2026-03-06 06:00:00",5117.595,5123.115,5109.25,5115.78,24525
1772780400,"2026-03-06 07:00:00",5115.84,5120.82,5105.72,5119.695,26003
1772784000,"2026-03-06 08:00:00",5119.7,5123.16,5096.54,5108.8,31738
1772787600,"2026-03-06 09:00:00",5108.805,5109.75,5083.33,5085.715,46571
1772791200,"2026-03-06 10:00:00",5085.77,5093.35,5075.66,5091.13,39934
1772794800,"2026-03-06 11:00:00",5091.165,5099.735,5063.215,5077.28,44927
1772798400,"2026-03-06 12:00:00",5077.34,5096.725,5076.43,5083.295,43935
1772802000,"2026-03-06 13:00:00",5083.29,5131.245,5065.5,5085.12,104090
1772805600,"2026-03-06 14:00:00",5085.17,5132.44,5080.905,5130.2,122051
1772809200,"2026-03-06 15:00:00",5130.18,5171.89,5127.96,5141.835,120681
1772812800,"2026-03-06 16:00:00",5141.84,5153.3,5125.865,5140.125,95291
1772816400,"2026-03-06 17:00:00",5140.225,5152.585,5129.02,5141.01,74621
1772820000,"2026-03-06 18:00:00",5141.015,5167.875,5138.88,5161.08,58310
1772823600,"2026-03-06 19:00:00",5161.07,5174.67,5156.79,5159.73,49855
1772827200,"2026-03-06 20:00:00",5159.9,5162.63,5149.34,5153.345,52291
1772830800,"2026-03-06 21:00:00",5153.34,5176.63,5150.99,5171.5,14225
1773007200,"2026-03-08 22:00:00",5171.95,5171.95,5104.345,5130.31,71421
1773010800,"2026-03-08 23:00:00",5130.31,5136.2,5044.14,5076.01,70592
1773014400,"2026-03-09 00:00:00",5076.02,5081.36,5028.54,5050.03,74218
1773018000,"2026-03-09 01:00:00",5049.625,5087.895,5015.045,5070.165,106788
1773021600,"2026-03-09 02:00:00",5070.235,5099.21,5055.21,5094.655,73031
1773025200,"2026-03-09 03:00:00",5095.515,5102.255,5081.87,5091.275,37989
1773028800,"2026-03-09 04:00:00",5091.295,5097.225,5085.36,5090.36,26988
1773032400,"2026-03-09 05:00:00",5090.35,5140.79,5081.185,5124.2,65515
1773036000,"2026-03-09 06:00:00",5124.185,5134.075,5097.22,5097.975,62711
1773039600,"2026-03-09 07:00:00",5097.97,5108.03,5088.265,5099.085,41871
1773043200,"2026-03-09 08:00:00",5099.145,5111.055,5087.07,5096.725,47348
1773046800,"2026-03-09 09:00:00",5096.71,5132.765,5095.085,5105.39,55405
1773050400,"2026-03-09 10:00:00",5105.4,5111.32,5083.845,5087.335,47636
1773054000,"2026-03-09 11:00:00",5087.3,5097.52,5079.93,5088.305,50267
1773057600,"2026-03-09 12:00:00",5088.29,5112.505,5088.29,5095.07,41592
1773061200,"2026-03-09 13:00:00",5095.075,5111.52,5067.42,5074.39,100612
1773064800,"2026-03-09 14:00:00",5074.44,5116.28,5060.595,5094.125,127458
1773068400,"2026-03-09 15:00:00",5094.01,5103.54,5079.585,5099.79,74241
1773072000,"2026-03-09 16:00:00",5099.885,5110.715,5094.76,5104.74,49933
1773075600,"2026-03-09 17:00:00",5104.76,5106.99,5089.135,5096.12,44696
1773079200,"2026-03-09 18:00:00",5096.07,5126.645,5092.51,5123.46,34785
1773082800,"2026-03-09 19:00:00",5123.535,5144.325,5118.375,5141.21,71122
1773086400,"2026-03-09 20:00:00",5141.265,5148.205,5134.4,5137.91,17888
1773093600,"2026-03-09 22:00:00",5128.805,5153.285,5117.355,5153.22,23448
1773097200,"2026-03-09 23:00:00",5153.265,5156.21,5135.64,5139.805,28222
1773100800,"2026-03-10 00:00:00",5139.61,5141.435,5124.89,5131.225,33637
1773104400,"2026-03-10 01:00:00",5131.155,5186.455,5124.835,5184.24,70871
1773108000,"2026-03-10 02:00:00",5184.245,5187.055,5164,5166.065,42266
1773111600,"2026-03-10 03:00:00",5166.055,5173.48,5155.56,5157.615,29278
1773115200,"2026-03-10 04:00:00",5157.555,5166.645,5154.47,5163.845,13938
1773118800,"2026-03-10 05:00:00",5163.84,5179.35,5163.815,5177.87,16199
1773122400,"2026-03-10 06:00:00",5178.08,5181.1,5171.84,5175.34,16942
1773126000,"2026-03-10 07:00:00",5175.325,5181.755,5158.395,5181.205,30215
1773129600,"2026-03-10 08:00:00",5181.155,5195.405,5175.005,5183.48,30231
1773133200,"2026-03-10 09:00:00",5183.58,5189.505,5180.58,5182.755,26876
1773136800,"2026-03-10 10:00:00",5182.76,5183.91,5156.5,5177.18,39966
1773140400,"2026-03-10 11:00:00",5177.225,5192.045,5171.82,5175.26,37107
1773144000,"2026-03-10 12:00:00",5175.42,5189.6,5162.485,5187.085,43034
1773147600,"2026-03-10 13:00:00",5187.01,5228.925,5186.005,5205.34,59704
1773151200,"2026-03-10 14:00:00",5205.455,5214.55,5185.3,5206.845,45107
1773154800,"2026-03-10 15:00:00",5206.76,5238.775,5203.285,5228.69,33643
1773158400,"2026-03-10 16:00:00",5228.88,5235.65,5222.75,5227.58,21179
1773162000,"2026-03-10 17:00:00",5227.585,5235.55,5223.7,5227.575,38790
1773165600,"2026-03-10 18:00:00",5227.57,5228.065,5160.65,5192.05,76760
1773169200,"2026-03-10 19:00:00",5192.08,5207.865,5179.905,5198.885,63365
1773172800,"2026-03-10 20:00:00",5198.88,5199.165,5191.875,5192.51,12331
1773180000,"2026-03-10 22:00:00",5191.79,5197.985,5183.47,5189.525,14047
1773183600,"2026-03-10 23:00:00",5189.44,5197.8,5187.835,5197.375,10549
1773187200,"2026-03-11 00:00:00",5197.38,5219.59,5186.66,5215.455,20721
1773190800,"2026-03-11 01:00:00",5215.45,5223.385,5208.65,5208.66,31687
1773194400,"2026-03-11 02:00:00",5208.72,5220.64,5194.02,5217.45,27152
1773198000,"2026-03-11 03:00:00",5217.32,5220.505,5199.42,5203.44,15030
1773201600,"2026-03-11 04:00:00",5203.445,5208.81,5199.595,5204.61,9934
1773205200,"2026-03-11 05:00:00",5204.4,5208.535,5190.705,5199.84,21236
1773208800,"2026-03-11 06:00:00",5199.57,5210.97,5191.53,5197.66,25532
1773212400,"2026-03-11 07:00:00",5197.655,5202.28,5184.56,5195.845,22372
1773216000,"2026-03-11 08:00:00",5195.825,5198.695,5175.35,5187.695,19591
1773219600,"2026-03-11 09:00:00",5187.67,5197.145,5179.63,5187.66,18494
1773223200,"2026-03-11 10:00:00",5187.88,5195.425,5177.23,5186.155,16478
1773226800,"2026-03-11 11:00:00",5186.22,5193.67,5175.87,5181.415,17460
1773230400,"2026-03-11 12:00:00",5181.38,5197.175,5166.835,5167.53,32253
1773234000,"2026-03-11 13:00:00",5167.48,5183.185,5149.155,5176.855,55937
1773237600,"2026-03-11 14:00:00",5176.86,5196.315,5174.565,5183.38,58617
1773241200,"2026-03-11 15:00:00",5183.39,5185.9,5164.075,5166.605,45296
1773244800,"2026-03-11 16:00:00",5166.51,5178.15,5163.81,5175.77,53788
1773248400,"2026-03-11 17:00:00",5175.84,5181.115,5154.985,5169.845,46929
1773252000,"2026-03-11 18:00:00",5169.885,5178.395,5169.355,5172.555,31046
1773255600,"2026-03-11 19:00:00",5172.605,5183.76,5169.375,5183.29,28504
1773259200,"2026-03-11 20:00:00",5183.215,5183.595,5175.265,5176.48,7384
1773266400,"2026-03-11 22:00:00",5178.045,5178.32,5129.83,5139.13,21221
1773270000,"2026-03-11 23:00:00",5139.14,5157.94,5133.295,5134.6,34106
1773273600,"2026-03-12 00:00:00",5134.61,5161.6,5125.64,5153.205,37181
1773277200,"2026-03-12 01:00:00",5153.2,5173.16,5151.435,5168.835,52489
1773280800,"2026-03-12 02:00:00",5168.705,5175.15,5145.935,5150.88,43512
1773284400,"2026-03-12 03:00:00",5150.955,5155.82,5147.405,5153.155,24873
1773288000,"2026-03-12 04:00:00",5153.255,5154.02,5140.62,5142.7,9476
1773291600,"2026-03-12 05:00:00",5142.76,5157.93,5137.17,5154.675,23082
1773295200,"2026-03-12 06:00:00",5154.66,5170.39,5147.4,5166.32,23764
1773298800,"2026-03-12 07:00:00",5166.325,5185.23,5164.52,5182.385,18042
1773302400,"2026-03-12 08:00:00",5182.38,5189.86,5175.88,5178.22,19235
1773306000,"2026-03-12 09:00:00",5178.205,5190.5,5174.43,5188.385,17860
1773309600,"2026-03-12 10:00:00",5188.35,5191.79,5175.965,5182.47,19019
1773313200,"2026-03-12 11:00:00",5182.445,5183.87,5172.875,5179.15,16702
1773316800,"2026-03-12 12:00:00",5179.18,5185.875,5163.685,5181.625,36072
1773320400,"2026-03-12 13:00:00",5181.575,5186.145,5146.085,5151.45,57612
1773324000,"2026-03-12 14:00:00",5151.48,5163.72,5138.475,5142.92,52139
1773327600,"2026-03-12 15:00:00",5142.71,5144.99,5109.85,5132.485,57028
1773331200,"2026-03-12 16:00:00",5132.485,5138.175,5121.23,5123.55,51748
1773334800,"2026-03-12 17:00:00",5123.495,5129.87,5102.615,5105.485,66258
1773338400,"2026-03-12 18:00:00",5105.49,5112.84,5090.885,5094.49,53243
1773342000,"2026-03-12 19:00:00",5094.48,5097.005,5079.37,5084.985,47543
1773345600,"2026-03-12 20:00:00",5085.02,5090.925,5055.125,5079.255,22324
1773352800,"2026-03-12 22:00:00",5083.865,5096.33,5077.79,5096.03,11461
1773356400,"2026-03-12 23:00:00",5096.055,5101.35,5088.97,5098.13,16465
1773360000,"2026-03-13 00:00:00",5098.135,5115.4,5097.48,5113.78,15111
1773363600,"2026-03-13 01:00:00",5113.95,5124.535,5108.72,5124.28,33528
1773367200,"2026-03-13 02:00:00",5124.35,5128.475,5110.455,5112.245,20486
1773370800,"2026-03-13 03:00:00",5112.225,5116.735,5106.42,5115.76,16000
1773374400,"2026-03-13 04:00:00",5115.62,5118.175,5102.825,5104.59,8430
1773378000,"2026-03-13 05:00:00",5104.82,5111.26,5098.415,5103.175,19489
1773381600,"2026-03-13 06:00:00",5103.165,5107.94,5085.665,5088.34,37428
1773385200,"2026-03-13 07:00:00",5088.18,5094.265,5071.935,5085.47,22755
1773388800,"2026-03-13 08:00:00",5085.465,5088.19,5061.72,5087.55,26593
1773392400,"2026-03-13 09:00:00",5087.485,5097.165,5083.36,5089.755,15484
1773396000,"2026-03-13 10:00:00",5089.675,5098.375,5079.94,5094.965,12794
1773399600,"2026-03-13 11:00:00",5095.065,5107.995,5086.385,5107.835,15141
1773403200,"2026-03-13 12:00:00",5107.84,5122.01,5104.365,5118.3,29732
1773406800,"2026-03-13 13:00:00",5118.335,5121.265,5096.57,5102.24,34087
1773410400,"2026-03-13 14:00:00",5102.21,5108.135,5035.535,5042.025,66334
1773414000,"2026-03-13 15:00:00",5042.03,5071.505,5031.015,5034.925,67777
1773417600,"2026-03-13 16:00:00",5034.775,5053.25,5019.2,5046.045,53093
1773421200,"2026-03-13 17:00:00",5045.955,5064.08,5043.555,5046.465,55955
1773424800,"2026-03-13 18:00:00",5046.445,5051.88,5036.26,5046.655,47942
1773428400,"2026-03-13 19:00:00",5046.67,5049.965,5009.745,5016.735,52150
1773432000,"2026-03-13 20:00:00",5016.77,5025.645,5012.505,5020.6,16889
1773612000,"2026-03-15 22:00:00",5014.955,5031.005,5000.91,5024.97,25178
1773615600,"2026-03-15 23:00:00",5025.05,5026.335,4967.775,4997.655,49936
1773619200,"2026-03-16 00:00:00",4997.64,5030.98,4996.69,5026.005,49565
1773622800,"2026-03-16 01:00:00",5026.02,5026.66,4982.675,5016.355,77902
1773626400,"2026-03-16 02:00:00",5016.3,5019.065,4997.895,5003.67,40895
1773630000,"2026-03-16 03:00:00",5003.61,5021.01,4998.21,5019.165,26248
1773633600,"2026-03-16 04:00:00",5019.15,5026.505,5012.575,5013.05,11316
1773637200,"2026-03-16 05:00:00",5013.045,5020.37,5003.41,5017.59,26530
1773640800,"2026-03-16 06:00:00",5017.57,5036.01,5005.405,5012.3,31623
1773644400,"2026-03-16 07:00:00",5012.57,5016.59,4991.895,4995.615,28398
1773648000,"2026-03-16 08:00:00",4995.6,5003.63,4985.115,4991.305,33750
1773651600,"2026-03-16 09:00:00",4991.135,4991.805,4972.535,4975.565,30533
1773655200,"2026-03-16 10:00:00",4975.575,4999.69,4970.23,4998.95,25447
1773658800,"2026-03-16 11:00:00",4998.91,5022.825,4992.78,4997.31,28262
1773662400,"2026-03-16 12:00:00",4997.335,5025.585,4994.55,5020.06,36249
1773666000,"2026-03-16 13:00:00",5020.055,5034.53,5013.885,5029.94,52808
1773669600,"2026-03-16 14:00:00",5029.88,5038.145,4988.09,4996.065,58050
1773673200,"2026-03-16 15:00:00",4996.07,5005.91,4983.89,4987.095,38821
1773676800,"2026-03-16 16:00:00",4987.07,4998.8,4974.235,4990.74,48104
1773680400,"2026-03-16 17:00:00",4990.78,5003.9,4984.015,4991.265,55631
1773684000,"2026-03-16 18:00:00",4991.26,5017.905,4990.045,5012.92,40181
1773687600,"2026-03-16 19:00:00",5012.935,5020.465,5008.235,5013.085,40552
1773691200,"2026-03-16 20:00:00",5013.08,5021.835,5004.8,5006.565,9996
1773698400,"2026-03-16 22:00:00",5011.11,5016.185,4998.685,5002.525,14338
1773702000,"2026-03-16 23:00:00",5002.425,5015.61,5002.13,5012.93,14532
1773705600,"2026-03-17 00:00:00",5012.925,5014.2,4998.29,5003.03,31205
1773709200,"2026-03-17 01:00:00",5002.91,5028.195,4994.935,5027.965,46626
1773712800,"2026-03-17 02:00:00",5027.935,5029.98,5019.85,5022.815,29902
1773716400,"2026-03-17 03:00:00",5022.77,5033.76,5020.93,5027.74,19536
1773720000,"2026-03-17 04:00:00",5027.72,5042.185,5026.185,5038.05,18510
1773723600,"2026-03-17 05:00:00",5038.045,5044.9,5020.12,5020.83,32775
1773727200,"2026-03-17 06:00:00",5020.92,5023.065,5005.04,5010.09,40716
1773730800,"2026-03-17 07:00:00",5010.115,5028.2,5009.18,5021.46,19223
1773734400,"2026-03-17 08:00:00",5021.455,5029.625,5018.685,5024.95,21272
1773738000,"2026-03-17 09:00:00",5024.905,5026.055,5010.165,5010.52,19772
1773741600,"2026-03-17 10:00:00",5010.505,5016.615,4992.06,5000.415,27106
1773745200,"2026-03-17 11:00:00",5000.4,5011.635,4996.925,5003.375,16974
1773748800,"2026-03-17 12:00:00",5003.38,5023.935,4999.485,5011.905,24841
1773752400,"2026-03-17 13:00:00",5011.9,5031.59,5005.59,5016.755,41711
1773756000,"2026-03-17 14:00:00",5016.745,5020.675,5002.965,5007.78,49389
1773759600,"2026-03-17 15:00:00",5007.73,5017.65,4973.72,4997.98,52091
1773763200,"2026-03-17 16:00:00",4998.005,5006.03,4991.705,5002.06,41764
1773766800,"2026-03-17 17:00:00",5002.05,5008.8,4996.695,5002.56,35716
1773770400,"2026-03-17 18:00:00",5002.57,5009.21,4999.935,5003.89,27914
1773774000,"2026-03-17 19:00:00",5003.885,5005.75,4996.445,5000.405,32470
1773777600,"2026-03-17 20:00:00",5000.445,5006.645,5000,5005.725,6718
1773784800,"2026-03-17 22:00:00",5001.96,5005.27,4993.39,4999.865,7324
1773788400,"2026-03-17 23:00:00",4999.915,5003.82,4999,5002.9,5866
1773792000,"2026-03-18 00:00:00",5002.885,5012.24,5000.315,5004.32,15196
1773795600,"2026-03-18 01:00:00",5004.3,5016.29,4991.455,4998.785,39840
1773799200,"2026-03-18 02:00:00",4998.83,5007.105,4990.615,4992.025,30266
1773802800,"2026-03-18 03:00:00",4992,4997.6,4986.305,4991.57,24315
1773806400,"2026-03-18 04:00:00",4991.575,4993.66,4981.83,4987.2,13150
1773810000,"2026-03-18 05:00:00",4987.17,5002.845,4984.8,4997.745,25469
1773813600,"2026-03-18 06:00:00",4997.74,5016.53,4996.19,5009.51,27636
1773817200,"2026-03-18 07:00:00",5009.64,5015.14,4990.515,4995.195,18688
1773820800,"2026-03-18 08:00:00",4995.175,4997.115,4977.455,4987.645,25940
1773824400,"2026-03-18 09:00:00",4987.645,4995.85,4984.87,4992.265,13931
1773828000,"2026-03-18 10:00:00",4992.27,4992.27,4958.83,4967.955,27079
1773831600,"2026-03-18 11:00:00",4968.07,4974.135,4924.88,4930.25,53974
1773835200,"2026-03-18 12:00:00",4930.305,4932.645,4870.87,4881.815,83392
1773838800,"2026-03-18 13:00:00",4881.78,4885.69,4834.38,4878.61,120429
1773842400,"2026-03-18 14:00:00",4878.655,4894.67,4856.795,4869.76,76973
1773846000,"2026-03-18 15:00:00",4869.885,4880.27,4861.29,4862.57,36705
1773849600,"2026-03-18 16:00:00",4862.52,4890.485,4861.085,4886.95,40353
1773853200,"2026-03-18 17:00:00",4887,4899.165,4883.97,4891.045,45852
1773856800,"2026-03-18 18:00:00",4891.05,4899.46,4852.505,4853.17,75810
1773860400,"2026-03-18 19:00:00",4853.155,4865.6,4838.35,4843.285,72920
1773864000,"2026-03-18 20:00:00",4843.25,4848.94,4806.845,4818.415,27623
1773871200,"2026-03-18 22:00:00",4824.645,4839.135,4804.225,4834.57,29951
1773874800,"2026-03-18 23:00:00",4834.66,4842.39,4828.435,4836.84,27012
1773878400,"2026-03-19 00:00:00",4836.855,4848.87,4835.475,4841.38,33659
1773882000,"2026-03-19 01:00:00",4841.385,4867.225,4832.995,4849.94,55015
1773885600,"2026-03-19 02:00:00",4849.915,4862.325,4841.49,4858.82,40524
1773889200,"2026-03-19 03:00:00",4858.77,4866.21,4850.84,4851,28294
1773892800,"2026-03-19 04:00:00",4851.01,4853.995,4845.84,4849.87,16444
1773896400,"2026-03-19 05:00:00",4849.86,4853.885,4827.125,4827.63,39848
1773900000,"2026-03-19 06:00:00",4827.62,4842.41,4747.72,4763.695,77045
1773903600,"2026-03-19 07:00:00",4763.54,4784.595,4727.25,4728.095,52853
1773907200,"2026-03-19 08:00:00",4728.065,4740.49,4686.885,4709.635,91015
1773910800,"2026-03-19 09:00:00",4709.64,4726.02,4687.79,4699.21,95455
1773914400,"2026-03-19 10:00:00",4699.2,4719.865,4666.81,4679.225,72865
1773918000,"2026-03-19 11:00:00",4679.26,4699.63,4651.16,4651.885,67805
1773921600,"2026-03-19 12:00:00",4651.84,4654.25,4531.275,4574.815,123954
1773925200,"2026-03-19 13:00:00",4574.745,4621.305,4502.365,4620.99,185308
1773928800,"2026-03-19 14:00:00",4621.025,4649.31,4581.345,4601.82,164708
1773932400,"2026-03-19 15:00:00",4601.83,4639.055,4566.19,4596.475,130921
1773936000,"2026-03-19 16:00:00",4596.46,4626.865,4576.99,4584.95,107966
1773939600,"2026-03-19 17:00:00",4584.94,4630.01,4573.915,4616.175,103335
1773943200,"2026-03-19 18:00:00",4616.205,4623.24,4596.115,4623.1,80684
1773946800,"2026-03-19 19:00:00",4623.13,4663.63,4623.095,4644.06,127215
1773950400,"2026-03-19 20:00:00",4644.04,4662.08,4643.07,4650.72,26043
1773957600,"2026-03-19 22:00:00",4659.99,4677.205,4636.27,4636.455,28718
1773961200,"2026-03-19 23:00:00",4636.465,4648.355,4634.355,4643.815,26153
1773964800,"2026-03-20 00:00:00",4643.745,4665.1,4642.16,4648.745,32930
1773968400,"2026-03-20 01:00:00",4648.74,4699.53,4639.42,4677.3,71832
1773972000,"2026-03-20 02:00:00",4677.355,4703.785,4670.575,4698.5,50632
1773975600,"2026-03-20 03:00:00",4698.47,4736.175,4693.225,4725.93,44533
1773979200,"2026-03-20 04:00:00",4725.935,4727.725,4715.145,4721.82,17626
1773982800,"2026-03-20 05:00:00",4721.845,4723.835,4685.6,4688.335,44381
1773986400,"2026-03-20 06:00:00",4688.34,4701.16,4661.305,4669.22,54566
1773990000,"2026-03-20 07:00:00",4669.195,4707.915,4667.95,4706.43,29337
1773993600,"2026-03-20 08:00:00",4706.435,4734.96,4684.805,4693.85,36890
1773997200,"2026-03-20 09:00:00",4693.855,4700.65,4660.06,4667.73,39881
1774000800,"2026-03-20 10:00:00",4667.755,4670.2,4638.195,4645.465,51823
1774004400,"2026-03-20 11:00:00",4645.405,4674.29,4637.245,4671.9,47668
1774008000,"2026-03-20 12:00:00",4671.915,4695.705,4661.81,4678.445,76052
1774011600,"2026-03-20 13:00:00",4678.42,4679.615,4613.025,4616.64,125732
1774015200,"2026-03-20 14:00:00",4616.555,4622.74,4548.035,4563.96,156787
1774018800,"2026-03-20 15:00:00",4563.935,4580.43,4540.785,4553.61,117447
1774022400,"2026-03-20 16:00:00",4553.27,4614.065,4552.04,4583.105,101490
1774026000,"2026-03-20 17:00:00",4583.155,4600.885,4554.785,4573.675,106662
1774029600,"2026-03-20 18:00:00",4573.685,4578.685,4477.54,4500.025,104248
1774033200,"2026-03-20 19:00:00",4500.05,4517,4485.51,4501.73,127276
1774036800,"2026-03-20 20:00:00",4501.81,4514.81,4493.66,4497.48,45558
1774216800,"2026-03-22 22:00:00",4472.24,4536.415,4471.95,4498.255,36460
1774220400,"2026-03-22 23:00:00",4498.28,4511.11,4452.08,4464.8,45031
1774224000,"2026-03-23 00:00:00",4464.98,4473.16,4319.92,4354.325,129359
1774227600,"2026-03-23 01:00:00",4354.13,4454.51,4330.325,4388.005,163215
1774231200,"2026-03-23 02:00:00",4387.985,4422.36,4354.68,4360.86,119534
1774234800,"2026-03-23 03:00:00",4360.865,4378.335,4334.795,4352.99,88255
1774238400,"2026-03-23 04:00:00",4352.99,4382.22,4349.91,4367.97,57324
1774242000,"2026-03-23 05:00:00",4367.92,4380.155,4302.165,4310.315,91708
1774245600,"2026-03-23 06:00:00",4310.305,4310.52,4163.07,4220.705,153578
1774249200,"2026-03-23 07:00:00",4220.68,4232.57,4099.125,4204.44,163677
1774252800,"2026-03-23 08:00:00",4204.52,4270.955,4203.03,4251.44,126601
1774256400,"2026-03-23 09:00:00",4251.45,4308.625,4223.685,4254.29,106060
1774260000,"2026-03-23 10:00:00",4254.27,4281.985,4241.165,4269.11,81108
1774263600,"2026-03-23 11:00:00",4269.145,4463.725,4269.145,4379.43,155293
1774267200,"2026-03-23 12:00:00",4379.465,4492.925,4336.29,4478.505,172936
1774270800,"2026-03-23 13:00:00",4478.51,4486.075,4401.76,4454.165,194939
1774274400,"2026-03-23 14:00:00",4454.32,4513.165,4453.635,4462.075,174354
1774278000,"2026-03-23 15:00:00",4462.08,4487.385,4350.63,4363.87,188117
1774281600,"2026-03-23 16:00:00",4363.545,4391.925,4352.31,4375.79,171165
1774285200,"2026-03-23 17:00:00",4375.745,4439.245,4370.825,4426.225,115097
1774288800,"2026-03-23 18:00:00",4426.32,4467.27,4402.185,4449.04,96213
1774292400,"2026-03-23 19:00:00",4448.88,4450.615,4392.99,4397.99,97421
1774296000,"2026-03-23 20:00:00",4398.325,4413.34,4382.855,4406.505,32230
1774303200,"2026-03-23 22:00:00",4382.825,4431.365,4359.74,4426.855,37596
1774306800,"2026-03-23 23:00:00",4426.83,4448.355,4422.035,4441.245,40861
1774310400,"2026-03-24 00:00:00",4441.05,4446.785,4331.36,4364.59,90726
1774314000,"2026-03-24 01:00:00",4364.635,4374.555,4307.99,4322.56,117358
1774317600,"2026-03-24 02:00:00",4322.545,4379.465,4305.88,4365.94,114745
1774321200,"2026-03-24 03:00:00",4365.895,4368.22,4335.2,4347.5,75884
1774324800,"2026-03-24 04:00:00",4347.445,4357.36,4326.615,4333.595,51296
1774328400,"2026-03-24 05:00:00",4333.6,4374.06,4320.04,4347.69,89999
1774332000,"2026-03-24 06:00:00",4347.69,4405.26,4343.23,4402.56,97498
1774335600,"2026-03-24 07:00:00",4402.54,4433.31,4399.775,4417.305,89069
1774339200,"2026-03-24 08:00:00",4417.54,4421.165,4391.285,4412.02,90524
1774342800,"2026-03-24 09:00:00",4411.975,4430.995,4395.97,4426.5,65262
1774346400,"2026-03-24 10:00:00",4426.61,4441.73,4414.79,4438.67,60214
1774350000,"2026-03-24 11:00:00",4438.62,4442.245,4374.74,4408.24,90383
1774353600,"2026-03-24 12:00:00",4408.235,4427.645,4362.065,4379.115,107501
1774357200,"2026-03-24 13:00:00",4379.06,4389.89,4351.09,4381.67,158275
1774360800,"2026-03-24 14:00:00",4381.66,4434.31,4380.855,4416.165,164244
1774364400,"2026-03-24 15:00:00",4416.12,4431.085,4396.455,4411.79,128142
1774368000,"2026-03-24 16:00:00",4411.85,4427.925,4402.635,4421.485,89748
1774371600,"2026-03-24 17:00:00",4421.49,4426.69,4372.655,4388.695,122889
1774375200,"2026-03-24 18:00:00",4388.725,4423.72,4383.95,4389.735,96575
1774378800,"2026-03-24 19:00:00",4389.59,4411.61,4388.695,4400.33,72529
1774382400,"2026-03-24 20:00:00",4400.14,4484.495,4397.575,4474.275,69587
1774389600,"2026-03-24 22:00:00",4476.635,4485.445,4455.885,4484.35,37523
1774393200,"2026-03-24 23:00:00",4484.285,4551.66,4472.855,4547.015,61319
1774396800,"2026-03-25 00:00:00",4546.99,4572.18,4537.49,4563.295,62344
1774400400,"2026-03-25 01:00:00",4563.265,4601.415,4552.375,4594.93,52324
1774404000,"2026-03-25 02:00:00",4594.93,4602.645,4579.835,4583.8,42898
1774407600,"2026-03-25 03:00:00",4583.725,4586.42,4567.755,4570.035,29707
1774411200,"2026-03-25 04:00:00",4570.015,4574.985,4565.59,4573.02,16987
1774414800,"2026-03-25 05:00:00",4573.15,4573.585,4549.225,4555.78,33439
1774418400,"2026-03-25 06:00:00",4555.79,4557.1,4533.145,4545.62,40550
1774422000,"2026-03-25 07:00:00",4545.595,4563.34,4537.115,4539.675,38225
1774425600,"2026-03-25 08:00:00",4539.705,4568.235,4536.05,4556.32,49264
1774429200,"2026-03-25 09:00:00",4556.295,4567.77,4527.89,4551.94,41641
1774432800,"2026-03-25 10:00:00",4552,4562.585,4551.39,4558.87,38445
1774436400,"2026-03-25 11:00:00",4558.915,4585.6,4556.21,4578.965,42240
1774440000,"2026-03-25 12:00:00",4578.97,4583.87,4521.88,4544.095,80694
1774443600,"2026-03-25 13:00:00",4544.09,4576.755,4540.925,4544.97,104423
1774447200,"2026-03-25 14:00:00",4544.96,4579.44,4533.22,4567.34,104126
1774450800,"2026-03-25 15:00:00",4567.245,4569.375,4525.265,4559.155,88101
1774454400,"2026-03-25 16:00:00",4559.14,4565.185,4545.4,4555.135,73290
1774458000,"2026-03-25 17:00:00",4555.155,4563.945,4542.96,4550.835,55417
1774461600,"2026-03-25 18:00:00",4550.83,4569.025,4530.955,4538.295,54286
1774465200,"2026-03-25 19:00:00",4538.305,4539.74,4486.59,4530.96,63896
1774468800,"2026-03-25 20:00:00",4530.955,4542.065,4494.7,4506.845,23095
1774476000,"2026-03-25 22:00:00",4521.855,4534.83,4505.76,4517.76,31052
1774479600,"2026-03-25 23:00:00",4517.755,4518.705,4489.075,4498.115,28484
1774483200,"2026-03-26 00:00:00",4498.11,4539.065,4498.04,4535.78,42798
1774486800,"2026-03-26 01:00:00",4535.72,4544.815,4522.525,4535.895,56968
1774490400,"2026-03-26 02:00:00",4535.89,4536.21,4505.675,4508.95,40816
1774494000,"2026-03-26 03:00:00",4508.955,4518.91,4500.055,4517.165,28568
1774497600,"2026-03-26 04:00:00",4517.235,4524.25,4511.71,4520.54,12545
1774501200,"2026-03-26 05:00:00",4520.58,4522.55,4438.975,4439.045,58514
1774504800,"2026-03-26 06:00:00",4439.035,4459.77,4415.87,4456.805,81862
1774508400,"2026-03-26 07:00:00",4456.82,4463.995,4439.115,4452.895,52977
1774512000,"2026-03-26 08:00:00",4452.775,4459.455,4412.44,4428.055,86861
1774515600,"2026-03-26 09:00:00",4427.995,4436.835,4414.705,4423.88,73487
1774519200,"2026-03-26 10:00:00",4423.905,4448.435,4416.995,4443.675,63547
1774522800,"2026-03-26 11:00:00",4443.73,4456.865,4419.34,4423.24,61777
1774526400,"2026-03-26 12:00:00",4423.265,4446.145,4416.775,4429.47,71619
1774530000,"2026-03-26 13:00:00",4429.315,4461.035,4420.24,4452.84,109916
1774533600,"2026-03-26 14:00:00",4452.87,4479.895,4437.34,4465.015,130225
1774537200,"2026-03-26 15:00:00",4464.89,4469.17,4434.315,4438.415,87367
1774540800,"2026-03-26 16:00:00",4438.185,4442.785,4366.95,4389.375,101818
1774544400,"2026-03-26 17:00:00",4389.305,4402.32,4377.285,4381.575,89167
1774548000,"2026-03-26 18:00:00",4381.505,4398.045,4367.83,4394.615,73436
1774551600,"2026-03-26 19:00:00",4394.76,4399.45,4359.445,4364.065,71643
1774555200,"2026-03-26 20:00:00",4364.075,4420.75,4351.355,4378.2,90261
1774562400,"2026-03-26 22:00:00",4388.67,4415.4,4387.215,4411.33,21509
1774566000,"2026-03-26 23:00:00",4411.44,4414.44,4389.84,4405.11,19604
1774569600,"2026-03-27 00:00:00",4405.165,4411.225,4375.525,4378.76,29929
1774573200,"2026-03-27 01:00:00",4378.745,4420.485,4377.28,4417.37,44583
1774576800,"2026-03-27 02:00:00",4417.495,4440.6,4416.99,4432.22,39365
1774580400,"2026-03-27 03:00:00",4432.195,4446.33,4421.39,4437.655,27719
1774584000,"2026-03-27 04:00:00",4437.68,4449.83,4431.62,4445.955,13412
1774587600,"2026-03-27 05:00:00",4446.08,4475.3,4440.74,4454.575,34711
1774591200,"2026-03-27 06:00:00",4454.335,4473.225,4451.9,4459.605,35416
1774594800,"2026-03-27 07:00:00",4459.575,4463.14,4443.12,4447.915,29645
1774598400,"2026-03-27 08:00:00",4447.875,4451.29,4424.025,4424.51,46920
1774602000,"2026-03-27 09:00:00",4424.465,4438.58,4420.885,4429.13,37788
1774605600,"2026-03-27 10:00:00",4429.135,4433.14,4410.56,4414.915,38673
1774609200,"2026-03-27 11:00:00",4414.92,4426.57,4404.58,4420.315,39020
1774612800,"2026-03-27 12:00:00",4420.355,4445.34,4412.89,4438.01,41748
1774616400,"2026-03-27 13:00:00",4437.97,4443.905,4413.775,4431.385,76746
1774620000,"2026-03-27 14:00:00",4431.37,4514.685,4430.85,4509.71,92351
1774623600,"2026-03-27 15:00:00",4509.705,4555.63,4501.78,4524.445,100252
1774627200,"2026-03-27 16:00:00",4524.45,4533.745,4505.62,4507.355,48304
1774630800,"2026-03-27 17:00:00",4511.27,4522.27,4486.505,4486.875,65619
1774634400,"2026-03-27 18:00:00",4486.88,4528.755,4486.815,4516.855,55385
1774638000,"2026-03-27 19:00:00",4516.775,4526.315,4500.76,4514.49,55028
1774641600,"2026-03-27 20:00:00",4514.625,4520.8,4491.13,4493.685,23544
1774821600,"2026-03-29 22:00:00",4512.54,4513.55,4480.84,4484.475,41172
1774825200,"2026-03-29 23:00:00",4484.47,4492.605,4443.945,4449.04,48079
1774828800,"2026-03-30 00:00:00",4449.03,4467.01,4417.43,4432.295,90670
1774832400,"2026-03-30 01:00:00",4431.87,4475.845,4431.825,4469.895,100198
1774836000,"2026-03-30 02:00:00",4469.81,4499.69,4458.89,4481.55,56344
1774839600,"2026-03-30 03:00:00",4481.505,4518.175,4479.095,4496.15,48195
1774843200,"2026-03-30 04:00:00",4496.165,4498.96,4486.7,4497.02,29734
1774846800,"2026-03-30 05:00:00",4497.03,4528.825,4497.02,4522.53,50488
1774850400,"2026-03-30 06:00:00",4522.63,4550.855,4517.31,4532.59,48410
1774854000,"2026-03-30 07:00:00",4532.58,4535.2,4515.87,4527.585,41564
1774857600,"2026-03-30 08:00:00",4527.495,4540.58,4525.12,4538.22,37589
1774861200,"2026-03-30 09:00:00",4538.23,4540.895,4523.605,4533.14,43828
1774864800,"2026-03-30 10:00:00",4533.165,4540.2,4527.785,4532.655,29888
1774868400,"2026-03-30 11:00:00",4532.67,4580.73,4525.645,4559.87,61636
1774872000,"2026-03-30 12:00:00",4559.875,4578.11,4545.33,4569.445,50609
1774875600,"2026-03-30 13:00:00",4569.49,4578.835,4516.935,4523.535,91434
1774879200,"2026-03-30 14:00:00",4523.525,4541.545,4512.57,4538.835,114245
1774882800,"2026-03-30 15:00:00",4538.885,4556.895,4524.7,4548.355,69628
1774886400,"2026-03-30 16:00:00",4548.295,4549.82,4532.415,4539.985,57712
1774890000,"2026-03-30 17:00:00",4539.92,4542.46,4511.685,4514.955,68128
1774893600,"2026-03-30 18:00:00",4514.945,4523.135,4498.505,4499.18,45787
1774897200,"2026-03-30 19:00:00",4499.2,4518.51,4493.1,4513.64,69853
1774900800,"2026-03-30 20:00:00",4513.59,4516.525,4501.27,4510.65,15506
1774908000,"2026-03-30 22:00:00",4517.71,4519.14,4502.035,4511.07,14170
1774911600,"2026-03-30 23:00:00",4511.025,4521.915,4492.8,4514.07,40341
1774915200,"2026-03-31 00:00:00",4514.075,4548.31,4482.66,4547.935,81546
1774918800,"2026-03-31 01:00:00",4547.94,4619.255,4532.15,4605.205,100715
1774922400,"2026-03-31 02:00:00",4605.205,4607.48,4565.795,4567.965,66206
1774926000,"2026-03-31 03:00:00",4567.99,4577.26,4550.455,4557.49,48019
1774929600,"2026-03-31 04:00:00",4557.47,4569.56,4556.955,4564.925,23716
1774933200,"2026-03-31 05:00:00",4564.535,4581.94,4547.9,4568.89,38501
1774936800,"2026-03-31 06:00:00",4568.925,4569.2,4553.445,4557.565,49077
1774940400,"2026-03-31 07:00:00",4557.555,4566.105,4543.51,4564.87,38783
1774944000,"2026-03-31 08:00:00",4564.875,4575.4,4560.645,4568.755,34919
1774947600,"2026-03-31 09:00:00",4568.8,4572.735,4550.205,4555.7,39088
1774951200,"2026-03-31 10:00:00",4555.75,4561.99,4529.545,4547.05,28350
1774954800,"2026-03-31 11:00:00",4547.12,4593.365,4541.365,4582.37,68242
1774958400,"2026-03-31 12:00:00",4582.39,4597.76,4569.21,4574.82,51307
1774962000,"2026-03-31 13:00:00",4575,4609.74,4567.98,4607.35,64532
1774965600,"2026-03-31 14:00:00",4607.275,4630.42,4594.97,4599.015,96247
1774969200,"2026-03-31 15:00:00",4598.94,4625.565,4598.94,4609.565,50557
1774972800,"2026-03-31 16:00:00",4609.615,4651.585,4607.135,4638.23,97557
1774976400,"2026-03-31 17:00:00",4638.14,4667.785,4636.5,4654.38,109253
1774980000,"2026-03-31 18:00:00",4654.39,4671.37,4653.52,4667.435,65048
1774983600,"2026-03-31 19:00:00",4667.44,4685.805,4661.86,4683.02,68295
1774987200,"2026-03-31 20:00:00",4682.945,4687.335,4664.86,4667.875,24450
1774994400,"2026-03-31 22:00:00",4674.535,4696.54,4662.125,4681.28,32236
1774998000,"2026-03-31 23:00:00",4681.32,4699.975,4671.985,4696.44,26250
1775001600,"2026-04-01 00:00:00",4696.4,4722.6,4693.52,4710.92,45270
1775005200,"2026-04-01 01:00:00",4710.93,4724.52,4681.225,4692.8,83217
1775008800,"2026-04-01 02:00:00",4692.81,4700.895,4678.235,4684.84,37064
1775012400,"2026-04-01 03:00:00",4684.83,4694.43,4679.735,4682,24355
1775016000,"2026-04-01 04:00:00",4682.005,4682.105,4667.195,4676.495,14658
1775019600,"2026-04-01 05:00:00",4676.61,4703.78,4674.72,4684.56,28113
1775023200,"2026-04-01 06:00:00",4684.59,4733.235,4682.55,4730.83,47445
1775026800,"2026-04-01 07:00:00",4730.825,4747.815,4709.815,4713.22,55209
1775030400,"2026-04-01 08:00:00",4713.17,4740.565,4710.445,4728.7,40976
1775034000,"2026-04-01 09:00:00",4728.77,4730.35,4713.195,4723.465,27153
1775037600,"2026-04-01 10:00:00",4723.46,4738.67,4715.47,4731.235,25982
1775041200,"2026-04-01 11:00:00",4731.22,4762.905,4728.43,4752.565,33174
1775044800,"2026-04-01 12:00:00",4752.61,4753.725,4724.4,4724.775,64380
1775048400,"2026-04-01 13:00:00",4724.82,4749.715,4716.28,4738.355,78331
1775052000,"2026-04-01 14:00:00",4738.48,4768.87,4724.3,4760.89,99904
1775055600,"2026-04-01 15:00:00",4760.96,4788.16,4758.575,4786.7,62032
1775059200,"2026-04-01 16:00:00",4786.685,4790.84,4774.305,4787.3,45612
1775062800,"2026-04-01 17:00:00",4787.305,4793.195,4774.035,4774.64,43991
1775066400,"2026-04-01 18:00:00",4774.63,4775.49,4742.17,4753.28,73031
1775070000,"2026-04-01 19:00:00",4753.27,4778.21,4751.335,4766.205,56426
1775073600,"2026-04-01 20:00:00",4766.185,4771.295,4754.145,4758.2,17795
1775080800,"2026-04-01 22:00:00",4758.465,4783.005,4751.98,4776.7,17688
1775084400,"2026-04-01 23:00:00",4776.84,4800.8,4773.795,4784.19,31835
1775088000,"2026-04-02 00:00:00",4784.15,4798.935,4775.21,4784.42,48548
1775091600,"2026-04-02 01:00:00",4784.41,4786.36,4649.465,4696.105,150067
1775095200,"2026-04-02 02:00:00",4695.875,4704.155,4655.525,4687.24,89238
1775098800,"2026-04-02 03:00:00",4687.23,4699.52,4676.04,4676.51,42053
1775102400,"2026-04-02 04:00:00",4676.57,4681.8,4657.175,4672.65,32761
1775106000,"2026-04-02 05:00:00",4672.635,4680.915,4585.755,4594.63,66568
1775109600,"2026-04-02 06:00:00",4594.645,4608.905,4553.85,4598.855,77230
1775113200,"2026-04-02 07:00:00",4598.83,4651.505,4597.245,4642.775,44984
1775116800,"2026-04-02 08:00:00",4642.77,4648.905,4616.78,4621.005,46397
1775120400,"2026-04-02 09:00:00",4620.995,4632.075,4613.15,4621.685,34991
1775124000,"2026-04-02 10:00:00",4621.825,4635.435,4603.775,4620.61,45313
1775127600,"2026-04-02 11:00:00",4620.6,4630.855,4592.895,4600.215,45906
1775131200,"2026-04-02 12:00:00",4600.23,4630.36,4594.71,4601.765,58908
1775134800,"2026-04-02 13:00:00",4601.71,4651.545,4580.65,4646.325,130301
1775138400,"2026-04-02 14:00:00",4646.265,4699.89,4631.85,4681.72,143036
1775142000,"2026-04-02 15:00:00",4681.66,4684.185,4652.76,4661.48,115383
1775145600,"2026-04-02 16:00:00",4661.46,4670.83,4642.925,4659.215,78261
1775149200,"2026-04-02 17:00:00",4659.22,4668.5,4645.78,4648.76,66630
1775152800,"2026-04-02 18:00:00",4648.765,4672.17,4647.465,4668.64,41979
1775156400,"2026-04-02 19:00:00",4668.655,4682.01,4661.495,4672.235,51038
1775160000,"2026-04-02 20:00:00",4672.325,4678.11,4664.475,4676.745,17906
1775426400,"2026-04-05 22:00:00",4638.25,4654.59,4607.09,4646.265,50829
1775430000,"2026-04-05 23:00:00",4646.27,4651.415,4604.97,4610.87,34719
1775433600,"2026-04-06 00:00:00",4610.97,4629.2,4600.85,4622.585,52663
1775437200,"2026-04-06 01:00:00",4622.63,4643.24,4620.605,4625.815,39704
1775440800,"2026-04-06 02:00:00",4625.8,4671.73,4623.815,4648.105,49615
1775444400,"2026-04-06 03:00:00",4648.07,4648.155,4625.47,4640.89,35587
1775448000,"2026-04-06 04:00:00",4640.875,4660.005,4640.065,4659.21,20154
1775451600,"2026-04-06 05:00:00",4659.205,4678.93,4651.375,4652.565,25116
1775455200,"2026-04-06 06:00:00",4652.585,4667.78,4643.505,4665.965,27879
1775458800,"2026-04-06 07:00:00",4665.96,4688.94,4645.12,4684.9,40184
1775462400,"2026-04-06 08:00:00",4684.815,4698.21,4680.7,4695.86,36937
1775466000,"2026-04-06 09:00:00",4696.09,4706.875,4690.94,4693.805,25696
1775469600,"2026-04-06 10:00:00",4693.84,4697.725,4684.655,4689.91,26003
1775473200,"2026-04-06 11:00:00",4690.12,4696.92,4677.07,4677.94,21948
1775476800,"2026-04-06 12:00:00",4677.92,4686.855,4659.655,4676.22,39790
1775480400,"2026-04-06 13:00:00",4676.21,4681.87,4659.8,4679.92,71780
1775484000,"2026-04-06 14:00:00",4679.91,4697.78,4660.455,4682.84,94533
1775487600,"2026-04-06 15:00:00",4682.835,4683.91,4652.095,4668.155,56324
1775491200,"2026-04-06 16:00:00",4668.22,4672.66,4658.12,4660.515,31808
1775494800,"2026-04-06 17:00:00",4660.55,4661.235,4645.885,4653.865,55893
1775498400,"2026-04-06 18:00:00",4653.87,4666.725,4648.905,4658.43,46946
1775502000,"2026-04-06 19:00:00",4658.395,4659.52,4645.805,4655.52,22067
1775505600,"2026-04-06 20:00:00",4655.485,4658.525,4649.305,4649.995,8895
1775512800,"2026-04-06 22:00:00",4661.755,4667.97,4656.805,4658.505,10243
1775516400,"2026-04-06 23:00:00",4658.54,4661.31,4651.555,4659.21,10333
1775520000,"2026-04-07 00:00:00",4659.185,4661.515,4649.46,4655.23,28333
1775523600,"2026-04-07 01:00:00",4655.22,4664.53,4616.53,4627.135,90637
1775527200,"2026-04-07 02:00:00",4627.21,4654.01,4620.165,4650.395,44534
1775530800,"2026-04-07 03:00:00",4650.38,4653.995,4639.655,4649.66,29115
1775534400,"2026-04-07 04:00:00",4649.65,4664.12,4645.695,4660.155,20956
1775538000,"2026-04-07 05:00:00",4660.24,4661.36,4623.475,4642.88,46326
1775541600,"2026-04-07 06:00:00",4642.93,4656.65,4638.04,4653.585,40800
1775545200,"2026-04-07 07:00:00",4653.575,4657.225,4636.91,4646.315,36120
1775548800,"2026-04-07 08:00:00",4646.305,4691.225,4644.395,4683.035,64019
1775552400,"2026-04-07 09:00:00",4682.905,4694.905,4658.905,4671.03,47171
1775556000,"2026-04-07 10:00:00",4671.075,4680.735,4649.46,4652.33,61160
1775559600,"2026-04-07 11:00:00",4652.345,4664.28,4629.02,4659.805,48439
1775563200,"2026-04-07 12:00:00",4659.875,4671.335,4647.075,4651.67,58009
1775566800,"2026-04-07 13:00:00",4651.675,4663.49,4635.625,4644.44,74827
1775570400,"2026-04-07 14:00:00",4644.32,4661.935,4607.63,4633.275,114386
1775574000,"2026-04-07 15:00:00",4633.335,4659.69,4624.885,4655.51,80253
1775577600,"2026-04-07 16:00:00",4655.505,4668.825,4652.87,4657.29,69622
1775581200,"2026-04-07 17:00:00",4657.28,4686.745,4654.115,4675.935,56811
1775584800,"2026-04-07 18:00:00",4675.875,4686.295,4657.63,4662.35,36068
1775588400,"2026-04-07 19:00:00",4662.41,4718.96,4660.735,4701.05,105958
1775592000,"2026-04-07 20:00:00",4701.06,4716.95,4697.415,4704.81,41632
1775599200,"2026-04-07 22:00:00",4741.845,4820.065,4713.04,4818.41,69249
1775602800,"2026-04-07 23:00:00",4818.42,4836.505,4801.285,4833.66,76663
1775606400,"2026-04-08 00:00:00",4833.65,4858.215,4808.885,4817.715,85165
1775610000,"2026-04-08 01:00:00",4817.73,4825.325,4788.12,4810.275,71937
1775613600,"2026-04-08 02:00:00",4810.1,4825.435,4798.91,4804.22,30577
1775617200,"2026-04-08 03:00:00",4804.2,4806.18,4795.25,4797.79,25668
1775620800,"2026-04-08 04:00:00",4797.77,4806.975,4790.38,4803.515,22726
1775624400,"2026-04-08 05:00:00",4803.53,4843.9,4800.47,4827.61,32684
1775628000,"2026-04-08 06:00:00",4827.635,4839.97,4820.02,4820.16,41222
1775631600,"2026-04-08 07:00:00",4820.18,4821.39,4805.17,4813.6,38111
1775635200,"2026-04-08 08:00:00",4813.595,4819.935,4790.39,4794.2,38413
1775638800,"2026-04-08 09:00:00",4794.12,4807.05,4776.285,4783.185,30169
1775642400,"2026-04-08 10:00:00",4783.18,4796.31,4771.18,4782.885,22681
1775646000,"2026-04-08 11:00:00",4782.88,4803.06,4778.33,4798.59,36111
1775649600,"2026-04-08 12:00:00",4798.785,4807.42,4768.4,4799.765,48137
1775653200,"2026-04-08 13:00:00",4799.705,4806.92,4767.1,4777.225,87146
1775656800,"2026-04-08 14:00:00",4777.185,4792.155,4732.305,4736.41,106854
1775660400,"2026-04-08 15:00:00",4736.35,4763.32,4734.165,4756.625,68499
1775664000,"2026-04-08 16:00:00",4756.635,4765.675,4745.35,4760.52,43780
1775667600,"2026-04-08 17:00:00",4760.605,4764.505,4731.69,4734.205,45070
1775671200,"2026-04-08 18:00:00",4734.22,4744.705,4703.47,4705.245,72426
1775674800,"2026-04-08 19:00:00",4705.12,4731.935,4699.305,4730.755,51667
1775678400,"2026-04-08 20:00:00",4730.625,4732.365,4717.225,4718.96,13774
1775685600,"2026-04-08 22:00:00",4727.55,4729.67,4704.58,4717.755,19935
1775689200,"2026-04-08 23:00:00",4717.745,4720.345,4705.535,4715.84,19861
1775692800,"2026-04-09 00:00:00",4715.8,4719.3,4698.725,4707.185,36564
1775696400,"2026-04-09 01:00:00",4707.18,4728.4,4699.905,4727.455,58645
1775700000,"2026-04-09 02:00:00",4727.46,4733.04,4717.525,4718.985,25481
1775703600,"2026-04-09 03:00:00",4718.96,4720.32,4705.39,4711.64,20573
1775707200,"2026-04-09 04:00:00",4711.69,4725.48,4709.845,4720.92,11362
1775710800,"2026-04-09 05:00:00",4720.985,4726.575,4705.98,4713.27,29380
1775714400,"2026-04-09 06:00:00",4713.285,4725.66,4703.58,4712.83,40363
1775718000,"2026-04-09 07:00:00",4712.84,4731.735,4705.53,4724.385,47479
1775721600,"2026-04-09 08:00:00",4724.38,4733.19,4720.04,4726.17,30046
1775725200,"2026-04-09 09:00:00",4726.145,4733.495,4723.25,4729.295,26461
1775728800,"2026-04-09 10:00:00",4729.285,4746.795,4723.785,4741.12,23375
1775732400,"2026-04-09 11:00:00",4741.155,4757.665,4738.635,4756.795,22494
1775736000,"2026-04-09 12:00:00",4756.81,4759.87,4735.065,4746.07,40449
1775739600,"2026-04-09 13:00:00",4746.06,4777.085,4738.655,4764.51,79429
1775743200,"2026-04-09 14:00:00",4764.51,4776.47,4747.3,4768.755,95840
1775746800,"2026-04-09 15:00:00",4768.795,4798.235,4761.31,4793.1,84339
1775750400,"2026-04-09 16:00:00",4793.135,4801.28,4784.705,4789.09,62039
1775754000,"2026-04-09 17:00:00",4789.085,4801.39,4786.935,4797.91,49450
1775757600,"2026-04-09 18:00:00",4797.915,4798.18,4767.99,4772.115,65785
1775761200,"2026-04-09 19:00:00",4772.13,4782.59,4766.935,4768.865,45349
1775764800,"2026-04-09 20:00:00",4768.875,4773.26,4760.835,4765.405,14718
1775772000,"2026-04-09 22:00:00",4772.62,4772.62,4758.915,4764.315,10665
1775775600,"2026-04-09 23:00:00",4764.33,4764.41,4757.085,4763.87,9490
1775779200,"2026-04-10 00:00:00",4763.935,4763.935,4750.535,4763.21,20173
1775782800,"2026-04-10 01:00:00",4763.22,4777.42,4758.07,4764.605,37161
1775786400,"2026-04-10 02:00:00",4764.82,4765.59,4738.105,4752.99,33778
1775790000,"2026-04-10 03:00:00",4752.985,4769.66,4752.905,4766.6,22589
1775793600,"2026-04-10 04:00:00",4766.66,4770.9,4757.98,4758.52,11414
1775797200,"2026-04-10 05:00:00",4758.51,4769.385,4757.445,4765.945,16446
1775800800,"2026-04-10 06:00:00",4765.96,4766.01,4742.935,4746.07,35194
1775804400,"2026-04-10 07:00:00",4746.035,4757.7,4741.51,4749.64,25625
1775808000,"2026-04-10 08:00:00",4749.825,4753.565,4730.74,4740.975,31320
1775811600,"2026-04-10 09:00:00",4741.005,4760.92,4740.695,4751.57,31853
1775815200,"2026-04-10 10:00:00",4751.585,4760.845,4742.33,4757.265,22292
1775818800,"2026-04-10 11:00:00",4757.28,4768.96,4753.38,4768.345,15517
1775822400,"2026-04-10 12:00:00",4768.46,4782.605,4759.845,4771.92,47082
1775826000,"2026-04-10 13:00:00",4771.93,4780.155,4764.95,4775.14,62431
1775829600,"2026-04-10 14:00:00",4775.47,4794.98,4767.35,4774.815,76829
1775833200,"2026-04-10 15:00:00",4774.835,4787.46,4755.41,4762.34,67378
1775836800,"2026-04-10 16:00:00",4762.42,4766.25,4747.375,4763.84,59085
1775840400,"2026-04-10 17:00:00",4763.865,4768.78,4758.235,4760.315,38647
1775844000,"2026-04-10 18:00:00",4760.33,4773.35,4751.175,4765.435,44281
1775847600,"2026-04-10 19:00:00",4765.41,4770.71,4758.405,4759.895,37352
1775851200,"2026-04-10 20:00:00",4759.885,4760.125,4741.01,4749.685,15753
1776031200,"2026-04-12 22:00:00",4670.425,4685.41,4644.595,4659.035,37660
1776034800,"2026-04-12 23:00:00",4659.05,4672.06,4644.465,4671.49,27461
1776038400,"2026-04-13 00:00:00",4671.47,4698.96,4664.625,4695.635,37913
1776042000,"2026-04-13 01:00:00",4695.63,4728.225,4693.79,4721.255,64972
1776045600,"2026-04-13 02:00:00",4721.245,4727.885,4711.44,4720.575,36063
1776049200,"2026-04-13 03:00:00",4720.57,4724.065,4712.19,4718.17,20543
1776052800,"2026-04-13 04:00:00",4718.16,4725.05,4708.64,4723.16,16205
1776056400,"2026-04-13 05:00:00",4723.17,4730.91,4716.39,4729.48,27883
1776060000,"2026-04-13 06:00:00",4729.475,4732.79,4720.86,4725.655,30902
1776063600,"2026-04-13 07:00:00",4725.67,4740.03,4724.73,4733.92,32873
1776067200,"2026-04-13 08:00:00",4733.95,4738.765,4720.43,4723.63,29157
1776070800,"2026-04-13 09:00:00",4723.635,4728.775,4710.605,4714.905,28781
1776074400,"2026-04-13 10:00:00",4714.91,4724.195,4708.365,4722.16,21318
1776078000,"2026-04-13 11:00:00",4722.135,4729.23,4703.375,4707.135,34471
1776081600,"2026-04-13 12:00:00",4707.14,4725.345,4703.905,4723.48,47148
1776085200,"2026-04-13 13:00:00",4723.43,4744.64,4721.125,4730.795,83440
1776088800,"2026-04-13 14:00:00",4730.52,4731.37,4708.875,4719.375,92814
1776092400,"2026-04-13 15:00:00",4719.36,4720.15,4700.565,4714.45,65366
1776096000,"2026-04-13 16:00:00",4714.465,4746.27,4709.545,4733.215,88180
1776099600,"2026-04-13 17:00:00",4733.225,4750.205,4725.605,4730.11,43050
1776103200,"2026-04-13 18:00:00",4730.12,4740.735,4723.54,4738.45,40415
1776106800,"2026-04-13 19:00:00",4738.435,4747.58,4730.85,4741.28,36271
1776110400,"2026-04-13 20:00:00",4741.345,4744.3,4738.4,4740.34,7174
1776117600,"2026-04-13 22:00:00",4746.92,4759.8,4745.84,4758.14,11484
1776121200,"2026-04-13 23:00:00",4758.12,4765.805,4754.54,4757.9,14957
1776124800,"2026-04-14 00:00:00",4758.02,4776.075,4751.77,4769.98,28785
1776128400,"2026-04-14 01:00:00",4769.94,4777.385,4761.79,4765.065,42411
1776132000,"2026-04-14 02:00:00",4765.07,4777.305,4762.15,4775.225,24357
1776135600,"2026-04-14 03:00:00",4775.22,4775.675,4765.65,4768.25,15335
1776139200,"2026-04-14 04:00:00",4768.215,4777.085,4767.095,4774.24,9268
1776142800,"2026-04-14 05:00:00",4774.24,4774.32,4757.855,4759.985,24329
1776146400,"2026-04-14 06:00:00",4760.015,4782.965,4760.015,4782.09,34911
1776150000,"2026-04-14 07:00:00",4782.095,4796.63,4767.855,4777.16,45937
1776153600,"2026-04-14 08:00:00",4777.155,4790,4774.14,4786.97,32870
1776157200,"2026-04-14 09:00:00",4787.08,4789.405,4771.735,4778.235,26063
1776160800,"2026-04-14 10:00:00",4778.245,4788.31,4751.22,4768.58,25479
1776164400,"2026-04-14 11:00:00",4768.52,4783.165,4767.03,4774.94,23162
1776168000,"2026-04-14 12:00:00",4774.905,4777.715,4762.36,4771.48,47507
1776171600,"2026-04-14 13:00:00",4771.475,4803.79,4771.185,4794.805,53204
1776175200,"2026-04-14 14:00:00",4794.825,4818.33,4793.065,4803.81,66768
1776178800,"2026-04-14 15:00:00",4803.8,4816.265,4791.115,4808.41,51568
1776182400,"2026-04-14 16:00:00",4808.44,4820.34,4805.255,4810.075,46091
1776186000,"2026-04-14 17:00:00",4810.12,4841.705,4809.54,4835.235,43016
1776189600,"2026-04-14 18:00:00",4835.215,4843.64,4830.895,4835.73,32835
1776193200,"2026-04-14 19:00:00",4835.75,4846.345,4835.75,4844.99,36438
1776196800,"2026-04-14 20:00:00",4845,4846.37,4839.7,4841.76,9059
1776204000,"2026-04-14 22:00:00",4849.155,4850.88,4833.195,4835.26,13295
1776207600,"2026-04-14 23:00:00",4835.14,4844.315,4833.68,4837.285,13579
1776211200,"2026-04-15 00:00:00",4837.315,4840.18,4827.285,4835.56,20926
1776214800,"2026-04-15 01:00:00",4835.52,4871.38,4828.335,4847.19,47443
1776218400,"2026-04-15 02:00:00",4847.175,4853.445,4820.715,4824.005,38547
1776222000,"2026-04-15 03:00:00",4824.02,4829.725,4816.915,4823.925,22311
1776225600,"2026-04-15 04:00:00",4823.955,4827.92,4820.3,4825.075,10022
1776229200,"2026-04-15 05:00:00",4825.125,4830.53,4812.735,4819.97,27547
1776232800,"2026-04-15 06:00:00",4819.975,4825.04,4811.31,4811.625,27935
1776236400,"2026-04-15 07:00:00",4811.565,4816.935,4804.05,4811.27,32729
1776240000,"2026-04-15 08:00:00",4811.15,4821.875,4804.595,4818.63,24673
1776243600,"2026-04-15 09:00:00",4818.56,4819.565,4786.08,4798.255,39922
1776247200,"2026-04-15 10:00:00",4798.25,4805.275,4790.095,4800.16,39607
1776250800,"2026-04-15 11:00:00",4800.175,4815.305,4795.57,4812.635,28994
1776254400,"2026-04-15 12:00:00",4812.65,4816.37,4807.025,4811.76,30612
1776258000,"2026-04-15 13:00:00",4811.69,4830.31,4808.57,4828.915,51281
1776261600,"2026-04-15 14:00:00",4828.93,4830.615,4813.505,4815.525,46212
1776265200,"2026-04-15 15:00:00",4815.535,4816.155,4787.145,4801.745,62107
1776268800,"2026-04-15 16:00:00",4801.74,4812.84,4800.17,4803.985,46708
1776272400,"2026-04-15 17:00:00",4803.975,4808.96,4790.82,4792.64,38637
1776276000,"2026-04-15 18:00:00",4792.63,4802.675,4790.24,4799.745,34897
1776279600,"2026-04-15 19:00:00",4799.715,4803.575,4794.685,4796.045,33552
1776283200,"2026-04-15 20:00:00",4796.095,4796.795,4787.895,4790.94,10004
1776290400,"2026-04-15 22:00:00",4798.465,4812.1,4790.87,4807.665,15154
1776294000,"2026-04-15 23:00:00",4807.675,4826.795,4807.615,4823.455,12378
1776297600,"2026-04-16 00:00:00",4823.385,4837.81,4820.345,4833.145,21862
1776301200,"2026-04-16 01:00:00",4833.205,4836.465,4811.33,4818.1,32031
1776304800,"2026-04-16 02:00:00",4818.165,4825.1,4812.465,4819.805,22218
1776308400,"2026-04-16 03:00:00",4819.785,4827.205,4819.115,4824.27,15906
1776312000,"2026-04-16 04:00:00",4824.255,4833.79,4822.885,4833.185,10471
1776315600,"2026-04-16 05:00:00",4833.21,4838.56,4821.215,4821.325,28082
1776319200,"2026-04-16 06:00:00",4821.31,4830.69,4814.46,4826.125,36618
1776322800,"2026-04-16 07:00:00",4826.14,4831.025,4817.12,4821.2,29951
1776326400,"2026-04-16 08:00:00",4821.29,4822.07,4806.59,4813.85,27350
1776330000,"2026-04-16 09:00:00",4813.815,4818.11,4807.04,4812.82,23657
1776333600,"2026-04-16 10:00:00",4812.825,4817.62,4805.165,4817.49,22362
1776337200,"2026-04-16 11:00:00",4817.475,4822.56,4815.535,4822.175,18257
1776340800,"2026-04-16 12:00:00",4822.28,4823.14,4811.59,4816.265,29550
1776344400,"2026-04-16 13:00:00",4816.285,4824.04,4784.73,4795.065,69188
1776348000,"2026-04-16 14:00:00",4795.08,4805.62,4772.575,4788.86,99613
1776351600,"2026-04-16 15:00:00",4788.815,4813.045,4788.43,4807.09,71971
1776355200,"2026-04-16 16:00:00",4807.16,4810.225,4785.245,4792.095,46734
1776358800,"2026-04-16 17:00:00",4792.105,4795.455,4781.45,4789.395,42669
1776362400,"2026-04-16 18:00:00",4789.405,4794.45,4785.865,4789.745,36797
1776366000,"2026-04-16 19:00:00",4789.795,4798.67,4789.63,4793.52,21568
1776369600,"2026-04-16 20:00:00",4793.565,4793.985,4786.45,4790.66,6467
1776376800,"2026-04-16 22:00:00",4793.945,4797.995,4790.925,4795.4,12171
1776380400,"2026-04-16 23:00:00",4795.185,4797.935,4791.77,4791.77,10559
1776384000,"2026-04-17 00:00:00",4791.725,4801.3,4785.965,4794.845,19049
1776387600,"2026-04-17 01:00:00",4794.88,4795.675,4767.845,4789.635,47709
1776391200,"2026-04-17 02:00:00",4789.575,4794.84,4784.64,4784.695,19793
1776394800,"2026-04-17 03:00:00",4784.685,4798.405,4784.68,4793.255,16145
1776398400,"2026-04-17 04:00:00",4793.195,4804.48,4792.71,4802.995,11511
1776402000,"2026-04-17 05:00:00",4802.99,4806.2,4793.78,4794.305,21624
1776405600,"2026-04-17 06:00:00",4794.345,4795.375,4779.455,4785.075,28983
1776409200,"2026-04-17 07:00:00",4785.195,4794.925,4778.81,4784.57,20903
1776412800,"2026-04-17 08:00:00",4784.585,4797.085,4781.035,4796.11,21908
1776416400,"2026-04-17 09:00:00",4796.115,4800.995,4790.125,4790.44,21638
1776420000,"2026-04-17 10:00:00",4790.445,4794.085,4782.255,4787.49,17321
1776423600,"2026-04-17 11:00:00",4787.595,4811.82,4783.67,4799.125,21823
1776427200,"2026-04-17 12:00:00",4799.25,4848.005,4797.68,4846.52,64406
1776430800,"2026-04-17 13:00:00",4846.53,4891.54,4834.915,4880.4,127645
1776434400,"2026-04-17 14:00:00",4880.33,4885.53,4860.85,4873.15,87070
1776438000,"2026-04-17 15:00:00",4873.135,4880.705,4855.065,4867.445,78454
1776441600,"2026-04-17 16:00:00",4867.44,4873.535,4863.745,4867.18,52529
1776445200,"2026-04-17 17:00:00",4867.15,4869.665,4853.79,4862.59,65168
1776448800,"2026-04-17 18:00:00",4862.585,4868.11,4855.785,4858.11,50748
1776452400,"2026-04-17 19:00:00",4858.095,4861.305,4852.96,4854.695,51166
1776456000,"2026-04-17 20:00:00",4854.645,4855.245,4830.79,4831.61,25344
1776636000,"2026-04-19 22:00:00",4774.815,4794.97,4771.055,4779.365,29256
1776639600,"2026-04-19 23:00:00",4779.36,4779.465,4736.83,4755.365,43917
1776643200,"2026-04-20 00:00:00",4755.285,4774.685,4744.515,4772.815,39653
1776646800,"2026-04-20 01:00:00",4772.8,4814.46,4771.44,4807.795,45970
1776650400,"2026-04-20 02:00:00",4807.805,4809.18,4793.26,4797.395,27428
1776654000,"2026-04-20 03:00:00",4797.37,4798.415,4788.875,4791.02,23685
1776657600,"2026-04-20 04:00:00",4791.04,4795.94,4787.245,4789.035,15381
1776661200,"2026-04-20 05:00:00",4789.06,4796.36,4779.54,4791.085,31338
1776664800,"2026-04-20 06:00:00",4791.06,4795.62,4784.025,4795.595,38159
1776668400,"2026-04-20 07:00:00",4795.6,4805.795,4786.905,4789.64,42913
1776672000,"2026-04-20 08:00:00",4789.55,4796.51,4786.16,4796.395,30186
1776675600,"2026-04-20 09:00:00",4796.355,4798.075,4783.72,4791.885,29802
1776679200,"2026-04-20 10:00:00",4791.865,4801.045,4789.93,4796.01,23289
1776682800,"2026-04-20 11:00:00",4796.02,4810.9,4786.8,4810.53,31656
1776686400,"2026-04-20 12:00:00",4810.525,4822.175,4799.125,4803.505,46107
1776690000,"2026-04-20 13:00:00",4803.495,4826.355,4799.695,4818.105,81586
1776693600,"2026-04-20 14:00:00",4818.12,4827.695,4792.615,4805.385,89147
1776697200,"2026-04-20 15:00:00",4805.4,4809.63,4792.785,4799.955,75702
1776700800,"2026-04-20 16:00:00",4799.96,4806.38,4792.865,4805.55,36194
1776704400,"2026-04-20 17:00:00",4805.645,4812.27,4803.9,4806.89,29547
1776708000,"2026-04-20 18:00:00",4806.84,4816.515,4806.84,4814.105,27402
1776711600,"2026-04-20 19:00:00",4814.065,4821.425,4810.615,4814.38,22718
1776715200,"2026-04-20 20:00:00",4814.43,4821.98,4812.3,4820.115,7561
1776722400,"2026-04-20 22:00:00",4825.135,4833.405,4823.365,4827.82,15871
1776726000,"2026-04-20 23:00:00",4827.79,4831.935,4819.855,4822.03,14074
1776729600,"2026-04-21 00:00:00",4822.07,4830.895,4817,4823.895,26112
1776733200,"2026-04-21 01:00:00",4823.9,4824.54,4805.795,4810.27,23910
1776736800,"2026-04-21 02:00:00",4810.295,4810.555,4802.695,4806.95,20678
1776740400,"2026-04-21 03:00:00",4807.055,4807.86,4792.77,4797.45,17327
1776744000,"2026-04-21 04:00:00",4797.48,4797.815,4788.87,4789.49,13445
1776747600,"2026-04-21 05:00:00",4789.415,4797.145,4783.28,4784.18,26091
1776751200,"2026-04-21 06:00:00",4784.15,4790.86,4774.8,4778.42,36244
1776754800,"2026-04-21 07:00:00",4778.4,4792.83,4772.885,4786.255,29948
1776758400,"2026-04-21 08:00:00",4786.23,4793.22,4774.685,4786.09,31460
1776762000,"2026-04-21 09:00:00",4786.11,4789.79,4781.29,4783.87,22552
1776765600,"2026-04-21 10:00:00",4783.885,4790.67,4780.965,4789.945,19037
1776769200,"2026-04-21 11:00:00",4789.95,4798.03,4775.49,4794.62,30484
1776772800,"2026-04-21 12:00:00",4794.615,4796.995,4766.545,4778.98,48279
1776776400,"2026-04-21 13:00:00",4778.97,4794.52,4760.35,4779.47,77817
1776780000,"2026-04-21 14:00:00",4779.35,4782.74,4723.77,4739.02,95673
1776783600,"2026-04-21 15:00:00",4739.04,4757.83,4727.845,4741.78,98609
1776787200,"2026-04-21 16:00:00",4741.79,4747.06,4708.375,4711.27,76454
1776790800,"2026-04-21 17:00:00",4711.29,4722.28,4697.16,4711.28,94316
1776794400,"2026-04-21 18:00:00",4711.185,4714.97,4692.46,4709.555,77690
1776798000,"2026-04-21 19:00:00",4709.59,4715.06,4668.62,4679.48,103076
1776801600,"2026-04-21 20:00:00",4679.47,4721.25,4669.175,4720.685,54720
1776808800,"2026-04-21 22:00:00",4726.085,4726.52,4715.78,4719.63,16096
1776812400,"2026-04-21 23:00:00",4719.565,4740.66,4718.145,4738.14,16932
1776816000,"2026-04-22 00:00:00",4738.375,4747.455,4738.375,4740.02,21734
1776819600,"2026-04-22 01:00:00",4739.96,4754.745,4735.875,4752.27,34072
1776823200,"2026-04-22 02:00:00",4752.36,4759.025,4750.155,4755.845,22167
1776826800,"2026-04-22 03:00:00",4755.84,4765.035,4753.17,4758.26,20305
1776830400,"2026-04-22 04:00:00",4758.275,4759.76,4752.325,4754.665,12212
1776834000,"2026-04-22 05:00:00",4754.715,4772,4752.32,4767.83,30421
1776837600,"2026-04-22 06:00:00",4767.74,4768.015,4758.775,4767.905,24916
1776841200,"2026-04-22 07:00:00",4767.9,4772.385,4759.69,4760.68,25651
1776844800,"2026-04-22 08:00:00",4760.705,4762.455,4751.98,4757.19,25551
1776848400,"2026-04-22 09:00:00",4757.085,4762.595,4752.57,4755.335,22337
1776852000,"2026-04-22 10:00:00",4755.41,4760.415,4745.89,4759.435,23496
1776855600,"2026-04-22 11:00:00",4759.465,4760.985,4747.88,4750.515,18766
1776859200,"2026-04-22 12:00:00",4750.52,4760.305,4742.98,4744.54,35200
1776862800,"2026-04-22 13:00:00",4744.555,4760.99,4736.595,4752.99,65479
1776866400,"2026-04-22 14:00:00",4752.88,4757.53,4729.99,4736.11,72000
1776870000,"2026-04-22 15:00:00",4736.14,4740.395,4725.02,4727.68,58376
1776873600,"2026-04-22 16:00:00",4727.81,4735.045,4723.995,4728.62,43383
1776877200,"2026-04-22 17:00:00",4728.615,4739.64,4728.56,4737.36,35427
1776880800,"2026-04-22 18:00:00",4737.31,4750.2,4729.985,4741.81,28898
1776884400,"2026-04-22 19:00:00",4741.8,4745.595,4737.075,4740.39,36211
1776888000,"2026-04-22 20:00:00",4740.375,4740.965,4734.59,4740.455,12061
1776895200,"2026-04-22 22:00:00",4741.96,4742.305,4725.82,4726.07,10665
1776898800,"2026-04-22 23:00:00",4726.12,4730.005,4723.645,4727.88,11759
1776902400,"2026-04-23 00:00:00",4727.89,4754.2,4694.135,4747.765,63906
1776906000,"2026-04-23 01:00:00",4747.755,4750.06,4722.35,4723.555,43934
1776909600,"2026-04-23 02:00:00",4723.54,4724.81,4698.405,4699.095,46118
1776913200,"2026-04-23 03:00:00",4699.025,4708.74,4698.26,4704.1,34172
1776916800,"2026-04-23 04:00:00",4704.03,4707.255,4698.935,4704.49,17739
1776920400,"2026-04-23 05:00:00",4704.55,4715.36,4692.485,4713.625,30117
1776924000,"2026-04-23 06:00:00",4713.655,4721.57,4708.6,4713.115,34558
1776927600,"2026-04-23 07:00:00",4713.095,4720.59,4703.2,4719.275,38337
1776931200,"2026-04-23 08:00:00",4719.28,4725.115,4701.78,4703.45,32201
1776934800,"2026-04-23 09:00:00",4703.385,4703.79,4694.765,4697.825,31461
1776938400,"2026-04-23 10:00:00",4697.83,4701.805,4684.265,4696.82,36243
1776942000,"2026-04-23 11:00:00",4696.84,4721.065,4695.575,4720.925,33512
1776945600,"2026-04-23 12:00:00",4720.935,4743.2,4719.905,4740.125,65010
1776949200,"2026-04-23 13:00:00",4740.115,4741.23,4723.95,4724.435,65387
1776952800,"2026-04-23 14:00:00",4724.44,4736.69,4717.185,4733.705,77560
1776956400,"2026-04-23 15:00:00",4733.755,4741.205,4716.545,4720.65,49364
1776960000,"2026-04-23 16:00:00",4720.685,4737.275,4715.76,4733.055,42333
1776963600,"2026-04-23 17:00:00",4733.095,4734.61,4664.38,4709.665,132395
1776967200,"2026-04-23 18:00:00",4709.69,4722.24,4699.43,4701.045,73447
1776970800,"2026-04-23 19:00:00",4701.06,4704.66,4689.56,4696.08,65366
1776974400,"2026-04-23 20:00:00",4696.125,4698.365,4686.715,4694.09,21934
1776981600,"2026-04-23 22:00:00",4695.935,4699.445,4690.21,4693.5,13812
1776985200,"2026-04-23 23:00:00",4693.495,4700.84,4686.65,4695.445,20023
1776988800,"2026-04-24 00:00:00",4695.485,4708.175,4690.965,4704.69,32710
1776992400,"2026-04-24 01:00:00",4704.68,4711.23,4690.29,4699.4,38856
1776996000,"2026-04-24 02:00:00",4699.415,4700.57,4673.05,4676.955,41889
1776999600,"2026-04-24 03:00:00",4676.96,4678.435,4668.68,4672.38,30505
1777003200,"2026-04-24 04:00:00",4672.37,4676.98,4658.03,4674.485,27571
1777006800,"2026-04-24 05:00:00",4674.55,4687.245,4669.755,4686.555,28191
1777010400,"2026-04-24 06:00:00",4686.56,4688.255,4667.055,4671.975,31223
1777014000,"2026-04-24 07:00:00",4671.895,4695.45,4671.085,4694.49,23062
1777017600,"2026-04-24 08:00:00",4694.51,4697.55,4685.25,4690.915,24417
1777021200,"2026-04-24 09:00:00",4690.925,4696.76,4679.35,4682.33,32446
1777024800,"2026-04-24 10:00:00",4682.28,4686.33,4674.88,4677.935,23373
1777028400,"2026-04-24 11:00:00",4677.93,4717.44,4677.88,4706.87,63871
1777032000,"2026-04-24 12:00:00",4706.855,4712.025,4690.36,4700.64,47501
1777035600,"2026-04-24 13:00:00",4700.71,4717.485,4689.665,4711.835,77350
1777039200,"2026-04-24 14:00:00",4711.585,4740.57,4706.92,4726.435,83110
1777042800,"2026-04-24 15:00:00",4726.485,4733.425,4715.125,4727.12,72901
1777046400,"2026-04-24 16:00:00",4727.04,4729.76,4719.255,4726.98,46613
1777050000,"2026-04-24 17:00:00",4726.99,4730.16,4719.17,4723.35,41314
1777053600,"2026-04-24 18:00:00",4723.375,4724.975,4717.015,4722.91,28466
1777057200,"2026-04-24 19:00:00",4722.94,4726.17,4713.785,4716.395,30076
1777060800,"2026-04-24 20:00:00",4716.405,4717.595,4705.465,4709.75,17256
1777240800,"2026-04-26 22:00:00",4696.875,4697.365,4680.28,4684.6,17890
1777244400,"2026-04-26 23:00:00",4684.54,4685.02,4675.21,4680.235,17490
1777248000,"2026-04-27 00:00:00",4680.22,4698.535,4672.405,4697.94,25835
1777251600,"2026-04-27 01:00:00",4697.9,4710.08,4691.07,4702.77,55821
1777255200,"2026-04-27 02:00:00",4702.815,4723.54,4696.38,4718.29,27985
1777258800,"2026-04-27 03:00:00",4718.26,4729.63,4714.535,4724.23,14091
1777262400,"2026-04-27 04:00:00",4724.17,4729.965,4722.615,4725,13738
1777266000,"2026-04-27 05:00:00",4725.01,4725.59,4708.985,4710.325,19973
1777269600,"2026-04-27 06:00:00",4710.315,4715.895,4709.44,4712.78,33531
1777273200,"2026-04-27 07:00:00",4712.785,4718.46,4710.16,4713.5,25515
1777276800,"2026-04-27 08:00:00",4713.42,4714.94,4705.595,4706.795,31621
1777280400,"2026-04-27 09:00:00",4706.79,4708.365,4699.3,4703.77,19536
1777284000,"2026-04-27 10:00:00",4703.78,4711.075,4699.675,4708.76,17467
1777287600,"2026-04-27 11:00:00",4708.795,4709.145,4700.345,4705.12,21172
1777291200,"2026-04-27 12:00:00",4705.135,4712.655,4697.12,4699.43,35508
1777294800,"2026-04-27 13:00:00",4699.405,4703.68,4689.125,4696.225,67432
1777298400,"2026-04-27 14:00:00",4696.24,4696.84,4676.715,4678.24,69848
1777302000,"2026-04-27 15:00:00",4678.255,4682.755,4667.335,4670.235,63765
1777305600,"2026-04-27 16:00:00",4670.24,4679.715,4667.425,4676.895,37693
1777309200,"2026-04-27 17:00:00",4676.915,4686.305,4668.44,4682.24,41830
1777312800,"2026-04-27 18:00:00",4682.245,4685.585,4679.06,4680.735,26127
1777316400,"2026-04-27 19:00:00",4680.715,4682.765,4676.74,4680.915,20811
1777320000,"2026-04-27 20:00:00",4680.91,4681.955,4677.55,4681.955,6009
1777327200,"2026-04-27 22:00:00",4682.585,4691.32,4682.385,4687.87,11700
1777330800,"2026-04-27 23:00:00",4687.835,4694.945,4687.195,4692.06,7821
1777334400,"2026-04-28 00:00:00",4692.195,4701.64,4690.64,4690.835,15312
1777338000,"2026-04-28 01:00:00",4690.82,4691.75,4669.475,4670.76,34182
1777341600,"2026-04-28 02:00:00",4670.85,4680.015,4666.6,4669.17,26006
1777345200,"2026-04-28 03:00:00",4669.265,4676.255,4668.59,4671.155,13842
1777348800,"2026-04-28 04:00:00",4671.07,4671.41,4666.755,4667.73,12533
1777352400,"2026-04-28 05:00:00",4667.84,4668.08,4624.08,4632.39,49689
1777356000,"2026-04-28 06:00:00",4632.34,4643.13,4623.545,4629.06,44951
1777359600,"2026-04-28 07:00:00",4629.035,4639.5,4620.655,4633.015,41314
1777363200,"2026-04-28 08:00:00",4633.025,4635.585,4614.75,4629.77,44260
1777366800,"2026-04-28 09:00:00",4629.73,4630.12,4604.675,4604.755,40055
1777370400,"2026-04-28 10:00:00",4604.68,4616.78,4603.365,4603.41,33971
1777374000,"2026-04-28 11:00:00",4603.405,4608.95,4555.635,4562.795,68100
1777377600,"2026-04-28 12:00:00",4562.895,4600.3,4555.135,4593.935,73820
1777381200,"2026-04-28 13:00:00",4593.905,4594.85,4570.86,4580.71,104379
1777384800,"2026-04-28 14:00:00",4580.645,4580.88,4557.36,4574.645,112765
1777388400,"2026-04-28 15:00:00",4574.655,4586.73,4566.995,4586.625,92490
1777392000,"2026-04-28 16:00:00",4586.63,4594.93,4577.915,4592.24,58087
1777395600,"2026-04-28 17:00:00",4592.255,4601.51,4587.28,4594.945,48055
1777399200,"2026-04-28 18:00:00",4594.965,4600.655,4592.225,4594.415,35904
1777402800,"2026-04-28 19:00:00",4594.43,4600.18,4593.415,4595.695,25732
1777406400,"2026-04-28 20:00:00",4595.565,4598.65,4591.275,4596.8,10704
1777413600,"2026-04-28 22:00:00",4598.745,4598.745,4592.38,4594.17,8502
1777417200,"2026-04-28 23:00:00",4594.175,4596.27,4588.095,4595.75,11805
1777420800,"2026-04-29 00:00:00",4595.755,4610.535,4594.995,4600.52,20964
1777424400,"2026-04-29 01:00:00",4600.53,4600.765,4575.72,4585.015,63746
1777428000,"2026-04-29 02:00:00",4585.04,4604.32,4585.02,4593.71,42063
1777431600,"2026-04-29 03:00:00",4593.715,4603.415,4592.395,4595.71,20685
1777435200,"2026-04-29 04:00:00",4595.725,4605.835,4595.48,4604.825,15618
1777438800,"2026-04-29 05:00:00",4604.81,4607.725,4590.775,4591.15,26709
1777442400,"2026-04-29 06:00:00",4591.105,4598.87,4580.925,4584.665,36985
1777446000,"2026-04-29 07:00:00",4584.69,4589.005,4567.37,4567.93,46631
1777449600,"2026-04-29 08:00:00",4567.96,4576.995,4557.385,4573.43,49813
1777453200,"2026-04-29 09:00:00",4573.415,4580.75,4551.675,4555.78,44646
1777456800,"2026-04-29 10:00:00",4555.775,4576.535,4555.06,4569.95,33842
1777460400,"2026-04-29 11:00:00",4569.945,4572.2,4559.25,4561.695,36394
1777464000,"2026-04-29 12:00:00",4561.675,4569.155,4541.705,4544.945,48798
1777467600,"2026-04-29 13:00:00",4544.91,4553.65,4510.095,4521.73,91030
1777471200,"2026-04-29 14:00:00",4521.665,4542.815,4517.945,4539.455,85285
1777474800,"2026-04-29 15:00:00",4539.385,4558.995,4536.3,4547.77,83527
1777478400,"2026-04-29 16:00:00",4547.765,4564.985,4543.32,4545.565,65749
1777482000,"2026-04-29 17:00:00",4545.6,4554.625,4541.79,4547.83,53610
1777485600,"2026-04-29 18:00:00",4547.84,4553.05,4518.335,4538.24,87412
1777489200,"2026-04-29 19:00:00",4538.255,4550.855,4533.34,4546.93,73614
1777492800,"2026-04-29 20:00:00",4546.94,4553.855,4541.55,4543.715,41254
1777500000,"2026-04-29 22:00:00",4540.13,4552.805,4539.685,4552.2,12863
1777503600,"2026-04-29 23:00:00",4552.185,4561.945,4549.525,4561.685,14502
1777507200,"2026-04-30 00:00:00",4561.725,4574.245,4556.485,4569.99,39630
1777510800,"2026-04-30 01:00:00",4569.92,4582.585,4564.76,4579.085,35437
1777514400,"2026-04-30 02:00:00",4579.08,4582.035,4559.94,4565.085,32427
1777518000,"2026-04-30 03:00:00",4564.8,4569.24,4555.79,4556.07,22228
1777521600,"2026-04-30 04:00:00",4556.08,4557.09,4540.925,4542.05,23905
1777525200,"2026-04-30 05:00:00",4542.06,4569.87,4541.965,4562.69,28178
1777528800,"2026-04-30 06:00:00",4562.74,4591.59,4560.1,4589.66,48285
1777532400,"2026-04-30 07:00:00",4589.7,4605.645,4584.885,4598.44,43872
1777536000,"2026-04-30 08:00:00",4598.48,4629.76,4597.46,4616.36,50205
1777539600,"2026-04-30 09:00:00",4616.35,4631.93,4614.29,4625.23,45516
1777543200,"2026-04-30 10:00:00",4625.195,4647.045,4623.705,4639.755,46727
1777546800,"2026-04-30 11:00:00",4639.78,4645.96,4627.08,4630.26,51218
1777550400,"2026-04-30 12:00:00",4630.345,4640.14,4624.75,4639.61,48159
1777554000,"2026-04-30 13:00:00",4639.66,4645.905,4610.82,4611.185,79486
1777557600,"2026-04-30 14:00:00",4611.24,4625.985,4609.5,4619.62,100885
1777561200,"2026-04-30 15:00:00",4619.615,4625.57,4611.33,4615.3,66725
1777564800,"2026-04-30 16:00:00",4615.295,4617.885,4605.48,4607.745,40071
1777568400,"2026-04-30 17:00:00",4607.71,4621.765,4607.7,4616.895,43463
1777572000,"2026-04-30 18:00:00",4616.91,4625.36,4616.73,4622.635,31886
1777575600,"2026-04-30 19:00:00",4622.645,4627.415,4614.655,4617.17,35530
1777579200,"2026-04-30 20:00:00",4617.18,4622.07,4615.435,4622.065,18530
1777586400,"2026-04-30 22:00:00",4629.515,4632.99,4626.555,4630.265,11886
1777590000,"2026-04-30 23:00:00",4630.26,4634.145,4626.585,4626.685,13914
1777593600,"2026-05-01 00:00:00",4626.655,4631.365,4618.635,4619.93,31494
1777597200,"2026-05-01 01:00:00",4619.915,4622.435,4614.15,4621.02,24599
1777600800,"2026-05-01 02:00:00",4620.905,4635.94,4616.655,4619.215,23210
1777604400,"2026-05-01 03:00:00",4619.155,4632.11,4617.875,4626.735,17237
1777608000,"2026-05-01 04:00:00",4626.74,4628.865,4609.2,4609.265,20654
1777611600,"2026-05-01 05:00:00",4609.255,4616.2,4602.985,4605.18,18939
1777615200,"2026-05-01 06:00:00",4605.235,4608.095,4590.86,4594.925,35403
1777618800,"2026-05-01 07:00:00",4594.885,4598.165,4575.875,4578.25,37230
1777622400,"2026-05-01 08:00:00",4578.245,4582.52,4565.16,4569.225,33355
1777626000,"2026-05-01 09:00:00",4569.2,4573.13,4560.32,4563.035,26017
1777629600,"2026-05-01 10:00:00",4563.04,4576.105,4561.595,4567.055,15452
1777633200,"2026-05-01 11:00:00",4567.01,4579.665,4562.515,4578.865,24532
1777636800,"2026-05-01 12:00:00",4578.81,4607.875,4575.11,4591.435,43528
1777640400,"2026-05-01 13:00:00",4591.43,4628.905,4586.695,4625.77,72064
1777644000,"2026-05-01 14:00:00",4625.67,4660.585,4625.16,4632.31,93128
1777647600,"2026-05-01 15:00:00",4632.325,4648.195,4619.1,4643.25,62171
1777651200,"2026-05-01 16:00:00",4643.2,4650.035,4633.99,4638.81,58580
1777654800,"2026-05-01 17:00:00",4638.815,4642.785,4626.785,4629.49,38029
1777658400,"2026-05-01 18:00:00",4629.495,4630.725,4613.855,4624.385,40226
1777662000,"2026-05-01 19:00:00",4624.46,4627.69,4609.015,4610.92,40346
1777665600,"2026-05-01 20:00:00",4610.905,4617.805,4607.22,4613.835,16468
1777845600,"2026-05-03 22:00:00",4625.35,4629.465,4612.66,4619,13998
1777849200,"2026-05-03 23:00:00",4618.985,4621,4611.405,4613.965,16919
1777852800,"2026-05-04 00:00:00",4613.96,4616.685,4601.825,4613.17,32717
1777856400,"2026-05-04 01:00:00",4613.125,4614.165,4592.965,4613.255,26718
1777860000,"2026-05-04 02:00:00",4613.26,4618.825,4591.11,4606.065,27753
1777863600,"2026-05-04 03:00:00",4606.04,4617.34,4598.63,4615.315,28442
1777867200,"2026-05-04 04:00:00",4615.28,4615.7,4605.36,4606.205,19287
1777870800,"2026-05-04 05:00:00",4606.19,4613.16,4592.365,4598.92,32003
1777874400,"2026-05-04 06:00:00",4598.915,4600.76,4583.95,4588.97,37798
1777878000,"2026-05-04 07:00:00",4588.95,4593.565,4578.215,4579.255,31880
1777881600,"2026-05-04 08:00:00",4579.245,4581.625,4573.85,4577.27,29507
1777885200,"2026-05-04 09:00:00",4577.245,4584.825,4572.095,4575.64,20549
1777888800,"2026-05-04 10:00:00",4575.645,4576.03,4526.09,4562.575,77671
1777892400,"2026-05-04 11:00:00",4562.545,4570.91,4551.515,4560.515,44186
1777896000,"2026-05-04 12:00:00",4560.395,4579.44,4559.295,4568.49,45664
1777899600,"2026-05-04 13:00:00",4568.525,4575.945,4555.205,4564.14,74429
1777903200,"2026-05-04 14:00:00",4564.16,4583.38,4553.44,4561.625,81239
1777906800,"2026-05-04 15:00:00",4561.74,4566.2,4513.635,4521.83,116986
1777910400,"2026-05-04 16:00:00",4521.775,4527.045,4501.035,4510.695,86654
1777914000,"2026-05-04 17:00:00",4510.74,4531.715,4510.74,4522.48,54241
1777917600,"2026-05-04 18:00:00",4522.525,4525.4,4509.96,4516.4,36267
1777921200,"2026-05-04 19:00:00",4516.345,4527.265,4511.425,4517.89,31300
1777924800,"2026-05-04 20:00:00",4517.84,4524.175,4512.005,4524.115,8727
1777932000,"2026-05-04 22:00:00",4520.775,4522.92,4515.59,4517.395,6509
1777935600,"2026-05-04 23:00:00",4517.39,4521.59,4516.125,4519.155,5721
1777939200,"2026-05-05 00:00:00",4519.2,4530.475,4513.655,4529.755,13903
1777942800,"2026-05-05 01:00:00",4529.63,4542.13,4525.47,4541.04,13672
1777946400,"2026-05-05 02:00:00",4541.145,4546.94,4534.775,4538.955,11791
1777950000,"2026-05-05 03:00:00",4538.875,4542.82,4532.465,4534.64,8028
1777953600,"2026-05-05 04:00:00",4534.635,4536.71,4528.03,4533.67,10715
1777957200,"2026-05-05 05:00:00",4533.625,4552,4531.47,4545.945,20264
1777960800,"2026-05-05 06:00:00",4545.95,4552.02,4533.9,4548.34,19398
1777964400,"2026-05-05 07:00:00",4548.365,4558.465,4543.42,4545.825,20205
1777968000,"2026-05-05 08:00:00",4545.815,4559.57,4545.69,4558.375,22974
1777971600,"2026-05-05 09:00:00",4558.36,4560.445,4550.985,4556.515,18141
1777975200,"2026-05-05 10:00:00",4556.53,4557.155,4540.13,4543.77,18095
1777978800,"2026-05-05 11:00:00",4543.755,4564.87,4539.96,4562.99,18773
1777982400,"2026-05-05 12:00:00",4562.985,4574.595,4554.195,4564.41,29433
1777986000,"2026-05-05 13:00:00",4564.42,4585.205,4564.42,4579.47,37737
1777989600,"2026-05-05 14:00:00",4579.57,4586.605,4565.985,4582.39,38827
1777993200,"2026-05-05 15:00:00",4582.44,4583.85,4568.43,4568.685,23919
1777996800,"2026-05-05 16:00:00",4568.655,4569.125,4553.77,4561.295,23346
1778000400,"2026-05-05 17:00:00",4561.28,4562.79,4553.355,4559.94,21985
1778004000,"2026-05-05 18:00:00",4559.975,4565.83,4557.55,4560.965,16104
1778007600,"2026-05-05 19:00:00",4561.095,4561.47,4551.625,4555.26,16162
1778011200,"2026-05-05 20:00:00",4555.14,4560.18,4554.23,4557.535,10392
1778018400,"2026-05-05 22:00:00",4552.07,4577.46,4546.36,4573.51,15038
1778022000,"2026-05-05 23:00:00",4573.42,4596,4569.565,4593.87,22862
1778025600,"2026-05-06 00:00:00",4593.735,4619.97,4588.33,4618.8,22904
1778029200,"2026-05-06 01:00:00",4618.645,4628.915,4609.63,4626.225,27594
1778032800,"2026-05-06 02:00:00",4626.2,4642.195,4625.555,4640.95,19028
1778036400,"2026-05-06 03:00:00",4640.925,4652.13,4638.67,4643.65,17275
1778040000,"2026-05-06 04:00:00",4643.645,4653.585,4643.455,4648.815,21242
1778043600,"2026-05-06 05:00:00",4648.82,4663.95,4644.765,4663.22,18042
1778047200,"2026-05-06 06:00:00",4663.21,4669.97,4657.07,4669.455,26274
1778050800,"2026-05-06 07:00:00",4669.46,4681.905,4657.47,4681.36,25331
1778054400,"2026-05-06 08:00:00",4681.325,4702.965,4671.655,4700.58,39881
1778058000,"2026-05-06 09:00:00",4700.63,4708.7,4689.08,4701.725,45483
1778061600,"2026-05-06 10:00:00",4701.73,4723.14,4695.705,4718.005,39981
1778065200,"2026-05-06 11:00:00",4717.98,4721.32,4690.98,4691.99,43223
1778068800,"2026-05-06 12:00:00",4691.995,4693.1,4660.435,4683.29,51562
1778072400,"2026-05-06 13:00:00",4683.325,4707.82,4669.02,4702.13,61933
1778076000,"2026-05-06 14:00:00",4702.13,4717.625,4697.71,4703.205,58841
1778079600,"2026-05-06 15:00:00",4703.17,4705.915,4687.79,4687.79,35725
1778083200,"2026-05-06 16:00:00",4687.75,4692.19,4679.705,4683.21,34178
1778086800,"2026-05-06 17:00:00",4683.205,4688.14,4679.145,4684.27,25268
1778090400,"2026-05-06 18:00:00",4684.275,4690.62,4682.125,4686.13,17250
1778094000,"2026-05-06 19:00:00",4686.14,4700.235,4686.14,4692.48,22651
1778097600,"2026-05-06 20:00:00",4692.455,4699.63,4685.26,4690.91,11024
1778104800,"2026-05-06 22:00:00",4690.165,4699.935,4690.165,4695.05,8144
1778108400,"2026-05-06 23:00:00",4694.99,4699.59,4690.355,4699.055,9105
1778112000,"2026-05-07 00:00:00",4698.995,4701.545,4685.655,4688.855,28770
1778115600,"2026-05-07 01:00:00",4688.86,4721.53,4685.275,4714.925,35566
1778119200,"2026-05-07 02:00:00",4714.93,4718.745,4700.165,4707.385,21775
1778122800,"2026-05-07 03:00:00",4707.295,4709.845,4699.12,4699.38,13551
1778126400,"2026-05-07 04:00:00",4699.425,4701.11,4692.505,4696.48,13399
1778130000,"2026-05-07 05:00:00",4696.43,4706.81,4694.91,4701.315,16536
1778133600,"2026-05-07 06:00:00",4701.32,4750.01,4701.29,4739.355,35814
1778137200,"2026-05-07 07:00:00",4739.37,4750.66,4731.53,4743.28,43564
1778140800,"2026-05-07 08:00:00",4743.265,4753.435,4730.875,4731.08,34990
1778144400,"2026-05-07 09:00:00",4731.11,4739.515,4721.84,4729.255,28347
1778148000,"2026-05-07 10:00:00",4729.255,4739.84,4726.77,4735.795,23846
1778151600,"2026-05-07 11:00:00",4735.93,4743.805,4727.305,4742.845,25252
1778155200,"2026-05-07 12:00:00",4742.965,4752.69,4733.185,4750.195,33482
1778158800,"2026-05-07 13:00:00",4750.235,4758.165,4731.38,4746.495,52182
1778162400,"2026-05-07 14:00:00",4746.245,4763.58,4741.28,4762.885,46492
1778166000,"2026-05-07 15:00:00",4762.895,4764.905,4726.43,4729.305,55550
1778169600,"2026-05-07 16:00:00",4729.31,4729.87,4704.575,4715.24,58447
1778173200,"2026-05-07 17:00:00",4715.235,4719.685,4687.92,4711.44,72936
1778176800,"2026-05-07 18:00:00",4711.445,4716.09,4695.535,4709.64,48329
1778180400,"2026-05-07 19:00:00",4709.62,4712.93,4697.98,4703.045,46838
1778184000,"2026-05-07 20:00:00",4703.055,4719.195,4686.28,4687.18,26787
1778191200,"2026-05-07 22:00:00",4694.565,4699.605,4682.045,4686.095,19057
1778194800,"2026-05-07 23:00:00",4686.115,4705.74,4684.845,4704.405,13155
1778198400,"2026-05-08 00:00:00",4704.385,4709.615,4694.125,4701.38,22579
1778202000,"2026-05-08 01:00:00",4701.3,4725.71,4700.45,4722.97,31864
1778205600,"2026-05-08 02:00:00",4723.145,4732.885,4706.995,4713.57,27559
1778209200,"2026-05-08 03:00:00",4713.565,4731.185,4711.405,4719.735,18391
1778212800,"2026-05-08 04:00:00",4719.72,4723.315,4709.31,4711.13,15339
1778216400,"2026-05-08 05:00:00",4711.22,4731.39,4709.675,4727.62,21937
1778220000,"2026-05-08 06:00:00",4727.605,4734.895,4712.665,4725.94,33400
1778223600,"2026-05-08 07:00:00",4725.855,4726.725,4697.045,4707.925,36877
1778227200,"2026-05-08 08:00:00",4707.965,4723.84,4706.72,4715.76,21141
1778230800,"2026-05-08 09:00:00",4715.755,4723.13,4707.605,4712.015,19117
1778234400,"2026-05-08 10:00:00",4711.915,4727.85,4711.24,4719.82,16945
1778238000,"2026-05-08 11:00:00",4719.8,4727.495,4713.91,4717.9,20950
1778241600,"2026-05-08 12:00:00",4717.87,4732.125,4702.88,4724.485,45026
1778245200,"2026-05-08 13:00:00",4724.395,4748.015,4716.51,4747.85,58399
1778248800,"2026-05-08 14:00:00",4747.84,4749.58,4713.495,4716.01,62433
1778252400,"2026-05-08 15:00:00",4716.02,4721.065,4702.055,4707.22,51892
1778256000,"2026-05-08 16:00:00",4707.23,4720.28,4705.55,4712.525,30780
1778259600,"2026-05-08 17:00:00",4712.505,4722.765,4712.225,4720.96,21229
1778263200,"2026-05-08 18:00:00",4721.025,4729.025,4720.01,4722,22792
1778266800,"2026-05-08 19:00:00",4721.995,4726.915,4721.06,4724.09,17565
1778270400,"2026-05-08 20:00:00",4724.19,4724.43,4714.745,4715.715,11644
1778450400,"2026-05-10 22:00:00",4687.43,4696.435,4680.075,4691.76,16112
1778454000,"2026-05-10 23:00:00",4691.75,4698.65,4688.805,4691.89,14055
1778457600,"2026-05-11 00:00:00",4691.84,4693.375,4670.505,4683.44,29216
1778461200,"2026-05-11 01:00:00",4683.415,4705.56,4674.635,4685.97,48572
1778464800,"2026-05-11 02:00:00",4685.975,4700.425,4676.905,4681.985,28862
1778468400,"2026-05-11 03:00:00",4681.96,4690.715,4675.45,4678.75,19844
1778472000,"2026-05-11 04:00:00",4678.775,4680.11,4668.55,4672.16,14605
1778475600,"2026-05-11 05:00:00",4672.1,4680.97,4648.09,4652.53,26713
1778479200,"2026-05-11 06:00:00",4652.62,4680.645,4649.505,4678.565,31392
1778482800,"2026-05-11 07:00:00",4678.555,4680.385,4664.33,4667.86,18677
1778486400,"2026-05-11 08:00:00",4667.79,4678.995,4664.46,4667.895,19467
1778490000,"2026-05-11 09:00:00",4667.84,4670.275,4650.795,4656.895,20750
1778493600,"2026-05-11 10:00:00",4656.9,4667.69,4656.49,4664.14,16159
1778497200,"2026-05-11 11:00:00",4664.15,4677.425,4664.15,4674.625,20098
1778500800,"2026-05-11 12:00:00",4674.56,4701.245,4667.535,4700.035,37730
1778504400,"2026-05-11 13:00:00",4700.055,4748.95,4698.82,4736.135,56246
1778508000,"2026-05-11 14:00:00",4736.125,4738.465,4715.205,4725.625,47799
1778511600,"2026-05-11 15:00:00",4725.61,4738.195,4722.9,4732.36,29488
1778515200,"2026-05-11 16:00:00",4732.375,4733.735,4708.005,4716.485,30290
1778518800,"2026-05-11 17:00:00",4716.415,4724.835,4715.92,4723.895,22464
1778522400,"2026-05-11 18:00:00",4724.035,4729.47,4721.11,4725.085,18139
1778526000,"2026-05-11 19:00:00",4725.13,4736.21,4722.495,4733.655,22660
1778529600,"2026-05-11 20:00:00",4733.755,4738.59,4729.985,4735.455,9695
1778536800,"2026-05-11 22:00:00",4740.565,4755.745,4737.79,4751.09,10953
1778540400,"2026-05-11 23:00:00",4751.48,4769.795,4746.35,4767.67,19246
1778544000,"2026-05-12 00:00:00",4767.675,4773.575,4748.89,4749.56,35202
1778547600,"2026-05-12 01:00:00",4749.51,4755.805,4720.53,4727.4,50255
1778551200,"2026-05-12 02:00:00",4727.325,4734.105,4722.425,4730.02,34265
1778554800,"2026-05-12 03:00:00",4730.05,4733.41,4718.25,4720.33,19576
1778558400,"2026-05-12 04:00:00",4720.28,4730.48,4710.975,4714.255,16351
1778562000,"2026-05-12 05:00:00",4714.215,4722.32,4709,4714.595,30833
1778565600,"2026-05-12 06:00:00",4714.53,4714.735,4694.51,4697.09,36994
1778569200,"2026-05-12 07:00:00",4697.1,4703.97,4686.395,4699.985,26117
1778572800,"2026-05-12 08:00:00",4699.995,4706.99,4697.195,4703.415,25091
1778576400,"2026-05-12 09:00:00",4703.36,4705.155,4694.325,4699.455,24885
1778580000,"2026-05-12 10:00:00",4699.475,4708.715,4685.28,4694.47,25028
1778583600,"2026-05-12 11:00:00",4694.615,4709.475,4687.26,4706.49,28489
1778587200,"2026-05-12 12:00:00",4706.58,4711.68,4689.84,4705.74,41240
1778590800,"2026-05-12 13:00:00",4705.73,4709.025,4676.88,4679.225,66216
1778594400,"2026-05-12 14:00:00",4679.365,4695.235,4669.555,4673,68257
1778598000,"2026-05-12 15:00:00",4672.99,4676.235,4638.365,4666.285,64175
1778601600,"2026-05-12 16:00:00",4666.29,4675.19,4664.265,4671.375,32780
1778605200,"2026-05-12 17:00:00",4671.38,4682.42,4671.38,4678.84,26498
1778608800,"2026-05-12 18:00:00",4678.825,4698.14,4676.235,4695.94,35818
1778612400,"2026-05-12 19:00:00",4695.96,4715.705,4695.96,4715.595,33026
1778616000,"2026-05-12 20:00:00",4715.545,4719.365,4712.155,4715.495,11449
1778623200,"2026-05-12 22:00:00",4719.905,4722.445,4711.74,4716.965,11216
1778626800,"2026-05-12 23:00:00",4716.955,4723.915,4715.24,4717.175,20507
1778630400,"2026-05-13 00:00:00",4717.28,4727.03,4713.925,4714.955,29676
1778634000,"2026-05-13 01:00:00",4715.015,4717.405,4701.205,4702.615,32777
1778637600,"2026-05-13 02:00:00",4702.575,4707.73,4687.705,4692.01,24320
1778641200,"2026-05-13 03:00:00",4692,4705.795,4689.025,4696.1,15154
1778644800,"2026-05-13 04:00:00",4696.165,4703.45,4695.48,4699.57,11133
1778648400,"2026-05-13 05:00:00",4699.52,4707.385,4693.73,4704.32,21083
1778652000,"2026-05-13 06:00:00",4704.32,4715.385,4698.955,4701.735,29789
1778655600,"2026-05-13 07:00:00",4701.755,4708.755,4696.8,4702.78,20999
1778659200,"2026-05-13 08:00:00",4702.785,4704.34,4694.665,4700.605,18818
1778662800,"2026-05-13 09:00:00",4700.615,4702.09,4685.905,4700.85,20324
1778666400,"2026-05-13 10:00:00",4700.87,4710.585,4693.77,4694.19,19862
1778670000,"2026-05-13 11:00:00",4694.215,4705.7,4691.775,4697.485,22968
1778673600,"2026-05-13 12:00:00",4697.43,4701.62,4676.135,4683.84,41490
1778677200,"2026-05-13 13:00:00",4683.715,4694.825,4669.525,4679.415,52002
1778680800,"2026-05-13 14:00:00",4679.405,4691.12,4672.885,4679.75,46133
1778684400,"2026-05-13 15:00:00",4679.825,4700.025,4678.92,4695.715,33810
1778688000,"2026-05-13 16:00:00",4695.65,4709.9,4695.13,4695.865,34705
1778691600,"2026-05-13 17:00:00",4695.885,4701.28,4684.555,4685.6,26580
1778695200,"2026-05-13 18:00:00",4685.635,4694.175,4677.63,4685.11,25488
1778698800,"2026-05-13 19:00:00",4685.14,4690.705,4683.525,4688.38,22055
1778702400,"2026-05-13 20:00:00",4688.465,4693.475,4686.075,4689.14,10655
1778709600,"2026-05-13 22:00:00",4693.605,4700.57,4689.06,4700.035,9298
1778713200,"2026-05-13 23:00:00",4699.98,4702.125,4693.38,4696.62,7282
1778716800,"2026-05-14 00:00:00",4696.5,4706.795,4689.78,4705.065,21512
1778720400,"2026-05-14 01:00:00",4705.015,4707.15,4683.455,4688.95,38345
1778724000,"2026-05-14 02:00:00",4689,4699.775,4680.21,4686.48,28365
1778727600,"2026-05-14 03:00:00",4686.475,4693.45,4673.965,4675.285,22225
1778731200,"2026-05-14 04:00:00",4675.3,4712.685,4668.71,4702.355,23277
1778734800,"2026-05-14 05:00:00",4702.54,4704.235,4689.21,4689.955,22022
1778738400,"2026-05-14 06:00:00",4689.94,4702.505,4686.31,4700.515,30538
1778742000,"2026-05-14 07:00:00",4700.43,4718.88,4690.945,4693.35,31888
1778745600,"2026-05-14 08:00:00",4693.365,4706.83,4692.205,4693.485,25802
1778749200,"2026-05-14 09:00:00",4693.55,4702.755,4688.645,4699.73,21172
1778752800,"2026-05-14 10:00:00",4699.74,4705.63,4691.27,4697.09,24335
1778756400,"2026-05-14 11:00:00",4697.16,4704.895,4689.51,4694.205,21847
1778760000,"2026-05-14 12:00:00",4694.175,4710.165,4692.42,4704.95,32578
1778763600,"2026-05-14 13:00:00",4704.945,4707.935,4666.78,4679.775,68229
1778767200,"2026-05-14 14:00:00",4679.835,4700.98,4677.815,4679.53,54694
1778770800,"2026-05-14 15:00:00",4679.62,4689.625,4677.195,4685.765,34522
1778774400,"2026-05-14 16:00:00",4685.815,4687.055,4670.51,4678.66,29916
1778778000,"2026-05-14 17:00:00",4678.675,4683.115,4676.49,4678.33,27379
1778781600,"2026-05-14 18:00:00",4678.34,4678.41,4667.165,4671.8,23619
1778785200,"2026-05-14 19:00:00",4671.89,4672.02,4653.26,4654.37,24756
1778788800,"2026-05-14 20:00:00",4654.385,4657.18,4644.31,4652.27,14503
1778796000,"2026-05-14 22:00:00",4654.08,4662.77,4652.145,4662.515,12158
1778799600,"2026-05-14 23:00:00",4662.5,4665.445,4646.85,4652.15,18198
1778803200,"2026-05-15 00:00:00",4652.22,4658.225,4613.745,4630.465,43786
1778806800,"2026-05-15 01:00:00",4630.475,4631.69,4607.51,4614.23,72620
1778810400,"2026-05-15 02:00:00",4614.265,4623.42,4609.45,4617.945,38355
1778814000,"2026-05-15 03:00:00",4617.885,4622.33,4607.68,4615.605,24688
1778817600,"2026-05-15 04:00:00",4615.61,4621.91,4604.45,4606.19,21422
1778821200,"2026-05-15 05:00:00",4606.3,4606.58,4556.71,4559.04,57437
1778824800,"2026-05-15 06:00:00",4559.02,4580.645,4556.52,4570.22,59385
1778828400,"2026-05-15 07:00:00",4570.205,4588.88,4566.07,4570.975,41013
1778832000,"2026-05-15 08:00:00",4570.985,4572.245,4550.055,4554.62,50943
1778835600,"2026-05-15 09:00:00",4554.605,4564.035,4531.995,4546.095,46597
1778839200,"2026-05-15 10:00:00",4546.115,4572.775,4544.3,4566.135,46100
1778842800,"2026-05-15 11:00:00",4566.12,4570.37,4550.005,4552.18,33474
1778846400,"2026-05-15 12:00:00",4552.19,4558.815,4543.83,4545.96,40436
1778850000,"2026-05-15 13:00:00",4545.965,4557.66,4510.985,4533.685,84829
1778853600,"2026-05-15 14:00:00",4533.645,4566.735,4525.465,4562.85,84332
1778857200,"2026-05-15 15:00:00",4562.865,4563.78,4533.86,4539.95,50314
1778860800,"2026-05-15 16:00:00",4539.995,4548.255,4529.555,4544.4,40900
1778864400,"2026-05-15 17:00:00",4544.23,4564.605,4543.105,4559.65,37065
1778868000,"2026-05-15 18:00:00",4559.685,4563.115,4552.415,4559.25,30642
1778871600,"2026-05-15 19:00:00",4559.255,4560.18,4545.1,4546.005,27400
1778875200,"2026-05-15 20:00:00",4546.01,4546.47,4533.34,4540.645,20888
1779055200,"2026-05-17 22:00:00",4545.805,4554.915,4538.175,4546.05,20437
1779058800,"2026-05-17 23:00:00",4546.06,4548.035,4532.25,4537.21,26070
1779062400,"2026-05-18 00:00:00",4537.215,4542.635,4480.41,4514.795,71275
1779066000,"2026-05-18 01:00:00",4514.795,4535.715,4489.535,4525.67,80563
1779069600,"2026-05-18 02:00:00",4525.61,4542.9,4522.355,4533.815,42760
1779073200,"2026-05-18 03:00:00",4533.785,4548.06,4525.565,4541.215,41509
1779076800,"2026-05-18 04:00:00",4541.21,4549.93,4530.235,4540.825,28786
1779080400,"2026-05-18 05:00:00",4540.775,4552.045,4530.205,4531.245,37960
1779084000,"2026-05-18 06:00:00",4531.19,4548.235,4530.005,4546.855,41976
1779087600,"2026-05-18 07:00:00",4546.875,4560.095,4538.465,4546.295,39071
1779091200,"2026-05-18 08:00:00",4546.285,4557.135,4542.44,4549.97,26412
1779094800,"2026-05-18 09:00:00",4549.96,4552.125,4540.38,4543.205,22427
1779098400,"2026-05-18 10:00:00",4543.165,4547.955,4532.145,4540.495,22796
1779102000,"2026-05-18 11:00:00",4540.49,4567.17,4529.96,4550.925,46140
1779105600,"2026-05-18 12:00:00",4550.965,4575.065,4545.36,4571.425,47446
1779109200,"2026-05-18 13:00:00",4571.43,4584.375,4561.975,4575.75,64177
1779112800,"2026-05-18 14:00:00",4575.63,4575.63,4537.81,4546.53,70660
1779116400,"2026-05-18 15:00:00",4546.555,4548.02,4531.85,4543.71,48337
1779120000,"2026-05-18 16:00:00",4543.715,4554.69,4533.915,4550.21,40225
1779123600,"2026-05-18 17:00:00",4550.04,4558.29,4545.645,4546.935,28532
1779127200,"2026-05-18 18:00:00",4546.95,4547.775,4534.375,4535.855,26672
1779130800,"2026-05-18 19:00:00",4535.86,4565.07,4535.335,4558.55,55582
1779134400,"2026-05-18 20:00:00",4558.625,4566.87,4558.08,4566.16,12559
1779141600,"2026-05-18 22:00:00",4570.36,4578.58,4569.81,4574.115,9538
1779145200,"2026-05-18 23:00:00",4573.995,4589.09,4573.86,4581.995,11987
1779148800,"2026-05-19 00:00:00",4582.16,4589.58,4561.465,4563.21,29840
1779152400,"2026-05-19 01:00:00",4563.26,4572.48,4554.27,4564.065,37556
1779156000,"2026-05-19 02:00:00",4564.005,4564.005,4546.055,4547.29,27457
1779159600,"2026-05-19 03:00:00",4547.22,4555.16,4543.77,4545.19,19828
1779163200,"2026-05-19 04:00:00",4545.18,4545.895,4538.075,4542.605,15891
1779166800,"2026-05-19 05:00:00",4542.71,4546.675,4531.085,4540.915,30044
1779170400,"2026-05-19 06:00:00",4540.93,4553.97,4533.68,4548.33,36333
1779174000,"2026-05-19 07:00:00",4548.315,4559.535,4541.575,4557.28,30059
1779177600,"2026-05-19 08:00:00",4557.25,4559.25,4536.405,4543.05,26469
1779181200,"2026-05-19 09:00:00",4543.035,4546.935,4536.205,4542.035,24915
1779184800,"2026-05-19 10:00:00",4542.01,4544.925,4525.68,4544.925,27998
1779188400,"2026-05-19 11:00:00",4544.855,4548.01,4529.915,4530.89,25433
1779192000,"2026-05-19 12:00:00",4530.905,4547.28,4527.6,4537.305,28099
1779195600,"2026-05-19 13:00:00",4537.385,4537.7,4464.78,4504.175,95436
1779199200,"2026-05-19 14:00:00",4504.055,4514.23,4484.495,4494.165,85808
1779202800,"2026-05-19 15:00:00",4494.095,4509.48,4489.845,4508.63,44595
1779206400,"2026-05-19 16:00:00",4508.64,4512.7,4496.385,4507.9,34635
1779210000,"2026-05-19 17:00:00",4507.725,4511.125,4499.31,4500.9,27417
1779213600,"2026-05-19 18:00:00",4500.915,4503.84,4490.33,4493.65,32551
1779217200,"2026-05-19 19:00:00",4493.63,4497.84,4481.285,4483.5,33306
1779220800,"2026-05-19 20:00:00",4483.44,4488.355,4481.07,4482.115,11977
1779228000,"2026-05-19 22:00:00",4484.735,4485.975,4477.45,4484.73,11918
1779231600,"2026-05-19 23:00:00",4484.61,4496.595,4479.995,4489.485,14025
1779235200,"2026-05-20 00:00:00",4489.51,4508.85,4479.82,4501.185,45087
1779238800,"2026-05-20 01:00:00",4501.175,4506.29,4456.095,4481.485,52464
1779242400,"2026-05-20 02:00:00",4481.54,4487.24,4458.68,4465.395,40138
1779246000,"2026-05-20 03:00:00",4465.305,4467.265,4453.39,4463.96,26549
1779249600,"2026-05-20 04:00:00",4463.955,4470.75,4456.8,4462.14,16347
1779253200,"2026-05-20 05:00:00",4462.07,4479.125,4461.79,4472.855,24837
1779256800,"2026-05-20 06:00:00",4472.83,4478.555,4461.69,4474.47,36661
1779260400,"2026-05-20 07:00:00",4474.355,4486.095,4472.08,4478.545,30075
1779264000,"2026-05-20 08:00:00",4478.585,4490.305,4476.81,4484.065,28812
1779267600,"2026-05-20 09:00:00",4484.035,4491.18,4472.805,4484.925,21790
1779271200,"2026-05-20 10:00:00",4484.885,4497.115,4484.68,4494.85,18101
1779274800,"2026-05-20 11:00:00",4494.845,4501.29,4490.905,4499.16,18966
1779278400,"2026-05-20 12:00:00",4499.08,4505.435,4493.07,4496.245,27957
1779282000,"2026-05-20 13:00:00",4496.24,4506.36,4482.26,4483.265,47710
1779285600,"2026-05-20 14:00:00",4483.285,4537.355,4467.245,4531.295,102713
1779289200,"2026-05-20 15:00:00",4531.3,4553.045,4523.175,4529.21,66563
1779292800,"2026-05-20 16:00:00",4529.27,4535.555,4524.115,4534.465,40815
1779296400,"2026-05-20 17:00:00",4534.475,4538.24,4529.995,4531.445,30463
1779300000,"2026-05-20 18:00:00",4531.275,4545.16,4529.12,4542.515,28924
1779303600,"2026-05-20 19:00:00",4542.525,4550.38,4541.81,4545.675,26180
1779307200,"2026-05-20 20:00:00",4545.66,4550.445,4542.18,4543.705,16737
1779314400,"2026-05-20 22:00:00",4544.62,4546.92,4535.35,4539.9,16281
1779318000,"2026-05-20 23:00:00",4539.91,4547.525,4534.74,4546.74,13749
1779321600,"2026-05-21 00:00:00",4546.87,4553.355,4537.365,4545.16,35497
1779325200,"2026-05-21 01:00:00",4545.19,4570.895,4539.92,4561.01,45369
1779328800,"2026-05-21 02:00:00",4561,4564.92,4531.615,4533.24,33149
1779332400,"2026-05-21 03:00:00",4533.23,4540.28,4527.37,4528.4,17668
1779336000,"2026-05-21 04:00:00",4528.385,4540.8,4527.56,4538.63,11017
1779339600,"2026-05-21 05:00:00",4538.72,4540.66,4518.44,4527.975,28873
1779343200,"2026-05-21 06:00:00",4527.995,4539.905,4518.905,4521.525,47608
1779346800,"2026-05-21 07:00:00",4521.49,4524.375,4512.075,4519.785,33558
1779350400,"2026-05-21 08:00:00",4519.85,4537.06,4518.415,4532.715,39611
1779354000,"2026-05-21 09:00:00",4532.685,4543.06,4528.03,4530.855,28855
1779357600,"2026-05-21 10:00:00",4530.845,4535.435,4504.895,4511.77,57406
1779361200,"2026-05-21 11:00:00",4511.82,4521.3,4508.23,4514.08,29664
1779364800,"2026-05-21 12:00:00",4514.1,4519.47,4502.08,4504.25,43341
1779368400,"2026-05-21 13:00:00",4504.245,4521.095,4488.63,4513.455,76079
1779372000,"2026-05-21 14:00:00",4513.465,4515.415,4498.17,4508.795,67841
1779375600,"2026-05-21 15:00:00",4508.835,4515.43,4496.91,4512.045,47068
1779379200,"2026-05-21 16:00:00",4512.15,4520.81,4512.15,4519.465,40521
1779382800,"2026-05-21 17:00:00",4519.465,4559.365,4514.28,4551.435,81076
1779386400,"2026-05-21 18:00:00",4551.48,4556.085,4527.51,4532.035,57079
1779390000,"2026-05-21 19:00:00",4532.04,4543.935,4529.795,4543.085,38001
1779393600,"2026-05-21 20:00:00",4543.07,4544.925,4539.94,4543.425,11844
1779400800,"2026-05-21 22:00:00",4544.905,4544.93,4539.785,4543.465,8026
1779404400,"2026-05-21 23:00:00",4543.47,4545.26,4532.43,4535.425,10744
1779408000,"2026-05-22 00:00:00",4535.47,4541.24,4525.64,4526.71,21713
1779411600,"2026-05-22 01:00:00",4526.695,4536.235,4521.18,4526.38,31166
1779415200,"2026-05-22 02:00:00",4526.31,4529.66,4518.53,4523.335,19091
1779418800,"2026-05-22 03:00:00",4523.395,4530.04,4519.37,4529.54,18490
1779422400,"2026-05-22 04:00:00",4529.535,4532.98,4525.41,4527.135,11488
1779426000,"2026-05-22 05:00:00",4527.09,4534.325,4507.43,4511.7,22594
1779429600,"2026-05-22 06:00:00",4511.705,4528.98,4510.025,4527.02,37407
1779433200,"2026-05-22 07:00:00",4527.045,4527.5,4516.2,4521.87,24456
1779436800,"2026-05-22 08:00:00",4521.875,4531.32,4517.02,4521.835,32827
1779440400,"2026-05-22 09:00:00",4521.83,4535.96,4514.88,4532.255,28687
1779444000,"2026-05-22 10:00:00",4532.265,4536.82,4510.285,4514.705,25794
1779447600,"2026-05-22 11:00:00",4514.66,4525.315,4511.67,4520.635,24109
1779451200,"2026-05-22 12:00:00",4520.595,4535.96,4515.325,4528.24,39804
1779454800,"2026-05-22 13:00:00",4528.225,4534.495,4510.32,4514.02,56900
1779458400,"2026-05-22 14:00:00",4513.6,4513.73,4491.93,4500.615,66040
1779462000,"2026-05-22 15:00:00",4500.73,4522.555,4500.245,4519.975,37120
1779465600,"2026-05-22 16:00:00",4520.085,4526.915,4512.38,4515.05,33062
1779469200,"2026-05-22 17:00:00",4515.1,4527.995,4513.215,4519.255,38525
1779472800,"2026-05-22 18:00:00",4519.245,4520.34,4512.11,4515.27,25059
1779476400,"2026-05-22 19:00:00",4515.28,4516.05,4504.34,4508.45,28965
1779480000,"2026-05-22 20:00:00",4508.48,4510.69,4504.17,4509.69,16888
1779660000,"2026-05-24 22:00:00",4550.54,4565.825,4548.91,4565.33,29770
1779663600,"2026-05-24 23:00:00",4565.36,4580.21,4565.27,4567.08,20004
1779667200,"2026-05-25 00:00:00",4567.07,4579.575,4566.33,4569.72,25371
1779670800,"2026-05-25 01:00:00",4569.715,4576.585,4560.34,4563.08,37097
1779674400,"2026-05-25 02:00:00",4563.09,4570.51,4558.955,4561.43,21007
1779678000,"2026-05-25 03:00:00",4561.435,4564.6,4556.585,4559.78,17527
1779681600,"2026-05-25 04:00:00",4559.655,4565.94,4559.39,4564.88,11463
1779685200,"2026-05-25 05:00:00",4564.895,4566,4552.015,4553.43,17327
1779688800,"2026-05-25 06:00:00",4553.455,4563.43,4550.55,4562.69,24372
1779692400,"2026-05-25 07:00:00",4562.7,4565.18,4552.495,4564.79,26030
1779696000,"2026-05-25 08:00:00",4564.78,4565.085,4553.435,4556.01,16527
1779699600,"2026-05-25 09:00:00",4556.07,4569.165,4554.92,4567.62,14453
1779703200,"2026-05-25 10:00:00",4567.62,4573.825,4567.62,4568.6,13730
1779706800,"2026-05-25 11:00:00",4568.63,4577.115,4567.705,4569.46,13670
1779710400,"2026-05-25 12:00:00",4569.455,4570.41,4553.12,4567.795,26022
1779714000,"2026-05-25 13:00:00",4567.74,4571.605,4560.17,4563.125,26175
1779717600,"2026-05-25 14:00:00",4563.14,4570.655,4562.46,4566.985,18541
1779721200,"2026-05-25 15:00:00",4566.97,4574.875,4565.665,4571.06,17370
1779724800,"2026-05-25 16:00:00",4571.07,4574.685,4568.005,4573.63,8369
1779728400,"2026-05-25 17:00:00",4573.485,4578.065,4563.365,4565.11,11653
1779732000,"2026-05-25 18:00:00",4565.175,4572.05,4564.325,4570.315,4196
1779746400,"2026-05-25 22:00:00",4571.33,4576.635,4569.68,4574.935,8140
1779750000,"2026-05-25 23:00:00",4574.95,4580.245,4555.415,4559.77,19218
1779753600,"2026-05-26 00:00:00",4559.865,4560.36,4539.595,4549.9,33195
1779757200,"2026-05-26 01:00:00",4549.905,4550.685,4527.865,4537.3,37860
1779760800,"2026-05-26 02:00:00",4537.285,4539.75,4530.165,4532.445,15065
1779764400,"2026-05-26 03:00:00",4532.45,4545.6,4532.22,4542.4,10948
1779768000,"2026-05-26 04:00:00",4542.44,4543.255,4523.59,4525.65,11691
1779771600,"2026-05-26 05:00:00",4525.635,4535.24,4523.005,4527.37,21657
1779775200,"2026-05-26 06:00:00",4527.32,4536.28,4527.26,4531.135,21893
1779778800,"2026-05-26 07:00:00",4531.225,4539.2,4521.68,4538.365,31592
1779782400,"2026-05-26 08:00:00",4538.33,4539.145,4520.11,4523.88,26249
1779786000,"2026-05-26 09:00:00",4523.89,4526.665,4512.07,4522.775,25963
1779789600,"2026-05-26 10:00:00",4522.81,4540.69,4519.52,4534.46,28982
1779793200,"2026-05-26 11:00:00",4534.46,4536.405,4503.615,4507.46,36220
1779796800,"2026-05-26 12:00:00",4507.465,4523.875,4500.785,4520.59,39293
1779800400,"2026-05-26 13:00:00",4520.565,4531.475,4512.3,4514.15,50672
1779804000,"2026-05-26 14:00:00",4514.37,4525.11,4507.91,4515.425,39891
1779807600,"2026-05-26 15:00:00",4515.495,4515.755,4502.41,4506.64,36373
1779811200,"2026-05-26 16:00:00",4506.725,4511.34,4499.845,4505.155,28933
1779814800,"2026-05-26 17:00:00",4505.155,4507.765,4490.025,4491.19,27028
1779818400,"2026-05-26 18:00:00",4491.135,4499.66,4482.62,4499.425,25819
1779822000,"2026-05-26 19:00:00",4499.43,4510.055,4497.805,4509.05,17557
1779825600,"2026-05-26 20:00:00",4509.04,4511.22,4504.2,4507.57,9562
1779832800,"2026-05-26 22:00:00",4506.725,4512.66,4498.125,4511.13,19038
1779836400,"2026-05-26 23:00:00",4511.155,4528.05,4504.485,4519.68,15302
1779840000,"2026-05-27 00:00:00",4519.54,4526.035,4514.315,4515.06,18804
1779843600,"2026-05-27 01:00:00",4515.055,4521.19,4507.005,4508.165,19618
1779847200,"2026-05-27 02:00:00",4508.16,4509.745,4498.075,4505.96,14089
1779850800,"2026-05-27 03:00:00",4505.94,4512.095,4496.91,4497.325,11003
1779854400,"2026-05-27 04:00:00",4497.32,4517.375,4496.065,4510.28,11582
1779858000,"2026-05-27 05:00:00",4510.31,4513.94,4491.89,4497.685,28034
1779861600,"2026-05-27 06:00:00",4497.68,4499.31,4479.87,4485.17,34304
1779865200,"2026-05-27 07:00:00",4485.18,4489.43,4475.985,4482.265,24002
1779868800,"2026-05-27 08:00:00",4482.27,4498.845,4481.385,4497.93,25874
1779872400,"2026-05-27 09:00:00",4497.92,4497.92,4487.14,4490.165,17090
1779876000,"2026-05-27 10:00:00",4490.16,4490.705,4442.765,4445.99,40971
1779879600,"2026-05-27 11:00:00",4446.075,4453.41,4425.145,4428.795,42915
1779883200,"2026-05-27 12:00:00",4428.79,4466.7,4427.66,4439.01,64439
1779886800,"2026-05-27 13:00:00",4438.975,4439.215,4401.63,4427.425,84961
1779890400,"2026-05-27 14:00:00",4427.455,4455.655,4426.08,4434.105,61646
1779894000,"2026-05-27 15:00:00",4434.07,4441.64,4428.21,4436.55,35592
1779897600,"2026-05-27 16:00:00",4436.555,4453.36,4434.23,4450.8,25994
1779901200,"2026-05-27 17:00:00",4450.82,4454.39,4441.415,4450.495,25881
1779904800,"2026-05-27 18:00:00",4450.28,4458.445,4447.795,4454.435,15321
1779908400,"2026-05-27 19:00:00",4454.445,4454.855,4448.905,4451.01,15020
1779912000,"2026-05-27 20:00:00",4450.925,4458.975,4450.13,4456.12,6898
1779919200,"2026-05-27 22:00:00",4456.89,4462.58,4455.31,4457.55,7335
1779922800,"2026-05-27 23:00:00",4457.545,4457.815,4443.905,4447.11,14373
1779926400,"2026-05-28 00:00:00",4447.125,4458.245,4443.7,4457.15,20394
1779930000,"2026-05-28 01:00:00",4457.56,4459,4406.875,4410.105,39737
1779933600,"2026-05-28 02:00:00",4410.29,4412.91,4392.63,4394.37,32558
1779937200,"2026-05-28 03:00:00",4394.27,4397.925,4368.605,4374.89,35533
1779940800,"2026-05-28 04:00:00",4374.86,4382.4,4366.23,4373.1,29272
1779944400,"2026-05-28 05:00:00",4373.13,4395.97,4367.215,4388.115,28863
1779948000,"2026-05-28 06:00:00",4388.1,4390.67,4374.31,4383.795,30859
1779951600,"2026-05-28 07:00:00",4383.815,4396.31,4382.9,4387.745,27485
1779955200,"2026-05-28 08:00:00",4387.725,4395.145,4385.99,4387.055,24124
1779958800,"2026-05-28 09:00:00",4387.01,4399.195,4386.545,4393.605,20860
1779962400,"2026-05-28 10:00:00",4393.645,4404.33,4375.255,4383.17,27231
1779966000,"2026-05-28 11:00:00",4383.12,4390.725,4381.01,4387.925,21644
1779969600,"2026-05-28 12:00:00",4387.945,4433.88,4379.745,4432.24,42065
1779973200,"2026-05-28 13:00:00",4432.245,4439.185,4418.255,4430.46,59044
1779976800,"2026-05-28 14:00:00",4430.285,4480.53,4420.87,4469.97,99685
1779980400,"2026-05-28 15:00:00",4469.945,4484.995,4468.825,4482.505,45623
1779984000,"2026-05-28 16:00:00",4482.51,4511.075,4477.685,4511.015,46877
1779987600,"2026-05-28 17:00:00",4511.035,4514.63,4501.305,4509.065,32062
1779991200,"2026-05-28 18:00:00",4509.06,4516.63,4498.645,4501.385,27745
1779994800,"2026-05-28 19:00:00",4501.365,4503.79,4497.305,4497.995,18028
1779998400,"2026-05-28 20:00:00",4497.965,4500.715,4494.775,4495.825,11008
1780005600,"2026-05-28 22:00:00",4497.085,4498.15,4491.135,4491.22,8809
1780009200,"2026-05-28 23:00:00",4491.26,4497.24,4488.975,4495.08,11739
1780012800,"2026-05-29 00:00:00",4495.195,4500.75,4492.085,4496.22,19012
1780016400,"2026-05-29 01:00:00",4496.37,4520.815,4492.42,4506.52,29076
1780020000,"2026-05-29 02:00:00",4506.55,4511.31,4498.6,4501.785,18019
1780023600,"2026-05-29 03:00:00",4501.69,4502.145,4494.935,4501.38,14569
1780027200,"2026-05-29 04:00:00",4501.365,4515.19,4501.18,4514.105,12068
1780030800,"2026-05-29 05:00:00",4514.1,4515.73,4502.635,4515.165,17303
1780034400,"2026-05-29 06:00:00",4515.17,4524.09,4510.03,4523.605,25960
1780038000,"2026-05-29 07:00:00",4523.59,4526.2,4510.695,4523.97,19417
