timestamp,datetime,open,high,low,close,volume
-4322772238,"1833-01-06 21:56:02",20.65,20.65,20.65,20.65,0
-4291322638,"1834-01-05 21:56:02",20.65,20.65,20.65,20.65,0
-4259873038,"1835-01-04 21:56:02",20.65,20.65,20.65,20.65,0
-4228423438,"1836-01-03 21:56:02",20.65,20.65,20.65,20.65,0
-4196973838,"1837-01-01 21:56:02",20.65,20.65,20.65,20.65,0
-4165524238,"1837-12-31 21:56:02",20.65,20.65,20.65,20.65,0
-4070570638,"1841-01-03 21:56:02",20.65,20.65,20.65,20.65,0
-4039121038,"1842-01-02 21:56:02",20.65,20.65,20.65,20.65,0
-4007671438,"1843-01-01 21:56:02",20.65,20.65,20.65,20.65,0
-3976221838,"1843-12-31 21:56:02",20.65,20.65,20.65,20.65,0
-3912717838,"1846-01-04 21:56:02",20.65,20.65,20.65,20.65,0
-3881268238,"1847-01-03 21:56:02",20.65,20.65,20.65,20.65,0
-3849818638,"1848-01-02 21:56:02",20.65,20.65,20.65,20.65,0
-3818369038,"1848-12-31 21:56:02",20.65,20.65,20.65,20.65,0
-3723415438,"1852-01-04 21:56:02",20.65,20.65,20.65,20.65,0
-3691965838,"1853-01-02 21:56:02",20.65,20.65,20.65,20.65,0
-3660516238,"1854-01-01 21:56:02",20.65,20.65,20.65,20.65,0
-3629066638,"1854-12-31 21:56:02",20.65,20.65,20.65,20.65,0
-3565562638,"1857-01-04 21:56:02",20.65,20.65,20.65,20.65,0
-3534113038,"1858-01-03 21:56:02",20.65,20.65,20.65,20.65,0
-3502663438,"1859-01-02 21:56:02",20.65,20.65,20.65,20.65,0
-3471213838,"1860-01-01 21:56:02",20.65,20.65,20.65,20.65,0
-3376260238,"1863-01-04 21:56:02",20.65,20.65,20.65,20.65,0
-3344810638,"1864-01-03 21:56:02",20.65,20.65,20.65,20.65,0
-3313361038,"1865-01-01 21:56:02",20.65,20.65,20.65,20.65,0
-3281911438,"1865-12-31 21:56:02",20.65,20.65,20.65,20.65,0
-3186957838,"1869-01-03 21:56:02",20.65,20.65,20.65,20.65,0
-3155508238,"1870-01-02 21:56:02",20.65,20.65,20.65,20.65,0
-3124058638,"1871-01-01 21:56:02",20.65,20.65,20.65,20.65,0
-3092609038,"1871-12-31 21:56:02",20.66,20.66,20.66,20.66,0
-3029105038,"1874-01-04 21:56:02",20.66,20.66,20.66,20.66,0
-2997655438,"1875-01-03 21:56:02",20.66,20.66,20.66,20.66,0
-2966205838,"1876-01-02 21:56:02",20.66,20.66,20.66,20.66,0
-2934756238,"1876-12-31 21:56:02",20.66,20.66,20.66,20.66,0
-2839802638,"1880-01-04 21:56:02",20.66,20.66,20.66,20.66,0
-2808353038,"1881-01-02 21:56:02",20.66,20.66,20.66,20.66,0
-2776903438,"1882-01-01 21:56:02",20.66,20.66,20.66,20.66,0
-2745453838,"1882-12-31 21:56:02",20.66,20.66,20.66,20.66,0
-2681949600,"1885-01-04 22:00:00",20.66,20.66,20.66,20.66,0
-2650500000,"1886-01-03 22:00:00",20.65,20.65,20.65,20.65,0
-2619050400,"1887-01-02 22:00:00",20.65,20.65,20.65,20.65,0
-2587600800,"1888-01-01 22:00:00",20.65,20.65,20.65,20.65,0
-2492647200,"1891-01-04 22:00:00",20.68,20.68,20.68,20.68,0
-2461197600,"1892-01-03 22:00:00",20.68,20.68,20.68,20.68,0
-2429748000,"1893-01-01 22:00:00",20.68,20.68,20.68,20.68,0
-2398298400,"1893-12-31 22:00:00",20.66,20.66,20.66,20.66,0
-2303344800,"1897-01-03 22:00:00",20.71,20.71,20.71,20.71,0
-2271895200,"1898-01-02 22:00:00",20.71,20.71,20.71,20.71,0
-2240445600,"1899-01-01 22:00:00",20.66,20.66,20.66,20.66,0
-2208996000,"1899-12-31 22:00:00",20.68,20.68,20.68,20.68,0
-2114042400,"1903-01-04 22:00:00",20.67,20.67,20.67,20.67,0
-2082592800,"1904-01-03 22:00:00",20.68,20.68,20.68,20.68,0
-2051143200,"1905-01-01 22:00:00",20.54,20.54,20.54,20.54,0
-2019693600,"1905-12-31 22:00:00",20.62,20.62,20.62,20.62,0
-1924740000,"1909-01-03 22:00:00",20.68,20.68,20.68,20.68,0
-1893290400,"1910-01-02 22:00:00",20.64,20.64,20.64,20.64,0
-1861840800,"1911-01-01 22:00:00",20.64,20.64,20.64,20.64,0
-1830391200,"1911-12-31 22:00:00",20.65,20.65,20.65,20.65,0
-1766887200,"1914-01-04 22:00:00",20.72,20.72,20.72,20.72,0
-1735437600,"1915-01-03 22:00:00",20.72,20.72,20.72,20.72,0
-1703988000,"1916-01-02 22:00:00",20.72,20.72,20.72,20.72,0
-1672538400,"1916-12-31 22:00:00",20.72,20.72,20.72,20.72,0
-1577584800,"1920-01-04 22:00:00",20.68,20.68,20.68,20.68,0
-1546135200,"1921-01-02 22:00:00",20.69,20.69,20.58,20.58,0
-1543716000,"1921-01-30 22:00:00",20.69,20.69,20.69,20.69,0
-1541296800,"1921-02-27 22:00:00",20.69,20.69,20.69,20.69,0
-1538877600,"1921-03-27 22:00:00",20.69,20.69,20.69,20.69,0
-1535857200,"1921-05-01 21:00:00",20.69,20.69,20.69,20.69,0
-1533438000,"1921-05-29 21:00:00",20.69,20.69,20.69,20.69,0
-1531018800,"1921-06-26 21:00:00",20.69,20.69,20.69,20.69,0
-1527994800,"1921-07-31 21:00:00",20.69,20.69,20.69,20.69,0
-1525575600,"1921-08-28 21:00:00",20.69,20.69,20.69,20.69,0
-1522548000,"1921-10-02 22:00:00",20.69,20.69,20.69,20.69,0
-1520128800,"1921-10-30 22:00:00",20.69,20.69,20.69,20.69,0
-1517709600,"1921-11-27 22:00:00",20.69,20.69,20.69,20.69,0
-1514685600,"1922-01-01 22:00:00",20.84,20.84,20.84,20.84,0
-1512266400,"1922-01-29 22:00:00",20.84,20.84,20.84,20.84,0
-1509847200,"1922-02-26 22:00:00",20.84,20.84,20.84,20.84,0
-1506823200,"1922-04-02 22:00:00",20.84,20.84,20.84,20.84,0
-1504407600,"1922-04-30 21:00:00",20.84,20.84,20.84,20.84,0
-1501988400,"1922-05-28 21:00:00",20.84,20.84,20.84,20.84,0
-1498964400,"1922-07-02 21:00:00",20.84,20.84,20.84,20.84,0
-1496545200,"1922-07-30 21:00:00",20.84,20.84,20.84,20.84,0
-1494126000,"1922-08-27 21:00:00",20.84,20.84,20.84,20.84,0
-1491098400,"1922-10-01 22:00:00",20.84,20.84,20.84,20.84,0
-1488679200,"1922-10-29 22:00:00",20.84,20.84,20.84,20.84,0
-1486260000,"1922-11-26 22:00:00",20.84,20.84,20.84,20.84,0
-1483236000,"1922-12-31 22:00:00",20.75,20.75,20.75,20.75,0
-1480816800,"1923-01-28 22:00:00",20.75,20.75,20.75,20.75,0
-1478397600,"1923-02-25 22:00:00",20.75,20.75,20.75,20.75,0
-1475373600,"1923-04-01 22:00:00",20.75,20.75,20.75,20.75,0
-1472958000,"1923-04-29 21:00:00",20.75,20.75,20.75,20.75,0
-1470538800,"1923-05-27 21:00:00",20.75,20.75,20.75,20.75,0
-1467514800,"1923-07-01 21:00:00",20.75,20.75,20.75,20.75,0
-1465095600,"1923-07-29 21:00:00",20.75,20.75,20.75,20.75,0
-1462071600,"1923-09-02 21:00:00",20.75,20.75,20.75,20.75,0
-1459648800,"1923-09-30 22:00:00",20.75,20.75,20.75,20.75,0
-1457229600,"1923-10-28 22:00:00",20.75,20.75,20.75,20.75,0
-1454205600,"1923-12-02 22:00:00",20.75,20.75,20.75,20.75,0
-1451786400,"1923-12-30 22:00:00",20.78,20.78,20.78,20.78,0
-1449367200,"1924-01-27 22:00:00",20.78,20.78,20.78,20.78,0
-1446343200,"1924-03-02 22:00:00",20.78,20.78,20.78,20.78,0
-1443924000,"1924-03-30 22:00:00",20.78,20.78,20.78,20.78,0
-1441508400,"1924-04-27 21:00:00",20.78,20.78,20.78,20.78,0
-1438484400,"1924-06-01 21:00:00",20.78,20.78,20.78,20.78,0
-1436065200,"1924-06-29 21:00:00",20.78,20.78,20.78,20.78,0
-1433646000,"1924-07-27 21:00:00",20.78,20.78,20.78,20.78,0
-1430622000,"1924-08-31 21:00:00",20.78,20.78,20.78,20.78,0
-1428199200,"1924-09-28 22:00:00",20.78,20.78,20.78,20.78,0
-1425175200,"1924-11-02 22:00:00",20.78,20.78,20.78,20.78,0
-1422756000,"1924-11-30 22:00:00",20.78,20.78,20.78,20.78,0
-1420336800,"1924-12-28 22:00:00",20.75,20.75,20.75,20.75,0
-1417312800,"1925-02-01 22:00:00",20.75,20.75,20.75,20.75,0
-1414893600,"1925-03-01 22:00:00",20.75,20.75,20.75,20.75,0
-1412474400,"1925-03-29 22:00:00",20.75,20.75,20.75,20.75,0
-1410058800,"1925-04-26 21:00:00",20.75,20.75,20.75,20.75,0
-1407034800,"1925-05-31 21:00:00",20.75,20.75,20.75,20.75,0
-1404615600,"1925-06-28 21:00:00",20.75,20.75,20.75,20.75,0
-1401591600,"1925-08-02 21:00:00",20.75,20.75,20.75,20.75,0
-1399172400,"1925-08-30 21:00:00",20.75,20.75,20.75,20.75,0
-1396749600,"1925-09-27 22:00:00",20.75,20.75,20.75,20.75,0
-1393725600,"1925-11-01 22:00:00",20.75,20.75,20.75,20.75,0
-1391306400,"1925-11-29 22:00:00",20.75,20.75,20.75,20.75,0
-1388887200,"1925-12-27 22:00:00",20.72,20.72,20.72,20.72,0
-1385863200,"1926-01-31 22:00:00",20.72,20.72,20.72,20.72,0
-1383444000,"1926-02-28 22:00:00",20.72,20.72,20.72,20.72,0
-1381024800,"1926-03-28 22:00:00",20.72,20.72,20.72,20.72,0
-1378004400,"1926-05-02 21:00:00",20.72,20.72,20.72,20.72,0
-1375585200,"1926-05-30 21:00:00",20.72,20.72,20.72,20.72,0
-1373166000,"1926-06-27 21:00:00",20.72,20.72,20.72,20.72,0
-1370142000,"1926-08-01 21:00:00",20.72,20.72,20.72,20.72,0
-1367722800,"1926-08-29 21:00:00",20.72,20.72,20.72,20.72,0
-1365300000,"1926-09-26 22:00:00",20.72,20.72,20.72,20.72,0
-1362276000,"1926-10-31 22:00:00",20.72,20.72,20.72,20.72,0
-1359856800,"1926-11-28 22:00:00",20.72,20.72,20.72,20.72,0
-1356832800,"1927-01-02 22:00:00",20.75,20.75,20.75,20.75,0
-1354413600,"1927-01-30 22:00:00",20.75,20.75,20.75,20.75,0
-1351994400,"1927-02-27 22:00:00",20.75,20.75,20.75,20.75,0
-1349575200,"1927-03-27 22:00:00",20.75,20.75,20.75,20.75,0
-1346554800,"1927-05-01 21:00:00",20.75,20.75,20.75,20.75,0
-1344135600,"1927-05-29 21:00:00",20.75,20.75,20.75,20.75,0
-1341716400,"1927-06-26 21:00:00",20.75,20.75,20.75,20.75,0
-1338692400,"1927-07-31 21:00:00",20.75,20.75,20.75,20.75,0
-1336273200,"1927-08-28 21:00:00",20.75,20.75,20.75,20.75,0
-1333245600,"1927-10-02 22:00:00",20.75,20.75,20.75,20.75,0
-1330826400,"1927-10-30 22:00:00",20.75,20.75,20.75,20.75,0
-1328407200,"1927-11-27 22:00:00",20.75,20.75,20.75,20.75,0
-1325383200,"1928-01-01 22:00:00",20.78,20.78,20.78,20.78,0
-1322964000,"1928-01-29 22:00:00",20.78,20.78,20.78,20.78,0
-1320544800,"1928-02-26 22:00:00",20.78,20.78,20.78,20.78,0
-1317520800,"1928-04-01 22:00:00",20.78,20.78,20.78,20.78,0
-1315105200,"1928-04-29 21:00:00",20.78,20.78,20.78,20.78,0
-1312686000,"1928-05-27 21:00:00",20.78,20.78,20.78,20.78,0
-1309662000,"1928-07-01 21:00:00",20.78,20.78,20.78,20.78,0
-1307242800,"1928-07-29 21:00:00",20.78,20.78,20.78,20.78,0
-1304218800,"1928-09-02 21:00:00",20.78,20.78,20.78,20.78,0
-1301796000,"1928-09-30 22:00:00",20.78,20.78,20.78,20.78,0
-1299376800,"1928-10-28 22:00:00",20.78,20.78,20.78,20.78,0
-1296352800,"1928-12-02 22:00:00",20.78,20.78,20.78,20.78,0
-1293933600,"1928-12-30 22:00:00",20.72,20.72,20.72,20.72,0
-1291514400,"1929-01-27 22:00:00",20.72,20.72,20.72,20.72,0
-1289095200,"1929-02-24 22:00:00",20.72,20.72,20.72,20.72,0
-1286071200,"1929-03-31 22:00:00",20.72,20.72,20.72,20.72,0
-1283655600,"1929-04-28 21:00:00",20.72,20.72,20.72,20.72,0
-1280631600,"1929-06-02 21:00:00",20.72,20.72,20.72,20.72,0
-1278212400,"1929-06-30 21:00:00",20.72,20.72,20.72,20.72,0
-1275793200,"1929-07-28 21:00:00",20.72,20.72,20.72,20.72,0
-1272769200,"1929-09-01 21:00:00",20.72,20.72,20.72,20.72,0
-1270346400,"1929-09-29 22:00:00",20.72,20.72,20.72,20.72,0
-1267927200,"1929-10-27 22:00:00",20.72,20.72,20.72,20.72,0
-1264903200,"1929-12-01 22:00:00",20.72,20.72,20.72,20.72,0
-1262484000,"1929-12-29 22:00:00",20.69,20.69,20.69,20.69,0
-1259460000,"1930-02-02 22:00:00",20.69,20.69,20.69,20.69,0
-1257040800,"1930-03-02 22:00:00",20.69,20.69,20.69,20.69,0
-1254621600,"1930-03-30 22:00:00",20.69,20.69,20.69,20.69,0
-1252206000,"1930-04-27 21:00:00",20.69,20.69,20.69,20.69,0
-1249182000,"1930-06-01 21:00:00",20.69,20.69,20.69,20.69,0
-1246762800,"1930-06-29 21:00:00",20.69,20.69,20.69,20.69,0
-1244343600,"1930-07-27 21:00:00",20.69,20.69,20.69,20.69,0
-1241319600,"1930-08-31 21:00:00",20.69,20.69,20.69,20.69,0
-1238896800,"1930-09-28 22:00:00",20.69,20.69,20.69,20.69,0
-1235872800,"1930-11-02 22:00:00",20.69,20.69,20.69,20.69,0
-1233453600,"1930-11-30 22:00:00",20.69,20.69,20.69,20.69,0
-1231034400,"1930-12-28 22:00:00",22.59,22.59,22.59,22.59,0
-1228010400,"1931-02-01 22:00:00",22.59,22.59,22.59,22.59,0
-1225591200,"1931-03-01 22:00:00",22.59,22.59,22.59,22.59,0
-1223172000,"1931-03-29 22:00:00",22.59,22.59,22.59,22.59,0
-1220756400,"1931-04-26 21:00:00",22.59,22.59,22.59,22.59,0
-1217732400,"1931-05-31 21:00:00",22.59,22.59,22.59,22.59,0
-1215313200,"1931-06-28 21:00:00",22.59,22.59,22.59,22.59,0
-1212289200,"1931-08-02 21:00:00",22.59,22.59,22.59,22.59,0
-1209870000,"1931-08-30 21:00:00",22.59,22.59,22.59,22.59,0
-1207447200,"1931-09-27 22:00:00",22.59,22.59,22.59,22.59,0
-1204423200,"1931-11-01 22:00:00",22.59,22.59,22.59,22.59,0
-1202004000,"1931-11-29 22:00:00",22.59,22.59,22.59,22.59,0
-1199584800,"1931-12-27 22:00:00",20.78,20.78,20.78,20.78,0
-1196560800,"1932-01-31 22:00:00",20.78,20.78,20.78,20.78,0
-1194141600,"1932-02-28 22:00:00",20.78,20.78,20.78,20.78,0
-1191722400,"1932-03-27 22:00:00",20.78,20.78,20.78,20.78,0
-1188702000,"1932-05-01 21:00:00",20.78,20.78,20.78,20.78,0
-1186282800,"1932-05-29 21:00:00",20.78,20.78,20.78,20.78,0
-1183863600,"1932-06-26 21:00:00",20.78,20.78,20.78,20.78,0
-1180839600,"1932-07-31 21:00:00",20.78,20.78,20.78,20.78,0
-1178420400,"1932-08-28 21:00:00",20.78,20.78,20.78,20.78,0
-1175392800,"1932-10-02 22:00:00",20.78,20.78,20.78,20.78,0
-1172973600,"1932-10-30 22:00:00",20.78,20.78,20.78,20.78,0
-1170554400,"1932-11-27 22:00:00",20.78,20.78,20.78,20.78,0
-1167530400,"1933-01-01 22:00:00",26.47,26.47,26.47,26.47,0
-1165111200,"1933-01-29 22:00:00",26.47,26.47,26.47,26.47,0
-1162692000,"1933-02-26 22:00:00",26.47,26.47,26.47,26.47,0
-1159668000,"1933-04-02 22:00:00",26.47,26.47,26.47,26.47,0
-1157252400,"1933-04-30 21:00:00",26.47,26.47,26.47,26.47,0
-1154833200,"1933-05-28 21:00:00",26.47,26.47,26.47,26.47,0
-1151809200,"1933-07-02 21:00:00",26.47,26.47,26.47,26.47,0
-1149390000,"1933-07-30 21:00:00",26.47,26.47,26.47,26.47,0
-1146970800,"1933-08-27 21:00:00",26.47,26.47,26.47,26.47,0
-1143943200,"1933-10-01 22:00:00",26.47,26.47,26.47,26.47,0
-1141524000,"1933-10-29 22:00:00",26.47,26.47,26.47,26.47,0
-1139104800,"1933-11-26 22:00:00",26.47,26.47,26.47,26.47,0
-1136080800,"1933-12-31 22:00:00",35,35,35,35,0
-1133661600,"1934-01-28 22:00:00",35,35,35,35,0
-1131242400,"1934-02-25 22:00:00",35,35,35,35,0
-1128218400,"1934-04-01 22:00:00",35,35,35,35,0
-1125802800,"1934-04-29 21:00:00",35,35,35,35,0
-1123383600,"1934-05-27 21:00:00",35,35,35,35,0
-1120359600,"1934-07-01 21:00:00",35,35,35,35,0
-1117940400,"1934-07-29 21:00:00",35,35,35,35,0
-1114916400,"1934-09-02 21:00:00",35,35,35,35,0
-1112493600,"1934-09-30 22:00:00",35,35,35,35,0
-1110074400,"1934-10-28 22:00:00",35,35,35,35,0
-1107050400,"1934-12-02 22:00:00",35,35,35,35,0
-1104631200,"1934-12-30 22:00:00",35,35,35,35,0
-1102212000,"1935-01-27 22:00:00",35,35,35,35,0
-1099792800,"1935-02-24 22:00:00",35,35,35,35,0
-1096768800,"1935-03-31 22:00:00",35,35,35,35,0
-1094353200,"1935-04-28 21:00:00",35,35,35,35,0
-1091329200,"1935-06-02 21:00:00",35,35,35,35,0
-1088910000,"1935-06-30 21:00:00",35,35,35,35,0
-1086490800,"1935-07-28 21:00:00",35,35,35,35,0
-1083466800,"1935-09-01 21:00:00",35,35,35,35,0
-1081044000,"1935-09-29 22:00:00",35,35,35,35,0
-1078624800,"1935-10-27 22:00:00",35,35,35,35,0
-1075600800,"1935-12-01 22:00:00",35,35,35,35,0
-1073181600,"1935-12-29 22:00:00",35,35,35,35,0
-1070157600,"1936-02-02 22:00:00",35,35,35,35,0
-1067738400,"1936-03-01 22:00:00",35,35,35,35,0
-1065319200,"1936-03-29 22:00:00",35,35,35,35,0
-1062903600,"1936-04-26 21:00:00",35,35,35,35,0
-1059879600,"1936-05-31 21:00:00",35,35,35,35,0
-1057460400,"1936-06-28 21:00:00",35,35,35,35,0
-1054436400,"1936-08-02 21:00:00",35,35,35,35,0
-1052017200,"1936-08-30 21:00:00",35,35,35,35,0
-1049594400,"1936-09-27 22:00:00",35,35,35,35,0
-1046570400,"1936-11-01 22:00:00",35,35,35,35,0
-1044151200,"1936-11-29 22:00:00",35,35,35,35,0
-1041732000,"1936-12-27 22:00:00",35,35,35,35,0
-1038708000,"1937-01-31 22:00:00",35,35,35,35,0
-1036288800,"1937-02-28 22:00:00",35,35,35,35,0
-1033869600,"1937-03-28 22:00:00",35,35,35,35,0
-1030849200,"1937-05-02 21:00:00",35,35,35,35,0
-1028430000,"1937-05-30 21:00:00",35,35,35,35,0
-1026010800,"1937-06-27 21:00:00",35,35,35,35,0
-1022986800,"1937-08-01 21:00:00",35,35,35,35,0
-1020567600,"1937-08-29 21:00:00",35,35,35,35,0
-1018144800,"1937-09-26 22:00:00",35,35,35,35,0
-1015120800,"1937-10-31 22:00:00",35,35,35,35,0
-1012701600,"1937-11-28 22:00:00",35,35,35,35,0
-1009677600,"1938-01-02 22:00:00",35,35,35,35,0
-1007258400,"1938-01-30 22:00:00",35,35,35,35,0
-1004839200,"1938-02-27 22:00:00",35,35,35,35,0
-1002420000,"1938-03-27 22:00:00",35,35,35,35,0
-999399600,"1938-05-01 21:00:00",35,35,35,35,0
-996980400,"1938-05-29 21:00:00",35,35,35,35,0
-994561200,"1938-06-26 21:00:00",35,35,35,35,0
-991537200,"1938-07-31 21:00:00",35,35,35,35,0
-989118000,"1938-08-28 21:00:00",35,35,35,35,0
-986090400,"1938-10-02 22:00:00",35,35,35,35,0
-983671200,"1938-10-30 22:00:00",35,35,35,35,0
-981252000,"1938-11-27 22:00:00",35,35,35,35,0
-978228000,"1939-01-01 22:00:00",34.69,34.69,34.69,34.69,0
-975808800,"1939-01-29 22:00:00",34.69,34.69,34.69,34.69,0
-973389600,"1939-02-26 22:00:00",34.69,34.69,34.69,34.69,0
-970365600,"1939-04-02 22:00:00",34.69,34.69,34.69,34.69,0
-967950000,"1939-04-30 21:00:00",34.69,34.69,34.69,34.69,0
-965530800,"1939-05-28 21:00:00",34.69,34.69,34.69,34.69,0
-962506800,"1939-07-02 21:00:00",34.69,34.69,34.69,34.69,0
-960087600,"1939-07-30 21:00:00",34.69,34.69,34.69,34.69,0
-957668400,"1939-08-27 21:00:00",34.69,34.69,34.69,34.69,0
-954640800,"1939-10-01 22:00:00",34.69,34.69,34.69,34.69,0
-952221600,"1939-10-29 22:00:00",34.69,34.69,34.69,34.69,0
-949802400,"1939-11-26 22:00:00",34.69,34.69,34.69,34.69,0
-946778400,"1939-12-31 22:00:00",34.06,34.06,34.06,34.06,0
-944359200,"1940-01-28 22:00:00",34.06,34.06,34.06,34.06,0
-941940000,"1940-02-25 22:00:00",34.06,34.06,34.06,34.06,0
-938916000,"1940-03-31 22:00:00",34.06,34.06,34.06,34.06,0
-936500400,"1940-04-28 21:00:00",34.06,34.06,34.06,34.06,0
-933476400,"1940-06-02 21:00:00",34.06,34.06,34.06,34.06,0
-931057200,"1940-06-30 21:00:00",34.06,34.06,34.06,34.06,0
-928638000,"1940-07-28 21:00:00",34.06,34.06,34.06,34.06,0
-925614000,"1940-09-01 21:00:00",34.06,34.06,34.06,34.06,0
-923191200,"1940-09-29 22:00:00",34.06,34.06,34.06,34.06,0
-920772000,"1940-10-27 22:00:00",34.06,34.06,34.06,34.06,0
-917748000,"1940-12-01 22:00:00",34.06,34.06,34.06,34.06,0
-915328800,"1940-12-29 22:00:00",34.06,34.06,34.06,34.06,0
-912304800,"1941-02-02 22:00:00",34.06,34.06,34.06,34.06,0
-909885600,"1941-03-02 22:00:00",34.06,34.06,34.06,34.06,0
-907466400,"1941-03-30 22:00:00",34.06,34.06,34.06,34.06,0
-905050800,"1941-04-27 21:00:00",34.06,34.06,34.06,34.06,0
-902026800,"1941-06-01 21:00:00",34.06,34.06,34.06,34.06,0
-899607600,"1941-06-29 21:00:00",34.06,34.06,34.06,34.06,0
-897188400,"1941-07-27 21:00:00",34.06,34.06,34.06,34.06,0
-894164400,"1941-08-31 21:00:00",34.06,34.06,34.06,34.06,0
-891741600,"1941-09-28 22:00:00",34.06,34.06,34.06,34.06,0
-888717600,"1941-11-02 22:00:00",34.06,34.06,34.06,34.06,0
-886298400,"1941-11-30 22:00:00",34.06,34.06,34.06,34.06,0
-883879200,"1941-12-28 22:00:00",34.06,34.06,34.06,34.06,0
-880855200,"1942-02-01 22:00:00",34.06,34.06,34.06,34.06,0
-878439600,"1942-03-01 21:00:00",34.06,34.06,34.06,34.06,0
-876020400,"1942-03-29 21:00:00",34.06,34.06,34.06,34.06,0
-873601200,"1942-04-26 21:00:00",34.06,34.06,34.06,34.06,0
-870577200,"1942-05-31 21:00:00",34.06,34.06,34.06,34.06,0
-868158000,"1942-06-28 21:00:00",34.06,34.06,34.06,34.06,0
-865134000,"1942-08-02 21:00:00",34.06,34.06,34.06,34.06,0
-862714800,"1942-08-30 21:00:00",34.06,34.06,34.06,34.06,0
-860295600,"1942-09-27 21:00:00",34.06,34.06,34.06,34.06,0
-857271600,"1942-11-01 21:00:00",34.06,34.06,34.06,34.06,0
-854852400,"1942-11-29 21:00:00",34.06,34.06,34.06,34.06,0
-852433200,"1942-12-27 21:00:00",34.06,34.06,34.06,34.06,0
-849409200,"1943-01-31 21:00:00",34.06,34.06,34.06,34.06,0
-846990000,"1943-02-28 21:00:00",34.06,34.06,34.06,34.06,0
-844570800,"1943-03-28 21:00:00",34.06,34.06,34.06,34.06,0
-841546800,"1943-05-02 21:00:00",34.06,34.06,34.06,34.06,0
-839127600,"1943-05-30 21:00:00",34.06,34.06,34.06,34.06,0
-836708400,"1943-06-27 21:00:00",34.06,34.06,34.06,34.06,0
-833684400,"1943-08-01 21:00:00",34.06,34.06,34.06,34.06,0
-831265200,"1943-08-29 21:00:00",34.06,34.06,34.06,34.06,0
-828846000,"1943-09-26 21:00:00",34.06,34.06,34.06,34.06,0
-825822000,"1943-10-31 21:00:00",34.06,34.06,34.06,34.06,0
-823402800,"1943-11-28 21:00:00",34.06,34.06,34.06,34.06,0
-820378800,"1944-01-02 21:00:00",34.06,34.06,34.06,34.06,0
-817959600,"1944-01-30 21:00:00",34.06,34.06,34.06,34.06,0
-815540400,"1944-02-27 21:00:00",34.06,34.06,34.06,34.06,0
-812516400,"1944-04-02 21:00:00",34.06,34.06,34.06,34.06,0
-810097200,"1944-04-30 21:00:00",34.06,34.06,34.06,34.06,0
-807678000,"1944-05-28 21:00:00",34.06,34.06,34.06,34.06,0
-804654000,"1944-07-02 21:00:00",34.06,34.06,34.06,34.06,0
-802234800,"1944-07-30 21:00:00",34.06,34.06,34.06,34.06,0
-799815600,"1944-08-27 21:00:00",34.06,34.06,34.06,34.06,0
-796791600,"1944-10-01 21:00:00",34.06,34.06,34.06,34.06,0
-794372400,"1944-10-29 21:00:00",34.06,34.06,34.06,34.06,0
-791953200,"1944-11-26 21:00:00",34.06,34.06,34.06,34.06,0
-788929200,"1944-12-31 21:00:00",35,35,35,35,0
-786510000,"1945-01-28 21:00:00",35,35,35,35,0
-784090800,"1945-02-25 21:00:00",35,35,35,35,0
-781066800,"1945-04-01 21:00:00",35,35,35,35,0
-778647600,"1945-04-29 21:00:00",35,35,35,35,0
-776228400,"1945-05-27 21:00:00",35,35,35,35,0
-773204400,"1945-07-01 21:00:00",35,35,35,35,0
-770785200,"1945-07-29 21:00:00",35,35,35,35,0
-767761200,"1945-09-02 21:00:00",35,35,35,35,0
-765338400,"1945-09-30 22:00:00",35,35,35,35,0
-762919200,"1945-10-28 22:00:00",35,35,35,35,0
-759895200,"1945-12-02 22:00:00",35,35,35,35,0
-757476000,"1945-12-30 22:00:00",35,35,35,35,0
-755056800,"1946-01-27 22:00:00",35,35,35,35,0
-752637600,"1946-02-24 22:00:00",35,35,35,35,0
-749613600,"1946-03-31 22:00:00",35,35,35,35,0
-747198000,"1946-04-28 21:00:00",35,35,35,35,0
-744174000,"1946-06-02 21:00:00",35,35,35,35,0
-741754800,"1946-06-30 21:00:00",35,35,35,35,0
-739335600,"1946-07-28 21:00:00",35,35,35,35,0
-736311600,"1946-09-01 21:00:00",35,35,35,35,0
-733888800,"1946-09-29 22:00:00",35,35,35,35,0
-731469600,"1946-10-27 22:00:00",35,35,35,35,0
-728445600,"1946-12-01 22:00:00",35,35,35,35,0
-726026400,"1946-12-29 22:00:00",35,35,35,35,0
-723002400,"1947-02-02 22:00:00",35,35,35,35,0
-720583200,"1947-03-02 22:00:00",35,35,35,35,0
-718164000,"1947-03-30 22:00:00",35,35,35,35,0
-715748400,"1947-04-27 21:00:00",35,35,35,35,0
-712724400,"1947-06-01 21:00:00",35,35,35,35,0
-710305200,"1947-06-29 21:00:00",35,35,35,35,0
-707886000,"1947-07-27 21:00:00",35,35,35,35,0
-704862000,"1947-08-31 21:00:00",35,35,35,35,0
-702439200,"1947-09-28 22:00:00",35,35,35,35,0
-699415200,"1947-11-02 22:00:00",35,35,35,35,0
-696996000,"1947-11-30 22:00:00",35,35,35,35,0
-694576800,"1947-12-28 22:00:00",35,35,35,35,0
-691552800,"1948-02-01 22:00:00",35,35,35,35,0
-689133600,"1948-02-29 22:00:00",35,35,35,35,0
-686714400,"1948-03-28 22:00:00",35,35,35,35,0
-683694000,"1948-05-02 21:00:00",35,35,35,35,0
-681274800,"1948-05-30 21:00:00",35,35,35,35,0
-678855600,"1948-06-27 21:00:00",35,35,35,35,0
-675831600,"1948-08-01 21:00:00",35,35,35,35,0
-673412400,"1948-08-29 21:00:00",35,35,35,35,0
-670989600,"1948-09-26 22:00:00",35,35,35,35,0
-667965600,"1948-10-31 22:00:00",35,35,35,35,0
-665546400,"1948-11-28 22:00:00",35,35,35,35,0
-662522400,"1949-01-02 22:00:00",31.88,31.88,31.88,31.88,0
-660103200,"1949-01-30 22:00:00",31.88,31.88,31.88,31.88,0
-657684000,"1949-02-27 22:00:00",31.88,31.88,31.88,31.88,0
-655264800,"1949-03-27 22:00:00",31.88,31.88,31.88,31.88,0
-652244400,"1949-05-01 21:00:00",31.88,31.88,31.88,31.88,0
-649825200,"1949-05-29 21:00:00",31.88,31.88,31.88,31.88,0
-647406000,"1949-06-26 21:00:00",31.88,31.88,31.88,31.88,0
-644382000,"1949-07-31 21:00:00",31.88,31.88,31.88,31.88,0
-641962800,"1949-08-28 21:00:00",31.88,31.88,31.88,31.88,0
-638935200,"1949-10-02 22:00:00",31.88,31.88,31.88,31.88,0
-636516000,"1949-10-30 22:00:00",31.88,31.88,31.88,31.88,0
-634096800,"1949-11-27 22:00:00",31.88,31.88,31.88,31.88,0
-631072800,"1950-01-01 22:00:00",34.73,34.73,34.73,34.73,0
-628653600,"1950-01-29 22:00:00",34.73,34.73,34.73,34.73,0
-626234400,"1950-02-26 22:00:00",34.73,34.73,34.73,34.73,0
-623210400,"1950-04-02 22:00:00",34.73,34.73,34.73,34.73,0
-620794800,"1950-04-30 21:00:00",34.73,34.73,34.73,34.73,0
-618375600,"1950-05-28 21:00:00",34.73,34.73,34.73,34.73,0
-615351600,"1950-07-02 21:00:00",34.73,34.73,34.73,34.73,0
-612932400,"1950-07-30 21:00:00",34.73,34.73,34.73,34.73,0
-609908400,"1950-09-03 21:00:00",34.73,34.73,34.73,34.73,0
-607485600,"1950-10-01 22:00:00",34.73,34.73,34.73,34.73,0
-605066400,"1950-10-29 22:00:00",34.73,34.73,34.73,34.73,0
-602042400,"1950-12-03 22:00:00",34.72,34.72,34.72,34.72,0
-599623200,"1950-12-31 22:00:00",34.72,34.72,34.72,34.72,0
-597204000,"1951-01-28 22:00:00",34.73,34.73,34.73,34.73,0
-594784800,"1951-02-25 22:00:00",34.73,34.73,34.73,34.73,0
-591760800,"1951-04-01 22:00:00",34.73,34.73,34.73,34.73,0
-589345200,"1951-04-29 21:00:00",34.73,34.73,34.73,34.73,0
-586321200,"1951-06-03 21:00:00",34.73,34.73,34.73,34.73,0
-583902000,"1951-07-01 21:00:00",34.72,34.72,34.72,34.72,0
-581482800,"1951-07-29 21:00:00",34.71,34.71,34.71,34.71,0
-578458800,"1951-09-02 21:00:00",34.71,34.71,34.71,34.71,0
-576036000,"1951-09-30 22:00:00",34.71,34.71,34.71,34.71,0
-573616800,"1951-10-28 22:00:00",34.73,34.73,34.73,34.73,0
-570592800,"1951-12-02 22:00:00",34.66,34.66,34.66,34.66,0
-568173600,"1951-12-30 22:00:00",34.49,34.49,34.49,34.49,0
-565149600,"1952-02-03 22:00:00",34.49,34.49,34.49,34.49,0
-562730400,"1952-03-02 22:00:00",34.68,34.68,34.68,34.68,0
-560311200,"1952-03-30 22:00:00",34.82,34.82,34.82,34.82,0
-557895600,"1952-04-27 21:00:00",34.73,34.73,34.73,34.73,0
-554871600,"1952-06-01 21:00:00",34.53,34.53,34.53,34.53,0
-552452400,"1952-06-29 21:00:00",34.57,34.57,34.57,34.57,0
-549428400,"1952-08-03 21:00:00",34.58,34.58,34.58,34.58,0
-547009200,"1952-08-31 21:00:00",34.51,34.51,34.51,34.51,0
-544586400,"1952-09-28 22:00:00",34.63,34.63,34.63,34.63,0
-541562400,"1952-11-02 22:00:00",34.72,34.72,34.72,34.72,0
-539143200,"1952-11-30 22:00:00",34.79,34.79,34.79,34.79,0
-536724000,"1952-12-28 22:00:00",34.88,34.88,34.88,34.88,0
-533700000,"1953-02-01 22:00:00",34.95,34.95,34.95,34.95,0
-531280800,"1953-03-01 22:00:00",34.92,34.92,34.92,34.92,0
-528861600,"1953-03-29 22:00:00",34.93,34.93,34.93,34.93,0
-525841200,"1953-05-03 21:00:00",34.9,34.9,34.9,34.9,0
-523422000,"1953-05-31 21:00:00",34.89,34.89,34.89,34.89,0
-521002800,"1953-06-28 21:00:00",34.91,34.91,34.91,34.91,0
-517978800,"1953-08-02 21:00:00",34.91,34.91,34.91,34.91,0
-515559600,"1953-08-30 21:00:00",34.76,34.76,34.76,34.76,0
-513136800,"1953-09-27 22:00:00",34.79,34.79,34.79,34.79,0
-510112800,"1953-11-01 22:00:00",34.86,34.86,34.86,34.86,0
-507693600,"1953-11-29 22:00:00",34.85,34.85,34.85,34.85,0
-504669600,"1954-01-03 22:00:00",34.86,34.86,34.86,34.86,0
-502250400,"1954-01-31 22:00:00",34.88,34.88,34.88,34.88,0
-499831200,"1954-02-28 22:00:00",34.92,34.92,34.92,34.92,0
-497412000,"1954-03-28 22:00:00",35.04,35.04,35.04,35.04,0
-494391600,"1954-05-02 21:00:00",35.08,35.08,35.08,35.08,0
-491972400,"1954-05-30 21:00:00",35.07,35.07,35.07,35.07,0
-489553200,"1954-06-27 21:00:00",35.08,35.08,35.08,35.08,0
-486529200,"1954-08-01 21:00:00",35.05,35.05,35.05,35.05,0
-484110000,"1954-08-29 21:00:00",35.08,35.08,35.08,35.08,0
-481082400,"1954-10-03 22:00:00",35.08,35.08,35.08,35.08,0
-478663200,"1954-10-31 22:00:00",35.06,35.06,35.06,35.06,0
-476244000,"1954-11-28 22:00:00",35.04,35.04,35.04,35.04,0
-473220000,"1955-01-02 22:00:00",35.04,35.04,35.04,35.04,0
-470800800,"1955-01-30 22:00:00",35.05,35.05,35.05,35.05,0
-468381600,"1955-02-27 22:00:00",35.06,35.06,35.06,35.06,0
-465357600,"1955-04-03 22:00:00",35.05,35.05,35.05,35.05,0
-462942000,"1955-05-01 21:00:00",35.05,35.05,35.05,35.05,0
-460522800,"1955-05-29 21:00:00",35.04,35.04,35.04,35.04,0
-457498800,"1955-07-03 21:00:00",35.05,35.05,35.05,35.05,0
-455079600,"1955-07-31 21:00:00",35.03,35.03,35.03,35.03,0
-452660400,"1955-08-28 21:00:00",34.98,34.98,34.98,34.98,0
-449636400,"1955-10-02 21:00:00",34.98,34.98,34.98,34.98,0
-447213600,"1955-10-30 22:00:00",34.98,34.98,34.98,34.98,0
-444794400,"1955-11-27 22:00:00",34.97,34.97,34.97,34.97,0
-441770400,"1956-01-01 22:00:00",34.99,34.99,34.99,34.99,0
-439351200,"1956-01-29 22:00:00",34.99,34.99,34.99,34.99,0
-436932000,"1956-02-26 22:00:00",34.99,34.99,34.99,34.99,0
-433908000,"1956-04-01 22:00:00",34.98,34.98,34.98,34.98,0
-431492400,"1956-04-29 21:00:00",34.99,34.99,34.99,34.99,0
-428468400,"1956-06-03 21:00:00",34.98,34.98,34.98,34.98,0
-426049200,"1956-07-01 21:00:00",35,35,35,35,0
-423630000,"1956-07-29 21:00:00",35.02,35.02,35.02,35.02,0
-420606000,"1956-09-02 21:00:00",35.01,35.01,35.01,35.01,0
-418186800,"1956-09-30 21:00:00",35.02,35.02,35.02,35.02,0
-415764000,"1956-10-28 22:00:00",34.98,34.98,34.98,34.98,0
-412740000,"1956-12-02 22:00:00",34.9,34.9,34.9,34.9,0
-410320800,"1956-12-30 22:00:00",34.88,34.88,34.88,34.88,0
-407296800,"1957-02-03 22:00:00",34.89,34.89,34.89,34.89,0
-404877600,"1957-03-03 22:00:00",34.91,34.91,34.91,34.91,0
-402458400,"1957-03-31 22:00:00",34.92,34.92,34.92,34.92,0
-400042800,"1957-04-28 21:00:00",34.93,34.93,34.93,34.93,0
-397018800,"1957-06-02 21:00:00",34.99,34.99,34.99,34.99,0
-394599600,"1957-06-30 21:00:00",34.99,34.99,34.99,34.99,0
-392180400,"1957-07-28 21:00:00",34.97,34.97,34.97,34.97,0
-389156400,"1957-09-01 21:00:00",34.96,34.96,34.96,34.96,0
-386737200,"1957-09-29 21:00:00",34.97,34.97,34.97,34.97,0
-383709600,"1957-11-03 22:00:00",34.97,34.97,34.97,34.97,0
-381290400,"1957-12-01 22:00:00",34.99,34.99,34.99,34.99,0
-378871200,"1957-12-29 22:00:00",35.01,35.01,35.01,35.01,0
-375847200,"1958-02-02 22:00:00",35.08,35.08,35.08,35.08,0
-373428000,"1958-03-02 22:00:00",35.09,35.09,35.09,35.09,0
-371008800,"1958-03-30 22:00:00",35.1,35.1,35.1,35.1,0
-368593200,"1958-04-27 21:00:00",35.11,35.11,35.11,35.11,0
-365569200,"1958-06-01 21:00:00",35.1,35.1,35.1,35.1,0
-363150000,"1958-06-29 21:00:00",35.11,35.11,35.11,35.11,0
-360126000,"1958-08-03 21:00:00",35.1,35.1,35.1,35.1,0
-357706800,"1958-08-31 21:00:00",35.1,35.1,35.1,35.1,0
-355287600,"1958-09-28 21:00:00",35.11,35.11,35.11,35.11,0
-352260000,"1958-11-02 22:00:00",35.1,35.1,35.1,35.1,0
-349840800,"1958-11-30 22:00:00",35.09,35.09,35.09,35.09,0
-347421600,"1958-12-28 22:00:00",35.07,35.07,35.07,35.07,0
-344397600,"1959-02-01 22:00:00",35.06,35.06,35.06,35.06,0
-341978400,"1959-03-01 22:00:00",35.06,35.06,35.06,35.06,0
-339559200,"1959-03-29 22:00:00",35.08,35.08,35.08,35.08,0
-336538800,"1959-05-03 21:00:00",35.12,35.12,35.12,35.12,0
-334119600,"1959-05-31 21:00:00",35.12,35.12,35.12,35.12,0
-331700400,"1959-06-28 21:00:00",35.13,35.13,35.13,35.13,0
-328676400,"1959-08-02 21:00:00",35.12,35.12,35.12,35.12,0
-326257200,"1959-08-30 21:00:00",35.13,35.13,35.13,35.13,0
-323838000,"1959-09-27 21:00:00",35.1,35.1,35.1,35.1,0
-320810400,"1959-11-01 22:00:00",35.06,35.06,35.06,35.06,0
-318391200,"1959-11-29 22:00:00",35.05,35.05,35.05,35.05,0
-315367200,"1960-01-03 22:00:00",35.09,35.09,35.09,35.09,0
-312948000,"1960-01-31 22:00:00",35.09,35.09,35.09,35.09,0
-310528800,"1960-02-28 22:00:00",35.09,35.09,35.09,35.09,0
-307504800,"1960-04-03 22:00:00",35.11,35.11,35.11,35.11,0
-305089200,"1960-05-01 21:00:00",35.1,35.1,35.1,35.1,0
-302670000,"1960-05-29 21:00:00",35.09,35.09,35.09,35.09,0
-299646000,"1960-07-03 21:00:00",35.1,35.1,35.1,35.1,0
-297226800,"1960-07-31 21:00:00",35.13,35.13,35.13,35.13,0
-294807600,"1960-08-28 21:00:00",35.22,35.22,35.22,35.22,0
-291783600,"1960-10-02 21:00:00",35.78,35.78,35.78,35.78,0
-289360800,"1960-10-30 22:00:00",35.82,35.82,35.82,35.82,0
-286941600,"1960-11-27 22:00:00",35.54,35.54,35.54,35.54,0
-283917600,"1961-01-01 22:00:00",35.56,35.56,35.56,35.56,0
-281498400,"1961-01-29 22:00:00",35.17,35.17,35.17,35.17,0
-279079200,"1961-02-26 22:00:00",35.08,35.08,35.08,35.08,0
-276055200,"1961-04-02 22:00:00",35.08,35.08,35.08,35.08,0
-273639600,"1961-04-30 21:00:00",35.06,35.06,35.06,35.06,0
-271220400,"1961-05-28 21:00:00",35.07,35.07,35.07,35.07,0
-268196400,"1961-07-02 21:00:00",35.11,35.11,35.11,35.11,0
-265777200,"1961-07-30 21:00:00",35.16,35.16,35.16,35.16,0
-262753200,"1961-09-03 21:00:00",35.19,35.19,35.19,35.19,0
-260334000,"1961-10-01 21:00:00",35.19,35.19,35.19,35.19,0
-257911200,"1961-10-29 22:00:00",35.19,35.19,35.19,35.19,0
-254887200,"1961-12-03 22:00:00",35.15,35.15,35.15,35.15,0
-252468000,"1961-12-31 22:00:00",35.16,35.16,35.16,35.16,0
-250048800,"1962-01-28 22:00:00",35.13,35.13,35.13,35.13,0
-247629600,"1962-02-25 22:00:00",35.09,35.09,35.09,35.09,0
-244605600,"1962-04-01 22:00:00",35.08,35.08,35.08,35.08,0
-242190000,"1962-04-29 21:00:00",35.08,35.08,35.08,35.08,0
-239166000,"1962-06-03 21:00:00",35.1,35.1,35.1,35.1,0
-236746800,"1962-07-01 21:00:00",35.12,35.12,35.12,35.12,0
-234327600,"1962-07-29 21:00:00",35.12,35.12,35.12,35.12,0
-231303600,"1962-09-02 21:00:00",35.13,35.13,35.13,35.13,0
-228884400,"1962-09-30 21:00:00",35.14,35.14,35.14,35.14,0
-226461600,"1962-10-28 22:00:00",35.09,35.09,35.09,35.09,0
-223437600,"1962-12-02 22:00:00",35.08,35.08,35.08,35.08,0
-221018400,"1962-12-30 22:00:00",35.06,35.06,35.06,35.06,0
-217994400,"1963-02-03 22:00:00",35.08,35.08,35.08,35.08,0
-215575200,"1963-03-03 22:00:00",35.1,35.1,35.1,35.1,0
-213156000,"1963-03-31 22:00:00",35.1,35.1,35.1,35.1,0
-210740400,"1963-04-28 21:00:00",35.08,35.08,35.08,35.08,0
-207716400,"1963-06-02 21:00:00",35.08,35.08,35.08,35.08,0
-205297200,"1963-06-30 21:00:00",35.09,35.09,35.09,35.09,0
-202878000,"1963-07-28 21:00:00",35.1,35.1,35.1,35.1,0
-199854000,"1963-09-01 21:00:00",35.08,35.08,35.08,35.08,0
-197434800,"1963-09-29 21:00:00",35.08,35.08,35.08,35.08,0
-194407200,"1963-11-03 22:00:00",35.08,35.08,35.08,35.08,0
-191988000,"1963-12-01 22:00:00",35.08,35.08,35.08,35.08,0
-189568800,"1963-12-29 22:00:00",35.08,35.08,35.08,35.08,0
-186544800,"1964-02-02 22:00:00",35.08,35.08,35.08,35.08,0
-184125600,"1964-03-01 22:00:00",35.08,35.08,35.08,35.08,0
-181706400,"1964-03-29 22:00:00",35.08,35.08,35.08,35.08,0
-178686000,"1964-05-03 21:00:00",35.08,35.08,35.08,35.08,0
-176266800,"1964-05-31 21:00:00",35.08,35.08,35.08,35.08,0
-173847600,"1964-06-28 21:00:00",35.08,35.08,35.08,35.08,0
-170823600,"1964-08-02 21:00:00",35.08,35.08,35.08,35.08,0
-168404400,"1964-08-30 21:00:00",35.09,35.09,35.09,35.09,0
-165985200,"1964-09-27 21:00:00",35.11,35.11,35.11,35.11,0
-162957600,"1964-11-01 22:00:00",35.1,35.1,35.1,35.1,0
-160538400,"1964-11-29 22:00:00",35.12,35.12,35.12,35.12,0
-157514400,"1965-01-03 22:00:00",35.13,35.13,35.13,35.13,0
-155095200,"1965-01-31 22:00:00",35.14,35.14,35.14,35.14,0
-152676000,"1965-02-28 22:00:00",35.16,35.16,35.16,35.16,0
-150256800,"1965-03-28 22:00:00",35.14,35.14,35.14,35.14,0
-147236400,"1965-05-02 21:00:00",35.1,35.1,35.1,35.1,0
-144817200,"1965-05-30 21:00:00",35.1,35.1,35.1,35.1,0
-142398000,"1965-06-27 21:00:00",35.12,35.12,35.12,35.12,0
-139374000,"1965-08-01 21:00:00",35.15,35.15,35.15,35.15,0
-136954800,"1965-08-29 21:00:00",35.14,35.14,35.14,35.14,0
-133930800,"1965-10-03 21:00:00",35.11,35.11,35.11,35.11,0
-131508000,"1965-10-31 22:00:00",35.11,35.11,35.11,35.11,0
-129088800,"1965-11-28 22:00:00",35.13,35.13,35.13,35.13,0
-126064800,"1966-01-02 22:00:00",35.15,35.15,35.15,35.15,0
-123645600,"1966-01-30 22:00:00",35.17,35.17,35.17,35.17,0
-121226400,"1966-02-27 22:00:00",35.15,35.15,35.15,35.15,0
-118202400,"1966-04-03 22:00:00",35.13,35.13,35.13,35.13,0
-115786800,"1966-05-01 21:00:00",35.12,35.12,35.12,35.12,0
-113367600,"1966-05-29 21:00:00",35.15,35.15,35.15,35.15,0
-110343600,"1966-07-03 21:00:00",35.18,35.18,35.18,35.18,0
-107924400,"1966-07-31 21:00:00",35.18,35.18,35.18,35.18,0
-105505200,"1966-08-28 21:00:00",35.19,35.19,35.19,35.19,0
-102481200,"1966-10-02 21:00:00",35.16,35.16,35.16,35.16,0
-100058400,"1966-10-30 22:00:00",35.16,35.16,35.16,35.16,0
-97639200,"1966-11-27 22:00:00",35.18,35.18,35.18,35.18,0
-94615200,"1967-01-01 22:00:00",35.18,35.18,35.18,35.18,0
-92196000,"1967-01-29 22:00:00",35.17,35.17,35.17,35.17,0
-89776800,"1967-02-26 22:00:00",35.16,35.16,35.16,35.16,0
-86752800,"1967-04-02 22:00:00",35.17,35.17,35.17,35.17,0
-84337200,"1967-04-30 21:00:00",35.18,35.18,35.18,35.18,0
-81918000,"1967-05-28 21:00:00",35.19,35.19,35.19,35.19,0
-78894000,"1967-07-02 21:00:00",35.19,35.19,35.19,35.19,0
-76474800,"1967-07-30 21:00:00",35.19,35.19,35.19,35.19,0
-73450800,"1967-09-03 21:00:00",35.19,35.19,35.19,35.19,0
-71031600,"1967-10-01 21:00:00",35.19,35.19,35.19,35.19,0
-68608800,"1967-10-29 22:00:00",35.2,35.2,35.2,35.2,0
-65584800,"1967-12-03 22:00:00",35.19,35.19,35.19,35.19,0
-63165600,"1967-12-31 22:00:00",35.18,35.18,35.18,35.18,0
-60746400,"1968-01-28 22:00:00",35.2,35.2,35.2,35.2,0
-57722400,"1968-03-03 22:00:00",35.2,35.2,35.2,35.2,0
-55303200,"1968-03-31 22:00:00",37.878,37.878,37.878,37.878,0
-52887600,"1968-04-28 21:00:00",40.691,40.691,40.691,40.691,0
-49863600,"1968-06-02 21:00:00",41.111,41.111,41.111,41.111,0
-47444400,"1968-06-30 21:00:00",39.53,39.53,39.53,39.53,0
-45025200,"1968-07-28 21:00:00",39.17,39.17,39.17,39.17,0
-42001200,"1968-09-01 21:00:00",40.203,40.203,40.203,40.203,0
-39582000,"1968-09-29 21:00:00",39.21,39.21,39.21,39.21,0
-36554400,"1968-11-03 22:00:00",39.795,39.795,39.795,39.795,0
-34135200,"1968-12-01 22:00:00",41.113,41.113,41.113,41.113,0
-31716000,"1968-12-29 22:00:00",42.291,42.291,42.291,42.291,0
-28692000,"1969-02-02 22:00:00",42.616,42.616,42.616,42.616,0
-26272800,"1969-03-02 22:00:00",43.171,43.171,43.171,43.171,0
-23853600,"1969-03-30 22:00:00",43.295,43.295,43.295,43.295,0
-21438000,"1969-04-27 21:00:00",43.461,43.461,43.461,43.461,0
-18414000,"1969-06-01 21:00:00",41.442,41.442,41.442,41.442,0
-15994800,"1969-06-29 21:00:00",41.755,41.755,41.755,41.755,0
-12970800,"1969-08-03 21:00:00",41.128,41.128,41.128,41.128,0
-10551600,"1969-08-31 21:00:00",40.865,40.865,40.865,40.865,0
-8132400,"1969-09-28 21:00:00",40.476,40.476,40.476,40.476,0
-5104800,"1969-11-02 22:00:00",37.452,37.452,37.452,37.452,0
-2685600,"1969-11-30 22:00:00",35.189,35.189,35.189,35.189,0
338400,"1970-01-04 22:00:00",35.4,35.4,35.1,35.1,0
943200,"1970-01-11 22:00:00",35.15,35.15,34.95,34.95,0
1548000,"1970-01-18 22:00:00",34.95,35.2,34.95,35.2,0
2152800,"1970-01-25 22:00:00",35.15,35.25,35.15,35.2,0
2757600,"1970-02-01 22:00:00",35.2,35.2,35.2,35.2,0
3362400,"1970-02-08 22:00:00",35.2,35.25,35.2,35.2,0
3967200,"1970-02-15 22:00:00",35.2,35.2,35.15,35.2,0
4572000,"1970-02-22 22:00:00",35.2,35.2,35.2,35.2,0
5176800,"1970-03-01 22:00:00",35.2,35.2,35.15,35.15,0
5781600,"1970-03-08 22:00:00",35.15,35.25,35.15,35.25,0
6386400,"1970-03-15 22:00:00",35.25,35.4,35.25,35.35,0
6991200,"1970-03-22 22:00:00",35.35,35.5,35.35,35.45,0
7596000,"1970-03-29 22:00:00",35.45,35.55,35.45,35.55,0
8200800,"1970-04-05 22:00:00",35.45,35.6,35.45,35.6,0
8805600,"1970-04-12 22:00:00",35.65,36,35.65,36,0
9410400,"1970-04-19 22:00:00",36.05,36.2,36.05,36.05,0
10011600,"1970-04-26 21:00:00",35.95,36.1,35.95,36.1,0
10616400,"1970-05-03 21:00:00",36.15,36.45,36.15,36.4,0
11221200,"1970-05-10 21:00:00",36.35,36.35,36.15,36.2,0
11826000,"1970-05-17 21:00:00",36.2,36.2,36.1,36.1,0
12430800,"1970-05-24 21:00:00",36.1,36.1,35.85,35.85,0
13035600,"1970-05-31 21:00:00",35.6,35.6,35.35,35.45,0
13640400,"1970-06-07 21:00:00",35.75,35.9,35.75,35.85,0
14245200,"1970-06-14 21:00:00",35.75,35.75,35.6,35.6,0
14850000,"1970-06-21 21:00:00",35.65,35.8,35.65,35.65,0
15454800,"1970-06-28 21:00:00",35.75,35.75,35.7,35.7,0
16059600,"1970-07-05 21:00:00",35.6,35.6,35.5,35.55,0
16664400,"1970-07-12 21:00:00",35.55,35.55,35.5,35.55,0
17269200,"1970-07-19 21:00:00",35.55,35.55,35.5,35.55,0
17874000,"1970-07-26 21:00:00",35.55,35.55,35.5,35.55,0
18478800,"1970-08-02 21:00:00",35.55,35.55,35.55,35.55,0
19083600,"1970-08-09 21:00:00",35.5,35.5,35.5,35.5,0
19688400,"1970-08-16 21:00:00",35.5,35.65,35.5,35.65,0
20293200,"1970-08-23 21:00:00",35.7,36.05,35.7,36.05,0
20898000,"1970-08-30 21:00:00",36.1,36.55,36.1,36.5,0
21502800,"1970-09-06 21:00:00",36.35,36.6,36.35,36.6,0
22107600,"1970-09-13 21:00:00",36.55,36.55,36.3,36.4,0
22712400,"1970-09-20 21:00:00",36.5,36.55,36.4,36.4,0
23317200,"1970-09-27 21:00:00",36.45,36.65,36.45,36.6,0
23922000,"1970-10-04 21:00:00",37,37.2,36.95,37.2,0
24526800,"1970-10-11 21:00:00",37.45,37.8,37.45,37.75,0
25131600,"1970-10-18 21:00:00",37.85,38.7,37.85,38.7,0
25740000,"1970-10-25 22:00:00",39.2,39.3,37.55,37.55,0
26344800,"1970-11-01 22:00:00",37.9,37.9,37.05,37.4,0
26949600,"1970-11-08 22:00:00",37.65,37.95,37.5,37.95,0
27554400,"1970-11-15 22:00:00",37.95,37.95,37.7,37.9,0
28159200,"1970-11-22 22:00:00",37.75,37.95,37.75,37.95,0
28764000,"1970-11-29 22:00:00",37.8,37.85,37.75,37.85,0
29368800,"1970-12-06 22:00:00",37.7,37.7,37.4,37.45,0
29973600,"1970-12-13 22:00:00",37.6,37.9,37.6,37.9,0
30578400,"1970-12-20 22:00:00",37.9,37.95,37.6,37.65,0
31183200,"1970-12-27 22:00:00",37.65,37.7,37.65,37.65,0
31788000,"1971-01-03 22:00:00",37.75,37.8,37.7,37.75,0
32392800,"1971-01-10 22:00:00",38,38.4,38,38.4,0
32997600,"1971-01-17 22:00:00",38.35,38.4,38.2,38.25,0
33602400,"1971-01-24 22:00:00",38.35,38.45,38.3,38.35,0
34207200,"1971-01-31 22:00:00",38.45,39.2,38.45,38.75,0
34812000,"1971-02-07 22:00:00",38.95,39.25,38.95,39.15,0
35416800,"1971-02-14 22:00:00",39.25,39.25,39.05,39.05,0
36021600,"1971-02-21 22:00:00",39.05,39.1,39.05,39.1,0
36626400,"1971-02-28 22:00:00",39,39.1,39,39.05,0
37231200,"1971-03-07 22:00:00",39.1,39.3,39.1,39.3,0
37836000,"1971-03-14 22:00:00",39.3,39.3,39.15,39.2,0
38440800,"1971-03-21 22:00:00",39.2,39.25,39.2,39.2,0
39045600,"1971-03-28 22:00:00",39.05,39.2,39.05,39.15,0
39650400,"1971-04-04 22:00:00",39.15,39.25,39.15,39.25,0
40255200,"1971-04-11 22:00:00",39.25,39.25,39.2,39.25,0
40860000,"1971-04-18 22:00:00",39.25,39.45,39.2,39.3,0
41461200,"1971-04-25 21:00:00",39.2,39.95,39.2,39.95,0
42066000,"1971-05-02 21:00:00",39.7,40.65,39.7,40.1,0
42670800,"1971-05-09 21:00:00",40.1,41.55,40.1,41.55,0
43275600,"1971-05-16 21:00:00",41.05,41.45,40.95,41.25,0
43880400,"1971-05-23 21:00:00",41.1,41.3,41.1,41.15,0
44485200,"1971-05-30 21:00:00",41.15,41.15,40.9,40.9,0
45090000,"1971-06-06 21:00:00",40.75,40.75,39.9,39.9,0
45694800,"1971-06-13 21:00:00",39.85,40.3,39.85,40.2,0
46299600,"1971-06-20 21:00:00",40.25,40.65,40.25,40.4,0
46904400,"1971-06-27 21:00:00",40.25,40.65,40.2,40.65,0
47509200,"1971-07-04 21:00:00",40.6,40.6,40.5,40.5,0
48114000,"1971-07-11 21:00:00",40.65,41,40.6,41,0
48718800,"1971-07-18 21:00:00",41.3,42.05,41.2,42,0
49323600,"1971-07-25 21:00:00",42.05,42.7,42.05,42.7,0
49928400,"1971-08-01 21:00:00",42.65,43.15,42.6,42.9,0
50533200,"1971-08-08 21:00:00",44.25,44.25,43.25,43.35,0
51138000,"1971-08-15 21:00:00",43.55,43.7,43.55,43.65,0
51742800,"1971-08-22 21:00:00",43.65,43.65,41.4,41.4,0
52347600,"1971-08-29 21:00:00",41.75,42.05,41,42.05,0
52952400,"1971-09-05 21:00:00",41.9,42.1,41.75,42,0
53557200,"1971-09-12 21:00:00",41.95,42.6,41.95,42.4,0
54162000,"1971-09-19 21:00:00",42.65,42.8,42.5,42.8,0
54766800,"1971-09-26 21:00:00",42.9,43.45,42.7,42.7,0
55371600,"1971-10-03 21:00:00",42.9,42.9,42.7,42.75,0
55976400,"1971-10-10 21:00:00",42.8,43,42.8,42.85,0
56581200,"1971-10-17 21:00:00",42.85,42.85,42.75,42.8,0
57186000,"1971-10-24 21:00:00",42.8,42.8,42.65,42.65,0
57794400,"1971-10-31 22:00:00",42.45,42.65,42.45,42.65,0
58399200,"1971-11-07 22:00:00",42.7,43,42.55,43,0
59004000,"1971-11-14 22:00:00",43.15,43.45,43.1,43.4,0
59608800,"1971-11-21 22:00:00",43.55,43.75,43.55,43.75,0
60213600,"1971-11-28 22:00:00",43.95,44.1,43.85,44.1,0
60818400,"1971-12-05 22:00:00",44.2,44.2,43.75,44,0
61423200,"1971-12-12 22:00:00",43.95,43.95,43.05,43.05,0
62028000,"1971-12-19 22:00:00",43.05,43.7,43.05,43.7,0
62632800,"1971-12-26 22:00:00",43.7,43.85,43.7,43.85,0
63237600,"1972-01-02 22:00:00",44.3,46.15,44.3,46.15,0
63842400,"1972-01-09 22:00:00",46.05,46.25,45.55,46.25,0
64447200,"1972-01-16 22:00:00",46.5,46.5,46.15,46.2,0
65052000,"1972-01-23 22:00:00",46.3,47.6,46.3,47.6,0
65656800,"1972-01-30 22:00:00",47.45,49.5,47.3,47.3,0
66261600,"1972-02-06 22:00:00",47.9,48.75,47.9,48.55,0
66866400,"1972-02-13 22:00:00",48.15,48.7,48.15,48.7,0
67471200,"1972-02-20 22:00:00",48.95,49.15,48.8,48.8,0
68076000,"1972-02-27 22:00:00",48.75,48.75,48.35,48.35,0
68680800,"1972-03-05 22:00:00",48.55,48.7,48.4,48.65,0
69285600,"1972-03-12 22:00:00",48.75,48.75,48.65,48.67,0
69890400,"1972-03-19 22:00:00",48.7,48.7,48.65,48.65,0
70495200,"1972-03-26 22:00:00",48.6,48.7,48.6,48.65,0
71100000,"1972-04-02 22:00:00",48.65,48.7,48.6,48.65,0
71704800,"1972-04-09 22:00:00",48.7,49.65,48.7,49.65,0
72309600,"1972-04-16 22:00:00",49.7,49.75,49.6,49.6,0
72914400,"1972-04-23 22:00:00",49.65,49.9,49.55,49.9,0
73515600,"1972-04-30 21:00:00",50.65,51.3,50.65,51.3,0
74120400,"1972-05-07 21:00:00",52.25,54,52.25,53.2,0
74725200,"1972-05-14 21:00:00",53.4,57.35,53.4,57.35,0
75330000,"1972-05-21 21:00:00",57.65,58.25,57.3,58.25,0
75934800,"1972-05-28 21:00:00",58.85,59.75,58.85,59.7,0
76539600,"1972-06-04 21:00:00",59.8,65.15,59.8,62.8,0
77144400,"1972-06-11 21:00:00",61.5,61.9,61.3,61.8,0
77749200,"1972-06-18 21:00:00",61.5,63.35,61.45,63.35,0
78354000,"1972-06-25 21:00:00",63.7,64.95,63.1,64.95,0
78958800,"1972-07-02 21:00:00",65.8,66.25,65.55,65.55,0
79563600,"1972-07-09 21:00:00",65.9,65.9,65.15,65.25,0
80168400,"1972-07-16 21:00:00",65.8,65.8,65.3,65.3,0
80773200,"1972-07-23 21:00:00",65.5,68.45,65.5,68.45,0
81378000,"1972-07-30 21:00:00",68.6,70.3,68.6,68.8,0
81982800,"1972-08-06 21:00:00",67.8,67.8,65.45,66,0
82587600,"1972-08-13 21:00:00",66,66.9,66,66.9,0
83192400,"1972-08-20 21:00:00",67.1,67.65,67.1,67.4,0
83797200,"1972-08-27 21:00:00",67.35,67.35,66.95,67.15,0
84402000,"1972-09-03 21:00:00",67.25,67.4,67.25,67.4,0
85006800,"1972-09-10 21:00:00",67.55,67.55,65.75,65.75,0
85611600,"1972-09-17 21:00:00",61.55,65.55,61.55,64.2,0
86216400,"1972-09-24 21:00:00",63.8,64.7,63.8,64.5,0
86821200,"1972-10-01 21:00:00",64.45,65.9,64.4,65.8,0
87426000,"1972-10-08 21:00:00",65.5,65.5,64.95,65,0
88030800,"1972-10-15 21:00:00",65.4,65.4,65.15,65.3,0
88635600,"1972-10-22 21:00:00",65.1,65.1,64.8,64.9,0
89244000,"1972-10-29 22:00:00",64.85,64.85,64.3,64.45,0
89848800,"1972-11-05 22:00:00",64.35,64.35,63.1,63.1,0
90453600,"1972-11-12 22:00:00",62.9,62.9,60.65,60.65,0
91058400,"1972-11-19 22:00:00",61.4,62.85,61.4,62.8,0
91663200,"1972-11-26 22:00:00",64.3,64.4,63.85,64.4,0
92268000,"1972-12-03 22:00:00",63.7,63.7,63.4,63.4,0
92872800,"1972-12-10 22:00:00",63.2,64.2,63.2,64.2,0
93477600,"1972-12-17 22:00:00",65.4,65.7,64.5,64.5,0
94082400,"1972-12-24 22:00:00",64.5,65.2,64.5,65.2,0
94687200,"1972-12-31 22:00:00",65.4,65.6,65.2,65.55,0
95292000,"1973-01-07 22:00:00",65.4,65.45,65.3,65.4,0
95896800,"1973-01-14 22:00:00",65.4,65.4,64.2,64.8,0
96501600,"1973-01-21 22:00:00",65.5,65.9,65.5,65.8,0
97106400,"1973-01-28 22:00:00",65.6,67.2,65.6,67.2,0
97711200,"1973-02-04 22:00:00",67.9,69.3,67.9,68.4,0
98316000,"1973-02-11 22:00:00",68.85,73.95,68.85,73.6,0
98920800,"1973-02-18 22:00:00",76.8,86.8,76.8,85.3,0
99525600,"1973-02-25 22:00:00",81,86.3,81,86.3,0
100130400,"1973-03-04 22:00:00",84.3,84.3,82.8,83.15,0
100735200,"1973-03-11 22:00:00",82.8,83.05,80.25,83.05,0
101340000,"1973-03-18 22:00:00",82.55,84.8,81.9,84.8,0
101944800,"1973-03-25 22:00:00",90.3,90.3,88.8,90.3,0
102549600,"1973-04-01 22:00:00",89.55,91.2,89.55,91.2,0
103154400,"1973-04-08 22:00:00",91.05,91.55,90.3,90.3,0
103759200,"1973-04-15 22:00:00",89.6,91.3,89.6,91.05,0
104364000,"1973-04-22 22:00:00",91.05,91.05,90.1,90.9,0
104965200,"1973-04-29 21:00:00",91,91,90.6,90.6,0
105570000,"1973-05-06 21:00:00",90.6,97,90.6,97,0
106174800,"1973-05-13 21:00:00",102.55,110.55,102.55,105.8,0
106779600,"1973-05-20 21:00:00",112.3,112.3,106.8,106.8,0
107384400,"1973-05-27 21:00:00",110.3,118.05,110.3,118.05,0
107989200,"1973-06-03 21:00:00",123.8,126.3,117.5,117.5,0
108594000,"1973-06-10 21:00:00",115.8,120.3,115.8,120.3,0
109198800,"1973-06-17 21:00:00",122.8,122.8,120.3,120.3,0
109803600,"1973-06-24 21:00:00",118.8,123.55,118.8,123.55,0
110408400,"1973-07-01 21:00:00",121.3,126.45,121.3,126.45,0
111013200,"1973-07-08 21:00:00",126.3,126.3,119.3,120.2,0
111618000,"1973-07-15 21:00:00",121.3,121.3,114.55,119.05,0
112222800,"1973-07-22 21:00:00",120.2,120.2,117.3,117.3,0
112827600,"1973-07-29 21:00:00",115.8,117.8,115.8,116.3,0
113432400,"1973-08-05 21:00:00",115.8,115.8,107.05,107.05,0
114037200,"1973-08-12 21:00:00",102.3,104.3,94.3,104.3,0
114642000,"1973-08-19 21:00:00",109.8,109.8,101.3,101.3,0
115246800,"1973-08-26 21:00:00",103.3,107.6,103.3,103.8,0
115851600,"1973-09-02 21:00:00",105.4,106.4,105.4,105.55,0
116456400,"1973-09-09 21:00:00",105.05,105.05,100.55,100.6,0
117061200,"1973-09-16 21:00:00",104.3,104.3,101.7,103.8,0
117666000,"1973-09-23 21:00:00",102.3,102.8,100.3,100.3,0
118270800,"1973-09-30 21:00:00",97.05,99.45,97.05,98.8,0
118875600,"1973-10-07 21:00:00",99.9,104.05,99.9,102.25,0
119480400,"1973-10-14 21:00:00",101.55,103.8,101.3,101.3,0
120085200,"1973-10-21 21:00:00",99.25,101.05,98.55,98.55,0
120693600,"1973-10-28 22:00:00",98.55,98.8,97.3,98.8,0
121298400,"1973-11-04 22:00:00",98.3,98.8,97.6,98.8,0
121903200,"1973-11-11 22:00:00",97.3,97.3,90.3,90.5,0
122508000,"1973-11-18 22:00:00",90.3,90.75,90.3,90.55,0
123112800,"1973-11-25 22:00:00",90.55,102.5,90.55,101.25,0
123717600,"1973-12-02 22:00:00",100.75,107.55,100.75,107.55,0
124322400,"1973-12-09 22:00:00",105.8,105.8,103.95,105.25,0
124927200,"1973-12-16 22:00:00",107,109.25,107,107,0
125532000,"1973-12-23 22:00:00",109.8,112.3,109.8,112.3,0
126136800,"1973-12-30 22:00:00",116.8,121.55,116.8,118.8,0
126738000,"1974-01-06 21:00:00",121.8,128.28,120.3,122.3,0
127342800,"1974-01-13 21:00:00",125.05,130.3,125.05,130.3,0
127947600,"1974-01-20 21:00:00",138.55,141.3,134.8,141.2,0
128552400,"1974-01-27 21:00:00",139.8,139.8,130.8,130.8,0
129157200,"1974-02-03 21:00:00",133.8,143.3,133.8,143.3,0
129762000,"1974-02-10 21:00:00",145.3,149.15,144.3,149.15,0
130366800,"1974-02-17 21:00:00",149.8,163.3,149.8,163.3,0
130971600,"1974-02-24 21:00:00",169.8,175.3,162.8,167.8,0
131576400,"1974-03-03 21:00:00",166.3,166.3,159.3,165.3,0
132181200,"1974-03-10 21:00:00",165.8,165.8,163.3,164.15,0
132786000,"1974-03-17 21:00:00",164.3,177.8,164.3,177.8,0
133390800,"1974-03-24 21:00:00",177.05,177.05,172.55,173.3,0
133995600,"1974-03-31 21:00:00",174.4,179.8,173.55,173.55,0
134600400,"1974-04-07 21:00:00",167.3,173.8,167.3,173.8,0
135205200,"1974-04-14 21:00:00",174.05,174.05,170.2,172.3,0
135810000,"1974-04-21 21:00:00",175.05,175.05,169.3,169.3,0
136414800,"1974-04-28 21:00:00",169.55,169.95,169.3,169.3,0
137019600,"1974-05-05 21:00:00",166.3,168,158.05,168,0
137624400,"1974-05-12 21:00:00",166.8,166.8,164.3,165.8,0
138229200,"1974-05-19 21:00:00",163.2,163.3,159.8,162,0
138834000,"1974-05-26 21:00:00",154.3,162.3,154.3,157.25,0
139438800,"1974-06-02 21:00:00",155.8,162.05,154.75,155.8,0
140043600,"1974-06-09 21:00:00",157.7,160.5,156.8,160.5,0
140648400,"1974-06-16 21:00:00",157.8,157.8,152.05,154.05,0
141253200,"1974-06-23 21:00:00",150.3,150.3,144.55,144.55,0
141858000,"1974-06-30 21:00:00",143.3,143.3,134.3,134.3,0
142462800,"1974-07-07 21:00:00",141.25,145.75,137.25,137.25,0
143067600,"1974-07-14 21:00:00",139.05,145.8,139.05,145.8,0
143672400,"1974-07-21 21:00:00",143.3,149.5,143.3,149.5,0
144277200,"1974-07-28 21:00:00",158,159.65,156.5,157,0
144882000,"1974-08-04 21:00:00",154.1,155.5,152.3,154.55,0
145486800,"1974-08-11 21:00:00",152.55,156.55,151.8,155.85,0
146091600,"1974-08-18 21:00:00",155.55,156.3,154.3,154.3,0
146696400,"1974-08-25 21:00:00",154.3,156.3,153.8,156.3,0
147301200,"1974-09-01 21:00:00",158.05,158.05,157.2,157.3,0
147906000,"1974-09-08 21:00:00",155.8,155.8,153.2,153.2,0
148510800,"1974-09-15 21:00:00",153.05,153.05,146.3,146.3,0
149115600,"1974-09-22 21:00:00",148.3,148.3,145.7,146.25,0
149720400,"1974-09-29 21:00:00",151.55,159.3,151.55,159.3,0
150325200,"1974-10-06 21:00:00",157.8,158.5,155.35,157.25,0
150930000,"1974-10-13 21:00:00",155.3,155.5,155.25,155.5,0
151534800,"1974-10-20 21:00:00",157.3,163.5,157.3,163.5,0
152143200,"1974-10-27 22:00:00",167.75,168.5,167.25,168.05,0
152748000,"1974-11-03 22:00:00",169.5,183.25,169.5,183.25,0
153352800,"1974-11-10 22:00:00",182.25,188.5,180.25,187.75,0
153957600,"1974-11-17 22:00:00",190.8,190.8,180.8,182.5,0
154562400,"1974-11-24 22:00:00",184,186.25,184,184.55,0
155167200,"1974-12-01 22:00:00",186.05,186.05,174.5,181.15,0
155772000,"1974-12-08 22:00:00",180.75,180.75,175,180,0
156376800,"1974-12-15 22:00:00",183.25,188.75,183.25,187.75,0
156981600,"1974-12-22 22:00:00",193.25,195.25,193.25,195.25,0
157586400,"1974-12-29 22:00:00",195.5,195.5,170.5,174.7,0
158191200,"1975-01-05 22:00:00",172,181.3,167.5,181.3,0
158796000,"1975-01-12 22:00:00",181,181,172.1,172.1,0
159400800,"1975-01-19 22:00:00",173.6,180,173.6,179.5,0
160005600,"1975-01-26 22:00:00",180,180.7,175.4,178,0
160610400,"1975-02-02 22:00:00",179.1,179.7,174.1,177.3,0
161215200,"1975-02-09 22:00:00",176,186.8,171.3,184.9,0
161820000,"1975-02-16 22:00:00",182,188.5,181.7,186,0
162421200,"1975-02-23 21:00:00",186.7,189,181,183,0
163026000,"1975-03-02 21:00:00",183.3,187.5,176.4,178,0
163630800,"1975-03-09 21:00:00",177.1,180.5,176.1,178.7,0
164235600,"1975-03-16 21:00:00",178.5,179.5,175,175.6,0
164840400,"1975-03-23 21:00:00",176.8,178.8,175.2,176,0
165445200,"1975-03-30 21:00:00",178.2,179.9,173.3,173.8,0
166050000,"1975-04-06 21:00:00",174.5,175.6,172.1,172.7,0
166654800,"1975-04-13 21:00:00",169,171,162.3,169,0
167259600,"1975-04-20 21:00:00",166,169.5,164.9,166.8,0
167864400,"1975-04-27 21:00:00",166.4,168.4,165,165,0
168469200,"1975-05-04 21:00:00",164.2,167.5,163.4,166.6,0
169074000,"1975-05-11 21:00:00",166,171.3,165.6,166.9,0
169678800,"1975-05-18 21:00:00",167.6,176.9,167.2,174.7,0
170283600,"1975-05-25 21:00:00",173.5,173.6,166.9,169,0
170888400,"1975-06-01 21:00:00",164.5,168.2,162.4,167.2,0
171493200,"1975-06-08 21:00:00",167.7,168.5,165.7,165.9,0
172098000,"1975-06-15 21:00:00",165.8,168.5,163.4,164.3,0
172702800,"1975-06-22 21:00:00",163.8,175,163.3,167.9,0
173307600,"1975-06-29 21:00:00",168.4,173.3,160,166.4,0
173912400,"1975-07-06 21:00:00",165.5,175.2,162,167.4,0
174517200,"1975-07-13 21:00:00",167.8,168.3,164,165.4,0
175122000,"1975-07-20 21:00:00",164.2,167.9,161.4,167.9,0
175726800,"1975-07-27 21:00:00",167.1,175.4,167.1,173.4,0
176331600,"1975-08-03 21:00:00",173.1,173.9,165.5,166.6,0
176936400,"1975-08-10 21:00:00",166,169.2,160.4,166.8,0
177541200,"1975-08-17 21:00:00",166.9,167.8,162.2,165.8,0
178146000,"1975-08-24 21:00:00",165.9,167,162.5,162.8,0
178750800,"1975-08-31 21:00:00",152.8,156.3,150.8,156,0
179355600,"1975-09-07 21:00:00",155.4,155.4,148,149.7,0
179960400,"1975-09-14 21:00:00",150,150.2,135,138.4,0
180565200,"1975-09-21 21:00:00",139,139.3,129,139,0
181170000,"1975-09-28 21:00:00",138.2,146.2,138.2,139.9,0
181774800,"1975-10-05 21:00:00",139.4,144.7,138.5,143.6,0
182379600,"1975-10-12 21:00:00",142.2,147.4,140.7,146.1,0
182984400,"1975-10-19 21:00:00",146.4,148,143.5,144.1,0
183592800,"1975-10-26 22:00:00",143.5,145,142,142.8,0
184197600,"1975-11-02 22:00:00",143.5,149.1,142.3,146.1,0
184802400,"1975-11-09 22:00:00",144.5,145.3,141,141.6,0
185407200,"1975-11-16 22:00:00",141.8,143,138.1,141.1,0
186012000,"1975-11-23 22:00:00",140.8,141.8,136.8,137.3,0
186616800,"1975-11-30 22:00:00",138.8,141.3,137.8,138.7,0
187221600,"1975-12-07 22:00:00",138.2,141.4,136.7,138.9,0
187826400,"1975-12-14 22:00:00",139,147.9,137.5,146.1,0
188431200,"1975-12-21 22:00:00",143.9,145.7,141.3,141.7,0
189036000,"1975-12-28 22:00:00",142.4,143,140.6,141.2,0
189640800,"1976-01-04 22:00:00",139.5,140.5,135.5,136.9,0
190245600,"1976-01-11 22:00:00",137.3,137.3,130,131,0
190850400,"1976-01-18 22:00:00",129.6,130.1,123.4,127.9,0
191455200,"1976-01-25 22:00:00",126.3,129.6,124.8,129,0
192060000,"1976-02-01 22:00:00",130.5,133,128.5,131.2,0
192664800,"1976-02-08 22:00:00",130.8,132,128.6,131,0
193269600,"1976-02-15 22:00:00",129.5,131.8,129.1,131.6,0
193874400,"1976-02-22 22:00:00",131.1,134.7,131.1,132.6,0
194479200,"1976-02-29 22:00:00",132.5,135,131.4,134.5,0
195084000,"1976-03-07 22:00:00",133.6,134.7,133.1,133.5,0
195688800,"1976-03-14 22:00:00",134,135.3,132.8,134.8,0
196293600,"1976-03-21 22:00:00",134.3,134.5,129.2,129.2,0
196898400,"1976-03-28 22:00:00",129.8,130.5,127.5,129.6,0
197503200,"1976-04-04 22:00:00",127.9,129.8,127.1,127.5,0
198108000,"1976-04-11 22:00:00",127.3,131,126.9,128.1,0
198712800,"1976-04-18 22:00:00",128.1,129.4,127.6,127.9,0
199314000,"1976-04-25 21:00:00",128.2,130.1,128.2,128.9,0
199918800,"1976-05-02 21:00:00",128.8,129.8,126.7,129,0
200523600,"1976-05-09 21:00:00",129,129.5,128,128.2,0
201128400,"1976-05-16 21:00:00",128.2,128.3,125.7,126.2,0
201733200,"1976-05-23 21:00:00",125.8,127.2,124.1,126,0
202338000,"1976-05-30 21:00:00",127.8,132.5,127.8,128,0
202942800,"1976-06-06 21:00:00",128,129.5,126.5,126.9,0
203547600,"1976-06-13 21:00:00",127,127.5,126.2,127.2,0
204152400,"1976-06-20 21:00:00",126.8,127.6,125,125.5,0
204757200,"1976-06-27 21:00:00",125.1,126.1,123.1,124.1,0
205362000,"1976-07-04 21:00:00",123.7,124.5,122.8,122.8,0
205966800,"1976-07-11 21:00:00",122.4,123.2,116.4,117.9,0
206571600,"1976-07-18 21:00:00",113,114.3,105,111.2,0
207176400,"1976-07-25 21:00:00",111.4,114.9,111,114.2,0
207781200,"1976-08-01 21:00:00",113.7,115.2,112.4,113.8,0
208386000,"1976-08-08 21:00:00",113.3,115.1,113.3,114.5,0
208990800,"1976-08-15 21:00:00",114.2,114.3,107,108.6,0
209595600,"1976-08-22 21:00:00",106,106.5,100,103.1,0
210200400,"1976-08-29 21:00:00",102,108.1,101.6,108,0
210805200,"1976-09-05 21:00:00",113.5,118.9,110.3,118.4,0
211410000,"1976-09-12 21:00:00",114,121,110,117.5,0
212014800,"1976-09-19 21:00:00",115.5,120.5,114.9,118.6,0
212619600,"1976-09-26 21:00:00",119.2,119.2,115,116,0
213224400,"1976-10-03 21:00:00",114.1,116.8,112.9,114,0
213829200,"1976-10-10 21:00:00",113.8,117.2,113.4,117,0
214434000,"1976-10-17 21:00:00",116.7,117.3,114.9,115.8,0
215038800,"1976-10-24 21:00:00",115.9,126,115.8,123.8,0
215647200,"1976-10-31 22:00:00",122.8,128.2,122.8,128,0
216252000,"1976-11-07 22:00:00",132.3,137.7,130.6,136.9,0
216856800,"1976-11-14 22:00:00",139.5,141,128,130.8,0
217461600,"1976-11-21 22:00:00",133.9,135.2,129,129.7,0
218066400,"1976-11-28 22:00:00",130.1,133.9,129,133.3,0
218671200,"1976-12-05 22:00:00",135.1,139.9,134.2,139,0
219276000,"1976-12-12 22:00:00",137.4,137.6,131.5,132,0
219880800,"1976-12-19 22:00:00",132.5,135.5,132.3,133.9,0
220485600,"1976-12-26 22:00:00",133.8,136.3,133.8,135.7,0
221090400,"1977-01-02 22:00:00",135.5,137.7,132.8,133.1,0
221695200,"1977-01-09 22:00:00",131.7,133,127.5,131.6,0
222300000,"1977-01-16 22:00:00",132,133.9,130.9,132.6,0
222904800,"1977-01-23 22:00:00",132.6,134.6,131,131.9,0
223509600,"1977-01-30 22:00:00",133.2,134.5,132.8,134,0
224114400,"1977-02-06 22:00:00",134.8,138.1,134.7,137,0
224719200,"1977-02-13 22:00:00",137.5,138.4,136,138.3,0
225324000,"1977-02-20 22:00:00",139.1,142.6,138.8,142.3,0
225928800,"1977-02-27 22:00:00",144,148.5,142.4,148.2,0
226533600,"1977-03-06 22:00:00",149.5,150.4,145.5,146.1,0
227138400,"1977-03-13 22:00:00",146.3,151.5,145,151,0
227743200,"1977-03-20 22:00:00",152.5,154.7,150.7,153.3,0
228348000,"1977-03-27 22:00:00",150,152.6,146.3,152.2,0
228952800,"1977-04-03 22:00:00",152.3,152.6,147.3,149.5,0
229557600,"1977-04-10 22:00:00",149.6,154.7,149.6,152.7,0
230162400,"1977-04-17 22:00:00",152.3,153.1,148,150.1,0
230763600,"1977-04-24 21:00:00",150,150,144.8,148,0
231368400,"1977-05-01 21:00:00",147.9,149.7,146.3,148.5,0
231973200,"1977-05-08 21:00:00",148.1,149,146.5,148.3,0
232578000,"1977-05-15 21:00:00",148.1,148.6,146.2,146.9,0
233182800,"1977-05-22 21:00:00",146.8,146.8,142,144.5,0
233787600,"1977-05-29 21:00:00",143.9,145.6,142,143.5,0
234392400,"1977-06-05 21:00:00",143.5,144.6,140.5,142.1,0
234997200,"1977-06-12 21:00:00",139.7,141.7,137.6,140.7,0
235602000,"1977-06-19 21:00:00",141.2,142.8,140.1,141.9,0
236206800,"1977-06-26 21:00:00",142.9,144.6,142.1,142.1,0
236811600,"1977-07-03 21:00:00",142.2,142.9,140.5,142.5,0
237416400,"1977-07-10 21:00:00",142,146,141.3,144.7,0
238021200,"1977-07-17 21:00:00",144.1,146.8,143.8,145.3,0
238626000,"1977-07-24 21:00:00",147,147.4,143.8,145.1,0
239230800,"1977-07-31 21:00:00",147.2,150.2,146.5,149.2,0
239835600,"1977-08-07 21:00:00",149,150,145.8,146,0
240440400,"1977-08-14 21:00:00",146.6,147.3,144,146.8,0
241045200,"1977-08-21 21:00:00",146.5,148.6,145.2,148.6,0
241650000,"1977-08-28 21:00:00",148.1,150.8,147.4,150.8,0
242254800,"1977-09-04 21:00:00",150.1,151.2,149.1,150.4,0
242859600,"1977-09-11 21:00:00",150.8,151.9,149.6,151.5,0
243464400,"1977-09-18 21:00:00",152.1,154.6,151.7,154,0
244069200,"1977-09-25 21:00:00",155.3,157.1,154.6,156.4,0
244674000,"1977-10-02 21:00:00",157.8,158,155.4,157.3,0
245278800,"1977-10-09 21:00:00",159.3,162.2,158.3,162.1,0
245883600,"1977-10-16 21:00:00",163.3,164.7,160.1,164.3,0
246488400,"1977-10-23 21:00:00",165.2,166.8,160.5,162,0
247096800,"1977-10-30 22:00:00",162.3,168.5,161.7,168.3,0
247701600,"1977-11-06 22:00:00",167.6,169.9,164.6,168.9,0
248306400,"1977-11-13 22:00:00",166.7,166.7,157.5,161.5,0
248911200,"1977-11-20 22:00:00",157.2,159.7,154.7,159.5,0
249516000,"1977-11-27 22:00:00",160.9,165.1,159.5,160.1,0
250120800,"1977-12-04 22:00:00",161,164.2,159.7,160,0
250725600,"1977-12-11 22:00:00",160.4,162,157.1,161.6,0
251330400,"1977-12-18 22:00:00",161.2,164.7,160,164.7,0
251935200,"1977-12-25 22:00:00",164.7,167.9,164.7,167.5,0
252540000,"1978-01-01 22:00:00",169.9,174.1,165.5,171.3,0
253144800,"1978-01-08 22:00:00",170.4,176.2,170.3,175.5,0
253749600,"1978-01-15 22:00:00",176.3,176.6,171.7,173.7,0
254354400,"1978-01-22 22:00:00",176,178.3,174.5,174.8,0
254959200,"1978-01-29 22:00:00",177.8,179.4,175.2,176.7,0
255564000,"1978-02-05 22:00:00",177.4,178.5,173.6,178,0
256168800,"1978-02-12 22:00:00",179,182.9,178.4,181.2,0
256773600,"1978-02-19 22:00:00",183,185.8,180.9,181.5,0
257378400,"1978-02-26 22:00:00",182.5,186,180.9,184.6,0
257983200,"1978-03-05 22:00:00",184.8,192.8,184.8,188.9,0
258588000,"1978-03-12 22:00:00",187,189.8,181.3,181.9,0
259192800,"1978-03-19 22:00:00",180.3,181.2,176,180.8,0
259797600,"1978-03-26 22:00:00",181.3,187.2,179,186.2,0
260402400,"1978-04-02 22:00:00",185.7,185.9,176,179.5,0
261007200,"1978-04-09 22:00:00",179.8,183,177.3,178.3,0
261612000,"1978-04-16 22:00:00",175.3,175.9,168,171.5,0
262216800,"1978-04-23 22:00:00",169,171.8,166.8,170.6,0
262818000,"1978-04-30 21:00:00",170.3,174.9,169.2,174,0
263422800,"1978-05-07 21:00:00",173.2,177,172.3,174.4,0
264027600,"1978-05-14 21:00:00",175.1,179.5,175,178.6,0
264632400,"1978-05-21 21:00:00",179.2,182.2,178,179.8,0
265237200,"1978-05-28 21:00:00",185,188.4,184.8,185.2,0
265842000,"1978-06-04 21:00:00",185.5,185.7,182.2,183.5,0
266446800,"1978-06-11 21:00:00",182.9,187.5,181.9,187.5,0
267051600,"1978-06-18 21:00:00",186.6,189.3,186.1,187.4,0
267656400,"1978-06-25 21:00:00",187.4,187.8,182.8,183.7,0
268261200,"1978-07-02 21:00:00",184.5,186.6,183.2,186.5,0
268866000,"1978-07-09 21:00:00",187,188,185.8,186.6,0
269470800,"1978-07-16 21:00:00",185.6,197.5,183.9,196.3,0
270075600,"1978-07-23 21:00:00",196.4,202.4,192.3,200.6,0
270680400,"1978-07-30 21:00:00",207.8,214.3,205,209.6,0
271285200,"1978-08-06 21:00:00",209.6,218,208.5,216,0
271890000,"1978-08-13 21:00:00",219.5,221.5,209.5,212.7,0
272494800,"1978-08-20 21:00:00",209.6,213,201.5,202.6,0
273099600,"1978-08-27 21:00:00",203.1,215.7,202.5,215.5,0
273704400,"1978-09-03 21:00:00",215,218.6,207.6,210.2,0
274309200,"1978-09-10 21:00:00",209.7,216.9,208.1,214.5,0
274914000,"1978-09-17 21:00:00",213,223.3,212.5,222.8,0
275518800,"1978-09-24 21:00:00",221.1,224.6,215,220.9,0
276123600,"1978-10-01 21:00:00",220.5,228.2,220.2,225.5,0
276728400,"1978-10-08 21:00:00",225.9,230.8,224.5,226.9,0
277333200,"1978-10-15 21:00:00",226.4,232.8,225.2,230,0
277938000,"1978-10-22 21:00:00",230.5,239.7,226.7,239.4,0
278546400,"1978-10-29 22:00:00",244,249.4,212.5,215,0
279151200,"1978-11-05 22:00:00",210,223.2,205.4,210.2,0
279756000,"1978-11-12 22:00:00",208,212.7,194.2,200,0
280360800,"1978-11-19 22:00:00",198.5,203.6,196.7,201.4,0
280965600,"1978-11-26 22:00:00",199.5,202.5,192,200.1,0
281570400,"1978-12-03 22:00:00",202,207.8,197.8,207.6,0
282175200,"1978-12-10 22:00:00",208.5,211.6,203.5,208.1,0
282780000,"1978-12-17 22:00:00",217,224.2,213.8,216.7,0
283384800,"1978-12-24 22:00:00",217.1,229.6,216.2,229,0
283989600,"1978-12-31 22:00:00",229.1,229.7,219.5,224.8,0
284594400,"1979-01-07 22:00:00",224,228,217.5,219.4,0
285199200,"1979-01-14 22:00:00",217.5,233.7,216.6,232.6,0
285804000,"1979-01-21 22:00:00",235,238.5,229.5,235.8,0
286408800,"1979-01-28 22:00:00",235.7,243.5,231.8,242.5,0
287013600,"1979-02-04 22:00:00",244.5,257,240,247.3,0
287618400,"1979-02-11 22:00:00",251,253.3,240.5,250.6,0
288223200,"1979-02-18 22:00:00",249,258.8,248.5,255.7,0
288828000,"1979-02-25 22:00:00",253.5,257,242,243.2,0
289432800,"1979-03-04 22:00:00",240,243.4,235,241.6,0
290037600,"1979-03-11 22:00:00",241.6,246,237.8,243.7,0
290642400,"1979-03-18 22:00:00",242.5,244.7,239.1,241.8,0
291247200,"1979-03-25 22:00:00",247,247.5,238.5,243.8,0
291852000,"1979-04-01 22:00:00",243.8,246,241.3,244.3,0
292456800,"1979-04-08 22:00:00",243.7,244.5,234.9,235.6,0
293061600,"1979-04-15 22:00:00",235,244.3,231.8,239,0
293666400,"1979-04-22 22:00:00",238.7,248.8,237.8,248.6,0
294267600,"1979-04-29 21:00:00",246.3,251.5,246.2,250.3,0
294872400,"1979-05-06 21:00:00",252,255.3,246.1,249.8,0
295477200,"1979-05-13 21:00:00",252.7,260.5,251.9,260,0
296082000,"1979-05-20 21:00:00",264,271.9,262.7,270.5,0
296686800,"1979-05-27 21:00:00",274,282,264.5,276.9,0
297291600,"1979-06-03 21:00:00",275.8,286.1,275.3,284.6,0
297896400,"1979-06-10 21:00:00",286,286.7,278.4,283.1,0
298501200,"1979-06-17 21:00:00",281.8,287.5,279.5,284.6,0
299106000,"1979-06-24 21:00:00",287,287.3,275.5,283.8,0
299710800,"1979-07-01 21:00:00",284.3,293.1,282.3,290.9,0
300315600,"1979-07-08 21:00:00",290.1,293.6,286.5,290.8,0
300920400,"1979-07-15 21:00:00",292.8,304,292.5,302.5,0
301525200,"1979-07-22 21:00:00",304.5,307.8,303.1,305.9,0
302130000,"1979-07-29 21:00:00",314.6,314.8,293,295.8,0
302734800,"1979-08-05 21:00:00",292,314.5,288,312.7,0
303339600,"1979-08-12 21:00:00",310,312.9,298.5,307.3,0
303944400,"1979-08-19 21:00:00",305.3,326,305.3,320.7,0
304549200,"1979-08-26 21:00:00",322,330,321,326.7,0
305154000,"1979-09-02 21:00:00",334,348,330.5,346.3,0
305758800,"1979-09-09 21:00:00",347,359.2,340,354.4,0
306363600,"1979-09-16 21:00:00",360.5,396.8,359,384.2,0
306968400,"1979-09-23 21:00:00",388,409,377.5,404.5,0
307573200,"1979-09-30 21:00:00",416.5,444.5,379,393,0
308178000,"1979-10-07 21:00:00",378,424.5,373,404,0
308782800,"1979-10-14 21:00:00",410,413,377,400,0
309387600,"1979-10-21 21:00:00",402,405.5,375,377.7,0
309996000,"1979-10-28 22:00:00",377,389,365,378.5,0
310600800,"1979-11-04 22:00:00",384,403.5,382.7,391.2,0
311205600,"1979-11-11 22:00:00",396,399.5,385,391.2,0
311810400,"1979-11-18 22:00:00",393,400,388.3,394.6,0
312415200,"1979-11-25 22:00:00",396.5,432.8,390,430.5,0
313020000,"1979-12-02 22:00:00",440,447.8,433,436,0
313624800,"1979-12-09 22:00:00",440.5,478,439,474.5,0
314229600,"1979-12-16 22:00:00",480.5,500.3,467,495.5,0
314834400,"1979-12-23 22:00:00",496,530,495.8,525,0
315439200,"1979-12-30 22:00:00",535,626.5,533,611,0
316044000,"1980-01-06 22:00:00",627,636,597,628,0
316648800,"1980-01-13 22:00:00",653,840.5,653,823,0
317253600,"1980-01-20 22:00:00",873,873,634,635,0
317858400,"1980-01-27 22:00:00",635,726,607,704,0
318463200,"1980-02-03 22:00:00",691,728,673,717.5,0
319068000,"1980-02-10 22:00:00",742.5,742.5,673,680.5,0
319672800,"1980-02-17 22:00:00",678,683,630.5,641.5,0
320277600,"1980-02-24 22:00:00",635,666.5,617,640,0
320882400,"1980-03-02 22:00:00",643,660,599,605,0
321487200,"1980-03-09 22:00:00",599,600,516,530,0
322092000,"1980-03-16 22:00:00",485,569,463,565,0
322696800,"1980-03-23 22:00:00",560,572,453,509,0
323301600,"1980-03-30 22:00:00",505.1,530,483,501.5,0
323906400,"1980-04-06 22:00:00",505,570,502,544,0
324511200,"1980-04-13 22:00:00",542,547,501,520,0
325116000,"1980-04-20 22:00:00",512,563,495,547,0
325717200,"1980-04-27 21:00:00",535,536,482,516,0
326322000,"1980-05-04 21:00:00",524.5,524.5,504.5,515.7,0
326926800,"1980-05-11 21:00:00",514,530,509,514.8,0
327531600,"1980-05-18 21:00:00",516,517,495,510,0
328136400,"1980-05-25 21:00:00",513.6,562.5,513.5,555,0
328741200,"1980-06-01 21:00:00",580,617.5,560,616,0
329346000,"1980-06-08 21:00:00",634,640,593,613,0
329950800,"1980-06-15 21:00:00",606,617,597,609.5,0
330555600,"1980-06-22 21:00:00",603.8,658,602,657.5,0
331160400,"1980-06-29 21:00:00",665,680.5,652.5,676,0
331765200,"1980-07-06 21:00:00",671,696,653,670.5,0
332370000,"1980-07-13 21:00:00",649,656,604,614,0
332974800,"1980-07-20 21:00:00",622,655,609,653,0
333579600,"1980-07-27 21:00:00",641,660,625,640,0
334184400,"1980-08-03 21:00:00",645.5,657.5,643,647,0
334789200,"1980-08-10 21:00:00",633,648,620,635,0
335394000,"1980-08-17 21:00:00",625,670.5,622.5,658,0
335998800,"1980-08-24 21:00:00",655,658,642,656,0
336603600,"1980-08-31 21:00:00",656,678,656,670,0
337208400,"1980-09-07 21:00:00",690,720,689.5,704,0
337813200,"1980-09-14 21:00:00",696,709,680,708,0
338418000,"1980-09-21 21:00:00",729,748.5,703.5,703.5,0
339022800,"1980-09-28 21:00:00",703,703,669,684.5,0
339627600,"1980-10-05 21:00:00",688,708.5,686,700,0
340232400,"1980-10-12 21:00:00",696,696.5,661,665,0
340837200,"1980-10-19 21:00:00",668,673.5,634,639,0
341445600,"1980-10-26 22:00:00",641,652.5,627,642,0
342050400,"1980-11-02 22:00:00",640,665,593,607,0
342655200,"1980-11-09 22:00:00",617,626.5,594,621,0
343260000,"1980-11-16 22:00:00",612,646,610,638.5,0
343864800,"1980-11-23 22:00:00",631,634,608,624.6,0
344469600,"1980-11-30 22:00:00",656,658,627,638,0
345074400,"1980-12-07 22:00:00",631,635.5,558,587,0
345679200,"1980-12-14 22:00:00",582.9,608,563,607.5,0
346284000,"1980-12-21 22:00:00",606,619,597.5,617,0
346888800,"1980-12-28 22:00:00",608,610,586,594.5,0
347493600,"1981-01-04 22:00:00",600.5,612,570,581,0
348098400,"1981-01-11 22:00:00",564,577.8,555,567.5,0
348703200,"1981-01-18 22:00:00",559,581,548,552.5,0
349308000,"1981-01-25 22:00:00",527.5,531,485,512.5,0
349912800,"1981-02-01 22:00:00",505,521,490,514,0
350517600,"1981-02-08 22:00:00",524,530.5,490,501,0
351122400,"1981-02-15 22:00:00",509,522,498,514.5,0
351727200,"1981-02-22 22:00:00",513,514,485,486.5,0
352332000,"1981-03-01 22:00:00",471,478,453,467,0
352936800,"1981-03-08 22:00:00",475,497.3,472,488.5,0
353541600,"1981-03-15 22:00:00",502,537,490.5,537,0
354146400,"1981-03-22 22:00:00",531,554,519.5,529.3,0
354751200,"1981-03-29 22:00:00",538,538,515,532.5,0
355356000,"1981-04-05 22:00:00",545,545.5,494,496,0
355960800,"1981-04-12 22:00:00",479,498,476,495.5,0
356565600,"1981-04-19 22:00:00",489,509,479.5,491.3,0
357166800,"1981-04-26 21:00:00",493.5,497.5,478,496,0
357771600,"1981-05-03 21:00:00",486,497.5,478,496.5,0
358376400,"1981-05-10 21:00:00",502.5,503,475,479.5,0
358981200,"1981-05-17 21:00:00",485,486.5,466,471,0
359586000,"1981-05-24 21:00:00",465,483,464,479.4,0
360190800,"1981-05-31 21:00:00",495.5,497.5,461.5,462.5,0
360795600,"1981-06-07 21:00:00",472,487.5,464.8,476,0
361400400,"1981-06-14 21:00:00",484,485,464.5,467.5,0
362005200,"1981-06-21 21:00:00",470,475.5,443,447,0
362610000,"1981-06-28 21:00:00",434,435.5,412,416.5,0
363214800,"1981-07-05 21:00:00",407,423.5,397,422,0
363819600,"1981-07-12 21:00:00",419,426,402.2,420,0
364424400,"1981-07-19 21:00:00",417,417.5,406,408.2,0
365029200,"1981-07-26 21:00:00",402,426.4,398,423.2,0
365634000,"1981-08-02 21:00:00",411,418.5,405,414.8,0
366238800,"1981-08-09 21:00:00",411,439.3,410,430.5,0
366843600,"1981-08-16 21:00:00",432,463,428.5,452.5,0
367448400,"1981-08-23 21:00:00",446,448.5,423,445,0
368053200,"1981-08-30 21:00:00",450,463.3,437.5,455.5,0
368658000,"1981-09-06 21:00:00",458,474,447.5,470,0
369262800,"1981-09-13 21:00:00",473,477.5,453.5,465,0
369867600,"1981-09-20 21:00:00",473,482.5,437,441.5,0
370472400,"1981-09-27 21:00:00",433,450,428,447.5,0
371077200,"1981-10-04 21:00:00",452,469,442.5,457,0
371682000,"1981-10-11 21:00:00",458,459.5,447,447.5,0
372286800,"1981-10-18 21:00:00",445.5,445.5,433,436,0
372895200,"1981-10-25 22:00:00",432.5,437,426.5,431.2,0
373500000,"1981-11-01 22:00:00",432,436,429.8,430.9,0
374104800,"1981-11-08 22:00:00",433,433,407,415.2,0
374709600,"1981-11-15 22:00:00",403.5,406.5,395.5,398,0
375314400,"1981-11-22 22:00:00",396,415,392.5,414,0
375919200,"1981-11-29 22:00:00",421,437,406,429,0
376524000,"1981-12-06 22:00:00",423.7,427.5,408.5,412.5,0
377128800,"1981-12-13 22:00:00",426.5,429,417,418.2,0
377733600,"1981-12-20 22:00:00",416.1,418.5,402,406.3,0
378338400,"1981-12-27 22:00:00",404,406,396.5,402.8,0
378943200,"1982-01-03 22:00:00",399,411,395.5,397.5,0
379548000,"1982-01-10 22:00:00",389,392,371.5,372,0
380152800,"1982-01-17 22:00:00",370.5,384.2,369,378.5,0
380757600,"1982-01-24 22:00:00",370.5,388.7,370.5,384.6,0
381362400,"1982-01-31 22:00:00",387,394.4,384.5,392,0
381967200,"1982-02-07 22:00:00",388,392,382.7,384.9,0
382572000,"1982-02-14 22:00:00",382,382.8,368.5,369.3,0
383176800,"1982-02-21 22:00:00",368,373.1,362.7,364.5,0
383781600,"1982-02-28 22:00:00",362.5,366.5,336,336.3,0
384386400,"1982-03-07 22:00:00",335,340,317.5,319.6,0
384991200,"1982-03-14 22:00:00",317,328,312.5,317.7,0
385596000,"1982-03-21 22:00:00",322.5,335.5,320.3,322.2,0
386200800,"1982-03-28 22:00:00",318.5,337.2,316.4,336.8,0
386805600,"1982-04-04 22:00:00",343.5,368.5,341.2,366,0
387410400,"1982-04-11 22:00:00",364.5,377.5,355.8,366,0
388015200,"1982-04-18 22:00:00",363,363.5,342,356.7,0
388616400,"1982-04-25 21:00:00",365.9,367,335.5,346.5,0
389221200,"1982-05-02 21:00:00",351,351,331,336.5,0
389826000,"1982-05-09 21:00:00",331,341.5,329,340,0
390430800,"1982-05-16 21:00:00",341,345.8,335.6,337.2,0
391035600,"1982-05-23 21:00:00",328.5,331.5,321.5,322.2,0
391640400,"1982-05-30 21:00:00",325.5,328,321,325.3,0
392245200,"1982-06-06 21:00:00",330,343,329.5,333.2,0
392850000,"1982-06-13 21:00:00",326,326.5,308,308.5,0
393454800,"1982-06-20 21:00:00",300,315,297.5,310.2,0
394059600,"1982-06-27 21:00:00",306.5,322.5,305.5,315,0
394664400,"1982-07-04 21:00:00",314,349.7,308.3,348,0
395269200,"1982-07-11 21:00:00",346,362,340.2,351.5,0
395874000,"1982-07-18 21:00:00",352.5,369.7,344.5,361.2,0
396478800,"1982-07-25 21:00:00",354,357.8,334.3,355.5,0
397083600,"1982-08-01 21:00:00",364.5,366.5,354,355.5,0
397688400,"1982-08-08 21:00:00",347.5,351.4,340.2,344.9,0
398293200,"1982-08-15 21:00:00",348,401,346.4,396,0
398898000,"1982-08-22 21:00:00",403,441,397,413,0
399502800,"1982-08-29 21:00:00",409,465.5,405,465.5,0
400107600,"1982-09-05 21:00:00",500,509,447,452,0
400712400,"1982-09-12 21:00:00",447.5,468,441,443,0
401317200,"1982-09-19 21:00:00",432,457.8,423,424.3,0
401922000,"1982-09-26 21:00:00",419,423.5,396,413,0
402526800,"1982-10-03 21:00:00",400,444,390,424.5,0
403131600,"1982-10-10 21:00:00",438,465,430,433,0
403736400,"1982-10-17 21:00:00",434,449,422.5,435.5,0
404341200,"1982-10-24 21:00:00",421,430,414,423,0
404949600,"1982-10-31 22:00:00",431,438.4,416,419,0
405554400,"1982-11-07 22:00:00",410,415.8,398,410.5,0
406159200,"1982-11-14 22:00:00",404,420.8,401,414.8,0
406764000,"1982-11-21 22:00:00",412,432,405,427.3,0
407368800,"1982-11-28 22:00:00",436.5,456.4,433.5,447.8,0
407973600,"1982-12-05 22:00:00",451,465.5,439.5,441.5,0
408578400,"1982-12-12 22:00:00",443,457.5,435,444.2,0
409183200,"1982-12-19 22:00:00",445.5,456.5,443.8,450.8,0
409788000,"1982-12-26 22:00:00",454,468.8,449,453,0
410392800,"1983-01-02 22:00:00",455,471.5,449.5,469.5,0
410997600,"1983-01-09 22:00:00",478,496.5,474.7,490,0
411602400,"1983-01-16 22:00:00",496,505,481.5,485,0
412207200,"1983-01-23 22:00:00",473,499.5,473,494.8,0
412812000,"1983-01-30 22:00:00",508,519,498,501,0
413416800,"1983-02-06 22:00:00",497.5,513.5,495,510,0
414021600,"1983-02-13 22:00:00",506.5,520,506.1,510.5,0
414626400,"1983-02-20 22:00:00",507.5,508.8,448.7,448.7,0
415231200,"1983-02-27 22:00:00",423.7,437.3,408,420,0
415836000,"1983-03-06 22:00:00",425,439.5,418,429.3,0
416440800,"1983-03-13 22:00:00",430.5,442,411,416.5,0
417045600,"1983-03-20 22:00:00",414,424.3,406.5,414.5,0
417650400,"1983-03-27 22:00:00",408.5,425.3,406.5,422,0
418255200,"1983-04-03 22:00:00",422.5,439.8,422.5,427.2,0
418860000,"1983-04-10 22:00:00",433.5,443.5,432.3,442.2,0
419464800,"1983-04-17 22:00:00",447.5,450.8,436,443.3,0
420066000,"1983-04-24 21:00:00",446,446.5,428.2,433.5,0
420670800,"1983-05-01 21:00:00",430.7,440.8,430.7,439.5,0
421275600,"1983-05-08 21:00:00",437.5,452.5,435,442.8,0
421880400,"1983-05-15 21:00:00",440.5,446.8,436,438,0
422485200,"1983-05-22 21:00:00",434,443.5,432.5,435.9,0
423090000,"1983-05-29 21:00:00",445.5,446.1,408,418,0
423694800,"1983-06-05 21:00:00",412.5,421,401,412.4,0
424299600,"1983-06-12 21:00:00",418,423.5,411,417.8,0
424904400,"1983-06-19 21:00:00",416,428.3,416,426.8,0
425509200,"1983-06-26 21:00:00",426,426,414.5,421.2,0
426114000,"1983-07-03 21:00:00",412,437,409.5,430.3,0
426718800,"1983-07-10 21:00:00",429.3,439,421,421.7,0
427323600,"1983-07-17 21:00:00",424,432,421,425.7,0
427928400,"1983-07-24 21:00:00",420.5,429.8,410,412.8,0
428533200,"1983-07-31 21:00:00",427,430.5,420.5,426.8,0
429138000,"1983-08-07 21:00:00",424,431,418.5,426.2,0
429742800,"1983-08-14 21:00:00",429.5,436.5,428.3,430.3,0
430347600,"1983-08-21 21:00:00",433.5,441,427,430.8,0
430952400,"1983-08-28 21:00:00",427.5,430.2,423.2,427,0
431557200,"1983-09-04 21:00:00",428.6,429,421,422.9,0
432162000,"1983-09-11 21:00:00",426,426.5,407,418.7,0
432766800,"1983-09-18 21:00:00",418.5,426,414,423.6,0
433371600,"1983-09-25 21:00:00",424,424.3,401,407.8,0
433976400,"1983-10-02 21:00:00",396,406.5,391,405.3,0
434581200,"1983-10-09 21:00:00",407,408.8,397.7,403.7,0
435186000,"1983-10-16 21:00:00",404.3,404.5,392,396.8,0
435790800,"1983-10-23 21:00:00",399.5,403,383.8,389.8,0
436399200,"1983-10-30 22:00:00",384,387.7,377.2,382.3,0
437004000,"1983-11-06 22:00:00",380,386,379,385.7,0
437608800,"1983-11-13 22:00:00",384.5,385.8,373,376.3,0
438213600,"1983-11-20 22:00:00",374.5,378.1,373.8,377.2,0
438818400,"1983-11-27 22:00:00",383,414,382.5,404.1,0
439423200,"1983-12-04 22:00:00",406,410,391,393.4,0
440028000,"1983-12-11 22:00:00",395.6,397.5,376.5,377,0
440632800,"1983-12-18 22:00:00",380.1,386,375.5,383.6,0
441237600,"1983-12-25 22:00:00",384.5,388.5,378.5,388,0
441842400,"1984-01-01 22:00:00",385.5,386.4,369.1,370,0
442447200,"1984-01-08 22:00:00",366.5,376.5,364.5,372.5,0
443052000,"1984-01-15 22:00:00",370.5,378,367,372.4,0
443656800,"1984-01-22 22:00:00",372,372.8,362.5,369.5,0
444261600,"1984-01-29 22:00:00",376,393,374.3,391.5,0
444866400,"1984-02-05 22:00:00",385.5,395,380,382.5,0
445471200,"1984-02-12 22:00:00",381,392,379.1,388.7,0
446076000,"1984-02-19 22:00:00",393,404.5,388,399.5,0
446680800,"1984-02-26 22:00:00",397.5,406,394,403.7,0
447285600,"1984-03-04 22:00:00",410,410.5,398,402.8,0
447890400,"1984-03-11 22:00:00",398.8,402.9,393,395.3,0
448495200,"1984-03-18 22:00:00",394.5,396.5,385.5,386.8,0
449100000,"1984-03-25 22:00:00",388.5,396.2,386,394.3,0
449704800,"1984-04-01 22:00:00",394.5,394.6,382.8,387.1,0
450309600,"1984-04-08 22:00:00",388.5,390.7,382.5,387,0
450914400,"1984-04-15 22:00:00",385,395,381.6,388.8,0
451519200,"1984-04-22 22:00:00",389.8,392.8,378.5,381.5,0
452120400,"1984-04-29 21:00:00",379.5,383.7,377.5,378.5,0
452725200,"1984-05-06 21:00:00",376.8,377.6,370,373.3,0
453330000,"1984-05-13 21:00:00",375.7,380,374,379.6,0
453934800,"1984-05-20 21:00:00",381.3,390.5,375.5,390,0
454539600,"1984-05-27 21:00:00",385.5,405.3,384.5,397,0
455144400,"1984-06-03 21:00:00",400,403.2,389,389.5,0
455749200,"1984-06-10 21:00:00",389,389.5,371.5,375.3,0
456354000,"1984-06-17 21:00:00",372.6,381.4,371.7,376.6,0
456958800,"1984-06-24 21:00:00",374,378.1,370,376.1,0
457563600,"1984-07-01 21:00:00",373,374.3,339,347.2,0
458168400,"1984-07-08 21:00:00",336.5,351,336,345.8,0
458773200,"1984-07-15 21:00:00",353,353.5,338,340,0
459378000,"1984-07-22 21:00:00",334,345,332,342,0
459982800,"1984-07-29 21:00:00",350.5,365.5,348,363,0
460587600,"1984-08-05 21:00:00",365.5,365.5,353.1,354.8,0
461192400,"1984-08-12 21:00:00",354.5,369,353.8,362.3,0
461797200,"1984-08-19 21:00:00",360.1,368,353.5,362.3,0
462402000,"1984-08-26 21:00:00",361.1,361.8,356.7,358,0
463006800,"1984-09-02 21:00:00",350,354.5,343.3,344.3,0
463611600,"1984-09-09 21:00:00",346.5,350.8,344.2,348.1,0
464216400,"1984-09-16 21:00:00",345,356.5,341.6,354.3,0
464821200,"1984-09-23 21:00:00",355,356.1,348.3,351.3,0
465426000,"1984-09-30 21:00:00",352,355.8,346.3,347,0
466030800,"1984-10-07 21:00:00",348,348.3,338,346.3,0
466635600,"1984-10-14 21:00:00",342.5,345.8,339,342.4,0
467240400,"1984-10-21 21:00:00",341.6,345,339.5,340.3,0
467848800,"1984-10-28 22:00:00",337.5,347,333.5,345.4,0
468453600,"1984-11-04 22:00:00",345.8,353.5,344.5,347.5,0
469058400,"1984-11-11 22:00:00",347.8,353,344,345,0
469663200,"1984-11-18 22:00:00",344.3,344.7,340.2,340.5,0
470268000,"1984-11-25 22:00:00",339.3,339.3,325,333.5,0
470872800,"1984-12-02 22:00:00",332.5,337,328,330.8,0
471477600,"1984-12-09 22:00:00",330.7,333.5,324,325.4,0
472082400,"1984-12-16 22:00:00",320.3,320.7,306.6,313.2,0
472687200,"1984-12-23 22:00:00",313.8,315.6,307.3,310,0
473292000,"1984-12-30 22:00:00",309.5,310,299.3,299.7,0
473896800,"1985-01-06 22:00:00",300,307,296.7,300.3,0
474501600,"1985-01-13 22:00:00",300,309.5,298.3,307.2,0
475106400,"1985-01-20 22:00:00",307.8,308.8,297.8,300.4,0
475711200,"1985-01-27 22:00:00",300,311,296.7,306.5,0
476316000,"1985-02-03 22:00:00",304.3,307,301.3,303.4,0
476920800,"1985-02-10 22:00:00",302.4,308.5,301.8,306.9,0
477525600,"1985-02-17 22:00:00",304.7,306.9,296,296.5,0
478130400,"1985-02-24 22:00:00",287.5,294.3,282.6,291.6,0
478735200,"1985-03-03 22:00:00",289,295.5,287,288.5,0
479340000,"1985-03-10 22:00:00",291,297.4,287.5,295.2,0
479944800,"1985-03-17 22:00:00",295.6,335,295.6,316.8,0
480549600,"1985-03-24 22:00:00",316.5,334,314,329.6,0
481154400,"1985-03-31 22:00:00",324.5,327.3,319,324,0
481759200,"1985-04-07 22:00:00",322.5,337.5,319.7,331.6,0
482364000,"1985-04-14 22:00:00",336.6,338.6,327.5,331.3,0
482968800,"1985-04-21 22:00:00",330.9,332,323,325.2,0
483570000,"1985-04-28 21:00:00",325.8,327.9,312,313.3,0
484174800,"1985-05-05 21:00:00",311.5,318.5,309.7,317.5,0
484779600,"1985-05-12 21:00:00",319,329.8,318,321,0
485384400,"1985-05-19 21:00:00",324,324.8,312.8,314.8,0
485989200,"1985-05-26 21:00:00",314,323,308.6,319.5,0
486594000,"1985-06-02 21:00:00",320.1,322.4,315.8,317.7,0
487198800,"1985-06-09 21:00:00",314.5,324.5,312.5,322,0
487803600,"1985-06-16 21:00:00",321,331.3,314,316.6,0
488408400,"1985-06-23 21:00:00",316,320.8,315.3,317.7,0
489013200,"1985-06-30 21:00:00",317.1,317.3,308.3,311.4,0
489618000,"1985-07-07 21:00:00",312,320,310,319.2,0
490222800,"1985-07-14 21:00:00",318.2,328,315.2,318.8,0
490827600,"1985-07-21 21:00:00",318,324.2,316.4,322,0
491432400,"1985-07-28 21:00:00",322.5,337.5,322,329.7,0
492037200,"1985-08-04 21:00:00",330.7,337,327,336.3,0
492642000,"1985-08-11 21:00:00",335.5,348.3,332.8,345.6,0
493246800,"1985-08-18 21:00:00",348,350.2,337.5,342.7,0
493851600,"1985-08-25 21:00:00",342.5,348.9,338.5,339.8,0
494456400,"1985-09-01 21:00:00",335,335.8,321,326.6,0
495061200,"1985-09-08 21:00:00",324.3,328.5,323,324,0
495666000,"1985-09-15 21:00:00",324.5,326.4,318.2,323.8,0
496270800,"1985-09-22 21:00:00",334.5,336.5,330.3,332.9,0
496875600,"1985-09-29 21:00:00",330,335.7,324.9,332.2,0
497480400,"1985-10-06 21:00:00",331,331.7,327.7,330.7,0
498085200,"1985-10-13 21:00:00",330,331.4,325.5,329.7,0
498690000,"1985-10-20 21:00:00",329,331.7,325.5,329.4,0
499298400,"1985-10-27 22:00:00",328.9,330.3,324.5,328.1,0
499903200,"1985-11-03 22:00:00",327.2,327.5,322.1,325.6,0
500508000,"1985-11-10 22:00:00",324.4,328.3,323.8,324.7,0
501112800,"1985-11-17 22:00:00",324.8,329.5,324,327.4,0
501717600,"1985-11-24 22:00:00",330.2,333.4,325.3,327.3,0
502322400,"1985-12-01 22:00:00",327.8,329,322.8,326.2,0
502927200,"1985-12-08 22:00:00",322.5,322.9,315.5,322.2,0
503532000,"1985-12-15 22:00:00",321.5,330.8,321.2,328.7,0
504136800,"1985-12-22 22:00:00",329.5,331.4,326.6,329,0
504741600,"1985-12-29 22:00:00",329,332.4,328,330,0
505346400,"1986-01-05 22:00:00",330.5,344.5,329.3,343.3,0
505951200,"1986-01-12 22:00:00",342.5,369.5,340,358,0
506556000,"1986-01-19 22:00:00",352.5,359.7,350,358.4,0
507160800,"1986-01-26 22:00:00",360.3,364.2,351,352.9,0
507765600,"1986-02-02 22:00:00",351,352.2,335.5,342.5,0
508370400,"1986-02-09 22:00:00",344.5,344.6,331.7,336.2,0
508975200,"1986-02-16 22:00:00",336.2,346.7,336.2,343.3,0
509580000,"1986-02-23 22:00:00",345.5,357.5,335.1,341,0
510184800,"1986-03-02 22:00:00",340.5,347.5,336.2,345.7,0
510789600,"1986-03-09 22:00:00",342,353.3,340.8,348.9,0
511394400,"1986-03-16 22:00:00",349.2,359.6,347,357.4,0
511999200,"1986-03-23 22:00:00",352,355,341.8,343.1,0
512604000,"1986-03-30 22:00:00",346,346,330.8,338.4,0
513208800,"1986-04-06 22:00:00",338.2,348.5,336.5,347.5,0
513813600,"1986-04-13 22:00:00",345,352.5,338.2,346.7,0
514418400,"1986-04-20 22:00:00",344,350.9,343.2,346.2,0
515019600,"1986-04-27 21:00:00",346,349.5,340.5,344.7,0
515624400,"1986-05-04 21:00:00",344.5,348.8,339.5,345.5,0
516229200,"1986-05-11 21:00:00",347,347.4,342.5,343.8,0
516834000,"1986-05-18 21:00:00",343,343.4,337.7,342.4,0
517438800,"1986-05-25 21:00:00",341.5,347.5,341.3,347.1,0
518043600,"1986-06-01 21:00:00",346.2,346.7,343.6,344.8,0
518648400,"1986-06-08 21:00:00",344.5,355,344.2,348.8,0
519253200,"1986-06-15 21:00:00",339.5,348.8,336.5,342.7,0
519858000,"1986-06-22 21:00:00",342.8,347.8,342.5,346.9,0
520462800,"1986-06-29 21:00:00",348.5,350,343.3,345.4,0
521067600,"1986-07-06 21:00:00",345.5,352,345.1,347.8,0
521672400,"1986-07-13 21:00:00",346.8,357,346,356.5,0
522277200,"1986-07-20 21:00:00",355.5,356.3,344.5,348.2,0
522882000,"1986-07-27 21:00:00",352.7,371.3,351.6,367.5,0
523486800,"1986-08-03 21:00:00",366.5,383.9,364.3,382.5,0
524091600,"1986-08-10 21:00:00",397,404.5,386.5,390.2,0
524696400,"1986-08-17 21:00:00",385,393.8,377.5,379.5,0
525301200,"1986-08-24 21:00:00",382,395.6,382,393.3,0
525906000,"1986-08-31 21:00:00",399,430,397.1,428.3,0
526510800,"1986-09-07 21:00:00",423,430,403,421.5,0
527115600,"1986-09-14 21:00:00",416,441.5,415,441,0
527720400,"1986-09-21 21:00:00",443,446,429.5,431.5,0
528325200,"1986-09-28 21:00:00",433.5,444.5,422,437.5,0
528930000,"1986-10-05 21:00:00",440.3,446.5,428.5,434.5,0
529534800,"1986-10-12 21:00:00",435.8,437.5,419.5,422.2,0
530139600,"1986-10-19 21:00:00",422.5,431.7,409,409.7,0
530748000,"1986-10-26 22:00:00",412,416,400,405.5,0
531352800,"1986-11-02 22:00:00",405,413.2,404.8,410.6,0
531957600,"1986-11-09 22:00:00",412,413.8,398,398.8,0
532562400,"1986-11-16 22:00:00",396.5,396.5,376.5,379.3,0
533167200,"1986-11-23 22:00:00",380.5,391.5,379.3,390.9,0
533772000,"1986-11-30 22:00:00",402,403.5,386.5,392.9,0
534376800,"1986-12-07 22:00:00",393.3,396.7,388.3,395.8,0
534981600,"1986-12-14 22:00:00",398.5,399.5,393.6,395.8,0
535586400,"1986-12-21 22:00:00",399.7,400.8,390.2,393,0
536191200,"1986-12-28 22:00:00",394,410.4,390.8,404,0
536796000,"1987-01-04 22:00:00",403,408,399,407.5,0
537400800,"1987-01-11 22:00:00",411.5,422,409.6,417.3,0
538005600,"1987-01-18 22:00:00",424.5,425,400.4,405.3,0
538610400,"1987-01-25 22:00:00",405.9,417,400,408.9,0
539215200,"1987-02-01 22:00:00",409.7,412,401.3,407.4,0
539820000,"1987-02-08 22:00:00",407.2,410,397,400.7,0
540424800,"1987-02-15 22:00:00",399.8,409.7,391.4,408.7,0
541029600,"1987-02-22 22:00:00",406.1,410.8,401.2,407.4,0
541634400,"1987-03-01 22:00:00",406.6,414.4,404.8,407.8,0
542239200,"1987-03-08 22:00:00",406.5,411.8,403,405,0
542844000,"1987-03-15 22:00:00",406,408,403.2,406.3,0
543448800,"1987-03-22 22:00:00",407,424,406.9,422.7,0
544053600,"1987-03-29 22:00:00",428.5,429.9,418.5,423.9,0
544654800,"1987-04-05 21:00:00",426,440.5,421.4,436.7,0
545259600,"1987-04-12 21:00:00",438.5,455.8,438.3,447.3,0
545864400,"1987-04-19 21:00:00",447.5,473,445,465.5,0
546469200,"1987-04-26 21:00:00",480,480.5,440.5,459.5,0
547074000,"1987-05-03 21:00:00",460.5,467,454.5,456.7,0
547678800,"1987-05-10 21:00:00",456,476.6,454.4,476.2,0
548283600,"1987-05-17 21:00:00",475.5,481.5,462,464.6,0
548888400,"1987-05-24 21:00:00",448.5,458.5,445.5,450.2,0
549493200,"1987-05-31 21:00:00",449.5,464.3,446.8,458.8,0
550098000,"1987-06-07 21:00:00",462.8,468.8,453.8,458.9,0
550702800,"1987-06-14 21:00:00",452,458,448,448.7,0
551307600,"1987-06-21 21:00:00",446,452,437.6,450.1,0
551912400,"1987-06-28 21:00:00",448,453.5,447.5,448.8,0
552517200,"1987-07-05 21:00:00",444.5,450.8,442.5,446,0
553122000,"1987-07-12 21:00:00",446.5,456.7,445.2,449.3,0
553726800,"1987-07-19 21:00:00",451.6,457.2,450.8,454.5,0
554331600,"1987-07-26 21:00:00",454,475.7,452.1,475.1,0
554936400,"1987-08-02 21:00:00",486,490.2,463,464.8,0
555541200,"1987-08-09 21:00:00",470,475,456.9,461.2,0
556146000,"1987-08-16 21:00:00",463.5,469.5,460,465.7,0
556750800,"1987-08-23 21:00:00",464,471.3,459,461.3,0
557355600,"1987-08-30 21:00:00",461.2,474.8,458.7,470.8,0
557960400,"1987-09-06 21:00:00",466.6,472,462.7,464.3,0
558565200,"1987-09-13 21:00:00",461,469.8,460.5,465.3,0
559170000,"1987-09-20 21:00:00",464.9,471.5,463.8,466.6,0
559774800,"1987-09-27 21:00:00",467,468.7,457.9,460.3,0
560379600,"1987-10-04 21:00:00",461.3,468.5,461.1,466.9,0
560984400,"1987-10-11 21:00:00",467,476.7,463.2,476.3,0
561589200,"1987-10-18 21:00:00",493,496,459,476.7,0
562197600,"1987-10-25 22:00:00",481,483.5,464,471.2,0
562802400,"1987-11-01 22:00:00",472.3,476,456,462.1,0
563407200,"1987-11-08 22:00:00",464.5,467.5,457.8,465.6,0
564012000,"1987-11-15 22:00:00",461.8,470.9,461.5,470.3,0
564616800,"1987-11-22 22:00:00",469,487.4,468.8,486.1,0
565221600,"1987-11-29 22:00:00",502.5,503,483.9,487.8,0
565826400,"1987-12-06 22:00:00",486.5,503,484.9,502,0
566431200,"1987-12-13 22:00:00",506.3,507.4,475,484,0
567036000,"1987-12-20 22:00:00",485,490.1,483.1,489.6,0
567640800,"1987-12-27 22:00:00",492.9,494.7,484.6,488.9,0
568245600,"1988-01-03 22:00:00",484,487.4,476.6,485.5,0
568850400,"1988-01-10 22:00:00",486.4,488.5,474,474.5,0
569455200,"1988-01-17 22:00:00",476.5,479,475,477.8,0
570060000,"1988-01-24 22:00:00",476.5,476.9,450,454.2,0
570664800,"1988-01-31 22:00:00",458.5,461.9,439.8,443.2,0
571269600,"1988-02-07 22:00:00",445.5,449.5,435,448.7,0
571874400,"1988-02-14 22:00:00",447.5,451.4,445,448,0
572479200,"1988-02-21 22:00:00",447,449.7,429.3,431.1,0
573084000,"1988-02-28 22:00:00",427,440.5,425.1,438.8,0
573688800,"1988-03-06 22:00:00",436.5,445.5,436.2,442.6,0
574293600,"1988-03-13 22:00:00",442.8,449.2,441.7,445.2,0
574898400,"1988-03-20 22:00:00",446.5,457.4,446.4,453.3,0
575503200,"1988-03-27 22:00:00",454.5,463.2,453.1,457.9,0
576104400,"1988-04-03 21:00:00",461.5,462.9,448.8,453.7,0
576709200,"1988-04-10 21:00:00",450.7,461,449.4,458.5,0
577314000,"1988-04-17 21:00:00",463,464,451,452.4,0
577918800,"1988-04-24 21:00:00",452.6,455,448.2,452.6,0
578523600,"1988-05-01 21:00:00",449.5,449.5,443.6,445.3,0
579128400,"1988-05-08 21:00:00",445.8,454.8,445.5,453.7,0
579733200,"1988-05-15 21:00:00",455.7,462.3,453.3,458.7,0
580338000,"1988-05-22 21:00:00",461.5,463,450.2,450.8,0
580942800,"1988-05-29 21:00:00",459,473.8,457.8,469.3,0
581547600,"1988-06-05 21:00:00",469.5,470.3,452.1,453.3,0
582152400,"1988-06-12 21:00:00",453.5,459.8,450.3,458.3,0
582757200,"1988-06-19 21:00:00",457.8,458.5,443.5,446,0
583362000,"1988-06-26 21:00:00",445.3,447.7,432.3,439.6,0
583966800,"1988-07-03 21:00:00",439.5,443.7,437.6,441,0
584571600,"1988-07-10 21:00:00",441.3,443.7,434.2,441.3,0
585176400,"1988-07-17 21:00:00",436.5,449,435.1,442.9,0
585781200,"1988-07-24 21:00:00",441.8,442,424,436.1,0
586386000,"1988-07-31 21:00:00",447.6,448.6,441.2,442.6,0
586990800,"1988-08-07 21:00:00",442.2,445,433,441.2,0
587595600,"1988-08-14 21:00:00",440,445.7,437.1,441.4,0
588200400,"1988-08-21 21:00:00",440.3,446.8,439.6,441.4,0
588805200,"1988-08-28 21:00:00",441.6,442.1,432.5,437.4,0
589410000,"1988-09-04 21:00:00",436.6,437.9,427.5,428.5,0
590014800,"1988-09-11 21:00:00",426,430.3,415,418.2,0
590619600,"1988-09-18 21:00:00",414,417,398,399.3,0
591224400,"1988-09-25 21:00:00",397,404.3,395.5,399.2,0
591829200,"1988-10-02 21:00:00",398.8,409.4,398.1,407.3,0
592434000,"1988-10-09 21:00:00",411,416,407.9,412.5,0
593038800,"1988-10-16 21:00:00",414.3,418.3,411.1,411.5,0
593643600,"1988-10-23 21:00:00",408.5,419,407.1,414.9,0
594252000,"1988-10-30 22:00:00",415.1,427.2,412.6,423.5,0
594856800,"1988-11-06 22:00:00",423,425.5,419.5,423.1,0
595461600,"1988-11-13 22:00:00",421.6,428.9,416.8,418.1,0
596066400,"1988-11-20 22:00:00",417.8,421.1,416,420.1,0
596671200,"1988-11-27 22:00:00",424.5,438,422,436.7,0
597276000,"1988-12-04 22:00:00",435.8,436.6,423.6,427.6,0
597880800,"1988-12-11 22:00:00",425.5,426.6,413,417.6,0
598485600,"1988-12-18 22:00:00",417.5,422,415.8,421.6,0
599090400,"1988-12-25 22:00:00",421.9,422.5,409.5,412.3,0
599695200,"1989-01-01 22:00:00",416.1,416.3,406.4,408.1,0
600300000,"1989-01-08 22:00:00",404.5,408.8,402.3,403.5,0
600904800,"1989-01-15 22:00:00",402.8,409.5,401.5,409.3,0
601509600,"1989-01-22 22:00:00",409,411.2,394.5,396.1,0
602114400,"1989-01-29 22:00:00",399,400.5,392.2,396.3,0
602719200,"1989-02-05 22:00:00",394.8,401.2,389.8,391.7,0
603324000,"1989-02-12 22:00:00",390.2,391.4,382,384.3,0
603928800,"1989-02-19 22:00:00",387.3,396.2,386.2,392.6,0
604533600,"1989-02-26 22:00:00",394.6,395.2,385.8,389.3,0
605138400,"1989-03-05 22:00:00",391.3,400.2,388.2,396.5,0
605743200,"1989-03-12 22:00:00",395.2,400,389.8,395,0
606348000,"1989-03-19 22:00:00",397.5,399,391.7,393.4,0
606952800,"1989-03-26 22:00:00",392.5,392.5,381.8,390,0
607554000,"1989-04-02 21:00:00",390.3,392.7,386,388,0
608158800,"1989-04-09 21:00:00",386.2,396.9,385.3,389.8,0
608763600,"1989-04-16 21:00:00",389.5,390.5,385.7,388.2,0
609368400,"1989-04-23 21:00:00",387.7,391.7,379.6,380.5,0
609973200,"1989-04-30 21:00:00",377.8,382.9,377,379.3,0
610578000,"1989-05-07 21:00:00",379.5,383,376.5,378.9,0
611182800,"1989-05-14 21:00:00",376.5,377.4,366.3,366.6,0
611787600,"1989-05-21 21:00:00",362,369.7,360.6,365.9,0
612392400,"1989-05-28 21:00:00",366.7,372,365.5,371.9,0
612997200,"1989-06-04 21:00:00",372.5,384.3,360.5,362,0
613602000,"1989-06-11 21:00:00",363,372.8,362.5,368.8,0
614206800,"1989-06-18 21:00:00",368.5,384.8,368.1,381.8,0
614811600,"1989-06-25 21:00:00",380.5,383,373.1,377.3,0
615416400,"1989-07-02 21:00:00",379.5,390.8,377.2,385.7,0
616021200,"1989-07-09 21:00:00",387.2,387.9,370.8,372.2,0
616626000,"1989-07-16 21:00:00",372.6,375,369,373,0
617230800,"1989-07-23 21:00:00",373,376.4,365.8,367,0
617835600,"1989-07-30 21:00:00",376.5,382.5,374.2,375.4,0
618440400,"1989-08-06 21:00:00",375.2,375.4,368.5,371.4,0
619045200,"1989-08-13 21:00:00",370.4,379,370.4,373.9,0
619650000,"1989-08-20 21:00:00",373.6,375.5,366.5,366.7,0
620254800,"1989-08-27 21:00:00",367,371.8,364.2,366.1,0
620859600,"1989-09-03 21:00:00",364.8,367.5,363.5,365,0
621464400,"1989-09-10 21:00:00",365,370,360.6,368.9,0
622069200,"1989-09-17 21:00:00",366.4,374,365,370.7,0
622674000,"1989-09-24 21:00:00",373.5,376.7,370.8,372,0
623278800,"1989-10-01 21:00:00",371.2,373,367.2,368.2,0
623883600,"1989-10-08 21:00:00",367.7,368.7,364.3,367.3,0
624488400,"1989-10-15 21:00:00",373,374,369.3,370.6,0
625093200,"1989-10-22 21:00:00",369.8,381.5,369.5,381.2,0
625701600,"1989-10-29 22:00:00",381.6,386,375.7,381,0
626306400,"1989-11-05 22:00:00",382.3,391.4,381.2,388.6,0
626911200,"1989-11-12 22:00:00",392.5,396,389.3,395.8,0
627516000,"1989-11-19 22:00:00",396.3,419.7,395.6,419.3,0
628120800,"1989-11-26 22:00:00",416.3,421.5,409,419.3,0
628725600,"1989-12-03 22:00:00",415,419.9,406.5,416.8,0
629330400,"1989-12-10 22:00:00",418.5,424.2,408.2,418.3,0
629935200,"1989-12-17 22:00:00",412.3,419.2,409.5,416.7,0
630540000,"1989-12-24 22:00:00",416.2,416.5,400.1,405.2,0
631144800,"1989-12-31 22:00:00",401,409.5,394.5,408.5,0
631749600,"1990-01-07 22:00:00",406.1,419.8,404.3,414.7,0
632354400,"1990-01-14 22:00:00",417.4,418.5,409,410.9,0
632959200,"1990-01-21 22:00:00",408.5,425,404.7,420.3,0
633564000,"1990-01-28 22:00:00",421.7,427,416.5,423.4,0
634168800,"1990-02-04 22:00:00",425.2,430.3,419.5,420.6,0
634773600,"1990-02-11 22:00:00",420.2,425.8,415.5,420.8,0
635378400,"1990-02-18 22:00:00",422.3,426.4,417.5,418.2,0
635983200,"1990-02-25 22:00:00",415.7,416,404,405.6,0
636588000,"1990-03-04 22:00:00",406.1,408.3,399,401.6,0
637192800,"1990-03-11 22:00:00",402.3,403.6,396.7,400.9,0
637797600,"1990-03-18 22:00:00",402.9,404.2,386.3,389.4,0
638402400,"1990-03-25 22:00:00",373.5,376.5,362.5,375,0
639003600,"1990-04-01 21:00:00",372.3,385.4,371.8,385.2,0
639608400,"1990-04-08 21:00:00",380.8,381.9,376.2,379.7,0
640213200,"1990-04-15 21:00:00",378.9,381.4,375.9,379.9,0
640818000,"1990-04-22 21:00:00",378.8,383,372,374,0
641422800,"1990-04-29 21:00:00",370.2,375,367.7,373.1,0
642027600,"1990-05-06 21:00:00",373.8,375.2,368.5,370.5,0
642632400,"1990-05-13 21:00:00",369.6,376.7,366.7,375.6,0
643237200,"1990-05-20 21:00:00",374.5,377.6,361,368.4,0
643842000,"1990-05-27 21:00:00",369,371.8,362.2,363.5,0
644446800,"1990-06-03 21:00:00",360.7,365.2,355.5,359.2,0
645051600,"1990-06-10 21:00:00",359.3,361.8,348.2,352.3,0
645656400,"1990-06-17 21:00:00",352.7,355,349.5,352.8,0
646261200,"1990-06-24 21:00:00",356.5,361,351.7,359.9,0
646866000,"1990-07-01 21:00:00",359.5,365.5,359.5,362.9,0
647470800,"1990-07-08 21:00:00",362.7,369,352,365.7,0
648075600,"1990-07-15 21:00:00",363.7,365.1,360.5,362,0
648680400,"1990-07-22 21:00:00",365.8,375.5,365.8,368,0
649285200,"1990-07-29 21:00:00",377,394.5,375.6,386.4,0
649890000,"1990-08-05 21:00:00",390.8,406,388.7,405.9,0
650494800,"1990-08-12 21:00:00",411,424.7,406.6,418.3,0
651099600,"1990-08-19 21:00:00",419.7,425,410,423.2,0
651704400,"1990-08-26 21:00:00",413,413,386,389.2,0
652309200,"1990-09-02 21:00:00",390.1,396.7,386.7,396,0
652914000,"1990-09-09 21:00:00",388.7,394,381.6,391,0
653518800,"1990-09-16 21:00:00",393,399,389.7,394.5,0
654123600,"1990-09-23 21:00:00",396.8,414.3,396.1,408.1,0
654728400,"1990-09-30 21:00:00",402.9,404,390,398.1,0
655333200,"1990-10-07 21:00:00",395.5,402.2,387.7,391.3,0
655938000,"1990-10-14 21:00:00",385.9,385.9,361.5,375.7,0
656542800,"1990-10-21 21:00:00",369,380.2,368.7,373.2,0
657151200,"1990-10-28 22:00:00",373,385.8,372.9,378,0
657756000,"1990-11-04 22:00:00",378.3,391.5,377.8,386.3,0
658360800,"1990-11-11 22:00:00",383,387.5,376,379.8,0
658965600,"1990-11-18 22:00:00",378.2,385.2,376.3,384.5,0
659570400,"1990-11-25 22:00:00",387,393.3,382.8,385.7,0
660175200,"1990-12-02 22:00:00",384.9,385.9,369.1,372.1,0
660780000,"1990-12-09 22:00:00",374.5,379.5,372.2,378.6,0
661384800,"1990-12-16 22:00:00",379.6,391,378.2,384.3,0
661989600,"1990-12-23 22:00:00",384.3,396.5,384.3,396.2,0
662594400,"1990-12-30 22:00:00",394.8,396.5,385,387.2,0
663199200,"1991-01-06 22:00:00",393.2,396.8,379.5,393.3,0
663804000,"1991-01-13 22:00:00",399.5,406.9,371,375.1,0
664408800,"1991-01-20 22:00:00",379,382.2,371.5,376.1,0
665013600,"1991-01-27 22:00:00",374.6,378.5,366.5,368.7,0
665618400,"1991-02-03 22:00:00",369.5,373.7,363,372.4,0
666223200,"1991-02-10 22:00:00",370.7,372.2,365.1,366.1,0
666828000,"1991-02-17 22:00:00",364.6,367.6,357,358.3,0
667432800,"1991-02-24 22:00:00",359,370.3,358.7,368.6,0
668037600,"1991-03-03 22:00:00",367,372.8,365.2,371.2,0
668642400,"1991-03-10 22:00:00",370.6,371,364.5,365.8,0
669247200,"1991-03-17 22:00:00",363,367.7,361.8,363.5,0
669852000,"1991-03-24 22:00:00",361.5,362,354.5,357.1,0
670456800,"1991-03-31 22:00:00",359.1,363.4,359.1,362.1,0
671058000,"1991-04-07 21:00:00",362.1,368.2,361.5,362.7,0
671662800,"1991-04-14 21:00:00",363.3,364.7,358.1,359,0
672267600,"1991-04-21 21:00:00",357.9,360.3,354.6,355.5,0
672872400,"1991-04-28 21:00:00",353.5,361.3,352.6,355.5,0
673477200,"1991-05-05 21:00:00",355,359.5,355,358.3,0
674082000,"1991-05-12 21:00:00",358.4,363.2,354.9,356,0
674686800,"1991-05-19 21:00:00",355.6,358.8,354.8,356.8,0
675291600,"1991-05-26 21:00:00",356.7,367.7,354.7,364.8,0
675896400,"1991-06-02 21:00:00",366.8,371.3,364.5,369.5,0
676501200,"1991-06-09 21:00:00",373.5,377.9,368.4,369.8,0
677106000,"1991-06-16 21:00:00",370.3,375,367.3,368.1,0
677710800,"1991-06-23 21:00:00",367.8,373,361.5,370,0
678315600,"1991-06-30 21:00:00",370.2,372.3,367.8,371.6,0
678920400,"1991-07-07 21:00:00",372.1,373.2,368,369.6,0
679525200,"1991-07-14 21:00:00",370.5,372.8,368.5,371.2,0
680130000,"1991-07-21 21:00:00",370.8,371.1,363.6,366.3,0
680734800,"1991-07-28 21:00:00",365.8,371.6,360.8,362.3,0
681339600,"1991-08-04 21:00:00",361.3,364.9,360.2,364.4,0
681944400,"1991-08-11 21:00:00",363.8,366,360.6,363.5,0
682549200,"1991-08-18 21:00:00",368.2,368.5,357.1,358.6,0
683154000,"1991-08-25 21:00:00",359.1,361.1,350.1,352.9,0
683758800,"1991-09-01 21:00:00",351.3,353.5,350.6,353.4,0
684363600,"1991-09-08 21:00:00",354.5,357,346,348.2,0
684968400,"1991-09-15 21:00:00",349.2,353.8,348.2,352.1,0
685573200,"1991-09-22 21:00:00",352.5,358,350.8,352.4,0
686178000,"1991-09-29 21:00:00",355.4,362,355,361.7,0
686782800,"1991-10-06 21:00:00",361.1,363.5,359.1,362.4,0
687387600,"1991-10-13 21:00:00",363.1,365,357.9,364.4,0
687992400,"1991-10-20 21:00:00",366.1,367.4,362.4,362.7,0
688600800,"1991-10-27 22:00:00",361.2,361.9,356.5,356.9,0
689205600,"1991-11-03 22:00:00",358.1,358.6,353.6,355.2,0
689810400,"1991-11-10 22:00:00",355.9,361,355.5,360.1,0
690415200,"1991-11-17 22:00:00",360.7,370.7,360.1,369.6,0
691020000,"1991-11-24 22:00:00",368.8,371.2,365.8,371.1,0
691624800,"1991-12-01 22:00:00",371.6,373,365.4,371.9,0
692229600,"1991-12-08 22:00:00",374.2,374.9,358.2,361.3,0
692834400,"1991-12-15 22:00:00",361.9,362.2,356.8,360.3,0
693439200,"1991-12-22 22:00:00",361.1,362.7,353.5,355,0
694044000,"1991-12-29 22:00:00",354.4,354.7,350.9,351.5,0
694648800,"1992-01-05 22:00:00",351.8,360.5,348.5,356.9,0
695253600,"1992-01-12 22:00:00",355.2,359,353.3,354.5,0
695858400,"1992-01-19 22:00:00",356.6,361.5,352.2,354.7,0
696463200,"1992-01-26 22:00:00",356.3,361.3,354.6,358.9,0
697068000,"1992-02-02 22:00:00",359.5,359.8,355.3,356.5,0
697672800,"1992-02-09 22:00:00",356.5,360.5,354.4,355.1,0
698277600,"1992-02-16 22:00:00",354.3,355.3,351.5,352.5,0
698882400,"1992-02-23 22:00:00",350.3,356.6,349.4,354.1,0
699487200,"1992-03-01 22:00:00",351.3,353,349.2,350.3,0
700092000,"1992-03-08 22:00:00",349.5,351.5,347,347.3,0
700696800,"1992-03-15 22:00:00",345.9,346,336.3,338.5,0
701301600,"1992-03-22 22:00:00",338.4,343.3,338.2,342.5,0
701906400,"1992-03-29 22:00:00",345,346.9,341.6,342.7,0
702507600,"1992-04-05 21:00:00",341.5,344.2,339,342.5,0
703112400,"1992-04-12 21:00:00",342.9,343.2,336.2,338.3,0
703717200,"1992-04-19 21:00:00",338.6,343,336.7,337.5,0
704322000,"1992-04-26 21:00:00",337.5,339.4,334.9,339.3,0
704926800,"1992-05-03 21:00:00",338.3,338.5,335.3,336.3,0
705531600,"1992-05-10 21:00:00",337.3,340.8,335.1,339.1,0
706136400,"1992-05-17 21:00:00",339.3,341.7,336.8,338.1,0
706741200,"1992-05-24 21:00:00",337.7,339.4,336.1,336.4,0
707346000,"1992-05-31 21:00:00",338.7,342.9,338.2,340.7,0
707950800,"1992-06-07 21:00:00",340.8,345.8,339.5,344.7,0
708555600,"1992-06-14 21:00:00",344.7,346.9,341.8,342.4,0
709160400,"1992-06-21 21:00:00",344,346.6,343.5,343.9,0
709765200,"1992-06-28 21:00:00",343.4,349.7,342.7,347.6,0
710370000,"1992-07-05 21:00:00",347.7,351.2,345.8,349,0
710974800,"1992-07-12 21:00:00",349,360.1,349,358,0
711579600,"1992-07-19 21:00:00",359.3,361.2,356.8,359.5,0
712184400,"1992-07-26 21:00:00",358,362,355.5,361.4,0
712789200,"1992-08-02 21:00:00",360.5,360.6,351.4,353.9,0
713394000,"1992-08-09 21:00:00",354.3,354.4,335,337.8,0
713998800,"1992-08-16 21:00:00",339.2,341.3,337.6,340,0
714603600,"1992-08-23 21:00:00",344.2,345.3,340.5,342.4,0
715208400,"1992-08-30 21:00:00",342.8,346.7,340.3,343.8,0
715813200,"1992-09-06 21:00:00",344.1,346.1,341.5,342.9,0
716418000,"1992-09-13 21:00:00",346.4,354.5,345.9,353,0
717022800,"1992-09-20 21:00:00",350.6,352.9,348,351.1,0
717627600,"1992-09-27 21:00:00",350.9,351.3,348.3,349.6,0
718232400,"1992-10-04 21:00:00",350.7,353.4,350.3,351.4,0
718837200,"1992-10-11 21:00:00",346.9,347.8,341.6,343.2,0
719442000,"1992-10-18 21:00:00",343.2,345.4,342.8,344.2,0
720050400,"1992-10-25 22:00:00",341.7,342.4,336.9,340.1,0
720655200,"1992-11-01 22:00:00",339.9,340.8,333.7,336.2,0
721260000,"1992-11-08 22:00:00",335.7,337.5,328.9,335.4,0
721864800,"1992-11-15 22:00:00",335.9,337,333.5,335.3,0
722469600,"1992-11-22 22:00:00",334.2,335,332.8,334,0
723074400,"1992-11-29 22:00:00",335.4,337.7,334.9,336.6,0
723679200,"1992-12-06 22:00:00",336.3,337.2,333.9,336,0
724284000,"1992-12-13 22:00:00",336.3,340.1,335.3,337.7,0
724888800,"1992-12-20 22:00:00",337.1,337.2,332,333.4,0
725493600,"1992-12-27 22:00:00",334.2,334.8,332.3,333.1,0
726098400,"1993-01-03 22:00:00",329.1,330.4,326.5,329.5,0
726703200,"1993-01-10 22:00:00",328.8,330.7,326.3,327,0
727308000,"1993-01-17 22:00:00",327,330.4,326.9,328.6,0
727912800,"1993-01-24 22:00:00",328.5,332.7,328.2,330.2,0
728517600,"1993-01-31 22:00:00",330.2,331.2,328.5,328.9,0
729122400,"1993-02-07 22:00:00",328.3,334.6,328.3,330,0
729727200,"1993-02-14 22:00:00",330.9,334.4,329.8,331,0
730332000,"1993-02-21 22:00:00",330.1,332.2,327.8,329.1,0
730936800,"1993-02-28 22:00:00",329.5,331.3,328.3,330.4,0
731541600,"1993-03-07 22:00:00",329.3,329.5,325.8,328.5,0
732146400,"1993-03-14 22:00:00",328.8,332.9,328.5,332.3,0
732751200,"1993-03-21 22:00:00",333.3,333.9,331,332.5,0
733356000,"1993-03-28 22:00:00",331.4,343.7,331.2,342.3,0
733957200,"1993-04-04 21:00:00",340.6,341.5,337.3,338.9,0
734562000,"1993-04-11 21:00:00",338.4,342.2,336,340.2,0
735166800,"1993-04-18 21:00:00",341.9,348,338.9,347.5,0
735771600,"1993-04-25 21:00:00",352.3,358.5,350.1,357.2,0
736376400,"1993-05-02 21:00:00",358.8,360.6,354.3,357.4,0
736981200,"1993-05-09 21:00:00",357.4,373,356,368.3,0
737586000,"1993-05-16 21:00:00",369.2,383.5,367,377.9,0
738190800,"1993-05-23 21:00:00",380.2,384.5,372,378.3,0
738795600,"1993-05-30 21:00:00",379.7,380.2,367.5,378.5,0
739400400,"1993-06-06 21:00:00",375.4,378.3,364.5,367.5,0
740005200,"1993-06-13 21:00:00",368,374,361.7,372.5,0
740610000,"1993-06-20 21:00:00",370.7,379,367.5,378.1,0
741214800,"1993-06-27 21:00:00",379.2,393.6,375,386.7,0
741819600,"1993-07-04 21:00:00",393.3,398.1,390.8,392.3,0
742424400,"1993-07-11 21:00:00",394.2,396.8,388.5,392.9,0
743029200,"1993-07-18 21:00:00",393.5,396.5,387.6,390,0
743634000,"1993-07-25 21:00:00",390.6,411.7,390.2,411.3,0
744238800,"1993-08-01 21:00:00",410.4,414,374.5,379.9,0
744843600,"1993-08-08 21:00:00",384.8,387.2,368.5,372.6,0
745448400,"1993-08-15 21:00:00",375.8,377.7,373.7,376.4,0
746053200,"1993-08-22 21:00:00",375.3,377.3,367,372.1,0
746658000,"1993-08-29 21:00:00",372.4,375.9,364,367.1,0
747262800,"1993-09-05 21:00:00",365.7,366,350,352.4,0
747867600,"1993-09-12 21:00:00",348.2,357.5,343,352.8,0
748472400,"1993-09-19 21:00:00",356,365.5,353,359.4,0
749077200,"1993-09-26 21:00:00",359.1,359.4,352.2,356.9,0
749682000,"1993-10-03 21:00:00",357.2,362.2,350,361.5,0
750286800,"1993-10-10 21:00:00",362.3,370.5,360.6,366.2,0
750891600,"1993-10-17 21:00:00",365.9,376.7,365.4,371.3,0
751496400,"1993-10-24 21:00:00",372.4,373.7,367.6,369.6,0
752104800,"1993-10-31 22:00:00",368.6,381.2,360.7,377.8,0
752709600,"1993-11-07 22:00:00",379,379,373,373.6,0
753314400,"1993-11-14 22:00:00",373.4,380.4,369.6,378.3,0
753919200,"1993-11-21 22:00:00",379.4,379.9,375.2,377.2,0
754524000,"1993-11-28 22:00:00",376.7,379.6,370.4,378.6,0
755128800,"1993-12-05 22:00:00",378.8,386.7,377.2,384.9,0
755733600,"1993-12-12 22:00:00",389.3,390.4,385.2,388.9,0
756338400,"1993-12-19 22:00:00",391.1,392.2,385.6,387,0
756943200,"1993-12-26 22:00:00",388.1,393.9,384.8,391.9,0
757548000,"1994-01-02 22:00:00",391.9,397.8,385,387.2,0
758152800,"1994-01-09 22:00:00",383,392.2,380,390.1,0
758757600,"1994-01-16 22:00:00",393.8,395.5,381.5,381.7,0
759362400,"1994-01-23 22:00:00",380.5,385,375.3,376.9,0
759967200,"1994-01-30 22:00:00",380.3,392.3,377.5,388.3,0
760572000,"1994-02-06 22:00:00",385.6,386.5,380.5,381.7,0
761176800,"1994-02-13 22:00:00",383.6,388.9,377.7,381.6,0
761781600,"1994-02-20 22:00:00",380.5,381.1,375.7,379.8,0
762386400,"1994-02-27 22:00:00",381.9,383.6,374,378.6,0
762991200,"1994-03-06 22:00:00",378.2,389.9,375.8,386.1,0
763596000,"1994-03-13 22:00:00",386.5,388.5,382.7,387.6,0
764200800,"1994-03-20 22:00:00",387.8,392.7,386.1,391.2,0
764805600,"1994-03-27 22:00:00",389.4,396.5,385,394.3,0
765406800,"1994-04-03 21:00:00",394.7,395.8,385.3,386.3,0
766011600,"1994-04-10 21:00:00",386.1,386.3,377.5,379.4,0
766616400,"1994-04-17 21:00:00",378.8,380.7,369.5,372.1,0
767221200,"1994-04-24 21:00:00",372.1,378.3,372,377.8,0
767826000,"1994-05-01 21:00:00",377.7,387,373.1,384.5,0
768430800,"1994-05-08 21:00:00",382.3,384.8,378.4,381.5,0
769035600,"1994-05-15 21:00:00",381.3,386.5,379.5,386.3,0
769640400,"1994-05-22 21:00:00",387.9,390.2,382.5,384.7,0
770245200,"1994-05-29 21:00:00",388.2,391.4,382.3,383.2,0
770850000,"1994-06-05 21:00:00",382.8,386.4,380.4,385.8,0
771454800,"1994-06-12 21:00:00",384,395,383.6,393.7,0
772059600,"1994-06-19 21:00:00",395.2,397.9,390,392.9,0
772664400,"1994-06-26 21:00:00",391.7,391.9,383.9,388.1,0
773269200,"1994-07-03 21:00:00",389.3,389.9,383.2,385.1,0
773874000,"1994-07-10 21:00:00",385.9,390.3,382,386.4,0
774478800,"1994-07-17 21:00:00",386.7,388.3,383.8,385,0
775083600,"1994-07-24 21:00:00",384.9,389.5,381.5,383,0
775688400,"1994-07-31 21:00:00",390.1,390.4,380.5,382.9,0
776293200,"1994-08-07 21:00:00",382.6,384.7,380.2,381.5,0
776898000,"1994-08-14 21:00:00",381,387.5,380.3,386.9,0
777502800,"1994-08-21 21:00:00",386.6,390,385.8,388,0
778107600,"1994-08-28 21:00:00",386,394,385.7,391.4,0
778712400,"1994-09-04 21:00:00",391.8,396.9,391.5,395.8,0
779317200,"1994-09-11 21:00:00",395.5,395.9,390.6,393.6,0
779922000,"1994-09-18 21:00:00",393.2,400.7,392.9,399.6,0
780526800,"1994-09-25 21:00:00",398.5,401.9,396.3,397.6,0
781131600,"1994-10-02 21:00:00",396.2,399.8,392,393.8,0
781736400,"1994-10-09 21:00:00",394.5,395.2,388,390,0
782341200,"1994-10-16 21:00:00",390.7,394.5,390.7,392.8,0
782946000,"1994-10-23 21:00:00",391.5,392.1,388,388.7,0
783554400,"1994-10-30 22:00:00",388.3,388.7,383.5,384.7,0
784159200,"1994-11-06 22:00:00",383.8,386.8,383.1,385.7,0
784764000,"1994-11-13 22:00:00",385.3,387.9,383.5,384.5,0
785368800,"1994-11-20 22:00:00",383.8,385.5,382.4,384.7,0
785973600,"1994-11-27 22:00:00",384.5,387.5,378.8,379,0
786578400,"1994-12-04 22:00:00",379.7,380.5,377.7,379.9,0
787183200,"1994-12-11 22:00:00",379.6,383.6,379.5,381.1,0
787788000,"1994-12-18 22:00:00",381,385.2,380.8,382.3,0
788392800,"1994-12-25 22:00:00",382.8,386.8,382.7,384.4,0
788997600,"1995-01-01 22:00:00",382.4,383.4,372,372.2,0
789602400,"1995-01-08 22:00:00",373.4,382.7,372.5,379.3,0
790207200,"1995-01-15 22:00:00",377.6,385.6,377.6,385.4,0
790812000,"1995-01-22 22:00:00",385.8,386,375,376.8,0
791416800,"1995-01-29 22:00:00",379.1,379.8,376.8,378.8,0
792021600,"1995-02-05 22:00:00",378.3,379.8,377,378.4,0
792626400,"1995-02-12 22:00:00",377.9,381.7,376.4,380.6,0
793231200,"1995-02-19 22:00:00",381.2,382.4,376.3,378.2,0
793836000,"1995-02-26 22:00:00",378.6,379,374.5,377.8,0
794440800,"1995-03-05 22:00:00",378.5,386.1,378.3,383.1,0
795045600,"1995-03-12 22:00:00",384.1,388.9,381.8,384.2,0
795650400,"1995-03-19 22:00:00",382.7,384.9,381.6,382.7,0
796255200,"1995-03-26 22:00:00",382.7,402,382,394.3,0
796856400,"1995-04-02 21:00:00",395.2,398.2,393.1,395.7,0
797461200,"1995-04-09 21:00:00",393.6,394.8,391,392.4,0
798066000,"1995-04-16 21:00:00",394.7,400.8,391.7,392.7,0
798670800,"1995-04-23 21:00:00",393.3,394.4,387.3,388.5,0
799275600,"1995-04-30 21:00:00",389.9,393.9,388.1,392.4,0
799880400,"1995-05-07 21:00:00",392.5,392.5,383,384.3,0
800485200,"1995-05-14 21:00:00",384.8,385.9,382.7,383.1,0
801090000,"1995-05-21 21:00:00",381.5,388.8,381.5,386.6,0
801694800,"1995-05-28 21:00:00",389.5,390.2,386.5,387,0
802299600,"1995-06-04 21:00:00",386.9,392,386.3,391.1,0
802904400,"1995-06-11 21:00:00",390.6,395,389.1,392.7,0
803509200,"1995-06-18 21:00:00",393.3,394.5,390.8,392.1,0
804114000,"1995-06-25 21:00:00",391.2,392.2,384.2,385.6,0
804718800,"1995-07-02 21:00:00",385.2,387.7,384,386.7,0
805323600,"1995-07-09 21:00:00",386.7,396.3,385.6,389.6,0
805928400,"1995-07-16 21:00:00",388.9,392.5,384.7,386.6,0
806533200,"1995-07-23 21:00:00",386.8,387.6,381.6,384.6,0
807138000,"1995-07-30 21:00:00",389.5,390.5,387.3,389.3,0
807742800,"1995-08-06 21:00:00",389.2,391.2,388.8,389.3,0
808347600,"1995-08-13 21:00:00",389,393.5,386,389.9,0
808952400,"1995-08-20 21:00:00",390.8,396,387.1,387.8,0
809557200,"1995-08-27 21:00:00",387.5,387.8,383.2,384.7,0
810162000,"1995-09-03 21:00:00",384.1,387.4,383.1,385.6,0
810766800,"1995-09-10 21:00:00",386.2,390,385.8,389,0
811371600,"1995-09-17 21:00:00",388.9,390.6,385.6,386.1,0
811976400,"1995-09-24 21:00:00",385.7,387.5,385.2,386.5,0
812581200,"1995-10-01 21:00:00",385.9,386.8,384.7,386.1,0
813186000,"1995-10-08 21:00:00",387.3,388.7,386,386.4,0
813790800,"1995-10-15 21:00:00",386.4,386.7,382.6,384.1,0
814395600,"1995-10-22 21:00:00",384.7,385.2,383.1,383.9,0
815004000,"1995-10-29 22:00:00",383.7,384.6,383.4,383.7,0
815608800,"1995-11-05 22:00:00",383.5,391.5,383.2,390.5,0
816213600,"1995-11-12 22:00:00",390.5,390.7,384.5,387.5,0
816818400,"1995-11-19 22:00:00",386.9,387.8,381.5,382.1,0
817423200,"1995-11-26 22:00:00",384.6,390.5,382.9,387.4,0
818028000,"1995-12-03 22:00:00",387.1,392.4,386.8,391.4,0
818632800,"1995-12-10 22:00:00",391.4,392.3,386.7,387.6,0
819237600,"1995-12-17 22:00:00",388,390,387.4,388.2,0
819842400,"1995-12-24 22:00:00",388.5,388.8,386.7,388.1,0
820447200,"1995-12-31 22:00:00",392,399.2,388,396.5,0
821052000,"1996-01-07 22:00:00",396.4,403,394.8,396.7,0
821656800,"1996-01-14 22:00:00",394.4,401.3,393.8,399.9,0
822261600,"1996-01-21 22:00:00",402,409.5,399.9,405.8,0
822866400,"1996-01-28 22:00:00",405.7,419.6,404.2,417.7,0
823471200,"1996-02-04 22:00:00",418,418,406.5,407.8,0
824076000,"1996-02-11 22:00:00",407.9,409.2,402.1,407.5,0
824680800,"1996-02-18 22:00:00",407.2,407.2,397.5,399.9,0
825285600,"1996-02-25 22:00:00",402,403.6,398.3,400.2,0
825890400,"1996-03-03 22:00:00",400,400,392.3,398.2,0
826495200,"1996-03-10 22:00:00",397.7,398.7,395.9,396.9,0
827100000,"1996-03-17 22:00:00",396.4,399.5,394.6,398.9,0
827704800,"1996-03-24 22:00:00",399,401.8,394,395.8,0
828309600,"1996-03-31 22:00:00",398.1,398.3,395.7,397.6,0
828910800,"1996-04-07 21:00:00",397.8,401,396.1,397.1,0
829515600,"1996-04-14 21:00:00",395.9,396.3,391.5,392.7,0
830120400,"1996-04-21 21:00:00",392.7,396.8,391.6,392.2,0
830725200,"1996-04-28 21:00:00",392.2,396.8,392,394.1,0
831330000,"1996-05-05 21:00:00",394.5,398,391.8,392,0
831934800,"1996-05-12 21:00:00",392.2,393.9,391.5,393,0
832539600,"1996-05-19 21:00:00",393.1,393.3,389.8,390.9,0
833144400,"1996-05-26 21:00:00",390.6,395.5,390.6,394.4,0
833749200,"1996-06-02 21:00:00",394.3,394.3,386.2,387.6,0
834354000,"1996-06-09 21:00:00",387.8,388.6,383,387.1,0
834958800,"1996-06-16 21:00:00",386.9,388.7,384.6,386.8,0
835563600,"1996-06-23 21:00:00",386.8,387.4,381.5,381.6,0
836168400,"1996-06-30 21:00:00",382.3,384,382.3,382.5,0
836773200,"1996-07-07 21:00:00",383.5,385.4,381.5,384.4,0
837378000,"1996-07-14 21:00:00",384,387,383.6,385.3,0
837982800,"1996-07-21 21:00:00",385.4,386.6,384.2,385.7,0
838587600,"1996-07-28 21:00:00",385.7,393.6,384.6,393.2,0
839192400,"1996-08-04 21:00:00",394.2,396.2,392.9,393.3,0
839797200,"1996-08-11 21:00:00",393.5,394,390.9,391.4,0
840402000,"1996-08-18 21:00:00",392.4,393.7,391.2,393.2,0
841006800,"1996-08-25 21:00:00",393.3,394.6,390,391.3,0
841611600,"1996-09-01 21:00:00",391.5,391.5,388.6,388.8,0
842216400,"1996-09-08 21:00:00",389,389.1,384.6,385.6,0
842821200,"1996-09-15 21:00:00",385.7,387,383.3,383.9,0
843426000,"1996-09-22 21:00:00",384,385.9,381.9,382.8,0
844030800,"1996-09-29 21:00:00",381.9,383.5,379.8,382.6,0
844635600,"1996-10-06 21:00:00",382.3,385.3,382.2,383.4,0
845240400,"1996-10-13 21:00:00",383.3,384.3,381.6,382.1,0
845845200,"1996-10-20 21:00:00",382.2,386.5,381.8,384.6,0
846453600,"1996-10-27 22:00:00",384.5,384.9,377.8,379.2,0
847058400,"1996-11-03 22:00:00",379.3,382,378.3,380.5,0
847663200,"1996-11-10 22:00:00",380.9,385.8,379.8,381.1,0
848268000,"1996-11-17 22:00:00",380.3,380.4,375.8,376.3,0
848872800,"1996-11-24 22:00:00",376.5,376.5,372.5,373,0
849477600,"1996-12-01 22:00:00",373.9,376.1,367.7,370.8,0
850082400,"1996-12-08 22:00:00",370.6,372,369.4,370.4,0
850687200,"1996-12-15 22:00:00",370,371.8,369,370.5,0
851292000,"1996-12-22 22:00:00",370.4,371.7,370.3,371.1,0
851896800,"1996-12-29 22:00:00",371.2,371.7,361.8,362,0
852501600,"1997-01-05 22:00:00",362.4,362.5,355,360.2,0
853106400,"1997-01-12 22:00:00",360,361.7,352.6,356.4,0
853711200,"1997-01-19 22:00:00",356.1,356.4,347.3,353.4,0
854316000,"1997-01-26 22:00:00",353.5,358.2,345.4,346,0
854920800,"1997-02-02 22:00:00",346.3,349.2,339.4,344,0
855525600,"1997-02-09 22:00:00",343.9,348.6,338.5,346.7,0
856130400,"1997-02-16 22:00:00",346.2,356.8,346,354.1,0
856735200,"1997-02-23 22:00:00",354,365.5,353.8,365.1,0
857340000,"1997-03-02 22:00:00",365.1,366,349.1,349.9,0
857944800,"1997-03-09 22:00:00",350.3,355.5,350.3,353,0
858549600,"1997-03-16 22:00:00",352.6,354.8,346.3,353.5,0
859154400,"1997-03-23 22:00:00",353.3,353.3,346.4,350.2,0
859759200,"1997-03-30 22:00:00",352.8,356,349.5,351.7,0
860360400,"1997-04-06 21:00:00",351.4,352.3,348,349.3,0
860965200,"1997-04-13 21:00:00",349.5,349.8,339.5,343.4,0
861570000,"1997-04-20 21:00:00",343.3,345.1,342,343.9,0
862174800,"1997-04-27 21:00:00",343.6,343.7,340.4,341.6,0
862779600,"1997-05-04 21:00:00",342,349.5,340.5,349.3,0
863384400,"1997-05-11 21:00:00",349.5,352.2,344.3,344.9,0
863989200,"1997-05-18 21:00:00",344.8,345.3,340.7,343.1,0
864594000,"1997-05-25 21:00:00",343.4,350.4,343.1,347.5,0
865198800,"1997-06-01 21:00:00",347.3,347.6,341.5,345.7,0
865803600,"1997-06-08 21:00:00",345.8,347.3,342.8,343.1,0
866408400,"1997-06-15 21:00:00",343.1,345,339.1,339.4,0
867013200,"1997-06-22 21:00:00",339.1,343.2,335.2,335.9,0
867618000,"1997-06-29 21:00:00",335.9,336.7,324,325.2,0
868222800,"1997-07-06 21:00:00",325.2,325.8,314.6,322.2,0
868827600,"1997-07-13 21:00:00",322.1,330.9,317.6,329.6,0
869432400,"1997-07-20 21:00:00",329.8,330.2,321.2,326.5,0
870037200,"1997-07-27 21:00:00",326.5,332.8,325.1,328.9,0
870642000,"1997-08-03 21:00:00",328.5,332,321,330.4,0
871246800,"1997-08-10 21:00:00",330.8,333.4,326.6,329.5,0
871851600,"1997-08-17 21:00:00",330.4,330.9,321.2,324.5,0
872456400,"1997-08-24 21:00:00",325.75,327.1,324,325,0
873061200,"1997-08-31 21:00:00",324.2,325,322.1,322.25,0
874875600,"1997-09-21 21:00:00",321.39,323.9,321.2,323,0
875480400,"1997-09-28 21:00:00",325.9,329.3,325.9,328,0
876690000,"1997-10-12 21:00:00",326.6,327.6,325.3,325.6,0
878508000,"1997-11-02 22:00:00",312.2,312.2,312.2,312.2,0
879717600,"1997-11-16 22:00:00",306.5,306.5,306.5,306.5,0
882136800,"1997-12-14 22:00:00",283.5,283.5,283.5,283.5,0
882741600,"1997-12-21 22:00:00",294,296.6,294,296.2,0
883951200,"1998-01-04 22:00:00",281.6,281.6,281.6,281.6,0
885160800,"1998-01-18 22:00:00",292.3,292.3,292.3,292.3,0
886370400,"1998-02-01 22:00:00",295.1,299.1,295.1,299.1,0
886975200,"1998-02-08 22:00:00",299.5,299.8,299.5,299.8,0
888184800,"1998-02-22 22:00:00",291.8,291.8,291.8,291.8,0
888789600,"1998-03-01 22:00:00",295.8,295.8,295.8,295.8,0
889999200,"1998-03-15 22:00:00",291.7,291.7,290.9,291.3,0
890604000,"1998-03-22 22:00:00",299.4,299.4,299.4,299.4,0
891208800,"1998-03-29 22:00:00",299.5,308,299.5,308,0
891810000,"1998-04-05 21:00:00",307.5,314.3,307.5,308.5,0
893019600,"1998-04-19 21:00:00",308,312.3,306.75,310.4,0
894229200,"1998-05-03 21:00:00",302.45,305.5,302.45,304.1,0
895438800,"1998-05-17 21:00:00",301,301.2,299,299.6,0
896648400,"1998-05-31 21:00:00",290.85,294.2,290.5,292.9,0
897253200,"1998-06-07 21:00:00",293.4,293.4,286.8,286.8,0
897858000,"1998-06-14 21:00:00",298.5,298.5,298.5,298.5,0
898462800,"1998-06-21 21:00:00",292.6,293.6,292.6,293.6,0
899067600,"1998-06-28 21:00:00",293.4,296.2,293.4,293.6,0
900882000,"1998-07-19 21:00:00",293.9,293.9,293.9,293.9,0
902091600,"1998-08-02 21:00:00",282.7,287.7,282.7,286.4,0
903301200,"1998-08-16 21:00:00",284.8,284.9,283.1,284.9,0
903906000,"1998-08-23 21:00:00",282,282,271.5,274.1,0
905720400,"1998-09-13 21:00:00",290.1,290.1,290.1,290.1,0
906325200,"1998-09-20 21:00:00",289.5,289.5,289.5,289.5,0
908139600,"1998-10-11 21:00:00",298.2,300.7,297.7,299.7,0
908744400,"1998-10-18 21:00:00",295.9,296,295,295,0
909352800,"1998-10-25 22:00:00",292.2,293.4,292.2,293.4,0
909957600,"1998-11-01 22:00:00",290.35,293.8,290.35,293,0
910562400,"1998-11-08 22:00:00",292.29,296.6,291.95,295.6,0
911167200,"1998-11-15 22:00:00",294.55,297.5,293.7,295.79,0
911772000,"1998-11-22 22:00:00",296.25,296.5,295.6,295.85,0
912376800,"1998-11-29 22:00:00",292.29,293.79,291.9,292.1,0
912981600,"1998-12-06 22:00:00",292.1,296.8,290.6,290.6,0
913586400,"1998-12-13 22:00:00",291.1,295.8,289,289.95,0
914191200,"1998-12-20 22:00:00",288.25,288.75,286,286,0
914796000,"1998-12-27 22:00:00",286.45,288,286,288,0
915400800,"1999-01-03 22:00:00",287.5,291.7,287.15,291.1,0
916005600,"1999-01-10 22:00:00",292.45,292.45,285.85,286.7,0
916610400,"1999-01-17 22:00:00",286.2,287.5,286.2,286.3,0
917215200,"1999-01-24 22:00:00",287.6,287.6,282.9,285.9,0
917820000,"1999-01-31 22:00:00",288.65,289.65,287.4,288.3,0
918424800,"1999-02-07 22:00:00",288.6,289.3,286.9,289.3,0
919029600,"1999-02-14 22:00:00",284.6,287.9,284.5,287.9,0
919634400,"1999-02-21 22:00:00",287,287.7,286.2,286.8,0
920239200,"1999-02-28 22:00:00",286.4,288.2,286.4,288.2,0
920844000,"1999-03-07 22:00:00",291.3,294.1,291.3,292.1,0
921448800,"1999-03-14 22:00:00",286.65,286.65,283,284,0
922053600,"1999-03-21 22:00:00",284.2,285.25,279.2,279.5,0
922658400,"1999-03-28 22:00:00",279.85,281.2,278.8,280.2,0
923259600,"1999-04-04 21:00:00",279.6,281.3,277.5,281.3,0
923864400,"1999-04-11 21:00:00",282.6,283.7,281.2,283.6,0
924469200,"1999-04-18 21:00:00",284.6,284.6,283.3,283.3,0
925074000,"1999-04-25 21:00:00",281,286.3,281,286.3,0
925678800,"1999-05-02 21:00:00",286.2,289.3,282.5,282.5,0
926283600,"1999-05-09 21:00:00",277.6,277.9,275.7,275.7,0
926888400,"1999-05-16 21:00:00",274.2,274.2,272.7,272.7,0
927493200,"1999-05-23 21:00:00",272.4,272.4,269.1,270,0
928098000,"1999-05-30 21:00:00",267.4,267.4,263.75,265,0
928702800,"1999-06-06 21:00:00",264.4,267.1,257.5,260.4,0
929307600,"1999-06-13 21:00:00",259.35,262.9,258.1,259.3,0
929912400,"1999-06-20 21:00:00",258.2,261.5,257.95,259.2,0
930517200,"1999-06-27 21:00:00",259.35,263.8,259.35,263.1,0
931122000,"1999-07-04 21:00:00",261.1,262.4,255.95,256.9,0
931726800,"1999-07-11 21:00:00",256.25,256.8,253.1,253.7,0
932331600,"1999-07-18 21:00:00",253.75,256.9,252.7,254.5,0
932936400,"1999-07-25 21:00:00",253.2,256.9,253.2,255.7,0
933541200,"1999-08-01 21:00:00",255.65,258.05,254.1,255.9,0
934146000,"1999-08-08 21:00:00",255.7,261.1,255.7,260.4,0
934750800,"1999-08-15 21:00:00",260.1,261.7,257.1,257.1,0
935355600,"1999-08-22 21:00:00",256.85,257.5,252.1,253.5,0
935960400,"1999-08-29 21:00:00",253.25,256.1,253.25,254,0
936565200,"1999-09-05 21:00:00",254.55,257.2,254.55,256.3,0
937170000,"1999-09-12 21:00:00",256.25,257.4,254.6,254.6,0
937774800,"1999-09-19 21:00:00",254.5,271.1,254.5,268.5,0
938379600,"1999-09-26 21:00:00",268.5,327.3,268.5,307.3,0
938984400,"1999-10-03 21:00:00",307,339,307,320.2,0
939589200,"1999-10-10 21:00:00",319,323.5,312.5,314.4,0
940194000,"1999-10-17 21:00:00",313.38,317.5,301.4,301.9,0
940798800,"1999-10-24 21:00:00",301.3,302.25,286.5,298.2,0
941407200,"1999-10-31 22:00:00",294.5,294.5,288,289.5,0
942012000,"1999-11-07 22:00:00",286.75,299,282,290.8,0
942616800,"1999-11-14 22:00:00",290.75,296.38,290.1,294.5,0
943221600,"1999-11-21 22:00:00",293.85,299.4,293.85,296.62,0
943826400,"1999-11-28 22:00:00",296.2,296.2,279.3,279.3,0
944431200,"1999-12-05 22:00:00",278.4,285.63,275,278.7,0
945036000,"1999-12-12 22:00:00",278.9,285.63,278.75,283.3,0
945640800,"1999-12-19 22:00:00",283.35,290,282.7,286.7,0
946245600,"1999-12-26 22:00:00",287.62,291.2,287.25,287.5,0
946850400,"2000-01-02 22:00:00",288,289,279.6,281.5,0
947455200,"2000-01-09 22:00:00",281.15,284.8,280.85,283.8,0
948060000,"2000-01-16 22:00:00",285.15,289.75,285.15,288.7,0
948664800,"2000-01-23 22:00:00",287,290.6,281.1,282.75,0
949269600,"2000-01-30 22:00:00",281.6,314.8,281.5,309.8,0
949874400,"2000-02-06 22:00:00",313,319,296.6,310.15,0
950479200,"2000-02-13 22:00:00",309.7,310.35,298.5,304.25,0
951084000,"2000-02-20 22:00:00",304.6,306,292.1,292.1,0
951688800,"2000-02-27 22:00:00",291.5,298.25,287.25,288,0
952293600,"2000-03-05 22:00:00",288,293.7,285.12,288.5,0
952898400,"2000-03-12 22:00:00",288.6,291.6,283.4,284.1,0
953503200,"2000-03-19 22:00:00",283.6,290.9,283.6,284.5,0
954108000,"2000-03-26 22:00:00",284.5,284.95,274.7,278.4,0
954709200,"2000-04-02 21:00:00",278.5,288.2,276.6,279.7,0
955314000,"2000-04-09 21:00:00",280.1,286,280.05,282.1,0
955918800,"2000-04-16 21:00:00",284.25,284.5,279.3,279.3,0
956523600,"2000-04-23 21:00:00",279.5,280.4,273.1,273.1,0
957128400,"2000-04-30 21:00:00",275,281.9,272.6,278.7,0
957733200,"2000-05-07 21:00:00",278.7,280.7,275.6,275.9,0
958338000,"2000-05-14 21:00:00",276.2,277.1,272.4,274,0
958942800,"2000-05-21 21:00:00",273.85,276.5,269.7,271.3,0
959547600,"2000-05-28 21:00:00",271.6,282.7,271.6,280.9,0
960152400,"2000-06-04 21:00:00",280.8,290.65,279.3,283.35,0
960757200,"2000-06-11 21:00:00",283.25,293.75,283.25,289,0
961362000,"2000-06-18 21:00:00",288.9,290.3,282.8,282.9,0
961966800,"2000-06-25 21:00:00",282.9,292.8,282.45,288.6,0
962571600,"2000-07-02 21:00:00",288.6,289.6,282.3,283.3,0
963176400,"2000-07-09 21:00:00",283.4,284.9,279.75,281,0
963781200,"2000-07-16 21:00:00",280.2,283.9,278,280.1,0
964386000,"2000-07-23 21:00:00",280.25,281.15,277.9,277.9,0
964990800,"2000-07-30 21:00:00",278,278.8,272.6,273,0
965595600,"2000-08-06 21:00:00",272.5,275,271.6,271.7,0
966200400,"2000-08-13 21:00:00",274.5,278.6,273.1,276.15,0
966805200,"2000-08-20 21:00:00",276.45,276.8,271,274,0
967410000,"2000-08-27 21:00:00",273.9,278.4,272.5,276.5,0
968014800,"2000-09-03 21:00:00",276.8,276.8,271.9,272.7,0
968619600,"2000-09-10 21:00:00",272.7,275.3,271.3,272.05,0
969224400,"2000-09-17 21:00:00",271.8,276,268.9,271.9,0
969829200,"2000-09-24 21:00:00",272.2,279.3,272.2,274,0
970434000,"2000-10-01 21:00:00",274.1,274.5,269.1,269.4,0
971038800,"2000-10-08 21:00:00",269.7,277.4,268.85,272.4,0
971643600,"2000-10-15 21:00:00",272.65,275.3,269.8,271.3,0
972248400,"2000-10-22 21:00:00",270.9,272.6,262.42,264.42,0
972856800,"2000-10-29 22:00:00",264.42,266.6,263.7,264.95,0
973461600,"2000-11-05 22:00:00",265.25,266.85,262.8,264.5,0
974066400,"2000-11-12 22:00:00",264.5,266.7,264,264.75,0
974671200,"2000-11-19 22:00:00",265.4,267.45,265.4,265.7,0
975276000,"2000-11-26 22:00:00",265.6,273.05,265.6,269.15,0
975880800,"2000-12-03 22:00:00",269.5,278.6,269.5,272.25,0
976485600,"2000-12-10 22:00:00",272.63,273,268.25,270.4,0
977090400,"2000-12-17 22:00:00",270.3,278.6,269.33,273.7,0
977695200,"2000-12-24 22:00:00",273.68,278.6,271.6,272.1,0
978300000,"2000-12-31 22:00:00",272.45,273.3,266.9,267.8,0
978904800,"2001-01-07 22:00:00",267.85,269.8,263.55,263.75,0
979509600,"2001-01-14 22:00:00",263.48,266.45,262.75,264.35,0
980114400,"2001-01-21 22:00:00",264.5,269,262.4,262.55,0
980719200,"2001-01-28 22:00:00",263.3,270.4,261.7,267.2,0
981324000,"2001-02-04 22:00:00",267.2,267.5,259.5,260.15,0
981928800,"2001-02-11 22:00:00",260.3,262.1,254.1,258.7,0
982533600,"2001-02-18 22:00:00",259.4,261.9,256.2,261.3,0
983138400,"2001-02-25 22:00:00",261.3,276.5,261.3,262.6,0
983743200,"2001-03-04 22:00:00",262.5,272.4,260.2,271.5,0
984348000,"2001-03-11 22:00:00",272.1,278.6,258.7,258.8,0
984952800,"2001-03-18 22:00:00",259.1,263.9,259,262.15,0
985557600,"2001-03-25 22:00:00",262.1,263,257.5,257.7,0
986158800,"2001-04-01 21:00:00",257.8,260.6,254.7,259.8,0
986763600,"2001-04-08 21:00:00",259.8,261,256.6,259.9,0
987368400,"2001-04-15 21:00:00",259,265.4,258.8,264.4,0
987973200,"2001-04-22 21:00:00",264.15,266.9,262,263.4,0
988578000,"2001-04-29 21:00:00",263.8,267.4,263.3,265.9,0
989182800,"2001-05-06 21:00:00",266.15,270.65,264.8,267.8,0
989787600,"2001-05-13 21:00:00",267.9,287.8,266.45,287.3,0
990392400,"2001-05-20 21:00:00",285.75,298,275.5,277.4,0
990997200,"2001-05-27 21:00:00",277.6,278.3,265.05,266.8,0
991602000,"2001-06-03 21:00:00",266.5,274.6,265,273.5,0
992206800,"2001-06-10 21:00:00",273,277,265.9,271.3,0
992811600,"2001-06-17 21:00:00",271,275.7,271,272.3,0
993416400,"2001-06-24 21:00:00",272.3,279,268.1,270.6,0
994021200,"2001-07-01 21:00:00",270.6,272.5,264.8,266,0
994626000,"2001-07-08 21:00:00",266.5,269.6,265,267.1,0
995230800,"2001-07-15 21:00:00",266.95,271.6,266.5,269.8,0
995835600,"2001-07-22 21:00:00",270.15,270.15,263.8,267.3,0
996440400,"2001-07-29 21:00:00",267.6,269,264.5,268.3,0
997045200,"2001-08-05 21:00:00",268.5,277,266.5,274.3,0
997650000,"2001-08-12 21:00:00",273.5,281.2,273.5,279,0
998254800,"2001-08-19 21:00:00",279,279.3,272.2,272.6,0
998859600,"2001-08-26 21:00:00",272.25,276,270.7,274.2,0
999464400,"2001-09-02 21:00:00",273.25,274.5,271.35,272.9,0
1000069200,"2001-09-09 21:00:00",273,292,271.2,285.3,0
1000674000,"2001-09-16 21:00:00",288,295.1,285.8,291.2,0
1001278800,"2001-09-23 21:00:00",290.5,293.7,287,292.95,0
1001883600,"2001-09-30 21:00:00",292,292.7,288.95,290.7,0
1002488400,"2001-10-07 21:00:00",290.75,293.7,280.3,284.2,0
1003093200,"2001-10-14 21:00:00",284.2,285.5,277.9,279.4,0
1003698000,"2001-10-21 21:00:00",279.4,279.5,274.5,277.1,0
1004306400,"2001-10-28 22:00:00",277.1,281.4,277.1,279.7,0
1004911200,"2001-11-04 22:00:00",279.7,281.1,276.5,276.95,0
1005516000,"2001-11-11 22:00:00",277.2,282,274.1,274.6,0
1006120800,"2001-11-18 22:00:00",274.6,275.5,272.3,272.65,0
1006725600,"2001-11-25 22:00:00",272.8,275.9,272.5,274.15,0
1007330400,"2001-12-02 22:00:00",274.15,278,273.8,274.3,0
1007935200,"2001-12-09 22:00:00",274.3,279.2,271.7,278.2,0
1008540000,"2001-12-16 22:00:00",277.35,281,274.8,277.9,0
1009144800,"2001-12-23 22:00:00",277.7,280.5,276.3,276.3,0
1009749600,"2001-12-30 22:00:00",275.9,280,275.9,278.7,0
1010354400,"2002-01-06 22:00:00",278.4,289.5,277.4,287.3,0
1010959200,"2002-01-13 22:00:00",286.6,289.5,283.2,283.3,0
1011564000,"2002-01-20 22:00:00",282.3,283.8,278,279.2,0
1012168800,"2002-01-27 22:00:00",279.2,287.2,277.1,286,0
1012773600,"2002-02-03 22:00:00",285.25,307.8,285.25,303.5,0
1013378400,"2002-02-10 22:00:00",303.5,304,295.7,297.6,0
1013983200,"2002-02-17 22:00:00",298.5,299.55,290.05,292.5,0
1014588000,"2002-02-24 22:00:00",292.75,299.6,291.1,297.9,0
1015192800,"2002-03-03 22:00:00",297.6,299.8,287.95,289.5,0
1015797600,"2002-03-10 22:00:00",289.35,294.65,289.35,289.8,0
1016402400,"2002-03-17 22:00:00",289.8,300.1,289.8,297.5,0
1017007200,"2002-03-24 22:00:00",297.4,304.5,296.1,302.25,0
1017612000,"2002-03-31 22:00:00",302.25,306.6,298.4,299.8,0
1018213200,"2002-04-07 21:00:00",299.85,303.2,297.4,301.9,0
1018818000,"2002-04-14 21:00:00",301.9,306.1,297.8,302.1,0
1019422800,"2002-04-21 21:00:00",302,311.7,302,311.1,0
1020027600,"2002-04-28 21:00:00",310.75,313.3,306.9,311.7,0
1020632400,"2002-05-05 21:00:00",311.5,313.8,307.75,310.8,0
1021237200,"2002-05-12 21:00:00",310.6,312.1,306.7,310.8,0
1021842000,"2002-05-19 21:00:00",310.6,323.6,310.3,320.3,0
1022446800,"2002-05-26 21:00:00",320.3,329.3,320,326.2,0
1023051600,"2002-06-02 21:00:00",326.3,331.15,320.4,323.8,0
1023656400,"2002-06-09 21:00:00",324.3,325.1,316.2,319.1,0
1024261200,"2002-06-16 21:00:00",319.1,325,316.6,324.4,0
1024866000,"2002-06-23 21:00:00",324.4,326.8,310.4,314.2,0
1025470800,"2002-06-30 21:00:00",314.2,315.9,310.3,311.3,0
1026075600,"2002-07-07 21:00:00",311.2,317.9,310.5,315.8,0
1026680400,"2002-07-14 21:00:00",315.7,325.9,315.7,323.7,0
1027285200,"2002-07-21 21:00:00",323.7,325.6,301,303.5,0
1027890000,"2002-07-28 21:00:00",304.2,308,298.8,307.1,0
1028494800,"2002-08-04 21:00:00",307.1,315.55,304.2,314.3,0
1029099600,"2002-08-11 21:00:00",314.3,318,310.9,313.7,0
1029704400,"2002-08-18 21:00:00",313.7,315.9,304.6,306.8,0
1030309200,"2002-08-25 21:00:00",306.7,314.8,306.7,312.5,0
1030914000,"2002-09-01 21:00:00",312.5,321.6,311.5,320,0
1031518800,"2002-09-08 21:00:00",319.9,324.3,315,316.6,0
1032123600,"2002-09-15 21:00:00",316.9,324.1,314,321.9,0
1032728400,"2002-09-22 21:00:00",321.9,328.1,318.9,319.7,0
1033333200,"2002-09-29 21:00:00",319.7,325,319.4,322,0
1033938000,"2002-10-06 21:00:00",322,323.2,316.3,316.5,0
1034542800,"2002-10-13 21:00:00",316.5,319.1,309.3,312.6,0
1035147600,"2002-10-20 21:00:00",312.6,314.7,308.5,313.6,0
1035756000,"2002-10-27 22:00:00",313.3,321.9,312,320.1,0
1036360800,"2002-11-03 22:00:00",319.5,324,315.5,321.3,0
1036965600,"2002-11-10 22:00:00",321.3,325.5,315.5,320.3,0
1037570400,"2002-11-17 22:00:00",320.3,322.6,316.25,320.8,0
1038175200,"2002-11-24 22:00:00",320.8,321.5,315.65,317.9,0
1038780000,"2002-12-01 22:00:00",317.9,329.6,315.7,326,0
1039384800,"2002-12-08 22:00:00",326,336,322.2,332.9,0
1039989600,"2002-12-15 22:00:00",332.9,355,330,340.5,0
1040594400,"2002-12-22 22:00:00",340.5,351.8,340,349,0
1041199200,"2002-12-29 22:00:00",349,353.6,340,351,0
1041804000,"2003-01-05 22:00:00",351,357.9,344.3,354.5,0
1042408800,"2003-01-12 22:00:00",354.5,359.32,348.12,356.3,0
1043013600,"2003-01-19 22:00:00",356.3,370.65,352.9,368.18,0
1043618400,"2003-01-26 22:00:00",368.25,373.7,362.3,367.9,0
1044223200,"2003-02-02 22:00:00",367.9,389.5,367,369.5,0
1044828000,"2003-02-09 22:00:00",369.5,372.62,347.5,351.3,0
1045432800,"2003-02-16 22:00:00",351.3,354.5,341.5,351.1,0
1046037600,"2003-02-23 22:00:00",351.1,360,345.2,349.7,0
1046642400,"2003-03-02 22:00:00",349.7,358.2,345.2,350.5,0
1047247200,"2003-03-09 22:00:00",350.5,355,332,336.1,0
1047852000,"2003-03-16 22:00:00",336.1,345,325.8,325.8,0
1048456800,"2003-03-23 22:00:00",325.8,334.2,325.8,331.6,0
1049061600,"2003-03-30 22:00:00",331.6,338.7,322.4,325.3,0
1049662800,"2003-04-06 21:00:00",325.7,328.3,319.4,327.8,0
1050267600,"2003-04-13 21:00:00",327.8,328,322.4,325.7,0
1050872400,"2003-04-20 21:00:00",325.7,336,325.7,333,0
1051477200,"2003-04-27 21:00:00",333,343.4,329.4,340.7,0
1052082000,"2003-05-04 21:00:00",340.7,349.4,339.6,348.3,0
1052686800,"2003-05-11 21:00:00",348.7,357,348.6,354.5,0
1053291600,"2003-05-18 21:00:00",354.85,373.1,354.85,368.5,0
1053896400,"2003-05-25 21:00:00",368.5,374.4,358.7,364.2,0
1054501200,"2003-06-01 21:00:00",364.98,369.8,359.9,363.6,0
1055106000,"2003-06-08 21:00:00",363.6,365.8,351.1,356.5,0
1055710800,"2003-06-15 21:00:00",356.5,365.1,355.12,356,0
1056315600,"2003-06-22 21:00:00",356,358.12,342.9,345,0
1056920400,"2003-06-29 21:00:00",344.8,353.2,344.4,350.6,0
1057525200,"2003-07-06 21:00:00",350.85,351.9,342.4,344.8,0
1058130000,"2003-07-13 21:00:00",345.15,349.6,340.6,346.9,0
1058734800,"2003-07-20 21:00:00",346.9,368.2,346.8,362.5,0
1059339600,"2003-07-27 21:00:00",362.5,374.7,345.4,346,0
1059944400,"2003-08-03 21:00:00",346.2,357.5,346.2,356.5,0
1060549200,"2003-08-10 21:00:00",356.5,367.4,356.2,363.5,0
1061154000,"2003-08-17 21:00:00",363.5,366.9,356.5,362.7,0
1061758800,"2003-08-24 21:00:00",362.7,377.4,359.4,375.2,0
1062363600,"2003-08-31 21:00:00",375.2,379.5,370,376.9,0
1062968400,"2003-09-07 21:00:00",376.9,383.3,373.8,374.8,0
1063573200,"2003-09-14 21:00:00",374.8,383.2,371.9,381.6,0
1064178000,"2003-09-21 21:00:00",381.6,393.5,379.3,380.6,0
1064782800,"2003-09-28 21:00:00",380.85,388.2,366.6,369.3,0
1065387600,"2003-10-05 21:00:00",369.3,378.2,368.2,373.2,0
1065992400,"2003-10-12 21:00:00",373.2,376.6,366.2,371.4,0
1066597200,"2003-10-19 21:00:00",371.4,392.2,370.3,388.7,0
1067205600,"2003-10-26 22:00:00",388.4,391.12,380,384,0
1067810400,"2003-11-02 22:00:00",384,385.1,376.1,382.8,0
1068415200,"2003-11-09 22:00:00",382.8,398.9,382.7,397.3,0
1069020000,"2003-11-16 22:00:00",397.1,400.3,385.9,395.8,0
1069624800,"2003-11-23 22:00:00",395.8,400.6,389.2,397.9,0
1070229600,"2003-11-30 22:00:00",397.9,406.3,396.9,406.1,0
1070834400,"2003-12-07 22:00:00",406.1,412.1,402.6,408.7,0
1071439200,"2003-12-14 22:00:00",407.88,412.62,401.8,409.1,0
1072044000,"2003-12-21 22:00:00",409.1,413.8,407.9,412,0
1072648800,"2003-12-28 22:00:00",412,417.5,412,415.6,0
1073253600,"2004-01-04 22:00:00",415.6,430.5,415.3,426,0
1073858400,"2004-01-11 22:00:00",426,428.7,405.6,406.5,0
1074463200,"2004-01-18 22:00:00",406.5,413.3,405.3,407.6,0
1075068000,"2004-01-25 22:00:00",407.6,414.8,396.4,402.4,0
1075672800,"2004-02-01 22:00:00",402.3,409.9,394.6,403.1,0
1076277600,"2004-02-08 22:00:00",403.1,417,402.5,409.9,0
1076882400,"2004-02-15 22:00:00",409.9,416.5,394.3,397.3,0
1077487200,"2004-02-22 22:00:00",397.3,404.8,390.9,395.9,0
1078092000,"2004-02-29 22:00:00",395.9,402.9,388.1,401,0
1078696800,"2004-03-07 22:00:00",401,406,395,395,0
1079301600,"2004-03-14 22:00:00",395,414.1,395,412.1,0
1079906400,"2004-03-21 22:00:00",412.1,423.5,411.2,422.1,0
1080511200,"2004-03-28 22:00:00",422.1,432.1,416.2,420.5,0
1081112400,"2004-04-04 21:00:00",420.5,423.9,413.7,419.8,0
1081717200,"2004-04-11 21:00:00",419.8,421.9,395.3,400.5,0
1082322000,"2004-04-18 21:00:00",400.4,405.5,389.5,395.2,0
1082926800,"2004-04-25 21:00:00",395.3,399.13,377.7,386.8,0
1083531600,"2004-05-02 21:00:00",386.6,394.88,377.7,378.9,0
1084136400,"2004-05-09 21:00:00",378.7,384.2,371.6,376.6,0
1084741200,"2004-05-16 21:00:00",376.6,387.1,375.1,384.2,0
1085346000,"2004-05-23 21:00:00",384.3,396.7,382.5,393.4,0
1085950800,"2004-05-30 21:00:00",393.5,398.7,384.6,389.9,0
1086555600,"2004-06-06 21:00:00",389.9,395.3,382.8,384.3,0
1087160400,"2004-06-13 21:00:00",384.3,396.1,381.9,394.7,0
1087765200,"2004-06-20 21:00:00",394.8,403.2,392.5,401,0
1088370000,"2004-06-27 21:00:00",401.1,405,388.4,397.8,0
1088974800,"2004-07-04 21:00:00",397.7,409.1,388.9,407.6,0
1089579600,"2004-07-11 21:00:00",407.6,408.6,400.5,406.1,0
1090184400,"2004-07-18 21:00:00",406.5,407.8,387.05,389.9,0
1090789200,"2004-07-25 21:00:00",389.9,393.4,384.5,390.5,0
1091394000,"2004-08-01 21:00:00",391.25,401.2,389.2,399.5,0
1091998800,"2004-08-08 21:00:00",399.6,403.2,392.75,398.8,0
1092603600,"2004-08-15 21:00:00",397.5,414.1,397.5,412.4,0
1093208400,"2004-08-22 21:00:00",411.5,412.6,401,402.9,0
1093813200,"2004-08-29 21:00:00",402.8,416.6,399.2,400.7,0
1094418000,"2004-09-05 21:00:00",400.8,407.5,395.3,402.4,0
1095022800,"2004-09-12 21:00:00",402.4,407,399.4,405.4,0
1095627600,"2004-09-19 21:00:00",405,412,403.8,407.6,0
1096232400,"2004-09-26 21:00:00",407.4,419.9,407.4,418.8,0
1096837200,"2004-10-03 21:00:00",418.8,424.3,411.9,422.7,0
1097442000,"2004-10-10 21:00:00",421.75,426.9,409.25,418.6,0
1098046800,"2004-10-17 21:00:00",418.25,426,414.9,424,0
1098651600,"2004-10-24 21:00:00",424,430.6,420.8,428.1,0
1099260000,"2004-10-31 22:00:00",428.1,434,417.5,433.6,0
1099864800,"2004-11-07 22:00:00",433.6,438.8,431,437.6,0
1100469600,"2004-11-14 22:00:00",437.6,448.2,435.75,446.7,0
1101074400,"2004-11-21 22:00:00",446.7,455.1,443.75,451.9,0
1101679200,"2004-11-28 22:00:00",451.9,456.7,443.75,455.3,0
1102284000,"2004-12-05 22:00:00",455.3,456.55,431.8,433.9,0
1102888800,"2004-12-12 22:00:00",433.9,442.6,433.7,441.1,0
1103493600,"2004-12-19 22:00:00",441.1,444,439,442.1,0
1104098400,"2004-12-26 22:00:00",442.1,445.2,433.6,438,0
1104703200,"2005-01-02 22:00:00",438,438,416.9,418.8,0
1105308000,"2005-01-09 22:00:00",419,427.7,419,422.5,0
1105912800,"2005-01-16 22:00:00",422.5,428.2,420.4,427,0
1106517600,"2005-01-23 22:00:00",427,428.33,421.3,426,0
1107122400,"2005-01-30 22:00:00",426,426.6,414.3,414.3,0
1107727200,"2005-02-06 22:00:00",414.3,421.9,410.5,420.5,0
1108332000,"2005-02-13 22:00:00",420.5,428.4,420.5,426.4,0
1108936800,"2005-02-20 22:00:00",426.4,436.6,426.3,434.9,0
1109541600,"2005-02-27 22:00:00",434.9,438,428.8,433.9,0
1110146400,"2005-03-06 22:00:00",433.8,446.9,432.5,445.8,0
1110751200,"2005-03-13 22:00:00",445.7,445.7,436,439,0
1111356000,"2005-03-20 22:00:00",439.25,439.6,424.3,425.9,0
1111960800,"2005-03-27 22:00:00",424.9,428.9,423.8,425.9,0
1112562000,"2005-04-03 21:00:00",425.5,428.2,422.2,426.7,0
1113166800,"2005-04-10 21:00:00",426.5,430.4,422.2,424.5,0
1113771600,"2005-04-17 21:00:00",425.1,435.65,423.25,434.25,0
1114376400,"2005-04-24 21:00:00",434,437.7,430.88,435,0
1114981200,"2005-05-01 21:00:00",434.75,434.75,423.98,425.7,0
1115586000,"2005-05-08 21:00:00",426.4,428.5,419.1,420,0
1116190800,"2005-05-15 21:00:00",420,423.1,416.9,417.2,0
1116795600,"2005-05-22 21:00:00",417.5,420.5,416.5,420.1,0
1117400400,"2005-05-29 21:00:00",419.75,424.8,413.8,422.1,0
1118005200,"2005-06-05 21:00:00",422.65,428.4,421.3,426.7,0
1118610000,"2005-06-12 21:00:00",426.6,439.3,424.5,437.4,0
1119214800,"2005-06-19 21:00:00",438.1,443.53,434.3,439.6,0
1119819600,"2005-06-26 21:00:00",439.1,440.3,426.9,427.3,0
1120424400,"2005-07-03 21:00:00",428.5,428.8,421.7,422.8,0
1121029200,"2005-07-10 21:00:00",423.2,427.7,417.9,421.3,0
1121634000,"2005-07-17 21:00:00",421.3,426.8,419,424.8,0
1122238800,"2005-07-24 21:00:00",426.15,430.8,422,429.2,0
1122843600,"2005-07-31 21:00:00",429.5,439.2,428.4,437.1,0
1123448400,"2005-08-07 21:00:00",437.4,449.9,433,446,0
1124053200,"2005-08-14 21:00:00",446,446.8,436,436.1,0
1124658000,"2005-08-21 21:00:00",438.1,440.8,435.9,438.1,0
1125262800,"2005-08-28 21:00:00",437.75,447.3,429.3,443.2,0
1125867600,"2005-09-04 21:00:00",444.3,449.75,442.9,449,0
1126472400,"2005-09-11 21:00:00",448.8,460.2,444.7,459.6,0
1127077200,"2005-09-18 21:00:00",458.7,475.7,458.6,463.8,0
1127682000,"2005-09-25 21:00:00",462.85,474.5,458.1,468.7,0
1128286800,"2005-10-02 21:00:00",469.9,476.1,463.2,475.5,0
1128891600,"2005-10-09 21:00:00",475.5,480.4,466,469.25,0
1129496400,"2005-10-16 21:00:00",468.87,475.55,460.1,466.9,0
1130101200,"2005-10-23 21:00:00",466.62,475.7,463.3,473,0
1130709600,"2005-10-30 22:00:00",472.6,473.2,455.1,456.5,0
1131314400,"2005-11-06 22:00:00",456.3,470,456.3,469,0
1131919200,"2005-11-13 22:00:00",468.5,488.8,466.7,485.7,0
1132524000,"2005-11-20 22:00:00",485.35,496.9,484.8,495.4,0
1133128800,"2005-11-27 22:00:00",495.4,506.7,490.65,504.35,0
1133733600,"2005-12-04 22:00:00",503.7,530.8,503.25,525.85,0
1134338400,"2005-12-11 22:00:00",525.1,541.3,493.4,502.6,0
1134943200,"2005-12-18 22:00:00",502.87,509.2,489.7,502.6,0
1135548000,"2005-12-25 22:00:00",503.35,517.9,502.6,514.77,0
1136152800,"2006-01-01 22:00:00",513.05,540.1,513.05,538.95,0
1136757600,"2006-01-08 22:00:00",538.75,557.8,535.3,555.5,0
1137362400,"2006-01-15 22:00:00",555.9,568,540.1,552.7,0
1137967200,"2006-01-22 22:00:00",553.45,566.7,549.2,558.2,0
1138572000,"2006-01-29 22:00:00",559.1,575.15,558.5,566.95,0
1139176800,"2006-02-05 22:00:00",567.25,573.9,545.22,550.7,0
1139781600,"2006-02-12 22:00:00",550.45,554.3,535.1,552.05,0
1140386400,"2006-02-19 22:00:00",552.35,559.5,547.53,558.55,0
1140991200,"2006-02-26 22:00:00",556.6,570.75,552.8,565.1,0
1141596000,"2006-03-05 22:00:00",564.95,568.2,534.2,540.85,0
1142200800,"2006-03-12 22:00:00",540.7,557.7,540.7,553.7,0
1142805600,"2006-03-19 22:00:00",554.05,561.35,544.35,560.45,19447
1143410400,"2006-03-26 22:00:00",560.45,589.55,558.65,583.65,21315
1144011600,"2006-04-02 21:00:00",583.65,598.55,582.25,588.85,29976
1144616400,"2006-04-09 21:00:00",588.85,604.2,588.85,596.65,25705
1145221200,"2006-04-16 21:00:00",598.15,645.75,598.15,633.85,25920
1145826000,"2006-04-23 21:00:00",633.85,655.8,618.95,654.95,21477
1146430800,"2006-04-30 21:00:00",654.55,685.3,651.1,683.55,26738
1147035600,"2006-05-07 21:00:00",683.45,730.45,671.65,715.05,27399
1147640400,"2006-05-14 21:00:00",715.05,720.35,650.9,658.45,28124
1148245200,"2006-05-21 21:00:00",658.65,674.7,636.1,653.75,21635
1148850000,"2006-05-28 21:00:00",652.25,665.35,619.3,638.15,18336
1149454800,"2006-06-04 21:00:00",638.35,645.85,601.45,607.95,26563
1150059600,"2006-06-11 21:00:00",607.95,612.05,542.25,581.15,20532
1150664400,"2006-06-18 21:00:00",580.6,595.15,561.2,583.05,24617
1151269200,"2006-06-25 21:00:00",583.2,616.55,577.05,615.85,21344
1151874000,"2006-07-02 21:00:00",614.8,637.7,614.8,629.25,13960
1152478800,"2006-07-09 21:00:00",630.9,667.8,620.6,664.15,22628
1153083600,"2006-07-16 21:00:00",665.9,677.15,615.75,619.75,21226
1153688400,"2006-07-23 21:00:00",620.3,641.6,602.35,634.75,17101
1154293200,"2006-07-30 21:00:00",635.2,656.3,628.95,646.45,16878
1154898000,"2006-08-06 21:00:00",645.45,655.2,626.35,632.55,30166
1155502800,"2006-08-13 21:00:00",632.55,633.55,607.15,614.85,29589
1156107600,"2006-08-20 21:00:00",613.6,630.85,613.6,622.65,35414
1156712400,"2006-08-27 21:00:00",622.65,627.55,607.3,626.15,34085
1157317200,"2006-09-03 21:00:00",626.15,640.45,606.5,610.75,39506
1157922000,"2006-09-10 21:00:00",610.35,612.75,570.9,579.55,47620
1158526800,"2006-09-17 21:00:00",579.65,592.7,572.2,589.65,33817
1159131600,"2006-09-24 21:00:00",589.65,607.1,582.3,598.25,37914
1159736400,"2006-10-01 21:00:00",598.25,604.15,559.7,574.05,45265
1160341200,"2006-10-08 21:00:00",574.05,590.55,569.35,590.45,66740
1160946000,"2006-10-15 21:00:00",590.45,602.75,586.15,591.55,71670
1161550800,"2006-10-22 21:00:00",591.55,600.35,572.95,600.05,72505
1162159200,"2006-10-29 22:00:00",600.05,629.35,598.25,627.55,77072
1162764000,"2006-11-05 22:00:00",627.55,636.9,613.55,628.55,77990
1163368800,"2006-11-12 22:00:00",628.55,632.9,613.95,621.95,76284
1163973600,"2006-11-19 22:00:00",621.95,640.15,620.45,637.95,45453
1164578400,"2006-11-26 22:00:00",638.95,650.15,633.05,645.55,67465
1165183200,"2006-12-03 22:00:00",645.55,649.1,623.4,624.45,76295
1165788000,"2006-12-10 22:00:00",624.65,631.85,614.75,615.35,62343
1166392800,"2006-12-17 22:00:00",615.35,624.55,611.85,621.05,48011
1166997600,"2006-12-24 22:00:00",621.05,636.85,620.65,636.65,25759
1167602400,"2006-12-31 22:00:00",636.65,645.25,602.35,607.35,36459
1168207200,"2007-01-07 22:00:00",607.35,627.75,604.15,627.05,47184
1168812000,"2007-01-14 22:00:00",627.05,636.6,620.25,635.25,44614
1169416800,"2007-01-21 22:00:00",635.35,654.8,632.35,646.05,48985
1170021600,"2007-01-28 22:00:00",646.05,661.4,640.9,647.75,44651
1170626400,"2007-02-04 22:00:00",647.85,669,646.3,666.85,45531
1171231200,"2007-02-11 22:00:00",666.85,672,659.9,669.15,49395
1171836000,"2007-02-18 22:00:00",669.15,688.05,656,682.65,57204
1172440800,"2007-02-25 22:00:00",682.65,688.8,639.95,642.35,102346
1173045600,"2007-03-04 22:00:00",642.45,658.25,632.8,649.4,84869
1173646800,"2007-03-11 21:00:00",649.4,655.4,636.95,653.4,63324
1174251600,"2007-03-18 21:00:00",653.4,666.8,652.1,657.4,56523
1174856400,"2007-03-25 21:00:00",657.4,669.45,655.75,663.85,56425
1175461200,"2007-04-01 21:00:00",663.85,675.6,656.6,673.2,50005
1176066000,"2007-04-08 21:00:00",673.9,685.8,665.41,685.1,54300
1176670800,"2007-04-15 21:00:00",685.1,693.8,679.68,691.75,70281
1177275600,"2007-04-22 21:00:00",691.75,693.95,670.9,681.55,76205
1177880400,"2007-04-29 21:00:00",680.95,690.75,667.76,688.8,51662
1178485200,"2007-05-06 21:00:00",688.8,690.95,664.53,671.05,58577
1179090000,"2007-05-13 21:00:00",671.05,675.32,653.85,661.7,61124
1179694800,"2007-05-20 21:00:00",661.7,665.44,652,656.05,59430
1180299600,"2007-05-27 21:00:00",656.05,671.75,652.25,671.55,46738
1180904400,"2007-06-03 21:00:00",671.65,674.1,644.25,648.7,63395
1181509200,"2007-06-10 21:00:00",648.7,655.85,643.35,655.3,56352
1182114000,"2007-06-17 21:00:00",655.3,662,648.15,654.2,58487
1182718800,"2007-06-24 21:00:00",654.2,654.65,639.23,649.65,58798
1183323600,"2007-07-01 21:00:00",649.6,658.85,645.35,655.85,45678
1183928400,"2007-07-08 21:00:00",655.85,669.25,653.85,666.92,55095
1184533200,"2007-07-15 21:00:00",666.85,686.97,662.88,683.35,50241
1185138000,"2007-07-22 21:00:00",683.35,687.76,657,661.15,62936
1185742800,"2007-07-29 21:00:00",661.15,675.6,659.35,673,48583
1186347600,"2007-08-05 21:00:00",673,676.92,658.27,672.87,58191
1186952400,"2007-08-12 21:00:00",672.87,672.92,642.12,657.75,69171
1187557200,"2007-08-19 21:00:00",657.75,669.1,653.55,668.2,64633
1188162000,"2007-08-26 21:00:00",668.2,675.03,661.45,673.24,45526
1188766800,"2007-09-02 21:00:00",673.24,707.05,671.59,700.65,50104
1189371600,"2007-09-09 21:00:00",700.65,717.4,699.4,707.55,59259
1189976400,"2007-09-16 21:00:00",707.55,739.55,706.6,731.55,71035
1190581200,"2007-09-23 21:00:00",731.55,746.05,722.3,743.65,69379
1191186000,"2007-09-30 21:00:00",743.65,748.05,720.92,742.6,83837
1191790800,"2007-10-07 21:00:00",741.9,754.01,726.77,750.5,76956
1192395600,"2007-10-14 21:00:00",750.1,771.63,747.55,765.3,96810
1193000400,"2007-10-21 21:00:00",765.65,786.1,745.12,785.15,89306
1193605200,"2007-10-28 21:00:00",786.6,808.3,777,807,110250
1194213600,"2007-11-04 22:00:00",807,845.955,801,831.8,140688
1194818400,"2007-11-11 22:00:00",832.5,832.5,782.8,786.45,107852
1195423200,"2007-11-18 22:00:00",786.45,825.65,772.8,823.48,92764
1196028000,"2007-11-25 22:00:00",823.48,836.94,779.35,782.25,100857
1196632800,"2007-12-02 22:00:00",782.25,807.1,777,794.91,98219
1197237600,"2007-12-09 22:00:00",794.91,817.24,787.91,794.61,104715
1197842400,"2007-12-16 22:00:00",794.61,812.34,785.42,811.67,83040
1198447200,"2007-12-23 22:00:00",811.67,840.65,805.47,840.48,53838
1199052000,"2007-12-30 22:00:00",840.58,868.98,830.06,859.7,63751
1199656800,"2008-01-06 22:00:00",858.97,898.11,855.33,895.45,117662
1200261600,"2008-01-13 22:00:00",895.45,914.43,870.48,883.07,117834
1200866400,"2008-01-20 22:00:00",883.07,923.935,849.56,913.9,102671
1201471200,"2008-01-27 22:00:00",913.9,937.08,903.4,905.25,92867
1202076000,"2008-02-03 22:00:00",905.25,922.56,884.4,922.1,100666
1202680800,"2008-02-10 22:00:00",922.1,927.43,896.25,902.55,103681
1203285600,"2008-02-17 22:00:00",902.55,954.1,900.4,945.2,112287
1203890400,"2008-02-24 22:00:00",945.2,976.15,926.625,973.45,119837
1204495200,"2008-03-02 22:00:00",973.85,992.95,956.7,973.02,134820
1205096400,"2008-03-09 21:00:00",973.02,1007.585,961.1,1003.08,130105
1205701200,"2008-03-16 21:00:00",1004.15,1032.85,904.75,918,141567
1206306000,"2008-03-23 21:00:00",918,955.04,906.45,931.4,126252
1206910800,"2008-03-30 21:00:00",931.4,941.03,872.255,914,134963
1207515600,"2008-04-06 21:00:00",914,940,903.17,925.3,123565
1208120400,"2008-04-13 21:00:00",925.3,953.19,904.9,916.7,123647
1208725200,"2008-04-20 21:00:00",916.7,928.95,877.95,886.3,132557
1209330000,"2008-04-27 21:00:00",885.9,896.05,845.4,856.45,121384
1209934800,"2008-05-04 21:00:00",857.1,889.85,857.1,884.85,204002
1210539600,"2008-05-11 21:00:00",884.85,905.06,860.25,902.38,233702
1211144400,"2008-05-18 21:00:00",902.38,935.5,900.78,925.03,223024
1211749200,"2008-05-25 21:00:00",925.03,931.05,870.43,886.52,207396
1212354000,"2008-06-01 21:00:00",886.52,902.4,865.14,902.2,267244
1212958800,"2008-06-08 21:00:00",902.75,909.44,857.7,871.55,304658
1213563600,"2008-06-15 21:00:00",871.37,908.54,866.79,902.07,263669
1214168400,"2008-06-22 21:00:00",902.07,930.9,873.935,927.79,234471
1214773200,"2008-06-29 21:00:00",927.79,946.715,918.795,934.04,189134
1215378000,"2008-07-06 21:00:00",934.04,967.765,912.945,964.1,234835
1215982800,"2008-07-13 21:00:00",964.7,988.58,950.055,954.9,324442
1216587600,"2008-07-20 21:00:00",954.9,976.345,916.505,929.85,262458
1217192400,"2008-07-27 21:00:00",929.85,933.35,894.105,910.89,266127
1217797200,"2008-08-03 21:00:00",910.95,915.675,850.955,856.6,251607
1218402000,"2008-08-10 21:00:00",856.6,866.105,772.95,787.7,193919
1219006800,"2008-08-17 21:00:00",787.7,839.55,782.65,823.02,194149
1219611600,"2008-08-24 21:00:00",823.5,844.255,807.1,831.05,213264
1220216400,"2008-08-31 21:00:00",831.05,835.65,789.505,803.65,221018
1220821200,"2008-09-07 21:00:00",804.1,818.33,736.35,765.5,288575
1221426000,"2008-09-14 21:00:00",768.5,919.43,764.73,873.85,263028
1222030800,"2008-09-21 21:00:00",873.65,911.6,862.55,878.75,263810
1222635600,"2008-09-28 21:00:00",878.75,926.65,819.33,835.3,312103
1223240400,"2008-10-05 21:00:00",832.45,931.95,825.75,850.35,204286
1223845200,"2008-10-12 21:00:00",850.35,872.25,772.8,783.35,267756
1224450000,"2008-10-19 21:00:00",783.35,810.55,681.65,734.7,261325
1225054800,"2008-10-26 21:00:00",734.7,778.1,707.25,724.6,180824
1225663200,"2008-11-02 22:00:00",724.6,769.7,722.05,736.9,188951
1226268000,"2008-11-09 22:00:00",736.9,769.1,700.43,742.25,304294
1226872800,"2008-11-16 22:00:00",742.1,802.63,731.055,800.4,329947
1227477600,"2008-11-23 22:00:00",800.3,831.6,786.63,817.98,237493
1228082400,"2008-11-30 22:00:00",818.33,819.23,741.4,756.25,284755
1228687200,"2008-12-07 22:00:00",756.25,834.98,756.25,822.4,313642
1229292000,"2008-12-14 22:00:00",822.4,882.3,821.3,838.05,178330
1229896800,"2008-12-21 22:00:00",838.05,873.3,829.6,869.2,129324
1230501600,"2008-12-28 22:00:00",870.25,890.85,856.85,875.35,212461
1231106400,"2009-01-04 22:00:00",874.35,884.8,836,854.15,267862
1231711200,"2009-01-11 22:00:00",854.15,857.2,801.825,843.15,396978
1232316000,"2009-01-18 22:00:00",843.2,903.87,823.58,899.87,204785
1232920800,"2009-01-25 22:00:00",898.27,929.755,874.79,927.8,179214
1233525600,"2009-02-01 22:00:00",927.8,927.8,889.63,911.5,213815
1234130400,"2009-02-08 22:00:00",910.95,952.7,891.08,941.7,154239
1234735200,"2009-02-15 22:00:00",941.7,1006.45,936.45,992.9,153821
1235340000,"2009-02-22 22:00:00",992.8,998.3,927.3,942.75,178992
1235944800,"2009-03-01 22:00:00",940.6,958.7,900.2,939.3,210205
1236546000,"2009-03-08 21:00:00",938.2,942,891.46,929.77,225074
1237150800,"2009-03-15 21:00:00",926.65,967.2,883.405,953,215058
1237755600,"2009-03-22 21:00:00",953.35,957.61,916.84,923.19,214129
1238360400,"2009-03-29 21:00:00",922.98,933.645,890.97,893.12,156920
1238965200,"2009-04-05 21:00:00",894.35,897.18,865.37,882.11,161373
1239570000,"2009-04-12 21:00:00",879.23,899.95,864.98,868.68,177848
1240174800,"2009-04-19 21:00:00",869,914.06,865,912.86,208143
1240779600,"2009-04-26 21:00:00",913.06,918.65,880.2,886.55,184850
1241384400,"2009-05-03 21:00:00",886.55,925.725,885.35,916.66,168860
1241989200,"2009-05-10 21:00:00",916.66,934.27,908.715,931.78,142611
1242594000,"2009-05-17 21:00:00",931.53,961.75,915.3,957.3,152438
1243198800,"2009-05-24 21:00:00",957.3,980.35,940.98,979.1,158111
1243803600,"2009-05-31 21:00:00",979.38,990.305,953.1,955.35,156484
1244408400,"2009-06-07 21:00:00",955.35,965.57,936.215,939.26,132959
1245013200,"2009-06-14 21:00:00",939.26,943.41,926.275,934.08,118897
1245618000,"2009-06-21 21:00:00",934.08,948.675,913.21,939.63,111023
1246222800,"2009-06-28 21:00:00",939.08,946.535,923.56,932.62,84293
1246827600,"2009-07-05 21:00:00",932.62,932.65,905.165,912.99,103211
1247432400,"2009-07-12 21:00:00",912.99,942.295,908.065,937.58,93187
1248037200,"2009-07-19 21:00:00",937.25,957.525,937.25,951.37,90165
1248642000,"2009-07-26 21:00:00",951.37,959.14,925.81,954.05,91245
1249246800,"2009-08-02 21:00:00",954.75,971.865,951.26,955.09,122172
1249851600,"2009-08-09 21:00:00",954.99,960.745,940.26,948.46,101049
1250456400,"2009-08-16 21:00:00",947.77,958.19,930.45,953.83,96467
1251061200,"2009-08-23 21:00:00",953.83,962,935.11,954.98,94824
1251666000,"2009-08-30 21:00:00",954.98,997.585,943.63,994.08,112440
1252270800,"2009-09-06 21:00:00",993.6,1011.905,983.115,1005.16,123054
1252875600,"2009-09-13 21:00:00",1005.16,1024.28,992.57,1007.64,135480
1253480400,"2009-09-20 21:00:00",1007.68,1019.905,985.285,990.99,125080
1254085200,"2009-09-27 21:00:00",991.47,1009.89,985.28,1002.93,94730
1254690000,"2009-10-04 21:00:00",1002.33,1061.56,1001.2,1049.3,104469
1255294800,"2009-10-11 21:00:00",1049.3,1070.79,1043.2,1053.54,99313
1255899600,"2009-10-18 21:00:00",1053.59,1068.13,1048.06,1055.57,100002
1256504400,"2009-10-25 21:00:00",1055.57,1060.01,1026.81,1045.55,108893
1257112800,"2009-11-01 22:00:00",1045.55,1101.27,1041.98,1095.01,117083
1257717600,"2009-11-08 22:00:00",1096.97,1123.11,1095.77,1118.67,104409
1258322400,"2009-11-15 22:00:00",1119.05,1153.07,1118.83,1150.41,143366
1258927200,"2009-11-22 22:00:00",1150.41,1195.395,1137.77,1177.53,124987
1259532000,"2009-11-29 22:00:00",1177.38,1226.525,1147.65,1161.11,180688
1260136800,"2009-12-06 22:00:00",1161.55,1168.985,1109.45,1115.05,211885
1260741600,"2009-12-13 22:00:00",1115.54,1141.785,1094.925,1113.23,164440
1261346400,"2009-12-20 22:00:00",1112.17,1119.66,1074.735,1105.54,106667
1261951200,"2009-12-27 22:00:00",1105.78,1113.885,1086.105,1097.38,81174
1262556000,"2010-01-03 22:00:00",1097.38,1140.535,1093.45,1138.1,144621
1263160800,"2010-01-10 22:00:00",1137.95,1162.08,1118.695,1131.02,153678
1263765600,"2010-01-17 22:00:00",1131.62,1141.695,1082.375,1093.22,147847
1264370400,"2010-01-24 22:00:00",1093.34,1104.255,1074.21,1081.13,162461
1264975200,"2010-01-31 22:00:00",1080.92,1125.235,1044.475,1066.27,175340
1265580000,"2010-02-07 22:00:00",1066.45,1098.025,1061.83,1093.39,181421
1266184800,"2010-02-14 22:00:00",1094.17,1127.36,1091.865,1119.31,165126
1266789600,"2010-02-21 22:00:00",1118.75,1131.26,1088.435,1117.73,190186
1267394400,"2010-02-28 22:00:00",1117.98,1145.185,1112.025,1134.88,175422
1267999200,"2010-03-07 22:00:00",1134.85,1137.795,1098.535,1101.95,147012
1268600400,"2010-03-14 21:00:00",1101.95,1133.415,1101.34,1106.93,130697
1269205200,"2010-03-21 21:00:00",1106.9,1109.91,1085.315,1107.53,140172
1269810000,"2010-03-28 21:00:00",1107.45,1128.165,1101.745,1122.5,84217
1270414800,"2010-04-04 21:00:00",1122.5,1164.94,1120.15,1161.94,108613
1271019600,"2010-04-11 21:00:00",1162.44,1169.9,1129.995,1137.43,114746
1271624400,"2010-04-18 21:00:00",1137.43,1158,1106.43,1157.75,129631
1272229200,"2010-04-25 21:00:00",1157.3,1181.785,1146.41,1179.1,127297
1272834000,"2010-05-02 21:00:00",1179.1,1214.03,1156.595,1208.23,201200
1273438800,"2010-05-09 21:00:00",1207.93,1249.495,1184.08,1232.6,223501
1274043600,"2010-05-16 21:00:00",1232.6,1242.495,1166.15,1177.08,257967
1274648400,"2010-05-23 21:00:00",1177.08,1218.51,1177.08,1214.6,163270
1275253200,"2010-05-30 21:00:00",1214.6,1228.98,1196.595,1219.88,138853
1275858000,"2010-06-06 21:00:00",1219.93,1252.185,1210.72,1226.69,175827
1276462800,"2010-06-13 21:00:00",1226.61,1262.385,1216.23,1256.89,144938
1277067600,"2010-06-20 21:00:00",1256.98,1265.265,1224.835,1255.67,153473
1277672400,"2010-06-27 21:00:00",1255.67,1262.81,1196.61,1211.4,177012
1278277200,"2010-07-04 21:00:00",1211.4,1214.52,1185.05,1211.92,115686
1278882000,"2010-07-11 21:00:00",1211.92,1218.22,1186.09,1193.05,133238
1279486800,"2010-07-18 21:00:00",1194.1,1204.16,1175.62,1189.06,151246
1280091600,"2010-07-25 21:00:00",1188.85,1194.77,1156.83,1181.05,121360
1280696400,"2010-08-01 21:00:00",1181.75,1211.07,1174.61,1205.43,122520
1281301200,"2010-08-08 21:00:00",1205.58,1217.73,1190.72,1215.41,122766
1281906000,"2010-08-15 21:00:00",1215.2,1237.57,1214.35,1228.01,102692
1282510800,"2010-08-22 21:00:00",1227.75,1244.425,1210.19,1238.05,118102
1283115600,"2010-08-29 21:00:00",1237.8,1254.78,1231.94,1246.82,116703
1283720400,"2010-09-05 21:00:00",1247.12,1262.81,1236.76,1246.48,103580
1284325200,"2010-09-12 21:00:00",1246.28,1282.92,1241.14,1274.15,135383
1284930000,"2010-09-19 21:00:00",1274.75,1300.035,1270.91,1296.74,153050
1285534800,"2010-09-26 21:00:00",1296.86,1320.715,1280.62,1318.91,154009
1286139600,"2010-10-03 21:00:00",1318.68,1364.985,1312.44,1346.38,225496
1286744400,"2010-10-10 21:00:00",1346.29,1387.285,1340.385,1368.48,244833
1287349200,"2010-10-17 21:00:00",1369.33,1375.115,1315.335,1328.48,274668
1287954000,"2010-10-24 21:00:00",1328.48,1359.55,1319.07,1359.39,244002
1288558800,"2010-10-31 21:00:00",1358.23,1398.335,1325.64,1393.72,269050
1289167200,"2010-11-07 22:00:00",1394.45,1424.55,1359.725,1368.72,381196
1289772000,"2010-11-14 22:00:00",1369.67,1376.975,1329.755,1353.65,350622
1290376800,"2010-11-21 22:00:00",1354,1382.655,1348.56,1363.54,220908
1290981600,"2010-11-28 22:00:00",1363.26,1415.88,1353.29,1414.09,283244
1291586400,"2010-12-05 22:00:00",1414.43,1431.375,1371.08,1386.08,296923
1292191200,"2010-12-12 22:00:00",1385.93,1408.235,1361.21,1375.29,253464
1292796000,"2010-12-19 22:00:00",1374.78,1392.315,1372.285,1383.65,124884
1293400800,"2010-12-26 22:00:00",1383.15,1421.5,1372.5,1421.46,115364
1294005600,"2011-01-02 22:00:00",1421.08,1424.055,1352.925,1369.55,241665
1294610400,"2011-01-09 22:00:00",1369.9,1393.27,1355.205,1361.98,217561
1295215200,"2011-01-16 22:00:00",1362.1,1379.375,1337.945,1342.73,189907
1295820000,"2011-01-23 22:00:00",1342.73,1353.175,1308.41,1336.81,215373
1296424800,"2011-01-30 22:00:00",1338.4,1358.995,1323.34,1348.77,210915
1297029600,"2011-02-06 22:00:00",1349.11,1368.765,1343.75,1356.95,158161
1297634400,"2011-02-13 22:00:00",1356.6,1392.15,1354.15,1390.11,141069
1298239200,"2011-02-20 22:00:00",1389.36,1418.335,1389.36,1410.53,180415
1298844000,"2011-02-27 22:00:00",1409.7,1440.32,1404.905,1430.99,186227
1299448800,"2011-03-06 22:00:00",1432.79,1444.92,1403.08,1417.81,215753
1300050000,"2011-03-13 21:00:00",1419.5,1433.1,1381.025,1418.55,249733
1300654800,"2011-03-20 21:00:00",1419.9,1447.832,1419.555,1429.73,196723
1301259600,"2011-03-27 21:00:00",1428.83,1439.666,1410.288,1428.585,198625
1301864400,"2011-04-03 21:00:00",1429.03,1475.215,1428.08,1474.837,193437
1302469200,"2011-04-10 21:00:00",1475.17,1488.251,1444.21,1486.98,267565
1303074000,"2011-04-17 21:00:00",1486.23,1512.798,1477.375,1506.6,204686
1303678800,"2011-04-24 21:00:00",1506.4,1569.465,1492.994,1563.75,302460
1304283600,"2011-05-01 21:00:00",1564.6,1576.472,1462.702,1495.55,587836
1304888400,"2011-05-08 21:00:00",1495.15,1526.687,1478.245,1495.035,395268
1305493200,"2011-05-15 21:00:00",1494.15,1515.961,1471.924,1511.85,314907
1306098000,"2011-05-22 21:00:00",1512.9,1538.458,1504.045,1536.433,256410
1306702800,"2011-05-29 21:00:00",1536.433,1550.483,1519.659,1542.075,226693
1307307600,"2011-06-05 21:00:00",1542.575,1553.715,1526.063,1531.23,219456
1307912400,"2011-06-12 21:00:00",1531.25,1542.214,1510.908,1539.45,251174
1308517200,"2011-06-19 21:00:00",1539.44,1558.242,1498.514,1502.598,251687
1309122000,"2011-06-26 21:00:00",1502.1,1514.082,1478.257,1487.75,233872
1309726800,"2011-07-03 21:00:00",1487.15,1545.575,1486.295,1544.2,176807
1310331600,"2011-07-10 21:00:00",1544.2,1594.46,1540.843,1593.7,292509
1310936400,"2011-07-17 21:00:00",1593.7,1610.196,1581.242,1601.4,262711
1311541200,"2011-07-24 21:00:00",1600.25,1632.826,1600.25,1627.15,246529
1312146000,"2011-07-31 21:00:00",1626.65,1682.276,1605.9,1663.7,421124
1312750800,"2011-08-07 21:00:00",1668.3,1814.903,1668.3,1746.55,893683
1313355600,"2011-08-14 21:00:00",1746.75,1877.895,1728.459,1852.05,521813
1313960400,"2011-08-21 21:00:00",1853.5,1912.277,1703.147,1828.8,1146343
1314565200,"2011-08-28 21:00:00",1833.05,1884.864,1776.135,1883.05,478372
1315170000,"2011-09-04 21:00:00",1885.25,1921.07,1793.115,1855.5,684244
1315774800,"2011-09-11 21:00:00",1857,1862.465,1762.792,1811.65,567870
1316379600,"2011-09-18 21:00:00",1812.65,1828.045,1629.322,1656.85,714405
1316984400,"2011-09-25 21:00:00",1656.85,1677.089,1533.207,1623.813,719534
1317589200,"2011-10-02 21:00:00",1624.325,1678.775,1596.009,1638.1,569693
1318194000,"2011-10-09 21:00:00",1638.85,1692.337,1638.34,1680.833,374907
1318798800,"2011-10-16 21:00:00",1680.05,1695.16,1603.958,1641.765,463011
1319403600,"2011-10-23 21:00:00",1641.6,1752.728,1635.632,1744.175,398246
1320008400,"2011-10-30 21:00:00",1743.175,1767.913,1681.408,1754.863,502360
1320616800,"2011-11-06 22:00:00",1754.893,1803.023,1735.97,1788.551,373065
1321221600,"2011-11-13 22:00:00",1788.35,1796.331,1710.627,1723.812,417738
1321826400,"2011-11-20 22:00:00",1723.812,1726.597,1666.683,1681.145,267891
1322431200,"2011-11-27 22:00:00",1683.395,1763.305,1683.395,1746.4,226330
1323036000,"2011-12-04 22:00:00",1746.55,1756.306,1702.293,1711.326,246694
1323640800,"2011-12-11 22:00:00",1711.326,1714.936,1560.503,1599.012,318929
1324245600,"2011-12-18 22:00:00",1599.012,1641.892,1583.512,1607.032,186690
1324850400,"2011-12-25 22:00:00",1607.032,1614.032,1522.764,1565.025,143697
1325455200,"2012-01-01 22:00:00",1565.025,1631.319,1565.025,1617.566,186197
1326060000,"2012-01-08 22:00:00",1617.566,1662.15,1605.211,1639.5,200221
1326664800,"2012-01-15 22:00:00",1639.5,1670.235,1631.569,1666.523,175863
1327269600,"2012-01-22 22:00:00",1666.493,1739.984,1649.16,1738.683,192262
1327874400,"2012-01-29 22:00:00",1738.683,1763.245,1716.518,1726.235,199341
1328479200,"2012-02-05 22:00:00",1726.235,1752.624,1704.688,1722.096,226190
1329084000,"2012-02-12 22:00:00",1722.096,1737.447,1705.393,1723.384,198308
1329688800,"2012-02-19 22:00:00",1724.384,1787.441,1724.384,1772.413,163326
1330293600,"2012-02-26 22:00:00",1772.413,1790.792,1688.483,1712.555,266959
1330898400,"2012-03-04 22:00:00",1711.455,1716.872,1663.34,1713.925,228107
1331499600,"2012-03-11 21:00:00",1713.925,1716.809,1634.612,1660.023,235713
1332104400,"2012-03-18 21:00:00",1660.023,1669.913,1628.18,1661.975,180643
1332709200,"2012-03-25 21:00:00",1661.975,1697.248,1645.233,1668.324,158513
1333314000,"2012-04-01 21:00:00",1668.854,1683.574,1612.394,1640,139003
1333918800,"2012-04-08 21:00:00",1641.5,1680.22,1632.036,1658.402,162540
1334523600,"2012-04-15 21:00:00",1658.382,1658.732,1631.221,1643.055,155440
1335128400,"2012-04-22 21:00:00",1642.677,1667.781,1623.37,1662.988,132366
1335733200,"2012-04-29 21:00:00",1662.988,1671.62,1626.691,1642.366,125135
1336338000,"2012-05-06 21:00:00",1642.366,1642.626,1573.622,1579.481,160374
1336942800,"2012-05-13 21:00:00",1580.3,1597.585,1527.117,1593.139,232241
1337547600,"2012-05-20 21:00:00",1593.489,1599.234,1533.557,1572.913,255818
1338152400,"2012-05-27 21:00:00",1573.913,1630.165,1532.244,1624.251,261892
1338757200,"2012-06-03 21:00:00",1625.001,1640.938,1558.284,1593.563,306044
1339362000,"2012-06-10 21:00:00",1598.313,1633.982,1581.954,1627.34,197786
1339966800,"2012-06-17 21:00:00",1627.34,1633.463,1558.401,1572.686,206611
1340571600,"2012-06-24 21:00:00",1572.686,1607.251,1548.111,1597.584,168699
1341176400,"2012-07-01 21:00:00",1597.584,1624.961,1576.551,1583.823,145595
1341781200,"2012-07-08 21:00:00",1583.823,1601.598,1555.126,1589.548,143803
1342386000,"2012-07-15 21:00:00",1589.548,1599.261,1567.903,1584.534,144663
1342990800,"2012-07-22 21:00:00",1584.534,1629.692,1563.469,1623.526,162038
1343595600,"2012-07-29 21:00:00",1623.526,1628.163,1584.153,1603.546,161629
1344200400,"2012-08-05 21:00:00",1603.546,1626.606,1602.471,1620.164,107800
1344805200,"2012-08-12 21:00:00",1620.164,1625.732,1590.117,1615.751,103191
1345410000,"2012-08-19 21:00:00",1615.751,1675.033,1609.815,1670.432,108343
1346014800,"2012-08-26 21:00:00",1670.432,1693.146,1646.488,1691.885,110978
1346619600,"2012-09-02 21:00:00",1691.885,1741.984,1685.587,1735.758,128702
1347224400,"2012-09-09 21:00:00",1735.758,1777.909,1718.912,1770.465,159821
1347829200,"2012-09-16 21:00:00",1770.465,1787.584,1752.392,1773.074,159924
1348434000,"2012-09-23 21:00:00",1773.074,1783.274,1736.572,1772.262,158887
1349038800,"2012-09-30 21:00:00",1772.262,1796.001,1763.549,1780.757,157791
1349643600,"2012-10-07 21:00:00",1780.757,1780.757,1752.265,1753.992,131403
1350248400,"2012-10-14 21:00:00",1753.992,1754.175,1716.427,1721.717,119140
1350853200,"2012-10-21 21:00:00",1721.717,1730.346,1698.736,1711.268,127624
1351458000,"2012-10-28 21:00:00",1711.268,1727.071,1674.669,1677.982,103677
1352066400,"2012-11-04 22:00:00",1677.982,1738.957,1672.738,1731.106,152322
1352671200,"2012-11-11 22:00:00",1731.106,1738.105,1704.884,1713.962,132369
1353276000,"2012-11-18 22:00:00",1713.962,1754.49,1713.962,1750.792,89816
1353880800,"2012-11-25 22:00:00",1750.792,1752.244,1705.89,1714.878,122107
1354485600,"2012-12-02 22:00:00",1714.878,1722.767,1684.008,1704.266,129638
1355090400,"2012-12-09 22:00:00",1704.266,1723.4385,1689.614,1696.064,229748
1355695200,"2012-12-16 22:00:00",1696.064,1703.296,1635.807,1657.0375,458942
1356300000,"2012-12-23 22:00:00",1657.0375,1668.083,1652.115,1656.088,202208
1356904800,"2012-12-30 22:00:00",1656.088,1694.972,1626.0225,1655.7705,403127
1357509600,"2013-01-06 22:00:00",1655.7705,1678.9675,1642.932,1662.8785,489154
1358114400,"2013-01-13 22:00:00",1662.8785,1697.37,1660.213,1684.394,446530
1358719200,"2013-01-20 22:00:00",1684.394,1696.1745,1656.046,1658.7695,392380
1359324000,"2013-01-27 22:00:00",1658.7695,1684.0985,1652.116,1667.4585,427688
1359928800,"2013-02-03 22:00:00",1667.4585,1685.483,1661.5595,1667.3135,436528
1360533600,"2013-02-10 22:00:00",1667.3135,1669.7465,1598.0195,1610.084,794641
1361138400,"2013-02-17 22:00:00",1610.084,1618.912,1555.0955,1581.3815,805102
1361743200,"2013-02-24 22:00:00",1581.3815,1620.1655,1564.937,1576.35,1034505
1362348000,"2013-03-03 22:00:00",1576.35,1586.6635,1561.5515,1578.793,818706
1362949200,"2013-03-10 21:00:00",1578.793,1599.498,1575.666,1592.0765,631495
1363554000,"2013-03-17 21:00:00",1592.0765,1616.9575,1591.2255,1608.8025,587185
1364158800,"2013-03-24 21:00:00",1608.8025,1613.7775,1589.827,1596.9465,401833
1364763600,"2013-03-31 21:00:00",1596.9465,1604.019,1540.208,1581.136,682965
1365368400,"2013-04-07 21:00:00",1581.136,1590.39,1480.8975,1483.187,752798
1365973200,"2013-04-14 21:00:00",1483.187,1495.676,1321.9365,1403.867,2181455
1366578000,"2013-04-21 21:00:00",1403.867,1485.4495,1403.867,1462.3225,1225492
1367182800,"2013-04-28 21:00:00",1462.3225,1488.081,1440.612,1470.85,1012974
1367787600,"2013-05-05 21:00:00",1470.85,1479.0805,1419.7785,1448.3,966653
1368392400,"2013-05-12 21:00:00",1448.3,1449.817,1355.414,1359.5035,1134843
1368997200,"2013-05-19 21:00:00",1359.5035,1414.598,1338.2725,1386.6045,1465833
1369602000,"2013-05-26 21:00:00",1386.6045,1422.086,1373.7615,1387.9595,861662
1370206800,"2013-06-02 21:00:00",1387.9595,1423.7265,1377.909,1382.9415,1200879
1370811600,"2013-06-09 21:00:00",1382.9415,1395.083,1366.087,1390.538,1066926
1371416400,"2013-06-16 21:00:00",1390.538,1392.0975,1269.631,1296.352,1394539
1372021200,"2013-06-23 21:00:00",1296.352,1301.544,1180.5125,1234.686,1769161
1372626000,"2013-06-30 21:00:00",1234.686,1267.6525,1208.306,1223.095,1247502
1373230800,"2013-07-07 21:00:00",1223.095,1299.023,1215.8145,1285.589,1219117
1373835600,"2013-07-14 21:00:00",1285.589,1300.764,1270.3695,1296.111,1033653
1374440400,"2013-07-21 21:00:00",1296.111,1348.1765,1296.111,1333.2735,1135927
1375045200,"2013-07-28 21:00:00",1333.2735,1339.335,1283.313,1311.832,1127509
1375650000,"2013-08-04 21:00:00",1311.832,1320.8575,1272.9645,1314.5005,980169
1376254800,"2013-08-11 21:00:00",1314.5005,1379.817,1314.5005,1376.7015,1428387
1376859600,"2013-08-18 21:00:00",1376.7015,1400.187,1352.424,1397.7785,1289777
1377464400,"2013-08-25 21:00:00",1397.7785,1433.773,1389.552,1395.2885,1235293
1378069200,"2013-09-01 21:00:00",1395.2885,1416.4415,1359.0425,1391.8705,1055753
1378674000,"2013-09-08 21:00:00",1391.8705,1394.6085,1305.013,1326.311,881344
1379278800,"2013-09-15 21:00:00",1326.311,1375.453,1291.981,1325.996,1243828
1379883600,"2013-09-22 21:00:00",1325.996,1344.3075,1305.8315,1336.751,1148104
1380488400,"2013-09-29 21:00:00",1336.751,1352.165,1277.9905,1310.911,1204926
1381093200,"2013-10-06 21:00:00",1310.911,1330.1075,1261.149,1272.133,1237525
1381698000,"2013-10-13 21:00:00",1272.133,1329.139,1251.691,1315.76,1483235
1382302800,"2013-10-20 21:00:00",1315.76,1355.749,1310.244,1350.775,878144
1382907600,"2013-10-27 21:00:00",1350.775,1361.9365,1306.1775,1316.207,969776
1383516000,"2013-11-03 22:00:00",1316.207,1326.5165,1281.1685,1288.729,781269
1384120800,"2013-11-10 22:00:00",1288.729,1294.4435,1261.505,1290.449,819832
1384725600,"2013-11-17 22:00:00",1290.449,1290.449,1236.8675,1243.738,862497
1385330400,"2013-11-24 22:00:00",1243.738,1258.3715,1225.535,1251.215,574293
1385935200,"2013-12-01 22:00:00",1251.215,1251.8355,1211.7845,1228.9515,936409
1386540000,"2013-12-08 22:00:00",1228.9515,1267.9635,1220.6445,1238.8915,742200
1387144800,"2013-12-15 22:00:00",1238.8915,1252.1285,1187.24,1203.356,1069296
1387749600,"2013-12-22 22:00:00",1203.356,1219.074,1192.8315,1213.404,430160
1388354400,"2013-12-29 22:00:00",1213.404,1240.4775,1182.4445,1236.895,674428
1388959200,"2014-01-05 22:00:00",1236.895,1249.1065,1214.4,1248.3095,803872
1389564000,"2014-01-12 22:00:00",1248.3095,1255.4435,1234.29,1253.8705,602148
1390168800,"2014-01-19 22:00:00",1253.8705,1272.733,1231.696,1269.8835,607926
1390773600,"2014-01-26 22:00:00",1269.8835,1279.2905,1238.123,1244.4765,864554
1391378400,"2014-02-02 22:00:00",1244.4765,1274.5585,1240.886,1267.4175,783655
1391983200,"2014-02-09 22:00:00",1267.4175,1321.4295,1265.1745,1318.8335,756251
1392588000,"2014-02-16 22:00:00",1318.8335,1332.3075,1307.482,1324.296,641198
1393192800,"2014-02-23 22:00:00",1324.296,1345.4895,1318.8065,1326.561,615528
1393797600,"2014-03-02 22:00:00",1326.561,1354.85,1326.561,1340.0815,697272
1394398800,"2014-03-09 21:00:00",1340.0815,1388.125,1328.1515,1383.2485,708063
1395003600,"2014-03-16 21:00:00",1383.2485,1392.3235,1320.579,1334.569,790806
1395608400,"2014-03-23 21:00:00",1334.569,1335.383,1285.803,1294.9725,759853
1396213200,"2014-03-30 21:00:00",1294.9725,1307.0005,1277.827,1303.4225,499160
1396818000,"2014-04-06 21:00:00",1303.4225,1324.6595,1295.74,1318.6125,437545
1397422800,"2014-04-13 21:00:00",1318.6125,1331.2595,1282.236,1295.79,473632
1398027600,"2014-04-20 21:00:00",1295.79,1305.168,1268.6015,1302.879,577287
1398632400,"2014-04-27 21:00:00",1302.879,1306.628,1273.726,1299.661,707321
1399237200,"2014-05-04 21:00:00",1299.661,1315.704,1284.933,1288.777,917876
1399842000,"2014-05-11 21:00:00",1288.777,1309.1945,1277.631,1293.2175,862974
1400446800,"2014-05-18 21:00:00",1293.2175,1305.575,1283.3815,1292.368,840107
1401051600,"2014-05-25 21:00:00",1292.368,1294.3225,1242.2925,1249.669,808315
1401656400,"2014-06-01 21:00:00",1249.669,1258.07,1240.374,1253.1245,467070
1402261200,"2014-06-08 21:00:00",1253.1245,1278.0835,1250.407,1277.201,331602
1402866000,"2014-06-15 21:00:00",1277.201,1322.0865,1258.5465,1314.7425,558967
1403470800,"2014-06-22 21:00:00",1314.7425,1326.0525,1306.219,1315.417,479558
1404075600,"2014-06-29 21:00:00",1315.417,1333.303,1308.906,1320.3085,369255
1404680400,"2014-07-06 21:00:00",1320.3085,1345.361,1311.9415,1337.936,387965
1405285200,"2014-07-13 21:00:00",1337.936,1339.861,1292.284,1311.174,667936
1405890000,"2014-07-20 21:00:00",1311.174,1318.398,1287.842,1306.378,463685
1406494800,"2014-07-27 21:00:00",1306.378,1312.315,1280.2055,1294.4865,585140
1407099600,"2014-08-03 21:00:00",1294.4865,1322.9125,1282.499,1309.8775,463043
1407704400,"2014-08-10 21:00:00",1309.8775,1319.826,1292.283,1305.024,379361
1408309200,"2014-08-17 21:00:00",1305.024,1305.024,1273.055,1281.1425,180759
1408914000,"2014-08-24 21:00:00",1281.1425,1296.7215,1269.184,1287.584,175493
1409518800,"2014-08-31 21:00:00",1287.584,1289.9945,1257.259,1269.1095,242335
1410123600,"2014-09-07 21:00:00",1269.1095,1271.91,1227.6335,1229.414,252214
1410728400,"2014-09-14 21:00:00",1229.414,1242.0125,1213.8355,1215.7635,356008
1411333200,"2014-09-21 21:00:00",1215.7635,1235.3115,1206.9995,1218.319,368131
1411938000,"2014-09-28 21:00:00",1218.319,1223.423,1190.077,1191.2895,461922
1412542800,"2014-10-05 21:00:00",1191.2895,1233.5615,1183.106,1223.059,448983
1413147600,"2014-10-12 21:00:00",1223.059,1249.823,1222.0265,1238.582,539102
1413752400,"2014-10-19 21:00:00",1238.582,1255.3985,1226.396,1231.2045,308730
1414357200,"2014-10-26 21:00:00",1231.2045,1235.8235,1161.0985,1173.157,424239
1414965600,"2014-11-02 22:00:00",1173.157,1178.964,1131.306,1177.585,757492
1415570400,"2014-11-09 22:00:00",1177.585,1193.8285,1146.17,1189.1075,869317
1416175200,"2014-11-16 22:00:00",1189.1075,1208.087,1175.3255,1201.5245,713671
1416780000,"2014-11-23 22:00:00",1201.5245,1204.4855,1165.249,1167.046,226430
1417384800,"2014-11-30 22:00:00",1167.046,1221.444,1142.7845,1192.0455,425695
1417989600,"2014-12-07 22:00:00",1192.0455,1238.385,1187.1535,1222.4625,408790
1418594400,"2014-12-14 22:00:00",1222.4625,1224.377,1183.2675,1195.666,857428
1419199200,"2014-12-21 22:00:00",1195.666,1203.6735,1170.8025,1196.531,329632
1419804000,"2014-12-28 22:00:00",1196.531,1211.0075,1167.6235,1188.773,228689
1420408800,"2015-01-04 22:00:00",1188.773,1224.3035,1178.311,1223.3345,490873
1421013600,"2015-01-11 22:00:00",1223.3345,1282.174,1217.618,1280.197,985077
1421618400,"2015-01-18 22:00:00",1280.197,1307.7915,1272.101,1294.714,650228
1422223200,"2015-01-25 22:00:00",1294.714,1299.3805,1251.9035,1283.956,640571
1422828000,"2015-02-01 22:00:00",1283.956,1286.1925,1228.376,1234.459,634850
1423432800,"2015-02-08 22:00:00",1234.459,1245.959,1216.657,1229.776,344652
1424037600,"2015-02-15 22:00:00",1229.776,1237.151,1197.654,1201.618,391711
1424642400,"2015-02-22 22:00:00",1201.618,1220.115,1190.39,1213.1405,367891
1425247200,"2015-03-01 22:00:00",1213.1405,1223.353,1163.884,1167.337,172053
1425848400,"2015-03-08 21:00:00",1167.337,1175.507,1147.6595,1158.6,145551
1426453200,"2015-03-15 21:00:00",1158.6,1188.067,1142.7585,1182.6095,187842
1427058000,"2015-03-22 21:00:00",1182.6095,1219.9995,1179.4125,1198.8125,159110
1427662800,"2015-03-29 21:00:00",1198.8125,1208.715,1178.55,1203.206,109359
1428267600,"2015-04-05 21:00:00",1203.206,1224.3095,1192.725,1207.7495,131611
1428872400,"2015-04-12 21:00:00",1207.7495,1209.648,1184.0995,1204.4205,161657
1429477200,"2015-04-19 21:00:00",1204.4205,1209.47,1175.3835,1179.482,133656
1430082000,"2015-04-26 21:00:00",1179.482,1215.187,1170.193,1178.4675,173456
1430686800,"2015-05-03 21:00:00",1178.4675,1199.9925,1177.8405,1188.4105,142756
1431291600,"2015-05-10 21:00:00",1188.4105,1227.6985,1178.97,1224.068,136492
1431896400,"2015-05-17 21:00:00",1224.068,1232.473,1201.594,1205.9725,125226
1432501200,"2015-05-24 21:00:00",1205.9725,1208.7405,1180.2165,1190.4235,120740
1433106000,"2015-05-31 21:00:00",1190.4235,1204.473,1162.786,1172.0125,167591
1433710800,"2015-06-07 21:00:00",1172.0125,1192.4155,1169.2015,1181.6945,113678
1434315600,"2015-06-14 21:00:00",1181.6945,1205.973,1172.9045,1200.2985,114788
1434920400,"2015-06-21 21:00:00",1200.2985,1201.2095,1168.5415,1175.3875,88517
1435525200,"2015-06-28 21:00:00",1175.3875,1188.2825,1157.1515,1168.902,110830
1436130000,"2015-07-05 21:00:00",1168.902,1175.668,1147.2865,1163.647,153358
1436734800,"2015-07-12 21:00:00",1163.647,1165.1005,1131.1495,1134.4725,109289
1437339600,"2015-07-19 21:00:00",1134.4725,1134.4725,1072.2495,1099.534,208219
1437944400,"2015-07-26 21:00:00",1099.534,1105.157,1080.1555,1095.5685,155060
1438549200,"2015-08-02 21:00:00",1095.5685,1099.679,1081.085,1094.175,121289
1439154000,"2015-08-09 21:00:00",1094.175,1126.925,1089.744,1114.921,161108
1439758800,"2015-08-16 21:00:00",1114.921,1168.389,1109.5725,1161.1095,136143
1440363600,"2015-08-23 21:00:00",1161.1095,1170.28,1117.7665,1133.744,309661
1440968400,"2015-08-30 21:00:00",1133.744,1148.0765,1116.519,1121.578,142799
1441573200,"2015-09-06 21:00:00",1121.578,1126.9425,1098.795,1107.7665,107703
1442178000,"2015-09-13 21:00:00",1107.7665,1141.9215,1102.545,1139.059,122674
1442782800,"2015-09-20 21:00:00",1139.059,1156.7635,1121.3945,1146.2295,110339
1443387600,"2015-09-27 21:00:00",1146.2295,1148.3695,1104.735,1138.492,136467
1443992400,"2015-10-04 21:00:00",1138.492,1159.741,1130.214,1156.36,116971
1444597200,"2015-10-11 21:00:00",1156.36,1191.653,1151.942,1176.7425,146304
1445202000,"2015-10-18 21:00:00",1176.7425,1181.0175,1159.0165,1164.4585,133809
1445806800,"2015-10-25 21:00:00",1164.4585,1183.08,1138.932,1142.173,129866
1446415200,"2015-11-01 22:00:00",1142.173,1143.1005,1085.524,1089.661,124418
1447020000,"2015-11-08 22:00:00",1089.661,1095.9155,1074.0375,1083.8925,119315
1447624800,"2015-11-15 22:00:00",1083.8925,1098.199,1063.846,1077.765,142475
1448229600,"2015-11-22 22:00:00",1077.765,1081.25,1052.885,1057.7685,104395
1448834400,"2015-11-29 22:00:00",1057.7685,1088.908,1046.459,1086.532,172886
1449439200,"2015-12-06 22:00:00",1086.532,1086.783,1062.541,1074.8315,155796
1450044000,"2015-12-13 22:00:00",1074.8315,1078.5705,1047.755,1066.23,172492
1450648800,"2015-12-20 22:00:00",1066.23,1081.8075,1063.953,1076.2445,84178
1451253600,"2015-12-27 22:00:00",1076.2445,1077.2065,1057.808,1060.6345,79979
1451858400,"2016-01-03 22:00:00",1060.6345,1113.7065,1060.6345,1104.161,179331
1452463200,"2016-01-10 22:00:00",1104.161,1108.6215,1071.475,1088.7755,169368
1453068000,"2016-01-17 22:00:00",1088.7755,1109.851,1082.471,1097.653,145831
1453672800,"2016-01-24 22:00:00",1097.653,1128.1735,1097.344,1118.143,141388
1454277600,"2016-01-31 22:00:00",1118.143,1174.66,1115.614,1173.5065,173987
1454882400,"2016-02-07 22:00:00",1173.5065,1263.436,1164.2965,1237.951,375695
1455487200,"2016-02-14 22:00:00",1237.951,1240.021,1190.9975,1226.326,262988
1456092000,"2016-02-21 22:00:00",1226.326,1253.378,1202.046,1222.997,307794
1456696800,"2016-02-28 22:00:00",1222.997,1279.9235,1215.759,1259.277,321966
1457301600,"2016-03-06 22:00:00",1259.277,1284.979,1237.0325,1250.3545,323477
1457902800,"2016-03-13 21:00:00",1250.3545,1271.057,1225.664,1255.2935,244332
1458507600,"2016-03-20 21:00:00",1255.2935,1260.3555,1211.108,1217.3005,156006
1459112400,"2016-03-27 21:00:00",1217.3005,1244.432,1207.873,1222.3655,205978
1459717200,"2016-04-03 21:00:00",1222.3655,1243.351,1214.7315,1239.6775,201713
1460322000,"2016-04-10 21:00:00",1239.6775,1262.7885,1223.96,1234.0655,219975
1460926800,"2016-04-17 21:00:00",1234.0655,1270.3615,1227.586,1232.3945,306140
1461531600,"2016-04-24 21:00:00",1232.3945,1296.913,1230.238,1293.3535,315410
1462136400,"2016-05-01 21:00:00",1293.3535,1303.838,1268.981,1287.737,323440
1462741200,"2016-05-08 21:00:00",1287.737,1287.737,1256.9375,1273.064,282760
1463346000,"2016-05-15 21:00:00",1273.064,1288.7695,1244.058,1252.23,314735
1463950800,"2016-05-22 21:00:00",1252.23,1256.1715,1206.8155,1212.9815,228783
1464555600,"2016-05-29 21:00:00",1212.9815,1244.924,1199.655,1244.247,195878
1465160400,"2016-06-05 21:00:00",1244.247,1278.2235,1234.7685,1273.7815,164454
1465765200,"2016-06-12 21:00:00",1273.7815,1315.7595,1272.581,1298.6375,254323
1466370000,"2016-06-19 21:00:00",1298.6375,1358.7615,1250.4275,1315.7225,469960
1466974800,"2016-06-26 21:00:00",1315.7225,1344.615,1305.5175,1341.229,313719
1467579600,"2016-07-03 21:00:00",1341.229,1375.307,1335.3295,1366.235,365067
1468184400,"2016-07-10 21:00:00",1366.235,1375.2295,1320.2825,1337.4675,294289
1468789200,"2016-07-17 21:00:00",1337.4675,1338.316,1310.8785,1322.2945,227195
1469394000,"2016-07-24 21:00:00",1322.2945,1355.119,1311.9025,1351.2055,222372
1469998800,"2016-07-31 21:00:00",1351.2055,1367.3175,1334.758,1336.112,201869
1470603600,"2016-08-07 21:00:00",1336.112,1357.358,1330.041,1336.2345,184747
1471208400,"2016-08-14 21:00:00",1336.2345,1358.208,1335.388,1341.602,214010
1471813200,"2016-08-21 21:00:00",1341.602,1344.8475,1318.067,1320.5305,212993
1472418000,"2016-08-28 21:00:00",1320.5305,1330.3025,1302.5685,1325.4725,203951
1473022800,"2016-09-04 21:00:00",1325.4725,1352.8545,1321.874,1326.985,163854
1473627600,"2016-09-11 21:00:00",1326.985,1332.1295,1306.3285,1310.1955,204937
1474232400,"2016-09-18 21:00:00",1310.1955,1343.731,1307.851,1338.169,162018
1474837200,"2016-09-25 21:00:00",1338.169,1342.2365,1313.3525,1316.0645,139556
1475442000,"2016-10-02 21:00:00",1316.0645,1319.7,1241.511,1257.4635,219859
1476046800,"2016-10-09 21:00:00",1257.4635,1265.0505,1246.146,1251.5925,157971
1476651600,"2016-10-16 21:00:00",1251.5925,1274.8795,1250.292,1266.3755,110018
1477256400,"2016-10-23 21:00:00",1266.3755,1284.403,1260.421,1275.792,130638
1477861200,"2016-10-30 21:00:00",1275.792,1308.0775,1271.262,1305.1135,180352
1478469600,"2016-11-06 22:00:00",1305.1135,1337.495,1219.1785,1227.8555,683091
1479074400,"2016-11-13 22:00:00",1227.8555,1233.2355,1202.525,1207.8835,391374
1479679200,"2016-11-20 22:00:00",1207.8835,1221.147,1170.938,1184.2895,293530
1480284000,"2016-11-27 22:00:00",1184.2895,1197.7475,1160.8295,1177.287,290458
1480888800,"2016-12-04 22:00:00",1177.287,1188.267,1156.2945,1159.8395,233468
1481493600,"2016-12-11 22:00:00",1159.8395,1165.8825,1122.751,1134.7365,250882
1482098400,"2016-12-18 22:00:00",1134.7365,1142.508,1125.873,1132.388,149996
1482703200,"2016-12-25 22:00:00",1132.388,1163.4065,1131.709,1151.61,121848
1483308000,"2017-01-01 22:00:00",1151.61,1185.151,1146.157,1172.6905,214666
1483912800,"2017-01-08 22:00:00",1172.6905,1207.047,1172.038,1197.383,269620
1484517600,"2017-01-15 22:00:00",1197.383,1218.944,1195.922,1210.395,254461
1485122400,"2017-01-22 22:00:00",1210.395,1220.224,1180.59,1191.082,210800
1485727200,"2017-01-29 22:00:00",1191.082,1225.409,1188.338,1220.5935,227011
1486332000,"2017-02-05 22:00:00",1220.5935,1244.83,1219.236,1233.755,162646
1486936800,"2017-02-12 22:00:00",1233.755,1243.85,1216.752,1234.7255,110929
1487541600,"2017-02-19 22:00:00",1234.7255,1260.198,1226.248,1257.3295,91465
1488146400,"2017-02-26 22:00:00",1257.3295,1263.944,1222.911,1234.974,210197
1488751200,"2017-03-05 22:00:00",1234.974,1236.95,1195.067,1204.6815,115220
1489352400,"2017-03-12 21:00:00",1204.6815,1233.884,1197.294,1229.3345,161609
1489957200,"2017-03-19 21:00:00",1229.3345,1253.408,1226.962,1243.449,188349
1490562000,"2017-03-26 21:00:00",1243.449,1261.081,1239.677,1249.119,144389
1491166800,"2017-04-02 21:00:00",1249.119,1271.122,1243.821,1254.437,212773
1491771600,"2017-04-09 21:00:00",1254.437,1288.644,1247.112,1287.5825,150477
1492376400,"2017-04-16 21:00:00",1287.5825,1295.612,1273.904,1284.265,184548
1492981200,"2017-04-23 21:00:00",1284.265,1284.265,1259.97,1268.229,191681
1493586000,"2017-04-30 21:00:00",1268.229,1271.295,1225.579,1228.368,201042
1494190800,"2017-05-07 21:00:00",1228.368,1236.652,1214.392,1228.021,143712
1494795600,"2017-05-14 21:00:00",1228.021,1265.091,1226.975,1255.759,218541
1495400400,"2017-05-21 21:00:00",1255.759,1269.543,1247.979,1266.928,167028
1496005200,"2017-05-28 21:00:00",1266.928,1279.677,1259.044,1279.29,129574
1496610000,"2017-06-04 21:00:00",1279.29,1296.208,1264.771,1266.732,163291
1497214800,"2017-06-11 21:00:00",1266.732,1281.204,1251.534,1254.449,176717
1497819600,"2017-06-18 21:00:00",1254.449,1258.912,1240.902,1256.7525,104535
1498424400,"2017-06-25 21:00:00",1256.7525,1258.272,1236.006,1242.118,169067
1499029200,"2017-07-02 21:00:00",1242.118,1242.826,1207.416,1212.935,159574
1499634000,"2017-07-09 21:00:00",1212.935,1233.042,1204.89,1228.971,144518
1500238800,"2017-07-16 21:00:00",1228.971,1255.7625,1228.282,1254.9845,111593
1500843600,"2017-07-23 21:00:00",1254.9845,1270.962,1243.821,1269.5595,147444
1501448400,"2017-07-30 21:00:00",1269.5595,1274.204,1254.271,1259.177,152623
1502053200,"2017-08-06 21:00:00",1259.177,1292.354,1251.614,1289.36,186340
1502658000,"2017-08-13 21:00:00",1289.36,1300.926,1267.397,1284.523,248371
1503262800,"2017-08-20 21:00:00",1284.523,1295.152,1276.196,1291.443,211153
1503867600,"2017-08-27 21:00:00",1291.443,1329.053,1291.443,1324.876,313804
1504472400,"2017-09-03 21:00:00",1324.876,1357.624,1324.876,1346.7815,288416
1505077200,"2017-09-10 21:00:00",1346.7815,1346.7815,1315.683,1320.66,246582
1505682000,"2017-09-17 21:00:00",1320.66,1320.66,1288.15,1297.293,222089
1506286800,"2017-09-24 21:00:00",1297.293,1313.809,1275.633,1280.081,248002
1506891600,"2017-10-01 21:00:00",1280.081,1282.32,1260.668,1276.372,172099
1507496400,"2017-10-08 21:00:00",1276.372,1304.299,1275.331,1303.797,162616
1508101200,"2017-10-15 21:00:00",1303.797,1306.138,1276.729,1280.368,177896
1508706000,"2017-10-22 21:00:00",1280.368,1283.772,1263.582,1274.131,197702
1509310800,"2017-10-29 21:00:00",1274.131,1284.271,1265.534,1269.9905,177233
1509919200,"2017-11-05 22:00:00",1269.9905,1288.744,1266.174,1275.413,170966
1510524000,"2017-11-12 22:00:00",1275.413,1296.984,1270.118,1294.343,171522
1511128800,"2017-11-19 22:00:00",1294.343,1294.956,1274.518,1288.457,150281
1511733600,"2017-11-26 22:00:00",1288.457,1299.326,1270.371,1280.637,215021
1512338400,"2017-12-03 22:00:00",1280.637,1280.637,1243.958,1248.3,168110
1512943200,"2017-12-10 22:00:00",1248.3,1261.957,1236.527,1255.157,141795
1513548000,"2017-12-17 22:00:00",1255.157,1276.203,1252.872,1274.756,98732
1514152800,"2017-12-24 22:00:00",1274.756,1307.676,1273.408,1303.247,78551
1514757600,"2017-12-31 22:00:00",1303.247,1326.064,1302.9,1319.864,119299
1515362400,"2018-01-07 22:00:00",1319.864,1339.434,1308.318,1338.425,162588
1515967200,"2018-01-14 22:00:00",1338.425,1344.874,1324.3,1331.678,199670
1516572000,"2018-01-21 22:00:00",1331.678,1366.112,1328.5,1349.765,270919
1517176800,"2018-01-28 22:00:00",1349.765,1352.506,1327.472,1333.081,302371
1517781600,"2018-02-04 22:00:00",1333.081,1346.192,1307.081,1316.47,411307
1518386400,"2018-02-11 22:00:00",1316.47,1361.796,1314.294,1347.532,261971
1518991200,"2018-02-18 22:00:00",1347.532,1351.463,1321.026,1329.623,203682
1519596000,"2018-02-25 22:00:00",1329.623,1341.072,1302.832,1322.064,236104
1520200800,"2018-03-04 22:00:00",1322.064,1340.6,1312.862,1323.532,204567
1520802000,"2018-03-11 21:00:00",1323.532,1330.162,1309.687,1314.435,178891
1521406800,"2018-03-18 21:00:00",1314.435,1350.334,1307.21,1348.008,243424
1522011600,"2018-03-25 21:00:00",1348.008,1356.917,1321.248,1325.2385,159722
1522616400,"2018-04-01 21:00:00",1325.2385,1348.266,1320.075,1333.3325,234973
1523221200,"2018-04-08 21:00:00",1333.3325,1365.37,1326.93,1345.9,248505
1523826000,"2018-04-15 21:00:00",1345.9,1355.81,1335.006,1336.154,231785
1524430800,"2018-04-22 21:00:00",1336.154,1336.154,1315.286,1323.699,214609
1525035600,"2018-04-29 21:00:00",1323.699,1325.032,1301.756,1314.994,237939
1525640400,"2018-05-06 21:00:00",1314.994,1326.046,1304.332,1318.571,224274
1526245200,"2018-05-13 21:00:00",1318.571,1322.431,1284.914,1292.603,169900
1526850000,"2018-05-20 21:00:00",1292.603,1307.89,1282.031,1301.826,171130
1527454800,"2018-05-27 21:00:00",1301.826,1306.912,1289.567,1293.668,233099
1528059600,"2018-06-03 21:00:00",1293.668,1303.327,1289.908,1299.235,154060
1528664400,"2018-06-10 21:00:00",1299.235,1309.404,1275.502,1279.665,177266
1529269200,"2018-06-17 21:00:00",1279.665,1284.098,1261.259,1269.96,160967
1529874000,"2018-06-24 21:00:00",1269.96,1272.702,1245.98,1253.022,156570
1530478800,"2018-07-01 21:00:00",1253.022,1261.181,1238.02,1255.257,144424
1531083600,"2018-07-08 21:00:00",1255.257,1266.023,1236.518,1241.68,150733
1531688400,"2018-07-15 21:00:00",1241.68,1245.654,1211.52,1231.212,181534
1532293200,"2018-07-22 21:00:00",1231.212,1235.298,1217.594,1223.459,179384
1532898000,"2018-07-29 21:00:00",1223.459,1228.589,1204.528,1213.879,142537
1533502800,"2018-08-05 21:00:00",1213.879,1217.988,1205.78,1212.019,132105
1534107600,"2018-08-12 21:00:00",1212.019,1213.983,1160.324,1184.679,204335
1534712400,"2018-08-19 21:00:00",1184.679,1208.715,1182.895,1205.782,153402
1535317200,"2018-08-26 21:00:00",1205.782,1214.41,1195.945,1201.055,163631
1535922000,"2018-09-02 21:00:00",1201.055,1207.084,1189.686,1196.55,152934
1536526800,"2018-09-09 21:00:00",1196.55,1212.748,1187.818,1194.061,152158
1537131600,"2018-09-16 21:00:00",1194.061,1211.153,1192.023,1198.717,144219
1537736400,"2018-09-23 21:00:00",1198.717,1204.234,1180.77,1191.82,148765
1538341200,"2018-09-30 21:00:00",1191.82,1208.405,1184.62,1203.782,167757
1538946000,"2018-10-07 21:00:00",1203.782,1226.4,1182.9,1217.62,193557
1539550800,"2018-10-14 21:00:00",1217.62,1233.292,1216.991,1226.682,153357
1540155600,"2018-10-21 21:00:00",1226.682,1243.47,1220.137,1233.903,164179
1540760400,"2018-10-28 21:00:00",1233.903,1237.504,1212.001,1233.05,175067
1541368800,"2018-11-04 22:00:00",1233.05,1236.911,1206.734,1209.832,155939
1541973600,"2018-11-11 22:00:00",1209.832,1225.364,1196.436,1221.811,173341
1542578400,"2018-11-18 22:00:00",1221.811,1230.003,1218.096,1223.148,111961
1543183200,"2018-11-25 22:00:00",1223.148,1229.091,1211.281,1222.028,138764
1543788000,"2018-12-02 22:00:00",1222.028,1250.082,1221.381,1248.084,150863
1544392800,"2018-12-09 22:00:00",1248.084,1251.276,1233,1238.593,116862
1544997600,"2018-12-16 22:00:00",1238.593,1266.558,1235.867,1255.984,151178
1545602400,"2018-12-23 22:00:00",1255.984,1282.237,1255.984,1281.362,138424
1546207200,"2018-12-30 22:00:00",1281.362,1298.633,1276.699,1285.145,148425
1546812000,"2019-01-06 22:00:00",1285.145,1297.194,1279.437,1287.62,132931
1547416800,"2019-01-13 22:00:00",1287.62,1295.954,1280.717,1281.689,110808
1548021600,"2019-01-20 22:00:00",1281.689,1304.099,1276.851,1303.2,88472
1548626400,"2019-01-27 22:00:00",1303.2,1326.312,1297.772,1317.796,88758
1549231200,"2019-02-03 22:00:00",1317.796,1319.129,1302.887,1314.12,46465
1549836000,"2019-02-10 22:00:00",1314.12,1322.543,1302.449,1321.053,55684
1550440800,"2019-02-17 22:00:00",1321.053,1346.743,1320.676,1328.062,60731
1551045600,"2019-02-24 22:00:00",1328.062,1332.606,1290.315,1293.311,65709
1551650400,"2019-03-03 22:00:00",1293.311,1300.836,1280.922,1298.889,65555
1552251600,"2019-03-10 21:00:00",1298.889,1311.288,1290.558,1302.434,52016
1552856400,"2019-03-17 21:00:00",1302.434,1320.434,1298.325,1313.666,65907
1553461200,"2019-03-24 21:00:00",1313.666,1324.568,1286.842,1292.412,73891
1554066000,"2019-03-31 21:00:00",1292.412,1297.077,1280.984,1291.698,60554
1554670800,"2019-04-07 21:00:00",1291.698,1310.602,1289.779,1290.233,55464
1555275600,"2019-04-14 21:00:00",1290.233,1292.022,1271.28,1275.68,43385
1555880400,"2019-04-21 21:00:00",1275.68,1288.743,1266.421,1286.137,49987
1556485200,"2019-04-28 21:00:00",1286.137,1287.236,1266.389,1279.072,62067
1557090000,"2019-05-05 21:00:00",1279.072,1291.513,1277.116,1285.97,67790
1557694800,"2019-05-12 21:00:00",1285.97,1303.364,1274.962,1277.532,57910
1558299600,"2019-05-19 21:00:00",1277.532,1287.347,1269.603,1284.612,48602
1558904400,"2019-05-26 21:00:00",1284.612,1306.898,1275.124,1305.276,55283
1559509200,"2019-06-02 21:00:00",1305.276,1348.212,1305.276,1340.437,103028
1560114000,"2019-06-09 21:00:00",1340.437,1358.222,1319.999,1341.932,85476
1560718800,"2019-06-16 21:00:00",1341.932,1411.993,1333.12,1399.427,182109
1561323600,"2019-06-23 21:00:00",1399.427,1439.318,1398.745,1409.407,225792
1561928400,"2019-06-30 21:00:00",1409.407,1437.8,1381.904,1399.43,193023
1562533200,"2019-07-07 21:00:00",1399.43,1427.203,1385.87,1415.611,147002
1563138000,"2019-07-14 21:00:00",1415.611,1453.005,1400.214,1425.58,162605
1563742800,"2019-07-21 21:00:00",1427.59,1433.826,1411.206,1418.638,120054
1564347600,"2019-07-28 21:00:00",1418.638,1448.998,1400.613,1440.959,196192
1564952400,"2019-08-04 21:00:00",1440.959,1510.452,1436.794,1496.717,289787
1565557200,"2019-08-11 21:00:00",1496.717,1535.094,1479.99,1513.791,326986
1566162000,"2019-08-18 21:00:00",1513.791,1530.204,1492.593,1527.378,167635
1566766800,"2019-08-25 21:00:00",1539.725,1555.182,1517.16,1520.531,243884
1567371600,"2019-09-01 21:00:00",1527.821,1557.074,1502.707,1506.92,236406
1567976400,"2019-09-08 21:00:00",1506.923,1524.25,1484.705,1488.747,210980
1568581200,"2019-09-15 21:00:00",1488.747,1517.06,1483.311,1516.975,178245
1569186000,"2019-09-22 21:00:00",1514.557,1535.668,1487.105,1497.199,206131
1569790800,"2019-09-29 21:00:00",1495.252,1519.651,1459.17,1504.738,251901
1570395600,"2019-10-06 21:00:00",1511.782,1517.108,1474.094,1488.966,225057
1571000400,"2019-10-13 21:00:00",1488.85,1498.486,1477.228,1490.44,141224
1571605200,"2019-10-20 21:00:00",1491.384,1517.974,1480.961,1504.52,107705
1572210000,"2019-10-27 21:00:00",1504.52,1516.171,1481.264,1514.325,125568
1572818400,"2019-11-03 22:00:00",1514.325,1514.879,1456.322,1459.262,142340
1573423200,"2019-11-10 22:00:00",1459.262,1474.604,1445.707,1468.162,117124
1574028000,"2019-11-17 22:00:00",1468.162,1478.739,1456.458,1462.617,122128
1574632800,"2019-11-24 22:00:00",1462.617,1466.461,1450.186,1463.989,65941
1575237600,"2019-12-01 22:00:00",1463.989,1484.085,1454.178,1460.413,114678
1575842400,"2019-12-08 22:00:00",1460.413,1486.783,1458.796,1476.328,111269
1576447200,"2019-12-15 22:00:00",1476.328,1481.762,1470.58,1478.088,55202
1577052000,"2019-12-22 22:00:00",1478.088,1515.32,1477.587,1511.131,53636
1577656800,"2019-12-29 22:00:00",1511.131,1553.537,1510.88,1552.394,85236
1578261600,"2020-01-05 22:00:00",1552.394,1611.498,1540.256,1562.212,257417
1578866400,"2020-01-12 22:00:00",1562.212,1562.212,1536.016,1557.304,108641
1579471200,"2020-01-19 22:00:00",1557.304,1575.929,1546.403,1571.724,117331
1580076000,"2020-01-26 22:00:00",1571.724,1590.55,1563.471,1589.975,194119
1580680800,"2020-02-02 22:00:00",1589.975,1592.168,1547.5535,1570.384,181219
1581285600,"2020-02-09 22:00:00",1570.384,1585.08,1561.984,1583.846,109591
1581890400,"2020-02-16 22:00:00",1583.846,1649.34,1578.935,1643.397,142391
1582495200,"2020-02-23 22:00:00",1643.397,1689.384,1563.038,1586.542,630179
1583100000,"2020-03-01 22:00:00",1586.542,1692.252,1575.579,1674.062,546623
1583701200,"2020-03-08 21:00:00",1674.062,1703.282,1504.782,1529.486,823693
1584306000,"2020-03-15 21:00:00",1529.486,1575.454,1451.432,1499.094,905881
1584910800,"2020-03-22 21:00:00",1499.094,1644.433,1482.79,1627.724,588594
1585515600,"2020-03-29 21:00:00",1627.724,1632.264,1572.827,1618.425,511246
1586120400,"2020-04-05 21:00:00",1618.425,1690.25,1609.26,1683.505,460269
1586725200,"2020-04-12 21:00:00",1683.505,1747.722,1675.045,1683.5,776230
1587330000,"2020-04-19 21:00:00",1683.5,1738.878,1661.416,1729.406,911504
1587934800,"2020-04-26 21:00:00",1729.406,1729.406,1670.909,1701.282,706671
1588539600,"2020-05-03 21:00:00",1701.282,1723.654,1682.632,1702.39,375852
1589144400,"2020-05-10 21:00:00",1702.39,1751.718,1692.126,1742.624,599763
1589749200,"2020-05-17 21:00:00",1742.624,1765.256,1717.568,1734.448,510967
1590354000,"2020-05-24 21:00:00",1734.448,1737.914,1694.006,1729.615,337710
1590958800,"2020-05-31 21:00:00",1729.615,1745.304,1670.438,1685.27,471816
1591563600,"2020-06-07 21:00:00",1685.27,1744.918,1677.506,1730.905,587179
1592168400,"2020-06-14 21:00:00",1730.905,1745.282,1704.484,1744.189,337592
1592773200,"2020-06-21 21:00:00",1744.189,1779.446,1742.68,1771.478,238090
1593378000,"2020-06-28 21:00:00",1771.478,1789.265,1757.665,1775.086,155774
1593982800,"2020-07-05 21:00:00",1775.086,1818.092,1770.1,1798.446,156799
1594587600,"2020-07-12 21:00:00",1798.446,1815.236,1790.766,1810.046,155521
1595192400,"2020-07-19 21:00:00",1810.046,1906.585,1805.878,1901.637,273995
1595797200,"2020-07-26 21:00:00",1901.637,1983.102,1900.01,1975.962,486957
1596402000,"2020-08-02 21:00:00",1975.962,2075.282,1960.54,2035.23,454870
1597006800,"2020-08-09 21:00:00",2035.23,2049.915,1862.899,1944.714,653566
1597611600,"2020-08-16 21:00:00",1944.714,2015.726,1911.586,1940.498,570712
1598216400,"2020-08-23 21:00:00",1940.498,1977.187,1902.726,1965.026,465973
1598821200,"2020-08-30 21:00:00",1965.026,1992.565,1916.696,1934.024,448286
1599426000,"2020-09-06 21:00:00",1934.024,1966.57,1906.628,1940.456,304698
1600030800,"2020-09-13 21:00:00",1940.456,1973.782,1932.886,1950.506,261331
1600635600,"2020-09-20 21:00:00",1950.506,1955.624,1848.842,1861.62,503957
1601240400,"2020-09-27 21:00:00",1861.62,1917.165,1848.801,1899.168,349105
1601845200,"2020-10-04 21:00:00",1899.168,1930.57,1872.898,1930.521,257991
1602450000,"2020-10-11 21:00:00",1930.521,1933.292,1882.434,1899.33,261548
1603054800,"2020-10-18 21:00:00",1899.33,1931.401,1894.483,1902.04,203324
1603659600,"2020-10-25 21:00:00",1902.04,1911.354,1860.08,1878.952,247894
1604268000,"2020-11-01 22:00:00",1878.952,1960.386,1873.504,1951.193,348866
1604872800,"2020-11-08 22:00:00",1951.193,1965.572,1850.53,1889.565,344872
1605477600,"2020-11-15 22:00:00",1889.565,1899.112,1852.792,1870.987,222130
1606082400,"2020-11-22 22:00:00",1870.987,1876.139,1774.41,1786.92,227981
1606687200,"2020-11-29 22:00:00",1786.92,1848.202,1764.57,1838.79,240715
1607292000,"2020-12-06 22:00:00",1838.79,1875.306,1822.253,1839.303,245472
1607896800,"2020-12-13 22:00:00",1839.303,1896.318,1819.418,1881.479,240657
1608501600,"2020-12-20 22:00:00",1881.479,1906.809,1855.148,1879.555,229300
1609106400,"2020-12-27 22:00:00",1879.555,1901.026,1869.309,1898.391,170743
1609711200,"2021-01-03 22:00:00",1898.391,1959.406,1828.276,1849.215,404541
1610316000,"2021-01-10 22:00:00",1849.215,1863.87,1817.16,1828.586,349680
1610920800,"2021-01-17 22:00:00",1828.586,1875.17,1802.955,1855.8,270290
1611525600,"2021-01-24 22:00:00",1855.8,1875.736,1831.426,1847.74,378175
1612130400,"2021-01-31 22:00:00",1847.74,1871.89,1785.02,1814.2,432528
1612735200,"2021-02-07 22:00:00",1814.2,1855.455,1807.865,1824.4,269848
1613340000,"2021-02-14 22:00:00",1824.4,1827.1,1760.754,1784.185,344772
1613944800,"2021-02-21 22:00:00",1784.185,1816.1,1717.27,1734.375,540275
1614549600,"2021-02-28 22:00:00",1734.375,1759.95,1687.29,1703.12,474612
1615154400,"2021-03-07 22:00:00",1703.12,1739.89,1676.866,1726.965,329980
1615755600,"2021-03-14 21:00:00",1726.965,1755.565,1719.25,1745.054,309907
1616360400,"2021-03-21 21:00:00",1745.054,1747.046,1721.695,1732.77,250544
1616965200,"2021-03-28 21:00:00",1732.77,1733.371,1677.954,1729.88,226427
1617570000,"2021-04-04 21:00:00",1729.88,1758.724,1721.366,1743.775,231393
1618174800,"2021-04-11 21:00:00",1743.775,1783.898,1723.792,1776.68,247550
1618779600,"2021-04-18 21:00:00",1776.68,1797.934,1763.72,1777.35,245409
1619384400,"2021-04-25 21:00:00",1777.35,1790.03,1756.132,1771.945,239207
1619989200,"2021-05-02 21:00:00",1771.945,1843.4,1766.29,1831.355,334669
1620594000,"2021-05-09 21:00:00",1831.355,1846.296,1808.866,1843.165,368686
1621198800,"2021-05-16 21:00:00",1843.165,1890.145,1842.02,1881.245,265432
1621803600,"2021-05-23 21:00:00",1881.245,1912.785,1872.755,1903.456,236947
1622408400,"2021-05-30 21:00:00",1903.456,1916.615,1856.04,1891.395,220946
1623013200,"2021-06-06 21:00:00",1891.395,1903.93,1869.945,1877.82,219481
1623618000,"2021-06-13 21:00:00",1877.82,1878.08,1761.04,1764.235,358378
1624222800,"2021-06-20 21:00:00",1764.235,1794.985,1764.235,1781.646,240347
1624827600,"2021-06-27 21:00:00",1781.646,1795.1,1750.74,1787.45,229627
1625432400,"2021-07-04 21:00:00",1787.45,1818.54,1784.52,1808.465,222109
1626037200,"2021-07-11 21:00:00",1808.465,1834.195,1791.645,1812.255,211306
1626642000,"2021-07-18 21:00:00",1812.255,1825.006,1789.69,1801.975,212571
1627246800,"2021-07-25 21:00:00",1801.975,1832.73,1792.795,1814.18,200576
1627851600,"2021-08-01 21:00:00",1814.18,1831.77,1758.8,1763.085,211734
1628456400,"2021-08-08 21:00:00",1763.085,1780.095,1677.686,1779.9,308970
1629061200,"2021-08-15 21:00:00",1779.9,1795.6,1770.876,1781.24,261793
1629666000,"2021-08-22 21:00:00",1781.24,1819.22,1776.559,1817.425,256653
1630270800,"2021-08-29 21:00:00",1817.425,1834.04,1801.72,1827.8,210268
1630875600,"2021-09-05 21:00:00",1827.8,1830.305,1782.47,1787.55,199256
1631480400,"2021-09-12 21:00:00",1787.55,1808.66,1745.355,1754.95,258659
1632085200,"2021-09-19 21:00:00",1754.95,1787.32,1737.84,1750.465,273053
1632690000,"2021-09-26 21:00:00",1750.465,1764.35,1721.71,1760.92,281432
1633294800,"2021-10-03 21:00:00",1760.92,1781.405,1745.99,1757.17,255842
1633899600,"2021-10-10 21:00:00",1757.17,1800.645,1750.245,1767.475,225000
1634504400,"2021-10-17 21:00:00",1767.475,1813.845,1760.375,1792.525,250204
1635109200,"2021-10-24 21:00:00",1792.525,1810.506,1771.98,1783.35,259673
1635714000,"2021-10-31 21:00:00",1783.35,1818.36,1758.89,1818.17,254359
1636322400,"2021-11-07 22:00:00",1818.17,1868.76,1812.495,1864.9,252523
1636927200,"2021-11-14 22:00:00",1864.9,1877.14,1843.09,1845.885,261353
1637532000,"2021-11-21 22:00:00",1845.885,1849.165,1778.615,1793.035,297016
1638136800,"2021-11-28 22:00:00",1793.035,1808.86,1761.94,1783.795,370628
1638741600,"2021-12-05 22:00:00",1783.795,1793.155,1770.215,1782.87,186339
1639346400,"2021-12-12 22:00:00",1782.87,1814.305,1753.07,1798.16,194799
1639951200,"2021-12-19 22:00:00",1798.16,1810.744,1784.905,1808.47,107144
1640556000,"2021-12-26 22:00:00",1808.47,1830.385,1789.494,1828.775,121188
1641160800,"2022-01-02 22:00:00",1828.775,1831.835,1782.675,1796.58,205212
1641765600,"2022-01-09 22:00:00",1796.58,1829.21,1790.436,1817.93,169071
1642370400,"2022-01-16 22:00:00",1817.93,1847.946,1805.84,1834.65,173046
1642975200,"2022-01-23 22:00:00",1834.65,1853.885,1780.33,1791.655,250388
1643580000,"2022-01-30 22:00:00",1791.655,1814.95,1785.61,1807.97,210235
1644184800,"2022-02-06 22:00:00",1807.97,1865.465,1807.934,1858.98,213048
1644789600,"2022-02-13 22:00:00",1858.98,1902.545,1844.61,1897.295,1621995
1645394400,"2022-02-20 22:00:00",1897.295,1974.485,1878.095,1889.324,2723747
1645999200,"2022-02-27 22:00:00",1889.324,1970.95,1889.324,1970.84,3487518
1646604000,"2022-03-06 22:00:00",1970.84,2070.63,1958.68,1988.52,6632118
1647205200,"2022-03-13 21:00:00",1988.52,1988.52,1895.065,1920.575,3010308
1647810000,"2022-03-20 21:00:00",1920.575,1966.206,1910.73,1958.02,2053388
1648414800,"2022-03-27 21:00:00",1958.02,1958.47,1890.155,1925,2828312
1649019600,"2022-04-03 21:00:00",1925,1948.22,1915.08,1947.68,2369761
1649624400,"2022-04-10 21:00:00",1947.68,1981.566,1940.035,1973.395,1834456
1650229200,"2022-04-17 21:00:00",1973.395,1998.46,1926.636,1932.35,2542731
1650834000,"2022-04-24 21:00:00",1932.35,1934.545,1872.215,1896.99,2691623
1651438800,"2022-05-01 21:00:00",1896.99,1909.82,1850.47,1883.645,2255867
1652043600,"2022-05-08 21:00:00",1883.645,1885.85,1799.16,1811.465,2427233
1652648400,"2022-05-15 21:00:00",1811.465,1849.49,1786.785,1846.615,1884314
1653253200,"2022-05-22 21:00:00",1846.615,1869.75,1840.756,1853.22,1430460
1653858000,"2022-05-29 21:00:00",1853.22,1874.17,1828.54,1851.056,1212851
1654462800,"2022-06-05 21:00:00",1851.056,1876.005,1825.14,1871.61,1293636
1655067600,"2022-06-12 21:00:00",1871.61,1879.13,1805.205,1840.4,1607819
1655672400,"2022-06-19 21:00:00",1840.4,1847.93,1816.98,1827.31,513888
1656277200,"2022-06-26 21:00:00",1827.31,1841.105,1784.575,1809.47,513526
1656882000,"2022-07-03 21:00:00",1809.47,1814.375,1729.985,1742.355,506470
1657486800,"2022-07-10 21:00:00",1742.355,1745.425,1697.64,1707.46,582554
1658091600,"2022-07-17 21:00:00",1707.46,1739.355,1680.935,1727.66,453869
1658696400,"2022-07-24 21:00:00",1727.66,1767.99,1711.56,1766.26,490327
1659301200,"2022-07-31 21:00:00",1766.26,1794.96,1754.35,1775.8,479811
1659906000,"2022-08-07 21:00:00",1775.8,1807.96,1771.22,1802.025,412350
1660510800,"2022-08-14 21:00:00",1802.025,1802.375,1745.585,1747.5,405721
1661115600,"2022-08-21 21:00:00",1747.5,1765.575,1727.85,1738.05,455119
1661720400,"2022-08-28 21:00:00",1738.05,1745.555,1688.915,1712.665,469070
1662325200,"2022-09-04 21:00:00",1712.665,1729.566,1691.46,1717.235,426527
1662930000,"2022-09-11 21:00:00",1717.235,1735.18,1654.19,1675.505,481691
1663534800,"2022-09-18 21:00:00",1675.505,1688.125,1639.745,1643.925,562745
1664139600,"2022-09-25 21:00:00",1643.925,1675.43,1614.925,1660.95,760031
1664744400,"2022-10-02 21:00:00",1660.95,1729.59,1659.695,1695,641790
1665349200,"2022-10-09 21:00:00",1695,1699.915,1640.27,1644.45,603126
1665954000,"2022-10-16 21:00:00",1644.45,1668.53,1617.28,1657.62,519030
1666558800,"2022-10-23 21:00:00",1657.62,1675.005,1638.12,1644.385,479504
1667163600,"2022-10-30 21:00:00",1644.385,1681.755,1616.675,1680.915,414752
1667772000,"2022-11-06 22:00:00",1680.915,1772.935,1664.76,1771.295,464889
1668376800,"2022-11-13 22:00:00",1771.295,1786.545,1747.555,1750.87,463639
1668981600,"2022-11-20 22:00:00",1750.87,1761.155,1727.495,1753.555,230825
1669586400,"2022-11-27 22:00:00",1753.555,1804.63,1739.675,1797.75,326738
1670191200,"2022-12-04 22:00:00",1797.75,1810.01,1765.91,1797.46,280697
1670796000,"2022-12-11 22:00:00",1797.46,1824.515,1773.845,1793.155,328382
1671400800,"2022-12-18 22:00:00",1793.155,1823.865,1783.905,1798.425,283431
1672005600,"2022-12-25 22:00:00",1798.425,1833.445,1797.1,1823.79,230451
1672610400,"2023-01-01 22:00:00",1823.79,1869.92,1823.79,1866.11,320972
1673215200,"2023-01-08 22:00:00",1866.11,1921.91,1866.11,1920.315,339126
1673820000,"2023-01-15 22:00:00",1920.315,1937.58,1896.675,1926.06,301152
1674424800,"2023-01-22 22:00:00",1926.06,1949.26,1911.435,1927.73,296334
1675029600,"2023-01-29 22:00:00",1927.73,1959.77,1861.43,1865.695,370021
1675634400,"2023-02-05 22:00:00",1865.695,1890.25,1852.835,1865.35,326981
1676239200,"2023-02-12 22:00:00",1865.35,1870.8,1818.975,1842.565,326973
1676844000,"2023-02-19 22:00:00",1842.565,1847.57,1809.01,1810.985,249557
1677448800,"2023-02-26 22:00:00",1810.985,1856.39,1804.685,1855.435,213819
1678053600,"2023-03-05 22:00:00",1855.435,1870.245,1809.425,1867.035,221896
1678654800,"2023-03-12 21:00:00",1867.035,1988.335,1867.035,1988.305,534538
1679259600,"2023-03-19 21:00:00",1988.305,2009.85,1934.345,1978.965,510213
1679864400,"2023-03-26 21:00:00",1978.965,1987.645,1944.045,1969.31,251962
1680469200,"2023-04-02 21:00:00",1969.31,2032.11,1949.81,2007.86,218962
1681074000,"2023-04-09 21:00:00",2007.86,2048.77,1981.68,2004.275,300516
1681678800,"2023-04-16 21:00:00",2004.275,2015.075,1969.305,1982.92,285614
1682283600,"2023-04-23 21:00:00",1982.92,2009.45,1974.115,1989.535,421295
1682888400,"2023-04-30 21:00:00",1989.535,2067,1977.12,2016.79,520665
1683493200,"2023-05-07 21:00:00",2016.79,2048.245,2000.96,2011.025,423121
1684098000,"2023-05-14 21:00:00",2011.025,2022.115,1952.01,1977.895,431228
1684702800,"2023-05-21 21:00:00",1977.895,1985.39,1936.815,1946.93,371708
1685307600,"2023-05-28 21:00:00",1946.93,1983.505,1932.11,1948.1,311328
1685912400,"2023-06-04 21:00:00",1948.1,1973.16,1938.15,1960.745,259153
1686517200,"2023-06-11 21:00:00",1960.745,1971.21,1925.04,1957.555,358505
1687122000,"2023-06-18 21:00:00",1957.555,1958.81,1910.21,1921.265,309327
1687726800,"2023-06-25 21:00:00",1921.265,1933.395,1893.07,1919.525,325110
1688331600,"2023-07-02 21:00:00",1919.525,1935.05,1902.745,1925.565,343094
1688936400,"2023-07-09 21:00:00",1925.565,1963.795,1912.75,1955.435,468241
1689541200,"2023-07-16 21:00:00",1955.435,1987.53,1945.84,1961.95,795261
1690146000,"2023-07-23 21:00:00",1961.95,1982.265,1942.645,1959.34,806426
1690750800,"2023-07-30 21:00:00",1959.34,1972.455,1924.78,1942.655,735166
1691355600,"2023-08-06 21:00:00",1942.655,1946.815,1910.9,1913.815,663604
1691960400,"2023-08-13 21:00:00",1913.815,1916.26,1885.085,1889.545,686450
1692565200,"2023-08-20 21:00:00",1889.545,1923.4,1884.885,1914.425,596149
1693170000,"2023-08-27 21:00:00",1914.425,1953.055,1912.835,1939.9,594591
1693774800,"2023-09-03 21:00:00",1939.9,1946.335,1915.345,1919.085,521454
1694379600,"2023-09-10 21:00:00",1919.085,1930.78,1901.05,1923.92,664460
1694984400,"2023-09-17 21:00:00",1923.92,1947.465,1913.94,1925.43,591015
1695589200,"2023-09-24 21:00:00",1925.43,1927.245,1846.335,1848.82,568109
1696194000,"2023-10-01 21:00:00",1848.82,1848.995,1810.465,1832.035,777558
1696798800,"2023-10-08 21:00:00",1832.035,1932.93,1832.035,1932.365,726746
1697403600,"2023-10-15 21:00:00",1932.365,1997.26,1908.235,1980.9,778086
1698008400,"2023-10-22 21:00:00",1980.9,2009.565,1953.635,2006.02,706930
1698613200,"2023-10-29 21:00:00",2006.02,2007.99,1969.91,1992.59,676822
1699221600,"2023-11-05 22:00:00",1992.59,1993.145,1933.03,1938.385,561909
1699826400,"2023-11-12 22:00:00",1938.385,1993.49,1931.685,1980.73,585311
1700431200,"2023-11-19 22:00:00",1980.73,2007.65,1965.495,2002.495,576009
1701036000,"2023-11-26 22:00:00",2002.495,2075.43,2000.67,2071.88,743522
1701640800,"2023-12-03 22:00:00",2071.88,2148.99,1994.74,2004.44,949415
1702245600,"2023-12-10 22:00:00",2004.44,2047.935,1973.09,2019.54,843640
1702850400,"2023-12-17 22:00:00",2019.54,2070.705,2016.065,2053.2,710946
1703455200,"2023-12-24 22:00:00",2053.2,2088.545,2053.2,2062.97,497500
1704060000,"2023-12-31 22:00:00",2062.97,2078.975,2024.525,2045.625,625731
1704664800,"2024-01-07 22:00:00",2045.625,2062.31,2013.39,2049.155,788630
1705269600,"2024-01-14 22:00:00",2049.155,2058.67,2001.895,2029.62,734110
1705874400,"2024-01-21 22:00:00",2029.62,2037.975,2009.445,2018.59,704090
1706479200,"2024-01-28 22:00:00",2018.59,2065.53,2018.59,2039.75,738691
1707084000,"2024-02-04 22:00:00",2039.75,2044.655,2014.96,2024.36,614568
1707688800,"2024-02-11 22:00:00",2024.36,2031.588,1984.305,2013.23,532757
1708293600,"2024-02-18 22:00:00",2013.23,2041.41,2000.355,2035.375,499047
1708898400,"2024-02-25 22:00:00",2035.375,2088.38,2024.555,2082.73,564770
1709503200,"2024-03-03 22:00:00",2082.73,2195.235,2079.53,2179.105,787983
1710104400,"2024-03-10 21:00:00",2179.105,2189.125,2150.66,2156.01,664991
1710709200,"2024-03-17 21:00:00",2156.01,2222.915,2146.155,2165.31,716383
1711314000,"2024-03-24 21:00:00",2165.31,2236.33,2163.615,2233.12,550386
1711918800,"2024-03-31 21:00:00",2233.12,2330.525,2228.54,2330.16,959854
1712523600,"2024-04-07 21:00:00",2330.16,2431.59,2302.975,2344.235,1264834
1713128400,"2024-04-14 21:00:00",2344.235,2417.92,2324.255,2392.07,1419342
1713733200,"2024-04-21 21:00:00",2392.07,2392.07,2291.465,2338.05,1265471
1714338000,"2024-04-28 21:00:00",2338.05,2346.83,2277.345,2301.81,1057075
1714942800,"2024-05-05 21:00:00",2301.81,2378.56,2291.85,2360.515,926928
1715547600,"2024-05-12 21:00:00",2360.515,2422.79,2332.11,2414.715,901899
1716152400,"2024-05-19 21:00:00",2414.715,2450.125,2325.465,2334,1179763
1716757200,"2024-05-26 21:00:00",2334,2364.175,2320.595,2327.2,886021
1717362000,"2024-06-02 21:00:00",2327.2,2387.785,2286.83,2294.015,1132740
1717966800,"2024-06-09 21:00:00",2294.015,2341.7,2287.805,2332.645,1017322
1718571600,"2024-06-16 21:00:00",2332.645,2368.765,2306.65,2321.875,781885
1719176400,"2024-06-23 21:00:00",2321.03,2339.785,2293.69,2326.72,867258
1719781200,"2024-06-30 21:00:00",2323.32,2392.965,2318.605,2391.62,774392
1720386000,"2024-07-07 21:00:00",2389.41,2424.6,2349.485,2410.92,985084
1720990800,"2024-07-14 21:00:00",2411.81,2483.74,2393.88,2400.82,1144431
1721595600,"2024-07-21 21:00:00",2403.82,2432.065,2353.195,2387.02,1167235
1722200400,"2024-07-28 21:00:00",2388.395,2477.725,2369.65,2442.495,1354377
1722805200,"2024-08-04 21:00:00",2441.94,2458.875,2364.39,2431.265,1594890
1723410000,"2024-08-11 21:00:00",2428.135,2509.82,2423.89,2508.14,1059370
1724014800,"2024-08-18 21:00:00",2506.525,2531.765,2470.85,2512.49,1115207
1724619600,"2024-08-25 21:00:00",2512.035,2529.135,2493.665,2503.4,1047980
1725224400,"2024-09-01 21:00:00",2502.84,2529.3,2471.915,2497.565,1060697
1725829200,"2024-09-08 21:00:00",2496.79,2586.16,2485.61,2578.715,1194093
1726434000,"2024-09-15 21:00:00",2578.79,2625.79,2546.86,2622.235,1221955
1727038800,"2024-09-22 21:00:00",2621.365,2685.64,2613.89,2658.55,1336104
1727643600,"2024-09-29 21:00:00",2661.815,2673.26,2624.78,2653.84,1646898
1728248400,"2024-10-06 21:00:00",2651.39,2661.475,2604.39,2657.18,2383053
1728853200,"2024-10-13 21:00:00",2648.805,2722.65,2638.105,2721.9,2213610
1729458000,"2024-10-20 21:00:00",2723.09,2758.525,2708.755,2747.215,2326364
1730062800,"2024-10-27 21:00:00",2734.065,2790.17,2724.755,2736.45,2104256
1730671200,"2024-11-03 22:00:00",2732.04,2750.09,2643.355,2684.455,2561038
1731276000,"2024-11-10 22:00:00",2683.71,2686.165,2536.855,2563.22,2470973
1731880800,"2024-11-17 22:00:00",2567.13,2716.4,2567.13,2716.335,2200373
1732485600,"2024-11-24 22:00:00",2711.165,2721.42,2605.31,2650.35,1971989
1733090400,"2024-12-01 22:00:00",2648.94,2657.235,2613.11,2633.33,1865823
1733695200,"2024-12-08 22:00:00",2643.08,2726.295,2627.575,2648.68,1632577
1734300000,"2024-12-15 22:00:00",2648.86,2664.475,2583.915,2623.61,1843944
1734904800,"2024-12-22 22:00:00",2622.21,2639.175,2608.26,2622.035,897942
1735509600,"2024-12-29 22:00:00",2622.075,2665.405,2596.185,2639.725,1132494
1736114400,"2025-01-05 22:00:00",2639.88,2697.95,2614.635,2689.375,1758972
1736719200,"2025-01-12 22:00:00",2689.32,2724.785,2656.835,2703.15,2062406
1737324000,"2025-01-19 22:00:00",2703.135,2786.06,2689.375,2770.885,1973487
1737928800,"2025-01-26 22:00:00",2765.17,2817.215,2730.56,2797.94,1883587
1738533600,"2025-02-02 22:00:00",2801.655,2886.855,2772.215,2861.25,2324316
1739138400,"2025-02-09 22:00:00",2861.84,2942.78,2860.405,2882.482,2217566
1739743200,"2025-02-16 22:00:00",2893.375,2954.955,2878.785,2936.26,1482667
1740348000,"2025-02-23 22:00:00",2939.785,2956.31,2832.72,2858.14,1809122
1740952800,"2025-03-02 22:00:00",2873.14,2930.54,2859,2909.55,1934508
1741554000,"2025-03-09 21:00:00",2912.41,3005.04,2880.25,2984.91,1734589
1742158800,"2025-03-16 21:00:00",2988.225,3057.59,2982.34,3023.985,1526830
1742763600,"2025-03-23 21:00:00",3023.165,3086.965,3002.495,3085.345,1546541
1743368400,"2025-03-30 21:00:00",3093.01,3167.835,3015.65,3037.885,2529871
1743973200,"2025-04-06 21:00:00",3030.77,3245.485,2956.565,3237.93,3514750
1744578000,"2025-04-13 21:00:00",3222.955,3357.775,3193.63,3327.375,1819539
1745182800,"2025-04-20 21:00:00",3332.26,3500.2,3260.19,3319.345,3167450
1745787600,"2025-04-27 21:00:00",3326.365,3353.2,3201.955,3240.95,2599578
1746392400,"2025-05-04 21:00:00",3238.295,3435.055,3237.79,3325.39,2626558
1746997200,"2025-05-11 21:00:00",3325.39,3325.39,3120.765,3204.45,2806712
1747602000,"2025-05-18 21:00:00",3215.99,3366.015,3204.67,3358.125,2669249
1748206800,"2025-05-25 21:00:00",3351.4,3356.995,3245.56,3289.7,2096771
1748811600,"2025-06-01 21:00:00",3303.415,3403.625,3299.955,3309.98,2408810
1749416400,"2025-06-08 21:00:00",3317.785,3446.88,3293.5,3432.835,2408500
1750021200,"2025-06-15 21:00:00",3440.48,3451.525,3340.415,3368.75,1993415
1750626000,"2025-06-22 21:00:00",3383.825,3393.64,3255.85,3274.175,2230537
1751230800,"2025-06-29 21:00:00",3271.64,3365.92,3244.415,3336.615,1761567
1751835600,"2025-07-06 21:00:00",3341.57,3368.86,3282.665,3355.665,2161056
1752440400,"2025-07-13 21:00:00",3362.375,3377.655,3309.79,3350.095,1956162
1753045200,"2025-07-20 21:00:00",3348.84,3439.035,3325.115,3337.07,2171545
1753650000,"2025-07-27 21:00:00",3329.475,3363.6,3268.12,3362.895,1893632
1754254800,"2025-08-03 21:00:00",3364.795,3409.43,3345.005,3397.765,2807782
1754859600,"2025-08-10 21:00:00",3399.75,3401.395,3329.85,3335.7,1912181
1755464400,"2025-08-17 21:00:00",3335.23,3378.835,3311.56,3371.23,1281373
1756069200,"2025-08-24 21:00:00",3368.725,3453.97,3351.33,3447.435,1677868
1756674000,"2025-08-31 21:00:00",3445.43,3600.205,3437.025,3586.545,2973136
1757278800,"2025-09-07 21:00:00",3591.61,3674.695,3579.72,3643.085,2649037
1757883600,"2025-09-14 21:00:00",3644.565,3707.555,3626.46,3684.975,2647495
1758488400,"2025-09-21 21:00:00",3687.77,3791.255,3683.545,3759.855,2337665
1759093200,"2025-09-28 21:00:00",3764.745,3897.13,3763.45,3886.455,2626891
1759698000,"2025-10-05 21:00:00",3891.335,4059.35,3884.115,4016.68,3777780
1760302800,"2025-10-12 21:00:00",4017.625,4380.99,3998.15,4253.975,4553159
1760907600,"2025-10-19 21:00:00",4267.075,4381.44,4004.28,4114.125,5011191
1761512400,"2025-10-26 21:00:00",4085.7,4109,3886.465,4002.81,4538599
1762120800,"2025-11-02 22:00:00",3995.47,4030.825,3928.685,4001.275,2974710
1762725600,"2025-11-09 22:00:00",4005.675,4245.195,4004.355,4085.825,3475575
1763330400,"2025-11-16 22:00:00",4078.275,4132.985,3997.985,4065.01,3852855
1763935200,"2025-11-23 22:00:00",4067.61,4226.915,4040.02,4215.82,2795016
1764540000,"2025-11-30 22:00:00",4226.31,4264.7,4163.805,4198.685,3622396
1765144800,"2025-12-07 22:00:00",4198.685,4353.555,4169.985,4299.38,3784719
1765749600,"2025-12-14 22:00:00",4302.985,4374.655,4271.575,4338.765,3811859
1766354400,"2025-12-21 22:00:00",4340.905,4550.15,4339.9,4533.21,3984122
1766959200,"2025-12-28 22:00:00",4542.66,4548.35,4274.025,4332.065,4915450
1767564000,"2026-01-04 22:00:00",4356.505,4517.25,4349.355,4509.66,5103358
1768168800,"2026-01-11 22:00:00",4521.495,4642.97,4521.19,4596.32,5383159
1768773600,"2026-01-18 22:00:00",4649.78,4990.12,4646.135,4987.545,4466978
1769378400,"2026-01-25 22:00:00",5015.63,5602.225,4679.51,4895.44,9204098
1769983200,"2026-02-01 22:00:00",4833.89,5091.93,4402.38,4964.62,8850269
1770588000,"2026-02-08 22:00:00",4989.93,5119.345,4878.5,5042.74,4711355
1771192800,"2026-02-15 22:00:00",5017.145,5108.72,4842.6,5108.255,3441812
1771797600,"2026-02-22 22:00:00",5118.71,5281.155,5093.225,5278.51,3993415
1772402400,"2026-03-01 22:00:00",5368.53,5419.66,4996.275,5171.5,6531056
1773003600,"2026-03-08 21:00:00",5171.95,5238.775,5009.745,5020.6,4356906
1773608400,"2026-03-15 21:00:00",5014.955,5044.9,4477.54,4497.48,5755948
1774213200,"2026-03-22 21:00:00",4472.24,4602.645,4099.125,4493.685,8677793
1774818000,"2026-03-29 21:00:00",4512.54,4800.8,4417.43,4676.745,5149241
1775422800,"2026-04-05 21:00:00",4638.25,4858.215,4600.85,4749.685,5011323
1776027600,"2026-04-12 21:00:00",4670.425,4891.54,4644.465,4831.61,4071955
1776632400,"2026-04-19 21:00:00",4774.815,4833.405,4658.03,4709.75,4558209
1777237200,"2026-04-26 21:00:00",4696.875,4729.965,4510.095,4613.835,4563232
1777842000,"2026-05-03 21:00:00",4625.35,4764.905,4501.035,4715.715,3523392
1778446800,"2026-05-10 21:00:00",4687.43,4773.575,4510.985,4540.645,3574407
1779051600,"2026-05-17 21:00:00",4545.805,4589.58,4453.39,4509.69,4024547
1779656400,"2026-05-24 21:00:00",4550.54,4580.245,4366.23,4524.48,2583224
