time,open,high,low,close,tick_volume
2024-01-02 00:00:00,167.467,167.912,167.337,167.867,9103
2024-01-02 04:00:00,167.866,167.919,167.374,167.496,10826
2024-01-02 08:00:00,167.49,167.725,167.006,167.286,25696
2024-01-02 12:00:00,167.285,167.501,166.793,167.361,28975
2024-01-02 16:00:00,167.364,167.404,166.959,166.996,30385
2024-01-02 20:00:00,166.996,167.2,166.88,166.92,15475
2024-01-03 00:00:00,166.882,167.228,166.761,167.155,7686
2024-01-03 04:00:00,167.155,167.239,166.961,167.207,10416
2024-01-03 08:00:00,167.207,167.801,167.024,167.517,22905
2024-01-03 12:00:00,167.513,167.701,166.972,167.698,26010
2024-01-03 16:00:00,167.696,168.855,167.571,168.602,33760
2024-01-03 20:00:00,168.6,168.771,168.295,168.733,21684
2024-01-04 00:00:00,168.504,168.715,168.212,168.664,10839
2024-01-04 04:00:00,168.664,169.307,168.595,169.199,15028
2024-01-04 08:00:00,169.202,169.441,168.69,169.371,28141
2024-01-04 12:00:00,169.373,169.865,169.239,169.775,26101
2024-01-04 16:00:00,169.775,170.424,169.765,169.836,24197
2024-01-04 20:00:00,169.837,170.184,169.732,170.077,9696
2024-01-05 00:00:00,170.065,170.537,169.716,170.443,11673
2024-01-05 04:00:00,170.443,170.465,170.064,170.177,8943
2024-01-05 08:00:00,170.177,170.684,170.097,170.213,19739
2024-01-05 12:00:00,170.212,170.681,169.874,170.579,21123
2024-01-05 16:00:00,170.577,170.802,169.911,170.31,32802
2024-01-05 20:00:00,170.309,170.484,169.866,169.935,13146
2024-01-08 00:00:00,169.94,170.263,169.77,169.791,9370
2024-01-08 04:00:00,169.792,169.892,169.47,169.5,6272
2024-01-08 08:00:00,169.495,170.08,169.326,169.51,20188
2024-01-08 12:00:00,169.515,170.091,169.487,169.965,19224
2024-01-08 16:00:00,169.964,170.077,169.743,169.946,21217
2024-01-08 20:00:00,169.947,170.176,169.912,170.055,8870
2024-01-09 00:00:00,170.055,170.148,169.447,169.473,10711
2024-01-09 04:00:00,169.476,169.711,169.41,169.602,9957
2024-01-09 08:00:00,169.604,170.09,169.268,169.4,20025
2024-01-09 12:00:00,169.405,169.469,169.044,169.142,19619
2024-01-09 16:00:00,169.141,169.644,168.864,169.56,22506
2024-01-09 20:00:00,169.559,169.634,169.403,169.488,10476
2024-01-10 00:00:00,169.49,169.907,169.276,169.833,10273
2024-01-10 04:00:00,169.831,170.009,169.721,169.861,8382
2024-01-10 08:00:00,169.867,170.187,169.781,170.053,18777
2024-01-10 12:00:00,170.051,170.444,169.99,170.408,15837
2024-01-10 16:00:00,170.409,171.225,170.344,171.101,20047
2024-01-10 20:00:00,171.101,171.334,170.897,171.291,12231
2024-01-11 00:00:00,171.263,171.413,170.96,171.115,9599
2024-01-11 04:00:00,171.117,171.303,171.002,171.159,9123
2024-01-11 08:00:00,171.159,171.325,170.85,171.045,16502
2024-01-11 12:00:00,171.047,171.21,170.619,171.08,21179
2024-01-11 16:00:00,171.08,171.483,170.531,170.6,34838
2024-01-11 20:00:00,170.599,170.759,170.389,170.514,14196
2024-01-12 00:00:00,170.519,170.618,170.177,170.405,14905
2024-01-12 04:00:00,170.402,170.541,170.034,170.417,8756
2024-01-12 08:00:00,170.416,170.458,169.931,169.991,18381
2024-01-12 12:00:00,169.986,170.38,169.816,169.816,20123
2024-01-12 16:00:00,169.819,170.263,169.753,169.841,28882
2024-01-12 20:00:00,169.838,170.039,169.645,169.88,9252
2024-01-15 00:00:00,170.008,170.124,169.797,170.048,9798
2024-01-15 04:00:00,170.041,170.375,169.978,170.35,6275
2024-01-15 08:00:00,170.351,170.697,170.258,170.568,15279
2024-01-15 12:00:00,170.566,170.886,170.488,170.746,16288
2024-01-15 16:00:00,170.743,170.76,170.268,170.293,12412
2024-01-15 20:00:00,170.291,170.367,170.154,170.223,1722
2024-01-16 00:00:00,170.209,170.418,170.013,170.234,15528
2024-01-16 04:00:00,170.236,170.475,170.112,170.119,12450
2024-01-16 08:00:00,170.116,170.306,169.87,170.283,23333
2024-01-16 12:00:00,170.283,170.6,170.198,170.298,22500
2024-01-16 16:00:00,170.297,170.908,170.211,170.844,28059
2024-01-16 20:00:00,170.844,171.02,170.768,170.817,11375
2024-01-17 00:00:00,170.817,171.083,170.638,170.875,11846
2024-01-17 04:00:00,170.875,171.152,170.793,171.095,11154
2024-01-17 08:00:00,171.096,171.516,171.086,171.377,25217
2024-01-17 12:00:00,171.376,171.577,170.574,170.781,21119
2024-01-17 16:00:00,170.78,171.323,170.72,171.258,27261
2024-01-17 20:00:00,171.261,171.446,171.196,171.383,12236
2024-01-18 00:00:00,171.383,171.457,171.025,171.336,12157
2024-01-18 04:00:00,171.327,171.37,170.979,170.994,10175
2024-01-18 08:00:00,170.992,171.22,170.695,171.056,22305
2024-01-18 12:00:00,171.053,171.096,170.423,170.607,24259
2024-01-18 16:00:00,170.609,170.671,170.381,170.603,26029
2024-01-18 20:00:00,170.603,170.7,170.4,170.661,12779
2024-01-19 00:00:00,170.631,170.914,170.446,170.884,13323
2024-01-19 04:00:00,170.885,171.141,170.622,171.107,11807
2024-01-19 08:00:00,171.109,171.194,170.318,170.386,22223
2024-01-19 12:00:00,170.388,170.502,170.169,170.446,19501
2024-01-19 16:00:00,170.445,170.748,170.249,170.416,25725
2024-01-19 20:00:00,170.416,170.669,170.416,170.515,11666
2024-01-22 00:00:00,170.585,170.737,170.262,170.338,13094
2024-01-22 04:00:00,170.339,170.56,170.24,170.508,10803
2024-01-22 08:00:00,170.509,170.885,170.346,170.675,23311
2024-01-22 12:00:00,170.674,170.69,170.084,170.252,18619
2024-01-22 16:00:00,170.253,170.407,169.992,170.382,18389
2024-01-22 20:00:00,170.384,170.513,170.265,170.398,9790
2024-01-23 00:00:00,170.4,170.621,170.149,170.614,12725
2024-01-23 04:00:00,170.612,171.17,170.558,170.863,17525
2024-01-23 08:00:00,170.846,171.049,169.735,170.131,27995
2024-01-23 12:00:00,170.131,170.436,170.038,170.421,21131
2024-01-23 16:00:00,170.424,170.589,170.082,170.515,20785
2024-01-23 20:00:00,170.515,170.57,170.313,170.405,9223
2024-01-24 00:00:00,170.412,170.589,170.177,170.247,12605
2024-01-24 04:00:00,170.247,170.44,169.916,170.126,12127
2024-01-24 08:00:00,170.126,170.542,169.933,170.527,20220
2024-01-24 12:00:00,170.527,170.688,170.307,170.433,18720
2024-01-24 16:00:00,170.431,170.745,170.029,170.706,26414
2024-01-24 20:00:00,170.71,171.059,170.684,170.942,12338
2024-01-25 00:00:00,170.929,171.075,170.655,170.855,10912
2024-01-25 04:00:00,170.854,171.026,170.741,170.922,11476
2024-01-25 08:00:00,170.921,171.172,170.829,170.977,18661
2024-01-25 12:00:00,170.977,171.032,170.332,170.357,21730
2024-01-25 16:00:00,170.354,170.434,169.942,170.392,29132
2024-01-25 20:00:00,170.391,170.448,170.252,170.276,12790
2024-01-26 00:00:00,170.279,170.435,170.086,170.224,13550
2024-01-26 04:00:00,170.225,170.501,170.121,170.445,10813
2024-01-26 08:00:00,170.447,171.055,170.179,170.878,22130
2024-01-26 12:00:00,170.877,171.297,170.817,171.014,19185
2024-01-26 16:00:00,171.014,171.667,170.984,171.318,23290
2024-01-26 20:00:00,171.321,171.511,171.188,171.375,10937
2024-01-29 00:00:00,170.929,171.606,170.89,171.543,9602
2024-01-29 04:00:00,171.543,171.657,171.344,171.344,9545
2024-01-29 08:00:00,171.344,171.822,171.222,171.399,20925
2024-01-29 12:00:00,171.399,171.592,171.29,171.414,16771
2024-01-29 16:00:00,171.414,171.495,170.82,170.911,19078
2024-01-29 20:00:00,170.911,171.29,170.814,171.231,14301
2024-01-30 00:00:00,171.226,171.281,170.846,170.996,10751
2024-01-30 04:00:00,171.004,171.175,170.956,171.027,7476
2024-01-30 08:00:00,171.029,171.119,170.582,170.77,20325
2024-01-30 12:00:00,170.768,171.095,170.508,171.072,20076
2024-01-30 16:00:00,171.072,171.363,170.756,171.346,25860
2024-01-30 20:00:00,171.345,171.376,171.219,171.265,13778
2024-01-31 00:00:00,171.229,171.271,170.778,171.088,10510
2024-01-31 04:00:00,171.087,171.223,170.953,171.178,8755
2024-01-31 08:00:00,171.174,171.311,170.767,171.25,23345
2024-01-31 12:00:00,171.249,171.407,171.017,171.238,24367
2024-01-31 16:00:00,171.238,171.417,170.114,170.236,35742
2024-01-31 20:00:00,170.238,170.712,170.004,170.522,31512
2024-02-01 00:00:00,170.489,170.596,169.974,170.024,11520
2024-02-01 04:00:00,170.024,170.095,169.889,170.048,11294
2024-02-01 08:00:00,170.049,170.218,169.653,170.122,22533
2024-02-01 12:00:00,170.123,170.413,169.93,170.023,24720
2024-02-01 16:00:00,170.023,170.649,169.768,170.458,34834
2024-02-01 20:00:00,170.458,170.756,170.401,170.677,15529
2024-02-02 00:00:00,170.617,170.821,170.474,170.675,10255
2024-02-02 04:00:00,170.671,170.89,170.659,170.783,8347
2024-02-02 08:00:00,170.783,171.484,170.721,171.291,17892
2024-02-02 12:00:00,171.291,171.456,171.022,171.321,19853
2024-02-02 16:00:00,171.323,171.391,170.986,171.191,30242
2024-02-02 20:00:00,171.192,171.246,170.975,171.019,13216
2024-02-05 00:00:00,171.15,171.407,170.933,171.029,13131
2024-02-05 04:00:00,171.03,171.173,170.911,170.934,9761
2024-02-05 08:00:00,170.934,171.227,170.587,170.629,19831
2024-02-05 12:00:00,170.628,171.003,170.548,170.567,18805
2024-02-05 16:00:00,170.565,170.859,170.486,170.791,22688
2024-02-05 20:00:00,170.792,170.889,170.698,170.741,10557
2024-02-06 00:00:00,170.73,170.825,170.553,170.6,7825
2024-02-06 04:00:00,170.6,170.791,170.576,170.692,10959
2024-02-06 08:00:00,170.689,170.808,170.346,170.351,17830
2024-02-06 12:00:00,170.352,170.565,170.18,170.226,20145
2024-02-06 16:00:00,170.224,170.232,169.883,169.976,25291
2024-02-06 20:00:00,169.975,170.096,169.933,170.07,12569
2024-02-07 00:00:00,170.073,170.1,169.848,170.031,9428
2024-02-07 04:00:00,170.032,170.19,169.993,170.14,9876
2024-02-07 08:00:00,170.138,170.258,169.698,169.759,18108
2024-02-07 12:00:00,169.758,170.07,169.495,170.052,20112
2024-02-07 16:00:00,170.05,170.064,169.386,169.504,25712
2024-02-07 20:00:00,169.504,169.549,169.271,169.419,10773
2024-02-08 00:00:00,169.419,169.86,169.273,169.818,9634
2024-02-08 04:00:00,169.823,170.243,169.822,170.183,10047
2024-02-08 08:00:00,170.178,170.492,170.171,170.441,19009
2024-02-08 12:00:00,170.442,170.841,170.391,170.543,20089
2024-02-08 16:00:00,170.542,170.939,170.463,170.843,21016
2024-02-08 20:00:00,170.844,170.948,170.73,170.901,14590
2024-02-09 00:00:00,170.876,171.007,170.736,170.859,8149
2024-02-09 04:00:00,170.863,171.001,170.835,170.869,6549
2024-02-09 08:00:00,170.869,171.007,170.471,170.625,17787
2024-02-09 12:00:00,170.622,170.793,170.548,170.776,20063
2024-02-09 16:00:00,170.784,170.902,170.594,170.702,22400
2024-02-09 20:00:00,170.702,170.793,170.553,170.656,9287
2024-02-12 00:00:00,170.405,170.683,170.391,170.609,8069
2024-02-12 04:00:00,170.61,170.651,170.553,170.614,11957
2024-02-12 08:00:00,170.613,170.814,170.294,170.32,19395
2024-02-12 12:00:00,170.321,170.378,170.061,170.138,18765
2024-02-12 16:00:00,170.141,170.672,170.134,170.53,17837
2024-02-12 20:00:00,170.531,170.604,170.482,170.522,10422
2024-02-13 00:00:00,170.527,170.593,170.272,170.47,9353
2024-02-13 04:00:00,170.47,170.714,170.446,170.687,6389
2024-02-13 08:00:00,170.691,170.881,169.685,170.025,19967
2024-02-13 12:00:00,170.031,170.17,169.394,169.842,22794
2024-02-13 16:00:00,169.843,170.054,169.597,169.953,26047
2024-02-13 20:00:00,169.951,170.025,169.829,169.955,12575
2024-02-14 00:00:00,169.918,170.015,169.668,169.74,12933
2024-02-14 04:00:00,169.739,169.869,169.708,169.858,11979
2024-02-14 08:00:00,169.856,169.934,169.45,169.769,21012
2024-02-14 12:00:00,169.767,170.007,169.618,170.003,19064
2024-02-14 16:00:00,170.004,170.073,169.783,169.943,24518
2024-02-14 20:00:00,169.941,170.068,169.832,169.844,11940
2024-02-15 00:00:00,169.813,170.068,169.546,169.602,9247
2024-02-15 04:00:00,169.608,169.757,169.548,169.669,13148
2024-02-15 08:00:00,169.671,169.978,169.578,169.855,20381
2024-02-15 12:00:00,169.856,170.185,169.778,170.03,19697
2024-02-15 16:00:00,170.029,170.584,170.029,170.449,25721
2024-02-15 20:00:00,170.448,170.493,170.342,170.344,12837
2024-02-16 00:00:00,170.323,170.526,170.182,170.397,8598
2024-02-16 04:00:00,170.397,170.585,170.392,170.444,8545
2024-02-16 08:00:00,170.442,170.589,170.384,170.558,13941
2024-02-16 12:00:00,170.558,170.603,170.39,170.544,17159
2024-02-16 16:00:00,170.546,170.699,170.395,170.543,23742
2024-02-16 20:00:00,170.546,170.636,170.343,170.343,12683
2024-02-19 00:00:00,170.484,170.514,170.11,170.278,8649
2024-02-19 04:00:00,170.281,170.313,170.053,170.278,9228
2024-02-19 08:00:00,170.277,170.327,170.066,170.149,14884
2024-02-19 12:00:00,170.15,170.418,170.126,170.19,12853
2024-02-19 16:00:00,170.189,170.312,170.109,170.117,9419
2024-02-19 20:00:00,170.119,170.215,169.979,170.06,2873
2024-02-20 00:00:00,170.06,170.246,169.953,170.16,10065
2024-02-20 04:00:00,170.157,170.366,170.135,170.36,9059
2024-02-20 08:00:00,170.362,170.482,170.122,170.426,16748
2024-02-20 12:00:00,170.426,170.518,170.133,170.472,20061
2024-02-20 16:00:00,170.474,170.492,170.046,170.092,23024
2024-02-20 20:00:00,170.093,170.201,170.039,170.08,11926
2024-02-21 00:00:00,170.08,170.288,169.886,170.209,11000
2024-02-21 04:00:00,170.209,170.366,170.186,170.341,10309
2024-02-21 08:00:00,170.34,170.528,170.237,170.487,16335
2024-02-21 12:00:00,170.487,170.651,170.389,170.58,16443
2024-02-21 16:00:00,170.583,170.929,170.524,170.746,16027
2024-02-21 20:00:00,170.742,170.915,170.701,170.81,13733
2024-02-22 00:00:00,170.832,171.26,170.75,171.031,10303
2024-02-22 04:00:00,171.029,171.184,170.975,171.149,11288
2024-02-22 08:00:00,171.147,171.692,171.092,171.216,16080
2024-02-22 12:00:00,171.22,171.238,170.971,171.056,15382
2024-02-22 16:00:00,171.052,171.056,170.626,170.849,18070
2024-02-22 20:00:00,170.846,171.037,170.814,171.007,13433
2024-02-23 00:00:00,171.0,171.034,170.797,170.888,9663
2024-02-23 04:00:00,170.892,170.999,170.848,170.965,7924
2024-02-23 08:00:00,170.965,171.051,170.893,170.969,13528
2024-02-23 12:00:00,170.971,171.314,170.913,171.022,15515
2024-02-23 16:00:00,171.02,171.022,170.615,170.794,16791
2024-02-23 20:00:00,170.793,170.813,170.657,170.753,10148
2024-02-26 00:00:00,170.836,170.887,170.446,170.613,8037
2024-02-26 04:00:00,170.615,170.848,170.543,170.751,10034
2024-02-26 08:00:00,170.755,171.202,170.693,171.202,16065
2024-02-26 12:00:00,171.205,171.356,171.099,171.32,13204
2024-02-26 16:00:00,171.318,171.389,171.052,171.159,16489
2024-02-26 20:00:00,171.157,171.258,171.08,171.229,11178
2024-02-27 00:00:00,171.23,171.245,170.911,170.973,8691
2024-02-27 04:00:00,170.972,171.075,170.937,171.06,9621
2024-02-27 08:00:00,171.064,171.135,170.726,170.811,13150
2024-02-27 12:00:00,170.811,170.947,170.597,170.783,15373
2024-02-27 16:00:00,170.787,171.188,170.77,170.962,16481
2024-02-27 20:00:00,170.961,171.326,170.943,171.184,11141
2024-02-28 00:00:00,170.849,171.25,170.805,171.05,9522
2024-02-28 04:00:00,171.05,171.165,170.975,171.071,12817
2024-02-28 08:00:00,171.073,171.224,170.989,171.024,14615
2024-02-28 12:00:00,171.021,171.31,170.984,171.223,14774
2024-02-28 16:00:00,171.224,171.5,171.162,171.407,16887
2024-02-28 20:00:00,171.406,171.505,171.34,171.417,11171
2024-02-29 00:00:00,171.189,171.445,170.908,170.932,10457
2024-02-29 04:00:00,170.937,170.961,170.341,170.663,12429
2024-02-29 08:00:00,170.659,170.679,170.203,170.604,16271
2024-02-29 12:00:00,170.603,170.662,170.278,170.362,16630
2024-02-29 16:00:00,170.363,170.474,169.603,169.689,18845
2024-02-29 20:00:00,169.689,169.731,169.487,169.49,10960
2024-03-01 00:00:00,169.473,170.047,169.347,170.028,10536
2024-03-01 04:00:00,170.03,170.11,169.96,170.012,11282
2024-03-01 08:00:00,170.008,170.183,169.748,170.157,14152
2024-03-01 12:00:00,170.174,170.207,169.592,169.66,16455
2024-03-01 16:00:00,169.662,169.892,169.327,169.845,18162
2024-03-01 20:00:00,169.845,169.993,169.677,169.702,11012
2024-03-04 00:00:00,169.493,169.971,169.448,169.908,10372
2024-03-04 04:00:00,169.907,170.188,169.898,170.187,9600
2024-03-04 08:00:00,170.186,170.709,170.163,170.239,16854
2024-03-04 12:00:00,170.239,170.378,169.805,170.105,14573
2024-03-04 16:00:00,170.105,170.249,169.759,170.201,15787
2024-03-04 20:00:00,170.2,170.25,170.049,170.081,8180
2024-03-05 00:00:00,169.993,170.096,169.801,169.9,9171
2024-03-05 04:00:00,169.901,170.042,169.896,169.93,10490
2024-03-05 08:00:00,169.93,169.952,169.631,169.786,13600
2024-03-05 12:00:00,169.778,169.819,169.496,169.511,12785
2024-03-05 16:00:00,169.516,170.036,169.315,169.839,18456
2024-03-05 20:00:00,169.841,169.876,169.612,169.844,11642
2024-03-06 00:00:00,169.703,169.827,169.459,169.532,9531
2024-03-06 04:00:00,169.532,169.598,169.402,169.493,9422
2024-03-06 08:00:00,169.494,169.548,168.915,169.178,15211
2024-03-06 12:00:00,169.174,169.298,168.995,169.028,15596
2024-03-06 16:00:00,169.031,169.471,168.994,169.305,18980
2024-03-06 20:00:00,169.304,169.429,169.19,169.371,11743
2024-03-07 00:00:00,169.12,169.303,168.523,168.539,11480
2024-03-07 04:00:00,168.526,168.706,168.438,168.556,14519
2024-03-07 08:00:00,168.556,168.599,167.721,168.003,16719
2024-03-07 12:00:00,168.0,168.224,167.786,168.028,16761
2024-03-07 16:00:00,168.027,168.745,167.997,168.547,19826
2024-03-07 20:00:00,168.547,168.735,168.506,168.637,11532
2024-03-08 00:00:00,168.503,168.789,168.249,168.647,10060
2024-03-08 04:00:00,168.647,168.754,168.426,168.471,10773
2024-03-08 08:00:00,168.47,168.753,167.618,167.856,14452
2024-03-08 12:00:00,167.855,167.977,167.539,167.92,15177
2024-03-08 16:00:00,167.927,168.032,167.682,167.684,19661
2024-03-08 20:00:00,167.686,167.7,167.474,167.531,11637
2024-03-11 00:00:00,167.622,167.706,167.169,167.279,9715
2024-03-11 04:00:00,167.278,167.599,167.08,167.357,13291
2024-03-11 08:00:00,167.355,167.654,167.335,167.484,14043
2024-03-11 12:00:00,167.485,167.503,167.114,167.261,14342
2024-03-11 16:00:00,167.261,167.382,167.074,167.201,15803
2024-03-11 20:00:00,167.202,167.483,167.088,167.464,10488
2024-03-12 00:00:00,167.158,167.484,167.124,167.379,7791
2024-03-12 04:00:00,167.383,168.036,167.383,168.027,12552
2024-03-12 08:00:00,168.026,168.272,167.831,168.07,14436
2024-03-12 12:00:00,168.073,168.509,168.048,168.284,16284
2024-03-12 16:00:00,168.284,168.442,168.105,168.203,18527
2024-03-12 20:00:00,168.204,168.345,168.086,168.315,12311
2024-03-13 00:00:00,168.078,168.32,167.944,167.952,9570
2024-03-13 04:00:00,167.951,168.116,167.812,168.102,12651
2024-03-13 08:00:00,168.1,168.346,168.058,168.308,14786
2024-03-13 12:00:00,168.308,168.646,168.143,168.6,14860
2024-03-13 16:00:00,168.593,168.632,168.21,168.265,15797
2024-03-13 20:00:00,168.264,168.324,168.098,168.117,10802
2024-03-14 00:00:00,168.034,168.101,167.932,168.004,7080
2024-03-14 04:00:00,167.999,168.262,167.967,168.206,9521
2024-03-14 08:00:00,168.213,168.238,167.962,168.026,12356
2024-03-14 12:00:00,168.024,168.186,167.911,168.062,13819
2024-03-14 16:00:00,168.061,168.165,167.597,167.785,19649
2024-03-14 20:00:00,167.793,167.904,167.681,167.789,11267
2024-03-15 00:00:00,167.778,167.903,167.671,167.757,8022
2024-03-15 04:00:00,167.76,167.968,167.548,167.615,10749
2024-03-15 08:00:00,167.617,168.294,167.337,168.173,14202
2024-03-15 12:00:00,168.173,168.632,168.172,168.567,13485
2024-03-15 16:00:00,168.566,168.821,168.537,168.631,15488
2024-03-15 20:00:00,168.631,168.732,168.505,168.656,8783
2024-03-18 00:00:00,168.433,168.962,168.394,168.946,9013
2024-03-18 04:00:00,168.955,169.014,168.668,168.773,10861
2024-03-18 08:00:00,168.771,168.967,168.641,168.776,11539
2024-03-18 12:00:00,168.772,168.966,168.72,168.816,12430
2024-03-18 16:00:00,168.814,168.816,168.129,168.156,13602
2024-03-18 20:00:00,168.155,168.17,167.846,168.023,8733
2024-03-19 00:00:00,167.937,168.109,167.921,167.956,7965
2024-03-19 04:00:00,167.958,168.923,167.783,168.818,15010
2024-03-19 08:00:00,168.819,169.528,168.794,169.43,17591
2024-03-19 12:00:00,169.427,169.744,169.219,169.664,15827
2024-03-19 16:00:00,169.665,170.002,169.576,169.967,14661
2024-03-19 20:00:00,169.969,170.016,169.844,169.864,8580
2024-03-20 00:00:00,169.776,170.23,169.741,170.09,7922
2024-03-20 04:00:00,170.094,170.444,169.993,170.345,9051
2024-03-20 08:00:00,170.343,170.453,170.099,170.138,12423
2024-03-20 12:00:00,170.139,170.424,170.09,170.407,12794
2024-03-20 16:00:00,170.408,170.409,170.046,170.195,12723
2024-03-20 20:00:00,170.192,170.708,169.626,170.554,16897
2024-03-21 00:00:00,170.523,170.604,170.043,170.162,12653
2024-03-21 04:00:00,170.16,170.31,169.924,170.284,11834
2024-03-21 08:00:00,170.285,170.801,168.574,168.916,15657
2024-03-21 12:00:00,168.922,169.35,168.517,168.951,17771
2024-03-21 16:00:00,168.95,169.009,168.449,168.871,18124
2024-03-21 20:00:00,168.872,168.941,168.799,168.906,8382
2024-03-22 00:00:00,168.811,168.981,168.763,168.831,7922
2024-03-22 04:00:00,168.829,168.934,168.391,168.584,12589
2024-03-22 08:00:00,168.583,168.659,167.975,168.094,14320
2024-03-22 12:00:00,168.096,168.405,167.986,168.293,14246
2024-03-22 16:00:00,168.296,168.605,168.175,168.437,16034
2024-03-22 20:00:00,168.437,168.831,168.376,168.766,8560
2024-03-25 00:00:00,168.472,168.77,168.361,168.415,8366
2024-03-25 04:00:00,168.411,168.615,168.325,168.602,12898
2024-03-25 08:00:00,168.599,168.634,168.385,168.478,11986
2024-03-25 12:00:00,168.477,168.651,168.416,168.473,12773
2024-03-25 16:00:00,168.472,168.722,168.403,168.492,11826
2024-03-25 20:00:00,168.492,168.573,168.322,168.324,7058
2024-03-26 00:00:00,168.339,168.379,168.188,168.194,6398
2024-03-26 04:00:00,168.194,168.264,168.062,168.08,8891
2024-03-26 08:00:00,168.086,168.235,167.735,167.875,10701
2024-03-26 12:00:00,167.876,168.063,167.539,167.649,13131
2024-03-26 16:00:00,167.651,167.917,167.435,167.665,13864
2024-03-26 20:00:00,167.661,167.774,167.612,167.643,9088
2024-03-27 00:00:00,167.48,167.621,167.48,167.564,6253
2024-03-27 04:00:00,167.567,167.962,167.555,167.697,11572
2024-03-27 08:00:00,167.696,167.749,167.263,167.536,11615
2024-03-27 12:00:00,167.543,167.555,166.564,166.684,15891
2024-03-27 16:00:00,166.684,167.148,166.639,167.11,13461
2024-03-27 20:00:00,167.111,167.305,166.999,167.296,6995
2024-03-28 00:00:00,167.249,167.299,166.89,167.121,9306
2024-03-28 04:00:00,167.12,167.266,167.079,167.196,9258
2024-03-28 08:00:00,167.197,167.207,166.969,167.059,10726
2024-03-28 12:00:00,167.059,167.288,167.006,167.279,13439
2024-03-28 16:00:00,167.281,168.018,167.277,167.928,16036
2024-03-28 20:00:00,167.927,168.005,167.736,167.806,8219
2024-03-29 00:00:00,167.627,168.036,167.492,167.647,11515
2024-03-29 04:00:00,167.642,167.852,167.526,167.606,11130
2024-03-29 08:00:00,167.607,168.002,167.573,167.844,11945
2024-03-29 12:00:00,167.843,167.934,167.651,167.753,13579
2024-03-29 16:00:00,167.742,167.805,167.553,167.623,7663
2024-03-29 20:00:00,167.624,167.877,167.506,167.672,4682
2024-04-01 00:00:00,167.724,167.888,167.568,167.824,8370
2024-04-01 04:00:00,167.824,167.879,167.623,167.837,8122
2024-04-01 08:00:00,167.838,168.052,167.764,167.979,9382
2024-04-01 12:00:00,167.981,168.044,167.757,167.858,9217
2024-04-01 16:00:00,167.859,167.885,167.517,167.626,13139
2024-04-01 20:00:00,167.628,167.688,167.465,167.677,7263
2024-04-02 00:00:00,167.427,167.713,167.339,167.552,8346
2024-04-02 04:00:00,167.553,167.606,167.385,167.435,9854
2024-04-02 08:00:00,167.437,167.471,166.769,166.901,12366
2024-04-02 12:00:00,166.906,167.109,166.817,167.052,12306
2024-04-02 16:00:00,167.051,167.392,167.001,167.105,15352
2024-04-02 20:00:00,167.101,167.115,166.828,166.891,8227
2024-04-03 00:00:00,166.925,166.985,166.791,166.869,7829
2024-04-03 04:00:00,166.868,166.99,166.834,166.9,9508
2024-04-03 08:00:00,166.901,167.064,166.752,167.044,10402
2024-04-03 12:00:00,167.047,167.196,166.888,167.05,11892
2024-04-03 16:00:00,167.046,167.916,167.027,167.765,16096
2024-04-03 20:00:00,167.765,168.02,167.728,168.012,7468
2024-04-04 00:00:00,167.853,167.96,167.793,167.887,6379
2024-04-04 04:00:00,167.886,167.977,167.865,167.902,7699
2024-04-04 08:00:00,167.901,167.981,167.131,167.464,11708
2024-04-04 12:00:00,167.464,167.56,167.215,167.559,11568
2024-04-04 16:00:00,167.559,167.729,167.445,167.652,12403
2024-04-04 20:00:00,167.651,167.917,167.354,167.891,13330
2024-04-05 00:00:00,167.84,167.918,167.265,167.405,10465
2024-04-05 04:00:00,167.411,167.638,167.27,167.515,9837
2024-04-05 08:00:00,167.517,167.738,167.276,167.583,12422
2024-04-05 12:00:00,167.579,167.705,167.089,167.494,13005
2024-04-05 16:00:00,167.498,168.475,167.383,168.149,17229
2024-04-05 20:00:00,168.151,168.222,167.937,168.009,8665
2024-04-08 00:00:00,168.009,168.085,167.744,167.805,7991
2024-04-08 04:00:00,167.81,168.139,167.788,167.902,10205
2024-04-08 08:00:00,167.901,168.074,167.656,167.723,12424
2024-04-08 12:00:00,167.724,167.844,167.571,167.833,10579
2024-04-08 16:00:00,167.836,167.89,167.531,167.649,13126
2024-04-08 20:00:00,167.647,167.793,167.551,167.698,6682
2024-04-09 00:00:00,167.595,167.804,167.5,167.749,6522
2024-04-09 04:00:00,167.747,167.851,167.708,167.846,7688
2024-04-09 08:00:00,167.847,167.994,167.786,167.918,9432
2024-04-09 12:00:00,167.918,168.298,167.833,168.258,12028
2024-04-09 16:00:00,168.256,168.377,167.72,167.87,14458
2024-04-09 20:00:00,167.871,167.996,167.821,167.968,8755
2024-04-10 00:00:00,167.869,168.066,167.751,167.941,7008
2024-04-10 04:00:00,167.941,168.015,167.842,167.921,8934
2024-04-10 08:00:00,167.922,168.129,167.887,168.032,9277
2024-04-10 12:00:00,168.032,168.195,167.296,167.625,16297
2024-04-10 16:00:00,167.625,167.644,167.288,167.288,28369
2024-04-10 20:00:00,167.282,167.816,167.221,167.759,19849
2024-04-11 00:00:00,167.703,167.743,167.334,167.359,12919
2024-04-11 04:00:00,167.362,167.589,167.302,167.542,13037
2024-04-11 08:00:00,167.543,167.766,167.444,167.681,18642
2024-04-11 12:00:00,167.68,168.47,167.607,168.161,22825
2024-04-11 16:00:00,168.162,168.379,167.944,168.286,24888
2024-04-11 20:00:00,168.284,168.475,168.27,168.442,12449
2024-04-12 00:00:00,168.36,168.458,168.14,168.145,9061
2024-04-12 04:00:00,168.146,168.347,168.143,168.156,11951
2024-04-12 08:00:00,168.155,168.224,167.817,167.964,18395
2024-04-12 12:00:00,167.967,168.06,167.666,167.706,20979
2024-04-12 16:00:00,167.703,168.03,167.515,167.782,28900
2024-04-12 20:00:00,167.782,167.848,167.555,167.57,14156
2024-04-15 00:00:00,167.704,167.885,167.261,167.844,14965
2024-04-15 04:00:00,167.846,168.253,167.835,168.201,16112
2024-04-15 08:00:00,168.201,168.638,168.2,168.541,21078
2024-04-15 12:00:00,168.54,168.846,168.43,168.785,20452
2024-04-15 16:00:00,168.789,168.96,168.35,168.931,25209
2024-04-15 20:00:00,168.931,169.245,168.784,169.238,14710
2024-04-16 00:00:00,169.165,169.19,168.865,169.009,9523
2024-04-16 04:00:00,169.007,169.161,168.908,168.997,12820
2024-04-16 08:00:00,168.997,169.346,168.978,169.159,20307
2024-04-16 12:00:00,169.155,169.651,169.12,169.558,18872
2024-04-16 16:00:00,169.562,169.598,168.778,169.401,25052
2024-04-16 20:00:00,169.401,169.541,169.308,169.463,17331
2024-04-17 00:00:00,169.351,169.607,169.293,169.553,10733
2024-04-17 04:00:00,169.552,169.589,169.455,169.488,12818
2024-04-17 08:00:00,169.488,169.901,169.23,169.845,19722
2024-04-17 12:00:00,169.847,169.847,169.529,169.595,17535
2024-04-17 16:00:00,169.591,169.79,169.255,169.346,22546
2024-04-17 20:00:00,169.346,169.607,169.319,169.511,15953
2024-04-18 00:00:00,169.444,169.522,169.352,169.451,7802
2024-04-18 04:00:00,169.452,169.592,169.142,169.525,12807
2024-04-18 08:00:00,169.526,169.923,169.491,169.872,16075
2024-04-18 12:00:00,169.872,170.058,169.658,169.707,17449
2024-04-18 16:00:00,169.706,169.776,169.441,169.571,22249
2024-04-18 20:00:00,169.571,169.709,169.436,169.505,12591
2024-04-19 00:00:00,169.429,169.557,169.294,169.539,9374
2024-04-19 04:00:00,169.537,170.718,169.524,169.896,32945
2024-04-19 08:00:00,169.896,170.215,169.721,169.954,25288
2024-04-19 12:00:00,169.957,170.335,169.851,170.193,19495
2024-04-19 16:00:00,170.192,170.325,169.856,169.871,19866
2024-04-19 20:00:00,169.869,169.998,169.77,169.87,10719
2024-04-22 00:00:00,169.646,169.893,169.519,169.762,12467
2024-04-22 04:00:00,169.764,169.896,169.554,169.697,11718
2024-04-22 08:00:00,169.698,169.964,169.592,169.85,15855
2024-04-22 12:00:00,169.848,169.906,169.669,169.822,14610
2024-04-22 16:00:00,169.823,169.922,169.62,169.784,14623
2024-04-22 20:00:00,169.784,169.933,169.753,169.762,10376
2024-04-23 00:00:00,169.67,169.822,169.653,169.815,7720
2024-04-23 04:00:00,169.814,169.829,169.585,169.606,10062
2024-04-23 08:00:00,169.604,170.134,169.483,169.805,15661
2024-04-23 12:00:00,169.806,169.961,169.629,169.847,14709
2024-04-23 16:00:00,169.85,170.182,169.696,169.812,20646
2024-04-23 20:00:00,169.809,169.877,169.701,169.778,10542
2024-04-24 00:00:00,169.658,169.837,169.598,169.811,8252
2024-04-24 04:00:00,169.812,169.858,169.749,169.825,9330
2024-04-24 08:00:00,169.825,169.862,169.308,169.411,13984
2024-04-24 12:00:00,169.409,169.663,169.167,169.648,14228
2024-04-24 16:00:00,169.65,169.856,169.573,169.713,18795
2024-04-24 20:00:00,169.712,170.0,169.668,169.718,10967
2024-04-25 00:00:00,169.67,169.954,169.581,169.922,8369
2024-04-25 04:00:00,169.922,170.189,169.883,170.154,10163
2024-04-25 08:00:00,170.154,170.613,170.152,170.591,15773
2024-04-25 12:00:00,170.592,170.65,169.933,170.107,18276
2024-04-25 16:00:00,170.109,170.395,169.807,170.352,22281
2024-04-25 20:00:00,170.351,170.641,170.325,170.621,12259
2024-04-26 00:00:00,170.553,170.587,170.38,170.502,9856
2024-04-26 04:00:00,170.502,171.077,170.293,171.052,12830
2024-04-26 08:00:00,171.052,171.963,170.335,171.745,23081
2024-04-26 12:00:00,171.741,172.106,171.447,171.782,20036
2024-04-26 16:00:00,171.786,172.56,171.691,172.501,25249
2024-04-26 20:00:00,172.503,173.202,172.44,173.112,11837
2024-04-29 00:00:00,172.543,173.298,172.477,173.205,9447
2024-04-29 04:00:00,173.206,175.038,170.468,171.584,24986
2024-04-29 08:00:00,171.59,172.366,169.608,170.954,32562
2024-04-29 12:00:00,170.957,171.601,170.467,171.451,20959
2024-04-29 16:00:00,171.452,172.104,170.59,171.254,20545
2024-04-29 20:00:00,171.224,171.691,170.94,171.665,14451
2024-04-30 00:00:00,171.484,172.091,171.293,172.057,11085
2024-04-30 04:00:00,172.057,172.205,171.815,171.95,12294
2024-04-30 08:00:00,171.949,172.006,171.36,171.944,18325
2024-04-30 12:00:00,171.953,172.288,171.666,172.051,18380
2024-04-30 16:00:00,172.048,172.234,171.374,171.52,22474
2024-04-30 20:00:00,171.522,171.629,171.44,171.587,9195
2024-05-01 00:00:00,171.57,171.682,171.471,171.529,11367
2024-05-01 04:00:00,171.532,171.682,171.356,171.416,8702
2024-05-01 08:00:00,171.417,171.584,171.296,171.556,12029
2024-05-01 12:00:00,171.558,171.751,171.468,171.626,12258
2024-05-01 16:00:00,171.627,171.65,171.284,171.361,17185
2024-05-01 20:00:00,171.369,171.636,167.338,168.749,29435
2024-05-02 00:00:00,168.725,170.277,168.198,170.191,18357
2024-05-02 04:00:00,170.191,170.411,169.928,170.07,15983
2024-05-02 08:00:00,170.071,170.713,169.658,170.016,23796
2024-05-02 12:00:00,170.014,170.318,169.413,169.432,20849
2024-05-02 16:00:00,169.421,169.594,168.368,168.722,27182
2024-05-02 20:00:00,168.726,168.92,168.186,168.734,14724
2024-05-03 00:00:00,168.619,168.881,168.032,168.384,12918
2024-05-03 04:00:00,168.386,168.471,168.033,168.135,13430
2024-05-03 08:00:00,168.136,168.957,168.133,168.761,18434
2024-05-03 12:00:00,168.756,169.127,168.455,168.552,20699
2024-05-03 16:00:00,168.549,169.079,168.399,168.798,27958
2024-05-03 20:00:00,168.798,169.03,168.788,169.001,9026
2024-05-06 00:00:00,168.871,169.695,168.622,169.392,8447
2024-05-06 04:00:00,169.392,169.953,169.335,169.886,13614
2024-05-06 08:00:00,169.887,170.03,169.658,169.915,14742
2024-05-06 12:00:00,169.915,169.933,169.675,169.849,13473
2024-05-06 16:00:00,169.847,170.153,169.787,169.848,15185
2024-05-06 20:00:00,169.851,169.918,169.774,169.797,9283
2024-05-07 00:00:00,169.613,170.12,169.573,169.858,8839
2024-05-07 04:00:00,169.862,170.416,169.811,170.258,12058
2024-05-07 08:00:00,170.258,170.376,169.724,170.046,15898
2024-05-07 12:00:00,170.049,170.412,170.029,170.277,14006
2024-05-07 16:00:00,170.28,170.416,170.115,170.184,14710
2024-05-07 20:00:00,170.183,170.275,170.083,170.275,9870
2024-05-08 00:00:00,170.016,170.412,169.908,170.368,7276
2024-05-08 04:00:00,170.368,170.678,170.339,170.589,11109
2024-05-08 08:00:00,170.588,171.037,170.57,171.03,13718
2024-05-08 12:00:00,171.03,171.221,170.809,171.21,12957
2024-05-08 16:00:00,171.208,171.324,171.105,171.204,15070
2024-05-08 20:00:00,171.203,171.338,171.182,171.247,7337
2024-05-09 00:00:00,171.117,171.388,170.907,171.292,9176
2024-05-09 04:00:00,171.293,171.336,171.153,171.245,9193
2024-05-09 08:00:00,171.239,171.494,171.226,171.352,12090
2024-05-09 12:00:00,171.352,171.657,171.243,171.599,14894
2024-05-09 16:00:00,171.601,171.666,171.425,171.631,16204
2024-05-09 20:00:00,171.633,171.671,171.542,171.589,7531
2024-05-10 00:00:00,171.506,171.675,171.402,171.597,8888
2024-05-10 04:00:00,171.593,171.789,171.558,171.696,10738
2024-05-10 08:00:00,171.695,171.888,171.588,171.804,15539
2024-05-10 12:00:00,171.808,171.887,171.607,171.691,14249
2024-05-10 16:00:00,171.689,171.99,171.498,171.966,19213
2024-05-10 20:00:00,171.964,172.046,171.795,171.816,8621
2024-05-13 00:00:00,171.632,172.041,171.407,172.013,4366
2024-05-13 04:00:00,172.014,172.026,171.556,171.796,7715
2024-05-13 08:00:00,171.796,171.998,171.781,171.944,11897
2024-05-13 12:00:00,171.944,172.071,171.733,171.994,15844
2024-05-13 16:00:00,171.994,172.218,171.894,172.167,19426
2024-05-13 20:00:00,172.165,172.166,171.88,171.986,11256
2024-05-14 00:00:00,171.907,172.152,171.845,172.052,9279
2024-05-14 04:00:00,172.053,172.243,172.048,172.129,9726
2024-05-14 08:00:00,172.131,172.441,172.1,172.397,13735
2024-05-14 12:00:00,172.398,172.578,172.143,172.553,15948
2024-05-14 16:00:00,172.553,172.709,172.446,172.606,19797
2024-05-14 20:00:00,172.601,172.612,172.498,172.548,7559
2024-05-15 00:00:00,172.447,172.661,172.367,172.5,8297
2024-05-15 04:00:00,172.498,172.688,172.412,172.544,8894
2024-05-15 08:00:00,172.543,172.661,171.904,171.983,16112
2024-05-15 12:00:00,171.981,172.191,171.505,171.67,19271
2024-05-15 16:00:00,171.665,171.998,171.337,171.632,26651
2024-05-15 20:00:00,171.629,171.717,171.397,171.655,13194
2024-05-16 00:00:00,171.464,171.616,170.826,170.9,15818
2024-05-16 04:00:00,170.898,171.322,170.81,170.876,18269
2024-05-16 08:00:00,170.879,171.641,170.828,171.473,19538
2024-05-16 12:00:00,171.474,171.722,171.24,171.695,17557
2024-05-16 16:00:00,171.693,171.757,171.491,171.588,19977
2024-05-16 20:00:00,171.594,171.624,171.44,171.475,9759
2024-05-17 00:00:00,171.325,171.51,171.268,171.385,9451
2024-05-17 04:00:00,171.383,171.839,171.373,171.7,12238
2024-05-17 08:00:00,171.695,171.804,171.348,171.442,13654
2024-05-17 12:00:00,171.446,171.489,171.227,171.403,12454
2024-05-17 16:00:00,171.403,171.518,171.167,171.361,18732
2024-05-17 20:00:00,171.361,171.473,171.124,171.126,8818
2024-05-20 00:00:00,171.059,171.459,170.974,171.427,5843
2024-05-20 04:00:00,171.429,171.495,171.208,171.302,9105
2024-05-20 08:00:00,171.302,171.37,171.029,171.28,14401
2024-05-20 12:00:00,171.279,171.559,171.208,171.485,14094
2024-05-20 16:00:00,171.486,171.957,171.479,171.665,16175
2024-05-20 20:00:00,171.664,171.768,171.573,171.604,9058
2024-05-21 00:00:00,171.515,171.845,171.413,171.763,9465
2024-05-21 04:00:00,171.764,171.823,171.619,171.772,10681
2024-05-21 08:00:00,171.77,171.8,171.478,171.704,15827
2024-05-21 12:00:00,171.702,171.877,171.647,171.693,15203
2024-05-21 16:00:00,171.693,171.707,171.282,171.435,21356
2024-05-21 20:00:00,171.431,171.525,171.378,171.44,9733
2024-05-22 00:00:00,171.221,171.533,171.221,171.509,7737
2024-05-22 04:00:00,171.506,171.59,171.463,171.523,10420
2024-05-22 08:00:00,171.522,171.635,171.233,171.419,13569
2024-05-22 12:00:00,171.419,171.452,170.973,171.202,15402
2024-05-22 16:00:00,171.203,171.305,171.101,171.245,18754
2024-05-22 20:00:00,171.246,171.254,171.067,171.235,13645
2024-05-23 00:00:00,171.143,171.344,171.102,171.326,8978
2024-05-23 04:00:00,171.328,171.452,171.299,171.341,10811
2024-05-23 08:00:00,171.339,171.524,171.027,171.384,16189
2024-05-23 12:00:00,171.384,171.613,171.362,171.603,14387
2024-05-23 16:00:00,171.603,171.904,171.315,171.655,24718
2024-05-23 20:00:00,171.657,171.67,171.443,171.607,13626
2024-05-24 00:00:00,171.574,171.751,171.485,171.672,14273
2024-05-24 04:00:00,171.679,171.782,171.524,171.616,9983
2024-05-24 08:00:00,171.616,171.771,171.54,171.631,12985
2024-05-24 12:00:00,171.631,171.754,171.481,171.722,13432
2024-05-24 16:00:00,171.724,171.849,171.517,171.621,17726
2024-05-24 20:00:00,171.622,171.708,171.528,171.565,7712
2024-05-27 00:00:00,171.516,171.657,171.347,171.477,6729
2024-05-27 04:00:00,171.478,171.497,171.335,171.437,9592
2024-05-27 08:00:00,171.437,171.617,171.343,171.611,10202
2024-05-27 12:00:00,171.612,171.758,171.362,171.431,10790
2024-05-27 16:00:00,171.431,171.794,171.418,171.739,10675
2024-05-27 20:00:00,171.739,171.767,171.689,171.727,5985
2024-05-28 00:00:00,171.619,171.88,171.5,171.853,10241
2024-05-28 04:00:00,171.852,171.911,171.727,171.79,11130
2024-05-28 08:00:00,171.786,172.264,171.774,171.992,14063
2024-05-28 12:00:00,171.989,172.48,171.989,172.166,15423
2024-05-28 16:00:00,172.167,172.386,172.095,172.295,19476
2024-05-28 20:00:00,172.295,172.378,172.19,172.256,12238
2024-05-29 00:00:00,172.176,172.488,172.052,172.474,12042
2024-05-29 04:00:00,172.472,172.494,172.304,172.326,10359
2024-05-29 08:00:00,172.328,172.378,172.037,172.114,16786
2024-05-29 12:00:00,172.118,172.528,172.007,172.419,16438
2024-05-29 16:00:00,172.419,172.63,172.331,172.59,20388
2024-05-29 20:00:00,172.589,172.68,172.495,172.642,11413
2024-05-30 00:00:00,172.513,172.666,172.2,172.256,9417
2024-05-30 04:00:00,172.258,172.394,172.096,172.166,13724
2024-05-30 08:00:00,172.169,173.044,171.848,173.017,23631
2024-05-30 12:00:00,173.018,173.307,172.687,173.086,20914
2024-05-30 16:00:00,173.088,173.414,172.83,173.352,22584
2024-05-30 20:00:00,173.352,173.635,173.35,173.571,10032
2024-05-31 00:00:00,173.469,173.796,173.399,173.602,10202
2024-05-31 04:00:00,173.602,173.757,173.314,173.343,15968
2024-05-31 08:00:00,173.341,173.759,173.215,173.61,19162
2024-05-31 12:00:00,173.61,173.746,173.452,173.667,19529
2024-05-31 16:00:00,173.669,174.25,173.604,174.001,25911
2024-05-31 20:00:00,174.002,174.358,174.002,174.271,11915
2024-06-03 00:00:00,173.918,174.468,173.902,174.335,9987
2024-06-03 04:00:00,174.332,174.67,174.288,174.619,12482
2024-06-03 08:00:00,174.613,174.68,173.957,173.976,17351
2024-06-03 12:00:00,173.979,174.144,173.792,173.978,19416
2024-06-03 16:00:00,173.976,174.393,173.888,174.268,26173
2024-06-03 20:00:00,174.268,174.515,174.193,174.204,13653
2024-06-04 00:00:00,174.233,174.743,173.972,174.681,10992
2024-06-04 04:00:00,174.683,174.706,174.448,174.497,11807
2024-06-04 08:00:00,174.496,174.506,173.45,173.487,24281
2024-06-04 12:00:00,173.487,173.699,173.206,173.635,27756
2024-06-04 16:00:00,173.633,174.107,173.421,174.049,28685
2024-06-04 20:00:00,174.041,174.11,173.832,174.0,13385
2024-06-05 00:00:00,173.893,174.476,173.711,174.303,11668
2024-06-05 04:00:00,174.304,174.671,174.294,174.611,13137
2024-06-05 08:00:00,174.61,175.136,174.523,175.114,19302
2024-06-05 12:00:00,175.113,175.114,174.763,174.989,17641
2024-06-05 16:00:00,174.988,175.05,174.438,174.656,25429
2024-06-05 20:00:00,174.655,174.8,174.561,174.741,8628
2024-06-06 00:00:00,174.564,174.778,174.499,174.597,9703
2024-06-06 04:00:00,174.596,174.967,174.477,174.752,14661
2024-06-06 08:00:00,174.753,175.215,174.729,175.051,17996
2024-06-06 12:00:00,175.049,175.366,174.848,175.245,18142
2024-06-06 16:00:00,175.241,175.291,174.726,174.744,21391
2024-06-06 20:00:00,174.744,175.028,174.692,174.982,12555
2024-06-07 00:00:00,174.861,175.042,174.795,174.969,9190
2024-06-07 04:00:00,174.969,175.083,174.786,174.825,13293
2024-06-07 08:00:00,174.822,174.945,174.464,174.667,20062
2024-06-07 12:00:00,174.665,175.26,174.38,175.097,21670
2024-06-07 16:00:00,175.096,175.142,174.558,174.811,26656
2024-06-07 20:00:00,174.809,174.842,174.661,174.811,12571
2024-06-10 00:00:00,174.571,175.058,174.453,174.896,12593
2024-06-10 04:00:00,174.888,175.183,174.844,175.069,14370
2024-06-10 08:00:00,175.068,175.16,174.779,174.983,20016
2024-06-10 12:00:00,174.982,175.157,174.8,175.028,18654
2024-06-10 16:00:00,175.028,175.094,174.773,175.052,15662
2024-06-10 20:00:00,175.051,175.251,175.037,175.141,10238
2024-06-11 00:00:00,174.911,175.3,174.888,175.264,9973
2024-06-11 04:00:00,175.261,175.418,175.194,175.384,13889
2024-06-11 08:00:00,175.384,175.519,175.269,175.296,15807
2024-06-11 12:00:00,175.298,175.418,174.787,174.856,20880
2024-06-11 16:00:00,174.856,175.167,174.829,175.16,22562
2024-06-11 20:00:00,175.159,175.159,174.936,175.05,12273
2024-06-12 00:00:00,174.918,175.07,174.895,174.975,7856
2024-06-12 04:00:00,174.973,175.137,174.905,175.118,11493
2024-06-12 08:00:00,175.119,175.458,175.101,175.431,15597
2024-06-12 12:00:00,175.431,175.976,175.325,175.357,20030
2024-06-12 16:00:00,175.356,175.356,174.649,174.787,26355
2024-06-12 20:00:00,174.787,175.407,174.673,175.219,23565
2024-06-13 00:00:00,175.135,175.508,174.984,175.371,11650
2024-06-13 04:00:00,175.369,175.486,175.213,175.37,14933
2024-06-13 08:00:00,175.37,175.761,175.37,175.613,18922
2024-06-13 12:00:00,175.614,175.643,175.221,175.5,19287
2024-06-13 16:00:00,175.499,175.656,175.286,175.307,26996
2024-06-13 20:00:00,175.307,175.774,175.281,175.662,12575
2024-06-14 00:00:00,175.498,175.886,175.329,175.84,8876
2024-06-14 04:00:00,175.84,176.665,175.527,176.62,15786
2024-06-14 08:00:00,176.62,176.908,176.19,176.521,27126
2024-06-14 12:00:00,176.522,176.55,175.474,176.204,30241
2024-06-14 16:00:00,176.204,176.864,176.161,176.628,24994
2024-06-14 20:00:00,176.631,176.855,176.616,176.792,9526
2024-06-17 00:00:00,176.524,176.945,176.452,176.802,11718
2024-06-17 04:00:00,176.804,176.852,176.659,176.74,13194
2024-06-17 08:00:00,176.741,176.884,176.482,176.759,21809
2024-06-17 12:00:00,176.764,176.919,176.595,176.815,20617
2024-06-17 16:00:00,176.816,177.114,176.779,177.086,19257
2024-06-17 20:00:00,177.086,177.278,177.056,177.278,10240
2024-06-18 00:00:00,177.172,177.543,177.13,177.523,7827
2024-06-18 04:00:00,177.523,177.525,177.143,177.268,11623
2024-06-18 08:00:00,177.271,178.009,177.221,177.905,20299
2024-06-18 12:00:00,177.905,178.313,177.89,178.282,18969
2024-06-18 16:00:00,178.284,178.733,178.117,178.389,21710
2024-06-18 20:00:00,178.388,178.601,178.354,178.522,10795
2024-06-19 00:00:00,178.436,178.585,178.328,178.545,9087
2024-06-19 04:00:00,178.545,178.573,178.4,178.488,10417
2024-06-19 08:00:00,178.488,178.585,178.157,178.446,15263
2024-06-19 12:00:00,178.444,178.683,178.239,178.572,13783
2024-06-19 16:00:00,178.575,178.685,178.532,178.598,8742
2024-06-19 20:00:00,178.597,178.771,178.545,178.709,3565
2024-06-20 00:00:00,178.643,178.793,178.454,178.747,8533
2024-06-20 04:00:00,178.745,178.95,178.735,178.919,8693
2024-06-20 08:00:00,178.918,179.06,177.771,178.121,18920
2024-06-20 12:00:00,178.121,178.178,177.656,177.788,19799
2024-06-20 16:00:00,177.781,178.315,177.677,178.228,18587
2024-06-20 20:00:00,178.227,178.36,178.219,178.294,9841
2024-06-21 00:00:00,178.246,178.394,178.162,178.37,9758
2024-06-21 04:00:00,178.376,178.386,178.138,178.291,11787
2024-06-21 08:00:00,178.29,178.4,177.99,178.045,17927
2024-06-21 12:00:00,178.045,178.206,177.894,178.053,15645
2024-06-21 16:00:00,178.047,178.624,177.828,178.32,21409
2024-06-21 20:00:00,178.318,178.71,178.293,178.652,8788
2024-06-24 00:00:00,178.576,178.831,178.403,178.765,11373
2024-06-24 04:00:00,178.766,178.813,178.616,178.764,12847
2024-06-24 08:00:00,178.764,178.851,178.614,178.739,16251
2024-06-24 12:00:00,178.737,178.843,177.917,178.58,20576
2024-06-24 16:00:00,178.582,178.781,178.422,178.659,19046
2024-06-24 20:00:00,178.658,178.856,178.6,178.751,11215
2024-06-25 00:00:00,178.557,178.876,178.436,178.706,10256
2024-06-25 04:00:00,178.706,178.811,178.49,178.739,13738
2024-06-25 08:00:00,178.742,178.776,178.393,178.454,15758
2024-06-25 12:00:00,178.447,178.621,178.353,178.548,14854
2024-06-25 16:00:00,178.554,178.638,178.411,178.486,18154
2024-06-25 20:00:00,178.485,178.529,178.365,178.44,10511
2024-06-26 00:00:00,178.324,178.471,178.278,178.373,10600
2024-06-26 04:00:00,178.374,178.638,178.37,178.471,11155
2024-06-26 08:00:00,178.469,178.507,178.238,178.285,12955
2024-06-26 12:00:00,178.285,178.957,178.11,178.899,20060
2024-06-26 16:00:00,178.902,179.181,178.668,178.955,22833
2024-06-26 20:00:00,178.956,179.249,178.944,179.232,9832
2024-06-27 00:00:00,179.12,179.206,178.914,179.068,9690
2024-06-27 04:00:00,179.072,179.09,178.737,178.795,13430
2024-06-27 08:00:00,178.798,178.949,178.749,178.845,14568
2024-06-27 12:00:00,178.854,178.959,178.598,178.947,15779
2024-06-27 16:00:00,178.949,179.125,178.851,178.941,19993
2024-06-27 20:00:00,178.943,178.978,178.835,178.841,9476
2024-06-28 00:00:00,178.832,179.132,178.757,179.107,9741
2024-06-28 04:00:00,179.105,179.226,178.821,179.019,17551
2024-06-28 08:00:00,179.016,179.072,178.73,178.888,16193
2024-06-28 12:00:00,178.889,178.889,178.303,178.461,19391
2024-06-28 16:00:00,178.464,179.076,178.227,179.011,25123
2024-06-28 20:00:00,179.01,179.122,178.843,178.984,11138
2024-07-01 00:00:00,178.802,179.143,178.626,178.968,11908
2024-07-01 04:00:00,178.971,179.044,178.853,179.042,12856
2024-07-01 08:00:00,179.042,179.176,178.754,178.837,17714
2024-07-01 12:00:00,178.836,178.926,178.66,178.803,15141
2024-07-01 16:00:00,178.814,179.041,178.658,178.758,21540
2024-07-01 20:00:00,178.758,178.862,178.613,178.85,10405
2024-07-02 00:00:00,178.656,178.917,178.646,178.802,8091
2024-07-02 04:00:00,178.805,178.914,178.772,178.838,11965
2024-07-02 08:00:00,178.84,178.911,178.653,178.703,15822
2024-07-02 12:00:00,178.698,178.86,178.58,178.605,13440
2024-07-02 16:00:00,178.61,178.754,178.4,178.63,19810
2024-07-02 20:00:00,178.63,178.68,178.528,178.621,8777
2024-07-03 00:00:00,178.566,178.765,178.503,178.743,8399
2024-07-03 04:00:00,178.746,178.855,178.682,178.832,9533
2024-07-03 08:00:00,178.832,179.109,178.73,179.094,14617
2024-07-03 12:00:00,179.09,179.371,179.043,179.264,16233
2024-07-03 16:00:00,179.266,179.349,178.8,179.335,25252
2024-07-03 20:00:00,179.337,179.429,179.151,179.356,7965
2024-07-04 00:00:00,179.266,179.415,178.99,179.239,7023
2024-07-04 04:00:00,179.238,179.298,178.957,179.22,11808
2024-07-04 08:00:00,179.218,179.415,178.558,178.888,15287
2024-07-04 12:00:00,178.89,179.107,178.82,179.036,13805
2024-07-04 16:00:00,179.037,179.118,178.902,179.047,10163
2024-07-04 20:00:00,179.047,179.209,179.032,179.162,6471
2024-07-05 00:00:00,179.113,179.277,178.765,179.008,9786
2024-07-05 04:00:00,179.006,179.079,178.666,178.776,14403
2024-07-05 08:00:00,178.776,179.035,178.751,178.924,14227
2024-07-05 12:00:00,178.925,179.216,178.531,179.215,18442
2024-07-05 16:00:00,179.217,179.527,178.98,179.236,26162
2024-07-05 20:00:00,179.232,179.525,179.23,179.425,9600
2024-07-08 00:00:00,179.211,179.691,179.211,179.343,11475
2024-07-08 04:00:00,179.344,179.44,179.021,179.356,14695
2024-07-08 08:00:00,179.357,179.911,179.336,179.888,17977
2024-07-08 12:00:00,179.887,179.887,179.281,179.286,15293
2024-07-08 16:00:00,179.293,179.5,178.929,179.144,19276
2024-07-08 20:00:00,179.146,179.254,179.115,179.17,8710
2024-07-09 00:00:00,179.061,179.181,178.941,179.111,6970
2024-07-09 04:00:00,179.113,179.322,179.083,179.19,12482
2024-07-09 08:00:00,179.188,179.24,178.963,179.229,13383
2024-07-09 12:00:00,179.23,179.485,179.223,179.407,15398
2024-07-09 16:00:00,179.412,179.84,179.382,179.685,23893
2024-07-09 20:00:00,179.686,179.752,179.586,179.651,9071
2024-07-10 00:00:00,179.586,179.872,179.586,179.796,6540
2024-07-10 04:00:00,179.8,179.946,179.791,179.906,10436
2024-07-10 08:00:00,179.905,180.063,179.83,179.982,12712
2024-07-10 12:00:00,179.982,180.037,179.693,179.752,13978
2024-07-10 16:00:00,179.753,179.89,179.563,179.807,17571
2024-07-10 20:00:00,179.807,179.845,179.723,179.751,11337
2024-07-11 00:00:00,179.631,179.773,179.61,179.721,7029
2024-07-11 04:00:00,179.717,179.851,179.717,179.814,10340
2024-07-11 08:00:00,179.816,179.886,179.712,179.802,12860
2024-07-11 12:00:00,179.803,179.965,177.459,177.62,17308
2024-07-11 16:00:00,177.6,177.869,176.509,177.312,29893
2024-07-11 20:00:00,177.313,177.531,177.16,177.278,13029
2024-07-12 00:00:00,177.095,177.812,176.168,177.549,19040
2024-07-12 04:00:00,177.548,177.757,177.134,177.541,17496
2024-07-12 08:00:00,177.543,177.866,177.39,177.615,19144
2024-07-12 12:00:00,177.617,177.766,177.144,177.502,19823
2024-07-12 16:00:00,177.506,177.544,176.049,176.481,25245
2024-07-12 20:00:00,176.488,176.607,176.434,176.522,8480
2024-07-15 00:00:00,176.619,176.743,176.284,176.404,10639
2024-07-15 04:00:00,176.402,176.496,176.276,176.399,13376
2024-07-15 08:00:00,176.399,176.732,176.274,176.522,18251
2024-07-15 12:00:00,176.522,176.863,176.464,176.638,17461
2024-07-15 16:00:00,176.637,176.779,175.867,176.26,21503
2024-07-15 20:00:00,176.259,176.554,176.229,176.49,12008
2024-07-16 00:00:00,176.272,176.815,176.184,176.798,7588
2024-07-16 04:00:00,176.795,177.217,176.791,177.183,13253
2024-07-16 08:00:00,177.181,177.333,176.927,177.003,19175
2024-07-16 12:00:00,177.008,177.034,176.6,176.941,17578
2024-07-16 16:00:00,176.927,177.137,176.827,177.109,19173
2024-07-16 20:00:00,177.109,177.248,177.048,177.193,9278
2024-07-17 00:00:00,176.936,177.306,176.907,177.239,8533
2024-07-17 04:00:00,177.244,177.337,177.016,177.016,12885
2024-07-17 08:00:00,177.015,177.034,175.882,176.052,26710
2024-07-17 12:00:00,176.053,176.847,175.894,176.683,28781
2024-07-17 16:00:00,176.687,177.035,176.501,176.72,28742
2024-07-17 20:00:00,176.718,176.94,176.529,176.848,14062
2024-07-18 00:00:00,176.468,176.917,176.072,176.239,18238
2024-07-18 04:00:00,176.234,176.988,176.188,176.723,18579
2024-07-18 08:00:00,176.723,177.075,176.321,176.927,25683
2024-07-18 12:00:00,176.926,177.101,176.71,177.059,23225
2024-07-18 16:00:00,177.06,177.359,176.893,177.357,25281
2024-07-18 20:00:00,177.351,177.388,177.237,177.243,13651
2024-07-19 00:00:00,177.304,177.346,176.954,177.029,13020
2024-07-19 04:00:00,177.032,177.234,177.0,177.063,16385
2024-07-19 08:00:00,177.062,177.51,176.796,177.027,25260
2024-07-19 12:00:00,177.027,177.212,176.931,177.184,20189
2024-07-19 16:00:00,177.186,177.229,176.981,177.148,21541
2024-07-19 20:00:00,177.149,177.206,177.033,177.157,9812
2024-07-22 00:00:00,176.943,177.302,176.873,177.241,12018
2024-07-22 04:00:00,177.242,177.337,177.143,177.169,16962
2024-07-22 08:00:00,177.169,177.169,176.064,176.605,28464
2024-07-22 12:00:00,176.606,176.825,176.371,176.377,24615
2024-07-22 16:00:00,176.377,176.575,176.255,176.553,23682
2024-07-22 20:00:00,176.554,176.656,176.529,176.54,9951
2024-07-23 00:00:00,176.345,176.549,176.067,176.143,13330
2024-07-23 04:00:00,176.141,176.31,175.682,175.808,22517
2024-07-23 08:00:00,175.806,176.039,175.113,175.273,25971
2024-07-23 12:00:00,175.274,175.32,174.972,175.03,23938
2024-07-23 16:00:00,175.034,175.214,174.63,174.711,20910
2024-07-23 20:00:00,174.711,174.75,174.512,174.573,12401
2024-07-24 00:00:00,174.5,174.868,174.449,174.707,10960
2024-07-24 04:00:00,174.708,174.749,173.41,173.473,27146
2024-07-24 08:00:00,173.473,174.166,173.254,174.161,25346
2024-07-24 12:00:00,174.161,174.499,173.714,173.832,22180
2024-07-24 16:00:00,173.834,174.032,173.177,173.559,30456
2024-07-24 20:00:00,173.56,173.951,173.545,173.832,14915
2024-07-25 00:00:00,173.726,173.942,172.802,173.251,18591
2024-07-25 04:00:00,173.251,173.368,172.317,172.846,23576
2024-07-25 08:00:00,172.846,173.433,172.641,173.38,30017
2024-07-25 12:00:00,173.382,174.538,173.172,174.285,28029
2024-07-25 16:00:00,174.279,175.16,174.168,174.974,31969
2024-07-25 20:00:00,174.977,174.988,174.577,174.583,20216
2024-07-26 00:00:00,174.456,174.891,174.18,174.666,16494
2024-07-26 04:00:00,174.666,174.843,174.29,174.429,17841
2024-07-26 08:00:00,174.428,174.769,174.19,174.66,25203
2024-07-26 12:00:00,174.66,175.122,174.467,174.698,25306
2024-07-26 16:00:00,174.694,174.699,173.526,174.127,29112
2024-07-26 20:00:00,174.125,174.186,173.929,173.993,13649
2024-07-29 00:00:00,173.677,174.502,173.67,173.987,18731
2024-07-29 04:00:00,173.981,174.117,173.456,173.703,27408
2024-07-29 08:00:00,173.701,173.892,173.439,173.612,27974
2024-07-29 12:00:00,173.607,174.006,173.494,173.903,24193
2024-07-29 16:00:00,173.904,174.074,173.621,173.707,27795
2024-07-29 20:00:00,173.709,173.85,173.694,173.805,12672
2024-07-30 00:00:00,173.696,173.838,173.314,173.675,13020
2024-07-30 04:00:00,173.675,174.162,173.542,174.136,19743
2024-07-30 08:00:00,174.143,174.866,174.12,174.509,25894
2024-07-30 12:00:00,174.506,174.866,174.485,174.787,18272
2024-07-30 16:00:00,174.785,174.792,173.29,173.472,34453
2024-07-30 20:00:00,173.473,173.564,172.898,173.004,20357
2024-07-31 00:00:00,172.838,173.284,172.417,172.718,21561
2024-07-31 04:00:00,172.714,174.209,172.0,173.059,24742
2024-07-31 08:00:00,173.05,173.495,170.292,171.187,33536
2024-07-31 12:00:00,171.187,171.194,170.388,171.008,31363
2024-07-31 16:00:00,171.005,171.099,170.476,170.907,34513
2024-07-31 20:00:00,170.911,171.509,170.434,170.771,31516
2024-08-01 00:00:00,170.564,171.14,170.229,170.296,19626
2024-08-01 04:00:00,170.294,170.694,169.488,170.657,32220
2024-08-01 08:00:00,170.664,171.343,170.562,170.937,35854
2024-08-01 12:00:00,170.931,172.176,170.769,172.172,30588
2024-08-01 16:00:00,172.173,172.196,171.417,171.513,36493
2024-08-01 20:00:00,171.511,171.535,170.967,171.022,24497
2024-08-02 00:00:00,171.048,171.28,170.569,171.196,21537
2024-08-02 04:00:00,171.205,171.602,171.06,171.189,24286
2024-08-02 08:00:00,171.184,171.306,170.546,170.992,30849
2024-08-02 12:00:00,170.988,171.279,169.909,170.594,28379
2024-08-02 16:00:00,170.598,171.116,170.308,170.767,43449
2024-08-02 20:00:00,170.769,170.951,170.445,170.721,21640
2024-08-05 00:00:00,170.52,170.696,169.701,170.258,27109
2024-08-05 04:00:00,170.258,170.29,167.413,168.566,38868
2024-08-05 08:00:00,168.568,169.071,167.077,167.475,41540
2024-08-05 12:00:00,167.482,168.646,166.808,168.435,34680
2024-08-05 16:00:00,168.431,169.461,167.677,168.926,40758
2024-08-05 20:00:00,168.92,169.283,168.565,169.172,27107
2024-08-06 00:00:00,168.928,171.138,168.598,169.744,22925
2024-08-06 04:00:00,169.75,170.378,168.875,169.954,27821
2024-08-06 08:00:00,169.973,170.75,169.24,169.615,37936
2024-08-06 12:00:00,169.612,170.045,169.001,169.504,36988
2024-08-06 16:00:00,169.499,170.416,169.267,170.296,39200
2024-08-06 20:00:00,170.299,170.334,169.367,169.547,25456
2024-08-07 00:00:00,169.287,170.052,169.115,169.557,19682
2024-08-07 04:00:00,169.55,172.176,169.439,171.865,28942
2024-08-07 08:00:00,171.86,172.044,170.894,171.396,35154
2024-08-07 12:00:00,171.398,171.413,170.385,170.688,30406
2024-08-07 16:00:00,170.689,170.8,169.948,170.529,34845
2024-08-07 20:00:00,170.532,170.845,170.25,170.276,28042
2024-08-08 00:00:00,169.957,170.284,169.578,170.066,22150
2024-08-08 04:00:00,170.068,170.617,169.934,170.103,32376
2024-08-08 08:00:00,170.093,170.337,169.605,170.32,35787
2024-08-08 12:00:00,170.318,170.834,170.222,170.612,33435
2024-08-08 16:00:00,170.604,170.628,169.681,170.004,34696
2024-08-08 20:00:00,170.004,170.125,169.808,169.914,19668
2024-08-09 00:00:00,169.722,170.512,169.714,170.258,23913
2024-08-09 04:00:00,170.257,170.351,169.685,169.752,29440
2024-08-09 08:00:00,169.749,170.14,169.476,170.102,32504
2024-08-09 12:00:00,170.105,170.27,169.558,169.75,30759
2024-08-09 16:00:00,169.747,169.817,169.303,169.608,30285
2024-08-09 20:00:00,169.607,169.702,169.386,169.422,18580
2024-08-12 00:00:00,169.347,170.057,169.286,169.757,15300
2024-08-12 04:00:00,169.757,169.927,169.639,169.736,20093
2024-08-12 08:00:00,169.734,169.871,169.454,169.663,27625
2024-08-12 12:00:00,169.661,170.053,169.476,169.954,23324
2024-08-12 16:00:00,169.955,170.337,169.861,169.993,34679
2024-08-12 20:00:00,169.986,170.242,169.897,170.122,22190
2024-08-13 00:00:00,169.903,170.135,169.759,169.976,16710
2024-08-13 04:00:00,169.983,170.352,169.981,170.301,20957
2024-08-13 08:00:00,170.302,170.625,170.23,170.454,26166
2024-08-13 12:00:00,170.447,170.478,169.763,170.079,27775
2024-08-13 16:00:00,170.08,170.164,169.639,169.651,30501
2024-08-13 20:00:00,169.653,169.861,169.62,169.803,22542
2024-08-14 00:00:00,169.526,170.078,169.467,169.948,16270
2024-08-14 04:00:00,169.948,169.997,169.092,169.847,27949
2024-08-14 08:00:00,169.845,170.72,169.756,170.564,29177
2024-08-14 12:00:00,170.562,170.607,169.771,170.267,28046
2024-08-14 16:00:00,170.265,170.427,169.84,169.918,32296
2024-08-14 20:00:00,169.917,170.43,169.905,170.261,17079
2024-08-15 00:00:00,170.166,170.336,170.046,170.188,13035
2024-08-15 04:00:00,170.181,170.385,170.1,170.175,21106
2024-08-15 08:00:00,170.179,170.221,169.927,170.092,22930
2024-08-15 12:00:00,170.091,170.716,169.784,170.606,25399
2024-08-15 16:00:00,170.61,171.154,170.439,170.872,30075
2024-08-15 20:00:00,170.874,171.162,170.728,171.065,13520
2024-08-16 00:00:00,171.045,171.066,170.79,171.045,14050
2024-08-16 04:00:00,171.045,171.107,170.749,170.874,20413
2024-08-16 08:00:00,170.872,171.362,170.859,171.188,21956
2024-08-16 12:00:00,171.191,171.238,170.329,170.358,26614
2024-08-16 16:00:00,170.352,170.619,170.297,170.417,29189
2024-08-16 20:00:00,170.415,170.457,170.26,170.413,13297
2024-08-19 00:00:00,170.177,170.639,170.133,170.51,14605
2024-08-19 04:00:00,170.51,170.551,168.864,169.205,25393
2024-08-19 08:00:00,169.208,169.306,168.349,168.948,31455
2024-08-19 12:00:00,168.953,169.355,168.827,168.954,27863
2024-08-19 16:00:00,168.954,169.809,168.954,169.742,26726
2024-08-19 20:00:00,169.742,170.039,169.729,169.907,13795
2024-08-20 00:00:00,169.687,170.165,169.59,169.744,14013
2024-08-20 04:00:00,169.744,170.655,169.472,170.436,25780
2024-08-20 08:00:00,170.435,170.962,170.199,170.349,27062
2024-08-20 12:00:00,170.349,170.438,170.052,170.13,24368
2024-08-20 16:00:00,170.132,170.293,169.65,169.81,31945
2024-08-20 20:00:00,169.809,170.104,169.772,170.073,15440
2024-08-21 00:00:00,169.903,170.488,169.802,170.401,20899
2024-08-21 04:00:00,170.402,170.611,170.161,170.528,24296
2024-08-21 08:00:00,170.525,170.918,170.36,170.741,27973
2024-08-21 12:00:00,170.74,170.923,170.665,170.683,23686
2024-08-21 16:00:00,170.678,171.659,170.368,170.537,35603
2024-08-21 20:00:00,170.537,170.573,170.026,170.539,19841
2024-08-22 00:00:00,170.152,170.753,170.152,170.605,12900
2024-08-22 04:00:00,170.603,170.874,170.307,170.457,17006
2024-08-22 08:00:00,170.459,171.369,170.378,171.078,22035
2024-08-22 12:00:00,171.076,171.579,171.0,171.544,21766
2024-08-22 16:00:00,171.544,171.775,171.291,171.735,27582
2024-08-22 20:00:00,171.735,171.851,171.565,171.684,13209
2024-08-23 00:00:00,171.49,171.745,171.364,171.51,12455
2024-08-23 04:00:00,171.509,171.568,170.831,171.132,19113
2024-08-23 08:00:00,171.132,171.433,170.795,171.285,20427
2024-08-23 12:00:00,171.287,171.463,171.245,171.288,17620
2024-08-23 16:00:00,171.292,171.533,170.392,170.449,32949
2024-08-23 20:00:00,170.443,170.57,169.965,170.325,17519
2024-08-26 00:00:00,169.987,170.139,169.493,169.785,18688
2024-08-26 04:00:00,169.789,170.024,169.56,170.015,20012
2024-08-26 08:00:00,170.015,170.109,169.617,170.073,21893
2024-08-26 12:00:00,170.071,170.275,169.812,169.834,19612
2024-08-26 16:00:00,169.838,170.554,169.752,170.484,24293
2024-08-26 20:00:00,170.482,170.679,170.416,170.556,11324
2024-08-27 00:00:00,170.426,170.879,170.291,170.87,10235
2024-08-27 04:00:00,170.872,171.045,170.73,170.741,14139
2024-08-27 08:00:00,170.741,171.251,170.707,171.136,21423
2024-08-27 12:00:00,171.129,171.191,170.746,170.8,22319
2024-08-27 16:00:00,170.798,171.313,170.741,170.937,25438
2024-08-27 20:00:00,170.937,171.214,170.895,171.027,11606
2024-08-28 00:00:00,170.903,171.291,170.72,171.184,11366
2024-08-28 04:00:00,171.187,171.352,171.092,171.132,16280
2024-08-28 08:00:00,171.134,171.458,171.026,171.197,21143
2024-08-28 12:00:00,171.2,171.396,170.985,171.348,21115
2024-08-28 16:00:00,171.345,171.712,171.339,171.678,25498
2024-08-28 20:00:00,171.678,171.826,171.571,171.645,16030
2024-08-29 00:00:00,171.509,171.733,171.257,171.596,12909
2024-08-29 04:00:00,171.6,172.126,171.551,172.092,15757
2024-08-29 08:00:00,172.092,172.267,170.829,171.328,23700
2024-08-29 12:00:00,171.331,171.708,171.047,171.672,23686
2024-08-29 16:00:00,171.676,171.764,171.123,171.231,28356
2024-08-29 20:00:00,171.232,171.247,171.034,171.116,18923
2024-08-30 00:00:00,170.913,171.187,170.752,170.841,10056
2024-08-30 04:00:00,170.837,171.001,170.759,170.854,12693
2024-08-30 08:00:00,170.853,171.061,170.79,170.986,17433
2024-08-30 12:00:00,170.986,171.366,170.88,171.309,19718
2024-08-30 16:00:00,171.307,171.854,171.03,171.852,28944
2024-08-30 20:00:00,171.85,172.019,171.765,171.953,13342
2024-09-02 00:00:00,171.76,172.272,171.669,171.97,11231
2024-09-02 04:00:00,171.971,172.056,171.542,171.694,14995
2024-09-02 08:00:00,171.695,172.811,171.692,172.607,19585
2024-09-02 12:00:00,172.606,172.765,172.488,172.669,14792
2024-09-02 16:00:00,172.67,172.71,172.115,172.415,13686
2024-09-02 20:00:00,172.416,172.534,172.416,172.486,3011
2024-09-03 00:00:00,172.322,172.652,172.226,172.564,9317
2024-09-03 04:00:00,172.561,172.591,171.684,171.829,19998
2024-09-03 08:00:00,171.828,171.895,170.757,171.009,25799
2024-09-03 12:00:00,171.011,171.616,170.861,171.448,21101
2024-09-03 16:00:00,171.446,171.664,171.01,171.35,30081
2024-09-03 20:00:00,171.348,171.482,170.986,171.035,14819
2024-09-04 00:00:00,170.907,171.246,170.749,171.091,14859
2024-09-04 04:00:00,171.092,171.435,171.071,171.179,17800
2024-09-04 08:00:00,171.177,171.247,170.65,171.083,24475
2024-09-04 12:00:00,171.085,171.11,170.33,170.451,19818
2024-09-04 16:00:00,170.448,170.547,169.776,169.872,30632
2024-09-04 20:00:00,169.867,169.946,169.766,169.777,17739
2024-09-05 00:00:00,169.564,169.839,169.312,169.7,13574
2024-09-05 04:00:00,169.705,169.878,169.499,169.579,18202
2024-09-05 08:00:00,169.579,169.802,169.113,169.665,24569
2024-09-05 12:00:00,169.665,169.696,169.041,169.114,22996
2024-09-05 16:00:00,169.107,169.889,169.045,169.638,30508
2024-09-05 20:00:00,169.64,170.012,169.455,169.945,17690
2024-09-06 00:00:00,169.926,169.954,169.701,169.771,9741
2024-09-06 04:00:00,169.773,169.923,169.538,169.648,13051
2024-09-06 08:00:00,169.649,169.666,168.997,169.571,26454
2024-09-06 12:00:00,169.568,170.263,169.031,169.433,24184
2024-09-06 16:00:00,169.444,169.868,168.559,168.84,42461
2024-09-06 20:00:00,168.838,168.977,168.686,168.734,20981
2024-09-09 00:00:00,168.207,169.034,168.071,168.967,16864
2024-09-09 04:00:00,168.968,169.123,168.756,168.96,20862
2024-09-09 08:00:00,168.962,169.228,168.736,169.012,25606
2024-09-09 12:00:00,169.012,169.416,168.697,168.727,21039
2024-09-09 16:00:00,168.725,168.725,168.262,168.43,25507
2024-09-09 20:00:00,168.429,168.578,168.314,168.531,14012
2024-09-10 00:00:00,168.425,168.872,168.27,168.827,11542
2024-09-10 04:00:00,168.829,168.894,168.603,168.64,15600
2024-09-10 08:00:00,168.64,169.339,168.607,169.201,20405
2024-09-10 12:00:00,169.206,169.21,168.67,168.748,21516
2024-09-10 16:00:00,168.75,168.914,168.131,168.227,27002
2024-09-10 20:00:00,168.23,168.289,167.99,168.214,15506
2024-09-11 00:00:00,168.073,168.194,167.784,168.077,11071
2024-09-11 04:00:00,168.078,168.156,167.026,167.335,23588
2024-09-11 08:00:00,167.33,167.611,167.048,167.373,26998
2024-09-11 12:00:00,167.372,167.761,166.826,167.331,25621
2024-09-11 16:00:00,167.336,167.407,166.558,166.961,34682
2024-09-11 20:00:00,166.971,167.234,166.893,167.027,20323
2024-09-12 00:00:00,166.892,167.589,166.851,167.338,10901
2024-09-12 04:00:00,167.343,167.42,166.998,167.361,19459
2024-09-12 08:00:00,167.361,167.553,166.835,166.913,24280
2024-09-12 12:00:00,166.914,167.063,166.507,166.62,24439
2024-09-12 16:00:00,166.619,167.114,166.388,167.05,32126
2024-09-12 20:00:00,167.054,167.103,166.591,166.624,23901
2024-09-13 00:00:00,166.471,166.667,166.187,166.21,12925
2024-09-13 04:00:00,166.209,166.27,165.713,165.915,18509
2024-09-13 08:00:00,165.916,166.462,165.681,165.888,25672
2024-09-13 12:00:00,165.876,166.436,165.627,166.42,24899
2024-09-13 16:00:00,166.419,166.474,165.574,166.076,26880
2024-09-13 20:00:00,166.078,166.253,165.864,165.874,14849
2024-09-16 00:00:00,165.925,166.066,165.57,165.865,11570
2024-09-16 04:00:00,165.861,165.967,165.549,165.71,16260
2024-09-16 08:00:00,165.705,165.76,165.295,165.607,23293
2024-09-16 12:00:00,165.611,166.158,165.532,166.044,23482
2024-09-16 16:00:00,166.043,166.609,166.037,166.475,24547
2024-09-16 20:00:00,166.475,166.545,166.34,166.418,13668
2024-09-17 00:00:00,166.245,167.053,166.118,166.511,10604
2024-09-17 04:00:00,166.513,166.682,166.257,166.629,16392
2024-09-17 08:00:00,166.627,166.807,166.292,166.686,20256
2024-09-17 12:00:00,166.686,166.762,166.471,166.555,21143
2024-09-17 16:00:00,166.557,167.717,166.553,167.485,30412
2024-09-17 20:00:00,167.483,168.129,167.467,168.058,18549
2024-09-18 00:00:00,167.934,168.043,167.369,167.489,10888
2024-09-18 04:00:00,167.49,167.625,167.088,167.174,15514
2024-09-18 08:00:00,167.174,168.173,167.12,167.905,20792
2024-09-18 12:00:00,167.905,168.309,167.873,168.047,20473
2024-09-18 16:00:00,168.043,168.134,167.687,167.87,23275
2024-09-18 20:00:00,167.87,168.292,167.177,168.108,34313
2024-09-19 00:00:00,167.921,168.96,167.716,168.822,15666
2024-09-19 04:00:00,168.824,169.183,168.509,168.707,24936
2024-09-19 08:00:00,168.711,168.823,168.026,168.787,27911
2024-09-19 12:00:00,168.785,169.231,168.357,169.017,28089
2024-09-19 16:00:00,169.02,169.021,168.295,168.702,31574
2024-09-19 20:00:00,168.705,168.743,168.209,168.246,18239
2024-09-20 00:00:00,168.202,168.565,168.076,168.161,11049
2024-09-20 04:00:00,168.162,168.535,167.756,167.996,19705
2024-09-20 08:00:00,167.999,169.787,167.666,169.737,28443
2024-09-20 12:00:00,169.737,169.966,169.325,169.481,24197
2024-09-20 16:00:00,169.482,169.892,169.193,169.277,31847
2024-09-20 20:00:00,169.279,169.575,169.058,169.231,19930
2024-09-23 00:00:00,168.951,169.443,168.951,169.361,12342
2024-09-23 04:00:00,169.374,169.674,169.374,169.505,13833
2024-09-23 08:00:00,169.503,169.578,168.511,168.702,26166
2024-09-23 12:00:00,168.701,169.229,168.647,169.164,24434
2024-09-23 16:00:00,169.165,169.798,169.013,169.321,30376
2024-09-23 20:00:00,169.319,169.528,169.235,169.43,14736
2024-09-24 00:00:00,169.39,169.619,169.134,169.512,10297
2024-09-24 04:00:00,169.517,169.894,169.355,169.789,18883
2024-09-24 08:00:00,169.793,170.537,169.762,170.167,26531
2024-09-24 12:00:00,170.168,170.263,169.596,169.952,23217
2024-09-24 16:00:00,169.95,170.096,169.586,169.748,26997
2024-09-24 20:00:00,169.748,169.979,169.679,169.814,13785
2024-09-25 00:00:00,169.739,170.18,169.456,170.097,11475
2024-09-25 04:00:00,170.079,170.354,170.028,170.072,16485
2024-09-25 08:00:00,170.074,170.552,169.972,170.013,23116
2024-09-25 12:00:00,170.012,170.287,169.635,170.055,21810
2024-09-25 16:00:00,170.058,170.195,169.708,170.037,27113
2024-09-25 20:00:00,170.037,170.316,169.995,170.179,16547
2024-09-26 00:00:00,170.098,170.24,169.971,169.975,12391
2024-09-26 04:00:00,169.972,170.511,169.968,170.246,14638
2024-09-26 08:00:00,170.246,171.446,170.104,170.45,25551
2024-09-26 12:00:00,170.449,170.882,170.086,170.313,24795
2024-09-26 16:00:00,170.32,171.071,170.141,171.009,29594
2024-09-26 20:00:00,171.003,171.211,170.892,171.155,16029
2024-09-27 00:00:00,171.001,171.654,170.993,171.637,12046
2024-09-27 04:00:00,171.632,171.902,171.195,171.897,18102
2024-09-27 08:00:00,171.893,172.523,168.663,169.343,34723
2024-09-27 12:00:00,169.337,169.851,169.141,169.487,27226
2024-09-27 16:00:00,169.484,169.883,169.063,169.209,31223
2024-09-27 20:00:00,169.207,169.347,168.992,169.164,18376
2024-09-30 00:00:00,168.913,169.898,168.882,169.609,14749
2024-09-30 04:00:00,169.614,169.801,168.866,168.903,18845
2024-09-30 08:00:00,168.905,169.089,168.298,168.988,26235
2024-09-30 12:00:00,168.997,169.459,168.789,169.437,21638
2024-09-30 16:00:00,169.441,169.737,169.003,169.466,28369
2024-09-30 20:00:00,169.468,169.914,169.351,169.833,22294
2024-10-01 00:00:00,169.698,170.304,169.549,170.257,10842
2024-10-01 04:00:00,170.256,170.597,170.031,170.513,15223
2024-10-01 08:00:00,170.516,170.694,169.525,169.812,26545
2024-10-01 12:00:00,169.833,170.006,169.538,169.868,25316
2024-10-01 16:00:00,169.865,170.077,169.421,169.657,34527
2024-10-01 20:00:00,169.654,169.795,169.452,169.562,21939
2024-10-02 00:00:00,169.535,170.026,169.43,169.96,10464
2024-10-02 04:00:00,169.963,170.264,169.775,169.947,16483
2024-10-02 08:00:00,169.948,170.621,169.82,170.504,26853
2024-10-02 12:00:00,170.507,170.996,170.167,170.934,25836
2024-10-02 16:00:00,170.936,172.074,170.926,171.853,27900
2024-10-02 20:00:00,171.853,172.486,171.82,172.365,13913
2024-10-03 00:00:00,172.16,172.874,171.969,172.766,13250
2024-10-03 04:00:00,172.771,172.99,172.496,172.659,17538
2024-10-03 08:00:00,172.655,172.724,171.588,172.482,26633
2024-10-03 12:00:00,172.488,172.854,172.393,172.55,23410
2024-10-03 16:00:00,172.556,172.576,171.845,172.099,30072
2024-10-03 20:00:00,172.098,172.332,171.932,172.294,13688
2024-10-04 00:00:00,172.096,172.44,172.049,172.135,9717
2024-10-04 04:00:00,172.136,172.156,171.702,171.772,14855
2024-10-04 08:00:00,171.771,172.007,171.579,171.837,21587
2024-10-04 12:00:00,171.838,173.243,171.637,172.87,22256
2024-10-04 16:00:00,172.882,173.354,172.676,173.296,30864
2024-10-04 20:00:00,173.291,173.42,173.193,173.283,14907
2024-10-07 00:00:00,172.995,173.5,172.875,172.898,14092
2024-10-07 04:00:00,172.889,173.282,172.838,173.172,17618
2024-10-07 08:00:00,173.172,173.23,172.674,172.837,23961
2024-10-07 12:00:00,172.834,173.417,172.793,173.397,24701
2024-10-07 16:00:00,173.401,173.435,173.013,173.31,26172
2024-10-07 20:00:00,173.311,173.451,173.194,173.413,14461
2024-10-08 00:00:00,173.158,173.431,172.936,173.089,12862
2024-10-08 04:00:00,173.097,173.419,172.845,173.369,20249
2024-10-08 08:00:00,173.371,173.469,172.706,173.001,24433
2024-10-08 12:00:00,173.003,173.047,172.596,172.727,20685
2024-10-08 16:00:00,172.729,173.107,172.701,172.791,23452
2024-10-08 20:00:00,172.792,172.948,172.762,172.85,15304
2024-10-09 00:00:00,172.579,172.998,172.579,172.828,8764
2024-10-09 04:00:00,172.823,173.017,172.72,172.877,14834
2024-10-09 08:00:00,172.878,173.449,172.875,173.404,20019
2024-10-09 12:00:00,173.405,173.506,173.264,173.477,17248
2024-10-09 16:00:00,173.476,173.713,173.361,173.524,20080
2024-10-09 20:00:00,173.525,173.585,173.355,173.453,12374
2024-10-10 00:00:00,173.267,173.481,173.1,173.389,8990
2024-10-10 04:00:00,173.389,173.713,173.26,173.556,12674
2024-10-10 08:00:00,173.555,173.64,173.192,173.23,19260
2024-10-10 12:00:00,173.221,173.705,173.079,173.294,22268
2024-10-10 16:00:00,173.288,173.6,173.065,173.588,30850
2024-10-10 20:00:00,173.584,173.895,173.365,173.513,15259
2024-10-11 00:00:00,173.231,173.65,173.171,173.351,9446
2024-10-11 04:00:00,173.352,173.591,173.283,173.516,12557
2024-10-11 08:00:00,173.514,173.744,173.4,173.74,15815
2024-10-11 12:00:00,173.741,173.89,173.458,173.828,17497
2024-10-11 16:00:00,173.828,174.162,173.707,174.009,21109
2024-10-11 20:00:00,174.009,174.039,173.924,173.969,7844
2024-10-14 00:00:00,173.594,174.081,173.575,173.841,8388
2024-10-14 04:00:00,173.84,174.002,173.769,173.93,10150
2024-10-14 08:00:00,173.932,173.947,173.568,173.764,13237
2024-10-14 12:00:00,173.763,173.801,173.433,173.473,15035
2024-10-14 16:00:00,173.475,173.66,173.41,173.651,15499
2024-10-14 20:00:00,173.65,173.677,173.497,173.563,7680
2024-10-15 00:00:00,173.524,173.689,173.35,173.57,7538
2024-10-15 04:00:00,173.57,173.682,173.312,173.314,10418
2024-10-15 08:00:00,173.315,173.386,172.915,173.114,19915
2024-10-15 12:00:00,173.122,173.252,172.784,173.034,18766
2024-10-15 16:00:00,173.03,173.357,172.966,173.143,22428
2024-10-15 20:00:00,173.145,173.2,172.93,173.031,12454
2024-10-16 00:00:00,172.921,173.096,172.753,173.029,9370
2024-10-16 04:00:00,173.029,173.116,172.715,173.059,12178
2024-10-16 08:00:00,173.065,173.364,172.915,173.338,19085
2024-10-16 12:00:00,173.337,173.379,172.928,173.127,17324
2024-10-16 16:00:00,173.127,173.286,172.858,173.184,19632
2024-10-16 20:00:00,173.184,173.264,172.869,172.893,8920
2024-10-17 00:00:00,172.721,172.929,172.671,172.75,8501
2024-10-17 04:00:00,172.753,172.774,172.426,172.623,12530
2024-10-17 08:00:00,172.619,173.206,172.405,173.18,15612
2024-10-17 12:00:00,173.179,173.454,172.956,173.299,17916
2024-10-17 16:00:00,173.297,173.542,172.884,173.474,25196
2024-10-17 20:00:00,173.474,173.483,173.305,173.446,10067
2024-10-18 00:00:00,173.362,173.458,173.086,173.199,8954
2024-10-18 04:00:00,173.198,173.297,173.058,173.132,11542
2024-10-18 08:00:00,173.135,173.28,172.954,173.05,16451
2024-10-18 12:00:00,173.051,173.285,172.751,173.172,16796
2024-10-18 16:00:00,173.174,173.219,172.654,172.714,16723
2024-10-18 20:00:00,172.714,172.902,172.657,172.857,10735
2024-10-21 00:00:00,172.658,172.987,172.545,172.623,9718
2024-10-21 04:00:00,172.637,172.676,172.402,172.627,14045
2024-10-21 08:00:00,172.627,173.361,172.529,173.353,16328
2024-10-21 12:00:00,173.354,173.617,173.331,173.569,15964
2024-10-21 16:00:00,173.57,173.932,173.549,173.907,18588
2024-10-21 20:00:00,173.906,174.204,173.898,174.156,10600
2024-10-22 00:00:00,173.967,174.188,173.796,174.069,9278
2024-10-22 04:00:00,174.071,174.602,174.007,174.369,13751
2024-10-22 08:00:00,174.366,174.576,174.179,174.464,18530
2024-10-22 12:00:00,174.463,174.508,174.102,174.315,18575
2024-10-22 16:00:00,174.315,174.64,174.029,174.527,20689
2024-10-22 20:00:00,174.525,174.619,174.4,174.583,11987
2024-10-23 00:00:00,174.486,174.79,174.321,174.753,7094
2024-10-23 04:00:00,174.764,175.44,174.751,175.396,15333
2024-10-23 08:00:00,175.395,175.91,175.315,175.864,19949
2024-10-23 12:00:00,175.863,176.499,175.853,176.476,20070
2024-10-23 16:00:00,176.484,176.529,176.198,176.295,21937
2024-10-23 20:00:00,176.297,176.304,175.909,176.298,14184
2024-10-24 00:00:00,176.19,176.343,175.994,176.18,9281
2024-10-24 04:00:00,176.179,176.249,175.687,175.803,14034
2024-10-24 08:00:00,175.803,175.965,175.456,175.578,22380
2024-10-24 12:00:00,175.576,175.715,175.386,175.535,20427
2024-10-24 16:00:00,175.536,175.79,175.104,175.149,23998
2024-10-24 20:00:00,175.151,175.399,175.145,175.342,13253
2024-10-25 00:00:00,175.299,175.597,175.088,175.47,8255
2024-10-25 04:00:00,175.47,175.502,175.147,175.252,13348
2024-10-25 08:00:00,175.25,175.563,175.072,175.312,18582
2024-10-25 12:00:00,175.299,175.507,175.054,175.488,15802
2024-10-25 16:00:00,175.485,175.7,175.377,175.695,20789
2024-10-25 20:00:00,175.694,175.831,175.657,175.717,13175
2024-10-28 00:00:00,176.075,176.563,175.75,176.554,17514
2024-10-28 04:00:00,176.553,176.901,176.36,176.653,17847
2024-10-28 08:00:00,176.65,176.811,176.377,176.628,17795
2024-10-28 12:00:00,176.625,176.644,175.905,176.168,19335
2024-10-28 16:00:00,176.17,177.084,176.167,177.074,18816
2024-10-28 20:00:00,177.072,177.222,177.063,177.128,10191
2024-10-29 00:00:00,176.992,177.202,176.755,176.874,7192
2024-10-29 04:00:00,176.875,176.981,176.678,176.751,14228
2024-10-29 08:00:00,176.75,177.104,176.629,177.059,17204
2024-10-29 12:00:00,177.061,177.19,176.817,176.847,17787
2024-10-29 16:00:00,176.848,176.909,176.471,176.649,24954
2024-10-29 20:00:00,176.649,176.954,176.633,176.804,12588
2024-10-30 00:00:00,176.497,176.835,176.497,176.68,9025
2024-10-30 04:00:00,176.68,176.832,176.562,176.776,12013
2024-10-30 08:00:00,176.776,177.008,176.357,176.389,16406
2024-10-30 12:00:00,176.39,176.718,176.2,176.581,22053
2024-10-30 16:00:00,176.586,177.009,176.392,176.754,25199
2024-10-30 20:00:00,176.753,177.05,176.749,177.026,13452
2024-10-31 00:00:00,176.864,177.252,176.795,177.217,7757
2024-10-31 04:00:00,177.217,177.297,176.564,176.65,13612
2024-10-31 08:00:00,176.646,176.843,175.617,176.047,22710
2024-10-31 12:00:00,176.048,176.631,176.004,176.513,22081
2024-10-31 16:00:00,176.52,176.89,175.823,176.146,30158
2024-10-31 20:00:00,176.146,176.178,175.759,176.037,16512
2024-11-01 00:00:00,175.875,176.148,175.747,176.071,10015
2024-11-01 04:00:00,176.076,176.541,175.978,176.459,13695
2024-11-01 08:00:00,176.458,176.629,175.53,175.841,17075
2024-11-01 12:00:00,175.842,176.094,175.609,175.686,19121
2024-11-01 16:00:00,175.672,175.975,175.404,175.901,27177
2024-11-01 20:00:00,175.9,175.929,175.623,175.766,12685
2024-11-04 00:00:00,175.254,175.725,175.205,175.355,15578
2024-11-04 04:00:00,175.358,175.634,175.339,175.519,15573
2024-11-04 08:00:00,175.515,176.026,175.457,175.857,20591
2024-11-04 12:00:00,175.854,176.004,175.665,175.887,17893
2024-11-04 16:00:00,175.887,176.292,175.798,176.137,20939
2024-11-04 20:00:00,176.137,176.207,176.024,176.043,10918
2024-11-05 00:00:00,175.812,176.385,175.778,176.213,9787
2024-11-05 04:00:00,176.212,176.461,176.086,176.385,10748
2024-11-05 08:00:00,176.387,176.599,176.114,176.517,14995
2024-11-05 12:00:00,176.516,176.679,176.097,176.138,13426
2024-11-05 16:00:00,176.137,176.147,175.521,175.773,21595
2024-11-05 20:00:00,175.773,175.778,175.332,175.646,12199
2024-11-06 00:00:00,175.463,176.135,175.402,175.954,26102
2024-11-06 04:00:00,175.953,176.663,175.871,176.42,41166
2024-11-06 08:00:00,176.419,176.607,175.872,176.139,37076
2024-11-06 12:00:00,176.147,176.268,175.757,176.076,30645
2024-11-06 16:00:00,176.078,176.528,175.987,176.486,29158
2024-11-06 20:00:00,176.485,176.513,176.189,176.382,14892
2024-11-07 00:00:00,176.213,176.39,176.073,176.268,14916
2024-11-07 04:00:00,176.267,176.437,175.828,175.98,15853
2024-11-07 08:00:00,175.98,176.157,175.676,175.679,23176
2024-11-07 12:00:00,175.678,175.898,175.56,175.622,22153
2024-11-07 16:00:00,175.62,175.65,175.355,175.416,25675
2024-11-07 20:00:00,175.421,175.432,175.011,175.252,21477
2024-11-08 00:00:00,175.095,175.554,175.028,175.377,12841
2024-11-08 04:00:00,175.371,175.433,174.788,175.021,14271
2024-11-08 08:00:00,175.018,175.125,174.611,174.712,22416
2024-11-08 12:00:00,174.71,175.065,174.586,174.775,21164
2024-11-08 16:00:00,174.777,174.92,174.188,174.214,24929
2024-11-08 20:00:00,174.214,174.357,174.109,174.299,12739
2024-11-11 00:00:00,174.082,174.849,174.013,174.849,12167
2024-11-11 04:00:00,174.849,175.178,174.788,175.089,12328
2024-11-11 08:00:00,175.088,175.186,174.738,174.89,17305
2024-11-11 12:00:00,174.888,174.954,174.74,174.769,15397
2024-11-11 16:00:00,174.764,174.941,174.645,174.805,15001
2024-11-11 20:00:00,174.807,174.807,174.433,174.476,7450
2024-11-12 00:00:00,174.258,174.692,174.258,174.637,10776
2024-11-12 04:00:00,174.624,174.712,174.09,174.287,14155
2024-11-12 08:00:00,174.284,174.657,174.248,174.608,20376
2024-11-12 12:00:00,174.599,175.175,174.475,175.166,19699
2024-11-12 16:00:00,175.168,175.412,174.977,175.372,21145
2024-11-12 20:00:00,175.37,175.468,175.22,175.362,11894
2024-11-13 00:00:00,175.18,175.572,175.132,175.31,12368
2024-11-13 04:00:00,175.309,175.532,175.255,175.461,12455
2024-11-13 08:00:00,175.461,175.644,175.367,175.497,18956
2024-11-13 12:00:00,175.497,175.762,175.275,175.3,19092
2024-11-13 16:00:00,175.301,175.634,175.124,175.568,28012
2024-11-13 20:00:00,175.57,175.686,175.415,175.437,13333
2024-11-14 00:00:00,175.304,175.888,175.208,175.807,13335
2024-11-14 04:00:00,175.81,175.914,175.655,175.8,12345
2024-11-14 08:00:00,175.801,175.82,175.424,175.529,18546
2024-11-14 12:00:00,175.527,175.567,175.125,175.286,22286
2024-11-14 16:00:00,175.285,175.752,175.121,175.422,24838
2024-11-14 20:00:00,175.424,175.586,175.319,175.505,17879
2024-11-15 00:00:00,175.36,176.004,175.296,175.868,13490
2024-11-15 04:00:00,175.865,175.976,175.751,175.929,14626
2024-11-15 08:00:00,175.929,175.954,174.846,174.888,21930
2024-11-15 12:00:00,174.885,175.175,174.789,174.822,23314
2024-11-15 16:00:00,174.814,175.114,173.928,173.957,29949
2024-11-15 20:00:00,173.96,173.971,173.614,173.777,16809
2024-11-18 00:00:00,173.73,174.606,173.392,174.143,18054
2024-11-18 04:00:00,174.147,174.444,173.964,174.157,15620
2024-11-18 08:00:00,174.158,174.711,173.982,174.69,22528
2024-11-18 12:00:00,174.688,174.961,174.545,174.864,20986
2024-11-18 16:00:00,174.862,175.039,174.621,174.95,23017
2024-11-18 20:00:00,174.946,175.151,174.937,175.102,12454
2024-11-19 00:00:00,174.97,175.043,174.443,174.525,10557
2024-11-19 04:00:00,174.526,174.825,174.334,174.704,12656
2024-11-19 08:00:00,174.706,174.971,173.537,174.01,26190
2024-11-19 12:00:00,174.005,174.622,173.873,174.232,27016
2024-11-19 16:00:00,174.238,175.245,174.213,175.167,27905
2024-11-19 20:00:00,175.169,175.322,174.96,175.224,10328
2024-11-20 00:00:00,175.111,175.582,175.061,175.344,10225
2024-11-20 04:00:00,175.346,175.627,175.314,175.627,10375
2024-11-20 08:00:00,175.629,176.079,175.6,175.89,19691
2024-11-20 12:00:00,175.89,176.102,175.795,176.06,17294
2024-11-20 16:00:00,176.06,176.084,175.312,175.534,23301
2024-11-20 20:00:00,175.53,175.837,175.508,175.785,12652
2024-11-21 00:00:00,175.563,175.786,175.354,175.499,11369
2024-11-21 04:00:00,175.495,175.802,175.381,175.709,12258
2024-11-21 08:00:00,175.695,175.71,174.457,174.626,28107
2024-11-21 12:00:00,174.625,175.015,174.465,174.609,22340
2024-11-21 16:00:00,174.609,174.755,174.24,174.314,28864
2024-11-21 20:00:00,174.314,174.472,174.185,174.256,13472
2024-11-22 00:00:00,174.033,174.232,173.659,174.183,12956
2024-11-22 04:00:00,174.18,174.464,174.023,174.436,12886
2024-11-22 08:00:00,174.439,174.845,173.522,173.776,26571
2024-11-22 12:00:00,173.772,173.866,172.558,172.738,23516
2024-11-22 16:00:00,172.731,173.344,172.725,173.201,26677
2024-11-22 20:00:00,173.203,173.225,172.978,173.079,10924
2024-11-25 00:00:00,172.832,173.279,172.635,172.732,18355
2024-11-25 04:00:00,172.73,173.211,172.641,173.175,15722
2024-11-25 08:00:00,173.174,173.748,173.029,173.712,23139
2024-11-25 12:00:00,173.711,173.734,173.25,173.545,21001
2024-11-25 16:00:00,173.549,174.062,173.335,173.93,26749
2024-11-25 20:00:00,173.938,174.048,173.852,173.959,14037
2024-11-26 00:00:00,173.837,173.933,173.153,173.506,19499
2024-11-26 04:00:00,173.508,173.618,173.13,173.281,14004
2024-11-26 08:00:00,173.284,173.925,173.219,173.736,21012
2024-11-26 12:00:00,173.732,173.763,172.894,173.051,22069
2024-11-26 16:00:00,173.049,173.225,172.577,172.659,26006
2024-11-26 20:00:00,172.657,172.739,172.478,172.698,15887
2024-11-27 00:00:00,172.508,172.811,172.181,172.229,14770
2024-11-27 04:00:00,172.227,172.403,171.86,172.076,13472
2024-11-27 08:00:00,172.074,172.1,171.446,171.562,25488
2024-11-27 12:00:00,171.561,171.743,171.315,171.658,25063
2024-11-27 16:00:00,171.662,171.829,170.956,171.099,28890
2024-11-27 20:00:00,171.093,171.406,171.046,171.318,12738
2024-11-28 00:00:00,171.17,171.801,170.969,171.499,13079
2024-11-28 04:00:00,171.504,171.704,171.432,171.525,11051
2024-11-28 08:00:00,171.521,171.877,171.359,171.68,18908
2024-11-28 12:00:00,171.678,171.856,171.532,171.541,13175
2024-11-28 16:00:00,171.543,171.619,171.444,171.554,10537
2024-11-28 20:00:00,171.556,171.634,171.499,171.585,4489
2024-11-29 00:00:00,171.479,171.619,170.069,170.166,17333
2024-11-29 04:00:00,170.164,170.621,170.0,170.251,17045
2024-11-29 08:00:00,170.246,170.531,169.968,170.393,20828
2024-11-29 12:00:00,170.385,170.686,170.127,170.294,17789
2024-11-29 16:00:00,170.295,170.703,169.778,169.791,22485
2024-11-29 20:00:00,169.792,170.001,169.689,169.689,25414
2024-12-02 00:00:00,169.725,170.305,169.512,170.269,18855
2024-12-02 04:00:00,170.271,170.36,170.082,170.312,16295
2024-12-02 08:00:00,170.311,170.326,169.451,169.683,23241
2024-12-02 12:00:00,169.685,169.764,169.24,169.285,20427
2024-12-02 16:00:00,169.286,169.328,168.206,168.638,27829
2024-12-02 20:00:00,168.64,168.8,168.513,168.719,14535
2024-12-03 00:00:00,168.535,168.96,168.374,168.8,12965
2024-12-03 04:00:00,168.8,169.046,168.727,168.936,12574
2024-12-03 08:00:00,168.935,169.439,168.852,169.22,19068
2024-12-03 12:00:00,169.22,169.556,168.486,168.501,17680
2024-12-03 16:00:00,168.5,168.762,168.032,168.588,27917
2024-12-03 20:00:00,168.586,168.765,168.397,168.742,11843
2024-12-04 00:00:00,168.711,169.089,168.613,169.029,12997
2024-12-04 04:00:00,169.029,169.402,168.652,169.37,16150
2024-12-04 08:00:00,169.37,169.859,169.179,169.789,21335
2024-12-04 12:00:00,169.788,170.481,169.779,170.281,21763
2024-12-04 16:00:00,170.28,170.374,169.885,170.063,25021
2024-12-04 20:00:00,170.063,170.362,169.882,170.286,14672
2024-12-05 00:00:00,170.236,170.568,169.873,170.22,11527
2024-12-05 04:00:00,170.209,170.224,169.54,169.687,12295
2024-12-05 08:00:00,169.681,169.853,169.416,169.851,19105
2024-12-05 12:00:00,169.848,170.906,169.765,170.817,19778
2024-12-05 16:00:00,170.815,171.009,170.536,170.66,23561
2024-12-05 20:00:00,170.662,170.874,170.567,170.823,12243
2024-12-06 00:00:00,170.629,171.017,170.447,170.647,11028
2024-12-06 04:00:00,170.647,170.721,170.438,170.531,10324
2024-12-06 08:00:00,170.529,171.353,170.369,171.321,16351
2024-12-06 12:00:00,171.326,171.795,170.999,171.006,19094
2024-12-06 16:00:00,171.007,171.104,170.562,170.647,26367
2024-12-06 20:00:00,170.651,170.781,170.531,170.749,10141
2024-12-09 00:00:00,170.579,170.731,170.35,170.51,12304
2024-12-09 04:00:00,170.509,170.61,170.251,170.376,11874
2024-12-09 08:00:00,170.377,171.075,170.367,170.986,18544
2024-12-09 12:00:00,170.975,171.748,170.975,171.725,16157
2024-12-09 16:00:00,171.725,172.441,171.582,172.29,19030
2024-12-09 20:00:00,172.292,172.292,171.974,172.048,8786
2024-12-10 00:00:00,171.885,172.367,171.832,172.205,10960
2024-12-10 04:00:00,172.202,172.321,171.977,172.046,14126
2024-12-10 08:00:00,172.047,172.627,172.022,172.172,18081
2024-12-10 12:00:00,172.174,172.472,172.161,172.367,16697
2024-12-10 16:00:00,172.38,172.478,172.163,172.297,20382
2024-12-10 20:00:00,172.295,172.302,171.998,172.101,10039
2024-12-11 00:00:00,171.906,172.113,171.778,171.785,9408
2024-12-11 04:00:00,171.787,171.818,171.452,171.751,10020
2024-12-11 08:00:00,171.751,172.704,170.863,172.651,22153
2024-12-11 12:00:00,172.649,172.941,172.456,172.679,22047
2024-12-11 16:00:00,172.67,172.709,172.089,172.35,24402
2024-12-11 20:00:00,172.35,172.531,172.274,172.414,11890
2024-12-12 00:00:00,172.233,172.459,171.982,172.002,10623
2024-12-12 04:00:00,172.002,172.574,171.971,172.515,11523
2024-12-12 08:00:00,172.518,173.007,171.466,172.033,20561
2024-12-12 12:00:00,172.026,172.06,170.945,171.062,21629
2024-12-12 16:00:00,171.067,171.706,170.841,171.234,26628
2024-12-12 20:00:00,171.235,171.336,171.002,171.023,13118
2024-12-13 00:00:00,171.745,171.745,170.884,171.153,12347
2024-12-13 04:00:00,171.153,171.421,171.018,171.347,11302
2024-12-13 08:00:00,171.348,171.63,170.992,171.502,17111
2024-12-13 12:00:00,171.505,172.11,171.484,171.826,17714
2024-12-13 16:00:00,171.825,172.301,171.714,172.196,18109
2024-12-13 20:00:00,172.196,172.274,172.051,172.113,8544
2024-12-16 00:00:00,171.755,172.687,171.69,172.671,13336
2024-12-16 04:00:00,172.67,172.762,172.492,172.539,11122
2024-12-16 08:00:00,172.542,172.754,172.129,172.716,17367
2024-12-16 12:00:00,172.716,172.771,172.258,172.45,14797
2024-12-16 16:00:00,172.457,172.885,172.405,172.432,20080
2024-12-16 20:00:00,172.431,172.467,172.218,172.32,9085
2024-12-17 00:00:00,172.125,172.635,172.125,172.507,10597
2024-12-17 04:00:00,172.52,172.526,171.991,172.28,12259
2024-12-17 08:00:00,172.281,172.296,171.355,171.37,17486
2024-12-17 12:00:00,171.372,171.846,171.363,171.715,18305
2024-12-17 16:00:00,171.715,171.873,171.377,171.824,22241
2024-12-17 20:00:00,171.825,172.01,171.768,171.94,10762
2024-12-18 00:00:00,171.685,172.345,171.652,172.111,9878
2024-12-18 04:00:00,172.102,172.203,171.821,171.833,9786
2024-12-18 08:00:00,171.84,172.055,171.76,171.888,14809
2024-12-18 12:00:00,171.887,172.283,171.78,172.191,14599
2024-12-18 16:00:00,172.189,172.554,172.004,172.283,18242
2024-12-18 20:00:00,172.282,172.492,171.364,171.824,26241
2024-12-19 00:00:00,171.615,172.017,171.254,171.835,15921
2024-12-19 04:00:00,171.812,172.742,171.662,172.539,16638
2024-12-19 08:00:00,172.541,175.333,172.294,175.219,28306
2024-12-19 12:00:00,175.215,175.323,174.663,174.875,24447
2024-12-19 16:00:00,174.885,175.812,174.826,175.313,28092
2024-12-19 20:00:00,175.312,175.446,175.081,175.12,14898
2024-12-20 00:00:00,174.888,175.735,174.885,175.107,17038
2024-12-20 04:00:00,175.107,175.164,174.697,174.915,19132
2024-12-20 08:00:00,174.925,175.364,174.641,175.04,22914
2024-12-20 12:00:00,175.04,175.464,174.945,175.069,20577
2024-12-20 16:00:00,175.066,175.207,174.789,174.906,28808
2024-12-20 20:00:00,174.905,175.168,174.848,175.138,14015
2024-12-23 00:00:00,175.009,175.397,175.005,175.153,14737
2024-12-23 04:00:00,175.156,175.334,175.06,175.242,10413
2024-12-23 08:00:00,175.246,175.436,174.834,174.945,14893
2024-12-23 12:00:00,174.945,175.219,174.726,175.184,15167
2024-12-23 16:00:00,175.184,175.189,174.552,174.742,17785
2024-12-23 20:00:00,174.743,174.886,174.722,174.851,9661
2024-12-24 00:00:00,174.731,174.996,174.519,174.742,9953
2024-12-24 04:00:00,174.742,174.805,174.412,174.626,9267
2024-12-24 08:00:00,174.622,174.714,174.224,174.3,10644
2024-12-24 12:00:00,174.3,174.624,174.281,174.586,9890
2024-12-24 16:00:00,174.585,174.717,174.44,174.488,12024
2024-12-24 20:00:00,174.49,174.7,174.181,174.308,5777
2024-12-26 00:00:00,174.488,175.006,174.482,174.961,9951
2024-12-26 04:00:00,174.959,175.002,174.828,174.866,7832
2024-12-26 08:00:00,174.864,175.015,174.759,174.983,11100
2024-12-26 12:00:00,174.977,175.223,174.964,175.218,10866
2024-12-26 16:00:00,175.215,175.661,175.199,175.643,14342
2024-12-26 20:00:00,175.64,175.818,175.609,175.814,10142
2024-12-27 00:00:00,175.532,175.792,175.473,175.549,9391
2024-12-27 04:00:00,175.563,175.583,175.272,175.486,8093
2024-12-27 08:00:00,175.487,175.591,175.205,175.585,14542
2024-12-27 12:00:00,175.584,175.6,175.186,175.313,12882
2024-12-27 16:00:00,175.313,175.417,174.767,174.991,18312
2024-12-27 20:00:00,174.992,175.283,174.958,175.036,8215
2024-12-30 00:00:00,174.919,175.274,174.808,175.067,6859
2024-12-30 04:00:00,175.067,175.228,174.994,175.121,6601
2024-12-30 08:00:00,175.123,175.406,174.772,175.119,11813
2024-12-30 12:00:00,175.117,175.228,173.875,173.886,15673
2024-12-30 16:00:00,173.883,174.165,173.037,173.684,24043
2024-12-30 20:00:00,173.697,173.852,173.548,173.621,9797
2024-12-31 00:00:00,173.378,173.845,173.211,173.294,9066
2024-12-31 04:00:00,173.299,173.363,172.945,173.025,10231
2024-12-31 08:00:00,173.026,173.355,172.738,173.316,13094
2024-12-31 12:00:00,173.319,173.557,172.944,173.453,16350
2024-12-31 16:00:00,173.444,173.612,173.194,173.364,24263
2024-12-31 20:00:00,173.363,173.447,173.213,173.213,9208
2025-01-02 00:00:00,173.233,173.862,173.174,173.848,13157
2025-01-02 04:00:00,173.847,173.875,173.565,173.714,7575
2025-01-02 08:00:00,173.712,173.713,172.835,173.298,17608
2025-01-02 12:00:00,173.298,173.529,172.547,172.588,19850
2025-01-02 16:00:00,172.573,172.956,172.418,172.703,27095
2025-01-02 20:00:00,172.706,172.8,172.563,172.658,10513
2025-01-03 00:00:00,172.5,172.698,172.402,172.53,9704
2025-01-03 04:00:00,172.532,172.678,172.36,172.57,10642
2025-01-03 08:00:00,172.572,172.999,172.447,172.952,15460
2025-01-03 12:00:00,172.952,173.028,172.738,172.84,14318
2025-01-03 16:00:00,172.838,173.121,172.61,172.842,18389
2025-01-03 20:00:00,172.841,173.165,172.754,173.126,6667
2025-01-06 00:00:00,172.756,173.343,172.722,173.216,11912
2025-01-06 04:00:00,173.218,173.552,173.2,173.448,11858
2025-01-06 08:00:00,173.449,174.176,173.236,174.093,15213
2025-01-06 12:00:00,174.095,174.491,173.317,173.565,26313
2025-01-06 16:00:00,173.564,174.248,173.227,174.228,24940
2025-01-06 20:00:00,174.229,174.288,174.053,174.234,10601
2025-01-07 00:00:00,174.116,174.907,173.945,174.86,12560
2025-01-07 04:00:00,174.858,174.884,174.645,174.649,12551
2025-01-07 08:00:00,174.647,174.702,174.008,174.31,21095
2025-01-07 12:00:00,174.3,174.366,173.764,173.827,19136
2025-01-07 16:00:00,173.826,174.265,173.635,173.745,31458
2025-01-07 20:00:00,173.742,173.756,173.543,173.67,15536
2025-01-08 00:00:00,173.53,173.986,173.53,173.755,14558
2025-01-08 04:00:00,173.752,174.068,173.729,174.004,11475
2025-01-08 08:00:00,174.006,174.007,173.392,173.439,20106
2025-01-08 12:00:00,173.443,173.836,173.377,173.797,26648
2025-01-08 16:00:00,173.794,173.92,173.708,173.751,25615
2025-01-08 20:00:00,173.751,173.894,173.655,173.681,14945
2025-01-09 00:00:00,173.634,173.83,173.532,173.616,12038
2025-01-09 04:00:00,173.617,173.736,173.119,173.559,14898
2025-01-09 08:00:00,173.553,173.703,173.297,173.437,20767
2025-01-09 12:00:00,173.436,173.464,172.879,173.02,17913
2025-01-09 16:00:00,173.017,173.275,173.017,173.24,16696
2025-01-09 20:00:00,173.239,173.388,173.23,173.344,6442
2025-01-10 00:00:00,173.307,173.516,173.199,173.446,12947
2025-01-10 04:00:00,173.447,173.601,173.434,173.518,12352
2025-01-10 08:00:00,173.517,173.664,172.708,172.912,20246
2025-01-10 12:00:00,172.913,173.181,172.75,172.976,21622
2025-01-10 16:00:00,172.978,173.097,171.737,172.051,35127
2025-01-10 20:00:00,172.048,172.207,172.005,172.044,13819
2025-01-13 00:00:00,171.98,172.236,171.597,171.781,14550
2025-01-13 04:00:00,171.782,171.952,171.454,171.634,17073
2025-01-13 08:00:00,171.633,172.054,171.231,171.319,25321
2025-01-13 12:00:00,171.319,171.808,171.192,171.474,21639
2025-01-13 16:00:00,171.474,171.556,171.198,171.321,24358
2025-01-13 20:00:00,171.322,171.758,171.286,171.614,12316
2025-01-14 00:00:00,171.595,172.345,171.409,171.8,18111
2025-01-14 04:00:00,171.801,172.208,171.74,172.005,14649
2025-01-14 08:00:00,172.002,172.535,171.868,172.421,22467
2025-01-14 12:00:00,172.416,172.502,171.931,172.174,21212
2025-01-14 16:00:00,172.173,173.01,172.151,172.977,28234
2025-01-14 20:00:00,172.978,173.123,172.908,173.056,11470
2025-01-15 00:00:00,172.951,173.221,172.863,173.061,11415
2025-01-15 04:00:00,173.06,173.08,172.313,172.375,14837
2025-01-15 08:00:00,172.377,172.634,171.88,172.033,21996
2025-01-15 12:00:00,172.035,172.282,171.866,171.978,21011
2025-01-15 16:00:00,171.971,172.022,171.328,171.44,30264
2025-01-15 20:00:00,171.451,171.531,171.321,171.328,12101
2025-01-16 00:00:00,171.181,171.537,170.461,170.516,15319
2025-01-16 04:00:00,170.524,171.028,170.259,171.023,18457
2025-01-16 08:00:00,171.021,171.314,170.754,170.86,20364
2025-01-16 12:00:00,170.859,171.181,170.73,170.932,20307
2025-01-16 16:00:00,170.934,171.093,170.319,170.456,31976
2025-01-16 20:00:00,170.458,170.553,170.179,170.245,12925
2025-01-17 00:00:00,170.238,170.61,170.142,170.499,13242
2025-01-17 04:00:00,170.499,170.737,170.452,170.648,14059
2025-01-17 08:00:00,170.647,171.141,170.438,170.905,18927
2025-01-17 12:00:00,170.909,170.953,170.416,170.489,18310
2025-01-17 16:00:00,170.488,171.042,170.307,170.833,27136
2025-01-17 20:00:00,170.831,170.834,170.597,170.73,10440
2025-01-20 00:00:00,170.859,171.085,170.503,170.661,14399
2025-01-20 04:00:00,170.659,170.927,170.561,170.922,14872
2025-01-20 08:00:00,170.923,171.193,170.864,171.012,17768
2025-01-20 12:00:00,171.014,171.662,170.959,171.321,18435
2025-01-20 16:00:00,171.318,171.636,171.029,171.577,29649
2025-01-20 20:00:00,171.572,171.719,171.473,171.551,14273
2025-01-21 00:00:00,171.406,171.823,171.092,171.234,24873
2025-01-21 04:00:00,171.234,171.291,170.727,171.047,21313
2025-01-21 08:00:00,171.053,171.429,171.036,171.201,21567
2025-01-21 12:00:00,171.204,171.267,170.968,170.994,20742
2025-01-21 16:00:00,171.001,171.534,170.935,171.462,27214
2025-01-21 20:00:00,171.461,171.692,171.433,171.611,11843
2025-01-22 00:00:00,171.443,171.838,171.443,171.691,17228
2025-01-22 04:00:00,171.692,171.953,171.667,171.833,12841
2025-01-22 08:00:00,171.835,172.19,171.723,172.131,21604
2025-01-22 12:00:00,172.13,172.418,172.014,172.053,18696
2025-01-22 16:00:00,172.048,172.759,171.899,172.73,23542
2025-01-22 20:00:00,172.731,172.793,172.526,172.544,11322
2025-01-23 00:00:00,172.457,172.72,172.416,172.701,13425
2025-01-23 04:00:00,172.703,172.911,172.581,172.845,16096
2025-01-23 08:00:00,172.846,172.881,172.323,172.361,20392
2025-01-23 12:00:00,172.36,172.575,172.006,172.136,20050
2025-01-23 16:00:00,172.131,172.303,171.648,172.043,28036
2025-01-23 20:00:00,172.041,172.046,171.757,171.872,11961
2025-01-24 00:00:00,171.802,172.302,171.775,172.291,12929
2025-01-24 04:00:00,172.304,172.647,171.208,171.626,25949
2025-01-24 08:00:00,171.631,172.126,171.226,172.06,31091
2025-01-24 12:00:00,172.055,172.682,172.027,172.477,23435
2025-01-24 16:00:00,172.473,172.645,171.978,172.072,26675
2025-01-24 20:00:00,172.07,172.269,171.953,172.139,9920
2025-01-27 00:00:00,172.148,172.206,171.403,171.518,18627
2025-01-27 04:00:00,171.514,172.105,171.441,172.099,16777
2025-01-27 08:00:00,172.1,172.269,171.348,171.483,28013
2025-01-27 12:00:00,171.481,171.832,171.088,171.591,34448
2025-01-27 16:00:00,171.596,171.666,171.153,171.225,31737
2025-01-27 20:00:00,171.22,171.566,171.127,171.262,16967
2025-01-28 00:00:00,171.099,171.945,171.086,171.82,21164
2025-01-28 04:00:00,171.814,172.174,171.738,171.985,17463
2025-01-28 08:00:00,171.984,172.107,171.462,171.604,22959
2025-01-28 12:00:00,171.605,171.685,171.276,171.611,19524
2025-01-28 16:00:00,171.614,172.092,171.452,172.036,24076
2025-01-28 20:00:00,172.037,172.094,171.949,172.02,13134
2025-01-29 00:00:00,171.887,172.304,171.834,172.201,11421
2025-01-29 04:00:00,172.198,172.268,171.57,171.585,14449
2025-01-29 08:00:00,171.593,171.856,171.255,171.385,22058
2025-01-29 12:00:00,171.383,171.55,171.075,171.137,20449
2025-01-29 16:00:00,171.136,171.292,170.932,170.975,24941
2025-01-29 20:00:00,170.98,171.245,170.871,171.185,25420
2025-01-30 00:00:00,170.925,171.235,170.397,170.542,20252
2025-01-30 04:00:00,170.543,170.58,170.226,170.424,18954
2025-01-30 08:00:00,170.425,170.604,170.045,170.156,21339
2025-01-30 12:00:00,170.156,170.273,169.577,169.752,22969
2025-01-30 16:00:00,169.746,170.073,169.712,169.78,28627
2025-01-30 20:00:00,169.786,169.969,169.413,169.545,19469
2025-01-31 00:00:00,169.347,169.761,169.171,169.363,18408
2025-01-31 04:00:00,169.362,170.106,169.234,169.985,17739
2025-01-31 08:00:00,169.988,170.179,169.493,169.878,23138
2025-01-31 12:00:00,169.88,170.388,169.708,170.113,19599
2025-01-31 16:00:00,170.112,170.623,169.836,170.442,30735
2025-01-31 20:00:00,170.443,170.579,170.109,170.245,23739
2025-02-03 00:00:00,168.927,170.212,168.812,169.998,30123
2025-02-03 04:00:00,169.997,170.058,169.632,169.804,24600
2025-02-03 08:00:00,169.804,169.852,168.925,168.959,28625
2025-02-03 12:00:00,168.963,169.222,168.648,169.024,26032
2025-02-03 16:00:00,169.027,169.873,168.556,169.229,37782
2025-02-03 20:00:00,169.228,170.094,169.099,170.032,20237
2025-02-04 00:00:00,169.812,170.41,169.777,170.109,20999
2025-02-04 04:00:00,170.115,170.271,169.678,170.082,20143
2025-02-04 08:00:00,170.081,170.809,170.047,170.758,23315
2025-02-04 12:00:00,170.755,170.96,170.67,170.851,18663
2025-02-04 16:00:00,170.856,171.046,170.283,170.364,28702
2025-02-04 20:00:00,170.363,170.559,170.317,170.513,13790
2025-02-05 00:00:00,170.345,170.629,169.471,169.556,18806
2025-02-05 04:00:00,169.559,169.587,169.205,169.4,18813
2025-02-05 08:00:00,169.399,169.694,169.228,169.335,24514
2025-02-05 12:00:00,169.334,169.623,169.152,169.491,22044
2025-02-05 16:00:00,169.488,169.77,168.824,169.076,28664
2025-02-05 20:00:00,169.076,169.486,169.042,169.218,13597
2025-02-06 00:00:00,169.1,169.428,168.488,168.717,14381
2025-02-06 04:00:00,168.715,168.898,168.53,168.794,14866
2025-02-06 08:00:00,168.791,169.041,168.611,168.617,21332
2025-02-06 12:00:00,168.618,168.622,167.964,167.987,24452
2025-02-06 16:00:00,167.984,168.092,167.509,167.835,25720
2025-02-06 20:00:00,167.838,167.851,167.155,167.321,14551
2025-02-07 00:00:00,167.221,167.434,166.765,167.378,14990
2025-02-07 04:00:00,167.377,167.538,167.156,167.423,14594
2025-02-07 08:00:00,167.424,167.669,167.268,167.593,19472
2025-02-07 12:00:00,167.592,167.871,166.935,167.145,21852
2025-02-07 16:00:00,167.144,167.338,165.873,166.61,37881
2025-02-07 20:00:00,166.612,166.698,166.321,166.388,15950
2025-02-10 00:00:00,165.965,166.922,165.932,166.729,18127
2025-02-10 04:00:00,166.728,166.911,166.631,166.799,15234
2025-02-10 08:00:00,166.802,167.577,166.593,167.214,21986
2025-02-10 12:00:00,167.213,167.354,166.802,166.898,19001
2025-02-10 16:00:00,166.895,166.903,166.508,166.665,20568
2025-02-10 20:00:00,166.666,166.87,166.637,166.765,11344
2025-02-11 00:00:00,166.736,166.813,166.434,166.811,11764
2025-02-11 04:00:00,166.812,166.812,166.619,166.665,11459
2025-02-11 08:00:00,166.666,166.772,166.41,166.633,19136
2025-02-11 12:00:00,166.63,166.948,166.63,166.742,18671
2025-02-11 16:00:00,166.739,167.048,166.631,166.857,22639
2025-02-11 20:00:00,166.856,167.095,166.774,166.944,13311
2025-02-12 00:00:00,166.825,168.102,166.766,168.096,15994
2025-02-12 04:00:00,168.098,168.319,168.017,168.145,19214
2025-02-12 08:00:00,168.143,168.667,168.116,168.596,21359
2025-02-12 12:00:00,168.595,168.869,168.056,168.852,22183
2025-02-12 16:00:00,168.859,169.466,168.634,169.292,31617
2025-02-12 20:00:00,169.291,169.333,168.934,168.988,14593
2025-02-13 00:00:00,168.994,169.22,168.741,168.916,16382
2025-02-13 04:00:00,168.919,169.442,168.888,169.158,19988
2025-02-13 08:00:00,169.166,169.75,168.918,169.596,24282
2025-02-13 12:00:00,169.595,169.714,169.065,169.143,23081
2025-02-13 16:00:00,169.142,169.508,168.871,169.358,27582
2025-02-13 20:00:00,169.352,169.454,169.052,169.159,18719
2025-02-14 00:00:00,168.993,169.521,168.851,168.933,18253
2025-02-14 04:00:00,168.949,169.265,168.67,168.736,15702
2025-02-14 08:00:00,168.735,169.48,168.632,169.108,23593
2025-02-14 12:00:00,169.105,169.651,169.012,169.283,21262
2025-02-14 16:00:00,169.282,169.607,169.212,169.579,23914
2025-02-14 20:00:00,169.574,169.6,169.239,169.281,11131
2025-02-17 00:00:00,169.362,169.424,168.618,168.91,18791
2025-02-17 04:00:00,168.909,168.928,168.248,168.292,20347
2025-02-17 08:00:00,168.292,168.803,168.25,168.593,20987
2025-02-17 12:00:00,168.6,168.623,167.928,168.123,15089
2025-02-17 16:00:00,168.119,168.2,167.934,168.073,11139
2025-02-17 20:00:00,168.075,168.202,168.008,168.183,7557
2025-02-18 00:00:00,167.994,168.337,167.888,168.243,15869
2025-02-18 04:00:00,168.244,168.606,168.204,168.291,18204
2025-02-18 08:00:00,168.291,168.85,168.236,168.628,18944
2025-02-18 12:00:00,168.635,168.635,168.113,168.205,16749
2025-02-18 16:00:00,168.207,168.413,168.019,168.175,18754
2025-02-18 20:00:00,168.177,168.364,168.09,168.317,11341
2025-02-19 00:00:00,168.122,168.353,167.896,168.309,16638
2025-02-19 04:00:00,168.308,168.487,167.989,168.06,16757
2025-02-19 08:00:00,168.059,168.102,167.581,167.665,19621
2025-02-19 12:00:00,167.664,168.089,167.654,167.891,19210
2025-02-19 16:00:00,167.891,168.042,167.443,167.655,21655
2025-02-19 20:00:00,167.654,167.806,167.449,167.462,14271
2025-02-20 00:00:00,167.439,167.439,166.632,166.703,20111
2025-02-20 04:00:00,166.714,166.987,166.406,166.643,21441
2025-02-20 08:00:00,166.644,166.709,166.142,166.635,20310
2025-02-20 12:00:00,166.633,166.645,166.129,166.395,20745
2025-02-20 16:00:00,166.396,166.512,165.997,166.396,27492
2025-02-20 20:00:00,166.394,166.88,166.384,166.638,12955
2025-02-21 00:00:00,166.644,167.309,166.302,167.196,19671
2025-02-21 04:00:00,167.2,167.704,167.104,167.301,16836
2025-02-21 08:00:00,167.3,167.746,167.222,167.4,22955
2025-02-21 12:00:00,167.401,167.471,167.024,167.242,16538
2025-02-21 16:00:00,167.234,167.257,166.121,166.252,27098
2025-02-21 20:00:00,166.249,166.342,165.976,166.222,21019
2025-02-24 00:00:00,166.08,166.584,165.883,166.57,22747
2025-02-24 04:00:00,166.577,166.833,166.48,166.702,23264
2025-02-24 08:00:00,166.704,166.801,166.245,166.329,26651
2025-02-24 12:00:00,166.324,166.736,166.279,166.652,20006
2025-02-24 16:00:00,166.648,166.903,166.216,166.754,31267
2025-02-24 20:00:00,166.756,167.117,166.692,166.851,16780
2025-02-25 00:00:00,166.695,167.451,166.658,167.186,18028
2025-02-25 04:00:00,167.184,167.218,166.622,166.877,19247
2025-02-25 08:00:00,166.875,167.043,166.366,166.904,26814
2025-02-25 12:00:00,166.903,167.575,166.874,167.201,24242
2025-02-25 16:00:00,167.205,167.26,166.66,167.029,34074
2025-02-25 20:00:00,167.028,167.238,166.832,166.881,21117
2025-02-26 00:00:00,166.697,167.173,166.644,167.172,18259
2025-02-26 04:00:00,167.18,167.379,166.991,167.024,20154
2025-02-26 08:00:00,167.023,167.235,166.753,166.937,25205
2025-02-26 12:00:00,166.936,167.15,166.765,167.093,22160
2025-02-26 16:00:00,167.099,167.407,166.711,166.795,32213
2025-02-26 20:00:00,166.796,166.849,166.473,166.632,20926
2025-02-27 00:00:00,166.323,166.879,166.308,166.858,17437
2025-02-27 04:00:00,166.86,166.872,166.193,166.478,18756
2025-02-27 08:00:00,166.479,167.088,166.307,166.937,23761
2025-02-27 12:00:00,166.94,167.01,166.271,166.353,23719
2025-02-27 16:00:00,166.353,166.966,166.281,166.755,39731
2025-02-27 20:00:00,166.756,166.965,166.386,166.489,24924
2025-02-28 00:00:00,166.372,166.808,166.071,166.076,19357
2025-02-28 04:00:00,166.076,166.65,165.851,166.594,21932
2025-02-28 08:00:00,166.596,167.185,166.437,166.587,27640
2025-02-28 12:00:00,166.588,167.303,166.485,167.004,24480
2025-02-28 16:00:00,167.001,167.219,166.58,166.709,37584
2025-02-28 20:00:00,166.698,166.814,166.399,166.719,28295
2025-03-03 00:00:00,166.846,167.299,166.599,166.727,22979
2025-03-03 04:00:00,166.73,166.916,166.611,166.73,21827
2025-03-03 08:00:00,166.731,166.894,166.386,166.892,26080
2025-03-03 12:00:00,166.893,167.994,166.893,167.763,27247
2025-03-03 16:00:00,167.767,167.901,167.171,167.453,34142
2025-03-03 20:00:00,167.452,167.531,166.303,166.715,30024
2025-03-04 00:00:00,166.605,166.822,166.075,166.24,23196
2025-03-04 04:00:00,166.238,166.753,166.154,166.708,26707
2025-03-04 08:00:00,166.709,167.34,166.547,167.179,34248
2025-03-04 12:00:00,167.178,167.178,166.554,166.698,30915
2025-03-04 16:00:00,166.695,167.337,166.441,167.148,41651
2025-03-04 20:00:00,167.152,168.479,167.107,168.375,33437
2025-03-05 00:00:00,168.176,168.598,168.001,168.329,21024
2025-03-05 04:00:00,168.323,168.428,168.026,168.294,22222
2025-03-05 08:00:00,168.292,168.654,168.087,168.629,30428
2025-03-05 12:00:00,168.639,168.706,167.761,167.774,33745
2025-03-05 16:00:00,167.773,167.805,166.819,167.111,43661
2025-03-05 20:00:00,167.11,167.347,166.983,167.137,27085
2025-03-06 00:00:00,167.013,167.61,166.819,167.335,15964
2025-03-06 04:00:00,167.335,167.489,167.114,167.179,20133
2025-03-06 08:00:00,167.181,167.27,166.516,166.894,33891
2025-03-06 12:00:00,166.894,167.04,166.3,166.602,31618
2025-03-06 16:00:00,166.601,167.661,166.508,167.217,43007
2025-03-06 20:00:00,167.214,167.565,167.103,167.456,26865
2025-03-07 00:00:00,167.145,167.838,167.076,167.533,14045
2025-03-07 04:00:00,167.535,167.654,167.133,167.283,20017
2025-03-07 08:00:00,167.283,168.208,167.247,167.808,29970
2025-03-07 12:00:00,167.809,168.052,167.337,167.44,28983
2025-03-07 16:00:00,167.45,168.048,167.396,167.766,44205
2025-03-07 20:00:00,167.768,168.359,167.759,168.178,27808
2025-03-10 00:00:00,167.839,168.293,167.497,167.97,15770
2025-03-10 04:00:00,167.963,168.114,167.731,167.983,20208
2025-03-10 08:00:00,167.982,168.193,167.469,167.487,25433
2025-03-10 12:00:00,167.484,167.957,167.36,167.607,31213
2025-03-10 16:00:00,167.604,167.634,166.898,167.013,41180
2025-03-10 20:00:00,167.013,167.204,166.864,167.187,30760
2025-03-11 00:00:00,166.984,167.23,166.818,167.096,19208
2025-03-11 04:00:00,167.097,167.496,166.973,167.202,29913
2025-03-11 08:00:00,167.202,167.523,167.019,167.273,32477
2025-03-11 12:00:00,167.273,168.01,167.127,167.819,31941
2025-03-11 16:00:00,167.824,168.27,167.114,167.17,47034
2025-03-11 20:00:00,167.173,167.7,166.997,167.407,34125
2025-03-12 00:00:00,167.322,167.658,167.11,167.642,16044
2025-03-12 04:00:00,167.643,167.748,167.36,167.65,22899
2025-03-12 08:00:00,167.648,168.393,167.519,168.235,27225
2025-03-12 12:00:00,168.238,168.776,168.111,168.752,28243
2025-03-12 16:00:00,168.753,168.779,167.873,167.95,40284
2025-03-12 20:00:00,167.952,168.211,167.899,168.135,25017
2025-03-13 00:00:00,167.991,168.235,167.933,168.064,11669
2025-03-13 04:00:00,168.06,168.228,167.693,167.734,22906
2025-03-13 08:00:00,167.737,167.802,167.389,167.79,30379
2025-03-13 12:00:00,167.788,167.982,167.521,167.672,29978
2025-03-13 16:00:00,167.675,167.79,166.82,166.844,38173
2025-03-13 20:00:00,166.849,167.58,166.621,167.544,23474
2025-03-14 00:00:00,167.32,167.998,167.214,167.89,13664
2025-03-14 04:00:00,167.89,167.989,167.599,167.969,21278
2025-03-14 08:00:00,167.97,168.546,167.943,168.485,27125
2025-03-14 12:00:00,168.487,168.495,167.832,167.917,29500
2025-03-14 16:00:00,167.914,168.18,167.543,167.693,33414
2025-03-14 20:00:00,167.685,167.961,167.658,167.939,16013
2025-03-17 00:00:00,167.898,168.314,167.832,168.211,13704
2025-03-17 04:00:00,168.213,168.476,167.986,168.476,17808
2025-03-17 08:00:00,168.476,168.595,168.245,168.57,23128
2025-03-17 12:00:00,168.572,168.699,168.108,168.684,26116
2025-03-17 16:00:00,168.685,168.926,168.545,168.924,34133
2025-03-17 20:00:00,168.925,169.493,168.908,169.37,20625
2025-03-18 00:00:00,169.183,169.63,169.172,169.609,10684
2025-03-18 04:00:00,169.611,169.945,169.49,169.767,15488
2025-03-18 08:00:00,169.768,170.437,169.699,170.258,19577
2025-03-18 12:00:00,170.259,170.376,170.039,170.31,22818
2025-03-18 16:00:00,170.31,170.564,170.078,170.387,33622
2025-03-18 20:00:00,170.389,170.474,170.128,170.307,22299
2025-03-19 00:00:00,170.091,170.583,170.074,170.551,14336
2025-03-19 04:00:00,170.55,170.604,170.221,170.502,16460
2025-03-19 08:00:00,170.503,171.03,169.959,170.655,24405
2025-03-19 12:00:00,170.657,170.762,170.339,170.428,18807
2025-03-19 16:00:00,170.426,170.644,170.179,170.494,23619
2025-03-19 20:00:00,170.494,170.497,169.407,169.507,27895
2025-03-20 00:00:00,169.267,169.681,169.153,169.213,14174
2025-03-20 04:00:00,169.206,169.482,169.083,169.221,16552
2025-03-20 08:00:00,169.221,169.483,168.586,168.636,21921
2025-03-20 12:00:00,168.635,168.727,168.089,168.265,28380
2025-03-20 16:00:00,168.266,168.793,168.166,168.684,31678
2025-03-20 20:00:00,168.681,168.792,168.614,168.724,17852
2025-03-21 00:00:00,168.544,168.932,168.362,168.906,13650
2025-03-21 04:00:00,168.905,169.167,168.767,169.102,17597
2025-03-21 08:00:00,169.102,169.328,168.887,169.171,21767
2025-03-21 12:00:00,169.174,169.353,168.681,168.722,23141
2025-03-21 16:00:00,168.721,168.955,168.443,168.932,32290
2025-03-21 20:00:00,168.933,169.16,168.902,168.997,17607
2025-03-24 00:00:00,168.566,169.584,168.566,169.554,13973
2025-03-24 04:00:00,169.552,169.671,169.419,169.487,16416
2025-03-24 08:00:00,169.486,169.803,169.338,169.564,21363
2025-03-24 12:00:00,169.563,170.0,169.481,169.922,24458
2025-03-24 16:00:00,169.921,170.544,169.782,170.441,29565
2025-03-24 20:00:00,170.435,170.691,170.349,170.668,18813
2025-03-25 00:00:00,170.424,170.939,170.387,170.918,11796
2025-03-25 04:00:00,170.919,170.92,170.483,170.533,18169
2025-03-25 08:00:00,170.533,170.548,170.271,170.374,18952
2025-03-25 12:00:00,170.374,170.434,170.124,170.218,20759
2025-03-25 16:00:00,170.219,170.241,169.694,169.897,27931
2025-03-25 20:00:00,169.897,170.007,169.737,169.823,13591
2025-03-26 00:00:00,169.684,170.04,169.683,170.025,10358
2025-03-26 04:00:00,170.026,170.334,169.931,170.33,17181
2025-03-26 08:00:00,170.33,170.401,169.885,169.915,20978
2025-03-26 12:00:00,169.907,170.147,169.788,170.119,20054
2025-03-26 16:00:00,170.118,170.505,170.045,170.389,29746
2025-03-26 20:00:00,170.388,170.497,169.941,170.387,18904
2025-03-27 00:00:00,170.195,170.357,169.918,170.319,13211
2025-03-27 04:00:00,170.32,170.328,169.939,170.188,17309
2025-03-27 08:00:00,170.188,170.442,169.91,170.437,22680
2025-03-27 12:00:00,170.433,170.973,170.298,170.718,22866
2025-03-27 16:00:00,170.718,171.387,170.584,171.24,32282
2025-03-27 20:00:00,171.234,171.437,171.185,171.311,16469
2025-03-28 00:00:00,171.104,171.36,171.016,171.124,11953
2025-03-28 04:00:00,171.125,171.136,170.831,170.958,13988
2025-03-28 08:00:00,170.959,171.013,170.487,170.612,16176
2025-03-28 12:00:00,170.614,170.852,170.506,170.741,17388
2025-03-28 16:00:00,170.74,170.859,170.206,170.304,31528
2025-03-28 20:00:00,170.305,170.342,169.816,170.038,13643
2025-03-31 00:00:00,169.962,170.154,169.49,169.841,17660
2025-03-31 04:00:00,169.846,169.93,169.284,169.574,21211
2025-03-31 08:00:00,169.576,169.748,169.098,169.233,26212
2025-03-31 12:00:00,169.221,169.652,169.168,169.586,20698
2025-03-31 16:00:00,169.584,169.767,168.949,169.473,30781
2025-03-31 20:00:00,169.463,169.776,169.453,169.547,16306
2025-04-01 00:00:00,169.394,169.785,169.368,169.482,12584
2025-04-01 04:00:00,169.479,169.665,169.368,169.387,15364
2025-04-01 08:00:00,169.389,169.784,169.348,169.571,19686
2025-04-01 12:00:00,169.577,169.739,168.946,169.131,21955
2025-04-01 16:00:00,169.14,169.545,168.933,169.284,32745
2025-04-01 20:00:00,169.283,169.315,168.904,169.266,17142
2025-04-02 00:00:00,169.07,169.611,169.07,169.501,12730
2025-04-02 04:00:00,169.502,169.658,169.463,169.616,13325
2025-04-02 08:00:00,169.617,169.629,169.063,169.209,17201
2025-04-02 12:00:00,169.211,169.236,168.818,168.957,20128
2025-04-02 16:00:00,168.956,170.105,168.941,169.985,30683
2025-04-02 20:00:00,169.986,170.678,168.958,169.24,26677
2025-04-03 00:00:00,168.995,169.082,168.18,168.395,30746
2025-04-03 04:00:00,168.395,168.636,168.099,168.423,27538
2025-04-03 08:00:00,168.433,169.796,168.408,169.504,34395
2025-04-03 12:00:00,169.501,170.327,169.315,169.776,36188
2025-04-03 16:00:00,169.776,170.289,169.568,169.936,45320
2025-04-03 20:00:00,169.935,170.346,169.508,170.017,28832
2025-04-04 00:00:00,169.676,170.354,169.611,170.204,21088
2025-04-04 04:00:00,170.203,170.861,170.202,170.459,27826
2025-04-04 08:00:00,170.457,171.345,170.41,171.12,36616
2025-04-04 12:00:00,171.13,171.444,170.341,170.72,49282
2025-04-04 16:00:00,170.722,171.033,169.664,170.877,52267
2025-04-04 20:00:00,170.879,171.331,170.276,170.569,39819
2025-04-07 00:00:00,169.916,170.953,169.578,170.754,37318
2025-04-07 04:00:00,170.753,171.192,170.693,171.041,39152
2025-04-07 08:00:00,171.039,172.097,170.92,171.776,47806
2025-04-07 12:00:00,171.772,171.773,171.007,171.62,46383
2025-04-07 16:00:00,171.625,172.335,170.462,172.313,54028
2025-04-07 20:00:00,172.333,172.813,171.84,171.859,39811
2025-04-08 00:00:00,171.747,172.195,171.476,172.118,23542
2025-04-08 04:00:00,172.12,172.444,171.865,172.435,29582
2025-04-08 08:00:00,172.429,172.49,171.101,171.573,34414
2025-04-08 12:00:00,171.574,172.347,171.479,172.141,35874
2025-04-08 16:00:00,172.138,172.496,171.441,171.831,45871
2025-04-08 20:00:00,171.85,172.768,171.744,172.517,41858
2025-04-09 00:00:00,172.349,172.622,172.061,172.399,28284
2025-04-09 04:00:00,172.401,172.847,172.06,172.446,40895
2025-04-09 08:00:00,172.445,172.729,171.704,172.374,45134
2025-04-09 12:00:00,172.384,172.808,171.914,172.473,40804
2025-04-09 16:00:00,172.474,172.848,171.981,172.167,43204
2025-04-09 20:00:00,172.159,172.958,171.668,172.274,45421
2025-04-10 00:00:00,172.414,172.576,171.682,172.147,30843
2025-04-10 04:00:00,172.145,172.439,171.813,171.987,31776
2025-04-10 08:00:00,171.988,173.003,171.466,172.903,35936
2025-04-10 12:00:00,172.902,173.71,172.549,173.272,35584
2025-04-10 16:00:00,173.268,174.907,172.795,174.851,48423
2025-04-10 20:00:00,174.855,175.622,174.591,175.385,38635
2025-04-11 00:00:00,174.948,175.546,174.596,175.154,30531
2025-04-11 04:00:00,175.157,175.244,174.545,174.73,35722
2025-04-11 08:00:00,174.731,175.549,174.28,175.143,43092
2025-04-11 12:00:00,175.144,175.718,174.014,175.619,42145
2025-04-11 16:00:00,175.6,176.374,175.255,175.937,45268
2025-04-11 20:00:00,175.938,176.47,175.8,175.904,27836
2025-04-14 00:00:00,175.335,176.012,174.992,175.017,25934
2025-04-14 04:00:00,175.005,175.227,174.692,174.978,29451
2025-04-14 08:00:00,174.98,175.25,174.488,174.912,32865
2025-04-14 12:00:00,174.91,175.152,174.235,174.317,30016
2025-04-14 16:00:00,174.313,176.024,174.101,175.549,41883
2025-04-14 20:00:00,175.55,175.927,175.359,175.486,22746
2025-04-15 00:00:00,175.338,175.737,175.202,175.46,16110
2025-04-15 04:00:00,175.457,175.539,175.14,175.288,19073
2025-04-15 08:00:00,175.29,175.792,174.914,175.39,26412
2025-04-15 12:00:00,175.381,175.465,174.559,174.69,26327
2025-04-15 16:00:00,174.693,174.939,174.163,174.292,33501
2025-04-15 20:00:00,174.288,174.316,173.825,173.952,15361
2025-04-16 00:00:00,173.915,174.558,173.59,174.529,19059
2025-04-16 04:00:00,174.52,174.728,174.31,174.603,20142
2025-04-16 08:00:00,174.604,174.829,174.086,174.448,29655
2025-04-16 12:00:00,174.453,175.012,174.392,174.801,27016
2025-04-16 16:00:00,174.795,175.053,174.612,174.693,30819
2025-04-16 20:00:00,174.688,174.733,174.215,174.263,25509
2025-04-17 00:00:00,174.216,174.835,173.986,174.653,19527
2025-04-17 04:00:00,174.653,174.724,174.358,174.514,20655
2025-04-17 08:00:00,174.507,174.773,174.146,174.664,23560
2025-04-17 12:00:00,174.666,174.772,173.828,173.958,24496
2025-04-17 16:00:00,173.962,174.123,173.177,173.448,34328
2025-04-17 20:00:00,173.45,173.961,173.294,173.778,20553
2025-04-18 00:00:00,173.544,174.031,173.458,173.94,15101
2025-04-18 04:00:00,173.895,174.042,173.792,173.859,50813
2025-04-18 08:00:00,173.86,174.036,173.372,173.782,44417
2025-04-18 12:00:00,173.792,174.012,173.664,173.952,42608
2025-04-18 16:00:00,173.967,174.103,173.784,173.942,38782
2025-04-18 20:00:00,173.948,174.111,173.884,173.954,35980
2025-04-21 00:00:00,173.726,174.33,173.312,173.868,19727
2025-04-21 04:00:00,173.872,174.266,173.561,174.183,20705
2025-04-21 08:00:00,174.181,174.755,173.846,174.585,20647
2025-04-21 12:00:00,174.582,174.949,174.449,174.89,21189
2025-04-21 16:00:00,174.888,174.981,174.251,174.489,26866
2025-04-21 20:00:00,174.487,174.595,174.047,174.069,16661
2025-04-22 00:00:00,173.949,174.342,173.595,173.631,14424
2025-04-22 04:00:00,173.638,173.691,173.314,173.435,18744
2025-04-22 08:00:00,173.437,173.602,172.94,173.348,27360
2025-04-22 12:00:00,173.351,173.491,172.65,172.929,23165
2025-04-22 16:00:00,172.931,173.283,172.612,172.778,29611
2025-04-22 20:00:00,172.772,173.025,172.599,172.868,20117
2025-04-23 00:00:00,172.819,173.35,172.553,172.685,26798
2025-04-23 04:00:00,172.67,172.837,172.419,172.526,23636
2025-04-23 08:00:00,172.527,172.682,172.278,172.534,28309
2025-04-23 12:00:00,172.531,172.751,172.185,172.415,24095
2025-04-23 16:00:00,172.415,172.877,172.173,172.411,39304
2025-04-23 20:00:00,172.413,172.924,172.338,172.608,19051
2025-04-24 00:00:00,172.498,172.765,172.041,172.44,15087
2025-04-24 04:00:00,172.449,172.601,172.22,172.257,17776
2025-04-24 08:00:00,172.254,172.646,172.243,172.553,22458
2025-04-24 12:00:00,172.549,172.854,172.341,172.478,21704
2025-04-24 16:00:00,172.476,172.53,172.246,172.46,28007
2025-04-24 20:00:00,172.462,172.526,172.246,172.41,13360
2025-04-25 00:00:00,172.326,172.613,172.159,172.218,12116
2025-04-25 04:00:00,172.221,172.795,172.038,172.703,20257
2025-04-25 08:00:00,172.701,172.884,172.391,172.688,23659
2025-04-25 12:00:00,172.686,173.152,172.637,172.666,22095
2025-04-25 16:00:00,172.672,173.644,172.666,173.465,25589
2025-04-25 20:00:00,173.466,173.659,173.358,173.382,13454
2025-04-28 00:00:00,172.902,173.667,172.796,173.392,13920
2025-04-28 04:00:00,173.393,173.622,173.221,173.317,17232
2025-04-28 08:00:00,173.316,173.52,172.712,172.837,21407
2025-04-28 12:00:00,172.831,173.106,172.627,172.669,19189
2025-04-28 16:00:00,172.67,173.533,172.611,173.367,27791
2025-04-28 20:00:00,173.37,173.438,173.089,173.2,14277
2025-04-29 00:00:00,172.934,173.289,172.853,173.035,10329
2025-04-29 04:00:00,173.036,173.061,172.784,172.854,15820
2025-04-29 08:00:00,172.853,173.218,172.546,172.832,20319
2025-04-29 12:00:00,172.829,173.058,172.677,172.933,18951
2025-04-29 16:00:00,172.932,172.939,172.4,172.517,30075
2025-04-29 20:00:00,172.518,172.917,172.473,172.75,13851
2025-04-30 00:00:00,172.54,172.933,172.238,172.865,11440
2025-04-30 04:00:00,172.868,173.014,172.724,172.98,15505
2025-04-30 08:00:00,172.981,173.139,172.824,173.028,17737
2025-04-30 12:00:00,173.027,173.511,173.009,173.38,23084
2025-04-30 16:00:00,173.378,173.662,173.236,173.458,32907
2025-04-30 20:00:00,173.456,173.646,172.905,172.996,16972
2025-05-01 00:00:00,173.12,173.267,172.811,173.123,10004
2025-05-01 04:00:00,173.122,174.011,173.036,173.9,13646
2025-05-01 08:00:00,173.899,174.855,173.871,174.478,19427
2025-05-01 12:00:00,174.478,174.716,174.161,174.608,19020
2025-05-01 16:00:00,174.605,174.984,174.272,174.971,28062
2025-05-01 20:00:00,174.973,175.588,174.91,175.365,15034
2025-05-02 00:00:00,175.127,175.729,174.799,175.484,12409
2025-05-02 04:00:00,175.486,175.501,175.131,175.339,17505
2025-05-02 08:00:00,175.338,175.609,175.29,175.329,20852
2025-05-02 12:00:00,175.345,176.17,174.866,174.889,24936
2025-05-02 16:00:00,174.885,175.068,174.574,174.872,33883
2025-05-02 20:00:00,174.87,175.563,174.795,175.177,15085
2025-05-05 00:00:00,175.178,175.629,174.979,175.508,10698
2025-05-05 04:00:00,175.504,175.512,175.083,175.108,14632
2025-05-05 08:00:00,175.105,175.139,174.385,174.627,19138
2025-05-05 12:00:00,174.623,174.925,174.567,174.581,17816
2025-05-05 16:00:00,174.583,175.056,174.509,174.96,24293
2025-05-05 20:00:00,174.961,175.056,174.759,174.778,11683
2025-05-06 00:00:00,174.572,174.862,174.416,174.648,9271
2025-05-06 04:00:00,174.649,174.833,174.56,174.646,16600
2025-05-06 08:00:00,174.651,174.82,173.609,173.668,21747
2025-05-06 12:00:00,173.676,173.817,172.877,172.907,20432
2025-05-06 16:00:00,172.906,173.485,172.897,173.291,23937
2025-05-06 20:00:00,173.29,173.477,173.222,173.258,12837
2025-05-07 00:00:00,173.09,173.495,172.946,172.968,17834
2025-05-07 04:00:00,172.969,173.599,172.879,173.542,20606
2025-05-07 08:00:00,173.544,173.74,173.374,173.596,20066
2025-05-07 12:00:00,173.588,174.453,173.515,174.401,19039
2025-05-07 16:00:00,174.403,174.983,174.192,174.823,23801
2025-05-07 20:00:00,174.825,174.948,174.328,174.607,24392
2025-05-08 00:00:00,174.364,174.684,174.266,174.582,11229
2025-05-08 04:00:00,174.582,174.598,174.338,174.443,20436
2025-05-08 08:00:00,174.445,175.296,174.244,175.118,23893
2025-05-08 12:00:00,175.116,175.627,175.046,175.497,23361
2025-05-08 16:00:00,175.506,175.549,174.989,175.384,31943
2025-05-08 20:00:00,175.381,175.551,175.286,175.381,16758
2025-05-09 00:00:00,175.496,175.617,175.217,175.34,13235
2025-05-09 04:00:00,175.347,175.377,174.925,175.012,17963
2025-05-09 08:00:00,175.014,175.127,174.697,174.863,18697
2025-05-09 12:00:00,174.864,174.97,174.526,174.934,17502
2025-05-09 16:00:00,174.936,175.177,174.725,174.739,23870
2025-05-09 20:00:00,174.737,174.875,174.686,174.741,10840
2025-05-12 00:00:00,174.926,175.063,174.636,174.969,15988
2025-05-12 04:00:00,174.973,175.198,174.813,174.957,19709
2025-05-12 08:00:00,174.958,175.584,174.74,175.561,31288
2025-05-12 12:00:00,175.562,175.846,175.203,175.644,29636
2025-05-12 16:00:00,175.645,175.937,175.49,175.72,30843
2025-05-12 20:00:00,175.722,175.803,175.257,175.533,15209
2025-05-13 00:00:00,175.307,175.604,175.164,175.173,11888
2025-05-13 04:00:00,175.172,175.383,175.15,175.237,17083
2025-05-13 08:00:00,175.244,176.174,175.191,176.116,21848
2025-05-13 12:00:00,176.125,176.158,175.54,175.793,20271
2025-05-13 16:00:00,175.794,175.797,175.322,175.42,29066
2025-05-13 20:00:00,175.417,175.786,175.392,175.658,12268
2025-05-14 00:00:00,175.572,175.775,175.341,175.604,11583
2025-05-14 04:00:00,175.605,175.636,175.172,175.219,18722
2025-05-14 08:00:00,175.216,175.402,174.958,175.008,23979
2025-05-14 12:00:00,174.997,175.106,174.507,174.549,25762
2025-05-14 16:00:00,174.547,174.66,174.089,174.422,30663
2025-05-14 20:00:00,174.423,174.427,174.06,174.246,15910
2025-05-15 00:00:00,174.02,174.399,173.895,174.024,11523
2025-05-15 04:00:00,174.025,174.27,173.79,173.817,18190
2025-05-15 08:00:00,173.819,174.289,173.686,174.199,22419
2025-05-15 12:00:00,174.202,174.404,174.014,174.303,22250
2025-05-15 16:00:00,174.301,174.54,174.033,174.041,29798
2025-05-15 20:00:00,174.046,174.373,174.012,174.289,12263
2025-05-16 00:00:00,173.988,174.414,173.888,174.136,12409
2025-05-16 04:00:00,174.137,174.367,173.998,174.092,18279
2025-05-16 08:00:00,174.09,174.352,173.849,173.904,21295
2025-05-16 12:00:00,173.901,174.116,173.675,173.788,20989
2025-05-16 16:00:00,173.79,174.067,173.638,173.917,22691
2025-05-16 20:00:00,173.911,173.987,173.75,173.87,11172
2025-05-19 00:00:00,173.46,174.094,173.418,173.568,17339
2025-05-19 04:00:00,173.568,173.851,173.456,173.741,22299
2025-05-19 08:00:00,173.744,173.926,173.579,173.854,25222
2025-05-19 12:00:00,173.857,174.05,173.727,173.808,23345
2025-05-19 16:00:00,173.807,174.203,173.703,173.726,27155
2025-05-19 20:00:00,173.728,173.752,173.475,173.528,10826
2025-05-20 00:00:00,174.008,174.027,173.31,173.91,11456
2025-05-20 04:00:00,173.907,173.917,173.464,173.482,20311
2025-05-20 08:00:00,173.48,173.687,173.122,173.677,25633
2025-05-20 12:00:00,173.679,173.704,173.311,173.618,21268
2025-05-20 16:00:00,173.62,174.019,173.579,174.014,25729
2025-05-20 20:00:00,174.016,174.427,173.995,174.426,12308
2025-05-21 00:00:00,174.327,174.641,174.113,174.493,13162
2025-05-21 04:00:00,174.494,174.963,174.439,174.808,20920
2025-05-21 08:00:00,174.81,174.828,174.456,174.581,23661
2025-05-21 12:00:00,174.575,174.801,173.958,174.239,23831
2025-05-21 16:00:00,174.238,174.373,174.022,174.074,25685
2025-05-21 20:00:00,174.077,174.319,173.917,174.073,19653
2025-05-22 00:00:00,173.861,174.716,173.614,173.908,13646
2025-05-22 04:00:00,173.909,173.968,173.71,173.765,17413
2025-05-22 08:00:00,173.765,173.818,173.205,173.402,23772
2025-05-22 12:00:00,173.405,173.875,173.369,173.514,24011
2025-05-22 16:00:00,173.516,173.821,173.352,173.668,28892
2025-05-22 20:00:00,173.666,173.892,173.632,173.702,12944
2025-05-23 00:00:00,173.525,173.823,173.427,173.755,10342
2025-05-23 04:00:00,173.745,173.838,173.462,173.594,15208
2025-05-23 08:00:00,173.593,173.681,173.385,173.442,18734
2025-05-23 12:00:00,173.441,173.709,173.083,173.211,28855
2025-05-23 16:00:00,173.213,173.791,173.174,173.76,28979
2025-05-23 20:00:00,173.76,173.779,173.369,173.393,12659
2025-05-26 00:00:00,173.37,173.921,173.323,173.491,14007
2025-05-26 04:00:00,173.49,173.882,173.467,173.779,18310
2025-05-26 08:00:00,173.779,174.108,173.741,173.914,18008
2025-05-26 12:00:00,173.91,174.047,173.645,173.751,11344
2025-05-26 16:00:00,173.751,174.16,173.651,173.995,9785
2025-05-26 20:00:00,174.004,174.014,173.897,173.958,3290
2025-05-27 00:00:00,173.827,173.975,173.535,173.546,9769
2025-05-27 04:00:00,173.548,173.848,173.499,173.844,14131
2025-05-27 08:00:00,173.85,174.565,173.85,174.37,24973
2025-05-27 12:00:00,174.372,174.555,174.119,174.484,21089
2025-05-27 16:00:00,174.488,174.799,174.366,174.551,23849
2025-05-27 20:00:00,174.55,174.574,174.314,174.418,10208
2025-05-28 00:00:00,174.287,174.382,173.978,174.163,8732
2025-05-28 04:00:00,174.164,174.587,174.118,174.293,19766
2025-05-28 08:00:00,174.304,174.548,174.065,174.2,20474
2025-05-28 12:00:00,174.203,174.711,174.152,174.601,17296
2025-05-28 16:00:00,174.601,175.361,174.594,175.185,24936
2025-05-28 20:00:00,175.184,175.209,175.014,175.044,13366
2025-05-29 00:00:00,174.869,175.227,174.712,175.213,18299
2025-05-29 04:00:00,175.215,175.297,174.968,175.128,18470
2025-05-29 08:00:00,175.126,175.369,174.947,175.065,21583
2025-05-29 12:00:00,175.064,175.218,174.92,175.186,23134
2025-05-29 16:00:00,175.193,175.324,175.021,175.123,27765
2025-05-29 20:00:00,175.117,175.209,175.042,175.15,13680
2025-05-30 00:00:00,175.246,175.246,174.698,174.902,10618
2025-05-30 04:00:00,174.9,175.046,174.657,174.699,17236
2025-05-30 08:00:00,174.701,174.903,174.598,174.823,21361
2025-05-30 12:00:00,174.824,175.026,174.357,174.72,22658
2025-05-30 16:00:00,174.716,175.719,174.686,175.004,29680
2025-05-30 20:00:00,175.003,175.173,174.771,174.84,13937
2025-06-02 00:00:00,174.47,175.067,174.37,174.657,11566
2025-06-02 04:00:00,174.649,174.706,174.474,174.526,17458
2025-06-02 08:00:00,174.528,174.804,174.483,174.787,22363
2025-06-02 12:00:00,174.785,175.095,174.331,174.587,20204
2025-06-02 16:00:00,174.587,174.824,174.521,174.721,27335
2025-06-02 20:00:00,174.719,174.813,174.597,174.61,12977
2025-06-03 00:00:00,174.236,174.758,174.23,174.664,8738
2025-06-03 04:00:00,174.662,175.04,174.661,174.773,15371
2025-06-03 08:00:00,174.771,174.904,174.319,174.375,19476
2025-06-03 12:00:00,174.373,174.559,174.135,174.229,17921
2025-06-03 16:00:00,174.23,174.843,174.13,174.747,24362
2025-06-03 20:00:00,174.743,174.834,174.657,174.716,10723
2025-06-04 00:00:00,174.551,174.906,174.288,174.853,9177
2025-06-04 04:00:00,174.854,175.019,174.631,174.979,15219
2025-06-04 08:00:00,174.98,175.129,174.719,174.998,18837
2025-06-04 12:00:00,174.996,175.232,174.76,174.806,19445
2025-06-04 16:00:00,174.805,174.987,174.43,174.562,25933
2025-06-04 20:00:00,174.559,174.677,174.382,174.39,11997
2025-06-05 00:00:00,174.255,174.542,174.088,174.458,9743
2025-06-05 04:00:00,174.461,174.618,174.365,174.596,15779
2025-06-05 08:00:00,174.593,174.837,174.585,174.621,16743
2025-06-05 12:00:00,174.625,174.937,174.438,174.744,21144
2025-06-05 16:00:00,174.744,175.264,174.729,175.19,31158
2025-06-05 20:00:00,175.188,175.252,174.951,175.101,16521
2025-06-06 00:00:00,174.877,175.237,174.588,175.208,8701
2025-06-06 04:00:00,175.214,175.325,175.07,175.314,12403
2025-06-06 08:00:00,175.322,175.389,175.201,175.223,16593
2025-06-06 12:00:00,175.221,175.643,175.192,175.538,20283
2025-06-06 16:00:00,175.545,176.309,175.535,176.095,29879
2025-06-06 20:00:00,176.092,176.286,175.866,175.97,12427
2025-06-09 00:00:00,176.12,176.229,175.891,176.196,7327
2025-06-09 04:00:00,176.187,176.219,175.831,175.871,12342
2025-06-09 08:00:00,175.876,175.983,175.683,175.742,15034
2025-06-09 12:00:00,175.75,176.027,175.574,175.939,15655
2025-06-09 16:00:00,175.938,176.138,175.838,175.868,18783
2025-06-09 20:00:00,175.869,176.036,175.855,175.96,9797
2025-06-10 00:00:00,175.663,176.049,175.621,175.926,8086
2025-06-10 04:00:00,175.923,176.286,175.88,176.194,14875
2025-06-10 08:00:00,176.196,176.202,175.757,176.155,21885
2025-06-10 12:00:00,176.154,176.241,175.888,176.014,15801
2025-06-10 16:00:00,176.02,176.323,175.926,176.297,19724
2025-06-10 20:00:00,176.295,176.329,176.029,176.074,10124
2025-06-11 00:00:00,175.867,176.403,175.785,176.257,10759
2025-06-11 04:00:00,176.26,176.309,176.093,176.291,12895
2025-06-11 08:00:00,176.293,176.564,176.205,176.468,15055
2025-06-11 12:00:00,176.466,176.784,176.129,176.356,20338
2025-06-11 16:00:00,176.349,176.848,176.258,176.258,23152
2025-06-11 20:00:00,176.255,176.331,176.054,176.233,12411
2025-06-12 00:00:00,176.073,176.28,175.877,176.158,11927
2025-06-12 04:00:00,176.163,176.319,176.05,176.197,16501
2025-06-12 08:00:00,176.207,176.634,175.866,176.52,20515
2025-06-12 12:00:00,176.519,176.868,176.376,176.631,23743
2025-06-12 16:00:00,176.63,176.957,176.501,176.807,26386
2025-06-12 20:00:00,176.805,177.1,176.728,177.071,10888
2025-06-13 00:00:00,177.013,177.446,176.621,177.248,15410
2025-06-13 04:00:00,177.246,177.622,177.039,177.422,24839
2025-06-13 08:00:00,177.42,177.47,176.93,176.993,24939
2025-06-13 12:00:00,176.991,177.522,176.96,177.487,22961
2025-06-13 16:00:00,177.482,177.668,177.207,177.515,23977
2025-06-13 20:00:00,177.513,177.645,177.254,177.435,15518
2025-06-16 00:00:00,177.294,178.214,177.136,177.809,23384
2025-06-16 04:00:00,177.813,177.837,177.527,177.556,17593
2025-06-16 08:00:00,177.557,177.706,177.401,177.638,21202
2025-06-16 12:00:00,177.64,177.794,177.571,177.648,16997
2025-06-16 16:00:00,177.65,177.754,177.41,177.609,23122
2025-06-16 20:00:00,177.609,177.953,177.578,177.826,10451
2025-06-17 00:00:00,177.705,178.142,177.502,178.088,12033
2025-06-17 04:00:00,178.087,178.087,177.605,177.713,17679
2025-06-17 08:00:00,177.712,178.363,177.62,178.249,20157
2025-06-17 12:00:00,178.255,178.31,177.545,177.894,20094
2025-06-17 16:00:00,177.881,178.209,177.791,178.138,23581
2025-06-17 20:00:00,178.135,178.196,177.798,177.921,16005
2025-06-18 00:00:00,177.828,178.064,177.686,177.884,10737
2025-06-18 04:00:00,177.882,177.921,177.489,177.606,13146
2025-06-18 08:00:00,177.612,177.734,177.378,177.388,17760
2025-06-18 12:00:00,177.39,177.422,177.038,177.405,16758
2025-06-18 16:00:00,177.406,177.413,176.836,176.926,21583
2025-06-18 20:00:00,176.924,177.295,176.834,177.208,22021
2025-06-19 00:00:00,177.114,177.264,176.855,176.9,10682
2025-06-19 04:00:00,176.902,177.051,176.743,176.935,14736
2025-06-19 08:00:00,176.933,178.054,176.83,178.025,20090
2025-06-19 12:00:00,178.041,178.214,177.798,178.018,16620
2025-06-19 16:00:00,178.02,178.067,177.737,177.948,14665
2025-06-19 20:00:00,177.952,178.202,177.816,178.098,8148
2025-06-20 00:00:00,178.108,178.204,177.69,178.003,10801
2025-06-20 04:00:00,178.005,178.122,177.756,177.968,14553
2025-06-20 08:00:00,177.969,178.326,177.952,178.089,16363
2025-06-20 12:00:00,178.092,178.232,177.878,178.167,15992
2025-06-20 16:00:00,178.169,178.587,178.163,178.564,21063
2025-06-20 20:00:00,178.566,178.706,178.45,178.487,9999
2025-06-23 00:00:00,179.344,179.376,178.655,178.88,15679
2025-06-23 04:00:00,178.882,179.683,178.855,179.644,18554
2025-06-23 08:00:00,179.645,180.545,179.635,180.454,22816
2025-06-23 12:00:00,180.46,180.868,180.051,180.15,22654
2025-06-23 16:00:00,180.151,180.338,179.783,179.995,28971
2025-06-23 20:00:00,179.997,180.169,179.783,179.797,17206
2025-06-24 00:00:00,179.654,179.884,179.248,179.263,14346
2025-06-24 04:00:00,179.266,179.312,179.047,179.107,15473
2025-06-24 08:00:00,179.109,179.169,178.63,178.826,22252
2025-06-24 12:00:00,178.815,179.48,178.786,179.374,19312
2025-06-24 16:00:00,179.376,180.076,179.289,179.931,25768
2025-06-24 20:00:00,179.933,180.008,179.733,179.878,11362
2025-06-25 00:00:00,179.788,180.212,179.619,180.066,10118
2025-06-25 04:00:00,180.061,180.061,179.723,180.019,13482
2025-06-25 08:00:00,180.028,180.669,180.028,180.608,16676
2025-06-25 12:00:00,180.61,180.757,180.272,180.699,16192
2025-06-25 16:00:00,180.698,180.896,180.571,180.633,19929
2025-06-25 20:00:00,180.633,180.642,180.408,180.419,10714
2025-06-26 00:00:00,180.274,180.51,180.046,180.053,9667
2025-06-26 04:00:00,180.055,180.332,180.023,180.154,14191
2025-06-26 08:00:00,180.151,180.203,179.594,180.015,21289
2025-06-26 12:00:00,180.011,180.427,179.899,180.328,20900
2025-06-26 16:00:00,180.33,180.689,180.231,180.536,26646
2025-06-26 20:00:00,180.535,180.535,180.359,180.388,14081
2025-06-27 00:00:00,180.448,180.707,180.12,180.547,11372
2025-06-27 04:00:00,180.546,180.64,180.139,180.372,17485
2025-06-27 08:00:00,180.372,180.887,180.117,180.879,20044
2025-06-27 12:00:00,180.887,181.402,180.771,181.373,20184
2025-06-27 16:00:00,181.383,181.444,180.786,180.974,24899
2025-06-27 20:00:00,180.971,181.118,180.796,180.894,15894
2025-06-30 00:00:00,180.39,181.082,180.385,180.978,13662
2025-06-30 04:00:00,180.975,181.005,180.241,180.29,18054
2025-06-30 08:00:00,180.297,180.69,180.192,180.681,22913
2025-06-30 12:00:00,180.678,181.19,180.654,181.006,17857
2025-06-30 16:00:00,181.004,181.669,180.889,181.593,26720
2025-06-30 20:00:00,181.592,181.838,181.441,181.557,14835
2025-07-01 00:00:00,181.534,181.543,181.26,181.285,9222
2025-07-01 04:00:00,181.282,181.672,181.151,181.379,14689
2025-07-01 08:00:00,181.382,181.478,180.852,181.11,22223
2025-07-01 12:00:00,181.106,181.431,180.917,181.054,23117
2025-07-01 16:00:00,181.059,181.527,180.897,181.064,28434
2025-07-01 20:00:00,181.057,181.458,181.037,181.237,12514
2025-07-02 00:00:00,181.106,181.669,180.97,181.513,8631
2025-07-02 04:00:00,181.508,181.616,181.371,181.377,14454
2025-07-02 08:00:00,181.378,181.664,181.365,181.662,18752
2025-07-02 12:00:00,181.66,181.924,181.296,181.458,21953
2025-07-02 16:00:00,181.457,181.757,181.325,181.495,25289
2025-07-02 20:00:00,181.499,181.531,181.332,181.351,10869
2025-07-03 00:00:00,181.163,181.454,181.113,181.448,8880
2025-07-03 04:00:00,181.45,181.698,181.38,181.632,11151
2025-07-03 08:00:00,181.63,181.977,181.561,181.673,16529
2025-07-03 12:00:00,181.676,182.005,181.067,181.829,19839
2025-07-03 16:00:00,181.818,182.454,181.78,182.337,26909
2025-07-03 20:00:00,182.335,182.437,182.122,182.132,6673
2025-07-04 00:00:00,182.066,182.335,181.941,182.035,9290
2025-07-04 04:00:00,182.04,182.207,181.945,182.032,13202
2025-07-04 08:00:00,182.031,182.117,181.767,181.919,18402
2025-07-04 12:00:00,181.92,182.0,181.764,181.819,17103
2025-07-04 16:00:00,181.822,182.243,181.794,182.13,13276
2025-07-04 20:00:00,182.129,182.155,181.62,181.728,29219
2025-07-07 00:00:00,181.805,182.023,181.635,181.829,11671
2025-07-07 04:00:00,181.83,182.416,181.704,182.385,16626
2025-07-07 08:00:00,182.384,182.593,182.05,182.317,21143
2025-07-07 12:00:00,182.318,182.596,182.285,182.431,19226
2025-07-07 16:00:00,182.43,183.118,182.411,182.972,20874
2025-07-07 20:00:00,182.978,183.132,182.848,182.889,13534
2025-07-08 00:00:00,182.749,183.423,182.74,183.383,10258
2025-07-08 04:00:00,183.39,183.574,183.242,183.319,15755
2025-07-08 08:00:00,183.318,183.623,183.17,183.543,19987
2025-07-08 12:00:00,183.544,183.879,183.454,183.729,18215
2025-07-08 16:00:00,183.732,184.272,183.609,184.132,24033
2025-07-08 20:00:00,184.134,184.404,184.092,184.152,13550
2025-07-09 00:00:00,183.921,184.539,183.821,184.346,7943
2025-07-09 04:00:00,184.345,184.567,184.3,184.444,14614
2025-07-09 08:00:00,184.447,184.499,184.018,184.181,18281
2025-07-09 12:00:00,184.175,184.282,184.002,184.085,17504
2025-07-09 16:00:00,184.088,184.316,183.971,184.07,19382
2025-07-09 20:00:00,184.067,184.29,183.951,184.186,10359
2025-07-10 00:00:00,184.095,184.325,183.96,184.012,9158
2025-07-10 04:00:00,184.014,184.274,183.915,184.129,10704
2025-07-10 08:00:00,184.13,184.313,183.881,184.062,15079
2025-07-10 12:00:00,184.059,184.14,183.694,183.864,15306
2025-07-10 16:00:00,183.867,183.926,183.567,183.598,21537
2025-07-10 20:00:00,183.598,183.636,183.42,183.495,9640
2025-07-11 00:00:00,183.374,183.829,183.23,183.762,10700
2025-07-11 04:00:00,183.76,184.445,183.75,184.417,14448
2025-07-11 08:00:00,184.418,184.457,184.062,184.343,18133
2025-07-11 12:00:00,184.343,184.789,184.294,184.539,17809
2025-07-11 16:00:00,184.541,185.139,184.506,185.078,21414
2025-07-11 20:00:00,185.077,185.116,184.88,185.034,8834
2025-07-14 00:00:00,184.282,185.044,184.282,184.6,12788
2025-07-14 04:00:00,184.598,184.933,184.541,184.825,15159
2025-07-14 08:00:00,184.822,184.88,184.49,184.806,17275
2025-07-14 12:00:00,184.805,185.167,184.669,185.133,14953
2025-07-14 16:00:00,185.132,185.222,184.979,185.118,19571
2025-07-14 20:00:00,185.121,185.186,185.053,185.1,7672
2025-07-15 00:00:00,185.021,185.299,184.949,185.143,6197
2025-07-15 04:00:00,185.144,185.335,185.135,185.279,9522
2025-07-15 08:00:00,185.278,185.716,185.224,185.553,13153
2025-07-15 12:00:00,185.552,185.829,185.27,185.729,16828
2025-07-15 16:00:00,185.727,186.036,185.643,185.669,25765
2025-07-15 20:00:00,185.668,185.706,185.577,185.691,9421
2025-07-16 00:00:00,185.585,185.889,185.477,185.817,8515
2025-07-16 04:00:00,185.819,186.017,185.574,185.825,11253
2025-07-16 08:00:00,185.827,185.843,185.595,185.75,16213
2025-07-16 12:00:00,185.747,185.801,184.901,184.985,17660
2025-07-16 16:00:00,184.982,185.073,184.27,184.925,36541
2025-07-16 20:00:00,184.927,184.956,184.417,184.651,15244
2025-07-17 00:00:00,184.469,185.029,184.292,184.989,8830
2025-07-17 04:00:00,184.991,185.172,184.892,184.985,12123
2025-07-17 08:00:00,184.987,185.174,184.608,184.966,18469
2025-07-17 12:00:00,184.965,185.101,184.67,184.841,19033
2025-07-17 16:00:00,184.842,184.864,184.357,184.513,21951
2025-07-17 20:00:00,184.512,184.844,184.471,184.71,9601
2025-07-18 00:00:00,184.512,185.09,184.487,185.061,8748
2025-07-18 04:00:00,185.059,185.276,184.919,185.185,11635
2025-07-18 08:00:00,185.189,185.485,185.082,185.222,14171
2025-07-18 12:00:00,185.223,185.573,185.171,185.534,15250
2025-07-18 16:00:00,185.532,185.8,185.414,185.689,21333
2025-07-18 20:00:00,185.689,185.711,185.531,185.539,10479
2025-07-21 00:00:00,184.835,185.496,184.611,185.051,12722
2025-07-21 04:00:00,185.052,185.267,185.042,185.23,12398
2025-07-21 08:00:00,185.227,185.227,184.568,184.796,19961
2025-07-21 12:00:00,184.8,184.83,184.351,184.531,18092
2025-07-21 16:00:00,184.535,184.876,184.446,184.506,20798
2025-07-21 20:00:00,184.503,184.688,184.455,184.65,10223
2025-07-22 00:00:00,184.428,184.828,184.295,184.747,9385
2025-07-22 04:00:00,184.747,185.089,184.718,185.042,11797
2025-07-22 08:00:00,185.033,185.4,184.916,185.191,15606
2025-07-22 12:00:00,185.19,185.19,183.927,184.033,16778
2025-07-22 16:00:00,184.036,184.843,183.881,184.824,24527
2025-07-22 20:00:00,184.827,185.141,184.759,185.122,11117
2025-07-23 00:00:00,184.878,185.183,184.307,184.641,14205
2025-07-23 04:00:00,184.645,185.432,184.538,185.109,17339
2025-07-23 08:00:00,185.108,185.426,184.815,185.192,19025
2025-07-23 12:00:00,185.184,185.243,184.138,184.472,16632
2025-07-23 16:00:00,184.473,184.748,184.281,184.515,23266
2025-07-23 20:00:00,184.514,185.023,184.386,184.81,12018
2025-07-24 00:00:00,184.782,184.962,184.544,184.722,10886
2025-07-24 04:00:00,184.721,184.738,184.202,184.243,16029
2025-07-24 08:00:00,184.243,184.586,184.195,184.569,18688
2025-07-24 12:00:00,184.571,184.638,184.288,184.537,19013
2025-07-24 16:00:00,184.535,184.895,184.401,184.882,26400
2025-07-24 20:00:00,184.889,184.97,184.727,184.778,12399
2025-07-25 00:00:00,184.608,185.184,184.555,185.022,11127
2025-07-25 04:00:00,185.024,185.176,184.801,184.831,13839
2025-07-25 08:00:00,184.829,185.733,184.54,185.62,19704
2025-07-25 12:00:00,185.623,185.731,185.227,185.449,17432
2025-07-25 16:00:00,185.452,185.753,185.169,185.744,23912
2025-07-25 20:00:00,185.742,185.801,185.486,185.516,10058
2025-07-28 00:00:00,185.342,185.906,185.287,185.693,12907
2025-07-28 04:00:00,185.693,185.964,185.648,185.704,17196
2025-07-28 08:00:00,185.713,186.029,185.502,185.539,22654
2025-07-28 12:00:00,185.538,185.623,184.808,184.885,21351
2025-07-28 16:00:00,184.881,185.194,184.554,184.936,21806
2025-07-28 20:00:00,184.938,185.046,184.763,184.778,8459
2025-07-29 00:00:00,184.627,184.984,184.626,184.947,8668
2025-07-29 04:00:00,184.946,185.025,184.487,184.587,13909
2025-07-29 08:00:00,184.584,184.597,184.109,184.499,20395
2025-07-29 12:00:00,184.501,184.67,184.065,184.151,18676
2025-07-29 16:00:00,184.15,184.497,183.776,184.214,23742
2025-07-29 20:00:00,184.213,184.345,184.106,184.123,10517
2025-07-30 00:00:00,184.087,184.28,183.895,184.03,9971
2025-07-30 04:00:00,184.026,184.101,183.786,183.864,13924
2025-07-30 08:00:00,183.865,184.032,183.618,183.877,18388
2025-07-30 12:00:00,183.871,183.948,183.495,183.644,19775
2025-07-30 16:00:00,183.648,183.797,183.325,183.688,19486
2025-07-30 20:00:00,183.689,183.721,183.334,183.373,20594
2025-07-31 00:00:00,183.22,183.616,183.22,183.595,9468
2025-07-31 04:00:00,183.594,183.594,182.662,183.172,15503
2025-07-31 08:00:00,183.171,184.162,183.026,184.075,20849
2025-07-31 12:00:00,184.074,184.739,184.061,184.673,19273
2025-07-31 16:00:00,184.675,185.558,184.554,185.447,22948
2025-07-31 20:00:00,185.443,185.723,185.252,185.534,12825
2025-08-01 00:00:00,185.405,185.622,185.17,185.42,11501
2025-08-01 04:00:00,185.422,185.559,184.969,185.007,14076
2025-08-01 08:00:00,185.005,185.241,184.301,184.33,16185
2025-08-01 12:00:00,184.332,184.733,183.977,184.509,20741
2025-08-01 16:00:00,184.511,184.52,183.216,183.245,33138
2025-08-01 20:00:00,183.243,183.401,182.933,183.288,17721
2025-08-04 00:00:00,182.896,183.27,182.794,183.069,13422
2025-08-04 04:00:00,183.068,183.589,183.06,183.406,16455
2025-08-04 08:00:00,183.405,183.514,182.706,182.803,21490
2025-08-04 12:00:00,182.8,182.845,182.315,182.427,20407
2025-08-04 16:00:00,182.43,182.506,181.881,182.0,23633
2025-08-04 20:00:00,182.0,182.036,181.781,181.992,13320
2025-08-05 00:00:00,181.853,182.017,181.71,181.748,11332
2025-08-05 04:00:00,181.751,181.949,181.641,181.7,12386
2025-08-05 08:00:00,181.705,182.208,181.591,181.943,17343
2025-08-05 12:00:00,181.949,182.424,181.756,182.357,16583
2025-08-05 16:00:00,182.355,182.832,182.31,182.799,23539
2025-08-05 20:00:00,182.797,182.862,182.695,182.746,11393
2025-08-06 00:00:00,182.565,182.901,182.508,182.775,9844
2025-08-06 04:00:00,182.773,182.905,182.605,182.619,11849
2025-08-06 08:00:00,182.615,182.853,182.566,182.729,15070
2025-08-06 12:00:00,182.728,183.031,182.675,182.836,16919
2025-08-06 16:00:00,182.835,182.966,182.439,182.571,21911
2025-08-06 20:00:00,182.57,182.997,182.336,182.69,13615
2025-08-07 00:00:00,182.577,183.009,182.52,183.003,9546
2025-08-07 04:00:00,183.004,183.253,182.96,183.009,13312
2025-08-07 08:00:00,183.008,183.038,182.25,182.608,19945
2025-08-07 12:00:00,182.607,182.89,182.106,182.288,20920
2025-08-07 16:00:00,182.287,182.62,182.128,182.589,22977
2025-08-07 20:00:00,182.591,182.655,182.24,182.48,14431
2025-08-08 00:00:00,182.336,182.589,182.059,182.546,11437
2025-08-08 04:00:00,182.544,182.612,182.404,182.434,11214
2025-08-08 08:00:00,182.43,182.672,182.27,182.628,17574
2025-08-08 12:00:00,182.628,183.094,182.593,183.047,17715
2025-08-08 16:00:00,183.05,183.196,182.855,182.867,19268
2025-08-08 20:00:00,182.864,182.95,182.598,182.609,14295
2025-08-11 00:00:00,182.465,182.916,182.459,182.822,8688
2025-08-11 04:00:00,182.829,182.945,182.792,182.873,11909
2025-08-11 08:00:00,182.874,182.986,182.306,182.471,15342
2025-08-11 12:00:00,182.466,182.571,182.145,182.146,14772
2025-08-11 16:00:00,182.144,182.318,181.983,182.104,17503
2025-08-11 20:00:00,182.101,182.457,182.09,182.336,11016
2025-08-12 00:00:00,182.287,182.796,182.058,182.775,8191
2025-08-12 04:00:00,182.769,182.98,182.673,182.923,11866
2025-08-12 08:00:00,182.924,183.388,182.62,183.247,17695
2025-08-12 12:00:00,183.235,183.281,182.612,182.837,18048
2025-08-12 16:00:00,182.831,183.178,182.705,182.939,28244
2025-08-12 20:00:00,182.941,183.332,182.881,183.317,12593
2025-08-13 00:00:00,183.169,183.352,182.942,183.256,8556
2025-08-13 04:00:00,183.261,183.618,183.203,183.423,11474
2025-08-13 08:00:00,183.425,183.631,183.189,183.298,17191
2025-08-13 12:00:00,183.291,183.57,183.178,183.246,16598
2025-08-13 16:00:00,183.245,183.255,182.898,183.031,17913
2025-08-13 20:00:00,183.03,183.136,182.91,182.94,9778
2025-08-14 00:00:00,182.838,183.025,182.173,182.231,9541
2025-08-14 04:00:00,182.233,182.246,181.738,181.779,15018
2025-08-14 08:00:00,181.78,181.902,181.471,181.666,19622
2025-08-14 12:00:00,181.663,182.25,181.576,182.175,19134
2025-08-14 16:00:00,182.178,182.969,182.096,182.79,23941
2025-08-14 20:00:00,182.791,183.072,182.745,182.951,11393
2025-08-15 00:00:00,182.932,183.049,182.583,182.59,7592
2025-08-15 04:00:00,182.581,182.626,182.336,182.425,10816
2025-08-15 08:00:00,182.426,182.641,182.283,182.393,14248
2025-08-15 12:00:00,182.391,182.509,182.193,182.362,15157
2025-08-15 16:00:00,182.353,182.605,182.295,182.575,20554
2025-08-15 20:00:00,182.572,182.725,182.207,182.224,10482
2025-08-18 00:00:00,182.712,182.781,182.235,182.765,8973
2025-08-18 04:00:00,182.77,182.944,182.733,182.852,11972
2025-08-18 08:00:00,182.853,182.956,182.44,182.541,15928
2025-08-18 12:00:00,182.544,183.012,182.48,182.956,13803
2025-08-18 16:00:00,182.953,183.324,182.878,183.068,16053
2025-08-18 20:00:00,183.068,183.246,182.937,183.103,9829
2025-08-19 00:00:00,183.008,183.25,182.809,183.02,7109
2025-08-19 04:00:00,183.021,183.176,182.766,183.05,12733
2025-08-19 08:00:00,183.049,183.35,182.806,183.195,14195
2025-08-19 12:00:00,183.192,183.537,183.158,183.443,13426
2025-08-19 16:00:00,183.443,183.544,182.852,182.876,16789
2025-08-19 20:00:00,182.875,182.895,182.574,182.77,10967
2025-08-20 00:00:00,182.663,182.887,182.434,182.496,7851
2025-08-20 04:00:00,182.495,182.592,182.307,182.53,12399
2025-08-20 08:00:00,182.527,182.725,182.079,182.663,15848
2025-08-20 12:00:00,182.64,182.794,182.531,182.785,13243
2025-08-20 16:00:00,182.786,183.119,182.583,182.986,19070
2025-08-20 20:00:00,182.981,183.353,182.951,183.16,10576
2025-08-21 00:00:00,183.065,183.316,182.982,183.217,8348
2025-08-21 04:00:00,183.219,183.293,182.955,182.998,10657
2025-08-21 08:00:00,183.001,183.368,182.87,183.267,14391
2025-08-21 12:00:00,183.268,183.543,183.143,183.271,15140
2025-08-21 16:00:00,183.268,183.531,182.988,183.484,20934
2025-08-21 20:00:00,183.487,183.497,183.338,183.411,8863
2025-08-22 00:00:00,183.375,183.566,183.207,183.542,8281
2025-08-22 04:00:00,183.543,183.619,183.332,183.548,10334
2025-08-22 08:00:00,183.552,183.652,183.301,183.645,13875
2025-08-22 12:00:00,183.646,184.026,183.61,184.006,12287
2025-08-22 16:00:00,184.007,184.02,183.017,183.076,25141
2025-08-22 20:00:00,183.074,183.431,183.064,183.266,11589
2025-08-25 00:00:00,183.108,183.666,182.844,183.542,10058
2025-08-25 04:00:00,183.543,183.614,183.301,183.365,11267
2025-08-25 08:00:00,183.365,183.738,183.249,183.661,11998
2025-08-25 12:00:00,183.656,183.749,183.531,183.669,10975
2025-08-25 16:00:00,183.668,183.877,183.405,183.465,16617
2025-08-25 20:00:00,183.467,183.474,183.168,183.261,13212
2025-08-26 00:00:00,183.192,183.372,182.999,183.083,12032
2025-08-26 04:00:00,183.081,183.468,183.071,183.457,13725
2025-08-26 08:00:00,183.459,183.529,182.831,182.918,17856
2025-08-26 12:00:00,182.924,183.414,182.89,183.39,15004
2025-08-26 16:00:00,183.392,183.638,183.234,183.367,18709
2025-08-26 20:00:00,183.366,183.525,183.343,183.47,10899
2025-08-27 00:00:00,183.306,183.571,182.994,183.519,8078
2025-08-27 04:00:00,183.529,183.762,183.459,183.717,10723
2025-08-27 08:00:00,183.718,183.78,183.19,183.412,13990
2025-08-27 12:00:00,183.41,183.896,183.278,183.886,14166
2025-08-27 16:00:00,183.887,184.078,183.724,183.742,18754
2025-08-27 20:00:00,183.744,183.81,183.625,183.716,12101
2025-08-28 00:00:00,183.502,183.944,183.31,183.719,9005
2025-08-28 04:00:00,183.719,183.895,183.535,183.59,10652
2025-08-28 08:00:00,183.591,183.852,183.396,183.705,14527
2025-08-28 12:00:00,183.697,183.81,183.19,183.412,16878
2025-08-28 16:00:00,183.411,183.509,183.23,183.442,19239
2025-08-28 20:00:00,183.441,183.449,183.207,183.309,10770
2025-08-29 00:00:00,183.176,183.384,182.924,183.055,9143
2025-08-29 04:00:00,183.05,183.243,182.882,183.047,11764
2025-08-29 08:00:00,183.048,183.695,183.044,183.529,13434
2025-08-29 12:00:00,183.527,183.643,183.282,183.585,14450
2025-08-29 16:00:00,183.582,183.84,183.471,183.796,21766
2025-08-29 20:00:00,183.795,183.834,183.555,183.555,10538
2025-09-01 00:00:00,183.702,183.887,183.511,183.873,7098
2025-09-01 04:00:00,183.872,183.951,183.673,183.883,12603
2025-09-01 08:00:00,183.891,184.122,183.697,184.011,13776
2025-09-01 12:00:00,184.013,184.091,183.724,183.743,12206
2025-09-01 16:00:00,183.736,184.085,183.687,183.762,12824
2025-09-01 20:00:00,183.765,183.895,183.723,183.783,6057
2025-09-02 00:00:00,183.65,183.944,183.491,183.838,8326
2025-09-02 04:00:00,183.84,184.484,183.744,184.339,13286
2025-09-02 08:00:00,184.337,185.125,184.337,184.561,20127
2025-09-02 12:00:00,184.545,184.956,184.376,184.812,21660
2025-09-02 16:00:00,184.814,184.837,184.257,184.458,22279
2025-09-02 20:00:00,184.459,184.545,184.265,184.321,11332
2025-09-03 00:00:00,184.287,184.681,184.144,184.644,7814
2025-09-03 04:00:00,184.643,184.835,184.476,184.531,11484
2025-09-03 08:00:00,184.533,184.87,184.437,184.769,16024
2025-09-03 12:00:00,184.771,184.911,184.643,184.707,15792
2025-09-03 16:00:00,184.705,184.779,184.052,184.168,21452
2025-09-03 20:00:00,184.168,184.213,184.004,184.13,11281
2025-09-04 00:00:00,184.079,184.235,183.817,184.075,9002
2025-09-04 04:00:00,184.072,184.337,183.927,184.268,12962
2025-09-04 08:00:00,184.266,184.34,184.071,184.262,14683
2025-09-04 12:00:00,184.26,184.304,183.905,184.238,16446
2025-09-04 16:00:00,184.238,184.486,184.183,184.227,19547
2025-09-04 20:00:00,184.229,184.371,184.137,184.264,8978
2025-09-05 00:00:00,184.141,184.365,183.931,184.051,8945
2025-09-05 04:00:00,184.053,184.233,184.035,184.159,9244
2025-09-05 08:00:00,184.158,184.477,184.119,184.43,11812
2025-09-05 12:00:00,184.429,184.596,183.952,184.168,17209
2025-09-05 16:00:00,184.171,184.603,184.123,184.594,25544
2025-09-05 20:00:00,184.596,184.738,184.519,184.618,11456
2025-09-08 00:00:00,185.307,185.88,185.119,185.793,16718
2025-09-08 04:00:00,185.786,185.881,185.48,185.795,15931
2025-09-08 08:00:00,185.786,185.867,185.343,185.549,17518
2025-09-08 12:00:00,185.547,185.891,185.426,185.851,14937
2025-09-08 16:00:00,185.853,186.221,185.83,185.929,17592
2025-09-08 20:00:00,185.927,185.976,185.783,185.958,9697
2025-09-09 00:00:00,185.804,185.971,185.687,185.906,8982
2025-09-09 04:00:00,185.905,185.964,185.658,185.689,12241
2025-09-09 08:00:00,185.687,185.827,184.694,184.87,18897
2025-09-09 12:00:00,184.865,184.89,184.521,184.802,16804
2025-09-09 16:00:00,184.811,185.045,184.712,184.803,22021
2025-09-09 20:00:00,184.806,184.895,184.726,184.833,10484
2025-09-10 00:00:00,184.731,184.984,184.612,184.768,8067
2025-09-10 04:00:00,184.769,184.963,184.646,184.907,12708
2025-09-10 08:00:00,184.909,185.047,184.761,184.96,15653
2025-09-10 12:00:00,184.958,185.054,184.502,184.861,15718
2025-09-10 16:00:00,184.862,185.019,184.423,184.493,18882
2025-09-10 20:00:00,184.491,184.509,184.329,184.467,8864
2025-09-11 00:00:00,184.281,184.55,184.255,184.525,7708
2025-09-11 04:00:00,184.529,184.628,184.404,184.612,10217
2025-09-11 08:00:00,184.613,185.005,184.554,184.988,17076
2025-09-11 12:00:00,184.989,185.169,184.78,184.944,16333
2025-09-11 16:00:00,184.947,185.107,184.765,184.773,19882
2025-09-11 20:00:00,184.776,185.075,184.766,185.001,10226
2025-09-12 00:00:00,184.902,185.073,184.601,184.963,7010
2025-09-12 04:00:00,184.967,185.203,184.933,185.139,7412
2025-09-12 08:00:00,185.147,185.539,185.008,185.504,13740
2025-09-12 12:00:00,185.514,185.565,185.334,185.35,13129
2025-09-12 16:00:00,185.353,185.503,185.146,185.416,14088
2025-09-12 20:00:00,185.419,185.451,185.236,185.295,7078
2025-09-15 00:00:00,184.895,185.481,184.895,185.223,5231
2025-09-15 04:00:00,185.225,185.263,185.041,185.107,7329
2025-09-15 08:00:00,185.106,185.216,185.077,185.152,11217
2025-09-15 12:00:00,185.151,185.486,185.15,185.289,11060
2025-09-15 16:00:00,185.285,185.557,185.141,185.402,12634
2025-09-15 20:00:00,185.403,185.577,185.391,185.461,7487
2025-09-16 00:00:00,185.318,185.592,185.216,185.572,7245
2025-09-16 04:00:00,185.575,185.645,185.163,185.219,11857
2025-09-16 08:00:00,185.22,185.571,185.141,185.544,14453
2025-09-16 12:00:00,185.549,186.005,185.502,185.992,15543
2025-09-16 16:00:00,185.99,186.178,185.927,186.127,17037
2025-09-16 20:00:00,186.125,186.364,186.07,186.34,10178
2025-09-17 00:00:00,186.167,186.347,186.027,186.27,8170
2025-09-17 04:00:00,186.272,186.299,186.066,186.078,9363
2025-09-17 08:00:00,186.082,186.24,186.019,186.099,11998
2025-09-17 12:00:00,186.105,186.111,185.818,186.014,11644
2025-09-17 16:00:00,186.02,186.074,185.866,185.873,11655
2025-09-17 20:00:00,185.877,186.332,185.6,186.307,22341
2025-09-18 00:00:00,186.19,186.361,185.989,186.287,10994
2025-09-18 04:00:00,186.285,186.369,186.131,186.174,11849
2025-09-18 08:00:00,186.175,186.899,186.13,186.832,16738
2025-09-18 12:00:00,186.831,187.058,186.608,186.826,15992
2025-09-18 16:00:00,186.824,186.965,186.576,186.616,19614
2025-09-18 20:00:00,186.617,186.703,186.549,186.658,8623
2025-09-19 00:00:00,186.683,186.807,186.4,186.789,9947
2025-09-19 04:00:00,186.788,186.815,185.762,186.044,16736
2025-09-19 08:00:00,186.043,186.378,185.858,185.936,17840
2025-09-19 12:00:00,185.931,186.187,185.916,186.158,12882
2025-09-19 16:00:00,186.156,186.254,185.952,186.05,16354
2025-09-19 20:00:00,186.051,186.116,185.857,185.917,8675
2025-09-22 00:00:00,186.001,186.136,185.74,186.018,9428
2025-09-22 04:00:00,186.017,186.191,185.987,186.054,11639
2025-09-22 08:00:00,186.053,186.242,186.004,186.18,13412
2025-09-22 12:00:00,186.179,186.458,186.106,186.416,12468
2025-09-22 16:00:00,186.418,186.438,186.205,186.342,13220
2025-09-22 20:00:00,186.341,186.521,186.283,186.436,7339
2025-09-23 00:00:00,186.099,186.473,186.061,186.434,7967
2025-09-23 04:00:00,186.433,186.629,186.385,186.483,11352
2025-09-23 08:00:00,186.484,186.513,186.249,186.343,13328
2025-09-23 12:00:00,186.338,186.627,186.274,186.544,11862
2025-09-23 16:00:00,186.542,186.66,186.304,186.605,17297
2025-09-23 20:00:00,186.604,186.63,186.363,186.559,12153
2025-09-24 00:00:00,186.338,186.637,186.153,186.574,11039
2025-09-24 04:00:00,186.575,186.775,186.474,186.717,11321
2025-09-24 08:00:00,186.715,186.842,186.507,186.734,12896
2025-09-24 12:00:00,186.731,187.126,186.608,187.107,12929
2025-09-24 16:00:00,187.108,187.206,186.966,186.97,14361
2025-09-24 20:00:00,186.973,187.243,186.948,187.204,6928
2025-09-25 00:00:00,187.105,187.28,186.943,187.011,9638
2025-09-25 04:00:00,187.007,187.211,186.97,186.971,9462
2025-09-25 08:00:00,186.972,187.162,186.686,186.891,13147
2025-09-25 12:00:00,186.892,187.062,186.638,186.764,14249
2025-09-25 16:00:00,186.766,187.188,186.705,187.059,19433
2025-09-25 20:00:00,187.069,187.369,187.023,187.298,11295
2025-09-26 00:00:00,187.123,187.34,186.913,187.141,10428
2025-09-26 04:00:00,187.142,187.303,187.098,187.231,10023
2025-09-26 08:00:00,187.239,187.52,187.211,187.369,12579
2025-09-26 12:00:00,187.37,187.391,187.167,187.279,13420
2025-09-26 16:00:00,187.281,187.579,187.198,187.305,17004
2025-09-26 20:00:00,187.306,187.489,187.23,187.249,9256
2025-09-29 00:00:00,187.22,187.414,186.99,187.267,8999
2025-09-29 04:00:00,187.268,187.304,187.007,187.106,10773
2025-09-29 08:00:00,187.11,187.142,186.499,186.581,13916
2025-09-29 12:00:00,186.579,186.636,186.161,186.629,13078
2025-09-29 16:00:00,186.627,186.642,186.175,186.394,15028
2025-09-29 20:00:00,186.396,186.442,186.267,186.278,8003
2025-09-30 00:00:00,186.101,186.497,186.085,186.468,8816
2025-09-30 04:00:00,186.466,186.492,186.094,186.193,11014
2025-09-30 08:00:00,186.197,186.228,185.697,185.702,15605
2025-09-30 12:00:00,185.699,185.714,185.442,185.612,12341
2025-09-30 16:00:00,185.613,185.922,185.286,185.913,18428
2025-09-30 20:00:00,185.91,185.996,185.665,185.728,10147
2025-10-01 00:00:00,185.472,186.067,185.426,185.982,10091
2025-10-01 04:00:00,185.983,186.004,185.705,185.747,10606
2025-10-01 08:00:00,185.745,185.85,184.849,184.893,16580
2025-10-01 12:00:00,184.898,185.018,183.972,184.092,17339
2025-10-01 16:00:00,184.086,184.425,183.974,184.351,21106
2025-10-01 20:00:00,184.352,184.642,184.352,184.476,10095
2025-10-02 00:00:00,184.36,184.759,184.304,184.651,7448
2025-10-02 04:00:00,184.649,184.825,184.551,184.725,8570
2025-10-02 08:00:00,184.723,184.818,184.267,184.366,13859
2025-10-02 12:00:00,184.361,184.784,184.15,184.717,13317
2025-10-02 16:00:00,184.721,184.721,184.287,184.381,17019
2025-10-02 20:00:00,184.384,184.604,184.302,184.542,7277
2025-10-03 00:00:00,184.382,184.787,184.27,184.784,6252
2025-10-03 04:00:00,184.787,185.209,184.639,185.176,8957
2025-10-03 08:00:00,185.173,185.248,184.834,185.027,12717
2025-10-03 12:00:00,185.022,185.077,184.832,185.053,10498
2025-10-03 16:00:00,185.051,185.471,184.719,185.468,15968
2025-10-03 20:00:00,185.471,185.472,185.202,185.232,7862
2025-10-06 00:00:00,187.172,188.011,186.969,187.936,16683
2025-10-06 04:00:00,187.938,188.868,187.779,188.831,13633
2025-10-06 08:00:00,188.837,188.938,187.711,188.274,18218
2025-10-06 12:00:00,188.27,188.468,187.825,187.885,15813
2025-10-06 16:00:00,187.887,188.861,187.869,188.855,15369
2025-10-06 20:00:00,188.846,189.179,188.732,189.157,7542
2025-10-07 00:00:00,188.995,189.399,188.677,189.281,9631
2025-10-07 04:00:00,189.286,189.345,188.885,189.052,8792
2025-10-07 08:00:00,189.051,189.119,188.778,189.011,12364
2025-10-07 12:00:00,189.01,189.178,188.863,189.116,13061
2025-10-07 16:00:00,189.117,189.859,188.97,189.766,18996
2025-10-07 20:00:00,189.765,190.362,189.763,190.271,12285
2025-10-08 00:00:00,190.162,190.673,190.01,190.624,10871
2025-10-08 04:00:00,190.629,190.747,190.169,190.238,12396
2025-10-08 08:00:00,190.241,190.689,190.076,190.658,16688
2025-10-08 12:00:00,190.657,191.164,190.519,190.557,14707
2025-10-08 16:00:00,190.556,190.604,190.271,190.408,18396
2025-10-08 20:00:00,190.407,190.518,190.292,190.375,10435
2025-10-09 00:00:00,190.298,190.633,190.116,190.63,9568
2025-10-09 04:00:00,190.631,190.713,190.357,190.459,10492
2025-10-09 08:00:00,190.461,190.88,190.446,190.504,16916
2025-10-09 12:00:00,190.502,190.758,190.263,190.37,15725
2025-10-09 16:00:00,190.364,190.441,189.626,189.663,24726
2025-10-09 20:00:00,189.665,189.905,189.581,189.848,12811
2025-10-10 00:00:00,189.512,189.999,189.499,189.704,9856
2025-10-10 04:00:00,189.703,189.758,189.388,189.55,10747
2025-10-10 08:00:00,189.551,189.831,189.237,189.6,18526
2025-10-10 12:00:00,189.599,189.708,189.24,189.394,14474
2025-10-10 16:00:00,189.392,189.771,189.325,189.542,30789
2025-10-10 20:00:00,189.545,189.561,188.897,189.114,17824
2025-10-13 00:00:00,189.55,189.665,189.103,189.518,16421
2025-10-13 04:00:00,189.523,189.687,189.511,189.614,12644
2025-10-13 08:00:00,189.614,190.003,189.389,189.448,18418
2025-10-13 12:00:00,189.447,189.612,189.06,189.156,17135
2025-10-13 16:00:00,189.157,189.426,189.046,189.383,17609
2025-10-13 20:00:00,189.385,189.44,189.281,189.379,8224
2025-10-14 00:00:00,189.142,189.584,189.062,189.493,10536
2025-10-14 04:00:00,189.489,189.621,189.057,189.211,17891
2025-10-14 08:00:00,189.208,189.272,188.779,189.194,26835
2025-10-14 12:00:00,189.192,189.316,188.847,189.046,21283
2025-10-14 16:00:00,189.048,189.595,189.037,189.471,29912
2025-10-14 20:00:00,189.476,189.53,189.314,189.478,13153
2025-10-15 00:00:00,189.436,189.57,189.112,189.18,10851
2025-10-15 04:00:00,189.174,189.237,188.717,189.038,14318
2025-10-15 08:00:00,189.055,189.303,188.731,189.065,18950
2025-10-15 12:00:00,189.064,189.507,188.987,189.392,19588
2025-10-15 16:00:00,189.394,189.824,189.355,189.766,24901
2025-10-15 20:00:00,189.77,189.834,189.556,189.58,13624
2025-10-16 00:00:00,189.476,189.671,189.181,189.467,11093
2025-10-16 04:00:00,189.466,189.932,189.434,189.863,15368
2025-10-16 08:00:00,189.869,190.131,189.468,189.864,21506
2025-10-16 12:00:00,189.867,189.98,189.372,189.604,19211
2025-10-16 16:00:00,189.605,189.722,189.126,189.333,30428
2025-10-16 20:00:00,189.341,189.761,189.288,189.757,22031
2025-10-17 00:00:00,189.492,189.83,189.373,189.83,12844
2025-10-17 04:00:00,189.832,189.99,189.708,189.729,17771
2025-10-17 08:00:00,189.728,190.049,189.532,189.746,30339
2025-10-17 12:00:00,189.745,189.949,189.554,189.834,29260
2025-10-17 16:00:00,189.836,190.06,189.635,189.862,30534
2025-10-17 20:00:00,189.864,189.914,189.562,189.572,13959
2025-10-20 00:00:00,189.645,190.37,189.497,190.332,13413
2025-10-20 04:00:00,190.331,190.541,189.844,189.948,15225
2025-10-20 08:00:00,189.948,190.245,189.75,190.005,22190
2025-10-20 12:00:00,190.002,190.233,189.601,190.114,20149
2025-10-20 16:00:00,190.12,190.468,190.079,190.223,21234
2025-10-20 20:00:00,190.231,190.364,190.153,190.195,8510
2025-10-21 00:00:00,190.054,190.36,189.979,190.264,9965
2025-10-21 04:00:00,190.262,190.621,190.083,190.495,16417
2025-10-21 08:00:00,190.498,191.108,190.255,191.017,27078
2025-10-21 12:00:00,191.013,191.31,190.988,191.097,23505
2025-10-21 16:00:00,191.096,191.195,190.635,190.788,28020
2025-10-21 20:00:00,190.787,190.918,190.699,190.731,9663
2025-10-22 00:00:00,190.589,190.763,190.394,190.478,11245
2025-10-22 04:00:00,190.471,190.796,190.397,190.691,13988
2025-10-22 08:00:00,190.689,190.959,190.419,190.524,22870
2025-10-22 12:00:00,190.525,190.67,190.399,190.626,23893
2025-10-22 16:00:00,190.625,190.933,190.556,190.849,26604
2025-10-22 20:00:00,190.852,190.91,190.637,190.853,13949
2025-10-23 00:00:00,190.793,191.147,190.642,191.054,10730
2025-10-23 04:00:00,191.053,191.274,191.016,191.162,10521
2025-10-23 08:00:00,191.165,191.411,191.04,191.351,17470
2025-10-23 12:00:00,191.352,191.414,191.175,191.398,17506
2025-10-23 16:00:00,191.399,192.091,191.333,191.926,20769
2025-10-23 20:00:00,191.927,191.93,191.76,191.848,8693
2025-10-24 00:00:00,191.629,191.993,191.472,191.969,8860
2025-10-24 04:00:00,191.967,192.17,191.909,192.05,12403
2025-10-24 08:00:00,192.052,192.334,192.025,192.185,19553
2025-10-24 12:00:00,192.177,192.233,191.645,192.142,18086
2025-10-24 16:00:00,192.139,192.362,191.957,192.044,23063
2025-10-24 20:00:00,192.042,192.172,191.961,191.967,7855
2025-10-27 00:00:00,191.676,192.369,191.584,192.215,11965
2025-10-27 04:00:00,192.217,192.36,192.107,192.308,13628
2025-10-27 08:00:00,192.308,192.386,191.682,191.708,19020
2025-10-27 12:00:00,191.705,192.113,191.683,192.082,19043
2025-10-27 16:00:00,192.087,192.309,192.04,192.291,20116
2025-10-27 20:00:00,192.289,192.343,192.125,192.182,8738
2025-10-28 00:00:00,192.09,192.256,191.902,192.003,9246
2025-10-28 04:00:00,192.006,192.032,191.426,191.455,16886
2025-10-28 08:00:00,191.454,191.685,191.27,191.362,23335
2025-10-28 12:00:00,191.362,191.56,191.183,191.198,19892
2025-10-28 16:00:00,191.197,191.997,191.123,191.846,24520
2025-10-28 20:00:00,191.845,191.89,191.628,191.689,10341
2025-10-29 00:00:00,191.462,191.8,191.134,191.215,11851
2025-10-29 04:00:00,191.214,191.614,191.126,191.465,14077
2025-10-29 08:00:00,191.468,191.94,191.087,191.205,18815
2025-10-29 12:00:00,191.202,191.312,190.819,190.894,17506
2025-10-29 16:00:00,190.893,191.153,190.513,191.028,21353
2025-10-29 20:00:00,191.029,191.242,190.703,190.873,26280
2025-10-30 00:00:00,190.795,191.04,190.562,190.872,11386
2025-10-30 04:00:00,190.876,191.632,190.482,191.508,23635
2025-10-30 08:00:00,191.509,192.572,191.365,192.485,25690
2025-10-30 12:00:00,192.487,192.691,192.105,192.188,21842
2025-10-30 16:00:00,192.188,192.478,192.1,192.275,26501
2025-10-30 20:00:00,192.28,192.28,192.026,192.235,11776
2025-10-31 00:00:00,192.084,192.301,191.857,192.1,8854
2025-10-31 04:00:00,192.105,192.155,191.758,192.029,13075
2025-10-31 08:00:00,192.03,192.392,191.892,192.253,18795
2025-10-31 12:00:00,192.251,192.352,191.561,191.768,17990
2025-10-31 16:00:00,191.768,191.975,191.456,191.79,25458
2025-10-31 20:00:00,191.789,191.813,191.26,191.276,10319
2025-11-03 00:00:00,191.556,191.685,191.235,191.444,13501
2025-11-03 04:00:00,191.449,191.575,191.391,191.559,10195
2025-11-03 08:00:00,191.56,191.825,190.947,190.981,16144
2025-11-03 12:00:00,190.972,191.112,190.76,190.816,14586
2025-11-03 16:00:00,190.818,190.966,190.475,190.904,19020
2025-11-03 20:00:00,190.903,190.972,190.771,190.81,8526
2025-11-04 00:00:00,190.718,190.866,190.572,190.66,12904
2025-11-04 04:00:00,190.661,190.667,190.021,190.08,14566
2025-11-04 08:00:00,190.082,190.284,189.721,189.786,22404
2025-11-04 12:00:00,189.787,190.018,189.56,189.718,17817
2025-11-04 16:00:00,189.719,189.813,189.393,189.722,20934
2025-11-04 20:00:00,189.724,189.765,189.475,189.534,9859
2025-11-05 00:00:00,189.443,189.673,189.106,189.39,16454
2025-11-05 04:00:00,189.391,189.775,189.27,189.752,16781
2025-11-05 08:00:00,189.754,189.991,189.445,189.596,17561
2025-11-05 12:00:00,189.602,189.918,189.387,189.86,18277
2025-11-05 16:00:00,189.858,190.383,189.8,189.97,23188
2025-11-05 20:00:00,189.981,190.26,189.938,190.177,8020
2025-11-06 00:00:00,190.096,190.284,189.978,190.195,12322
2025-11-06 04:00:00,190.189,190.296,190.092,190.179,10977
2025-11-06 08:00:00,190.181,190.266,189.811,190.037,15183
2025-11-06 12:00:00,190.041,190.188,189.892,190.078,16950
2025-11-06 16:00:00,190.079,190.094,189.329,189.57,24987
2025-11-06 20:00:00,189.567,189.932,189.512,189.843,12551
2025-11-07 00:00:00,189.743,189.952,189.495,189.754,15870
2025-11-07 04:00:00,189.755,189.877,189.492,189.857,12686
2025-11-07 08:00:00,189.858,190.053,189.811,189.919,15463
2025-11-07 12:00:00,189.922,190.448,189.853,190.436,19787
2025-11-07 16:00:00,190.441,190.679,190.267,190.437,25811
2025-11-07 20:00:00,190.433,190.612,190.335,190.415,13101
2025-11-10 00:00:00,190.75,190.857,190.339,190.757,19209
2025-11-10 04:00:00,190.755,191.047,190.682,190.992,16457
2025-11-10 08:00:00,190.987,191.449,190.868,191.27,22180
2025-11-10 12:00:00,191.271,191.471,191.198,191.428,16088
2025-11-10 16:00:00,191.431,191.435,190.933,191.291,19962
2025-11-10 20:00:00,191.29,191.475,191.254,191.416,8227
2025-11-11 00:00:00,191.268,191.693,190.828,191.639,12914
2025-11-11 04:00:00,191.638,191.79,191.55,191.676,11569
2025-11-11 08:00:00,191.675,192.253,191.561,192.117,16004
2025-11-11 12:00:00,192.12,192.448,192.116,192.359,17105
2025-11-11 16:00:00,192.356,192.677,192.323,192.618,18961
2025-11-11 20:00:00,192.616,192.696,192.498,192.517,7562
2025-11-12 00:00:00,192.48,192.753,192.141,192.677,12837
2025-11-12 04:00:00,192.687,193.271,192.679,193.132,12853
2025-11-12 08:00:00,193.128,193.817,193.121,193.731,17778
2025-11-12 12:00:00,193.727,194.054,193.607,194.045,16691
2025-11-12 16:00:00,194.042,194.221,193.841,193.953,19578
2025-11-12 20:00:00,193.95,194.03,193.798,193.993,8836
2025-11-13 00:00:00,193.906,194.089,193.716,193.863,13423
2025-11-13 04:00:00,193.861,193.913,193.645,193.851,12209
2025-11-13 08:00:00,193.852,194.54,193.794,194.244,21521
2025-11-13 12:00:00,194.245,194.517,194.185,194.333,19999
2025-11-13 16:00:00,194.334,195.124,194.207,195.027,28702
2025-11-13 20:00:00,195.029,195.099,194.831,194.879,14056
2025-11-14 00:00:00,194.804,195.049,194.644,194.797,15496
2025-11-14 04:00:00,194.795,195.101,194.757,195.071,13642
2025-11-14 08:00:00,195.072,195.601,195.015,195.261,23619
2025-11-14 12:00:00,195.259,195.485,194.83,195.152,26746
2025-11-14 16:00:00,195.151,195.238,194.554,194.75,28939
2025-11-14 20:00:00,194.753,194.76,194.357,194.426,12119
2025-11-17 00:00:00,194.459,194.704,194.355,194.545,13897
2025-11-17 04:00:00,194.546,194.623,194.401,194.583,11646
2025-11-17 08:00:00,194.58,195.022,194.554,194.812,18950
2025-11-17 12:00:00,194.817,194.817,194.534,194.612,17267
2025-11-17 16:00:00,194.611,195.163,194.604,194.987,18943
2025-11-17 20:00:00,194.989,195.003,194.832,194.974,10909
2025-11-18 00:00:00,194.821,195.069,194.772,194.95,12254
2025-11-18 04:00:00,194.95,195.216,194.915,195.168,17182
2025-11-18 08:00:00,195.171,195.397,194.911,194.915,26395
2025-11-18 12:00:00,194.913,195.061,194.817,194.822,20301
2025-11-18 16:00:00,194.823,195.028,194.282,194.661,27984
2025-11-18 20:00:00,194.663,194.793,194.39,194.444,13855
2025-11-19 00:00:00,194.316,194.49,194.229,194.271,15349
2025-11-19 04:00:00,194.277,194.51,194.015,194.371,16825
2025-11-19 08:00:00,194.369,194.675,194.236,194.604,19571
2025-11-19 12:00:00,194.605,194.887,194.282,194.736,21227
2025-11-19 16:00:00,194.735,194.894,194.41,194.777,26924
2025-11-19 20:00:00,194.779,195.076,194.569,195.057,15706
2025-11-20 00:00:00,194.988,195.307,194.711,195.27,14859
2025-11-20 04:00:00,195.273,195.317,194.92,195.303,15046
2025-11-20 08:00:00,195.296,195.671,194.954,195.136,21173
2025-11-20 12:00:00,195.133,195.556,195.036,195.396,21312
2025-11-20 16:00:00,195.394,195.718,195.31,195.528,34776
2025-11-20 20:00:00,195.526,195.697,195.341,195.384,18519
2025-11-21 00:00:00,195.279,195.546,195.178,195.536,15757
2025-11-21 04:00:00,195.537,195.617,195.286,195.41,16061
2025-11-21 08:00:00,195.411,195.482,194.619,194.638,23929
2025-11-21 12:00:00,194.631,194.654,194.221,194.372,27488
2025-11-21 16:00:00,194.375,194.413,193.386,193.67,31787
2025-11-21 20:00:00,193.671,193.713,193.321,193.341,13965
2025-11-24 00:00:00,193.482,193.864,193.258,193.759,14355
2025-11-24 04:00:00,193.762,193.803,193.636,193.722,12149
2025-11-24 08:00:00,193.727,194.258,193.546,194.173,19284
2025-11-24 12:00:00,194.17,194.431,194.129,194.317,16797
2025-11-24 16:00:00,194.316,194.56,193.928,194.026,20258
2025-11-24 20:00:00,194.025,194.156,193.991,194.109,9306
2025-11-25 00:00:00,193.81,194.132,193.727,193.807,11170
2025-11-25 04:00:00,193.808,193.865,193.684,193.76,9949
2025-11-25 08:00:00,193.759,193.777,192.963,193.071,17496
2025-11-25 12:00:00,193.072,193.404,192.891,193.144,19962
2025-11-25 16:00:00,193.142,193.554,192.998,193.289,27007
2025-11-25 20:00:00,193.287,193.356,193.198,193.211,12326
2025-11-26 00:00:00,192.982,193.625,192.941,193.23,14500
2025-11-26 04:00:00,193.231,194.099,193.057,194.035,15816
2025-11-26 08:00:00,194.034,194.213,193.894,193.972,21196
2025-11-26 12:00:00,193.971,194.13,193.797,193.857,24551
2025-11-26 16:00:00,193.86,194.522,193.834,194.482,21714
2025-11-26 20:00:00,194.481,194.588,194.408,194.519,9076
2025-11-27 00:00:00,194.292,194.525,193.909,194.347,12049
2025-11-27 04:00:00,194.347,194.487,193.878,194.107,10496
2025-11-27 08:00:00,194.109,194.235,193.927,194.07,15457
2025-11-27 12:00:00,194.069,194.146,193.839,194.113,12811
2025-11-27 16:00:00,194.111,194.22,193.973,194.22,8924
2025-11-27 20:00:00,194.233,194.241,194.131,194.172,5104
2025-11-28 00:00:00,194.035,194.492,193.949,194.132,12017
2025-11-28 04:00:00,194.13,194.333,193.671,194.324,40590
2025-11-28 08:00:00,194.314,194.399,193.767,193.842,45216
2025-11-28 12:00:00,193.845,194.01,193.544,193.813,36553
2025-11-28 16:00:00,193.808,194.504,193.808,194.501,22132
2025-11-28 20:00:00,194.495,194.523,194.126,194.237,15526
2025-12-01 00:00:00,193.924,194.312,193.642,193.71,15072
2025-12-01 04:00:00,193.711,193.722,193.231,193.412,10234
2025-12-01 08:00:00,193.41,193.705,193.267,193.413,18803
2025-12-01 12:00:00,193.415,193.503,193.193,193.366,18824
2025-12-01 16:00:00,193.367,193.472,193.077,193.284,20255
2025-12-01 20:00:00,193.28,193.404,193.117,193.177,9923
2025-12-02 00:00:00,193.001,193.519,193.001,193.46,8152
2025-12-02 04:00:00,193.458,193.543,193.374,193.458,7085
2025-12-02 08:00:00,193.46,193.991,193.448,193.925,13954
2025-12-02 12:00:00,193.926,193.994,193.739,193.88,12355
2025-12-02 16:00:00,193.883,194.072,193.623,193.944,19502
2025-12-02 20:00:00,193.943,194.145,193.887,194.092,11587
2025-12-03 00:00:00,193.844,194.209,193.838,194.073,7809
2025-12-03 04:00:00,194.071,194.217,194.049,194.131,6360
2025-12-03 08:00:00,194.133,194.307,193.957,194.074,13934
2025-12-03 12:00:00,194.072,194.396,194.054,194.314,15469
2025-12-03 16:00:00,194.317,194.341,193.653,194.016,22068
2025-12-03 20:00:00,194.016,194.186,193.954,194.107,9149
2025-12-04 00:00:00,193.985,194.158,193.751,194.049,10060
2025-12-04 04:00:00,194.042,194.231,193.789,193.82,9795
2025-12-04 08:00:00,193.819,193.965,193.394,193.58,16346
2025-12-04 12:00:00,193.578,193.631,193.136,193.331,17144
2025-12-04 16:00:00,193.34,193.405,192.949,193.055,19599
2025-12-04 20:00:00,193.061,193.079,192.891,192.957,12369
2025-12-05 00:00:00,192.884,193.128,192.76,192.991,8445
2025-12-05 04:00:00,192.988,193.088,192.51,192.54,10412
2025-12-05 08:00:00,192.538,192.997,192.39,192.991,17512
2025-12-05 12:00:00,192.99,193.238,192.932,193.147,15185
2025-12-05 16:00:00,193.149,193.239,192.836,192.939,22407
2025-12-05 20:00:00,192.943,193.127,192.924,193.006,10570
2025-12-08 00:00:00,192.801,193.057,192.745,192.784,16186
2025-12-08 04:00:00,192.776,193.243,192.765,193.173,12758
2025-12-08 08:00:00,193.174,193.406,193.125,193.299,19051
2025-12-08 12:00:00,193.299,193.402,192.996,193.113,17932
2025-12-08 16:00:00,193.115,193.299,192.878,193.067,22667
2025-12-08 20:00:00,193.065,193.3,193.029,193.234,10418
2025-12-09 00:00:00,193.127,193.397,192.896,193.235,9725
2025-12-09 04:00:00,193.238,193.714,193.175,193.675,11210
2025-12-09 08:00:00,193.676,194.167,193.519,193.742,19565
2025-12-09 12:00:00,193.745,194.098,193.464,193.944,19293
2025-12-09 16:00:00,193.939,194.676,193.808,194.581,22500
2025-12-09 20:00:00,194.582,194.703,194.501,194.588,9538
2025-12-10 00:00:00,194.42,194.652,194.193,194.329,9922
2025-12-10 04:00:00,194.333,194.416,194.175,194.403,7722
2025-12-10 08:00:00,194.4,194.889,194.4,194.749,14490
2025-12-10 12:00:00,194.747,194.931,194.564,194.889,16520
2025-12-10 16:00:00,194.891,195.005,194.702,194.835,18246
2025-12-10 20:00:00,194.833,195.138,194.645,194.988,23535
2025-12-11 00:00:00,194.799,195.051,194.616,194.883,12376
2025-12-11 04:00:00,194.881,195.134,194.603,195.13,13969
2025-12-11 08:00:00,195.131,195.324,194.786,195.295,19528
2025-12-11 12:00:00,195.296,195.65,195.135,195.193,22067
2025-12-11 16:00:00,195.192,195.759,195.089,195.633,23847
2025-12-11 20:00:00,195.635,195.847,195.572,195.612,12704
2025-12-12 00:00:00,195.406,195.973,195.399,195.863,14423
2025-12-12 04:00:00,195.865,195.971,195.83,195.971,9835
2025-12-12 08:00:00,195.97,196.159,195.728,196.113,17941
2025-12-12 12:00:00,196.114,196.128,195.877,196.038,15827
2025-12-12 16:00:00,196.03,196.218,195.594,195.849,23713
2025-12-12 20:00:00,195.843,195.881,195.684,195.687,10793
2025-12-15 00:00:00,195.622,195.828,195.482,195.492,11934
2025-12-15 04:00:00,195.494,195.55,194.767,194.767,14459
2025-12-15 08:00:00,194.771,195.018,194.492,194.648,18036
2025-12-15 12:00:00,194.649,194.949,194.605,194.872,14228
2025-12-15 16:00:00,194.875,195.196,194.779,194.887,21220
2025-12-15 20:00:00,194.889,194.967,194.846,194.898,8448
2025-12-16 00:00:00,194.768,194.961,194.496,194.604,14493
2025-12-16 04:00:00,194.605,194.69,194.262,194.435,14301
2025-12-16 08:00:00,194.433,194.62,194.268,194.548,18119
2025-12-16 12:00:00,194.553,194.9,194.471,194.655,19403
2025-12-16 16:00:00,194.657,194.965,194.395,194.745,27553
2025-12-16 20:00:00,194.742,194.76,194.511,194.561,13101
2025-12-17 00:00:00,194.369,194.69,194.317,194.511,11949
2025-12-17 04:00:00,194.508,194.875,194.508,194.832,13610
2025-12-17 08:00:00,194.831,195.017,194.612,194.927,21330
2025-12-17 12:00:00,194.923,195.501,194.849,195.32,19233
2025-12-17 16:00:00,195.322,195.812,195.276,195.733,23753
2025-12-17 20:00:00,195.735,195.807,195.593,195.654,10731
2025-12-18 00:00:00,195.554,195.81,195.447,195.8,12502
2025-12-18 04:00:00,195.799,196.044,195.72,195.97,11975
2025-12-18 08:00:00,195.971,196.139,195.706,195.759,17936
2025-12-18 12:00:00,195.755,196.123,195.673,196.01,20922
2025-12-18 16:00:00,196.005,196.005,195.522,195.844,25155
2025-12-18 20:00:00,195.846,195.988,195.812,195.861,10289
2025-12-19 00:00:00,195.749,196.138,195.541,195.976,10580
2025-12-19 04:00:00,195.972,196.387,195.79,196.214,18073
2025-12-19 08:00:00,196.217,197.702,196.074,197.686,25687
2025-12-19 12:00:00,197.687,197.95,197.507,197.871,19416
2025-12-19 16:00:00,197.872,198.149,197.574,198.009,22970
2025-12-19 20:00:00,198.011,198.307,197.999,198.205,11808
2025-12-22 00:00:00,198.194,198.337,197.776,197.89,19760
2025-12-22 04:00:00,197.887,198.148,197.807,197.997,12553
2025-12-22 08:00:00,197.996,198.464,197.865,198.459,18257
2025-12-22 12:00:00,198.46,198.466,197.89,198.218,17916
2025-12-22 16:00:00,198.217,198.27,197.919,198.032,21670
2025-12-22 20:00:00,198.034,198.298,198.014,198.285,9122
2025-12-23 00:00:00,198.236,198.283,197.733,197.839,12640
2025-12-23 04:00:00,197.841,197.959,197.421,197.47,16914
2025-12-23 08:00:00,197.472,197.866,197.183,197.781,20757
2025-12-23 12:00:00,197.783,198.133,197.772,198.025,20045
2025-12-23 16:00:00,198.03,198.133,197.605,197.961,22788
2025-12-23 20:00:00,197.962,198.339,197.962,198.316,9909
2025-12-24 00:00:00,198.123,198.377,197.814,197.87,14628
2025-12-24 04:00:00,197.857,198.048,197.71,197.866,14787
2025-12-24 08:00:00,197.865,198.113,197.698,198.104,19226
2025-12-24 12:00:00,198.106,198.209,197.899,197.902,17966
2025-12-24 16:00:00,197.899,197.94,197.318,197.718,18688
2025-12-24 20:00:00,197.725,197.853,197.473,197.532,12454
2025-12-26 00:00:00,198.19,198.565,197.57,198.324,17988
2025-12-26 04:00:00,198.326,198.339,197.865,198.199,15067
2025-12-26 08:00:00,198.198,198.235,197.908,198.063,13818
2025-12-26 12:00:00,198.059,198.312,197.97,198.295,13131
2025-12-26 16:00:00,198.298,198.475,198.195,198.237,22044
2025-12-26 20:00:00,198.24,198.402,198.105,198.185,10744
2025-12-29 00:00:00,198.319,198.476,197.867,198.329,18695
2025-12-29 04:00:00,198.346,198.469,197.952,197.986,15355
2025-12-29 08:00:00,197.997,198.408,197.805,198.372,18125
2025-12-29 12:00:00,198.371,198.407,197.596,197.869,20376
2025-12-29 16:00:00,197.866,198.248,197.576,197.655,23738
2025-12-29 20:00:00,197.654,197.843,197.601,197.818,9233
2025-12-30 00:00:00,197.803,198.183,197.529,198.052,13804
2025-12-30 04:00:00,198.056,198.192,197.838,197.869,14402
2025-12-30 08:00:00,197.869,198.017,197.459,197.699,16929
2025-12-30 12:00:00,197.706,197.819,197.411,197.754,18024
2025-12-30 16:00:00,197.755,197.834,197.512,197.597,19045
2025-12-30 20:00:00,197.597,197.744,197.465,197.546,8369
2025-12-31 00:00:00,197.334,197.584,197.3,197.535,9741
2025-12-31 04:00:00,197.536,197.614,197.41,197.519,10185
2025-12-31 08:00:00,197.52,197.577,197.143,197.391,13057
2025-12-31 12:00:00,197.388,197.885,197.358,197.858,17649
2025-12-31 16:00:00,197.857,198.06,197.491,197.638,23219
2025-12-31 20:00:00,197.638,197.81,197.611,197.663,10924
2026-01-02 00:00:00,197.486,198.005,197.483,197.979,8044
2026-01-02 04:00:00,197.98,198.097,197.943,197.999,9249
2026-01-02 08:00:00,197.992,198.029,197.562,197.709,15669
2026-01-02 12:00:00,197.706,197.972,197.526,197.832,14632
2026-01-02 16:00:00,197.833,198.168,197.783,197.957,19520
2026-01-02 20:00:00,197.954,198.096,197.835,197.86,9754
2026-01-05 00:00:00,197.741,198.328,197.577,198.057,17692
2026-01-05 04:00:00,198.056,198.163,197.718,197.915,16866
2026-01-05 08:00:00,197.919,197.939,197.005,197.041,20068
2026-01-05 12:00:00,197.039,197.174,196.846,197.144,22387
2026-01-05 16:00:00,197.145,197.439,196.903,197.227,24096
2026-01-05 20:00:00,197.231,197.591,197.148,197.521,9766
2026-01-06 00:00:00,197.281,197.853,197.247,197.696,12865
2026-01-06 04:00:00,197.695,197.744,197.492,197.651,13294
2026-01-06 08:00:00,197.65,197.739,197.176,197.289,19583
2026-01-06 12:00:00,197.287,197.415,197.048,197.219,19233
2026-01-06 16:00:00,197.219,197.318,196.88,197.103,22686
2026-01-06 20:00:00,197.102,197.156,196.817,196.847,8773
2026-01-07 00:00:00,196.762,197.185,196.666,197.129,12255
2026-01-07 04:00:00,197.128,197.249,196.646,196.655,12752
2026-01-07 08:00:00,196.655,196.785,196.394,196.597,16530
2026-01-07 12:00:00,196.598,196.7,196.451,196.537,16835
2026-01-07 16:00:00,196.536,196.754,196.388,196.526,22796
2026-01-07 20:00:00,196.528,196.646,196.434,196.442,10470
2026-01-08 00:00:00,196.394,196.708,196.301,196.688,9922
2026-01-08 04:00:00,196.687,196.741,196.462,196.533,11435
2026-01-08 08:00:00,196.532,196.581,196.188,196.552,17746
2026-01-08 12:00:00,196.554,196.678,196.433,196.644,14913
2026-01-08 16:00:00,196.646,196.817,196.073,196.154,19458
2026-01-08 20:00:00,196.152,196.409,196.11,196.353,8341
2026-01-09 00:00:00,196.27,196.563,196.003,196.501,10778
2026-01-09 04:00:00,196.5,196.798,196.448,196.796,12833
2026-01-09 08:00:00,196.798,197.19,196.77,197.12,16783
2026-01-09 12:00:00,197.121,197.214,196.827,196.947,19124
2026-01-09 16:00:00,196.946,197.467,196.922,197.225,28043
2026-01-09 20:00:00,197.226,197.248,197.047,197.066,9940
2026-01-12 00:00:00,197.204,197.705,197.098,197.562,16822
2026-01-12 04:00:00,197.561,198.074,197.533,197.995,13870
2026-01-12 08:00:00,197.996,198.311,197.913,198.089,19923
2026-01-12 12:00:00,198.091,198.243,197.871,198.192,17804
2026-01-12 16:00:00,198.191,198.577,198.004,198.32,19794
2026-01-12 20:00:00,198.313,198.451,198.228,198.29,7956
2026-01-13 00:00:00,198.18,198.649,198.045,198.609,13802
2026-01-13 04:00:00,198.624,199.237,198.443,199.148,15869
2026-01-13 08:00:00,199.146,199.442,198.987,199.183,19337
2026-01-13 12:00:00,199.184,199.262,198.451,199.017,19504
2026-01-13 16:00:00,199.016,199.119,198.523,198.578,24182
2026-01-13 20:00:00,198.575,198.782,198.532,198.671,9097
2026-01-14 00:00:00,198.434,198.901,198.416,198.759,13261
2026-01-14 04:00:00,198.758,198.833,198.565,198.812,12848
2026-01-14 08:00:00,198.81,198.905,197.71,197.948,21978
2026-01-14 12:00:00,197.945,198.294,197.59,197.954,20208
2026-01-14 16:00:00,197.957,198.148,197.669,197.968,23915
2026-01-14 20:00:00,197.968,198.195,197.889,198.06,11286
2026-01-15 00:00:00,197.887,198.256,197.615,197.97,14411
2026-01-15 04:00:00,197.967,198.232,197.732,197.777,12658
2026-01-15 08:00:00,197.778,198.058,197.634,197.87,19054
2026-01-15 12:00:00,197.87,198.007,197.74,197.927,17064
2026-01-15 16:00:00,197.925,197.974,197.207,197.38,20485
2026-01-15 20:00:00,197.38,197.49,197.316,197.469,8478
2026-01-16 00:00:00,197.318,197.507,197.205,197.417,9523
2026-01-16 04:00:00,197.418,197.454,196.78,197.32,14409
2026-01-16 08:00:00,197.318,197.393,196.933,197.18,16103
2026-01-16 12:00:00,197.178,197.319,197.072,197.137,15940
2026-01-16 16:00:00,197.135,197.216,196.794,196.918,21351
2026-01-16 20:00:00,196.916,196.967,196.758,196.797,8862
2026-01-19 00:00:00,196.888,197.534,196.425,197.287,22544
2026-01-19 04:00:00,197.292,197.743,197.278,197.64,16261
2026-01-19 08:00:00,197.64,197.874,197.504,197.703,19998
2026-01-19 12:00:00,197.701,198.014,197.573,197.925,15110
2026-01-19 16:00:00,197.923,198.401,197.889,198.185,13452
2026-01-19 20:00:00,198.185,198.318,198.185,198.291,4986
2026-01-20 00:00:00,198.144,198.329,197.901,198.059,12142
2026-01-20 04:00:00,198.054,198.554,198.034,198.527,13450
2026-01-20 08:00:00,198.523,199.682,198.522,199.506,26419
2026-01-20 12:00:00,199.506,199.998,199.461,199.747,25023
2026-01-20 16:00:00,199.746,200.203,199.475,200.092,25268
2026-01-20 20:00:00,200.092,200.322,200.018,200.197,13119
2026-01-21 00:00:00,200.147,200.309,199.93,200.086,13278
2026-01-21 04:00:00,200.085,200.178,199.671,200.01,11818
2026-01-21 08:00:00,200.006,200.105,199.249,199.28,17592
2026-01-21 12:00:00,199.275,199.965,199.222,199.801,18336
2026-01-21 16:00:00,199.802,199.856,199.162,199.326,28550
2026-01-21 20:00:00,199.326,199.421,198.872,198.984,15891
2026-01-22 00:00:00,198.795,199.104,198.632,199.037,12603
2026-01-22 04:00:00,199.035,199.775,199.007,199.713,12579
2026-01-22 08:00:00,199.712,200.12,199.654,200.043,17567
2026-01-22 12:00:00,200.042,200.421,199.866,200.251,18723
2026-01-22 16:00:00,200.253,200.485,200.085,200.374,22651
2026-01-22 20:00:00,200.374,200.755,200.318,200.748,12064
2026-01-23 00:00:00,200.128,200.944,200.118,200.867,12241
2026-01-23 04:00:00,200.866,200.902,200.554,200.758,12442
2026-01-23 08:00:00,200.761,201.306,199.105,199.745,25848
2026-01-23 12:00:00,199.745,200.278,199.695,200.115,15880
2026-01-23 16:00:00,200.118,200.427,198.677,198.976,26425
2026-01-23 20:00:00,198.975,199.867,198.515,199.442,22214
2026-01-26 00:00:00,199.299,199.87,198.578,198.6,25818
2026-01-26 04:00:00,198.598,198.631,198.065,198.329,23056
2026-01-26 08:00:00,198.333,198.482,197.395,198.058,28201
2026-01-26 12:00:00,198.059,198.272,197.254,198.088,24524
2026-01-26 16:00:00,198.089,198.889,197.955,198.354,24858
2026-01-26 20:00:00,198.356,198.594,198.248,198.428,17223
2026-01-27 00:00:00,198.278,198.661,198.152,198.623,13363
2026-01-27 04:00:00,198.626,198.889,198.574,198.733,15807
2026-01-27 08:00:00,198.728,199.046,197.372,198.186,21137
2026-01-27 12:00:00,198.196,199.05,197.927,198.809,30325
2026-01-27 16:00:00,198.804,199.719,198.739,199.317,30430
2026-01-27 20:00:00,199.315,200.114,199.149,199.842,21768
2026-01-28 00:00:00,199.729,200.063,199.356,199.761,22179
2026-01-28 04:00:00,199.762,199.81,199.096,199.438,19433
2026-01-28 08:00:00,199.438,199.659,198.539,199.069,27412
2026-01-28 12:00:00,199.068,199.108,198.593,198.903,23698
2026-01-28 16:00:00,198.904,199.748,198.531,199.508,31463
2026-01-28 20:00:00,199.509,199.638,199.172,199.623,24255
2026-01-29 00:00:00,199.536,200.089,199.194,199.729,21821
2026-01-29 04:00:00,199.73,200.012,199.566,199.817,20570
2026-01-29 08:00:00,199.816,200.135,199.617,199.664,23922
2026-01-29 12:00:00,199.663,199.912,199.56,199.774,21926
2026-01-29 16:00:00,199.771,199.96,198.55,199.468,36628
2026-01-29 20:00:00,199.465,200.327,199.46,200.287,18769
2026-01-30 00:00:00,200.162,200.475,199.342,200.099,25564
2026-01-30 04:00:00,200.096,200.487,199.821,200.251,25619
2026-01-30 08:00:00,200.249,200.552,200.086,200.429,28640
2026-01-30 12:00:00,200.411,200.819,200.309,200.741,26799
2026-01-30 16:00:00,200.746,201.155,200.035,200.086,33151
2026-01-30 20:00:00,200.089,200.362,199.985,200.183,26257
2026-02-02 00:00:00,200.241,201.017,200.205,200.777,25041
2026-02-02 04:00:00,200.776,200.795,200.248,200.363,24666
2026-02-02 08:00:00,200.365,200.495,199.722,199.738,29134
2026-02-02 12:00:00,199.74,199.99,199.268,199.325,24452
2026-02-02 16:00:00,199.322,199.54,199.105,199.44,30856
2026-02-02 20:00:00,199.439,199.63,199.323,199.56,16165
2026-02-03 00:00:00,199.392,199.86,199.237,199.762,16045
2026-02-03 04:00:00,199.758,199.857,199.612,199.694,17228
2026-02-03 08:00:00,199.692,200.274,199.631,200.121,21317
2026-02-03 12:00:00,200.12,200.588,200.07,200.529,19425
2026-02-03 16:00:00,200.53,201.109,200.337,200.898,25731
2026-02-03 20:00:00,200.901,201.024,200.662,200.908,17148
2026-02-04 00:00:00,200.714,201.419,200.38,201.252,12954
2026-02-04 04:00:00,201.258,201.775,201.236,201.654,11947
2026-02-04 08:00:00,201.651,201.819,201.506,201.791,17781
2026-02-04 12:00:00,201.796,202.092,201.682,201.76,19441
2026-02-04 16:00:00,201.756,201.844,201.457,201.681,29486
2026-02-04 20:00:00,201.683,201.971,201.634,201.784,15774
2026-02-05 00:00:00,201.576,202.03,201.4,201.883,13019
2026-02-05 04:00:00,201.88,201.937,201.422,201.723,15265
2026-02-05 08:00:00,201.721,202.216,201.489,202.089,22482
2026-02-05 12:00:00,202.071,202.335,201.988,202.117,26220
2026-02-05 16:00:00,202.116,202.287,201.714,201.828,30613
2026-02-05 20:00:00,201.835,201.936,201.718,201.73,13424
2026-02-06 00:00:00,201.532,201.821,201.353,201.53,18457
2026-02-06 04:00:00,201.533,201.875,201.522,201.868,13532
2026-02-06 08:00:00,201.866,202.071,201.498,201.745,20087
2026-02-06 12:00:00,201.746,202.097,201.672,201.959,16939
2026-02-06 16:00:00,201.958,202.604,201.883,202.527,22987
2026-02-06 20:00:00,202.528,202.711,202.514,202.553,10257
2026-02-09 00:00:00,202.856,202.984,201.615,201.976,21499
2026-02-09 04:00:00,201.976,202.259,201.929,202.117,15044
2026-02-09 08:00:00,202.118,202.907,201.966,202.802,25046
2026-02-09 12:00:00,202.797,203.141,202.73,202.822,27405
2026-02-09 16:00:00,202.82,203.459,202.535,203.235,24362
2026-02-09 20:00:00,203.233,203.465,203.201,203.451,12818
2026-02-10 00:00:00,203.193,203.653,202.835,203.067,14754
2026-02-10 04:00:00,203.07,203.231,202.197,202.439,15719
2026-02-10 08:00:00,202.439,202.982,202.368,202.836,18416
2026-02-10 12:00:00,202.831,202.832,202.148,202.255,20883
2026-02-10 16:00:00,202.256,202.394,201.038,201.129,28570
2026-02-10 20:00:00,201.127,201.203,200.925,201.05,12408
2026-02-11 00:00:00,200.851,201.232,200.421,200.491,13209
2026-02-11 04:00:00,200.49,200.546,199.843,199.907,15981
2026-02-11 08:00:00,199.907,200.258,199.74,200.068,21615
2026-02-11 12:00:00,200.069,200.46,198.672,199.58,24955
2026-02-11 16:00:00,199.569,199.746,198.187,198.449,33777
2026-02-11 20:00:00,198.45,198.697,198.158,198.573,15171
2026-02-12 00:00:00,198.414,198.992,198.313,198.412,15527
2026-02-12 04:00:00,198.412,198.51,197.645,198.457,19590
2026-02-12 08:00:00,198.46,199.097,198.194,199.089,23635
2026-02-12 12:00:00,199.085,199.999,198.943,199.368,20655
2026-02-12 16:00:00,199.369,199.423,198.102,198.554,33508
2026-02-12 20:00:00,198.556,198.722,198.399,198.477,17739
2026-02-13 00:00:00,198.364,199.214,198.321,199.181,15950
2026-02-13 04:00:00,199.18,199.201,198.571,199.046,15421
2026-02-13 08:00:00,199.049,199.703,198.8,199.438,20930
2026-02-13 12:00:00,199.435,199.478,199.022,199.219,23274
2026-02-13 16:00:00,199.217,199.329,198.729,198.996,28664
2026-02-13 20:00:00,198.995,199.089,198.729,198.81,11094
2026-02-16 00:00:00,198.502,199.244,198.428,199.146,13038
2026-02-16 04:00:00,199.144,199.359,199.089,199.304,11341
2026-02-16 08:00:00,199.307,199.713,199.26,199.553,14173
2026-02-16 12:00:00,199.551,199.648,199.019,199.187,12629
2026-02-16 16:00:00,199.186,199.583,199.15,199.387,11203
2026-02-16 20:00:00,199.388,199.543,199.387,199.467,2846
2026-02-17 00:00:00,199.152,199.704,198.922,198.958,14345
2026-02-17 04:00:00,198.949,199.106,198.737,198.846,16345
2026-02-17 08:00:00,198.849,198.929,198.524,198.772,19172
2026-02-17 12:00:00,198.777,198.994,198.523,198.734,20300
2026-02-17 16:00:00,198.731,199.063,198.652,199.016,27964
2026-02-17 20:00:00,199.016,199.111,198.902,199.012,10252
2026-02-18 00:00:00,198.952,199.194,198.362,199.171,12093
2026-02-18 04:00:00,199.169,199.377,199.069,199.074,10529
2026-02-18 08:00:00,199.074,199.374,198.997,199.26,14773
2026-02-18 12:00:00,199.259,199.52,199.193,199.497,15934
2026-02-18 16:00:00,199.496,200.143,199.492,199.987,20459
2026-02-18 20:00:00,199.991,200.357,199.833,200.273,14018
2026-02-19 00:00:00,200.39,200.693,200.062,200.687,12146
2026-02-19 04:00:00,200.683,200.941,200.432,200.931,14611
2026-02-19 08:00:00,200.933,200.941,200.23,200.243,18166
2026-02-19 12:00:00,200.244,200.273,199.572,199.994,19015
2026-02-19 16:00:00,199.993,200.299,199.671,199.902,25948
2026-02-19 20:00:00,199.908,200.077,199.748,199.956,11184
2026-02-20 00:00:00,199.817,200.189,199.641,200.0,13016
2026-02-20 04:00:00,200.001,200.21,199.855,200.188,12938
2026-02-20 08:00:00,200.188,200.712,199.85,200.424,18782
2026-02-20 12:00:00,200.427,200.43,199.844,200.242,18669
2026-02-20 16:00:00,200.237,200.393,199.793,199.927,31454
2026-02-20 20:00:00,199.929,200.126,199.774,199.838,15921
2026-02-23 00:00:00,199.863,200.077,199.588,199.825,18155
2026-02-23 04:00:00,199.829,199.952,199.71,199.882,13744
2026-02-23 08:00:00,199.877,200.216,199.79,199.929,18845
2026-02-23 12:00:00,199.929,199.96,199.401,199.492,19085
2026-02-23 16:00:00,199.491,199.793,199.335,199.501,23920
2026-02-23 20:00:00,199.5,199.837,199.474,199.57,11137
2026-02-24 00:00:00,199.528,199.941,199.346,199.824,14398
2026-02-24 04:00:00,199.823,200.101,199.725,200.08,14741
2026-02-24 08:00:00,200.083,201.695,199.784,201.379,23733
2026-02-24 12:00:00,201.38,201.553,201.199,201.41,18228
2026-02-24 16:00:00,201.407,201.556,201.154,201.389,22508
2026-02-24 20:00:00,201.388,201.446,201.299,201.371,10590
2026-02-25 00:00:00,201.243,201.56,200.958,201.379,12077
2026-02-25 04:00:00,201.378,201.792,201.021,201.487,19336
2026-02-25 08:00:00,201.484,202.375,201.406,202.242,19494
2026-02-25 12:00:00,202.243,202.436,202.057,202.185,17355
2026-02-25 16:00:00,202.184,202.504,202.137,202.358,21051
2026-02-25 20:00:00,202.357,202.498,202.287,202.343,8424
2026-02-26 00:00:00,202.214,202.979,201.977,202.054,15893
2026-02-26 04:00:00,202.053,202.115,201.753,201.983,15128
2026-02-26 08:00:00,201.974,202.232,201.505,201.646,18605
2026-02-26 12:00:00,201.65,201.75,201.211,201.721,16236
2026-02-26 16:00:00,201.718,201.866,201.379,201.777,25164
2026-02-26 20:00:00,201.778,201.85,201.579,201.661,12263
2026-02-27 00:00:00,201.524,201.69,201.287,201.548,16099
2026-02-27 04:00:00,201.552,201.599,201.331,201.596,13168
2026-02-27 08:00:00,201.598,202.122,201.556,201.912,19418
2026-02-27 12:00:00,201.914,202.751,201.723,202.67,19266
2026-02-27 16:00:00,202.67,203.387,202.67,202.965,24702
2026-02-27 20:00:00,202.966,203.154,202.716,202.722,11526
2026-03-02 00:00:00,203.037,203.65,203.037,203.286,24458
2026-03-02 04:00:00,203.286,203.976,203.23,203.973,21405
2026-03-02 08:00:00,203.978,204.009,202.96,203.336,30015
2026-03-02 12:00:00,203.335,203.392,201.949,202.388,24460
2026-03-02 16:00:00,202.387,202.583,201.682,202.166,30437
2026-03-02 20:00:00,202.17,202.176,201.738,201.843,18496
2026-03-03 00:00:00,201.757,202.202,201.494,201.864,18543
2026-03-03 04:00:00,201.863,201.939,201.381,201.428,20434
2026-03-03 08:00:00,201.425,201.51,200.526,200.62,29881
2026-03-03 12:00:00,200.62,201.103,200.415,200.93,31222
2026-03-03 16:00:00,200.929,201.727,200.597,201.599,38011
2026-03-03 20:00:00,201.602,201.877,201.526,201.69,22038
2026-03-04 00:00:00,201.479,201.849,200.565,201.468,19610
2026-03-04 04:00:00,201.464,201.711,201.269,201.517,19726
2026-03-04 08:00:00,201.527,201.948,200.603,200.647,24385
2026-03-04 12:00:00,200.645,201.609,200.61,201.48,26700
2026-03-04 16:00:00,201.482,201.619,201.104,201.28,28432
2026-03-04 20:00:00,201.281,201.66,201.249,201.494,13483
2026-03-05 00:00:00,201.271,201.625,200.923,201.142,16199
2026-03-05 04:00:00,201.139,201.459,201.044,201.127,20813
2026-03-05 08:00:00,201.14,201.74,201.03,201.733,27305
2026-03-05 12:00:00,201.743,202.042,201.487,201.884,22539
2026-03-05 16:00:00,201.883,202.123,201.372,201.527,32289
2026-03-05 20:00:00,201.525,201.744,201.378,201.715,22677
2026-03-06 00:00:00,201.575,201.849,201.356,201.745,14365
2026-03-06 04:00:00,201.751,202.132,201.74,202.08,13649
2026-03-06 08:00:00,202.079,202.168,201.835,201.845,19674
2026-03-06 12:00:00,201.844,202.107,201.624,201.935,24621
2026-03-06 16:00:00,201.934,203.004,201.834,202.941,34994
2026-03-06 20:00:00,202.944,203.378,202.913,203.224,19373
2026-03-09 00:00:00,202.499,203.16,202.401,202.927,20283
2026-03-09 04:00:00,202.93,203.466,202.749,203.301,22858
2026-03-09 08:00:00,203.299,203.716,203.154,203.268,30665
2026-03-09 12:00:00,203.272,203.545,203.14,203.393,29360
2026-03-09 16:00:00,203.39,203.415,202.917,203.001,32527
2026-03-09 20:00:00,203.001,203.094,202.735,202.775,22703
2026-03-10 00:00:00,202.651,203.108,202.289,202.774,16313
2026-03-10 04:00:00,202.772,202.979,202.652,202.789,20517
2026-03-10 08:00:00,202.786,203.173,202.632,203.158,21480
2026-03-10 12:00:00,203.158,203.463,203.078,203.391,24700
2026-03-10 16:00:00,203.391,203.53,203.031,203.139,26023
2026-03-10 20:00:00,203.138,203.159,202.794,202.953,23534
2026-03-11 00:00:00,202.804,203.286,202.724,203.189,10436
2026-03-11 04:00:00,203.189,203.627,203.182,203.462,15118
2026-03-11 08:00:00,203.468,203.666,203.213,203.661,18655
2026-03-11 12:00:00,203.662,204.01,203.269,203.495,23542
2026-03-11 16:00:00,203.497,203.755,203.31,203.707,28596
2026-03-11 20:00:00,203.706,203.882,203.605,203.639,15269
2026-03-12 00:00:00,203.494,203.791,203.406,203.474,12635
2026-03-12 04:00:00,203.475,203.496,203.288,203.433,15084
2026-03-12 08:00:00,203.43,203.533,202.97,203.162,17920
2026-03-12 12:00:00,203.162,203.445,203.063,203.162,18828
2026-03-12 16:00:00,203.165,203.318,202.877,202.951,29239
2026-03-12 20:00:00,202.95,203.131,202.652,202.691,16965
2026-03-13 00:00:00,202.524,202.793,202.502,202.633,12945
2026-03-13 04:00:00,202.631,202.821,202.507,202.717,17011
2026-03-13 08:00:00,202.719,202.719,201.942,202.044,20279
2026-03-13 12:00:00,202.055,202.52,202.021,202.44,21357
2026-03-13 16:00:00,202.443,202.477,201.957,202.096,25968
2026-03-13 20:00:00,202.094,202.198,201.713,201.785,13856
2026-03-16 00:00:00,201.744,202.03,201.517,201.879,12675
2026-03-16 04:00:00,201.878,202.222,201.835,201.872,14314
2026-03-16 08:00:00,201.875,201.962,201.101,201.829,17636
2026-03-16 12:00:00,201.828,202.117,201.787,201.991,17953
2026-03-16 16:00:00,201.987,202.151,201.742,202.125,21734
2026-03-16 20:00:00,202.129,202.201,201.875,201.888,14965
2026-03-17 00:00:00,201.748,202.071,201.682,202.069,9470
2026-03-17 04:00:00,202.068,202.169,202.005,202.019,11868
2026-03-17 08:00:00,202.017,202.26,201.804,202.164,15663
2026-03-17 12:00:00,202.161,202.335,201.913,202.168,16329
2026-03-17 16:00:00,202.17,202.523,201.971,202.469,22782
2026-03-17 20:00:00,202.469,202.665,202.436,202.589,9990
2026-03-18 00:00:00,202.442,202.71,202.35,202.627,11439
2026-03-18 04:00:00,202.628,202.648,202.238,202.301,11072
2026-03-18 08:00:00,202.298,202.305,201.893,202.234,15593
2026-03-18 12:00:00,202.231,202.586,202.082,202.361,19100
2026-03-18 16:00:00,202.362,202.562,202.052,202.06,24428
2026-03-18 20:00:00,202.056,202.084,201.527,201.55,20429
2026-03-19 00:00:00,201.348,201.763,201.301,201.751,11780
2026-03-19 04:00:00,201.755,201.796,201.41,201.436,14633
2026-03-19 08:00:00,201.438,201.698,200.606,200.864,22099
2026-03-19 12:00:00,200.866,200.96,199.928,200.178,25871
2026-03-19 16:00:00,200.17,200.468,199.487,199.597,34924
2026-03-19 20:00:00,199.603,200.512,199.579,200.105,21026
2026-03-20 00:00:00,200.029,200.278,199.751,200.162,10269
2026-03-20 04:00:00,200.16,200.704,200.127,200.64,12725
2026-03-20 08:00:00,200.64,201.019,200.539,200.917,16297
2026-03-20 12:00:00,200.912,201.868,200.904,201.802,22886
2026-03-20 16:00:00,201.805,202.139,201.332,202.09,28813
2026-03-20 20:00:00,202.095,202.172,201.891,202.023,19375
2026-03-23 00:00:00,201.829,202.461,201.562,202.16,15375
2026-03-23 04:00:00,202.156,202.373,201.916,202.016,19003
2026-03-23 08:00:00,202.016,202.368,201.526,201.526,23835
2026-03-23 12:00:00,201.54,201.853,200.559,201.793,38396
2026-03-23 16:00:00,201.8,201.994,201.281,201.51,40627
2026-03-23 20:00:00,201.513,201.57,201.216,201.4,19773
2026-03-24 00:00:00,201.345,201.516,201.063,201.169,13419
2026-03-24 04:00:00,201.168,201.353,201.051,201.273,19221
2026-03-24 08:00:00,201.273,201.655,201.127,201.547,22619
2026-03-24 12:00:00,201.545,201.759,201.14,201.228,22181
2026-03-24 16:00:00,201.224,201.284,200.594,200.862,28780
2026-03-24 20:00:00,200.865,201.392,200.764,201.371,24012
2026-03-25 00:00:00,201.158,201.642,201.041,201.455,12929
2026-03-25 04:00:00,201.46,201.542,201.148,201.248,15145
2026-03-25 08:00:00,201.249,201.468,201.119,201.166,17901
2026-03-25 12:00:00,201.165,201.456,200.997,201.379,21389
2026-03-25 16:00:00,201.378,201.42,200.865,201.133,26318
2026-03-25 20:00:00,201.133,201.462,201.126,201.409,13903
2026-03-26 00:00:00,201.288,201.435,201.081,201.375,9146
2026-03-26 04:00:00,201.376,201.458,201.292,201.396,12166
2026-03-26 08:00:00,201.393,201.457,200.968,201.452,15456
2026-03-26 12:00:00,201.448,201.512,201.13,201.281,16276
2026-03-26 16:00:00,201.281,201.327,200.957,200.981,23389
2026-03-26 20:00:00,200.978,201.067,200.793,200.892,13799
2026-03-27 00:00:00,200.785,200.997,200.534,200.675,11570
2026-03-27 04:00:00,200.679,200.79,200.566,200.696,11737
2026-03-27 08:00:00,200.695,200.856,200.558,200.656,16797
2026-03-27 12:00:00,200.644,200.713,200.3,200.59,16691
2026-03-27 16:00:00,200.59,201.09,200.395,200.971,23728
2026-03-27 20:00:00,200.97,201.049,200.438,200.449,14232
2026-03-30 00:00:00,200.362,200.843,200.138,200.179,14034
2026-03-30 04:00:00,200.192,200.324,199.94,200.07,14308
2026-03-30 08:00:00,200.069,200.199,199.486,199.568,16934
2026-03-30 12:00:00,199.57,199.696,199.208,199.241,17651
2026-03-30 16:00:00,199.243,199.475,199.145,199.259,19974
2026-03-30 20:00:00,199.257,199.761,199.244,199.755,10509
2026-03-31 00:00:00,199.582,200.14,199.51,200.131,11308
2026-03-31 04:00:00,200.136,200.203,199.838,199.841,14546
2026-03-31 08:00:00,199.841,199.874,199.46,199.488,15188
2026-03-31 12:00:00,199.486,199.518,199.15,199.155,18157
2026-03-31 16:00:00,199.148,199.233,197.728,198.407,28230
2026-03-31 20:00:00,198.405,198.609,198.315,198.519,18330
2026-04-01 00:00:00,198.287,199.227,197.943,199.196,11342
2026-04-01 04:00:00,199.197,199.253,198.758,198.987,14419
2026-04-01 08:00:00,198.986,199.879,198.962,199.745,22309
2026-04-01 12:00:00,199.744,200.211,199.641,200.092,20857
2026-04-01 16:00:00,200.093,200.265,199.703,200.065,24650
2026-04-01 20:00:00,200.061,200.07,199.748,199.814,12963
2026-04-02 00:00:00,199.68,200.01,199.438,200.008,10695
2026-04-02 04:00:00,200.005,200.083,199.455,199.505,23754
2026-04-02 08:00:00,199.509,199.781,199.04,199.661,19816
2026-04-02 12:00:00,199.666,199.733,199.328,199.718,16313
2026-04-02 16:00:00,199.72,199.782,199.27,199.67,25227
2026-04-02 20:00:00,199.67,199.863,199.655,199.738,10465
2026-04-03 00:00:00,199.578,199.807,199.506,199.773,7088
2026-04-03 04:00:00,199.771,199.9,199.704,199.807,7655
2026-04-03 08:00:00,199.81,200.041,199.771,199.986,8272
2026-04-03 12:00:00,199.984,199.997,199.078,199.668,10205
2026-04-03 16:00:00,199.669,199.753,199.267,199.324,13939
2026-04-03 20:00:00,199.321,199.536,198.965,199.223,9686
2026-04-06 00:00:00,199.325,199.617,199.098,199.363,13792
2026-04-06 04:00:00,199.355,199.357,199.105,199.326,14317
2026-04-06 08:00:00,199.324,200.082,199.278,199.881,14982
2026-04-06 12:00:00,199.884,200.016,199.785,199.966,13716
2026-04-06 16:00:00,199.968,200.22,199.928,200.078,19349
2026-04-06 20:00:00,200.079,200.184,200.026,200.053,11491
2026-04-07 00:00:00,199.766,200.103,199.766,200.05,9735
2026-04-07 04:00:00,200.045,200.095,199.841,200.0,11585
2026-04-07 08:00:00,200.001,200.145,199.789,199.845,16089
2026-04-07 12:00:00,199.842,199.992,199.673,199.8,19083
2026-04-07 16:00:00,199.8,200.049,199.638,200.044,22245
2026-04-07 20:00:00,200.043,200.169,199.887,200.048,16875
2026-04-08 00:00:00,199.872,200.822,199.455,200.532,24710
2026-04-08 04:00:00,200.529,200.664,200.343,200.554,19327
2026-04-08 08:00:00,200.564,200.967,200.508,200.762,22592
2026-04-08 12:00:00,200.762,200.966,200.574,200.652,20981
2026-04-08 16:00:00,200.653,200.818,200.388,200.524,26256
2026-04-08 20:00:00,200.525,200.561,200.27,200.355,16841
2026-04-09 00:00:00,199.997,200.621,199.963,200.611,9278
2026-04-09 04:00:00,200.609,200.729,200.555,200.64,12000
2026-04-09 08:00:00,200.642,201.128,200.52,200.998,15073
2026-04-09 12:00:00,200.995,201.181,200.878,201.129,15234
2026-04-09 16:00:00,201.13,201.66,201.108,201.345,23816
2026-04-09 20:00:00,201.345,201.407,201.094,201.106,14575
2026-04-10 00:00:00,201.074,201.237,200.852,201.185,8777
2026-04-10 04:00:00,201.189,201.45,201.145,201.403,11101
2026-04-10 08:00:00,201.402,201.716,201.395,201.611,12866
2026-04-10 12:00:00,201.624,201.907,201.353,201.904,16951
2026-04-10 16:00:00,201.899,202.559,201.557,201.734,22713
2026-04-10 20:00:00,201.737,201.972,201.676,201.796,12998
2026-04-13 00:00:00,201.741,201.888,201.386,201.516,11954
2026-04-13 04:00:00,201.518,201.733,201.508,201.651,12328
2026-04-13 08:00:00,201.653,202.16,201.518,202.059,14337
2026-04-13 12:00:00,202.059,202.34,202.02,202.3,15075
2026-04-13 16:00:00,202.3,203.001,202.186,202.988,23390
2026-04-13 20:00:00,202.988,203.439,202.929,203.408,14724
2026-04-14 00:00:00,203.205,203.451,203.139,203.259,8593
2026-04-14 04:00:00,203.259,203.324,203.027,203.054,11764
2026-04-14 08:00:00,203.056,203.845,203.008,203.768,16709
2026-04-14 12:00:00,203.769,203.891,203.355,203.494,17980
2026-04-14 16:00:00,203.492,203.663,203.291,203.335,21816
2026-04-14 20:00:00,203.332,203.396,203.225,203.322,11419
2026-04-15 00:00:00,203.198,203.413,203.024,203.339,9163
2026-04-15 04:00:00,203.338,203.526,203.336,203.484,11515
2026-04-15 08:00:00,203.487,203.578,203.273,203.334,15298
2026-04-15 12:00:00,203.336,203.385,203.067,203.352,19827
2026-04-15 16:00:00,203.353,203.585,203.135,203.248,22874
2026-04-15 20:00:00,203.241,203.486,203.239,203.293,14580
2026-04-16 00:00:00,203.197,203.325,202.857,203.222,8873
2026-04-16 04:00:00,203.219,203.344,202.9,203.256,15460
2026-04-16 08:00:00,203.257,203.398,203.059,203.196,16170
2026-04-16 12:00:00,203.196,203.212,202.785,203.071,16098
2026-04-16 16:00:00,203.07,203.387,202.968,203.019,23467
2026-04-16 20:00:00,203.019,203.28,202.988,203.11,14243
2026-04-17 00:00:00,202.909,203.445,202.85,203.416,6806
2026-04-17 04:00:00,203.421,203.586,203.337,203.576,10499
2026-04-17 08:00:00,203.579,203.653,203.237,203.442,15091
2026-04-17 12:00:00,203.44,203.496,203.243,203.288,16974
2026-04-17 16:00:00,203.289,203.462,202.527,202.761,32093
2026-04-17 20:00:00,202.755,203.008,202.707,202.875,16998
2026-04-20 00:00:00,203.011,203.284,202.714,203.159,13232
2026-04-20 04:00:00,203.16,203.177,202.987,203.053,14709
2026-04-20 08:00:00,203.055,203.36,202.863,203.289,19470
2026-04-20 12:00:00,203.288,203.504,203.276,203.436,17862
2026-04-20 16:00:00,203.446,203.962,203.35,203.854,24929
2026-04-20 20:00:00,203.853,204.127,203.832,204.003,13723
2026-04-21 00:00:00,203.831,204.182,203.505,204.138,9262
2026-04-21 04:00:00,204.14,204.183,203.941,203.957,10560
2026-04-21 08:00:00,203.959,204.086,203.791,203.975,16126
2026-04-21 12:00:00,203.977,204.197,203.911,204.033,15526
2026-04-21 16:00:00,204.037,204.418,203.981,204.21,22924
2026-04-21 20:00:00,204.205,204.225,203.917,204.101,23994
2026-04-22 00:00:00,203.852,204.237,203.651,204.056,9853
2026-04-22 04:00:00,204.059,204.186,203.977,204.074,13147
2026-04-22 08:00:00,204.077,204.328,203.977,204.286,17068
2026-04-22 12:00:00,204.289,204.311,203.434,203.501,17914
2026-04-22 16:00:00,203.501,203.711,203.401,203.47,23845
2026-04-22 20:00:00,203.466,203.527,203.165,203.183,13643
2026-04-23 00:00:00,203.098,203.425,203.036,203.138,10521
2026-04-23 04:00:00,203.141,203.235,202.994,203.103,15722
2026-04-23 08:00:00,203.104,203.664,203.091,203.649,15514
2026-04-23 12:00:00,203.65,203.654,203.046,203.064,20460
2026-04-23 16:00:00,203.062,203.506,202.946,203.222,23537
2026-04-23 20:00:00,203.221,203.225,202.996,203.113,23821
2026-04-24 00:00:00,202.832,203.287,202.772,203.209,8056
2026-04-24 04:00:00,203.213,203.244,202.958,203.008,13064
2026-04-24 08:00:00,203.005,203.184,202.722,203.164,15144
2026-04-24 12:00:00,203.163,203.192,202.856,202.948,18936
2026-04-24 16:00:00,202.936,203.092,202.662,203.005,24628
2026-04-24 20:00:00,203.018,203.113,202.946,202.986,13790
2026-04-27 00:00:00,202.606,203.076,202.581,202.978,7780
2026-04-27 04:00:00,202.976,203.066,202.879,202.923,14784
2026-04-27 08:00:00,202.924,203.153,202.789,203.123,16992
2026-04-27 12:00:00,203.123,203.128,202.795,202.988,15772
2026-04-27 16:00:00,202.981,203.221,202.934,202.955,20120
2026-04-27 20:00:00,202.955,203.004,202.867,202.917,11428
2026-04-28 00:00:00,202.73,203.094,202.73,202.966,7682
2026-04-28 04:00:00,202.96,202.971,202.133,202.21,14793
2026-04-28 08:00:00,202.215,202.498,201.807,202.188,20068
2026-04-28 12:00:00,202.185,202.319,201.911,201.994,21408
2026-04-28 16:00:00,201.995,202.373,201.801,202.222,26403
2026-04-28 20:00:00,202.224,202.311,202.135,202.257,12521
2026-04-29 00:00:00,202.011,202.268,201.728,202.169,6798
2026-04-29 04:00:00,202.167,202.378,202.091,202.27,14549
2026-04-29 08:00:00,202.267,202.427,202.142,202.306,17673
2026-04-29 12:00:00,202.303,202.602,202.181,202.427,17349
2026-04-29 16:00:00,202.426,202.875,202.237,202.72,26191
2026-04-29 20:00:00,202.719,202.758,202.382,202.629,23243
2026-04-30 00:00:00,202.463,202.845,202.458,202.724,11703
2026-04-30 04:00:00,202.732,202.762,202.523,202.737,18805
2026-04-30 08:00:00,202.736,203.088,201.928,202.15,23934
2026-04-30 12:00:00,202.149,202.485,198.19,200.077,39021
2026-04-30 16:00:00,200.078,200.774,199.392,200.132,33601
2026-04-30 20:00:00,200.13,200.468,199.981,200.446,19821
2026-05-01 00:00:00,200.284,201.301,199.919,201.029,11809
2026-05-01 04:00:00,201.031,201.341,200.932,201.085,15490
2026-05-01 08:00:00,201.084,201.107,199.417,200.433,22386
2026-05-01 12:00:00,200.437,200.896,200.252,200.774,18718
2026-05-01 16:00:00,200.767,201.232,200.322,201.118,28199
2026-05-01 20:00:00,201.115,201.144,200.85,200.874,16122
2026-05-04 00:00:00,200.566,200.96,200.39,200.955,9135
2026-05-04 04:00:00,200.955,201.348,199.633,200.721,20113
2026-05-04 08:00:00,200.718,200.952,200.36,200.609,19848
2026-05-04 12:00:00,200.611,200.696,200.347,200.672,23608
2026-05-04 16:00:00,200.67,200.845,200.449,200.451,28284
2026-05-04 20:00:00,200.455,200.746,199.945,200.597,18910
2026-05-05 00:00:00,200.426,200.582,200.252,200.437,7821
2026-05-05 04:00:00,200.439,200.608,200.41,200.452,11584
2026-05-05 08:00:00,200.449,200.913,200.422,200.765,17458
2026-05-05 12:00:00,200.762,201.429,200.631,201.335,19053
2026-05-05 16:00:00,201.336,201.795,201.326,201.556,22902
2026-05-05 20:00:00,201.559,201.773,201.544,201.603,12154
2026-05-06 00:00:00,201.596,201.821,201.306,201.7,12714
2026-05-06 04:00:00,201.697,202.014,199.005,200.014,21470
2026-05-06 08:00:00,199.99,200.527,199.685,200.259,26137
2026-05-06 12:00:00,200.258,200.549,200.049,200.533,29352
2026-05-06 16:00:00,200.537,200.779,200.14,200.602,26401
2026-05-06 20:00:00,200.605,200.928,200.578,200.768,16097
2026-05-07 00:00:00,200.633,200.95,200.46,200.645,11039
2026-05-07 04:00:00,200.641,200.791,200.493,200.704,16560
2026-05-07 08:00:00,200.705,201.048,200.604,201.042,19933
2026-05-07 12:00:00,201.043,201.192,200.976,201.054,18547
2026-05-07 16:00:00,201.05,201.338,201.031,201.247,24038
2026-05-07 20:00:00,201.248,201.302,200.968,200.995,21312
2026-05-08 00:00:00,200.869,201.128,200.664,201.101,11246
2026-05-08 04:00:00,201.101,201.152,200.875,201.108,13820
2026-05-08 08:00:00,201.107,201.395,201.053,201.364,16557
2026-05-08 12:00:00,201.366,201.489,201.191,201.425,15813
2026-05-08 16:00:00,201.42,201.619,201.28,201.616,21010
2026-05-08 20:00:00,201.611,201.907,201.577,201.727,12279
2026-05-11 00:00:00,201.056,201.824,200.987,201.738,9860
2026-05-11 04:00:00,201.737,201.848,201.536,201.573,12202
2026-05-11 08:00:00,201.574,201.958,201.555,201.79,13921
2026-05-11 12:00:00,201.787,201.899,201.672,201.892,14249
2026-05-11 16:00:00,201.892,202.136,201.851,202.035,17905
2026-05-11 20:00:00,202.035,202.101,201.986,202.04,10736
2026-05-12 00:00:00,201.805,202.109,201.767,202.053,7316
2026-05-12 04:00:00,202.054,202.169,202.019,202.067,12828
2026-05-12 08:00:00,202.068,202.276,201.22,201.89,20823
2026-05-12 12:00:00,201.888,201.937,201.54,201.868,18385
2026-05-12 16:00:00,201.87,201.889,201.544,201.705,22213
2026-05-12 20:00:00,201.705,201.934,201.681,201.883,12723
2026-05-13 00:00:00,201.868,202.124,201.535,202.081,6781
2026-05-13 04:00:00,202.085,202.119,201.895,202.004,10699
2026-05-13 08:00:00,202.008,202.074,201.607,201.691,12715
2026-05-13 12:00:00,201.688,201.925,201.507,201.616,15108
2026-05-13 16:00:00,201.622,201.764,201.511,201.689,19276
2026-05-13 20:00:00,201.688,201.938,201.678,201.906,12510
2026-05-14 00:00:00,201.663,201.985,201.51,201.978,7830
2026-05-14 04:00:00,201.977,202.066,201.368,201.924,12882
2026-05-14 08:00:00,201.927,202.144,201.817,201.925,15876
2026-05-14 12:00:00,201.928,202.064,201.753,201.99,14988
2026-05-14 16:00:00,201.989,202.095,201.169,201.941,23304
2026-05-14 20:00:00,201.944,202.08,201.875,202.048,11769
2026-05-15 00:00:00,202.018,202.082,201.83,201.924,7787
2026-05-15 04:00:00,201.926,201.946,201.69,201.749,15764
2026-05-15 08:00:00,201.752,201.952,201.586,201.809,21635
2026-05-15 12:00:00,201.805,201.988,201.477,201.568,22227
2026-05-15 16:00:00,201.569,201.951,201.524,201.759,24339
2026-05-15 20:00:00,201.771,201.853,201.622,201.713,15908
2026-05-18 00:00:00,201.433,201.94,201.333,201.843,10654
2026-05-18 04:00:00,201.84,202.192,201.745,202.032,16577
2026-05-18 08:00:00,202.035,202.416,201.958,202.354,19442
2026-05-18 12:00:00,202.352,202.388,202.07,202.142,19067
2026-05-18 16:00:00,202.143,202.521,202.04,202.503,24535
2026-05-18 20:00:00,202.502,202.588,202.345,202.474,16720
2026-05-19 00:00:00,202.056,202.571,202.056,202.485,6947
2026-05-19 04:00:00,202.486,202.495,202.237,202.307,13009
2026-05-19 08:00:00,202.305,202.555,202.148,202.236,15995
2026-05-19 12:00:00,202.234,202.245,201.514,201.893,18209
2026-05-19 16:00:00,201.894,201.919,201.08,201.299,26801
2026-05-19 20:00:00,201.297,201.66,201.295,201.611,13771
2026-05-20 00:00:00,201.401,201.687,201.306,201.413,8586
2026-05-20 04:00:00,201.408,201.468,201.144,201.245,16600
2026-05-20 08:00:00,201.247,201.31,201.086,201.252,17680
2026-05-20 12:00:00,201.249,201.359,201.132,201.163,14495
2026-05-20 16:00:00,201.164,201.856,201.148,201.756,27673
2026-05-20 20:00:00,201.758,201.93,201.72,201.857,16008
2026-05-21 00:00:00,201.723,201.884,201.578,201.837,8847
2026-05-21 04:00:00,201.834,202.049,201.798,202.037,13115
2026-05-21 08:00:00,202.038,202.222,201.715,201.995,17949
2026-05-21 12:00:00,201.989,202.287,201.687,201.779,19850
2026-05-21 16:00:00,201.767,201.818,201.525,201.728,24109
2026-05-21 20:00:00,201.729,202.16,201.71,202.073,21104
2026-05-22 00:00:00,201.933,202.196,201.727,202.147,6174
2026-05-22 04:00:00,202.154,202.274,202.09,202.269,9327
2026-05-22 08:00:00,202.266,202.469,202.028,202.331,14078
2026-05-22 12:00:00,202.331,202.519,202.178,202.42,14145
2026-05-22 16:00:00,202.425,202.953,202.2,202.93,20817
2026-05-22 20:00:00,202.93,203.004,202.684,202.699,13562
2026-05-25 00:00:00,202.255,203.241,202.252,203.075,8952
2026-05-25 04:00:00,203.074,203.184,203.033,203.153,9820
2026-05-25 08:00:00,203.151,203.364,203.151,203.292,11298
2026-05-25 12:00:00,203.288,203.477,203.261,203.434,9282
2026-05-25 16:00:00,203.434,203.455,202.821,202.916,10672
2026-05-25 20:00:00,202.915,203.071,202.898,203.025,3553
2026-05-26 00:00:00,202.852,203.038,202.686,202.93,7616
2026-05-26 04:00:00,202.927,203.008,202.803,202.927,10027
2026-05-26 08:00:00,202.924,203.037,202.633,202.907,14403
2026-05-26 12:00:00,202.906,203.006,202.669,202.805,14065
2026-05-26 16:00:00,202.804,202.946,202.608,202.734,18640
2026-05-26 20:00:00,202.736,202.802,202.694,202.731,9000
2026-05-27 00:00:00,202.573,202.876,202.474,202.841,6131
2026-05-27 04:00:00,202.838,202.863,202.687,202.811,10388
2026-05-27 08:00:00,202.809,203.079,202.725,202.749,12721
2026-05-27 12:00:00,202.744,203.15,202.66,202.997,15154
2026-05-27 16:00:00,202.999,203.147,202.536,202.772,21366
2026-05-27 20:00:00,202.774,202.79,202.611,202.631,10792
2026-05-28 00:00:00,202.483,202.716,202.42,202.513,7500
2026-05-28 04:00:00,202.524,202.524,201.982,202.104,13419
2026-05-28 08:00:00,202.101,202.526,202.053,202.125,14182
2026-05-28 12:00:00,202.124,202.547,201.836,202.541,15286
2026-05-28 16:00:00,202.543,203.163,202.453,203.121,23891
2026-05-28 20:00:00,203.119,203.201,203.049,203.121,12851
2026-05-29 00:00:00,202.969,203.263,202.86,203.205,6157
2026-05-29 04:00:00,203.206,203.364,203.078,203.152,10488
2026-05-29 08:00:00,203.154,203.303,202.973,203.088,13531
2026-05-29 12:00:00,203.089,203.817,203.079,203.812,14427
2026-05-29 16:00:00,203.81,204.197,203.497,203.739,22269
2026-05-29 20:00:00,203.74,204.184,203.536,203.803,13276
2026-06-01 00:00:00,203.838,203.972,203.652,203.699,9571
2026-06-01 04:00:00,203.7,203.742,203.564,203.644,10947
2026-06-01 08:00:00,203.645,203.881,203.501,203.605,13702
2026-06-01 12:00:00,203.604,203.651,203.11,203.132,13483
2026-06-01 16:00:00,203.131,203.161,202.491,202.945,25516
2026-06-01 20:00:00,202.943,203.148,202.849,202.954,11435
2026-06-02 00:00:00,202.79,203.033,202.646,202.886,7129
2026-06-02 04:00:00,202.885,203.164,202.875,203.151,10244
2026-06-02 08:00:00,203.155,203.586,203.069,203.227,13540
2026-06-02 12:00:00,203.229,203.49,203.17,203.347,12029
2026-06-02 16:00:00,203.35,203.473,203.011,203.133,16389
2026-06-02 20:00:00,203.136,203.254,202.909,203.11,9263
2026-06-03 00:00:00,203.034,203.191,202.87,203.027,7457
2026-06-03 04:00:00,203.027,203.037,202.75,202.805,10381
2026-06-03 08:00:00,202.803,202.836,201.945,202.343,17885
2026-06-03 12:00:00,202.343,202.694,202.29,202.333,14942
2026-06-03 16:00:00,202.33,202.534,201.93,202.009,21410
2026-06-03 20:00:00,202.019,202.106,201.885,202.066,9851
2026-06-04 00:00:00,201.973,202.217,201.811,202.082,11457
2026-06-04 04:00:00,202.086,202.285,201.787,202.192,13089
2026-06-04 08:00:00,202.191,202.272,201.837,202.124,15950
2026-06-04 12:00:00,202.128,203.077,202.128,202.947,17877
2026-06-04 16:00:00,202.944,203.007,202.739,202.774,17221
2026-06-04 20:00:00,202.774,202.806,202.624,202.659,8637
2026-06-05 00:00:00,202.598,202.79,202.435,202.693,8625
2026-06-05 04:00:00,202.692,202.727,202.566,202.699,10427
2026-06-05 08:00:00,202.701,203.128,202.643,202.938,12556
2026-06-05 12:00:00,202.935,203.12,201.996,201.996,16359
2026-06-05 16:00:00,202.0,202.158,201.347,201.515,28089
2026-06-05 20:00:00,201.513,201.523,201.018,201.156,14681
2026-06-08 00:00:00,201.27,201.457,200.917,201.445,9906
2026-06-08 04:00:00,201.447,201.492,200.949,201.228,15870
2026-06-08 08:00:00,201.228,201.342,200.312,200.495,20313
2026-06-08 12:00:00,200.493,200.996,200.351,200.99,20990
2026-06-08 16:00:00,200.993,201.257,200.749,200.828,22424
2026-06-08 20:00:00,200.827,200.935,200.687,200.714,13963
2026-06-09 00:00:00,200.669,200.787,200.558,200.771,7808
2026-06-09 04:00:00,200.771,201.028,200.726,201.0,13209
2026-06-09 08:00:00,200.998,201.158,200.92,201.105,17692
2026-06-09 12:00:00,201.104,201.397,201.056,201.306,12980
2026-06-09 16:00:00,201.308,201.473,200.748,200.915,25569
2026-06-09 20:00:00,200.915,201.086,200.818,200.845,16151
2026-06-10 00:00:00,200.772,200.831,200.624,200.756,9325
2026-06-10 04:00:00,200.759,200.773,200.563,200.675,14866
2026-06-10 08:00:00,200.671,201.085,200.645,200.81,15967
2026-06-10 12:00:00,200.813,201.221,200.617,200.984,20057
2026-06-10 16:00:00,200.986,201.301,200.773,200.972,25187
2026-06-10 20:00:00,200.973,201.016,200.631,200.642,14838
2026-06-11 00:00:00,200.58,200.849,200.496,200.827,12580
2026-06-11 04:00:00,200.83,201.07,200.83,201.035,15146
2026-06-11 08:00:00,201.036,201.092,200.618,200.639,15442
2026-06-11 12:00:00,200.634,200.963,200.499,200.896,16287
2026-06-11 16:00:00,200.913,200.92,200.401,200.407,21191
2026-06-11 20:00:00,200.406,201.292,200.33,201.229,25074
2026-06-12 00:00:00,201.066,201.442,200.873,201.242,11423
2026-06-12 04:00:00,201.245,201.397,201.148,201.355,14663
2026-06-12 08:00:00,201.355,201.393,201.072,201.195,19940
2026-06-12 12:00:00,201.192,201.277,200.941,201.026,19755
2026-06-12 16:00:00,201.028,201.273,200.902,201.154,24823
2026-06-12 20:00:00,201.152,201.195,200.9,200.919,11667
2026-06-15 00:00:00,200.896,201.592,200.589,201.5,13084
2026-06-15 04:00:00,201.498,201.732,201.451,201.716,11704
2026-06-15 08:00:00,201.719,201.931,201.561,201.838,15569
2026-06-15 12:00:00,201.841,202.082,201.774,201.998,14892
2026-06-15 16:00:00,201.997,202.084,201.778,201.877,18103
2026-06-15 20:00:00,201.875,201.948,201.721,201.733,9947
2026-06-16 00:00:00,201.656,201.789,201.566,201.644,6504
2026-06-16 04:00:00,201.643,201.668,201.307,201.394,13462
2026-06-16 08:00:00,201.393,201.78,201.337,201.761,16177
2026-06-16 12:00:00,201.763,201.888,201.528,201.657,14393
2026-06-16 16:00:00,201.654,202.412,201.579,202.339,19650
2026-06-16 20:00:00,202.34,202.39,202.205,202.281,9594
2026-06-17 00:00:00,202.039,202.37,202.028,202.324,7624
2026-06-17 04:00:00,202.327,202.373,202.212,202.331,9061
2026-06-17 08:00:00,202.331,202.599,202.19,202.304,13124
2026-06-17 12:00:00,202.305,202.453,202.029,202.232,13980
2026-06-17 16:00:00,202.228,202.246,201.905,201.943,18208
2026-06-17 20:00:00,201.94,202.125,200.591,200.856,28582
2026-06-18 00:00:00,200.691,201.21,200.575,201.159,10778
2026-06-18 04:00:00,201.157,201.255,200.999,201.112,12110
2026-06-18 08:00:00,201.114,201.21,200.22,200.345,17193
2026-06-18 12:00:00,200.359,200.38,199.923,200.167,21885
2026-06-18 16:00:00,200.168,200.694,199.98,200.642,25875
2026-06-18 20:00:00,200.642,200.908,199.794,200.569,17618
2026-06-19 00:00:00,200.411,200.635,200.136,200.2,10384
2026-06-19 04:00:00,200.199,200.249,199.583,199.627,14468
2026-06-19 08:00:00,199.625,200.155,199.507,200.15,18252
2026-06-19 12:00:00,200.153,200.239,199.743,199.843,15012
2026-06-19 16:00:00,199.843,199.863,199.464,199.77,14359
2026-06-19 20:00:00,199.767,199.976,199.73,199.745,12275
2026-06-22 00:00:00,199.564,199.909,199.479,199.889,8987
2026-06-22 04:00:00,199.89,200.091,199.816,199.948,14733
2026-06-22 08:00:00,199.948,200.237,199.9,200.219,17284
2026-06-22 12:00:00,200.229,200.398,200.009,200.098,17926
2026-06-22 16:00:00,200.094,200.146,199.357,199.689,27083
2026-06-22 20:00:00,199.69,199.88,199.468,199.833,12497
2026-06-23 00:00:00,199.696,199.886,199.59,199.828,8215
2026-06-23 04:00:00,199.827,199.895,199.667,199.71,13146
2026-06-23 08:00:00,199.711,200.045,199.271,199.351,20945
2026-06-23 12:00:00,199.351,199.658,199.173,199.629,18567
2026-06-23 16:00:00,199.626,199.978,199.37,199.441,22005
2026-06-23 20:00:00,199.44,199.598,199.306,199.598,11733
2026-06-24 00:00:00,199.172,199.619,199.069,199.52,8028
2026-06-24 04:00:00,199.52,199.53,199.202,199.249,13754
2026-06-24 08:00:00,199.253,199.422,199.062,199.313,15984
2026-06-24 12:00:00,199.31,199.347,198.727,198.805,17968
2026-06-24 16:00:00,198.814,199.316,198.703,199.235,22963
2026-06-24 20:00:00,199.234,199.264,199.042,199.17,15323
2026-06-25 00:00:00,199.054,199.159,198.896,199.04,8983
2026-06-25 04:00:00,199.043,199.501,199.025,199.445,13942
2026-06-25 08:00:00,199.447,199.678,199.203,199.537,16172
2026-06-25 12:00:00,199.539,199.588,198.89,199.26,17138
2026-06-25 16:00:00,199.259,199.853,199.217,199.714,26335
2026-06-25 20:00:00,199.716,199.869,199.676,199.691,14107
2026-06-26 00:00:00,199.561,199.753,199.508,199.697,8769
2026-06-26 04:00:00,199.697,199.916,199.463,199.863,14850
2026-06-26 08:00:00,199.859,200.088,199.72,199.882,18635
2026-06-26 12:00:00,199.88,200.294,199.732,200.258,17047
2026-06-26 16:00:00,200.255,200.353,199.756,199.836,22026
2026-06-26 20:00:00,199.835,199.908,199.546,199.577,11417
2026-06-29 00:00:00,199.481,199.759,199.476,199.741,8021
2026-06-29 04:00:00,199.74,199.858,199.661,199.767,11898
2026-06-29 08:00:00,199.764,200.124,199.759,200.04,13267
2026-06-29 12:00:00,200.041,200.274,200.029,200.165,14504
2026-06-29 16:00:00,200.168,200.524,200.12,200.479,20753
2026-06-29 20:00:00,200.477,200.637,200.415,200.516,10009
2026-06-30 00:00:00,200.094,200.929,200.094,200.68,6917
2026-06-30 04:00:00,200.682,200.739,200.308,200.321,16207
2026-06-30 08:00:00,200.316,200.66,200.246,200.521,18789
2026-06-30 12:00:00,200.528,200.83,200.24,200.687,18362
2026-06-30 16:00:00,200.682,201.548,200.61,201.122,22642
2026-06-30 20:00:00,201.125,201.321,201.081,201.101,13199
2026-07-01 00:00:00,200.959,201.22,200.928,201.102,7264
2026-07-01 04:00:00,201.1,201.182,200.914,201.114,13617
2026-07-01 08:00:00,201.115,201.171,200.754,200.863,14003
2026-07-01 12:00:00,200.853,200.954,200.46,200.478,15829
2026-07-01 16:00:00,200.478,200.981,200.38,200.859,26626
2026-07-01 20:00:00,200.861,200.966,200.783,200.843,11398
2026-07-02 00:00:00,200.61,200.908,200.579,200.838,7412
2026-07-02 04:00:00,200.84,201.023,200.803,200.845,14114
2026-07-02 08:00:00,200.846,200.855,199.53,200.169,25977
2026-07-02 12:00:00,200.226,200.707,199.837,200.486,26490
2026-07-02 16:00:00,200.486,200.716,200.355,200.483,31734
2026-07-02 20:00:00,200.481,200.564,200.358,200.504,14695
2026-07-03 00:00:00,200.354,200.709,200.244,200.673,5786
2026-07-03 04:00:00,200.52,200.86,200.477,200.79,15630
2026-07-03 08:00:00,200.785,200.925,200.289,200.651,18266
2026-07-03 12:00:00,200.651,200.8,200.531,200.658,12811
2026-07-03 16:00:00,200.653,200.835,200.596,200.784,13102
2026-07-03 20:00:00,200.777,200.922,200.62,200.707,27456
2026-07-06,200.598,200.914,200.598,200.87,4427
2026-07-06 04:00:00,201.004,201.308,200.989,201.304,12853
2026-07-06 08:00:00,201.305,201.588,201.211,201.439,17297
2026-07-06 12:00:00,201.442,201.541,201.299,201.383,14557
2026-07-06 16:00:00,201.383,201.485,201.056,201.294,16331
2026-07-06 20:00:00,201.298,201.409,201.198,201.254,10929
2026-07-07 00:00:00,201.268,201.367,201.125,201.318,4063
2026-07-07 04:00:00,201.205,201.261,200.715,200.794,14123
2026-07-07 08:00:00,200.797,201.041,200.593,200.782,17339
2026-07-07 12:00:00,200.787,200.895,200.574,200.813,14458
2026-07-07 16:00:00,200.813,200.934,200.536,200.628,19328
2026-07-07 20:00:00,200.631,200.688,200.454,200.503,13987
2026-07-08 00:00:00,200.267,200.735,200.264,200.654,4419
2026-07-08 04:00:00,200.697,200.9,200.615,200.859,12451
2026-07-08 08:00:00,200.849,201.23,200.774,201.138,20450
2026-07-08 12:00:00,201.14,201.185,200.792,200.915,21098
2026-07-08 16:00:00,200.918,201.039,200.653,200.937,21784
2026-07-08 20:00:00,200.937,201.238,200.89,201.135,15171
2026-07-09 00:00:00,200.991,201.161,200.777,201.115,3113
2026-07-09 04:00:00,201.166,201.275,201.141,201.244,12367
2026-07-09 08:00:00,201.242,201.488,201.187,201.209,15790
2026-07-09 12:00:00,201.208,201.339,201.068,201.146,14558
2026-07-09 16:00:00,201.146,201.364,201.082,201.249,18000
2026-07-09 20:00:00,201.25,201.37,201.176,201.202,10988
2026-07-10 00:00:00,201.185,201.302,201.019,201.267,2551
2026-07-10 04:00:00,201.127,201.139,200.728,200.861,22096
2026-07-10 08:00:00,200.863,200.865,200.4,200.519,19802
2026-07-10 12:00:00,200.516,200.695,200.338,200.476,17068
2026-07-10 16:00:00,200.481,200.482,199.994,200.078,22530
2026-07-10 20:00:00,200.081,200.094,199.907,199.948,13494
2026-07-13,200.106,200.106,199.803,200.005,6599
2026-07-14,199.209,199.43,199.187,199.36,3386
2026-07-14 04:00:00,199.338,199.576,199.303,199.437,14654
2026-07-14 08:00:00,199.436,199.768,199.243,199.688,18025
2026-07-14 12:00:00,199.691,200.449,199.566,200.354,21911
2026-07-14 16:00:00,200.358,200.818,200.328,200.452,29979
2026-07-14 20:00:00,200.452,200.506,200.315,200.474,16004
2026-07-15 00:00:00,200.494,200.529,200.192,200.497,7450
2026-07-15 04:00:00,200.496,200.525,200.331,200.441,14505
2026-07-15 08:00:00,200.444,200.599,200.295,200.347,16122
2026-07-15 12:00:00,200.353,200.475,200.1,200.439,17156
2026-07-15 16:00:00,200.445,201.038,200.428,200.928,20329
2026-07-15 20:00:00,200.933,201.529,200.923,201.373,16676
2026-07-16 00:00:00,201.103,201.477,201.095,201.428,3712
