time,open,high,low,close,tick_volume
2024-01-02 00:00:00,0.5712,0.57169,0.5704,0.57127,397
2024-01-02 01:00:00,0.57127,0.57358,0.57127,0.5733,1495
2024-01-02 02:00:00,0.5733,0.57413,0.57327,0.57404,1075
2024-01-02 03:00:00,0.57404,0.57447,0.57368,0.57396,2160
2024-01-02 04:00:00,0.57397,0.57474,0.57388,0.57472,1830
2024-01-02 05:00:00,0.57474,0.57567,0.57448,0.57533,1345
2024-01-02 06:00:00,0.57536,0.5765,0.57527,0.57635,1298
2024-01-02 07:00:00,0.57636,0.57719,0.57634,0.57709,1755
2024-01-02 08:00:00,0.57709,0.57712,0.57626,0.57658,1568
2024-01-02 09:00:00,0.57658,0.57716,0.5763,0.57697,4076
2024-01-02 10:00:00,0.57694,0.5772,0.57608,0.57684,4562
2024-01-02 11:00:00,0.57685,0.57813,0.57664,0.57721,4064
2024-01-02 12:00:00,0.5772,0.57833,0.57713,0.57753,3953
2024-01-02 13:00:00,0.57751,0.57818,0.5768,0.57805,4586
2024-01-02 14:00:00,0.57806,0.57809,0.5762,0.57635,3962
2024-01-02 15:00:00,0.57634,0.57635,0.57538,0.57584,4802
2024-01-02 16:00:00,0.57589,0.57614,0.57448,0.57459,6132
2024-01-02 17:00:00,0.57458,0.57518,0.57386,0.57436,6721
2024-01-02 18:00:00,0.57434,0.57477,0.57373,0.57436,3849
2024-01-02 19:00:00,0.57437,0.57589,0.57433,0.5758,2908
2024-01-02 20:00:00,0.57579,0.5758,0.57515,0.57517,2291
2024-01-02 21:00:00,0.57515,0.57519,0.57421,0.57431,2018
2024-01-02 22:00:00,0.5743,0.57463,0.57398,0.57458,2710
2024-01-02 23:00:00,0.57458,0.57501,0.57294,0.57452,860
2024-01-03 00:00:00,0.57443,0.57521,0.57233,0.57515,1832
2024-01-03 01:00:00,0.57516,0.5753,0.57486,0.57517,933
2024-01-03 02:00:00,0.57518,0.57523,0.57422,0.5743,1015
2024-01-03 03:00:00,0.57429,0.57464,0.57384,0.57397,2370
2024-01-03 04:00:00,0.57396,0.57413,0.57358,0.57406,1659
2024-01-03 05:00:00,0.57405,0.57455,0.57394,0.5745,1719
2024-01-03 06:00:00,0.57449,0.57485,0.5743,0.57431,1215
2024-01-03 07:00:00,0.57428,0.57495,0.57395,0.5749,1407
2024-01-03 08:00:00,0.5749,0.57535,0.57467,0.57528,1313
2024-01-03 09:00:00,0.57532,0.57563,0.57418,0.57425,3441
2024-01-03 10:00:00,0.57424,0.57496,0.57365,0.5747,4201
2024-01-03 11:00:00,0.57471,0.57501,0.57383,0.57462,3684
2024-01-03 12:00:00,0.57462,0.57553,0.57428,0.57505,2728
2024-01-03 13:00:00,0.57507,0.57598,0.57457,0.5751,3641
2024-01-03 14:00:00,0.57513,0.57516,0.57411,0.57424,3950
2024-01-03 15:00:00,0.57425,0.57427,0.5726,0.57261,4358
2024-01-03 16:00:00,0.57264,0.57378,0.57217,0.57341,5288
2024-01-03 17:00:00,0.57308,0.57426,0.5716,0.57218,8273
2024-01-03 18:00:00,0.57215,0.57306,0.57205,0.57268,5684
2024-01-03 19:00:00,0.57268,0.57286,0.57181,0.57232,3363
2024-01-03 20:00:00,0.57231,0.57258,0.57199,0.57224,2617
2024-01-03 21:00:00,0.57216,0.57298,0.57193,0.57241,5866
2024-01-03 22:00:00,0.5724,0.57242,0.57149,0.57155,4274
2024-01-03 23:00:00,0.57155,0.57172,0.57109,0.57109,1346
2024-01-04 00:00:00,0.57125,0.57174,0.56947,0.5713,1714
2024-01-04 01:00:00,0.57132,0.57192,0.57113,0.57187,1247
2024-01-04 02:00:00,0.57189,0.57204,0.57158,0.57194,1456
2024-01-04 03:00:00,0.57195,0.57257,0.57163,0.57229,1935
2024-01-04 04:00:00,0.57229,0.5724,0.57119,0.57151,1534
2024-01-04 05:00:00,0.57152,0.57236,0.57137,0.57189,1552
2024-01-04 06:00:00,0.57186,0.57232,0.57162,0.57225,1507
2024-01-04 07:00:00,0.57226,0.57289,0.57198,0.5727,1639
2024-01-04 08:00:00,0.57269,0.57348,0.57231,0.57284,2074
2024-01-04 09:00:00,0.57282,0.57359,0.57273,0.57288,3830
2024-01-04 10:00:00,0.57289,0.57408,0.57246,0.57367,4778
2024-01-04 11:00:00,0.57367,0.57385,0.57274,0.57276,3946
2024-01-04 12:00:00,0.57275,0.57283,0.57169,0.5727,3491
2024-01-04 13:00:00,0.57269,0.57299,0.57215,0.5723,2655
2024-01-04 14:00:00,0.57232,0.57236,0.57142,0.57158,3404
2024-01-04 15:00:00,0.57158,0.57254,0.57118,0.57146,4772
2024-01-04 16:00:00,0.57145,0.57173,0.56999,0.57044,5292
2024-01-04 17:00:00,0.57044,0.5711,0.56961,0.57011,5592
2024-01-04 18:00:00,0.57011,0.57066,0.57,0.57049,3742
2024-01-04 19:00:00,0.57049,0.57095,0.57017,0.57067,3288
2024-01-04 20:00:00,0.57067,0.57123,0.57034,0.57062,2221
2024-01-04 21:00:00,0.57063,0.57086,0.57026,0.57043,2240
2024-01-04 22:00:00,0.57043,0.57083,0.56986,0.56992,2130
2024-01-04 23:00:00,0.56987,0.57021,0.56968,0.57019,1105
2024-01-05 00:00:00,0.56999,0.5704,0.56824,0.5698,2252
2024-01-05 01:00:00,0.5698,0.57036,0.5698,0.57013,793
2024-01-05 02:00:00,0.57014,0.57033,0.56968,0.56983,1378
2024-01-05 03:00:00,0.56983,0.57005,0.56937,0.5699,2242
2024-01-05 04:00:00,0.56989,0.57069,0.56987,0.57022,1372
2024-01-05 05:00:00,0.57023,0.57046,0.5696,0.57005,1242
2024-01-05 06:00:00,0.57006,0.57048,0.56979,0.56982,974
2024-01-05 07:00:00,0.56983,0.57035,0.56935,0.57009,1291
2024-01-05 08:00:00,0.5701,0.57019,0.56957,0.56993,2137
2024-01-05 09:00:00,0.57001,0.57131,0.57001,0.57043,2883
2024-01-05 10:00:00,0.57043,0.57083,0.5697,0.57024,4002
2024-01-05 11:00:00,0.57024,0.57073,0.56955,0.56996,4200
2024-01-05 12:00:00,0.56996,0.57046,0.56942,0.56977,2942
2024-01-05 13:00:00,0.56975,0.57004,0.56937,0.56996,2341
2024-01-05 14:00:00,0.56996,0.57044,0.5697,0.57024,2138
2024-01-05 15:00:00,0.57023,0.5705,0.56839,0.57016,7022
2024-01-05 16:00:00,0.57018,0.57039,0.56903,0.5696,7513
2024-01-05 17:00:00,0.56962,0.57095,0.56951,0.57055,8455
2024-01-05 18:00:00,0.57054,0.57062,0.56973,0.57027,4711
2024-01-05 19:00:00,0.57026,0.57069,0.5698,0.57064,3641
2024-01-05 20:00:00,0.57063,0.57076,0.57016,0.57064,2446
2024-01-05 21:00:00,0.57066,0.57076,0.57016,0.57037,2007
2024-01-05 22:00:00,0.57038,0.57108,0.57035,0.57097,1624
2024-01-05 23:00:00,0.57099,0.57117,0.56943,0.56943,1561
2024-01-08 00:00:00,0.57023,0.57078,0.56868,0.57043,1708
2024-01-08 01:00:00,0.57043,0.57156,0.57031,0.57133,1032
2024-01-08 02:00:00,0.57132,0.5717,0.57129,0.57167,693
2024-01-08 03:00:00,0.57168,0.57232,0.57164,0.57187,1928
2024-01-08 04:00:00,0.57186,0.57201,0.5712,0.57127,1412
2024-01-08 05:00:00,0.57128,0.57166,0.57077,0.57093,1232
2024-01-08 06:00:00,0.57093,0.57094,0.57035,0.57055,998
2024-01-08 07:00:00,0.57055,0.5708,0.5703,0.57057,910
2024-01-08 08:00:00,0.57058,0.57113,0.57054,0.57086,1297
2024-01-08 09:00:00,0.57084,0.57109,0.56917,0.56983,3588
2024-01-08 10:00:00,0.56983,0.56991,0.56842,0.56922,5037
2024-01-08 11:00:00,0.56921,0.56996,0.56909,0.5698,4051
2024-01-08 12:00:00,0.5698,0.56986,0.56916,0.5692,3079
2024-01-08 13:00:00,0.5692,0.56971,0.56885,0.56902,2653
2024-01-08 14:00:00,0.56901,0.56907,0.56815,0.56854,2174
2024-01-08 15:00:00,0.56855,0.56876,0.56766,0.56778,3816
2024-01-08 16:00:00,0.56777,0.56844,0.56759,0.56823,4705
2024-01-08 17:00:00,0.5682,0.56869,0.56769,0.56779,4627
2024-01-08 18:00:00,0.56781,0.56883,0.56774,0.56876,3790
2024-01-08 19:00:00,0.56875,0.56894,0.56819,0.56853,2409
2024-01-08 20:00:00,0.56854,0.56924,0.56838,0.5692,1863
2024-01-08 21:00:00,0.56919,0.56953,0.56905,0.56937,2024
2024-01-08 22:00:00,0.56938,0.56955,0.56917,0.56949,1969
2024-01-08 23:00:00,0.56951,0.56998,0.56942,0.56981,1163
2024-01-09 00:00:00,0.5697,0.56992,0.56665,0.56944,1655
2024-01-09 01:00:00,0.56944,0.5699,0.56937,0.56957,852
2024-01-09 02:00:00,0.56953,0.57036,0.56934,0.56972,1758
2024-01-09 03:00:00,0.56973,0.57005,0.56948,0.56959,1922
2024-01-09 04:00:00,0.56957,0.57012,0.56954,0.56967,1399
2024-01-09 05:00:00,0.56968,0.57013,0.56938,0.56955,1317
2024-01-09 06:00:00,0.56954,0.56954,0.56878,0.56914,1353
2024-01-09 07:00:00,0.56914,0.56927,0.56851,0.5687,1161
2024-01-09 08:00:00,0.56871,0.56911,0.56852,0.56874,1493
2024-01-09 09:00:00,0.56872,0.56879,0.568,0.56842,2903
2024-01-09 10:00:00,0.56842,0.56966,0.56842,0.56948,4377
2024-01-09 11:00:00,0.56949,0.57006,0.56922,0.56959,3294
2024-01-09 12:00:00,0.56955,0.57018,0.56925,0.56974,2761
2024-01-09 13:00:00,0.56974,0.56987,0.56927,0.56965,1957
2024-01-09 14:00:00,0.56966,0.57007,0.56954,0.56997,2809
2024-01-09 15:00:00,0.56998,0.57026,0.56928,0.5693,4207
2024-01-09 16:00:00,0.5693,0.56962,0.56904,0.56944,5239
2024-01-09 17:00:00,0.56943,0.56975,0.5689,0.56953,5041
2024-01-09 18:00:00,0.56953,0.57002,0.56941,0.56965,3785
2024-01-09 19:00:00,0.56965,0.56966,0.56912,0.56941,2153
2024-01-09 20:00:00,0.5694,0.56985,0.56915,0.56985,2192
2024-01-09 21:00:00,0.56987,0.56991,0.56929,0.5697,2276
2024-01-09 22:00:00,0.56969,0.56991,0.56943,0.56981,2320
2024-01-09 23:00:00,0.5698,0.57022,0.56977,0.56985,965
2024-01-10 00:00:00,0.56981,0.57004,0.56911,0.56973,2061
2024-01-10 01:00:00,0.56973,0.57005,0.56936,0.56975,870
2024-01-10 02:00:00,0.56975,0.57063,0.5695,0.57004,1768
2024-01-10 03:00:00,0.57006,0.57095,0.57006,0.57081,1577
2024-01-10 04:00:00,0.57081,0.57132,0.57069,0.57091,1536
2024-01-10 05:00:00,0.5709,0.57162,0.57087,0.57122,1399
2024-01-10 06:00:00,0.57121,0.57145,0.57104,0.57114,918
2024-01-10 07:00:00,0.57115,0.57148,0.57102,0.57131,856
2024-01-10 08:00:00,0.5713,0.5715,0.57094,0.57102,1726
2024-01-10 09:00:00,0.57101,0.57145,0.57058,0.57104,3410
2024-01-10 10:00:00,0.57105,0.57163,0.5706,0.57143,3387
2024-01-10 11:00:00,0.57144,0.57192,0.57116,0.57161,3003
2024-01-10 12:00:00,0.57162,0.57179,0.57127,0.57138,2228
2024-01-10 13:00:00,0.57138,0.57184,0.57121,0.57173,2207
2024-01-10 14:00:00,0.57172,0.57225,0.57154,0.57164,2458
2024-01-10 15:00:00,0.57162,0.5718,0.57076,0.57104,3360
2024-01-10 16:00:00,0.57106,0.57121,0.5703,0.5703,4101
2024-01-10 17:00:00,0.5703,0.57045,0.56973,0.57005,4663
2024-01-10 18:00:00,0.57006,0.57017,0.56957,0.56965,2970
2024-01-10 19:00:00,0.56966,0.57012,0.56945,0.56984,2160
2024-01-10 20:00:00,0.56983,0.57038,0.56983,0.57031,2088
2024-01-10 21:00:00,0.57033,0.57057,0.57016,0.57049,1349
2024-01-10 22:00:00,0.57051,0.5707,0.57004,0.57004,2092
2024-01-10 23:00:00,0.57007,0.57023,0.56986,0.56994,838
2024-01-11 00:00:00,0.56991,0.57014,0.56839,0.56985,1184
2024-01-11 01:00:00,0.56985,0.57009,0.5697,0.57,711
2024-01-11 02:00:00,0.56999,0.57062,0.5697,0.5703,963
2024-01-11 03:00:00,0.57031,0.57097,0.57028,0.57057,1517
2024-01-11 04:00:00,0.57059,0.57107,0.57043,0.57052,1318
2024-01-11 05:00:00,0.57054,0.57121,0.57052,0.5711,1093
2024-01-11 06:00:00,0.57109,0.57124,0.5708,0.57085,955
2024-01-11 07:00:00,0.57084,0.57131,0.57079,0.57102,1040
2024-01-11 08:00:00,0.57105,0.5711,0.57034,0.57069,1208
2024-01-11 09:00:00,0.57067,0.57152,0.57058,0.571,2022
2024-01-11 10:00:00,0.57099,0.57171,0.57078,0.57094,2595
2024-01-11 11:00:00,0.57096,0.57135,0.5703,0.57098,2346
2024-01-11 12:00:00,0.57098,0.57129,0.57067,0.57112,2335
2024-01-11 13:00:00,0.57113,0.57126,0.57037,0.57058,2134
2024-01-11 14:00:00,0.57057,0.57063,0.5694,0.57052,2736
2024-01-11 15:00:00,0.57052,0.57073,0.56878,0.56969,7046
2024-01-11 16:00:00,0.56968,0.57054,0.56901,0.56937,7957
2024-01-11 17:00:00,0.56936,0.56948,0.5685,0.56922,7342
2024-01-11 18:00:00,0.56921,0.56968,0.5689,0.56911,6216
2024-01-11 19:00:00,0.56911,0.56958,0.56896,0.56935,5265
2024-01-11 20:00:00,0.56936,0.57047,0.56927,0.57045,2940
2024-01-11 21:00:00,0.57044,0.57052,0.56967,0.56989,3001
2024-01-11 22:00:00,0.56991,0.57035,0.56973,0.56996,3296
2024-01-11 23:00:00,0.56996,0.57027,0.5695,0.56964,1336
2024-01-12 00:00:00,0.56949,0.56993,0.5687,0.56955,3534
2024-01-12 01:00:00,0.56958,0.57023,0.56958,0.57011,2556
2024-01-12 02:00:00,0.57012,0.57079,0.57012,0.57053,1894
2024-01-12 03:00:00,0.57054,0.57159,0.57034,0.5715,2018
2024-01-12 04:00:00,0.5715,0.57168,0.57113,0.57151,2039
2024-01-12 05:00:00,0.57151,0.57178,0.57123,0.57141,1309
2024-01-12 06:00:00,0.57139,0.57145,0.57085,0.57123,1013
2024-01-12 07:00:00,0.57124,0.57125,0.57056,0.57066,1724
2024-01-12 08:00:00,0.57066,0.57121,0.57063,0.57086,1253
2024-01-12 09:00:00,0.57086,0.57133,0.57075,0.57124,3276
2024-01-12 10:00:00,0.57125,0.5719,0.57108,0.57126,3419
2024-01-12 11:00:00,0.57127,0.5721,0.57112,0.57193,3043
2024-01-12 12:00:00,0.57193,0.57203,0.57125,0.5714,3057
2024-01-12 13:00:00,0.57139,0.57143,0.57034,0.57073,3184
2024-01-12 14:00:00,0.57073,0.57133,0.57054,0.57108,3250
2024-01-12 15:00:00,0.57106,0.57199,0.57043,0.57154,6051
2024-01-12 16:00:00,0.57156,0.57169,0.57096,0.57112,6047
2024-01-12 17:00:00,0.57114,0.57129,0.57002,0.57008,6647
2024-01-12 18:00:00,0.57009,0.5709,0.56988,0.57026,4667
2024-01-12 19:00:00,0.57025,0.57063,0.57006,0.5706,3140
2024-01-12 20:00:00,0.5706,0.57088,0.57027,0.57028,1405
2024-01-12 21:00:00,0.57028,0.57041,0.57006,0.57012,1116
2024-01-12 22:00:00,0.5701,0.57027,0.56951,0.56951,1428
2024-01-12 23:00:00,0.56953,0.57024,0.56945,0.56967,2105
2024-01-15 00:00:00,0.56813,0.57037,0.56795,0.56985,1373
2024-01-15 01:00:00,0.56984,0.57085,0.56936,0.57082,1462
2024-01-15 02:00:00,0.57083,0.57106,0.57045,0.57067,1419
2024-01-15 03:00:00,0.57068,0.57114,0.57046,0.57105,1811
2024-01-15 04:00:00,0.57105,0.57142,0.57081,0.57117,1440
2024-01-15 05:00:00,0.57116,0.57128,0.57062,0.57065,738
2024-01-15 06:00:00,0.57066,0.57076,0.57021,0.57069,775
2024-01-15 07:00:00,0.57068,0.5707,0.56994,0.56996,692
2024-01-15 08:00:00,0.56995,0.57017,0.56968,0.57014,873
2024-01-15 09:00:00,0.57013,0.57013,0.56935,0.56965,2450
2024-01-15 10:00:00,0.56965,0.56965,0.56843,0.56861,2991
2024-01-15 11:00:00,0.56859,0.56921,0.56833,0.56846,2972
2024-01-15 12:00:00,0.56845,0.56898,0.56823,0.56888,2709
2024-01-15 13:00:00,0.56888,0.56921,0.56861,0.56891,1912
2024-01-15 14:00:00,0.56891,0.56915,0.56805,0.56812,2439
2024-01-15 15:00:00,0.56812,0.5687,0.56788,0.56826,2701
2024-01-15 16:00:00,0.56826,0.56934,0.56825,0.56878,3245
2024-01-15 17:00:00,0.56877,0.56967,0.56851,0.56951,2613
2024-01-15 18:00:00,0.56952,0.56961,0.56884,0.56945,1758
2024-01-15 19:00:00,0.56945,0.57006,0.56927,0.57003,1023
2024-01-15 20:00:00,0.57003,0.57009,0.56977,0.56991,210
2024-01-15 21:00:00,0.5699,0.57006,0.56983,0.56998,216
2024-01-15 22:00:00,0.56998,0.57003,0.56986,0.56991,203
2024-01-15 23:00:00,0.56989,0.57012,0.56958,0.56983,348
2024-01-16 00:00:00,0.56971,0.57003,0.56849,0.56964,3719
2024-01-16 01:00:00,0.56963,0.56984,0.56912,0.56924,1103
2024-01-16 02:00:00,0.56924,0.56934,0.56807,0.56807,2039
2024-01-16 03:00:00,0.56809,0.56852,0.56759,0.56835,2734
2024-01-16 04:00:00,0.56836,0.56842,0.56781,0.56796,2253
2024-01-16 05:00:00,0.56795,0.56823,0.56724,0.56726,1675
2024-01-16 06:00:00,0.56725,0.56772,0.56708,0.56762,1320
2024-01-16 07:00:00,0.56762,0.56809,0.56743,0.56807,1738
2024-01-16 08:00:00,0.56808,0.56884,0.56762,0.56869,1956
2024-01-16 09:00:00,0.56869,0.56923,0.56838,0.56854,3219
2024-01-16 10:00:00,0.56854,0.56933,0.56829,0.56889,5368
2024-01-16 11:00:00,0.56888,0.56946,0.56825,0.56832,4082
2024-01-16 12:00:00,0.56831,0.56841,0.56767,0.56818,3361
2024-01-16 13:00:00,0.56818,0.56827,0.56769,0.56805,3457
2024-01-16 14:00:00,0.56804,0.56829,0.56773,0.56821,3240
2024-01-16 15:00:00,0.56822,0.56875,0.5678,0.56809,5659
2024-01-16 16:00:00,0.56808,0.56863,0.56717,0.56764,6315
2024-01-16 17:00:00,0.56764,0.5677,0.56697,0.56725,5049
2024-01-16 18:00:00,0.56724,0.56805,0.5669,0.56759,7012
2024-01-16 19:00:00,0.56759,0.5677,0.5671,0.56727,4744
2024-01-16 20:00:00,0.56727,0.56733,0.56659,0.56664,2944
2024-01-16 21:00:00,0.56665,0.56702,0.56637,0.56697,2914
2024-01-16 22:00:00,0.56699,0.5672,0.56693,0.56703,2231
2024-01-16 23:00:00,0.56704,0.56729,0.56703,0.56721,1020
2024-01-17 00:00:00,0.56693,0.56747,0.5652,0.5674,4306
2024-01-17 01:00:00,0.5674,0.56766,0.56717,0.5676,995
2024-01-17 02:00:00,0.56761,0.56802,0.56732,0.56736,1706
2024-01-17 03:00:00,0.56735,0.56785,0.56715,0.56774,2478
2024-01-17 04:00:00,0.56772,0.56776,0.56679,0.56706,1996
2024-01-17 05:00:00,0.56706,0.56717,0.56631,0.56648,1779
2024-01-17 06:00:00,0.56648,0.56679,0.56629,0.56634,1217
2024-01-17 07:00:00,0.56635,0.56635,0.56546,0.56577,1718
2024-01-17 08:00:00,0.56578,0.56605,0.56509,0.56537,2738
2024-01-17 09:00:00,0.56535,0.56571,0.56484,0.56514,5115
2024-01-17 10:00:00,0.56512,0.56523,0.56411,0.56419,5306
2024-01-17 11:00:00,0.56418,0.56509,0.56388,0.56476,3599
2024-01-17 12:00:00,0.56478,0.56608,0.56416,0.56543,3741
2024-01-17 13:00:00,0.56542,0.5666,0.56542,0.56643,3236
2024-01-17 14:00:00,0.56645,0.56744,0.56642,0.56671,3546
2024-01-17 15:00:00,0.5667,0.56773,0.5663,0.56691,5258
2024-01-17 16:00:00,0.56693,0.56693,0.56576,0.56587,5378
2024-01-17 17:00:00,0.56588,0.56717,0.56564,0.56682,6353
2024-01-17 18:00:00,0.56682,0.56698,0.56612,0.56662,5101
2024-01-17 19:00:00,0.56663,0.56675,0.5658,0.56594,4082
2024-01-17 20:00:00,0.56593,0.5664,0.56578,0.566,3158
2024-01-17 21:00:00,0.56601,0.56644,0.56601,0.56625,2030
2024-01-17 22:00:00,0.56624,0.5664,0.56604,0.56626,1818
2024-01-17 23:00:00,0.56625,0.56645,0.56594,0.56632,1036
2024-01-18 00:00:00,0.56625,0.56658,0.56502,0.5661,1496
2024-01-18 01:00:00,0.56625,0.56637,0.56599,0.56626,941
2024-01-18 02:00:00,0.56626,0.56647,0.56415,0.56604,1874
2024-01-18 03:00:00,0.56604,0.56675,0.56593,0.56665,3008
2024-01-18 04:00:00,0.56666,0.56685,0.56626,0.56636,1753
2024-01-18 05:00:00,0.56637,0.56739,0.56618,0.56705,1793
2024-01-18 06:00:00,0.56706,0.56709,0.56665,0.56688,740
2024-01-18 07:00:00,0.56687,0.56709,0.56641,0.56698,1073
2024-01-18 08:00:00,0.56697,0.56745,0.56684,0.56718,2168
2024-01-18 09:00:00,0.56719,0.56736,0.56669,0.567,3073
2024-01-18 10:00:00,0.56701,0.56796,0.5667,0.56786,4424
2024-01-18 11:00:00,0.56785,0.56795,0.56708,0.56724,3655
2024-01-18 12:00:00,0.56722,0.56775,0.56713,0.56764,2853
2024-01-18 13:00:00,0.56764,0.56848,0.56751,0.56805,2496
2024-01-18 14:00:00,0.56806,0.56889,0.56805,0.56879,3159
2024-01-18 15:00:00,0.56879,0.56911,0.56813,0.56857,5498
2024-01-18 16:00:00,0.56858,0.56949,0.56857,0.56926,6343
2024-01-18 17:00:00,0.56926,0.57011,0.56917,0.56963,5882
2024-01-18 18:00:00,0.56964,0.57008,0.5693,0.56995,3951
2024-01-18 19:00:00,0.56994,0.57006,0.56934,0.56961,3233
2024-01-18 20:00:00,0.5696,0.57065,0.56946,0.57062,2710
2024-01-18 21:00:00,0.57062,0.57064,0.57021,0.57023,2737
2024-01-18 22:00:00,0.57022,0.57059,0.57009,0.57026,2379
2024-01-18 23:00:00,0.57025,0.57067,0.57014,0.57047,913
2024-01-19 00:00:00,0.57027,0.57083,0.56912,0.57064,3074
2024-01-19 01:00:00,0.57065,0.57135,0.57046,0.57127,1009
2024-01-19 02:00:00,0.57127,0.57186,0.57116,0.57163,1651
2024-01-19 03:00:00,0.57162,0.5718,0.571,0.57147,2029
2024-01-19 04:00:00,0.57146,0.57189,0.57097,0.57175,1448
2024-01-19 05:00:00,0.57175,0.57178,0.57129,0.57145,1277
2024-01-19 06:00:00,0.57149,0.57157,0.57107,0.57113,793
2024-01-19 07:00:00,0.57113,0.57132,0.57057,0.57078,1468
2024-01-19 08:00:00,0.57079,0.5712,0.57061,0.5709,1593
2024-01-19 09:00:00,0.57084,0.57144,0.57064,0.57124,2787
2024-01-19 10:00:00,0.57125,0.57198,0.57114,0.57172,3680
2024-01-19 11:00:00,0.57173,0.57306,0.57171,0.57305,2995
2024-01-19 12:00:00,0.57305,0.57349,0.5726,0.57326,2753
2024-01-19 13:00:00,0.57326,0.57342,0.5727,0.57339,2442
2024-01-19 14:00:00,0.57338,0.57364,0.57291,0.57298,2405
2024-01-19 15:00:00,0.57297,0.57335,0.57262,0.57268,3840
2024-01-19 16:00:00,0.57267,0.57275,0.57192,0.57208,4569
2024-01-19 17:00:00,0.57201,0.57239,0.57142,0.57208,6246
2024-01-19 18:00:00,0.57209,0.57235,0.57184,0.57207,4488
2024-01-19 19:00:00,0.57208,0.57316,0.57203,0.57281,2871
2024-01-19 20:00:00,0.57281,0.57304,0.57257,0.57276,1482
2024-01-19 21:00:00,0.57278,0.57326,0.57277,0.57317,2009
2024-01-19 22:00:00,0.57317,0.57328,0.57269,0.57281,1513
2024-01-19 23:00:00,0.57282,0.57307,0.57234,0.57242,980
2024-01-22 00:00:00,0.57085,0.5732,0.57081,0.57262,3845
2024-01-22 01:00:00,0.57254,0.57312,0.57246,0.57276,1378
2024-01-22 02:00:00,0.57277,0.57368,0.57263,0.57358,1647
2024-01-22 03:00:00,0.57359,0.57389,0.57293,0.57315,2832
2024-01-22 04:00:00,0.57315,0.57319,0.57256,0.57281,1982
2024-01-22 05:00:00,0.57282,0.5731,0.57237,0.57263,1134
2024-01-22 06:00:00,0.57264,0.57279,0.57213,0.5724,888
2024-01-22 07:00:00,0.57239,0.57241,0.57186,0.57199,1353
2024-01-22 08:00:00,0.57199,0.57218,0.57138,0.57213,2311
2024-01-22 09:00:00,0.57214,0.57268,0.57171,0.57266,3438
2024-01-22 10:00:00,0.57264,0.57269,0.57189,0.57198,4796
2024-01-22 11:00:00,0.57199,0.57199,0.57107,0.57159,3611
2024-01-22 12:00:00,0.57158,0.57229,0.57153,0.57209,2949
2024-01-22 13:00:00,0.57208,0.57255,0.57205,0.57214,2332
2024-01-22 14:00:00,0.57213,0.57247,0.57199,0.57239,3242
2024-01-22 15:00:00,0.5724,0.57263,0.57156,0.57161,3896
2024-01-22 16:00:00,0.57161,0.57284,0.57153,0.57271,3773
2024-01-22 17:00:00,0.57271,0.57301,0.57205,0.57274,4129
2024-01-22 18:00:00,0.57274,0.57296,0.5719,0.57197,3195
2024-01-22 19:00:00,0.57196,0.57213,0.57166,0.57182,2140
2024-01-22 20:00:00,0.57181,0.57182,0.57111,0.57127,2602
2024-01-22 21:00:00,0.57127,0.57143,0.57093,0.57099,2565
2024-01-22 22:00:00,0.57099,0.57113,0.57068,0.57088,2290
2024-01-22 23:00:00,0.57088,0.57095,0.57069,0.57089,842
2024-01-23 00:00:00,0.57087,0.57098,0.56972,0.57074,925
2024-01-23 01:00:00,0.57074,0.57124,0.57053,0.57106,1163
2024-01-23 02:00:00,0.57107,0.57188,0.571,0.57183,981
2024-01-23 03:00:00,0.57182,0.57226,0.57103,0.572,2236
2024-01-23 04:00:00,0.57196,0.57245,0.57126,0.57151,3137
2024-01-23 05:00:00,0.57149,0.57195,0.57102,0.5717,2981
2024-01-23 06:00:00,0.5717,0.57208,0.57146,0.57199,1659
2024-01-23 07:00:00,0.57202,0.57234,0.57166,0.57195,1691
2024-01-23 08:00:00,0.57193,0.57211,0.57152,0.57184,2509
2024-01-23 09:00:00,0.57182,0.57228,0.57167,0.57189,4230
2024-01-23 10:00:00,0.57189,0.57212,0.57155,0.57182,3498
2024-01-23 11:00:00,0.57181,0.5724,0.57153,0.5719,2792
2024-01-23 12:00:00,0.57189,0.57248,0.57152,0.57244,2541
2024-01-23 13:00:00,0.57242,0.57246,0.57163,0.57184,2349
2024-01-23 14:00:00,0.57183,0.5726,0.57183,0.57237,2513
2024-01-23 15:00:00,0.57237,0.57325,0.57234,0.57264,3220
2024-01-23 16:00:00,0.57264,0.57337,0.57237,0.57272,4180
2024-01-23 17:00:00,0.57271,0.57343,0.57202,0.57204,4421
2024-01-23 18:00:00,0.57204,0.57253,0.57174,0.57236,3703
2024-01-23 19:00:00,0.57235,0.57251,0.57105,0.57152,2573
2024-01-23 20:00:00,0.57153,0.57227,0.57131,0.57223,1857
2024-01-23 21:00:00,0.57224,0.5724,0.57197,0.57225,1647
2024-01-23 22:00:00,0.57225,0.57269,0.57219,0.57261,1525
2024-01-23 23:00:00,0.57262,0.57272,0.57223,0.57252,1289
2024-01-24 00:00:00,0.57242,0.57253,0.57131,0.57222,1256
2024-01-24 01:00:00,0.57223,0.57261,0.57204,0.57258,912
2024-01-24 02:00:00,0.57256,0.57258,0.57199,0.57225,1105
2024-01-24 03:00:00,0.57226,0.57226,0.57141,0.57149,2186
2024-01-24 04:00:00,0.57149,0.57156,0.57096,0.5711,1499
2024-01-24 05:00:00,0.5711,0.57127,0.57084,0.57112,1260
2024-01-24 06:00:00,0.57112,0.57132,0.57097,0.57128,1076
2024-01-24 07:00:00,0.57127,0.57131,0.57066,0.57117,1406
2024-01-24 08:00:00,0.57116,0.57145,0.57099,0.57122,1406
2024-01-24 09:00:00,0.57118,0.57188,0.57062,0.57131,3798
2024-01-24 10:00:00,0.57131,0.57194,0.57069,0.57121,4264
2024-01-24 11:00:00,0.5712,0.57166,0.57084,0.57084,3857
2024-01-24 12:00:00,0.5709,0.57122,0.56999,0.57024,2715
2024-01-24 13:00:00,0.57024,0.57078,0.56984,0.5707,2351
2024-01-24 14:00:00,0.57071,0.57071,0.56983,0.56989,2997
2024-01-24 15:00:00,0.56989,0.57025,0.56929,0.56955,4741
2024-01-24 16:00:00,0.56955,0.56998,0.56908,0.56962,5562
2024-01-24 17:00:00,0.56963,0.57018,0.56926,0.56979,6239
2024-01-24 18:00:00,0.56979,0.57008,0.56918,0.56953,5386
2024-01-24 19:00:00,0.56952,0.56984,0.56929,0.56943,2701
2024-01-24 20:00:00,0.56942,0.56949,0.56838,0.56848,4291
2024-01-24 21:00:00,0.56847,0.56855,0.56763,0.56783,3106
2024-01-24 22:00:00,0.56782,0.56801,0.56725,0.56755,3351
2024-01-24 23:00:00,0.56756,0.5677,0.5672,0.56722,1288
2024-01-25 00:00:00,0.56698,0.56747,0.5657,0.56712,1372
2024-01-25 01:00:00,0.56712,0.56767,0.56705,0.56742,1066
2024-01-25 02:00:00,0.56743,0.56816,0.56739,0.56804,1670
2024-01-25 03:00:00,0.56804,0.56822,0.56757,0.56808,2357
2024-01-25 04:00:00,0.56807,0.56835,0.56773,0.56804,2086
2024-01-25 05:00:00,0.56807,0.56855,0.56807,0.56844,1353
2024-01-25 06:00:00,0.56845,0.56866,0.56813,0.56838,867
2024-01-25 07:00:00,0.56837,0.56845,0.56804,0.5683,1174
2024-01-25 08:00:00,0.5683,0.56878,0.56819,0.56843,1460
2024-01-25 09:00:00,0.56844,0.56849,0.56779,0.56803,2768
2024-01-25 10:00:00,0.568,0.56851,0.56764,0.56785,3837
2024-01-25 11:00:00,0.56788,0.56885,0.56785,0.56857,3396
2024-01-25 12:00:00,0.56857,0.56949,0.56836,0.56945,2394
2024-01-25 13:00:00,0.56945,0.56991,0.56926,0.56976,2150
2024-01-25 14:00:00,0.56977,0.56987,0.56927,0.56945,1943
2024-01-25 15:00:00,0.56945,0.57129,0.56933,0.57129,6760
2024-01-25 16:00:00,0.5713,0.5719,0.57066,0.57109,7549
2024-01-25 17:00:00,0.57109,0.57174,0.57041,0.57104,6449
2024-01-25 18:00:00,0.57103,0.57127,0.57047,0.57067,4704
2024-01-25 19:00:00,0.57069,0.57091,0.57016,0.57048,3436
2024-01-25 20:00:00,0.57047,0.57077,0.5703,0.57047,4247
2024-01-25 21:00:00,0.57045,0.57087,0.57007,0.57084,3288
2024-01-25 22:00:00,0.57083,0.57099,0.57065,0.57082,2944
2024-01-25 23:00:00,0.57083,0.57096,0.57051,0.57076,1427
2024-01-26 00:00:00,0.57069,0.57104,0.57007,0.57077,1595
2024-01-26 01:00:00,0.57082,0.57093,0.57051,0.57069,1302
2024-01-26 02:00:00,0.57068,0.57102,0.57041,0.57092,1168
2024-01-26 03:00:00,0.57091,0.57147,0.57071,0.57087,2011
2024-01-26 04:00:00,0.57086,0.57136,0.57083,0.57113,1730
2024-01-26 05:00:00,0.57113,0.57126,0.57098,0.57126,1113
2024-01-26 06:00:00,0.57126,0.57143,0.5711,0.57113,913
2024-01-26 07:00:00,0.57114,0.57164,0.57111,0.57128,1166
2024-01-26 08:00:00,0.57127,0.57152,0.57082,0.57145,1665
2024-01-26 09:00:00,0.57146,0.57153,0.57091,0.57123,3403
2024-01-26 10:00:00,0.57122,0.57129,0.56992,0.57009,3467
2024-01-26 11:00:00,0.57008,0.57015,0.56929,0.57005,3350
2024-01-26 12:00:00,0.57003,0.57024,0.56919,0.56922,2666
2024-01-26 13:00:00,0.56921,0.56967,0.56868,0.56936,2605
2024-01-26 14:00:00,0.56938,0.57009,0.56935,0.56975,2297
2024-01-26 15:00:00,0.56975,0.57033,0.56937,0.5701,5916
2024-01-26 16:00:00,0.57012,0.57017,0.56811,0.56855,5611
2024-01-26 17:00:00,0.56854,0.56956,0.56839,0.56876,5416
2024-01-26 18:00:00,0.56875,0.56907,0.56837,0.56863,3460
2024-01-26 19:00:00,0.56864,0.56884,0.56823,0.5684,2166
2024-01-26 20:00:00,0.56839,0.56893,0.56832,0.56875,1940
2024-01-26 21:00:00,0.56876,0.56883,0.56823,0.56875,1646
2024-01-26 22:00:00,0.56875,0.56876,0.56816,0.56856,1158
2024-01-26 23:00:00,0.56853,0.5687,0.56669,0.56669,1298
2024-01-29 00:00:00,0.56592,0.56838,0.56538,0.56734,527
2024-01-29 01:00:00,0.56734,0.56853,0.56728,0.56848,1411
2024-01-29 02:00:00,0.56844,0.56862,0.56815,0.56846,1133
2024-01-29 03:00:00,0.56849,0.56934,0.56844,0.56911,1820
2024-01-29 04:00:00,0.5691,0.5691,0.56864,0.56897,1139
2024-01-29 05:00:00,0.56896,0.5692,0.56869,0.56903,820
2024-01-29 06:00:00,0.56904,0.56932,0.56874,0.56886,781
2024-01-29 07:00:00,0.56885,0.56929,0.56872,0.56916,1013
2024-01-29 08:00:00,0.56914,0.56944,0.56902,0.56912,1274
2024-01-29 09:00:00,0.56913,0.56933,0.56838,0.56908,2860
2024-01-29 10:00:00,0.56909,0.56955,0.56779,0.56801,3495
2024-01-29 11:00:00,0.56801,0.56895,0.56782,0.56886,3010
2024-01-29 12:00:00,0.56886,0.56932,0.56837,0.5693,1988
2024-01-29 13:00:00,0.56929,0.56988,0.56923,0.56946,2649
2024-01-29 14:00:00,0.56946,0.56983,0.56936,0.56971,2060
2024-01-29 15:00:00,0.56973,0.56992,0.56902,0.5696,2880
2024-01-29 16:00:00,0.5696,0.56969,0.56901,0.56924,3157
2024-01-29 17:00:00,0.56923,0.56979,0.56901,0.56942,4124
2024-01-29 18:00:00,0.5694,0.56972,0.56912,0.56962,3107
2024-01-29 19:00:00,0.56962,0.56973,0.56912,0.56941,2464
2024-01-29 20:00:00,0.56939,0.5696,0.56931,0.56946,1934
2024-01-29 21:00:00,0.56947,0.56959,0.5691,0.56916,2271
2024-01-29 22:00:00,0.56917,0.56969,0.56917,0.56945,3977
2024-01-29 23:00:00,0.56946,0.56948,0.56907,0.56933,1454
2024-01-30 00:00:00,0.56933,0.56954,0.5679,0.56952,3188
2024-01-30 01:00:00,0.56952,0.56986,0.56941,0.56964,881
2024-01-30 02:00:00,0.56965,0.57041,0.56946,0.57007,1967
2024-01-30 03:00:00,0.57007,0.57031,0.56972,0.56982,2375
2024-01-30 04:00:00,0.56981,0.56997,0.56955,0.56971,1132
2024-01-30 05:00:00,0.56969,0.56981,0.56944,0.56958,985
2024-01-30 06:00:00,0.56957,0.56979,0.56924,0.56927,1250
2024-01-30 07:00:00,0.56926,0.57008,0.56926,0.57005,1216
2024-01-30 08:00:00,0.57005,0.57013,0.56957,0.5698,1539
2024-01-30 09:00:00,0.5698,0.57012,0.56926,0.56962,3226
2024-01-30 10:00:00,0.56963,0.57013,0.56927,0.56938,4262
2024-01-30 11:00:00,0.56937,0.57012,0.56924,0.57001,2849
2024-01-30 12:00:00,0.57001,0.57013,0.5693,0.56934,2630
2024-01-30 13:00:00,0.56933,0.56961,0.56892,0.56892,2711
2024-01-30 14:00:00,0.56893,0.56906,0.56837,0.56854,2659
2024-01-30 15:00:00,0.56855,0.56896,0.56788,0.56795,4023
2024-01-30 16:00:00,0.56796,0.5687,0.56792,0.56819,4291
2024-01-30 17:00:00,0.56818,0.5686,0.56775,0.56812,6593
2024-01-30 18:00:00,0.56811,0.56905,0.56801,0.56865,3980
2024-01-30 19:00:00,0.56866,0.56907,0.56845,0.56858,3141
2024-01-30 20:00:00,0.56858,0.56898,0.56856,0.56885,2773
2024-01-30 21:00:00,0.56886,0.56916,0.5687,0.56904,2354
2024-01-30 22:00:00,0.56903,0.56911,0.56871,0.56877,2036
2024-01-30 23:00:00,0.56877,0.56911,0.56868,0.56892,1489
2024-01-31 00:00:00,0.5689,0.56903,0.56681,0.5689,1584
2024-01-31 01:00:00,0.5689,0.5689,0.5682,0.56833,687
2024-01-31 02:00:00,0.56834,0.5687,0.56721,0.56748,1645
2024-01-31 03:00:00,0.56749,0.56753,0.56643,0.56683,3456
2024-01-31 04:00:00,0.56684,0.56701,0.56595,0.56692,2983
2024-01-31 05:00:00,0.56692,0.56739,0.56679,0.567,1843
2024-01-31 06:00:00,0.567,0.56717,0.56677,0.56704,892
2024-01-31 07:00:00,0.56705,0.5671,0.56642,0.56656,1024
2024-01-31 08:00:00,0.56657,0.56681,0.56628,0.56668,1192
2024-01-31 09:00:00,0.56667,0.56783,0.56657,0.5677,3524
2024-01-31 10:00:00,0.56771,0.56863,0.56761,0.56831,4170
2024-01-31 11:00:00,0.56831,0.56837,0.56759,0.56796,4027
2024-01-31 12:00:00,0.56795,0.56834,0.56745,0.56822,2947
2024-01-31 13:00:00,0.56822,0.56834,0.5677,0.56776,2404
2024-01-31 14:00:00,0.56776,0.56838,0.56766,0.56791,2858
2024-01-31 15:00:00,0.5679,0.56838,0.56701,0.56811,5639
2024-01-31 16:00:00,0.56813,0.56868,0.56614,0.56621,6136
2024-01-31 17:00:00,0.56622,0.56745,0.56608,0.56726,7314
2024-01-31 18:00:00,0.56726,0.56773,0.56643,0.56665,4706
2024-01-31 19:00:00,0.56664,0.56721,0.56652,0.56693,3417
2024-01-31 20:00:00,0.56692,0.56733,0.56666,0.56693,3425
2024-01-31 21:00:00,0.56695,0.56801,0.56593,0.56727,9968
2024-01-31 22:00:00,0.5673,0.5673,0.56591,0.56596,7822
2024-01-31 23:00:00,0.56596,0.5663,0.56529,0.56565,2357
2024-02-01 00:00:00,0.56565,0.56585,0.56453,0.5657,1119
2024-02-01 01:00:00,0.5657,0.56611,0.5655,0.56592,1194
2024-02-01 02:00:00,0.56593,0.56718,0.5659,0.56691,1906
2024-02-01 03:00:00,0.56691,0.56711,0.56623,0.56655,2287
2024-02-01 04:00:00,0.56653,0.5671,0.56646,0.5667,1884
2024-02-01 05:00:00,0.56669,0.56716,0.56651,0.56652,1404
2024-02-01 06:00:00,0.56653,0.56656,0.56534,0.56557,1625
2024-02-01 07:00:00,0.56556,0.56557,0.56446,0.56458,2099
2024-02-01 08:00:00,0.56458,0.56498,0.56429,0.56432,1839
2024-02-01 09:00:00,0.56432,0.56489,0.56371,0.56442,3998
2024-02-01 10:00:00,0.56443,0.56445,0.56261,0.56291,3843
2024-02-01 11:00:00,0.5629,0.5635,0.56272,0.56311,3266
2024-02-01 12:00:00,0.56311,0.56352,0.56221,0.56241,3256
2024-02-01 13:00:00,0.56241,0.56252,0.56187,0.56216,3221
2024-02-01 14:00:00,0.56215,0.56318,0.56194,0.56269,3887
2024-02-01 15:00:00,0.56269,0.56271,0.5618,0.56226,4836
2024-02-01 16:00:00,0.56228,0.56319,0.56199,0.56314,5467
2024-02-01 17:00:00,0.56316,0.56392,0.56253,0.56374,7243
2024-02-01 18:00:00,0.56378,0.56388,0.5626,0.56319,6332
2024-02-01 19:00:00,0.56318,0.56386,0.56289,0.5638,4360
2024-02-01 20:00:00,0.56381,0.56409,0.56351,0.56388,4175
2024-02-01 21:00:00,0.56388,0.56399,0.56358,0.56359,3724
2024-02-01 22:00:00,0.56359,0.56377,0.5635,0.56373,2587
2024-02-01 23:00:00,0.56374,0.56389,0.56345,0.56367,1588
2024-02-02 00:00:00,0.56333,0.56373,0.56165,0.56339,1902
2024-02-02 01:00:00,0.5634,0.5639,0.5633,0.56379,847
2024-02-02 02:00:00,0.5638,0.56431,0.56374,0.56389,1288
2024-02-02 03:00:00,0.5639,0.56499,0.56382,0.56495,1686
2024-02-02 04:00:00,0.56496,0.56548,0.56486,0.56526,1622
2024-02-02 05:00:00,0.56527,0.56528,0.56488,0.56508,1241
2024-02-02 06:00:00,0.56509,0.56563,0.56502,0.56546,1201
2024-02-02 07:00:00,0.56546,0.56562,0.56513,0.56525,1371
2024-02-02 08:00:00,0.56526,0.56578,0.56478,0.56554,1995
2024-02-02 09:00:00,0.56553,0.56553,0.5649,0.56509,2663
2024-02-02 10:00:00,0.56508,0.56537,0.56461,0.56488,3071
2024-02-02 11:00:00,0.56488,0.5654,0.56468,0.56536,2583
2024-02-02 12:00:00,0.56534,0.56561,0.5649,0.56518,2270
2024-02-02 13:00:00,0.56518,0.56539,0.5649,0.56526,2223
2024-02-02 14:00:00,0.56527,0.56554,0.56521,0.56547,2561
2024-02-02 15:00:00,0.56547,0.56582,0.56356,0.56499,6270
2024-02-02 16:00:00,0.56499,0.56499,0.56342,0.56376,7517
2024-02-02 17:00:00,0.56372,0.56441,0.56326,0.56423,6291
2024-02-02 18:00:00,0.56423,0.56493,0.56377,0.5647,4417
2024-02-02 19:00:00,0.5647,0.56492,0.56413,0.56452,3198
2024-02-02 20:00:00,0.56454,0.56491,0.56448,0.56468,2131
2024-02-02 21:00:00,0.56468,0.56492,0.56451,0.56466,1575
2024-02-02 22:00:00,0.56467,0.56469,0.5642,0.56448,1297
2024-02-02 23:00:00,0.56449,0.56465,0.56396,0.5644,1253
2024-02-05 00:00:00,0.56308,0.56428,0.56291,0.56412,352
2024-02-05 01:00:00,0.56412,0.56429,0.56302,0.56395,2383
2024-02-05 02:00:00,0.56393,0.56419,0.563,0.56343,3677
2024-02-05 03:00:00,0.56345,0.56451,0.56322,0.56442,3031
2024-02-05 04:00:00,0.56443,0.56467,0.56397,0.56412,2062
2024-02-05 05:00:00,0.56411,0.56452,0.56386,0.56435,1542
2024-02-05 06:00:00,0.56433,0.56468,0.56419,0.5646,846
2024-02-05 07:00:00,0.56459,0.56555,0.56431,0.56535,1874
2024-02-05 08:00:00,0.56533,0.56556,0.56497,0.56528,1586
2024-02-05 09:00:00,0.56531,0.56577,0.56507,0.56519,2849
2024-02-05 10:00:00,0.5652,0.5656,0.56427,0.56546,3491
2024-02-05 11:00:00,0.56545,0.56588,0.5647,0.56562,3279
2024-02-05 12:00:00,0.56564,0.56605,0.56495,0.56513,3160
2024-02-05 13:00:00,0.56513,0.56567,0.56503,0.56528,2624
2024-02-05 14:00:00,0.56529,0.56529,0.56423,0.56424,2911
2024-02-05 15:00:00,0.56423,0.56508,0.56393,0.56506,3473
2024-02-05 16:00:00,0.56507,0.56518,0.56444,0.56444,4122
2024-02-05 17:00:00,0.56443,0.56443,0.56352,0.56403,6260
2024-02-05 18:00:00,0.56403,0.56447,0.5639,0.56418,3451
2024-02-05 19:00:00,0.56419,0.56459,0.5641,0.56432,2766
2024-02-05 20:00:00,0.56432,0.56459,0.56412,0.56426,2558
2024-02-05 21:00:00,0.56426,0.56435,0.56407,0.56416,1759
2024-02-05 22:00:00,0.56417,0.56448,0.56398,0.56428,2481
2024-02-05 23:00:00,0.56429,0.56457,0.5641,0.56442,848
2024-02-06 00:00:00,0.5644,0.56447,0.56376,0.56417,428
2024-02-06 01:00:00,0.56417,0.56443,0.56399,0.56421,642
2024-02-06 02:00:00,0.56423,0.56464,0.56413,0.56446,897
2024-02-06 03:00:00,0.56445,0.56537,0.56421,0.56537,1888
2024-02-06 04:00:00,0.56537,0.56558,0.56496,0.56497,1328
2024-02-06 05:00:00,0.56498,0.56633,0.56452,0.56573,2121
2024-02-06 06:00:00,0.56573,0.56685,0.56554,0.56651,1682
2024-02-06 07:00:00,0.5665,0.56694,0.56559,0.56607,1934
2024-02-06 08:00:00,0.56609,0.56648,0.56567,0.56641,1535
2024-02-06 09:00:00,0.5664,0.56676,0.56596,0.56605,3249
2024-02-06 10:00:00,0.56603,0.56655,0.56586,0.56608,3232
2024-02-06 11:00:00,0.56608,0.56677,0.56589,0.56675,3133
2024-02-06 12:00:00,0.56675,0.56705,0.56639,0.56645,2410
2024-02-06 13:00:00,0.56645,0.56655,0.56599,0.56653,2648
2024-02-06 14:00:00,0.56652,0.56717,0.56646,0.56706,2834
2024-02-06 15:00:00,0.56705,0.5672,0.5665,0.56672,4439
2024-02-06 16:00:00,0.56672,0.56775,0.5666,0.56716,4444
2024-02-06 17:00:00,0.56716,0.56742,0.56654,0.56687,5747
2024-02-06 18:00:00,0.56686,0.56736,0.56664,0.56695,4208
2024-02-06 19:00:00,0.56694,0.5677,0.56682,0.56747,3319
2024-02-06 20:00:00,0.56747,0.56756,0.5671,0.56724,3183
2024-02-06 21:00:00,0.56723,0.56735,0.567,0.56723,3188
2024-02-06 22:00:00,0.5672,0.56751,0.5672,0.56736,2288
2024-02-06 23:00:00,0.56737,0.56741,0.56698,0.56732,1775
2024-02-07 00:00:00,0.56733,0.56735,0.56682,0.56719,954
2024-02-07 01:00:00,0.56718,0.5677,0.56711,0.56761,1011
2024-02-07 02:00:00,0.56759,0.56792,0.56749,0.56772,1197
2024-02-07 03:00:00,0.56772,0.56842,0.56772,0.56833,2572
2024-02-07 04:00:00,0.56831,0.56847,0.56806,0.56822,1982
2024-02-07 05:00:00,0.56824,0.56841,0.56779,0.56779,1532
2024-02-07 06:00:00,0.56781,0.56805,0.56765,0.56774,984
2024-02-07 07:00:00,0.56775,0.56785,0.56741,0.56773,1559
2024-02-07 08:00:00,0.56774,0.56795,0.56739,0.56775,1729
2024-02-07 09:00:00,0.56774,0.56823,0.56756,0.56774,2719
2024-02-07 10:00:00,0.56774,0.56856,0.56768,0.5683,3388
2024-02-07 11:00:00,0.56832,0.56913,0.56825,0.56885,2379
2024-02-07 12:00:00,0.56886,0.56941,0.56854,0.56897,2814
2024-02-07 13:00:00,0.56894,0.57017,0.56872,0.56935,2358
2024-02-07 14:00:00,0.56935,0.56941,0.56869,0.56906,1953
2024-02-07 15:00:00,0.56907,0.56927,0.56847,0.56856,2902
2024-02-07 16:00:00,0.56856,0.56903,0.56835,0.56863,4806
2024-02-07 17:00:00,0.56863,0.56917,0.56854,0.56913,5509
2024-02-07 18:00:00,0.56913,0.56953,0.56896,0.56938,3941
2024-02-07 19:00:00,0.56939,0.57007,0.5692,0.56966,2671
2024-02-07 20:00:00,0.56967,0.57041,0.56957,0.57018,3724
2024-02-07 21:00:00,0.57019,0.57024,0.56963,0.57,2033
2024-02-07 22:00:00,0.56998,0.57005,0.56956,0.56977,1379
2024-02-07 23:00:00,0.56975,0.57031,0.56903,0.56985,1085
2024-02-08 00:00:00,0.56976,0.57029,0.56815,0.56999,1924
2024-02-08 01:00:00,0.56999,0.57064,0.56987,0.56993,949
2024-02-08 02:00:00,0.56992,0.57007,0.56979,0.5699,982
2024-02-08 03:00:00,0.56989,0.57028,0.56977,0.5699,1713
2024-02-08 04:00:00,0.5699,0.57003,0.56957,0.56964,1595
2024-02-08 05:00:00,0.56965,0.56985,0.56944,0.56952,1173
2024-02-08 06:00:00,0.56951,0.56981,0.56941,0.56951,1005
2024-02-08 07:00:00,0.56952,0.56957,0.56909,0.5693,1164
2024-02-08 08:00:00,0.56931,0.56941,0.56891,0.56938,1384
2024-02-08 09:00:00,0.56937,0.56964,0.56902,0.56945,2207
2024-02-08 10:00:00,0.56945,0.56951,0.56825,0.56841,2933
2024-02-08 11:00:00,0.5684,0.56854,0.56779,0.56814,2168
2024-02-08 12:00:00,0.56815,0.56838,0.5679,0.56818,2160
2024-02-08 13:00:00,0.56817,0.56829,0.56766,0.56801,2370
2024-02-08 14:00:00,0.56802,0.56807,0.56728,0.56787,2569
2024-02-08 15:00:00,0.56786,0.56816,0.56753,0.568,4108
2024-02-08 16:00:00,0.568,0.56809,0.56744,0.56761,3775
2024-02-08 17:00:00,0.56764,0.56795,0.56707,0.56727,4016
2024-02-08 18:00:00,0.56729,0.56733,0.56672,0.56685,3294
2024-02-08 19:00:00,0.56684,0.5674,0.56675,0.56736,2283
2024-02-08 20:00:00,0.56735,0.56754,0.567,0.56715,2617
2024-02-08 21:00:00,0.56715,0.56739,0.56705,0.56732,1580
2024-02-08 22:00:00,0.5673,0.56751,0.56717,0.56722,1566
2024-02-08 23:00:00,0.56722,0.56733,0.56685,0.56713,894
2024-02-09 00:00:00,0.5668,0.56727,0.56572,0.56715,1457
2024-02-09 01:00:00,0.56716,0.56761,0.56704,0.56761,590
2024-02-09 02:00:00,0.56759,0.56765,0.56691,0.56691,1677
2024-02-09 03:00:00,0.5669,0.56741,0.5669,0.56726,1627
2024-02-09 04:00:00,0.56727,0.56769,0.56711,0.56757,1099
2024-02-09 05:00:00,0.56756,0.56772,0.56732,0.56751,1148
2024-02-09 06:00:00,0.56757,0.56767,0.56739,0.56759,946
2024-02-09 07:00:00,0.56757,0.56778,0.5675,0.56767,817
2024-02-09 08:00:00,0.56769,0.5683,0.56765,0.56824,735
2024-02-09 09:00:00,0.56824,0.56925,0.56818,0.56888,2482
2024-02-09 10:00:00,0.56889,0.56949,0.5686,0.56946,2488
2024-02-09 11:00:00,0.56947,0.5702,0.56937,0.56985,2607
2024-02-09 12:00:00,0.56985,0.56989,0.56951,0.56973,2250
2024-02-09 13:00:00,0.56975,0.57015,0.56969,0.57008,1970
2024-02-09 14:00:00,0.57007,0.57033,0.56983,0.57019,2169
2024-02-09 15:00:00,0.5702,0.57078,0.56963,0.57049,5446
2024-02-09 16:00:00,0.57051,0.57083,0.56963,0.57015,4948
2024-02-09 17:00:00,0.57015,0.57056,0.57002,0.57046,3527
2024-02-09 18:00:00,0.57045,0.57063,0.56998,0.57009,2553
2024-02-09 19:00:00,0.57009,0.57041,0.56986,0.57027,1382
2024-02-09 20:00:00,0.57027,0.57059,0.57016,0.57055,891
2024-02-09 21:00:00,0.57056,0.57078,0.57044,0.57074,725
2024-02-09 22:00:00,0.57075,0.57088,0.57046,0.5706,1037
2024-02-09 23:00:00,0.57065,0.57081,0.56985,0.57033,808
2024-02-12 00:00:00,0.56937,0.57002,0.56843,0.56962,706
2024-02-12 01:00:00,0.56963,0.57049,0.56963,0.57037,1974
2024-02-12 02:00:00,0.57036,0.57084,0.57034,0.57065,1468
2024-02-12 03:00:00,0.57066,0.57069,0.57039,0.57047,1280
2024-02-12 04:00:00,0.57047,0.57061,0.57023,0.57032,727
2024-02-12 05:00:00,0.57031,0.57038,0.5698,0.57015,878
2024-02-12 06:00:00,0.57015,0.57036,0.56995,0.57,1056
2024-02-12 07:00:00,0.56997,0.57021,0.56993,0.57004,465
2024-02-12 08:00:00,0.57002,0.57032,0.56996,0.57023,576
2024-02-12 09:00:00,0.5702,0.57049,0.56962,0.56964,2321
2024-02-12 10:00:00,0.56962,0.57003,0.56942,0.56991,3104
2024-02-12 11:00:00,0.56994,0.57048,0.56975,0.57048,1934
2024-02-12 12:00:00,0.5705,0.57085,0.57047,0.57063,2107
2024-02-12 13:00:00,0.57064,0.57094,0.57056,0.57083,2101
2024-02-12 14:00:00,0.57083,0.57149,0.57075,0.5713,1678
2024-02-12 15:00:00,0.5713,0.57184,0.57111,0.57166,2447
2024-02-12 16:00:00,0.57164,0.57207,0.57149,0.57206,2741
2024-02-12 17:00:00,0.57206,0.57233,0.57189,0.57213,2942
2024-02-12 18:00:00,0.57213,0.57262,0.57191,0.5726,2751
2024-02-12 19:00:00,0.57259,0.57272,0.57229,0.57254,1836
2024-02-12 20:00:00,0.57254,0.57254,0.57217,0.57225,2057
2024-02-12 21:00:00,0.57226,0.57237,0.57165,0.5718,1833
2024-02-12 22:00:00,0.5718,0.57188,0.57166,0.57188,1882
2024-02-12 23:00:00,0.57187,0.57193,0.57166,0.57184,931
2024-02-13 00:00:00,0.57166,0.57197,0.56884,0.57157,2109
2024-02-13 01:00:00,0.57157,0.57189,0.57153,0.57179,548
2024-02-13 02:00:00,0.57179,0.57192,0.57145,0.57162,1355
2024-02-13 03:00:00,0.57161,0.57187,0.57161,0.57182,1286
2024-02-13 04:00:00,0.57183,0.57185,0.57128,0.57159,1232
2024-02-13 05:00:00,0.5716,0.57171,0.57123,0.57133,977
2024-02-13 06:00:00,0.57132,0.57144,0.57089,0.57098,616
2024-02-13 07:00:00,0.57099,0.57126,0.57075,0.57086,918
2024-02-13 08:00:00,0.57085,0.57119,0.57085,0.57114,1300
2024-02-13 09:00:00,0.57113,0.57392,0.57086,0.57354,3902
2024-02-13 10:00:00,0.57356,0.57442,0.5734,0.57387,3567
2024-02-13 11:00:00,0.57388,0.57421,0.5731,0.57319,2734
2024-02-13 12:00:00,0.57316,0.57378,0.57283,0.57377,2294
2024-02-13 13:00:00,0.57376,0.57429,0.57346,0.57399,1913
2024-02-13 14:00:00,0.57402,0.57408,0.57336,0.57378,2784
2024-02-13 15:00:00,0.57378,0.57391,0.57102,0.57279,6331
2024-02-13 16:00:00,0.57275,0.57309,0.57193,0.5723,7321
2024-02-13 17:00:00,0.57229,0.57327,0.57215,0.57261,6031
2024-02-13 18:00:00,0.57261,0.57339,0.57241,0.57246,3956
2024-02-13 19:00:00,0.57245,0.57288,0.57244,0.57271,2762
2024-02-13 20:00:00,0.5727,0.57272,0.57207,0.57219,2768
2024-02-13 21:00:00,0.57221,0.57229,0.57195,0.5722,2909
2024-02-13 22:00:00,0.5722,0.57257,0.57195,0.57255,1805
2024-02-13 23:00:00,0.57255,0.57262,0.57234,0.57245,1167
2024-02-14 00:00:00,0.57244,0.57264,0.57026,0.57247,1756
2024-02-14 01:00:00,0.57248,0.5727,0.57204,0.57266,1353
2024-02-14 02:00:00,0.57265,0.57265,0.57202,0.57241,1202
2024-02-14 03:00:00,0.5724,0.57255,0.57197,0.57252,1807
2024-02-14 04:00:00,0.57253,0.57256,0.57213,0.57249,1033
2024-02-14 05:00:00,0.57249,0.57277,0.57242,0.57272,865
2024-02-14 06:00:00,0.57271,0.57281,0.57257,0.5727,705
2024-02-14 07:00:00,0.57271,0.57306,0.57264,0.57301,1021
2024-02-14 08:00:00,0.57302,0.57357,0.57298,0.57349,1140
2024-02-14 09:00:00,0.57349,0.57423,0.57345,0.5742,3578
2024-02-14 10:00:00,0.57421,0.57498,0.57417,0.57496,2890
2024-02-14 11:00:00,0.57496,0.57532,0.57438,0.57463,2225
2024-02-14 12:00:00,0.57463,0.57496,0.57442,0.57473,2268
2024-02-14 13:00:00,0.57474,0.57494,0.57437,0.57448,2200
2024-02-14 14:00:00,0.57447,0.57499,0.57434,0.57458,2348
2024-02-14 15:00:00,0.57457,0.57484,0.57387,0.57387,3631
2024-02-14 16:00:00,0.57386,0.57489,0.57375,0.57469,4236
2024-02-14 17:00:00,0.57471,0.57495,0.57404,0.57489,3712
2024-02-14 18:00:00,0.57488,0.57489,0.57421,0.57431,3666
2024-02-14 19:00:00,0.57433,0.57452,0.57411,0.57451,3195
2024-02-14 20:00:00,0.57452,0.57494,0.57447,0.57455,2319
2024-02-14 21:00:00,0.57455,0.575,0.57437,0.57481,2003
2024-02-14 22:00:00,0.57482,0.57502,0.57471,0.57493,2571
2024-02-14 23:00:00,0.57495,0.57504,0.57425,0.57469,1013
2024-02-15 00:00:00,0.57473,0.57494,0.57364,0.5748,1189
2024-02-15 01:00:00,0.5748,0.57534,0.57471,0.57527,1365
2024-02-15 02:00:00,0.57527,0.57541,0.57383,0.57416,1736
2024-02-15 03:00:00,0.57415,0.57436,0.57367,0.57398,1750
2024-02-15 04:00:00,0.57398,0.57447,0.57362,0.57432,1330
2024-02-15 05:00:00,0.57434,0.57435,0.57407,0.57419,690
2024-02-15 06:00:00,0.57418,0.57434,0.57397,0.57405,539
2024-02-15 07:00:00,0.57404,0.57437,0.57391,0.57417,696
2024-02-15 08:00:00,0.57415,0.57446,0.57407,0.57432,1061
2024-02-15 09:00:00,0.57431,0.57452,0.57333,0.57392,3340
2024-02-15 10:00:00,0.57391,0.57463,0.57336,0.57353,2853
2024-02-15 11:00:00,0.57352,0.57384,0.57312,0.57364,2173
2024-02-15 12:00:00,0.57364,0.57409,0.57346,0.57394,2187
2024-02-15 13:00:00,0.57394,0.57425,0.57374,0.57391,1619
2024-02-15 14:00:00,0.57391,0.57403,0.5737,0.57376,1366
2024-02-15 15:00:00,0.57375,0.57473,0.57368,0.57436,5441
2024-02-15 16:00:00,0.57435,0.57435,0.57296,0.57353,6019
2024-02-15 17:00:00,0.57354,0.57395,0.57321,0.57362,5103
2024-02-15 18:00:00,0.57362,0.57368,0.57301,0.5731,4413
2024-02-15 19:00:00,0.5731,0.57346,0.57307,0.57315,2738
2024-02-15 20:00:00,0.57315,0.57361,0.57308,0.57331,2728
2024-02-15 21:00:00,0.5733,0.57399,0.57327,0.57388,2083
2024-02-15 22:00:00,0.57388,0.57397,0.57355,0.5739,2026
2024-02-15 23:00:00,0.57392,0.57414,0.57389,0.57406,1233
2024-02-16 00:00:00,0.57403,0.57427,0.57243,0.57412,1225
2024-02-16 01:00:00,0.57412,0.57423,0.57399,0.57412,731
2024-02-16 02:00:00,0.57413,0.57416,0.57342,0.57348,1058
2024-02-16 03:00:00,0.57347,0.57366,0.57308,0.5736,1979
2024-02-16 04:00:00,0.57359,0.57398,0.57333,0.57384,1470
2024-02-16 05:00:00,0.57385,0.57406,0.57373,0.574,916
2024-02-16 06:00:00,0.57401,0.57427,0.57385,0.57425,966
2024-02-16 07:00:00,0.57423,0.57446,0.57415,0.57425,806
2024-02-16 08:00:00,0.57426,0.57462,0.57424,0.57451,837
2024-02-16 09:00:00,0.57453,0.57519,0.57418,0.57501,2626
2024-02-16 10:00:00,0.57501,0.57504,0.57439,0.57453,2507
2024-02-16 11:00:00,0.57452,0.57511,0.57449,0.57472,1872
2024-02-16 12:00:00,0.57471,0.57528,0.57458,0.57481,1672
2024-02-16 13:00:00,0.57481,0.575,0.57423,0.5746,1435
2024-02-16 14:00:00,0.5746,0.57516,0.57452,0.57453,1542
2024-02-16 15:00:00,0.57455,0.57475,0.57392,0.57417,4656
2024-02-16 16:00:00,0.57418,0.57451,0.57382,0.57403,4864
2024-02-16 17:00:00,0.57403,0.57493,0.57393,0.57487,4814
2024-02-16 18:00:00,0.57488,0.57574,0.57477,0.57551,3051
2024-02-16 19:00:00,0.57551,0.57608,0.57549,0.57595,1858
2024-02-16 20:00:00,0.57593,0.57598,0.57557,0.5757,1607
2024-02-16 21:00:00,0.5757,0.57592,0.57541,0.57556,1926
2024-02-16 22:00:00,0.57556,0.57574,0.57533,0.57555,1947
2024-02-16 23:00:00,0.57554,0.5758,0.57413,0.57441,1799
2024-02-19 00:00:00,0.57276,0.57509,0.57259,0.57486,476
2024-02-19 01:00:00,0.57486,0.57573,0.57483,0.5757,1174
2024-02-19 02:00:00,0.57569,0.57621,0.57557,0.57578,1267
2024-02-19 03:00:00,0.57578,0.5764,0.57578,0.57596,2009
2024-02-19 04:00:00,0.57596,0.57608,0.57567,0.57578,1439
2024-02-19 05:00:00,0.57577,0.57638,0.57575,0.57628,1309
2024-02-19 06:00:00,0.57628,0.57647,0.57598,0.57646,1032
2024-02-19 07:00:00,0.57645,0.57657,0.57628,0.57633,1194
2024-02-19 08:00:00,0.57636,0.57685,0.57617,0.57666,1496
2024-02-19 09:00:00,0.57667,0.5767,0.57621,0.57664,1856
2024-02-19 10:00:00,0.57664,0.57676,0.57628,0.57662,1868
2024-02-19 11:00:00,0.57664,0.57666,0.57574,0.57627,2106
2024-02-19 12:00:00,0.57627,0.57627,0.57564,0.57586,1678
2024-02-19 13:00:00,0.57586,0.57589,0.57538,0.57538,1502
2024-02-19 14:00:00,0.57538,0.57603,0.57526,0.576,2195
2024-02-19 15:00:00,0.57599,0.57617,0.57575,0.57606,1925
2024-02-19 16:00:00,0.57606,0.57635,0.57601,0.57626,1948
2024-02-19 17:00:00,0.57626,0.5766,0.57608,0.57645,1997
2024-02-19 18:00:00,0.57644,0.57647,0.57608,0.57626,1336
2024-02-19 19:00:00,0.57625,0.57704,0.57617,0.57704,672
2024-02-19 20:00:00,0.57704,0.57708,0.57679,0.57691,617
2024-02-19 21:00:00,0.57692,0.57709,0.5769,0.57702,1059
2024-02-19 22:00:00,0.57701,0.57713,0.57695,0.57696,450
2024-02-19 23:00:00,0.57696,0.57707,0.57605,0.57679,600
2024-02-20 00:00:00,0.57666,0.57708,0.57441,0.57669,2832
2024-02-20 01:00:00,0.5767,0.57686,0.57636,0.57648,935
2024-02-20 02:00:00,0.57647,0.57671,0.57618,0.57648,1333
2024-02-20 03:00:00,0.57647,0.57697,0.57618,0.57651,2302
2024-02-20 04:00:00,0.5765,0.57666,0.57599,0.57606,1197
2024-02-20 05:00:00,0.57606,0.57639,0.57595,0.57623,1114
2024-02-20 06:00:00,0.57621,0.57659,0.57619,0.57636,553
2024-02-20 07:00:00,0.57635,0.57666,0.57618,0.57651,1238
2024-02-20 08:00:00,0.5765,0.57671,0.57634,0.57657,1047
2024-02-20 09:00:00,0.57658,0.57724,0.57656,0.57719,2034
2024-02-20 10:00:00,0.57721,0.57773,0.5768,0.57759,3006
2024-02-20 11:00:00,0.57758,0.57788,0.5773,0.57783,2552
2024-02-20 12:00:00,0.57782,0.57797,0.57735,0.57788,2435
2024-02-20 13:00:00,0.57788,0.57818,0.57771,0.57791,2192
2024-02-20 14:00:00,0.57792,0.57907,0.57792,0.57901,2475
2024-02-20 15:00:00,0.57903,0.57906,0.57789,0.5782,3892
2024-02-20 16:00:00,0.57821,0.57861,0.57758,0.57772,4798
2024-02-20 17:00:00,0.5777,0.57814,0.5772,0.57798,4979
2024-02-20 18:00:00,0.57797,0.57806,0.57724,0.5776,3911
2024-02-20 19:00:00,0.57761,0.57779,0.57703,0.57761,2512
2024-02-20 20:00:00,0.57762,0.5777,0.57722,0.57768,2538
2024-02-20 21:00:00,0.57769,0.57773,0.5773,0.57753,2989
2024-02-20 22:00:00,0.57752,0.57779,0.57743,0.57759,2874
2024-02-20 23:00:00,0.5776,0.57772,0.57726,0.57748,924
2024-02-21 00:00:00,0.57733,0.57761,0.57551,0.57718,1455
2024-02-21 01:00:00,0.57718,0.57792,0.57704,0.5779,1022
2024-02-21 02:00:00,0.57793,0.57809,0.57763,0.57785,1059
2024-02-21 03:00:00,0.57786,0.57791,0.57742,0.57785,1628
2024-02-21 04:00:00,0.57786,0.57825,0.57783,0.5782,1422
2024-02-21 05:00:00,0.57819,0.57874,0.57819,0.57849,1224
2024-02-21 06:00:00,0.57848,0.57857,0.5783,0.57855,755
2024-02-21 07:00:00,0.57855,0.57881,0.57827,0.57852,1150
2024-02-21 08:00:00,0.57849,0.57854,0.57793,0.57817,1324
2024-02-21 09:00:00,0.57817,0.57884,0.57804,0.57823,2505
2024-02-21 10:00:00,0.57826,0.57854,0.57755,0.57756,3173
2024-02-21 11:00:00,0.57756,0.57795,0.57691,0.57707,3024
2024-02-21 12:00:00,0.57707,0.57739,0.57681,0.57734,2126
2024-02-21 13:00:00,0.57733,0.57735,0.57667,0.57672,2106
2024-02-21 14:00:00,0.5767,0.57703,0.57641,0.57669,2398
2024-02-21 15:00:00,0.57671,0.57708,0.57654,0.57665,2803
2024-02-21 16:00:00,0.57665,0.57693,0.57628,0.57635,2961
2024-02-21 17:00:00,0.57636,0.57665,0.57603,0.57632,2774
2024-02-21 18:00:00,0.57631,0.57644,0.57547,0.57584,2815
2024-02-21 19:00:00,0.57586,0.57611,0.57568,0.57588,2115
2024-02-21 20:00:00,0.57592,0.57596,0.57557,0.57564,2251
2024-02-21 21:00:00,0.57563,0.57596,0.57542,0.57586,3212
2024-02-21 22:00:00,0.57583,0.57603,0.57544,0.576,2203
2024-02-21 23:00:00,0.57601,0.57632,0.57572,0.576,1793
2024-02-22 00:00:00,0.57589,0.57615,0.57404,0.57596,1631
2024-02-22 01:00:00,0.57601,0.57633,0.57591,0.57617,1145
2024-02-22 02:00:00,0.57617,0.57648,0.57604,0.57608,1507
2024-02-22 03:00:00,0.57608,0.57642,0.57567,0.57577,2067
2024-02-22 04:00:00,0.57575,0.57592,0.5752,0.57586,1786
2024-02-22 05:00:00,0.57587,0.57589,0.57557,0.57559,1890
2024-02-22 06:00:00,0.57558,0.57609,0.57551,0.57601,1412
2024-02-22 07:00:00,0.57603,0.5762,0.5756,0.57605,1540
2024-02-22 08:00:00,0.57605,0.57688,0.57595,0.57663,1460
2024-02-22 09:00:00,0.57662,0.57725,0.57648,0.57718,2799
2024-02-22 10:00:00,0.57719,0.57747,0.57625,0.57666,3389
2024-02-22 11:00:00,0.57664,0.57758,0.57654,0.57733,2992
2024-02-22 12:00:00,0.57733,0.57812,0.57724,0.57759,2533
2024-02-22 13:00:00,0.57759,0.5782,0.57744,0.57762,2827
2024-02-22 14:00:00,0.57763,0.57783,0.57736,0.57749,2143
2024-02-22 15:00:00,0.57751,0.5776,0.57643,0.57676,3299
2024-02-22 16:00:00,0.57676,0.57772,0.57653,0.57725,3526
2024-02-22 17:00:00,0.57727,0.57749,0.57668,0.57717,3568
2024-02-22 18:00:00,0.57718,0.57728,0.57657,0.57696,3252
2024-02-22 19:00:00,0.57697,0.57748,0.57674,0.57748,2196
2024-02-22 20:00:00,0.57748,0.57752,0.57713,0.57738,2133
2024-02-22 21:00:00,0.57738,0.57757,0.5773,0.57745,2450
2024-02-22 22:00:00,0.57745,0.57751,0.57684,0.57684,2129
2024-02-22 23:00:00,0.57684,0.57725,0.5768,0.57685,969
2024-02-23 00:00:00,0.5765,0.57721,0.57571,0.57721,1279
2024-02-23 01:00:00,0.57715,0.57748,0.5771,0.57716,848
2024-02-23 02:00:00,0.57715,0.57752,0.57687,0.5773,2155
2024-02-23 03:00:00,0.57728,0.57857,0.57724,0.57844,2127
2024-02-23 04:00:00,0.57844,0.5786,0.57795,0.57833,1398
2024-02-23 05:00:00,0.57832,0.57859,0.57827,0.57837,1324
2024-02-23 06:00:00,0.57837,0.57871,0.57832,0.57858,838
2024-02-23 07:00:00,0.57859,0.57861,0.57823,0.57847,1132
2024-02-23 08:00:00,0.57845,0.57884,0.57841,0.57867,1309
2024-02-23 09:00:00,0.57866,0.57898,0.5785,0.57887,2115
2024-02-23 10:00:00,0.57887,0.57927,0.57819,0.57822,2633
2024-02-23 11:00:00,0.57821,0.57824,0.57763,0.57774,2330
2024-02-23 12:00:00,0.57772,0.57802,0.57765,0.5779,2176
2024-02-23 13:00:00,0.5779,0.57808,0.57768,0.5779,2359
2024-02-23 14:00:00,0.57789,0.57799,0.57757,0.57778,2440
2024-02-23 15:00:00,0.57779,0.57842,0.57774,0.57834,2838
2024-02-23 16:00:00,0.57836,0.57867,0.578,0.57821,3031
2024-02-23 17:00:00,0.5782,0.57833,0.5778,0.57785,3076
2024-02-23 18:00:00,0.57784,0.57802,0.57775,0.57789,3119
2024-02-23 19:00:00,0.57791,0.57818,0.57789,0.57796,2080
2024-02-23 20:00:00,0.57795,0.57837,0.57792,0.57835,1445
2024-02-23 21:00:00,0.57834,0.57847,0.57809,0.57844,1398
2024-02-23 22:00:00,0.57842,0.57847,0.578,0.57818,1331
2024-02-23 23:00:00,0.5782,0.57849,0.57792,0.57819,893
2024-02-26 00:00:00,0.57659,0.57816,0.5761,0.578,694
2024-02-26 01:00:00,0.578,0.57869,0.57783,0.57839,1419
2024-02-26 02:00:00,0.57841,0.57853,0.57764,0.57789,1661
2024-02-26 03:00:00,0.57789,0.57827,0.57746,0.57788,1648
2024-02-26 04:00:00,0.57789,0.5783,0.57778,0.57814,1260
2024-02-26 05:00:00,0.57815,0.57815,0.57741,0.57742,690
2024-02-26 06:00:00,0.5774,0.57778,0.5773,0.57767,1068
2024-02-26 07:00:00,0.57766,0.57771,0.57742,0.57748,783
2024-02-26 08:00:00,0.57747,0.57756,0.57718,0.57721,1114
2024-02-26 09:00:00,0.57722,0.57769,0.57686,0.57694,2045
2024-02-26 10:00:00,0.57694,0.57711,0.57641,0.57655,2273
2024-02-26 11:00:00,0.57654,0.5767,0.5759,0.57591,2191
2024-02-26 12:00:00,0.5759,0.57652,0.57559,0.57587,2193
2024-02-26 13:00:00,0.57587,0.57631,0.57572,0.57622,1936
2024-02-26 14:00:00,0.57624,0.57661,0.57618,0.57633,2503
2024-02-26 15:00:00,0.57632,0.57672,0.57604,0.57636,2520
2024-02-26 16:00:00,0.57637,0.57639,0.57555,0.57572,3058
2024-02-26 17:00:00,0.57571,0.5761,0.57558,0.57575,2772
2024-02-26 18:00:00,0.57576,0.57578,0.57533,0.5754,2499
2024-02-26 19:00:00,0.57543,0.5757,0.57516,0.57559,2145
2024-02-26 20:00:00,0.5756,0.57577,0.57543,0.57549,2365
2024-02-26 21:00:00,0.57549,0.57573,0.57548,0.57567,1866
2024-02-26 22:00:00,0.57567,0.57586,0.57554,0.5756,1585
2024-02-26 23:00:00,0.57562,0.57567,0.57498,0.57506,694
2024-02-27 00:00:00,0.57363,0.57559,0.57363,0.57515,1350
2024-02-27 01:00:00,0.57515,0.57556,0.57497,0.57544,763
2024-02-27 02:00:00,0.57546,0.57549,0.57493,0.57506,1710
2024-02-27 03:00:00,0.57508,0.57532,0.57502,0.57523,1949
2024-02-27 04:00:00,0.57522,0.57528,0.57433,0.57447,2170
2024-02-27 05:00:00,0.57447,0.57516,0.57438,0.57506,1689
2024-02-27 06:00:00,0.57507,0.57559,0.57507,0.57553,1536
2024-02-27 07:00:00,0.57552,0.57587,0.57544,0.57567,2211
2024-02-27 08:00:00,0.57568,0.57626,0.57562,0.57611,2064
2024-02-27 09:00:00,0.57613,0.5764,0.57568,0.57587,2229
2024-02-27 10:00:00,0.57588,0.57655,0.57584,0.57591,2785
2024-02-27 11:00:00,0.5759,0.57659,0.57553,0.57639,2266
2024-02-27 12:00:00,0.57641,0.57685,0.57621,0.5763,2143
2024-02-27 13:00:00,0.5763,0.57641,0.57607,0.57618,2149
2024-02-27 14:00:00,0.57619,0.57649,0.57593,0.5761,2762
2024-02-27 15:00:00,0.57608,0.57638,0.57583,0.5763,2836
2024-02-27 16:00:00,0.57627,0.57634,0.57539,0.57554,2695
2024-02-27 17:00:00,0.57566,0.57573,0.57517,0.5755,3206
2024-02-27 18:00:00,0.57552,0.57586,0.57534,0.5755,2498
2024-02-27 19:00:00,0.57553,0.57565,0.57516,0.57565,2396
2024-02-27 20:00:00,0.57564,0.576,0.57555,0.57581,2431
2024-02-27 21:00:00,0.5758,0.57592,0.57539,0.57557,1791
2024-02-27 22:00:00,0.57555,0.57563,0.57527,0.57537,1920
2024-02-27 23:00:00,0.57538,0.57543,0.57457,0.57462,766
2024-02-28 00:00:00,0.57391,0.5752,0.57377,0.57513,1457
2024-02-28 01:00:00,0.57512,0.57534,0.57491,0.57517,811
2024-02-28 02:00:00,0.57516,0.57577,0.5747,0.57562,1764
2024-02-28 03:00:00,0.57565,0.57565,0.57437,0.57471,2430
2024-02-28 04:00:00,0.57469,0.57478,0.57409,0.57425,1951
2024-02-28 05:00:00,0.57424,0.57429,0.57351,0.5736,1899
2024-02-28 06:00:00,0.5736,0.57388,0.57329,0.57358,1649
2024-02-28 07:00:00,0.57357,0.57369,0.57333,0.5735,1896
2024-02-28 08:00:00,0.5735,0.57365,0.57296,0.57296,1526
2024-02-28 09:00:00,0.57298,0.57356,0.57296,0.57321,1813
2024-02-28 10:00:00,0.57321,0.57336,0.57223,0.57251,2598
2024-02-28 11:00:00,0.57254,0.57261,0.57181,0.57202,2745
2024-02-28 12:00:00,0.57202,0.57233,0.57121,0.5718,2281
2024-02-28 13:00:00,0.57176,0.57219,0.57153,0.57204,1806
2024-02-28 14:00:00,0.57203,0.57212,0.57163,0.57189,2735
2024-02-28 15:00:00,0.57188,0.57223,0.57137,0.57161,3065
2024-02-28 16:00:00,0.57161,0.57188,0.57118,0.5715,3143
2024-02-28 17:00:00,0.57149,0.57181,0.57134,0.57146,2716
2024-02-28 18:00:00,0.57147,0.57157,0.57058,0.57066,2593
2024-02-28 19:00:00,0.57066,0.5712,0.57057,0.57102,2010
2024-02-28 20:00:00,0.57103,0.57118,0.57088,0.57103,2078
2024-02-28 21:00:00,0.57104,0.57105,0.57054,0.57081,2338
2024-02-28 22:00:00,0.57082,0.57094,0.57067,0.57071,1880
2024-02-28 23:00:00,0.57071,0.57083,0.57026,0.57026,817
2024-02-29 00:00:00,0.57055,0.57089,0.56906,0.57072,1227
2024-02-29 01:00:00,0.57068,0.57085,0.57041,0.57063,933
2024-02-29 02:00:00,0.57064,0.57086,0.57031,0.57084,1356
2024-02-29 03:00:00,0.57084,0.57151,0.57077,0.57126,2413
2024-02-29 04:00:00,0.57126,0.57202,0.57117,0.57189,2216
2024-02-29 05:00:00,0.5719,0.57261,0.57188,0.57227,1914
2024-02-29 06:00:00,0.57228,0.57273,0.57218,0.57266,2042
2024-02-29 07:00:00,0.57267,0.57285,0.57218,0.5723,2413
2024-02-29 08:00:00,0.57232,0.57265,0.57207,0.57235,1760
2024-02-29 09:00:00,0.57232,0.57278,0.57193,0.57253,2297
2024-02-29 10:00:00,0.57251,0.57252,0.57129,0.57165,2876
2024-02-29 11:00:00,0.57164,0.57172,0.57085,0.57094,2644
2024-02-29 12:00:00,0.57093,0.57174,0.57087,0.57162,2037
2024-02-29 13:00:00,0.57163,0.57193,0.57123,0.57187,2398
2024-02-29 14:00:00,0.57185,0.5719,0.57115,0.57133,2401
2024-02-29 15:00:00,0.57134,0.57265,0.57129,0.5724,3651
2024-02-29 16:00:00,0.57238,0.57356,0.57218,0.57341,3227
2024-02-29 17:00:00,0.57336,0.57409,0.57297,0.57339,3686
2024-02-29 18:00:00,0.57338,0.57449,0.5732,0.57436,3128
2024-02-29 19:00:00,0.57435,0.57441,0.57386,0.57396,2376
2024-02-29 20:00:00,0.57397,0.57439,0.57377,0.57415,1716
2024-02-29 21:00:00,0.57413,0.57448,0.57407,0.57437,1873
2024-02-29 22:00:00,0.57436,0.57478,0.57429,0.57469,1429
2024-02-29 23:00:00,0.57466,0.57476,0.57404,0.57404,920
2024-03-01 00:00:00,0.57433,0.57468,0.57277,0.57456,1169
2024-03-01 01:00:00,0.57457,0.57499,0.57447,0.57484,1046
2024-03-01 02:00:00,0.57484,0.57512,0.57449,0.57472,1345
2024-03-01 03:00:00,0.57471,0.57534,0.57464,0.57526,1910
2024-03-01 04:00:00,0.57526,0.57578,0.57518,0.57568,1452
2024-03-01 05:00:00,0.57568,0.57585,0.57547,0.57583,1540
2024-03-01 06:00:00,0.57582,0.57583,0.57544,0.57552,1375
2024-03-01 07:00:00,0.57553,0.57596,0.57545,0.57592,1254
2024-03-01 08:00:00,0.57594,0.57635,0.57591,0.5763,1861
2024-03-01 09:00:00,0.5763,0.57665,0.57607,0.57616,2511
2024-03-01 10:00:00,0.57617,0.57646,0.57521,0.57532,2837
2024-03-01 11:00:00,0.57533,0.57571,0.57514,0.57535,3058
2024-03-01 12:00:00,0.57531,0.57627,0.57523,0.57595,2891
2024-03-01 13:00:00,0.57597,0.57605,0.57558,0.57586,2049
2024-03-01 14:00:00,0.57587,0.57624,0.57567,0.57575,1907
2024-03-01 15:00:00,0.57576,0.57689,0.5757,0.57688,3070
2024-03-01 16:00:00,0.57688,0.57733,0.57658,0.57695,3309
2024-03-01 17:00:00,0.5769,0.57819,0.5769,0.57805,4214
2024-03-01 18:00:00,0.57802,0.57818,0.5771,0.57731,2988
2024-03-01 19:00:00,0.57729,0.57749,0.57709,0.57722,2372
2024-03-01 20:00:00,0.57723,0.5774,0.57701,0.57734,2684
2024-03-01 21:00:00,0.57733,0.57734,0.57665,0.57675,2325
2024-03-01 22:00:00,0.57673,0.57677,0.5765,0.5767,1205
2024-03-01 23:00:00,0.5767,0.57684,0.57572,0.57614,1092
2024-03-04 00:00:00,0.57608,0.57669,0.57558,0.576,843
2024-03-04 01:00:00,0.576,0.57675,0.576,0.57659,1542
2024-03-04 02:00:00,0.57661,0.57693,0.57647,0.57656,1281
2024-03-04 03:00:00,0.57659,0.57662,0.57618,0.57625,1442
2024-03-04 04:00:00,0.57625,0.57625,0.57582,0.5761,1449
2024-03-04 05:00:00,0.57611,0.57617,0.57571,0.57574,1178
2024-03-04 06:00:00,0.57573,0.57585,0.57552,0.57585,808
2024-03-04 07:00:00,0.57584,0.57592,0.57547,0.57547,888
2024-03-04 08:00:00,0.57548,0.57634,0.57533,0.5761,1352
2024-03-04 09:00:00,0.5761,0.57614,0.57443,0.57481,2404
2024-03-04 10:00:00,0.57482,0.57539,0.57468,0.57488,2730
2024-03-04 11:00:00,0.57488,0.57574,0.57478,0.57564,2481
2024-03-04 12:00:00,0.57565,0.57641,0.57558,0.57604,1798
2024-03-04 13:00:00,0.57605,0.57641,0.57591,0.57633,1233
2024-03-04 14:00:00,0.57632,0.57711,0.57631,0.57692,1831
2024-03-04 15:00:00,0.57692,0.57732,0.57628,0.57633,2706
2024-03-04 16:00:00,0.57633,0.57692,0.57628,0.57667,2663
2024-03-04 17:00:00,0.57666,0.57729,0.57656,0.57667,3059
2024-03-04 18:00:00,0.57668,0.57684,0.57628,0.57643,2245
2024-03-04 19:00:00,0.57642,0.57655,0.576,0.57608,1941
2024-03-04 20:00:00,0.57608,0.57628,0.57579,0.57625,1304
2024-03-04 21:00:00,0.57624,0.57628,0.57576,0.57612,1436
2024-03-04 22:00:00,0.57611,0.57627,0.57586,0.57587,1465
2024-03-04 23:00:00,0.57588,0.57599,0.5758,0.57593,586
2024-03-05 00:00:00,0.57523,0.57614,0.57501,0.57586,1548
2024-03-05 01:00:00,0.57588,0.57607,0.57566,0.57596,910
2024-03-05 02:00:00,0.57598,0.57624,0.57582,0.57602,1432
2024-03-05 03:00:00,0.57601,0.57635,0.5759,0.5763,2127
2024-03-05 04:00:00,0.57629,0.57638,0.57525,0.57547,1363
2024-03-05 05:00:00,0.57546,0.57575,0.57539,0.57551,1460
2024-03-05 06:00:00,0.57551,0.57576,0.57542,0.5756,847
2024-03-05 07:00:00,0.57558,0.57562,0.57467,0.57471,1434
2024-03-05 08:00:00,0.57471,0.57495,0.57382,0.57384,1897
2024-03-05 09:00:00,0.57386,0.5746,0.57386,0.57433,1961
2024-03-05 10:00:00,0.57433,0.57439,0.57366,0.57398,2648
2024-03-05 11:00:00,0.57398,0.57471,0.57386,0.57453,2390
2024-03-05 12:00:00,0.57455,0.57567,0.57448,0.57544,1711
2024-03-05 13:00:00,0.57544,0.5756,0.57517,0.57528,1769
2024-03-05 14:00:00,0.57528,0.57542,0.57503,0.57505,1545
2024-03-05 15:00:00,0.57504,0.5753,0.57476,0.57492,2582
2024-03-05 16:00:00,0.57493,0.57529,0.57463,0.57482,3145
2024-03-05 17:00:00,0.57482,0.57569,0.57452,0.5755,3691
2024-03-05 18:00:00,0.57551,0.57554,0.57449,0.57488,3060
2024-03-05 19:00:00,0.57489,0.57543,0.57474,0.57524,2340
2024-03-05 20:00:00,0.57525,0.57548,0.57488,0.57503,2925
2024-03-05 21:00:00,0.57502,0.5751,0.57451,0.57458,2411
2024-03-05 22:00:00,0.57457,0.57463,0.57423,0.57441,2044
2024-03-05 23:00:00,0.57444,0.57464,0.57439,0.5745,880
2024-03-06 00:00:00,0.57383,0.5746,0.57381,0.5743,1050
2024-03-06 01:00:00,0.57427,0.57477,0.57425,0.57461,1310
2024-03-06 02:00:00,0.5746,0.57481,0.5742,0.57431,2189
2024-03-06 03:00:00,0.5743,0.57508,0.57425,0.57497,2142
2024-03-06 04:00:00,0.57496,0.5759,0.57486,0.57586,2126
2024-03-06 05:00:00,0.57586,0.57622,0.5757,0.57622,1694
2024-03-06 06:00:00,0.57622,0.57632,0.57596,0.57606,1556
2024-03-06 07:00:00,0.57606,0.57647,0.57593,0.57634,1428
2024-03-06 08:00:00,0.57631,0.57649,0.57603,0.57621,1355
2024-03-06 09:00:00,0.57621,0.57668,0.57605,0.57629,2395
2024-03-06 10:00:00,0.57629,0.57666,0.57593,0.57663,2727
2024-03-06 11:00:00,0.57662,0.57705,0.57647,0.577,2634
2024-03-06 12:00:00,0.57701,0.57733,0.57681,0.57729,2000
2024-03-06 13:00:00,0.57729,0.57777,0.57724,0.57744,2411
2024-03-06 14:00:00,0.57743,0.57773,0.57689,0.57709,2054
2024-03-06 15:00:00,0.5771,0.57802,0.57669,0.57787,3517
2024-03-06 16:00:00,0.57788,0.57841,0.57756,0.57834,3270
2024-03-06 17:00:00,0.5783,0.57908,0.57799,0.57894,3815
2024-03-06 18:00:00,0.57892,0.57978,0.57884,0.57946,2807
2024-03-06 19:00:00,0.57946,0.57981,0.57913,0.57956,2677
2024-03-06 20:00:00,0.57956,0.57985,0.57922,0.57938,2351
2024-03-06 21:00:00,0.57937,0.57945,0.57912,0.57928,2724
2024-03-06 22:00:00,0.57927,0.57932,0.57891,0.57901,2456
2024-03-06 23:00:00,0.579,0.57907,0.57872,0.57892,994
2024-03-07 00:00:00,0.57827,0.57905,0.57827,0.57867,1223
2024-03-07 01:00:00,0.57872,0.57922,0.57866,0.57915,809
2024-03-07 02:00:00,0.57915,0.5798,0.57912,0.5796,1903
2024-03-07 03:00:00,0.57962,0.57967,0.57894,0.57919,2676
2024-03-07 04:00:00,0.57919,0.57975,0.57871,0.57965,2025
2024-03-07 05:00:00,0.57963,0.58042,0.57953,0.58026,1482
2024-03-07 06:00:00,0.58025,0.58049,0.58003,0.58003,1789
2024-03-07 07:00:00,0.58003,0.58021,0.57975,0.57978,1928
2024-03-07 08:00:00,0.57974,0.58028,0.57965,0.58018,1855
2024-03-07 09:00:00,0.58019,0.58087,0.58003,0.58086,2709
2024-03-07 10:00:00,0.58088,0.58106,0.58038,0.58097,2798
2024-03-07 11:00:00,0.58097,0.58112,0.58055,0.58098,2148
2024-03-07 12:00:00,0.581,0.58164,0.581,0.58151,2199
2024-03-07 13:00:00,0.5815,0.58158,0.58066,0.58089,2382
2024-03-07 14:00:00,0.58088,0.58127,0.58082,0.58083,1777
2024-03-07 15:00:00,0.58083,0.58168,0.58029,0.58113,3590
2024-03-07 16:00:00,0.58112,0.58164,0.58075,0.58155,3728
2024-03-07 17:00:00,0.58153,0.5817,0.58083,0.58154,3191
2024-03-07 18:00:00,0.58154,0.58154,0.58078,0.58102,3063
2024-03-07 19:00:00,0.58104,0.58142,0.58092,0.58135,2216
2024-03-07 20:00:00,0.58136,0.58162,0.58131,0.58157,2086
2024-03-07 21:00:00,0.58157,0.5816,0.5808,0.58091,2149
2024-03-07 22:00:00,0.58091,0.58102,0.58076,0.58087,2142
2024-03-07 23:00:00,0.58086,0.58099,0.58075,0.58093,1177
2024-03-08 00:00:00,0.58015,0.58086,0.57991,0.58055,1249
2024-03-08 01:00:00,0.58056,0.58089,0.58042,0.58084,673
2024-03-08 02:00:00,0.58085,0.58125,0.58075,0.58101,1469
2024-03-08 03:00:00,0.58098,0.58113,0.58036,0.58069,2389
2024-03-08 04:00:00,0.5807,0.58105,0.58031,0.58094,1503
2024-03-08 05:00:00,0.58093,0.58149,0.58083,0.58147,1370
2024-03-08 06:00:00,0.58146,0.58162,0.58119,0.58126,1210
2024-03-08 07:00:00,0.58127,0.58196,0.58124,0.58189,1375
2024-03-08 08:00:00,0.5819,0.58197,0.58147,0.5818,1550
2024-03-08 09:00:00,0.58178,0.58217,0.58125,0.58214,2300
2024-03-08 10:00:00,0.58217,0.58217,0.58131,0.58145,2542
2024-03-08 11:00:00,0.58146,0.5824,0.58132,0.5823,2720
2024-03-08 12:00:00,0.5823,0.58258,0.5821,0.58247,2430
2024-03-08 13:00:00,0.58247,0.58259,0.58208,0.58243,1992
2024-03-08 14:00:00,0.58243,0.58249,0.58198,0.58227,1622
2024-03-08 15:00:00,0.58226,0.58234,0.58098,0.58143,3887
2024-03-08 16:00:00,0.58142,0.58191,0.58127,0.58165,4107
2024-03-08 17:00:00,0.58162,0.58186,0.58107,0.58122,3270
2024-03-08 18:00:00,0.58122,0.58127,0.58049,0.58079,3279
2024-03-08 19:00:00,0.58077,0.58105,0.58058,0.58066,3346
2024-03-08 20:00:00,0.58065,0.58101,0.58042,0.58073,2654
2024-03-08 21:00:00,0.5807,0.58126,0.58066,0.5812,2043
2024-03-08 22:00:00,0.58119,0.58125,0.58068,0.5809,1646
2024-03-08 23:00:00,0.58089,0.58146,0.58086,0.58131,790
2024-03-11 00:00:00,0.57844,0.58104,0.57844,0.58054,915
2024-03-11 01:00:00,0.58082,0.58145,0.58082,0.58101,932
2024-03-11 02:00:00,0.58101,0.58132,0.58074,0.5813,1411
2024-03-11 03:00:00,0.58129,0.58134,0.58069,0.58085,1881
2024-03-11 04:00:00,0.58083,0.58103,0.58033,0.58046,2102
2024-03-11 05:00:00,0.58047,0.58048,0.57984,0.58,1846
2024-03-11 06:00:00,0.58001,0.58054,0.57989,0.5802,1233
2024-03-11 07:00:00,0.58019,0.58034,0.57998,0.5802,1803
2024-03-11 08:00:00,0.58019,0.58048,0.58013,0.58041,2117
2024-03-11 09:00:00,0.58041,0.58065,0.58026,0.58036,1476
2024-03-11 10:00:00,0.58037,0.58041,0.57936,0.57964,2441
2024-03-11 11:00:00,0.57963,0.57971,0.57889,0.57897,2829
2024-03-11 12:00:00,0.57896,0.58034,0.57895,0.58031,2403
2024-03-11 13:00:00,0.5803,0.58053,0.57992,0.57999,2055
2024-03-11 14:00:00,0.58,0.58005,0.57943,0.57969,2036
2024-03-11 15:00:00,0.57968,0.57972,0.57906,0.5793,2647
2024-03-11 16:00:00,0.5793,0.58018,0.57929,0.57996,2768
2024-03-11 17:00:00,0.57995,0.58042,0.57986,0.58027,3005
2024-03-11 18:00:00,0.58027,0.58052,0.57985,0.58029,2730
2024-03-11 19:00:00,0.58029,0.58057,0.58005,0.58053,2184
2024-03-11 20:00:00,0.58056,0.5806,0.57991,0.58014,1883
2024-03-11 21:00:00,0.58015,0.58055,0.58008,0.58042,1413
2024-03-11 22:00:00,0.58041,0.58041,0.57999,0.58,1591
2024-03-11 23:00:00,0.58,0.58041,0.57998,0.58015,878
2024-03-12 00:00:00,0.57939,0.58048,0.57939,0.58005,1639
2024-03-12 01:00:00,0.58015,0.58032,0.57999,0.58006,984
2024-03-12 02:00:00,0.58006,0.58035,0.57998,0.58025,1386
2024-03-12 03:00:00,0.58026,0.58073,0.58018,0.58035,1817
2024-03-12 04:00:00,0.58034,0.58063,0.57982,0.58037,2100
2024-03-12 05:00:00,0.58037,0.58051,0.57998,0.5804,2518
2024-03-12 06:00:00,0.5804,0.5806,0.5803,0.58047,1828
2024-03-12 07:00:00,0.58045,0.58054,0.58005,0.5801,1185
2024-03-12 08:00:00,0.5801,0.58039,0.57973,0.57991,1552
2024-03-12 09:00:00,0.57992,0.58018,0.5797,0.5801,1935
2024-03-12 10:00:00,0.58011,0.58041,0.57983,0.58028,2082
2024-03-12 11:00:00,0.58027,0.58029,0.57948,0.5798,2341
2024-03-12 12:00:00,0.57978,0.5799,0.57939,0.57954,1558
2024-03-12 13:00:00,0.57954,0.57991,0.57946,0.57974,1805
2024-03-12 14:00:00,0.57973,0.58004,0.57946,0.57961,2774
2024-03-12 15:00:00,0.5796,0.58084,0.57834,0.58004,4067
2024-03-12 16:00:00,0.58004,0.58012,0.57892,0.57964,4597
2024-03-12 17:00:00,0.57963,0.58006,0.5792,0.5798,3582
2024-03-12 18:00:00,0.5798,0.57991,0.57926,0.57956,3214
2024-03-12 19:00:00,0.57955,0.57959,0.57909,0.57929,2988
2024-03-12 20:00:00,0.57928,0.57983,0.57901,0.57974,2819
2024-03-12 21:00:00,0.57974,0.57994,0.57959,0.57975,2870
2024-03-12 22:00:00,0.57976,0.57978,0.57951,0.57952,2698
2024-03-12 23:00:00,0.57953,0.57963,0.57933,0.57947,1557
2024-03-13 00:00:00,0.57875,0.57947,0.57872,0.57943,1664
2024-03-13 01:00:00,0.57946,0.57973,0.57941,0.57956,741
2024-03-13 02:00:00,0.57957,0.57974,0.5795,0.57969,945
2024-03-13 03:00:00,0.57968,0.58002,0.57935,0.57941,1969
2024-03-13 04:00:00,0.57942,0.57965,0.57913,0.57951,2382
2024-03-13 05:00:00,0.57952,0.58008,0.57951,0.58002,2209
2024-03-13 06:00:00,0.58003,0.58045,0.5799,0.58035,1430
2024-03-13 07:00:00,0.58034,0.58062,0.58031,0.58048,1566
2024-03-13 08:00:00,0.58048,0.58084,0.58025,0.58065,2044
2024-03-13 09:00:00,0.58063,0.58075,0.58011,0.5803,2067
2024-03-13 10:00:00,0.58032,0.58064,0.58012,0.58059,2846
2024-03-13 11:00:00,0.58061,0.58094,0.58028,0.58067,3067
2024-03-13 12:00:00,0.58068,0.58076,0.58,0.58058,2794
2024-03-13 13:00:00,0.58057,0.58063,0.58012,0.58041,2505
2024-03-13 14:00:00,0.58043,0.58079,0.58019,0.58029,1698
2024-03-13 15:00:00,0.58029,0.5806,0.57983,0.57999,2170
2024-03-13 16:00:00,0.58,0.58056,0.57996,0.58033,2861
2024-03-13 17:00:00,0.58035,0.58099,0.58018,0.58041,3178
2024-03-13 18:00:00,0.58042,0.58145,0.58034,0.58137,2559
2024-03-13 19:00:00,0.58137,0.58154,0.58117,0.58138,2420
2024-03-13 20:00:00,0.58137,0.58185,0.58134,0.58169,2744
2024-03-13 21:00:00,0.58164,0.58199,0.5815,0.58185,1943
2024-03-13 22:00:00,0.58184,0.58196,0.58162,0.58177,1851
2024-03-13 23:00:00,0.5818,0.58191,0.58175,0.5819,587
2024-03-14 00:00:00,0.58178,0.58197,0.58141,0.58174,757
2024-03-14 01:00:00,0.58183,0.58192,0.58166,0.58173,854
2024-03-14 02:00:00,0.58173,0.58225,0.58166,0.58209,980
2024-03-14 03:00:00,0.58207,0.58243,0.58176,0.58193,1473
2024-03-14 04:00:00,0.58194,0.58231,0.58185,0.58229,2374
2024-03-14 05:00:00,0.58228,0.58232,0.58131,0.58132,1891
2024-03-14 06:00:00,0.58132,0.58152,0.58118,0.58142,1732
2024-03-14 07:00:00,0.58142,0.58187,0.58127,0.58165,971
2024-03-14 08:00:00,0.58165,0.5821,0.58144,0.58193,1372
2024-03-14 09:00:00,0.58196,0.58227,0.58163,0.58206,2055
2024-03-14 10:00:00,0.58206,0.58251,0.58183,0.58247,2080
2024-03-14 11:00:00,0.58246,0.58265,0.58214,0.58237,2414
2024-03-14 12:00:00,0.58237,0.5828,0.58222,0.58271,2086
2024-03-14 13:00:00,0.5827,0.58276,0.58231,0.5824,1986
2024-03-14 14:00:00,0.5824,0.58286,0.58192,0.58194,1670
2024-03-14 15:00:00,0.58193,0.58225,0.58099,0.58174,3438
2024-03-14 16:00:00,0.58175,0.5821,0.58122,0.58134,3768
2024-03-14 17:00:00,0.5813,0.58147,0.58093,0.58104,3324
2024-03-14 18:00:00,0.58107,0.58173,0.58049,0.58159,3227
2024-03-14 19:00:00,0.5816,0.5818,0.58129,0.58147,2927
2024-03-14 20:00:00,0.58147,0.58178,0.58126,0.58164,2003
2024-03-14 21:00:00,0.58165,0.58173,0.58141,0.58166,2101
2024-03-14 22:00:00,0.58165,0.58165,0.58105,0.58159,1894
2024-03-14 23:00:00,0.58159,0.58172,0.58142,0.58157,936
2024-03-15 00:00:00,0.58103,0.58165,0.58055,0.58148,1195
2024-03-15 01:00:00,0.58147,0.58173,0.5813,0.58143,580
2024-03-15 02:00:00,0.58142,0.58178,0.58122,0.5817,1013
2024-03-15 03:00:00,0.58171,0.58171,0.58086,0.58105,1974
2024-03-15 04:00:00,0.58102,0.58117,0.58068,0.58071,2374
2024-03-15 05:00:00,0.58072,0.58073,0.58044,0.58052,1607
2024-03-15 06:00:00,0.58051,0.5808,0.58024,0.58078,1484
2024-03-15 07:00:00,0.58077,0.58095,0.58056,0.58089,1425
2024-03-15 08:00:00,0.58089,0.5812,0.58079,0.58102,1739
2024-03-15 09:00:00,0.58101,0.58117,0.58089,0.58107,2044
2024-03-15 10:00:00,0.58104,0.58147,0.5803,0.5803,2593
2024-03-15 11:00:00,0.5803,0.58051,0.57933,0.57969,2775
2024-03-15 12:00:00,0.5797,0.57971,0.5793,0.57965,1992
2024-03-15 13:00:00,0.57964,0.5803,0.57949,0.57998,2006
2024-03-15 14:00:00,0.57998,0.58008,0.5793,0.57931,2486
2024-03-15 15:00:00,0.57933,0.57962,0.57898,0.57937,2721
2024-03-15 16:00:00,0.57937,0.57989,0.57926,0.57938,2824
2024-03-15 17:00:00,0.5794,0.57993,0.57919,0.57966,3149
2024-03-15 18:00:00,0.57967,0.58032,0.57944,0.58031,2560
2024-03-15 19:00:00,0.58032,0.58058,0.57964,0.57979,2120
2024-03-15 20:00:00,0.57978,0.58001,0.57968,0.57978,1908
2024-03-15 21:00:00,0.57978,0.58008,0.57954,0.58006,1463
2024-03-15 22:00:00,0.58006,0.58007,0.5795,0.57963,1370
2024-03-15 23:00:00,0.57963,0.57974,0.57945,0.57953,701
2024-03-18 00:00:00,0.57878,0.57923,0.57802,0.57879,336
2024-03-18 01:00:00,0.57891,0.57978,0.57872,0.57949,1415
2024-03-18 02:00:00,0.5795,0.57964,0.57921,0.57937,1301
2024-03-18 03:00:00,0.57937,0.57978,0.5792,0.5796,1573
2024-03-18 04:00:00,0.57958,0.57999,0.57923,0.57992,2170
2024-03-18 05:00:00,0.57995,0.58021,0.57967,0.57977,1864
2024-03-18 06:00:00,0.57978,0.57993,0.57953,0.57964,1069
2024-03-18 07:00:00,0.57963,0.5801,0.57963,0.58007,1196
2024-03-18 08:00:00,0.58008,0.58008,0.57974,0.58001,1624
2024-03-18 09:00:00,0.58002,0.5802,0.57992,0.58008,1823
2024-03-18 10:00:00,0.58008,0.58064,0.57984,0.58058,2041
2024-03-18 11:00:00,0.58059,0.58088,0.58041,0.58065,2368
2024-03-18 12:00:00,0.58066,0.58089,0.58028,0.58066,1951
2024-03-18 13:00:00,0.58067,0.58078,0.57991,0.58004,1825
2024-03-18 14:00:00,0.58002,0.58004,0.57967,0.57998,1838
2024-03-18 15:00:00,0.57999,0.5805,0.57993,0.58042,2156
2024-03-18 16:00:00,0.58043,0.58107,0.5804,0.58069,2818
2024-03-18 17:00:00,0.58069,0.58121,0.58054,0.58112,2622
2024-03-18 18:00:00,0.58112,0.5815,0.58082,0.58141,2440
2024-03-18 19:00:00,0.58139,0.58143,0.58104,0.58127,2176
2024-03-18 20:00:00,0.58128,0.5821,0.58124,0.58185,1968
2024-03-18 21:00:00,0.58185,0.58226,0.58174,0.58214,1330
2024-03-18 22:00:00,0.58214,0.58244,0.58211,0.58241,1460
2024-03-18 23:00:00,0.58244,0.58249,0.58222,0.58229,1132
2024-03-19 00:00:00,0.58094,0.58213,0.58074,0.58202,1088
2024-03-19 01:00:00,0.58198,0.58227,0.58182,0.5819,1106
2024-03-19 02:00:00,0.58189,0.58197,0.5816,0.58191,941
2024-03-19 03:00:00,0.58194,0.58204,0.58164,0.5819,1480
2024-03-19 04:00:00,0.5819,0.58202,0.58116,0.58179,2016
2024-03-19 05:00:00,0.58179,0.58261,0.58179,0.58234,2222
2024-03-19 06:00:00,0.58234,0.58281,0.58023,0.58089,3114
2024-03-19 07:00:00,0.58092,0.58099,0.57976,0.57988,2714
2024-03-19 08:00:00,0.57987,0.5799,0.5791,0.57918,2205
2024-03-19 09:00:00,0.57917,0.57954,0.57905,0.57939,2346
2024-03-19 10:00:00,0.57938,0.57987,0.57926,0.57973,2804
2024-03-19 11:00:00,0.57976,0.58001,0.57782,0.57811,3179
2024-03-19 12:00:00,0.57811,0.57829,0.57731,0.57777,2515
2024-03-19 13:00:00,0.57778,0.57919,0.57764,0.57884,2568
2024-03-19 14:00:00,0.57884,0.57892,0.57836,0.57854,2113
2024-03-19 15:00:00,0.57852,0.57864,0.57808,0.57814,2752
2024-03-19 16:00:00,0.57814,0.57908,0.57806,0.57888,2687
2024-03-19 17:00:00,0.57888,0.58,0.57875,0.57992,2681
2024-03-19 18:00:00,0.57991,0.58022,0.57968,0.57976,2138
2024-03-19 19:00:00,0.57975,0.58011,0.57975,0.58004,1873
2024-03-19 20:00:00,0.58005,0.58013,0.57986,0.58004,1895
2024-03-19 21:00:00,0.58004,0.58018,0.57986,0.57994,1229
2024-03-19 22:00:00,0.57996,0.58021,0.57988,0.5801,1219
2024-03-19 23:00:00,0.58011,0.58017,0.57997,0.57998,530
2024-03-20 00:00:00,0.57981,0.58011,0.57955,0.57989,1585
2024-03-20 01:00:00,0.57995,0.58019,0.5799,0.58007,813
2024-03-20 02:00:00,0.58008,0.58014,0.57973,0.57977,1091
2024-03-20 03:00:00,0.57977,0.58038,0.57946,0.58035,1865
2024-03-20 04:00:00,0.58035,0.5811,0.5803,0.58091,1952
2024-03-20 05:00:00,0.58091,0.58123,0.5809,0.58118,1454
2024-03-20 06:00:00,0.58116,0.58124,0.5807,0.58075,1316
2024-03-20 07:00:00,0.58074,0.58077,0.58018,0.58022,1446
2024-03-20 08:00:00,0.58022,0.58069,0.58018,0.58052,1622
2024-03-20 09:00:00,0.58052,0.58091,0.58042,0.58062,1675
2024-03-20 10:00:00,0.58063,0.581,0.5804,0.58099,2280
2024-03-20 11:00:00,0.58096,0.58096,0.58015,0.58058,2591
2024-03-20 12:00:00,0.58059,0.58074,0.58025,0.5804,2220
2024-03-20 13:00:00,0.5804,0.58116,0.5804,0.58076,1922
2024-03-20 14:00:00,0.58075,0.58077,0.58032,0.58056,2129
2024-03-20 15:00:00,0.58056,0.58076,0.58046,0.58055,2084
2024-03-20 16:00:00,0.58055,0.58108,0.58046,0.58108,2170
2024-03-20 17:00:00,0.58109,0.58145,0.58088,0.58139,2399
2024-03-20 18:00:00,0.58139,0.58214,0.58138,0.58174,2056
2024-03-20 19:00:00,0.58174,0.58209,0.58162,0.5819,1802
2024-03-20 20:00:00,0.5819,0.58236,0.58174,0.58174,2011
2024-03-20 21:00:00,0.58172,0.58351,0.58172,0.58294,5215
2024-03-20 22:00:00,0.58298,0.5839,0.58239,0.58389,3770
2024-03-20 23:00:00,0.58389,0.58412,0.58355,0.58402,1371
2024-03-21 00:00:00,0.58395,0.58395,0.58297,0.58344,1175
2024-03-21 01:00:00,0.58342,0.58436,0.5834,0.58435,1676
2024-03-21 02:00:00,0.58435,0.58441,0.58371,0.5844,1808
2024-03-21 03:00:00,0.5844,0.58557,0.58351,0.58525,3038
2024-03-21 04:00:00,0.58526,0.5858,0.58483,0.58511,3077
2024-03-21 05:00:00,0.58511,0.58594,0.58496,0.58561,1963
2024-03-21 06:00:00,0.5856,0.58649,0.58554,0.58612,2020
2024-03-21 07:00:00,0.58613,0.58638,0.58591,0.58638,1220
2024-03-21 08:00:00,0.58638,0.58687,0.58612,0.58654,1828
2024-03-21 09:00:00,0.58655,0.58714,0.58654,0.58663,2119
2024-03-21 10:00:00,0.58662,0.58711,0.58628,0.58637,2755
2024-03-21 11:00:00,0.58643,0.59325,0.58628,0.59114,4222
2024-03-21 12:00:00,0.59111,0.5924,0.58981,0.59128,3618
2024-03-21 13:00:00,0.59127,0.59132,0.58978,0.58993,2966
2024-03-21 14:00:00,0.58994,0.59003,0.58928,0.58936,2890
2024-03-21 15:00:00,0.58937,0.59094,0.58926,0.59043,3578
2024-03-21 16:00:00,0.59043,0.59188,0.59034,0.59084,3686
2024-03-21 17:00:00,0.59079,0.59123,0.59017,0.59033,3850
2024-03-21 18:00:00,0.59033,0.59069,0.58949,0.59066,3167
2024-03-21 19:00:00,0.59065,0.59097,0.59018,0.5902,2469
2024-03-21 20:00:00,0.59019,0.5904,0.58998,0.59003,2091
2024-03-21 21:00:00,0.59002,0.59019,0.58985,0.58989,1941
2024-03-21 22:00:00,0.58987,0.59013,0.58986,0.58988,1578
2024-03-21 23:00:00,0.58991,0.59005,0.58961,0.58966,758
2024-03-22 00:00:00,0.58963,0.58981,0.58923,0.5896,1215
2024-03-22 01:00:00,0.58955,0.58993,0.58948,0.58978,865
2024-03-22 02:00:00,0.58978,0.58993,0.5897,0.5899,1095
2024-03-22 03:00:00,0.58989,0.59004,0.58971,0.59004,1576
2024-03-22 04:00:00,0.59004,0.59028,0.58884,0.58888,2690
2024-03-22 05:00:00,0.58887,0.58893,0.58732,0.58761,2733
2024-03-22 06:00:00,0.58761,0.58773,0.58675,0.58679,2092
2024-03-22 07:00:00,0.5868,0.58683,0.58641,0.58655,1468
2024-03-22 08:00:00,0.58654,0.58712,0.58616,0.5862,1847
2024-03-22 09:00:00,0.58621,0.58669,0.58579,0.58604,2284
2024-03-22 10:00:00,0.58602,0.58627,0.5856,0.58588,2526
2024-03-22 11:00:00,0.58588,0.58747,0.58587,0.58728,2948
2024-03-22 12:00:00,0.58726,0.58732,0.58635,0.5865,2565
2024-03-22 13:00:00,0.58649,0.58685,0.58632,0.58663,2254
2024-03-22 14:00:00,0.58663,0.58691,0.58641,0.58652,2300
2024-03-22 15:00:00,0.58656,0.58676,0.58604,0.58607,3280
2024-03-22 16:00:00,0.58607,0.58624,0.58571,0.58588,3174
2024-03-22 17:00:00,0.58587,0.58606,0.5853,0.58594,2821
2024-03-22 18:00:00,0.58591,0.58609,0.58544,0.58563,2674
2024-03-22 19:00:00,0.58562,0.58582,0.58517,0.58578,2247
2024-03-22 20:00:00,0.58578,0.58595,0.58567,0.58579,1998
2024-03-22 21:00:00,0.58576,0.58583,0.58542,0.58549,1304
2024-03-22 22:00:00,0.58549,0.5855,0.58476,0.58478,1425
2024-03-22 23:00:00,0.58478,0.58479,0.58388,0.5845,1119
2024-03-25 00:00:00,0.58365,0.58419,0.58323,0.5838,640
2024-03-25 01:00:00,0.58395,0.58468,0.58395,0.58462,1174
2024-03-25 02:00:00,0.58462,0.58504,0.58449,0.58484,1453
2024-03-25 03:00:00,0.58485,0.58543,0.58475,0.58542,2280
2024-03-25 04:00:00,0.58543,0.58616,0.58509,0.586,3455
2024-03-25 05:00:00,0.58601,0.58698,0.58585,0.58678,2383
2024-03-25 06:00:00,0.58677,0.58685,0.58579,0.58592,2330
2024-03-25 07:00:00,0.5859,0.58613,0.58578,0.58588,1554
2024-03-25 08:00:00,0.58588,0.5859,0.58531,0.58538,1832
2024-03-25 09:00:00,0.58537,0.58546,0.58505,0.58543,1592
2024-03-25 10:00:00,0.58545,0.58587,0.58508,0.58568,2213
2024-03-25 11:00:00,0.58566,0.58643,0.58563,0.5864,2433
2024-03-25 12:00:00,0.5864,0.58644,0.5859,0.58593,2096
2024-03-25 13:00:00,0.58595,0.58657,0.58587,0.58651,1877
2024-03-25 14:00:00,0.5865,0.58686,0.58643,0.58648,1876
2024-03-25 15:00:00,0.58644,0.58669,0.58622,0.5863,2085
2024-03-25 16:00:00,0.58631,0.58734,0.58628,0.58706,2506
2024-03-25 17:00:00,0.58704,0.58751,0.58674,0.58724,2550
2024-03-25 18:00:00,0.58724,0.5874,0.58702,0.58718,1894
2024-03-25 19:00:00,0.58719,0.58777,0.587,0.58772,1916
2024-03-25 20:00:00,0.58773,0.58783,0.58742,0.58764,2001
2024-03-25 21:00:00,0.58765,0.58792,0.5876,0.58771,993
2024-03-25 22:00:00,0.58773,0.58779,0.58747,0.58778,1032
2024-03-25 23:00:00,0.58777,0.58817,0.58777,0.58816,626
2024-03-26 00:00:00,0.58731,0.58815,0.5873,0.58804,1742
2024-03-26 01:00:00,0.58802,0.58841,0.588,0.5882,565
2024-03-26 02:00:00,0.58821,0.58826,0.58797,0.58809,854
2024-03-26 03:00:00,0.58808,0.58851,0.58807,0.58844,1573
2024-03-26 04:00:00,0.58844,0.58929,0.58832,0.58901,2596
2024-03-26 05:00:00,0.58903,0.58941,0.58878,0.58892,1530
2024-03-26 06:00:00,0.58891,0.58917,0.58813,0.58837,1687
2024-03-26 07:00:00,0.58836,0.58878,0.58828,0.58867,1412
2024-03-26 08:00:00,0.58867,0.58894,0.58859,0.58862,1449
2024-03-26 09:00:00,0.58864,0.58907,0.58855,0.58905,2000
2024-03-26 10:00:00,0.58905,0.5892,0.58864,0.58904,2245
2024-03-26 11:00:00,0.58904,0.58963,0.589,0.58943,2486
2024-03-26 12:00:00,0.58942,0.59062,0.58942,0.5906,2422
2024-03-26 13:00:00,0.5906,0.591,0.59023,0.59036,2265
2024-03-26 14:00:00,0.59035,0.59137,0.59014,0.59113,1955
2024-03-26 15:00:00,0.5911,0.59172,0.59065,0.59152,2536
2024-03-26 16:00:00,0.59152,0.59215,0.59051,0.59076,2828
2024-03-26 17:00:00,0.59073,0.59082,0.58964,0.59029,2739
2024-03-26 18:00:00,0.5903,0.5904,0.58974,0.59002,2401
2024-03-26 19:00:00,0.59,0.59093,0.58996,0.59068,2009
2024-03-26 20:00:00,0.59067,0.59085,0.59044,0.59059,1634
2024-03-26 21:00:00,0.5906,0.59075,0.5902,0.59025,1424
2024-03-26 22:00:00,0.59026,0.59045,0.59023,0.59044,1564
2024-03-26 23:00:00,0.59042,0.59059,0.59032,0.59057,556
2024-03-27 00:00:00,0.59035,0.59035,0.58985,0.59024,707
2024-03-27 01:00:00,0.59026,0.59052,0.5902,0.5905,807
2024-03-27 02:00:00,0.59052,0.59089,0.59038,0.5908,854
2024-03-27 03:00:00,0.5908,0.59081,0.58922,0.5896,1793
2024-03-27 04:00:00,0.58961,0.58982,0.58868,0.5891,2466
2024-03-27 05:00:00,0.58908,0.58941,0.58883,0.589,1746
2024-03-27 06:00:00,0.589,0.58945,0.58886,0.58944,1516
2024-03-27 07:00:00,0.58944,0.5902,0.58933,0.59011,1360
2024-03-27 08:00:00,0.59011,0.5903,0.58991,0.59017,1355
2024-03-27 09:00:00,0.59014,0.59038,0.58988,0.59019,1735
2024-03-27 10:00:00,0.59019,0.59121,0.59019,0.59092,2392
2024-03-27 11:00:00,0.59093,0.59119,0.58982,0.58996,2594
2024-03-27 12:00:00,0.58997,0.59087,0.58959,0.59068,3241
2024-03-27 13:00:00,0.5907,0.59142,0.59044,0.59118,2795
2024-03-27 14:00:00,0.59116,0.59178,0.59096,0.59137,2205
2024-03-27 15:00:00,0.59133,0.5914,0.59084,0.59089,2258
2024-03-27 16:00:00,0.5909,0.59102,0.59032,0.59094,2623
2024-03-27 17:00:00,0.59094,0.59169,0.59061,0.59096,2697
2024-03-27 18:00:00,0.59095,0.59191,0.5906,0.59079,2459
2024-03-27 19:00:00,0.5908,0.59106,0.5903,0.59044,2154
2024-03-27 20:00:00,0.59045,0.59108,0.59042,0.59093,1892
2024-03-27 21:00:00,0.59094,0.59131,0.59083,0.5912,1460
2024-03-27 22:00:00,0.59119,0.59124,0.59088,0.59105,1619
2024-03-27 23:00:00,0.59106,0.5912,0.59047,0.5905,749
2024-03-28 00:00:00,0.59021,0.59051,0.59011,0.59024,1096
2024-03-28 01:00:00,0.59026,0.59052,0.58995,0.5902,1259
2024-03-28 02:00:00,0.59022,0.59077,0.59019,0.59075,1320
2024-03-28 03:00:00,0.59075,0.59121,0.59047,0.59099,2091
2024-03-28 04:00:00,0.59097,0.59128,0.59062,0.59087,2254
2024-03-28 05:00:00,0.59088,0.59151,0.59085,0.59127,1901
2024-03-28 06:00:00,0.59127,0.59148,0.59099,0.59102,1817
2024-03-28 07:00:00,0.59101,0.59123,0.59087,0.59096,1627
2024-03-28 08:00:00,0.59095,0.59107,0.59031,0.5904,1767
2024-03-28 09:00:00,0.59043,0.59112,0.59025,0.59095,2048
2024-03-28 10:00:00,0.59095,0.59096,0.58895,0.58906,2618
2024-03-28 11:00:00,0.58907,0.58925,0.58824,0.5883,2328
2024-03-28 12:00:00,0.58832,0.58835,0.58733,0.58789,2198
2024-03-28 13:00:00,0.58788,0.58798,0.58751,0.58792,2218
2024-03-28 14:00:00,0.58793,0.58828,0.58763,0.58764,2042
2024-03-28 15:00:00,0.58761,0.58819,0.58753,0.58796,2762
2024-03-28 16:00:00,0.58795,0.58817,0.58717,0.58718,3059
2024-03-28 17:00:00,0.58732,0.58785,0.587,0.58782,2984
2024-03-28 18:00:00,0.58783,0.58817,0.58737,0.58752,2809
2024-03-28 19:00:00,0.58751,0.58797,0.58726,0.58748,2695
2024-03-28 20:00:00,0.58747,0.58757,0.58731,0.58748,2148
2024-03-28 21:00:00,0.58745,0.58793,0.58741,0.5879,1660
2024-03-28 22:00:00,0.5879,0.5879,0.58749,0.58763,1806
2024-03-28 23:00:00,0.58761,0.58762,0.58722,0.58746,923
2024-03-29 00:00:00,0.58707,0.58752,0.58668,0.58749,2882
2024-03-29 01:00:00,0.58747,0.58769,0.58653,0.58728,2532
2024-03-29 02:00:00,0.58728,0.58737,0.58689,0.58702,717
2024-03-29 03:00:00,0.58715,0.58848,0.58696,0.58782,1728
2024-03-29 04:00:00,0.58779,0.58795,0.58701,0.58788,935
2024-03-29 05:00:00,0.58789,0.58805,0.58759,0.58766,790
2024-03-29 06:00:00,0.58766,0.58786,0.5873,0.5874,539
2024-03-29 07:00:00,0.58741,0.58791,0.58724,0.58724,527
2024-03-29 08:00:00,0.58724,0.58773,0.58712,0.58743,686
2024-03-29 09:00:00,0.58742,0.58749,0.58677,0.58706,1079
2024-03-29 10:00:00,0.58705,0.58714,0.58616,0.58686,1747
2024-03-29 11:00:00,0.58689,0.58733,0.58666,0.58688,1361
2024-03-29 12:00:00,0.58698,0.58729,0.58661,0.58712,2338
2024-03-29 13:00:00,0.58703,0.58724,0.58675,0.58704,946
2024-03-29 14:00:00,0.58704,0.58742,0.5869,0.58706,2197
2024-03-29 15:00:00,0.58707,0.58887,0.58667,0.58816,1640
2024-03-29 16:00:00,0.58816,0.58878,0.58748,0.58834,1840
2024-03-29 17:00:00,0.58835,0.58866,0.58787,0.58833,2869
2024-03-29 18:00:00,0.58834,0.58858,0.5877,0.58809,2082
2024-03-29 19:00:00,0.5881,0.58844,0.58792,0.58827,1002
2024-03-29 20:00:00,0.58822,0.5885,0.58796,0.58802,908
2024-03-29 21:00:00,0.58803,0.58837,0.58786,0.58816,886
2024-03-29 22:00:00,0.58818,0.58826,0.58715,0.5874,763
2024-03-29 23:00:00,0.5874,0.58743,0.58567,0.58671,818
2024-04-01 00:00:00,0.58684,0.58732,0.58614,0.58732,467
2024-04-01 01:00:00,0.58739,0.58906,0.58739,0.58882,1622
2024-04-01 02:00:00,0.58882,0.58931,0.58867,0.58931,1483
2024-04-01 03:00:00,0.58929,0.58956,0.58906,0.58911,2341
2024-04-01 04:00:00,0.58913,0.58916,0.58853,0.58863,2001
2024-04-01 05:00:00,0.58859,0.5887,0.58839,0.58856,1611
2024-04-01 06:00:00,0.58856,0.58859,0.58803,0.58835,1303
2024-04-01 07:00:00,0.58836,0.58849,0.58791,0.58831,1621
2024-04-01 08:00:00,0.58832,0.58833,0.58759,0.58781,1216
2024-04-01 09:00:00,0.58779,0.58826,0.58765,0.58822,1606
2024-04-01 10:00:00,0.58823,0.5883,0.58787,0.58795,1703
2024-04-01 11:00:00,0.58794,0.58799,0.58766,0.58784,1444
2024-04-01 12:00:00,0.58784,0.58802,0.58774,0.58779,1269
2024-04-01 13:00:00,0.58778,0.58785,0.58762,0.5878,1647
2024-04-01 14:00:00,0.5878,0.58787,0.58741,0.58741,1202
2024-04-01 15:00:00,0.58742,0.58794,0.58711,0.58781,2115
2024-04-01 16:00:00,0.58782,0.58839,0.58758,0.58767,2577
2024-04-01 17:00:00,0.58755,0.58781,0.58717,0.58736,3259
2024-04-01 18:00:00,0.58735,0.58749,0.58677,0.587,2056
2024-04-01 19:00:00,0.58699,0.58709,0.58662,0.58671,1847
2024-04-01 20:00:00,0.58669,0.58672,0.58616,0.58661,1473
2024-04-01 21:00:00,0.58665,0.58692,0.58651,0.58691,1000
2024-04-01 22:00:00,0.5869,0.58698,0.58663,0.58677,1363
2024-04-01 23:00:00,0.58676,0.58683,0.58667,0.58681,854
2024-04-02 00:00:00,0.5863,0.58696,0.5862,0.58671,1223
2024-04-02 01:00:00,0.58673,0.58713,0.58667,0.58685,936
2024-04-02 02:00:00,0.58685,0.58738,0.58672,0.58715,1332
2024-04-02 03:00:00,0.58716,0.58774,0.58703,0.5876,2325
2024-04-02 04:00:00,0.58759,0.58842,0.58729,0.58837,2168
2024-04-02 05:00:00,0.58837,0.58849,0.58789,0.58828,1593
2024-04-02 06:00:00,0.58828,0.58848,0.58794,0.58797,1083
2024-04-02 07:00:00,0.58797,0.58817,0.58775,0.58812,880
2024-04-02 08:00:00,0.58813,0.58838,0.5879,0.58804,1547
2024-04-02 09:00:00,0.58802,0.58913,0.58793,0.58898,2326
2024-04-02 10:00:00,0.58898,0.58992,0.58894,0.58982,2440
2024-04-02 11:00:00,0.58985,0.59144,0.58983,0.59099,2400
2024-04-02 12:00:00,0.59099,0.59173,0.59067,0.59111,2050
2024-04-02 13:00:00,0.59109,0.59111,0.59052,0.5906,1833
2024-04-02 14:00:00,0.59059,0.59079,0.59034,0.59061,1893
2024-04-02 15:00:00,0.59062,0.59099,0.58985,0.59002,2748
2024-04-02 16:00:00,0.59001,0.59006,0.58901,0.58933,2853
2024-04-02 17:00:00,0.58933,0.59078,0.58932,0.59032,3515
2024-04-02 18:00:00,0.59029,0.59079,0.59016,0.59073,2681
2024-04-02 19:00:00,0.59074,0.59078,0.59016,0.59056,2084
2024-04-02 20:00:00,0.5906,0.59109,0.59055,0.591,1338
2024-04-02 21:00:00,0.59101,0.59124,0.59086,0.59122,1258
2024-04-02 22:00:00,0.59122,0.59166,0.59118,0.59137,1378
2024-04-02 23:00:00,0.59136,0.59182,0.5913,0.59178,697
2024-04-03 00:00:00,0.59164,0.59168,0.59117,0.59156,715
2024-04-03 01:00:00,0.59157,0.59196,0.59141,0.59151,944
2024-04-03 02:00:00,0.59153,0.59166,0.5912,0.59123,1436
2024-04-03 03:00:00,0.59125,0.59143,0.591,0.591,1799
2024-04-03 04:00:00,0.59099,0.59124,0.59065,0.59096,1885
2024-04-03 05:00:00,0.59097,0.59136,0.59089,0.59124,1681
2024-04-03 06:00:00,0.59125,0.59204,0.59122,0.59201,1429
2024-04-03 07:00:00,0.59201,0.59247,0.59191,0.59204,1455
2024-04-03 08:00:00,0.59204,0.5921,0.59177,0.59192,1684
2024-04-03 09:00:00,0.59192,0.5923,0.59189,0.59223,1936
2024-04-03 10:00:00,0.59223,0.59237,0.59103,0.59135,2336
2024-04-03 11:00:00,0.59134,0.59137,0.59059,0.59107,1895
2024-04-03 12:00:00,0.59105,0.59159,0.59096,0.59155,2100
2024-04-03 13:00:00,0.59154,0.59154,0.59096,0.59146,1651
2024-04-03 14:00:00,0.59145,0.59187,0.5914,0.59182,1870
2024-04-03 15:00:00,0.59183,0.59234,0.59165,0.59222,2910
2024-04-03 16:00:00,0.59223,0.59256,0.59159,0.59177,3219
2024-04-03 17:00:00,0.59173,0.59336,0.59172,0.59291,3975
2024-04-03 18:00:00,0.59291,0.59308,0.59222,0.59264,2787
2024-04-03 19:00:00,0.59264,0.59342,0.59258,0.59327,2957
2024-04-03 20:00:00,0.59326,0.59364,0.59308,0.59352,1971
2024-04-03 21:00:00,0.59351,0.59355,0.59282,0.59315,1475
2024-04-03 22:00:00,0.59315,0.59315,0.59267,0.59268,1763
2024-04-03 23:00:00,0.59268,0.59277,0.59251,0.59256,971
2024-04-04 00:00:00,0.59234,0.59266,0.59206,0.59242,916
2024-04-04 01:00:00,0.59244,0.59277,0.59242,0.59269,649
2024-04-04 02:00:00,0.5927,0.59323,0.59268,0.59304,1108
2024-04-04 03:00:00,0.59305,0.5938,0.59293,0.59376,1773
2024-04-04 04:00:00,0.59376,0.59426,0.59373,0.59403,1659
2024-04-04 05:00:00,0.59404,0.5941,0.59368,0.594,1287
2024-04-04 06:00:00,0.594,0.59449,0.59399,0.59443,1144
2024-04-04 07:00:00,0.59444,0.59499,0.59439,0.59487,1238
2024-04-04 08:00:00,0.59487,0.59554,0.59481,0.59523,1127
2024-04-04 09:00:00,0.59525,0.59769,0.59472,0.59737,2584
2024-04-04 10:00:00,0.59737,0.59798,0.59714,0.5977,2669
2024-04-04 11:00:00,0.5977,0.59829,0.59737,0.59757,2146
2024-04-04 12:00:00,0.59756,0.59849,0.5975,0.5984,1724
2024-04-04 13:00:00,0.5984,0.59904,0.5984,0.59897,1704
2024-04-04 14:00:00,0.59894,0.59919,0.59855,0.59891,1826
2024-04-04 15:00:00,0.59891,0.59896,0.59827,0.59852,2565
2024-04-04 16:00:00,0.59852,0.59884,0.59778,0.59791,2863
2024-04-04 17:00:00,0.5979,0.59873,0.59786,0.59873,2320
2024-04-04 18:00:00,0.59872,0.59888,0.59845,0.59854,1845
2024-04-04 19:00:00,0.59853,0.59862,0.59811,0.59822,1340
2024-04-04 20:00:00,0.59823,0.59856,0.59808,0.59832,1218
2024-04-04 21:00:00,0.59832,0.59837,0.59566,0.59593,3063
2024-04-04 22:00:00,0.5959,0.5959,0.59295,0.59303,3760
2024-04-04 23:00:00,0.59302,0.5938,0.59294,0.59371,1124
2024-04-05 00:00:00,0.59369,0.59389,0.59274,0.59385,1520
2024-04-05 01:00:00,0.59384,0.59394,0.59339,0.59353,1175
2024-04-05 02:00:00,0.59353,0.59392,0.59336,0.59387,1420
2024-04-05 03:00:00,0.59387,0.59445,0.5936,0.59397,2693
2024-04-05 04:00:00,0.59396,0.59417,0.59268,0.59273,2846
2024-04-05 05:00:00,0.59272,0.59298,0.59215,0.59226,1890
2024-04-05 06:00:00,0.59225,0.59288,0.59209,0.59286,1518
2024-04-05 07:00:00,0.59287,0.59318,0.59281,0.59314,1502
2024-04-05 08:00:00,0.59314,0.59332,0.59298,0.59307,1503
2024-04-05 09:00:00,0.59308,0.5936,0.59285,0.59288,2301
2024-04-05 10:00:00,0.59288,0.59525,0.59286,0.59507,2434
2024-04-05 11:00:00,0.59505,0.5951,0.59438,0.59474,2429
2024-04-05 12:00:00,0.59474,0.59507,0.59452,0.5946,1962
2024-04-05 13:00:00,0.59461,0.59466,0.59438,0.59457,1499
2024-04-05 14:00:00,0.59461,0.59493,0.59441,0.59484,1669
2024-04-05 15:00:00,0.59484,0.59519,0.59379,0.59409,3816
2024-04-05 16:00:00,0.59407,0.59441,0.59324,0.59381,3906
2024-04-05 17:00:00,0.5938,0.59384,0.59213,0.59254,3792
2024-04-05 18:00:00,0.59256,0.593,0.5917,0.59278,2971
2024-04-05 19:00:00,0.59282,0.59352,0.59278,0.59346,2112
2024-04-05 20:00:00,0.59344,0.59361,0.59321,0.59348,2186
2024-04-05 21:00:00,0.59348,0.59365,0.59327,0.59364,2272
2024-04-05 22:00:00,0.59365,0.59385,0.59354,0.59364,1454
2024-04-05 23:00:00,0.59362,0.59374,0.59326,0.59345,1008
2024-04-08 00:00:00,0.59076,0.59251,0.59058,0.59236,1966
2024-04-08 01:00:00,0.59257,0.59385,0.59256,0.59362,1140
2024-04-08 02:00:00,0.5936,0.59379,0.59322,0.59335,1424
2024-04-08 03:00:00,0.59334,0.59345,0.59279,0.59307,2650
2024-04-08 04:00:00,0.59306,0.59425,0.59296,0.5942,3017
2024-04-08 05:00:00,0.59418,0.5946,0.59385,0.59444,2762
2024-04-08 06:00:00,0.59443,0.59458,0.59355,0.59416,2124
2024-04-08 07:00:00,0.59417,0.59472,0.59413,0.5947,1689
2024-04-08 08:00:00,0.59472,0.59502,0.59416,0.59438,2564
2024-04-08 09:00:00,0.59441,0.59505,0.59411,0.59496,2382
2024-04-08 10:00:00,0.595,0.59584,0.59488,0.59572,2698
2024-04-08 11:00:00,0.59572,0.59626,0.59557,0.5959,2684
2024-04-08 12:00:00,0.59589,0.59639,0.59564,0.59629,2130
2024-04-08 13:00:00,0.59628,0.59694,0.59624,0.5969,1713
2024-04-08 14:00:00,0.59692,0.59715,0.59647,0.59698,1953
2024-04-08 15:00:00,0.59699,0.59707,0.59632,0.59648,2529
2024-04-08 16:00:00,0.5965,0.59808,0.5965,0.59775,3290
2024-04-08 17:00:00,0.59773,0.59829,0.59718,0.59729,3261
2024-04-08 18:00:00,0.59727,0.59765,0.59703,0.59748,2569
2024-04-08 19:00:00,0.59748,0.59791,0.5973,0.59772,1623
2024-04-08 20:00:00,0.59772,0.59803,0.59749,0.59752,1677
2024-04-08 21:00:00,0.59752,0.59766,0.59735,0.59762,1623
2024-04-08 22:00:00,0.59761,0.59788,0.59757,0.59775,1287
2024-04-08 23:00:00,0.59776,0.59806,0.59776,0.59785,580
2024-04-09 00:00:00,0.59755,0.59787,0.59722,0.59769,1206
2024-04-09 01:00:00,0.59766,0.59802,0.59766,0.59793,619
2024-04-09 02:00:00,0.59796,0.59812,0.5977,0.59775,1152
2024-04-09 03:00:00,0.59774,0.59816,0.59766,0.59803,1789
2024-04-09 04:00:00,0.59803,0.59843,0.59768,0.59797,2230
2024-04-09 05:00:00,0.59796,0.5982,0.59755,0.59766,1558
2024-04-09 06:00:00,0.59765,0.59772,0.59713,0.59737,1521
2024-04-09 07:00:00,0.59736,0.59822,0.59736,0.59793,1394
2024-04-09 08:00:00,0.59794,0.5981,0.59746,0.59753,1363
2024-04-09 09:00:00,0.59754,0.59762,0.59675,0.59696,2037
2024-04-09 10:00:00,0.59698,0.5978,0.59694,0.59772,2120
2024-04-09 11:00:00,0.5977,0.59799,0.59748,0.59796,2241
2024-04-09 12:00:00,0.59795,0.59833,0.59766,0.59831,2126
2024-04-09 13:00:00,0.5983,0.59867,0.59758,0.59785,1984
2024-04-09 14:00:00,0.5978,0.59832,0.5976,0.5982,2129
2024-04-09 15:00:00,0.59819,0.59867,0.59799,0.59811,3045
2024-04-09 16:00:00,0.59812,0.59907,0.5978,0.59896,2978
2024-04-09 17:00:00,0.59897,0.59951,0.59773,0.59838,3485
2024-04-09 18:00:00,0.59836,0.59844,0.5978,0.59795,3075
2024-04-09 19:00:00,0.59793,0.59831,0.59779,0.59793,1699
2024-04-09 20:00:00,0.5979,0.59818,0.59778,0.59805,1839
2024-04-09 21:00:00,0.59804,0.59839,0.59797,0.59822,1343
2024-04-09 22:00:00,0.5982,0.5987,0.59809,0.59864,1738
2024-04-09 23:00:00,0.59863,0.59885,0.59853,0.59884,724
2024-04-10 00:00:00,0.59817,0.5988,0.59767,0.5985,1702
2024-04-10 01:00:00,0.59872,0.59884,0.59855,0.59863,846
2024-04-10 02:00:00,0.59863,0.59871,0.59851,0.59854,707
2024-04-10 03:00:00,0.59853,0.59888,0.59852,0.5986,1656
2024-04-10 04:00:00,0.5986,0.59877,0.59814,0.59854,2046
2024-04-10 05:00:00,0.59854,0.59887,0.59813,0.59853,2121
2024-04-10 06:00:00,0.59854,0.5989,0.59847,0.59847,1180
2024-04-10 07:00:00,0.59848,0.59864,0.5983,0.59839,981
2024-04-10 08:00:00,0.59838,0.59882,0.59829,0.59838,1827
2024-04-10 09:00:00,0.5984,0.59879,0.59832,0.59873,1814
2024-04-10 10:00:00,0.59872,0.5989,0.59811,0.59882,2231
2024-04-10 11:00:00,0.59881,0.59891,0.59829,0.59877,1902
2024-04-10 12:00:00,0.59876,0.59883,0.59824,0.59855,2187
2024-04-10 13:00:00,0.59857,0.59863,0.59836,0.59849,1967
2024-04-10 14:00:00,0.5985,0.59864,0.59797,0.5981,2398
2024-04-10 15:00:00,0.5981,0.59849,0.5949,0.59585,6742
2024-04-10 16:00:00,0.59585,0.5959,0.59408,0.59501,8113
2024-04-10 17:00:00,0.59502,0.59585,0.59459,0.59501,6403
2024-04-10 18:00:00,0.59501,0.59513,0.59378,0.59393,4923
2024-04-10 19:00:00,0.59393,0.59484,0.59352,0.59481,3563
2024-04-10 20:00:00,0.59481,0.59537,0.59332,0.59401,5580
2024-04-10 21:00:00,0.59399,0.59451,0.59363,0.59383,4632
2024-04-10 22:00:00,0.59384,0.59483,0.59377,0.59473,3257
2024-04-10 23:00:00,0.59474,0.59492,0.5942,0.59439,1475
2024-04-11 00:00:00,0.59372,0.59469,0.59353,0.59446,2448
2024-04-11 01:00:00,0.59451,0.59451,0.59405,0.59433,1042
2024-04-11 02:00:00,0.59433,0.59451,0.59394,0.59421,1956
2024-04-11 03:00:00,0.59422,0.59445,0.59383,0.59427,3560
2024-04-11 04:00:00,0.59426,0.59503,0.59415,0.59471,4104
2024-04-11 05:00:00,0.59471,0.5949,0.59434,0.59477,2694
2024-04-11 06:00:00,0.59482,0.595,0.59462,0.59483,2045
2024-04-11 07:00:00,0.59484,0.59493,0.59465,0.59479,1433
2024-04-11 08:00:00,0.59481,0.59541,0.59479,0.59537,2074
2024-04-11 09:00:00,0.5954,0.59618,0.59527,0.59598,4190
2024-04-11 10:00:00,0.59598,0.59647,0.59572,0.59643,4565
2024-04-11 11:00:00,0.59646,0.5965,0.59567,0.59592,4131
2024-04-11 12:00:00,0.59592,0.59607,0.59527,0.59555,3385
2024-04-11 13:00:00,0.59554,0.59564,0.59482,0.59519,3467
2024-04-11 14:00:00,0.59518,0.59549,0.59487,0.59527,3848
2024-04-11 15:00:00,0.59528,0.59536,0.59237,0.5948,7129
2024-04-11 16:00:00,0.59482,0.59585,0.59457,0.59513,6640
2024-04-11 17:00:00,0.59514,0.59519,0.5937,0.59377,5880
2024-04-11 18:00:00,0.59376,0.59413,0.59322,0.59411,4354
2024-04-11 19:00:00,0.59411,0.59431,0.59355,0.59399,3390
2024-04-11 20:00:00,0.59398,0.5946,0.59379,0.59449,3189
2024-04-11 21:00:00,0.5945,0.59506,0.59447,0.59499,2688
2024-04-11 22:00:00,0.595,0.59503,0.59477,0.59499,2228
2024-04-11 23:00:00,0.59498,0.59506,0.59471,0.5948,849
2024-04-12 00:00:00,0.59406,0.59499,0.594,0.59472,591
2024-04-12 01:00:00,0.59472,0.59495,0.59467,0.59484,1158
2024-04-12 02:00:00,0.59486,0.59523,0.59479,0.59504,1253
2024-04-12 03:00:00,0.59504,0.59516,0.59465,0.59478,2766
2024-04-12 04:00:00,0.59477,0.59509,0.59447,0.59499,3793
2024-04-12 05:00:00,0.59498,0.59505,0.59471,0.59498,2754
2024-04-12 06:00:00,0.59498,0.59518,0.59435,0.5946,2081
2024-04-12 07:00:00,0.5946,0.5949,0.59452,0.59467,1800
2024-04-12 08:00:00,0.59466,0.59486,0.59449,0.59451,1984
2024-04-12 09:00:00,0.59453,0.59457,0.59383,0.59394,4324
2024-04-12 10:00:00,0.59394,0.59479,0.59384,0.59474,4411
2024-04-12 11:00:00,0.59475,0.59537,0.59443,0.59445,3663
2024-04-12 12:00:00,0.59446,0.59448,0.59381,0.59389,3582
2024-04-12 13:00:00,0.59388,0.59406,0.59281,0.59301,2829
2024-04-12 14:00:00,0.59301,0.59313,0.59232,0.59246,3341
2024-04-12 15:00:00,0.59246,0.59255,0.58993,0.59022,5190
2024-04-12 16:00:00,0.59022,0.59095,0.58943,0.5904,5946
2024-04-12 17:00:00,0.59037,0.59046,0.58868,0.58927,6155
2024-04-12 18:00:00,0.58927,0.59072,0.58917,0.59066,5093
2024-04-12 19:00:00,0.59067,0.5907,0.58953,0.58967,4504
2024-04-12 20:00:00,0.58967,0.59039,0.58922,0.59034,3872
2024-04-12 21:00:00,0.59035,0.59052,0.5898,0.58981,3395
2024-04-12 22:00:00,0.58981,0.59043,0.58975,0.59037,2172
2024-04-12 23:00:00,0.59038,0.59112,0.59034,0.59089,1337
2024-04-15 00:00:00,0.58876,0.58998,0.58835,0.58977,1319
2024-04-15 01:00:00,0.5898,0.59125,0.5898,0.5912,3102
2024-04-15 02:00:00,0.59124,0.59186,0.59094,0.59157,2540
2024-04-15 03:00:00,0.59158,0.59205,0.59141,0.59156,3934
2024-04-15 04:00:00,0.59157,0.59185,0.59074,0.59172,4521
2024-04-15 05:00:00,0.59172,0.59231,0.5917,0.59218,4075
2024-04-15 06:00:00,0.59219,0.59294,0.59201,0.59267,2226
2024-04-15 07:00:00,0.59266,0.59303,0.59251,0.59296,2668
2024-04-15 08:00:00,0.59296,0.59317,0.59257,0.59292,2562
2024-04-15 09:00:00,0.59293,0.59297,0.5919,0.59201,4404
2024-04-15 10:00:00,0.59199,0.59202,0.59129,0.59184,4568
2024-04-15 11:00:00,0.59184,0.59213,0.59132,0.59169,4575
2024-04-15 12:00:00,0.59169,0.59207,0.59158,0.59183,3221
2024-04-15 13:00:00,0.59185,0.59235,0.5916,0.59207,3021
2024-04-15 14:00:00,0.59206,0.59208,0.59144,0.59168,3974
2024-04-15 15:00:00,0.59169,0.59211,0.59106,0.59183,5208
2024-04-15 16:00:00,0.59183,0.59228,0.59076,0.59105,5355
2024-04-15 17:00:00,0.59103,0.59106,0.58971,0.59012,6315
2024-04-15 18:00:00,0.59009,0.59104,0.58974,0.59097,4381
2024-04-15 19:00:00,0.59097,0.591,0.58978,0.58984,3477
2024-04-15 20:00:00,0.58982,0.58992,0.58824,0.58835,4461
2024-04-15 21:00:00,0.58835,0.58875,0.58775,0.5879,3881
2024-04-15 22:00:00,0.5879,0.58822,0.58741,0.58778,3277
2024-04-15 23:00:00,0.58778,0.58791,0.5871,0.58718,1218
2024-04-16 00:00:00,0.58713,0.5875,0.58682,0.58715,1445
2024-04-16 01:00:00,0.58728,0.58757,0.58711,0.5875,844
2024-04-16 02:00:00,0.58749,0.58753,0.58725,0.58738,1771
2024-04-16 03:00:00,0.58738,0.58761,0.58638,0.58639,3962
2024-04-16 04:00:00,0.58638,0.58656,0.58503,0.58575,4285
2024-04-16 05:00:00,0.58578,0.586,0.58537,0.58585,4488
2024-04-16 06:00:00,0.58585,0.58603,0.58543,0.58603,2188
2024-04-16 07:00:00,0.58602,0.58628,0.5857,0.58618,2174
2024-04-16 08:00:00,0.58617,0.58668,0.58601,0.58625,2880
2024-04-16 09:00:00,0.58625,0.58635,0.58551,0.58612,4265
2024-04-16 10:00:00,0.58614,0.58689,0.58502,0.5852,5092
2024-04-16 11:00:00,0.5852,0.58648,0.58509,0.58578,3824
2024-04-16 12:00:00,0.58577,0.58627,0.5856,0.58619,3468
2024-04-16 13:00:00,0.58619,0.58621,0.58521,0.58564,3687
2024-04-16 14:00:00,0.58563,0.58632,0.58536,0.5861,3276
2024-04-16 15:00:00,0.58609,0.58619,0.58506,0.5852,4463
2024-04-16 16:00:00,0.58524,0.58549,0.58376,0.58437,5783
2024-04-16 17:00:00,0.58437,0.58551,0.58402,0.58426,5503
2024-04-16 18:00:00,0.58426,0.5853,0.58424,0.58497,4211
2024-04-16 19:00:00,0.58496,0.58505,0.58442,0.58469,3734
2024-04-16 20:00:00,0.5847,0.58513,0.58394,0.58502,5645
2024-04-16 21:00:00,0.58503,0.5855,0.58432,0.585,5706
2024-04-16 22:00:00,0.58499,0.58514,0.58447,0.5847,3262
2024-04-16 23:00:00,0.5847,0.58485,0.58429,0.58441,1309
2024-04-17 00:00:00,0.58403,0.58441,0.58397,0.58409,1088
2024-04-17 01:00:00,0.58412,0.58501,0.58412,0.58478,1336
2024-04-17 02:00:00,0.5848,0.58523,0.58452,0.58518,1484
2024-04-17 03:00:00,0.58518,0.58555,0.5849,0.58502,2805
2024-04-17 04:00:00,0.58503,0.58565,0.58471,0.5854,3840
2024-04-17 05:00:00,0.58541,0.58577,0.58518,0.58552,2338
2024-04-17 06:00:00,0.58552,0.58574,0.58529,0.58531,2056
2024-04-17 07:00:00,0.5853,0.58545,0.58489,0.58512,1540
2024-04-17 08:00:00,0.58511,0.58511,0.58438,0.58482,2287
2024-04-17 09:00:00,0.58483,0.58577,0.58464,0.585,4216
2024-04-17 10:00:00,0.585,0.5855,0.58419,0.58433,4296
2024-04-17 11:00:00,0.58433,0.58498,0.58428,0.58475,3440
2024-04-17 12:00:00,0.58476,0.58559,0.58431,0.58555,3479
2024-04-17 13:00:00,0.58554,0.58597,0.58522,0.58531,2642
2024-04-17 14:00:00,0.58531,0.5855,0.5851,0.58537,2407
2024-04-17 15:00:00,0.58536,0.58583,0.58523,0.5856,3609
2024-04-17 16:00:00,0.58561,0.58651,0.58551,0.58642,4960
2024-04-17 17:00:00,0.58641,0.58641,0.58571,0.58606,4582
2024-04-17 18:00:00,0.58606,0.58636,0.58504,0.58531,4346
2024-04-17 19:00:00,0.58531,0.58531,0.58453,0.58463,4435
2024-04-17 20:00:00,0.58464,0.58571,0.58458,0.58565,5127
2024-04-17 21:00:00,0.58564,0.58654,0.58564,0.58594,3731
2024-04-17 22:00:00,0.58593,0.58596,0.58545,0.58576,3250
2024-04-17 23:00:00,0.58574,0.58611,0.58561,0.58598,1027
2024-04-18 00:00:00,0.58526,0.58609,0.58483,0.58604,1626
2024-04-18 01:00:00,0.58595,0.58611,0.58575,0.58607,1137
2024-04-18 02:00:00,0.58606,0.58653,0.58605,0.5863,1248
2024-04-18 03:00:00,0.58629,0.58638,0.5859,0.58626,2702
2024-04-18 04:00:00,0.58629,0.58667,0.58552,0.58637,4008
2024-04-18 05:00:00,0.58638,0.58721,0.58623,0.5871,3410
2024-04-18 06:00:00,0.5871,0.5874,0.58664,0.58708,2605
2024-04-18 07:00:00,0.58708,0.5871,0.58669,0.58673,1493
2024-04-18 08:00:00,0.58673,0.58674,0.58602,0.58657,2489
2024-04-18 09:00:00,0.58653,0.58689,0.58626,0.58672,3448
2024-04-18 10:00:00,0.58671,0.58671,0.58589,0.58642,3774
2024-04-18 11:00:00,0.58639,0.58639,0.5857,0.58577,3882
2024-04-18 12:00:00,0.58578,0.58588,0.58542,0.58573,2466
2024-04-18 13:00:00,0.58574,0.58576,0.58515,0.58562,2927
2024-04-18 14:00:00,0.58561,0.58585,0.58516,0.58572,2866
2024-04-18 15:00:00,0.58572,0.58599,0.58522,0.5858,4737
2024-04-18 16:00:00,0.5858,0.58649,0.5852,0.58587,5873
2024-04-18 17:00:00,0.58589,0.58714,0.58546,0.58666,5069
2024-04-18 18:00:00,0.58665,0.5871,0.5861,0.58656,3862
2024-04-18 19:00:00,0.58655,0.58675,0.58599,0.58612,3336
2024-04-18 20:00:00,0.58611,0.58612,0.5849,0.58534,3583
2024-04-18 21:00:00,0.58533,0.58571,0.58501,0.58554,3303
2024-04-18 22:00:00,0.58554,0.58596,0.58546,0.58594,2458
2024-04-18 23:00:00,0.58593,0.58597,0.58565,0.58574,880
2024-04-19 00:00:00,0.58545,0.58592,0.58518,0.58583,2320
2024-04-19 01:00:00,0.58577,0.58605,0.58569,0.58597,612
2024-04-19 02:00:00,0.58598,0.58624,0.58582,0.58607,1360
2024-04-19 03:00:00,0.58608,0.58609,0.58415,0.58422,3723
2024-04-19 04:00:00,0.58424,0.58438,0.57684,0.5789,7789
2024-04-19 05:00:00,0.57893,0.57906,0.57415,0.57693,7686
2024-04-19 06:00:00,0.57694,0.58158,0.57691,0.5799,7231
2024-04-19 07:00:00,0.57989,0.58198,0.57985,0.58125,4730
2024-04-19 08:00:00,0.58127,0.58145,0.58063,0.58075,4078
2024-04-19 09:00:00,0.58065,0.58292,0.58052,0.58234,5504
2024-04-19 10:00:00,0.58234,0.58365,0.58218,0.58333,5739
2024-04-19 11:00:00,0.58333,0.58333,0.58188,0.58278,4448
2024-04-19 12:00:00,0.58278,0.58364,0.58274,0.58323,3914
2024-04-19 13:00:00,0.5832,0.58323,0.58206,0.5823,3779
2024-04-19 14:00:00,0.58231,0.58287,0.58216,0.58276,3446
2024-04-19 15:00:00,0.58276,0.58343,0.58225,0.58295,3972
2024-04-19 16:00:00,0.58293,0.5835,0.58247,0.58311,5271
2024-04-19 17:00:00,0.58312,0.58432,0.58302,0.58389,5704
2024-04-19 18:00:00,0.58387,0.58438,0.58342,0.58383,4647
2024-04-19 19:00:00,0.58381,0.58429,0.58304,0.58427,3881
2024-04-19 20:00:00,0.58425,0.58452,0.58393,0.58448,3647
2024-04-19 21:00:00,0.58447,0.58447,0.58366,0.58382,3397
2024-04-19 22:00:00,0.58381,0.58439,0.58376,0.58417,2541
2024-04-19 23:00:00,0.58417,0.58443,0.58394,0.58401,987
2024-04-22 00:00:00,0.58217,0.58393,0.58217,0.58337,670
2024-04-22 01:00:00,0.58348,0.58482,0.58346,0.58478,2466
2024-04-22 02:00:00,0.5848,0.58552,0.58469,0.58543,2159
2024-04-22 03:00:00,0.58543,0.58667,0.58514,0.58599,4152
2024-04-22 04:00:00,0.58597,0.58736,0.58591,0.58733,4682
2024-04-22 05:00:00,0.58731,0.58772,0.58712,0.58737,2417
2024-04-22 06:00:00,0.58736,0.58744,0.58672,0.58682,2432
2024-04-22 07:00:00,0.58682,0.58709,0.58657,0.58658,1942
2024-04-22 08:00:00,0.58661,0.58674,0.58625,0.58636,2349
2024-04-22 09:00:00,0.58635,0.5867,0.5856,0.58565,3801
2024-04-22 10:00:00,0.58564,0.58599,0.5851,0.58528,3745
2024-04-22 11:00:00,0.58527,0.58618,0.58496,0.58615,3278
2024-04-22 12:00:00,0.58616,0.58674,0.58605,0.5865,3540
2024-04-22 13:00:00,0.5865,0.58696,0.5864,0.58691,3158
2024-04-22 14:00:00,0.5869,0.58698,0.58646,0.58686,3761
2024-04-22 15:00:00,0.58687,0.58695,0.58649,0.58655,2994
2024-04-22 16:00:00,0.58655,0.58689,0.58593,0.58642,4356
2024-04-22 17:00:00,0.58643,0.58686,0.58624,0.58645,3829
2024-04-22 18:00:00,0.58645,0.58727,0.58641,0.58711,3529
2024-04-22 19:00:00,0.5871,0.58776,0.58705,0.58724,2642
2024-04-22 20:00:00,0.58723,0.58759,0.58723,0.58758,2571
2024-04-22 21:00:00,0.58758,0.58793,0.58749,0.58768,1757
2024-04-22 22:00:00,0.58769,0.58794,0.58749,0.58789,2169
2024-04-22 23:00:00,0.58788,0.58815,0.58775,0.58814,836
2024-04-23 00:00:00,0.58746,0.58806,0.58729,0.588,1304
2024-04-23 01:00:00,0.58791,0.58814,0.58791,0.58797,4267
2024-04-23 02:00:00,0.58797,0.58826,0.58777,0.58822,1558
2024-04-23 03:00:00,0.58823,0.58866,0.58791,0.58865,2388
2024-04-23 04:00:00,0.58862,0.58894,0.58812,0.58839,3045
2024-04-23 05:00:00,0.58838,0.58938,0.58838,0.58913,3023
2024-04-23 06:00:00,0.58912,0.58921,0.58858,0.58891,2346
2024-04-23 07:00:00,0.5889,0.58937,0.58886,0.5891,2305
2024-04-23 08:00:00,0.5891,0.58912,0.58866,0.58892,2152
2024-04-23 09:00:00,0.58895,0.58924,0.58854,0.58867,2985
2024-04-23 10:00:00,0.58866,0.58866,0.58721,0.58735,4436
2024-04-23 11:00:00,0.58739,0.58786,0.58692,0.58752,3294
2024-04-23 12:00:00,0.58753,0.58779,0.58707,0.58772,3088
2024-04-23 13:00:00,0.58771,0.58857,0.5876,0.58827,2598
2024-04-23 14:00:00,0.58827,0.58838,0.58792,0.58808,3090
2024-04-23 15:00:00,0.58807,0.58833,0.58773,0.58829,2899
2024-04-23 16:00:00,0.58829,0.58945,0.58808,0.58938,4589
2024-04-23 17:00:00,0.58938,0.59016,0.5891,0.58951,6328
2024-04-23 18:00:00,0.58949,0.59057,0.58932,0.59046,3617
2024-04-23 19:00:00,0.59046,0.59154,0.59035,0.59107,2820
2024-04-23 20:00:00,0.59106,0.59137,0.59066,0.5912,3056
2024-04-23 21:00:00,0.59117,0.59134,0.59099,0.59118,2264
2024-04-23 22:00:00,0.5912,0.59143,0.59101,0.59122,1966
2024-04-23 23:00:00,0.59122,0.59152,0.59106,0.59146,758
2024-04-24 00:00:00,0.58979,0.59131,0.58979,0.59107,1791
2024-04-24 01:00:00,0.59118,0.59144,0.59106,0.59118,818
2024-04-24 02:00:00,0.59122,0.59147,0.59102,0.59131,1174
2024-04-24 03:00:00,0.5913,0.59186,0.59124,0.59175,2127
2024-04-24 04:00:00,0.59176,0.59444,0.59163,0.5944,3922
2024-04-24 05:00:00,0.5944,0.59488,0.59413,0.59418,3220
2024-04-24 06:00:00,0.59419,0.59419,0.59354,0.594,1711
2024-04-24 07:00:00,0.594,0.59419,0.59378,0.59399,2046
2024-04-24 08:00:00,0.59398,0.59426,0.59373,0.59408,2067
2024-04-24 09:00:00,0.5941,0.59472,0.59374,0.59439,3028
2024-04-24 10:00:00,0.5944,0.59496,0.59379,0.59442,3783
2024-04-24 11:00:00,0.5944,0.59476,0.59414,0.59449,2691
2024-04-24 12:00:00,0.59449,0.5948,0.5939,0.59394,2169
2024-04-24 13:00:00,0.59394,0.59423,0.59351,0.59383,2138
2024-04-24 14:00:00,0.59383,0.59499,0.59383,0.59457,2090
2024-04-24 15:00:00,0.59456,0.5951,0.59327,0.59334,4419
2024-04-24 16:00:00,0.59335,0.59363,0.59243,0.59317,5120
2024-04-24 17:00:00,0.5932,0.59348,0.59239,0.59303,4576
2024-04-24 18:00:00,0.59304,0.59332,0.5924,0.59259,3740
2024-04-24 19:00:00,0.59258,0.59313,0.59256,0.59313,3068
2024-04-24 20:00:00,0.59312,0.59382,0.59286,0.59366,2662
2024-04-24 21:00:00,0.5937,0.59389,0.59326,0.59381,2582
2024-04-24 22:00:00,0.5938,0.5945,0.59369,0.59439,2113
2024-04-24 23:00:00,0.59439,0.59446,0.59406,0.59437,1185
2024-04-25 00:00:00,0.59402,0.59446,0.59376,0.59431,2491
2024-04-25 01:00:00,0.59431,0.59431,0.59405,0.59413,814
2024-04-25 02:00:00,0.59413,0.59422,0.59397,0.59415,1222
2024-04-25 03:00:00,0.59415,0.59461,0.59397,0.59434,2001
2024-04-25 04:00:00,0.59432,0.59476,0.59377,0.59453,2590
2024-04-25 05:00:00,0.59454,0.59518,0.59447,0.59491,2312
2024-04-25 06:00:00,0.59489,0.59496,0.59438,0.5948,1952
2024-04-25 07:00:00,0.5948,0.59509,0.59466,0.59495,959
2024-04-25 08:00:00,0.59496,0.59519,0.59475,0.59514,1915
2024-04-25 09:00:00,0.59514,0.59551,0.59491,0.59525,2956
2024-04-25 10:00:00,0.59526,0.59584,0.59508,0.59565,3526
2024-04-25 11:00:00,0.59564,0.5963,0.59562,0.59578,2715
2024-04-25 12:00:00,0.59577,0.59598,0.59543,0.59567,2674
2024-04-25 13:00:00,0.59567,0.59617,0.59553,0.59596,2440
2024-04-25 14:00:00,0.59595,0.59666,0.59583,0.59649,2623
2024-04-25 15:00:00,0.59648,0.59652,0.59429,0.59465,5654
2024-04-25 16:00:00,0.59469,0.59478,0.59338,0.59422,6805
2024-04-25 17:00:00,0.59422,0.59465,0.5936,0.59367,5866
2024-04-25 18:00:00,0.59366,0.59418,0.59357,0.59417,3754
2024-04-25 19:00:00,0.59417,0.59457,0.59403,0.59451,2961
2024-04-25 20:00:00,0.59453,0.59482,0.59393,0.59458,3462
2024-04-25 21:00:00,0.59458,0.59463,0.59394,0.5943,3251
2024-04-25 22:00:00,0.59431,0.59471,0.59428,0.59446,2292
2024-04-25 23:00:00,0.59447,0.59486,0.59439,0.59461,1107
2024-04-26 00:00:00,0.59419,0.59469,0.59403,0.59455,2037
2024-04-26 01:00:00,0.59438,0.5952,0.59438,0.59498,886
2024-04-26 02:00:00,0.59498,0.59541,0.59494,0.59521,1406
2024-04-26 03:00:00,0.59521,0.59579,0.5951,0.59557,2664
2024-04-26 04:00:00,0.59558,0.59623,0.59552,0.59609,2964
2024-04-26 05:00:00,0.59608,0.59622,0.59537,0.59574,2221
2024-04-26 06:00:00,0.59575,0.59588,0.5952,0.59559,3166
2024-04-26 07:00:00,0.59562,0.59614,0.59535,0.59603,1636
2024-04-26 08:00:00,0.59603,0.59756,0.59596,0.59704,1898
2024-04-26 09:00:00,0.59705,0.59767,0.59675,0.59724,3277
2024-04-26 10:00:00,0.59722,0.59732,0.59615,0.5966,4530
2024-04-26 11:00:00,0.59662,0.59711,0.59575,0.59688,4716
2024-04-26 12:00:00,0.59689,0.59714,0.5959,0.59612,3425
2024-04-26 13:00:00,0.5961,0.59624,0.59574,0.59595,2329
2024-04-26 14:00:00,0.59594,0.59628,0.59571,0.5961,3201
2024-04-26 15:00:00,0.5961,0.59741,0.59585,0.5974,5443
2024-04-26 16:00:00,0.59741,0.59781,0.5969,0.59769,5860
2024-04-26 17:00:00,0.59771,0.59803,0.59658,0.59671,5257
2024-04-26 18:00:00,0.5967,0.59705,0.59611,0.59668,4244
2024-04-26 19:00:00,0.5967,0.59699,0.59659,0.59683,2462
2024-04-26 20:00:00,0.59683,0.59712,0.5967,0.59703,1561
2024-04-26 21:00:00,0.59703,0.59721,0.5968,0.59717,1251
2024-04-26 22:00:00,0.59717,0.59737,0.59688,0.59705,1361
2024-04-26 23:00:00,0.59701,0.59747,0.59697,0.59732,1247
2024-04-29 00:00:00,0.59502,0.59611,0.59499,0.59584,770
2024-04-29 01:00:00,0.59675,0.59765,0.59675,0.59727,966
2024-04-29 02:00:00,0.5973,0.59775,0.59718,0.59771,1061
2024-04-29 03:00:00,0.59772,0.59818,0.59696,0.59812,2013
2024-04-29 04:00:00,0.59811,0.59951,0.59782,0.59859,3613
2024-04-29 05:00:00,0.59858,0.59954,0.59829,0.59935,2369
2024-04-29 06:00:00,0.59934,0.59946,0.59916,0.59932,1655
2024-04-29 07:00:00,0.59932,0.59994,0.59871,0.59885,5858
2024-04-29 08:00:00,0.59884,0.59918,0.59816,0.59852,4512
2024-04-29 09:00:00,0.59853,0.5988,0.59808,0.59811,3253
2024-04-29 10:00:00,0.59812,0.59848,0.59746,0.59824,5458
2024-04-29 11:00:00,0.59821,0.59848,0.59742,0.5977,3772
2024-04-29 12:00:00,0.5977,0.59828,0.59753,0.59817,3192
2024-04-29 13:00:00,0.59817,0.59835,0.59804,0.59832,2100
2024-04-29 14:00:00,0.59832,0.59896,0.59829,0.59883,2193
2024-04-29 15:00:00,0.59884,0.59901,0.59762,0.59795,3168
2024-04-29 16:00:00,0.59795,0.59862,0.59779,0.59799,3799
2024-04-29 17:00:00,0.598,0.59835,0.59721,0.59731,3837
2024-04-29 18:00:00,0.59727,0.59774,0.59712,0.59759,2986
2024-04-29 19:00:00,0.59759,0.59803,0.5972,0.59763,3233
2024-04-29 20:00:00,0.59762,0.5982,0.59749,0.59796,2261
2024-04-29 21:00:00,0.59797,0.59797,0.59745,0.5977,2262
2024-04-29 22:00:00,0.59771,0.59797,0.59705,0.59797,2195
2024-04-29 23:00:00,0.59796,0.59803,0.59774,0.59785,942
2024-04-30 00:00:00,0.59662,0.59785,0.59654,0.59747,1436
2024-04-30 01:00:00,0.59772,0.59802,0.5976,0.59794,1067
2024-04-30 02:00:00,0.59795,0.59799,0.59748,0.59748,1027
2024-04-30 03:00:00,0.59748,0.59799,0.59714,0.59765,2597
2024-04-30 04:00:00,0.59767,0.59798,0.59628,0.59631,2819
2024-04-30 05:00:00,0.59634,0.59658,0.59592,0.59629,2156
2024-04-30 06:00:00,0.59629,0.59633,0.59538,0.59569,1949
2024-04-30 07:00:00,0.59568,0.59593,0.59519,0.59535,1190
2024-04-30 08:00:00,0.59535,0.59542,0.59466,0.59487,2055
2024-04-30 09:00:00,0.59488,0.59539,0.59439,0.59505,3002
2024-04-30 10:00:00,0.59507,0.59612,0.59504,0.59603,2702
2024-04-30 11:00:00,0.59605,0.5963,0.59548,0.59552,2722
2024-04-30 12:00:00,0.5955,0.59554,0.59461,0.59519,2959
2024-04-30 13:00:00,0.5952,0.59559,0.59492,0.59523,2624
2024-04-30 14:00:00,0.59521,0.59566,0.59505,0.59563,2219
2024-04-30 15:00:00,0.59563,0.5963,0.59447,0.59459,5392
2024-04-30 16:00:00,0.5946,0.59552,0.59382,0.59409,5413
2024-04-30 17:00:00,0.59413,0.59588,0.59292,0.59529,6446
2024-04-30 18:00:00,0.59531,0.59595,0.59478,0.59534,4689
2024-04-30 19:00:00,0.59531,0.5958,0.59513,0.5953,3135
2024-04-30 20:00:00,0.59529,0.59608,0.59512,0.59589,2442
2024-04-30 21:00:00,0.59591,0.59609,0.59557,0.59582,2331
2024-04-30 22:00:00,0.59581,0.59598,0.59527,0.59536,2397
2024-04-30 23:00:00,0.5954,0.59572,0.59504,0.59506,1723
2024-05-01 00:00:00,0.59473,0.59521,0.59347,0.59504,1905
2024-05-01 01:00:00,0.59512,0.59523,0.59481,0.5952,1112
2024-05-01 02:00:00,0.59519,0.59567,0.59507,0.5954,1285
2024-05-01 03:00:00,0.59541,0.5955,0.59472,0.59481,2164
2024-05-01 04:00:00,0.59479,0.59542,0.59479,0.59536,1697
2024-05-01 05:00:00,0.59535,0.59563,0.59514,0.59541,1674
2024-05-01 06:00:00,0.59541,0.59547,0.59508,0.59524,1198
2024-05-01 07:00:00,0.59524,0.5964,0.59515,0.5961,1180
2024-05-01 08:00:00,0.59608,0.59683,0.59583,0.59638,1286
2024-05-01 09:00:00,0.59638,0.59722,0.59624,0.59709,2180
2024-05-01 10:00:00,0.59709,0.59722,0.59642,0.59686,2478
2024-05-01 11:00:00,0.59685,0.59726,0.59655,0.59679,2254
2024-05-01 12:00:00,0.5968,0.59704,0.59638,0.59666,2037
2024-05-01 13:00:00,0.59666,0.59687,0.59651,0.59684,1932
2024-05-01 14:00:00,0.59683,0.59687,0.59618,0.59628,1875
2024-05-01 15:00:00,0.59628,0.59683,0.59614,0.59638,3606
2024-05-01 16:00:00,0.59637,0.597,0.5963,0.5963,3219
2024-05-01 17:00:00,0.59644,0.59691,0.59635,0.59651,5421
2024-05-01 18:00:00,0.59652,0.59726,0.59648,0.59705,3064
2024-05-01 19:00:00,0.59705,0.59735,0.59695,0.59704,2549
2024-05-01 20:00:00,0.59704,0.59723,0.59665,0.597,2328
2024-05-01 21:00:00,0.59697,0.59912,0.59684,0.59867,8841
2024-05-01 22:00:00,0.59867,0.59901,0.59736,0.59746,6931
2024-05-01 23:00:00,0.59747,0.59771,0.59657,0.5972,4492
2024-05-02 00:00:00,0.59756,0.59806,0.59631,0.5979,1832
2024-05-02 01:00:00,0.59775,0.59867,0.59769,0.59833,2176
2024-05-02 02:00:00,0.59832,0.59878,0.59805,0.59837,2430
2024-05-02 03:00:00,0.59837,0.59858,0.59765,0.59794,3227
2024-05-02 04:00:00,0.59794,0.59875,0.59757,0.59869,2930
2024-05-02 05:00:00,0.5987,0.59915,0.5986,0.59891,3083
2024-05-02 06:00:00,0.5989,0.59901,0.59835,0.59853,2035
2024-05-02 07:00:00,0.59852,0.59895,0.5982,0.59878,1866
2024-05-02 08:00:00,0.59876,0.59937,0.59863,0.59909,2296
2024-05-02 09:00:00,0.59909,0.59909,0.59531,0.59568,4952
2024-05-02 10:00:00,0.59566,0.59688,0.59552,0.59621,4658
2024-05-02 11:00:00,0.59622,0.59718,0.59604,0.59658,3802
2024-05-02 12:00:00,0.59658,0.59665,0.59574,0.59579,3158
2024-05-02 13:00:00,0.59579,0.59584,0.59474,0.59476,3301
2024-05-02 14:00:00,0.59478,0.59545,0.59467,0.59543,2914
2024-05-02 15:00:00,0.59544,0.59614,0.59534,0.59552,4515
2024-05-02 16:00:00,0.59553,0.59653,0.59549,0.59574,5587
2024-05-02 17:00:00,0.59573,0.59717,0.5951,0.59689,5889
2024-05-02 18:00:00,0.59689,0.59715,0.59659,0.59691,4459
2024-05-02 19:00:00,0.59692,0.59767,0.59674,0.59764,3268
2024-05-02 20:00:00,0.59764,0.59796,0.59723,0.59745,2858
2024-05-02 21:00:00,0.59747,0.59822,0.59743,0.59813,2759
2024-05-02 22:00:00,0.59811,0.59819,0.59731,0.59756,2739
2024-05-02 23:00:00,0.59755,0.59795,0.59744,0.59785,1095
2024-05-03 00:00:00,0.59722,0.59778,0.59675,0.59749,1386
2024-05-03 01:00:00,0.59764,0.59783,0.59758,0.59773,1056
2024-05-03 02:00:00,0.59772,0.59807,0.59765,0.59765,1667
2024-05-03 03:00:00,0.59766,0.59846,0.59742,0.5983,2519
2024-05-03 04:00:00,0.5983,0.5985,0.59785,0.59817,2904
2024-05-03 05:00:00,0.59815,0.59823,0.59768,0.59791,2139
2024-05-03 06:00:00,0.59791,0.59817,0.59763,0.59794,1645
2024-05-03 07:00:00,0.59796,0.59806,0.59764,0.59782,1384
2024-05-03 08:00:00,0.59782,0.59814,0.5976,0.59764,1914
2024-05-03 09:00:00,0.59763,0.59791,0.59673,0.59699,3425
2024-05-03 10:00:00,0.59697,0.59723,0.59619,0.59669,3380
2024-05-03 11:00:00,0.59668,0.59765,0.59665,0.5975,2979
2024-05-03 12:00:00,0.5975,0.5975,0.59705,0.59733,2591
2024-05-03 13:00:00,0.59732,0.59736,0.59686,0.5973,2168
2024-05-03 14:00:00,0.5973,0.59753,0.59651,0.59663,2625
2024-05-03 15:00:00,0.59667,0.59945,0.59577,0.59931,6442
2024-05-03 16:00:00,0.59933,0.59999,0.59874,0.59987,7341
2024-05-03 17:00:00,0.59968,0.60011,0.59786,0.59791,8236
2024-05-03 18:00:00,0.59789,0.59852,0.59784,0.59838,4687
2024-05-03 19:00:00,0.5984,0.59878,0.59797,0.59874,3416
2024-05-03 20:00:00,0.59874,0.59885,0.59834,0.59861,2152
2024-05-03 21:00:00,0.59862,0.59892,0.59839,0.59848,2190
2024-05-03 22:00:00,0.59847,0.59864,0.59828,0.59844,1996
2024-05-03 23:00:00,0.59843,0.59861,0.59797,0.5981,814
2024-05-06 00:00:00,0.59791,0.59832,0.59598,0.5975,487
2024-05-06 01:00:00,0.59753,0.59894,0.59753,0.59888,863
2024-05-06 02:00:00,0.59881,0.59883,0.59853,0.59863,1559
2024-05-06 03:00:00,0.59863,0.59924,0.5983,0.59917,2104
2024-05-06 04:00:00,0.59916,0.59959,0.59888,0.59947,3073
2024-05-06 05:00:00,0.59949,0.5998,0.59906,0.59932,2092
2024-05-06 06:00:00,0.59932,0.59941,0.59895,0.59921,1610
2024-05-06 07:00:00,0.5992,0.59934,0.59896,0.59922,1112
2024-05-06 08:00:00,0.59921,0.59941,0.59891,0.59914,1872
2024-05-06 09:00:00,0.59912,0.59985,0.5991,0.59962,2229
2024-05-06 10:00:00,0.59963,0.5999,0.59933,0.59945,2351
2024-05-06 11:00:00,0.59944,0.59973,0.5991,0.59953,2608
2024-05-06 12:00:00,0.59954,0.60026,0.59941,0.6002,1850
2024-05-06 13:00:00,0.6002,0.60027,0.59969,0.59997,2086
2024-05-06 14:00:00,0.59996,0.6002,0.59985,0.6001,1901
2024-05-06 15:00:00,0.6001,0.60032,0.59954,0.59954,2629
2024-05-06 16:00:00,0.59955,0.6001,0.59928,0.59988,3009
2024-05-06 17:00:00,0.5999,0.60049,0.59957,0.59971,2752
2024-05-06 18:00:00,0.5997,0.59998,0.59928,0.5994,1943
2024-05-06 19:00:00,0.5994,0.60044,0.59934,0.60037,1828
2024-05-06 20:00:00,0.60036,0.60054,0.60023,0.60042,1661
2024-05-06 21:00:00,0.60042,0.60062,0.60031,0.60032,1326
2024-05-06 22:00:00,0.60031,0.60036,0.6,0.6002,1483
2024-05-06 23:00:00,0.60021,0.60043,0.60001,0.60039,564
2024-05-07 00:00:00,0.59915,0.60017,0.59853,0.60005,1337
2024-05-07 01:00:00,0.60007,0.60036,0.60003,0.60022,990
2024-05-07 02:00:00,0.60021,0.60069,0.60008,0.60055,1040
2024-05-07 03:00:00,0.60056,0.60206,0.60053,0.60154,2581
2024-05-07 04:00:00,0.60153,0.60179,0.60077,0.60111,3132
2024-05-07 05:00:00,0.60111,0.60115,0.60067,0.60084,2340
2024-05-07 06:00:00,0.60085,0.60137,0.60085,0.60132,1380
2024-05-07 07:00:00,0.60131,0.60142,0.59856,0.59939,2509
2024-05-07 08:00:00,0.59939,0.59977,0.59869,0.59907,2494
2024-05-07 09:00:00,0.59906,0.59908,0.59767,0.59786,2782
2024-05-07 10:00:00,0.59785,0.59829,0.59738,0.59823,2920
2024-05-07 11:00:00,0.59825,0.59936,0.59817,0.5991,2602
2024-05-07 12:00:00,0.59907,0.59918,0.59875,0.59897,2350
2024-05-07 13:00:00,0.59894,0.5995,0.59887,0.59917,2074
2024-05-07 14:00:00,0.59919,0.59969,0.59916,0.59919,2231
2024-05-07 15:00:00,0.59919,0.60017,0.59918,0.60005,2833
2024-05-07 16:00:00,0.60005,0.6002,0.59953,0.59982,3372
2024-05-07 17:00:00,0.59981,0.60035,0.59966,0.60012,3011
2024-05-07 18:00:00,0.60013,0.60024,0.5993,0.59938,2857
2024-05-07 19:00:00,0.59938,0.59987,0.5991,0.59916,2280
2024-05-07 20:00:00,0.59917,0.59958,0.59889,0.59903,2268
2024-05-07 21:00:00,0.59904,0.59946,0.59899,0.59942,2003
2024-05-07 22:00:00,0.59941,0.5997,0.59933,0.59948,1650
2024-05-07 23:00:00,0.59948,0.59964,0.59921,0.59925,710
2024-05-08 00:00:00,0.59897,0.59939,0.59894,0.59926,1027
2024-05-08 01:00:00,0.59922,0.59929,0.59886,0.59887,874
2024-05-08 02:00:00,0.59891,0.59894,0.59857,0.59857,830
2024-05-08 03:00:00,0.59855,0.59882,0.59805,0.59812,1975
2024-05-08 04:00:00,0.59812,0.59813,0.59727,0.59734,2529
2024-05-08 05:00:00,0.59735,0.59784,0.59723,0.59759,1898
2024-05-08 06:00:00,0.59761,0.59778,0.59735,0.59759,1547
2024-05-08 07:00:00,0.59757,0.59818,0.59728,0.59796,1104
2024-05-08 08:00:00,0.59797,0.5982,0.59771,0.59775,1445
2024-05-08 09:00:00,0.59775,0.59797,0.59748,0.59755,2056
2024-05-08 10:00:00,0.59753,0.59765,0.59694,0.59725,2715
2024-05-08 11:00:00,0.59725,0.59741,0.59633,0.59635,2438
2024-05-08 12:00:00,0.59636,0.59729,0.59619,0.597,2182
2024-05-08 13:00:00,0.59702,0.59713,0.59656,0.59701,1744
2024-05-08 14:00:00,0.59701,0.59709,0.59634,0.59668,2072
2024-05-08 15:00:00,0.59668,0.5967,0.59606,0.59611,2343
2024-05-08 16:00:00,0.59611,0.59688,0.59607,0.59644,2943
2024-05-08 17:00:00,0.59645,0.59732,0.59607,0.59704,3067
2024-05-08 18:00:00,0.59704,0.59759,0.59681,0.5975,2790
2024-05-08 19:00:00,0.5975,0.59756,0.59715,0.59724,1737
2024-05-08 20:00:00,0.59725,0.59731,0.59694,0.59718,1451
2024-05-08 21:00:00,0.59718,0.59743,0.59696,0.59721,869
2024-05-08 22:00:00,0.59721,0.5974,0.59713,0.59732,1034
2024-05-08 23:00:00,0.59731,0.59748,0.59717,0.59738,512
2024-05-09 00:00:00,0.59696,0.59734,0.5967,0.59723,987
2024-05-09 01:00:00,0.59729,0.59752,0.59722,0.59741,881
2024-05-09 02:00:00,0.5974,0.59741,0.59709,0.59712,719
2024-05-09 03:00:00,0.59712,0.59713,0.59664,0.59687,1753
2024-05-09 04:00:00,0.59687,0.59779,0.59678,0.59763,2319
2024-05-09 05:00:00,0.59764,0.59765,0.59708,0.59721,1918
2024-05-09 06:00:00,0.59722,0.59812,0.59721,0.59793,1766
2024-05-09 07:00:00,0.59794,0.59804,0.59753,0.59758,1104
2024-05-09 08:00:00,0.59758,0.59766,0.59738,0.59753,1399
2024-05-09 09:00:00,0.59752,0.59752,0.59646,0.59657,1907
2024-05-09 10:00:00,0.59658,0.59753,0.59645,0.59749,2401
2024-05-09 11:00:00,0.59749,0.59808,0.59736,0.59801,2010
2024-05-09 12:00:00,0.59803,0.59821,0.59773,0.59795,1694
2024-05-09 13:00:00,0.59796,0.59836,0.5979,0.59793,1510
2024-05-09 14:00:00,0.59792,0.59885,0.59786,0.59872,2879
2024-05-09 15:00:00,0.59871,0.59953,0.5986,0.59901,4157
2024-05-09 16:00:00,0.59901,0.59912,0.59843,0.59894,4068
2024-05-09 17:00:00,0.59896,0.59933,0.5988,0.59904,3716
2024-05-09 18:00:00,0.59905,0.59933,0.59872,0.59909,2380
2024-05-09 19:00:00,0.5991,0.59934,0.59902,0.59921,2002
2024-05-09 20:00:00,0.59921,0.59937,0.59905,0.59913,1924
2024-05-09 21:00:00,0.59913,0.59963,0.59908,0.5996,1400
2024-05-09 22:00:00,0.59958,0.59963,0.59938,0.59946,1323
2024-05-09 23:00:00,0.5995,0.59975,0.59939,0.59967,577
2024-05-10 00:00:00,0.59849,0.59968,0.59821,0.59953,1735
2024-05-10 01:00:00,0.59965,0.59986,0.5995,0.59958,1250
2024-05-10 02:00:00,0.59957,0.59973,0.59938,0.59938,1085
2024-05-10 03:00:00,0.59939,0.59962,0.59913,0.5992,2035
2024-05-10 04:00:00,0.59919,0.59956,0.59906,0.59906,2302
2024-05-10 05:00:00,0.59906,0.5991,0.59847,0.59875,1979
2024-05-10 06:00:00,0.59876,0.59886,0.59855,0.59885,1258
2024-05-10 07:00:00,0.59885,0.59908,0.59883,0.59894,1164
2024-05-10 08:00:00,0.59895,0.59924,0.59888,0.5991,1401
2024-05-10 09:00:00,0.59908,0.59951,0.59893,0.59934,2335
2024-05-10 10:00:00,0.59934,0.59993,0.5988,0.59925,2735
2024-05-10 11:00:00,0.59927,0.5994,0.59875,0.59892,2638
2024-05-10 12:00:00,0.59892,0.59932,0.59861,0.5992,2000
2024-05-10 13:00:00,0.59918,0.59944,0.59909,0.59931,1826
2024-05-10 14:00:00,0.59931,0.59947,0.5991,0.5991,1774
2024-05-10 15:00:00,0.59912,0.59996,0.59903,0.59977,2977
2024-05-10 16:00:00,0.59976,0.59999,0.59925,0.59976,3102
2024-05-10 17:00:00,0.59977,0.60015,0.59894,0.59917,4485
2024-05-10 18:00:00,0.59915,0.59921,0.59838,0.59868,2926
2024-05-10 19:00:00,0.59872,0.59892,0.59849,0.59859,2130
2024-05-10 20:00:00,0.59859,0.59862,0.59803,0.59855,1560
2024-05-10 21:00:00,0.59855,0.59863,0.59832,0.59861,1503
2024-05-10 22:00:00,0.5986,0.59881,0.5985,0.59861,1200
2024-05-10 23:00:00,0.5986,0.59865,0.59842,0.5985,626
2024-05-13 00:00:00,0.59681,0.59837,0.5968,0.59726,306
2024-05-13 01:00:00,0.59725,0.59862,0.59698,0.59846,452
2024-05-13 02:00:00,0.59847,0.59871,0.59824,0.59825,442
2024-05-13 03:00:00,0.59824,0.59856,0.59768,0.59776,1213
2024-05-13 04:00:00,0.59777,0.59806,0.59722,0.59731,1799
2024-05-13 05:00:00,0.5973,0.59823,0.5972,0.59813,1324
2024-05-13 06:00:00,0.59812,0.59831,0.59778,0.59822,981
2024-05-13 07:00:00,0.59823,0.59834,0.5979,0.59801,625
2024-05-13 08:00:00,0.59803,0.59823,0.59772,0.59773,799
2024-05-13 09:00:00,0.59773,0.5983,0.59769,0.59809,1302
2024-05-13 10:00:00,0.5981,0.59876,0.598,0.5987,1428
2024-05-13 11:00:00,0.5987,0.59932,0.5985,0.59896,2141
2024-05-13 12:00:00,0.59896,0.59975,0.59896,0.59955,2317
2024-05-13 13:00:00,0.59955,0.59962,0.59925,0.5994,2181
2024-05-13 14:00:00,0.59941,0.59962,0.59905,0.59948,2467
2024-05-13 15:00:00,0.59948,0.60005,0.59948,0.59965,3122
2024-05-13 16:00:00,0.59964,0.59999,0.59931,0.59957,3461
2024-05-13 17:00:00,0.59959,0.60002,0.59953,0.5999,3532
2024-05-13 18:00:00,0.59991,0.59995,0.59915,0.5998,3495
2024-05-13 19:00:00,0.59979,0.60002,0.59928,0.59948,2277
2024-05-13 20:00:00,0.59949,0.60004,0.59922,0.59992,2050
2024-05-13 21:00:00,0.59991,0.60011,0.59972,0.6001,1496
2024-05-13 22:00:00,0.60011,0.60033,0.59994,0.6,1889
2024-05-13 23:00:00,0.59999,0.60021,0.5997,0.60012,711
2024-05-14 00:00:00,0.59956,0.60011,0.59956,0.59987,884
2024-05-14 01:00:00,0.59989,0.60026,0.59988,0.60024,1113
2024-05-14 02:00:00,0.60025,0.60031,0.59999,0.60024,1382
2024-05-14 03:00:00,0.60021,0.60028,0.59981,0.59992,2230
2024-05-14 04:00:00,0.59992,0.60024,0.59951,0.59968,3216
2024-05-14 05:00:00,0.59969,0.59987,0.59949,0.59976,1892
2024-05-14 06:00:00,0.59977,0.60007,0.59969,0.59981,1639
2024-05-14 07:00:00,0.59982,0.59989,0.59945,0.59962,1344
2024-05-14 08:00:00,0.59963,0.59992,0.59947,0.59956,1520
2024-05-14 09:00:00,0.59956,0.59967,0.5992,0.59928,2402
2024-05-14 10:00:00,0.59928,0.60011,0.59907,0.60008,2384
2024-05-14 11:00:00,0.6001,0.60016,0.59919,0.59921,2884
2024-05-14 12:00:00,0.59921,0.59997,0.59913,0.59993,2237
2024-05-14 13:00:00,0.59994,0.60009,0.59985,0.59997,2133
2024-05-14 14:00:00,0.59998,0.60029,0.59992,0.60002,1926
2024-05-14 15:00:00,0.60001,0.60072,0.59869,0.60044,4907
2024-05-14 16:00:00,0.60044,0.60049,0.59967,0.6002,5235
2024-05-14 17:00:00,0.6002,0.6005,0.59991,0.60021,4343
2024-05-14 18:00:00,0.60021,0.6006,0.60001,0.60044,3186
2024-05-14 19:00:00,0.60041,0.6006,0.60014,0.60014,2281
2024-05-14 20:00:00,0.60015,0.60018,0.59991,0.60012,1421
2024-05-14 21:00:00,0.60011,0.60054,0.6001,0.60048,1532
2024-05-14 22:00:00,0.60048,0.60084,0.60045,0.60063,1512
2024-05-14 23:00:00,0.60063,0.60075,0.60047,0.60071,868
2024-05-15 00:00:00,0.59976,0.60072,0.5995,0.60047,2029
2024-05-15 01:00:00,0.60051,0.60072,0.60051,0.6007,1477
2024-05-15 02:00:00,0.60069,0.60075,0.60049,0.60069,1321
2024-05-15 03:00:00,0.60069,0.60113,0.60056,0.60068,1945
2024-05-15 04:00:00,0.60069,0.60111,0.60016,0.60103,1905
2024-05-15 05:00:00,0.60102,0.60199,0.60093,0.6017,1819
2024-05-15 06:00:00,0.60169,0.60244,0.60166,0.60211,1504
2024-05-15 07:00:00,0.60211,0.60223,0.60174,0.60181,1231
2024-05-15 08:00:00,0.6018,0.60219,0.60156,0.60179,1810
2024-05-15 09:00:00,0.60179,0.6019,0.60132,0.60135,2333
2024-05-15 10:00:00,0.60135,0.60152,0.60104,0.60135,2622
2024-05-15 11:00:00,0.60136,0.60153,0.60094,0.60141,2431
2024-05-15 12:00:00,0.60141,0.60155,0.60115,0.60151,2093
2024-05-15 13:00:00,0.60152,0.60154,0.60091,0.60108,1824
2024-05-15 14:00:00,0.60108,0.60145,0.60083,0.60112,2281
2024-05-15 15:00:00,0.60111,0.60237,0.59936,0.60188,6314
2024-05-15 16:00:00,0.60187,0.60211,0.60055,0.60094,6196
2024-05-15 17:00:00,0.60095,0.60307,0.60084,0.60303,4884
2024-05-15 18:00:00,0.60303,0.60393,0.60274,0.60327,4044
2024-05-15 19:00:00,0.60328,0.60413,0.6029,0.60372,3109
2024-05-15 20:00:00,0.60371,0.60418,0.60356,0.60406,2587
2024-05-15 21:00:00,0.60407,0.60419,0.60372,0.60405,2116
2024-05-15 22:00:00,0.60405,0.60412,0.60373,0.60411,1872
2024-05-15 23:00:00,0.60411,0.60411,0.60364,0.60389,1112
2024-05-16 00:00:00,0.60322,0.60383,0.60273,0.60355,2754
2024-05-16 01:00:00,0.60364,0.60387,0.60337,0.6036,1144
2024-05-16 02:00:00,0.60359,0.6037,0.6033,0.60341,1491
2024-05-16 03:00:00,0.6034,0.60391,0.60328,0.60338,3205
2024-05-16 04:00:00,0.60338,0.60339,0.60127,0.60168,4057
2024-05-16 05:00:00,0.60169,0.60229,0.60129,0.60228,3067
2024-05-16 06:00:00,0.60228,0.60285,0.60212,0.60253,2085
2024-05-16 07:00:00,0.60253,0.60255,0.60194,0.60223,1803
2024-05-16 08:00:00,0.60223,0.60237,0.60164,0.60214,2017
2024-05-16 09:00:00,0.60208,0.60208,0.60149,0.6019,2985
2024-05-16 10:00:00,0.6019,0.60244,0.60161,0.60172,3247
2024-05-16 11:00:00,0.60169,0.60271,0.60169,0.60258,2932
2024-05-16 12:00:00,0.60259,0.60272,0.60221,0.60251,2255
2024-05-16 13:00:00,0.60251,0.6027,0.60218,0.6024,2112
2024-05-16 14:00:00,0.60239,0.60286,0.60229,0.60247,2241
2024-05-16 15:00:00,0.60246,0.60299,0.60235,0.60291,4288
2024-05-16 16:00:00,0.60291,0.60316,0.60245,0.60315,4181
2024-05-16 17:00:00,0.60315,0.60384,0.60269,0.6037,3680
2024-05-16 18:00:00,0.6037,0.60441,0.60359,0.60436,2250
2024-05-16 19:00:00,0.60436,0.60436,0.60389,0.60414,1970
2024-05-16 20:00:00,0.60414,0.60444,0.60402,0.6044,1838
2024-05-16 21:00:00,0.60441,0.60478,0.60421,0.60465,1830
2024-05-16 22:00:00,0.60465,0.6049,0.60456,0.60476,1470
2024-05-16 23:00:00,0.60475,0.6052,0.60474,0.60502,822
2024-05-17 00:00:00,0.60465,0.60509,0.60376,0.60485,1375
2024-05-17 01:00:00,0.60484,0.60524,0.60482,0.60516,1377
2024-05-17 02:00:00,0.60515,0.60565,0.60513,0.60544,1386
2024-05-17 03:00:00,0.60545,0.60562,0.60509,0.60511,2179
2024-05-17 04:00:00,0.60513,0.60539,0.60475,0.60514,2490
2024-05-17 05:00:00,0.60522,0.60535,0.60405,0.60437,2228
2024-05-17 06:00:00,0.60437,0.60462,0.60431,0.60438,1306
2024-05-17 07:00:00,0.60438,0.60454,0.60417,0.60445,1161
2024-05-17 08:00:00,0.60442,0.60513,0.60441,0.60505,1919
2024-05-17 09:00:00,0.60501,0.60526,0.60457,0.60482,2490
2024-05-17 10:00:00,0.60481,0.606,0.60479,0.60497,2597
2024-05-17 11:00:00,0.60497,0.60548,0.60465,0.60485,2855
2024-05-17 12:00:00,0.60485,0.60513,0.60474,0.6048,1817
2024-05-17 13:00:00,0.6048,0.60512,0.60446,0.60503,1572
2024-05-17 14:00:00,0.60502,0.6052,0.60466,0.60504,1525
2024-05-17 15:00:00,0.60502,0.60579,0.60501,0.6054,2371
2024-05-17 16:00:00,0.60541,0.6065,0.60541,0.60643,3371
2024-05-17 17:00:00,0.60645,0.60703,0.60634,0.60657,3408
2024-05-17 18:00:00,0.60657,0.607,0.60647,0.60685,3135
2024-05-17 19:00:00,0.60683,0.60715,0.60672,0.60705,1904
2024-05-17 20:00:00,0.60703,0.60776,0.60701,0.60772,1806
2024-05-17 21:00:00,0.60772,0.60825,0.60753,0.60825,1516
2024-05-17 22:00:00,0.60826,0.60835,0.60805,0.60811,1537
2024-05-17 23:00:00,0.60811,0.60859,0.60807,0.60845,1092
2024-05-20 00:00:00,0.6068,0.60844,0.6068,0.60823,390
2024-05-20 01:00:00,0.6083,0.60864,0.60815,0.60842,558
2024-05-20 02:00:00,0.60841,0.60919,0.60837,0.60891,686
2024-05-20 03:00:00,0.60894,0.60934,0.60865,0.60915,1345
2024-05-20 04:00:00,0.60915,0.6098,0.60905,0.60942,2041
2024-05-20 05:00:00,0.60941,0.60959,0.60906,0.60919,1071
2024-05-20 06:00:00,0.60919,0.60937,0.6088,0.60936,1359
2024-05-20 07:00:00,0.60936,0.60992,0.60933,0.60973,1245
2024-05-20 08:00:00,0.60974,0.60992,0.60929,0.60942,1057
2024-05-20 09:00:00,0.60938,0.60938,0.60854,0.60892,2185
2024-05-20 10:00:00,0.60891,0.60921,0.60839,0.60905,2359
2024-05-20 11:00:00,0.60903,0.6091,0.60817,0.60827,2195
2024-05-20 12:00:00,0.60825,0.60855,0.60803,0.60844,1571
2024-05-20 13:00:00,0.60844,0.60868,0.60777,0.60782,1434
2024-05-20 14:00:00,0.60782,0.60805,0.60758,0.60777,1731
2024-05-20 15:00:00,0.6078,0.60782,0.60659,0.60689,3605
2024-05-20 16:00:00,0.60689,0.60702,0.60575,0.6067,3988
2024-05-20 17:00:00,0.6067,0.60688,0.60621,0.60668,3741
2024-05-20 18:00:00,0.60668,0.60745,0.60657,0.60718,3027
2024-05-20 19:00:00,0.60716,0.60729,0.60689,0.60693,1826
2024-05-20 20:00:00,0.60692,0.60733,0.60683,0.60714,1856
2024-05-20 21:00:00,0.60714,0.60715,0.60667,0.60706,1714
2024-05-20 22:00:00,0.60704,0.60713,0.60686,0.60713,1876
2024-05-20 23:00:00,0.60713,0.60735,0.60698,0.60704,642
2024-05-21 00:00:00,0.60674,0.60714,0.60616,0.60669,1894
2024-05-21 01:00:00,0.6068,0.60732,0.6068,0.60706,1137
2024-05-21 02:00:00,0.60709,0.60724,0.60697,0.60719,1048
2024-05-21 03:00:00,0.6072,0.60765,0.60708,0.60751,1838
2024-05-21 04:00:00,0.60752,0.60794,0.60696,0.60707,2941
2024-05-21 05:00:00,0.60711,0.60714,0.6058,0.60664,2874
2024-05-21 06:00:00,0.60663,0.60688,0.60606,0.60631,1708
2024-05-21 07:00:00,0.60631,0.60646,0.60601,0.60628,1265
2024-05-21 08:00:00,0.60627,0.60646,0.60593,0.60604,1455
2024-05-21 09:00:00,0.60603,0.60614,0.60531,0.6055,2406
2024-05-21 10:00:00,0.6055,0.60687,0.60549,0.60657,2528
2024-05-21 11:00:00,0.60656,0.60669,0.60606,0.60651,2344
2024-05-21 12:00:00,0.60651,0.60688,0.60612,0.60638,2007
2024-05-21 13:00:00,0.60638,0.60666,0.60624,0.60656,1751
2024-05-21 14:00:00,0.60656,0.60732,0.60653,0.60724,1967
2024-05-21 15:00:00,0.60723,0.60741,0.60652,0.60701,3236
2024-05-21 16:00:00,0.60702,0.60782,0.60645,0.60737,5855
2024-05-21 17:00:00,0.60739,0.60788,0.60626,0.60653,4102
2024-05-21 18:00:00,0.60656,0.60759,0.60649,0.60704,3623
2024-05-21 19:00:00,0.60705,0.60707,0.6066,0.60682,2613
2024-05-21 20:00:00,0.60683,0.60737,0.6068,0.60731,2207
2024-05-21 21:00:00,0.60732,0.60737,0.60688,0.6073,1996
2024-05-21 22:00:00,0.60731,0.60738,0.6071,0.6072,1687
2024-05-21 23:00:00,0.60722,0.60723,0.60699,0.60719,624
2024-05-22 00:00:00,0.60706,0.60731,0.60676,0.60718,1409
2024-05-22 01:00:00,0.6072,0.60741,0.60711,0.60732,831
2024-05-22 02:00:00,0.60733,0.60767,0.6073,0.60744,863
2024-05-22 03:00:00,0.60745,0.60777,0.60739,0.60753,1892
2024-05-22 04:00:00,0.60754,0.60791,0.60735,0.60777,2287
2024-05-22 05:00:00,0.60777,0.60882,0.60773,0.60791,3000
2024-05-22 06:00:00,0.60791,0.60805,0.60735,0.60756,1880
2024-05-22 07:00:00,0.60756,0.60781,0.6073,0.60775,1266
2024-05-22 08:00:00,0.60776,0.60815,0.60775,0.60799,1590
2024-05-22 09:00:00,0.60799,0.60815,0.60743,0.60778,3177
2024-05-22 10:00:00,0.60774,0.60812,0.60729,0.608,3069
2024-05-22 11:00:00,0.60799,0.60821,0.60765,0.60799,2435
2024-05-22 12:00:00,0.60799,0.60876,0.60789,0.60875,2303
2024-05-22 13:00:00,0.60874,0.60908,0.60861,0.60908,2074
2024-05-22 14:00:00,0.6091,0.60937,0.60807,0.60829,2873
2024-05-22 15:00:00,0.60828,0.60843,0.60743,0.60758,3467
2024-05-22 16:00:00,0.60759,0.60815,0.60753,0.60764,3718
2024-05-22 17:00:00,0.60765,0.60768,0.60656,0.60722,4390
2024-05-22 18:00:00,0.60724,0.60766,0.60616,0.60633,3355
2024-05-22 19:00:00,0.60634,0.60696,0.60614,0.60669,2470
2024-05-22 20:00:00,0.60669,0.60702,0.60623,0.60627,2610
2024-05-22 21:00:00,0.60624,0.60636,0.6048,0.60517,4377
2024-05-22 22:00:00,0.60519,0.6057,0.60493,0.60568,2340
2024-05-22 23:00:00,0.60569,0.60613,0.60568,0.60613,1721
2024-05-23 00:00:00,0.60542,0.60589,0.60451,0.60579,1737
2024-05-23 01:00:00,0.60577,0.60631,0.60577,0.60616,1297
2024-05-23 02:00:00,0.60615,0.60626,0.60568,0.60571,1403
2024-05-23 03:00:00,0.60574,0.6062,0.60558,0.60561,2224
2024-05-23 04:00:00,0.60561,0.60602,0.60544,0.6056,3271
2024-05-23 05:00:00,0.6056,0.60581,0.60512,0.60568,2277
2024-05-23 06:00:00,0.60567,0.60634,0.60556,0.60631,1806
2024-05-23 07:00:00,0.60631,0.60649,0.60608,0.60612,1455
2024-05-23 08:00:00,0.60612,0.6063,0.6056,0.6057,1800
2024-05-23 09:00:00,0.60571,0.60645,0.60566,0.60599,2872
2024-05-23 10:00:00,0.606,0.60601,0.60526,0.60532,3667
2024-05-23 11:00:00,0.60534,0.6062,0.6053,0.60617,2874
2024-05-23 12:00:00,0.60615,0.60666,0.60583,0.60663,2742
2024-05-23 13:00:00,0.60663,0.60676,0.60632,0.60658,2136
2024-05-23 14:00:00,0.60658,0.60676,0.60595,0.60624,2295
2024-05-23 15:00:00,0.60625,0.60672,0.60623,0.60662,3680
2024-05-23 16:00:00,0.60662,0.60722,0.60561,0.6061,5286
2024-05-23 17:00:00,0.60609,0.60657,0.60525,0.60536,6387
2024-05-23 18:00:00,0.60537,0.60618,0.6053,0.60603,4021
2024-05-23 19:00:00,0.60603,0.60636,0.60558,0.60565,3102
2024-05-23 20:00:00,0.60563,0.60564,0.60407,0.6042,3618
2024-05-23 21:00:00,0.6042,0.60422,0.60331,0.60379,3567
2024-05-23 22:00:00,0.60379,0.60403,0.60357,0.60398,2835
2024-05-23 23:00:00,0.60398,0.60408,0.60384,0.60402,801
2024-05-24 00:00:00,0.60364,0.60395,0.60336,0.60368,5426
2024-05-24 01:00:00,0.6037,0.60396,0.6037,0.6039,1037
2024-05-24 02:00:00,0.6039,0.60408,0.60352,0.60355,943
2024-05-24 03:00:00,0.60355,0.60402,0.60328,0.60379,2133
2024-05-24 04:00:00,0.60379,0.60405,0.60338,0.60351,2762
2024-05-24 05:00:00,0.60351,0.60365,0.6032,0.60343,1581
2024-05-24 06:00:00,0.60341,0.60376,0.60337,0.60371,1351
2024-05-24 07:00:00,0.60372,0.60424,0.60365,0.60415,1147
2024-05-24 08:00:00,0.60414,0.6043,0.6036,0.60413,1450
2024-05-24 09:00:00,0.60409,0.60433,0.60367,0.60379,2571
2024-05-24 10:00:00,0.6038,0.60421,0.60353,0.60413,2500
2024-05-24 11:00:00,0.60412,0.60497,0.60404,0.60483,2140
2024-05-24 12:00:00,0.60483,0.6051,0.60459,0.60506,2058
2024-05-24 13:00:00,0.60506,0.60561,0.60503,0.60516,1882
2024-05-24 14:00:00,0.60516,0.60537,0.605,0.6053,1742
2024-05-24 15:00:00,0.60529,0.60564,0.60496,0.60516,3498
2024-05-24 16:00:00,0.60515,0.6054,0.60484,0.6052,3822
2024-05-24 17:00:00,0.60527,0.60641,0.60513,0.60611,4237
2024-05-24 18:00:00,0.6061,0.60651,0.60572,0.60587,2925
2024-05-24 19:00:00,0.60587,0.60618,0.60569,0.60602,2536
2024-05-24 20:00:00,0.60602,0.60668,0.60587,0.60659,2108
2024-05-24 21:00:00,0.60659,0.60662,0.60603,0.60624,1937
2024-05-24 22:00:00,0.60624,0.60649,0.60604,0.60634,1688
2024-05-24 23:00:00,0.60633,0.60638,0.6061,0.6062,1134
2024-05-27 00:00:00,0.6043,0.60586,0.6043,0.60552,626
2024-05-27 01:00:00,0.60548,0.60656,0.60548,0.60623,820
2024-05-27 02:00:00,0.60623,0.60626,0.60557,0.6056,1139
2024-05-27 03:00:00,0.60561,0.60629,0.60555,0.60624,1248
2024-05-27 04:00:00,0.60624,0.60685,0.60602,0.60681,2158
2024-05-27 05:00:00,0.60681,0.60688,0.60641,0.60645,1510
2024-05-27 06:00:00,0.60642,0.60654,0.6062,0.60653,1401
2024-05-27 07:00:00,0.60652,0.60684,0.60638,0.60675,819
2024-05-27 08:00:00,0.60673,0.60675,0.60633,0.60656,1229
2024-05-27 09:00:00,0.60658,0.60738,0.60646,0.60724,1754
2024-05-27 10:00:00,0.60723,0.60778,0.60718,0.60728,1629
2024-05-27 11:00:00,0.60729,0.60747,0.60708,0.60733,1666
2024-05-27 12:00:00,0.60733,0.60751,0.60697,0.60705,1522
2024-05-27 13:00:00,0.60706,0.6075,0.60703,0.60744,1679
2024-05-27 14:00:00,0.60742,0.60759,0.60728,0.60759,1386
2024-05-27 15:00:00,0.60759,0.60832,0.60759,0.60823,2672
2024-05-27 16:00:00,0.60827,0.60857,0.60811,0.60826,2762
2024-05-27 17:00:00,0.60825,0.60846,0.60793,0.60835,2518
2024-05-27 18:00:00,0.60835,0.6086,0.60798,0.60804,2402
2024-05-27 19:00:00,0.60805,0.60816,0.60786,0.60793,1660
2024-05-27 20:00:00,0.60792,0.60824,0.60792,0.60803,1171
2024-05-27 21:00:00,0.60804,0.60809,0.60788,0.60796,704
2024-05-27 22:00:00,0.60797,0.60816,0.60791,0.60811,566
2024-05-27 23:00:00,0.6081,0.60821,0.60792,0.60794,581
2024-05-28 00:00:00,0.6075,0.60808,0.60733,0.60789,3443
2024-05-28 01:00:00,0.60792,0.60822,0.60789,0.60799,1113
2024-05-28 02:00:00,0.60802,0.6081,0.60773,0.60785,968
2024-05-28 03:00:00,0.60783,0.608,0.60744,0.60748,2330
2024-05-28 04:00:00,0.60749,0.60797,0.60736,0.60764,3004
2024-05-28 05:00:00,0.60764,0.60816,0.60763,0.60808,2286
2024-05-28 06:00:00,0.60808,0.60853,0.60793,0.60844,1906
2024-05-28 07:00:00,0.60845,0.60848,0.60813,0.6082,1591
2024-05-28 08:00:00,0.60821,0.60831,0.60768,0.60794,1764
2024-05-28 09:00:00,0.60795,0.60823,0.60726,0.60745,2923
2024-05-28 10:00:00,0.60745,0.60752,0.60702,0.6072,2805
2024-05-28 11:00:00,0.60721,0.60734,0.60646,0.60731,2400
2024-05-28 12:00:00,0.6073,0.60743,0.60622,0.60622,2323
2024-05-28 13:00:00,0.60623,0.60673,0.60611,0.60671,1854
2024-05-28 14:00:00,0.6067,0.60725,0.60662,0.60703,2348
2024-05-28 15:00:00,0.60703,0.60738,0.60575,0.60688,3585
2024-05-28 16:00:00,0.60687,0.60768,0.60648,0.60671,4406
2024-05-28 17:00:00,0.60668,0.60704,0.60622,0.60652,4803
2024-05-28 18:00:00,0.60652,0.60698,0.60616,0.60686,3265
2024-05-28 19:00:00,0.60688,0.60696,0.60657,0.60661,2826
2024-05-28 20:00:00,0.60661,0.60681,0.60619,0.60637,3340
2024-05-28 21:00:00,0.60636,0.60663,0.60604,0.6064,2874
2024-05-28 22:00:00,0.6064,0.60657,0.60613,0.60656,2540
2024-05-28 23:00:00,0.60657,0.6067,0.60648,0.60668,899
2024-05-29 00:00:00,0.6058,0.60676,0.60551,0.60639,4163
2024-05-29 01:00:00,0.60641,0.60668,0.60641,0.60662,1064
2024-05-29 02:00:00,0.6066,0.60665,0.6063,0.60647,1137
2024-05-29 03:00:00,0.60645,0.6067,0.60575,0.60597,2348
2024-05-29 04:00:00,0.60597,0.6079,0.60582,0.60691,3494
2024-05-29 05:00:00,0.60691,0.60734,0.60651,0.60651,2512
2024-05-29 06:00:00,0.6065,0.60708,0.60647,0.60702,1928
2024-05-29 07:00:00,0.60702,0.60711,0.60661,0.60677,1238
2024-05-29 08:00:00,0.60678,0.6069,0.60615,0.60647,2101
2024-05-29 09:00:00,0.60647,0.60717,0.60628,0.607,3180
2024-05-29 10:00:00,0.60701,0.60749,0.60679,0.60685,3250
2024-05-29 11:00:00,0.60687,0.60762,0.60682,0.60698,3772
2024-05-29 12:00:00,0.60697,0.60709,0.60632,0.60638,2548
2024-05-29 13:00:00,0.60639,0.6064,0.60567,0.60611,2303
2024-05-29 14:00:00,0.6061,0.60613,0.60493,0.60499,3153
2024-05-29 15:00:00,0.60498,0.60525,0.60425,0.60443,3640
2024-05-29 16:00:00,0.60445,0.605,0.60428,0.60467,4446
2024-05-29 17:00:00,0.60468,0.60471,0.60366,0.60453,4852
2024-05-29 18:00:00,0.60454,0.60474,0.60402,0.60453,4077
2024-05-29 19:00:00,0.60454,0.60489,0.60423,0.60466,2902
2024-05-29 20:00:00,0.60467,0.60477,0.60406,0.60466,2830
2024-05-29 21:00:00,0.60467,0.60496,0.60443,0.60446,2129
2024-05-29 22:00:00,0.60445,0.60468,0.60418,0.60428,2293
2024-05-29 23:00:00,0.60428,0.60428,0.6035,0.60356,964
2024-05-30 00:00:00,0.6031,0.6037,0.60309,0.60364,904
2024-05-30 01:00:00,0.60361,0.60362,0.60337,0.60343,744
2024-05-30 02:00:00,0.60343,0.604,0.60322,0.60394,1492
2024-05-30 03:00:00,0.60396,0.60413,0.60354,0.60385,2703
2024-05-30 04:00:00,0.60386,0.60456,0.60373,0.60427,3374
2024-05-30 05:00:00,0.60428,0.60456,0.60318,0.60343,2412
2024-05-30 06:00:00,0.60343,0.60377,0.60324,0.60359,2418
2024-05-30 07:00:00,0.60359,0.60379,0.60301,0.60314,2076
2024-05-30 08:00:00,0.60313,0.60313,0.60135,0.6017,2962
2024-05-30 09:00:00,0.60171,0.60212,0.60097,0.60114,3531
2024-05-30 10:00:00,0.60114,0.60166,0.60085,0.60128,3884
2024-05-30 11:00:00,0.60129,0.6018,0.59984,0.59992,3912
2024-05-30 12:00:00,0.59989,0.60024,0.59958,0.59967,3376
2024-05-30 13:00:00,0.59968,0.60001,0.5991,0.59997,3191
2024-05-30 14:00:00,0.59997,0.60117,0.5999,0.60069,2786
2024-05-30 15:00:00,0.60067,0.60072,0.59955,0.60024,4509
2024-05-30 16:00:00,0.60025,0.60104,0.59991,0.60063,5300
2024-05-30 17:00:00,0.60062,0.60088,0.59982,0.60026,4870
2024-05-30 18:00:00,0.60023,0.60076,0.59983,0.60006,3524
2024-05-30 19:00:00,0.60006,0.60055,0.60001,0.60052,2326
2024-05-30 20:00:00,0.60053,0.60059,0.59985,0.60002,1874
2024-05-30 21:00:00,0.60002,0.60013,0.59976,0.5998,1794
2024-05-30 22:00:00,0.59982,0.59988,0.59867,0.59923,2684
2024-05-30 23:00:00,0.59919,0.5992,0.59897,0.5991,882
2024-05-31 00:00:00,0.59858,0.59927,0.59858,0.59892,1188
2024-05-31 01:00:00,0.59891,0.59911,0.59887,0.59906,1252
2024-05-31 02:00:00,0.59905,0.59905,0.59868,0.59886,1639
2024-05-31 03:00:00,0.59885,0.59953,0.59873,0.59914,2586
2024-05-31 04:00:00,0.59915,0.59945,0.59855,0.59886,3651
2024-05-31 05:00:00,0.59884,0.59938,0.5987,0.59935,2877
2024-05-31 06:00:00,0.59935,0.59989,0.59912,0.59977,2438
2024-05-31 07:00:00,0.59976,0.59978,0.59936,0.59961,1965
2024-05-31 08:00:00,0.59961,0.60051,0.59953,0.60035,2317
2024-05-31 09:00:00,0.60031,0.60136,0.60023,0.60024,3340
2024-05-31 10:00:00,0.60025,0.6005,0.5997,0.59996,3454
2024-05-31 11:00:00,0.59995,0.60183,0.59991,0.6015,2908
2024-05-31 12:00:00,0.6015,0.60236,0.60125,0.60227,3093
2024-05-31 13:00:00,0.60228,0.60289,0.60206,0.60286,2756
2024-05-31 14:00:00,0.60287,0.60294,0.60182,0.60192,2676
2024-05-31 15:00:00,0.60192,0.60269,0.60154,0.60199,4975
2024-05-31 16:00:00,0.60197,0.60218,0.60116,0.60137,4920
2024-05-31 17:00:00,0.60135,0.60141,0.59886,0.59992,6080
2024-05-31 18:00:00,0.59993,0.60039,0.59942,0.59978,5099
2024-05-31 19:00:00,0.59977,0.60026,0.59953,0.59979,3313
2024-05-31 20:00:00,0.5998,0.60021,0.59972,0.59981,2624
2024-05-31 21:00:00,0.59981,0.60021,0.59961,0.59978,2482
2024-05-31 22:00:00,0.59976,0.60064,0.59963,0.6002,2359
2024-05-31 23:00:00,0.6002,0.60056,0.60011,0.60023,1417
2024-06-03 00:00:00,0.5998,0.60001,0.59913,0.59968,835
2024-06-03 01:00:00,0.59972,0.60047,0.59972,0.6003,1440
2024-06-03 02:00:00,0.60028,0.60033,0.59961,0.59988,1520
2024-06-03 03:00:00,0.59987,0.60033,0.5996,0.60021,2727
2024-06-03 04:00:00,0.6002,0.6003,0.59962,0.59998,2698
2024-06-03 05:00:00,0.59999,0.60004,0.5996,0.59997,1989
2024-06-03 06:00:00,0.59998,0.60003,0.59906,0.59925,1991
2024-06-03 07:00:00,0.59925,0.59929,0.59902,0.59921,1589
2024-06-03 08:00:00,0.59922,0.59929,0.59867,0.59898,2051
2024-06-03 09:00:00,0.599,0.59934,0.59849,0.59923,3475
2024-06-03 10:00:00,0.59923,0.59955,0.59866,0.59868,3753
2024-06-03 11:00:00,0.59868,0.59999,0.59841,0.59958,3344
2024-06-03 12:00:00,0.59959,0.59997,0.59864,0.59879,3095
2024-06-03 13:00:00,0.5988,0.59909,0.59835,0.59868,2876
2024-06-03 14:00:00,0.59869,0.60048,0.59869,0.60036,3152
2024-06-03 15:00:00,0.60036,0.60067,0.59982,0.60043,3646
2024-06-03 16:00:00,0.60045,0.60068,0.59989,0.59993,3876
2024-06-03 17:00:00,0.59991,0.60102,0.59864,0.5989,6866
2024-06-03 18:00:00,0.59892,0.59901,0.59808,0.59827,4078
2024-06-03 19:00:00,0.59827,0.59847,0.59743,0.59747,3668
2024-06-03 20:00:00,0.59748,0.59751,0.59661,0.59707,3210
2024-06-03 21:00:00,0.59708,0.59783,0.59702,0.59779,2776
2024-06-03 22:00:00,0.59779,0.59857,0.59776,0.59853,2202
2024-06-03 23:00:00,0.59853,0.59921,0.59853,0.59913,962
2024-06-04 00:00:00,0.59739,0.59907,0.59709,0.59896,2042
2024-06-04 01:00:00,0.59893,0.59932,0.59891,0.59917,1473
2024-06-04 02:00:00,0.59916,0.5993,0.59871,0.59874,1311
2024-06-04 03:00:00,0.59874,0.59935,0.59853,0.5987,2647
2024-06-04 04:00:00,0.59869,0.59883,0.59798,0.59813,2710
2024-06-04 05:00:00,0.59813,0.59873,0.59798,0.59869,2376
2024-06-04 06:00:00,0.59868,0.59873,0.59815,0.5984,2036
2024-06-04 07:00:00,0.59837,0.59865,0.5982,0.59841,1514
2024-06-04 08:00:00,0.59842,0.59845,0.59702,0.59712,2376
2024-06-04 09:00:00,0.5971,0.598,0.59564,0.59737,4114
2024-06-04 10:00:00,0.59738,0.59752,0.5954,0.59543,4458
2024-06-04 11:00:00,0.59544,0.59588,0.59461,0.59529,4218
2024-06-04 12:00:00,0.59528,0.59534,0.5937,0.59374,4170
2024-06-04 13:00:00,0.59372,0.59372,0.59202,0.59268,3928
2024-06-04 14:00:00,0.59271,0.59397,0.59245,0.59324,3506
2024-06-04 15:00:00,0.59324,0.59377,0.59251,0.5935,3979
2024-06-04 16:00:00,0.59354,0.59364,0.59164,0.59164,4506
2024-06-04 17:00:00,0.59201,0.59284,0.5913,0.59179,6675
2024-06-04 18:00:00,0.59179,0.59227,0.5909,0.59128,4490
2024-06-04 19:00:00,0.59129,0.59137,0.59047,0.59078,3300
2024-06-04 20:00:00,0.5908,0.59128,0.59049,0.59119,3091
2024-06-04 21:00:00,0.59117,0.59163,0.59096,0.59156,2988
2024-06-04 22:00:00,0.59154,0.59174,0.59086,0.59162,3061
2024-06-04 23:00:00,0.59162,0.59192,0.5915,0.59187,944
2024-06-05 00:00:00,0.59086,0.5919,0.59086,0.59165,1916
2024-06-05 01:00:00,0.59161,0.5918,0.59143,0.59155,678
2024-06-05 02:00:00,0.59155,0.59167,0.59137,0.59143,922
2024-06-05 03:00:00,0.59146,0.5925,0.59124,0.59213,2155
2024-06-05 04:00:00,0.59213,0.59337,0.59153,0.59332,2556
2024-06-05 05:00:00,0.59331,0.59358,0.593,0.59314,1831
2024-06-05 06:00:00,0.59313,0.59333,0.59285,0.59323,1488
2024-06-05 07:00:00,0.5932,0.59343,0.59302,0.5934,1153
2024-06-05 08:00:00,0.5934,0.59354,0.59291,0.59353,1735
2024-06-05 09:00:00,0.5935,0.59383,0.59303,0.59379,2629
2024-06-05 10:00:00,0.59379,0.59452,0.59321,0.5944,3515
2024-06-05 11:00:00,0.5944,0.59457,0.59339,0.59341,2749
2024-06-05 12:00:00,0.59341,0.59361,0.59297,0.59306,2440
2024-06-05 13:00:00,0.59305,0.59322,0.59256,0.5928,2028
2024-06-05 14:00:00,0.5928,0.59325,0.59258,0.59314,2112
2024-06-05 15:00:00,0.59314,0.59343,0.59278,0.59305,3465
2024-06-05 16:00:00,0.59303,0.59359,0.5926,0.59291,4305
2024-06-05 17:00:00,0.59252,0.5938,0.59133,0.59314,6055
2024-06-05 18:00:00,0.59313,0.59385,0.59289,0.59376,3838
2024-06-05 19:00:00,0.59377,0.59386,0.59348,0.59366,2429
2024-06-05 20:00:00,0.59369,0.59391,0.5936,0.59382,1840
2024-06-05 21:00:00,0.59383,0.59436,0.59377,0.59413,1642
2024-06-05 22:00:00,0.59413,0.59424,0.59399,0.59412,1468
2024-06-05 23:00:00,0.59415,0.59415,0.5938,0.59385,786
2024-06-06 00:00:00,0.59332,0.59403,0.59328,0.59392,1507
2024-06-06 01:00:00,0.5939,0.59394,0.59362,0.59372,719
2024-06-06 02:00:00,0.59372,0.59405,0.59361,0.59399,982
2024-06-06 03:00:00,0.594,0.59433,0.59392,0.59406,1841
2024-06-06 04:00:00,0.5941,0.59519,0.59403,0.59489,3382
2024-06-06 05:00:00,0.59491,0.59492,0.59393,0.594,1978
2024-06-06 06:00:00,0.59398,0.59411,0.59327,0.59348,1320
2024-06-06 07:00:00,0.59348,0.59372,0.59328,0.59352,1251
2024-06-06 08:00:00,0.59351,0.59363,0.59321,0.59344,1651
2024-06-06 09:00:00,0.59343,0.59394,0.59324,0.59389,2412
2024-06-06 10:00:00,0.5939,0.59398,0.5931,0.59313,2232
2024-06-06 11:00:00,0.59313,0.59337,0.59287,0.59313,2064
2024-06-06 12:00:00,0.59315,0.59317,0.59255,0.59289,1846
2024-06-06 13:00:00,0.59289,0.59289,0.59209,0.59242,1584
2024-06-06 14:00:00,0.59242,0.59242,0.59157,0.59162,1758
2024-06-06 15:00:00,0.59161,0.5924,0.59129,0.59191,4830
2024-06-06 16:00:00,0.59191,0.59322,0.59174,0.59269,5015
2024-06-06 17:00:00,0.59268,0.59328,0.59243,0.59323,3640
2024-06-06 18:00:00,0.59321,0.59427,0.59318,0.59389,2962
2024-06-06 19:00:00,0.5939,0.59392,0.59336,0.59379,2348
2024-06-06 20:00:00,0.59378,0.59455,0.59373,0.59427,2163
2024-06-06 21:00:00,0.59426,0.59427,0.59363,0.59408,2113
2024-06-06 22:00:00,0.59408,0.59412,0.59291,0.59313,2371
2024-06-06 23:00:00,0.59315,0.59326,0.59267,0.59274,734
2024-06-07 00:00:00,0.59233,0.59301,0.59227,0.59299,1663
2024-06-07 01:00:00,0.59292,0.59318,0.59286,0.59308,1335
2024-06-07 02:00:00,0.5931,0.59336,0.59301,0.59328,1315
2024-06-07 03:00:00,0.59328,0.59355,0.59314,0.5933,2119
2024-06-07 04:00:00,0.59334,0.5937,0.59319,0.59344,2405
2024-06-07 05:00:00,0.59344,0.59366,0.59327,0.59353,1771
2024-06-07 06:00:00,0.59354,0.59402,0.59335,0.59378,1527
2024-06-07 07:00:00,0.59377,0.59408,0.59362,0.59386,1278
2024-06-07 08:00:00,0.59387,0.59389,0.59344,0.59376,1777
2024-06-07 09:00:00,0.59376,0.5938,0.59321,0.59327,2716
2024-06-07 10:00:00,0.59326,0.59369,0.59295,0.59353,2967
2024-06-07 11:00:00,0.59353,0.59359,0.59256,0.59276,3031
2024-06-07 12:00:00,0.59276,0.59294,0.59217,0.59249,2605
2024-06-07 13:00:00,0.59248,0.5927,0.59221,0.59231,2161
2024-06-07 14:00:00,0.5923,0.5932,0.5922,0.59298,2268
2024-06-07 15:00:00,0.59299,0.59351,0.59027,0.59148,6336
2024-06-07 16:00:00,0.59144,0.59225,0.59092,0.5912,6169
2024-06-07 17:00:00,0.5912,0.59183,0.59074,0.59114,5209
2024-06-07 18:00:00,0.59114,0.59117,0.58981,0.59014,3985
2024-06-07 19:00:00,0.59015,0.59059,0.58967,0.5904,3137
2024-06-07 20:00:00,0.5904,0.59045,0.59009,0.59033,2759
2024-06-07 21:00:00,0.59032,0.59041,0.58983,0.5903,2299
2024-06-07 22:00:00,0.5903,0.59039,0.58978,0.58998,2256
2024-06-07 23:00:00,0.58997,0.59004,0.58969,0.58993,1084
2024-06-10 00:00:00,0.58913,0.58986,0.58871,0.58972,979
2024-06-10 01:00:00,0.58955,0.59038,0.58955,0.58975,1676
2024-06-10 02:00:00,0.58979,0.59,0.58967,0.58976,1083
2024-06-10 03:00:00,0.58979,0.59001,0.58951,0.5899,2171
2024-06-10 04:00:00,0.58992,0.59066,0.58979,0.59063,1893
2024-06-10 05:00:00,0.59063,0.59138,0.59052,0.59129,1178
2024-06-10 06:00:00,0.59128,0.59156,0.59117,0.59126,1520
2024-06-10 07:00:00,0.59126,0.59149,0.59096,0.5914,1610
2024-06-10 08:00:00,0.59142,0.59158,0.5909,0.59142,1566
2024-06-10 09:00:00,0.59142,0.59197,0.59101,0.59165,2394
2024-06-10 10:00:00,0.59167,0.59229,0.59116,0.59163,3688
2024-06-10 11:00:00,0.59162,0.59176,0.59052,0.59065,3132
2024-06-10 12:00:00,0.59064,0.59107,0.59044,0.59063,2821
2024-06-10 13:00:00,0.59064,0.59096,0.59043,0.59061,2579
2024-06-10 14:00:00,0.5906,0.5912,0.59054,0.5907,2182
2024-06-10 15:00:00,0.5907,0.59149,0.5906,0.59107,3034
2024-06-10 16:00:00,0.59108,0.59142,0.59055,0.59137,3746
2024-06-10 17:00:00,0.59137,0.59235,0.59126,0.59181,3499
2024-06-10 18:00:00,0.59183,0.59285,0.5918,0.59272,2850
2024-06-10 19:00:00,0.59273,0.59276,0.5921,0.59229,2438
2024-06-10 20:00:00,0.59229,0.59232,0.59178,0.59218,2318
2024-06-10 21:00:00,0.59219,0.59229,0.59185,0.59228,2087
2024-06-10 22:00:00,0.59228,0.59266,0.59223,0.59253,1772
2024-06-10 23:00:00,0.59253,0.59263,0.59235,0.59263,605
2024-06-11 00:00:00,0.59202,0.5925,0.59148,0.59194,1427
2024-06-11 01:00:00,0.59237,0.59268,0.59232,0.59249,722
2024-06-11 02:00:00,0.59248,0.5926,0.59222,0.59236,1417
2024-06-11 03:00:00,0.59236,0.59239,0.59211,0.59213,1975
2024-06-11 04:00:00,0.59212,0.59221,0.59149,0.59174,2529
2024-06-11 05:00:00,0.59173,0.59174,0.59101,0.59142,1952
2024-06-11 06:00:00,0.5914,0.59151,0.59105,0.59147,1554
2024-06-11 07:00:00,0.59147,0.59165,0.59131,0.59152,1014
2024-06-11 08:00:00,0.5915,0.59191,0.59148,0.59186,1484
2024-06-11 09:00:00,0.59183,0.59238,0.59174,0.59235,2060
2024-06-11 10:00:00,0.59234,0.59253,0.59157,0.59241,2395
2024-06-11 11:00:00,0.59238,0.59262,0.59176,0.59188,2386
2024-06-11 12:00:00,0.59188,0.59201,0.59127,0.59138,2481
2024-06-11 13:00:00,0.59139,0.59187,0.59101,0.59186,2567
2024-06-11 14:00:00,0.59184,0.59188,0.59102,0.59128,2863
2024-06-11 15:00:00,0.59129,0.59248,0.59127,0.59245,3141
2024-06-11 16:00:00,0.59246,0.59312,0.59166,0.59183,4304
2024-06-11 17:00:00,0.59185,0.59319,0.59158,0.59297,4021
2024-06-11 18:00:00,0.59299,0.59312,0.59255,0.59285,2781
2024-06-11 19:00:00,0.59285,0.59321,0.59256,0.59305,1785
2024-06-11 20:00:00,0.59304,0.59321,0.5925,0.59273,2499
2024-06-11 21:00:00,0.59273,0.59319,0.59266,0.59308,2406
2024-06-11 22:00:00,0.59308,0.59325,0.59283,0.59305,2062
2024-06-11 23:00:00,0.59305,0.59309,0.59284,0.59292,701
2024-06-12 00:00:00,0.59282,0.59304,0.5924,0.59271,1422
2024-06-12 01:00:00,0.59275,0.59313,0.59275,0.59312,478
2024-06-12 02:00:00,0.59312,0.59345,0.59311,0.59319,828
2024-06-12 03:00:00,0.5932,0.59354,0.5925,0.59277,1900
2024-06-12 04:00:00,0.59278,0.59389,0.5927,0.59377,2791
2024-06-12 05:00:00,0.59378,0.59394,0.5933,0.5937,2115
2024-06-12 06:00:00,0.5937,0.59399,0.59358,0.59395,1369
2024-06-12 07:00:00,0.59395,0.59398,0.59369,0.5937,1299
2024-06-12 08:00:00,0.5937,0.59432,0.59359,0.59393,1797
2024-06-12 09:00:00,0.59397,0.5941,0.59306,0.59313,2389
2024-06-12 10:00:00,0.5931,0.59354,0.59296,0.59341,2257
2024-06-12 11:00:00,0.5934,0.5936,0.59282,0.59285,2065
2024-06-12 12:00:00,0.59285,0.59324,0.59285,0.59299,2051
2024-06-12 13:00:00,0.593,0.59306,0.59238,0.59253,1538
2024-06-12 14:00:00,0.59251,0.59258,0.59201,0.59221,2321
2024-06-12 15:00:00,0.59221,0.59557,0.5905,0.59551,5752
2024-06-12 16:00:00,0.59552,0.59662,0.59527,0.59639,6062
2024-06-12 17:00:00,0.59638,0.59707,0.59571,0.59625,5135
2024-06-12 18:00:00,0.59625,0.59765,0.59605,0.5974,3710
2024-06-12 19:00:00,0.59742,0.59769,0.59673,0.59723,3078
2024-06-12 20:00:00,0.59722,0.5973,0.59679,0.59679,2336
2024-06-12 21:00:00,0.59677,0.59711,0.59585,0.59659,8854
2024-06-12 22:00:00,0.5966,0.59674,0.59532,0.59555,5703
2024-06-12 23:00:00,0.59556,0.59596,0.59547,0.59585,841
2024-06-13 00:00:00,0.59481,0.59603,0.59481,0.5957,1675
2024-06-13 01:00:00,0.59565,0.59598,0.59543,0.5957,823
2024-06-13 02:00:00,0.5957,0.59615,0.59566,0.59579,1219
2024-06-13 03:00:00,0.59577,0.59592,0.595,0.59518,2026
2024-06-13 04:00:00,0.59519,0.59626,0.59477,0.59497,3076
2024-06-13 05:00:00,0.59496,0.59552,0.59484,0.59509,1954
2024-06-13 06:00:00,0.5951,0.59573,0.59501,0.59561,1445
2024-06-13 07:00:00,0.59562,0.59566,0.59513,0.59521,1041
2024-06-13 08:00:00,0.5952,0.59557,0.59446,0.59453,1537
2024-06-13 09:00:00,0.59451,0.59529,0.59442,0.59518,2315
2024-06-13 10:00:00,0.59521,0.59583,0.59514,0.59529,2650
2024-06-13 11:00:00,0.5953,0.5957,0.59498,0.59568,2284
2024-06-13 12:00:00,0.59568,0.59595,0.59538,0.59571,1906
2024-06-13 13:00:00,0.59574,0.59597,0.5955,0.59583,2056
2024-06-13 14:00:00,0.59583,0.59606,0.59517,0.59523,2554
2024-06-13 15:00:00,0.59523,0.5964,0.5948,0.59568,5128
2024-06-13 16:00:00,0.59568,0.59612,0.59511,0.59532,4947
2024-06-13 17:00:00,0.59529,0.5954,0.59357,0.59376,4769
2024-06-13 18:00:00,0.59377,0.59415,0.5932,0.59323,4044
2024-06-13 19:00:00,0.59321,0.59327,0.59231,0.59312,3559
2024-06-13 20:00:00,0.59312,0.59345,0.59295,0.59328,3201
2024-06-13 21:00:00,0.59329,0.59361,0.59315,0.59335,2036
2024-06-13 22:00:00,0.59334,0.59334,0.59304,0.59308,1610
2024-06-13 23:00:00,0.59307,0.59318,0.59283,0.59311,826
2024-06-14 00:00:00,0.59212,0.59322,0.59212,0.59274,1079
2024-06-14 01:00:00,0.59275,0.59316,0.59264,0.59303,726
2024-06-14 02:00:00,0.59303,0.59313,0.59271,0.59277,1033
2024-06-14 03:00:00,0.59277,0.59289,0.59178,0.59192,2477
2024-06-14 04:00:00,0.59193,0.59313,0.59192,0.59309,2489
2024-06-14 05:00:00,0.5931,0.59322,0.59263,0.59312,1903
2024-06-14 06:00:00,0.59312,0.59328,0.59241,0.59282,3013
2024-06-14 07:00:00,0.59282,0.59307,0.59243,0.5925,1768
2024-06-14 08:00:00,0.59248,0.593,0.59236,0.59237,1725
2024-06-14 09:00:00,0.59236,0.5925,0.59147,0.59192,3759
2024-06-14 10:00:00,0.59191,0.59211,0.59095,0.59148,4180
2024-06-14 11:00:00,0.59146,0.59164,0.58932,0.58993,4303
2024-06-14 12:00:00,0.58993,0.59108,0.58952,0.59096,4032
2024-06-14 13:00:00,0.59095,0.59124,0.59041,0.59088,3995
2024-06-14 14:00:00,0.59088,0.59129,0.59002,0.59013,3623
2024-06-14 15:00:00,0.59014,0.5902,0.58932,0.58968,4575
2024-06-14 16:00:00,0.5897,0.58985,0.58786,0.58817,4734
2024-06-14 17:00:00,0.58814,0.5887,0.58744,0.5885,5239
2024-06-14 18:00:00,0.58851,0.58948,0.58808,0.58913,3769
2024-06-14 19:00:00,0.58914,0.58955,0.5889,0.58925,2659
2024-06-14 20:00:00,0.58926,0.58931,0.58839,0.58857,2577
2024-06-14 21:00:00,0.58856,0.58873,0.58804,0.5887,2041
2024-06-14 22:00:00,0.5887,0.58889,0.5885,0.58882,1346
2024-06-14 23:00:00,0.58881,0.58897,0.58866,0.58878,694
2024-06-17 00:00:00,0.58713,0.58868,0.5869,0.58837,856
2024-06-17 01:00:00,0.58873,0.58933,0.58866,0.58909,1120
2024-06-17 02:00:00,0.58909,0.58934,0.5889,0.58901,1144
2024-06-17 03:00:00,0.58901,0.58923,0.58849,0.58852,2112
2024-06-17 04:00:00,0.58852,0.58852,0.58789,0.58826,2358
2024-06-17 05:00:00,0.58824,0.58842,0.58775,0.58781,1850
2024-06-17 06:00:00,0.5878,0.58817,0.58768,0.58804,1448
2024-06-17 07:00:00,0.58802,0.58816,0.58779,0.58795,1523
2024-06-17 08:00:00,0.58794,0.58825,0.58781,0.5882,1652
2024-06-17 09:00:00,0.58816,0.58816,0.58675,0.58759,3371
2024-06-17 10:00:00,0.58759,0.58884,0.58759,0.58872,3233
2024-06-17 11:00:00,0.58873,0.58914,0.58856,0.58907,2890
2024-06-17 12:00:00,0.58907,0.58954,0.58889,0.58933,2235
2024-06-17 13:00:00,0.58933,0.58936,0.58868,0.58934,2238
2024-06-17 14:00:00,0.58935,0.58942,0.58817,0.58831,2381
2024-06-17 15:00:00,0.58831,0.58867,0.58809,0.58848,3122
2024-06-17 16:00:00,0.58849,0.58926,0.58836,0.58892,3085
2024-06-17 17:00:00,0.58893,0.58895,0.58805,0.58809,3457
2024-06-17 18:00:00,0.58808,0.58853,0.58776,0.58804,2795
2024-06-17 19:00:00,0.58803,0.58872,0.588,0.58853,2452
2024-06-17 20:00:00,0.58854,0.58868,0.58829,0.58865,1807
2024-06-17 21:00:00,0.58864,0.58897,0.58853,0.58858,1993
2024-06-17 22:00:00,0.58857,0.5886,0.58831,0.58851,1806
2024-06-17 23:00:00,0.58849,0.58851,0.58816,0.58828,691
2024-06-18 00:00:00,0.58716,0.58829,0.58712,0.58803,1093
2024-06-18 01:00:00,0.58811,0.58839,0.58795,0.58831,587
2024-06-18 02:00:00,0.58831,0.58831,0.58772,0.58786,1307
2024-06-18 03:00:00,0.58786,0.58807,0.58754,0.58758,2451
2024-06-18 04:00:00,0.58759,0.58809,0.58743,0.58755,2321
2024-06-18 05:00:00,0.58755,0.58822,0.58752,0.58795,2089
2024-06-18 06:00:00,0.58796,0.58797,0.58753,0.58771,1586
2024-06-18 07:00:00,0.58771,0.58841,0.58695,0.58784,1931
2024-06-18 08:00:00,0.58783,0.58953,0.58777,0.58938,2569
2024-06-18 09:00:00,0.58948,0.59015,0.58899,0.5896,2959
2024-06-18 10:00:00,0.5896,0.58969,0.58779,0.58797,3526
2024-06-18 11:00:00,0.58796,0.58809,0.58715,0.58803,2838
2024-06-18 12:00:00,0.58802,0.58802,0.5871,0.58712,2874
2024-06-18 13:00:00,0.58712,0.58793,0.5871,0.58761,2429
2024-06-18 14:00:00,0.58762,0.5877,0.58647,0.58693,2223
2024-06-18 15:00:00,0.58692,0.58726,0.5863,0.58653,4305
2024-06-18 16:00:00,0.58652,0.58738,0.58609,0.58673,4814
2024-06-18 17:00:00,0.58672,0.5882,0.58664,0.58733,4736
2024-06-18 18:00:00,0.58733,0.58861,0.58723,0.58801,3586
2024-06-18 19:00:00,0.588,0.58827,0.5879,0.58818,2417
2024-06-18 20:00:00,0.58819,0.58834,0.58809,0.58829,2566
2024-06-18 21:00:00,0.58828,0.58837,0.58786,0.58823,2101
2024-06-18 22:00:00,0.58821,0.58844,0.58796,0.58838,2104
2024-06-18 23:00:00,0.58836,0.5885,0.58817,0.58848,493
2024-06-19 00:00:00,0.58789,0.5886,0.58784,0.5884,3597
2024-06-19 01:00:00,0.58833,0.58875,0.58823,0.58862,986
2024-06-19 02:00:00,0.58861,0.58901,0.58855,0.58893,1187
2024-06-19 03:00:00,0.58893,0.58908,0.58878,0.58896,1441
2024-06-19 04:00:00,0.58896,0.58939,0.58873,0.58927,2082
2024-06-19 05:00:00,0.58928,0.58958,0.58918,0.58939,1636
2024-06-19 06:00:00,0.58937,0.58947,0.58888,0.58896,1806
2024-06-19 07:00:00,0.58896,0.58934,0.58888,0.58911,920
2024-06-19 08:00:00,0.58912,0.58949,0.58895,0.58926,1529
2024-06-19 09:00:00,0.58925,0.5901,0.58923,0.59002,2307
2024-06-19 10:00:00,0.59002,0.59042,0.58934,0.58968,3031
2024-06-19 11:00:00,0.58968,0.59024,0.58934,0.58985,2320
2024-06-19 12:00:00,0.58981,0.59048,0.58971,0.59008,2109
2024-06-19 13:00:00,0.59007,0.59094,0.58982,0.59037,1946
2024-06-19 14:00:00,0.59038,0.5905,0.58954,0.58965,1669
2024-06-19 15:00:00,0.58964,0.58972,0.58903,0.58969,2177
2024-06-19 16:00:00,0.5897,0.58977,0.58925,0.58957,2120
2024-06-19 17:00:00,0.58957,0.59025,0.58941,0.59024,1990
2024-06-19 18:00:00,0.59023,0.59043,0.58965,0.58982,1482
2024-06-19 19:00:00,0.58981,0.58994,0.58978,0.58988,648
2024-06-19 20:00:00,0.58987,0.59001,0.5898,0.58995,578
2024-06-19 21:00:00,0.58994,0.58998,0.58972,0.58992,550
2024-06-19 22:00:00,0.5899,0.59004,0.58972,0.58992,357
2024-06-19 23:00:00,0.58993,0.5901,0.58985,0.59007,711
2024-06-20 00:00:00,0.58956,0.59002,0.58905,0.58971,1117
2024-06-20 01:00:00,0.58969,0.59009,0.58961,0.59,955
2024-06-20 02:00:00,0.59001,0.59035,0.59,0.59014,905
2024-06-20 03:00:00,0.59014,0.59018,0.58966,0.58983,2253
2024-06-20 04:00:00,0.58984,0.58998,0.58921,0.58956,3013
2024-06-20 05:00:00,0.58954,0.58974,0.58924,0.5896,1929
2024-06-20 06:00:00,0.58961,0.58997,0.58956,0.58987,1781
2024-06-20 07:00:00,0.58987,0.59011,0.5895,0.58957,1423
2024-06-20 08:00:00,0.58957,0.58961,0.58884,0.58897,1832
2024-06-20 09:00:00,0.58904,0.58933,0.5886,0.58924,2483
2024-06-20 10:00:00,0.58924,0.59381,0.58902,0.59335,4320
2024-06-20 11:00:00,0.59334,0.59427,0.59276,0.59298,3750
2024-06-20 12:00:00,0.59297,0.59391,0.59289,0.59344,2681
2024-06-20 13:00:00,0.59345,0.59384,0.59288,0.5937,2615
2024-06-20 14:00:00,0.59371,0.59429,0.59338,0.59386,3099
2024-06-20 15:00:00,0.59386,0.59462,0.59355,0.59421,4257
2024-06-20 16:00:00,0.59422,0.59515,0.59402,0.59492,4552
2024-06-20 17:00:00,0.5949,0.5952,0.5933,0.59342,4216
2024-06-20 18:00:00,0.59342,0.59384,0.59253,0.59321,3662
2024-06-20 19:00:00,0.59317,0.59322,0.59207,0.59299,2981
2024-06-20 20:00:00,0.59298,0.59302,0.59233,0.59293,2983
2024-06-20 21:00:00,0.59293,0.59357,0.59293,0.59337,2672
2024-06-20 22:00:00,0.59333,0.59357,0.59297,0.59333,2807
2024-06-20 23:00:00,0.59337,0.5934,0.5929,0.5932,826
2024-06-21 00:00:00,0.59219,0.59333,0.59219,0.59305,1551
2024-06-21 01:00:00,0.5931,0.59344,0.59302,0.5934,747
2024-06-21 02:00:00,0.5934,0.59389,0.59335,0.59376,876
2024-06-21 03:00:00,0.59376,0.594,0.59345,0.59357,1902
2024-06-21 04:00:00,0.59355,0.59418,0.59345,0.5939,2472
2024-06-21 05:00:00,0.59391,0.59417,0.59373,0.59388,1822
2024-06-21 06:00:00,0.59388,0.59426,0.59369,0.59415,1348
2024-06-21 07:00:00,0.59415,0.59431,0.59405,0.59407,1036
2024-06-21 08:00:00,0.59408,0.59419,0.59351,0.59373,1582
2024-06-21 09:00:00,0.59375,0.5944,0.59375,0.59429,2167
2024-06-21 10:00:00,0.59429,0.59458,0.59202,0.59232,4014
2024-06-21 11:00:00,0.5923,0.59376,0.59222,0.59343,3266
2024-06-21 12:00:00,0.59342,0.59376,0.59308,0.5935,2421
2024-06-21 13:00:00,0.5935,0.59365,0.59308,0.59364,1949
2024-06-21 14:00:00,0.59364,0.59476,0.59364,0.59459,2071
2024-06-21 15:00:00,0.59463,0.59501,0.59437,0.59448,3199
2024-06-21 16:00:00,0.59449,0.59461,0.59267,0.59387,4780
2024-06-21 17:00:00,0.59388,0.59416,0.59274,0.59297,5325
2024-06-21 18:00:00,0.59297,0.59344,0.59275,0.59338,3136
2024-06-21 19:00:00,0.59344,0.59399,0.59302,0.59393,2036
2024-06-21 20:00:00,0.59394,0.59398,0.59345,0.59381,2116
2024-06-21 21:00:00,0.59378,0.59408,0.59365,0.59407,1842
2024-06-21 22:00:00,0.59407,0.59421,0.59391,0.59394,1510
2024-06-21 23:00:00,0.59395,0.59406,0.59376,0.59382,910
2024-06-24 00:00:00,0.59224,0.59311,0.59221,0.593,763
2024-06-24 01:00:00,0.59306,0.59379,0.59306,0.59362,1360
2024-06-24 02:00:00,0.59361,0.59362,0.59319,0.59337,1607
2024-06-24 03:00:00,0.59338,0.59363,0.59319,0.59331,2095
2024-06-24 04:00:00,0.59329,0.59331,0.59223,0.59283,3018
2024-06-24 05:00:00,0.59282,0.59316,0.59246,0.5925,2340
2024-06-24 06:00:00,0.5925,0.59287,0.59246,0.59262,1259
2024-06-24 07:00:00,0.5926,0.59315,0.59252,0.59313,1430
2024-06-24 08:00:00,0.59313,0.59342,0.59299,0.59312,2218
2024-06-24 09:00:00,0.59316,0.59376,0.5931,0.59372,2054
2024-06-24 10:00:00,0.59371,0.59455,0.59363,0.59455,2516
2024-06-24 11:00:00,0.59454,0.59501,0.59432,0.59467,3064
2024-06-24 12:00:00,0.59465,0.59489,0.5937,0.59391,3157
2024-06-24 13:00:00,0.5939,0.5939,0.5932,0.59383,2916
2024-06-24 14:00:00,0.59383,0.59393,0.59302,0.59309,2193
2024-06-24 15:00:00,0.5931,0.59346,0.593,0.59309,2573
2024-06-24 16:00:00,0.59309,0.59487,0.59304,0.59441,3913
2024-06-24 17:00:00,0.59439,0.59531,0.59439,0.59514,4353
2024-06-24 18:00:00,0.59512,0.59517,0.59459,0.59483,2695
2024-06-24 19:00:00,0.59483,0.5951,0.59473,0.59489,1995
2024-06-24 20:00:00,0.59486,0.59496,0.59435,0.59459,1808
2024-06-24 21:00:00,0.59458,0.59504,0.59454,0.59474,1682
2024-06-24 22:00:00,0.59474,0.59479,0.59449,0.5945,1774
2024-06-24 23:00:00,0.59449,0.59456,0.59421,0.59424,969
2024-06-25 00:00:00,0.59291,0.59432,0.59291,0.59413,1218
2024-06-25 01:00:00,0.59412,0.59441,0.59394,0.59396,1592
2024-06-25 02:00:00,0.59396,0.59436,0.59389,0.59431,821
2024-06-25 03:00:00,0.59431,0.59441,0.59323,0.59335,1962
2024-06-25 04:00:00,0.59336,0.59407,0.59334,0.59382,2868
2024-06-25 05:00:00,0.59382,0.59407,0.59373,0.59382,2294
2024-06-25 06:00:00,0.59383,0.59434,0.59375,0.59402,1840
2024-06-25 07:00:00,0.59403,0.5942,0.59385,0.59407,1296
2024-06-25 08:00:00,0.59406,0.59446,0.5939,0.59422,1868
2024-06-25 09:00:00,0.59427,0.59547,0.59425,0.59545,2352
2024-06-25 10:00:00,0.59546,0.59587,0.59504,0.59557,3119
2024-06-25 11:00:00,0.59556,0.596,0.59523,0.5954,2579
2024-06-25 12:00:00,0.59541,0.59548,0.59467,0.59477,2021
2024-06-25 13:00:00,0.59478,0.59499,0.59438,0.59496,2405
2024-06-25 14:00:00,0.59495,0.59501,0.59373,0.59407,2255
2024-06-25 15:00:00,0.59407,0.59465,0.59372,0.5943,3141
2024-06-25 16:00:00,0.59428,0.5945,0.59359,0.59389,3592
2024-06-25 17:00:00,0.59378,0.5941,0.59346,0.59378,3651
2024-06-25 18:00:00,0.59379,0.59413,0.59353,0.59395,3000
2024-06-25 19:00:00,0.59389,0.59408,0.59367,0.59406,2379
2024-06-25 20:00:00,0.59406,0.59474,0.59382,0.59463,2074
2024-06-25 21:00:00,0.59463,0.59481,0.59456,0.59464,1528
2024-06-25 22:00:00,0.59465,0.59474,0.59455,0.59464,1836
2024-06-25 23:00:00,0.59463,0.59471,0.59448,0.59468,673
2024-06-26 00:00:00,0.59364,0.59472,0.59356,0.59448,1159
2024-06-26 01:00:00,0.5945,0.59477,0.5945,0.59458,815
2024-06-26 02:00:00,0.59458,0.59492,0.59458,0.59483,853
2024-06-26 03:00:00,0.59484,0.59495,0.59425,0.59471,1905
2024-06-26 04:00:00,0.5947,0.59731,0.59465,0.59727,3716
2024-06-26 05:00:00,0.5973,0.59766,0.59663,0.59694,3179
2024-06-26 06:00:00,0.59694,0.59756,0.59677,0.59712,1945
2024-06-26 07:00:00,0.59711,0.59792,0.59706,0.59766,1256
2024-06-26 08:00:00,0.59768,0.5986,0.59765,0.59842,2017
2024-06-26 09:00:00,0.59849,0.59913,0.59849,0.59871,2925
2024-06-26 10:00:00,0.5987,0.59888,0.59807,0.59858,2946
2024-06-26 11:00:00,0.59858,0.59955,0.59821,0.59885,2513
2024-06-26 12:00:00,0.59886,0.59929,0.59868,0.59885,2406
2024-06-26 13:00:00,0.59886,0.5989,0.59787,0.59789,2410
2024-06-26 14:00:00,0.59788,0.59792,0.59699,0.59709,2429
2024-06-26 15:00:00,0.59708,0.5975,0.5964,0.59649,3628
2024-06-26 16:00:00,0.59648,0.59688,0.59569,0.59643,4644
2024-06-26 17:00:00,0.59641,0.59731,0.5963,0.59659,4694
2024-06-26 18:00:00,0.59658,0.59672,0.59608,0.59654,3011
2024-06-26 19:00:00,0.5965,0.5969,0.59636,0.5968,2553
2024-06-26 20:00:00,0.59678,0.59713,0.59645,0.59703,2583
2024-06-26 21:00:00,0.59702,0.59704,0.59658,0.5967,1834
2024-06-26 22:00:00,0.59669,0.5969,0.59639,0.5968,1576
2024-06-26 23:00:00,0.59679,0.5968,0.59639,0.59649,605
2024-06-27 00:00:00,0.59555,0.59679,0.59552,0.59654,2016
2024-06-27 01:00:00,0.5963,0.59649,0.59614,0.59626,1026
2024-06-27 02:00:00,0.59626,0.59626,0.59583,0.59608,1036
2024-06-27 03:00:00,0.59608,0.59625,0.59579,0.59612,2074
2024-06-27 04:00:00,0.5961,0.59665,0.5961,0.59663,2874
2024-06-27 05:00:00,0.59663,0.59685,0.59625,0.59678,2047
2024-06-27 06:00:00,0.59678,0.59761,0.59678,0.59744,1372
2024-06-27 07:00:00,0.59745,0.59767,0.59719,0.59759,1514
2024-06-27 08:00:00,0.59758,0.59778,0.59736,0.59765,1688
2024-06-27 09:00:00,0.59765,0.5982,0.59758,0.59805,2467
2024-06-27 10:00:00,0.59806,0.59853,0.59787,0.59788,3181
2024-06-27 11:00:00,0.59787,0.59846,0.59767,0.59834,2614
2024-06-27 12:00:00,0.59834,0.59849,0.59795,0.59813,2389
2024-06-27 13:00:00,0.59816,0.5983,0.59713,0.59751,2530
2024-06-27 14:00:00,0.59751,0.59756,0.59684,0.5972,2026
2024-06-27 15:00:00,0.5972,0.59787,0.59696,0.59741,4104
2024-06-27 16:00:00,0.59738,0.59771,0.59688,0.59732,4139
2024-06-27 17:00:00,0.59733,0.59776,0.59676,0.59728,4282
2024-06-27 18:00:00,0.59729,0.59729,0.59648,0.59689,3138
2024-06-27 19:00:00,0.59688,0.59722,0.5968,0.59709,1993
2024-06-27 20:00:00,0.5971,0.59736,0.59701,0.59707,2165
2024-06-27 21:00:00,0.59705,0.59731,0.59664,0.59726,2531
2024-06-27 22:00:00,0.59727,0.59748,0.59718,0.59734,1787
2024-06-27 23:00:00,0.59735,0.59756,0.59734,0.59748,1037
2024-06-28 00:00:00,0.59713,0.59739,0.5968,0.5969,854
2024-06-28 01:00:00,0.59711,0.59737,0.5971,0.59722,706
2024-06-28 02:00:00,0.59721,0.59758,0.59718,0.59748,799
2024-06-28 03:00:00,0.59749,0.59768,0.5972,0.59722,2055
2024-06-28 04:00:00,0.59723,0.59725,0.5956,0.59609,3705
2024-06-28 05:00:00,0.5961,0.59705,0.5961,0.59651,3015
2024-06-28 06:00:00,0.59649,0.59659,0.59577,0.59588,1957
2024-06-28 07:00:00,0.59589,0.59609,0.59556,0.59568,1376
2024-06-28 08:00:00,0.59567,0.59605,0.59546,0.59567,1634
2024-06-28 09:00:00,0.59568,0.59638,0.59566,0.59628,2420
2024-06-28 10:00:00,0.5963,0.59678,0.59599,0.59673,2953
2024-06-28 11:00:00,0.59673,0.59789,0.59638,0.59739,2687
2024-06-28 12:00:00,0.5974,0.59845,0.59728,0.59838,2960
2024-06-28 13:00:00,0.59837,0.59855,0.59788,0.59854,2835
2024-06-28 14:00:00,0.59855,0.59912,0.5985,0.59885,2346
2024-06-28 15:00:00,0.59885,0.59982,0.59872,0.59965,4528
2024-06-28 16:00:00,0.59967,0.60031,0.59932,0.59945,4530
2024-06-28 17:00:00,0.59944,0.60085,0.59929,0.60032,6081
2024-06-28 18:00:00,0.60026,0.60026,0.59924,0.60009,4576
2024-06-28 19:00:00,0.60008,0.60022,0.5994,0.5996,2700
2024-06-28 20:00:00,0.59959,0.6001,0.59929,0.59939,2400
2024-06-28 21:00:00,0.59938,0.59957,0.59909,0.5992,2213
2024-06-28 22:00:00,0.5992,0.59932,0.59877,0.59926,2368
2024-06-28 23:00:00,0.59926,0.59951,0.59896,0.59928,1238
2024-07-01 00:00:00,0.59907,0.59969,0.59779,0.59954,698
2024-07-01 01:00:00,0.59968,0.60114,0.59949,0.60075,2022
2024-07-01 02:00:00,0.60074,0.6012,0.60067,0.60084,2700
2024-07-01 03:00:00,0.60086,0.60088,0.59961,0.59997,3331
2024-07-01 04:00:00,0.6,0.60007,0.59947,0.59989,2939
2024-07-01 05:00:00,0.5999,0.59999,0.59941,0.59972,1957
2024-07-01 06:00:00,0.59972,0.59994,0.5995,0.59984,1511
2024-07-01 07:00:00,0.59984,0.59985,0.59945,0.59962,1430
2024-07-01 08:00:00,0.59961,0.59982,0.59941,0.59966,1953
2024-07-01 09:00:00,0.59968,0.59997,0.5992,0.59946,2950
2024-07-01 10:00:00,0.59947,0.60104,0.59946,0.60095,3314
2024-07-01 11:00:00,0.60098,0.60198,0.60093,0.60173,3295
2024-07-01 12:00:00,0.60174,0.60177,0.60093,0.60169,3015
2024-07-01 13:00:00,0.60168,0.60195,0.60131,0.60158,2075
2024-07-01 14:00:00,0.60159,0.60174,0.60117,0.60141,2046
2024-07-01 15:00:00,0.60141,0.60152,0.60056,0.60126,2942
2024-07-01 16:00:00,0.60123,0.6026,0.60115,0.60144,4068
2024-07-01 17:00:00,0.6007,0.60216,0.60034,0.60113,5662
2024-07-01 18:00:00,0.60113,0.6015,0.60075,0.60129,3656
2024-07-01 19:00:00,0.60128,0.60172,0.60099,0.60112,2555
2024-07-01 20:00:00,0.60112,0.60175,0.60106,0.60141,1649
2024-07-01 21:00:00,0.60143,0.60143,0.60072,0.60088,1592
2024-07-01 22:00:00,0.60088,0.60116,0.60069,0.60098,1507
2024-07-01 23:00:00,0.60098,0.60121,0.60095,0.60115,613
2024-07-02 00:00:00,0.60024,0.60112,0.59971,0.60099,1537
2024-07-02 01:00:00,0.60097,0.60128,0.60088,0.60105,582
2024-07-02 02:00:00,0.60105,0.60105,0.60071,0.60102,888
2024-07-02 03:00:00,0.60103,0.60131,0.60048,0.60059,2061
2024-07-02 04:00:00,0.60059,0.60094,0.60007,0.60065,2391
2024-07-02 05:00:00,0.60065,0.60071,0.59981,0.59993,1789
2024-07-02 06:00:00,0.59993,0.60038,0.59942,0.60033,1321
2024-07-02 07:00:00,0.60033,0.60058,0.60007,0.60047,1268
2024-07-02 08:00:00,0.60047,0.6008,0.60005,0.6006,1775
2024-07-02 09:00:00,0.6006,0.60093,0.60015,0.6007,2548
2024-07-02 10:00:00,0.60069,0.60115,0.60044,0.60071,3325
2024-07-02 11:00:00,0.60073,0.60134,0.60063,0.60134,2683
2024-07-02 12:00:00,0.60133,0.60136,0.60093,0.60124,2421
2024-07-02 13:00:00,0.60122,0.60155,0.60096,0.60115,1972
2024-07-02 14:00:00,0.60113,0.60117,0.60065,0.60104,1794
2024-07-02 15:00:00,0.60105,0.60197,0.60105,0.60174,2913
2024-07-02 16:00:00,0.6017,0.60285,0.6017,0.60255,4257
2024-07-02 17:00:00,0.60261,0.60292,0.60121,0.60184,6275
2024-07-02 18:00:00,0.60183,0.60234,0.60151,0.60225,3568
2024-07-02 19:00:00,0.60225,0.60248,0.60207,0.60209,2173
2024-07-02 20:00:00,0.60209,0.60268,0.60205,0.60256,1812
2024-07-02 21:00:00,0.60257,0.60296,0.60256,0.60294,1748
2024-07-02 22:00:00,0.60293,0.603,0.60262,0.60287,1699
2024-07-02 23:00:00,0.60287,0.60289,0.60259,0.60259,739
2024-07-03 00:00:00,0.6021,0.60246,0.60199,0.60219,856
2024-07-03 01:00:00,0.60228,0.60281,0.60228,0.60277,751
2024-07-03 02:00:00,0.60276,0.60281,0.60256,0.60263,649
2024-07-03 03:00:00,0.60264,0.60312,0.60264,0.60275,1871
2024-07-03 04:00:00,0.60272,0.6037,0.60252,0.60333,2023
2024-07-03 05:00:00,0.60333,0.60371,0.60296,0.60313,1826
2024-07-03 06:00:00,0.60314,0.60379,0.60311,0.60366,1411
2024-07-03 07:00:00,0.60366,0.60395,0.60355,0.60356,1135
2024-07-03 08:00:00,0.60356,0.60382,0.60315,0.60357,1676
2024-07-03 09:00:00,0.60361,0.60423,0.60346,0.6041,2165
2024-07-03 10:00:00,0.60408,0.60464,0.60376,0.60378,2899
2024-07-03 11:00:00,0.60377,0.60394,0.60308,0.60314,2385
2024-07-03 12:00:00,0.60317,0.60323,0.60227,0.60234,2040
2024-07-03 13:00:00,0.60235,0.60268,0.60202,0.60233,1605
2024-07-03 14:00:00,0.60232,0.60281,0.6023,0.60266,1777
2024-07-03 15:00:00,0.60266,0.60338,0.60245,0.60277,3408
2024-07-03 16:00:00,0.60276,0.60397,0.6027,0.60378,3417
2024-07-03 17:00:00,0.60354,0.60582,0.60271,0.60555,6474
2024-07-03 18:00:00,0.60555,0.60558,0.60456,0.60509,4163
2024-07-03 19:00:00,0.60509,0.60512,0.60449,0.60471,2341
2024-07-03 20:00:00,0.60471,0.60471,0.60429,0.60451,1458
2024-07-03 21:00:00,0.60451,0.6046,0.60417,0.60444,1280
2024-07-03 22:00:00,0.60444,0.60451,0.60424,0.60429,902
2024-07-03 23:00:00,0.60429,0.6046,0.60423,0.60441,654
2024-07-04 00:00:00,0.60372,0.60428,0.60337,0.60393,1850
2024-07-04 01:00:00,0.60399,0.60483,0.60397,0.60467,994
2024-07-04 02:00:00,0.60468,0.60475,0.60445,0.60458,1104
2024-07-04 03:00:00,0.6046,0.60507,0.60458,0.6049,1853
2024-07-04 04:00:00,0.60489,0.60534,0.60451,0.60491,2676
2024-07-04 05:00:00,0.60489,0.60507,0.60468,0.60491,1444
2024-07-04 06:00:00,0.60492,0.60502,0.60462,0.60476,1102
2024-07-04 07:00:00,0.60476,0.60491,0.60468,0.60485,957
2024-07-04 08:00:00,0.60485,0.60491,0.60447,0.60454,1594
2024-07-04 09:00:00,0.60454,0.60697,0.60431,0.60689,3083
2024-07-04 10:00:00,0.60689,0.60699,0.60555,0.60573,3261
2024-07-04 11:00:00,0.60571,0.60617,0.60537,0.60579,2395
2024-07-04 12:00:00,0.60579,0.6058,0.60503,0.60528,2023
2024-07-04 13:00:00,0.60527,0.60588,0.60523,0.60561,1710
2024-07-04 14:00:00,0.60561,0.60575,0.60528,0.60534,2133
2024-07-04 15:00:00,0.60534,0.60559,0.60508,0.60535,2215
2024-07-04 16:00:00,0.60535,0.60573,0.60503,0.60529,1963
2024-07-04 17:00:00,0.6053,0.60549,0.60503,0.60526,2007
2024-07-04 18:00:00,0.60526,0.60573,0.60511,0.60534,1436
2024-07-04 19:00:00,0.60536,0.60558,0.60511,0.60541,1199
2024-07-04 20:00:00,0.60541,0.60548,0.60518,0.60527,302
2024-07-04 21:00:00,0.60528,0.60542,0.60528,0.6054,355
2024-07-04 22:00:00,0.6054,0.60547,0.60529,0.60541,466
2024-07-04 23:00:00,0.6054,0.60546,0.60527,0.6053,285
2024-07-05 00:00:00,0.60514,0.60543,0.60504,0.60516,338
2024-07-05 01:00:00,0.60518,0.60546,0.60508,0.60543,585
2024-07-05 02:00:00,0.60543,0.60546,0.60524,0.60536,738
2024-07-05 03:00:00,0.60537,0.60596,0.60532,0.6057,2373
2024-07-05 04:00:00,0.60571,0.60599,0.60554,0.60581,2317
2024-07-05 05:00:00,0.60581,0.60598,0.60546,0.60546,1749
2024-07-05 06:00:00,0.60547,0.60554,0.60495,0.60526,2142
2024-07-05 07:00:00,0.60527,0.60534,0.60491,0.60498,1547
2024-07-05 08:00:00,0.60499,0.60503,0.60464,0.60491,1566
2024-07-05 09:00:00,0.60489,0.60506,0.60433,0.60474,1926
2024-07-05 10:00:00,0.60478,0.60523,0.60462,0.60462,2469
2024-07-05 11:00:00,0.60461,0.60506,0.6045,0.605,2057
2024-07-05 12:00:00,0.605,0.60501,0.60445,0.60485,1669
2024-07-05 13:00:00,0.60482,0.60543,0.60482,0.60529,1706
2024-07-05 14:00:00,0.60529,0.60551,0.60495,0.6053,1902
2024-07-05 15:00:00,0.60526,0.60619,0.60294,0.60484,5739
2024-07-05 16:00:00,0.60483,0.6055,0.60401,0.60462,5818
2024-07-05 17:00:00,0.60461,0.60545,0.60393,0.60492,5442
2024-07-05 18:00:00,0.60491,0.60538,0.60477,0.60513,4050
2024-07-05 19:00:00,0.60514,0.60518,0.60476,0.60493,2686
2024-07-05 20:00:00,0.60493,0.60493,0.60459,0.60475,2069
2024-07-05 21:00:00,0.60476,0.60493,0.6045,0.60482,1900
2024-07-05 22:00:00,0.60481,0.60491,0.60448,0.60476,1495
2024-07-05 23:00:00,0.60476,0.60486,0.6044,0.60441,697
2024-07-08 00:00:00,0.6031,0.60357,0.60267,0.60328,1078
2024-07-08 01:00:00,0.60353,0.60402,0.60336,0.60361,1515
2024-07-08 02:00:00,0.60364,0.60402,0.6035,0.60393,1693
2024-07-08 03:00:00,0.60394,0.60413,0.6035,0.60355,2448
2024-07-08 04:00:00,0.60355,0.60434,0.6034,0.60424,2733
2024-07-08 05:00:00,0.60423,0.60432,0.60395,0.60416,2148
2024-07-08 06:00:00,0.60417,0.60516,0.60405,0.60473,1909
2024-07-08 07:00:00,0.60473,0.60484,0.60432,0.60438,1312
2024-07-08 08:00:00,0.60437,0.60437,0.60363,0.60372,1463
2024-07-08 09:00:00,0.60371,0.60372,0.60297,0.603,2549
2024-07-08 10:00:00,0.60302,0.60389,0.60283,0.60344,2856
2024-07-08 11:00:00,0.60345,0.60384,0.60319,0.6032,2973
2024-07-08 12:00:00,0.60318,0.60382,0.60309,0.60373,2351
2024-07-08 13:00:00,0.60374,0.6042,0.60361,0.60365,1935
2024-07-08 14:00:00,0.60363,0.60421,0.6036,0.60398,2116
2024-07-08 15:00:00,0.604,0.60488,0.60399,0.60481,2755
2024-07-08 16:00:00,0.60481,0.60498,0.60393,0.60438,3653
2024-07-08 17:00:00,0.6044,0.60541,0.6042,0.60512,3167
2024-07-08 18:00:00,0.60514,0.60518,0.60435,0.60439,2736
2024-07-08 19:00:00,0.60438,0.60485,0.60432,0.60477,1681
2024-07-08 20:00:00,0.60477,0.60479,0.60433,0.60474,1378
2024-07-08 21:00:00,0.60473,0.60474,0.60417,0.60433,1412
2024-07-08 22:00:00,0.60433,0.60449,0.60404,0.6044,1554
2024-07-08 23:00:00,0.6044,0.60473,0.60434,0.60467,582
2024-07-09 00:00:00,0.60419,0.6048,0.60406,0.60439,694
2024-07-09 01:00:00,0.60427,0.60477,0.60427,0.60474,563
2024-07-09 02:00:00,0.60473,0.60534,0.6047,0.60534,903
2024-07-09 03:00:00,0.60535,0.6057,0.6049,0.60511,2145
2024-07-09 04:00:00,0.60513,0.60572,0.60505,0.60523,2428
2024-07-09 05:00:00,0.60522,0.60534,0.60471,0.60507,2015
2024-07-09 06:00:00,0.60507,0.60531,0.60493,0.60509,1764
2024-07-09 07:00:00,0.60509,0.60557,0.60504,0.60552,1515
2024-07-09 08:00:00,0.60552,0.60592,0.60552,0.60565,1677
2024-07-09 09:00:00,0.6056,0.60578,0.60534,0.60575,2021
2024-07-09 10:00:00,0.60576,0.60593,0.60544,0.60575,2425
2024-07-09 11:00:00,0.60573,0.60588,0.60519,0.60519,2127
2024-07-09 12:00:00,0.6052,0.60524,0.60459,0.60481,2025
2024-07-09 13:00:00,0.6048,0.60548,0.60454,0.60532,1635
2024-07-09 14:00:00,0.60529,0.60529,0.60458,0.60467,2127
2024-07-09 15:00:00,0.60468,0.60486,0.60413,0.60457,2646
2024-07-09 16:00:00,0.60456,0.60492,0.60426,0.60486,3383
2024-07-09 17:00:00,0.60487,0.60501,0.60414,0.60434,5404
2024-07-09 18:00:00,0.60433,0.60474,0.60383,0.60473,3484
2024-07-09 19:00:00,0.60475,0.60484,0.60442,0.60481,2765
2024-07-09 20:00:00,0.60481,0.60513,0.60463,0.60498,2474
2024-07-09 21:00:00,0.60496,0.60517,0.60465,0.60515,1651
2024-07-09 22:00:00,0.60515,0.60529,0.605,0.60519,1554
2024-07-09 23:00:00,0.60518,0.60524,0.60502,0.60513,653
2024-07-10 00:00:00,0.60447,0.60513,0.60447,0.60492,877
2024-07-10 01:00:00,0.60496,0.60518,0.60494,0.60513,899
2024-07-10 02:00:00,0.60513,0.60523,0.60497,0.60508,970
2024-07-10 03:00:00,0.60509,0.60529,0.60466,0.60477,1773
2024-07-10 04:00:00,0.60479,0.60517,0.60469,0.6051,1845
2024-07-10 05:00:00,0.60512,0.6053,0.60441,0.60511,3153
2024-07-10 06:00:00,0.60512,0.60521,0.60472,0.60519,1647
2024-07-10 07:00:00,0.6052,0.60527,0.60493,0.60522,1301
2024-07-10 08:00:00,0.60523,0.60529,0.60475,0.60504,1501
2024-07-10 09:00:00,0.60503,0.60542,0.60478,0.60534,1932
2024-07-10 10:00:00,0.60535,0.60547,0.60442,0.60461,2504
2024-07-10 11:00:00,0.60457,0.60483,0.60418,0.60475,2683
2024-07-10 12:00:00,0.60475,0.60521,0.6047,0.60499,1918
2024-07-10 13:00:00,0.60499,0.60527,0.60475,0.60526,1866
2024-07-10 14:00:00,0.60524,0.60553,0.60496,0.6054,1899
2024-07-10 15:00:00,0.6054,0.60594,0.60528,0.60572,2487
2024-07-10 16:00:00,0.60573,0.60668,0.60571,0.60642,3706
2024-07-10 17:00:00,0.60641,0.60706,0.60636,0.60641,3532
2024-07-10 18:00:00,0.60642,0.60688,0.60632,0.60657,2524
2024-07-10 19:00:00,0.60658,0.60686,0.60639,0.6066,1592
2024-07-10 20:00:00,0.60664,0.60669,0.60632,0.60654,1632
2024-07-10 21:00:00,0.60655,0.6068,0.60639,0.6068,1161
2024-07-10 22:00:00,0.60679,0.60699,0.60655,0.60693,1691
2024-07-10 23:00:00,0.60693,0.60698,0.6068,0.60686,775
2024-07-11 00:00:00,0.60667,0.60681,0.60637,0.60665,222
2024-07-11 01:00:00,0.60666,0.60702,0.60655,0.60687,716
2024-07-11 02:00:00,0.60687,0.60719,0.60685,0.60706,868
2024-07-11 03:00:00,0.60708,0.60726,0.60658,0.60688,1806
2024-07-11 04:00:00,0.60687,0.60728,0.60681,0.60718,1765
2024-07-11 05:00:00,0.60717,0.60784,0.60714,0.60754,1863
2024-07-11 06:00:00,0.60755,0.60798,0.60739,0.60786,1489
2024-07-11 07:00:00,0.60787,0.60794,0.60753,0.60763,1026
2024-07-11 08:00:00,0.60763,0.60791,0.60761,0.60785,1573
2024-07-11 09:00:00,0.60786,0.60821,0.60746,0.60775,2037
2024-07-11 10:00:00,0.60777,0.60784,0.60707,0.60742,2495
2024-07-11 11:00:00,0.60743,0.60761,0.60705,0.60725,2106
2024-07-11 12:00:00,0.60726,0.60736,0.6068,0.6071,2089
2024-07-11 13:00:00,0.60708,0.60712,0.60653,0.60668,1647
2024-07-11 14:00:00,0.60667,0.60677,0.60623,0.60658,1428
2024-07-11 15:00:00,0.60656,0.60755,0.60563,0.60649,6280
2024-07-11 16:00:00,0.60653,0.60675,0.60452,0.60525,8088
2024-07-11 17:00:00,0.60524,0.60649,0.6044,0.60609,6517
2024-07-11 18:00:00,0.6061,0.6063,0.60486,0.60547,4811
2024-07-11 19:00:00,0.60547,0.60561,0.6047,0.6049,3310
2024-07-11 20:00:00,0.60491,0.60513,0.60454,0.60473,3123
2024-07-11 21:00:00,0.60474,0.60562,0.60457,0.60545,2299
2024-07-11 22:00:00,0.60543,0.60579,0.60525,0.60543,1819
2024-07-11 23:00:00,0.60544,0.60596,0.60542,0.60593,1240
2024-07-12 00:00:00,0.60475,0.60563,0.60445,0.60536,837
2024-07-12 01:00:00,0.60545,0.60629,0.60543,0.60614,1833
2024-07-12 02:00:00,0.60614,0.6069,0.60585,0.6066,3559
2024-07-12 03:00:00,0.60658,0.60659,0.60545,0.60559,3848
2024-07-12 04:00:00,0.60559,0.60595,0.60545,0.60586,3116
2024-07-12 05:00:00,0.60587,0.6067,0.6056,0.60653,2809
2024-07-12 06:00:00,0.60652,0.60677,0.60625,0.60674,1923
2024-07-12 07:00:00,0.60674,0.60688,0.60656,0.60665,1565
2024-07-12 08:00:00,0.60664,0.60669,0.6061,0.60649,2274
2024-07-12 09:00:00,0.60646,0.60672,0.60561,0.6059,2840
2024-07-12 10:00:00,0.60592,0.6064,0.60563,0.60638,2642
2024-07-12 11:00:00,0.60639,0.60719,0.6063,0.60704,2699
2024-07-12 12:00:00,0.60704,0.60737,0.60671,0.60696,2285
2024-07-12 13:00:00,0.60698,0.60699,0.60648,0.60674,2140
2024-07-12 14:00:00,0.60673,0.60697,0.60633,0.6064,2058
2024-07-12 15:00:00,0.6064,0.60667,0.60579,0.60611,5447
2024-07-12 16:00:00,0.60608,0.60657,0.60578,0.60635,6015
2024-07-12 17:00:00,0.60633,0.60739,0.60623,0.60714,5296
2024-07-12 18:00:00,0.60714,0.60747,0.60683,0.60685,3540
2024-07-12 19:00:00,0.60684,0.6074,0.60681,0.60729,2864
2024-07-12 20:00:00,0.60729,0.6074,0.60699,0.60716,1670
2024-07-12 21:00:00,0.60716,0.60733,0.60701,0.60727,1231
2024-07-12 22:00:00,0.60726,0.60726,0.60658,0.60666,1836
2024-07-12 23:00:00,0.60667,0.60692,0.60645,0.60676,699
2024-07-15 00:00:00,0.60486,0.60594,0.60409,0.60541,914
2024-07-15 01:00:00,0.60572,0.60668,0.60558,0.60659,2017
2024-07-15 02:00:00,0.60658,0.60736,0.60657,0.60726,2062
2024-07-15 03:00:00,0.60727,0.60734,0.60639,0.60649,3367
2024-07-15 04:00:00,0.60648,0.60672,0.6062,0.60651,2944
2024-07-15 05:00:00,0.6065,0.60706,0.60621,0.60672,2082
2024-07-15 06:00:00,0.60672,0.60712,0.6067,0.60695,1295
2024-07-15 07:00:00,0.60693,0.60701,0.60665,0.60671,1164
2024-07-15 08:00:00,0.60672,0.60679,0.6065,0.6067,1403
2024-07-15 09:00:00,0.60661,0.60664,0.60572,0.60577,2570
2024-07-15 10:00:00,0.60575,0.60671,0.60573,0.60656,3424
2024-07-15 11:00:00,0.60656,0.60727,0.60643,0.60654,2766
2024-07-15 12:00:00,0.60652,0.60675,0.60586,0.60598,2478
2024-07-15 13:00:00,0.60596,0.60621,0.60574,0.60599,2723
2024-07-15 14:00:00,0.606,0.60633,0.60576,0.6062,2599
2024-07-15 15:00:00,0.6062,0.6064,0.60566,0.60584,3337
2024-07-15 16:00:00,0.60585,0.60623,0.60547,0.606,4124
2024-07-15 17:00:00,0.60601,0.60661,0.60586,0.60639,3607
2024-07-15 18:00:00,0.60639,0.60674,0.60613,0.60645,3420
2024-07-15 19:00:00,0.60644,0.60646,0.60564,0.60578,3637
2024-07-15 20:00:00,0.60578,0.6058,0.60493,0.60535,3801
2024-07-15 21:00:00,0.60534,0.60578,0.60519,0.60573,2343
2024-07-15 22:00:00,0.60575,0.6058,0.60523,0.60552,2261
2024-07-15 23:00:00,0.60553,0.60561,0.60536,0.60544,735
2024-07-16 00:00:00,0.60386,0.60543,0.60386,0.60487,387
2024-07-16 01:00:00,0.60507,0.60559,0.60507,0.60548,718
2024-07-16 02:00:00,0.60549,0.60575,0.60546,0.60552,1299
2024-07-16 03:00:00,0.60553,0.60565,0.6046,0.60461,2285
2024-07-16 04:00:00,0.60462,0.60478,0.60419,0.60459,3090
2024-07-16 05:00:00,0.60459,0.60472,0.60397,0.60417,2346
2024-07-16 06:00:00,0.60415,0.60462,0.60399,0.60437,1686
2024-07-16 07:00:00,0.60437,0.60455,0.6035,0.60357,1628
2024-07-16 08:00:00,0.60357,0.60358,0.60308,0.60329,2265
2024-07-16 09:00:00,0.60324,0.6034,0.60269,0.60316,2847
2024-07-16 10:00:00,0.60317,0.60371,0.60307,0.60356,2964
2024-07-16 11:00:00,0.60355,0.60355,0.60283,0.60321,3283
2024-07-16 12:00:00,0.60321,0.6044,0.60313,0.60432,2655
2024-07-16 13:00:00,0.60432,0.60446,0.60384,0.60385,2350
2024-07-16 14:00:00,0.60386,0.60405,0.60349,0.60359,2248
2024-07-16 15:00:00,0.60359,0.60381,0.60281,0.60321,4581
2024-07-16 16:00:00,0.6032,0.6032,0.60224,0.60238,4488
2024-07-16 17:00:00,0.60238,0.60262,0.60204,0.60239,3942
2024-07-16 18:00:00,0.60239,0.60258,0.60183,0.60203,3193
2024-07-16 19:00:00,0.60202,0.60221,0.60174,0.602,2713
2024-07-16 20:00:00,0.60199,0.60236,0.60175,0.60234,1759
2024-07-16 21:00:00,0.60235,0.60235,0.60198,0.60207,1960
2024-07-16 22:00:00,0.60208,0.6022,0.60176,0.60182,1875
2024-07-16 23:00:00,0.6018,0.60192,0.60176,0.60183,698
2024-07-17 00:00:00,0.60169,0.60189,0.60151,0.60179,479
2024-07-17 01:00:00,0.60182,0.6021,0.60141,0.60169,1117
2024-07-17 02:00:00,0.60167,0.6017,0.60111,0.60144,1678
2024-07-17 03:00:00,0.60142,0.60196,0.60127,0.60184,2375
2024-07-17 04:00:00,0.60182,0.60249,0.60172,0.60238,2693
2024-07-17 05:00:00,0.60238,0.60255,0.60209,0.60227,1665
2024-07-17 06:00:00,0.60227,0.60256,0.60213,0.60221,1718
2024-07-17 07:00:00,0.6022,0.60245,0.602,0.60207,1364
2024-07-17 08:00:00,0.60205,0.60227,0.60172,0.60185,2036
2024-07-17 09:00:00,0.60182,0.60217,0.60146,0.60164,3321
2024-07-17 10:00:00,0.60164,0.60172,0.60041,0.6005,4594
2024-07-17 11:00:00,0.60049,0.60056,0.59815,0.59921,4893
2024-07-17 12:00:00,0.59922,0.59995,0.59899,0.59944,4369
2024-07-17 13:00:00,0.59945,0.59954,0.59844,0.59874,2911
2024-07-17 14:00:00,0.59873,0.59899,0.59748,0.5976,3326
2024-07-17 15:00:00,0.59758,0.5977,0.59682,0.59707,3829
2024-07-17 16:00:00,0.59706,0.59706,0.59535,0.59595,4847
2024-07-17 17:00:00,0.59594,0.59643,0.59552,0.59641,5408
2024-07-17 18:00:00,0.59637,0.59648,0.59491,0.59506,4097
2024-07-17 19:00:00,0.59507,0.59508,0.59447,0.5948,2852
2024-07-17 20:00:00,0.59478,0.59533,0.59459,0.59483,2769
2024-07-17 21:00:00,0.59482,0.59482,0.59423,0.59424,2076
2024-07-17 22:00:00,0.59423,0.59461,0.59378,0.59421,2355
2024-07-17 23:00:00,0.59422,0.59462,0.59412,0.59441,765
2024-07-18 00:00:00,0.59392,0.59443,0.59295,0.59422,266
2024-07-18 01:00:00,0.59415,0.59434,0.59382,0.59425,1137
2024-07-18 02:00:00,0.59423,0.59429,0.59331,0.59377,2478
2024-07-18 03:00:00,0.59376,0.59424,0.59365,0.59395,3266
2024-07-18 04:00:00,0.59394,0.5955,0.5934,0.59542,3862
2024-07-18 05:00:00,0.59541,0.59601,0.59515,0.59599,3021
2024-07-18 06:00:00,0.59597,0.59608,0.59552,0.59593,2212
2024-07-18 07:00:00,0.59593,0.59603,0.59573,0.59596,1900
2024-07-18 08:00:00,0.59596,0.5962,0.59542,0.59543,2827
2024-07-18 09:00:00,0.59538,0.59589,0.59527,0.59568,3441
2024-07-18 10:00:00,0.59567,0.59578,0.59493,0.59546,4407
2024-07-18 11:00:00,0.59546,0.59577,0.59525,0.59565,3690
2024-07-18 12:00:00,0.59563,0.59582,0.59521,0.59521,2714
2024-07-18 13:00:00,0.59522,0.59552,0.59495,0.59534,2541
2024-07-18 14:00:00,0.59534,0.59543,0.59498,0.59511,2560
2024-07-18 15:00:00,0.59511,0.59568,0.59489,0.59493,4092
2024-07-18 16:00:00,0.59495,0.59554,0.59492,0.59528,4756
2024-07-18 17:00:00,0.59528,0.59614,0.59481,0.59538,4631
2024-07-18 18:00:00,0.59538,0.59572,0.59494,0.5956,4552
2024-07-18 19:00:00,0.5956,0.59597,0.59532,0.59586,3277
2024-07-18 20:00:00,0.59586,0.59608,0.59529,0.59531,2479
2024-07-18 21:00:00,0.59531,0.59535,0.59433,0.59475,3137
2024-07-18 22:00:00,0.59475,0.59531,0.59436,0.59471,3318
2024-07-18 23:00:00,0.59471,0.59539,0.59469,0.59532,1012
2024-07-19 00:00:00,0.59318,0.59524,0.59309,0.59455,1183
2024-07-19 01:00:00,0.59461,0.59544,0.59461,0.59523,1166
2024-07-19 02:00:00,0.59523,0.59539,0.59488,0.5949,1127
2024-07-19 03:00:00,0.5949,0.5951,0.59428,0.59489,3200
2024-07-19 04:00:00,0.59492,0.59562,0.59459,0.59558,3456
2024-07-19 05:00:00,0.59556,0.59584,0.59528,0.59578,2522
2024-07-19 06:00:00,0.59578,0.5959,0.59543,0.59558,1581
2024-07-19 07:00:00,0.59558,0.59583,0.59556,0.59575,1382
2024-07-19 08:00:00,0.59575,0.59605,0.59551,0.59585,2360
2024-07-19 09:00:00,0.59583,0.59613,0.59515,0.5953,2957
2024-07-19 10:00:00,0.59523,0.59555,0.5942,0.59484,4047
2024-07-19 11:00:00,0.59486,0.59519,0.59431,0.59433,2923
2024-07-19 12:00:00,0.59432,0.595,0.59413,0.59489,2560
2024-07-19 13:00:00,0.59488,0.59547,0.59462,0.59512,2669
2024-07-19 14:00:00,0.59512,0.59573,0.59509,0.59526,2098
2024-07-19 15:00:00,0.59526,0.59545,0.59508,0.59525,3004
2024-07-19 16:00:00,0.59523,0.59538,0.5945,0.59522,4167
2024-07-19 17:00:00,0.59521,0.5955,0.5945,0.59468,4482
2024-07-19 18:00:00,0.59467,0.59493,0.59418,0.59451,3449
2024-07-19 19:00:00,0.5945,0.59458,0.59397,0.5942,2726
2024-07-19 20:00:00,0.5942,0.59441,0.59394,0.59441,2538
2024-07-19 21:00:00,0.59439,0.59449,0.5941,0.59418,2035
2024-07-19 22:00:00,0.59416,0.59436,0.59392,0.59408,1854
2024-07-19 23:00:00,0.59409,0.59415,0.59385,0.59408,611
2024-07-22 00:00:00,0.59303,0.59413,0.59276,0.59375,2267
2024-07-22 01:00:00,0.59379,0.59493,0.59379,0.59463,1431
2024-07-22 02:00:00,0.59462,0.59493,0.5945,0.59455,2393
2024-07-22 03:00:00,0.59456,0.59457,0.59389,0.59416,2841
2024-07-22 04:00:00,0.59415,0.59433,0.59296,0.593,3047
2024-07-22 05:00:00,0.59302,0.59339,0.59211,0.59298,2838
2024-07-22 06:00:00,0.59299,0.59328,0.59255,0.59258,2074
2024-07-22 07:00:00,0.59257,0.5927,0.59236,0.59248,1739
2024-07-22 08:00:00,0.59247,0.59248,0.592,0.59204,2246
2024-07-22 09:00:00,0.59206,0.59227,0.59126,0.59166,3846
2024-07-22 10:00:00,0.59166,0.59211,0.59154,0.59165,3515
2024-07-22 11:00:00,0.59164,0.59202,0.59134,0.5917,2746
2024-07-22 12:00:00,0.5917,0.59198,0.59118,0.59158,2326
2024-07-22 13:00:00,0.59158,0.59165,0.59108,0.59124,2202
2024-07-22 14:00:00,0.59124,0.59152,0.59089,0.59097,2125
2024-07-22 15:00:00,0.59097,0.59112,0.59064,0.59081,3330
2024-07-22 16:00:00,0.59081,0.59104,0.58995,0.58998,3746
2024-07-22 17:00:00,0.58998,0.59058,0.58972,0.5904,3642
2024-07-22 18:00:00,0.59042,0.59085,0.59012,0.59075,3334
2024-07-22 19:00:00,0.59072,0.59082,0.59045,0.59061,2365
2024-07-22 20:00:00,0.59063,0.59102,0.59055,0.59101,2189
2024-07-22 21:00:00,0.59101,0.59105,0.59067,0.59073,1605
2024-07-22 22:00:00,0.59074,0.59081,0.5906,0.59077,1581
2024-07-22 23:00:00,0.59078,0.59086,0.59066,0.59083,435
2024-07-23 00:00:00,0.5905,0.59091,0.58999,0.59078,1430
2024-07-23 01:00:00,0.59063,0.59115,0.59062,0.59112,991
2024-07-23 02:00:00,0.59113,0.59113,0.59054,0.59055,1643
2024-07-23 03:00:00,0.59056,0.59089,0.58986,0.59,2724
2024-07-23 04:00:00,0.58999,0.59102,0.58997,0.59061,3026
2024-07-23 05:00:00,0.59061,0.59068,0.58998,0.59013,2291
2024-07-23 06:00:00,0.59013,0.59034,0.58991,0.59007,1990
2024-07-23 07:00:00,0.59007,0.5901,0.5895,0.5895,1399
2024-07-23 08:00:00,0.58949,0.58976,0.58936,0.5897,1615
2024-07-23 09:00:00,0.58976,0.5901,0.58938,0.58982,2569
2024-07-23 10:00:00,0.58982,0.58995,0.58909,0.58922,3368
2024-07-23 11:00:00,0.58923,0.58974,0.58916,0.58938,3356
2024-07-23 12:00:00,0.58937,0.59026,0.58933,0.59018,2120
2024-07-23 13:00:00,0.59019,0.59047,0.58998,0.59044,2296
2024-07-23 14:00:00,0.59045,0.59079,0.59011,0.59033,2139
2024-07-23 15:00:00,0.59034,0.59066,0.58994,0.59024,2909
2024-07-23 16:00:00,0.59024,0.5905,0.58957,0.58962,3220
2024-07-23 17:00:00,0.58962,0.59031,0.58956,0.59014,3566
2024-07-23 18:00:00,0.59016,0.59037,0.5898,0.59,2248
2024-07-23 19:00:00,0.59002,0.5903,0.58976,0.58979,2610
2024-07-23 20:00:00,0.58979,0.59003,0.58918,0.58925,2945
2024-07-23 21:00:00,0.58925,0.58968,0.58924,0.58952,1382
2024-07-23 22:00:00,0.58952,0.58968,0.58946,0.5896,1629
2024-07-23 23:00:00,0.5896,0.58973,0.5895,0.58967,877
2024-07-24 00:00:00,0.58915,0.58951,0.58887,0.5895,284
2024-07-24 01:00:00,0.58952,0.58955,0.58916,0.58951,987
2024-07-24 02:00:00,0.5895,0.58966,0.58919,0.58942,955
2024-07-24 03:00:00,0.58939,0.58965,0.58921,0.58957,2021
2024-07-24 04:00:00,0.58958,0.58966,0.58892,0.58904,3247
2024-07-24 05:00:00,0.58904,0.5893,0.58875,0.58885,2315
2024-07-24 06:00:00,0.58884,0.58889,0.58771,0.58798,2841
2024-07-24 07:00:00,0.58797,0.58807,0.58674,0.58687,2881
2024-07-24 08:00:00,0.58687,0.58773,0.58668,0.58728,2843
2024-07-24 09:00:00,0.58731,0.58787,0.58714,0.58758,3267
2024-07-24 10:00:00,0.58753,0.5879,0.58729,0.58746,3882
2024-07-24 11:00:00,0.58748,0.58761,0.58627,0.5864,3514
2024-07-24 12:00:00,0.5864,0.58645,0.58537,0.58551,2751
2024-07-24 13:00:00,0.58551,0.58561,0.5848,0.58511,2477
2024-07-24 14:00:00,0.58511,0.5859,0.58503,0.58554,2397
2024-07-24 15:00:00,0.58553,0.58561,0.58421,0.58461,3594
2024-07-24 16:00:00,0.5846,0.58468,0.58297,0.58327,4668
2024-07-24 17:00:00,0.58327,0.58384,0.58279,0.58378,5432
2024-07-24 18:00:00,0.58377,0.58396,0.58306,0.58318,3663
2024-07-24 19:00:00,0.58319,0.58354,0.58297,0.58325,2678
2024-07-24 20:00:00,0.58324,0.58406,0.58317,0.58362,2473
2024-07-24 21:00:00,0.58361,0.58361,0.58277,0.58279,2809
2024-07-24 22:00:00,0.58279,0.58326,0.58249,0.58261,2529
2024-07-24 23:00:00,0.5826,0.58268,0.58244,0.58253,1109
2024-07-25 00:00:00,0.58186,0.58231,0.58055,0.58211,935
2024-07-25 01:00:00,0.5821,0.58253,0.58207,0.58212,1128
2024-07-25 02:00:00,0.58211,0.58225,0.58173,0.5818,1297
2024-07-25 03:00:00,0.58179,0.58189,0.58009,0.5805,3790
2024-07-25 04:00:00,0.58051,0.58077,0.58016,0.58027,3572
2024-07-25 05:00:00,0.58028,0.58035,0.5786,0.57908,3114
2024-07-25 06:00:00,0.57906,0.57916,0.57839,0.57839,2891
2024-07-25 07:00:00,0.5784,0.57859,0.57746,0.57751,2415
2024-07-25 08:00:00,0.57753,0.57821,0.57729,0.57785,2617
2024-07-25 09:00:00,0.57779,0.57822,0.57739,0.57764,3536
2024-07-25 10:00:00,0.57761,0.57776,0.5745,0.57523,5196
2024-07-25 11:00:00,0.57524,0.57597,0.57485,0.57559,4821
2024-07-25 12:00:00,0.57559,0.57563,0.57304,0.5733,4154
2024-07-25 13:00:00,0.57331,0.57331,0.57254,0.57302,3653
2024-07-25 14:00:00,0.57307,0.57346,0.57243,0.57244,3050
2024-07-25 15:00:00,0.57242,0.5757,0.57225,0.57541,5405
2024-07-25 16:00:00,0.57541,0.57739,0.57503,0.57618,6162
2024-07-25 17:00:00,0.57617,0.57662,0.57506,0.57655,5911
2024-07-25 18:00:00,0.57653,0.57683,0.57603,0.57655,4384
2024-07-25 19:00:00,0.57655,0.57757,0.57653,0.57702,3779
2024-07-25 20:00:00,0.57703,0.57714,0.57593,0.57674,3688
2024-07-25 21:00:00,0.57673,0.5768,0.57604,0.57604,3252
2024-07-25 22:00:00,0.57604,0.57699,0.57598,0.5761,2883
2024-07-25 23:00:00,0.57608,0.57632,0.57568,0.57629,1143
2024-07-26 00:00:00,0.57579,0.5762,0.5753,0.57568,567
2024-07-26 01:00:00,0.57571,0.57629,0.57571,0.57597,917
2024-07-26 02:00:00,0.57596,0.57613,0.57559,0.57594,1872
2024-07-26 03:00:00,0.57592,0.57694,0.57589,0.57683,2938
2024-07-26 04:00:00,0.57682,0.57709,0.57656,0.57703,3011
2024-07-26 05:00:00,0.57704,0.57715,0.5767,0.57698,2241
2024-07-26 06:00:00,0.57697,0.57718,0.57684,0.57697,2152
2024-07-26 07:00:00,0.57697,0.57735,0.57697,0.57721,1454
2024-07-26 08:00:00,0.5772,0.57771,0.57715,0.57748,1843
2024-07-26 09:00:00,0.57748,0.57807,0.57729,0.5778,2541
2024-07-26 10:00:00,0.57779,0.57885,0.57763,0.57882,3208
2024-07-26 11:00:00,0.57882,0.58003,0.57876,0.57998,3010
2024-07-26 12:00:00,0.57998,0.58009,0.57886,0.57898,2782
2024-07-26 13:00:00,0.57899,0.57992,0.57898,0.57974,1809
2024-07-26 14:00:00,0.57974,0.5798,0.57934,0.57949,1794
2024-07-26 15:00:00,0.5795,0.57968,0.57892,0.57919,4007
2024-07-26 16:00:00,0.57919,0.57956,0.57887,0.57904,4543
2024-07-26 17:00:00,0.579,0.57941,0.57794,0.57862,5359
2024-07-26 18:00:00,0.57862,0.57933,0.5782,0.57864,3655
2024-07-26 19:00:00,0.57864,0.57964,0.57854,0.57961,2624
2024-07-26 20:00:00,0.57961,0.57967,0.57886,0.57912,3315
2024-07-26 21:00:00,0.57911,0.57939,0.57891,0.57897,2803
2024-07-26 22:00:00,0.57896,0.57917,0.57861,0.5788,2082
2024-07-26 23:00:00,0.5788,0.57885,0.57833,0.57846,746
2024-07-29 00:00:00,0.57835,0.57845,0.57733,0.57775,963
2024-07-29 01:00:00,0.57797,0.57941,0.5779,0.57938,1356
2024-07-29 02:00:00,0.57939,0.58006,0.57932,0.57954,1805
2024-07-29 03:00:00,0.57953,0.58036,0.57936,0.57984,2866
2024-07-29 04:00:00,0.57984,0.58002,0.57874,0.57913,3048
2024-07-29 05:00:00,0.57913,0.57941,0.57856,0.57883,2283
2024-07-29 06:00:00,0.57883,0.57951,0.57867,0.57942,1442
2024-07-29 07:00:00,0.57942,0.57943,0.57809,0.57835,1629
2024-07-29 08:00:00,0.57837,0.57903,0.57837,0.57864,2254
2024-07-29 09:00:00,0.57861,0.57921,0.57858,0.57903,2776
2024-07-29 10:00:00,0.57904,0.57948,0.5784,0.57872,4632
2024-07-29 11:00:00,0.57873,0.5794,0.57842,0.57916,3434
2024-07-29 12:00:00,0.57916,0.57949,0.57905,0.57926,2286
2024-07-29 13:00:00,0.57925,0.57984,0.5791,0.57938,2035
2024-07-29 14:00:00,0.57936,0.5794,0.57888,0.57903,1961
2024-07-29 15:00:00,0.57902,0.57945,0.57848,0.57849,2687
2024-07-29 16:00:00,0.57849,0.57914,0.57831,0.57899,3066
2024-07-29 17:00:00,0.579,0.57949,0.57846,0.57912,3863
2024-07-29 18:00:00,0.57911,0.57935,0.57861,0.57931,3405
2024-07-29 19:00:00,0.5793,0.57994,0.57921,0.57971,2043
2024-07-29 20:00:00,0.57972,0.57983,0.57936,0.57981,2254
2024-07-29 21:00:00,0.5798,0.58026,0.57966,0.58016,1723
2024-07-29 22:00:00,0.58015,0.58043,0.57993,0.58039,2600
2024-07-29 23:00:00,0.58039,0.58039,0.58019,0.58026,787
2024-07-30 00:00:00,0.57976,0.58032,0.57929,0.58029,489
2024-07-30 01:00:00,0.58026,0.58104,0.58008,0.58104,793
2024-07-30 02:00:00,0.58103,0.58104,0.58033,0.58049,1375
2024-07-30 03:00:00,0.5805,0.58059,0.57984,0.58028,2463
2024-07-30 04:00:00,0.58028,0.58061,0.57923,0.57958,2844
2024-07-30 05:00:00,0.5796,0.5805,0.57953,0.58035,2214
2024-07-30 06:00:00,0.58036,0.58084,0.58027,0.5808,2145
2024-07-30 07:00:00,0.58081,0.58127,0.58072,0.58126,1517
2024-07-30 08:00:00,0.58127,0.58178,0.58125,0.58158,2052
2024-07-30 09:00:00,0.5816,0.58206,0.58115,0.58199,2430
2024-07-30 10:00:00,0.582,0.58224,0.58051,0.58068,3566
2024-07-30 11:00:00,0.58067,0.58109,0.57981,0.58036,3082
2024-07-30 12:00:00,0.58036,0.58048,0.5798,0.57983,2392
2024-07-30 13:00:00,0.57982,0.57982,0.57922,0.57936,2021
2024-07-30 14:00:00,0.57935,0.57938,0.57905,0.57926,1685
2024-07-30 15:00:00,0.57926,0.57959,0.57899,0.57908,2769
2024-07-30 16:00:00,0.57909,0.57917,0.57807,0.57833,4377
2024-07-30 17:00:00,0.57827,0.57952,0.57778,0.5794,5480
2024-07-30 18:00:00,0.5794,0.5794,0.57842,0.57846,4826
2024-07-30 19:00:00,0.57847,0.57876,0.57722,0.57724,3676
2024-07-30 20:00:00,0.57725,0.57823,0.57683,0.57804,3955
2024-07-30 21:00:00,0.57804,0.5784,0.57776,0.57791,2202
2024-07-30 22:00:00,0.57791,0.57831,0.5778,0.57801,1911
2024-07-30 23:00:00,0.57805,0.57805,0.57694,0.57703,1416
2024-07-31 00:00:00,0.57619,0.57714,0.5758,0.57693,1507
2024-07-31 01:00:00,0.57691,0.57755,0.57687,0.57727,1806
2024-07-31 02:00:00,0.57726,0.57733,0.5767,0.57673,1531
2024-07-31 03:00:00,0.57672,0.57706,0.57604,0.57624,3352
2024-07-31 04:00:00,0.57626,0.5764,0.57131,0.57284,4669
2024-07-31 05:00:00,0.57284,0.57356,0.57218,0.57344,3367
2024-07-31 06:00:00,0.57343,0.5739,0.57243,0.57325,2953
2024-07-31 07:00:00,0.57326,0.57378,0.57196,0.57208,3483
2024-07-31 08:00:00,0.57208,0.57283,0.57145,0.57237,2744
2024-07-31 09:00:00,0.57233,0.57359,0.57222,0.57359,3838
2024-07-31 10:00:00,0.57356,0.57406,0.57261,0.57305,4680
2024-07-31 11:00:00,0.57306,0.5732,0.57116,0.57207,4935
2024-07-31 12:00:00,0.57206,0.57284,0.57155,0.57252,3227
2024-07-31 13:00:00,0.57251,0.57255,0.57183,0.57243,2636
2024-07-31 14:00:00,0.57244,0.57294,0.57233,0.57268,2835
2024-07-31 15:00:00,0.57269,0.57343,0.57246,0.5733,4647
2024-07-31 16:00:00,0.57329,0.57344,0.57241,0.57316,4176
2024-07-31 17:00:00,0.57316,0.57495,0.57295,0.5747,5782
2024-07-31 18:00:00,0.5747,0.57477,0.5739,0.57469,4061
2024-07-31 19:00:00,0.5747,0.57545,0.5746,0.57501,2942
2024-07-31 20:00:00,0.57501,0.5752,0.57438,0.57462,2875
2024-07-31 21:00:00,0.5746,0.57622,0.57378,0.57535,6524
2024-07-31 22:00:00,0.57535,0.57592,0.57329,0.57384,5910
2024-07-31 23:00:00,0.57384,0.57451,0.57375,0.57433,1811
2024-08-01 00:00:00,0.57372,0.57435,0.57324,0.57424,1266
2024-08-01 01:00:00,0.57425,0.57473,0.57417,0.57472,867
2024-08-01 02:00:00,0.57472,0.57499,0.57456,0.57497,1416
2024-08-01 03:00:00,0.57499,0.575,0.57349,0.57354,3570
2024-08-01 04:00:00,0.57355,0.57384,0.57251,0.57298,4412
2024-08-01 05:00:00,0.57297,0.57379,0.57221,0.57341,3517
2024-08-01 06:00:00,0.57342,0.57342,0.57223,0.57238,2547
2024-08-01 07:00:00,0.57239,0.57273,0.57214,0.57248,2326
2024-08-01 08:00:00,0.57248,0.57328,0.57236,0.57317,2528
2024-08-01 09:00:00,0.57305,0.57306,0.57195,0.57219,4122
2024-08-01 10:00:00,0.57219,0.5728,0.57146,0.57189,3678
2024-08-01 11:00:00,0.57186,0.57196,0.57043,0.57066,4284
2024-08-01 12:00:00,0.57069,0.57224,0.57048,0.57208,2714
2024-08-01 13:00:00,0.57206,0.57296,0.57197,0.57254,2543
2024-08-01 14:00:00,0.57251,0.57359,0.57236,0.57305,3566
2024-08-01 15:00:00,0.57307,0.57393,0.57248,0.5734,4879
2024-08-01 16:00:00,0.5734,0.57378,0.57258,0.57345,4674
2024-08-01 17:00:00,0.57352,0.57375,0.56999,0.57038,7024
2024-08-01 18:00:00,0.57037,0.57056,0.56948,0.56999,4775
2024-08-01 19:00:00,0.56999,0.57036,0.56833,0.56894,4108
2024-08-01 20:00:00,0.56895,0.56909,0.56755,0.5681,3362
2024-08-01 21:00:00,0.56809,0.56818,0.56646,0.56651,3167
2024-08-01 22:00:00,0.56649,0.56831,0.56623,0.56818,3431
2024-08-01 23:00:00,0.56818,0.56822,0.56711,0.56747,1801
2024-08-02 00:00:00,0.56629,0.56728,0.56622,0.56706,750
2024-08-02 01:00:00,0.56708,0.56727,0.56665,0.56685,1595
2024-08-02 02:00:00,0.56685,0.56734,0.5667,0.56672,2408
2024-08-02 03:00:00,0.56671,0.56673,0.56562,0.56608,3880
2024-08-02 04:00:00,0.56608,0.56813,0.5659,0.56755,3117
2024-08-02 05:00:00,0.56754,0.56791,0.56632,0.5678,3484
2024-08-02 06:00:00,0.56781,0.56813,0.56735,0.56756,2458
2024-08-02 07:00:00,0.56755,0.56814,0.56752,0.56773,2358
2024-08-02 08:00:00,0.56775,0.56797,0.56716,0.5675,3133
2024-08-02 09:00:00,0.56745,0.56934,0.56709,0.56845,4395
2024-08-02 10:00:00,0.56842,0.56851,0.5669,0.56759,4956
2024-08-02 11:00:00,0.56759,0.56806,0.56723,0.56768,3974
2024-08-02 12:00:00,0.56767,0.56771,0.56632,0.56643,3040
2024-08-02 13:00:00,0.56643,0.56695,0.56567,0.56679,3116
2024-08-02 14:00:00,0.56678,0.56753,0.56671,0.56706,2955
2024-08-02 15:00:00,0.56706,0.5678,0.56253,0.56427,6926
2024-08-02 16:00:00,0.56426,0.56687,0.56327,0.56376,7713
2024-08-02 17:00:00,0.56376,0.56407,0.55971,0.55991,8168
2024-08-02 18:00:00,0.55992,0.56171,0.55855,0.5614,6945
2024-08-02 19:00:00,0.5614,0.56172,0.55987,0.56014,6349
2024-08-02 20:00:00,0.56013,0.56052,0.55928,0.55959,4898
2024-08-02 21:00:00,0.5596,0.56051,0.55943,0.55944,3913
2024-08-02 22:00:00,0.55943,0.56023,0.55939,0.56005,3430
2024-08-02 23:00:00,0.56001,0.56015,0.55797,0.55838,1337
2024-08-05 00:00:00,0.55971,0.55971,0.55702,0.55878,2191
2024-08-05 01:00:00,0.55844,0.55927,0.55726,0.55909,2942
2024-08-05 02:00:00,0.55907,0.55916,0.55574,0.55641,4702
2024-08-05 03:00:00,0.55642,0.5568,0.55367,0.5546,7425
2024-08-05 04:00:00,0.55459,0.55605,0.55255,0.55529,7059
2024-08-05 05:00:00,0.55529,0.55717,0.55512,0.55558,5208
2024-08-05 06:00:00,0.55559,0.55582,0.55364,0.55393,4840
2024-08-05 07:00:00,0.55389,0.55398,0.55045,0.55118,6093
2024-08-05 08:00:00,0.55118,0.55261,0.54384,0.54392,7356
2024-08-05 09:00:00,0.54376,0.54809,0.5365,0.54372,10005
2024-08-05 10:00:00,0.54369,0.55096,0.54299,0.54964,9129
2024-08-05 11:00:00,0.54962,0.55008,0.54696,0.54828,7425
2024-08-05 12:00:00,0.54828,0.5492,0.54695,0.54782,6509
2024-08-05 13:00:00,0.5478,0.54862,0.54653,0.54819,5161
2024-08-05 14:00:00,0.54821,0.54911,0.54622,0.54637,4839
2024-08-05 15:00:00,0.54635,0.54721,0.54302,0.54368,8066
2024-08-05 16:00:00,0.54369,0.55158,0.54363,0.55093,9323
2024-08-05 17:00:00,0.55104,0.55376,0.54897,0.54956,9665
2024-08-05 18:00:00,0.5496,0.55351,0.54943,0.55324,7467
2024-08-05 19:00:00,0.55323,0.55607,0.55285,0.55302,7871
2024-08-05 20:00:00,0.55297,0.55518,0.5526,0.55292,7135
2024-08-05 21:00:00,0.55293,0.55357,0.55155,0.55157,6174
2024-08-05 22:00:00,0.55156,0.55259,0.55101,0.55217,4696
2024-08-05 23:00:00,0.55217,0.55357,0.55201,0.55346,2425
2024-08-06 00:00:00,0.55068,0.55371,0.55068,0.55283,1228
2024-08-06 01:00:00,0.55201,0.55517,0.55182,0.55501,3184
2024-08-06 02:00:00,0.55505,0.55753,0.555,0.55689,4414
2024-08-06 03:00:00,0.55699,0.55908,0.55669,0.55848,7212
2024-08-06 04:00:00,0.55853,0.55885,0.55588,0.55721,6375
2024-08-06 05:00:00,0.55719,0.5575,0.55611,0.55727,5109
2024-08-06 06:00:00,0.55726,0.55796,0.55659,0.55697,4315
2024-08-06 07:00:00,0.55696,0.5576,0.5552,0.55689,4774
2024-08-06 08:00:00,0.55691,0.55947,0.55526,0.55792,6214
2024-08-06 09:00:00,0.55779,0.55853,0.55619,0.55639,6496
2024-08-06 10:00:00,0.5563,0.55696,0.55491,0.55617,6799
2024-08-06 11:00:00,0.55618,0.55677,0.55413,0.55534,6075
2024-08-06 12:00:00,0.55531,0.55559,0.5532,0.55389,5686
2024-08-06 13:00:00,0.55388,0.55464,0.55272,0.55381,4650
2024-08-06 14:00:00,0.5539,0.55464,0.55272,0.55307,4885
2024-08-06 15:00:00,0.55309,0.55406,0.55199,0.55241,5885
2024-08-06 16:00:00,0.55239,0.55427,0.55157,0.55396,7295
2024-08-06 17:00:00,0.55394,0.55621,0.55334,0.55462,8025
2024-08-06 18:00:00,0.55462,0.55641,0.55433,0.5562,6810
2024-08-06 19:00:00,0.5562,0.55802,0.5562,0.55777,4830
2024-08-06 20:00:00,0.55776,0.55817,0.55651,0.55784,4498
2024-08-06 21:00:00,0.55782,0.55837,0.55718,0.55718,4032
2024-08-06 22:00:00,0.55717,0.55728,0.55593,0.55597,5621
2024-08-06 23:00:00,0.55596,0.55626,0.55471,0.55479,2359
2024-08-07 00:00:00,0.55383,0.55532,0.55354,0.55481,1258
2024-08-07 01:00:00,0.5548,0.55602,0.55465,0.55582,2681
2024-08-07 02:00:00,0.55581,0.55595,0.55491,0.55544,3204
2024-08-07 03:00:00,0.55546,0.55815,0.55517,0.55812,5104
2024-08-07 04:00:00,0.55813,0.56189,0.55709,0.56004,6936
2024-08-07 05:00:00,0.56005,0.56187,0.5591,0.56051,6142
2024-08-07 06:00:00,0.56052,0.56317,0.56031,0.56289,4142
2024-08-07 07:00:00,0.5629,0.56401,0.56262,0.5631,3892
2024-08-07 08:00:00,0.56311,0.56367,0.561,0.56155,4953
2024-08-07 09:00:00,0.56152,0.56197,0.55997,0.56073,5377
2024-08-07 10:00:00,0.5607,0.56102,0.5586,0.56036,6468
2024-08-07 11:00:00,0.56038,0.56367,0.56016,0.56323,4844
2024-08-07 12:00:00,0.56323,0.56737,0.56314,0.56685,4229
2024-08-07 13:00:00,0.56686,0.56705,0.56559,0.5667,3716
2024-08-07 14:00:00,0.56668,0.56803,0.56562,0.56587,3622
2024-08-07 15:00:00,0.56588,0.56598,0.56467,0.56519,5047
2024-08-07 16:00:00,0.56515,0.56756,0.56477,0.56714,5460
2024-08-07 17:00:00,0.56714,0.56748,0.56447,0.56681,6398
2024-08-07 18:00:00,0.56682,0.56841,0.56576,0.56682,5146
2024-08-07 19:00:00,0.56687,0.56699,0.56425,0.56476,5070
2024-08-07 20:00:00,0.56475,0.56493,0.56229,0.56256,5405
2024-08-07 21:00:00,0.56256,0.56285,0.56124,0.56163,5303
2024-08-07 22:00:00,0.56163,0.56292,0.56134,0.56171,4409
2024-08-07 23:00:00,0.56172,0.56211,0.56149,0.56161,1346
2024-08-08 00:00:00,0.56144,0.56238,0.56048,0.56145,996
2024-08-08 01:00:00,0.56146,0.56185,0.56076,0.56085,1885
2024-08-08 02:00:00,0.56085,0.56106,0.55838,0.56056,3505
2024-08-08 03:00:00,0.5606,0.56154,0.55812,0.55952,5753
2024-08-08 04:00:00,0.55955,0.56193,0.55944,0.5615,5283
2024-08-08 05:00:00,0.5615,0.56359,0.56144,0.56346,4292
2024-08-08 06:00:00,0.56346,0.56505,0.56297,0.56407,4125
2024-08-08 07:00:00,0.56409,0.56423,0.56269,0.56313,4650
2024-08-08 08:00:00,0.56318,0.56407,0.56225,0.56225,4106
2024-08-08 09:00:00,0.56228,0.56468,0.56163,0.56418,4805
2024-08-08 10:00:00,0.56423,0.56429,0.5616,0.56222,5678
2024-08-08 11:00:00,0.56222,0.56319,0.56211,0.56276,4250
2024-08-08 12:00:00,0.56277,0.56317,0.56093,0.56145,3878
2024-08-08 13:00:00,0.56147,0.56244,0.56124,0.5621,3803
2024-08-08 14:00:00,0.56211,0.56228,0.561,0.56159,4287
2024-08-08 15:00:00,0.56161,0.56547,0.56073,0.56456,6815
2024-08-08 16:00:00,0.56447,0.56844,0.56431,0.5665,7834
2024-08-08 17:00:00,0.56643,0.56946,0.56636,0.56814,6969
2024-08-08 18:00:00,0.56815,0.57031,0.56793,0.56946,5166
2024-08-08 19:00:00,0.56945,0.57062,0.56945,0.5697,4018
2024-08-08 20:00:00,0.56969,0.57125,0.56897,0.57074,4061
2024-08-08 21:00:00,0.57073,0.57105,0.57047,0.57077,3145
2024-08-08 22:00:00,0.57078,0.57089,0.56978,0.5702,4334
2024-08-08 23:00:00,0.57021,0.57144,0.57019,0.57125,1188
2024-08-09 00:00:00,0.5703,0.57127,0.56977,0.57065,1603
2024-08-09 01:00:00,0.57078,0.57131,0.57062,0.57088,2939
2024-08-09 02:00:00,0.57087,0.57158,0.57072,0.57137,2202
2024-08-09 03:00:00,0.57135,0.57135,0.56954,0.57034,4031
2024-08-09 04:00:00,0.57034,0.57145,0.57019,0.57088,3890
2024-08-09 05:00:00,0.57086,0.57212,0.57065,0.57172,3548
2024-08-09 06:00:00,0.57172,0.57184,0.57123,0.57179,2512
2024-08-09 07:00:00,0.57177,0.57225,0.56995,0.57009,2757
2024-08-09 08:00:00,0.57009,0.57166,0.5693,0.57088,3756
2024-08-09 09:00:00,0.57082,0.57226,0.57038,0.57216,3059
2024-08-09 10:00:00,0.57218,0.5724,0.57068,0.57079,3981
2024-08-09 11:00:00,0.5708,0.57111,0.56995,0.57032,3507
2024-08-09 12:00:00,0.57033,0.57057,0.56906,0.56976,3084
2024-08-09 13:00:00,0.56975,0.56982,0.56844,0.56869,2941
2024-08-09 14:00:00,0.56873,0.56892,0.5676,0.56843,3074
2024-08-09 15:00:00,0.56843,0.56878,0.56722,0.5683,4263
2024-08-09 16:00:00,0.56832,0.56879,0.56792,0.56816,4462
2024-08-09 17:00:00,0.56816,0.56951,0.56789,0.56913,5341
2024-08-09 18:00:00,0.56913,0.56935,0.56782,0.56795,4154
2024-08-09 19:00:00,0.56797,0.56832,0.56747,0.5683,3320
2024-08-09 20:00:00,0.56829,0.56924,0.56807,0.56846,3467
2024-08-09 21:00:00,0.56847,0.56861,0.56791,0.5684,2986
2024-08-09 22:00:00,0.56841,0.56858,0.56815,0.56845,2124
2024-08-09 23:00:00,0.56844,0.56872,0.56834,0.56855,943
2024-08-12 00:00:00,0.56664,0.56805,0.56527,0.56753,733
2024-08-12 01:00:00,0.56766,0.56947,0.56745,0.56885,1663
2024-08-12 02:00:00,0.56885,0.56913,0.56794,0.56815,2611
2024-08-12 03:00:00,0.56814,0.56948,0.56801,0.56894,2261
2024-08-12 04:00:00,0.56894,0.56988,0.56867,0.56962,2611
2024-08-12 05:00:00,0.56961,0.56995,0.56933,0.56977,1922
2024-08-12 06:00:00,0.56979,0.57044,0.56979,0.57032,1427
2024-08-12 07:00:00,0.57032,0.57066,0.56996,0.57059,1412
2024-08-12 08:00:00,0.57058,0.57092,0.57024,0.57092,2235
2024-08-12 09:00:00,0.57093,0.57226,0.57057,0.57124,3115
2024-08-12 10:00:00,0.57124,0.5729,0.57029,0.57282,3667
2024-08-12 11:00:00,0.57282,0.57331,0.57258,0.5729,3605
2024-08-12 12:00:00,0.57289,0.5731,0.57239,0.57279,2387
2024-08-12 13:00:00,0.57282,0.57331,0.57258,0.57304,2422
2024-08-12 14:00:00,0.57305,0.57409,0.57288,0.57308,2888
2024-08-12 15:00:00,0.57309,0.57331,0.57237,0.57295,3165
2024-08-12 16:00:00,0.57295,0.57493,0.57246,0.57265,4770
2024-08-12 17:00:00,0.57264,0.57402,0.57242,0.57309,5100
2024-08-12 18:00:00,0.57311,0.57344,0.57082,0.57198,5473
2024-08-12 19:00:00,0.57197,0.57197,0.57038,0.57074,4114
2024-08-12 20:00:00,0.57073,0.57107,0.56955,0.56992,4134
2024-08-12 21:00:00,0.56992,0.5703,0.56972,0.57004,2961
2024-08-12 22:00:00,0.57004,0.57009,0.56918,0.56959,2221
2024-08-12 23:00:00,0.56958,0.5699,0.56943,0.56976,1108
2024-08-13 00:00:00,0.56922,0.5697,0.56824,0.5696,457
2024-08-13 01:00:00,0.56961,0.57008,0.56954,0.57003,2091
2024-08-13 02:00:00,0.57,0.57014,0.56927,0.56943,2332
2024-08-13 03:00:00,0.56944,0.57052,0.56941,0.57034,2602
2024-08-13 04:00:00,0.57035,0.57122,0.57011,0.57073,3140
2024-08-13 05:00:00,0.57074,0.57085,0.57008,0.57057,2452
2024-08-13 06:00:00,0.57057,0.57127,0.57042,0.57078,2521
2024-08-13 07:00:00,0.57078,0.57269,0.57078,0.57194,2389
2024-08-13 08:00:00,0.57195,0.57215,0.57139,0.57155,2128
2024-08-13 09:00:00,0.57162,0.57264,0.57076,0.57224,3020
2024-08-13 10:00:00,0.57225,0.5731,0.57194,0.57282,3382
2024-08-13 11:00:00,0.5728,0.57308,0.5722,0.57263,2822
2024-08-13 12:00:00,0.57265,0.57314,0.57203,0.573,2705
2024-08-13 13:00:00,0.57301,0.57308,0.57158,0.57167,2592
2024-08-13 14:00:00,0.57166,0.57262,0.57112,0.57134,2878
2024-08-13 15:00:00,0.57135,0.57273,0.57104,0.57256,5057
2024-08-13 16:00:00,0.57257,0.57287,0.56984,0.5724,6391
2024-08-13 17:00:00,0.57238,0.57262,0.57138,0.57195,4754
2024-08-13 18:00:00,0.57198,0.57233,0.57147,0.57208,3254
2024-08-13 19:00:00,0.57208,0.57319,0.5716,0.57286,2957
2024-08-13 20:00:00,0.57287,0.57349,0.5723,0.57306,3144
2024-08-13 21:00:00,0.5731,0.57351,0.57286,0.57335,2855
2024-08-13 22:00:00,0.5733,0.57376,0.57301,0.57365,3311
2024-08-13 23:00:00,0.57366,0.57408,0.57349,0.57357,1336
2024-08-14 00:00:00,0.57265,0.5735,0.57133,0.57304,961
2024-08-14 01:00:00,0.57304,0.57398,0.57303,0.5739,1946
2024-08-14 02:00:00,0.57391,0.57435,0.57362,0.57416,1927
2024-08-14 03:00:00,0.57414,0.57475,0.57375,0.5747,2802
2024-08-14 04:00:00,0.57467,0.575,0.57399,0.5745,3406
2024-08-14 05:00:00,0.57438,0.57438,0.57204,0.57276,5313
2024-08-14 06:00:00,0.5728,0.57346,0.57197,0.57292,4158
2024-08-14 07:00:00,0.5729,0.57333,0.57263,0.57272,2800
2024-08-14 08:00:00,0.57271,0.57427,0.57259,0.57376,2559
2024-08-14 09:00:00,0.5738,0.57405,0.57303,0.57371,3798
2024-08-14 10:00:00,0.57369,0.57429,0.57275,0.57277,3155
2024-08-14 11:00:00,0.57277,0.57325,0.57137,0.57183,3650
2024-08-14 12:00:00,0.57183,0.5728,0.57168,0.57228,2390
2024-08-14 13:00:00,0.57228,0.57244,0.57151,0.57223,2055
2024-08-14 14:00:00,0.57223,0.57226,0.57148,0.57179,2203
2024-08-14 15:00:00,0.57178,0.57352,0.57123,0.57291,6029
2024-08-14 16:00:00,0.5729,0.57356,0.5715,0.57176,6328
2024-08-14 17:00:00,0.57178,0.57205,0.57,0.57155,6149
2024-08-14 18:00:00,0.57155,0.57184,0.57069,0.57139,4038
2024-08-14 19:00:00,0.57137,0.57144,0.57028,0.57125,3209
2024-08-14 20:00:00,0.57125,0.57145,0.57107,0.57118,2612
2024-08-14 21:00:00,0.57117,0.57127,0.57059,0.57112,2409
2024-08-14 22:00:00,0.5711,0.57116,0.57044,0.57088,2333
2024-08-14 23:00:00,0.57086,0.57105,0.57045,0.57054,987
2024-08-15 00:00:00,0.56979,0.57069,0.56924,0.5703,913
2024-08-15 01:00:00,0.57016,0.57109,0.57015,0.57105,1116
2024-08-15 02:00:00,0.57105,0.5712,0.57019,0.57066,1906
2024-08-15 03:00:00,0.57067,0.57089,0.56986,0.56996,2549
2024-08-15 04:00:00,0.56999,0.57283,0.56831,0.57233,4669
2024-08-15 05:00:00,0.57233,0.57341,0.57174,0.57322,3311
2024-08-15 06:00:00,0.57321,0.57338,0.5728,0.57309,2336
2024-08-15 07:00:00,0.57309,0.57369,0.57304,0.57321,1864
2024-08-15 08:00:00,0.5732,0.57344,0.57252,0.57281,1760
2024-08-15 09:00:00,0.57281,0.5735,0.57241,0.57262,2500
2024-08-15 10:00:00,0.57262,0.57336,0.57219,0.57336,2342
2024-08-15 11:00:00,0.57337,0.57369,0.57292,0.57305,2503
2024-08-15 12:00:00,0.57304,0.57419,0.57292,0.57416,1927
2024-08-15 13:00:00,0.5742,0.57451,0.57373,0.5739,1834
2024-08-15 14:00:00,0.57385,0.57473,0.57377,0.57438,1843
2024-08-15 15:00:00,0.57439,0.57759,0.57421,0.57684,5549
2024-08-15 16:00:00,0.57682,0.57757,0.57632,0.5772,7043
2024-08-15 17:00:00,0.57716,0.57749,0.57585,0.57741,5870
2024-08-15 18:00:00,0.57741,0.57793,0.5771,0.57752,3528
2024-08-15 19:00:00,0.57749,0.57806,0.57737,0.57767,2541
2024-08-15 20:00:00,0.57768,0.5777,0.57721,0.57739,2032
2024-08-15 21:00:00,0.5774,0.5774,0.57678,0.57693,1854
2024-08-15 22:00:00,0.57693,0.57695,0.57637,0.57663,1884
2024-08-15 23:00:00,0.57662,0.577,0.57641,0.57678,1059
2024-08-16 00:00:00,0.57689,0.57689,0.5758,0.57671,529
2024-08-16 01:00:00,0.57661,0.57686,0.5765,0.57665,980
2024-08-16 02:00:00,0.57665,0.57695,0.57658,0.57691,1181
2024-08-16 03:00:00,0.5769,0.57706,0.57634,0.5767,3366
2024-08-16 04:00:00,0.57669,0.57742,0.57646,0.57722,3230
2024-08-16 05:00:00,0.57722,0.57741,0.57687,0.5772,1962
2024-08-16 06:00:00,0.5772,0.57728,0.57687,0.57714,1898
2024-08-16 07:00:00,0.57714,0.57729,0.57691,0.57717,1081
2024-08-16 08:00:00,0.57718,0.57797,0.57713,0.57753,1780
2024-08-16 09:00:00,0.57755,0.57815,0.57733,0.57777,2376
2024-08-16 10:00:00,0.57777,0.57785,0.57635,0.57675,2549
2024-08-16 11:00:00,0.57678,0.57687,0.57543,0.57607,2929
2024-08-16 12:00:00,0.57607,0.57701,0.57602,0.57664,2680
2024-08-16 13:00:00,0.57664,0.57667,0.57547,0.57581,2712
2024-08-16 14:00:00,0.5758,0.5758,0.57451,0.57526,3199
2024-08-16 15:00:00,0.57527,0.57561,0.57418,0.57437,3475
2024-08-16 16:00:00,0.57437,0.57574,0.57409,0.5753,4523
2024-08-16 17:00:00,0.57532,0.57665,0.57526,0.57622,5474
2024-08-16 18:00:00,0.57621,0.57762,0.57619,0.5774,3471
2024-08-16 19:00:00,0.57736,0.57812,0.57718,0.57796,2513
2024-08-16 20:00:00,0.57796,0.57799,0.57746,0.5778,2637
2024-08-16 21:00:00,0.57779,0.57823,0.5776,0.57822,2970
2024-08-16 22:00:00,0.57823,0.5784,0.57793,0.57804,1739
2024-08-16 23:00:00,0.57801,0.57808,0.57751,0.57754,885
2024-08-19 00:00:00,0.57533,0.5774,0.57443,0.57729,823
2024-08-19 01:00:00,0.57737,0.57888,0.57737,0.57852,1724
2024-08-19 02:00:00,0.57854,0.57896,0.57851,0.57887,2300
2024-08-19 03:00:00,0.57888,0.57994,0.57877,0.57902,3193
2024-08-19 04:00:00,0.57903,0.57965,0.57862,0.57924,3374
2024-08-19 05:00:00,0.57923,0.57942,0.57895,0.57917,2033
2024-08-19 06:00:00,0.57918,0.57929,0.5782,0.57827,3430
2024-08-19 07:00:00,0.57826,0.57862,0.577,0.57766,3216
2024-08-19 08:00:00,0.57765,0.57811,0.57567,0.57611,3555
2024-08-19 09:00:00,0.57615,0.57789,0.57548,0.57785,3830
2024-08-19 10:00:00,0.57786,0.57838,0.57726,0.57778,4157
2024-08-19 11:00:00,0.57778,0.57833,0.57709,0.57821,3651
2024-08-19 12:00:00,0.57821,0.57871,0.57778,0.57851,2912
2024-08-19 13:00:00,0.5785,0.57895,0.57843,0.5788,2631
2024-08-19 14:00:00,0.5788,0.57915,0.57853,0.57872,2703
2024-08-19 15:00:00,0.57871,0.57948,0.5786,0.57947,3169
2024-08-19 16:00:00,0.57946,0.58011,0.57937,0.57945,3820
2024-08-19 17:00:00,0.57946,0.58037,0.57932,0.57984,4752
2024-08-19 18:00:00,0.57982,0.58071,0.57916,0.57936,4136
2024-08-19 19:00:00,0.57937,0.58001,0.57934,0.57991,2411
2024-08-19 20:00:00,0.5799,0.5804,0.57966,0.58031,2100
2024-08-19 21:00:00,0.58031,0.58067,0.58021,0.58057,2039
2024-08-19 22:00:00,0.58057,0.58072,0.58037,0.58066,1741
2024-08-19 23:00:00,0.58066,0.5809,0.58046,0.58088,1191
2024-08-20 00:00:00,0.57964,0.58076,0.57934,0.58031,628
2024-08-20 01:00:00,0.58035,0.58084,0.58035,0.58073,732
2024-08-20 02:00:00,0.58071,0.58144,0.58052,0.5808,1784
2024-08-20 03:00:00,0.58081,0.58085,0.57948,0.57979,3932
2024-08-20 04:00:00,0.57982,0.58039,0.57883,0.57935,4263
2024-08-20 05:00:00,0.57936,0.57967,0.57853,0.57928,3412
2024-08-20 06:00:00,0.57928,0.57941,0.57847,0.57911,2528
2024-08-20 07:00:00,0.5791,0.57927,0.57866,0.57909,2087
2024-08-20 08:00:00,0.57908,0.57957,0.5788,0.57899,2132
2024-08-20 09:00:00,0.57904,0.58013,0.579,0.57969,2621
2024-08-20 10:00:00,0.5797,0.58002,0.57782,0.57788,3829
2024-08-20 11:00:00,0.57791,0.57869,0.57764,0.57862,4069
2024-08-20 12:00:00,0.57861,0.57906,0.57855,0.57871,3005
2024-08-20 13:00:00,0.57873,0.57909,0.57842,0.57859,2634
2024-08-20 14:00:00,0.5786,0.57883,0.5783,0.57876,1921
2024-08-20 15:00:00,0.57875,0.5793,0.57865,0.57914,3051
2024-08-20 16:00:00,0.57915,0.57915,0.57819,0.57834,4476
2024-08-20 17:00:00,0.57834,0.5792,0.57781,0.57806,5556
2024-08-20 18:00:00,0.57804,0.5783,0.57738,0.57802,4461
2024-08-20 19:00:00,0.57802,0.57802,0.57651,0.57672,3154
2024-08-20 20:00:00,0.57671,0.57694,0.57638,0.57691,2149
2024-08-20 21:00:00,0.57691,0.57761,0.57691,0.57709,1607
2024-08-20 22:00:00,0.57709,0.57716,0.5765,0.57675,2514
2024-08-20 23:00:00,0.57675,0.57679,0.57613,0.57614,1316
2024-08-21 00:00:00,0.57529,0.57598,0.57529,0.57587,834
2024-08-21 01:00:00,0.57596,0.57617,0.57547,0.57553,1420
2024-08-21 02:00:00,0.57553,0.5759,0.57481,0.57585,2592
2024-08-21 03:00:00,0.57584,0.57635,0.57527,0.57609,3587
2024-08-21 04:00:00,0.57607,0.57629,0.5754,0.57576,3468
2024-08-21 05:00:00,0.57575,0.57593,0.57532,0.57551,2722
2024-08-21 06:00:00,0.57553,0.5765,0.57546,0.57611,1779
2024-08-21 07:00:00,0.57609,0.57613,0.57558,0.57605,1726
2024-08-21 08:00:00,0.57605,0.57664,0.5759,0.57597,1997
2024-08-21 09:00:00,0.57598,0.57641,0.57581,0.57606,3122
2024-08-21 10:00:00,0.57605,0.57645,0.57536,0.5763,3819
2024-08-21 11:00:00,0.57629,0.57651,0.57572,0.57602,2754
2024-08-21 12:00:00,0.57603,0.57655,0.5759,0.57614,2525
2024-08-21 13:00:00,0.57613,0.57684,0.57564,0.57672,1931
2024-08-21 14:00:00,0.57671,0.57682,0.57589,0.57617,2185
2024-08-21 15:00:00,0.57618,0.57618,0.5757,0.57582,2790
2024-08-21 16:00:00,0.57583,0.57583,0.5747,0.57544,4038
2024-08-21 17:00:00,0.57548,0.57637,0.57414,0.57494,8576
2024-08-21 18:00:00,0.57494,0.57569,0.57453,0.57473,5032
2024-08-21 19:00:00,0.57471,0.57474,0.57351,0.57388,2882
2024-08-21 20:00:00,0.57388,0.5741,0.57361,0.57382,2030
2024-08-21 21:00:00,0.57382,0.57453,0.57352,0.57416,3324
2024-08-21 22:00:00,0.57414,0.57448,0.57372,0.57404,2144
2024-08-21 23:00:00,0.57406,0.57442,0.57398,0.57436,1052
2024-08-22 00:00:00,0.57286,0.5742,0.57286,0.57383,902
2024-08-22 01:00:00,0.57389,0.57453,0.57388,0.57433,827
2024-08-22 02:00:00,0.57433,0.57458,0.57409,0.57442,1088
2024-08-22 03:00:00,0.57441,0.57471,0.574,0.57435,2393
2024-08-22 04:00:00,0.57435,0.57462,0.57386,0.57424,2391
2024-08-22 05:00:00,0.57427,0.57438,0.573,0.5734,2250
2024-08-22 06:00:00,0.57341,0.57359,0.57284,0.57309,1323
2024-08-22 07:00:00,0.57309,0.57347,0.57282,0.57341,1655
2024-08-22 08:00:00,0.57342,0.57388,0.57311,0.5737,1432
2024-08-22 09:00:00,0.57369,0.57389,0.57332,0.57353,2254
2024-08-22 10:00:00,0.57353,0.574,0.57306,0.57371,3431
2024-08-22 11:00:00,0.57375,0.57431,0.5731,0.5742,3052
2024-08-22 12:00:00,0.57422,0.57432,0.57352,0.57352,2546
2024-08-22 13:00:00,0.57354,0.57388,0.57322,0.57352,2161
2024-08-22 14:00:00,0.57355,0.57369,0.57311,0.57339,2454
2024-08-22 15:00:00,0.57339,0.57378,0.57261,0.57324,4052
2024-08-22 16:00:00,0.57327,0.57327,0.57184,0.57233,4892
2024-08-22 17:00:00,0.57235,0.57261,0.57138,0.57215,5414
2024-08-22 18:00:00,0.57215,0.57236,0.57073,0.5713,3699
2024-08-22 19:00:00,0.57128,0.5723,0.57107,0.57137,3156
2024-08-22 20:00:00,0.57135,0.57169,0.57051,0.57054,3100
2024-08-22 21:00:00,0.57053,0.57164,0.57045,0.57128,2560
2024-08-22 22:00:00,0.57127,0.57167,0.57108,0.57142,2245
2024-08-22 23:00:00,0.57141,0.57159,0.57114,0.57136,891
2024-08-23 00:00:00,0.57029,0.57136,0.56981,0.57076,1601
2024-08-23 01:00:00,0.57082,0.57129,0.57079,0.57106,965
2024-08-23 02:00:00,0.57105,0.57134,0.57082,0.57124,938
2024-08-23 03:00:00,0.57124,0.57163,0.57105,0.57135,2253
2024-08-23 04:00:00,0.57135,0.57176,0.57119,0.57144,2609
2024-08-23 05:00:00,0.57144,0.57155,0.57103,0.57149,2194
2024-08-23 06:00:00,0.57149,0.57219,0.57141,0.57197,1364
2024-08-23 07:00:00,0.57197,0.57295,0.57193,0.57265,1621
2024-08-23 08:00:00,0.57266,0.57267,0.57217,0.57241,1825
2024-08-23 09:00:00,0.57245,0.57276,0.57193,0.57234,2530
2024-08-23 10:00:00,0.57236,0.57254,0.57161,0.5721,2956
2024-08-23 11:00:00,0.57209,0.57294,0.57187,0.57286,2682
2024-08-23 12:00:00,0.57286,0.57361,0.57278,0.57361,2258
2024-08-23 13:00:00,0.57361,0.57366,0.57298,0.57318,1679
2024-08-23 14:00:00,0.57321,0.57368,0.57311,0.57349,1687
2024-08-23 15:00:00,0.57349,0.57387,0.57332,0.57361,3013
2024-08-23 16:00:00,0.57361,0.5743,0.57338,0.57415,3558
2024-08-23 17:00:00,0.57415,0.57628,0.57415,0.57476,9094
2024-08-23 18:00:00,0.57476,0.57583,0.57445,0.57537,6165
2024-08-23 19:00:00,0.57537,0.57652,0.57516,0.5763,4455
2024-08-23 20:00:00,0.5763,0.57658,0.57592,0.57604,3385
2024-08-23 21:00:00,0.57601,0.57618,0.57574,0.57576,2693
2024-08-23 22:00:00,0.57578,0.5762,0.57528,0.57606,2452
2024-08-23 23:00:00,0.57605,0.57631,0.57595,0.57613,1135
2024-08-26 00:00:00,0.57486,0.57547,0.57385,0.57498,524
2024-08-26 01:00:00,0.57543,0.57611,0.57483,0.575,1452
2024-08-26 02:00:00,0.57496,0.57541,0.57471,0.57496,2602
2024-08-26 03:00:00,0.57498,0.57519,0.57405,0.57467,3708
2024-08-26 04:00:00,0.57467,0.57499,0.57441,0.57464,3092
2024-08-26 05:00:00,0.57464,0.57473,0.57436,0.57454,1958
2024-08-26 06:00:00,0.57455,0.57464,0.5741,0.57431,2088
2024-08-26 07:00:00,0.57433,0.57436,0.57388,0.57397,1418
2024-08-26 08:00:00,0.57397,0.57439,0.57381,0.57397,1960
2024-08-26 09:00:00,0.57398,0.5742,0.57351,0.57361,2719
2024-08-26 10:00:00,0.57362,0.57373,0.57314,0.57353,2793
2024-08-26 11:00:00,0.57354,0.57369,0.57295,0.57296,2651
2024-08-26 12:00:00,0.57295,0.57354,0.57284,0.57337,1890
2024-08-26 13:00:00,0.57338,0.57363,0.57304,0.5736,2013
2024-08-26 14:00:00,0.5736,0.57371,0.57325,0.57353,2491
2024-08-26 15:00:00,0.57355,0.57449,0.57338,0.57412,3601
2024-08-26 16:00:00,0.57411,0.57501,0.57394,0.57474,4283
2024-08-26 17:00:00,0.57472,0.57499,0.57362,0.57408,4634
2024-08-26 18:00:00,0.57408,0.5743,0.57377,0.5741,3183
2024-08-26 19:00:00,0.57411,0.57486,0.574,0.57458,2437
2024-08-26 20:00:00,0.57457,0.57484,0.57404,0.57415,2328
2024-08-26 21:00:00,0.57416,0.57447,0.57394,0.57403,1870
2024-08-26 22:00:00,0.57403,0.57413,0.57381,0.57402,1524
2024-08-26 23:00:00,0.57404,0.57404,0.57356,0.57362,636
2024-08-27 00:00:00,0.57339,0.57365,0.57211,0.57339,526
2024-08-27 01:00:00,0.5734,0.57361,0.57327,0.57336,932
2024-08-27 02:00:00,0.57336,0.57374,0.57317,0.57371,1225
2024-08-27 03:00:00,0.57372,0.57396,0.57305,0.57318,2302
2024-08-27 04:00:00,0.57319,0.57415,0.57319,0.57397,2562
2024-08-27 05:00:00,0.57395,0.57444,0.57372,0.57428,1753
2024-08-27 06:00:00,0.57427,0.57506,0.57421,0.57485,1432
2024-08-27 07:00:00,0.57486,0.5749,0.57425,0.5746,1515
2024-08-27 08:00:00,0.57461,0.57538,0.57455,0.57521,1838
2024-08-27 09:00:00,0.57517,0.57543,0.57466,0.57467,2523
2024-08-27 10:00:00,0.5747,0.57519,0.57386,0.57396,3520
2024-08-27 11:00:00,0.57396,0.57481,0.57392,0.57436,2403
2024-08-27 12:00:00,0.57433,0.57446,0.5739,0.57396,2659
2024-08-27 13:00:00,0.57396,0.57437,0.57374,0.57402,2283
2024-08-27 14:00:00,0.57401,0.57428,0.57363,0.57373,2621
2024-08-27 15:00:00,0.57371,0.57375,0.57231,0.57249,3512
2024-08-27 16:00:00,0.57249,0.57277,0.57122,0.57125,4524
2024-08-27 17:00:00,0.57117,0.57211,0.57068,0.57151,5560
2024-08-27 18:00:00,0.5715,0.57243,0.57132,0.57198,3713
2024-08-27 19:00:00,0.57198,0.57204,0.57134,0.57136,2081
2024-08-27 20:00:00,0.57139,0.57163,0.57128,0.57156,2177
2024-08-27 21:00:00,0.57156,0.57185,0.57127,0.57141,1996
2024-08-27 22:00:00,0.57141,0.57163,0.57113,0.5716,1462
2024-08-27 23:00:00,0.5716,0.57166,0.57144,0.57166,875
2024-08-28 00:00:00,0.57155,0.57167,0.57084,0.5716,887
2024-08-28 01:00:00,0.57162,0.57177,0.57096,0.57097,1034
2024-08-28 02:00:00,0.57099,0.5715,0.57095,0.57122,1180
2024-08-28 03:00:00,0.57121,0.57206,0.57121,0.57145,2395
2024-08-28 04:00:00,0.57144,0.57363,0.57127,0.57288,3799
2024-08-28 05:00:00,0.57289,0.57359,0.57269,0.57329,2789
2024-08-28 06:00:00,0.5733,0.57353,0.57302,0.57342,1984
2024-08-28 07:00:00,0.57342,0.57358,0.57288,0.57303,1668
2024-08-28 08:00:00,0.57304,0.57316,0.57242,0.57296,2411
2024-08-28 09:00:00,0.57295,0.57375,0.57264,0.5733,3085
2024-08-28 10:00:00,0.57329,0.57332,0.57242,0.57293,3713
2024-08-28 11:00:00,0.57293,0.5733,0.57264,0.57299,3128
2024-08-28 12:00:00,0.573,0.57309,0.57189,0.57235,2988
2024-08-28 13:00:00,0.57235,0.57262,0.57204,0.57231,2636
2024-08-28 14:00:00,0.5723,0.57266,0.57186,0.57201,2604
2024-08-28 15:00:00,0.572,0.57228,0.57123,0.57212,3817
2024-08-28 16:00:00,0.57212,0.57277,0.57207,0.57235,4248
2024-08-28 17:00:00,0.57236,0.5726,0.57173,0.57173,4499
2024-08-28 18:00:00,0.57174,0.5723,0.57053,0.57088,4000
2024-08-28 19:00:00,0.57089,0.57126,0.57003,0.57114,2593
2024-08-28 20:00:00,0.57114,0.57137,0.56985,0.56993,2439
2024-08-28 21:00:00,0.56992,0.57089,0.56959,0.57073,2105
2024-08-28 22:00:00,0.57073,0.57137,0.57065,0.57104,1964
2024-08-28 23:00:00,0.57105,0.57151,0.57051,0.57136,1846
2024-08-29 00:00:00,0.57064,0.5711,0.56977,0.57098,430
2024-08-29 01:00:00,0.5707,0.57118,0.57052,0.57067,1364
2024-08-29 02:00:00,0.57069,0.57109,0.57052,0.57095,1451
2024-08-29 03:00:00,0.57099,0.57241,0.57075,0.57221,2873
2024-08-29 04:00:00,0.57222,0.5726,0.57133,0.57139,3214
2024-08-29 05:00:00,0.57139,0.57162,0.57114,0.57125,2155
2024-08-29 06:00:00,0.57125,0.57142,0.57086,0.57128,1947
2024-08-29 07:00:00,0.5713,0.57214,0.57128,0.57185,1832
2024-08-29 08:00:00,0.57187,0.57211,0.57135,0.57185,2432
2024-08-29 09:00:00,0.57184,0.57261,0.57167,0.57245,2934
2024-08-29 10:00:00,0.5724,0.57355,0.57219,0.57351,3566
2024-08-29 11:00:00,0.5735,0.57515,0.57323,0.57476,5107
2024-08-29 12:00:00,0.57475,0.57576,0.57475,0.57536,3574
2024-08-29 13:00:00,0.57535,0.57555,0.57504,0.57516,2666
2024-08-29 14:00:00,0.57513,0.57561,0.57512,0.57531,2647
2024-08-29 15:00:00,0.5753,0.57672,0.5752,0.57603,5224
2024-08-29 16:00:00,0.57605,0.57607,0.57475,0.57488,5507
2024-08-29 17:00:00,0.57491,0.57694,0.57467,0.57622,5461
2024-08-29 18:00:00,0.57621,0.5764,0.57555,0.57612,3469
2024-08-29 19:00:00,0.57612,0.57651,0.5759,0.57608,2419
2024-08-29 20:00:00,0.57607,0.57658,0.57584,0.57633,2152
2024-08-29 21:00:00,0.57633,0.57635,0.5747,0.57513,3127
2024-08-29 22:00:00,0.57513,0.57609,0.57497,0.5757,2687
2024-08-29 23:00:00,0.57569,0.57603,0.57558,0.57603,862
2024-08-30 00:00:00,0.5752,0.57584,0.57472,0.5756,618
2024-08-30 01:00:00,0.5756,0.57611,0.5756,0.57591,901
2024-08-30 02:00:00,0.57589,0.57601,0.57549,0.5755,1042
2024-08-30 03:00:00,0.5755,0.57602,0.57532,0.5759,2341
2024-08-30 04:00:00,0.57585,0.57606,0.57521,0.57557,2808
2024-08-30 05:00:00,0.57558,0.57619,0.57525,0.57617,1869
2024-08-30 06:00:00,0.57617,0.57707,0.57601,0.57689,1517
2024-08-30 07:00:00,0.57688,0.5769,0.57631,0.57639,1431
2024-08-30 08:00:00,0.57639,0.57718,0.57628,0.57698,1760
2024-08-30 09:00:00,0.577,0.57726,0.57655,0.5769,2545
2024-08-30 10:00:00,0.5769,0.57722,0.57632,0.57699,2884
2024-08-30 11:00:00,0.57698,0.57806,0.57676,0.57761,2758
2024-08-30 12:00:00,0.57763,0.57785,0.5772,0.57736,2335
2024-08-30 13:00:00,0.57737,0.5774,0.57691,0.57733,2222
2024-08-30 14:00:00,0.57733,0.57755,0.57683,0.57755,2060
2024-08-30 15:00:00,0.57755,0.57779,0.5765,0.5767,4270
2024-08-30 16:00:00,0.5767,0.57682,0.57562,0.57624,5343
2024-08-30 17:00:00,0.57618,0.57631,0.57535,0.57549,6359
2024-08-30 18:00:00,0.57548,0.57576,0.57411,0.57453,4647
2024-08-30 19:00:00,0.57454,0.57505,0.57413,0.57496,3310
2024-08-30 20:00:00,0.57494,0.57518,0.57459,0.57476,2349
2024-08-30 21:00:00,0.57476,0.57544,0.5747,0.57537,1752
2024-08-30 22:00:00,0.57538,0.57547,0.57501,0.57528,2163
2024-08-30 23:00:00,0.57528,0.57536,0.57486,0.57489,1153
2024-09-02 00:00:00,0.57344,0.57456,0.57327,0.57426,335
2024-09-02 01:00:00,0.57428,0.57591,0.57428,0.57583,955
2024-09-02 02:00:00,0.57583,0.57634,0.57556,0.57573,1525
2024-09-02 03:00:00,0.5757,0.57619,0.57549,0.57584,2390
2024-09-02 04:00:00,0.57584,0.57609,0.57531,0.57532,2503
2024-09-02 05:00:00,0.57532,0.57532,0.57436,0.57476,2196
2024-09-02 06:00:00,0.57476,0.57495,0.57431,0.57476,1705
2024-09-02 07:00:00,0.57477,0.57477,0.57422,0.5746,1287
2024-09-02 08:00:00,0.57458,0.57547,0.57454,0.57456,1469
2024-09-02 09:00:00,0.57455,0.57595,0.57442,0.57564,2435
2024-09-02 10:00:00,0.57557,0.57577,0.5747,0.57561,3208
2024-09-02 11:00:00,0.5756,0.57658,0.57557,0.5764,2572
2024-09-02 12:00:00,0.57639,0.57662,0.57614,0.57636,1851
2024-09-02 13:00:00,0.57636,0.57667,0.5762,0.57625,1511
2024-09-02 14:00:00,0.5763,0.57702,0.57618,0.57675,1885
2024-09-02 15:00:00,0.57674,0.57716,0.57664,0.57705,1634
2024-09-02 16:00:00,0.57706,0.57826,0.57702,0.57768,2256
2024-09-02 17:00:00,0.57767,0.57847,0.57737,0.57779,2735
2024-09-02 18:00:00,0.57776,0.57815,0.57771,0.57809,1216
2024-09-02 19:00:00,0.57809,0.57834,0.57795,0.57815,539
2024-09-02 20:00:00,0.57814,0.57843,0.57809,0.5784,511
2024-09-02 21:00:00,0.57839,0.57854,0.57833,0.57833,607
2024-09-02 22:00:00,0.57834,0.5785,0.57833,0.57844,487
2024-09-02 23:00:00,0.57845,0.57853,0.57825,0.5783,310
2024-09-03 00:00:00,0.57789,0.57826,0.57583,0.57776,408
2024-09-03 01:00:00,0.57779,0.57831,0.57779,0.57805,540
2024-09-03 02:00:00,0.57802,0.57817,0.57761,0.57782,1218
2024-09-03 03:00:00,0.57782,0.57842,0.57771,0.57831,2758
2024-09-03 04:00:00,0.57832,0.57857,0.57735,0.5776,3161
2024-09-03 05:00:00,0.57759,0.5778,0.57669,0.57676,2497
2024-09-03 06:00:00,0.57673,0.57693,0.57472,0.57493,3044
2024-09-03 07:00:00,0.57493,0.57493,0.57403,0.57486,2338
2024-09-03 08:00:00,0.57487,0.57519,0.57422,0.57439,2481
2024-09-03 09:00:00,0.57437,0.57463,0.57287,0.57423,3892
2024-09-03 10:00:00,0.57422,0.57622,0.57405,0.5758,3946
2024-09-03 11:00:00,0.57578,0.57599,0.57511,0.57516,3460
2024-09-03 12:00:00,0.57517,0.57534,0.57391,0.57393,2914
2024-09-03 13:00:00,0.57394,0.57408,0.5733,0.57334,2710
2024-09-03 14:00:00,0.57335,0.57372,0.57316,0.57357,2673
2024-09-03 15:00:00,0.57357,0.57429,0.57324,0.5733,3513
2024-09-03 16:00:00,0.5733,0.57334,0.57088,0.57118,5457
2024-09-03 17:00:00,0.57143,0.57177,0.5702,0.5706,6851
2024-09-03 18:00:00,0.57061,0.57185,0.57055,0.57136,3932
2024-09-03 19:00:00,0.57136,0.57168,0.57107,0.57135,2550
2024-09-03 20:00:00,0.57134,0.57161,0.57103,0.57107,2228
2024-09-03 21:00:00,0.57106,0.57123,0.57074,0.57096,1945
2024-09-03 22:00:00,0.57093,0.57127,0.57059,0.57081,2561
2024-09-03 23:00:00,0.57082,0.57104,0.5706,0.57068,1251
2024-09-04 00:00:00,0.57037,0.57063,0.57011,0.5705,235
2024-09-04 01:00:00,0.57048,0.57092,0.57036,0.5706,1323
2024-09-04 02:00:00,0.57062,0.57071,0.57003,0.57052,1810
2024-09-04 03:00:00,0.57053,0.57074,0.56726,0.56739,4316
2024-09-04 04:00:00,0.5674,0.56941,0.5674,0.5689,4164
2024-09-04 05:00:00,0.56889,0.56918,0.56826,0.56877,3096
2024-09-04 06:00:00,0.5688,0.56915,0.56835,0.56856,2306
2024-09-04 07:00:00,0.56855,0.56939,0.56853,0.56876,1754
2024-09-04 08:00:00,0.56876,0.5688,0.56789,0.56846,3004
2024-09-04 09:00:00,0.56845,0.56957,0.56823,0.56913,3350
2024-09-04 10:00:00,0.56912,0.56965,0.56809,0.56859,3923
2024-09-04 11:00:00,0.56861,0.56965,0.56858,0.56887,3203
2024-09-04 12:00:00,0.56885,0.57057,0.56884,0.57028,2121
2024-09-04 13:00:00,0.57028,0.57079,0.56951,0.57062,2124
2024-09-04 14:00:00,0.57063,0.57143,0.57045,0.57094,2565
2024-09-04 15:00:00,0.57094,0.57256,0.57077,0.57221,3354
2024-09-04 16:00:00,0.57222,0.57305,0.57187,0.57267,4166
2024-09-04 17:00:00,0.57264,0.57267,0.57079,0.57089,7415
2024-09-04 18:00:00,0.5709,0.57139,0.56985,0.57012,4443
2024-09-04 19:00:00,0.57011,0.57044,0.56968,0.57019,2807
2024-09-04 20:00:00,0.57018,0.57032,0.56911,0.56924,2477
2024-09-04 21:00:00,0.56924,0.56965,0.56878,0.56884,2406
2024-09-04 22:00:00,0.56884,0.56943,0.56873,0.5691,2624
2024-09-04 23:00:00,0.5691,0.56932,0.56894,0.56926,1081
2024-09-05 00:00:00,0.56784,0.5691,0.56774,0.56906,489
2024-09-05 01:00:00,0.56896,0.56909,0.56874,0.56881,756
2024-09-05 02:00:00,0.5688,0.56881,0.56775,0.56818,1880
2024-09-05 03:00:00,0.56818,0.56955,0.56802,0.56927,2745
2024-09-05 04:00:00,0.56927,0.57002,0.56878,0.56956,3041
2024-09-05 05:00:00,0.56956,0.57004,0.56923,0.56983,2338
2024-09-05 06:00:00,0.56982,0.57012,0.56907,0.56926,2248
2024-09-05 07:00:00,0.56926,0.56933,0.56881,0.56918,1440
2024-09-05 08:00:00,0.56919,0.56923,0.56867,0.56886,2079
2024-09-05 09:00:00,0.56883,0.56901,0.56831,0.56846,3055
2024-09-05 10:00:00,0.56848,0.56908,0.5682,0.56871,3505
2024-09-05 11:00:00,0.5687,0.56968,0.56869,0.56952,2865
2024-09-05 12:00:00,0.56951,0.56964,0.56873,0.56884,2513
2024-09-05 13:00:00,0.56882,0.56923,0.5687,0.5692,1864
2024-09-05 14:00:00,0.56921,0.56947,0.56887,0.569,2319
2024-09-05 15:00:00,0.56902,0.5696,0.5677,0.56953,5593
2024-09-05 16:00:00,0.56953,0.57037,0.56909,0.56951,5138
2024-09-05 17:00:00,0.56951,0.57133,0.56918,0.57021,6393
2024-09-05 18:00:00,0.57021,0.57053,0.56851,0.56852,4346
2024-09-05 19:00:00,0.56851,0.56939,0.56847,0.5691,2820
2024-09-05 20:00:00,0.56911,0.56948,0.56818,0.5691,2460
2024-09-05 21:00:00,0.56915,0.56934,0.56865,0.56908,1945
2024-09-05 22:00:00,0.56907,0.56912,0.56844,0.56888,2371
2024-09-05 23:00:00,0.5689,0.569,0.56855,0.56888,1258
2024-09-06 00:00:00,0.56838,0.56891,0.56768,0.56872,269
2024-09-06 01:00:00,0.56874,0.56902,0.5686,0.56881,688
2024-09-06 02:00:00,0.56881,0.56899,0.56864,0.56875,913
2024-09-06 03:00:00,0.56872,0.56882,0.5681,0.56837,2789
2024-09-06 04:00:00,0.56838,0.56853,0.56763,0.56814,2618
2024-09-06 05:00:00,0.56814,0.56834,0.56757,0.56765,1752
2024-09-06 06:00:00,0.56767,0.56782,0.56712,0.56718,1477
2024-09-06 07:00:00,0.56718,0.56754,0.56686,0.56738,1591
2024-09-06 08:00:00,0.56735,0.56749,0.56562,0.56621,2727
2024-09-06 09:00:00,0.56616,0.56732,0.56603,0.56701,3053
2024-09-06 10:00:00,0.56699,0.56721,0.56547,0.5671,3969
2024-09-06 11:00:00,0.56707,0.56719,0.56606,0.56631,3098
2024-09-06 12:00:00,0.56631,0.56752,0.56607,0.56736,2703
2024-09-06 13:00:00,0.56735,0.56791,0.567,0.56721,2434
2024-09-06 14:00:00,0.56721,0.56786,0.56721,0.56773,2267
2024-09-06 15:00:00,0.56774,0.57051,0.56622,0.56951,6793
2024-09-06 16:00:00,0.56946,0.57019,0.56777,0.56784,8309
2024-09-06 17:00:00,0.56784,0.56788,0.56372,0.56444,8080
2024-09-06 18:00:00,0.56444,0.56569,0.56165,0.56262,8311
2024-09-06 19:00:00,0.56256,0.56303,0.56192,0.56243,5058
2024-09-06 20:00:00,0.56241,0.56323,0.56207,0.56261,4207
2024-09-06 21:00:00,0.56261,0.56278,0.56208,0.5621,3043
2024-09-06 22:00:00,0.56209,0.56291,0.56208,0.56268,2528
2024-09-06 23:00:00,0.56268,0.56277,0.56215,0.56226,1557
2024-09-09 00:00:00,0.56166,0.56232,0.56124,0.56175,399
2024-09-09 01:00:00,0.56191,0.56288,0.56189,0.56244,1589
2024-09-09 02:00:00,0.56245,0.56324,0.56235,0.56293,2111
2024-09-09 03:00:00,0.56291,0.56355,0.56272,0.56304,3173
2024-09-09 04:00:00,0.56304,0.56541,0.56304,0.56537,3835
2024-09-09 05:00:00,0.56538,0.56548,0.56469,0.5649,2482
2024-09-09 06:00:00,0.5649,0.56531,0.56459,0.56477,1783
2024-09-09 07:00:00,0.56475,0.56533,0.56464,0.56481,1928
2024-09-09 08:00:00,0.56482,0.56482,0.56373,0.56414,2344
2024-09-09 09:00:00,0.56414,0.56451,0.56385,0.56416,2953
2024-09-09 10:00:00,0.56415,0.56479,0.564,0.56441,3888
2024-09-09 11:00:00,0.56444,0.56455,0.56351,0.5645,3088
2024-09-09 12:00:00,0.56449,0.56487,0.56419,0.5644,2424
2024-09-09 13:00:00,0.5644,0.56476,0.56416,0.56458,2166
2024-09-09 14:00:00,0.56459,0.56546,0.56457,0.56533,2312
2024-09-09 15:00:00,0.56533,0.56545,0.56442,0.56458,2768
2024-09-09 16:00:00,0.56457,0.56528,0.56443,0.56489,3371
2024-09-09 17:00:00,0.5649,0.56559,0.56368,0.5637,4416
2024-09-09 18:00:00,0.56369,0.56493,0.56317,0.5649,3342
2024-09-09 19:00:00,0.56489,0.56582,0.56484,0.56574,2065
2024-09-09 20:00:00,0.56575,0.56593,0.56491,0.56494,2280
2024-09-09 21:00:00,0.56495,0.56526,0.56474,0.56478,2084
2024-09-09 22:00:00,0.56478,0.56533,0.56461,0.56533,2159
2024-09-09 23:00:00,0.56532,0.56576,0.56522,0.56567,1091
2024-09-10 00:00:00,0.56548,0.56569,0.56436,0.56568,348
2024-09-10 01:00:00,0.56569,0.56588,0.56558,0.56572,944
2024-09-10 02:00:00,0.56572,0.56601,0.56541,0.5655,1101
2024-09-10 03:00:00,0.56551,0.56561,0.56437,0.56504,2725
2024-09-10 04:00:00,0.56505,0.56558,0.56498,0.56547,2570
2024-09-10 05:00:00,0.56548,0.56555,0.56452,0.56506,2195
2024-09-10 06:00:00,0.56505,0.56544,0.56504,0.56525,1539
2024-09-10 07:00:00,0.56525,0.5656,0.56514,0.56537,1295
2024-09-10 08:00:00,0.56533,0.56593,0.56526,0.56571,1906
2024-09-10 09:00:00,0.56567,0.56641,0.56522,0.56588,2617
2024-09-10 10:00:00,0.56589,0.566,0.56504,0.56509,3243
2024-09-10 11:00:00,0.56511,0.56529,0.56458,0.5646,2621
2024-09-10 12:00:00,0.56459,0.56529,0.56398,0.56498,2491
2024-09-10 13:00:00,0.56501,0.56544,0.56476,0.56544,2270
2024-09-10 14:00:00,0.56545,0.56579,0.56466,0.56478,2451
2024-09-10 15:00:00,0.56477,0.56506,0.56377,0.56417,2986
2024-09-10 16:00:00,0.56417,0.56461,0.56333,0.56389,4015
2024-09-10 17:00:00,0.56386,0.56386,0.56247,0.56351,5576
2024-09-10 18:00:00,0.56355,0.56382,0.56257,0.56264,3622
2024-09-10 19:00:00,0.56264,0.56337,0.56203,0.56322,3144
2024-09-10 20:00:00,0.56321,0.56373,0.56309,0.5634,2548
2024-09-10 21:00:00,0.56342,0.56406,0.56341,0.56374,1929
2024-09-10 22:00:00,0.56374,0.56395,0.56348,0.56369,1891
2024-09-10 23:00:00,0.5637,0.5637,0.5632,0.56342,1107
2024-09-11 00:00:00,0.563,0.56354,0.56234,0.56336,482
2024-09-11 01:00:00,0.56334,0.56358,0.5632,0.56355,614
2024-09-11 02:00:00,0.56355,0.56366,0.56317,0.56322,1048
2024-09-11 03:00:00,0.56324,0.56334,0.56252,0.56272,2722
2024-09-11 04:00:00,0.56273,0.56318,0.5616,0.56228,4262
2024-09-11 05:00:00,0.56229,0.56261,0.56172,0.56235,2886
2024-09-11 06:00:00,0.56233,0.56252,0.56143,0.56158,2605
2024-09-11 07:00:00,0.56157,0.56162,0.56065,0.56091,2513
2024-09-11 08:00:00,0.5609,0.56172,0.56035,0.5617,3105
2024-09-11 09:00:00,0.5617,0.56261,0.56137,0.56239,2853
2024-09-11 10:00:00,0.56239,0.56347,0.56239,0.56338,3719
2024-09-11 11:00:00,0.56338,0.56379,0.5628,0.56307,3021
2024-09-11 12:00:00,0.56307,0.56358,0.56298,0.56336,2136
2024-09-11 13:00:00,0.56337,0.56451,0.56334,0.56447,2158
2024-09-11 14:00:00,0.56451,0.56478,0.56404,0.56456,2668
2024-09-11 15:00:00,0.56456,0.56605,0.56367,0.56579,6322
2024-09-11 16:00:00,0.56577,0.5667,0.56351,0.56357,6852
2024-09-11 17:00:00,0.56357,0.56377,0.56137,0.56297,7183
2024-09-11 18:00:00,0.56296,0.56556,0.56248,0.56555,5105
2024-09-11 19:00:00,0.56554,0.56643,0.5654,0.5659,4216
2024-09-11 20:00:00,0.56589,0.56734,0.56587,0.56697,3530
2024-09-11 21:00:00,0.56696,0.56792,0.56673,0.56757,2739
2024-09-11 22:00:00,0.56757,0.56904,0.56755,0.56871,2703
2024-09-11 23:00:00,0.5687,0.56936,0.56868,0.56879,1787
2024-09-12 00:00:00,0.56807,0.56883,0.56798,0.56861,229
2024-09-12 01:00:00,0.56864,0.56908,0.56854,0.56897,691
2024-09-12 02:00:00,0.569,0.56961,0.56895,0.56908,1112
2024-09-12 03:00:00,0.56907,0.57004,0.56897,0.56901,2517
2024-09-12 04:00:00,0.569,0.56938,0.5684,0.56887,3307
2024-09-12 05:00:00,0.56886,0.56935,0.56846,0.5691,2415
2024-09-12 06:00:00,0.56909,0.57041,0.56891,0.57039,1375
2024-09-12 07:00:00,0.57038,0.5709,0.57025,0.57078,1534
2024-09-12 08:00:00,0.57077,0.57118,0.57046,0.57064,1726
2024-09-12 09:00:00,0.57058,0.57069,0.56996,0.57016,2530
2024-09-12 10:00:00,0.57017,0.57125,0.5698,0.56989,3868
2024-09-12 11:00:00,0.56988,0.57057,0.56867,0.56991,3561
2024-09-12 12:00:00,0.56991,0.57062,0.56976,0.57043,2448
2024-09-12 13:00:00,0.57042,0.57078,0.57015,0.57062,2207
2024-09-12 14:00:00,0.57062,0.57095,0.56975,0.57019,2529
2024-09-12 15:00:00,0.57018,0.57084,0.56946,0.56954,5613
2024-09-12 16:00:00,0.56954,0.57051,0.56894,0.56977,6263
2024-09-12 17:00:00,0.56978,0.57147,0.56957,0.5712,5613
2024-09-12 18:00:00,0.57119,0.57174,0.57069,0.57089,4312
2024-09-12 19:00:00,0.57088,0.57214,0.57082,0.57206,3211
2024-09-12 20:00:00,0.57205,0.57255,0.5717,0.57251,3312
2024-09-12 21:00:00,0.57251,0.57282,0.57171,0.5723,3474
2024-09-12 22:00:00,0.5723,0.5726,0.57176,0.57227,3780
2024-09-12 23:00:00,0.57227,0.5723,0.57189,0.57216,1779
2024-09-13 00:00:00,0.57122,0.57214,0.57086,0.57189,396
2024-09-13 01:00:00,0.57188,0.57236,0.57182,0.57232,628
2024-09-13 02:00:00,0.57231,0.57232,0.57151,0.57156,1699
2024-09-13 03:00:00,0.57157,0.57191,0.57104,0.57173,2939
2024-09-13 04:00:00,0.57174,0.57186,0.57108,0.57127,3015
2024-09-13 05:00:00,0.57127,0.57139,0.57039,0.571,2406
2024-09-13 06:00:00,0.57099,0.57153,0.57086,0.57126,1915
2024-09-13 07:00:00,0.57128,0.57154,0.57094,0.57133,1412
2024-09-13 08:00:00,0.57132,0.57158,0.57076,0.57085,1960
2024-09-13 09:00:00,0.57085,0.5712,0.57014,0.57021,3160
2024-09-13 10:00:00,0.5702,0.57087,0.56973,0.57002,3635
2024-09-13 11:00:00,0.57002,0.57006,0.56911,0.56956,3532
2024-09-13 12:00:00,0.56957,0.57019,0.56895,0.56901,3184
2024-09-13 13:00:00,0.56899,0.56915,0.5682,0.56841,2966
2024-09-13 14:00:00,0.5684,0.56845,0.56661,0.56733,3104
2024-09-13 15:00:00,0.56733,0.56788,0.56711,0.5672,3958
2024-09-13 16:00:00,0.56721,0.56851,0.56667,0.56801,4869
2024-09-13 17:00:00,0.5682,0.56983,0.56778,0.56925,5421
2024-09-13 18:00:00,0.56925,0.56954,0.56885,0.56909,3296
2024-09-13 19:00:00,0.56906,0.56932,0.56846,0.56882,3145
2024-09-13 20:00:00,0.56882,0.56914,0.56879,0.56883,2239
2024-09-13 21:00:00,0.56884,0.56904,0.56834,0.56847,2565
2024-09-13 22:00:00,0.56847,0.56876,0.56822,0.5687,2352
2024-09-13 23:00:00,0.56871,0.56951,0.56866,0.56917,1296
2024-09-16 00:00:00,0.56668,0.56808,0.56635,0.56794,296
2024-09-16 01:00:00,0.56795,0.56922,0.56769,0.56912,1447
2024-09-16 02:00:00,0.56913,0.56937,0.56892,0.56934,1225
2024-09-16 03:00:00,0.56933,0.56938,0.56837,0.56856,2004
2024-09-16 04:00:00,0.56856,0.56862,0.56789,0.56808,1938
2024-09-16 05:00:00,0.56807,0.56862,0.56807,0.56861,1253
2024-09-16 06:00:00,0.5686,0.56901,0.56845,0.5689,1827
2024-09-16 07:00:00,0.56891,0.56932,0.5686,0.56915,1565
2024-09-16 08:00:00,0.56913,0.56929,0.56891,0.5691,1335
2024-09-16 09:00:00,0.56907,0.5693,0.56808,0.56849,2929
2024-09-16 10:00:00,0.56851,0.56867,0.56772,0.56843,3386
2024-09-16 11:00:00,0.56843,0.56939,0.56804,0.56893,3327
2024-09-16 12:00:00,0.56893,0.56959,0.56876,0.5693,2820
2024-09-16 13:00:00,0.5693,0.5697,0.56898,0.56952,2333
2024-09-16 14:00:00,0.56951,0.56978,0.56907,0.56974,2369
2024-09-16 15:00:00,0.56973,0.56975,0.56897,0.5692,4299
2024-09-16 16:00:00,0.56917,0.56969,0.56883,0.56936,4317
2024-09-16 17:00:00,0.56935,0.56979,0.56866,0.56929,4686
2024-09-16 18:00:00,0.56928,0.56967,0.56905,0.56958,3587
2024-09-16 19:00:00,0.56959,0.5697,0.56921,0.56963,2300
2024-09-16 20:00:00,0.56962,0.5698,0.5694,0.56975,1920
2024-09-16 21:00:00,0.56975,0.5702,0.56971,0.57005,1854
2024-09-16 22:00:00,0.57006,0.5706,0.57006,0.57053,1735
2024-09-16 23:00:00,0.57053,0.57057,0.57024,0.57034,881
2024-09-17 00:00:00,0.56991,0.57032,0.5698,0.57024,223
2024-09-17 01:00:00,0.57016,0.57065,0.57015,0.57034,904
2024-09-17 02:00:00,0.57034,0.57056,0.57015,0.57024,1307
2024-09-17 03:00:00,0.57023,0.57042,0.56938,0.56954,2157
2024-09-17 04:00:00,0.56953,0.57021,0.56941,0.56992,2166
2024-09-17 05:00:00,0.56991,0.57,0.56958,0.56982,1695
2024-09-17 06:00:00,0.56982,0.56999,0.56945,0.56961,1519
2024-09-17 07:00:00,0.56963,0.56965,0.56905,0.56918,1252
2024-09-17 08:00:00,0.56919,0.56961,0.56917,0.56957,1551
2024-09-17 09:00:00,0.56958,0.57084,0.56957,0.57071,2526
2024-09-17 10:00:00,0.57071,0.57108,0.56994,0.57035,3096
2024-09-17 11:00:00,0.57034,0.57056,0.56979,0.57036,2581
2024-09-17 12:00:00,0.57035,0.57112,0.57024,0.57074,2558
2024-09-17 13:00:00,0.57075,0.57113,0.57044,0.57071,2439
2024-09-17 14:00:00,0.57071,0.5711,0.57028,0.57103,2610
2024-09-17 15:00:00,0.57102,0.57135,0.5706,0.57124,5328
2024-09-17 16:00:00,0.57124,0.57226,0.57089,0.57194,5645
2024-09-17 17:00:00,0.57193,0.57282,0.57165,0.57236,5315
2024-09-17 18:00:00,0.57234,0.57256,0.5718,0.57195,3381
2024-09-17 19:00:00,0.57195,0.57206,0.57091,0.57132,3347
2024-09-17 20:00:00,0.57132,0.57203,0.57098,0.57176,3486
2024-09-17 21:00:00,0.57176,0.57189,0.5714,0.57175,2482
2024-09-17 22:00:00,0.57173,0.57219,0.57168,0.57202,2525
2024-09-17 23:00:00,0.57203,0.57249,0.57201,0.57234,1142
2024-09-18 00:00:00,0.57213,0.57213,0.57126,0.57211,528
2024-09-18 01:00:00,0.57192,0.57247,0.57192,0.57206,734
2024-09-18 02:00:00,0.57207,0.5723,0.57184,0.57214,1162
2024-09-18 03:00:00,0.57214,0.57253,0.57194,0.5723,2051
2024-09-18 04:00:00,0.5723,0.57276,0.5718,0.572,2333
2024-09-18 05:00:00,0.572,0.57231,0.57147,0.57215,1602
2024-09-18 06:00:00,0.57216,0.57217,0.57154,0.57158,1243
2024-09-18 07:00:00,0.57157,0.57174,0.57037,0.57062,1385
2024-09-18 08:00:00,0.57061,0.57145,0.57055,0.57144,1648
2024-09-18 09:00:00,0.5715,0.57216,0.57147,0.57167,2816
2024-09-18 10:00:00,0.57169,0.57263,0.57143,0.5723,3434
2024-09-18 11:00:00,0.57228,0.57249,0.57162,0.57203,3202
2024-09-18 12:00:00,0.57204,0.57209,0.57147,0.57185,2420
2024-09-18 13:00:00,0.57185,0.57217,0.57171,0.57211,2239
2024-09-18 14:00:00,0.57212,0.57297,0.57207,0.57251,2513
2024-09-18 15:00:00,0.5725,0.57254,0.57192,0.5723,3105
2024-09-18 16:00:00,0.57229,0.5727,0.572,0.57214,3713
2024-09-18 17:00:00,0.57217,0.57278,0.57193,0.57244,4593
2024-09-18 18:00:00,0.57242,0.57256,0.57158,0.57164,3236
2024-09-18 19:00:00,0.57164,0.57193,0.57145,0.5718,1900
2024-09-18 20:00:00,0.57179,0.57201,0.57114,0.57157,2592
2024-09-18 21:00:00,0.57149,0.57348,0.57113,0.5722,10384
2024-09-18 22:00:00,0.57217,0.57291,0.57086,0.57142,9440
2024-09-18 23:00:00,0.57142,0.57251,0.57135,0.5723,3307
2024-09-19 00:00:00,0.57069,0.57203,0.57051,0.57183,523
2024-09-19 01:00:00,0.57186,0.5729,0.57162,0.57256,1375
2024-09-19 02:00:00,0.57261,0.57342,0.57218,0.57325,2191
2024-09-19 03:00:00,0.57324,0.57459,0.57282,0.57321,5533
2024-09-19 04:00:00,0.57322,0.57496,0.57279,0.57496,4933
2024-09-19 05:00:00,0.57497,0.57598,0.5749,0.57537,4550
2024-09-19 06:00:00,0.57535,0.5764,0.57519,0.57639,3862
2024-09-19 07:00:00,0.5764,0.5766,0.57591,0.57634,2673
2024-09-19 08:00:00,0.57633,0.57653,0.57569,0.57571,3153
2024-09-19 09:00:00,0.57575,0.57765,0.57567,0.57663,4227
2024-09-19 10:00:00,0.57667,0.57757,0.57635,0.57676,5059
2024-09-19 11:00:00,0.57675,0.57802,0.57665,0.57753,4018
2024-09-19 12:00:00,0.5775,0.57834,0.57746,0.57809,3501
2024-09-19 13:00:00,0.5781,0.57844,0.57784,0.5779,3048
2024-09-19 14:00:00,0.57787,0.5785,0.57751,0.5779,4700
2024-09-19 15:00:00,0.57791,0.57906,0.57779,0.57892,5777
2024-09-19 16:00:00,0.5789,0.57933,0.57694,0.57728,6108
2024-09-19 17:00:00,0.57726,0.57795,0.57623,0.57716,6364
2024-09-19 18:00:00,0.57718,0.5779,0.57633,0.5777,4518
2024-09-19 19:00:00,0.57772,0.57842,0.57767,0.57808,2829
2024-09-19 20:00:00,0.57809,0.57846,0.57785,0.57828,2656
2024-09-19 21:00:00,0.57829,0.57836,0.57709,0.57758,2763
2024-09-19 22:00:00,0.57758,0.57781,0.57663,0.5777,2781
2024-09-19 23:00:00,0.57769,0.57775,0.5769,0.57766,1756
2024-09-20 00:00:00,0.57675,0.57763,0.57558,0.57718,332
2024-09-20 01:00:00,0.57717,0.57744,0.57694,0.57721,769
2024-09-20 02:00:00,0.5772,0.57741,0.57693,0.57725,1270
2024-09-20 03:00:00,0.57725,0.57735,0.57625,0.5763,2818
2024-09-20 04:00:00,0.57631,0.57643,0.57577,0.57624,3427
2024-09-20 05:00:00,0.57624,0.57727,0.57614,0.5772,2429
2024-09-20 06:00:00,0.57721,0.57794,0.57685,0.5772,3136
2024-09-20 07:00:00,0.5772,0.57757,0.57678,0.57688,1703
2024-09-20 08:00:00,0.5769,0.57704,0.57644,0.57689,2158
2024-09-20 09:00:00,0.57687,0.57755,0.57668,0.57695,4665
2024-09-20 10:00:00,0.57699,0.57789,0.57687,0.57769,4785
2024-09-20 11:00:00,0.57767,0.57779,0.57689,0.57695,4167
2024-09-20 12:00:00,0.57692,0.57794,0.57692,0.57756,2985
2024-09-20 13:00:00,0.57756,0.57849,0.5773,0.57834,2683
2024-09-20 14:00:00,0.57836,0.57877,0.57799,0.57873,2629
2024-09-20 15:00:00,0.57871,0.57903,0.57805,0.57821,3933
2024-09-20 16:00:00,0.5782,0.57826,0.5766,0.57691,4948
2024-09-20 17:00:00,0.5769,0.57806,0.57653,0.57762,5339
2024-09-20 18:00:00,0.57764,0.57868,0.57724,0.57817,5637
2024-09-20 19:00:00,0.57817,0.57896,0.57772,0.57892,4171
2024-09-20 20:00:00,0.57891,0.57981,0.57879,0.57942,3080
2024-09-20 21:00:00,0.57942,0.57942,0.57877,0.57916,2842
2024-09-20 22:00:00,0.57916,0.57943,0.57889,0.57899,2611
2024-09-20 23:00:00,0.57901,0.57913,0.57862,0.57868,1599
2024-09-23 00:00:00,0.57675,0.57829,0.57654,0.57792,398
2024-09-23 01:00:00,0.57822,0.57917,0.57812,0.57901,1051
2024-09-23 02:00:00,0.57902,0.57955,0.57863,0.57952,1128
2024-09-23 03:00:00,0.57952,0.58,0.57915,0.57982,2040
2024-09-23 04:00:00,0.57984,0.58056,0.57976,0.58018,2352
2024-09-23 05:00:00,0.58018,0.58057,0.57973,0.58051,1938
2024-09-23 06:00:00,0.58052,0.58132,0.5804,0.58069,1217
2024-09-23 07:00:00,0.58071,0.58159,0.58069,0.58147,1115
2024-09-23 08:00:00,0.58144,0.58161,0.58067,0.58074,1436
2024-09-23 09:00:00,0.58081,0.58099,0.58007,0.58022,2783
2024-09-23 10:00:00,0.58022,0.58023,0.57841,0.57956,5615
2024-09-23 11:00:00,0.57954,0.58003,0.57881,0.57968,4209
2024-09-23 12:00:00,0.57972,0.58046,0.5795,0.57964,2693
2024-09-23 13:00:00,0.57965,0.57992,0.5795,0.57979,2535
2024-09-23 14:00:00,0.57979,0.58082,0.57933,0.58056,3050
2024-09-23 15:00:00,0.58054,0.58121,0.58027,0.58107,3869
2024-09-23 16:00:00,0.58107,0.58172,0.58062,0.5814,5293
2024-09-23 17:00:00,0.58139,0.5818,0.58014,0.58068,5899
2024-09-23 18:00:00,0.58069,0.58114,0.58013,0.58024,4252
2024-09-23 19:00:00,0.58024,0.58024,0.57864,0.57889,3610
2024-09-23 20:00:00,0.57888,0.5796,0.57862,0.5795,2446
2024-09-23 21:00:00,0.57949,0.57987,0.5794,0.5796,1948
2024-09-23 22:00:00,0.5796,0.57976,0.57942,0.57951,1892
2024-09-23 23:00:00,0.5795,0.57953,0.57918,0.57937,834
2024-09-24 00:00:00,0.5785,0.57927,0.57807,0.57901,379
2024-09-24 01:00:00,0.57901,0.57946,0.57897,0.57906,722
2024-09-24 02:00:00,0.57906,0.57928,0.5787,0.57895,1023
2024-09-24 03:00:00,0.57893,0.57896,0.5781,0.57832,2996
2024-09-24 04:00:00,0.57833,0.58023,0.57833,0.57957,3853
2024-09-24 05:00:00,0.57957,0.57959,0.57883,0.57949,2312
2024-09-24 06:00:00,0.57947,0.5803,0.57947,0.57993,2168
2024-09-24 07:00:00,0.57993,0.58161,0.57975,0.58123,2448
2024-09-24 08:00:00,0.58124,0.58198,0.57934,0.57942,3327
2024-09-24 09:00:00,0.57944,0.57999,0.57812,0.57972,4668
2024-09-24 10:00:00,0.57971,0.57979,0.57822,0.57862,4245
2024-09-24 11:00:00,0.57862,0.58002,0.57844,0.57954,3573
2024-09-24 12:00:00,0.57953,0.58072,0.57927,0.58053,2911
2024-09-24 13:00:00,0.58054,0.58085,0.58048,0.58052,2685
2024-09-24 14:00:00,0.58053,0.58104,0.58001,0.58103,3097
2024-09-24 15:00:00,0.58105,0.58166,0.58088,0.58088,4243
2024-09-24 16:00:00,0.58088,0.58288,0.58079,0.58234,4541
2024-09-24 17:00:00,0.58232,0.58235,0.58043,0.58083,6192
2024-09-24 18:00:00,0.58082,0.58171,0.58041,0.58131,3845
2024-09-24 19:00:00,0.58133,0.58184,0.5813,0.58148,2836
2024-09-24 20:00:00,0.58149,0.5817,0.58104,0.58115,2072
2024-09-24 21:00:00,0.58114,0.58158,0.581,0.58112,1889
2024-09-24 22:00:00,0.58111,0.5813,0.58077,0.58103,2059
2024-09-24 23:00:00,0.58105,0.5813,0.58092,0.58112,1327
2024-09-25 00:00:00,0.58058,0.58133,0.57999,0.58108,570
2024-09-25 01:00:00,0.58103,0.58131,0.58098,0.58108,1036
2024-09-25 02:00:00,0.58109,0.58171,0.58089,0.58113,1788
2024-09-25 03:00:00,0.58115,0.58151,0.58032,0.58052,3250
2024-09-25 04:00:00,0.5805,0.58081,0.57957,0.5804,4048
2024-09-25 05:00:00,0.58039,0.58098,0.57979,0.57986,2738
2024-09-25 06:00:00,0.57985,0.58054,0.57936,0.58005,2306
2024-09-25 07:00:00,0.58008,0.58021,0.57935,0.58012,1563
2024-09-25 08:00:00,0.58012,0.58073,0.57875,0.57912,2594
2024-09-25 09:00:00,0.5791,0.57982,0.57858,0.57979,3194
2024-09-25 10:00:00,0.57978,0.58116,0.57949,0.58102,3810
2024-09-25 11:00:00,0.58103,0.58293,0.581,0.58283,3588
2024-09-25 12:00:00,0.58283,0.58344,0.58236,0.58344,3071
2024-09-25 13:00:00,0.58344,0.5841,0.58313,0.58408,2724
2024-09-25 14:00:00,0.58406,0.5845,0.58314,0.58347,2841
2024-09-25 15:00:00,0.58347,0.58365,0.58173,0.58253,4255
2024-09-25 16:00:00,0.58254,0.58297,0.58224,0.58244,5042
2024-09-25 17:00:00,0.58245,0.58349,0.58211,0.58259,5260
2024-09-25 18:00:00,0.5826,0.58273,0.5805,0.58069,4594
2024-09-25 19:00:00,0.5807,0.58082,0.58004,0.58022,2946
2024-09-25 20:00:00,0.5802,0.58033,0.57947,0.58028,2768
2024-09-25 21:00:00,0.58028,0.58055,0.57988,0.58001,2379
2024-09-25 22:00:00,0.58001,0.58029,0.57969,0.57982,2313
2024-09-25 23:00:00,0.57979,0.58044,0.57977,0.58023,1281
2024-09-26 00:00:00,0.57993,0.58032,0.57758,0.58032,259
2024-09-26 01:00:00,0.58032,0.58037,0.58001,0.58011,1726
2024-09-26 02:00:00,0.58012,0.58036,0.57975,0.58006,1389
2024-09-26 03:00:00,0.58006,0.58087,0.58006,0.58075,2688
2024-09-26 04:00:00,0.58075,0.5821,0.58058,0.58181,3222
2024-09-26 05:00:00,0.58182,0.58217,0.58153,0.58158,2591
2024-09-26 06:00:00,0.58158,0.58198,0.58144,0.58194,1787
2024-09-26 07:00:00,0.58194,0.58194,0.58149,0.58158,1510
2024-09-26 08:00:00,0.58157,0.58333,0.58141,0.58332,2933
2024-09-26 09:00:00,0.58341,0.58428,0.58296,0.58395,3425
2024-09-26 10:00:00,0.58398,0.58464,0.5802,0.58187,5545
2024-09-26 11:00:00,0.58188,0.58407,0.58188,0.58291,4329
2024-09-26 12:00:00,0.5829,0.58324,0.58208,0.58262,3547
2024-09-26 13:00:00,0.58262,0.58385,0.5819,0.58376,3460
2024-09-26 14:00:00,0.58376,0.58376,0.58277,0.58288,3587
2024-09-26 15:00:00,0.58287,0.58447,0.5825,0.58438,5531
2024-09-26 16:00:00,0.5844,0.58487,0.58323,0.58366,6532
2024-09-26 17:00:00,0.58366,0.5845,0.58323,0.58367,6847
2024-09-26 18:00:00,0.58367,0.58419,0.58304,0.58393,4931
2024-09-26 19:00:00,0.58393,0.58409,0.58301,0.58323,3686
2024-09-26 20:00:00,0.58322,0.58335,0.58248,0.58323,3375
2024-09-26 21:00:00,0.58324,0.58361,0.58316,0.58345,2431
2024-09-26 22:00:00,0.58346,0.58367,0.58273,0.58302,2459
2024-09-26 23:00:00,0.58305,0.58347,0.58302,0.58338,2334
2024-09-27 00:00:00,0.58198,0.58299,0.58021,0.58284,965
2024-09-27 01:00:00,0.58273,0.58361,0.58273,0.58359,761
2024-09-27 02:00:00,0.58358,0.58398,0.58319,0.58329,1111
2024-09-27 03:00:00,0.58326,0.58405,0.5827,0.5836,2996
2024-09-27 04:00:00,0.58361,0.58396,0.58255,0.58313,3730
2024-09-27 05:00:00,0.58314,0.58322,0.58198,0.58235,3017
2024-09-27 06:00:00,0.58235,0.58288,0.58202,0.58271,2158
2024-09-27 07:00:00,0.58271,0.58336,0.58266,0.58327,1932
2024-09-27 08:00:00,0.58325,0.58392,0.58275,0.58365,4761
2024-09-27 09:00:00,0.58363,0.58383,0.58156,0.58291,6760
2024-09-27 10:00:00,0.58289,0.58319,0.58092,0.58209,5854
2024-09-27 11:00:00,0.58208,0.58295,0.58169,0.58199,4412
2024-09-27 12:00:00,0.58197,0.58229,0.58122,0.58123,3484
2024-09-27 13:00:00,0.58123,0.58172,0.58075,0.58076,3172
2024-09-27 14:00:00,0.58079,0.58232,0.58079,0.58204,2901
2024-09-27 15:00:00,0.58203,0.58309,0.58192,0.58221,5500
2024-09-27 16:00:00,0.58222,0.58292,0.58186,0.58244,5985
2024-09-27 17:00:00,0.58242,0.58436,0.58225,0.58344,5992
2024-09-27 18:00:00,0.58345,0.58355,0.58212,0.58212,4904
2024-09-27 19:00:00,0.58212,0.58261,0.58097,0.58186,3971
2024-09-27 20:00:00,0.58185,0.58214,0.58048,0.58103,3078
2024-09-27 21:00:00,0.58103,0.58119,0.57982,0.58101,2877
2024-09-27 22:00:00,0.581,0.58104,0.58037,0.58046,2568
2024-09-27 23:00:00,0.58047,0.58051,0.57976,0.57981,1653
2024-09-30 00:00:00,0.57973,0.57996,0.57911,0.57989,468
2024-09-30 01:00:00,0.58012,0.58148,0.58005,0.58127,1181
2024-09-30 02:00:00,0.58131,0.58218,0.58109,0.5821,1693
2024-09-30 03:00:00,0.58214,0.58274,0.58176,0.58226,3089
2024-09-30 04:00:00,0.58224,0.58341,0.58179,0.58229,4607
2024-09-30 05:00:00,0.58226,0.58248,0.58128,0.58242,3566
2024-09-30 06:00:00,0.58243,0.58349,0.58226,0.58339,2370
2024-09-30 07:00:00,0.5834,0.58383,0.58297,0.58324,1590
2024-09-30 08:00:00,0.58325,0.58377,0.58283,0.5832,3425
2024-09-30 09:00:00,0.58324,0.58383,0.58248,0.58358,3686
2024-09-30 10:00:00,0.58356,0.58468,0.58323,0.58402,4339
2024-09-30 11:00:00,0.584,0.58437,0.5834,0.5841,4083
2024-09-30 12:00:00,0.5841,0.58443,0.58334,0.58419,3429
2024-09-30 13:00:00,0.58421,0.5846,0.58358,0.58391,2810
2024-09-30 14:00:00,0.58396,0.58408,0.58292,0.58335,3039
2024-09-30 15:00:00,0.58334,0.58452,0.58333,0.58441,3505
2024-09-30 16:00:00,0.58442,0.58561,0.58403,0.58536,4870
2024-09-30 17:00:00,0.58537,0.58644,0.58445,0.58514,6519
2024-09-30 18:00:00,0.58513,0.58594,0.58485,0.58533,4504
2024-09-30 19:00:00,0.58533,0.58608,0.58499,0.58591,3130
2024-09-30 20:00:00,0.5859,0.58591,0.5853,0.58555,2547
2024-09-30 21:00:00,0.58556,0.5859,0.58438,0.58577,6098
2024-09-30 22:00:00,0.58576,0.58585,0.58493,0.58513,3642
2024-09-30 23:00:00,0.58513,0.58513,0.58458,0.58467,1712
2024-10-01 00:00:00,0.58273,0.58478,0.58167,0.58452,547
2024-10-01 01:00:00,0.58455,0.58497,0.58441,0.58444,856
2024-10-01 02:00:00,0.58445,0.58473,0.58395,0.58456,1624
2024-10-01 03:00:00,0.58455,0.58497,0.58424,0.58442,2970
2024-10-01 04:00:00,0.58442,0.58585,0.5844,0.58565,2873
2024-10-01 05:00:00,0.58564,0.58596,0.58512,0.58557,2220
2024-10-01 06:00:00,0.5856,0.58597,0.58516,0.58518,2065
2024-10-01 07:00:00,0.58518,0.58636,0.5851,0.58622,1889
2024-10-01 08:00:00,0.58622,0.58648,0.58552,0.58581,2367
2024-10-01 09:00:00,0.58592,0.58699,0.58578,0.58651,3336
2024-10-01 10:00:00,0.58649,0.58684,0.5843,0.58552,5285
2024-10-01 11:00:00,0.58553,0.58569,0.58451,0.5849,4121
2024-10-01 12:00:00,0.58484,0.58529,0.58449,0.58488,3493
2024-10-01 13:00:00,0.58488,0.58498,0.58395,0.58431,3083
2024-10-01 14:00:00,0.58426,0.58504,0.58406,0.58501,3760
2024-10-01 15:00:00,0.585,0.58624,0.58499,0.58578,4383
2024-10-01 16:00:00,0.58577,0.58579,0.58057,0.58231,6490
2024-10-01 17:00:00,0.58216,0.5836,0.57993,0.58217,8689
2024-10-01 18:00:00,0.58221,0.58255,0.58085,0.58241,5843
2024-10-01 19:00:00,0.58239,0.58264,0.58094,0.58179,5217
2024-10-01 20:00:00,0.58179,0.5836,0.58022,0.58347,5108
2024-10-01 21:00:00,0.58348,0.58477,0.58346,0.58348,3587
2024-10-01 22:00:00,0.58348,0.58398,0.58263,0.5827,2988
2024-10-01 23:00:00,0.58269,0.58281,0.58227,0.58271,2598
2024-10-02 00:00:00,0.5824,0.58259,0.58028,0.58207,453
2024-10-02 01:00:00,0.58216,0.58268,0.58202,0.58229,953
2024-10-02 02:00:00,0.5823,0.58268,0.58204,0.58211,1300
2024-10-02 03:00:00,0.58209,0.58281,0.58191,0.58228,2566
2024-10-02 04:00:00,0.5823,0.58434,0.58224,0.58417,3544
2024-10-02 05:00:00,0.58417,0.58472,0.58404,0.58465,2723
2024-10-02 06:00:00,0.58465,0.58517,0.58443,0.58469,3003
2024-10-02 07:00:00,0.58468,0.58482,0.58203,0.58264,2274
2024-10-02 08:00:00,0.58262,0.58333,0.58109,0.58164,4262
2024-10-02 09:00:00,0.58168,0.58319,0.58154,0.58281,4047
2024-10-02 10:00:00,0.58285,0.58349,0.58282,0.58315,4242
2024-10-02 11:00:00,0.58315,0.5838,0.58268,0.58353,3696
2024-10-02 12:00:00,0.58352,0.58405,0.58333,0.58384,2872
2024-10-02 13:00:00,0.58384,0.58567,0.58356,0.58539,3613
2024-10-02 14:00:00,0.5854,0.58557,0.58473,0.58482,3460
2024-10-02 15:00:00,0.58482,0.58663,0.58466,0.58624,4714
2024-10-02 16:00:00,0.58625,0.58631,0.58448,0.58482,4942
2024-10-02 17:00:00,0.58481,0.58548,0.5844,0.5852,6028
2024-10-02 18:00:00,0.58521,0.5858,0.58488,0.58572,4568
2024-10-02 19:00:00,0.58572,0.58597,0.58486,0.58486,3041
2024-10-02 20:00:00,0.58485,0.58509,0.58421,0.585,2720
2024-10-02 21:00:00,0.58501,0.58524,0.58449,0.58471,2149
2024-10-02 22:00:00,0.5847,0.58505,0.58453,0.58478,1891
2024-10-02 23:00:00,0.58478,0.58513,0.58475,0.58511,1169
2024-10-03 00:00:00,0.58439,0.58476,0.58391,0.58441,587
2024-10-03 01:00:00,0.58435,0.58511,0.58435,0.58494,945
2024-10-03 02:00:00,0.58496,0.58526,0.58481,0.585,1489
2024-10-03 03:00:00,0.58496,0.58523,0.58448,0.58521,2894
2024-10-03 04:00:00,0.58522,0.58551,0.58355,0.58427,4077
2024-10-03 05:00:00,0.58426,0.58448,0.58359,0.58386,2675
2024-10-03 06:00:00,0.58386,0.58429,0.58322,0.58331,2068
2024-10-03 07:00:00,0.58332,0.58356,0.58264,0.58277,1703
2024-10-03 08:00:00,0.58273,0.5835,0.5824,0.58298,3544
2024-10-03 09:00:00,0.58306,0.58663,0.58304,0.58628,4338
2024-10-03 10:00:00,0.58626,0.58655,0.58436,0.58471,5156
2024-10-03 11:00:00,0.58471,0.58477,0.58266,0.58271,4195
2024-10-03 12:00:00,0.58268,0.58338,0.58232,0.58293,3571
2024-10-03 13:00:00,0.58293,0.5832,0.58172,0.582,2988
2024-10-03 14:00:00,0.58204,0.5824,0.58112,0.58218,3385
2024-10-03 15:00:00,0.58218,0.58237,0.58114,0.58154,5003
2024-10-03 16:00:00,0.58153,0.58305,0.58153,0.58252,5325
2024-10-03 17:00:00,0.58344,0.58415,0.58232,0.58362,8403
2024-10-03 18:00:00,0.5836,0.58454,0.58313,0.58421,5076
2024-10-03 19:00:00,0.58423,0.58473,0.58368,0.58383,3403
2024-10-03 20:00:00,0.58384,0.58401,0.58316,0.58341,2882
2024-10-03 21:00:00,0.58345,0.5837,0.58318,0.58335,2189
2024-10-03 22:00:00,0.58334,0.58367,0.58328,0.58354,2080
2024-10-03 23:00:00,0.58355,0.58363,0.58318,0.58329,992
2024-10-04 00:00:00,0.58215,0.58305,0.58165,0.58258,895
2024-10-04 01:00:00,0.58266,0.58338,0.58266,0.58316,550
2024-10-04 02:00:00,0.58318,0.58349,0.58307,0.5834,902
2024-10-04 03:00:00,0.58342,0.58359,0.58301,0.58339,2539
2024-10-04 04:00:00,0.5834,0.58354,0.58291,0.58315,3562
2024-10-04 05:00:00,0.58314,0.58357,0.58291,0.58298,2868
2024-10-04 06:00:00,0.583,0.58321,0.58273,0.58301,2057
2024-10-04 07:00:00,0.58298,0.58308,0.5821,0.5822,1609
2024-10-04 08:00:00,0.58219,0.5827,0.58179,0.58239,2149
2024-10-04 09:00:00,0.58243,0.58249,0.58166,0.58183,2873
2024-10-04 10:00:00,0.58181,0.58318,0.58162,0.583,3454
2024-10-04 11:00:00,0.583,0.58334,0.58238,0.58248,2730
2024-10-04 12:00:00,0.5826,0.5832,0.58249,0.5832,2595
2024-10-04 13:00:00,0.5832,0.58346,0.58245,0.58254,1892
2024-10-04 14:00:00,0.58254,0.58272,0.58219,0.58241,2077
2024-10-04 15:00:00,0.58241,0.58469,0.58195,0.58405,6493
2024-10-04 16:00:00,0.58409,0.5848,0.58328,0.58339,6826
2024-10-04 17:00:00,0.58338,0.58483,0.58336,0.58389,6515
2024-10-04 18:00:00,0.5839,0.58439,0.58324,0.58365,4984
2024-10-04 19:00:00,0.58366,0.58408,0.5832,0.58393,3453
2024-10-04 20:00:00,0.58392,0.58405,0.58322,0.58351,2668
2024-10-04 21:00:00,0.58353,0.58376,0.58321,0.58363,1886
2024-10-04 22:00:00,0.58363,0.58408,0.58358,0.58368,1872
2024-10-04 23:00:00,0.58368,0.58369,0.58277,0.5828,1225
2024-10-07 00:00:00,0.58161,0.58356,0.58139,0.5835,546
2024-10-07 01:00:00,0.58382,0.58487,0.58349,0.58445,1847
2024-10-07 02:00:00,0.58446,0.58473,0.58369,0.58369,1784
2024-10-07 03:00:00,0.58361,0.58412,0.58334,0.58365,3244
2024-10-07 04:00:00,0.58366,0.58405,0.58303,0.58336,4686
2024-10-07 05:00:00,0.58335,0.58383,0.58313,0.58374,3552
2024-10-07 06:00:00,0.58375,0.58408,0.58342,0.58381,2408
2024-10-07 07:00:00,0.5838,0.58403,0.58352,0.58367,1283
2024-10-07 08:00:00,0.58366,0.58378,0.583,0.58309,2084
2024-10-07 09:00:00,0.58319,0.58397,0.5831,0.5838,3545
2024-10-07 10:00:00,0.58382,0.58412,0.58226,0.58256,4694
2024-10-07 11:00:00,0.58256,0.58275,0.5821,0.58221,3539
2024-10-07 12:00:00,0.5822,0.58228,0.58157,0.58188,3158
2024-10-07 13:00:00,0.58189,0.58219,0.58148,0.58157,2712
2024-10-07 14:00:00,0.5816,0.58167,0.58065,0.58095,3273
2024-10-07 15:00:00,0.58093,0.58106,0.5796,0.57985,4228
2024-10-07 16:00:00,0.57985,0.5801,0.57869,0.57874,5416
2024-10-07 17:00:00,0.57872,0.57987,0.57825,0.57895,5533
2024-10-07 18:00:00,0.57897,0.57898,0.578,0.57821,4032
2024-10-07 19:00:00,0.57819,0.57821,0.57722,0.57733,2731
2024-10-07 20:00:00,0.57734,0.57783,0.57726,0.57754,2301
2024-10-07 21:00:00,0.57752,0.57759,0.5759,0.57592,2676
2024-10-07 22:00:00,0.57593,0.57709,0.57589,0.57695,2698
2024-10-07 23:00:00,0.57699,0.57752,0.57689,0.57733,1026
2024-10-08 00:00:00,0.5762,0.57746,0.5754,0.57746,973
2024-10-08 01:00:00,0.57744,0.57756,0.57589,0.57601,1373
2024-10-08 02:00:00,0.57601,0.57737,0.57601,0.57724,1887
2024-10-08 03:00:00,0.57724,0.57827,0.57721,0.57793,3076
2024-10-08 04:00:00,0.57791,0.57809,0.57646,0.57713,4598
2024-10-08 05:00:00,0.57711,0.57719,0.57305,0.57466,6894
2024-10-08 06:00:00,0.57467,0.57559,0.57452,0.57484,4542
2024-10-08 07:00:00,0.57482,0.57546,0.57442,0.57534,1678
2024-10-08 08:00:00,0.57534,0.5758,0.57382,0.57416,4326
2024-10-08 09:00:00,0.57413,0.57459,0.5738,0.57436,3878
2024-10-08 10:00:00,0.57436,0.57528,0.57354,0.57506,4557
2024-10-08 11:00:00,0.57508,0.57531,0.57449,0.57508,3685
2024-10-08 12:00:00,0.57507,0.57554,0.57469,0.57526,3237
2024-10-08 13:00:00,0.57526,0.57696,0.57523,0.57649,2861
2024-10-08 14:00:00,0.5765,0.57741,0.57603,0.57739,2787
2024-10-08 15:00:00,0.57738,0.57793,0.57685,0.57699,3784
2024-10-08 16:00:00,0.577,0.57756,0.57592,0.57663,4906
2024-10-08 17:00:00,0.57663,0.57731,0.57628,0.57711,4681
2024-10-08 18:00:00,0.57712,0.5781,0.57656,0.57776,4002
2024-10-08 19:00:00,0.57778,0.57798,0.57737,0.57768,2601
2024-10-08 20:00:00,0.57768,0.57803,0.5771,0.57801,2604
2024-10-08 21:00:00,0.57803,0.57848,0.57781,0.57837,2379
2024-10-08 22:00:00,0.57837,0.57899,0.57814,0.57886,2108
2024-10-08 23:00:00,0.57885,0.57886,0.57825,0.5784,1147
2024-10-09 00:00:00,0.57687,0.57846,0.57623,0.57825,948
2024-10-09 01:00:00,0.57822,0.57826,0.57806,0.57813,787
2024-10-09 02:00:00,0.57815,0.57824,0.57772,0.57775,1168
2024-10-09 03:00:00,0.57776,0.57808,0.57733,0.57792,2122
2024-10-09 04:00:00,0.57794,0.57871,0.57752,0.57802,5408
2024-10-09 05:00:00,0.57801,0.57807,0.57711,0.57733,4650
2024-10-09 06:00:00,0.57732,0.57765,0.57681,0.57723,4148
2024-10-09 07:00:00,0.57723,0.57777,0.57683,0.57738,1959
2024-10-09 08:00:00,0.57738,0.58005,0.57733,0.5786,6392
2024-10-09 09:00:00,0.57849,0.57889,0.57728,0.57733,3588
2024-10-09 10:00:00,0.57734,0.57756,0.57634,0.5769,4061
2024-10-09 11:00:00,0.57689,0.57709,0.57639,0.57708,2914
2024-10-09 12:00:00,0.57708,0.57752,0.57705,0.57722,2948
2024-10-09 13:00:00,0.57721,0.57745,0.57693,0.57715,2357
2024-10-09 14:00:00,0.57716,0.57735,0.57687,0.57726,2356
2024-10-09 15:00:00,0.57726,0.57764,0.57659,0.57688,3156
2024-10-09 16:00:00,0.57687,0.57711,0.57603,0.57705,3945
2024-10-09 17:00:00,0.57705,0.57721,0.57649,0.57671,4015
2024-10-09 18:00:00,0.57672,0.57832,0.57672,0.57794,3608
2024-10-09 19:00:00,0.57793,0.57809,0.57748,0.57756,2440
2024-10-09 20:00:00,0.57756,0.57795,0.57721,0.57774,1959
2024-10-09 21:00:00,0.57769,0.57807,0.57748,0.57777,2426
2024-10-09 22:00:00,0.57777,0.57794,0.57757,0.57778,2100
2024-10-09 23:00:00,0.57779,0.57841,0.5777,0.57829,1154
2024-10-10 00:00:00,0.57742,0.57792,0.57666,0.57779,374
2024-10-10 01:00:00,0.57779,0.57808,0.57753,0.57771,1101
2024-10-10 02:00:00,0.57771,0.5783,0.5777,0.57788,1137
2024-10-10 03:00:00,0.57786,0.57833,0.57751,0.57792,2240
2024-10-10 04:00:00,0.57791,0.57862,0.57782,0.57822,3709
2024-10-10 05:00:00,0.57821,0.57893,0.57789,0.57866,4294
2024-10-10 06:00:00,0.57863,0.57926,0.57855,0.57926,2754
2024-10-10 07:00:00,0.57928,0.58013,0.57904,0.57997,1884
2024-10-10 08:00:00,0.57996,0.58035,0.57892,0.57905,2954
2024-10-10 09:00:00,0.57905,0.57909,0.57811,0.57831,2980
2024-10-10 10:00:00,0.5783,0.57871,0.57811,0.57861,3001
2024-10-10 11:00:00,0.57862,0.57909,0.57846,0.57846,2680
2024-10-10 12:00:00,0.57848,0.57848,0.5779,0.57812,1958
2024-10-10 13:00:00,0.57813,0.57828,0.57717,0.5772,1944
2024-10-10 14:00:00,0.57719,0.57767,0.57703,0.57718,2685
2024-10-10 15:00:00,0.57717,0.57765,0.57578,0.57731,6748
2024-10-10 16:00:00,0.57727,0.57762,0.57569,0.57656,6604
2024-10-10 17:00:00,0.57657,0.57694,0.57608,0.57671,6143
2024-10-10 18:00:00,0.57672,0.57722,0.57598,0.57713,4197
2024-10-10 19:00:00,0.57714,0.57747,0.57624,0.5763,3702
2024-10-10 20:00:00,0.57631,0.57677,0.57536,0.57675,3738
2024-10-10 21:00:00,0.57676,0.57686,0.5764,0.57674,2570
2024-10-10 22:00:00,0.57674,0.57711,0.57644,0.57705,2050
2024-10-10 23:00:00,0.57706,0.57735,0.57689,0.57712,1146
2024-10-11 00:00:00,0.57543,0.57709,0.57543,0.57684,820
2024-10-11 01:00:00,0.57682,0.57745,0.57682,0.57729,1223
2024-10-11 02:00:00,0.57728,0.57764,0.57718,0.57739,1116
2024-10-11 03:00:00,0.57739,0.5778,0.57717,0.57729,2354
2024-10-11 04:00:00,0.57731,0.57795,0.57722,0.57789,2224
2024-10-11 05:00:00,0.57788,0.57833,0.57767,0.57793,1871
2024-10-11 06:00:00,0.57794,0.57825,0.57771,0.57815,1578
2024-10-11 07:00:00,0.57814,0.5783,0.57785,0.57787,1194
2024-10-11 08:00:00,0.57786,0.57796,0.57735,0.57747,1182
2024-10-11 09:00:00,0.57741,0.5776,0.57673,0.57702,2464
2024-10-11 10:00:00,0.57703,0.57764,0.57697,0.57753,3163
2024-10-11 11:00:00,0.57754,0.57782,0.57677,0.57684,2765
2024-10-11 12:00:00,0.57684,0.57756,0.57682,0.57746,2331
2024-10-11 13:00:00,0.57747,0.5779,0.57729,0.57786,2190
2024-10-11 14:00:00,0.57787,0.57799,0.57667,0.57707,2394
2024-10-11 15:00:00,0.57708,0.57823,0.57706,0.57732,4657
2024-10-11 16:00:00,0.57734,0.57849,0.57712,0.57816,4105
2024-10-11 17:00:00,0.57812,0.5789,0.57806,0.57823,5136
2024-10-11 18:00:00,0.57822,0.57925,0.57818,0.57916,3153
2024-10-11 19:00:00,0.57917,0.57923,0.57861,0.57863,1998
2024-10-11 20:00:00,0.57862,0.57914,0.57854,0.57881,1543
2024-10-11 21:00:00,0.57883,0.57911,0.57878,0.57895,1262
2024-10-11 22:00:00,0.57895,0.57913,0.57882,0.57889,1141
2024-10-11 23:00:00,0.57892,0.57911,0.57856,0.57862,882
2024-10-14 00:00:00,0.57616,0.57784,0.57585,0.57734,929
2024-10-14 01:00:00,0.57738,0.57799,0.57724,0.5778,1508
2024-10-14 02:00:00,0.57784,0.57827,0.57698,0.5776,1794
2024-10-14 03:00:00,0.5776,0.57856,0.57749,0.57794,2276
2024-10-14 04:00:00,0.57791,0.57833,0.57708,0.57795,4020
2024-10-14 05:00:00,0.57793,0.57793,0.57711,0.57781,3795
2024-10-14 06:00:00,0.57781,0.57889,0.57762,0.57844,2281
2024-10-14 07:00:00,0.57847,0.57861,0.57814,0.57817,726
2024-10-14 08:00:00,0.57817,0.57856,0.57807,0.57831,2099
2024-10-14 09:00:00,0.57832,0.57874,0.57805,0.5781,2250
2024-10-14 10:00:00,0.57809,0.57904,0.57809,0.5784,2944
2024-10-14 11:00:00,0.5784,0.57886,0.57811,0.57843,2638
2024-10-14 12:00:00,0.57845,0.57874,0.57811,0.57813,1995
2024-10-14 13:00:00,0.57814,0.57846,0.5778,0.57828,1980
2024-10-14 14:00:00,0.57826,0.57953,0.57811,0.57879,2552
2024-10-14 15:00:00,0.5788,0.57945,0.57849,0.5787,2851
2024-10-14 16:00:00,0.57869,0.58112,0.57849,0.58089,4024
2024-10-14 17:00:00,0.58087,0.58138,0.5802,0.58047,4314
2024-10-14 18:00:00,0.58048,0.58071,0.58001,0.58059,2727
2024-10-14 19:00:00,0.58059,0.58069,0.58018,0.58049,1759
2024-10-14 20:00:00,0.5805,0.58053,0.57987,0.58013,1205
2024-10-14 21:00:00,0.58013,0.58044,0.58,0.58015,1219
2024-10-14 22:00:00,0.58017,0.58017,0.57977,0.57981,2356
2024-10-14 23:00:00,0.57983,0.58025,0.57974,0.58021,916
2024-10-15 00:00:00,0.57895,0.58008,0.57802,0.58005,508
2024-10-15 01:00:00,0.58005,0.58016,0.57975,0.58004,673
2024-10-15 02:00:00,0.58001,0.58022,0.57969,0.57994,1078
2024-10-15 03:00:00,0.57994,0.57999,0.5792,0.57967,2351
2024-10-15 04:00:00,0.57964,0.57996,0.57936,0.57968,2434
2024-10-15 05:00:00,0.57968,0.5804,0.57959,0.58017,3104
2024-10-15 06:00:00,0.58017,0.58057,0.57963,0.57987,2261
2024-10-15 07:00:00,0.57988,0.5799,0.57943,0.57969,1658
2024-10-15 08:00:00,0.57967,0.57967,0.5786,0.5789,2723
2024-10-15 09:00:00,0.57893,0.57926,0.57841,0.57918,3526
2024-10-15 10:00:00,0.57914,0.57918,0.57797,0.57838,3604
2024-10-15 11:00:00,0.57837,0.57878,0.5778,0.57846,3027
2024-10-15 12:00:00,0.57846,0.57874,0.57786,0.57796,2825
2024-10-15 13:00:00,0.57797,0.57836,0.57769,0.57816,2779
2024-10-15 14:00:00,0.57819,0.57921,0.57804,0.57905,2769
2024-10-15 15:00:00,0.57903,0.5792,0.57825,0.57864,3764
2024-10-15 16:00:00,0.57864,0.5793,0.57851,0.57866,4069
2024-10-15 17:00:00,0.57867,0.57926,0.57691,0.57898,5293
2024-10-15 18:00:00,0.57898,0.57909,0.57776,0.57828,3716
2024-10-15 19:00:00,0.57831,0.57905,0.57796,0.57878,2448
2024-10-15 20:00:00,0.57878,0.57898,0.57823,0.57825,2321
2024-10-15 21:00:00,0.5783,0.57854,0.57802,0.57813,2082
2024-10-15 22:00:00,0.57813,0.57817,0.5778,0.57785,2202
2024-10-15 23:00:00,0.57785,0.57798,0.57752,0.57796,1036
2024-10-16 00:00:00,0.57669,0.57786,0.57669,0.57754,781
2024-10-16 01:00:00,0.57747,0.57766,0.57705,0.57762,776
2024-10-16 02:00:00,0.57759,0.57771,0.5756,0.57596,1310
2024-10-16 03:00:00,0.57594,0.57642,0.57506,0.57614,2996
2024-10-16 04:00:00,0.57617,0.57672,0.57552,0.57664,3869
2024-10-16 05:00:00,0.57665,0.57705,0.57635,0.57658,3184
2024-10-16 06:00:00,0.57656,0.57742,0.57656,0.57687,2410
2024-10-16 07:00:00,0.57688,0.57719,0.57668,0.57697,1430
2024-10-16 08:00:00,0.57698,0.57777,0.57667,0.57753,1981
2024-10-16 09:00:00,0.57744,0.57763,0.5763,0.57716,3923
2024-10-16 10:00:00,0.57714,0.57719,0.57623,0.57709,3436
2024-10-16 11:00:00,0.57709,0.5772,0.57643,0.57674,2701
2024-10-16 12:00:00,0.57676,0.57677,0.57627,0.57639,2439
2024-10-16 13:00:00,0.57639,0.57659,0.57595,0.57605,2055
2024-10-16 14:00:00,0.57605,0.57658,0.57601,0.57636,2201
2024-10-16 15:00:00,0.57637,0.57688,0.57599,0.57607,3152
2024-10-16 16:00:00,0.57606,0.57615,0.57556,0.57563,3718
2024-10-16 17:00:00,0.57565,0.57722,0.57539,0.57619,4446
2024-10-16 18:00:00,0.57618,0.57624,0.57558,0.57566,3188
2024-10-16 19:00:00,0.57567,0.57641,0.57551,0.5764,1866
2024-10-16 20:00:00,0.5764,0.57654,0.57617,0.57652,1688
2024-10-16 21:00:00,0.57653,0.57675,0.57638,0.5767,1461
2024-10-16 22:00:00,0.57669,0.57695,0.57653,0.57682,1534
2024-10-16 23:00:00,0.57682,0.577,0.57669,0.57695,884
2024-10-17 00:00:00,0.57552,0.57685,0.57513,0.5763,608
2024-10-17 01:00:00,0.57637,0.57685,0.57631,0.57659,1056
2024-10-17 02:00:00,0.57659,0.57681,0.57642,0.57673,1012
2024-10-17 03:00:00,0.57668,0.57952,0.57664,0.57935,3072
2024-10-17 04:00:00,0.57934,0.58028,0.5793,0.58016,3654
2024-10-17 05:00:00,0.58017,0.58071,0.57881,0.57965,3802
2024-10-17 06:00:00,0.57966,0.57976,0.57863,0.57906,2650
2024-10-17 07:00:00,0.57906,0.57957,0.57883,0.57942,1314
2024-10-17 08:00:00,0.57941,0.57998,0.57932,0.57932,2471
2024-10-17 09:00:00,0.57935,0.57978,0.57892,0.57909,3188
2024-10-17 10:00:00,0.57911,0.57916,0.57749,0.57776,3143
2024-10-17 11:00:00,0.57774,0.57815,0.57757,0.57772,2472
2024-10-17 12:00:00,0.57772,0.57847,0.5777,0.57834,2244
2024-10-17 13:00:00,0.57833,0.57893,0.57812,0.57833,2420
2024-10-17 14:00:00,0.57831,0.57854,0.57795,0.57801,2260
2024-10-17 15:00:00,0.57801,0.57885,0.57692,0.57839,5227
2024-10-17 16:00:00,0.57837,0.57937,0.57812,0.57833,5902
2024-10-17 17:00:00,0.57833,0.57974,0.57798,0.57946,5268
2024-10-17 18:00:00,0.57946,0.58007,0.5792,0.57989,4161
2024-10-17 19:00:00,0.57991,0.58011,0.57943,0.58004,2385
2024-10-17 20:00:00,0.58005,0.58035,0.57968,0.58024,1597
2024-10-17 21:00:00,0.58025,0.58033,0.57975,0.58025,1808
2024-10-17 22:00:00,0.58026,0.58034,0.57985,0.57996,1571
2024-10-17 23:00:00,0.57996,0.58006,0.57972,0.57988,793
2024-10-18 00:00:00,0.57911,0.57988,0.57863,0.57984,377
2024-10-18 01:00:00,0.5799,0.58015,0.57982,0.57997,706
2024-10-18 02:00:00,0.57999,0.58027,0.57987,0.58016,845
2024-10-18 03:00:00,0.58016,0.58061,0.57968,0.58021,2580
2024-10-18 04:00:00,0.5802,0.58083,0.5802,0.5805,3131
2024-10-18 05:00:00,0.58055,0.58163,0.58026,0.58098,3433
2024-10-18 06:00:00,0.58095,0.58112,0.58011,0.58038,2291
2024-10-18 07:00:00,0.58039,0.58057,0.5801,0.58023,1299
2024-10-18 08:00:00,0.58022,0.58071,0.57979,0.58064,2770
2024-10-18 09:00:00,0.58065,0.5814,0.58038,0.5809,3671
2024-10-18 10:00:00,0.58092,0.58221,0.58078,0.58182,2627
2024-10-18 11:00:00,0.58183,0.58197,0.58131,0.5814,2154
2024-10-18 12:00:00,0.58139,0.58168,0.5812,0.58129,2052
2024-10-18 13:00:00,0.58129,0.58143,0.5809,0.58141,2118
2024-10-18 14:00:00,0.58141,0.58153,0.58115,0.58147,2155
2024-10-18 15:00:00,0.58147,0.58176,0.58058,0.58087,3124
2024-10-18 16:00:00,0.58086,0.58149,0.58073,0.58078,3339
2024-10-18 17:00:00,0.58076,0.58093,0.58005,0.58019,3524
2024-10-18 18:00:00,0.5802,0.58056,0.57995,0.58006,2568
2024-10-18 19:00:00,0.58005,0.5805,0.57994,0.58034,1885
2024-10-18 20:00:00,0.58035,0.58063,0.57995,0.58018,1555
2024-10-18 21:00:00,0.58016,0.58032,0.57987,0.58007,1684
2024-10-18 22:00:00,0.58006,0.58013,0.57986,0.57989,1838
2024-10-18 23:00:00,0.57987,0.57996,0.57953,0.57987,1371
2024-10-21 00:00:00,0.57891,0.57955,0.57887,0.5794,702
2024-10-21 01:00:00,0.57952,0.58082,0.57952,0.58081,982
2024-10-21 02:00:00,0.5808,0.58082,0.58018,0.58069,1245
2024-10-21 03:00:00,0.58073,0.58096,0.58009,0.58038,2425
2024-10-21 04:00:00,0.5804,0.58143,0.58036,0.58066,3839
2024-10-21 05:00:00,0.58065,0.58108,0.58046,0.58062,3061
2024-10-21 06:00:00,0.58062,0.58085,0.58046,0.58069,1997
2024-10-21 07:00:00,0.58069,0.58081,0.57975,0.57984,1612
2024-10-21 08:00:00,0.57982,0.57992,0.57909,0.57946,2587
2024-10-21 09:00:00,0.57946,0.57952,0.5784,0.57864,2760
2024-10-21 10:00:00,0.57863,0.57917,0.57835,0.57855,2856
2024-10-21 11:00:00,0.57854,0.57907,0.57846,0.5787,2268
2024-10-21 12:00:00,0.57868,0.57876,0.57797,0.57815,2205
2024-10-21 13:00:00,0.57815,0.57826,0.57741,0.57741,1992
2024-10-21 14:00:00,0.57742,0.57797,0.57731,0.57768,1984
2024-10-21 15:00:00,0.57769,0.5785,0.57762,0.57796,2819
2024-10-21 16:00:00,0.57796,0.57825,0.57771,0.57809,3373
2024-10-21 17:00:00,0.57809,0.57829,0.57703,0.5771,3518
2024-10-21 18:00:00,0.5771,0.5772,0.57599,0.5765,3375
2024-10-21 19:00:00,0.57647,0.5765,0.57608,0.57635,2069
2024-10-21 20:00:00,0.57635,0.57676,0.57633,0.57667,1690
2024-10-21 21:00:00,0.57668,0.57674,0.57623,0.57631,1629
2024-10-21 22:00:00,0.5763,0.57677,0.57627,0.57657,1643
2024-10-21 23:00:00,0.57658,0.57677,0.57644,0.57674,897
2024-10-22 00:00:00,0.57564,0.57671,0.57533,0.57643,213
2024-10-22 01:00:00,0.57643,0.57666,0.57573,0.57577,807
2024-10-22 02:00:00,0.57577,0.57618,0.57571,0.5759,811
2024-10-22 03:00:00,0.57589,0.57623,0.57558,0.57582,2347
2024-10-22 04:00:00,0.57583,0.5766,0.57549,0.57641,4165
2024-10-22 05:00:00,0.57641,0.57705,0.57636,0.57682,3185
2024-10-22 06:00:00,0.57681,0.57832,0.57676,0.57817,2678
2024-10-22 07:00:00,0.57819,0.5787,0.57796,0.57847,1605
2024-10-22 08:00:00,0.57844,0.57896,0.57813,0.57818,2260
2024-10-22 09:00:00,0.57825,0.57891,0.57782,0.57835,2709
2024-10-22 10:00:00,0.57836,0.57846,0.57785,0.57799,2820
2024-10-22 11:00:00,0.57797,0.57833,0.57785,0.57794,2352
2024-10-22 12:00:00,0.57794,0.57861,0.57778,0.57848,2542
2024-10-22 13:00:00,0.57848,0.5789,0.57842,0.57859,2467
2024-10-22 14:00:00,0.57859,0.57896,0.57836,0.57867,2161
2024-10-22 15:00:00,0.57866,0.57896,0.57842,0.57871,2811
2024-10-22 16:00:00,0.57872,0.57924,0.5783,0.57864,4132
2024-10-22 17:00:00,0.57861,0.57881,0.57805,0.57821,4266
2024-10-22 18:00:00,0.5782,0.57823,0.5778,0.57793,2875
2024-10-22 19:00:00,0.57792,0.57846,0.57783,0.57837,2060
2024-10-22 20:00:00,0.57839,0.57923,0.57831,0.57876,1991
2024-10-22 21:00:00,0.57876,0.57879,0.57808,0.57829,1722
2024-10-22 22:00:00,0.57828,0.57864,0.57819,0.57833,1559
2024-10-22 23:00:00,0.57833,0.57835,0.57802,0.57822,1151
2024-10-23 00:00:00,0.57777,0.57837,0.577,0.57815,588
2024-10-23 01:00:00,0.57827,0.57841,0.57797,0.57822,740
2024-10-23 02:00:00,0.57821,0.57843,0.57802,0.5783,721
2024-10-23 03:00:00,0.57828,0.57937,0.57775,0.5781,2655
2024-10-23 04:00:00,0.57805,0.57887,0.57752,0.57877,3844
2024-10-23 05:00:00,0.57877,0.57951,0.57876,0.57926,3249
2024-10-23 06:00:00,0.57926,0.57989,0.57887,0.5789,2265
2024-10-23 07:00:00,0.5789,0.57904,0.57862,0.57879,1901
2024-10-23 08:00:00,0.57878,0.57926,0.57864,0.57887,2671
2024-10-23 09:00:00,0.5789,0.57899,0.57798,0.57821,2832
2024-10-23 10:00:00,0.57825,0.57914,0.5782,0.57825,3143
2024-10-23 11:00:00,0.57824,0.57824,0.57696,0.57699,2684
2024-10-23 12:00:00,0.57697,0.57768,0.57691,0.57725,2228
2024-10-23 13:00:00,0.57725,0.57726,0.57623,0.57635,1888
2024-10-23 14:00:00,0.57634,0.5766,0.57562,0.57592,2366
2024-10-23 15:00:00,0.57591,0.57595,0.57523,0.57543,3452
2024-10-23 16:00:00,0.57541,0.57618,0.5753,0.57587,3456
2024-10-23 17:00:00,0.57592,0.57612,0.57498,0.57523,4297
2024-10-23 18:00:00,0.57521,0.57529,0.57423,0.57456,3037
2024-10-23 19:00:00,0.57456,0.57469,0.57419,0.57455,2421
2024-10-23 20:00:00,0.57453,0.57462,0.57422,0.57427,2605
2024-10-23 21:00:00,0.57425,0.57441,0.57331,0.57433,2698
2024-10-23 22:00:00,0.57433,0.57458,0.5742,0.57457,1791
2024-10-23 23:00:00,0.57457,0.57491,0.57451,0.57471,1069
2024-10-24 00:00:00,0.57382,0.57478,0.57333,0.57477,821
2024-10-24 01:00:00,0.57475,0.57509,0.57463,0.57464,708
2024-10-24 02:00:00,0.57464,0.57505,0.57453,0.57503,957
2024-10-24 03:00:00,0.57502,0.57535,0.57467,0.57529,2769
2024-10-24 04:00:00,0.57527,0.57553,0.57509,0.57528,2989
2024-10-24 05:00:00,0.57526,0.5757,0.57506,0.57553,2652
2024-10-24 06:00:00,0.57555,0.57608,0.57533,0.5756,2030
2024-10-24 07:00:00,0.57561,0.57573,0.57524,0.57544,1730
2024-10-24 08:00:00,0.57544,0.57548,0.57517,0.57539,2094
2024-10-24 09:00:00,0.57537,0.57612,0.57496,0.576,2747
2024-10-24 10:00:00,0.57599,0.57705,0.57598,0.57655,4029
2024-10-24 11:00:00,0.57654,0.57668,0.57588,0.57609,2787
2024-10-24 12:00:00,0.5761,0.57623,0.57576,0.57601,2022
2024-10-24 13:00:00,0.57604,0.57644,0.57586,0.57607,1847
2024-10-24 14:00:00,0.57605,0.57621,0.57577,0.576,2192
2024-10-24 15:00:00,0.57599,0.57623,0.57558,0.576,3931
2024-10-24 16:00:00,0.57601,0.57616,0.57524,0.57563,4214
2024-10-24 17:00:00,0.57563,0.57603,0.57397,0.57454,4550
2024-10-24 18:00:00,0.57455,0.57485,0.57396,0.57452,3030
2024-10-24 19:00:00,0.57452,0.57464,0.57354,0.57429,2584
2024-10-24 20:00:00,0.57429,0.57487,0.57421,0.57429,2257
2024-10-24 21:00:00,0.57428,0.5749,0.57418,0.5749,1975
2024-10-24 22:00:00,0.5749,0.5751,0.57477,0.5749,1964
2024-10-24 23:00:00,0.57492,0.57493,0.57461,0.57479,952
2024-10-25 00:00:00,0.57339,0.57489,0.57326,0.57474,470
2024-10-25 01:00:00,0.57472,0.57479,0.57416,0.57417,556
2024-10-25 02:00:00,0.57419,0.57449,0.57396,0.57447,906
2024-10-25 03:00:00,0.57447,0.57472,0.57398,0.57461,2081
2024-10-25 04:00:00,0.57461,0.57485,0.57416,0.57434,2534
2024-10-25 05:00:00,0.57434,0.57479,0.57416,0.57467,2591
2024-10-25 06:00:00,0.57468,0.57472,0.57331,0.57338,1989
2024-10-25 07:00:00,0.5734,0.57348,0.57281,0.57298,1627
2024-10-25 08:00:00,0.57297,0.57335,0.57275,0.57335,2366
2024-10-25 09:00:00,0.57337,0.57393,0.57326,0.57353,2573
2024-10-25 10:00:00,0.57354,0.57425,0.57333,0.57415,2981
2024-10-25 11:00:00,0.5741,0.57445,0.5739,0.57441,2552
2024-10-25 12:00:00,0.57441,0.5752,0.57434,0.57449,1829
2024-10-25 13:00:00,0.57449,0.57471,0.57444,0.57462,1295
2024-10-25 14:00:00,0.57462,0.5752,0.57455,0.57495,1974
2024-10-25 15:00:00,0.57495,0.57531,0.57452,0.57519,2929
2024-10-25 16:00:00,0.57521,0.57597,0.5747,0.57478,3225
2024-10-25 17:00:00,0.57476,0.57529,0.57441,0.57512,4131
2024-10-25 18:00:00,0.57512,0.57522,0.57349,0.57359,3273
2024-10-25 19:00:00,0.57358,0.57362,0.57273,0.57275,2179
2024-10-25 20:00:00,0.57276,0.5728,0.57163,0.57189,1922
2024-10-25 21:00:00,0.5719,0.57245,0.57147,0.57237,2097
2024-10-25 22:00:00,0.57238,0.57255,0.57199,0.57211,2058
2024-10-25 23:00:00,0.5721,0.57238,0.57197,0.57233,996
2024-10-28 00:00:00,0.5729,0.57377,0.57265,0.57317,776
2024-10-28 01:00:00,0.57335,0.57413,0.57314,0.57352,2168
2024-10-28 02:00:00,0.57353,0.57417,0.57328,0.57341,1800
2024-10-28 03:00:00,0.57341,0.57414,0.57326,0.57348,2785
2024-10-28 04:00:00,0.57346,0.57428,0.57327,0.57391,3364
2024-10-28 05:00:00,0.5739,0.5741,0.5733,0.57344,2468
2024-10-28 06:00:00,0.57344,0.57359,0.57231,0.57248,2133
2024-10-28 07:00:00,0.57249,0.57314,0.5722,0.5731,1903
2024-10-28 08:00:00,0.5731,0.57337,0.57264,0.57272,2179
2024-10-28 09:00:00,0.57274,0.57327,0.57267,0.57293,2306
2024-10-28 10:00:00,0.57294,0.57321,0.57258,0.57264,2475
2024-10-28 11:00:00,0.57264,0.57284,0.57215,0.57276,2763
2024-10-28 12:00:00,0.57277,0.57284,0.5723,0.57247,2301
2024-10-28 13:00:00,0.57246,0.57251,0.57186,0.57227,2400
2024-10-28 14:00:00,0.57225,0.5726,0.57207,0.57227,1955
2024-10-28 15:00:00,0.57227,0.57236,0.57135,0.57235,2799
2024-10-28 16:00:00,0.57233,0.57244,0.5715,0.5716,2923
2024-10-28 17:00:00,0.57159,0.57171,0.57098,0.57113,2873
2024-10-28 18:00:00,0.57112,0.57121,0.57011,0.57025,3378
2024-10-28 19:00:00,0.57024,0.57062,0.56971,0.56979,2317
2024-10-28 20:00:00,0.5698,0.57,0.56938,0.56955,1800
2024-10-28 21:00:00,0.56954,0.56974,0.56937,0.56937,1610
2024-10-28 22:00:00,0.56936,0.56962,0.56926,0.56934,1615
2024-10-28 23:00:00,0.56934,0.56964,0.56921,0.5696,1057
2024-10-29 00:00:00,0.56912,0.56968,0.56875,0.56942,438
2024-10-29 01:00:00,0.56944,0.56966,0.56924,0.56936,836
2024-10-29 02:00:00,0.56935,0.56945,0.56915,0.56923,834
2024-10-29 03:00:00,0.56923,0.56924,0.56841,0.5688,2004
2024-10-29 04:00:00,0.56878,0.56942,0.56859,0.56896,3148
2024-10-29 05:00:00,0.56896,0.56933,0.56871,0.56897,2360
2024-10-29 06:00:00,0.56897,0.56912,0.56755,0.56776,2180
2024-10-29 07:00:00,0.56776,0.56811,0.56751,0.56791,1511
2024-10-29 08:00:00,0.56793,0.56801,0.56745,0.56782,2042
2024-10-29 09:00:00,0.56783,0.56862,0.56782,0.56853,2049
2024-10-29 10:00:00,0.56858,0.56884,0.56831,0.5686,2054
2024-10-29 11:00:00,0.56862,0.57025,0.56828,0.56959,3711
2024-10-29 12:00:00,0.56959,0.56975,0.569,0.56933,2672
2024-10-29 13:00:00,0.56933,0.5699,0.56927,0.56977,2316
2024-10-29 14:00:00,0.56977,0.56982,0.56934,0.56959,2270
2024-10-29 15:00:00,0.56956,0.57018,0.5693,0.5701,3135
2024-10-29 16:00:00,0.5701,0.57052,0.56942,0.56982,3601
2024-10-29 17:00:00,0.56984,0.57,0.56906,0.56948,5840
2024-10-29 18:00:00,0.56945,0.5698,0.5689,0.56938,4131
2024-10-29 19:00:00,0.56937,0.56971,0.56906,0.56953,2883
2024-10-29 20:00:00,0.56953,0.56968,0.5686,0.56874,2972
2024-10-29 21:00:00,0.56874,0.56889,0.56857,0.56875,1629
2024-10-29 22:00:00,0.56876,0.56896,0.56855,0.56872,1581
2024-10-29 23:00:00,0.56872,0.569,0.56857,0.56898,1245
2024-10-30 00:00:00,0.56869,0.56927,0.56826,0.56872,344
2024-10-30 01:00:00,0.56859,0.56907,0.56859,0.56893,1122
2024-10-30 02:00:00,0.56893,0.56909,0.56855,0.56871,901
2024-10-30 03:00:00,0.56872,0.56937,0.56822,0.56903,2476
2024-10-30 04:00:00,0.56902,0.56977,0.56902,0.56943,2773
2024-10-30 05:00:00,0.56942,0.56958,0.56844,0.56866,2393
2024-10-30 06:00:00,0.56866,0.56869,0.56719,0.56751,2340
2024-10-30 07:00:00,0.5675,0.56763,0.56718,0.56751,1347
2024-10-30 08:00:00,0.56751,0.56778,0.56708,0.56726,1913
2024-10-30 09:00:00,0.56728,0.56826,0.56725,0.56811,2171
2024-10-30 10:00:00,0.56809,0.5692,0.56769,0.569,2102
2024-10-30 11:00:00,0.56904,0.57049,0.569,0.57013,3459
2024-10-30 12:00:00,0.57006,0.5706,0.5698,0.57004,3531
2024-10-30 13:00:00,0.57002,0.57047,0.56995,0.57038,2434
2024-10-30 14:00:00,0.57038,0.57069,0.57017,0.57057,2437
2024-10-30 15:00:00,0.57056,0.57149,0.57028,0.57077,4935
2024-10-30 16:00:00,0.57075,0.57137,0.56994,0.57086,4768
2024-10-30 17:00:00,0.57087,0.57141,0.56987,0.57001,5068
2024-10-30 18:00:00,0.57002,0.57074,0.56998,0.57024,4157
2024-10-30 19:00:00,0.57023,0.57034,0.56947,0.5697,2880
2024-10-30 20:00:00,0.56967,0.56997,0.56931,0.56957,2351
2024-10-30 21:00:00,0.56957,0.56998,0.56935,0.56975,1662
2024-10-30 22:00:00,0.56975,0.57006,0.56953,0.56956,2226
2024-10-30 23:00:00,0.56953,0.56981,0.56924,0.56939,1454
2024-10-31 00:00:00,0.56879,0.56953,0.56879,0.56933,286
2024-10-31 01:00:00,0.56933,0.56945,0.56904,0.56931,837
2024-10-31 02:00:00,0.56932,0.56961,0.56928,0.56944,960
2024-10-31 03:00:00,0.56945,0.56961,0.56869,0.56871,1932
2024-10-31 04:00:00,0.56871,0.56946,0.56865,0.56885,2712
2024-10-31 05:00:00,0.56885,0.56962,0.5688,0.56948,2739
2024-10-31 06:00:00,0.56949,0.56952,0.56853,0.56867,2092
2024-10-31 07:00:00,0.56866,0.5687,0.56833,0.5686,1619
2024-10-31 08:00:00,0.56857,0.56912,0.56845,0.56897,1766
2024-10-31 09:00:00,0.56896,0.5691,0.56836,0.56855,2598
2024-10-31 10:00:00,0.56852,0.56979,0.56841,0.56914,3255
2024-10-31 11:00:00,0.56914,0.56928,0.56855,0.56885,3500
2024-10-31 12:00:00,0.56884,0.5692,0.56828,0.56832,2515
2024-10-31 13:00:00,0.5683,0.56846,0.568,0.56844,2274
2024-10-31 14:00:00,0.56846,0.56882,0.56819,0.56876,2543
2024-10-31 15:00:00,0.56875,0.56916,0.56809,0.56879,4604
2024-10-31 16:00:00,0.56878,0.56889,0.56643,0.56646,5132
2024-10-31 17:00:00,0.56645,0.56767,0.56575,0.56591,5420
2024-10-31 18:00:00,0.56593,0.56684,0.56569,0.56634,5414
2024-10-31 19:00:00,0.56635,0.56785,0.56634,0.56779,4131
2024-10-31 20:00:00,0.56778,0.5684,0.56769,0.56817,2659
2024-10-31 21:00:00,0.56818,0.56837,0.56761,0.5681,2828
2024-10-31 22:00:00,0.56809,0.56831,0.56781,0.56812,2710
2024-10-31 23:00:00,0.56812,0.56843,0.56803,0.56826,1852
2024-11-01 00:00:00,0.56773,0.56822,0.56769,0.56813,676
2024-11-01 01:00:00,0.56816,0.5685,0.568,0.56802,884
2024-11-01 02:00:00,0.56801,0.56834,0.56787,0.56788,1561
2024-11-01 03:00:00,0.56789,0.56823,0.5673,0.56749,2403
2024-11-01 04:00:00,0.5675,0.56843,0.56739,0.56787,2815
2024-11-01 05:00:00,0.56786,0.56834,0.56732,0.56833,2712
2024-11-01 06:00:00,0.56833,0.56866,0.56827,0.5683,2175
2024-11-01 07:00:00,0.56829,0.56853,0.56812,0.56825,1394
2024-11-01 08:00:00,0.56825,0.5683,0.56713,0.56734,2254
2024-11-01 09:00:00,0.56736,0.56742,0.56669,0.56693,1992
2024-11-01 10:00:00,0.56687,0.56989,0.56671,0.56964,3118
2024-11-01 11:00:00,0.56961,0.57048,0.5693,0.56984,3013
2024-11-01 12:00:00,0.56986,0.57007,0.56964,0.56993,1910
2024-11-01 13:00:00,0.56993,0.57002,0.56954,0.56962,1659
2024-11-01 14:00:00,0.5696,0.5698,0.56927,0.56971,1885
2024-11-01 15:00:00,0.56968,0.57006,0.56833,0.56979,5361
2024-11-01 16:00:00,0.56984,0.57146,0.56975,0.57097,5175
2024-11-01 17:00:00,0.57125,0.57204,0.57092,0.57167,5485
2024-11-01 18:00:00,0.57168,0.57311,0.57142,0.57291,4009
2024-11-01 19:00:00,0.57285,0.57294,0.57149,0.57159,3072
2024-11-01 20:00:00,0.57159,0.57178,0.57116,0.57119,2466
2024-11-01 21:00:00,0.57118,0.57132,0.57076,0.57093,2433
2024-11-01 22:00:00,0.57093,0.57126,0.57059,0.57072,2154
2024-11-01 23:00:00,0.57073,0.57106,0.57037,0.57053,1432
2024-11-04 00:00:00,0.57281,0.57292,0.57099,0.5713,963
2024-11-04 01:00:00,0.57172,0.57251,0.57113,0.57181,2426
2024-11-04 02:00:00,0.5718,0.57221,0.57101,0.57219,3035
2024-11-04 03:00:00,0.57221,0.57228,0.57123,0.57144,3942
2024-11-04 04:00:00,0.57142,0.57178,0.5708,0.57093,3795
2024-11-04 05:00:00,0.57094,0.57207,0.57075,0.57177,2955
2024-11-04 06:00:00,0.57177,0.57182,0.57147,0.57173,1676
2024-11-04 07:00:00,0.57172,0.57192,0.57114,0.57191,2215
2024-11-04 08:00:00,0.57192,0.57194,0.57102,0.57126,2551
2024-11-04 09:00:00,0.57127,0.57127,0.5699,0.56998,2935
2024-11-04 10:00:00,0.56999,0.5702,0.56958,0.5697,3284
2024-11-04 11:00:00,0.56971,0.56971,0.56879,0.56941,2535
2024-11-04 12:00:00,0.5694,0.56952,0.5687,0.56952,2230
2024-11-04 13:00:00,0.56953,0.56967,0.56911,0.56929,2561
2024-11-04 14:00:00,0.56928,0.56997,0.56914,0.56972,2511
2024-11-04 15:00:00,0.56973,0.56988,0.56896,0.56926,3216
2024-11-04 16:00:00,0.56925,0.56989,0.56897,0.5695,4055
2024-11-04 17:00:00,0.56952,0.57009,0.56895,0.56938,4654
2024-11-04 18:00:00,0.56938,0.5696,0.56806,0.56831,3583
2024-11-04 19:00:00,0.56831,0.56898,0.56816,0.56886,2638
2024-11-04 20:00:00,0.56885,0.56919,0.56843,0.5689,2813
2024-11-04 21:00:00,0.5689,0.56902,0.56875,0.56888,2094
2024-11-04 22:00:00,0.5689,0.56914,0.56883,0.56891,1825
2024-11-04 23:00:00,0.56892,0.56919,0.56885,0.56898,1167
2024-11-05 00:00:00,0.56797,0.56927,0.56776,0.56909,857
2024-11-05 01:00:00,0.56905,0.5694,0.5688,0.56894,756
2024-11-05 02:00:00,0.56893,0.56893,0.5684,0.56869,1591
2024-11-05 03:00:00,0.56868,0.56964,0.56856,0.56947,2591
2024-11-05 04:00:00,0.56946,0.56974,0.56919,0.56937,2692
2024-11-05 05:00:00,0.56934,0.57012,0.56901,0.56904,2154
2024-11-05 06:00:00,0.56904,0.57022,0.56897,0.56988,1638
2024-11-05 07:00:00,0.56984,0.57036,0.56981,0.57002,1862
2024-11-05 08:00:00,0.57001,0.5708,0.56994,0.57061,2021
2024-11-05 09:00:00,0.57059,0.57144,0.57057,0.57089,2045
2024-11-05 10:00:00,0.57087,0.57129,0.57074,0.57076,2519
2024-11-05 11:00:00,0.57076,0.57085,0.57011,0.57041,2109
2024-11-05 12:00:00,0.57042,0.57072,0.57011,0.57053,1552
2024-11-05 13:00:00,0.57052,0.57097,0.57051,0.57074,1782
2024-11-05 14:00:00,0.57075,0.57161,0.5707,0.57151,1737
2024-11-05 15:00:00,0.57151,0.57216,0.57132,0.57194,2446
2024-11-05 16:00:00,0.57195,0.57286,0.57193,0.57257,3648
2024-11-05 17:00:00,0.5724,0.57339,0.5724,0.57334,4881
2024-11-05 18:00:00,0.57334,0.57363,0.57254,0.57256,3047
2024-11-05 19:00:00,0.57254,0.57267,0.57215,0.57239,2088
2024-11-05 20:00:00,0.5724,0.57275,0.57217,0.57249,2293
2024-11-05 21:00:00,0.57249,0.57287,0.57242,0.57262,1821
2024-11-05 22:00:00,0.57257,0.57303,0.57241,0.57289,1971
2024-11-05 23:00:00,0.57288,0.57306,0.57271,0.57298,1096
2024-11-06 00:00:00,0.57224,0.57278,0.57167,0.57174,384
2024-11-06 01:00:00,0.57178,0.57305,0.57177,0.57264,2768
2024-11-06 02:00:00,0.57263,0.57307,0.57188,0.57244,7579
2024-11-06 03:00:00,0.57246,0.573,0.5721,0.57292,7872
2024-11-06 04:00:00,0.57286,0.57317,0.57111,0.57171,8170
2024-11-06 05:00:00,0.57172,0.57229,0.56869,0.56919,8220
2024-11-06 06:00:00,0.56919,0.57036,0.56879,0.57021,6529
2024-11-06 07:00:00,0.57021,0.57177,0.56919,0.57057,7475
2024-11-06 08:00:00,0.57054,0.57107,0.56975,0.57088,6913
2024-11-06 09:00:00,0.57092,0.57297,0.57039,0.57269,7366
2024-11-06 10:00:00,0.57265,0.5761,0.57206,0.5753,6655
2024-11-06 11:00:00,0.57531,0.57586,0.57455,0.57571,5298
2024-11-06 12:00:00,0.57571,0.5766,0.57552,0.57616,4272
2024-11-06 13:00:00,0.57614,0.57629,0.57436,0.5745,5134
2024-11-06 14:00:00,0.5745,0.57588,0.57428,0.57578,5401
2024-11-06 15:00:00,0.57577,0.57582,0.57419,0.57449,5773
2024-11-06 16:00:00,0.5745,0.57512,0.5735,0.5736,6179
2024-11-06 17:00:00,0.57363,0.57606,0.5736,0.57536,7017
2024-11-06 18:00:00,0.57536,0.57613,0.57498,0.57582,4963
2024-11-06 19:00:00,0.57579,0.57585,0.5752,0.57562,3799
2024-11-06 20:00:00,0.57562,0.57697,0.57559,0.57673,4180
2024-11-06 21:00:00,0.57674,0.57699,0.57626,0.57669,3653
2024-11-06 22:00:00,0.57668,0.577,0.57585,0.57587,2468
2024-11-06 23:00:00,0.57586,0.5761,0.57524,0.57595,1318
2024-11-07 00:00:00,0.57485,0.57557,0.57454,0.57533,438
2024-11-07 01:00:00,0.57535,0.5757,0.57499,0.57503,1646
2024-11-07 02:00:00,0.57502,0.5763,0.57491,0.57618,2692
2024-11-07 03:00:00,0.57618,0.57704,0.57605,0.57685,4731
2024-11-07 04:00:00,0.57686,0.57913,0.57686,0.5789,3975
2024-11-07 05:00:00,0.57892,0.58003,0.57861,0.57991,2677
2024-11-07 06:00:00,0.57992,0.58014,0.57952,0.57978,2047
2024-11-07 07:00:00,0.57978,0.58005,0.57947,0.57954,2534
2024-11-07 08:00:00,0.57954,0.57983,0.57906,0.57964,2766
2024-11-07 09:00:00,0.57963,0.5802,0.57913,0.57961,4077
2024-11-07 10:00:00,0.57963,0.58124,0.57942,0.58111,4434
2024-11-07 11:00:00,0.58112,0.58163,0.58047,0.58084,3347
2024-11-07 12:00:00,0.58084,0.58134,0.58044,0.58134,2561
2024-11-07 13:00:00,0.58134,0.58164,0.58091,0.58138,2383
2024-11-07 14:00:00,0.58137,0.58165,0.58104,0.5815,4120
2024-11-07 15:00:00,0.58149,0.58238,0.58121,0.58232,5653
2024-11-07 16:00:00,0.58232,0.58281,0.58199,0.5826,5149
2024-11-07 17:00:00,0.58257,0.58324,0.58206,0.58274,5255
2024-11-07 18:00:00,0.58274,0.58281,0.58145,0.58169,4425
2024-11-07 19:00:00,0.5817,0.5824,0.58149,0.58236,2740
2024-11-07 20:00:00,0.58237,0.58252,0.58182,0.58209,2681
2024-11-07 21:00:00,0.5821,0.58286,0.58182,0.58232,6917
2024-11-07 22:00:00,0.58235,0.58294,0.58206,0.58207,4947
2024-11-07 23:00:00,0.58207,0.58291,0.58193,0.58273,1263
2024-11-08 00:00:00,0.58119,0.58247,0.58117,0.58201,618
2024-11-08 01:00:00,0.58209,0.58273,0.58209,0.58252,1450
2024-11-08 02:00:00,0.58251,0.58257,0.58188,0.58208,2288
2024-11-08 03:00:00,0.58207,0.58217,0.58128,0.58138,3674
2024-11-08 04:00:00,0.58138,0.5816,0.58099,0.58113,3479
2024-11-08 05:00:00,0.58112,0.5813,0.57995,0.58026,2772
2024-11-08 06:00:00,0.58026,0.58091,0.58002,0.58077,1825
2024-11-08 07:00:00,0.58077,0.58102,0.58028,0.5809,2392
2024-11-08 08:00:00,0.58089,0.581,0.58042,0.58085,2700
2024-11-08 09:00:00,0.58078,0.58096,0.58012,0.58068,3075
2024-11-08 10:00:00,0.58067,0.58091,0.57834,0.5795,5989
2024-11-08 11:00:00,0.5795,0.57996,0.57885,0.57891,3629
2024-11-08 12:00:00,0.57894,0.57905,0.57752,0.57772,3219
2024-11-08 13:00:00,0.57774,0.57815,0.57747,0.57768,2729
2024-11-08 14:00:00,0.57768,0.57774,0.57696,0.57754,3232
2024-11-08 15:00:00,0.57752,0.57777,0.57693,0.57738,4259
2024-11-08 16:00:00,0.57738,0.57786,0.57687,0.57735,4379
2024-11-08 17:00:00,0.57728,0.57796,0.57637,0.57655,5221
2024-11-08 18:00:00,0.57654,0.57655,0.57522,0.57525,4305
2024-11-08 19:00:00,0.57524,0.5762,0.57474,0.5762,4294
2024-11-08 20:00:00,0.57619,0.57671,0.57565,0.57595,2869
2024-11-08 21:00:00,0.57594,0.57636,0.57578,0.57632,2418
2024-11-08 22:00:00,0.5763,0.5765,0.576,0.5762,2243
2024-11-08 23:00:00,0.57623,0.57668,0.57603,0.57619,1186
2024-11-11 00:00:00,0.57535,0.57626,0.57516,0.57613,1336
2024-11-11 01:00:00,0.57613,0.57704,0.57603,0.5768,1499
2024-11-11 02:00:00,0.57677,0.5778,0.5767,0.57753,2364
2024-11-11 03:00:00,0.57752,0.57792,0.57722,0.57744,3492
2024-11-11 04:00:00,0.57743,0.57762,0.57689,0.57757,2955
2024-11-11 05:00:00,0.57759,0.57808,0.57748,0.57807,1689
2024-11-11 06:00:00,0.57808,0.57843,0.57777,0.57825,1470
2024-11-11 07:00:00,0.57829,0.57859,0.57777,0.57777,2440
2024-11-11 08:00:00,0.57778,0.57819,0.57758,0.57802,1977
2024-11-11 09:00:00,0.57802,0.57816,0.57706,0.57801,3450
2024-11-11 10:00:00,0.578,0.57848,0.57747,0.57834,3594
2024-11-11 11:00:00,0.57835,0.57863,0.5777,0.57818,2960
2024-11-11 12:00:00,0.57817,0.57911,0.57808,0.57889,2055
2024-11-11 13:00:00,0.57887,0.57914,0.57848,0.57911,2724
2024-11-11 14:00:00,0.57914,0.57933,0.57883,0.57892,2334
2024-11-11 15:00:00,0.57892,0.57902,0.57787,0.57818,3674
2024-11-11 16:00:00,0.57817,0.57871,0.57791,0.57827,3944
2024-11-11 17:00:00,0.57831,0.57845,0.57775,0.57803,3838
2024-11-11 18:00:00,0.57804,0.57867,0.57798,0.57827,2682
2024-11-11 19:00:00,0.57825,0.57839,0.57794,0.57807,1967
2024-11-11 20:00:00,0.57805,0.57845,0.57755,0.57836,1872
2024-11-11 21:00:00,0.57836,0.57876,0.5783,0.57858,1499
2024-11-11 22:00:00,0.57858,0.57883,0.57853,0.57875,1277
2024-11-11 23:00:00,0.57874,0.57915,0.57866,0.57909,587
2024-11-12 00:00:00,0.57808,0.57899,0.57705,0.57899,436
2024-11-12 01:00:00,0.57899,0.57913,0.57856,0.57908,929
2024-11-12 02:00:00,0.57908,0.57911,0.57847,0.57886,2112
2024-11-12 03:00:00,0.57885,0.57965,0.57816,0.57887,3713
2024-11-12 04:00:00,0.57887,0.57887,0.57735,0.57766,3458
2024-11-12 05:00:00,0.57767,0.57825,0.57734,0.57741,2624
2024-11-12 06:00:00,0.57741,0.5775,0.57701,0.57745,2083
2024-11-12 07:00:00,0.57747,0.57781,0.57717,0.57727,2949
2024-11-12 08:00:00,0.57726,0.57796,0.57709,0.57791,3195
2024-11-12 09:00:00,0.5779,0.57817,0.57726,0.57746,3722
2024-11-12 10:00:00,0.57747,0.57747,0.57648,0.57735,3922
2024-11-12 11:00:00,0.57736,0.57763,0.57689,0.57742,2956
2024-11-12 12:00:00,0.57743,0.57754,0.5768,0.57712,2927
2024-11-12 13:00:00,0.57712,0.57725,0.57608,0.57609,3031
2024-11-12 14:00:00,0.57606,0.57725,0.57597,0.57714,3807
2024-11-12 15:00:00,0.57717,0.57734,0.57666,0.57729,4212
2024-11-12 16:00:00,0.57728,0.57728,0.57647,0.57652,4254
2024-11-12 17:00:00,0.57652,0.57748,0.57626,0.5771,4805
2024-11-12 18:00:00,0.57709,0.57724,0.57555,0.57563,4281
2024-11-12 19:00:00,0.57563,0.57619,0.57503,0.57508,3877
2024-11-12 20:00:00,0.57509,0.57632,0.57495,0.57628,2776
2024-11-12 21:00:00,0.57628,0.57641,0.57611,0.5763,1949
2024-11-12 22:00:00,0.57628,0.57697,0.57628,0.57639,2298
2024-11-12 23:00:00,0.57639,0.57648,0.57582,0.57608,1142
2024-11-13 00:00:00,0.57484,0.57588,0.57484,0.57574,861
2024-11-13 01:00:00,0.57563,0.576,0.57554,0.57597,1006
2024-11-13 02:00:00,0.57597,0.576,0.57504,0.57583,2344
2024-11-13 03:00:00,0.57583,0.57665,0.57577,0.57641,3946
2024-11-13 04:00:00,0.57644,0.57673,0.57613,0.57667,2555
2024-11-13 05:00:00,0.57667,0.57683,0.57639,0.57644,1917
2024-11-13 06:00:00,0.57643,0.57687,0.57633,0.57683,1367
2024-11-13 07:00:00,0.57682,0.57689,0.57634,0.57668,2034
2024-11-13 08:00:00,0.57667,0.57691,0.57612,0.57637,2693
2024-11-13 09:00:00,0.57634,0.57663,0.576,0.57627,2791
2024-11-13 10:00:00,0.57627,0.57651,0.57569,0.57581,3324
2024-11-13 11:00:00,0.5758,0.57673,0.57552,0.57649,2898
2024-11-13 12:00:00,0.57645,0.57656,0.57608,0.57637,2122
2024-11-13 13:00:00,0.57637,0.57637,0.57573,0.57584,2121
2024-11-13 14:00:00,0.57582,0.57602,0.57515,0.5752,3039
2024-11-13 15:00:00,0.57519,0.57641,0.5744,0.57558,6161
2024-11-13 16:00:00,0.57558,0.57559,0.57413,0.5743,6709
2024-11-13 17:00:00,0.57426,0.57436,0.57318,0.57412,6952
2024-11-13 18:00:00,0.57412,0.5742,0.57334,0.57386,5046
2024-11-13 19:00:00,0.57387,0.5743,0.57367,0.57424,3608
2024-11-13 20:00:00,0.57425,0.57485,0.5742,0.57483,2912
2024-11-13 21:00:00,0.57482,0.57501,0.57421,0.57439,2635
2024-11-13 22:00:00,0.57437,0.57473,0.57427,0.57438,2023
2024-11-13 23:00:00,0.57436,0.57477,0.57434,0.57466,1117
2024-11-14 00:00:00,0.57304,0.57517,0.57301,0.57509,1048
2024-11-14 01:00:00,0.57509,0.5754,0.57486,0.57509,2077
2024-11-14 02:00:00,0.57511,0.57523,0.57419,0.57496,2411
2024-11-14 03:00:00,0.57496,0.5752,0.57461,0.5748,3883
2024-11-14 04:00:00,0.57479,0.5748,0.57393,0.57418,3289
2024-11-14 05:00:00,0.57419,0.57487,0.57362,0.57406,2510
2024-11-14 06:00:00,0.57404,0.57433,0.57351,0.57412,1896
2024-11-14 07:00:00,0.57412,0.57415,0.57339,0.57359,2471
2024-11-14 08:00:00,0.5736,0.57415,0.57339,0.57351,2881
2024-11-14 09:00:00,0.57346,0.57452,0.57324,0.57435,3430
2024-11-14 10:00:00,0.57435,0.57488,0.57404,0.5744,3649
2024-11-14 11:00:00,0.57441,0.57516,0.5743,0.5748,3400
2024-11-14 12:00:00,0.5748,0.57509,0.57413,0.57498,3292
2024-11-14 13:00:00,0.57496,0.57549,0.5748,0.57525,3589
2024-11-14 14:00:00,0.57525,0.57551,0.5749,0.57498,3182
2024-11-14 15:00:00,0.57496,0.57574,0.57474,0.57532,5682
2024-11-14 16:00:00,0.57533,0.57585,0.57451,0.57466,5798
2024-11-14 17:00:00,0.57464,0.57579,0.57441,0.57514,5884
2024-11-14 18:00:00,0.57517,0.57537,0.5746,0.57462,4330
2024-11-14 19:00:00,0.57462,0.57512,0.57424,0.57503,3302
2024-11-14 20:00:00,0.57505,0.57528,0.57465,0.57471,2489
2024-11-14 21:00:00,0.57471,0.57529,0.57468,0.57495,2133
2024-11-14 22:00:00,0.57497,0.57512,0.57387,0.57458,6182
2024-11-14 23:00:00,0.57458,0.57484,0.57442,0.57465,2272
2024-11-15 00:00:00,0.57313,0.57444,0.57313,0.5742,506
2024-11-15 01:00:00,0.57408,0.57483,0.57408,0.57479,1468
2024-11-15 02:00:00,0.57478,0.57488,0.57399,0.57415,2574
2024-11-15 03:00:00,0.57416,0.57473,0.57389,0.57444,3794
2024-11-15 04:00:00,0.57444,0.57491,0.57429,0.57478,3099
2024-11-15 05:00:00,0.57478,0.57506,0.57467,0.57484,2023
2024-11-15 06:00:00,0.57482,0.57511,0.57475,0.57488,1491
2024-11-15 07:00:00,0.57489,0.57522,0.5746,0.57465,2194
2024-11-15 08:00:00,0.57465,0.57489,0.57359,0.57415,2887
2024-11-15 09:00:00,0.57413,0.5744,0.57371,0.57387,3433
2024-11-15 10:00:00,0.57385,0.57392,0.57304,0.57376,3763
2024-11-15 11:00:00,0.57376,0.57481,0.57367,0.57439,3204
2024-11-15 12:00:00,0.57439,0.5746,0.57406,0.57434,3087
2024-11-15 13:00:00,0.57432,0.57489,0.57416,0.57471,2772
2024-11-15 14:00:00,0.57471,0.57501,0.57449,0.5748,2590
2024-11-15 15:00:00,0.57479,0.57486,0.57403,0.57418,5810
2024-11-15 16:00:00,0.57417,0.57428,0.57319,0.57324,6002
2024-11-15 17:00:00,0.57323,0.57356,0.57248,0.57354,6283
2024-11-15 18:00:00,0.57354,0.57397,0.57324,0.57356,5029
2024-11-15 19:00:00,0.57358,0.57382,0.57272,0.57311,3761
2024-11-15 20:00:00,0.57313,0.57316,0.57251,0.57275,3039
2024-11-15 21:00:00,0.57274,0.57323,0.57261,0.57293,2750
2024-11-15 22:00:00,0.57294,0.5735,0.57285,0.57345,2748
2024-11-15 23:00:00,0.57346,0.57407,0.5733,0.57394,1095
2024-11-18 00:00:00,0.57139,0.57328,0.57139,0.57281,1117
2024-11-18 01:00:00,0.57291,0.57446,0.57289,0.57436,1464
2024-11-18 02:00:00,0.57435,0.57464,0.57406,0.57461,2720
2024-11-18 03:00:00,0.57461,0.5749,0.57424,0.57444,4619
2024-11-18 04:00:00,0.57444,0.575,0.57429,0.5746,3045
2024-11-18 05:00:00,0.5746,0.57485,0.57397,0.57404,2121
2024-11-18 06:00:00,0.57404,0.57445,0.57381,0.57436,1367
2024-11-18 07:00:00,0.57435,0.57436,0.57369,0.5739,2166
2024-11-18 08:00:00,0.5739,0.5739,0.57309,0.57359,2441
2024-11-18 09:00:00,0.57361,0.57361,0.57248,0.57276,2799
2024-11-18 10:00:00,0.57276,0.57296,0.57239,0.57261,3565
2024-11-18 11:00:00,0.57261,0.57263,0.57206,0.57223,3563
2024-11-18 12:00:00,0.57222,0.57305,0.57208,0.5729,2662
2024-11-18 13:00:00,0.57291,0.57296,0.57236,0.57265,2704
2024-11-18 14:00:00,0.57266,0.573,0.5726,0.57288,2774
2024-11-18 15:00:00,0.5729,0.57294,0.57254,0.57261,3764
2024-11-18 16:00:00,0.57259,0.57329,0.57252,0.57326,4203
2024-11-18 17:00:00,0.57328,0.57454,0.57325,0.57423,4145
2024-11-18 18:00:00,0.57425,0.57503,0.57418,0.57494,3563
2024-11-18 19:00:00,0.57492,0.57516,0.57448,0.57509,2758
2024-11-18 20:00:00,0.57508,0.57524,0.57461,0.57505,2134
2024-11-18 21:00:00,0.57505,0.5751,0.57456,0.57466,2313
2024-11-18 22:00:00,0.57467,0.57473,0.57438,0.57468,1855
2024-11-18 23:00:00,0.57467,0.57477,0.57445,0.57462,869
2024-11-19 00:00:00,0.57379,0.57473,0.57339,0.57452,484
2024-11-19 01:00:00,0.57456,0.57476,0.57418,0.57456,939
2024-11-19 02:00:00,0.57455,0.57457,0.57395,0.57405,2456
2024-11-19 03:00:00,0.57408,0.57477,0.57386,0.57464,3133
2024-11-19 04:00:00,0.57463,0.57502,0.57458,0.5749,2414
2024-11-19 05:00:00,0.57488,0.57591,0.57484,0.5759,2320
2024-11-19 06:00:00,0.5759,0.57599,0.57498,0.57504,1620
2024-11-19 07:00:00,0.57502,0.57514,0.57458,0.57504,1833
2024-11-19 08:00:00,0.57505,0.57571,0.57503,0.57565,2131
2024-11-19 09:00:00,0.57562,0.57574,0.57507,0.57547,2989
2024-11-19 10:00:00,0.57547,0.57591,0.57358,0.57411,5545
2024-11-19 11:00:00,0.57409,0.57483,0.57286,0.57336,6267
2024-11-19 12:00:00,0.57336,0.57382,0.57293,0.57361,4406
2024-11-19 13:00:00,0.5736,0.57374,0.57315,0.57363,3238
2024-11-19 14:00:00,0.57366,0.57398,0.57341,0.5737,3290
2024-11-19 15:00:00,0.57372,0.57386,0.5727,0.5727,5408
2024-11-19 16:00:00,0.5727,0.57446,0.57245,0.5739,6494
2024-11-19 17:00:00,0.57389,0.57526,0.57367,0.57505,5541
2024-11-19 18:00:00,0.57505,0.57574,0.57482,0.5755,4078
2024-11-19 19:00:00,0.57552,0.57598,0.57539,0.57588,2972
2024-11-19 20:00:00,0.57588,0.57679,0.57543,0.57671,2682
2024-11-19 21:00:00,0.57671,0.57688,0.57641,0.57647,2446
2024-11-19 22:00:00,0.57648,0.5765,0.57617,0.57629,2111
2024-11-19 23:00:00,0.57628,0.57654,0.57619,0.57626,1207
2024-11-20 00:00:00,0.57571,0.57621,0.57418,0.57621,525
2024-11-20 01:00:00,0.5761,0.57698,0.57606,0.57696,1364
2024-11-20 02:00:00,0.57695,0.5772,0.57668,0.57687,1949
2024-11-20 03:00:00,0.5769,0.57693,0.57645,0.57679,2836
2024-11-20 04:00:00,0.57679,0.57712,0.57658,0.57675,2113
2024-11-20 05:00:00,0.57674,0.5768,0.57609,0.57639,1799
2024-11-20 06:00:00,0.5764,0.57668,0.57637,0.57662,1262
2024-11-20 07:00:00,0.57663,0.57669,0.57624,0.57632,1439
2024-11-20 08:00:00,0.57633,0.5774,0.57624,0.57696,2131
2024-11-20 09:00:00,0.57693,0.57732,0.57664,0.57673,3509
2024-11-20 10:00:00,0.57674,0.57688,0.57611,0.57621,3453
2024-11-20 11:00:00,0.57621,0.57688,0.57596,0.57654,3306
2024-11-20 12:00:00,0.57653,0.57672,0.576,0.57604,2715
2024-11-20 13:00:00,0.57603,0.57605,0.57557,0.5758,2692
2024-11-20 14:00:00,0.57579,0.57588,0.57536,0.57563,2790
2024-11-20 15:00:00,0.57562,0.57587,0.57498,0.5751,3033
2024-11-20 16:00:00,0.57511,0.57527,0.57391,0.57411,3997
2024-11-20 17:00:00,0.5741,0.57489,0.57321,0.57473,4511
2024-11-20 18:00:00,0.57471,0.57501,0.57431,0.57489,4028
2024-11-20 19:00:00,0.57488,0.57502,0.57427,0.57455,2596
2024-11-20 20:00:00,0.57454,0.57476,0.57418,0.57433,2635
2024-11-20 21:00:00,0.57431,0.57465,0.57401,0.57447,2023
2024-11-20 22:00:00,0.57445,0.57519,0.57438,0.57519,1813
2024-11-20 23:00:00,0.5752,0.57536,0.57477,0.57514,1390
2024-11-21 00:00:00,0.57315,0.57518,0.57309,0.57496,404
2024-11-21 01:00:00,0.57499,0.57547,0.57499,0.57538,906
2024-11-21 02:00:00,0.57538,0.57549,0.57474,0.57521,1943
2024-11-21 03:00:00,0.57522,0.57567,0.57509,0.57549,2663
2024-11-21 04:00:00,0.5755,0.57559,0.57499,0.57509,2032
2024-11-21 05:00:00,0.57507,0.57579,0.57487,0.57577,1883
2024-11-21 06:00:00,0.57577,0.5758,0.57514,0.57526,1462
2024-11-21 07:00:00,0.57525,0.57547,0.57498,0.57502,1712
2024-11-21 08:00:00,0.57503,0.5754,0.57474,0.5752,2960
2024-11-21 09:00:00,0.57522,0.57597,0.57489,0.57564,4121
2024-11-21 10:00:00,0.57566,0.57609,0.57541,0.57577,4288
2024-11-21 11:00:00,0.57575,0.57577,0.5745,0.57543,4322
2024-11-21 12:00:00,0.57544,0.5758,0.57525,0.5754,2822
2024-11-21 13:00:00,0.57543,0.57636,0.57538,0.5759,3206
2024-11-21 14:00:00,0.57591,0.57666,0.57583,0.57616,3078
2024-11-21 15:00:00,0.57618,0.57665,0.57567,0.57643,4741
2024-11-21 16:00:00,0.57647,0.57699,0.57562,0.57659,5270
2024-11-21 17:00:00,0.57658,0.57705,0.5762,0.57647,5700
2024-11-21 18:00:00,0.57648,0.57698,0.57613,0.57639,5541
2024-11-21 19:00:00,0.57639,0.57736,0.57615,0.57732,3731
2024-11-21 20:00:00,0.57733,0.5779,0.57732,0.57762,2806
2024-11-21 21:00:00,0.57762,0.57763,0.57723,0.57748,2300
2024-11-21 22:00:00,0.57747,0.57755,0.57732,0.57748,1834
2024-11-21 23:00:00,0.57748,0.57757,0.57723,0.57727,908
2024-11-22 00:00:00,0.5758,0.57743,0.5758,0.5773,329
2024-11-22 01:00:00,0.57725,0.57741,0.57699,0.57723,1275
2024-11-22 02:00:00,0.57725,0.57776,0.57711,0.57753,2287
2024-11-22 03:00:00,0.57752,0.5779,0.57752,0.57756,2674
2024-11-22 04:00:00,0.57755,0.57781,0.57727,0.57759,2704
2024-11-22 05:00:00,0.5776,0.57776,0.57687,0.57699,2574
2024-11-22 06:00:00,0.57699,0.57713,0.57638,0.57644,1806
2024-11-22 07:00:00,0.57644,0.57645,0.57506,0.57546,2744
2024-11-22 08:00:00,0.57546,0.57601,0.57543,0.5759,2898
2024-11-22 09:00:00,0.57585,0.57624,0.57552,0.57614,3284
2024-11-22 10:00:00,0.57616,0.57737,0.57615,0.57688,5247
2024-11-22 11:00:00,0.57687,0.5772,0.57584,0.57679,6868
2024-11-22 12:00:00,0.5768,0.57818,0.57649,0.57732,4822
2024-11-22 13:00:00,0.57731,0.57787,0.57717,0.57785,3344
2024-11-22 14:00:00,0.57785,0.57865,0.5777,0.57843,3518
2024-11-22 15:00:00,0.57843,0.58149,0.57843,0.58075,4992
2024-11-22 16:00:00,0.58079,0.58193,0.58059,0.58152,5755
2024-11-22 17:00:00,0.58149,0.58173,0.58014,0.58031,6501
2024-11-22 18:00:00,0.58032,0.58096,0.57982,0.58092,4084
2024-11-22 19:00:00,0.58093,0.58107,0.58061,0.58085,2705
2024-11-22 20:00:00,0.58084,0.5814,0.5808,0.58097,2417
2024-11-22 21:00:00,0.58097,0.58139,0.58077,0.58113,1766
2024-11-22 22:00:00,0.58114,0.58124,0.58084,0.58108,2075
2024-11-22 23:00:00,0.58109,0.58153,0.58104,0.58127,1159
2024-11-25 00:00:00,0.58115,0.58215,0.5804,0.58185,1552
2024-11-25 01:00:00,0.58202,0.58319,0.58176,0.58229,3197
2024-11-25 02:00:00,0.58229,0.58314,0.58222,0.5829,3001
2024-11-25 03:00:00,0.58291,0.58319,0.58162,0.58176,3264
2024-11-25 04:00:00,0.58177,0.5819,0.58085,0.58091,2788
2024-11-25 05:00:00,0.5809,0.58125,0.58043,0.58065,2201
2024-11-25 06:00:00,0.58065,0.58133,0.58055,0.58104,1703
2024-11-25 07:00:00,0.58104,0.58121,0.58067,0.58073,2391
2024-11-25 08:00:00,0.58075,0.58089,0.58025,0.58086,2530
2024-11-25 09:00:00,0.58091,0.58093,0.57975,0.57987,3434
2024-11-25 10:00:00,0.57985,0.58029,0.57906,0.57921,4065
2024-11-25 11:00:00,0.57923,0.57967,0.579,0.57911,3845
2024-11-25 12:00:00,0.5791,0.57942,0.57896,0.57898,2961
2024-11-25 13:00:00,0.57897,0.57926,0.57886,0.57915,2416
2024-11-25 14:00:00,0.57917,0.57922,0.57838,0.57865,3024
2024-11-25 15:00:00,0.57865,0.5789,0.57843,0.57865,4772
2024-11-25 16:00:00,0.57866,0.57869,0.57674,0.5769,5716
2024-11-25 17:00:00,0.57687,0.57704,0.57642,0.57701,5036
2024-11-25 18:00:00,0.577,0.57723,0.5758,0.57592,4211
2024-11-25 19:00:00,0.57592,0.57641,0.57557,0.57589,2863
2024-11-25 20:00:00,0.57589,0.57615,0.57569,0.57581,2670
2024-11-25 21:00:00,0.57583,0.5761,0.57557,0.57598,2034
2024-11-25 22:00:00,0.57599,0.57618,0.57588,0.57607,1849
2024-11-25 23:00:00,0.57608,0.57656,0.57592,0.57635,997
2024-11-26 00:00:00,0.57487,0.57619,0.57465,0.57607,281
2024-11-26 01:00:00,0.57607,0.57633,0.57336,0.57447,3262
2024-11-26 02:00:00,0.57444,0.57479,0.57233,0.57247,6194
2024-11-26 03:00:00,0.57247,0.57466,0.57195,0.57417,5327
2024-11-26 04:00:00,0.57416,0.5752,0.57408,0.57498,3534
2024-11-26 05:00:00,0.57498,0.57592,0.57494,0.57562,2682
2024-11-26 06:00:00,0.5756,0.57647,0.57536,0.57589,1952
2024-11-26 07:00:00,0.57591,0.57601,0.57529,0.57557,2141
2024-11-26 08:00:00,0.57557,0.57606,0.57521,0.57547,2359
2024-11-26 09:00:00,0.57545,0.57557,0.57439,0.57445,3696
2024-11-26 10:00:00,0.57444,0.57473,0.57402,0.57438,3791
2024-11-26 11:00:00,0.57438,0.575,0.57422,0.57452,3797
2024-11-26 12:00:00,0.5745,0.57513,0.5745,0.57495,2663
2024-11-26 13:00:00,0.57495,0.57556,0.57455,0.57529,2691
2024-11-26 14:00:00,0.57529,0.5757,0.57498,0.57551,4579
2024-11-26 15:00:00,0.5755,0.57566,0.57451,0.57473,4765
2024-11-26 16:00:00,0.57473,0.5749,0.57344,0.5736,4965
2024-11-26 17:00:00,0.57361,0.57435,0.57343,0.57383,5596
2024-11-26 18:00:00,0.57382,0.57406,0.57304,0.57328,4488
2024-11-26 19:00:00,0.57329,0.57329,0.57261,0.57316,3125
2024-11-26 20:00:00,0.57314,0.57347,0.57285,0.57325,2661
2024-11-26 21:00:00,0.57324,0.57344,0.57279,0.57312,3432
2024-11-26 22:00:00,0.5731,0.57338,0.57301,0.57311,2238
2024-11-26 23:00:00,0.57312,0.57394,0.57303,0.5739,1315
2024-11-27 00:00:00,0.57221,0.574,0.57214,0.5739,2287
2024-11-27 01:00:00,0.57373,0.57416,0.57366,0.57366,1154
2024-11-27 02:00:00,0.57367,0.57379,0.57202,0.57338,2566
2024-11-27 03:00:00,0.57338,0.57451,0.57314,0.57321,4390
2024-11-27 04:00:00,0.57321,0.57357,0.57278,0.5734,3078
2024-11-27 05:00:00,0.5734,0.57419,0.57331,0.574,2256
2024-11-27 06:00:00,0.57398,0.57407,0.57346,0.57355,1570
2024-11-27 07:00:00,0.57354,0.57366,0.57313,0.57333,1728
2024-11-27 08:00:00,0.57334,0.57363,0.57314,0.57343,2445
2024-11-27 09:00:00,0.5735,0.57394,0.57339,0.57364,3594
2024-11-27 10:00:00,0.57365,0.57365,0.57246,0.57297,5544
2024-11-27 11:00:00,0.57298,0.57306,0.57235,0.5727,3677
2024-11-27 12:00:00,0.57269,0.57273,0.57191,0.57194,3153
2024-11-27 13:00:00,0.57194,0.57202,0.57145,0.57187,3221
2024-11-27 14:00:00,0.57186,0.57258,0.57175,0.57257,3972
2024-11-27 15:00:00,0.5726,0.57296,0.57223,0.57262,5086
2024-11-27 16:00:00,0.57263,0.57336,0.57238,0.57283,5111
2024-11-27 17:00:00,0.57278,0.57325,0.57158,0.57205,5801
2024-11-27 18:00:00,0.57203,0.57258,0.57153,0.57158,5159
2024-11-27 19:00:00,0.57159,0.57245,0.57121,0.57212,3694
2024-11-27 20:00:00,0.57213,0.57263,0.57204,0.57255,2620
2024-11-27 21:00:00,0.57253,0.57296,0.57235,0.57288,2261
2024-11-27 22:00:00,0.57287,0.57328,0.57285,0.5731,2110
2024-11-27 23:00:00,0.5731,0.5732,0.57291,0.57297,1602
2024-11-28 00:00:00,0.57183,0.57282,0.57114,0.57227,1107
2024-11-28 01:00:00,0.57213,0.57328,0.57199,0.57317,1147
2024-11-28 02:00:00,0.57317,0.57393,0.5731,0.57375,2207
2024-11-28 03:00:00,0.57373,0.57453,0.57368,0.5742,3513
2024-11-28 04:00:00,0.5742,0.57443,0.57373,0.57396,2415
2024-11-28 05:00:00,0.57397,0.57399,0.57308,0.57321,1956
2024-11-28 06:00:00,0.57321,0.5735,0.5729,0.57343,1509
2024-11-28 07:00:00,0.57346,0.57348,0.57307,0.57322,1612
2024-11-28 08:00:00,0.57325,0.57325,0.5724,0.57282,2086
2024-11-28 09:00:00,0.57286,0.57327,0.57262,0.57296,2697
2024-11-28 10:00:00,0.57293,0.57448,0.57284,0.57446,3654
2024-11-28 11:00:00,0.57451,0.5748,0.57399,0.57475,3585
2024-11-28 12:00:00,0.57475,0.57489,0.57433,0.57436,2362
2024-11-28 13:00:00,0.57436,0.57467,0.57424,0.57448,1980
2024-11-28 14:00:00,0.57451,0.57453,0.5736,0.57379,2176
2024-11-28 15:00:00,0.57375,0.57435,0.57365,0.57427,2456
2024-11-28 16:00:00,0.57427,0.57439,0.57396,0.57403,2523
2024-11-28 17:00:00,0.57403,0.57428,0.57336,0.57396,2615
2024-11-28 18:00:00,0.57395,0.57436,0.57385,0.57427,1698
2024-11-28 19:00:00,0.57426,0.57426,0.57388,0.57409,985
2024-11-28 20:00:00,0.57412,0.57412,0.57388,0.57402,349
2024-11-28 21:00:00,0.57404,0.57411,0.5739,0.57411,310
2024-11-28 22:00:00,0.57412,0.57412,0.57383,0.57398,632
2024-11-28 23:00:00,0.57393,0.57402,0.57379,0.57379,887
2024-11-29 00:00:00,0.57269,0.57384,0.57153,0.57381,417
2024-11-29 01:00:00,0.5739,0.57423,0.5736,0.57416,1434
2024-11-29 02:00:00,0.57415,0.57416,0.57302,0.57334,2771
2024-11-29 03:00:00,0.57333,0.57367,0.57256,0.57333,4359
2024-11-29 04:00:00,0.57333,0.57364,0.57305,0.57357,2971
2024-11-29 05:00:00,0.57358,0.5746,0.57354,0.5746,2402
2024-11-29 06:00:00,0.5746,0.57478,0.57428,0.57432,1816
2024-11-29 07:00:00,0.5743,0.57459,0.57408,0.57432,2308
2024-11-29 08:00:00,0.57432,0.57433,0.57392,0.57427,2363
2024-11-29 09:00:00,0.5743,0.57443,0.57383,0.57422,3667
2024-11-29 10:00:00,0.57423,0.57431,0.57334,0.57343,3431
2024-11-29 11:00:00,0.57342,0.57354,0.57289,0.57343,3223
2024-11-29 12:00:00,0.57342,0.57344,0.57242,0.57243,2906
2024-11-29 13:00:00,0.57241,0.57361,0.57226,0.57349,2435
2024-11-29 14:00:00,0.57348,0.57363,0.57277,0.57288,3161
2024-11-29 15:00:00,0.57288,0.57324,0.57259,0.57269,3318
2024-11-29 16:00:00,0.57269,0.57439,0.57231,0.57435,3845
2024-11-29 17:00:00,0.57435,0.5748,0.57333,0.57384,5105
2024-11-29 18:00:00,0.57386,0.57444,0.57375,0.57439,4143
2024-11-29 19:00:00,0.5744,0.57467,0.57411,0.57456,2629
2024-11-29 20:00:00,0.57453,0.57453,0.57418,0.57422,2931
2024-11-29 21:00:00,0.57423,0.5744,0.57416,0.57437,2950
2024-11-29 22:00:00,0.57438,0.57455,0.57411,0.57439,2827
2024-11-29 23:00:00,0.57431,0.57449,0.5732,0.5733,3107
2024-12-02 00:00:00,0.57162,0.5736,0.57162,0.57284,729
2024-12-02 01:00:00,0.57281,0.57386,0.57269,0.57349,2888
2024-12-02 02:00:00,0.5735,0.57402,0.57339,0.57365,2992
2024-12-02 03:00:00,0.57362,0.57496,0.5736,0.57477,3610
2024-12-02 04:00:00,0.57476,0.57503,0.57413,0.5746,3446
2024-12-02 05:00:00,0.57462,0.57501,0.57443,0.57474,2385
2024-12-02 06:00:00,0.57471,0.57493,0.57453,0.57467,1754
2024-12-02 07:00:00,0.57467,0.57539,0.57451,0.57498,2650
2024-12-02 08:00:00,0.57497,0.5753,0.57462,0.57516,3244
2024-12-02 09:00:00,0.57516,0.57547,0.57457,0.57482,4131
2024-12-02 10:00:00,0.57481,0.57546,0.57424,0.57536,4295
2024-12-02 11:00:00,0.57535,0.5756,0.57512,0.57533,3326
2024-12-02 12:00:00,0.57534,0.57564,0.57476,0.57501,3360
2024-12-02 13:00:00,0.57502,0.57519,0.57458,0.57467,2642
2024-12-02 14:00:00,0.57467,0.57476,0.57402,0.5743,3320
2024-12-02 15:00:00,0.5743,0.57459,0.57334,0.57352,3810
2024-12-02 16:00:00,0.57352,0.5738,0.5725,0.57256,4510
2024-12-02 17:00:00,0.57243,0.57314,0.57208,0.5723,5576
2024-12-02 18:00:00,0.57229,0.57273,0.57217,0.57242,4645
2024-12-02 19:00:00,0.57242,0.57321,0.57229,0.57307,2911
2024-12-02 20:00:00,0.57309,0.57359,0.57301,0.57353,2249
2024-12-02 21:00:00,0.57352,0.57387,0.57349,0.57382,2184
2024-12-02 22:00:00,0.57381,0.57403,0.57366,0.57383,3239
2024-12-02 23:00:00,0.57382,0.57415,0.57371,0.5741,1464
2024-12-03 00:00:00,0.57312,0.57415,0.57272,0.57378,432
2024-12-03 01:00:00,0.5737,0.57414,0.57362,0.57383,1351
2024-12-03 02:00:00,0.5738,0.57466,0.57377,0.57457,2364
2024-12-03 03:00:00,0.57459,0.57485,0.5739,0.57404,3470
2024-12-03 04:00:00,0.57404,0.57418,0.57335,0.57362,2720
2024-12-03 05:00:00,0.57361,0.57461,0.57353,0.57451,2011
2024-12-03 06:00:00,0.5745,0.57488,0.57446,0.57486,1338
2024-12-03 07:00:00,0.57485,0.575,0.57439,0.57447,1815
2024-12-03 08:00:00,0.57445,0.57505,0.57436,0.57461,2384
2024-12-03 09:00:00,0.57462,0.57523,0.57436,0.57495,2996
2024-12-03 10:00:00,0.57495,0.57617,0.57491,0.5756,4105
2024-12-03 11:00:00,0.57559,0.57562,0.57473,0.57499,3086
2024-12-03 12:00:00,0.57498,0.57504,0.57431,0.57436,2420
2024-12-03 13:00:00,0.57436,0.57445,0.57367,0.57408,2196
2024-12-03 14:00:00,0.57406,0.57409,0.5736,0.57388,2454
2024-12-03 15:00:00,0.57387,0.57392,0.57277,0.57297,3643
2024-12-03 16:00:00,0.57295,0.57363,0.57287,0.57306,4617
2024-12-03 17:00:00,0.57305,0.57342,0.57207,0.57335,5821
2024-12-03 18:00:00,0.57336,0.57387,0.57315,0.57368,3971
2024-12-03 19:00:00,0.57369,0.57454,0.57366,0.57435,2955
2024-12-03 20:00:00,0.57436,0.57445,0.57408,0.57422,2393
2024-12-03 21:00:00,0.57422,0.57429,0.57389,0.57426,2048
2024-12-03 22:00:00,0.57424,0.57458,0.57414,0.57456,2023
2024-12-03 23:00:00,0.57457,0.57478,0.5744,0.57478,807
2024-12-04 00:00:00,0.57242,0.57464,0.57241,0.57463,187
2024-12-04 01:00:00,0.57471,0.57492,0.57456,0.5748,889
2024-12-04 02:00:00,0.57479,0.57505,0.57334,0.57351,2838
2024-12-04 03:00:00,0.5735,0.57382,0.57225,0.5724,3357
2024-12-04 04:00:00,0.5724,0.57259,0.57025,0.57027,3246
2024-12-04 05:00:00,0.57026,0.57028,0.56858,0.56912,3087
2024-12-04 06:00:00,0.56914,0.57051,0.56886,0.57046,2430
2024-12-04 07:00:00,0.57046,0.57107,0.57002,0.57085,2301
2024-12-04 08:00:00,0.57086,0.57108,0.57036,0.57065,2805
2024-12-04 09:00:00,0.57064,0.57107,0.57037,0.57086,3086
2024-12-04 10:00:00,0.57087,0.57098,0.56972,0.56979,3855
2024-12-04 11:00:00,0.56979,0.57007,0.56927,0.56936,3537
2024-12-04 12:00:00,0.56936,0.5695,0.56825,0.56855,2615
2024-12-04 13:00:00,0.56856,0.56865,0.56789,0.56816,2532
2024-12-04 14:00:00,0.56815,0.56832,0.56766,0.56783,2599
2024-12-04 15:00:00,0.56779,0.56847,0.56744,0.56842,4301
2024-12-04 16:00:00,0.56841,0.56892,0.568,0.56835,4192
2024-12-04 17:00:00,0.56842,0.569,0.56831,0.56852,6408
2024-12-04 18:00:00,0.56853,0.56862,0.56797,0.56851,3633
2024-12-04 19:00:00,0.5685,0.56869,0.56816,0.56853,2418
2024-12-04 20:00:00,0.56851,0.56878,0.56847,0.56851,2200
2024-12-04 21:00:00,0.5685,0.56921,0.56838,0.56894,3642
2024-12-04 22:00:00,0.56893,0.56949,0.56872,0.56933,2085
2024-12-04 23:00:00,0.56931,0.56945,0.56861,0.56865,1079
2024-12-05 00:00:00,0.56731,0.56831,0.56686,0.5681,466
2024-12-05 01:00:00,0.56812,0.56852,0.56805,0.56834,1148
2024-12-05 02:00:00,0.56833,0.5684,0.56764,0.56772,2087
2024-12-05 03:00:00,0.56776,0.569,0.56776,0.56844,2602
2024-12-05 04:00:00,0.56846,0.56898,0.56834,0.56841,2099
2024-12-05 05:00:00,0.56841,0.56886,0.56832,0.56874,1496
2024-12-05 06:00:00,0.56874,0.56877,0.56845,0.56872,1151
2024-12-05 07:00:00,0.56871,0.56877,0.56848,0.56866,1676
2024-12-05 08:00:00,0.56866,0.56885,0.56841,0.56885,1808
2024-12-05 09:00:00,0.56886,0.56968,0.56882,0.5696,2375
2024-12-05 10:00:00,0.5696,0.57027,0.56937,0.57007,3067
2024-12-05 11:00:00,0.57008,0.57011,0.56962,0.56969,2311
2024-12-05 12:00:00,0.56968,0.5699,0.56904,0.56904,1877
2024-12-05 13:00:00,0.56902,0.56913,0.5687,0.56872,2139
2024-12-05 14:00:00,0.56872,0.56872,0.56804,0.56817,2790
2024-12-05 15:00:00,0.56817,0.56822,0.56728,0.56799,4647
2024-12-05 16:00:00,0.568,0.56809,0.56731,0.56751,4673
2024-12-05 17:00:00,0.56751,0.56753,0.566,0.56617,4638
2024-12-05 18:00:00,0.56617,0.56634,0.56583,0.56602,3505
2024-12-05 19:00:00,0.56603,0.56646,0.56593,0.56628,2412
2024-12-05 20:00:00,0.56628,0.5667,0.56574,0.56664,2075
2024-12-05 21:00:00,0.56663,0.56687,0.56639,0.56656,2265
2024-12-05 22:00:00,0.56655,0.56678,0.5665,0.56663,1707
2024-12-05 23:00:00,0.56664,0.56696,0.56657,0.56694,1044
2024-12-06 00:00:00,0.56531,0.56691,0.56529,0.56676,1097
2024-12-06 01:00:00,0.56681,0.56705,0.56646,0.56653,1525
2024-12-06 02:00:00,0.56653,0.5666,0.56584,0.56597,2162
2024-12-06 03:00:00,0.56597,0.56628,0.56452,0.56471,3031
2024-12-06 04:00:00,0.5647,0.56535,0.56444,0.56496,2572
2024-12-06 05:00:00,0.56495,0.56583,0.56495,0.56538,2255
2024-12-06 06:00:00,0.56538,0.56542,0.56469,0.56494,1348
2024-12-06 07:00:00,0.56493,0.56555,0.56473,0.56547,1661
2024-12-06 08:00:00,0.56546,0.56547,0.56491,0.56513,2047
2024-12-06 09:00:00,0.56508,0.56533,0.56479,0.56484,2599
2024-12-06 10:00:00,0.56483,0.56496,0.56437,0.56463,2580
2024-12-06 11:00:00,0.56461,0.56521,0.56455,0.56474,2184
2024-12-06 12:00:00,0.56474,0.56475,0.56344,0.56353,2042
2024-12-06 13:00:00,0.56355,0.56381,0.56272,0.56275,2359
2024-12-06 14:00:00,0.56275,0.56336,0.56254,0.56254,2770
2024-12-06 15:00:00,0.56252,0.56335,0.56007,0.56307,5794
2024-12-06 16:00:00,0.56308,0.56319,0.56191,0.56207,6345
2024-12-06 17:00:00,0.56209,0.5623,0.56009,0.56044,5177
2024-12-06 18:00:00,0.56046,0.56082,0.55996,0.56001,3675
2024-12-06 19:00:00,0.55999,0.56048,0.55961,0.56047,2762
2024-12-06 20:00:00,0.56047,0.56096,0.56041,0.56081,1851
2024-12-06 21:00:00,0.56081,0.56119,0.56069,0.56113,1792
2024-12-06 22:00:00,0.5611,0.5615,0.56103,0.56147,1696
2024-12-06 23:00:00,0.56147,0.5617,0.56112,0.56123,933
2024-12-09 00:00:00,0.55977,0.56177,0.55963,0.56149,857
2024-12-09 01:00:00,0.56163,0.56257,0.56155,0.56222,1498
2024-12-09 02:00:00,0.56221,0.56221,0.56129,0.56183,2223
2024-12-09 03:00:00,0.56184,0.56276,0.56168,0.56228,2458
2024-12-09 04:00:00,0.56228,0.56291,0.56202,0.56225,2216
2024-12-09 05:00:00,0.56224,0.56227,0.56184,0.56184,1718
2024-12-09 06:00:00,0.56186,0.56225,0.56146,0.56166,1667
2024-12-09 07:00:00,0.56167,0.56201,0.56151,0.56197,1615
2024-12-09 08:00:00,0.56198,0.56223,0.56163,0.56217,1765
2024-12-09 09:00:00,0.56213,0.56461,0.56146,0.56457,3608
2024-12-09 10:00:00,0.56458,0.56624,0.56455,0.56614,3925
2024-12-09 11:00:00,0.56614,0.56689,0.56606,0.56642,3111
2024-12-09 12:00:00,0.56643,0.56681,0.56632,0.56637,2449
2024-12-09 13:00:00,0.56638,0.56659,0.5662,0.56626,1910
2024-12-09 14:00:00,0.56627,0.56708,0.56606,0.56695,2314
2024-12-09 15:00:00,0.56695,0.56809,0.56693,0.56787,3631
2024-12-09 16:00:00,0.56786,0.568,0.56698,0.56743,3680
2024-12-09 17:00:00,0.56742,0.56774,0.56656,0.56664,4265
2024-12-09 18:00:00,0.56666,0.56716,0.56629,0.56675,3184
2024-12-09 19:00:00,0.56674,0.56739,0.5666,0.56688,1888
2024-12-09 20:00:00,0.56687,0.56692,0.56646,0.56649,1843
2024-12-09 21:00:00,0.56648,0.56659,0.56608,0.56622,1500
2024-12-09 22:00:00,0.56622,0.56632,0.56544,0.56568,1802
2024-12-09 23:00:00,0.56564,0.56596,0.56552,0.56595,777
2024-12-10 00:00:00,0.56508,0.5659,0.56475,0.56568,636
2024-12-10 01:00:00,0.56576,0.56591,0.56552,0.56554,1013
2024-12-10 02:00:00,0.56555,0.56566,0.56489,0.56507,1830
2024-12-10 03:00:00,0.56508,0.56515,0.56405,0.56441,3372
2024-12-10 04:00:00,0.56441,0.56481,0.56351,0.56358,2807
2024-12-10 05:00:00,0.56356,0.5638,0.56043,0.56129,3435
2024-12-10 06:00:00,0.56128,0.56213,0.56034,0.56039,2564
2024-12-10 07:00:00,0.56038,0.56156,0.56024,0.56107,2693
2024-12-10 08:00:00,0.56107,0.56163,0.56092,0.56144,2361
2024-12-10 09:00:00,0.5614,0.56176,0.5609,0.56099,2874
2024-12-10 10:00:00,0.56099,0.56257,0.56091,0.56257,2882
2024-12-10 11:00:00,0.56258,0.56304,0.56252,0.56292,2942
2024-12-10 12:00:00,0.56292,0.56315,0.56256,0.56301,2499
2024-12-10 13:00:00,0.563,0.563,0.56259,0.56289,2265
2024-12-10 14:00:00,0.5629,0.56323,0.56208,0.56319,2626
2024-12-10 15:00:00,0.5632,0.56339,0.56229,0.56258,3322
2024-12-10 16:00:00,0.56253,0.56284,0.56214,0.56255,3534
2024-12-10 17:00:00,0.56255,0.56283,0.5619,0.56199,4017
2024-12-10 18:00:00,0.56198,0.56255,0.56163,0.56251,3039
2024-12-10 19:00:00,0.56252,0.56266,0.56215,0.56258,1912
2024-12-10 20:00:00,0.56258,0.56319,0.56252,0.56279,1861
2024-12-10 21:00:00,0.56283,0.5634,0.56276,0.56339,1457
2024-12-10 22:00:00,0.56338,0.56341,0.56309,0.56322,1513
2024-12-10 23:00:00,0.56323,0.56346,0.56296,0.56313,1283
2024-12-11 00:00:00,0.56186,0.56314,0.56152,0.56293,612
2024-12-11 01:00:00,0.56293,0.56326,0.5627,0.56277,857
2024-12-11 02:00:00,0.56275,0.56327,0.56217,0.56271,1687
2024-12-11 03:00:00,0.5627,0.56352,0.56269,0.56338,2776
2024-12-11 04:00:00,0.56338,0.56363,0.5631,0.56338,2172
2024-12-11 05:00:00,0.56338,0.56416,0.5633,0.56379,1734
2024-12-11 06:00:00,0.56379,0.56385,0.56282,0.56309,1276
2024-12-11 07:00:00,0.56308,0.56321,0.56267,0.5629,1567
2024-12-11 08:00:00,0.56289,0.56324,0.56277,0.56303,1583
2024-12-11 09:00:00,0.56303,0.56309,0.56055,0.56192,4820
2024-12-11 10:00:00,0.56194,0.56246,0.56178,0.5621,3363
2024-12-11 11:00:00,0.56212,0.5622,0.56066,0.56118,3930
2024-12-11 12:00:00,0.56118,0.5613,0.56051,0.56117,2867
2024-12-11 13:00:00,0.56116,0.56118,0.56065,0.56114,2555
2024-12-11 14:00:00,0.56112,0.56186,0.561,0.56153,3074
2024-12-11 15:00:00,0.56155,0.56216,0.5612,0.56155,5131
2024-12-11 16:00:00,0.56158,0.5622,0.56143,0.56208,5209
2024-12-11 17:00:00,0.5621,0.56305,0.56186,0.56275,5037
2024-12-11 18:00:00,0.56275,0.56306,0.56256,0.56297,3390
2024-12-11 19:00:00,0.56297,0.56325,0.56274,0.5631,2503
2024-12-11 20:00:00,0.56311,0.56373,0.56303,0.56325,2915
2024-12-11 21:00:00,0.56323,0.56378,0.56322,0.56362,2268
2024-12-11 22:00:00,0.56362,0.56375,0.56339,0.56353,1519
2024-12-11 23:00:00,0.56354,0.56365,0.56293,0.56304,1108
2024-12-12 00:00:00,0.56112,0.56318,0.56112,0.56316,618
2024-12-12 01:00:00,0.56316,0.56384,0.56308,0.56366,980
2024-12-12 02:00:00,0.56368,0.56659,0.56327,0.56582,2929
2024-12-12 03:00:00,0.56582,0.56644,0.56551,0.56638,3194
2024-12-12 04:00:00,0.56639,0.56655,0.56602,0.56624,2402
2024-12-12 05:00:00,0.56626,0.56729,0.56623,0.56726,2088
2024-12-12 06:00:00,0.56725,0.56734,0.56672,0.56714,1366
2024-12-12 07:00:00,0.56715,0.56743,0.56682,0.56715,2199
2024-12-12 08:00:00,0.56715,0.5676,0.56706,0.56714,2094
2024-12-12 09:00:00,0.56715,0.56726,0.56572,0.56592,3062
2024-12-12 10:00:00,0.56589,0.57005,0.56575,0.56813,4617
2024-12-12 11:00:00,0.56816,0.56954,0.56768,0.56866,3308
2024-12-12 12:00:00,0.56867,0.5691,0.56738,0.56804,2594
2024-12-12 13:00:00,0.56803,0.56891,0.56691,0.56782,3427
2024-12-12 14:00:00,0.56782,0.56838,0.56754,0.56829,3041
2024-12-12 15:00:00,0.5683,0.56889,0.56763,0.56854,5390
2024-12-12 16:00:00,0.56855,0.56878,0.56704,0.56764,6223
2024-12-12 17:00:00,0.56765,0.56772,0.56651,0.56706,5644
2024-12-12 18:00:00,0.56706,0.56755,0.56688,0.56705,3820
2024-12-12 19:00:00,0.56703,0.56765,0.56679,0.56725,2834
2024-12-12 20:00:00,0.56725,0.56754,0.56707,0.56718,2793
2024-12-12 21:00:00,0.56716,0.56751,0.56677,0.5672,2455
2024-12-12 22:00:00,0.56721,0.56781,0.56707,0.56769,1871
2024-12-12 23:00:00,0.56768,0.5684,0.56767,0.56827,1935
2024-12-13 00:00:00,0.56331,0.56809,0.56331,0.5676,493
2024-12-13 01:00:00,0.56759,0.56837,0.56751,0.56826,1332
2024-12-13 02:00:00,0.56828,0.56828,0.56755,0.5677,2325
2024-12-13 03:00:00,0.5677,0.56817,0.56749,0.5678,3070
2024-12-13 04:00:00,0.56781,0.56782,0.56713,0.56752,2556
2024-12-13 05:00:00,0.56752,0.56818,0.5675,0.56796,1984
2024-12-13 06:00:00,0.56796,0.56844,0.56789,0.56839,1305
2024-12-13 07:00:00,0.56839,0.5685,0.56771,0.56774,2187
2024-12-13 08:00:00,0.56775,0.56815,0.56726,0.56814,2084
2024-12-13 09:00:00,0.56807,0.569,0.56793,0.5689,3553
2024-12-13 10:00:00,0.56891,0.56913,0.56816,0.5689,3371
2024-12-13 11:00:00,0.5689,0.56964,0.56875,0.56944,2922
2024-12-13 12:00:00,0.56942,0.56977,0.56887,0.56958,2914
2024-12-13 13:00:00,0.56959,0.56981,0.56919,0.56949,2407
2024-12-13 14:00:00,0.56949,0.56979,0.56919,0.56943,2895
2024-12-13 15:00:00,0.56945,0.56949,0.5687,0.56921,3057
2024-12-13 16:00:00,0.5692,0.56927,0.56869,0.56877,3396
2024-12-13 17:00:00,0.56878,0.56878,0.56768,0.56822,4164
2024-12-13 18:00:00,0.56823,0.56829,0.56745,0.56756,3320
2024-12-13 19:00:00,0.56758,0.56766,0.56702,0.56733,2686
2024-12-13 20:00:00,0.56733,0.56785,0.56727,0.56751,2074
2024-12-13 21:00:00,0.56751,0.56764,0.56729,0.56747,1857
2024-12-13 22:00:00,0.56745,0.56754,0.5672,0.56749,1487
2024-12-13 23:00:00,0.56749,0.5678,0.5674,0.56773,867
2024-12-16 00:00:00,0.56413,0.56772,0.56406,0.56723,1298
2024-12-16 01:00:00,0.56726,0.56801,0.56708,0.56771,1373
2024-12-16 02:00:00,0.56772,0.56803,0.5674,0.56741,2311
2024-12-16 03:00:00,0.5674,0.56794,0.5674,0.56784,3021
2024-12-16 04:00:00,0.56777,0.56802,0.56712,0.56732,2359
2024-12-16 05:00:00,0.56732,0.56804,0.56708,0.56804,2541
2024-12-16 06:00:00,0.56805,0.56868,0.5679,0.56799,1778
2024-12-16 07:00:00,0.56799,0.56814,0.56752,0.56765,1827
2024-12-16 08:00:00,0.56766,0.56788,0.56716,0.56737,1784
2024-12-16 09:00:00,0.56736,0.56805,0.56709,0.56794,2391
2024-12-16 10:00:00,0.56794,0.56815,0.56718,0.56741,3684
2024-12-16 11:00:00,0.5674,0.56754,0.56658,0.56674,2758
2024-12-16 12:00:00,0.56674,0.56699,0.5664,0.56691,2099
2024-12-16 13:00:00,0.5669,0.56715,0.56641,0.56703,2070
2024-12-16 14:00:00,0.56709,0.56769,0.56699,0.56748,2307
2024-12-16 15:00:00,0.56748,0.56819,0.56747,0.56799,2688
2024-12-16 16:00:00,0.56801,0.5681,0.56721,0.5681,3809
2024-12-16 17:00:00,0.56812,0.56855,0.56794,0.56845,4226
2024-12-16 18:00:00,0.56845,0.56928,0.56827,0.56906,3421
2024-12-16 19:00:00,0.56906,0.56968,0.56894,0.56957,2633
2024-12-16 20:00:00,0.56956,0.56979,0.56947,0.56967,1717
2024-12-16 21:00:00,0.56966,0.56988,0.56931,0.56976,1562
2024-12-16 22:00:00,0.56976,0.56982,0.56938,0.56945,1463
2024-12-16 23:00:00,0.56947,0.56982,0.56942,0.56982,1009
2024-12-17 00:00:00,0.56885,0.56963,0.56827,0.56938,806
2024-12-17 01:00:00,0.56943,0.57016,0.56937,0.57002,1265
2024-12-17 02:00:00,0.57002,0.57012,0.56908,0.56917,2054
2024-12-17 03:00:00,0.56916,0.56937,0.56887,0.56923,2471
2024-12-17 04:00:00,0.56923,0.56934,0.56895,0.56924,2336
2024-12-17 05:00:00,0.56925,0.56944,0.56887,0.56904,1593
2024-12-17 06:00:00,0.56904,0.56956,0.56889,0.5689,1219
2024-12-17 07:00:00,0.56892,0.56901,0.56804,0.56807,1967
2024-12-17 08:00:00,0.56806,0.56861,0.56797,0.56851,2427
2024-12-17 09:00:00,0.5685,0.56946,0.56846,0.56924,2738
2024-12-17 10:00:00,0.56924,0.56967,0.56836,0.56868,2793
2024-12-17 11:00:00,0.56867,0.56947,0.56867,0.56906,2605
2024-12-17 12:00:00,0.56907,0.56922,0.5682,0.5684,2481
2024-12-17 13:00:00,0.56839,0.56889,0.56823,0.56884,1986
2024-12-17 14:00:00,0.56884,0.56929,0.5687,0.56885,2639
2024-12-17 15:00:00,0.56885,0.56905,0.56802,0.56869,3820
2024-12-17 16:00:00,0.56868,0.56875,0.56769,0.56791,4009
2024-12-17 17:00:00,0.5679,0.568,0.56672,0.56716,4091
2024-12-17 18:00:00,0.56714,0.56718,0.56589,0.56592,3073
2024-12-17 19:00:00,0.56592,0.56598,0.56541,0.56557,2547
2024-12-17 20:00:00,0.56555,0.5658,0.56515,0.56538,2024
2024-12-17 21:00:00,0.56538,0.56562,0.56523,0.56528,1542
2024-12-17 22:00:00,0.56529,0.56559,0.56519,0.56552,1332
2024-12-17 23:00:00,0.56552,0.56571,0.56544,0.56563,1086
2024-12-18 00:00:00,0.56508,0.56571,0.5646,0.56555,538
2024-12-18 01:00:00,0.56559,0.56577,0.56531,0.56571,1429
2024-12-18 02:00:00,0.5657,0.56574,0.56474,0.56499,1590
2024-12-18 03:00:00,0.565,0.56516,0.56425,0.56471,2288
2024-12-18 04:00:00,0.56471,0.56505,0.56408,0.56472,2062
2024-12-18 05:00:00,0.56473,0.56477,0.56383,0.56392,1667
2024-12-18 06:00:00,0.56391,0.56403,0.56326,0.56329,1370
2024-12-18 07:00:00,0.56328,0.5635,0.56308,0.56335,1641
2024-12-18 08:00:00,0.56335,0.56408,0.56312,0.56395,1743
2024-12-18 09:00:00,0.56396,0.56463,0.56356,0.56415,2723
2024-12-18 10:00:00,0.56415,0.56441,0.56366,0.56397,2822
2024-12-18 11:00:00,0.56399,0.56458,0.56342,0.56362,2410
2024-12-18 12:00:00,0.56361,0.56427,0.5636,0.56421,2088
2024-12-18 13:00:00,0.56421,0.56457,0.56386,0.56435,1840
2024-12-18 14:00:00,0.56436,0.56522,0.56434,0.56522,2321
2024-12-18 15:00:00,0.56522,0.56529,0.56462,0.56484,3176
2024-12-18 16:00:00,0.56485,0.56531,0.5647,0.56489,3776
2024-12-18 17:00:00,0.56488,0.56488,0.56302,0.56304,3726
2024-12-18 18:00:00,0.56303,0.56315,0.56266,0.56307,2824
2024-12-18 19:00:00,0.56308,0.56309,0.56262,0.56268,2052
2024-12-18 20:00:00,0.56271,0.56273,0.56225,0.56229,1905
2024-12-18 21:00:00,0.5624,0.5631,0.56149,0.56177,8441
2024-12-18 22:00:00,0.56178,0.56214,0.5604,0.56059,7332
2024-12-18 23:00:00,0.5606,0.56077,0.55976,0.56017,3428
2024-12-19 00:00:00,0.55986,0.56036,0.55865,0.55994,507
2024-12-19 01:00:00,0.55994,0.56061,0.55911,0.55945,2416
2024-12-19 02:00:00,0.55944,0.5602,0.55861,0.55997,3813
2024-12-19 03:00:00,0.56,0.56043,0.55983,0.56011,3690
2024-12-19 04:00:00,0.56011,0.56087,0.5599,0.56077,2994
2024-12-19 05:00:00,0.56079,0.56165,0.56058,0.56066,2524
2024-12-19 06:00:00,0.56065,0.56069,0.56012,0.56045,2052
2024-12-19 07:00:00,0.56045,0.56045,0.55909,0.55922,2156
2024-12-19 08:00:00,0.55919,0.5606,0.55919,0.56027,3918
2024-12-19 09:00:00,0.56027,0.56064,0.55982,0.5602,4429
2024-12-19 10:00:00,0.56017,0.56118,0.55974,0.56037,4092
2024-12-19 11:00:00,0.56037,0.56037,0.55902,0.55947,3697
2024-12-19 12:00:00,0.55946,0.55995,0.55924,0.55956,2945
2024-12-19 13:00:00,0.55956,0.56004,0.55942,0.56001,2670
2024-12-19 14:00:00,0.56001,0.56025,0.55954,0.56002,3634
2024-12-19 15:00:00,0.56,0.56099,0.55997,0.56093,5218
2024-12-19 16:00:00,0.56089,0.56257,0.56089,0.56221,4998
2024-12-19 17:00:00,0.56221,0.56231,0.56128,0.56145,5656
2024-12-19 18:00:00,0.56147,0.56221,0.56102,0.56213,4884
2024-12-19 19:00:00,0.56212,0.56231,0.5617,0.56186,3716
2024-12-19 20:00:00,0.56185,0.56185,0.56133,0.56157,3182
2024-12-19 21:00:00,0.56155,0.56172,0.56071,0.56074,3137
2024-12-19 22:00:00,0.56073,0.56105,0.56034,0.56048,2658
2024-12-19 23:00:00,0.56048,0.56076,0.56038,0.56062,1433
2024-12-20 00:00:00,0.56014,0.56051,0.5593,0.56023,812
2024-12-20 01:00:00,0.56034,0.56043,0.56005,0.5601,1631
2024-12-20 02:00:00,0.56011,0.56031,0.55918,0.55919,2845
2024-12-20 03:00:00,0.5592,0.55973,0.55872,0.55944,3177
2024-12-20 04:00:00,0.55943,0.55966,0.55871,0.55907,2885
2024-12-20 05:00:00,0.55908,0.55923,0.55815,0.55879,2515
2024-12-20 06:00:00,0.55882,0.5593,0.55871,0.55914,1754
2024-12-20 07:00:00,0.55915,0.55939,0.55863,0.55875,1848
2024-12-20 08:00:00,0.55875,0.56039,0.55863,0.56016,3235
2024-12-20 09:00:00,0.56015,0.56046,0.55931,0.56042,3088
2024-12-20 10:00:00,0.56041,0.56053,0.55861,0.55896,3905
2024-12-20 11:00:00,0.55897,0.55912,0.55791,0.55801,3250
2024-12-20 12:00:00,0.558,0.55807,0.5572,0.55732,3098
2024-12-20 13:00:00,0.55732,0.55742,0.5565,0.55676,2694
2024-12-20 14:00:00,0.55677,0.55787,0.55652,0.55774,2667
2024-12-20 15:00:00,0.55773,0.55823,0.5573,0.55741,4497
2024-12-20 16:00:00,0.55738,0.55818,0.55704,0.55783,5173
2024-12-20 17:00:00,0.55785,0.55976,0.55778,0.55875,5723
2024-12-20 18:00:00,0.55875,0.55955,0.55852,0.55933,4410
2024-12-20 19:00:00,0.55933,0.55969,0.55893,0.55898,3802
2024-12-20 20:00:00,0.55899,0.55913,0.55845,0.55848,2447
2024-12-20 21:00:00,0.55848,0.55916,0.55843,0.5588,2466
2024-12-20 22:00:00,0.5588,0.55893,0.55828,0.55842,2621
2024-12-20 23:00:00,0.55844,0.55865,0.55809,0.5581,1312
2024-12-23 00:00:00,0.55689,0.55785,0.55651,0.55697,1849
2024-12-23 01:00:00,0.55717,0.55856,0.55715,0.55848,2507
2024-12-23 02:00:00,0.55851,0.5587,0.55795,0.55797,2832
2024-12-23 03:00:00,0.55795,0.55877,0.55787,0.55858,2443
2024-12-23 04:00:00,0.55858,0.55899,0.55842,0.55886,1721
2024-12-23 05:00:00,0.55885,0.55893,0.55815,0.55822,1233
2024-12-23 06:00:00,0.5582,0.55899,0.55804,0.55896,1205
2024-12-23 07:00:00,0.55899,0.55948,0.5589,0.55947,1716
2024-12-23 08:00:00,0.55947,0.55971,0.55905,0.55915,1800
2024-12-23 09:00:00,0.55915,0.55921,0.55841,0.55921,2011
2024-12-23 10:00:00,0.55921,0.55994,0.55894,0.55978,2588
2024-12-23 11:00:00,0.55978,0.5606,0.55975,0.5604,2352
2024-12-23 12:00:00,0.56039,0.56052,0.55955,0.5598,2057
2024-12-23 13:00:00,0.55979,0.56034,0.55972,0.55987,2134
2024-12-23 14:00:00,0.55988,0.5605,0.55923,0.56041,2389
2024-12-23 15:00:00,0.56041,0.56049,0.55887,0.55888,3030
2024-12-23 16:00:00,0.55889,0.55983,0.55887,0.5595,3388
2024-12-23 17:00:00,0.55954,0.56096,0.55908,0.56076,4403
2024-12-23 18:00:00,0.56075,0.56135,0.56016,0.56123,3382
2024-12-23 19:00:00,0.56124,0.56184,0.56117,0.56148,2506
2024-12-23 20:00:00,0.56148,0.56159,0.56122,0.5614,2362
2024-12-23 21:00:00,0.5614,0.56165,0.56124,0.56134,1750
2024-12-23 22:00:00,0.56134,0.56172,0.56113,0.56156,1964
2024-12-23 23:00:00,0.56156,0.56162,0.56134,0.56143,1001
2024-12-24 00:00:00,0.55968,0.56131,0.55909,0.56083,502
2024-12-24 01:00:00,0.56079,0.56132,0.5606,0.56094,963
2024-12-24 02:00:00,0.56094,0.56118,0.56061,0.56091,1380
2024-12-24 03:00:00,0.56092,0.56099,0.56009,0.56043,1562
2024-12-24 04:00:00,0.56044,0.56096,0.56016,0.56019,1717
2024-12-24 05:00:00,0.56019,0.56106,0.55986,0.56104,1714
2024-12-24 06:00:00,0.56104,0.56116,0.56064,0.56092,1000
2024-12-24 07:00:00,0.56092,0.56096,0.56054,0.5608,1044
2024-12-24 08:00:00,0.5608,0.56153,0.56056,0.56147,1878
2024-12-24 09:00:00,0.56152,0.562,0.56143,0.56172,1703
2024-12-24 10:00:00,0.56171,0.56183,0.56109,0.56159,1917
2024-12-24 11:00:00,0.56159,0.56188,0.56123,0.56162,1454
2024-12-24 12:00:00,0.56163,0.56167,0.56106,0.5611,1407
2024-12-24 13:00:00,0.56107,0.56131,0.56079,0.56102,1424
2024-12-24 14:00:00,0.56103,0.56103,0.56032,0.56075,2025
2024-12-24 15:00:00,0.56074,0.56126,0.56074,0.56117,2280
2024-12-24 16:00:00,0.56116,0.56152,0.56114,0.56132,2912
2024-12-24 17:00:00,0.56132,0.56202,0.56088,0.561,2690
2024-12-24 18:00:00,0.561,0.56139,0.56078,0.56102,2251
2024-12-24 19:00:00,0.56101,0.5616,0.56099,0.56113,2118
2024-12-24 20:00:00,0.56114,0.56157,0.56113,0.56124,979
2024-12-24 21:00:00,0.56124,0.56215,0.55985,0.56165,1411
2024-12-24 22:00:00,0.56165,0.56171,0.56044,0.56109,386
2024-12-24 23:00:00,0.56114,0.56192,0.55958,0.56048,472
2024-12-26 00:00:00,0.56065,0.56071,0.55931,0.56018,427
2024-12-26 01:00:00,0.56016,0.56197,0.56016,0.56147,1809
2024-12-26 02:00:00,0.56148,0.5617,0.56142,0.56157,1652
2024-12-26 03:00:00,0.56157,0.5617,0.56127,0.5616,2134
2024-12-26 04:00:00,0.5616,0.56228,0.56154,0.56207,1108
2024-12-26 05:00:00,0.56208,0.5625,0.56192,0.56208,1159
2024-12-26 06:00:00,0.56208,0.56208,0.56139,0.56148,1204
2024-12-26 07:00:00,0.56151,0.56187,0.56111,0.5612,1412
2024-12-26 08:00:00,0.5612,0.56136,0.56089,0.56103,1404
2024-12-26 09:00:00,0.56102,0.56137,0.5609,0.56116,1620
2024-12-26 10:00:00,0.56115,0.56122,0.56032,0.56033,1594
2024-12-26 11:00:00,0.56033,0.56039,0.55985,0.56005,1977
2024-12-26 12:00:00,0.56005,0.56068,0.55998,0.5605,1282
2024-12-26 13:00:00,0.5605,0.5611,0.56036,0.56102,1924
2024-12-26 14:00:00,0.56103,0.56105,0.56021,0.56038,2448
2024-12-26 15:00:00,0.56037,0.56111,0.56034,0.56069,2424
2024-12-26 16:00:00,0.56067,0.56098,0.56003,0.56026,3061
2024-12-26 17:00:00,0.56027,0.56034,0.55963,0.55974,2903
2024-12-26 18:00:00,0.55975,0.56024,0.55955,0.56021,2175
2024-12-26 19:00:00,0.5602,0.56034,0.55941,0.55959,2050
2024-12-26 20:00:00,0.55958,0.55979,0.55939,0.55957,2270
2024-12-26 21:00:00,0.55957,0.55964,0.55927,0.5593,1811
2024-12-26 22:00:00,0.55928,0.55931,0.55905,0.55923,1683
2024-12-26 23:00:00,0.55924,0.5593,0.55896,0.55896,1044
2024-12-27 00:00:00,0.55805,0.55919,0.55692,0.55857,693
2024-12-27 01:00:00,0.55851,0.55941,0.55845,0.55939,1141
2024-12-27 02:00:00,0.55941,0.55966,0.55913,0.5596,1724
2024-12-27 03:00:00,0.55962,0.55964,0.55897,0.55927,2100
2024-12-27 04:00:00,0.55928,0.55945,0.55904,0.55923,1706
2024-12-27 05:00:00,0.55919,0.55931,0.55877,0.55902,1198
2024-12-27 06:00:00,0.55901,0.55915,0.55844,0.55846,830
2024-12-27 07:00:00,0.55845,0.55871,0.5582,0.55821,1195
2024-12-27 08:00:00,0.55821,0.55943,0.5582,0.55935,1736
2024-12-27 09:00:00,0.5594,0.56046,0.55928,0.56021,2121
2024-12-27 10:00:00,0.56022,0.56032,0.55958,0.5599,2498
2024-12-27 11:00:00,0.55991,0.56,0.55861,0.55874,2148
2024-12-27 12:00:00,0.55874,0.55932,0.55849,0.55931,1706
2024-12-27 13:00:00,0.55935,0.55986,0.55923,0.5597,2119
2024-12-27 14:00:00,0.55971,0.56036,0.55965,0.56014,2015
2024-12-27 15:00:00,0.56014,0.56045,0.55986,0.56019,2837
2024-12-27 16:00:00,0.56019,0.56024,0.55947,0.55966,4038
2024-12-27 17:00:00,0.55966,0.56022,0.5589,0.55994,4916
2024-12-27 18:00:00,0.55996,0.56023,0.55952,0.55974,3148
2024-12-27 19:00:00,0.55973,0.56036,0.55934,0.56017,2779
2024-12-27 20:00:00,0.56017,0.56065,0.56015,0.56054,2133
2024-12-27 21:00:00,0.56052,0.56082,0.56046,0.56075,2264
2024-12-27 22:00:00,0.56077,0.56082,0.56032,0.56074,1862
2024-12-27 23:00:00,0.56075,0.56105,0.56006,0.56008,848
2024-12-30 00:00:00,0.5591,0.56089,0.55899,0.56088,813
2024-12-30 01:00:00,0.56087,0.56193,0.56071,0.56134,1296
2024-12-30 02:00:00,0.56135,0.56171,0.56095,0.56146,930
2024-12-30 03:00:00,0.56147,0.56187,0.56104,0.56184,1130
2024-12-30 04:00:00,0.56184,0.56216,0.56159,0.56209,1014
2024-12-30 05:00:00,0.56208,0.5629,0.56198,0.56284,1008
2024-12-30 06:00:00,0.56284,0.56284,0.56243,0.56267,777
2024-12-30 07:00:00,0.56266,0.56328,0.56261,0.56286,1257
2024-12-30 08:00:00,0.56286,0.56315,0.56264,0.56267,1159
2024-12-30 09:00:00,0.56266,0.56314,0.56235,0.56247,1870
2024-12-30 10:00:00,0.56244,0.56246,0.56168,0.56193,2415
2024-12-30 11:00:00,0.56193,0.56259,0.5613,0.56131,2137
2024-12-30 12:00:00,0.5613,0.56233,0.56101,0.56233,1848
2024-12-30 13:00:00,0.56232,0.56318,0.56222,0.56313,1551
2024-12-30 14:00:00,0.56312,0.56355,0.56295,0.56339,1943
2024-12-30 15:00:00,0.56338,0.56343,0.56243,0.5631,3314
2024-12-30 16:00:00,0.56308,0.56348,0.56243,0.56256,4670
2024-12-30 17:00:00,0.56252,0.56361,0.56215,0.56353,5406
2024-12-30 18:00:00,0.56352,0.564,0.56323,0.5636,3912
2024-12-30 19:00:00,0.5636,0.56376,0.56289,0.56346,2571
2024-12-30 20:00:00,0.56341,0.56362,0.56297,0.56321,2316
2024-12-30 21:00:00,0.5632,0.56328,0.56258,0.56259,1692
2024-12-30 22:00:00,0.56258,0.5629,0.56218,0.56222,1665
2024-12-30 23:00:00,0.56224,0.56228,0.56187,0.56219,1149
2024-12-31 00:00:00,0.56112,0.56249,0.56068,0.56182,615
2024-12-31 01:00:00,0.56182,0.56191,0.56143,0.56163,1131
2024-12-31 02:00:00,0.56163,0.56169,0.56116,0.56147,1099
2024-12-31 03:00:00,0.56146,0.5625,0.56137,0.56226,1980
2024-12-31 04:00:00,0.56226,0.56229,0.56135,0.56148,1668
2024-12-31 05:00:00,0.56148,0.56152,0.56064,0.5609,1441
2024-12-31 06:00:00,0.56088,0.56132,0.56082,0.56125,929
2024-12-31 07:00:00,0.56125,0.56154,0.56107,0.56128,1007
2024-12-31 08:00:00,0.56129,0.56145,0.56077,0.56142,1519
2024-12-31 09:00:00,0.56142,0.56223,0.56115,0.56205,1831
2024-12-31 10:00:00,0.56205,0.56215,0.56069,0.5608,2380
2024-12-31 11:00:00,0.5608,0.56214,0.56067,0.562,2001
2024-12-31 12:00:00,0.56201,0.56204,0.56138,0.56186,2551
2024-12-31 13:00:00,0.56186,0.56209,0.56164,0.56199,1584
2024-12-31 14:00:00,0.56197,0.56225,0.56137,0.56151,2372
2024-12-31 15:00:00,0.56153,0.56153,0.56061,0.56125,3336
2024-12-31 16:00:00,0.56124,0.56127,0.56019,0.56071,4279
2024-12-31 17:00:00,0.56074,0.56223,0.56054,0.56111,5437
2024-12-31 18:00:00,0.56111,0.56137,0.56055,0.56067,3649
2024-12-31 19:00:00,0.56065,0.5614,0.56055,0.56136,2683
2024-12-31 20:00:00,0.56137,0.56175,0.56122,0.56169,2361
2024-12-31 21:00:00,0.56168,0.56188,0.56149,0.56181,1480
2024-12-31 22:00:00,0.56179,0.56207,0.56152,0.56152,1496
2024-12-31 23:00:00,0.56153,0.56164,0.5612,0.56157,748
2025-01-02 00:00:00,0.56003,0.56052,0.55897,0.56039,854
2025-01-02 01:00:00,0.56037,0.56224,0.56032,0.56214,1577
2025-01-02 02:00:00,0.56214,0.56233,0.56143,0.56227,1607
2025-01-02 03:00:00,0.56228,0.56347,0.56217,0.56275,2367
2025-01-02 04:00:00,0.56275,0.5632,0.56234,0.56319,1913
2025-01-02 05:00:00,0.56318,0.5632,0.56221,0.56228,1348
2025-01-02 06:00:00,0.56227,0.56268,0.56207,0.56227,1022
2025-01-02 07:00:00,0.56226,0.5627,0.5619,0.56256,1317
2025-01-02 08:00:00,0.56255,0.56257,0.56208,0.56219,1702
2025-01-02 09:00:00,0.56224,0.56232,0.56122,0.56131,2181
2025-01-02 10:00:00,0.56133,0.56245,0.56116,0.5622,3042
2025-01-02 11:00:00,0.56219,0.5626,0.56177,0.56253,2936
2025-01-02 12:00:00,0.56255,0.56337,0.56216,0.56331,3185
2025-01-02 13:00:00,0.56336,0.56427,0.56304,0.56422,2634
2025-01-02 14:00:00,0.56421,0.56431,0.56336,0.56382,2493
2025-01-02 15:00:00,0.56382,0.56476,0.56351,0.56475,3870
2025-01-02 16:00:00,0.56475,0.56526,0.56446,0.56496,4053
2025-01-02 17:00:00,0.56495,0.56575,0.56483,0.56548,5162
2025-01-02 18:00:00,0.56547,0.56664,0.56539,0.56625,5412
2025-01-02 19:00:00,0.56622,0.56687,0.56555,0.56583,4316
2025-01-02 20:00:00,0.56582,0.56587,0.56491,0.56527,3363
2025-01-02 21:00:00,0.56528,0.56606,0.56519,0.5657,2404
2025-01-02 22:00:00,0.5657,0.56637,0.56565,0.56611,1827
2025-01-02 23:00:00,0.5661,0.56617,0.56579,0.56588,880
2025-01-03 00:00:00,0.56488,0.566,0.56436,0.56551,626
2025-01-03 01:00:00,0.5657,0.56593,0.56543,0.56553,598
2025-01-03 02:00:00,0.56553,0.56664,0.56547,0.56661,1450
2025-01-03 03:00:00,0.56661,0.5668,0.56587,0.56619,2077
2025-01-03 04:00:00,0.56618,0.56647,0.56584,0.566,2043
2025-01-03 05:00:00,0.56602,0.5665,0.56593,0.5665,1479
2025-01-03 06:00:00,0.5665,0.56685,0.56645,0.56671,1070
2025-01-03 07:00:00,0.56672,0.56703,0.56644,0.56654,1724
2025-01-03 08:00:00,0.56653,0.56684,0.56625,0.56629,1522
2025-01-03 09:00:00,0.56623,0.56636,0.56499,0.56534,3334
2025-01-03 10:00:00,0.56536,0.56571,0.5649,0.56516,3287
2025-01-03 11:00:00,0.56515,0.56549,0.56466,0.56487,2905
2025-01-03 12:00:00,0.56484,0.56549,0.56476,0.56548,1989
2025-01-03 13:00:00,0.56548,0.56578,0.56523,0.56573,2231
2025-01-03 14:00:00,0.56571,0.56577,0.56525,0.56551,2351
2025-01-03 15:00:00,0.56549,0.56564,0.56501,0.56528,2551
2025-01-03 16:00:00,0.56529,0.5656,0.56449,0.56472,2938
2025-01-03 17:00:00,0.5647,0.56508,0.56393,0.56502,5002
2025-01-03 18:00:00,0.56501,0.56524,0.56435,0.56468,2849
2025-01-03 19:00:00,0.56468,0.56513,0.56456,0.56468,2486
2025-01-03 20:00:00,0.56468,0.56522,0.56465,0.56504,1906
2025-01-03 21:00:00,0.56502,0.56523,0.56496,0.56507,1832
2025-01-03 22:00:00,0.56505,0.56526,0.565,0.56506,1779
2025-01-03 23:00:00,0.56506,0.56512,0.56468,0.56469,733
2025-01-06 00:00:00,0.56395,0.56449,0.56367,0.56377,888
2025-01-06 01:00:00,0.5639,0.56579,0.56388,0.56564,1292
2025-01-06 02:00:00,0.56568,0.5669,0.56562,0.56689,2381
2025-01-06 03:00:00,0.56688,0.56748,0.56633,0.56654,2835
2025-01-06 04:00:00,0.56655,0.56695,0.56633,0.56663,2342
2025-01-06 05:00:00,0.56663,0.56669,0.56563,0.56585,1645
2025-01-06 06:00:00,0.56585,0.56598,0.56557,0.56578,1135
2025-01-06 07:00:00,0.56578,0.56663,0.56569,0.56656,1359
2025-01-06 08:00:00,0.56655,0.56691,0.56626,0.56676,1825
2025-01-06 09:00:00,0.56674,0.56686,0.56572,0.56578,2202
2025-01-06 10:00:00,0.56577,0.56644,0.56546,0.56642,2998
2025-01-06 11:00:00,0.56641,0.56651,0.56554,0.56578,3374
2025-01-06 12:00:00,0.56579,0.5659,0.56548,0.56564,2435
2025-01-06 13:00:00,0.56567,0.56703,0.56523,0.56679,6246
2025-01-06 14:00:00,0.5668,0.56713,0.56632,0.56703,4295
2025-01-06 15:00:00,0.56703,0.56797,0.56699,0.5675,4945
2025-01-06 16:00:00,0.56752,0.56787,0.56603,0.56634,6735
2025-01-06 17:00:00,0.56633,0.56688,0.56519,0.56522,6004
2025-01-06 18:00:00,0.56522,0.56529,0.56438,0.56511,3870
2025-01-06 19:00:00,0.56511,0.56511,0.56403,0.56418,2614
2025-01-06 20:00:00,0.56417,0.56475,0.56405,0.56429,2663
2025-01-06 21:00:00,0.56429,0.56455,0.56413,0.56448,2339
2025-01-06 22:00:00,0.56448,0.56472,0.56435,0.56471,1952
2025-01-06 23:00:00,0.56469,0.56501,0.56464,0.56498,887
2025-01-07 00:00:00,0.56483,0.56491,0.56398,0.56457,1513
2025-01-07 01:00:00,0.56457,0.5647,0.56436,0.56448,1444
2025-01-07 02:00:00,0.56453,0.56589,0.5645,0.56583,2158
2025-01-07 03:00:00,0.56584,0.56619,0.56532,0.56581,2678
2025-01-07 04:00:00,0.5658,0.56606,0.56561,0.56582,2229
2025-01-07 05:00:00,0.56582,0.56651,0.56553,0.56641,1545
2025-01-07 06:00:00,0.56642,0.56656,0.5658,0.56589,1387
2025-01-07 07:00:00,0.56589,0.56649,0.56585,0.56646,1873
2025-01-07 08:00:00,0.56647,0.56647,0.566,0.56618,2002
2025-01-07 09:00:00,0.56613,0.56778,0.56598,0.56766,3544
2025-01-07 10:00:00,0.56771,0.56777,0.56723,0.56741,3397
2025-01-07 11:00:00,0.56742,0.56823,0.56734,0.56807,2740
2025-01-07 12:00:00,0.56813,0.56891,0.5681,0.56877,2592
2025-01-07 13:00:00,0.56877,0.56907,0.56846,0.5686,2763
2025-01-07 14:00:00,0.56859,0.56945,0.56854,0.56935,2797
2025-01-07 15:00:00,0.56934,0.56977,0.56876,0.5688,3656
2025-01-07 16:00:00,0.5688,0.56881,0.56806,0.56863,3969
2025-01-07 17:00:00,0.56855,0.56907,0.56657,0.56716,7470
2025-01-07 18:00:00,0.56716,0.56728,0.56634,0.56663,5621
2025-01-07 19:00:00,0.56662,0.56712,0.56652,0.56671,4805
2025-01-07 20:00:00,0.56673,0.5671,0.56665,0.56694,3725
2025-01-07 21:00:00,0.56695,0.56717,0.56674,0.56686,3006
2025-01-07 22:00:00,0.56685,0.56687,0.56603,0.56655,2902
2025-01-07 23:00:00,0.56654,0.56682,0.56632,0.56643,1758
2025-01-08 00:00:00,0.56647,0.56649,0.56618,0.56638,1176
2025-01-08 01:00:00,0.56641,0.56702,0.56632,0.56698,1134
2025-01-08 02:00:00,0.56698,0.56723,0.5655,0.56588,2978
2025-01-08 03:00:00,0.56589,0.56593,0.56482,0.56566,3271
2025-01-08 04:00:00,0.56567,0.56639,0.56549,0.56622,2034
2025-01-08 05:00:00,0.56623,0.56686,0.56614,0.56669,1821
2025-01-08 06:00:00,0.56668,0.56682,0.56602,0.56623,1546
2025-01-08 07:00:00,0.56623,0.56656,0.56596,0.56646,1706
2025-01-08 08:00:00,0.56646,0.56687,0.56642,0.5665,2132
2025-01-08 09:00:00,0.56651,0.56712,0.56625,0.56696,3185
2025-01-08 10:00:00,0.56697,0.56789,0.56684,0.56697,4210
2025-01-08 11:00:00,0.56696,0.5674,0.56668,0.56721,3366
2025-01-08 12:00:00,0.5672,0.56732,0.56638,0.5665,3104
2025-01-08 13:00:00,0.56649,0.56652,0.56463,0.56533,5232
2025-01-08 14:00:00,0.56532,0.56567,0.56435,0.5647,4430
2025-01-08 15:00:00,0.56471,0.56539,0.56443,0.56473,6344
2025-01-08 16:00:00,0.56473,0.56533,0.56455,0.56467,5383
2025-01-08 17:00:00,0.56465,0.56584,0.5646,0.56566,5302
2025-01-08 18:00:00,0.56567,0.56622,0.56537,0.56603,4448
2025-01-08 19:00:00,0.56603,0.56627,0.56525,0.5657,3831
2025-01-08 20:00:00,0.56569,0.56638,0.56568,0.56576,4049
2025-01-08 21:00:00,0.56575,0.56651,0.56567,0.56615,3914
2025-01-08 22:00:00,0.56614,0.56661,0.56598,0.56649,2666
2025-01-08 23:00:00,0.56648,0.56663,0.56592,0.56605,1387
2025-01-09 00:00:00,0.56449,0.56613,0.56423,0.5657,1499
2025-01-09 01:00:00,0.56576,0.56622,0.56571,0.56578,922
2025-01-09 02:00:00,0.56577,0.56589,0.56472,0.56483,2706
2025-01-09 03:00:00,0.56484,0.56503,0.56447,0.56474,2723
2025-01-09 04:00:00,0.56471,0.5652,0.5646,0.56483,2136
2025-01-09 05:00:00,0.56482,0.56497,0.56448,0.56449,2110
2025-01-09 06:00:00,0.56448,0.56484,0.56437,0.56473,1845
2025-01-09 07:00:00,0.56472,0.56485,0.56404,0.56456,2014
2025-01-09 08:00:00,0.56458,0.56514,0.56435,0.56475,3053
2025-01-09 09:00:00,0.56478,0.56518,0.56367,0.56404,3635
2025-01-09 10:00:00,0.56405,0.5647,0.56342,0.5646,4250
2025-01-09 11:00:00,0.56461,0.56481,0.56417,0.56435,3470
2025-01-09 12:00:00,0.56434,0.56526,0.56417,0.56523,3048
2025-01-09 13:00:00,0.56523,0.56581,0.56518,0.56549,2929
2025-01-09 14:00:00,0.5655,0.5655,0.56475,0.56501,2787
2025-01-09 15:00:00,0.56502,0.56519,0.56465,0.56469,3607
2025-01-09 16:00:00,0.56471,0.5651,0.56454,0.56498,3002
2025-01-09 17:00:00,0.56499,0.56515,0.56472,0.56476,3044
2025-01-09 18:00:00,0.56477,0.56519,0.56453,0.56517,2425
2025-01-09 19:00:00,0.56517,0.56563,0.5651,0.5654,2177
2025-01-09 20:00:00,0.56539,0.56545,0.56522,0.56534,1570
2025-01-09 21:00:00,0.56533,0.56559,0.56521,0.56554,1211
2025-01-09 22:00:00,0.56551,0.56557,0.56516,0.56531,1213
2025-01-09 23:00:00,0.56531,0.56533,0.56507,0.56509,620
2025-01-10 00:00:00,0.56515,0.56515,0.56435,0.565,699
2025-01-10 01:00:00,0.56517,0.56534,0.56443,0.56448,1075
2025-01-10 02:00:00,0.56449,0.56496,0.56438,0.56464,1936
2025-01-10 03:00:00,0.56465,0.56569,0.56454,0.56522,2604
2025-01-10 04:00:00,0.56522,0.56543,0.56492,0.56518,1674
2025-01-10 05:00:00,0.56519,0.56539,0.56485,0.56505,1375
2025-01-10 06:00:00,0.56506,0.56523,0.56463,0.56513,1455
2025-01-10 07:00:00,0.56515,0.56567,0.56509,0.56527,1962
2025-01-10 08:00:00,0.56526,0.56526,0.56476,0.56481,1934
2025-01-10 09:00:00,0.56481,0.56557,0.56468,0.56504,2467
2025-01-10 10:00:00,0.56502,0.56535,0.56448,0.56459,3341
2025-01-10 11:00:00,0.56458,0.56495,0.56413,0.56473,3103
2025-01-10 12:00:00,0.56475,0.56558,0.56451,0.56544,2487
2025-01-10 13:00:00,0.56545,0.56597,0.56542,0.56545,2433
2025-01-10 14:00:00,0.56544,0.56552,0.56504,0.56549,2742
2025-01-10 15:00:00,0.56549,0.56549,0.56285,0.56402,7181
2025-01-10 16:00:00,0.56405,0.56501,0.56363,0.56475,8031
2025-01-10 17:00:00,0.56463,0.56496,0.5638,0.564,7663
2025-01-10 18:00:00,0.56401,0.56402,0.56334,0.56361,5968
2025-01-10 19:00:00,0.5636,0.56403,0.56324,0.56402,4077
2025-01-10 20:00:00,0.56399,0.5646,0.56386,0.56456,3697
2025-01-10 21:00:00,0.56459,0.5646,0.56356,0.56377,3301
2025-01-10 22:00:00,0.56378,0.56378,0.56323,0.56338,3140
2025-01-10 23:00:00,0.56338,0.56345,0.5625,0.56273,1443
2025-01-13 00:00:00,0.5619,0.56326,0.5619,0.56279,983
2025-01-13 01:00:00,0.56288,0.56448,0.56279,0.5642,1843
2025-01-13 02:00:00,0.56419,0.56459,0.56408,0.56438,2048
2025-01-13 03:00:00,0.56439,0.5648,0.56412,0.5644,3110
2025-01-13 04:00:00,0.56441,0.56482,0.56429,0.56463,2314
2025-01-13 05:00:00,0.56461,0.56472,0.56339,0.56345,2485
2025-01-13 06:00:00,0.56346,0.56372,0.56266,0.56278,1912
2025-01-13 07:00:00,0.56276,0.56326,0.56265,0.56291,1766
2025-01-13 08:00:00,0.56291,0.56325,0.56275,0.5632,2059
2025-01-13 09:00:00,0.56321,0.56354,0.56286,0.5634,3513
2025-01-13 10:00:00,0.56339,0.56416,0.56322,0.56329,4427
2025-01-13 11:00:00,0.56331,0.5636,0.56277,0.56278,4674
2025-01-13 12:00:00,0.56277,0.56349,0.56275,0.56318,3063
2025-01-13 13:00:00,0.56317,0.56379,0.56304,0.56336,2837
2025-01-13 14:00:00,0.56337,0.56351,0.56282,0.56341,3882
2025-01-13 15:00:00,0.56344,0.56402,0.56327,0.56372,4259
2025-01-13 16:00:00,0.56372,0.5652,0.5635,0.56516,5083
2025-01-13 17:00:00,0.56516,0.5657,0.5647,0.56543,5028
2025-01-13 18:00:00,0.56543,0.56599,0.56527,0.56564,3954
2025-01-13 19:00:00,0.56565,0.56588,0.56531,0.56564,3529
2025-01-13 20:00:00,0.56563,0.56578,0.56528,0.56553,2836
2025-01-13 21:00:00,0.56552,0.56583,0.56536,0.5656,2574
2025-01-13 22:00:00,0.5656,0.56576,0.56534,0.56572,2366
2025-01-13 23:00:00,0.56571,0.56608,0.5652,0.566,1754
2025-01-14 00:00:00,0.56524,0.56712,0.56474,0.56688,859
2025-01-14 01:00:00,0.56666,0.56766,0.56653,0.56697,2748
2025-01-14 02:00:00,0.56699,0.56712,0.56653,0.5668,2513
2025-01-14 03:00:00,0.56681,0.56732,0.56645,0.56709,3517
2025-01-14 04:00:00,0.56709,0.56714,0.56651,0.56693,2760
2025-01-14 05:00:00,0.56694,0.56719,0.56666,0.56666,2098
2025-01-14 06:00:00,0.56666,0.56696,0.56646,0.56666,1454
2025-01-14 07:00:00,0.56665,0.56669,0.56628,0.56641,2108
2025-01-14 08:00:00,0.56642,0.56691,0.5663,0.56681,2383
2025-01-14 09:00:00,0.56678,0.56741,0.56648,0.5671,3572
2025-01-14 10:00:00,0.56709,0.56744,0.56645,0.56726,4251
2025-01-14 11:00:00,0.56726,0.56745,0.56667,0.56693,3491
2025-01-14 12:00:00,0.56693,0.56719,0.5666,0.56675,2809
2025-01-14 13:00:00,0.56674,0.56678,0.5663,0.56643,2501
2025-01-14 14:00:00,0.56641,0.56651,0.56554,0.56599,3032
2025-01-14 15:00:00,0.56597,0.56658,0.5647,0.56571,5923
2025-01-14 16:00:00,0.56574,0.56618,0.56548,0.56563,5516
2025-01-14 17:00:00,0.56564,0.56708,0.56556,0.56651,5760
2025-01-14 18:00:00,0.56651,0.56653,0.56487,0.56493,5115
2025-01-14 19:00:00,0.5649,0.56546,0.56466,0.56514,3624
2025-01-14 20:00:00,0.56512,0.56524,0.56482,0.56507,2589
2025-01-14 21:00:00,0.56504,0.56523,0.56455,0.56458,2497
2025-01-14 22:00:00,0.56458,0.56488,0.56422,0.56479,2864
2025-01-14 23:00:00,0.56478,0.56509,0.56462,0.56468,1072
2025-01-15 00:00:00,0.56414,0.56502,0.56407,0.56483,454
2025-01-15 01:00:00,0.56487,0.56516,0.56467,0.56487,1013
2025-01-15 02:00:00,0.56488,0.56496,0.56407,0.56407,1826
2025-01-15 03:00:00,0.56406,0.56464,0.56402,0.56442,2010
2025-01-15 04:00:00,0.56441,0.56479,0.56414,0.56478,1663
2025-01-15 05:00:00,0.56477,0.56513,0.56457,0.56505,1299
2025-01-15 06:00:00,0.56504,0.56519,0.56489,0.56513,1291
2025-01-15 07:00:00,0.56513,0.56515,0.56449,0.5646,1772
2025-01-15 08:00:00,0.56459,0.56478,0.56432,0.5646,1602
2025-01-15 09:00:00,0.56461,0.56554,0.56449,0.56535,3588
2025-01-15 10:00:00,0.56535,0.56604,0.56507,0.56509,3640
2025-01-15 11:00:00,0.56509,0.56585,0.56508,0.56584,2936
2025-01-15 12:00:00,0.56583,0.56589,0.56528,0.5656,2412
2025-01-15 13:00:00,0.56561,0.56577,0.56546,0.56563,2282
2025-01-15 14:00:00,0.56563,0.56568,0.56502,0.56517,2775
2025-01-15 15:00:00,0.56516,0.56782,0.56397,0.56766,6254
2025-01-15 16:00:00,0.56765,0.56819,0.56722,0.56782,6470
2025-01-15 17:00:00,0.56784,0.56818,0.56701,0.56758,6044
2025-01-15 18:00:00,0.56759,0.56826,0.56705,0.56747,5170
2025-01-15 19:00:00,0.56746,0.568,0.56742,0.56791,3420
2025-01-15 20:00:00,0.5679,0.56826,0.56786,0.5682,2751
2025-01-15 21:00:00,0.5682,0.56852,0.56801,0.56841,2154
2025-01-15 22:00:00,0.5684,0.5685,0.56827,0.56842,2063
2025-01-15 23:00:00,0.56842,0.56852,0.56778,0.56788,1124
2025-01-16 00:00:00,0.56774,0.56811,0.56687,0.56797,481
2025-01-16 01:00:00,0.56797,0.56877,0.56794,0.56868,1109
2025-01-16 02:00:00,0.56869,0.56961,0.5678,0.56883,2846
2025-01-16 03:00:00,0.56885,0.56885,0.56732,0.56766,3524
2025-01-16 04:00:00,0.56765,0.56782,0.56687,0.56704,2938
2025-01-16 05:00:00,0.56704,0.56717,0.56642,0.56658,1856
2025-01-16 06:00:00,0.56657,0.56677,0.56604,0.5663,1435
2025-01-16 07:00:00,0.56628,0.5663,0.56537,0.56577,2047
2025-01-16 08:00:00,0.56577,0.56646,0.56577,0.56627,2347
2025-01-16 09:00:00,0.5662,0.56706,0.56598,0.56693,3151
2025-01-16 10:00:00,0.56689,0.56701,0.56618,0.56641,3425
2025-01-16 11:00:00,0.56641,0.56649,0.56592,0.56606,2968
2025-01-16 12:00:00,0.56607,0.56654,0.56588,0.56622,2442
2025-01-16 13:00:00,0.56623,0.56654,0.56607,0.56624,2259
2025-01-16 14:00:00,0.56625,0.56634,0.56554,0.56572,3104
2025-01-16 15:00:00,0.56572,0.56619,0.56533,0.56602,5174
2025-01-16 16:00:00,0.56603,0.56668,0.56589,0.56664,4971
2025-01-16 17:00:00,0.56662,0.56728,0.56652,0.56709,6439
2025-01-16 18:00:00,0.5671,0.56724,0.56636,0.56662,5600
2025-01-16 19:00:00,0.56662,0.56696,0.56622,0.56623,4132
2025-01-16 20:00:00,0.56623,0.56648,0.56576,0.56599,2841
2025-01-16 21:00:00,0.56598,0.56605,0.56571,0.56583,2826
2025-01-16 22:00:00,0.56582,0.566,0.56561,0.56569,2226
2025-01-16 23:00:00,0.5657,0.56583,0.56519,0.56532,1191
2025-01-17 00:00:00,0.56391,0.56558,0.56391,0.56529,697
2025-01-17 01:00:00,0.56532,0.56584,0.56532,0.56576,959
2025-01-17 02:00:00,0.56576,0.56586,0.56503,0.5653,1894
2025-01-17 03:00:00,0.56531,0.56566,0.56507,0.5654,2373
2025-01-17 04:00:00,0.56541,0.56616,0.56532,0.56578,2379
2025-01-17 05:00:00,0.56578,0.56596,0.56539,0.56593,1577
2025-01-17 06:00:00,0.56592,0.56595,0.56457,0.56485,1621
2025-01-17 07:00:00,0.56484,0.5654,0.56484,0.56534,1807
2025-01-17 08:00:00,0.56534,0.56577,0.56512,0.56575,1811
2025-01-17 09:00:00,0.56579,0.56627,0.56548,0.56602,3046
2025-01-17 10:00:00,0.566,0.56626,0.56481,0.56504,3166
2025-01-17 11:00:00,0.56505,0.56547,0.56496,0.56513,3222
2025-01-17 12:00:00,0.56514,0.56557,0.56497,0.56522,2334
2025-01-17 13:00:00,0.56521,0.56547,0.56498,0.56503,2477
2025-01-17 14:00:00,0.56503,0.56524,0.56406,0.56442,3197
2025-01-17 15:00:00,0.56441,0.56453,0.56366,0.56403,4177
2025-01-17 16:00:00,0.56404,0.56682,0.56356,0.56658,6386
2025-01-17 17:00:00,0.56658,0.5683,0.56643,0.56814,6722
2025-01-17 18:00:00,0.56813,0.56833,0.56758,0.56789,4117
2025-01-17 19:00:00,0.56789,0.56809,0.56738,0.56744,2903
2025-01-17 20:00:00,0.56745,0.5676,0.56702,0.56735,2183
2025-01-17 21:00:00,0.56736,0.56751,0.56693,0.5671,1919
2025-01-17 22:00:00,0.56712,0.56719,0.56675,0.56689,2332
2025-01-17 23:00:00,0.56692,0.56695,0.56601,0.56601,1318
2025-01-20 00:00:00,0.56472,0.56647,0.56425,0.56615,1196
2025-01-20 01:00:00,0.56639,0.56695,0.56638,0.56669,1506
2025-01-20 02:00:00,0.5667,0.56711,0.56668,0.56694,1977
2025-01-20 03:00:00,0.56693,0.56718,0.56665,0.56714,2745
2025-01-20 04:00:00,0.56717,0.56736,0.56692,0.56721,2328
2025-01-20 05:00:00,0.56722,0.56743,0.56692,0.56743,1859
2025-01-20 06:00:00,0.56745,0.56757,0.56709,0.56717,1348
2025-01-20 07:00:00,0.56716,0.56728,0.56659,0.56663,1615
2025-01-20 08:00:00,0.56662,0.56718,0.56625,0.56699,2073
2025-01-20 09:00:00,0.56699,0.56768,0.56689,0.56755,2604
2025-01-20 10:00:00,0.56757,0.56774,0.56669,0.56675,2822
2025-01-20 11:00:00,0.56676,0.56678,0.56604,0.56646,2765
2025-01-20 12:00:00,0.56647,0.5668,0.56606,0.56626,2160
2025-01-20 13:00:00,0.56622,0.56694,0.56618,0.56659,1881
2025-01-20 14:00:00,0.56657,0.5673,0.56647,0.56711,2449
2025-01-20 15:00:00,0.56713,0.56972,0.56686,0.56941,6917
2025-01-20 16:00:00,0.56941,0.57052,0.56877,0.56952,7561
2025-01-20 17:00:00,0.56952,0.56992,0.56801,0.56829,5997
2025-01-20 18:00:00,0.56828,0.56884,0.56804,0.56834,3332
2025-01-20 19:00:00,0.56833,0.56855,0.56707,0.56795,4581
2025-01-20 20:00:00,0.56795,0.56831,0.5678,0.56823,1636
2025-01-20 21:00:00,0.56826,0.56897,0.56808,0.56862,1941
2025-01-20 22:00:00,0.56865,0.5691,0.56839,0.56858,2455
2025-01-20 23:00:00,0.56859,0.56892,0.56817,0.56829,1509
2025-01-21 00:00:00,0.56725,0.56849,0.56671,0.56785,852
2025-01-21 01:00:00,0.56778,0.56919,0.56768,0.56901,2853
2025-01-21 02:00:00,0.56902,0.56927,0.56472,0.56539,5689
2025-01-21 03:00:00,0.56542,0.56744,0.56458,0.56593,7854
2025-01-21 04:00:00,0.56593,0.56703,0.56593,0.56655,4487
2025-01-21 05:00:00,0.56654,0.56742,0.56653,0.56679,3247
2025-01-21 06:00:00,0.56681,0.56702,0.56651,0.5666,1933
2025-01-21 07:00:00,0.56661,0.56684,0.56567,0.5658,1754
2025-01-21 08:00:00,0.56582,0.56657,0.5657,0.56629,2398
2025-01-21 09:00:00,0.5663,0.56676,0.56607,0.56651,3334
2025-01-21 10:00:00,0.56651,0.56692,0.56604,0.56662,3307
2025-01-21 11:00:00,0.56663,0.56751,0.56661,0.56743,3610
2025-01-21 12:00:00,0.56742,0.56767,0.56659,0.56686,3291
2025-01-21 13:00:00,0.56684,0.56686,0.56631,0.56644,2872
2025-01-21 14:00:00,0.56643,0.56686,0.56631,0.56659,3835
2025-01-21 15:00:00,0.56661,0.56735,0.5663,0.56721,4538
2025-01-21 16:00:00,0.56721,0.56798,0.56703,0.56719,5515
2025-01-21 17:00:00,0.56722,0.56824,0.56715,0.56796,6133
2025-01-21 18:00:00,0.56799,0.56873,0.56789,0.56867,4369
2025-01-21 19:00:00,0.56868,0.56883,0.56852,0.5686,3710
2025-01-21 20:00:00,0.5686,0.56881,0.56835,0.56836,2964
2025-01-21 21:00:00,0.56837,0.56847,0.56782,0.56798,2465
2025-01-21 22:00:00,0.56798,0.56816,0.56787,0.56809,2292
2025-01-21 23:00:00,0.56812,0.56833,0.56754,0.56793,1259
2025-01-22 00:00:00,0.5677,0.56828,0.56693,0.56747,886
2025-01-22 01:00:00,0.56746,0.5681,0.56736,0.56772,3158
2025-01-22 02:00:00,0.56773,0.56845,0.56773,0.56828,2816
2025-01-22 03:00:00,0.56827,0.56833,0.56779,0.56787,2895
2025-01-22 04:00:00,0.56788,0.5683,0.5677,0.56822,2552
2025-01-22 05:00:00,0.56823,0.56831,0.56789,0.56802,1957
2025-01-22 06:00:00,0.56801,0.56826,0.56789,0.56796,1316
2025-01-22 07:00:00,0.56795,0.5682,0.56779,0.56805,1810
2025-01-22 08:00:00,0.56804,0.56805,0.56718,0.56733,2462
2025-01-22 09:00:00,0.56732,0.56773,0.56703,0.56732,3127
2025-01-22 10:00:00,0.5673,0.56789,0.56728,0.56783,3874
2025-01-22 11:00:00,0.56786,0.56869,0.56784,0.56826,3837
2025-01-22 12:00:00,0.56827,0.56857,0.568,0.56808,3051
2025-01-22 13:00:00,0.56806,0.56891,0.56794,0.56837,2566
2025-01-22 14:00:00,0.56837,0.56881,0.56822,0.56874,3212
2025-01-22 15:00:00,0.56875,0.5694,0.56868,0.56922,4175
2025-01-22 16:00:00,0.56921,0.56945,0.56868,0.56899,5040
2025-01-22 17:00:00,0.569,0.56907,0.56822,0.5687,4725
2025-01-22 18:00:00,0.5687,0.56929,0.5682,0.56912,3533
2025-01-22 19:00:00,0.56911,0.56924,0.56889,0.56907,2833
2025-01-22 20:00:00,0.56906,0.56938,0.56881,0.56893,2632
2025-01-22 21:00:00,0.56894,0.56898,0.56867,0.56879,1863
2025-01-22 22:00:00,0.56877,0.56897,0.56859,0.56877,2306
2025-01-22 23:00:00,0.56877,0.56879,0.56814,0.56833,1530
2025-01-23 00:00:00,0.56812,0.56828,0.56702,0.56799,708
2025-01-23 01:00:00,0.56807,0.5685,0.56784,0.56844,1128
2025-01-23 02:00:00,0.56846,0.56853,0.56806,0.56819,1882
2025-01-23 03:00:00,0.5682,0.56888,0.56812,0.5685,3173
2025-01-23 04:00:00,0.56848,0.56887,0.56812,0.56852,2814
2025-01-23 05:00:00,0.56852,0.56867,0.5683,0.56846,1774
2025-01-23 06:00:00,0.56845,0.56866,0.56841,0.56848,2185
2025-01-23 07:00:00,0.56849,0.56867,0.56825,0.56841,2585
2025-01-23 08:00:00,0.56841,0.56852,0.56785,0.56796,2670
2025-01-23 09:00:00,0.56794,0.56855,0.56782,0.56828,2957
2025-01-23 10:00:00,0.56829,0.56839,0.56763,0.56778,3163
2025-01-23 11:00:00,0.5678,0.56832,0.56776,0.56819,3042
2025-01-23 12:00:00,0.56819,0.5683,0.56799,0.56812,2597
2025-01-23 13:00:00,0.56813,0.56872,0.56797,0.56866,2757
2025-01-23 14:00:00,0.56868,0.56906,0.56843,0.56887,3157
2025-01-23 15:00:00,0.56886,0.56934,0.56873,0.56906,4718
2025-01-23 16:00:00,0.56907,0.56976,0.56905,0.56976,4296
2025-01-23 17:00:00,0.56977,0.57044,0.56975,0.57016,4250
2025-01-23 18:00:00,0.57016,0.57078,0.56951,0.57024,6952
2025-01-23 19:00:00,0.57023,0.57075,0.57002,0.57058,3594
2025-01-23 20:00:00,0.57059,0.57068,0.57006,0.57009,2510
2025-01-23 21:00:00,0.57008,0.5703,0.56986,0.57014,2286
2025-01-23 22:00:00,0.57013,0.57041,0.56997,0.57006,2353
2025-01-23 23:00:00,0.57005,0.57028,0.56972,0.56975,1323
2025-01-24 00:00:00,0.56955,0.57013,0.56917,0.5699,755
2025-01-24 01:00:00,0.57006,0.57027,0.56985,0.57002,1247
2025-01-24 02:00:00,0.57003,0.57013,0.56971,0.56999,1861
2025-01-24 03:00:00,0.57,0.57,0.56959,0.56983,2014
2025-01-24 04:00:00,0.56984,0.572,0.56978,0.57192,4764
2025-01-24 05:00:00,0.57194,0.57198,0.57104,0.5719,4136
2025-01-24 06:00:00,0.57189,0.57225,0.57155,0.57178,2654
2025-01-24 07:00:00,0.57179,0.57234,0.57177,0.57227,2554
2025-01-24 08:00:00,0.57224,0.5726,0.5717,0.57189,4023
2025-01-24 09:00:00,0.57188,0.57227,0.57109,0.57136,4768
2025-01-24 10:00:00,0.57135,0.57178,0.57081,0.57113,5057
2025-01-24 11:00:00,0.57115,0.57172,0.57089,0.57163,4431
2025-01-24 12:00:00,0.57164,0.57252,0.57156,0.57225,3244
2025-01-24 13:00:00,0.57226,0.57249,0.57144,0.57157,3075
2025-01-24 14:00:00,0.57154,0.57208,0.57117,0.57204,3208
2025-01-24 15:00:00,0.57204,0.57222,0.57117,0.57132,3980
2025-01-24 16:00:00,0.57134,0.57218,0.57115,0.57138,4816
2025-01-24 17:00:00,0.57139,0.57202,0.57126,0.57192,5822
2025-01-24 18:00:00,0.57192,0.57205,0.57141,0.57156,4138
2025-01-24 19:00:00,0.57156,0.5722,0.57138,0.57179,2418
2025-01-24 20:00:00,0.57178,0.57188,0.57159,0.57176,2099
2025-01-24 21:00:00,0.57176,0.57195,0.57164,0.57193,1607
2025-01-24 22:00:00,0.5719,0.57213,0.57179,0.57181,1809
2025-01-24 23:00:00,0.57182,0.5721,0.57149,0.57185,1528
2025-01-27 00:00:00,0.56913,0.571,0.56799,0.57039,1004
2025-01-27 01:00:00,0.57052,0.57089,0.57028,0.57067,1993
2025-01-27 02:00:00,0.57069,0.57083,0.57035,0.57037,2243
2025-01-27 03:00:00,0.57035,0.57085,0.56982,0.56993,3589
2025-01-27 04:00:00,0.56992,0.57019,0.56974,0.56988,2439
2025-01-27 05:00:00,0.56986,0.57094,0.56983,0.57081,2668
2025-01-27 06:00:00,0.57082,0.57092,0.57022,0.57045,1661
2025-01-27 07:00:00,0.57045,0.57045,0.57004,0.57034,1973
2025-01-27 08:00:00,0.57035,0.5705,0.56976,0.56998,2381
2025-01-27 09:00:00,0.56992,0.57006,0.56909,0.56912,3799
2025-01-27 10:00:00,0.56914,0.56917,0.56766,0.56794,5056
2025-01-27 11:00:00,0.56793,0.56797,0.56714,0.56725,5044
2025-01-27 12:00:00,0.56723,0.56726,0.56567,0.56574,5388
2025-01-27 13:00:00,0.56572,0.56572,0.56471,0.56528,5250
2025-01-27 14:00:00,0.56528,0.56636,0.56528,0.56607,4504
2025-01-27 15:00:00,0.56609,0.56609,0.56506,0.56545,5201
2025-01-27 16:00:00,0.56543,0.56621,0.56502,0.56614,5379
2025-01-27 17:00:00,0.56613,0.56623,0.56541,0.56597,5589
2025-01-27 18:00:00,0.56598,0.56602,0.56512,0.56535,4614
2025-01-27 19:00:00,0.56534,0.56624,0.56534,0.56555,3388
2025-01-27 20:00:00,0.56556,0.56635,0.56546,0.5661,2750
2025-01-27 21:00:00,0.56609,0.5667,0.56608,0.56639,2465
2025-01-27 22:00:00,0.56638,0.56729,0.56635,0.56729,2373
2025-01-27 23:00:00,0.56728,0.56777,0.56728,0.56748,1243
2025-01-28 00:00:00,0.56612,0.56731,0.56609,0.56721,590
2025-01-28 01:00:00,0.56729,0.5676,0.56596,0.56609,4759
2025-01-28 02:00:00,0.56607,0.56672,0.56575,0.56671,3839
2025-01-28 03:00:00,0.56673,0.56725,0.56588,0.56615,3366
2025-01-28 04:00:00,0.5661,0.56692,0.56601,0.5663,3692
2025-01-28 05:00:00,0.56627,0.56649,0.56588,0.56598,2451
2025-01-28 06:00:00,0.56598,0.56612,0.56553,0.56601,1932
2025-01-28 07:00:00,0.56602,0.56617,0.56574,0.56598,1723
2025-01-28 08:00:00,0.56599,0.56609,0.56565,0.56581,1967
2025-01-28 09:00:00,0.56577,0.56669,0.56571,0.5666,3460
2025-01-28 10:00:00,0.56661,0.56681,0.56595,0.56668,4232
2025-01-28 11:00:00,0.5667,0.5669,0.5661,0.56638,3853
2025-01-28 12:00:00,0.56637,0.56667,0.56612,0.56622,2817
2025-01-28 13:00:00,0.56622,0.56637,0.56607,0.56621,2670
2025-01-28 14:00:00,0.56619,0.56624,0.56509,0.56535,3241
2025-01-28 15:00:00,0.56534,0.56548,0.56507,0.56522,3600
2025-01-28 16:00:00,0.56524,0.56584,0.56463,0.56481,4031
2025-01-28 17:00:00,0.56483,0.56569,0.56469,0.56554,4739
2025-01-28 18:00:00,0.56553,0.56578,0.56492,0.56519,3900
2025-01-28 19:00:00,0.56517,0.5654,0.56481,0.56501,2479
2025-01-28 20:00:00,0.56498,0.56548,0.56489,0.56528,2762
2025-01-28 21:00:00,0.56526,0.5655,0.56498,0.56532,1981
2025-01-28 22:00:00,0.56531,0.56555,0.56519,0.56544,2080
2025-01-28 23:00:00,0.56543,0.56551,0.56509,0.5651,998
2025-01-29 00:00:00,0.56413,0.56517,0.56393,0.56504,310
2025-01-29 01:00:00,0.56511,0.56547,0.56507,0.56521,931
2025-01-29 02:00:00,0.5652,0.56542,0.56286,0.56345,2451
2025-01-29 03:00:00,0.56347,0.56364,0.56292,0.56343,1990
2025-01-29 04:00:00,0.56343,0.56401,0.56342,0.56352,1841
2025-01-29 05:00:00,0.56351,0.56359,0.56299,0.56317,1587
2025-01-29 06:00:00,0.56318,0.56356,0.56303,0.56348,1373
2025-01-29 07:00:00,0.56347,0.5642,0.56334,0.56416,1481
2025-01-29 08:00:00,0.56421,0.5647,0.56407,0.5645,2027
2025-01-29 09:00:00,0.56453,0.56477,0.5642,0.56469,2992
2025-01-29 10:00:00,0.56469,0.56479,0.56429,0.56469,3365
2025-01-29 11:00:00,0.56469,0.56482,0.564,0.56425,3279
2025-01-29 12:00:00,0.56424,0.56455,0.56393,0.56413,2873
2025-01-29 13:00:00,0.56415,0.56452,0.56402,0.56443,2574
2025-01-29 14:00:00,0.56442,0.56444,0.56396,0.56412,2937
2025-01-29 15:00:00,0.56413,0.56456,0.56378,0.56419,3925
2025-01-29 16:00:00,0.5642,0.56445,0.56395,0.56412,4190
2025-01-29 17:00:00,0.56413,0.56447,0.56388,0.56441,4873
2025-01-29 18:00:00,0.56442,0.56513,0.56437,0.56513,4465
2025-01-29 19:00:00,0.56512,0.56572,0.56466,0.56499,3620
2025-01-29 20:00:00,0.56499,0.56528,0.56459,0.56461,2678
2025-01-29 21:00:00,0.56481,0.56594,0.56432,0.56527,7719
2025-01-29 22:00:00,0.56527,0.56573,0.56505,0.56512,5196
2025-01-29 23:00:00,0.56511,0.56525,0.56471,0.56494,1882
2025-01-30 00:00:00,0.56358,0.56496,0.56348,0.56485,559
2025-01-30 01:00:00,0.56509,0.56556,0.56499,0.56548,2877
2025-01-30 02:00:00,0.56548,0.56581,0.56517,0.56522,2940
2025-01-30 03:00:00,0.56523,0.56561,0.565,0.56557,2586
2025-01-30 04:00:00,0.56556,0.56576,0.56506,0.56516,2733
2025-01-30 05:00:00,0.56519,0.56546,0.5648,0.56488,2364
2025-01-30 06:00:00,0.56486,0.56493,0.56421,0.56438,1766
2025-01-30 07:00:00,0.56436,0.56438,0.56368,0.56373,1486
2025-01-30 08:00:00,0.56374,0.56389,0.56357,0.56388,1903
2025-01-30 09:00:00,0.56383,0.56406,0.56356,0.56394,2588
2025-01-30 10:00:00,0.56395,0.565,0.5639,0.56499,3269
2025-01-30 11:00:00,0.56502,0.56556,0.56495,0.56514,3494
2025-01-30 12:00:00,0.56515,0.56534,0.5649,0.56513,2861
2025-01-30 13:00:00,0.56514,0.56588,0.56506,0.56569,2726
2025-01-30 14:00:00,0.5657,0.56574,0.56497,0.56518,3028
2025-01-30 15:00:00,0.56517,0.5655,0.56402,0.56517,5256
2025-01-30 16:00:00,0.56514,0.56565,0.56477,0.56483,5790
2025-01-30 17:00:00,0.56482,0.56577,0.56444,0.56547,4791
2025-01-30 18:00:00,0.56546,0.5662,0.56525,0.56607,3651
2025-01-30 19:00:00,0.56607,0.5662,0.56557,0.56611,3168
2025-01-30 20:00:00,0.5661,0.56673,0.56608,0.56664,2231
2025-01-30 21:00:00,0.56664,0.56674,0.56644,0.56668,1986
2025-01-30 22:00:00,0.56669,0.56671,0.56423,0.56532,4682
2025-01-30 23:00:00,0.56533,0.56562,0.56458,0.56477,3275
2025-01-31 00:00:00,0.56343,0.56477,0.56325,0.56426,2290
2025-01-31 01:00:00,0.56452,0.56539,0.56441,0.56517,1723
2025-01-31 02:00:00,0.56518,0.56538,0.5648,0.56484,2164
2025-01-31 03:00:00,0.56485,0.56552,0.56473,0.56531,2717
2025-01-31 04:00:00,0.5653,0.56604,0.56517,0.5659,2197
2025-01-31 05:00:00,0.56589,0.56631,0.5657,0.56612,1673
2025-01-31 06:00:00,0.56614,0.56637,0.56588,0.56633,1405
2025-01-31 07:00:00,0.56635,0.56681,0.566,0.56634,1836
2025-01-31 08:00:00,0.56635,0.56709,0.56633,0.56689,1882
2025-01-31 09:00:00,0.5669,0.5671,0.56628,0.56699,3178
2025-01-31 10:00:00,0.567,0.56727,0.56658,0.56666,3115
2025-01-31 11:00:00,0.56668,0.56715,0.56643,0.56674,3594
2025-01-31 12:00:00,0.56673,0.56682,0.56616,0.56621,2617
2025-01-31 13:00:00,0.56621,0.56626,0.56552,0.56577,2159
2025-01-31 14:00:00,0.56575,0.5661,0.56553,0.5656,2503
2025-01-31 15:00:00,0.56562,0.5664,0.56544,0.56598,4559
2025-01-31 16:00:00,0.56598,0.56605,0.56527,0.56568,4987
2025-01-31 17:00:00,0.56567,0.5672,0.56551,0.56636,5354
2025-01-31 18:00:00,0.56638,0.56748,0.56633,0.56705,4218
2025-01-31 19:00:00,0.56703,0.56833,0.56647,0.56794,5840
2025-01-31 20:00:00,0.56792,0.56803,0.5658,0.56631,6665
2025-01-31 21:00:00,0.56632,0.56638,0.56524,0.56581,4757
2025-01-31 22:00:00,0.56581,0.56626,0.56549,0.56583,4510
2025-01-31 23:00:00,0.56582,0.5662,0.56537,0.56574,4097
2025-02-03 00:00:00,0.5603,0.56369,0.5603,0.56231,1525
2025-02-03 01:00:00,0.56248,0.56334,0.56188,0.56201,6808
2025-02-03 02:00:00,0.56202,0.56282,0.5601,0.56054,7299
2025-02-03 03:00:00,0.56054,0.56148,0.55991,0.56005,5489
2025-02-03 04:00:00,0.56007,0.56019,0.55768,0.55862,5275
2025-02-03 05:00:00,0.55864,0.55922,0.55816,0.55914,4004
2025-02-03 06:00:00,0.55913,0.56113,0.55906,0.56051,4390
2025-02-03 07:00:00,0.56051,0.56087,0.56029,0.5607,3326
2025-02-03 08:00:00,0.56071,0.56225,0.56055,0.56207,3776
2025-02-03 09:00:00,0.56216,0.56383,0.56208,0.56356,5404
2025-02-03 10:00:00,0.56358,0.5644,0.56247,0.56258,5626
2025-02-03 11:00:00,0.5626,0.56352,0.56238,0.56335,3788
2025-02-03 12:00:00,0.56329,0.56383,0.56325,0.56373,3318
2025-02-03 13:00:00,0.56373,0.56383,0.56248,0.5632,3291
2025-02-03 14:00:00,0.56321,0.56324,0.56236,0.56284,4139
2025-02-03 15:00:00,0.56282,0.56406,0.56275,0.56358,5231
2025-02-03 16:00:00,0.56359,0.56432,0.56235,0.56272,6026
2025-02-03 17:00:00,0.56254,0.56479,0.56099,0.5647,9956
2025-02-03 18:00:00,0.56471,0.56499,0.56359,0.56433,7954
2025-02-03 19:00:00,0.56434,0.5651,0.56345,0.56456,5677
2025-02-03 20:00:00,0.56454,0.56482,0.56413,0.5644,4934
2025-02-03 21:00:00,0.56437,0.56485,0.56427,0.56432,2943
2025-02-03 22:00:00,0.56433,0.56474,0.56415,0.5642,2780
2025-02-03 23:00:00,0.56421,0.5673,0.56401,0.56671,4366
2025-02-04 00:00:00,0.5658,0.56668,0.56527,0.56625,1554
2025-02-04 01:00:00,0.56627,0.56734,0.56627,0.56673,2939
2025-02-04 02:00:00,0.56672,0.56701,0.56626,0.56639,2668
2025-02-04 03:00:00,0.5664,0.56642,0.56561,0.56603,3169
2025-02-04 04:00:00,0.56603,0.56631,0.5658,0.56616,2488
2025-02-04 05:00:00,0.56616,0.56621,0.56533,0.56539,1948
2025-02-04 06:00:00,0.5654,0.56558,0.56491,0.56495,1772
2025-02-04 07:00:00,0.56496,0.56496,0.56307,0.56449,5654
2025-02-04 08:00:00,0.56451,0.56547,0.56442,0.56543,2934
2025-02-04 09:00:00,0.56536,0.56596,0.56521,0.56591,3464
2025-02-04 10:00:00,0.56592,0.56606,0.56404,0.56443,4608
2025-02-04 11:00:00,0.56443,0.56464,0.56401,0.56459,3517
2025-02-04 12:00:00,0.56458,0.56474,0.56388,0.56471,2720
2025-02-04 13:00:00,0.56469,0.56504,0.56436,0.56458,2472
2025-02-04 14:00:00,0.56459,0.56503,0.56439,0.56496,2926
2025-02-04 15:00:00,0.56497,0.56503,0.56437,0.56482,3526
2025-02-04 16:00:00,0.56481,0.56526,0.56421,0.56512,4218
2025-02-04 17:00:00,0.56511,0.56643,0.56486,0.56594,6262
2025-02-04 18:00:00,0.56597,0.56659,0.56592,0.56651,4193
2025-02-04 19:00:00,0.5665,0.56678,0.56549,0.56605,3640
2025-02-04 20:00:00,0.56604,0.56632,0.56584,0.56621,2169
2025-02-04 21:00:00,0.56617,0.56646,0.56596,0.56642,2377
2025-02-04 22:00:00,0.56643,0.56649,0.56607,0.56648,2006
2025-02-04 23:00:00,0.56649,0.56653,0.56605,0.56613,1578
2025-02-05 00:00:00,0.56505,0.56601,0.56505,0.56554,748
2025-02-05 01:00:00,0.56565,0.56623,0.5656,0.56581,1293
2025-02-05 02:00:00,0.56583,0.56634,0.56558,0.56592,2421
2025-02-05 03:00:00,0.56594,0.56642,0.56548,0.56549,3584
2025-02-05 04:00:00,0.56548,0.5661,0.56502,0.56564,2970
2025-02-05 05:00:00,0.56564,0.56605,0.56554,0.56554,1936
2025-02-05 06:00:00,0.56555,0.5657,0.56521,0.56563,1501
2025-02-05 07:00:00,0.56563,0.56621,0.56556,0.56619,1725
2025-02-05 08:00:00,0.56618,0.56646,0.56578,0.56589,2450
2025-02-05 09:00:00,0.56592,0.56676,0.56567,0.56661,3739
2025-02-05 10:00:00,0.56662,0.56776,0.5665,0.5669,3977
2025-02-05 11:00:00,0.56689,0.56729,0.56652,0.56665,3383
2025-02-05 12:00:00,0.56665,0.56678,0.5663,0.56634,2778
2025-02-05 13:00:00,0.56633,0.56682,0.56625,0.56676,2369
2025-02-05 14:00:00,0.56677,0.56684,0.5663,0.56638,2482
2025-02-05 15:00:00,0.5664,0.56726,0.56618,0.5668,4399
2025-02-05 16:00:00,0.56679,0.56691,0.5662,0.56622,4266
2025-02-05 17:00:00,0.566,0.56725,0.56596,0.56674,6214
2025-02-05 18:00:00,0.56673,0.567,0.56643,0.56692,3780
2025-02-05 19:00:00,0.56693,0.56696,0.5665,0.56666,2420
2025-02-05 20:00:00,0.56666,0.56669,0.56612,0.56618,2044
2025-02-05 21:00:00,0.56618,0.56639,0.56609,0.56628,1835
2025-02-05 22:00:00,0.56627,0.56665,0.5662,0.56661,1797
2025-02-05 23:00:00,0.5666,0.56672,0.56645,0.56657,1333
2025-02-06 00:00:00,0.56499,0.56638,0.56499,0.56596,400
2025-02-06 01:00:00,0.56624,0.56663,0.56618,0.56641,1072
2025-02-06 02:00:00,0.5664,0.56671,0.56623,0.56627,2091
2025-02-06 03:00:00,0.56626,0.56638,0.56594,0.56619,2617
2025-02-06 04:00:00,0.56616,0.56616,0.5655,0.56599,2263
2025-02-06 05:00:00,0.566,0.56606,0.56501,0.56525,1666
2025-02-06 06:00:00,0.56525,0.56568,0.5652,0.5654,1145
2025-02-06 07:00:00,0.56538,0.56586,0.56527,0.56541,1502
2025-02-06 08:00:00,0.56542,0.56617,0.56538,0.56593,1726
2025-02-06 09:00:00,0.5659,0.56614,0.56551,0.56578,2625
2025-02-06 10:00:00,0.56579,0.56613,0.5655,0.56591,3151
2025-02-06 11:00:00,0.5659,0.5668,0.56569,0.56679,2511
2025-02-06 12:00:00,0.5668,0.56717,0.5668,0.56695,2309
2025-02-06 13:00:00,0.56694,0.56727,0.56676,0.5669,2297
2025-02-06 14:00:00,0.56688,0.56738,0.56687,0.56731,3742
2025-02-06 15:00:00,0.5673,0.56734,0.56649,0.56695,3978
2025-02-06 16:00:00,0.56696,0.5679,0.56696,0.56709,3947
2025-02-06 17:00:00,0.5671,0.56858,0.56704,0.56835,4663
2025-02-06 18:00:00,0.56836,0.56866,0.56824,0.56834,3120
2025-02-06 19:00:00,0.56832,0.56876,0.56817,0.56864,1954
2025-02-06 20:00:00,0.56865,0.56882,0.56828,0.56841,2759
2025-02-06 21:00:00,0.5684,0.56853,0.56804,0.56842,1915
2025-02-06 22:00:00,0.56841,0.56865,0.56832,0.56864,1623
2025-02-06 23:00:00,0.56863,0.56865,0.56837,0.56861,949
2025-02-07 00:00:00,0.56737,0.56823,0.56691,0.56804,611
2025-02-07 01:00:00,0.56823,0.56862,0.56809,0.56852,874
2025-02-07 02:00:00,0.56849,0.56899,0.56847,0.56894,1700
2025-02-07 03:00:00,0.56892,0.5697,0.5689,0.56958,2418
2025-02-07 04:00:00,0.56958,0.57018,0.56958,0.57005,1918
2025-02-07 05:00:00,0.57008,0.57018,0.56965,0.56974,1521
2025-02-07 06:00:00,0.56974,0.56981,0.56919,0.56937,1086
2025-02-07 07:00:00,0.56936,0.56951,0.56898,0.56902,1398
2025-02-07 08:00:00,0.56903,0.56968,0.56897,0.56967,1585
2025-02-07 09:00:00,0.56963,0.57008,0.56954,0.56971,2127
2025-02-07 10:00:00,0.56971,0.5703,0.5697,0.57021,2588
2025-02-07 11:00:00,0.57022,0.57042,0.56999,0.57016,2236
2025-02-07 12:00:00,0.57015,0.57033,0.56983,0.56991,2066
2025-02-07 13:00:00,0.5699,0.57001,0.56961,0.56963,1903
2025-02-07 14:00:00,0.56964,0.56981,0.56938,0.56972,2136
2025-02-07 15:00:00,0.56972,0.57102,0.56918,0.57063,6006
2025-02-07 16:00:00,0.57062,0.57158,0.57037,0.5711,5300
2025-02-07 17:00:00,0.57113,0.57142,0.56943,0.57047,6940
2025-02-07 18:00:00,0.57048,0.57052,0.56938,0.56981,7564
2025-02-07 19:00:00,0.56979,0.57064,0.56924,0.57059,6388
2025-02-07 20:00:00,0.57057,0.57117,0.57008,0.57026,2901
2025-02-07 21:00:00,0.57028,0.57048,0.57011,0.57027,2420
2025-02-07 22:00:00,0.57025,0.57041,0.57003,0.57031,2106
2025-02-07 23:00:00,0.57033,0.57066,0.57008,0.57042,1720
2025-02-10 00:00:00,0.56713,0.56885,0.56713,0.56858,1584
2025-02-10 01:00:00,0.569,0.57011,0.56874,0.57002,2490
2025-02-10 02:00:00,0.57002,0.57074,0.56993,0.57065,2597
2025-02-10 03:00:00,0.57066,0.57106,0.57004,0.57024,3142
2025-02-10 04:00:00,0.57025,0.57074,0.57012,0.57072,2104
2025-02-10 05:00:00,0.57073,0.57122,0.57064,0.5712,1645
2025-02-10 06:00:00,0.57121,0.57149,0.5711,0.57144,1541
2025-02-10 07:00:00,0.57144,0.57175,0.57123,0.57134,1762
2025-02-10 08:00:00,0.57134,0.57183,0.57118,0.57182,1953
2025-02-10 09:00:00,0.57184,0.57201,0.57112,0.57133,2769
2025-02-10 10:00:00,0.57132,0.57137,0.57063,0.57101,3439
2025-02-10 11:00:00,0.571,0.57167,0.57077,0.57144,2716
2025-02-10 12:00:00,0.57143,0.5716,0.5712,0.57122,2055
2025-02-10 13:00:00,0.57121,0.57157,0.57097,0.57101,2284
2025-02-10 14:00:00,0.571,0.57136,0.57091,0.57116,2635
2025-02-10 15:00:00,0.57117,0.57187,0.57101,0.57164,2946
2025-02-10 16:00:00,0.57163,0.57184,0.5713,0.57167,3804
2025-02-10 17:00:00,0.57165,0.57231,0.57159,0.57197,3846
2025-02-10 18:00:00,0.57199,0.57216,0.57153,0.5719,3026
2025-02-10 19:00:00,0.57188,0.57199,0.57178,0.57192,2073
2025-02-10 20:00:00,0.57191,0.57228,0.57182,0.57205,1963
2025-02-10 21:00:00,0.57204,0.57238,0.57194,0.5723,1400
2025-02-10 22:00:00,0.57229,0.57231,0.57211,0.57217,1421
2025-02-10 23:00:00,0.57218,0.57224,0.57205,0.57208,800
2025-02-11 00:00:00,0.57111,0.57221,0.57082,0.57184,1209
2025-02-11 01:00:00,0.572,0.57229,0.57096,0.57141,2040
2025-02-11 02:00:00,0.57142,0.57167,0.57102,0.57162,1586
2025-02-11 03:00:00,0.57161,0.57184,0.57141,0.57153,2401
2025-02-11 04:00:00,0.57154,0.57175,0.5707,0.57094,2438
2025-02-11 05:00:00,0.57095,0.57145,0.57078,0.57143,1805
2025-02-11 06:00:00,0.57144,0.57186,0.57144,0.57178,1351
2025-02-11 07:00:00,0.57177,0.57214,0.57172,0.5721,1344
2025-02-11 08:00:00,0.5721,0.57262,0.57199,0.57233,1810
2025-02-11 09:00:00,0.57228,0.57278,0.57198,0.57253,2631
2025-02-11 10:00:00,0.57254,0.57316,0.57246,0.57252,2971
2025-02-11 11:00:00,0.57252,0.57282,0.57224,0.57226,2605
2025-02-11 12:00:00,0.57226,0.57267,0.57178,0.57189,2220
2025-02-11 13:00:00,0.5719,0.57283,0.57187,0.57271,1829
2025-02-11 14:00:00,0.57272,0.57367,0.5724,0.57359,2881
2025-02-11 15:00:00,0.5736,0.57366,0.57307,0.5734,3057
2025-02-11 16:00:00,0.57341,0.57437,0.5733,0.57412,3465
2025-02-11 17:00:00,0.57414,0.57445,0.57388,0.57419,3809
2025-02-11 18:00:00,0.57419,0.57471,0.57401,0.57469,3307
2025-02-11 19:00:00,0.57468,0.57477,0.57437,0.57442,1922
2025-02-11 20:00:00,0.57442,0.57472,0.57437,0.57456,1820
2025-02-11 21:00:00,0.57455,0.57489,0.57446,0.57468,2454
2025-02-11 22:00:00,0.57467,0.57513,0.57458,0.57507,2042
2025-02-11 23:00:00,0.57509,0.57514,0.5746,0.57478,1000
2025-02-12 00:00:00,0.57405,0.57455,0.57338,0.57421,620
2025-02-12 01:00:00,0.57434,0.57499,0.57434,0.57492,1233
2025-02-12 02:00:00,0.57493,0.57506,0.57442,0.57473,1957
2025-02-12 03:00:00,0.57471,0.57526,0.57418,0.57518,2643
2025-02-12 04:00:00,0.5752,0.57588,0.57513,0.57569,2324
2025-02-12 05:00:00,0.57568,0.57575,0.57498,0.5753,2089
2025-02-12 06:00:00,0.57529,0.57536,0.57456,0.57457,1584
2025-02-12 07:00:00,0.57458,0.57465,0.57427,0.57446,1759
2025-02-12 08:00:00,0.57447,0.57459,0.57407,0.57415,1902
2025-02-12 09:00:00,0.57416,0.57445,0.57345,0.57358,2751
2025-02-12 10:00:00,0.5736,0.57379,0.57234,0.57243,3218
2025-02-12 11:00:00,0.57245,0.57249,0.57139,0.57156,2628
2025-02-12 12:00:00,0.57157,0.57212,0.57134,0.57184,2311
2025-02-12 13:00:00,0.57183,0.57213,0.57169,0.57188,2302
2025-02-12 14:00:00,0.57188,0.57232,0.57163,0.5723,2485
2025-02-12 15:00:00,0.57231,0.57247,0.56986,0.57089,6400
2025-02-12 16:00:00,0.5709,0.57226,0.57033,0.57223,5592
2025-02-12 17:00:00,0.57222,0.57308,0.5716,0.57306,6664
2025-02-12 18:00:00,0.57307,0.57379,0.57239,0.57364,4884
2025-02-12 19:00:00,0.57365,0.57474,0.57344,0.57459,5088
2025-02-12 20:00:00,0.5746,0.57488,0.57379,0.57391,3555
2025-02-12 21:00:00,0.57391,0.57433,0.57387,0.57402,2228
2025-02-12 22:00:00,0.57403,0.5741,0.57379,0.57386,2057
2025-02-12 23:00:00,0.57387,0.57394,0.57339,0.57356,1836
2025-02-13 00:00:00,0.572,0.57364,0.572,0.57312,642
2025-02-13 01:00:00,0.57324,0.57377,0.57324,0.57375,1335
2025-02-13 02:00:00,0.57374,0.574,0.57349,0.57377,1973
2025-02-13 03:00:00,0.57377,0.57384,0.5731,0.57363,3006
2025-02-13 04:00:00,0.57362,0.57366,0.57278,0.57282,2416
2025-02-13 05:00:00,0.57281,0.57361,0.57278,0.57357,2416
2025-02-13 06:00:00,0.57356,0.57414,0.57353,0.57355,2578
2025-02-13 07:00:00,0.57354,0.57394,0.57333,0.57377,2561
2025-02-13 08:00:00,0.57379,0.57381,0.57286,0.57288,2670
2025-02-13 09:00:00,0.57288,0.57316,0.57081,0.57128,3735
2025-02-13 10:00:00,0.57129,0.57133,0.56902,0.56908,4002
2025-02-13 11:00:00,0.56909,0.56913,0.56852,0.56897,3138
2025-02-13 12:00:00,0.56898,0.56918,0.56826,0.56832,2437
2025-02-13 13:00:00,0.5683,0.56885,0.56806,0.56841,3133
2025-02-13 14:00:00,0.56842,0.56863,0.56781,0.56798,3286
2025-02-13 15:00:00,0.56799,0.56869,0.56772,0.56836,4995
2025-02-13 16:00:00,0.56837,0.56905,0.56803,0.56897,4567
2025-02-13 17:00:00,0.56895,0.57018,0.56888,0.56999,6230
2025-02-13 18:00:00,0.57,0.57016,0.56915,0.56919,3652
2025-02-13 19:00:00,0.56916,0.5694,0.56859,0.56864,2497
2025-02-13 20:00:00,0.56866,0.56935,0.56813,0.56899,5207
2025-02-13 21:00:00,0.56898,0.56997,0.56889,0.56957,4063
2025-02-13 22:00:00,0.56958,0.5709,0.56953,0.57064,2442
2025-02-13 23:00:00,0.57065,0.57072,0.57024,0.57053,1410
2025-02-14 00:00:00,0.57013,0.57054,0.5698,0.57026,1157
2025-02-14 01:00:00,0.57039,0.5706,0.57012,0.5705,2143
2025-02-14 02:00:00,0.57051,0.57056,0.56974,0.56991,2461
2025-02-14 03:00:00,0.56992,0.57108,0.56988,0.57087,3309
2025-02-14 04:00:00,0.57088,0.57171,0.57071,0.57158,2535
2025-02-14 05:00:00,0.57156,0.5717,0.57127,0.57155,2100
2025-02-14 06:00:00,0.57156,0.57169,0.57126,0.57145,1540
2025-02-14 07:00:00,0.57146,0.57158,0.57111,0.57143,2009
2025-02-14 08:00:00,0.57144,0.57171,0.5713,0.57139,2490
2025-02-14 09:00:00,0.57131,0.57263,0.57123,0.57251,3365
2025-02-14 10:00:00,0.57252,0.57295,0.57201,0.57209,3770
2025-02-14 11:00:00,0.57207,0.57234,0.57143,0.57183,3176
2025-02-14 12:00:00,0.57185,0.5719,0.57107,0.57109,2533
2025-02-14 13:00:00,0.57108,0.57158,0.57093,0.57145,2281
2025-02-14 14:00:00,0.57146,0.57169,0.57085,0.57167,2590
2025-02-14 15:00:00,0.57167,0.57196,0.57089,0.57111,4731
2025-02-14 16:00:00,0.57111,0.57176,0.57101,0.57149,4468
2025-02-14 17:00:00,0.57149,0.57178,0.57085,0.57124,4509
2025-02-14 18:00:00,0.57125,0.57155,0.57072,0.57107,3244
2025-02-14 19:00:00,0.57107,0.57117,0.57066,0.57102,2029
2025-02-14 20:00:00,0.57105,0.57126,0.57087,0.57093,1415
2025-02-14 21:00:00,0.57094,0.57143,0.57085,0.57133,1569
2025-02-14 22:00:00,0.57134,0.57196,0.57127,0.57179,1621
2025-02-14 23:00:00,0.57179,0.57183,0.57132,0.57149,1516
2025-02-17 00:00:00,0.56855,0.5712,0.56847,0.57069,1871
2025-02-17 01:00:00,0.57076,0.57201,0.57069,0.57199,2789
2025-02-17 02:00:00,0.572,0.57235,0.57192,0.57205,2422
2025-02-17 03:00:00,0.57205,0.57306,0.57175,0.57266,3344
2025-02-17 04:00:00,0.57265,0.57266,0.57195,0.57245,3001
2025-02-17 05:00:00,0.57246,0.57317,0.57232,0.57304,2520
2025-02-17 06:00:00,0.57305,0.57305,0.57253,0.57269,1912
2025-02-17 07:00:00,0.5727,0.57356,0.57261,0.57325,3115
2025-02-17 08:00:00,0.57324,0.57363,0.5729,0.57318,2723
2025-02-17 09:00:00,0.57317,0.57332,0.57247,0.57255,2534
2025-02-17 10:00:00,0.57256,0.57283,0.5721,0.57257,3109
2025-02-17 11:00:00,0.57257,0.57334,0.57253,0.5732,2253
2025-02-17 12:00:00,0.57317,0.57357,0.57296,0.57338,2327
2025-02-17 13:00:00,0.5734,0.57363,0.5729,0.57355,2029
2025-02-17 14:00:00,0.57356,0.57379,0.57326,0.57356,1926
2025-02-17 15:00:00,0.57357,0.57372,0.57338,0.57348,1688
2025-02-17 16:00:00,0.57348,0.57373,0.57341,0.57355,1830
2025-02-17 17:00:00,0.57355,0.57369,0.57319,0.57344,1825
2025-02-17 18:00:00,0.57346,0.57359,0.57319,0.57334,1474
2025-02-17 19:00:00,0.57337,0.57341,0.57298,0.57322,1022
2025-02-17 20:00:00,0.57321,0.57346,0.57284,0.57286,845
2025-02-17 21:00:00,0.57286,0.57292,0.57241,0.57284,1301
2025-02-17 22:00:00,0.57283,0.57302,0.57279,0.57299,685
2025-02-17 23:00:00,0.57297,0.573,0.57249,0.57254,558
2025-02-18 00:00:00,0.57195,0.57244,0.57192,0.572,843
2025-02-18 01:00:00,0.57213,0.57247,0.57199,0.57241,1204
2025-02-18 02:00:00,0.57241,0.57248,0.57197,0.57212,2193
2025-02-18 03:00:00,0.57212,0.57212,0.57144,0.57176,3226
2025-02-18 04:00:00,0.57177,0.57258,0.57175,0.57219,2740
2025-02-18 05:00:00,0.57219,0.57412,0.57117,0.57292,3258
2025-02-18 06:00:00,0.57293,0.57424,0.57207,0.5736,2216
2025-02-18 07:00:00,0.57361,0.57429,0.57342,0.57407,2287
2025-02-18 08:00:00,0.57406,0.57429,0.57325,0.57373,2267
2025-02-18 09:00:00,0.57371,0.57394,0.57261,0.57283,2482
2025-02-18 10:00:00,0.5728,0.57316,0.57196,0.57223,2950
2025-02-18 11:00:00,0.57223,0.57289,0.57214,0.57267,2321
2025-02-18 12:00:00,0.57267,0.57346,0.57261,0.5728,2116
2025-02-18 13:00:00,0.5728,0.57331,0.57272,0.57317,1556
2025-02-18 14:00:00,0.57316,0.57335,0.57197,0.57209,2169
2025-02-18 15:00:00,0.57208,0.57237,0.57186,0.57199,2994
2025-02-18 16:00:00,0.57199,0.57256,0.5719,0.57228,3100
2025-02-18 17:00:00,0.57229,0.57321,0.57211,0.57266,3444
2025-02-18 18:00:00,0.57265,0.57317,0.57257,0.57308,2479
2025-02-18 19:00:00,0.57308,0.57335,0.57276,0.57322,1788
2025-02-18 20:00:00,0.57324,0.57365,0.57321,0.57364,1578
2025-02-18 21:00:00,0.57363,0.57375,0.57345,0.57364,1430
2025-02-18 22:00:00,0.57365,0.57403,0.5736,0.57386,1471
2025-02-18 23:00:00,0.57385,0.57402,0.57372,0.57381,909
2025-02-19 00:00:00,0.57259,0.57421,0.57244,0.57368,1706
2025-02-19 01:00:00,0.57383,0.57425,0.57383,0.57399,1187
2025-02-19 02:00:00,0.57398,0.57411,0.57363,0.57388,1824
2025-02-19 03:00:00,0.5738,0.57434,0.57328,0.57396,3150
2025-02-19 04:00:00,0.57394,0.5749,0.57357,0.57475,2936
2025-02-19 05:00:00,0.57475,0.57497,0.57447,0.57469,1756
2025-02-19 06:00:00,0.57468,0.5747,0.57429,0.57466,1451
2025-02-19 07:00:00,0.57465,0.575,0.57454,0.57486,1598
2025-02-19 08:00:00,0.57485,0.57497,0.57457,0.5747,2363
2025-02-19 09:00:00,0.57465,0.57531,0.5745,0.57507,2505
2025-02-19 10:00:00,0.57506,0.5757,0.57493,0.57537,2594
2025-02-19 11:00:00,0.57538,0.57567,0.57493,0.57495,2087
2025-02-19 12:00:00,0.57496,0.57524,0.57402,0.57415,2231
2025-02-19 13:00:00,0.57416,0.57429,0.5735,0.57385,2568
2025-02-19 14:00:00,0.57386,0.57471,0.57378,0.5744,2415
2025-02-19 15:00:00,0.57437,0.57465,0.57364,0.57374,2809
2025-02-19 16:00:00,0.57373,0.57374,0.57254,0.57311,3313
2025-02-19 17:00:00,0.57313,0.57466,0.57305,0.57375,4381
2025-02-19 18:00:00,0.57376,0.57425,0.57371,0.57394,3345
2025-02-19 19:00:00,0.57392,0.57398,0.5736,0.57375,1955
2025-02-19 20:00:00,0.57376,0.57379,0.57335,0.57352,1677
2025-02-19 21:00:00,0.57355,0.57381,0.57316,0.57372,2493
2025-02-19 22:00:00,0.5737,0.57396,0.57358,0.57395,1667
2025-02-19 23:00:00,0.57396,0.57422,0.57379,0.57387,876
2025-02-20 00:00:00,0.57353,0.57366,0.57216,0.57343,735
2025-02-20 01:00:00,0.57356,0.57378,0.57311,0.57355,1529
2025-02-20 02:00:00,0.57354,0.57431,0.57269,0.5739,2799
2025-02-20 03:00:00,0.57389,0.57406,0.57195,0.57229,3721
2025-02-20 04:00:00,0.57228,0.57365,0.57207,0.57358,4066
2025-02-20 05:00:00,0.57359,0.57433,0.57298,0.57415,2818
2025-02-20 06:00:00,0.57414,0.57474,0.57406,0.57429,2221
2025-02-20 07:00:00,0.57428,0.57462,0.57421,0.57425,2493
2025-02-20 08:00:00,0.57426,0.5748,0.57405,0.5744,2721
2025-02-20 09:00:00,0.57438,0.57469,0.57421,0.57449,2512
2025-02-20 10:00:00,0.57448,0.57549,0.57444,0.57511,2976
2025-02-20 11:00:00,0.5751,0.57552,0.57492,0.5751,2369
2025-02-20 12:00:00,0.57511,0.57551,0.57497,0.57525,2134
2025-02-20 13:00:00,0.57525,0.57543,0.57477,0.57481,2141
2025-02-20 14:00:00,0.57478,0.57529,0.57475,0.5751,3280
2025-02-20 15:00:00,0.57509,0.5754,0.57479,0.57506,4053
2025-02-20 16:00:00,0.57505,0.57619,0.57502,0.57534,4434
2025-02-20 17:00:00,0.57534,0.57623,0.57496,0.57531,5093
2025-02-20 18:00:00,0.57532,0.57559,0.57476,0.57481,3434
2025-02-20 19:00:00,0.5748,0.57511,0.57457,0.57459,2641
2025-02-20 20:00:00,0.57457,0.57483,0.57449,0.57481,2123
2025-02-20 21:00:00,0.57481,0.57484,0.57446,0.57471,1925
2025-02-20 22:00:00,0.57473,0.5749,0.5747,0.57481,1553
2025-02-20 23:00:00,0.5748,0.57491,0.57465,0.57466,1030
2025-02-21 00:00:00,0.5743,0.57451,0.57356,0.57439,792
2025-02-21 01:00:00,0.57463,0.57527,0.57447,0.57503,2004
2025-02-21 02:00:00,0.57502,0.5752,0.57469,0.57494,2454
2025-02-21 03:00:00,0.57492,0.57512,0.57463,0.57477,3571
2025-02-21 04:00:00,0.57476,0.57563,0.57475,0.57525,3764
2025-02-21 05:00:00,0.57525,0.57527,0.57471,0.57487,2503
2025-02-21 06:00:00,0.57488,0.57488,0.57437,0.57443,1769
2025-02-21 07:00:00,0.57441,0.57458,0.57407,0.57417,2503
2025-02-21 08:00:00,0.57417,0.57457,0.57411,0.57416,2632
2025-02-21 09:00:00,0.57413,0.57443,0.57368,0.57385,2817
2025-02-21 10:00:00,0.57386,0.57439,0.57327,0.57334,3985
2025-02-21 11:00:00,0.57337,0.57404,0.57286,0.57403,2792
2025-02-21 12:00:00,0.57402,0.57427,0.57387,0.57404,1949
2025-02-21 13:00:00,0.57404,0.57431,0.57391,0.57399,1930
2025-02-21 14:00:00,0.57398,0.57471,0.57397,0.57443,2103
2025-02-21 15:00:00,0.57444,0.57474,0.57402,0.57426,2859
2025-02-21 16:00:00,0.57427,0.57464,0.57342,0.57364,4260
2025-02-21 17:00:00,0.57362,0.57387,0.57323,0.57344,4969
2025-02-21 18:00:00,0.57343,0.57354,0.57293,0.57305,2776
2025-02-21 19:00:00,0.57303,0.57307,0.57177,0.57185,2544
2025-02-21 20:00:00,0.57183,0.57184,0.57055,0.57097,3448
2025-02-21 21:00:00,0.57095,0.57104,0.56979,0.57006,2783
2025-02-21 22:00:00,0.57006,0.57049,0.57005,0.57034,2147
2025-02-21 23:00:00,0.57035,0.57078,0.5701,0.57052,1360
2025-02-24 00:00:00,0.56969,0.57175,0.56969,0.57082,2906
2025-02-24 01:00:00,0.57089,0.5724,0.57066,0.57221,2273
2025-02-24 02:00:00,0.5722,0.57222,0.57117,0.57119,3100
2025-02-24 03:00:00,0.57117,0.57122,0.57042,0.57063,4559
2025-02-24 04:00:00,0.57064,0.57228,0.57049,0.57205,4056
2025-02-24 05:00:00,0.57205,0.57239,0.57155,0.57167,2963
2025-02-24 06:00:00,0.57166,0.57181,0.57151,0.57166,1849
2025-02-24 07:00:00,0.57162,0.57182,0.57141,0.57141,2897
2025-02-24 08:00:00,0.5714,0.57208,0.57119,0.572,2829
2025-02-24 09:00:00,0.57201,0.57214,0.57069,0.57153,3430
2025-02-24 10:00:00,0.57155,0.57177,0.57049,0.57176,4075
2025-02-24 11:00:00,0.57174,0.57267,0.57157,0.57234,3084
2025-02-24 12:00:00,0.57234,0.57251,0.57182,0.57196,2546
2025-02-24 13:00:00,0.57195,0.57302,0.57183,0.5727,2461
2025-02-24 14:00:00,0.57267,0.57273,0.57227,0.5726,2571
2025-02-24 15:00:00,0.5726,0.57293,0.57219,0.57225,3053
2025-02-24 16:00:00,0.57227,0.57245,0.56981,0.56988,4412
2025-02-24 17:00:00,0.5699,0.57037,0.56872,0.56988,5393
2025-02-24 18:00:00,0.56989,0.57085,0.56965,0.57015,3613
2025-02-24 19:00:00,0.57015,0.57087,0.57009,0.57025,2804
2025-02-24 20:00:00,0.57023,0.57048,0.57003,0.57012,1924
2025-02-24 21:00:00,0.57012,0.57019,0.56966,0.56991,2116
2025-02-24 22:00:00,0.56994,0.57002,0.56906,0.56935,2772
2025-02-24 23:00:00,0.56936,0.56967,0.56923,0.56954,845
2025-02-25 00:00:00,0.56863,0.5695,0.56831,0.56899,671
2025-02-25 01:00:00,0.56902,0.56949,0.56862,0.56875,1914
2025-02-25 02:00:00,0.56873,0.56949,0.56873,0.56906,2567
2025-02-25 03:00:00,0.56908,0.56938,0.56893,0.56932,3372
2025-02-25 04:00:00,0.56931,0.56994,0.56917,0.56989,3235
2025-02-25 05:00:00,0.56988,0.57016,0.56975,0.56983,2448
2025-02-25 06:00:00,0.56983,0.57018,0.56953,0.5696,1970
2025-02-25 07:00:00,0.56961,0.57014,0.56958,0.57005,2073
2025-02-25 08:00:00,0.57005,0.57014,0.56943,0.56966,2417
2025-02-25 09:00:00,0.56966,0.56972,0.5682,0.56823,3589
2025-02-25 10:00:00,0.56821,0.56901,0.56799,0.56816,3705
2025-02-25 11:00:00,0.56816,0.56847,0.56744,0.56749,2785
2025-02-25 12:00:00,0.56748,0.56767,0.5669,0.56696,2571
2025-02-25 13:00:00,0.56699,0.56812,0.5669,0.56791,2371
2025-02-25 14:00:00,0.56791,0.56791,0.56665,0.56704,3322
2025-02-25 15:00:00,0.56703,0.5675,0.56687,0.56707,3591
2025-02-25 16:00:00,0.56706,0.56721,0.56615,0.56628,4189
2025-02-25 17:00:00,0.56623,0.56625,0.56385,0.56584,6859
2025-02-25 18:00:00,0.56584,0.56588,0.56451,0.56535,4855
2025-02-25 19:00:00,0.56532,0.56543,0.56464,0.56532,3069
2025-02-25 20:00:00,0.56532,0.56633,0.56513,0.56607,3079
2025-02-25 21:00:00,0.56607,0.56623,0.56571,0.56603,2680
2025-02-25 22:00:00,0.56602,0.56663,0.56592,0.56608,2644
2025-02-25 23:00:00,0.56609,0.56648,0.56603,0.56638,1460
2025-02-26 00:00:00,0.56595,0.56646,0.56479,0.56637,321
2025-02-26 01:00:00,0.56653,0.56691,0.56633,0.56677,1954
2025-02-26 02:00:00,0.56676,0.56681,0.56561,0.56566,2795
2025-02-26 03:00:00,0.56565,0.56573,0.56484,0.56571,3607
2025-02-26 04:00:00,0.56572,0.56592,0.56487,0.56564,3711
2025-02-26 05:00:00,0.56564,0.56581,0.56509,0.56529,2734
2025-02-26 06:00:00,0.56529,0.56569,0.56515,0.56557,2043
2025-02-26 07:00:00,0.56557,0.56593,0.56539,0.56569,2497
2025-02-26 08:00:00,0.56568,0.56661,0.56564,0.56654,2527
2025-02-26 09:00:00,0.56656,0.56689,0.56569,0.56583,2990
2025-02-26 10:00:00,0.56582,0.56619,0.56554,0.56604,3234
2025-02-26 11:00:00,0.56603,0.56647,0.56567,0.56573,2591
2025-02-26 12:00:00,0.56574,0.56598,0.56545,0.5656,2492
2025-02-26 13:00:00,0.56561,0.56576,0.5652,0.56555,2230
2025-02-26 14:00:00,0.56554,0.56561,0.56501,0.56523,2681
2025-02-26 15:00:00,0.56523,0.56538,0.56408,0.5642,3171
2025-02-26 16:00:00,0.56421,0.56441,0.56305,0.5641,4294
2025-02-26 17:00:00,0.56408,0.56527,0.564,0.56441,4815
2025-02-26 18:00:00,0.56445,0.56511,0.5644,0.56454,3683
2025-02-26 19:00:00,0.56453,0.56537,0.56434,0.56471,5188
2025-02-26 20:00:00,0.56471,0.56485,0.56341,0.56364,3807
2025-02-26 21:00:00,0.56361,0.56418,0.56329,0.56382,2949
2025-02-26 22:00:00,0.56382,0.56385,0.56312,0.56329,2484
2025-02-26 23:00:00,0.56329,0.56403,0.56312,0.56398,1679
2025-02-27 00:00:00,0.56327,0.56414,0.56269,0.56393,556
2025-02-27 01:00:00,0.56405,0.56458,0.56386,0.56429,1969
2025-02-27 02:00:00,0.5643,0.56431,0.56382,0.56387,2791
2025-02-27 03:00:00,0.56388,0.5647,0.5637,0.5645,3433
2025-02-27 04:00:00,0.5645,0.56494,0.56422,0.56461,3426
2025-02-27 05:00:00,0.56465,0.56504,0.56402,0.56418,2322
2025-02-27 06:00:00,0.56418,0.56433,0.56377,0.56391,2389
2025-02-27 07:00:00,0.56391,0.56441,0.56369,0.56437,2937
2025-02-27 08:00:00,0.56436,0.5645,0.56407,0.56422,3069
2025-02-27 09:00:00,0.56425,0.56498,0.5637,0.56447,2686
2025-02-27 10:00:00,0.56448,0.56526,0.56438,0.56514,3417
2025-02-27 11:00:00,0.56515,0.56574,0.56459,0.5656,2801
2025-02-27 12:00:00,0.56561,0.56596,0.56544,0.56569,2392
2025-02-27 13:00:00,0.56567,0.5661,0.56546,0.56609,2205
2025-02-27 14:00:00,0.5661,0.56616,0.56502,0.5651,2981
2025-02-27 15:00:00,0.5651,0.56541,0.56351,0.56396,6140
2025-02-27 16:00:00,0.56395,0.56434,0.56223,0.56239,7187
2025-02-27 17:00:00,0.56239,0.56272,0.56144,0.56243,7391
2025-02-27 18:00:00,0.56243,0.56262,0.56145,0.56165,4849
2025-02-27 19:00:00,0.56166,0.56235,0.56163,0.56169,3678
2025-02-27 20:00:00,0.56169,0.56253,0.56163,0.56238,3030
2025-02-27 21:00:00,0.56239,0.56246,0.56115,0.56155,3313
2025-02-27 22:00:00,0.56156,0.56162,0.56069,0.56078,3078
2025-02-27 23:00:00,0.5608,0.56099,0.5606,0.56097,1468
2025-02-28 00:00:00,0.56048,0.56113,0.56036,0.56057,725
2025-02-28 01:00:00,0.56058,0.56123,0.56043,0.56082,1343
2025-02-28 02:00:00,0.56082,0.56097,0.55983,0.55988,2532
2025-02-28 03:00:00,0.55989,0.56045,0.55914,0.55918,4163
2025-02-28 04:00:00,0.55917,0.55947,0.55864,0.55875,3146
2025-02-28 05:00:00,0.55875,0.55887,0.55812,0.55838,2338
2025-02-28 06:00:00,0.55837,0.55886,0.55819,0.55856,1973
2025-02-28 07:00:00,0.55855,0.55904,0.55849,0.55876,2164
2025-02-28 08:00:00,0.55877,0.55911,0.55859,0.55884,2375
2025-02-28 09:00:00,0.5588,0.56059,0.55871,0.56012,3324
2025-02-28 10:00:00,0.56011,0.56069,0.5596,0.56023,3546
2025-02-28 11:00:00,0.56024,0.56063,0.55974,0.5604,2967
2025-02-28 12:00:00,0.56039,0.56098,0.56018,0.56093,2555
2025-02-28 13:00:00,0.56094,0.56131,0.56066,0.56129,2080
2025-02-28 14:00:00,0.56128,0.56136,0.56026,0.56045,2569
2025-02-28 15:00:00,0.56046,0.5611,0.56027,0.56035,3787
2025-02-28 16:00:00,0.56036,0.56097,0.5596,0.56033,4968
2025-02-28 17:00:00,0.56032,0.56136,0.56004,0.56101,5789
2025-02-28 18:00:00,0.56099,0.56118,0.55959,0.56002,5214
2025-02-28 19:00:00,0.56002,0.56013,0.55937,0.55964,3939
2025-02-28 20:00:00,0.55964,0.5599,0.55882,0.55945,5074
2025-02-28 21:00:00,0.55942,0.55997,0.55938,0.55991,3349
2025-02-28 22:00:00,0.5599,0.56042,0.55982,0.56022,2929
2025-02-28 23:00:00,0.56019,0.56073,0.56003,0.5603,1682
2025-03-03 00:00:00,0.55959,0.56109,0.55939,0.56018,1116
2025-03-03 01:00:00,0.56019,0.56171,0.56019,0.56139,2446
2025-03-03 02:00:00,0.56139,0.56164,0.5609,0.56103,2930
2025-03-03 03:00:00,0.56103,0.56215,0.56095,0.56167,3512
2025-03-03 04:00:00,0.56165,0.56185,0.56069,0.56081,2387
2025-03-03 05:00:00,0.5608,0.56082,0.55995,0.56064,2730
2025-03-03 06:00:00,0.56065,0.56103,0.5606,0.56071,1818
2025-03-03 07:00:00,0.56071,0.56101,0.56066,0.56076,2255
2025-03-03 08:00:00,0.56075,0.56083,0.56021,0.56079,2601
2025-03-03 09:00:00,0.56078,0.56139,0.56047,0.56051,3041
2025-03-03 10:00:00,0.56052,0.56066,0.55986,0.56034,3526
2025-03-03 11:00:00,0.56034,0.56082,0.56001,0.56061,2703
2025-03-03 12:00:00,0.5606,0.56105,0.56022,0.56101,2867
2025-03-03 13:00:00,0.56101,0.56124,0.56053,0.56093,3064
2025-03-03 14:00:00,0.56094,0.56151,0.56041,0.56081,3275
2025-03-03 15:00:00,0.5608,0.56107,0.56044,0.56081,3807
2025-03-03 16:00:00,0.56081,0.56152,0.56057,0.56072,4696
2025-03-03 17:00:00,0.56041,0.56107,0.55999,0.5606,6873
2025-03-03 18:00:00,0.56061,0.56081,0.56,0.56046,4049
2025-03-03 19:00:00,0.56045,0.56072,0.56014,0.56025,2911
2025-03-03 20:00:00,0.56025,0.56031,0.55906,0.55944,4027
2025-03-03 21:00:00,0.55942,0.55973,0.55825,0.55836,3926
2025-03-03 22:00:00,0.55837,0.55838,0.55613,0.55757,6470
2025-03-03 23:00:00,0.55758,0.55821,0.55757,0.55814,1875
2025-03-04 00:00:00,0.55775,0.55801,0.55738,0.55755,1316
2025-03-04 01:00:00,0.55761,0.55808,0.55711,0.55736,1754
2025-03-04 02:00:00,0.55735,0.55759,0.55626,0.55709,3842
2025-03-04 03:00:00,0.55709,0.55717,0.55572,0.55624,4995
2025-03-04 04:00:00,0.55625,0.55657,0.55566,0.55585,3671
2025-03-04 05:00:00,0.55584,0.55636,0.55538,0.55585,3513
2025-03-04 06:00:00,0.55584,0.55585,0.55485,0.55493,2477
2025-03-04 07:00:00,0.55495,0.5557,0.55435,0.55557,3910
2025-03-04 08:00:00,0.55559,0.55624,0.55545,0.55614,2333
2025-03-04 09:00:00,0.55612,0.55646,0.55492,0.55547,4389
2025-03-04 10:00:00,0.55548,0.5555,0.55326,0.5541,5690
2025-03-04 11:00:00,0.55411,0.555,0.55403,0.5546,4507
2025-03-04 12:00:00,0.55459,0.55497,0.55424,0.55482,4063
2025-03-04 13:00:00,0.55481,0.55508,0.55418,0.5548,3707
2025-03-04 14:00:00,0.55477,0.55477,0.55352,0.55356,4512
2025-03-04 15:00:00,0.55356,0.5545,0.55335,0.5534,5466
2025-03-04 16:00:00,0.55339,0.55467,0.55212,0.55215,6990
2025-03-04 17:00:00,0.55214,0.55346,0.55142,0.55256,8486
2025-03-04 18:00:00,0.55257,0.55296,0.55169,0.55265,6166
2025-03-04 19:00:00,0.55265,0.55362,0.55238,0.553,5360
2025-03-04 20:00:00,0.553,0.55385,0.55294,0.55363,6028
2025-03-04 21:00:00,0.55363,0.5554,0.55355,0.55526,4479
2025-03-04 22:00:00,0.55525,0.5567,0.55496,0.55529,5541
2025-03-04 23:00:00,0.55528,0.55785,0.55508,0.55772,4277
2025-03-05 00:00:00,0.55692,0.55737,0.55547,0.55721,970
2025-03-05 01:00:00,0.55715,0.55883,0.55715,0.55774,2092
2025-03-05 02:00:00,0.55773,0.55779,0.55663,0.55683,3279
2025-03-05 03:00:00,0.55683,0.55784,0.55672,0.55676,5202
2025-03-05 04:00:00,0.55677,0.55684,0.55582,0.55582,4243
2025-03-05 05:00:00,0.55582,0.55691,0.55539,0.55676,3408
2025-03-05 06:00:00,0.55676,0.55706,0.5565,0.55654,2343
2025-03-05 07:00:00,0.55653,0.55678,0.55597,0.5563,2609
2025-03-05 08:00:00,0.5563,0.55692,0.55586,0.55676,3085
2025-03-05 09:00:00,0.55679,0.55819,0.55603,0.55677,4869
2025-03-05 10:00:00,0.55677,0.55759,0.55646,0.55717,5244
2025-03-05 11:00:00,0.55717,0.55747,0.55652,0.55656,3842
2025-03-05 12:00:00,0.55656,0.55749,0.55613,0.5572,3628
2025-03-05 13:00:00,0.55721,0.55853,0.55718,0.55825,3476
2025-03-05 14:00:00,0.55827,0.55897,0.55809,0.55842,4550
2025-03-05 15:00:00,0.55843,0.55899,0.55747,0.55899,7092
2025-03-05 16:00:00,0.559,0.56085,0.55878,0.5605,7272
2025-03-05 17:00:00,0.56085,0.56241,0.55974,0.5602,8895
2025-03-05 18:00:00,0.56021,0.56171,0.55943,0.5615,7219
2025-03-05 19:00:00,0.56149,0.56344,0.56136,0.56322,5662
2025-03-05 20:00:00,0.56323,0.56341,0.56232,0.56317,6231
2025-03-05 21:00:00,0.56317,0.56458,0.56311,0.56437,3986
2025-03-05 22:00:00,0.56437,0.56495,0.56432,0.56462,3231
2025-03-05 23:00:00,0.56461,0.56484,0.56404,0.56419,1845
2025-03-06 00:00:00,0.56399,0.56434,0.56237,0.56394,495
2025-03-06 01:00:00,0.56396,0.56462,0.56385,0.56439,1318
2025-03-06 02:00:00,0.56438,0.56465,0.56366,0.56379,2990
2025-03-06 03:00:00,0.5638,0.56556,0.5638,0.56541,4301
2025-03-06 04:00:00,0.56542,0.56608,0.56504,0.56551,3807
2025-03-06 05:00:00,0.56552,0.56589,0.5652,0.56563,2616
2025-03-06 06:00:00,0.56564,0.56586,0.56512,0.56531,1761
2025-03-06 07:00:00,0.56533,0.5655,0.56448,0.5645,2574
2025-03-06 08:00:00,0.56449,0.56494,0.56412,0.56433,3250
2025-03-06 09:00:00,0.56432,0.5648,0.56281,0.56292,4778
2025-03-06 10:00:00,0.56293,0.56342,0.56233,0.56266,5237
2025-03-06 11:00:00,0.56267,0.56273,0.56079,0.56105,5376
2025-03-06 12:00:00,0.56106,0.56231,0.56046,0.5611,4202
2025-03-06 13:00:00,0.56108,0.56108,0.56036,0.56078,3402
2025-03-06 14:00:00,0.56079,0.56199,0.56038,0.56157,3627
2025-03-06 15:00:00,0.56158,0.56193,0.5602,0.56025,6026
2025-03-06 16:00:00,0.56024,0.56068,0.55934,0.55959,7589
2025-03-06 17:00:00,0.55958,0.56275,0.55958,0.56263,7247
2025-03-06 18:00:00,0.56265,0.56302,0.56106,0.56109,6887
2025-03-06 19:00:00,0.56108,0.56135,0.55987,0.56064,5516
2025-03-06 20:00:00,0.56064,0.56072,0.55968,0.55992,4339
2025-03-06 21:00:00,0.55994,0.56001,0.55877,0.55915,4117
2025-03-06 22:00:00,0.55914,0.55965,0.55893,0.55916,4323
2025-03-06 23:00:00,0.55917,0.55983,0.55916,0.55955,1468
2025-03-07 00:00:00,0.55876,0.55976,0.55823,0.55915,639
2025-03-07 01:00:00,0.55925,0.55978,0.55909,0.55926,1447
2025-03-07 02:00:00,0.55927,0.55944,0.55805,0.55821,2890
2025-03-07 03:00:00,0.55823,0.55832,0.5574,0.5578,3598
2025-03-07 04:00:00,0.55778,0.5578,0.55715,0.55715,2967
2025-03-07 05:00:00,0.55716,0.55718,0.55578,0.55598,2937
2025-03-07 06:00:00,0.55599,0.55643,0.55591,0.55625,1557
2025-03-07 07:00:00,0.55624,0.55646,0.55533,0.55534,2180
2025-03-07 08:00:00,0.55535,0.55581,0.55501,0.55549,2519
2025-03-07 09:00:00,0.55547,0.55591,0.55495,0.55545,3360
2025-03-07 10:00:00,0.55547,0.55568,0.55429,0.55447,4269
2025-03-07 11:00:00,0.55446,0.55488,0.55381,0.55463,3381
2025-03-07 12:00:00,0.55462,0.55467,0.5536,0.55388,3093
2025-03-07 13:00:00,0.55388,0.55428,0.5534,0.55371,2720
2025-03-07 14:00:00,0.55365,0.55415,0.55326,0.55361,3060
2025-03-07 15:00:00,0.55359,0.55525,0.55213,0.55256,7108
2025-03-07 16:00:00,0.55259,0.55477,0.5514,0.55436,7762
2025-03-07 17:00:00,0.55438,0.55565,0.55344,0.55476,7437
2025-03-07 18:00:00,0.55475,0.55476,0.55199,0.55256,6400
2025-03-07 19:00:00,0.55257,0.55393,0.55154,0.55311,5850
2025-03-07 20:00:00,0.55313,0.5545,0.55305,0.55444,5316
2025-03-07 21:00:00,0.55445,0.55542,0.55442,0.55513,3941
2025-03-07 22:00:00,0.55512,0.55545,0.55473,0.55511,2930
2025-03-07 23:00:00,0.55512,0.5553,0.55454,0.55458,1182
2025-03-10 00:00:00,0.55446,0.55492,0.5534,0.55428,1288
2025-03-10 01:00:00,0.55415,0.55442,0.55314,0.55315,2670
2025-03-10 02:00:00,0.55315,0.5534,0.5523,0.55291,3079
2025-03-10 03:00:00,0.55291,0.55357,0.55248,0.55332,3575
2025-03-10 04:00:00,0.55334,0.55475,0.55324,0.55466,2636
2025-03-10 05:00:00,0.55465,0.55493,0.55414,0.55423,2633
2025-03-10 06:00:00,0.55423,0.55442,0.5537,0.55402,2456
2025-03-10 07:00:00,0.554,0.55436,0.55398,0.55414,1573
2025-03-10 08:00:00,0.55412,0.55508,0.55408,0.55474,2453
2025-03-10 09:00:00,0.55474,0.55533,0.55452,0.55513,2687
2025-03-10 10:00:00,0.55511,0.55629,0.55497,0.55619,3592
2025-03-10 11:00:00,0.55622,0.55644,0.55418,0.55465,5283
2025-03-10 12:00:00,0.55463,0.55551,0.55418,0.55485,3979
2025-03-10 13:00:00,0.55486,0.55515,0.55426,0.55433,4023
2025-03-10 14:00:00,0.55436,0.55496,0.55419,0.55445,4134
2025-03-10 15:00:00,0.55442,0.555,0.55392,0.55477,4023
2025-03-10 16:00:00,0.55475,0.55531,0.55418,0.55499,5457
2025-03-10 17:00:00,0.55497,0.55507,0.55331,0.55373,6276
2025-03-10 18:00:00,0.55373,0.55604,0.55366,0.55569,5398
2025-03-10 19:00:00,0.55569,0.55578,0.55493,0.55536,4967
2025-03-10 20:00:00,0.55535,0.55537,0.55396,0.554,3694
2025-03-10 21:00:00,0.55399,0.55409,0.55232,0.55245,4381
2025-03-10 22:00:00,0.55242,0.55408,0.55182,0.55365,4597
2025-03-10 23:00:00,0.55367,0.55393,0.55282,0.55292,2105
2025-03-11 00:00:00,0.55228,0.5531,0.55034,0.55283,485
2025-03-11 01:00:00,0.55256,0.55311,0.55229,0.55229,1092
2025-03-11 02:00:00,0.55225,0.55265,0.55179,0.55261,2525
2025-03-11 03:00:00,0.55259,0.55264,0.55061,0.55117,3971
2025-03-11 04:00:00,0.55115,0.55129,0.54937,0.55041,4503
2025-03-11 05:00:00,0.55041,0.55253,0.55032,0.55154,4067
2025-03-11 06:00:00,0.55157,0.55211,0.55125,0.55159,2986
2025-03-11 07:00:00,0.55157,0.55189,0.55133,0.55169,2141
2025-03-11 08:00:00,0.55169,0.55174,0.55089,0.55148,2943
2025-03-11 09:00:00,0.55145,0.55237,0.551,0.55161,3763
2025-03-11 10:00:00,0.55159,0.55285,0.55145,0.55227,4524
2025-03-11 11:00:00,0.55226,0.55417,0.55214,0.55384,4754
2025-03-11 12:00:00,0.55383,0.55458,0.55371,0.5543,4395
2025-03-11 13:00:00,0.5543,0.5545,0.55391,0.55426,3245
2025-03-11 14:00:00,0.55425,0.55474,0.55356,0.55464,3583
2025-03-11 15:00:00,0.55465,0.55493,0.55362,0.55386,3997
2025-03-11 16:00:00,0.55387,0.55435,0.55303,0.55374,5956
2025-03-11 17:00:00,0.55359,0.55491,0.55085,0.55121,9458
2025-03-11 18:00:00,0.55119,0.55354,0.55102,0.55297,7572
2025-03-11 19:00:00,0.55295,0.55397,0.55257,0.55356,4759
2025-03-11 20:00:00,0.55355,0.55366,0.55241,0.5532,4526
2025-03-11 21:00:00,0.55317,0.5566,0.55317,0.5564,5881
2025-03-11 22:00:00,0.5564,0.5567,0.55549,0.55552,5106
2025-03-11 23:00:00,0.55552,0.55592,0.55547,0.55588,2009
2025-03-12 00:00:00,0.55564,0.55582,0.55449,0.55535,612
2025-03-12 01:00:00,0.55543,0.55622,0.5554,0.55615,887
2025-03-12 02:00:00,0.55615,0.55623,0.5557,0.55606,1600
2025-03-12 03:00:00,0.55606,0.55633,0.55535,0.55602,2236
2025-03-12 04:00:00,0.55601,0.55614,0.5555,0.55572,2848
2025-03-12 05:00:00,0.55572,0.55613,0.55548,0.5556,2660
2025-03-12 06:00:00,0.55559,0.55593,0.55523,0.55528,1989
2025-03-12 07:00:00,0.55528,0.55583,0.55522,0.55567,1820
2025-03-12 08:00:00,0.55569,0.556,0.55559,0.55586,2357
2025-03-12 09:00:00,0.55586,0.55589,0.55445,0.55452,2230
2025-03-12 10:00:00,0.55452,0.5553,0.55397,0.555,3314
2025-03-12 11:00:00,0.55501,0.55551,0.55412,0.5553,4315
2025-03-12 12:00:00,0.5553,0.55603,0.55525,0.55557,2900
2025-03-12 13:00:00,0.55555,0.55574,0.55463,0.55472,2483
2025-03-12 14:00:00,0.55472,0.55532,0.55471,0.55475,2665
2025-03-12 15:00:00,0.55474,0.55626,0.55423,0.55533,6166
2025-03-12 16:00:00,0.55533,0.55672,0.55525,0.55552,6655
2025-03-12 17:00:00,0.55551,0.55704,0.55476,0.55553,6081
2025-03-12 18:00:00,0.55552,0.55694,0.55525,0.55655,4941
2025-03-12 19:00:00,0.55657,0.55752,0.55643,0.55689,4139
2025-03-12 20:00:00,0.55691,0.55751,0.5563,0.55633,3314
2025-03-12 21:00:00,0.55634,0.55746,0.55631,0.55709,3318
2025-03-12 22:00:00,0.55709,0.55739,0.55679,0.55708,3361
2025-03-12 23:00:00,0.55706,0.5576,0.55697,0.55721,1266
2025-03-13 00:00:00,0.55687,0.55721,0.55586,0.5571,369
2025-03-13 01:00:00,0.5571,0.55759,0.55709,0.55742,840
2025-03-13 02:00:00,0.55742,0.558,0.55742,0.558,1077
2025-03-13 03:00:00,0.55801,0.55843,0.55745,0.55749,1804
2025-03-13 04:00:00,0.55749,0.55767,0.55709,0.5573,3009
2025-03-13 05:00:00,0.55729,0.55746,0.55687,0.55726,2526
2025-03-13 06:00:00,0.55727,0.55749,0.5566,0.55661,1775
2025-03-13 07:00:00,0.5566,0.55696,0.55597,0.5561,1800
2025-03-13 08:00:00,0.5561,0.55627,0.55535,0.55583,2526
2025-03-13 09:00:00,0.55584,0.55585,0.55406,0.55565,3618
2025-03-13 10:00:00,0.55564,0.55615,0.5547,0.55488,3698
2025-03-13 11:00:00,0.55489,0.55526,0.55429,0.55452,4088
2025-03-13 12:00:00,0.55452,0.55503,0.55441,0.55485,2416
2025-03-13 13:00:00,0.55483,0.55541,0.55463,0.55511,2657
2025-03-13 14:00:00,0.55512,0.55512,0.55442,0.55486,3444
2025-03-13 15:00:00,0.55483,0.55503,0.5539,0.55466,5241
2025-03-13 16:00:00,0.55467,0.55501,0.55414,0.55488,4912
2025-03-13 17:00:00,0.55486,0.5565,0.55468,0.55642,5375
2025-03-13 18:00:00,0.55644,0.55722,0.55607,0.55632,5324
2025-03-13 19:00:00,0.55632,0.55682,0.55595,0.55631,4560
2025-03-13 20:00:00,0.5563,0.55638,0.5546,0.55471,3657
2025-03-13 21:00:00,0.55471,0.55552,0.55469,0.55509,3060
2025-03-13 22:00:00,0.55509,0.55533,0.55484,0.55498,2875
2025-03-13 23:00:00,0.55497,0.5552,0.55415,0.55429,1444
2025-03-14 00:00:00,0.55353,0.55449,0.55338,0.55389,514
2025-03-14 01:00:00,0.55389,0.55504,0.5538,0.55485,801
2025-03-14 02:00:00,0.55483,0.55518,0.55469,0.55478,1608
2025-03-14 03:00:00,0.55475,0.55508,0.55432,0.55504,3124
2025-03-14 04:00:00,0.55504,0.55597,0.55499,0.5557,3238
2025-03-14 05:00:00,0.5557,0.55594,0.55538,0.55563,2014
2025-03-14 06:00:00,0.55566,0.55622,0.55563,0.55616,2891
2025-03-14 07:00:00,0.55614,0.55643,0.5558,0.55633,2076
2025-03-14 08:00:00,0.55632,0.55652,0.55595,0.55611,1972
2025-03-14 09:00:00,0.55611,0.55695,0.55608,0.55658,2377
2025-03-14 10:00:00,0.55657,0.55751,0.5565,0.55725,3284
2025-03-14 11:00:00,0.55723,0.55764,0.55647,0.55752,3593
2025-03-14 12:00:00,0.55751,0.55783,0.55721,0.55738,3029
2025-03-14 13:00:00,0.55738,0.55779,0.55687,0.55727,3696
2025-03-14 14:00:00,0.55726,0.55826,0.55718,0.55802,3527
2025-03-14 15:00:00,0.55801,0.56,0.55792,0.55951,3443
2025-03-14 16:00:00,0.55949,0.5602,0.55884,0.55954,4052
2025-03-14 17:00:00,0.55942,0.55978,0.55879,0.55973,5787
2025-03-14 18:00:00,0.55973,0.56017,0.55918,0.55932,3959
2025-03-14 19:00:00,0.55932,0.55958,0.55861,0.55939,3152
2025-03-14 20:00:00,0.55936,0.55959,0.55924,0.55944,2167
2025-03-14 21:00:00,0.55943,0.55979,0.55938,0.55967,1780
2025-03-14 22:00:00,0.55967,0.55997,0.55942,0.55983,1299
2025-03-14 23:00:00,0.55984,0.56026,0.55965,0.55993,1890
2025-03-17 00:00:00,0.55877,0.55987,0.55802,0.55974,871
2025-03-17 01:00:00,0.55969,0.56033,0.55926,0.55928,1662
2025-03-17 02:00:00,0.55927,0.55952,0.55896,0.55919,1571
2025-03-17 03:00:00,0.55919,0.55993,0.55895,0.5598,1971
2025-03-17 04:00:00,0.5598,0.56024,0.5595,0.55996,2338
2025-03-17 05:00:00,0.55993,0.56012,0.5596,0.55966,2038
2025-03-17 06:00:00,0.55964,0.55965,0.55919,0.55952,1313
2025-03-17 07:00:00,0.55953,0.5598,0.55915,0.55948,1708
2025-03-17 08:00:00,0.55948,0.55973,0.55908,0.55958,1690
2025-03-17 09:00:00,0.55958,0.56004,0.55925,0.55997,1807
2025-03-17 10:00:00,0.56,0.56041,0.55978,0.56018,2686
2025-03-17 11:00:00,0.56017,0.56042,0.55973,0.56006,3177
2025-03-17 12:00:00,0.56006,0.56047,0.55974,0.56017,2986
2025-03-17 13:00:00,0.56016,0.56067,0.56011,0.56034,2527
2025-03-17 14:00:00,0.56033,0.56073,0.56022,0.56046,2103
2025-03-17 15:00:00,0.56045,0.56057,0.55959,0.55984,4097
2025-03-17 16:00:00,0.55983,0.5612,0.55974,0.5605,4366
2025-03-17 17:00:00,0.5605,0.56088,0.55997,0.56037,4566
2025-03-17 18:00:00,0.56038,0.5617,0.5603,0.56156,3565
2025-03-17 19:00:00,0.56155,0.56184,0.56132,0.5616,2589
2025-03-17 20:00:00,0.5616,0.56276,0.56142,0.56227,1690
2025-03-17 21:00:00,0.56226,0.56276,0.56221,0.56265,1807
2025-03-17 22:00:00,0.56266,0.56274,0.56216,0.56218,1326
2025-03-17 23:00:00,0.56219,0.56245,0.56204,0.56228,2270
2025-03-18 00:00:00,0.56187,0.56239,0.56166,0.56168,617
2025-03-18 01:00:00,0.56189,0.56273,0.56189,0.56252,668
2025-03-18 02:00:00,0.56252,0.56271,0.56215,0.5623,1211
2025-03-18 03:00:00,0.56231,0.56246,0.5621,0.56231,2047
2025-03-18 04:00:00,0.56231,0.56308,0.56229,0.56252,2252
2025-03-18 05:00:00,0.56251,0.56263,0.56199,0.56199,1714
2025-03-18 06:00:00,0.562,0.56201,0.56091,0.56117,1644
2025-03-18 07:00:00,0.56118,0.56154,0.5611,0.56152,1453
2025-03-18 08:00:00,0.56152,0.5618,0.56106,0.56154,1457
2025-03-18 09:00:00,0.56154,0.56191,0.56124,0.56174,1893
2025-03-18 10:00:00,0.56173,0.56285,0.56154,0.56202,2408
2025-03-18 11:00:00,0.56202,0.5622,0.56142,0.56181,2899
2025-03-18 12:00:00,0.56183,0.56202,0.56111,0.56114,2380
2025-03-18 13:00:00,0.56111,0.56123,0.56006,0.56017,2531
2025-03-18 14:00:00,0.56018,0.56048,0.55988,0.56022,2324
2025-03-18 15:00:00,0.5602,0.56091,0.55989,0.55997,2888
2025-03-18 16:00:00,0.55996,0.56028,0.55899,0.55923,4044
2025-03-18 17:00:00,0.55922,0.55922,0.55775,0.55802,4172
2025-03-18 18:00:00,0.55802,0.55817,0.55722,0.55741,4163
2025-03-18 19:00:00,0.55742,0.55798,0.55708,0.55757,2936
2025-03-18 20:00:00,0.55758,0.55769,0.5569,0.5574,2769
2025-03-18 21:00:00,0.55741,0.55757,0.55696,0.55747,1738
2025-03-18 22:00:00,0.55746,0.55784,0.55732,0.55758,1604
2025-03-18 23:00:00,0.55759,0.55772,0.55743,0.55756,1129
2025-03-19 00:00:00,0.55698,0.55781,0.55662,0.55743,1371
2025-03-19 01:00:00,0.55743,0.55772,0.55726,0.55768,847
2025-03-19 02:00:00,0.55769,0.55788,0.55738,0.55771,714
2025-03-19 03:00:00,0.55771,0.55841,0.55756,0.55815,1641
2025-03-19 04:00:00,0.55815,0.5582,0.5578,0.55795,1570
2025-03-19 05:00:00,0.55795,0.55828,0.55779,0.55809,1869
2025-03-19 06:00:00,0.5581,0.55816,0.55758,0.55765,1540
2025-03-19 07:00:00,0.55765,0.55782,0.55749,0.55755,975
2025-03-19 08:00:00,0.55754,0.55805,0.55747,0.55757,1347
2025-03-19 09:00:00,0.55757,0.55777,0.5566,0.55673,2090
2025-03-19 10:00:00,0.55676,0.55676,0.55515,0.55535,4525
2025-03-19 11:00:00,0.55534,0.55637,0.55475,0.55488,3320
2025-03-19 12:00:00,0.55487,0.55617,0.55436,0.5561,2644
2025-03-19 13:00:00,0.55611,0.55632,0.55562,0.55591,2705
2025-03-19 14:00:00,0.5559,0.5571,0.55587,0.55678,2680
2025-03-19 15:00:00,0.55677,0.55687,0.55635,0.55677,3113
2025-03-19 16:00:00,0.55679,0.55692,0.55634,0.55665,3899
2025-03-19 17:00:00,0.55664,0.55762,0.55664,0.55733,3273
2025-03-19 18:00:00,0.55732,0.55778,0.55672,0.55698,3083
2025-03-19 19:00:00,0.55698,0.55723,0.5569,0.55696,1913
2025-03-19 20:00:00,0.55697,0.55699,0.5561,0.5561,2333
2025-03-19 21:00:00,0.5561,0.55799,0.55589,0.55792,6685
2025-03-19 22:00:00,0.55789,0.55853,0.55722,0.55747,4819
2025-03-19 23:00:00,0.55746,0.55795,0.55736,0.55768,1697
2025-03-20 00:00:00,0.55748,0.55799,0.55698,0.55777,940
2025-03-20 01:00:00,0.5578,0.55803,0.55724,0.55728,1002
2025-03-20 02:00:00,0.5573,0.5578,0.55725,0.55767,1112
2025-03-20 03:00:00,0.55768,0.5577,0.5548,0.55587,2724
2025-03-20 04:00:00,0.55587,0.55594,0.55489,0.55518,3289
2025-03-20 05:00:00,0.55519,0.55572,0.55499,0.5553,2894
2025-03-20 06:00:00,0.5553,0.55607,0.55512,0.55579,2733
2025-03-20 07:00:00,0.55579,0.55658,0.55546,0.55621,2049
2025-03-20 08:00:00,0.55621,0.55629,0.55524,0.55548,2122
2025-03-20 09:00:00,0.55548,0.55574,0.55482,0.55483,2376
2025-03-20 10:00:00,0.55491,0.55491,0.55348,0.55447,3393
2025-03-20 11:00:00,0.55449,0.55641,0.55356,0.55582,4485
2025-03-20 12:00:00,0.55582,0.55648,0.55471,0.55513,4393
2025-03-20 13:00:00,0.55512,0.55523,0.55329,0.55486,4582
2025-03-20 14:00:00,0.55485,0.5549,0.55395,0.55454,2962
2025-03-20 15:00:00,0.55454,0.55535,0.55426,0.55487,3682
2025-03-20 16:00:00,0.55488,0.55509,0.55375,0.5549,4520
2025-03-20 17:00:00,0.55487,0.55595,0.55472,0.55576,4112
2025-03-20 18:00:00,0.55578,0.55632,0.55549,0.55595,3740
2025-03-20 19:00:00,0.55595,0.55641,0.55479,0.55488,2960
2025-03-20 20:00:00,0.55489,0.55536,0.55466,0.55522,2044
2025-03-20 21:00:00,0.55521,0.55599,0.55513,0.55564,1812
2025-03-20 22:00:00,0.55563,0.55618,0.55561,0.55606,1583
2025-03-20 23:00:00,0.55605,0.55613,0.55542,0.55568,895
2025-03-21 00:00:00,0.55496,0.55555,0.55441,0.55495,771
2025-03-21 01:00:00,0.55483,0.55578,0.55469,0.55535,840
2025-03-21 02:00:00,0.55535,0.55563,0.55521,0.55561,821
2025-03-21 03:00:00,0.55561,0.55622,0.55552,0.55583,1813
2025-03-21 04:00:00,0.55583,0.55615,0.5553,0.55578,1968
2025-03-21 05:00:00,0.55576,0.55591,0.55538,0.5554,1734
2025-03-21 06:00:00,0.5554,0.55599,0.55519,0.55581,1802
2025-03-21 07:00:00,0.5558,0.55601,0.55552,0.55561,1384
2025-03-21 08:00:00,0.55558,0.5559,0.55543,0.55572,1673
2025-03-21 09:00:00,0.55573,0.55619,0.5557,0.55616,1717
2025-03-21 10:00:00,0.55621,0.55657,0.55555,0.55606,2570
2025-03-21 11:00:00,0.55605,0.55639,0.55541,0.5559,3252
2025-03-21 12:00:00,0.55591,0.55599,0.55498,0.555,2335
2025-03-21 13:00:00,0.55501,0.55519,0.55405,0.55405,2456
2025-03-21 14:00:00,0.55405,0.55442,0.55383,0.55388,2367
2025-03-21 15:00:00,0.55389,0.55424,0.5536,0.55372,3489
2025-03-21 16:00:00,0.55372,0.5539,0.55291,0.55329,4632
2025-03-21 17:00:00,0.55332,0.55362,0.55298,0.55362,3734
2025-03-21 18:00:00,0.55363,0.55379,0.55282,0.55326,3466
2025-03-21 19:00:00,0.55324,0.55427,0.55297,0.55422,3579
2025-03-21 20:00:00,0.55423,0.55432,0.55366,0.55393,1901
2025-03-21 21:00:00,0.55393,0.55444,0.55389,0.55406,1724
2025-03-21 22:00:00,0.55405,0.55424,0.55366,0.55418,1307
2025-03-21 23:00:00,0.55416,0.55422,0.55374,0.55388,900
2025-03-24 00:00:00,0.55273,0.55383,0.55268,0.55359,376
2025-03-24 01:00:00,0.55362,0.55513,0.55355,0.5545,1560
2025-03-24 02:00:00,0.55452,0.55522,0.55433,0.55518,1645
2025-03-24 03:00:00,0.55519,0.55575,0.55497,0.55562,1698
2025-03-24 04:00:00,0.55563,0.55585,0.55507,0.55518,1828
2025-03-24 05:00:00,0.55518,0.55555,0.55483,0.55486,1901
2025-03-24 06:00:00,0.55487,0.55531,0.55448,0.55469,1848
2025-03-24 07:00:00,0.5547,0.55477,0.55433,0.55475,1403
2025-03-24 08:00:00,0.55474,0.55504,0.55451,0.55493,1770
2025-03-24 09:00:00,0.55494,0.55531,0.55471,0.55506,2272
2025-03-24 10:00:00,0.55509,0.55541,0.555,0.55508,2157
2025-03-24 11:00:00,0.55508,0.5556,0.55502,0.55533,2816
2025-03-24 12:00:00,0.55534,0.55569,0.55478,0.55522,2618
2025-03-24 13:00:00,0.55523,0.55544,0.55464,0.55488,2675
2025-03-24 14:00:00,0.55487,0.55511,0.55456,0.55457,2047
2025-03-24 15:00:00,0.55457,0.55479,0.55377,0.55409,2733
2025-03-24 16:00:00,0.55408,0.55503,0.55387,0.55462,3594
2025-03-24 17:00:00,0.55463,0.55571,0.55454,0.55543,4347
2025-03-24 18:00:00,0.55543,0.55587,0.55509,0.55511,3402
2025-03-24 19:00:00,0.55509,0.55519,0.55388,0.55397,2895
2025-03-24 20:00:00,0.55399,0.55427,0.55383,0.55423,2054
2025-03-24 21:00:00,0.55423,0.55524,0.55394,0.55493,2792
2025-03-24 22:00:00,0.55494,0.55517,0.55469,0.55473,1589
2025-03-24 23:00:00,0.55473,0.5551,0.55467,0.55501,810
2025-03-25 00:00:00,0.55406,0.55507,0.55406,0.5544,561
2025-03-25 01:00:00,0.55431,0.55501,0.55431,0.55458,706
2025-03-25 02:00:00,0.55457,0.55497,0.55454,0.55491,802
2025-03-25 03:00:00,0.55491,0.55513,0.5545,0.55484,1524
2025-03-25 04:00:00,0.55483,0.5557,0.55481,0.55527,2180
2025-03-25 05:00:00,0.55527,0.5554,0.55496,0.55525,1824
2025-03-25 06:00:00,0.55524,0.55534,0.55487,0.55525,1446
2025-03-25 07:00:00,0.55526,0.55547,0.55483,0.55493,1231
2025-03-25 08:00:00,0.55492,0.55547,0.55485,0.55532,1268
2025-03-25 09:00:00,0.55533,0.55549,0.55506,0.55541,1552
2025-03-25 10:00:00,0.55542,0.556,0.55535,0.5558,2351
2025-03-25 11:00:00,0.5558,0.55593,0.555,0.55546,2908
2025-03-25 12:00:00,0.55545,0.55668,0.55535,0.55644,2694
2025-03-25 13:00:00,0.5564,0.55717,0.55627,0.55712,2930
2025-03-25 14:00:00,0.55713,0.55742,0.55686,0.55724,2547
2025-03-25 15:00:00,0.55725,0.55726,0.55655,0.55672,3054
2025-03-25 16:00:00,0.55672,0.55707,0.55626,0.55631,3508
2025-03-25 17:00:00,0.55627,0.55654,0.55502,0.55618,4098
2025-03-25 18:00:00,0.55618,0.55629,0.55566,0.55622,3255
2025-03-25 19:00:00,0.55619,0.55629,0.5556,0.55574,2267
2025-03-25 20:00:00,0.55576,0.55606,0.55543,0.55573,1529
2025-03-25 21:00:00,0.55573,0.55598,0.55557,0.55578,1294
2025-03-25 22:00:00,0.55579,0.55617,0.55568,0.55591,2002
2025-03-25 23:00:00,0.55591,0.55623,0.5559,0.55619,1041
2025-03-26 00:00:00,0.55554,0.55622,0.55522,0.55606,914
2025-03-26 01:00:00,0.55608,0.55634,0.55597,0.55631,1190
2025-03-26 02:00:00,0.5563,0.55661,0.55616,0.5566,684
2025-03-26 03:00:00,0.55659,0.55683,0.55537,0.5554,1917
2025-03-26 04:00:00,0.55541,0.55632,0.55458,0.5562,3098
2025-03-26 05:00:00,0.5562,0.55707,0.55597,0.55698,1809
2025-03-26 06:00:00,0.55697,0.55743,0.55694,0.55731,2034
2025-03-26 07:00:00,0.55731,0.5577,0.55706,0.55765,1448
2025-03-26 08:00:00,0.55765,0.55805,0.55735,0.55768,1993
2025-03-26 09:00:00,0.55767,0.55854,0.55767,0.55834,2148
2025-03-26 10:00:00,0.55834,0.55881,0.55822,0.55826,2799
2025-03-26 11:00:00,0.55825,0.55851,0.55782,0.55849,2812
2025-03-26 12:00:00,0.55851,0.55933,0.55829,0.55872,2353
2025-03-26 13:00:00,0.55873,0.55935,0.55864,0.55905,2034
2025-03-26 14:00:00,0.55905,0.55911,0.55847,0.55869,2057
2025-03-26 15:00:00,0.55869,0.55869,0.55781,0.55819,3304
2025-03-26 16:00:00,0.55817,0.55843,0.55743,0.55743,3762
2025-03-26 17:00:00,0.55742,0.55795,0.55714,0.55758,3714
2025-03-26 18:00:00,0.55758,0.55837,0.55669,0.55723,3343
2025-03-26 19:00:00,0.55721,0.55724,0.55651,0.55693,2934
2025-03-26 20:00:00,0.55692,0.55711,0.55615,0.5565,3548
2025-03-26 21:00:00,0.55651,0.55682,0.55611,0.55611,2326
2025-03-26 22:00:00,0.55611,0.55649,0.5558,0.55634,1936
2025-03-26 23:00:00,0.55632,0.5567,0.55626,0.55645,960
2025-03-27 00:00:00,0.55586,0.55684,0.5557,0.55623,562
2025-03-27 01:00:00,0.55623,0.55682,0.55519,0.55519,2456
2025-03-27 02:00:00,0.5552,0.55593,0.55507,0.55581,1906
2025-03-27 03:00:00,0.55579,0.5564,0.55563,0.5558,2189
2025-03-27 04:00:00,0.55581,0.55625,0.5555,0.55588,2170
2025-03-27 05:00:00,0.55589,0.55714,0.55583,0.5565,2489
2025-03-27 06:00:00,0.5565,0.55685,0.55635,0.55671,1741
2025-03-27 07:00:00,0.5567,0.55726,0.55658,0.55707,1692
2025-03-27 08:00:00,0.55706,0.5575,0.55624,0.55652,2009
2025-03-27 09:00:00,0.55649,0.55797,0.5564,0.55788,2500
2025-03-27 10:00:00,0.55789,0.55816,0.55729,0.55733,3184
2025-03-27 11:00:00,0.55735,0.5579,0.55693,0.55789,3642
2025-03-27 12:00:00,0.5579,0.55867,0.55752,0.5577,2387
2025-03-27 13:00:00,0.55768,0.5578,0.55742,0.55771,2502
2025-03-27 14:00:00,0.55771,0.55826,0.55758,0.55793,2402
2025-03-27 15:00:00,0.55792,0.55797,0.55689,0.557,3132
2025-03-27 16:00:00,0.55701,0.55706,0.55556,0.55643,4408
2025-03-27 17:00:00,0.55642,0.55698,0.55566,0.55661,4040
2025-03-27 18:00:00,0.55663,0.55679,0.55568,0.55606,4182
2025-03-27 19:00:00,0.55606,0.55676,0.55564,0.55574,3027
2025-03-27 20:00:00,0.55573,0.5562,0.55561,0.55575,2175
2025-03-27 21:00:00,0.55575,0.55615,0.55572,0.55586,1666
2025-03-27 22:00:00,0.55589,0.55615,0.55554,0.55557,1374
2025-03-27 23:00:00,0.55556,0.55588,0.55556,0.55584,575
2025-03-28 00:00:00,0.55488,0.55617,0.55424,0.55502,737
2025-03-28 01:00:00,0.55501,0.5557,0.55491,0.55519,1020
2025-03-28 02:00:00,0.55519,0.55558,0.55498,0.55544,1155
2025-03-28 03:00:00,0.55542,0.5555,0.55487,0.55534,2061
2025-03-28 04:00:00,0.55533,0.55543,0.55502,0.55505,2328
2025-03-28 05:00:00,0.55504,0.55545,0.5549,0.555,1909
2025-03-28 06:00:00,0.555,0.55515,0.55421,0.55445,1694
2025-03-28 07:00:00,0.55444,0.55473,0.5542,0.55437,1489
2025-03-28 08:00:00,0.55438,0.55466,0.55433,0.55455,1527
2025-03-28 09:00:00,0.55455,0.55493,0.55426,0.5543,1456
2025-03-28 10:00:00,0.55431,0.5551,0.55431,0.55485,2331
2025-03-28 11:00:00,0.55482,0.55575,0.55477,0.55552,2780
2025-03-28 12:00:00,0.55554,0.55581,0.55526,0.55557,2024
2025-03-28 13:00:00,0.55558,0.55599,0.55556,0.55562,1698
2025-03-28 14:00:00,0.55562,0.5558,0.55545,0.55566,1747
2025-03-28 15:00:00,0.55564,0.55616,0.55537,0.556,3341
2025-03-28 16:00:00,0.55601,0.55684,0.55576,0.55641,4759
2025-03-28 17:00:00,0.55631,0.55652,0.55365,0.55452,5015
2025-03-28 18:00:00,0.55451,0.55546,0.55426,0.55474,4279
2025-03-28 19:00:00,0.55473,0.55507,0.55436,0.5544,2453
2025-03-28 20:00:00,0.55441,0.55458,0.55379,0.55455,2101
2025-03-28 21:00:00,0.55456,0.55481,0.55421,0.55436,1929
2025-03-28 22:00:00,0.55435,0.55459,0.55406,0.55423,1438
2025-03-28 23:00:00,0.55425,0.55426,0.55346,0.55348,1098
2025-03-31 00:00:00,0.55205,0.55312,0.55184,0.55301,930
2025-03-31 01:00:00,0.55294,0.55332,0.55251,0.55269,2168
2025-03-31 02:00:00,0.55269,0.55341,0.55207,0.55339,2480
2025-03-31 03:00:00,0.5534,0.55343,0.55198,0.55254,3170
2025-03-31 04:00:00,0.55255,0.55373,0.55251,0.55304,3658
2025-03-31 05:00:00,0.55302,0.5533,0.55221,0.55222,2401
2025-03-31 06:00:00,0.55222,0.55226,0.55165,0.55196,1993
2025-03-31 07:00:00,0.55194,0.55208,0.55147,0.55191,1534
2025-03-31 08:00:00,0.55192,0.55258,0.55186,0.55255,1898
2025-03-31 09:00:00,0.55256,0.55292,0.55223,0.55243,2884
2025-03-31 10:00:00,0.55243,0.55273,0.55166,0.5522,3821
2025-03-31 11:00:00,0.55219,0.55229,0.551,0.5511,3298
2025-03-31 12:00:00,0.55109,0.55139,0.55066,0.55086,2327
2025-03-31 13:00:00,0.55086,0.55104,0.55045,0.55103,2126
2025-03-31 14:00:00,0.55108,0.55109,0.5504,0.55066,2266
2025-03-31 15:00:00,0.55068,0.55074,0.54997,0.55006,2826
2025-03-31 16:00:00,0.55006,0.55052,0.54888,0.54964,3739
2025-03-31 17:00:00,0.54964,0.55128,0.54962,0.55112,4779
2025-03-31 18:00:00,0.55114,0.55178,0.55103,0.5513,4015
2025-03-31 19:00:00,0.5513,0.55239,0.55122,0.55192,2548
2025-03-31 20:00:00,0.55191,0.5527,0.55191,0.5522,1903
2025-03-31 21:00:00,0.55221,0.55331,0.55217,0.55283,1917
2025-03-31 22:00:00,0.55284,0.55305,0.55251,0.55271,2036
2025-03-31 23:00:00,0.55272,0.55274,0.55228,0.55235,907
2025-04-01 00:00:00,0.55123,0.55218,0.55098,0.55185,371
2025-04-01 01:00:00,0.55199,0.55237,0.55174,0.55174,929
2025-04-01 02:00:00,0.55172,0.55206,0.55133,0.55151,1345
2025-04-01 03:00:00,0.55151,0.55168,0.55092,0.55138,2349
2025-04-01 04:00:00,0.55137,0.55157,0.55043,0.55143,2513
2025-04-01 05:00:00,0.55144,0.55253,0.55143,0.55238,2352
2025-04-01 06:00:00,0.55238,0.55327,0.55154,0.55166,2345
2025-04-01 07:00:00,0.55163,0.55344,0.55145,0.55341,1956
2025-04-01 08:00:00,0.55343,0.55358,0.55231,0.55234,2325
2025-04-01 09:00:00,0.55237,0.55315,0.55216,0.55288,2698
2025-04-01 10:00:00,0.55285,0.55287,0.55123,0.55165,3520
2025-04-01 11:00:00,0.55162,0.55243,0.55142,0.55217,2197
2025-04-01 12:00:00,0.55216,0.55233,0.5517,0.5521,2261
2025-04-01 13:00:00,0.55211,0.55224,0.55106,0.55127,3162
2025-04-01 14:00:00,0.55128,0.55171,0.55093,0.55157,3062
2025-04-01 15:00:00,0.55156,0.55236,0.55148,0.55222,3001
2025-04-01 16:00:00,0.55222,0.55288,0.5519,0.55193,3613
2025-04-01 17:00:00,0.55213,0.55389,0.55176,0.55372,5876
2025-04-01 18:00:00,0.55371,0.55445,0.55361,0.55411,4258
2025-04-01 19:00:00,0.5541,0.55442,0.5534,0.55388,2627
2025-04-01 20:00:00,0.5539,0.5545,0.55386,0.55413,1829
2025-04-01 21:00:00,0.55413,0.55416,0.55352,0.5537,2073
2025-04-01 22:00:00,0.5537,0.55486,0.55369,0.55485,2145
2025-04-01 23:00:00,0.55484,0.55492,0.55441,0.55469,970
2025-04-02 00:00:00,0.55364,0.55436,0.55264,0.55393,573
2025-04-02 01:00:00,0.55388,0.55538,0.55388,0.55527,2148
2025-04-02 02:00:00,0.55529,0.55577,0.55494,0.55554,1556
2025-04-02 03:00:00,0.55554,0.55569,0.55443,0.55464,3576
2025-04-02 04:00:00,0.55464,0.55587,0.55434,0.55587,3269
2025-04-02 05:00:00,0.55584,0.55651,0.55571,0.55616,3225
2025-04-02 06:00:00,0.55617,0.5566,0.5561,0.55636,2398
2025-04-02 07:00:00,0.55637,0.55672,0.5563,0.5566,1782
2025-04-02 08:00:00,0.55661,0.55663,0.55618,0.55621,2363
2025-04-02 09:00:00,0.55618,0.55761,0.55609,0.55657,3273
2025-04-02 10:00:00,0.55657,0.55769,0.55629,0.55754,3879
2025-04-02 11:00:00,0.55754,0.55797,0.55728,0.55777,3217
2025-04-02 12:00:00,0.55778,0.5583,0.55773,0.55802,2639
2025-04-02 13:00:00,0.55803,0.55806,0.55693,0.55718,3512
2025-04-02 14:00:00,0.55719,0.5574,0.55685,0.55699,2536
2025-04-02 15:00:00,0.55699,0.557,0.55616,0.55673,3220
2025-04-02 16:00:00,0.55672,0.55684,0.55562,0.55629,3637
2025-04-02 17:00:00,0.55633,0.55689,0.55571,0.55603,4964
2025-04-02 18:00:00,0.55603,0.55608,0.5554,0.55554,3902
2025-04-02 19:00:00,0.55551,0.5564,0.55543,0.5563,2469
2025-04-02 20:00:00,0.5563,0.55675,0.55566,0.5558,2152
2025-04-02 21:00:00,0.55575,0.55592,0.55497,0.55529,2234
2025-04-02 22:00:00,0.5553,0.55597,0.5553,0.55578,1973
2025-04-02 23:00:00,0.55576,0.55894,0.55243,0.5552,8507
2025-04-03 00:00:00,0.55387,0.55515,0.55115,0.55192,1295
2025-04-03 01:00:00,0.552,0.55217,0.54863,0.55034,5874
2025-04-03 02:00:00,0.55036,0.55072,0.54901,0.54926,6506
2025-04-03 03:00:00,0.54924,0.55104,0.54886,0.55044,7423
2025-04-03 04:00:00,0.55045,0.55129,0.55007,0.5503,6469
2025-04-03 05:00:00,0.55029,0.5506,0.54948,0.5504,4884
2025-04-03 06:00:00,0.55041,0.55045,0.54903,0.54929,3944
2025-04-03 07:00:00,0.5493,0.54934,0.54863,0.54884,2999
2025-04-03 08:00:00,0.54887,0.54966,0.548,0.54843,5159
2025-04-03 09:00:00,0.54843,0.54964,0.54723,0.54814,6337
2025-04-03 10:00:00,0.54817,0.54889,0.54725,0.54764,6245
2025-04-03 11:00:00,0.54763,0.54885,0.54747,0.54873,4702
2025-04-03 12:00:00,0.54872,0.54886,0.54755,0.54764,5046
2025-04-03 13:00:00,0.54765,0.54785,0.54585,0.54702,6697
2025-04-03 14:00:00,0.54698,0.54746,0.5462,0.54709,5958
2025-04-03 15:00:00,0.5471,0.54711,0.54592,0.5466,6669
2025-04-03 16:00:00,0.54657,0.54767,0.54593,0.54604,8310
2025-04-03 17:00:00,0.54579,0.54695,0.54506,0.54534,7661
2025-04-03 18:00:00,0.54535,0.54607,0.5448,0.54544,6854
2025-04-03 19:00:00,0.54545,0.54679,0.5454,0.54605,5379
2025-04-03 20:00:00,0.54606,0.54666,0.54548,0.54611,3901
2025-04-03 21:00:00,0.54609,0.54623,0.54541,0.54568,3491
2025-04-03 22:00:00,0.54567,0.54567,0.54281,0.54292,3651
2025-04-03 23:00:00,0.5429,0.54379,0.54272,0.5436,1630
2025-04-04 00:00:00,0.5426,0.54281,0.54221,0.54246,321
2025-04-04 01:00:00,0.54252,0.54354,0.54232,0.54274,2559
2025-04-04 02:00:00,0.54273,0.54364,0.54225,0.54347,2945
2025-04-04 03:00:00,0.54346,0.54396,0.54229,0.54235,4459
2025-04-04 04:00:00,0.54234,0.5426,0.54021,0.54031,3694
2025-04-04 05:00:00,0.54034,0.54047,0.5368,0.53695,4169
2025-04-04 06:00:00,0.53694,0.53703,0.53351,0.53355,4350
2025-04-04 07:00:00,0.53354,0.53384,0.53151,0.53173,4093
2025-04-04 08:00:00,0.53173,0.53405,0.5316,0.53382,4045
2025-04-04 09:00:00,0.53372,0.53436,0.53297,0.53379,4858
2025-04-04 10:00:00,0.53378,0.53387,0.53091,0.53124,5946
2025-04-04 11:00:00,0.53123,0.53178,0.53031,0.53095,6416
2025-04-04 12:00:00,0.53099,0.531,0.52982,0.5301,5761
2025-04-04 13:00:00,0.53009,0.53077,0.52162,0.52201,9693
2025-04-04 14:00:00,0.52205,0.52277,0.51376,0.51999,10802
2025-04-04 15:00:00,0.51998,0.52221,0.5183,0.52154,10970
2025-04-04 16:00:00,0.52158,0.52356,0.51726,0.51879,10421
2025-04-04 17:00:00,0.51875,0.52005,0.51497,0.51862,10292
2025-04-04 18:00:00,0.5186,0.52167,0.51392,0.51641,11637
2025-04-04 19:00:00,0.51637,0.51823,0.51494,0.51574,9200
2025-04-04 20:00:00,0.51575,0.51905,0.51487,0.51903,8906
2025-04-04 21:00:00,0.51909,0.52043,0.51662,0.51795,7557
2025-04-04 22:00:00,0.51794,0.52233,0.51792,0.52032,7491
2025-04-04 23:00:00,0.52034,0.52076,0.51903,0.51903,3393
2025-04-07 00:00:00,0.51191,0.51326,0.51143,0.51281,964
2025-04-07 01:00:00,0.51292,0.51298,0.50645,0.51006,9586
2025-04-07 02:00:00,0.51005,0.51175,0.5083,0.50981,7675
2025-04-07 03:00:00,0.50981,0.51301,0.50782,0.51235,9989
2025-04-07 04:00:00,0.51237,0.51462,0.51131,0.51423,9618
2025-04-07 05:00:00,0.51422,0.51667,0.51368,0.51544,7182
2025-04-07 06:00:00,0.51547,0.51675,0.51435,0.51548,5573
2025-04-07 07:00:00,0.51551,0.51611,0.51252,0.51292,4652
2025-04-07 08:00:00,0.51295,0.51747,0.5113,0.51197,7204
2025-04-07 09:00:00,0.51204,0.51316,0.5089,0.51048,9316
2025-04-07 10:00:00,0.51047,0.51139,0.50739,0.50957,10262
2025-04-07 11:00:00,0.50956,0.51222,0.50915,0.51081,9138
2025-04-07 12:00:00,0.51079,0.51341,0.50986,0.5125,7755
2025-04-07 13:00:00,0.51246,0.51777,0.51245,0.51561,8676
2025-04-07 14:00:00,0.51562,0.51773,0.51494,0.5165,8555
2025-04-07 15:00:00,0.51651,0.52155,0.51535,0.52066,10052
2025-04-07 16:00:00,0.52068,0.52068,0.51688,0.51973,10213
2025-04-07 17:00:00,0.51975,0.52969,0.5159,0.51718,14125
2025-04-07 18:00:00,0.51726,0.51911,0.51177,0.51413,12378
2025-04-07 19:00:00,0.51409,0.51411,0.51046,0.51073,9580
2025-04-07 20:00:00,0.51068,0.51448,0.51068,0.51421,9236
2025-04-07 21:00:00,0.51425,0.51463,0.51162,0.5117,8017
2025-04-07 22:00:00,0.51171,0.51317,0.51134,0.51275,6937
2025-04-07 23:00:00,0.51277,0.5152,0.51273,0.51444,3898
2025-04-08 00:00:00,0.51288,0.51517,0.51288,0.5139,848
2025-04-08 01:00:00,0.51386,0.51538,0.51386,0.51508,2999
2025-04-08 02:00:00,0.51506,0.51624,0.51495,0.51556,3285
2025-04-08 03:00:00,0.51557,0.51727,0.51392,0.51396,6427
2025-04-08 04:00:00,0.51394,0.51585,0.51265,0.51555,7476
2025-04-08 05:00:00,0.51554,0.51696,0.51528,0.51592,4343
2025-04-08 06:00:00,0.51589,0.51677,0.51566,0.51653,3539
2025-04-08 07:00:00,0.51649,0.51921,0.51647,0.51917,3772
2025-04-08 08:00:00,0.51914,0.52058,0.51809,0.52045,4728
2025-04-08 09:00:00,0.52029,0.52033,0.5173,0.51835,6283
2025-04-08 10:00:00,0.51828,0.52091,0.5177,0.52035,7663
2025-04-08 11:00:00,0.52037,0.52135,0.51937,0.521,6154
2025-04-08 12:00:00,0.52098,0.52101,0.51786,0.5179,5668
2025-04-08 13:00:00,0.51789,0.51851,0.51668,0.51671,5124
2025-04-08 14:00:00,0.51669,0.51763,0.51586,0.51733,6643
2025-04-08 15:00:00,0.51735,0.51758,0.5159,0.5167,6620
2025-04-08 16:00:00,0.51666,0.51939,0.51628,0.51921,9003
2025-04-08 17:00:00,0.51921,0.52105,0.51679,0.5172,9173
2025-04-08 18:00:00,0.51719,0.5176,0.51404,0.51486,7730
2025-04-08 19:00:00,0.51483,0.51558,0.51011,0.51012,8470
2025-04-08 20:00:00,0.51013,0.51082,0.50727,0.50862,9418
2025-04-08 21:00:00,0.50853,0.50918,0.50575,0.50584,8635
2025-04-08 22:00:00,0.50583,0.50593,0.50361,0.50552,7469
2025-04-08 23:00:00,0.50553,0.50609,0.50434,0.50481,3633
2025-04-09 00:00:00,0.50355,0.50489,0.50339,0.50341,2209
2025-04-09 01:00:00,0.50321,0.50474,0.50303,0.50376,4063
2025-04-09 02:00:00,0.50375,0.50377,0.50195,0.5036,4554
2025-04-09 03:00:00,0.50362,0.5038,0.49986,0.50265,7633
2025-04-09 04:00:00,0.50265,0.50597,0.50257,0.50568,7629
2025-04-09 05:00:00,0.50568,0.5071,0.5051,0.50537,6378
2025-04-09 06:00:00,0.50539,0.50625,0.50295,0.5033,5590
2025-04-09 07:00:00,0.50328,0.50389,0.50013,0.50223,7574
2025-04-09 08:00:00,0.50224,0.50264,0.50123,0.50251,7386
2025-04-09 09:00:00,0.50241,0.50623,0.50232,0.50552,9028
2025-04-09 10:00:00,0.5055,0.5098,0.5047,0.50957,9937
2025-04-09 11:00:00,0.50954,0.51025,0.50539,0.50649,7613
2025-04-09 12:00:00,0.50649,0.50732,0.50578,0.5064,6336
2025-04-09 13:00:00,0.50639,0.50908,0.50539,0.50752,6454
2025-04-09 14:00:00,0.5076,0.5076,0.50225,0.50438,9897
2025-04-09 15:00:00,0.50433,0.50494,0.50349,0.50424,8764
2025-04-09 16:00:00,0.50426,0.50884,0.50336,0.50792,9863
2025-04-09 17:00:00,0.50791,0.5088,0.50392,0.50405,9177
2025-04-09 18:00:00,0.50404,0.50619,0.5038,0.50499,7078
2025-04-09 19:00:00,0.505,0.50771,0.50465,0.5071,4786
2025-04-09 20:00:00,0.50713,0.52507,0.50586,0.52446,11393
2025-04-09 21:00:00,0.52447,0.52811,0.52408,0.52499,10816
2025-04-09 22:00:00,0.52496,0.52874,0.52477,0.5266,7749
2025-04-09 23:00:00,0.52655,0.52786,0.525,0.52742,5041
2025-04-10 00:00:00,0.52646,0.52763,0.52523,0.52587,1292
2025-04-10 01:00:00,0.52587,0.5275,0.52535,0.52567,5659
2025-04-10 02:00:00,0.5257,0.52614,0.52464,0.52468,4545
2025-04-10 03:00:00,0.52459,0.52602,0.52132,0.52218,7205
2025-04-10 04:00:00,0.52219,0.52358,0.52147,0.52253,6701
2025-04-10 05:00:00,0.5225,0.52505,0.52222,0.52467,5751
2025-04-10 06:00:00,0.52465,0.52641,0.52426,0.52616,5623
2025-04-10 07:00:00,0.52614,0.52756,0.52537,0.52725,4391
2025-04-10 08:00:00,0.52728,0.52923,0.5271,0.5288,4584
2025-04-10 09:00:00,0.52886,0.53068,0.52792,0.53054,6057
2025-04-10 10:00:00,0.53053,0.53099,0.52247,0.52381,8242
2025-04-10 11:00:00,0.52384,0.52394,0.519,0.52063,7235
2025-04-10 12:00:00,0.52062,0.52126,0.51854,0.51912,6141
2025-04-10 13:00:00,0.5191,0.52124,0.51892,0.52,6572
2025-04-10 14:00:00,0.52001,0.52079,0.51894,0.51939,5704
2025-04-10 15:00:00,0.51937,0.51976,0.51706,0.51885,8559
2025-04-10 16:00:00,0.51885,0.52066,0.51761,0.51781,9297
2025-04-10 17:00:00,0.51777,0.52052,0.5168,0.5205,9513
2025-04-10 18:00:00,0.52046,0.52052,0.51203,0.51278,9844
2025-04-10 19:00:00,0.5127,0.51316,0.50974,0.51228,10186
2025-04-10 20:00:00,0.51223,0.51454,0.51138,0.51372,9240
2025-04-10 21:00:00,0.51372,0.51577,0.51299,0.51366,8650
2025-04-10 22:00:00,0.51369,0.5149,0.51178,0.51282,8910
2025-04-10 23:00:00,0.51286,0.51389,0.51273,0.51273,3732
2025-04-11 00:00:00,0.51155,0.51307,0.51146,0.5124,887
2025-04-11 01:00:00,0.51219,0.51363,0.51212,0.51228,4705
2025-04-11 02:00:00,0.51231,0.51235,0.51061,0.51082,5815
2025-04-11 03:00:00,0.51077,0.51113,0.50695,0.50855,9803
2025-04-11 04:00:00,0.50856,0.51225,0.50829,0.51147,9090
2025-04-11 05:00:00,0.51144,0.51373,0.51021,0.51262,7471
2025-04-11 06:00:00,0.51262,0.51264,0.50996,0.51013,6459
2025-04-11 07:00:00,0.51011,0.51127,0.50662,0.50669,6047
2025-04-11 08:00:00,0.50668,0.5101,0.50656,0.50943,7118
2025-04-11 09:00:00,0.50922,0.51198,0.50912,0.50983,7581
2025-04-11 10:00:00,0.50985,0.51019,0.50695,0.5079,8535
2025-04-11 11:00:00,0.50785,0.50809,0.50424,0.50555,9833
2025-04-11 12:00:00,0.50553,0.50991,0.50549,0.50989,8173
2025-04-11 13:00:00,0.50993,0.51135,0.50866,0.51082,7471
2025-04-11 14:00:00,0.51082,0.51108,0.50826,0.50897,6587
2025-04-11 15:00:00,0.50896,0.50989,0.50737,0.50802,8601
2025-04-11 16:00:00,0.50807,0.51199,0.50646,0.50791,10177
2025-04-11 17:00:00,0.50784,0.50905,0.50555,0.50801,10856
2025-04-11 18:00:00,0.508,0.50911,0.50728,0.50909,8804
2025-04-11 19:00:00,0.50907,0.51175,0.50836,0.51105,6694
2025-04-11 20:00:00,0.51106,0.5137,0.50964,0.51342,6711
2025-04-11 21:00:00,0.51341,0.51374,0.51281,0.51329,6005
2025-04-11 22:00:00,0.5133,0.5146,0.51307,0.51322,4666
2025-04-11 23:00:00,0.51316,0.51338,0.51184,0.51192,2387
2025-04-14 00:00:00,0.51481,0.51572,0.51457,0.51559,644
2025-04-14 01:00:00,0.51566,0.51598,0.51361,0.51361,6144
2025-04-14 02:00:00,0.51359,0.51554,0.51315,0.51545,4563
2025-04-14 03:00:00,0.51549,0.516,0.51363,0.51367,6320
2025-04-14 04:00:00,0.51366,0.51425,0.51251,0.51344,6766
2025-04-14 05:00:00,0.51346,0.51519,0.51268,0.51504,5107
2025-04-14 06:00:00,0.51504,0.51508,0.51371,0.51391,4454
2025-04-14 07:00:00,0.5139,0.51469,0.51362,0.51463,3304
2025-04-14 08:00:00,0.51464,0.51585,0.51429,0.51462,4109
2025-04-14 09:00:00,0.51457,0.51535,0.51354,0.51503,5680
2025-04-14 10:00:00,0.51501,0.51771,0.51375,0.51734,5750
2025-04-14 11:00:00,0.51733,0.51826,0.51682,0.51769,4618
2025-04-14 12:00:00,0.51769,0.51822,0.51636,0.51735,4340
2025-04-14 13:00:00,0.51736,0.51848,0.51642,0.51732,4328
2025-04-14 14:00:00,0.51735,0.51818,0.51663,0.51726,4191
2025-04-14 15:00:00,0.51725,0.51917,0.51678,0.51882,5760
2025-04-14 16:00:00,0.51882,0.51969,0.51766,0.51861,8415
2025-04-14 17:00:00,0.51867,0.52005,0.51643,0.51691,8159
2025-04-14 18:00:00,0.51693,0.51732,0.51259,0.51363,7393
2025-04-14 19:00:00,0.51361,0.5156,0.51318,0.51458,6144
2025-04-14 20:00:00,0.5146,0.5158,0.51425,0.51486,5102
2025-04-14 21:00:00,0.51485,0.51608,0.51467,0.51585,3379
2025-04-14 22:00:00,0.51586,0.51599,0.51471,0.51527,3231
2025-04-14 23:00:00,0.51528,0.51555,0.51455,0.51522,2201
2025-04-15 00:00:00,0.51389,0.51514,0.51381,0.51434,817
2025-04-15 01:00:00,0.51431,0.51514,0.51411,0.51501,2340
2025-04-15 02:00:00,0.51499,0.51593,0.51497,0.51579,2238
2025-04-15 03:00:00,0.51581,0.51779,0.51581,0.51746,4040
2025-04-15 04:00:00,0.51745,0.51888,0.51718,0.51771,3791
2025-04-15 05:00:00,0.51772,0.51859,0.51762,0.51795,3435
2025-04-15 06:00:00,0.51796,0.51912,0.51775,0.519,2942
2025-04-15 07:00:00,0.51901,0.52011,0.51893,0.51968,2925
2025-04-15 08:00:00,0.51964,0.52018,0.51859,0.51877,3464
2025-04-15 09:00:00,0.51868,0.51985,0.51811,0.51953,4641
2025-04-15 10:00:00,0.51952,0.52115,0.51883,0.51932,4678
2025-04-15 11:00:00,0.51932,0.51939,0.51681,0.51736,4963
2025-04-15 12:00:00,0.51733,0.51829,0.51668,0.51784,4103
2025-04-15 13:00:00,0.51785,0.51825,0.51735,0.51817,3328
2025-04-15 14:00:00,0.51815,0.51951,0.51778,0.51853,3956
2025-04-15 15:00:00,0.51855,0.52108,0.51834,0.52106,5419
2025-04-15 16:00:00,0.52109,0.52224,0.52089,0.52161,5765
2025-04-15 17:00:00,0.52162,0.52237,0.51982,0.52096,7543
2025-04-15 18:00:00,0.52098,0.52202,0.52002,0.52178,5585
2025-04-15 19:00:00,0.52179,0.52265,0.52117,0.5215,3892
2025-04-15 20:00:00,0.52151,0.52265,0.52115,0.52221,3292
2025-04-15 21:00:00,0.52221,0.52221,0.52123,0.52181,2978
2025-04-15 22:00:00,0.52179,0.52231,0.52167,0.52209,2267
2025-04-15 23:00:00,0.5221,0.52285,0.52199,0.52226,1225
2025-04-16 00:00:00,0.51721,0.52229,0.5172,0.52074,1811
2025-04-16 01:00:00,0.52051,0.5213,0.52041,0.52068,2604
2025-04-16 02:00:00,0.52065,0.52092,0.51907,0.52004,3024
2025-04-16 03:00:00,0.52,0.5202,0.51797,0.51842,5009
2025-04-16 04:00:00,0.51841,0.51938,0.51819,0.51938,3965
2025-04-16 05:00:00,0.51947,0.51987,0.51812,0.51838,3916
2025-04-16 06:00:00,0.51839,0.51903,0.51739,0.5175,3736
2025-04-16 07:00:00,0.5175,0.51906,0.51744,0.51865,3434
2025-04-16 08:00:00,0.51865,0.51868,0.5164,0.51655,4890
2025-04-16 09:00:00,0.51664,0.51797,0.51642,0.51788,4718
2025-04-16 10:00:00,0.51793,0.51806,0.51607,0.51666,4307
2025-04-16 11:00:00,0.51665,0.5226,0.51649,0.5203,6534
2025-04-16 12:00:00,0.5203,0.52116,0.5198,0.5206,4815
2025-04-16 13:00:00,0.52058,0.52121,0.52031,0.52109,4243
2025-04-16 14:00:00,0.52109,0.52133,0.51976,0.51985,3459
2025-04-16 15:00:00,0.51984,0.52007,0.51863,0.51886,5098
2025-04-16 16:00:00,0.51884,0.51944,0.518,0.51881,5814
2025-04-16 17:00:00,0.51878,0.5204,0.51848,0.52036,6085
2025-04-16 18:00:00,0.52034,0.52184,0.51991,0.52002,4514
2025-04-16 19:00:00,0.52001,0.52089,0.5198,0.52062,3230
2025-04-16 20:00:00,0.52066,0.52134,0.51834,0.51834,4792
2025-04-16 21:00:00,0.51839,0.51934,0.518,0.5184,4568
2025-04-16 22:00:00,0.5184,0.5186,0.51701,0.51821,3824
2025-04-16 23:00:00,0.5182,0.51857,0.51798,0.51832,1772
2025-04-17 00:00:00,0.51739,0.51777,0.51666,0.51758,1476
2025-04-17 01:00:00,0.51764,0.51876,0.51755,0.5187,2053
2025-04-17 02:00:00,0.51868,0.51878,0.51813,0.51831,2214
2025-04-17 03:00:00,0.5183,0.51959,0.51808,0.51913,4812
2025-04-17 04:00:00,0.51913,0.52055,0.51865,0.51997,4972
2025-04-17 05:00:00,0.51998,0.52026,0.51892,0.51946,3583
2025-04-17 06:00:00,0.51948,0.51958,0.5188,0.51896,2704
2025-04-17 07:00:00,0.51897,0.51927,0.51752,0.51804,2361
2025-04-17 08:00:00,0.51803,0.51898,0.51754,0.51886,3101
2025-04-17 09:00:00,0.51878,0.51916,0.51801,0.51861,3658
2025-04-17 10:00:00,0.5186,0.52039,0.51819,0.51932,4455
2025-04-17 11:00:00,0.51936,0.52002,0.51854,0.51893,3716
2025-04-17 12:00:00,0.51894,0.51951,0.51889,0.51925,2852
2025-04-17 13:00:00,0.51925,0.51951,0.5185,0.51934,3695
2025-04-17 14:00:00,0.51933,0.51993,0.51924,0.51961,3197
2025-04-17 15:00:00,0.51964,0.52205,0.51958,0.52192,6113
2025-04-17 16:00:00,0.52191,0.52245,0.52122,0.52218,6320
2025-04-17 17:00:00,0.52216,0.52283,0.5202,0.52196,5817
2025-04-17 18:00:00,0.52193,0.52355,0.5219,0.52342,4748
2025-04-17 19:00:00,0.52346,0.52521,0.52321,0.52418,4841
2025-04-17 20:00:00,0.52419,0.52473,0.52353,0.52437,3154
2025-04-17 21:00:00,0.5244,0.52493,0.523,0.52321,3227
2025-04-17 22:00:00,0.5232,0.52341,0.52269,0.52336,2868
2025-04-17 23:00:00,0.52332,0.52369,0.52319,0.52336,1528
2025-04-18 00:00:00,0.52175,0.52295,0.52141,0.52217,463
2025-04-18 01:00:00,0.52217,0.52262,0.52177,0.5225,1169
2025-04-18 02:00:00,0.52251,0.52279,0.52212,0.5227,1144
2025-04-18 03:00:00,0.5227,0.5231,0.52233,0.52274,5445
2025-04-18 04:00:00,0.52262,0.52293,0.52198,0.52204,11310
2025-04-18 05:00:00,0.52205,0.52242,0.52087,0.52095,10897
2025-04-18 06:00:00,0.52097,0.522,0.52053,0.52152,11433
2025-04-18 07:00:00,0.52151,0.52249,0.52146,0.5223,10785
2025-04-18 08:00:00,0.52232,0.52233,0.52167,0.52208,11214
2025-04-18 09:00:00,0.52209,0.52288,0.52181,0.52278,10253
2025-04-18 10:00:00,0.52263,0.52293,0.52087,0.52114,8209
2025-04-18 11:00:00,0.52113,0.52175,0.52085,0.52168,10065
2025-04-18 12:00:00,0.52166,0.52206,0.52127,0.52178,11268
2025-04-18 13:00:00,0.52176,0.522,0.52127,0.52189,11509
2025-04-18 14:00:00,0.5219,0.52196,0.5211,0.52141,9998
2025-04-18 15:00:00,0.52149,0.52157,0.52109,0.52136,9703
2025-04-18 16:00:00,0.52134,0.52174,0.52027,0.52127,8219
2025-04-18 17:00:00,0.52126,0.52177,0.52054,0.52074,8564
2025-04-18 18:00:00,0.52071,0.52113,0.5205,0.52098,8575
2025-04-18 19:00:00,0.52099,0.52116,0.52072,0.52097,8707
2025-04-18 20:00:00,0.52099,0.52119,0.5208,0.52091,8562
2025-04-18 21:00:00,0.52092,0.52097,0.52032,0.52073,8313
2025-04-18 22:00:00,0.52072,0.52077,0.52033,0.52049,3670
2025-04-18 23:00:00,0.52048,0.52065,0.51983,0.51995,7426
2025-04-21 00:00:00,0.51953,0.52052,0.51843,0.52052,760
2025-04-21 01:00:00,0.52041,0.52061,0.51905,0.51934,4028
2025-04-21 02:00:00,0.51934,0.51957,0.51878,0.51909,3460
2025-04-21 03:00:00,0.51907,0.51933,0.51825,0.51846,4608
2025-04-21 04:00:00,0.51847,0.51879,0.51778,0.51847,3671
2025-04-21 05:00:00,0.51848,0.51871,0.51635,0.51751,4045
2025-04-21 06:00:00,0.51752,0.51963,0.51715,0.51951,3070
2025-04-21 07:00:00,0.51951,0.51964,0.51851,0.51854,2914
2025-04-21 08:00:00,0.51855,0.51948,0.51841,0.5193,3104
2025-04-21 09:00:00,0.51939,0.51984,0.51922,0.51968,2989
2025-04-21 10:00:00,0.51968,0.51975,0.51742,0.51749,3576
2025-04-21 11:00:00,0.51748,0.51832,0.51719,0.51762,3527
2025-04-21 12:00:00,0.51763,0.5179,0.51703,0.51744,3286
2025-04-21 13:00:00,0.51745,0.51869,0.51737,0.5185,2565
2025-04-21 14:00:00,0.51852,0.51906,0.517,0.51746,3589
2025-04-21 15:00:00,0.51745,0.51828,0.51691,0.51749,3937
2025-04-21 16:00:00,0.5175,0.51848,0.51739,0.51746,4779
2025-04-21 17:00:00,0.51743,0.51868,0.517,0.51843,4815
2025-04-21 18:00:00,0.51841,0.51849,0.51704,0.51719,4226
2025-04-21 19:00:00,0.5172,0.518,0.51712,0.51752,2852
2025-04-21 20:00:00,0.51748,0.51768,0.51642,0.51722,2721
2025-04-21 21:00:00,0.51723,0.5179,0.51699,0.51763,2308
2025-04-21 22:00:00,0.51766,0.51898,0.5176,0.51885,2738
2025-04-21 23:00:00,0.51884,0.51929,0.51877,0.51905,1447
2025-04-22 00:00:00,0.51822,0.51871,0.51651,0.51716,1346
2025-04-22 01:00:00,0.51742,0.51871,0.51735,0.51851,2008
2025-04-22 02:00:00,0.51851,0.51963,0.51834,0.5195,1925
2025-04-22 03:00:00,0.51951,0.52021,0.51934,0.51975,4458
2025-04-22 04:00:00,0.51976,0.52154,0.51969,0.52069,4066
2025-04-22 05:00:00,0.52069,0.52101,0.51995,0.52004,3326
2025-04-22 06:00:00,0.52001,0.52031,0.51917,0.51948,4155
2025-04-22 07:00:00,0.51948,0.51981,0.51921,0.5198,2497
2025-04-22 08:00:00,0.51981,0.52014,0.51863,0.51976,4022
2025-04-22 09:00:00,0.51975,0.52161,0.51944,0.52085,4753
2025-04-22 10:00:00,0.52084,0.52116,0.51995,0.52005,4925
2025-04-22 11:00:00,0.52004,0.52062,0.51924,0.51944,4636
2025-04-22 12:00:00,0.51945,0.51975,0.51845,0.51929,3799
2025-04-22 13:00:00,0.51927,0.52002,0.51846,0.51987,3509
2025-04-22 14:00:00,0.51988,0.52004,0.51839,0.51867,3409
2025-04-22 15:00:00,0.51868,0.51976,0.51862,0.5193,4712
2025-04-22 16:00:00,0.5193,0.52038,0.51877,0.51938,5174
2025-04-22 17:00:00,0.51939,0.52045,0.51898,0.52003,5106
2025-04-22 18:00:00,0.52,0.52077,0.51898,0.52069,4029
2025-04-22 19:00:00,0.52071,0.52341,0.52068,0.52307,5004
2025-04-22 20:00:00,0.52309,0.52364,0.52047,0.52101,4799
2025-04-22 21:00:00,0.52102,0.52272,0.52101,0.52192,2679
2025-04-22 22:00:00,0.52189,0.52227,0.52061,0.52085,2469
2025-04-22 23:00:00,0.52083,0.52133,0.5208,0.52118,1238
2025-04-23 00:00:00,0.51975,0.52426,0.51938,0.52418,1078
2025-04-23 01:00:00,0.52416,0.52612,0.5236,0.52609,5972
2025-04-23 02:00:00,0.52601,0.52691,0.5254,0.52651,4219
2025-04-23 03:00:00,0.52656,0.52673,0.52557,0.52597,5307
2025-04-23 04:00:00,0.52595,0.52706,0.5247,0.52523,5083
2025-04-23 05:00:00,0.52522,0.52575,0.52498,0.52507,3738
2025-04-23 06:00:00,0.52506,0.52644,0.52476,0.52641,3089
2025-04-23 07:00:00,0.5264,0.52673,0.52561,0.52595,2458
2025-04-23 08:00:00,0.52594,0.52688,0.52546,0.52673,3294
2025-04-23 09:00:00,0.52667,0.52781,0.52632,0.52745,5130
2025-04-23 10:00:00,0.52747,0.52763,0.52611,0.52714,5503
2025-04-23 11:00:00,0.52712,0.52761,0.52565,0.52654,4440
2025-04-23 12:00:00,0.52656,0.5272,0.52587,0.52717,4153
2025-04-23 13:00:00,0.52718,0.52821,0.52659,0.52774,3848
2025-04-23 14:00:00,0.52773,0.52804,0.52673,0.52701,3820
2025-04-23 15:00:00,0.52708,0.5277,0.52607,0.52768,4182
2025-04-23 16:00:00,0.5277,0.53055,0.52703,0.53052,7140
2025-04-23 17:00:00,0.5305,0.53096,0.52824,0.53054,8801
2025-04-23 18:00:00,0.53054,0.53091,0.52607,0.52706,7455
2025-04-23 19:00:00,0.52708,0.52835,0.52573,0.52812,4727
2025-04-23 20:00:00,0.52812,0.52854,0.52751,0.52812,3494
2025-04-23 21:00:00,0.52811,0.52854,0.52759,0.52789,2891
2025-04-23 22:00:00,0.52788,0.52805,0.52699,0.52754,2900
2025-04-23 23:00:00,0.52752,0.52846,0.52749,0.52817,1754
2025-04-24 00:00:00,0.52652,0.52787,0.52652,0.52723,327
2025-04-24 01:00:00,0.5272,0.52823,0.52681,0.528,1924
2025-04-24 02:00:00,0.52799,0.52842,0.52779,0.52787,1725
2025-04-24 03:00:00,0.52786,0.52854,0.52704,0.52748,3668
2025-04-24 04:00:00,0.52749,0.52769,0.52617,0.52621,4267
2025-04-24 05:00:00,0.52619,0.52714,0.52587,0.52706,2978
2025-04-24 06:00:00,0.52707,0.52722,0.52644,0.52698,2369
2025-04-24 07:00:00,0.52697,0.52732,0.52654,0.52687,2123
2025-04-24 08:00:00,0.52689,0.52729,0.52553,0.52578,3038
2025-04-24 09:00:00,0.52577,0.52714,0.52564,0.52685,3739
2025-04-24 10:00:00,0.52686,0.52789,0.52667,0.52777,4125
2025-04-24 11:00:00,0.52778,0.52791,0.52681,0.527,4316
2025-04-24 12:00:00,0.52702,0.52726,0.52641,0.52678,3210
2025-04-24 13:00:00,0.52679,0.52732,0.52624,0.52728,3136
2025-04-24 14:00:00,0.52728,0.52757,0.52598,0.52637,3720
2025-04-24 15:00:00,0.52639,0.52763,0.52637,0.52675,4367
2025-04-24 16:00:00,0.52674,0.5279,0.52659,0.5276,4359
2025-04-24 17:00:00,0.52759,0.52909,0.52746,0.52906,5690
2025-04-24 18:00:00,0.52907,0.52977,0.52862,0.52886,5012
2025-04-24 19:00:00,0.52885,0.53,0.52867,0.52981,3320
2025-04-24 20:00:00,0.52982,0.53025,0.52951,0.5301,2439
2025-04-24 21:00:00,0.53008,0.53041,0.52996,0.53011,1932
2025-04-24 22:00:00,0.53011,0.53013,0.52951,0.5299,1681
2025-04-24 23:00:00,0.52991,0.53033,0.52977,0.52994,1523
2025-04-25 00:00:00,0.52849,0.52958,0.52804,0.52876,539
2025-04-25 01:00:00,0.52894,0.53046,0.52894,0.53027,1422
2025-04-25 02:00:00,0.53028,0.53049,0.53,0.53024,1429
2025-04-25 03:00:00,0.53025,0.53191,0.53025,0.53186,2839
2025-04-25 04:00:00,0.53185,0.53225,0.53108,0.53132,2757
2025-04-25 05:00:00,0.53131,0.53146,0.53073,0.53121,2324
2025-04-25 06:00:00,0.5312,0.5339,0.53113,0.53372,3614
2025-04-25 07:00:00,0.53374,0.53412,0.53268,0.53272,2763
2025-04-25 08:00:00,0.53272,0.53303,0.53199,0.5321,3181
2025-04-25 09:00:00,0.53212,0.53297,0.53185,0.53287,3875
2025-04-25 10:00:00,0.53288,0.53356,0.5304,0.53161,4663
2025-04-25 11:00:00,0.53162,0.53201,0.53031,0.5307,3527
2025-04-25 12:00:00,0.53071,0.53073,0.52908,0.52975,3137
2025-04-25 13:00:00,0.52973,0.53022,0.52835,0.5285,3720
2025-04-25 14:00:00,0.52853,0.52942,0.52839,0.52932,3197
2025-04-25 15:00:00,0.52931,0.53,0.52902,0.52998,3701
2025-04-25 16:00:00,0.52997,0.5306,0.52959,0.53008,4857
2025-04-25 17:00:00,0.53016,0.53143,0.52941,0.5301,5300
2025-04-25 18:00:00,0.53009,0.53067,0.52959,0.52979,3374
2025-04-25 19:00:00,0.5298,0.53027,0.5294,0.53022,1815
2025-04-25 20:00:00,0.53022,0.53076,0.52839,0.52896,2546
2025-04-25 21:00:00,0.52898,0.52977,0.52866,0.52945,1944
2025-04-25 22:00:00,0.52949,0.5299,0.52913,0.52986,1631
2025-04-25 23:00:00,0.52984,0.53034,0.52909,0.52919,938
2025-04-28 00:00:00,0.52897,0.52964,0.52717,0.52962,465
2025-04-28 01:00:00,0.53039,0.53039,0.52923,0.52966,2070
2025-04-28 02:00:00,0.52964,0.52974,0.52846,0.52876,1774
2025-04-28 03:00:00,0.52879,0.52883,0.528,0.52854,3148
2025-04-28 04:00:00,0.52855,0.52927,0.52835,0.52849,2927
2025-04-28 05:00:00,0.52851,0.52906,0.5284,0.52849,2373
2025-04-28 06:00:00,0.5285,0.52913,0.52787,0.52888,1781
2025-04-28 07:00:00,0.52887,0.5298,0.52885,0.52945,1892
2025-04-28 08:00:00,0.52946,0.53002,0.52906,0.53002,2606
2025-04-28 09:00:00,0.53004,0.53054,0.52973,0.5303,3603
2025-04-28 10:00:00,0.53031,0.53035,0.52945,0.52965,3907
2025-04-28 11:00:00,0.52963,0.53026,0.52932,0.52991,3337
2025-04-28 12:00:00,0.52988,0.5309,0.52976,0.53061,3309
2025-04-28 13:00:00,0.53062,0.53101,0.53006,0.53069,2495
2025-04-28 14:00:00,0.53067,0.53132,0.53055,0.53059,2919
2025-04-28 15:00:00,0.53061,0.53126,0.53021,0.53094,3898
2025-04-28 16:00:00,0.53091,0.53158,0.53049,0.53087,4713
2025-04-28 17:00:00,0.53088,0.53119,0.52941,0.53009,5837
2025-04-28 18:00:00,0.53008,0.53045,0.5289,0.52923,4319
2025-04-28 19:00:00,0.52924,0.52924,0.52633,0.52693,3558
2025-04-28 20:00:00,0.52691,0.52744,0.52628,0.52738,2766
2025-04-28 21:00:00,0.52737,0.52783,0.52733,0.52737,2315
2025-04-28 22:00:00,0.52734,0.52806,0.52733,0.52795,1888
2025-04-28 23:00:00,0.52796,0.52802,0.52718,0.5273,992
2025-04-29 00:00:00,0.52615,0.52746,0.52603,0.5269,295
2025-04-29 01:00:00,0.52681,0.52779,0.52681,0.52772,986
2025-04-29 02:00:00,0.52772,0.52819,0.52753,0.5279,1547
2025-04-29 03:00:00,0.52789,0.52835,0.5274,0.5283,2637
2025-04-29 04:00:00,0.5283,0.52929,0.52797,0.52922,2782
2025-04-29 05:00:00,0.52922,0.53009,0.52849,0.52864,3736
2025-04-29 06:00:00,0.52865,0.52867,0.52809,0.52854,2603
2025-04-29 07:00:00,0.52855,0.52884,0.52822,0.52862,2197
2025-04-29 08:00:00,0.52861,0.52872,0.52799,0.52808,2380
2025-04-29 09:00:00,0.52808,0.52924,0.52781,0.52849,3388
2025-04-29 10:00:00,0.52848,0.52947,0.52783,0.52939,4361
2025-04-29 11:00:00,0.52938,0.52968,0.52902,0.52946,3688
2025-04-29 12:00:00,0.52945,0.53008,0.52891,0.52938,3089
2025-04-29 13:00:00,0.52938,0.52959,0.52841,0.52841,2735
2025-04-29 14:00:00,0.52839,0.52872,0.52788,0.52863,2898
2025-04-29 15:00:00,0.52865,0.52915,0.52745,0.52746,4092
2025-04-29 16:00:00,0.52748,0.52757,0.52604,0.52606,5483
2025-04-29 17:00:00,0.52604,0.5264,0.52444,0.52581,6072
2025-04-29 18:00:00,0.5258,0.52636,0.52567,0.52606,4264
2025-04-29 19:00:00,0.52604,0.52641,0.52553,0.52569,2896
2025-04-29 20:00:00,0.52566,0.52669,0.52558,0.52651,2414
2025-04-29 21:00:00,0.52652,0.52672,0.52608,0.52629,1923
2025-04-29 22:00:00,0.52626,0.52642,0.52578,0.52601,1868
2025-04-29 23:00:00,0.52602,0.52608,0.52558,0.52577,988
2025-04-30 00:00:00,0.52519,0.52602,0.52475,0.52511,734
2025-04-30 01:00:00,0.52518,0.5259,0.52494,0.52568,1288
2025-04-30 02:00:00,0.52566,0.52604,0.52559,0.5258,1197
2025-04-30 03:00:00,0.52579,0.52616,0.52538,0.5257,2806
2025-04-30 04:00:00,0.52567,0.52742,0.52542,0.52719,3255
2025-04-30 05:00:00,0.52718,0.52771,0.5267,0.52686,2609
2025-04-30 06:00:00,0.52688,0.52726,0.52656,0.52715,2101
2025-04-30 07:00:00,0.52716,0.52826,0.52716,0.52823,1955
2025-04-30 08:00:00,0.52823,0.5284,0.52786,0.52825,1824
2025-04-30 09:00:00,0.52828,0.52903,0.52762,0.52826,3269
2025-04-30 10:00:00,0.5283,0.52848,0.52728,0.52735,3601
2025-04-30 11:00:00,0.52735,0.52799,0.52703,0.52753,3530
2025-04-30 12:00:00,0.52754,0.52811,0.52729,0.52806,3452
2025-04-30 13:00:00,0.52807,0.52814,0.52716,0.52754,3065
2025-04-30 14:00:00,0.52753,0.52774,0.52712,0.5275,3300
2025-04-30 15:00:00,0.52751,0.52767,0.52409,0.52469,6120
2025-04-30 16:00:00,0.5247,0.52549,0.52275,0.52294,6006
2025-04-30 17:00:00,0.52293,0.52631,0.52271,0.52562,6798
2025-04-30 18:00:00,0.52561,0.52713,0.52543,0.52634,6077
2025-04-30 19:00:00,0.52633,0.52673,0.52548,0.52577,2963
2025-04-30 20:00:00,0.52577,0.5266,0.52551,0.52631,2270
2025-04-30 21:00:00,0.52633,0.52782,0.52619,0.52687,3353
2025-04-30 22:00:00,0.52688,0.52881,0.52687,0.5285,2759
2025-04-30 23:00:00,0.52857,0.52964,0.52834,0.52909,2320
2025-05-01 00:00:00,0.52766,0.52873,0.52631,0.52808,197
2025-05-01 01:00:00,0.52801,0.52964,0.52801,0.52948,1239
2025-05-01 02:00:00,0.52949,0.52983,0.52914,0.52952,1243
2025-05-01 03:00:00,0.52951,0.52999,0.52909,0.52981,2497
2025-05-01 04:00:00,0.5298,0.53013,0.52948,0.52991,2218
2025-05-01 05:00:00,0.52992,0.53118,0.52981,0.53024,1581
2025-05-01 06:00:00,0.53023,0.53046,0.52969,0.5297,2515
2025-05-01 07:00:00,0.52972,0.52987,0.52899,0.52961,1736
2025-05-01 08:00:00,0.52962,0.53011,0.52904,0.52933,2376
2025-05-01 09:00:00,0.52937,0.5299,0.52909,0.52941,3450
2025-05-01 10:00:00,0.52939,0.52953,0.52815,0.52815,3885
2025-05-01 11:00:00,0.52814,0.52814,0.52743,0.528,2897
2025-05-01 12:00:00,0.52799,0.52829,0.52743,0.52786,2616
2025-05-01 13:00:00,0.52787,0.52852,0.5273,0.52839,2883
2025-05-01 14:00:00,0.52835,0.52921,0.52814,0.52907,3204
2025-05-01 15:00:00,0.52906,0.52968,0.52834,0.52935,5007
2025-05-01 16:00:00,0.52934,0.5297,0.52833,0.52833,4644
2025-05-01 17:00:00,0.52867,0.53161,0.52866,0.53131,6465
2025-05-01 18:00:00,0.53131,0.5318,0.52999,0.53011,4181
2025-05-01 19:00:00,0.53009,0.53019,0.52932,0.52956,2777
2025-05-01 20:00:00,0.52954,0.53024,0.52951,0.52987,2002
2025-05-01 21:00:00,0.52988,0.53121,0.52979,0.53101,2439
2025-05-01 22:00:00,0.53102,0.53104,0.52935,0.52953,2293
2025-05-01 23:00:00,0.52949,0.52963,0.52909,0.52925,1591
2025-05-02 00:00:00,0.52796,0.52919,0.52787,0.5289,1036
2025-05-02 01:00:00,0.52874,0.52939,0.52874,0.529,1022
2025-05-02 02:00:00,0.52898,0.52965,0.52893,0.52932,1014
2025-05-02 03:00:00,0.52933,0.53297,0.52924,0.53255,4273
2025-05-02 04:00:00,0.53257,0.53272,0.53165,0.53192,3878
2025-05-02 05:00:00,0.53192,0.53244,0.53181,0.53204,2553
2025-05-02 06:00:00,0.53204,0.53212,0.53099,0.53164,2132
2025-05-02 07:00:00,0.53164,0.53191,0.53065,0.5318,2608
2025-05-02 08:00:00,0.5318,0.53181,0.53074,0.53086,2403
2025-05-02 09:00:00,0.53076,0.53135,0.53012,0.53047,3827
2025-05-02 10:00:00,0.53046,0.53174,0.53036,0.53065,3761
2025-05-02 11:00:00,0.5307,0.53093,0.53022,0.53038,3361
2025-05-02 12:00:00,0.53033,0.53122,0.52856,0.52999,4208
2025-05-02 13:00:00,0.53002,0.53054,0.52968,0.53004,3436
2025-05-02 14:00:00,0.53003,0.53073,0.52959,0.52972,3060
2025-05-02 15:00:00,0.52973,0.53318,0.52901,0.53314,6202
2025-05-02 16:00:00,0.53316,0.53357,0.53158,0.5319,6855
2025-05-02 17:00:00,0.53189,0.53332,0.53174,0.53235,6128
2025-05-02 18:00:00,0.53236,0.53292,0.53209,0.5325,5040
2025-05-02 19:00:00,0.53247,0.53424,0.5324,0.5336,3832
2025-05-02 20:00:00,0.53359,0.53362,0.53284,0.53313,2705
2025-05-02 21:00:00,0.5331,0.5336,0.53273,0.5329,2225
2025-05-02 22:00:00,0.53287,0.53314,0.53258,0.53284,2014
2025-05-02 23:00:00,0.53286,0.53336,0.53214,0.5323,1069
2025-05-05 00:00:00,0.53087,0.53329,0.53079,0.53119,530
2025-05-05 01:00:00,0.53085,0.53279,0.53068,0.53267,1938
2025-05-05 02:00:00,0.53266,0.53267,0.53102,0.53108,1564
2025-05-05 03:00:00,0.53109,0.53127,0.53058,0.53117,2294
2025-05-05 04:00:00,0.53121,0.53299,0.53111,0.53199,3639
2025-05-05 05:00:00,0.53197,0.53227,0.53168,0.53207,2460
2025-05-05 06:00:00,0.53206,0.53233,0.53183,0.53223,1806
2025-05-05 07:00:00,0.53222,0.53251,0.53183,0.53248,1728
2025-05-05 08:00:00,0.53249,0.53445,0.53243,0.53438,2835
2025-05-05 09:00:00,0.53448,0.53548,0.53371,0.53457,3787
2025-05-05 10:00:00,0.53458,0.53546,0.53424,0.53432,3100
2025-05-05 11:00:00,0.53434,0.53508,0.53424,0.53439,3264
2025-05-05 12:00:00,0.53437,0.53496,0.53422,0.5346,3205
2025-05-05 13:00:00,0.53461,0.5348,0.53364,0.53372,2544
2025-05-05 14:00:00,0.53372,0.53432,0.53364,0.53377,2412
2025-05-05 15:00:00,0.53379,0.53424,0.53344,0.53376,3263
2025-05-05 16:00:00,0.53375,0.53414,0.5325,0.53254,3908
2025-05-05 17:00:00,0.53254,0.5334,0.53193,0.53273,5559
2025-05-05 18:00:00,0.53271,0.53311,0.53227,0.53309,3024
2025-05-05 19:00:00,0.53307,0.53331,0.53263,0.53267,2198
2025-05-05 20:00:00,0.53267,0.5327,0.53215,0.53229,1616
2025-05-05 21:00:00,0.53228,0.53269,0.53212,0.53213,1583
2025-05-05 22:00:00,0.53211,0.53241,0.53195,0.53198,1811
2025-05-05 23:00:00,0.53199,0.53201,0.53151,0.53164,1026
2025-05-06 00:00:00,0.5313,0.5317,0.53015,0.53079,671
2025-05-06 01:00:00,0.53117,0.53167,0.53062,0.53153,869
2025-05-06 02:00:00,0.53152,0.53164,0.53104,0.53116,1025
2025-05-06 03:00:00,0.53116,0.53171,0.53115,0.53163,3099
2025-05-06 04:00:00,0.53164,0.53222,0.53141,0.53163,3586
2025-05-06 05:00:00,0.53162,0.53179,0.53108,0.53125,2998
2025-05-06 06:00:00,0.53124,0.53178,0.5308,0.53172,2482
2025-05-06 07:00:00,0.53174,0.53226,0.53153,0.53224,2054
2025-05-06 08:00:00,0.53226,0.53228,0.53075,0.53093,2326
2025-05-06 09:00:00,0.53092,0.53186,0.53065,0.53183,3385
2025-05-06 10:00:00,0.53183,0.53276,0.53091,0.53209,4483
2025-05-06 11:00:00,0.5321,0.53246,0.53109,0.53168,4371
2025-05-06 12:00:00,0.53167,0.53262,0.53072,0.53252,3749
2025-05-06 13:00:00,0.53251,0.53277,0.53205,0.53254,2942
2025-05-06 14:00:00,0.53253,0.53298,0.5323,0.5329,2898
2025-05-06 15:00:00,0.53289,0.53341,0.53249,0.53312,3370
2025-05-06 16:00:00,0.53311,0.53342,0.53229,0.53273,4002
2025-05-06 17:00:00,0.53275,0.53451,0.53248,0.53378,4464
2025-05-06 18:00:00,0.53377,0.53516,0.53366,0.53469,2958
2025-05-06 19:00:00,0.53466,0.53542,0.53416,0.53426,2915
2025-05-06 20:00:00,0.5343,0.53454,0.53308,0.5334,2248
2025-05-06 21:00:00,0.53339,0.53393,0.53331,0.53378,1741
2025-05-06 22:00:00,0.5338,0.53403,0.53358,0.53377,1577
2025-05-06 23:00:00,0.53378,0.5343,0.53323,0.53358,1142
2025-05-07 00:00:00,0.53284,0.53322,0.53247,0.53294,181
2025-05-07 01:00:00,0.53281,0.53843,0.53266,0.53762,3822
2025-05-07 02:00:00,0.53763,0.5378,0.53684,0.5371,2694
2025-05-07 03:00:00,0.53714,0.53731,0.53583,0.5371,4626
2025-05-07 04:00:00,0.53711,0.5377,0.53608,0.53651,5326
2025-05-07 05:00:00,0.53651,0.53651,0.53484,0.53521,3831
2025-05-07 06:00:00,0.53522,0.5357,0.53506,0.53524,2786
2025-05-07 07:00:00,0.53523,0.53542,0.53452,0.53491,2644
2025-05-07 08:00:00,0.5349,0.53522,0.53419,0.53423,3039
2025-05-07 09:00:00,0.53423,0.53512,0.53377,0.53391,3060
2025-05-07 10:00:00,0.53392,0.53524,0.53337,0.53514,3730
2025-05-07 11:00:00,0.53514,0.53517,0.53425,0.53425,3764
2025-05-07 12:00:00,0.53427,0.53463,0.53306,0.53309,3044
2025-05-07 13:00:00,0.53308,0.53362,0.53218,0.53329,2740
2025-05-07 14:00:00,0.5333,0.53401,0.53288,0.53395,2787
2025-05-07 15:00:00,0.53394,0.53401,0.53156,0.53169,3591
2025-05-07 16:00:00,0.5317,0.53181,0.53096,0.53153,4205
2025-05-07 17:00:00,0.53154,0.53165,0.52984,0.53061,4385
2025-05-07 18:00:00,0.5306,0.53098,0.53004,0.53066,3846
2025-05-07 19:00:00,0.53067,0.53068,0.52921,0.53005,2418
2025-05-07 20:00:00,0.53005,0.53059,0.5293,0.5293,2089
2025-05-07 21:00:00,0.52924,0.53031,0.52819,0.52968,5984
2025-05-07 22:00:00,0.5297,0.53029,0.52814,0.52944,5488
2025-05-07 23:00:00,0.52946,0.52969,0.529,0.52907,1263
2025-05-08 00:00:00,0.52827,0.52875,0.52777,0.52853,266
2025-05-08 01:00:00,0.5286,0.52952,0.52842,0.52947,1229
2025-05-08 02:00:00,0.52948,0.53001,0.52922,0.52995,1234
2025-05-08 03:00:00,0.52998,0.53099,0.52946,0.53072,3172
2025-05-08 04:00:00,0.53071,0.53166,0.53059,0.53104,4592
2025-05-08 05:00:00,0.53104,0.53183,0.53094,0.53117,3365
2025-05-08 06:00:00,0.53117,0.53179,0.5311,0.53152,2349
2025-05-08 07:00:00,0.5315,0.53183,0.53125,0.53165,2063
2025-05-08 08:00:00,0.53166,0.53186,0.53059,0.53133,3572
2025-05-08 09:00:00,0.53131,0.5315,0.53014,0.5302,4618
2025-05-08 10:00:00,0.53021,0.53137,0.52979,0.53111,4230
2025-05-08 11:00:00,0.53109,0.53134,0.52967,0.53029,4122
2025-05-08 12:00:00,0.5303,0.53038,0.52935,0.52966,3365
2025-05-08 13:00:00,0.52966,0.53077,0.52943,0.53009,3402
2025-05-08 14:00:00,0.53005,0.5302,0.52931,0.52938,3883
2025-05-08 15:00:00,0.52936,0.52999,0.5287,0.52902,4966
2025-05-08 16:00:00,0.52898,0.53054,0.52894,0.53034,4981
2025-05-08 17:00:00,0.53035,0.53127,0.5295,0.53026,5281
2025-05-08 18:00:00,0.53024,0.53229,0.52964,0.53186,6369
2025-05-08 19:00:00,0.53185,0.53295,0.53138,0.53261,3813
2025-05-08 20:00:00,0.53262,0.53267,0.53202,0.53205,2519
2025-05-08 21:00:00,0.53206,0.53223,0.53144,0.5316,1919
2025-05-08 22:00:00,0.53161,0.5334,0.53161,0.532,2551
2025-05-08 23:00:00,0.53202,0.5325,0.53201,0.53223,1095
2025-05-09 00:00:00,0.53015,0.53144,0.53015,0.53127,655
2025-05-09 01:00:00,0.53163,0.53203,0.5312,0.53179,1025
2025-05-09 02:00:00,0.5318,0.53206,0.53161,0.53167,1297
2025-05-09 03:00:00,0.53166,0.53193,0.53091,0.53094,3433
2025-05-09 04:00:00,0.53093,0.53192,0.53083,0.53191,3411
2025-05-09 05:00:00,0.53192,0.53252,0.53123,0.53201,3320
2025-05-09 06:00:00,0.532,0.53275,0.53193,0.53268,2770
2025-05-09 07:00:00,0.5327,0.53276,0.53225,0.53275,1890
2025-05-09 08:00:00,0.53273,0.53273,0.53199,0.53219,2549
2025-05-09 09:00:00,0.53222,0.5324,0.53143,0.5315,3229
2025-05-09 10:00:00,0.53149,0.53253,0.53124,0.53236,3648
2025-05-09 11:00:00,0.53235,0.53237,0.53154,0.53196,2987
2025-05-09 12:00:00,0.53196,0.53239,0.53173,0.5323,2638
2025-05-09 13:00:00,0.5323,0.53257,0.53166,0.53201,2659
2025-05-09 14:00:00,0.53201,0.53263,0.53134,0.53192,3436
2025-05-09 15:00:00,0.53191,0.53284,0.53175,0.53204,3075
2025-05-09 16:00:00,0.53205,0.53335,0.53199,0.53301,3662
2025-05-09 17:00:00,0.53298,0.53342,0.53131,0.53221,4493
2025-05-09 18:00:00,0.53222,0.53301,0.53202,0.53298,3693
2025-05-09 19:00:00,0.53297,0.53327,0.53237,0.53319,2363
2025-05-09 20:00:00,0.5332,0.53335,0.53294,0.53314,1880
2025-05-09 21:00:00,0.53313,0.53322,0.53278,0.53289,1522
2025-05-09 22:00:00,0.5329,0.53311,0.53262,0.53271,1717
2025-05-09 23:00:00,0.53271,0.53309,0.532,0.53208,930
2025-05-12 00:00:00,0.53436,0.53572,0.53415,0.53553,628
2025-05-12 01:00:00,0.53565,0.53658,0.53511,0.5355,2807
2025-05-12 02:00:00,0.53551,0.5359,0.5352,0.53534,2541
2025-05-12 03:00:00,0.53531,0.53574,0.53466,0.53542,3865
2025-05-12 04:00:00,0.53542,0.53662,0.5354,0.5359,4528
2025-05-12 05:00:00,0.53591,0.53592,0.53465,0.5356,3363
2025-05-12 06:00:00,0.53561,0.53603,0.53533,0.53586,2608
2025-05-12 07:00:00,0.53587,0.53652,0.53585,0.53627,1957
2025-05-12 08:00:00,0.5363,0.53701,0.53601,0.53688,2356
2025-05-12 09:00:00,0.53694,0.53715,0.53652,0.53677,2964
2025-05-12 10:00:00,0.53676,0.5418,0.53675,0.54142,9246
2025-05-12 11:00:00,0.54143,0.54228,0.5389,0.53938,6479
2025-05-12 12:00:00,0.53939,0.54114,0.53921,0.54093,4344
2025-05-12 13:00:00,0.54094,0.54116,0.54013,0.54046,4970
2025-05-12 14:00:00,0.54045,0.54056,0.53849,0.53852,4994
2025-05-12 15:00:00,0.53851,0.53927,0.5376,0.53833,4478
2025-05-12 16:00:00,0.53834,0.53891,0.53776,0.53797,5449
2025-05-12 17:00:00,0.538,0.53898,0.53723,0.53763,6287
2025-05-12 18:00:00,0.53764,0.5377,0.53625,0.53654,4578
2025-05-12 19:00:00,0.53655,0.5378,0.53622,0.53779,2819
2025-05-12 20:00:00,0.5378,0.53849,0.5375,0.53813,2436
2025-05-12 21:00:00,0.53814,0.539,0.53803,0.53852,2509
2025-05-12 22:00:00,0.53851,0.53869,0.53812,0.53837,2270
2025-05-12 23:00:00,0.53836,0.53895,0.53829,0.53877,1085
2025-05-13 00:00:00,0.53721,0.5386,0.53674,0.53835,430
2025-05-13 01:00:00,0.53837,0.53881,0.53822,0.53861,1097
2025-05-13 02:00:00,0.53858,0.53891,0.53822,0.53832,1451
2025-05-13 03:00:00,0.53834,0.53842,0.53687,0.53695,3267
2025-05-13 04:00:00,0.53696,0.53766,0.53676,0.53748,4162
2025-05-13 05:00:00,0.53747,0.53892,0.53739,0.53863,3193
2025-05-13 06:00:00,0.53864,0.53948,0.53857,0.53922,2751
2025-05-13 07:00:00,0.53921,0.54068,0.53914,0.54037,2773
2025-05-13 08:00:00,0.54033,0.54078,0.53982,0.54024,3119
2025-05-13 09:00:00,0.54019,0.5409,0.53985,0.54037,3657
2025-05-13 10:00:00,0.54037,0.54059,0.53867,0.53867,4405
2025-05-13 11:00:00,0.53866,0.5387,0.53772,0.53795,3449
2025-05-13 12:00:00,0.53793,0.5397,0.53783,0.53956,3183
2025-05-13 13:00:00,0.53957,0.5401,0.53917,0.53992,3075
2025-05-13 14:00:00,0.53991,0.53999,0.53943,0.53946,2414
2025-05-13 15:00:00,0.53947,0.54134,0.53926,0.54124,5145
2025-05-13 16:00:00,0.54123,0.54124,0.54031,0.5407,5298
2025-05-13 17:00:00,0.54073,0.54367,0.54072,0.54355,5892
2025-05-13 18:00:00,0.54352,0.54433,0.54299,0.54429,4606
2025-05-13 19:00:00,0.54429,0.54516,0.54412,0.54465,2837
2025-05-13 20:00:00,0.54465,0.54491,0.54438,0.54444,2004
2025-05-13 21:00:00,0.54443,0.54461,0.54398,0.5444,1892
2025-05-13 22:00:00,0.54439,0.54445,0.54341,0.54342,1787
2025-05-13 23:00:00,0.54341,0.54361,0.54278,0.54297,1068
2025-05-14 00:00:00,0.54288,0.54288,0.54146,0.5424,1239
2025-05-14 01:00:00,0.54224,0.54321,0.54222,0.54305,1136
2025-05-14 02:00:00,0.54303,0.54358,0.54291,0.5433,1599
2025-05-14 03:00:00,0.5433,0.54369,0.54288,0.54306,3660
2025-05-14 04:00:00,0.54306,0.54396,0.54273,0.54392,4548
2025-05-14 05:00:00,0.5439,0.54407,0.54324,0.54358,3626
2025-05-14 06:00:00,0.54359,0.54385,0.54295,0.54298,2661
2025-05-14 07:00:00,0.54299,0.54334,0.54243,0.54258,2490
2025-05-14 08:00:00,0.54259,0.54357,0.54252,0.5431,2759
2025-05-14 09:00:00,0.54312,0.54361,0.54277,0.5433,3349
2025-05-14 10:00:00,0.54333,0.54392,0.54311,0.54381,4173
2025-05-14 11:00:00,0.54381,0.54382,0.54209,0.54232,5635
2025-05-14 12:00:00,0.54233,0.54255,0.54008,0.54051,5211
2025-05-14 13:00:00,0.54048,0.54107,0.54012,0.54078,3197
2025-05-14 14:00:00,0.54077,0.54169,0.54032,0.54167,3876
2025-05-14 15:00:00,0.54166,0.54185,0.54114,0.54155,4808
2025-05-14 16:00:00,0.54156,0.54185,0.54069,0.54128,5593
2025-05-14 17:00:00,0.54127,0.54214,0.54062,0.54187,5860
2025-05-14 18:00:00,0.54186,0.54192,0.54073,0.54126,5127
2025-05-14 19:00:00,0.54124,0.54135,0.54087,0.54106,3681
2025-05-14 20:00:00,0.54107,0.5416,0.54097,0.54148,2675
2025-05-14 21:00:00,0.54148,0.54178,0.54111,0.54152,2748
2025-05-14 22:00:00,0.5415,0.54207,0.54145,0.54184,2541
2025-05-14 23:00:00,0.54186,0.54194,0.54122,0.5413,1552
2025-05-15 00:00:00,0.54095,0.54095,0.53914,0.54078,564
2025-05-15 01:00:00,0.54053,0.54115,0.54041,0.54081,905
2025-05-15 02:00:00,0.54077,0.54077,0.54018,0.54066,1273
2025-05-15 03:00:00,0.54065,0.54114,0.54024,0.54039,3180
2025-05-15 04:00:00,0.54037,0.54206,0.54034,0.54135,3868
2025-05-15 05:00:00,0.54136,0.54138,0.54024,0.54077,3010
2025-05-15 06:00:00,0.54075,0.54103,0.54044,0.54066,2760
2025-05-15 07:00:00,0.54066,0.54089,0.54015,0.54046,2177
2025-05-15 08:00:00,0.54048,0.54081,0.53904,0.53964,2938
2025-05-15 09:00:00,0.53963,0.54029,0.53901,0.53915,3598
2025-05-15 10:00:00,0.53914,0.53931,0.53776,0.53788,3965
2025-05-15 11:00:00,0.53788,0.53811,0.53689,0.53718,3096
2025-05-15 12:00:00,0.53716,0.53771,0.53696,0.53744,2881
2025-05-15 13:00:00,0.53744,0.53751,0.53643,0.53673,2677
2025-05-15 14:00:00,0.53673,0.5377,0.53672,0.53759,3485
2025-05-15 15:00:00,0.53756,0.53769,0.53543,0.53659,5169
2025-05-15 16:00:00,0.53657,0.537,0.53516,0.53518,5694
2025-05-15 17:00:00,0.53517,0.53603,0.53488,0.53582,5776
2025-05-15 18:00:00,0.53583,0.5359,0.53491,0.53512,4377
2025-05-15 19:00:00,0.53511,0.53573,0.53484,0.53567,2313
2025-05-15 20:00:00,0.53568,0.53605,0.53554,0.53573,1896
2025-05-15 21:00:00,0.53576,0.53586,0.53538,0.53558,1667
2025-05-15 22:00:00,0.5356,0.53567,0.53481,0.53511,1821
2025-05-15 23:00:00,0.53512,0.53534,0.53505,0.53521,914
2025-05-16 00:00:00,0.53489,0.53492,0.534,0.53471,406
2025-05-16 01:00:00,0.53463,0.53547,0.53462,0.5347,999
2025-05-16 02:00:00,0.53471,0.53494,0.5345,0.5346,1178
2025-05-16 03:00:00,0.53459,0.53466,0.53289,0.53304,3572
2025-05-16 04:00:00,0.53303,0.53401,0.53295,0.5339,3144
2025-05-16 05:00:00,0.53391,0.5354,0.53341,0.53535,2641
2025-05-16 06:00:00,0.53537,0.53596,0.53505,0.53562,2773
2025-05-16 07:00:00,0.53561,0.53658,0.53555,0.5362,2478
2025-05-16 08:00:00,0.53619,0.53645,0.53592,0.53632,2808
2025-05-16 09:00:00,0.53631,0.53662,0.53528,0.53574,2962
2025-05-16 10:00:00,0.53573,0.53601,0.53535,0.53554,3795
2025-05-16 11:00:00,0.53555,0.5371,0.53555,0.53698,3052
2025-05-16 12:00:00,0.53698,0.53715,0.53664,0.53679,2746
2025-05-16 13:00:00,0.53679,0.53755,0.53675,0.53718,2716
2025-05-16 14:00:00,0.53719,0.53768,0.53675,0.53762,2943
2025-05-16 15:00:00,0.53763,0.53773,0.53665,0.537,3249
2025-05-16 16:00:00,0.53701,0.53733,0.53669,0.53694,3347
2025-05-16 17:00:00,0.5369,0.53729,0.53669,0.53684,5069
2025-05-16 18:00:00,0.53685,0.53704,0.53639,0.53674,3331
2025-05-16 19:00:00,0.53675,0.53714,0.53658,0.53689,2168
2025-05-16 20:00:00,0.53689,0.53729,0.53679,0.53688,1725
2025-05-16 21:00:00,0.53687,0.53742,0.53671,0.53733,1587
2025-05-16 22:00:00,0.53732,0.53747,0.53713,0.53745,1492
2025-05-16 23:00:00,0.53746,0.53751,0.53527,0.53575,1226
2025-05-19 00:00:00,0.53407,0.53494,0.53396,0.53458,557
2025-05-19 01:00:00,0.53565,0.53582,0.53447,0.53481,2409
2025-05-19 02:00:00,0.53483,0.53569,0.5348,0.5353,1973
2025-05-19 03:00:00,0.53531,0.53588,0.53466,0.53539,4062
2025-05-19 04:00:00,0.5354,0.53577,0.53521,0.53564,4015
2025-05-19 05:00:00,0.53561,0.53639,0.5355,0.53591,3428
2025-05-19 06:00:00,0.53593,0.5363,0.53585,0.53599,2539
2025-05-19 07:00:00,0.536,0.53605,0.53553,0.53574,2161
2025-05-19 08:00:00,0.53573,0.53588,0.53498,0.53513,2572
2025-05-19 09:00:00,0.53511,0.53572,0.53475,0.53484,3718
2025-05-19 10:00:00,0.53483,0.53569,0.53465,0.53561,4630
2025-05-19 11:00:00,0.53561,0.53617,0.53529,0.53609,3729
2025-05-19 12:00:00,0.5361,0.53682,0.53587,0.53664,3843
2025-05-19 13:00:00,0.53663,0.53689,0.53607,0.53659,3639
2025-05-19 14:00:00,0.53659,0.53764,0.53658,0.53747,3444
2025-05-19 15:00:00,0.53748,0.53768,0.53689,0.53721,3815
2025-05-19 16:00:00,0.53723,0.53754,0.53655,0.53725,5245
2025-05-19 17:00:00,0.53725,0.53813,0.53716,0.53742,4910
2025-05-19 18:00:00,0.53742,0.53884,0.53716,0.5386,4075
2025-05-19 19:00:00,0.53861,0.53897,0.53837,0.5387,2351
2025-05-19 20:00:00,0.53869,0.53908,0.53848,0.5386,1906
2025-05-19 21:00:00,0.53861,0.53875,0.53845,0.53858,1619
2025-05-19 22:00:00,0.53859,0.53885,0.5383,0.53865,1430
2025-05-19 23:00:00,0.53865,0.53897,0.53859,0.53892,968
2025-05-20 00:00:00,0.53552,0.53863,0.53552,0.53845,541
2025-05-20 01:00:00,0.53842,0.53909,0.53827,0.53884,1022
2025-05-20 02:00:00,0.53889,0.53908,0.53874,0.5389,1212
2025-05-20 03:00:00,0.53893,0.53946,0.53842,0.53845,2937
2025-05-20 04:00:00,0.53843,0.53843,0.53749,0.53763,3925
2025-05-20 05:00:00,0.53763,0.53849,0.53737,0.53839,2557
2025-05-20 06:00:00,0.5384,0.53847,0.53773,0.53782,2821
2025-05-20 07:00:00,0.53779,0.5378,0.53567,0.53609,3146
2025-05-20 08:00:00,0.53608,0.53666,0.53387,0.53433,4394
2025-05-20 09:00:00,0.53436,0.53526,0.53417,0.53471,3989
2025-05-20 10:00:00,0.53472,0.53501,0.53373,0.53416,4217
2025-05-20 11:00:00,0.53415,0.53466,0.53377,0.53388,3576
2025-05-20 12:00:00,0.53389,0.53472,0.53362,0.5346,3181
2025-05-20 13:00:00,0.5346,0.53488,0.53442,0.53474,2601
2025-05-20 14:00:00,0.53473,0.53483,0.53387,0.53405,2804
2025-05-20 15:00:00,0.53402,0.53418,0.53308,0.53349,3893
2025-05-20 16:00:00,0.53349,0.5341,0.53337,0.53359,4464
2025-05-20 17:00:00,0.53358,0.53359,0.53181,0.53216,5258
2025-05-20 18:00:00,0.53215,0.53289,0.53171,0.53284,3744
2025-05-20 19:00:00,0.53285,0.53425,0.53243,0.53396,2094
2025-05-20 20:00:00,0.53396,0.53425,0.53297,0.53308,1979
2025-05-20 21:00:00,0.53307,0.53309,0.53191,0.53223,2342
2025-05-20 22:00:00,0.53222,0.53251,0.53195,0.53247,1776
2025-05-20 23:00:00,0.53245,0.53257,0.532,0.53202,1007
2025-05-21 00:00:00,0.53185,0.53203,0.53044,0.53145,214
2025-05-21 01:00:00,0.53134,0.53213,0.53031,0.53152,1783
2025-05-21 02:00:00,0.53152,0.53165,0.53108,0.53117,1521
2025-05-21 03:00:00,0.53115,0.53205,0.53074,0.53192,3404
2025-05-21 04:00:00,0.53193,0.53205,0.53123,0.53123,3439
2025-05-21 05:00:00,0.53124,0.53137,0.52962,0.53015,3902
2025-05-21 06:00:00,0.53016,0.53089,0.53007,0.53043,3110
2025-05-21 07:00:00,0.53044,0.53065,0.52991,0.53041,2713
2025-05-21 08:00:00,0.5304,0.53103,0.53039,0.53055,3409
2025-05-21 09:00:00,0.5305,0.53077,0.52977,0.5306,4570
2025-05-21 10:00:00,0.53059,0.53157,0.53038,0.53145,4205
2025-05-21 11:00:00,0.53143,0.53192,0.53114,0.53155,3262
2025-05-21 12:00:00,0.53154,0.53225,0.53071,0.53078,2891
2025-05-21 13:00:00,0.53079,0.53124,0.53021,0.53102,3804
2025-05-21 14:00:00,0.53104,0.53201,0.53096,0.532,3310
2025-05-21 15:00:00,0.532,0.53278,0.53114,0.53142,4223
2025-05-21 16:00:00,0.53145,0.532,0.5312,0.53192,4643
2025-05-21 17:00:00,0.53193,0.5327,0.53175,0.53237,4917
2025-05-21 18:00:00,0.53238,0.53372,0.53231,0.53347,4030
2025-05-21 19:00:00,0.53345,0.53366,0.53316,0.53333,2094
2025-05-21 20:00:00,0.53332,0.53343,0.5305,0.53111,4473
2025-05-21 21:00:00,0.53109,0.53168,0.53084,0.53143,3004
2025-05-21 22:00:00,0.53143,0.53158,0.53074,0.53115,2848
2025-05-21 23:00:00,0.53116,0.53125,0.53075,0.53104,1203
2025-05-22 00:00:00,0.53033,0.53121,0.52941,0.52983,381
2025-05-22 01:00:00,0.53003,0.53154,0.52983,0.53136,1593
2025-05-22 02:00:00,0.53139,0.53143,0.53055,0.53055,1381
2025-05-22 03:00:00,0.53056,0.53122,0.53037,0.5312,3459
2025-05-22 04:00:00,0.53121,0.53162,0.5299,0.52996,3720
2025-05-22 05:00:00,0.52994,0.53093,0.52981,0.53061,3156
2025-05-22 06:00:00,0.53062,0.53128,0.5305,0.5312,2127
2025-05-22 07:00:00,0.53122,0.5321,0.5311,0.53198,1983
2025-05-22 08:00:00,0.53197,0.53214,0.53156,0.53177,2485
2025-05-22 09:00:00,0.53173,0.53191,0.53112,0.53153,3573
2025-05-22 10:00:00,0.53152,0.53204,0.5313,0.53174,4315
2025-05-22 11:00:00,0.53171,0.53269,0.53168,0.53183,4438
2025-05-22 12:00:00,0.53182,0.53182,0.53066,0.53089,3826
2025-05-22 13:00:00,0.53088,0.531,0.53034,0.53059,2634
2025-05-22 14:00:00,0.53058,0.53113,0.53017,0.53035,3383
2025-05-22 15:00:00,0.53036,0.53133,0.52992,0.53121,4714
2025-05-22 16:00:00,0.5312,0.53137,0.53036,0.53111,5048
2025-05-22 17:00:00,0.53112,0.53182,0.53076,0.53164,5361
2025-05-22 18:00:00,0.53163,0.53198,0.53109,0.53198,4301
2025-05-22 19:00:00,0.53198,0.53215,0.53135,0.5315,2524
2025-05-22 20:00:00,0.5315,0.53231,0.53143,0.53215,2463
2025-05-22 21:00:00,0.53214,0.53218,0.53169,0.53173,1828
2025-05-22 22:00:00,0.53173,0.53183,0.53071,0.53106,1760
2025-05-22 23:00:00,0.53105,0.53124,0.53075,0.53122,1115
2025-05-23 00:00:00,0.53049,0.5315,0.53044,0.53046,371
2025-05-23 01:00:00,0.53044,0.53131,0.53044,0.53092,848
2025-05-23 02:00:00,0.53092,0.53105,0.53065,0.53085,912
2025-05-23 03:00:00,0.53084,0.53145,0.53082,0.53132,2794
2025-05-23 04:00:00,0.53133,0.53183,0.53113,0.53138,3039
2025-05-23 05:00:00,0.53139,0.53177,0.53129,0.53155,2424
2025-05-23 06:00:00,0.53155,0.53221,0.53153,0.5318,2345
2025-05-23 07:00:00,0.53181,0.53214,0.53159,0.5317,1891
2025-05-23 08:00:00,0.53169,0.53199,0.5316,0.53167,2048
2025-05-23 09:00:00,0.53171,0.53182,0.5314,0.5316,2854
2025-05-23 10:00:00,0.53159,0.53317,0.53155,0.53285,3767
2025-05-23 11:00:00,0.53284,0.53335,0.53275,0.5332,3141
2025-05-23 12:00:00,0.53321,0.53407,0.53298,0.53396,2952
2025-05-23 13:00:00,0.53397,0.53416,0.53345,0.53402,3019
2025-05-23 14:00:00,0.534,0.53423,0.52936,0.53013,6565
2025-05-23 15:00:00,0.53015,0.53172,0.52896,0.53167,7261
2025-05-23 16:00:00,0.53168,0.53182,0.53075,0.53124,5635
2025-05-23 17:00:00,0.53125,0.53267,0.53109,0.53154,5442
2025-05-23 18:00:00,0.53156,0.53249,0.53146,0.53188,4114
2025-05-23 19:00:00,0.5319,0.53275,0.5319,0.53252,2504
2025-05-23 20:00:00,0.53253,0.53346,0.53245,0.53328,2020
2025-05-23 21:00:00,0.53329,0.53345,0.53292,0.53316,2132
2025-05-23 22:00:00,0.53317,0.5334,0.53303,0.5331,1719
2025-05-23 23:00:00,0.53309,0.53341,0.53287,0.53314,1469
2025-05-26 00:00:00,0.53145,0.53224,0.53145,0.53217,115
2025-05-26 01:00:00,0.53215,0.53456,0.53215,0.53423,3056
2025-05-26 02:00:00,0.53419,0.53507,0.53408,0.53468,1714
2025-05-26 03:00:00,0.53466,0.53491,0.53424,0.53448,3589
2025-05-26 04:00:00,0.53448,0.53572,0.53428,0.53559,3629
2025-05-26 05:00:00,0.53558,0.53573,0.53494,0.53496,3239
2025-05-26 06:00:00,0.53495,0.53513,0.53478,0.53487,2414
2025-05-26 07:00:00,0.53486,0.5351,0.53454,0.53496,1764
2025-05-26 08:00:00,0.53495,0.53547,0.53491,0.53503,2071
2025-05-26 09:00:00,0.53501,0.53563,0.53481,0.53504,2990
2025-05-26 10:00:00,0.53506,0.53515,0.53416,0.53477,3129
2025-05-26 11:00:00,0.53476,0.53522,0.53471,0.53501,2463
2025-05-26 12:00:00,0.53501,0.5351,0.5339,0.53393,2228
2025-05-26 13:00:00,0.53396,0.53476,0.53386,0.53466,1699
2025-05-26 14:00:00,0.53466,0.53534,0.53451,0.53534,1761
2025-05-26 15:00:00,0.53535,0.53552,0.53486,0.53504,1947
2025-05-26 16:00:00,0.53502,0.53526,0.53382,0.53386,1910
2025-05-26 17:00:00,0.53392,0.53395,0.53293,0.5331,2090
2025-05-26 18:00:00,0.53309,0.5333,0.53275,0.53287,1565
2025-05-26 19:00:00,0.53288,0.53306,0.53224,0.53226,1066
2025-05-26 20:00:00,0.53222,0.53241,0.5322,0.53223,907
2025-05-26 21:00:00,0.53224,0.53234,0.53204,0.53205,726
2025-05-26 22:00:00,0.53206,0.53229,0.53201,0.53221,643
2025-05-26 23:00:00,0.53222,0.53263,0.53217,0.53254,605
2025-05-27 00:00:00,0.53127,0.53238,0.53105,0.53139,279
2025-05-27 01:00:00,0.53214,0.5323,0.53111,0.53197,2065
2025-05-27 02:00:00,0.53202,0.53208,0.53154,0.53155,969
2025-05-27 03:00:00,0.53149,0.53218,0.53125,0.53215,2701
2025-05-27 04:00:00,0.53215,0.53217,0.53147,0.53154,2797
2025-05-27 05:00:00,0.53153,0.53154,0.5306,0.53145,2275
2025-05-27 06:00:00,0.53144,0.53167,0.53099,0.53142,1832
2025-05-27 07:00:00,0.53141,0.53186,0.5314,0.53166,2218
2025-05-27 08:00:00,0.53167,0.53235,0.53106,0.53225,3625
2025-05-27 09:00:00,0.53228,0.53268,0.53201,0.53207,3894
2025-05-27 10:00:00,0.53208,0.53227,0.53139,0.53184,4657
2025-05-27 11:00:00,0.53187,0.53264,0.53177,0.53198,3727
2025-05-27 12:00:00,0.53199,0.53289,0.53193,0.53275,3518
2025-05-27 13:00:00,0.53276,0.53345,0.53245,0.53301,3165
2025-05-27 14:00:00,0.53301,0.53327,0.53262,0.53265,2709
2025-05-27 15:00:00,0.53264,0.53306,0.53234,0.53272,3206
2025-05-27 16:00:00,0.53271,0.5328,0.53192,0.53197,3649
2025-05-27 17:00:00,0.53188,0.53279,0.53188,0.53253,4656
2025-05-27 18:00:00,0.53254,0.53298,0.53213,0.53273,3298
2025-05-27 19:00:00,0.53274,0.5332,0.53228,0.53278,2446
2025-05-27 20:00:00,0.53276,0.53312,0.53257,0.5331,1804
2025-05-27 21:00:00,0.53313,0.53329,0.53288,0.53316,1766
2025-05-27 22:00:00,0.53314,0.53335,0.53292,0.53306,1605
2025-05-27 23:00:00,0.5331,0.5332,0.53283,0.53293,936
2025-05-28 00:00:00,0.53124,0.53276,0.53124,0.53242,874
2025-05-28 01:00:00,0.53297,0.53316,0.53216,0.53306,1021
2025-05-28 02:00:00,0.53305,0.53336,0.53295,0.53333,788
2025-05-28 03:00:00,0.53331,0.53354,0.53305,0.5334,2370
2025-05-28 04:00:00,0.53339,0.5339,0.53206,0.53221,3862
2025-05-28 05:00:00,0.53217,0.53357,0.53194,0.53342,3361
2025-05-28 06:00:00,0.5334,0.53379,0.53314,0.53352,2589
2025-05-28 07:00:00,0.53351,0.53354,0.53227,0.53229,2082
2025-05-28 08:00:00,0.53228,0.53303,0.53223,0.53261,2651
2025-05-28 09:00:00,0.53264,0.5329,0.53204,0.53229,3215
2025-05-28 10:00:00,0.53228,0.53241,0.53163,0.53186,3409
2025-05-28 11:00:00,0.53187,0.53343,0.53179,0.53284,2831
2025-05-28 12:00:00,0.53285,0.5331,0.53225,0.53277,2761
2025-05-28 13:00:00,0.53278,0.53323,0.53265,0.5332,2344
2025-05-28 14:00:00,0.5332,0.53331,0.53225,0.53242,2491
2025-05-28 15:00:00,0.53245,0.53264,0.53105,0.53127,3360
2025-05-28 16:00:00,0.53128,0.53149,0.53058,0.53083,4414
2025-05-28 17:00:00,0.53084,0.53113,0.52949,0.53069,5210
2025-05-28 18:00:00,0.53068,0.53113,0.53051,0.53104,3878
2025-05-28 19:00:00,0.53104,0.53149,0.53093,0.531,2101
2025-05-28 20:00:00,0.53101,0.53159,0.531,0.53127,1782
2025-05-28 21:00:00,0.53128,0.53154,0.53108,0.53133,2012
2025-05-28 22:00:00,0.53131,0.53162,0.53117,0.53139,1911
2025-05-28 23:00:00,0.53139,0.53166,0.53116,0.53154,1398
2025-05-29 00:00:00,0.53105,0.53124,0.52979,0.53055,302
2025-05-29 01:00:00,0.53055,0.53246,0.53033,0.53228,1182
2025-05-29 02:00:00,0.53226,0.53576,0.53218,0.53474,4716
2025-05-29 03:00:00,0.53479,0.53545,0.53439,0.5353,5644
2025-05-29 04:00:00,0.53529,0.53553,0.53382,0.53435,4293
2025-05-29 05:00:00,0.53434,0.53457,0.53356,0.53442,3494
2025-05-29 06:00:00,0.53443,0.53468,0.53401,0.53467,2907
2025-05-29 07:00:00,0.53466,0.53518,0.5344,0.53508,2482
2025-05-29 08:00:00,0.53508,0.53518,0.53448,0.53487,2668
2025-05-29 09:00:00,0.53487,0.53532,0.53427,0.53449,3927
2025-05-29 10:00:00,0.53447,0.53516,0.53375,0.53509,3622
2025-05-29 11:00:00,0.53508,0.53515,0.53393,0.53405,3208
2025-05-29 12:00:00,0.53406,0.53457,0.53373,0.53424,2554
2025-05-29 13:00:00,0.53425,0.53432,0.53315,0.53329,2874
2025-05-29 14:00:00,0.53328,0.53338,0.53258,0.53298,3087
2025-05-29 15:00:00,0.53294,0.53328,0.53205,0.53218,5695
2025-05-29 16:00:00,0.53219,0.5322,0.53033,0.53039,5158
2025-05-29 17:00:00,0.53039,0.53137,0.53012,0.53114,5249
2025-05-29 18:00:00,0.53113,0.53135,0.52983,0.52998,4028
2025-05-29 19:00:00,0.52999,0.53088,0.5298,0.53071,2751
2025-05-29 20:00:00,0.53071,0.53099,0.53012,0.53019,2234
2025-05-29 21:00:00,0.53018,0.53058,0.53001,0.5304,2081
2025-05-29 22:00:00,0.53039,0.5307,0.53025,0.53064,1950
2025-05-29 23:00:00,0.53062,0.53075,0.53001,0.53003,1011
2025-05-30 00:00:00,0.52847,0.52964,0.52826,0.52931,521
2025-05-30 01:00:00,0.5298,0.53021,0.52903,0.52992,1208
2025-05-30 02:00:00,0.52997,0.5301,0.52964,0.52968,1320
2025-05-30 03:00:00,0.52967,0.53039,0.52888,0.52981,3304
2025-05-30 04:00:00,0.52985,0.5301,0.52812,0.52868,4074
2025-05-30 05:00:00,0.52866,0.52901,0.52844,0.52898,3054
2025-05-30 06:00:00,0.52898,0.52924,0.52871,0.52891,2098
2025-05-30 07:00:00,0.52892,0.52918,0.52867,0.52914,2058
2025-05-30 08:00:00,0.52915,0.53019,0.52913,0.52948,2548
2025-05-30 09:00:00,0.52949,0.52991,0.5287,0.52878,3106
2025-05-30 10:00:00,0.52877,0.5292,0.52822,0.52878,3864
2025-05-30 11:00:00,0.52877,0.52903,0.5285,0.52852,3344
2025-05-30 12:00:00,0.5285,0.5289,0.52801,0.52875,3106
2025-05-30 13:00:00,0.52876,0.52959,0.52858,0.52932,2479
2025-05-30 14:00:00,0.52932,0.52955,0.52895,0.5291,2640
2025-05-30 15:00:00,0.52909,0.52943,0.52756,0.52824,5781
2025-05-30 16:00:00,0.52824,0.52861,0.52774,0.52802,4679
2025-05-30 17:00:00,0.52805,0.52984,0.52786,0.52858,6044
2025-05-30 18:00:00,0.52863,0.52964,0.52859,0.52938,4869
2025-05-30 19:00:00,0.52937,0.5297,0.52784,0.52821,3417
2025-05-30 20:00:00,0.52822,0.529,0.52811,0.52885,2390
2025-05-30 21:00:00,0.52885,0.52972,0.52885,0.52968,2378
2025-05-30 22:00:00,0.52965,0.53034,0.52963,0.53004,2243
2025-05-30 23:00:00,0.53006,0.53049,0.5286,0.52889,1556
2025-06-02 00:00:00,0.5286,0.52944,0.52768,0.52789,867
2025-06-02 01:00:00,0.52929,0.52996,0.52803,0.52985,1246
2025-06-02 02:00:00,0.52981,0.53015,0.5297,0.52973,1255
2025-06-02 03:00:00,0.52974,0.53053,0.52969,0.53049,3101
2025-06-02 04:00:00,0.53049,0.53155,0.53037,0.53059,3400
2025-06-02 05:00:00,0.53061,0.53151,0.53051,0.53097,2616
2025-06-02 06:00:00,0.53098,0.53107,0.53024,0.53049,2336
2025-06-02 07:00:00,0.53049,0.53095,0.53027,0.53086,1927
2025-06-02 08:00:00,0.53086,0.53097,0.5299,0.52996,2373
2025-06-02 09:00:00,0.53001,0.53052,0.52979,0.5303,2929
2025-06-02 10:00:00,0.53028,0.53129,0.53005,0.53015,4130
2025-06-02 11:00:00,0.53009,0.53068,0.52964,0.52966,3545
2025-06-02 12:00:00,0.52965,0.52969,0.52887,0.52959,3103
2025-06-02 13:00:00,0.52957,0.53042,0.52935,0.53036,2597
2025-06-02 14:00:00,0.53034,0.53057,0.52969,0.5299,2843
2025-06-02 15:00:00,0.52992,0.53079,0.52992,0.53074,3153
2025-06-02 16:00:00,0.53073,0.53085,0.52923,0.5298,4505
2025-06-02 17:00:00,0.52938,0.531,0.52873,0.53058,6042
2025-06-02 18:00:00,0.5306,0.53118,0.53034,0.5307,4089
2025-06-02 19:00:00,0.53069,0.53075,0.53019,0.53054,2374
2025-06-02 20:00:00,0.53056,0.53066,0.53019,0.53044,1968
2025-06-02 21:00:00,0.53043,0.53055,0.53007,0.53035,2246
2025-06-02 22:00:00,0.53036,0.53067,0.53029,0.53055,1781
2025-06-02 23:00:00,0.53054,0.53092,0.53052,0.53078,995
2025-06-03 00:00:00,0.52986,0.53039,0.52942,0.52977,229
2025-06-03 01:00:00,0.52977,0.53055,0.5297,0.53018,915
2025-06-03 02:00:00,0.53016,0.53041,0.52987,0.53021,1008
2025-06-03 03:00:00,0.53023,0.5306,0.5298,0.53043,2383
2025-06-03 04:00:00,0.53044,0.53073,0.52997,0.53018,3165
2025-06-03 05:00:00,0.53019,0.53033,0.52917,0.52919,2652
2025-06-03 06:00:00,0.52918,0.52959,0.52904,0.52919,2365
2025-06-03 07:00:00,0.5292,0.5293,0.52878,0.52883,1709
2025-06-03 08:00:00,0.52884,0.52901,0.52787,0.52861,2369
2025-06-03 09:00:00,0.52857,0.52885,0.52756,0.52878,3085
2025-06-03 10:00:00,0.52879,0.5289,0.52742,0.52818,3524
2025-06-03 11:00:00,0.52819,0.52887,0.52783,0.52859,3191
2025-06-03 12:00:00,0.52855,0.52898,0.52847,0.52868,2790
2025-06-03 13:00:00,0.52866,0.52965,0.52863,0.52955,2517
2025-06-03 14:00:00,0.52955,0.53041,0.52943,0.53018,2755
2025-06-03 15:00:00,0.53018,0.5312,0.53016,0.53106,3457
2025-06-03 16:00:00,0.53105,0.53159,0.53065,0.53128,4176
2025-06-03 17:00:00,0.53129,0.5328,0.53105,0.53237,5188
2025-06-03 18:00:00,0.53238,0.53269,0.53199,0.53253,3539
2025-06-03 19:00:00,0.53252,0.53254,0.53199,0.53217,2469
2025-06-03 20:00:00,0.53219,0.53286,0.53214,0.53258,1878
2025-06-03 21:00:00,0.53258,0.53279,0.53216,0.53275,1737
2025-06-03 22:00:00,0.53276,0.53282,0.5325,0.53269,1381
2025-06-03 23:00:00,0.53265,0.53279,0.53249,0.5325,828
2025-06-04 00:00:00,0.53205,0.53212,0.53043,0.53187,298
2025-06-04 01:00:00,0.53187,0.53273,0.53174,0.53234,708
2025-06-04 02:00:00,0.53236,0.53237,0.53188,0.53195,982
2025-06-04 03:00:00,0.53196,0.53215,0.53148,0.53194,2665
2025-06-04 04:00:00,0.53195,0.53275,0.53108,0.5327,3595
2025-06-04 05:00:00,0.53269,0.53318,0.53216,0.53216,2375
2025-06-04 06:00:00,0.53217,0.53276,0.53193,0.53274,1978
2025-06-04 07:00:00,0.53273,0.53278,0.53216,0.53219,2134
2025-06-04 08:00:00,0.53218,0.5325,0.53196,0.53207,2322
2025-06-04 09:00:00,0.53207,0.53231,0.5317,0.53185,3180
2025-06-04 10:00:00,0.53187,0.53251,0.53161,0.53189,3041
2025-06-04 11:00:00,0.5319,0.53246,0.5319,0.53231,2806
2025-06-04 12:00:00,0.53232,0.53349,0.53228,0.53339,2475
2025-06-04 13:00:00,0.53341,0.53378,0.53315,0.53346,2397
2025-06-04 14:00:00,0.53345,0.53421,0.53306,0.53393,2416
2025-06-04 15:00:00,0.53393,0.53412,0.53272,0.53311,4640
2025-06-04 16:00:00,0.5331,0.53367,0.53303,0.53305,4047
2025-06-04 17:00:00,0.53244,0.53302,0.5315,0.53194,5475
2025-06-04 18:00:00,0.53194,0.53217,0.531,0.53168,4085
2025-06-04 19:00:00,0.53167,0.53167,0.53101,0.53135,2698
2025-06-04 20:00:00,0.53133,0.53173,0.53126,0.53173,2129
2025-06-04 21:00:00,0.53172,0.53176,0.5313,0.53136,1957
2025-06-04 22:00:00,0.53137,0.53193,0.53132,0.53152,1839
2025-06-04 23:00:00,0.53155,0.53161,0.53114,0.53118,1023
2025-06-05 00:00:00,0.52968,0.53071,0.52962,0.53033,749
2025-06-05 01:00:00,0.53026,0.53151,0.53026,0.5312,885
2025-06-05 02:00:00,0.53123,0.53138,0.53076,0.53093,1089
2025-06-05 03:00:00,0.53092,0.53191,0.53085,0.53152,2705
2025-06-05 04:00:00,0.53152,0.53223,0.53151,0.53204,3112
2025-06-05 05:00:00,0.53203,0.53213,0.53136,0.53165,2101
2025-06-05 06:00:00,0.53164,0.53177,0.53125,0.53147,2469
2025-06-05 07:00:00,0.53147,0.5318,0.53122,0.53178,2079
2025-06-05 08:00:00,0.53178,0.53206,0.53141,0.53169,2028
2025-06-05 09:00:00,0.53169,0.53235,0.53144,0.53216,2404
2025-06-05 10:00:00,0.53213,0.53335,0.53209,0.53315,2808
2025-06-05 11:00:00,0.53318,0.5337,0.53284,0.53361,2458
2025-06-05 12:00:00,0.53363,0.53413,0.53351,0.5336,2584
2025-06-05 13:00:00,0.53361,0.53382,0.5332,0.53325,2382
2025-06-05 14:00:00,0.53327,0.53379,0.53319,0.53338,2873
2025-06-05 15:00:00,0.53338,0.53548,0.53311,0.53462,5599
2025-06-05 16:00:00,0.53462,0.53497,0.53327,0.53346,6496
2025-06-05 17:00:00,0.53345,0.53537,0.53291,0.53481,6124
2025-06-05 18:00:00,0.53483,0.53511,0.53443,0.53493,4544
2025-06-05 19:00:00,0.53494,0.53519,0.53345,0.53354,3269
2025-06-05 20:00:00,0.53354,0.5348,0.53349,0.53436,2266
2025-06-05 21:00:00,0.53435,0.53443,0.53351,0.53412,2427
2025-06-05 22:00:00,0.53411,0.53433,0.53322,0.5337,3333
2025-06-05 23:00:00,0.53368,0.53372,0.53312,0.53322,1333
2025-06-06 00:00:00,0.53272,0.5332,0.53174,0.53217,644
2025-06-06 01:00:00,0.53217,0.53334,0.53217,0.53334,919
2025-06-06 02:00:00,0.53336,0.53357,0.53316,0.53335,943
2025-06-06 03:00:00,0.53334,0.5342,0.53334,0.53387,2489
2025-06-06 04:00:00,0.53385,0.53418,0.53343,0.53349,2651
2025-06-06 05:00:00,0.5335,0.5335,0.53283,0.53293,2340
2025-06-06 06:00:00,0.53292,0.5332,0.5328,0.53315,1986
2025-06-06 07:00:00,0.53314,0.53355,0.53314,0.53347,1519
2025-06-06 08:00:00,0.53345,0.53363,0.53325,0.53349,1972
2025-06-06 09:00:00,0.53342,0.53391,0.53307,0.53361,2391
2025-06-06 10:00:00,0.53362,0.5339,0.53319,0.5334,3046
2025-06-06 11:00:00,0.5334,0.53346,0.53288,0.53343,2673
2025-06-06 12:00:00,0.53342,0.53365,0.53297,0.53305,2283
2025-06-06 13:00:00,0.53304,0.5334,0.53289,0.53332,1872
2025-06-06 14:00:00,0.53331,0.5338,0.53322,0.53363,2648
2025-06-06 15:00:00,0.53361,0.535,0.53263,0.53477,6037
2025-06-06 16:00:00,0.53476,0.53505,0.53421,0.53473,5920
2025-06-06 17:00:00,0.53475,0.53496,0.53395,0.53399,5512
2025-06-06 18:00:00,0.53399,0.53467,0.53337,0.53392,4459
2025-06-06 19:00:00,0.53393,0.53424,0.53372,0.53404,2608
2025-06-06 20:00:00,0.53405,0.53424,0.53393,0.534,1975
2025-06-06 21:00:00,0.53401,0.53422,0.5337,0.53412,2005
2025-06-06 22:00:00,0.53413,0.5342,0.53382,0.53382,1699
2025-06-06 23:00:00,0.5338,0.53438,0.53336,0.53344,954
2025-06-09 00:00:00,0.53289,0.53371,0.53285,0.53369,160
2025-06-09 01:00:00,0.53372,0.53389,0.53332,0.53368,971
2025-06-09 02:00:00,0.5337,0.53383,0.53347,0.53376,912
2025-06-09 03:00:00,0.53376,0.53477,0.5337,0.53451,1949
2025-06-09 04:00:00,0.53453,0.53491,0.53444,0.53474,2179
2025-06-09 05:00:00,0.53472,0.53489,0.53428,0.53449,2071
2025-06-09 06:00:00,0.53449,0.53494,0.53437,0.53474,1533
2025-06-09 07:00:00,0.53475,0.53478,0.53453,0.53474,1606
2025-06-09 08:00:00,0.53472,0.53516,0.53432,0.53452,1671
2025-06-09 09:00:00,0.5345,0.53482,0.53423,0.53463,1919
2025-06-09 10:00:00,0.53465,0.53493,0.53417,0.53446,2316
2025-06-09 11:00:00,0.53447,0.53539,0.53433,0.53533,2364
2025-06-09 12:00:00,0.53532,0.53546,0.53494,0.53542,2006
2025-06-09 13:00:00,0.53542,0.53562,0.53522,0.53531,1834
2025-06-09 14:00:00,0.53533,0.5357,0.53506,0.53511,2652
2025-06-09 15:00:00,0.53509,0.53541,0.53479,0.53531,2845
2025-06-09 16:00:00,0.53532,0.53535,0.53462,0.53468,3413
2025-06-09 17:00:00,0.5347,0.53575,0.53467,0.53561,3520
2025-06-09 18:00:00,0.53561,0.53563,0.53523,0.53533,2481
2025-06-09 19:00:00,0.53532,0.53571,0.53531,0.53545,1793
2025-06-09 20:00:00,0.53544,0.53565,0.53534,0.5355,1463
2025-06-09 21:00:00,0.53549,0.53587,0.53547,0.53587,1608
2025-06-09 22:00:00,0.53586,0.53586,0.53545,0.53548,1400
2025-06-09 23:00:00,0.53549,0.53552,0.53516,0.5353,747
2025-06-10 00:00:00,0.53428,0.53516,0.53398,0.53481,589
2025-06-10 01:00:00,0.53479,0.53547,0.53478,0.53536,672
2025-06-10 02:00:00,0.53536,0.53542,0.53515,0.53518,999
2025-06-10 03:00:00,0.53519,0.53554,0.53513,0.53535,2389
2025-06-10 04:00:00,0.53533,0.53633,0.53533,0.5362,3090
2025-06-10 05:00:00,0.53621,0.53645,0.53568,0.53638,2728
2025-06-10 06:00:00,0.53639,0.53689,0.53609,0.5368,2327
2025-06-10 07:00:00,0.53679,0.53694,0.53632,0.53635,1825
2025-06-10 08:00:00,0.53637,0.53646,0.5342,0.53487,3615
2025-06-10 09:00:00,0.53486,0.53521,0.5342,0.53445,4026
2025-06-10 10:00:00,0.53444,0.53472,0.53372,0.53433,4055
2025-06-10 11:00:00,0.53434,0.53495,0.53398,0.53485,2809
2025-06-10 12:00:00,0.53486,0.53528,0.53453,0.53507,2513
2025-06-10 13:00:00,0.53508,0.53544,0.53487,0.53491,2128
2025-06-10 14:00:00,0.5349,0.5355,0.53467,0.53545,2657
2025-06-10 15:00:00,0.53545,0.53588,0.53526,0.53544,2939
2025-06-10 16:00:00,0.53543,0.53615,0.53542,0.53604,3849
2025-06-10 17:00:00,0.53603,0.53661,0.5359,0.53631,3646
2025-06-10 18:00:00,0.53632,0.53683,0.53569,0.53593,3313
2025-06-10 19:00:00,0.53593,0.5365,0.53578,0.53617,1784
2025-06-10 20:00:00,0.53616,0.53631,0.53599,0.53626,1515
2025-06-10 21:00:00,0.53624,0.53658,0.53597,0.53649,1787
2025-06-10 22:00:00,0.5365,0.53683,0.53626,0.53673,1696
2025-06-10 23:00:00,0.53671,0.53691,0.53642,0.53652,836
2025-06-11 00:00:00,0.5353,0.53648,0.53526,0.53605,474
2025-06-11 01:00:00,0.53607,0.53689,0.53604,0.53686,813
2025-06-11 02:00:00,0.53685,0.53724,0.53646,0.53666,1812
2025-06-11 03:00:00,0.53663,0.53664,0.53536,0.53554,2953
2025-06-11 04:00:00,0.53553,0.53612,0.53498,0.53509,2876
2025-06-11 05:00:00,0.53508,0.53559,0.53499,0.53502,2307
2025-06-11 06:00:00,0.53501,0.53591,0.53457,0.53589,1700
2025-06-11 07:00:00,0.53589,0.53609,0.53549,0.5356,1807
2025-06-11 08:00:00,0.53561,0.53613,0.53561,0.53598,1814
2025-06-11 09:00:00,0.53599,0.53622,0.53576,0.53608,2365
2025-06-11 10:00:00,0.53609,0.53621,0.53558,0.53559,2654
2025-06-11 11:00:00,0.53557,0.53567,0.53483,0.53509,2317
2025-06-11 12:00:00,0.53511,0.53551,0.53476,0.53541,2453
2025-06-11 13:00:00,0.53542,0.5355,0.53501,0.53511,2127
2025-06-11 14:00:00,0.53509,0.53524,0.53474,0.53507,2491
2025-06-11 15:00:00,0.53504,0.53621,0.53412,0.53573,6077
2025-06-11 16:00:00,0.53572,0.53579,0.53424,0.53474,4977
2025-06-11 17:00:00,0.53475,0.53509,0.53412,0.53428,4123
2025-06-11 18:00:00,0.53426,0.53464,0.53405,0.53426,3309
2025-06-11 19:00:00,0.53426,0.53507,0.53399,0.53507,1919
2025-06-11 20:00:00,0.53508,0.53547,0.53441,0.53443,1573
2025-06-11 21:00:00,0.53443,0.53455,0.5331,0.53392,2808
2025-06-11 22:00:00,0.53394,0.53395,0.533,0.53325,1778
2025-06-11 23:00:00,0.53326,0.53352,0.53314,0.53326,922
2025-06-12 00:00:00,0.53177,0.53325,0.53172,0.53285,346
2025-06-12 01:00:00,0.53281,0.53316,0.53234,0.53287,1370
2025-06-12 02:00:00,0.53286,0.53299,0.53247,0.53266,1557
2025-06-12 03:00:00,0.53268,0.53281,0.53153,0.53165,3461
2025-06-12 04:00:00,0.53166,0.53191,0.5294,0.5303,3653
2025-06-12 05:00:00,0.53031,0.53069,0.52976,0.53042,2843
2025-06-12 06:00:00,0.53043,0.53136,0.53028,0.53091,2667
2025-06-12 07:00:00,0.53091,0.53117,0.53047,0.53048,2099
2025-06-12 08:00:00,0.5305,0.53107,0.5303,0.53048,2472
2025-06-12 09:00:00,0.53049,0.53135,0.53025,0.53044,3107
2025-06-12 10:00:00,0.53044,0.53092,0.52823,0.52824,3659
2025-06-12 11:00:00,0.52826,0.52964,0.528,0.52957,3605
2025-06-12 12:00:00,0.52956,0.52999,0.52842,0.52882,3295
2025-06-12 13:00:00,0.52883,0.52995,0.5287,0.52929,3795
2025-06-12 14:00:00,0.52929,0.52971,0.52877,0.52935,3324
2025-06-12 15:00:00,0.52936,0.52984,0.52839,0.52939,4956
2025-06-12 16:00:00,0.52938,0.5297,0.529,0.52959,4852
2025-06-12 17:00:00,0.52958,0.53084,0.52953,0.53069,4111
2025-06-12 18:00:00,0.53067,0.53143,0.52985,0.53,4107
2025-06-12 19:00:00,0.53002,0.5304,0.52979,0.53013,2446
2025-06-12 20:00:00,0.53014,0.53025,0.52972,0.52985,1912
2025-06-12 21:00:00,0.52985,0.53005,0.52947,0.52983,1295
2025-06-12 22:00:00,0.5298,0.52983,0.5294,0.52952,1248
2025-06-12 23:00:00,0.5295,0.52965,0.52894,0.52918,1113
2025-06-13 00:00:00,0.52888,0.52932,0.52832,0.52888,231
2025-06-13 01:00:00,0.52891,0.52939,0.52879,0.52909,784
2025-06-13 02:00:00,0.52909,0.52917,0.52712,0.52712,1298
2025-06-13 03:00:00,0.52718,0.52736,0.52211,0.52262,8398
2025-06-13 04:00:00,0.52263,0.5238,0.52124,0.52357,5844
2025-06-13 05:00:00,0.52355,0.52455,0.52231,0.52272,4642
2025-06-13 06:00:00,0.52271,0.52457,0.52269,0.52435,3845
2025-06-13 07:00:00,0.52436,0.52449,0.52375,0.52375,2882
2025-06-13 08:00:00,0.52375,0.52524,0.52341,0.52428,3390
2025-06-13 09:00:00,0.5242,0.52523,0.52417,0.52499,4692
2025-06-13 10:00:00,0.52498,0.52649,0.52465,0.52624,4660
2025-06-13 11:00:00,0.52626,0.5274,0.52611,0.52715,3482
2025-06-13 12:00:00,0.52717,0.52736,0.52671,0.52706,3506
2025-06-13 13:00:00,0.52708,0.52737,0.52611,0.52634,3590
2025-06-13 14:00:00,0.52635,0.52733,0.52631,0.52634,3172
2025-06-13 15:00:00,0.52633,0.52684,0.52608,0.52667,3090
2025-06-13 16:00:00,0.52668,0.52739,0.52618,0.52702,4196
2025-06-13 17:00:00,0.527,0.52783,0.52683,0.52764,4567
2025-06-13 18:00:00,0.52765,0.52884,0.52752,0.52841,3475
2025-06-13 19:00:00,0.5284,0.52884,0.52807,0.52841,2308
2025-06-13 20:00:00,0.52842,0.52843,0.52738,0.52747,2298
2025-06-13 21:00:00,0.52746,0.52767,0.52603,0.52664,2923
2025-06-13 22:00:00,0.52664,0.52694,0.52618,0.52653,2557
2025-06-13 23:00:00,0.52655,0.52678,0.52568,0.52575,1774
2025-06-16 00:00:00,0.52427,0.52681,0.52393,0.52516,784
2025-06-16 01:00:00,0.52516,0.52702,0.52503,0.52611,6317
2025-06-16 02:00:00,0.5262,0.52711,0.52597,0.52704,2924
2025-06-16 03:00:00,0.52703,0.52725,0.52673,0.52689,3325
2025-06-16 04:00:00,0.52691,0.52697,0.52536,0.52616,3554
2025-06-16 05:00:00,0.52619,0.52671,0.52598,0.52624,2916
2025-06-16 06:00:00,0.52623,0.52647,0.52553,0.5263,2833
2025-06-16 07:00:00,0.52631,0.52696,0.52631,0.52665,2228
2025-06-16 08:00:00,0.52664,0.52708,0.52653,0.52701,3077
2025-06-16 09:00:00,0.52705,0.52827,0.52702,0.52786,3461
2025-06-16 10:00:00,0.52785,0.5296,0.52783,0.52824,3269
2025-06-16 11:00:00,0.52825,0.52893,0.52824,0.5288,2755
2025-06-16 12:00:00,0.52881,0.52899,0.5283,0.52833,2387
2025-06-16 13:00:00,0.52832,0.52848,0.52792,0.52814,2152
2025-06-16 14:00:00,0.52813,0.52933,0.52796,0.52916,2559
2025-06-16 15:00:00,0.52915,0.52966,0.52901,0.52939,3305
2025-06-16 16:00:00,0.52938,0.52998,0.52897,0.52972,4408
2025-06-16 17:00:00,0.52975,0.53041,0.52958,0.53021,4913
2025-06-16 18:00:00,0.53019,0.53063,0.52992,0.53028,3360
2025-06-16 19:00:00,0.53027,0.53149,0.53012,0.53126,2099
2025-06-16 20:00:00,0.53128,0.53152,0.53101,0.53105,1778
2025-06-16 21:00:00,0.53104,0.53133,0.53091,0.53122,1656
2025-06-16 22:00:00,0.53121,0.5316,0.53113,0.53129,1971
2025-06-16 23:00:00,0.53131,0.53152,0.53079,0.53087,1016
2025-06-17 00:00:00,0.5293,0.53067,0.5293,0.52994,1129
2025-06-17 01:00:00,0.52993,0.53117,0.52993,0.53025,1774
2025-06-17 02:00:00,0.53023,0.53096,0.52947,0.52977,1879
2025-06-17 03:00:00,0.52979,0.53055,0.52935,0.53049,3817
2025-06-17 04:00:00,0.53047,0.53105,0.52983,0.53099,3350
2025-06-17 05:00:00,0.53099,0.53171,0.53059,0.53163,3295
2025-06-17 06:00:00,0.53164,0.53168,0.53099,0.53145,3093
2025-06-17 07:00:00,0.53146,0.53169,0.53091,0.53162,2605
2025-06-17 08:00:00,0.53163,0.53187,0.53102,0.53103,2732
2025-06-17 09:00:00,0.53103,0.53178,0.53088,0.53111,3546
2025-06-17 10:00:00,0.53111,0.53186,0.53081,0.53124,3923
2025-06-17 11:00:00,0.53125,0.53163,0.53072,0.53105,2887
2025-06-17 12:00:00,0.53106,0.5318,0.53034,0.53045,3258
2025-06-17 13:00:00,0.53047,0.53102,0.53045,0.53091,2343
2025-06-17 14:00:00,0.53091,0.53149,0.53087,0.53146,2704
2025-06-17 15:00:00,0.53146,0.53176,0.53068,0.53101,3946
2025-06-17 16:00:00,0.53099,0.53241,0.53088,0.53209,4136
2025-06-17 17:00:00,0.53212,0.53239,0.53057,0.53082,5109
2025-06-17 18:00:00,0.53081,0.5309,0.52944,0.53023,3766
2025-06-17 19:00:00,0.53022,0.53068,0.52922,0.52927,2906
2025-06-17 20:00:00,0.52926,0.52949,0.52782,0.5282,3444
2025-06-17 21:00:00,0.52819,0.52879,0.52789,0.52869,2949
2025-06-17 22:00:00,0.52869,0.52892,0.52845,0.52854,2202
2025-06-17 23:00:00,0.52855,0.52879,0.52845,0.52851,1481
2025-06-18 00:00:00,0.52785,0.52838,0.52656,0.52797,775
2025-06-18 01:00:00,0.52799,0.5288,0.52766,0.52855,1295
2025-06-18 02:00:00,0.52856,0.5294,0.52842,0.52935,1167
2025-06-18 03:00:00,0.52938,0.5298,0.52909,0.5295,3581
2025-06-18 04:00:00,0.5295,0.53015,0.52945,0.5295,3350
2025-06-18 05:00:00,0.5295,0.53002,0.52917,0.52964,2652
2025-06-18 06:00:00,0.52963,0.53004,0.52954,0.52995,2120
2025-06-18 07:00:00,0.52994,0.53099,0.52986,0.53096,1896
2025-06-18 08:00:00,0.53096,0.53113,0.53066,0.53073,2296
2025-06-18 09:00:00,0.53068,0.53149,0.53047,0.53053,2977
2025-06-18 10:00:00,0.53052,0.53135,0.53042,0.53052,2837
2025-06-18 11:00:00,0.53051,0.5312,0.53036,0.53095,2595
2025-06-18 12:00:00,0.53094,0.53157,0.53083,0.53152,2544
2025-06-18 13:00:00,0.53151,0.53167,0.52996,0.53004,2645
2025-06-18 14:00:00,0.53004,0.53151,0.53002,0.53127,2583
2025-06-18 15:00:00,0.53123,0.53141,0.53062,0.53076,3279
2025-06-18 16:00:00,0.53075,0.5318,0.53073,0.53126,3725
2025-06-18 17:00:00,0.53125,0.53304,0.53113,0.53283,5310
2025-06-18 18:00:00,0.53284,0.53314,0.5325,0.53276,3322
2025-06-18 19:00:00,0.53277,0.53306,0.53242,0.5327,2222
2025-06-18 20:00:00,0.53269,0.53277,0.53222,0.53222,1991
2025-06-18 21:00:00,0.53212,0.53345,0.5316,0.53241,7031
2025-06-18 22:00:00,0.5324,0.53317,0.53227,0.53281,5282
2025-06-18 23:00:00,0.5328,0.53312,0.53265,0.53275,1488
2025-06-19 00:00:00,0.53126,0.53249,0.53086,0.53182,1231
2025-06-19 01:00:00,0.53182,0.53289,0.53179,0.53272,1018
2025-06-19 02:00:00,0.5327,0.53304,0.53263,0.53292,1534
2025-06-19 03:00:00,0.53292,0.5331,0.53203,0.53215,2949
2025-06-19 04:00:00,0.53214,0.53228,0.53057,0.53171,4041
2025-06-19 05:00:00,0.5317,0.53196,0.53102,0.53153,2651
2025-06-19 06:00:00,0.53155,0.53253,0.53152,0.53214,2189
2025-06-19 07:00:00,0.53214,0.53218,0.53153,0.53181,1880
2025-06-19 08:00:00,0.53181,0.53187,0.53036,0.53047,2599
2025-06-19 09:00:00,0.53046,0.53115,0.53029,0.53113,3447
2025-06-19 10:00:00,0.53114,0.53142,0.52888,0.52916,4010
2025-06-19 11:00:00,0.52918,0.53013,0.52826,0.52835,3707
2025-06-19 12:00:00,0.52832,0.52858,0.52807,0.52834,2767
2025-06-19 13:00:00,0.52835,0.52935,0.52816,0.52856,2313
2025-06-19 14:00:00,0.52855,0.52917,0.52836,0.5287,2701
2025-06-19 15:00:00,0.52872,0.52931,0.52803,0.52827,3072
2025-06-19 16:00:00,0.52824,0.5287,0.52786,0.52814,3142
2025-06-19 17:00:00,0.52815,0.52871,0.52766,0.5285,3325
2025-06-19 18:00:00,0.5285,0.52884,0.52844,0.52857,2157
2025-06-19 19:00:00,0.52858,0.52872,0.52825,0.52831,1088
2025-06-19 20:00:00,0.52834,0.52935,0.52833,0.52935,939
2025-06-19 21:00:00,0.52939,0.52951,0.52904,0.52916,735
2025-06-19 22:00:00,0.52914,0.52914,0.52836,0.5286,1218
2025-06-19 23:00:00,0.5286,0.52902,0.52855,0.52896,724
2025-06-20 00:00:00,0.52746,0.52842,0.52648,0.52761,547
2025-06-20 01:00:00,0.52795,0.52953,0.52778,0.52944,1190
2025-06-20 02:00:00,0.52953,0.52963,0.52911,0.52944,1306
2025-06-20 03:00:00,0.52944,0.53012,0.52922,0.52928,2915
2025-06-20 04:00:00,0.52929,0.52946,0.52847,0.52867,3389
2025-06-20 05:00:00,0.52866,0.52973,0.52857,0.52971,2715
2025-06-20 06:00:00,0.52973,0.53008,0.52946,0.52978,2767
2025-06-20 07:00:00,0.52978,0.53033,0.52944,0.53012,1975
2025-06-20 08:00:00,0.53014,0.53033,0.52916,0.52974,2652
2025-06-20 09:00:00,0.52979,0.52992,0.52803,0.52827,3108
2025-06-20 10:00:00,0.5283,0.52933,0.52813,0.52923,2445
2025-06-20 11:00:00,0.52924,0.52961,0.52909,0.52932,2348
2025-06-20 12:00:00,0.52931,0.5303,0.52931,0.53011,2049
2025-06-20 13:00:00,0.53012,0.53016,0.52943,0.52995,1794
2025-06-20 14:00:00,0.52993,0.53075,0.52974,0.53008,2492
2025-06-20 15:00:00,0.53009,0.53052,0.53002,0.53024,3767
2025-06-20 16:00:00,0.53026,0.53027,0.52881,0.52903,3578
2025-06-20 17:00:00,0.52904,0.52952,0.52815,0.52871,4425
2025-06-20 18:00:00,0.52871,0.52871,0.5274,0.52757,3725
2025-06-20 19:00:00,0.52758,0.52789,0.52734,0.52741,2278
2025-06-20 20:00:00,0.5274,0.52757,0.52673,0.52737,2012
2025-06-20 21:00:00,0.52734,0.52755,0.52709,0.52739,1539
2025-06-20 22:00:00,0.5274,0.52771,0.52719,0.52755,1502
2025-06-20 23:00:00,0.52755,0.52781,0.52673,0.5268,1422
2025-06-23 00:00:00,0.52404,0.52524,0.52397,0.52451,554
2025-06-23 01:00:00,0.52451,0.52721,0.52431,0.52689,3324
2025-06-23 02:00:00,0.52687,0.52736,0.52676,0.52709,2371
2025-06-23 03:00:00,0.52707,0.52717,0.52651,0.5269,4275
2025-06-23 04:00:00,0.52689,0.52729,0.52559,0.52605,3813
2025-06-23 05:00:00,0.52606,0.52614,0.5241,0.52425,3094
2025-06-23 06:00:00,0.52424,0.52452,0.52313,0.52358,3204
2025-06-23 07:00:00,0.52359,0.52425,0.52358,0.52397,2731
2025-06-23 08:00:00,0.52398,0.52425,0.52345,0.524,3169
2025-06-23 09:00:00,0.52396,0.52453,0.52381,0.52428,3827
2025-06-23 10:00:00,0.52431,0.52522,0.52394,0.52443,4160
2025-06-23 11:00:00,0.52444,0.52473,0.52357,0.52363,3448
2025-06-23 12:00:00,0.52364,0.5238,0.5218,0.52196,4358
2025-06-23 13:00:00,0.52194,0.52274,0.52171,0.5222,3312
2025-06-23 14:00:00,0.52219,0.52241,0.52138,0.52219,3303
2025-06-23 15:00:00,0.52218,0.52322,0.52212,0.52293,3826
2025-06-23 16:00:00,0.52293,0.52352,0.52203,0.52336,4435
2025-06-23 17:00:00,0.52336,0.52444,0.52281,0.52322,6174
2025-06-23 18:00:00,0.52324,0.52368,0.52217,0.52222,4244
2025-06-23 19:00:00,0.52221,0.52283,0.52165,0.52208,4146
2025-06-23 20:00:00,0.52209,0.52415,0.52191,0.52397,3955
2025-06-23 21:00:00,0.52398,0.52445,0.52371,0.52438,2676
2025-06-23 22:00:00,0.52437,0.52451,0.52394,0.52411,1909
2025-06-23 23:00:00,0.52412,0.52495,0.52394,0.52483,1117
2025-06-24 00:00:00,0.5239,0.52427,0.52164,0.52379,461
2025-06-24 01:00:00,0.52387,0.52598,0.52386,0.52583,2087
2025-06-24 02:00:00,0.52587,0.52681,0.52555,0.52636,2204
2025-06-24 03:00:00,0.52634,0.52662,0.52568,0.52626,3983
2025-06-24 04:00:00,0.52625,0.5269,0.52585,0.52679,3763
2025-06-24 05:00:00,0.5268,0.5272,0.52636,0.52719,2937
2025-06-24 06:00:00,0.5272,0.5273,0.52647,0.5268,2489
2025-06-24 07:00:00,0.52679,0.52739,0.52649,0.52731,2324
2025-06-24 08:00:00,0.5273,0.52738,0.52691,0.52691,2574
2025-06-24 09:00:00,0.52695,0.52845,0.52664,0.52837,4322
2025-06-24 10:00:00,0.52837,0.52854,0.52691,0.52712,4923
2025-06-24 11:00:00,0.52712,0.52773,0.52703,0.52758,3851
2025-06-24 12:00:00,0.5276,0.52791,0.52722,0.52739,3211
2025-06-24 13:00:00,0.52738,0.52773,0.52716,0.52727,2454
2025-06-24 14:00:00,0.52725,0.52741,0.52619,0.52622,2820
2025-06-24 15:00:00,0.52626,0.52658,0.52535,0.52563,3566
2025-06-24 16:00:00,0.52564,0.52576,0.52444,0.52453,4706
2025-06-24 17:00:00,0.52451,0.52477,0.52386,0.52395,5791
2025-06-24 18:00:00,0.52396,0.52405,0.52277,0.523,4017
2025-06-24 19:00:00,0.523,0.52362,0.52282,0.5231,2297
2025-06-24 20:00:00,0.52311,0.52357,0.52285,0.52334,1801
2025-06-24 21:00:00,0.52335,0.52348,0.52294,0.52319,1485
2025-06-24 22:00:00,0.5232,0.52346,0.52309,0.52312,1520
2025-06-24 23:00:00,0.52314,0.52333,0.52246,0.52252,1210
2025-06-25 00:00:00,0.52107,0.52236,0.52107,0.52211,167
2025-06-25 01:00:00,0.52206,0.52276,0.52205,0.52248,880
2025-06-25 02:00:00,0.5225,0.52296,0.5222,0.52296,993
2025-06-25 03:00:00,0.52297,0.52304,0.52241,0.52278,2919
2025-06-25 04:00:00,0.52279,0.52369,0.52239,0.52331,3315
2025-06-25 05:00:00,0.5233,0.52368,0.52288,0.52366,2463
2025-06-25 06:00:00,0.52367,0.52401,0.52339,0.52343,2140
2025-06-25 07:00:00,0.52342,0.52348,0.52285,0.52323,1434
2025-06-25 08:00:00,0.52322,0.52325,0.5227,0.52296,2006
2025-06-25 09:00:00,0.52301,0.52338,0.5226,0.52328,2792
2025-06-25 10:00:00,0.52329,0.52345,0.52288,0.52317,3368
2025-06-25 11:00:00,0.52318,0.52342,0.52286,0.52326,2681
2025-06-25 12:00:00,0.52325,0.52448,0.52311,0.52382,2766
2025-06-25 13:00:00,0.52381,0.52398,0.52337,0.52391,1959
2025-06-25 14:00:00,0.5239,0.52413,0.52362,0.52403,2395
2025-06-25 15:00:00,0.52404,0.52423,0.52377,0.52394,3007
2025-06-25 16:00:00,0.52393,0.52421,0.52315,0.5233,3127
2025-06-25 17:00:00,0.52331,0.52372,0.52283,0.52324,4206
2025-06-25 18:00:00,0.52323,0.5234,0.52271,0.52295,2804
2025-06-25 19:00:00,0.52295,0.5236,0.52283,0.52352,1809
2025-06-25 20:00:00,0.52353,0.52378,0.5233,0.5235,1849
2025-06-25 21:00:00,0.52352,0.52364,0.52325,0.52342,1788
2025-06-25 22:00:00,0.52343,0.5239,0.52342,0.5239,1397
2025-06-25 23:00:00,0.52389,0.52418,0.52369,0.52415,1209
2025-06-26 00:00:00,0.52262,0.5236,0.52253,0.52314,159
2025-06-26 01:00:00,0.52314,0.52403,0.52311,0.52401,831
2025-06-26 02:00:00,0.52402,0.52439,0.52387,0.52412,1518
2025-06-26 03:00:00,0.52412,0.52422,0.52384,0.52387,2428
2025-06-26 04:00:00,0.52386,0.52409,0.52322,0.52392,3088
2025-06-26 05:00:00,0.52394,0.52475,0.52369,0.52459,2608
2025-06-26 06:00:00,0.5246,0.52483,0.52422,0.52471,2851
2025-06-26 07:00:00,0.5247,0.52479,0.52399,0.52413,2148
2025-06-26 08:00:00,0.52415,0.5244,0.52398,0.52428,2136
2025-06-26 09:00:00,0.52422,0.52456,0.52384,0.52399,3223
2025-06-26 10:00:00,0.524,0.52413,0.5232,0.52354,3499
2025-06-26 11:00:00,0.52353,0.52383,0.52263,0.5232,4182
2025-06-26 12:00:00,0.52316,0.52339,0.52266,0.52319,3297
2025-06-26 13:00:00,0.52319,0.52367,0.52289,0.52343,2674
2025-06-26 14:00:00,0.52343,0.5239,0.5231,0.52374,2986
2025-06-26 15:00:00,0.52375,0.52389,0.52277,0.52336,4454
2025-06-26 16:00:00,0.52336,0.52375,0.52241,0.52352,4990
2025-06-26 17:00:00,0.52352,0.52447,0.52343,0.52367,5332
2025-06-26 18:00:00,0.52369,0.52431,0.52349,0.52359,3944
2025-06-26 19:00:00,0.52358,0.52374,0.52333,0.52369,2019
2025-06-26 20:00:00,0.5237,0.52449,0.52368,0.52433,2111
2025-06-26 21:00:00,0.52432,0.52447,0.52397,0.52408,1639
2025-06-26 22:00:00,0.52405,0.5241,0.5236,0.52394,1709
2025-06-26 23:00:00,0.52394,0.52405,0.52372,0.52378,1318
2025-06-27 00:00:00,0.5219,0.52353,0.5219,0.52278,362
2025-06-27 01:00:00,0.52274,0.52461,0.52269,0.52448,857
2025-06-27 02:00:00,0.52447,0.5245,0.52402,0.52426,1471
2025-06-27 03:00:00,0.52425,0.52511,0.52421,0.52506,3054
2025-06-27 04:00:00,0.52507,0.52507,0.52435,0.52492,3497
2025-06-27 05:00:00,0.52493,0.5251,0.52457,0.52481,2526
2025-06-27 06:00:00,0.52482,0.52518,0.5242,0.52427,2328
2025-06-27 07:00:00,0.52428,0.5244,0.52405,0.52419,1771
2025-06-27 08:00:00,0.5242,0.52457,0.52399,0.52404,2215
2025-06-27 09:00:00,0.52402,0.52466,0.52379,0.52407,3033
2025-06-27 10:00:00,0.52407,0.52482,0.52348,0.52352,3364
2025-06-27 11:00:00,0.52354,0.52381,0.5229,0.52299,2822
2025-06-27 12:00:00,0.523,0.52304,0.52202,0.52221,2476
2025-06-27 13:00:00,0.5222,0.52223,0.5213,0.52165,2443
2025-06-27 14:00:00,0.52164,0.52239,0.52128,0.52221,2647
2025-06-27 15:00:00,0.5222,0.52254,0.52102,0.52118,4479
2025-06-27 16:00:00,0.52119,0.52213,0.52097,0.52139,4795
2025-06-27 17:00:00,0.5214,0.5224,0.52135,0.52185,4422
2025-06-27 18:00:00,0.52184,0.52223,0.52156,0.52195,3280
2025-06-27 19:00:00,0.52194,0.52228,0.52181,0.52222,1751
2025-06-27 20:00:00,0.52223,0.52266,0.521,0.52155,2556
2025-06-27 21:00:00,0.52156,0.52165,0.52088,0.52122,3008
2025-06-27 22:00:00,0.52121,0.52188,0.52117,0.5218,1708
2025-06-27 23:00:00,0.52179,0.52202,0.52095,0.521,1059
2025-06-30 00:00:00,0.52155,0.52181,0.52135,0.52169,143
2025-06-30 01:00:00,0.52174,0.52209,0.52148,0.5218,2296
2025-06-30 02:00:00,0.52179,0.52192,0.52137,0.52141,1394
2025-06-30 03:00:00,0.5214,0.52229,0.5214,0.52173,2660
2025-06-30 04:00:00,0.52171,0.52231,0.52158,0.52181,3066
2025-06-30 05:00:00,0.5218,0.52213,0.52142,0.52182,3103
2025-06-30 06:00:00,0.52182,0.52216,0.52181,0.52206,1915
2025-06-30 07:00:00,0.52206,0.52251,0.52199,0.52234,1784
2025-06-30 08:00:00,0.52233,0.52282,0.5221,0.52282,2413
2025-06-30 09:00:00,0.52285,0.52295,0.52177,0.52216,2977
2025-06-30 10:00:00,0.52217,0.52219,0.52115,0.52205,3612
2025-06-30 11:00:00,0.52205,0.52235,0.52132,0.5214,3132
2025-06-30 12:00:00,0.5214,0.52157,0.52025,0.5203,2771
2025-06-30 13:00:00,0.5203,0.52065,0.52004,0.5204,2050
2025-06-30 14:00:00,0.52038,0.52078,0.52013,0.52075,2508
2025-06-30 15:00:00,0.52075,0.52136,0.52051,0.52122,2777
2025-06-30 16:00:00,0.52121,0.52184,0.52097,0.52172,3207
2025-06-30 17:00:00,0.52171,0.52242,0.52098,0.52157,5020
2025-06-30 18:00:00,0.52156,0.52185,0.52079,0.52174,4097
2025-06-30 19:00:00,0.52175,0.5221,0.52161,0.52193,2361
2025-06-30 20:00:00,0.52194,0.522,0.52124,0.52137,1752
2025-06-30 21:00:00,0.52137,0.52193,0.52128,0.52185,1701
2025-06-30 22:00:00,0.52184,0.52226,0.52173,0.52204,1415
2025-06-30 23:00:00,0.52206,0.52211,0.52172,0.52183,1108
2025-07-01 00:00:00,0.52133,0.52168,0.52,0.52149,490
2025-07-01 01:00:00,0.52163,0.5221,0.52146,0.52196,814
2025-07-01 02:00:00,0.52195,0.52198,0.52132,0.52134,804
2025-07-01 03:00:00,0.52135,0.52137,0.52066,0.52071,2201
2025-07-01 04:00:00,0.52068,0.5207,0.51965,0.52005,2685
2025-07-01 05:00:00,0.52004,0.52048,0.51971,0.52046,2011
2025-07-01 06:00:00,0.52047,0.52062,0.52015,0.52032,1841
2025-07-01 07:00:00,0.52034,0.52089,0.52012,0.52083,1984
2025-07-01 08:00:00,0.52084,0.52127,0.52065,0.52098,2312
2025-07-01 09:00:00,0.52099,0.52106,0.52042,0.52092,2775
2025-07-01 10:00:00,0.52091,0.52133,0.52011,0.52063,3403
2025-07-01 11:00:00,0.52064,0.5208,0.51984,0.52016,3413
2025-07-01 12:00:00,0.52018,0.52019,0.51867,0.51889,3560
2025-07-01 13:00:00,0.51886,0.5195,0.51866,0.5193,2563
2025-07-01 14:00:00,0.51929,0.51954,0.51889,0.51918,2751
2025-07-01 15:00:00,0.51917,0.51981,0.51913,0.51937,3513
2025-07-01 16:00:00,0.51936,0.51961,0.51858,0.51867,3888
2025-07-01 17:00:00,0.51841,0.52099,0.51839,0.52028,5949
2025-07-01 18:00:00,0.52029,0.5213,0.52,0.52096,4242
2025-07-01 19:00:00,0.52096,0.52153,0.52094,0.52111,2698
2025-07-01 20:00:00,0.52111,0.52143,0.52087,0.52112,1847
2025-07-01 21:00:00,0.52113,0.52128,0.52094,0.52103,1308
2025-07-01 22:00:00,0.52102,0.52126,0.52057,0.52104,1969
2025-07-01 23:00:00,0.52103,0.52109,0.52063,0.52072,1175
2025-07-02 00:00:00,0.51908,0.52007,0.51752,0.51975,407
2025-07-02 01:00:00,0.51978,0.52075,0.51948,0.52068,588
2025-07-02 02:00:00,0.52067,0.52073,0.52019,0.5202,677
2025-07-02 03:00:00,0.52021,0.52049,0.52011,0.52019,2091
2025-07-02 04:00:00,0.52018,0.52031,0.51956,0.51985,2577
2025-07-02 05:00:00,0.51985,0.51991,0.51957,0.51983,1940
2025-07-02 06:00:00,0.51984,0.52043,0.51977,0.52039,1693
2025-07-02 07:00:00,0.52039,0.5209,0.52024,0.52075,1477
2025-07-02 08:00:00,0.52075,0.52104,0.52055,0.52079,1832
2025-07-02 09:00:00,0.52076,0.52104,0.52042,0.5205,2415
2025-07-02 10:00:00,0.52049,0.52111,0.52005,0.5202,3075
2025-07-02 11:00:00,0.52019,0.52028,0.51982,0.52014,2466
2025-07-02 12:00:00,0.52014,0.52067,0.52011,0.52033,2504
2025-07-02 13:00:00,0.52034,0.52056,0.5201,0.5202,2098
2025-07-02 14:00:00,0.52018,0.52064,0.51978,0.51989,2523
2025-07-02 15:00:00,0.51987,0.52029,0.51859,0.51933,5430
2025-07-02 16:00:00,0.51934,0.51984,0.51922,0.51939,4777
2025-07-02 17:00:00,0.51938,0.52071,0.51907,0.5207,4008
2025-07-02 18:00:00,0.5207,0.52121,0.52018,0.52048,3084
2025-07-02 19:00:00,0.52048,0.52075,0.52025,0.52054,2010
2025-07-02 20:00:00,0.52053,0.52098,0.5205,0.52063,1991
2025-07-02 21:00:00,0.52062,0.52096,0.52058,0.52091,1749
2025-07-02 22:00:00,0.52092,0.52138,0.5209,0.52127,1426
2025-07-02 23:00:00,0.52127,0.5215,0.52118,0.52141,1080
2025-07-03 00:00:00,0.52099,0.52114,0.52026,0.5203,256
2025-07-03 01:00:00,0.52052,0.52158,0.52048,0.52152,640
2025-07-03 02:00:00,0.52151,0.52151,0.52104,0.52107,665
2025-07-03 03:00:00,0.52108,0.52115,0.52036,0.52063,2444
2025-07-03 04:00:00,0.52062,0.52067,0.51997,0.52019,2378
2025-07-03 05:00:00,0.52018,0.52018,0.51965,0.51995,1786
2025-07-03 06:00:00,0.51994,0.52029,0.5198,0.51987,1422
2025-07-03 07:00:00,0.51986,0.52023,0.51973,0.52023,1310
2025-07-03 08:00:00,0.52025,0.52032,0.51975,0.52026,1751
2025-07-03 09:00:00,0.52026,0.52042,0.51962,0.51976,2515
2025-07-03 10:00:00,0.51978,0.52058,0.51947,0.52054,2917
2025-07-03 11:00:00,0.52056,0.52094,0.52043,0.52085,2674
2025-07-03 12:00:00,0.52085,0.52131,0.5208,0.52116,2491
2025-07-03 13:00:00,0.52116,0.52136,0.52079,0.52102,2019
2025-07-03 14:00:00,0.52102,0.52175,0.52099,0.52146,2229
2025-07-03 15:00:00,0.52143,0.52257,0.52044,0.52199,5758
2025-07-03 16:00:00,0.522,0.52308,0.52152,0.52193,5367
2025-07-03 17:00:00,0.52193,0.52312,0.52176,0.52232,5257
2025-07-03 18:00:00,0.52233,0.52282,0.52228,0.52263,3544
2025-07-03 19:00:00,0.52263,0.52281,0.52232,0.52267,1833
2025-07-03 20:00:00,0.52266,0.52279,0.52244,0.52273,855
2025-07-03 21:00:00,0.52273,0.52299,0.52256,0.52292,705
2025-07-03 22:00:00,0.52293,0.52293,0.52248,0.52263,740
2025-07-03 23:00:00,0.52265,0.52266,0.52248,0.52259,817
2025-07-04 00:00:00,0.52157,0.52251,0.52076,0.52156,408
2025-07-04 01:00:00,0.52188,0.52271,0.52184,0.52244,656
2025-07-04 02:00:00,0.52243,0.52263,0.52225,0.52231,680
2025-07-04 03:00:00,0.52232,0.52251,0.52203,0.5223,2580
2025-07-04 04:00:00,0.52229,0.52258,0.52176,0.52177,2917
2025-07-04 05:00:00,0.52177,0.52204,0.52154,0.52171,1911
2025-07-04 06:00:00,0.5217,0.52177,0.52101,0.52142,1691
2025-07-04 07:00:00,0.52143,0.52157,0.52061,0.52114,1820
2025-07-04 08:00:00,0.52113,0.52151,0.52074,0.5208,1867
2025-07-04 09:00:00,0.52079,0.52134,0.52047,0.52081,2248
2025-07-04 10:00:00,0.52082,0.52133,0.51984,0.52038,3669
2025-07-04 11:00:00,0.52039,0.52082,0.52018,0.5203,2712
2025-07-04 12:00:00,0.5203,0.52042,0.51994,0.52021,2592
2025-07-04 13:00:00,0.5202,0.52059,0.52016,0.52039,2831
2025-07-04 14:00:00,0.52038,0.5207,0.52023,0.52068,2617
2025-07-04 15:00:00,0.52069,0.52071,0.52018,0.52028,2165
2025-07-04 16:00:00,0.52029,0.52051,0.51947,0.51963,2279
2025-07-04 17:00:00,0.51964,0.51968,0.51924,0.51965,2589
2025-07-04 18:00:00,0.51965,0.51974,0.51946,0.51957,1706
2025-07-04 19:00:00,0.51957,0.51973,0.51954,0.5196,843
2025-07-04 20:00:00,0.51961,0.51978,0.51926,0.51964,5380
2025-07-04 21:00:00,0.51964,0.52002,0.51944,0.51972,5284
2025-07-04 22:00:00,0.51973,0.52079,0.51968,0.52064,8558
2025-07-04 23:00:00,0.52061,0.52078,0.51922,0.51924,6187
2025-07-07 00:00:00,0.5198,0.52038,0.51932,0.51997,564
2025-07-07 01:00:00,0.52008,0.52074,0.5196,0.52016,1092
2025-07-07 02:00:00,0.52013,0.52059,0.52004,0.52015,1049
2025-07-07 03:00:00,0.52015,0.5202,0.51892,0.51914,2809
2025-07-07 04:00:00,0.51912,0.51912,0.51816,0.51831,2860
2025-07-07 05:00:00,0.51832,0.51876,0.51803,0.51814,2672
2025-07-07 06:00:00,0.51814,0.51822,0.51741,0.5178,2367
2025-07-07 07:00:00,0.51779,0.51795,0.51686,0.517,2328
2025-07-07 08:00:00,0.51699,0.51738,0.51682,0.51734,3251
2025-07-07 09:00:00,0.5173,0.51759,0.51668,0.5175,2777
2025-07-07 10:00:00,0.51752,0.51806,0.5173,0.51796,3208
2025-07-07 11:00:00,0.51797,0.51813,0.51735,0.51737,3208
2025-07-07 12:00:00,0.51739,0.51796,0.51704,0.51795,2502
2025-07-07 13:00:00,0.51794,0.51809,0.51768,0.5179,2584
2025-07-07 14:00:00,0.51791,0.5184,0.5178,0.51826,2892
2025-07-07 15:00:00,0.51824,0.51914,0.51783,0.51884,2510
2025-07-07 16:00:00,0.51886,0.51944,0.51829,0.51915,3072
2025-07-07 17:00:00,0.51916,0.51933,0.51865,0.51907,3002
2025-07-07 18:00:00,0.51904,0.51913,0.51851,0.51888,2425
2025-07-07 19:00:00,0.5189,0.51919,0.51807,0.51828,3869
2025-07-07 20:00:00,0.51827,0.51921,0.51826,0.51863,2956
2025-07-07 21:00:00,0.51863,0.51892,0.51805,0.51881,2511
2025-07-07 22:00:00,0.51882,0.51894,0.51836,0.51862,1701
2025-07-07 23:00:00,0.5186,0.51864,0.51801,0.51808,697
2025-07-08 00:00:00,0.51757,0.51803,0.5171,0.5178,161
2025-07-08 01:00:00,0.51785,0.51843,0.51779,0.51809,753
2025-07-08 02:00:00,0.5181,0.51869,0.51791,0.51864,761
2025-07-08 03:00:00,0.51863,0.51916,0.5186,0.51898,2682
2025-07-08 04:00:00,0.51899,0.51932,0.51855,0.51873,2604
2025-07-08 05:00:00,0.51874,0.51915,0.51859,0.51896,2187
2025-07-08 06:00:00,0.51894,0.51925,0.51857,0.51862,1774
2025-07-08 07:00:00,0.51863,0.52188,0.51817,0.52082,3100
2025-07-08 08:00:00,0.52081,0.52131,0.52014,0.52106,3572
2025-07-08 09:00:00,0.5211,0.52177,0.52038,0.5204,3458
2025-07-08 10:00:00,0.52039,0.52098,0.52007,0.52083,3038
2025-07-08 11:00:00,0.52082,0.52128,0.52063,0.52097,2889
2025-07-08 12:00:00,0.52094,0.52128,0.52071,0.52081,2429
2025-07-08 13:00:00,0.5208,0.52159,0.52072,0.52156,2371
2025-07-08 14:00:00,0.52155,0.52189,0.52144,0.52169,2229
2025-07-08 15:00:00,0.52168,0.5223,0.52131,0.52214,3128
2025-07-08 16:00:00,0.52214,0.52221,0.5206,0.52094,4161
2025-07-08 17:00:00,0.52094,0.52094,0.51931,0.51995,4714
2025-07-08 18:00:00,0.51993,0.52032,0.51984,0.51994,3585
2025-07-08 19:00:00,0.51991,0.52029,0.51944,0.51997,3282
2025-07-08 20:00:00,0.51995,0.52044,0.51941,0.51968,3350
2025-07-08 21:00:00,0.51969,0.51977,0.51931,0.51956,2068
2025-07-08 22:00:00,0.51957,0.51968,0.51941,0.51951,1713
2025-07-08 23:00:00,0.51952,0.51973,0.51936,0.51942,996
2025-07-09 00:00:00,0.51994,0.51994,0.51874,0.51879,588
2025-07-09 01:00:00,0.51879,0.51967,0.51879,0.51959,504
2025-07-09 02:00:00,0.51952,0.51972,0.51921,0.51926,737
2025-07-09 03:00:00,0.51925,0.52001,0.5191,0.51966,2239
2025-07-09 04:00:00,0.51966,0.52023,0.51951,0.51996,2712
2025-07-09 05:00:00,0.51997,0.52044,0.51933,0.51957,3119
2025-07-09 06:00:00,0.51959,0.52028,0.51904,0.52027,2354
2025-07-09 07:00:00,0.5203,0.52142,0.52019,0.52098,2055
2025-07-09 08:00:00,0.52097,0.52172,0.52058,0.52067,2374
2025-07-09 09:00:00,0.52068,0.52106,0.51988,0.5209,2789
2025-07-09 10:00:00,0.52088,0.52107,0.52001,0.52014,3631
2025-07-09 11:00:00,0.52013,0.5203,0.51975,0.52,3146
2025-07-09 12:00:00,0.52001,0.52024,0.51963,0.51988,2244
2025-07-09 13:00:00,0.51989,0.51996,0.51918,0.5193,2314
2025-07-09 14:00:00,0.51929,0.51978,0.51922,0.51952,2287
2025-07-09 15:00:00,0.51951,0.52004,0.51905,0.51983,3139
2025-07-09 16:00:00,0.51985,0.52029,0.51955,0.52001,3757
2025-07-09 17:00:00,0.52003,0.52007,0.519,0.51919,3714
2025-07-09 18:00:00,0.51915,0.51968,0.5191,0.51954,2456
2025-07-09 19:00:00,0.51956,0.51985,0.51948,0.5196,1376
2025-07-09 20:00:00,0.51963,0.51995,0.51951,0.51965,1442
2025-07-09 21:00:00,0.51964,0.51982,0.51948,0.51957,1501
2025-07-09 22:00:00,0.51958,0.51975,0.51948,0.51962,1126
2025-07-09 23:00:00,0.51963,0.51972,0.51895,0.51896,875
2025-07-10 00:00:00,0.51876,0.51876,0.51756,0.51801,601
2025-07-10 01:00:00,0.51804,0.51903,0.51804,0.51879,615
2025-07-10 02:00:00,0.51878,0.51887,0.51802,0.51803,717
2025-07-10 03:00:00,0.51802,0.51882,0.5178,0.51847,2557
2025-07-10 04:00:00,0.51844,0.51884,0.51839,0.51869,2103
2025-07-10 05:00:00,0.5187,0.51987,0.5187,0.51985,1301
2025-07-10 06:00:00,0.51983,0.52014,0.51958,0.51959,1311
2025-07-10 07:00:00,0.51957,0.51974,0.51926,0.51965,1118
2025-07-10 08:00:00,0.51966,0.51996,0.51954,0.51986,1311
2025-07-10 09:00:00,0.51982,0.52107,0.5198,0.5209,1988
2025-07-10 10:00:00,0.52093,0.52145,0.52048,0.52053,2282
2025-07-10 11:00:00,0.52054,0.52133,0.52027,0.52129,1828
2025-07-10 12:00:00,0.5213,0.52163,0.52097,0.52097,1419
2025-07-10 13:00:00,0.52097,0.52165,0.52091,0.52156,1434
2025-07-10 14:00:00,0.52155,0.52193,0.52107,0.52117,1898
2025-07-10 15:00:00,0.52116,0.52194,0.52099,0.52169,2966
2025-07-10 16:00:00,0.52168,0.52213,0.52149,0.5219,3491
2025-07-10 17:00:00,0.52191,0.52294,0.52186,0.52294,4453
2025-07-10 18:00:00,0.52292,0.52382,0.52288,0.52372,2619
2025-07-10 19:00:00,0.52371,0.52443,0.52366,0.52431,1855
2025-07-10 20:00:00,0.5243,0.52441,0.52412,0.52427,1313
2025-07-10 21:00:00,0.52428,0.5248,0.52414,0.52472,1446
2025-07-10 22:00:00,0.52473,0.52495,0.52447,0.52486,1342
2025-07-10 23:00:00,0.52487,0.52506,0.52451,0.52488,761
2025-07-11 00:00:00,0.52441,0.52458,0.5219,0.52401,571
2025-07-11 01:00:00,0.52401,0.5252,0.52401,0.52509,613
2025-07-11 02:00:00,0.52508,0.52538,0.52503,0.52527,627
2025-07-11 03:00:00,0.52528,0.52543,0.52298,0.52369,4683
2025-07-11 04:00:00,0.5237,0.52572,0.52328,0.5252,3681
2025-07-11 05:00:00,0.52522,0.52554,0.52472,0.52477,2167
2025-07-11 06:00:00,0.52478,0.52523,0.52461,0.52509,1784
2025-07-11 07:00:00,0.5251,0.52513,0.52429,0.52444,1805
2025-07-11 08:00:00,0.52443,0.52493,0.52433,0.52446,2106
2025-07-11 09:00:00,0.52445,0.52524,0.52427,0.52523,2905
2025-07-11 10:00:00,0.52524,0.52528,0.52443,0.52453,2906
2025-07-11 11:00:00,0.52454,0.5247,0.52375,0.52396,2674
2025-07-11 12:00:00,0.52397,0.52423,0.52332,0.52334,2379
2025-07-11 13:00:00,0.52333,0.52441,0.52306,0.52405,2109
2025-07-11 14:00:00,0.52407,0.52464,0.52376,0.52389,2398
2025-07-11 15:00:00,0.52388,0.52446,0.52346,0.52394,3570
2025-07-11 16:00:00,0.52392,0.52441,0.52345,0.52349,4476
2025-07-11 17:00:00,0.52348,0.52477,0.52321,0.52353,4109
2025-07-11 18:00:00,0.52351,0.52394,0.52336,0.52363,2893
2025-07-11 19:00:00,0.52361,0.524,0.52311,0.52378,1960
2025-07-11 20:00:00,0.52378,0.52424,0.52374,0.52421,1221
2025-07-11 21:00:00,0.5242,0.52466,0.52408,0.52449,1291
2025-07-11 22:00:00,0.52448,0.52448,0.52397,0.52408,1345
2025-07-11 23:00:00,0.52407,0.52419,0.52282,0.52309,1138
2025-07-14 00:00:00,0.52311,0.52311,0.52171,0.52277,324
2025-07-14 01:00:00,0.52279,0.52375,0.52253,0.52365,1484
2025-07-14 02:00:00,0.52367,0.52413,0.5235,0.52385,1441
2025-07-14 03:00:00,0.52385,0.52458,0.52364,0.52383,2427
2025-07-14 04:00:00,0.52383,0.52401,0.5222,0.52298,2743
2025-07-14 05:00:00,0.52299,0.52326,0.52258,0.52323,2298
2025-07-14 06:00:00,0.52322,0.52347,0.52298,0.52338,1721
2025-07-14 07:00:00,0.52339,0.52339,0.52309,0.52315,1650
2025-07-14 08:00:00,0.52316,0.52376,0.52293,0.52309,2046
2025-07-14 09:00:00,0.52306,0.52377,0.52288,0.5234,2470
2025-07-14 10:00:00,0.52339,0.52424,0.52303,0.52417,2671
2025-07-14 11:00:00,0.52415,0.52423,0.5233,0.52333,2140
2025-07-14 12:00:00,0.52334,0.52357,0.52318,0.52343,1756
2025-07-14 13:00:00,0.52342,0.52366,0.52289,0.52298,1634
2025-07-14 14:00:00,0.52297,0.5233,0.52266,0.52266,2162
2025-07-14 15:00:00,0.52265,0.52272,0.52194,0.52204,2358
2025-07-14 16:00:00,0.52205,0.52247,0.52189,0.5224,2916
2025-07-14 17:00:00,0.52241,0.5225,0.52192,0.52218,3042
2025-07-14 18:00:00,0.52218,0.52293,0.52217,0.52235,3089
2025-07-14 19:00:00,0.52234,0.52249,0.52214,0.52236,2088
2025-07-14 20:00:00,0.52237,0.52256,0.52219,0.52241,1352
2025-07-14 21:00:00,0.52243,0.52257,0.52227,0.52245,1144
2025-07-14 22:00:00,0.52244,0.52256,0.52226,0.52247,1038
2025-07-14 23:00:00,0.5225,0.52256,0.52215,0.52227,584
2025-07-15 00:00:00,0.52157,0.52227,0.52024,0.5215,229
2025-07-15 01:00:00,0.5215,0.52231,0.52149,0.52217,617
2025-07-15 02:00:00,0.52218,0.52226,0.52194,0.52221,629
2025-07-15 03:00:00,0.52221,0.52248,0.52188,0.52195,1836
2025-07-15 04:00:00,0.52193,0.52278,0.52152,0.52257,2292
2025-07-15 05:00:00,0.5226,0.52264,0.52147,0.52154,2287
2025-07-15 06:00:00,0.52153,0.52174,0.5212,0.52168,1719
2025-07-15 07:00:00,0.52169,0.52172,0.52125,0.52146,1145
2025-07-15 08:00:00,0.52145,0.52216,0.52134,0.52203,1547
2025-07-15 09:00:00,0.52204,0.52228,0.52154,0.52161,2107
2025-07-15 10:00:00,0.5216,0.52263,0.52136,0.52258,2454
2025-07-15 11:00:00,0.52258,0.52293,0.52207,0.52249,2041
2025-07-15 12:00:00,0.52248,0.52295,0.52235,0.5225,1902
2025-07-15 13:00:00,0.52252,0.52301,0.52242,0.52284,1674
2025-07-15 14:00:00,0.52282,0.52308,0.52263,0.52265,2057
2025-07-15 15:00:00,0.52266,0.52348,0.52256,0.52322,4448
2025-07-15 16:00:00,0.5232,0.52377,0.52259,0.52287,5088
2025-07-15 17:00:00,0.52288,0.52315,0.52155,0.52191,5230
2025-07-15 18:00:00,0.52193,0.52216,0.52153,0.52182,3819
2025-07-15 19:00:00,0.52181,0.52228,0.52179,0.52191,2290
2025-07-15 20:00:00,0.52194,0.52263,0.52193,0.52259,1698
2025-07-15 21:00:00,0.52262,0.52282,0.52236,0.52247,1558
2025-07-15 22:00:00,0.52244,0.52258,0.52231,0.52236,1405
2025-07-15 23:00:00,0.52234,0.52239,0.522,0.52203,927
2025-07-16 00:00:00,0.52118,0.52182,0.52103,0.52106,947
2025-07-16 01:00:00,0.52134,0.52219,0.52134,0.52217,574
2025-07-16 02:00:00,0.52217,0.5227,0.52217,0.5224,674
2025-07-16 03:00:00,0.52241,0.52359,0.52232,0.52317,2362
2025-07-16 04:00:00,0.52319,0.52348,0.523,0.52321,2196
2025-07-16 05:00:00,0.5232,0.52321,0.5225,0.52287,1694
2025-07-16 06:00:00,0.52286,0.52329,0.52285,0.52305,1441
2025-07-16 07:00:00,0.52305,0.52324,0.52268,0.52297,1369
2025-07-16 08:00:00,0.52299,0.52313,0.52272,0.52273,1800
2025-07-16 09:00:00,0.5228,0.52323,0.52224,0.52254,2633
2025-07-16 10:00:00,0.52253,0.5229,0.52222,0.52287,2556
2025-07-16 11:00:00,0.52288,0.52305,0.52239,0.52249,2257
2025-07-16 12:00:00,0.5225,0.52288,0.52217,0.52286,2311
2025-07-16 13:00:00,0.52284,0.52297,0.52262,0.52272,1884
2025-07-16 14:00:00,0.52271,0.52452,0.5226,0.52416,2144
2025-07-16 15:00:00,0.52415,0.52422,0.52348,0.52388,4131
2025-07-16 16:00:00,0.52389,0.52445,0.52325,0.52334,4005
2025-07-16 17:00:00,0.52334,0.52374,0.52312,0.52336,4341
2025-07-16 18:00:00,0.52335,0.52353,0.52047,0.52264,9770
2025-07-16 19:00:00,0.52263,0.52272,0.52193,0.52233,4928
2025-07-16 20:00:00,0.52233,0.5225,0.5221,0.52224,2736
2025-07-16 21:00:00,0.52223,0.52268,0.52208,0.52267,1950
2025-07-16 22:00:00,0.52267,0.52289,0.52262,0.52271,1654
2025-07-16 23:00:00,0.52271,0.52294,0.52255,0.52264,977
2025-07-17 00:00:00,0.52222,0.52275,0.52148,0.52198,849
2025-07-17 01:00:00,0.52261,0.52282,0.52215,0.52256,633
2025-07-17 02:00:00,0.52253,0.52273,0.52225,0.52241,576
2025-07-17 03:00:00,0.52238,0.52256,0.52199,0.52249,2543
2025-07-17 04:00:00,0.5225,0.52304,0.52058,0.52067,3344
2025-07-17 05:00:00,0.52066,0.52066,0.51944,0.51969,2728
2025-07-17 06:00:00,0.51971,0.52079,0.51927,0.52078,2145
2025-07-17 07:00:00,0.5208,0.52087,0.52042,0.52075,1565
2025-07-17 08:00:00,0.52074,0.52107,0.52056,0.52078,2008
2025-07-17 09:00:00,0.52073,0.52087,0.52039,0.52074,3607
2025-07-17 10:00:00,0.52077,0.5208,0.51935,0.51976,3522
2025-07-17 11:00:00,0.51977,0.52002,0.51959,0.51994,2698
2025-07-17 12:00:00,0.51991,0.52016,0.51973,0.51997,2410
2025-07-17 13:00:00,0.51996,0.5203,0.51984,0.51993,2168
2025-07-17 14:00:00,0.51992,0.52002,0.51934,0.51987,2129
2025-07-17 15:00:00,0.51986,0.52071,0.51962,0.52047,3888
2025-07-17 16:00:00,0.52045,0.52129,0.52006,0.52099,3885
2025-07-17 17:00:00,0.52099,0.52147,0.52076,0.52141,3409
2025-07-17 18:00:00,0.52142,0.522,0.52137,0.52147,2647
2025-07-17 19:00:00,0.52147,0.5222,0.52136,0.52212,1869
2025-07-17 20:00:00,0.52213,0.52242,0.52207,0.52228,1594
2025-07-17 21:00:00,0.52229,0.52269,0.52225,0.52261,1148
2025-07-17 22:00:00,0.5226,0.52273,0.52158,0.52181,1391
2025-07-17 23:00:00,0.5218,0.52204,0.5217,0.52183,817
2025-07-18 00:00:00,0.52158,0.52158,0.52071,0.52126,718
2025-07-18 01:00:00,0.52129,0.52199,0.52122,0.52157,817
2025-07-18 02:00:00,0.52156,0.52171,0.52139,0.52169,723
2025-07-18 03:00:00,0.5217,0.52237,0.52157,0.52236,2042
2025-07-18 04:00:00,0.52236,0.52255,0.52194,0.52197,2151
2025-07-18 05:00:00,0.52201,0.52244,0.52189,0.52241,1688
2025-07-18 06:00:00,0.52241,0.52244,0.52178,0.52185,1557
2025-07-18 07:00:00,0.52185,0.52199,0.52161,0.52172,1313
2025-07-18 08:00:00,0.52172,0.52227,0.52169,0.52223,1436
2025-07-18 09:00:00,0.52218,0.52294,0.52206,0.52276,2094
2025-07-18 10:00:00,0.52276,0.5229,0.52213,0.52246,2208
2025-07-18 11:00:00,0.52247,0.52293,0.52236,0.52292,2334
2025-07-18 12:00:00,0.52293,0.52325,0.52278,0.52318,1833
2025-07-18 13:00:00,0.52317,0.52319,0.52267,0.52289,1794
2025-07-18 14:00:00,0.52288,0.523,0.52222,0.52222,1868
2025-07-18 15:00:00,0.52221,0.52271,0.5221,0.52231,2740
2025-07-18 16:00:00,0.52232,0.52279,0.52206,0.52224,3161
2025-07-18 17:00:00,0.52216,0.52269,0.52188,0.52193,3627
2025-07-18 18:00:00,0.52194,0.52217,0.52155,0.5221,2592
2025-07-18 19:00:00,0.52213,0.52218,0.52143,0.52145,1890
2025-07-18 20:00:00,0.52146,0.52157,0.5212,0.52154,1458
2025-07-18 21:00:00,0.52152,0.5216,0.52137,0.52156,1222
2025-07-18 22:00:00,0.52158,0.52169,0.52143,0.52157,1253
2025-07-18 23:00:00,0.5216,0.52164,0.52105,0.52157,875
2025-07-21 00:00:00,0.52004,0.52097,0.52,0.5205,838
2025-07-21 01:00:00,0.52074,0.52169,0.52062,0.52156,1610
2025-07-21 02:00:00,0.52154,0.52176,0.52144,0.52173,1065
2025-07-21 03:00:00,0.52174,0.5218,0.52104,0.52158,2133
2025-07-21 04:00:00,0.52159,0.52195,0.52139,0.52161,1890
2025-07-21 05:00:00,0.5216,0.52166,0.52104,0.52137,1734
2025-07-21 06:00:00,0.52138,0.52177,0.52136,0.5217,1413
2025-07-21 07:00:00,0.5217,0.52186,0.52151,0.52156,1344
2025-07-21 08:00:00,0.52157,0.52188,0.52144,0.5218,1657
2025-07-21 09:00:00,0.52181,0.52197,0.52137,0.52149,2649
2025-07-21 10:00:00,0.52149,0.52172,0.52107,0.52111,2760
2025-07-21 11:00:00,0.52112,0.52151,0.52089,0.52148,2522
2025-07-21 12:00:00,0.52149,0.52155,0.52119,0.52133,1971
2025-07-21 13:00:00,0.52132,0.52168,0.52108,0.52124,2035
2025-07-21 14:00:00,0.52125,0.52138,0.52083,0.52122,2455
2025-07-21 15:00:00,0.52122,0.52167,0.52113,0.52129,2340
2025-07-21 16:00:00,0.52128,0.52139,0.5206,0.52095,2480
2025-07-21 17:00:00,0.52094,0.52136,0.52042,0.52057,3719
2025-07-21 18:00:00,0.52056,0.52077,0.52032,0.52061,2741
2025-07-21 19:00:00,0.52063,0.52089,0.52039,0.52088,1635
2025-07-21 20:00:00,0.52089,0.52101,0.52067,0.52077,1114
2025-07-21 21:00:00,0.52078,0.52092,0.52068,0.52072,1179
2025-07-21 22:00:00,0.52073,0.52092,0.52058,0.52072,1198
2025-07-21 23:00:00,0.52071,0.52101,0.52037,0.52039,593
2025-07-22 00:00:00,0.52004,0.52046,0.51938,0.51975,1201
2025-07-22 01:00:00,0.52,0.52064,0.5197,0.52058,807
2025-07-22 02:00:00,0.52059,0.52112,0.52057,0.52092,696
2025-07-22 03:00:00,0.52092,0.52136,0.52012,0.52026,2242
2025-07-22 04:00:00,0.52027,0.52059,0.52009,0.52013,2112
2025-07-22 05:00:00,0.52014,0.52061,0.52012,0.5206,1645
2025-07-22 06:00:00,0.52058,0.52072,0.52018,0.52043,1739
2025-07-22 07:00:00,0.52044,0.52048,0.51979,0.5199,2121
2025-07-22 08:00:00,0.51989,0.52022,0.51968,0.51996,1980
2025-07-22 09:00:00,0.51995,0.52044,0.51957,0.51972,2234
2025-07-22 10:00:00,0.51971,0.52019,0.51838,0.51873,2473
2025-07-22 11:00:00,0.51874,0.51908,0.51863,0.5189,2706
2025-07-22 12:00:00,0.51889,0.5197,0.51888,0.5196,2309
2025-07-22 13:00:00,0.51959,0.5197,0.51893,0.51899,2187
2025-07-22 14:00:00,0.51896,0.51975,0.51894,0.5194,2287
2025-07-22 15:00:00,0.51942,0.52076,0.51941,0.52054,2986
2025-07-22 16:00:00,0.52053,0.52151,0.51982,0.52003,3833
2025-07-22 17:00:00,0.52002,0.52092,0.51963,0.52075,4431
2025-07-22 18:00:00,0.52074,0.52076,0.51914,0.51956,3755
2025-07-22 19:00:00,0.51954,0.51972,0.51904,0.51908,2301
2025-07-22 20:00:00,0.5191,0.5194,0.51899,0.51932,1729
2025-07-22 21:00:00,0.5193,0.51938,0.51904,0.51923,1206
2025-07-22 22:00:00,0.51922,0.51939,0.5191,0.51926,1040
2025-07-22 23:00:00,0.51927,0.51946,0.51901,0.51906,862
2025-07-23 00:00:00,0.5189,0.51898,0.51795,0.51843,1193
2025-07-23 01:00:00,0.51846,0.5193,0.51838,0.51921,725
2025-07-23 02:00:00,0.51922,0.52018,0.51921,0.5201,1537
2025-07-23 03:00:00,0.52012,0.52024,0.51983,0.51999,3002
2025-07-23 04:00:00,0.51998,0.5208,0.51993,0.52073,2925
2025-07-23 05:00:00,0.52072,0.52084,0.52031,0.52041,2711
2025-07-23 06:00:00,0.5204,0.52075,0.52032,0.5205,2182
2025-07-23 07:00:00,0.52052,0.52132,0.52051,0.52125,1553
2025-07-23 08:00:00,0.52123,0.5217,0.52111,0.52144,2062
2025-07-23 09:00:00,0.52145,0.52145,0.52071,0.52096,2914
2025-07-23 10:00:00,0.52097,0.52111,0.52058,0.52087,3274
2025-07-23 11:00:00,0.52085,0.52184,0.52052,0.52176,2896
2025-07-23 12:00:00,0.52175,0.52206,0.52143,0.52203,2223
2025-07-23 13:00:00,0.52202,0.52282,0.52201,0.52253,2159
2025-07-23 14:00:00,0.52254,0.52371,0.52245,0.52342,2421
2025-07-23 15:00:00,0.52343,0.52359,0.52278,0.52282,2690
2025-07-23 16:00:00,0.52283,0.52341,0.52273,0.52288,3572
2025-07-23 17:00:00,0.52289,0.52308,0.52264,0.52288,3203
2025-07-23 18:00:00,0.52287,0.52319,0.52247,0.523,3251
2025-07-23 19:00:00,0.52299,0.52339,0.52237,0.52289,3469
2025-07-23 20:00:00,0.5229,0.52333,0.52281,0.52301,2079
2025-07-23 21:00:00,0.52302,0.52334,0.52289,0.52302,1563
2025-07-23 22:00:00,0.52301,0.52315,0.52263,0.52284,1362
2025-07-23 23:00:00,0.52286,0.52331,0.52275,0.52321,1107
2025-07-24 00:00:00,0.52242,0.52294,0.52193,0.52215,635
2025-07-24 01:00:00,0.52224,0.52299,0.52216,0.52287,1161
2025-07-24 02:00:00,0.52287,0.52308,0.52266,0.52295,931
2025-07-24 03:00:00,0.52296,0.52327,0.52276,0.52321,2455
2025-07-24 04:00:00,0.5232,0.52358,0.52308,0.5232,3390
2025-07-24 05:00:00,0.5232,0.52355,0.52304,0.52339,2165
2025-07-24 06:00:00,0.5234,0.52411,0.5232,0.52392,2157
2025-07-24 07:00:00,0.52394,0.52455,0.52371,0.52451,1678
2025-07-24 08:00:00,0.52452,0.52489,0.52442,0.5246,2243
2025-07-24 09:00:00,0.5246,0.52485,0.52395,0.52429,2778
2025-07-24 10:00:00,0.5243,0.5246,0.52413,0.52452,2933
2025-07-24 11:00:00,0.52452,0.52571,0.52438,0.52556,2899
2025-07-24 12:00:00,0.52554,0.52585,0.52525,0.5256,2552
2025-07-24 13:00:00,0.52558,0.52578,0.525,0.52509,2255
2025-07-24 14:00:00,0.5251,0.52545,0.52494,0.52523,2053
2025-07-24 15:00:00,0.52521,0.52604,0.52514,0.52538,3442
2025-07-24 16:00:00,0.52538,0.5255,0.52454,0.52477,4834
2025-07-24 17:00:00,0.52477,0.52551,0.52445,0.52515,3915
2025-07-24 18:00:00,0.52514,0.52538,0.5248,0.52512,3520
2025-07-24 19:00:00,0.52511,0.52516,0.52396,0.52407,2271
2025-07-24 20:00:00,0.52405,0.52425,0.52378,0.52401,1365
2025-07-24 21:00:00,0.524,0.52437,0.52395,0.52427,1245
2025-07-24 22:00:00,0.52426,0.52429,0.52384,0.524,1281
2025-07-24 23:00:00,0.52401,0.5241,0.52365,0.52402,1320
2025-07-25 00:00:00,0.52351,0.52432,0.52287,0.52323,989
2025-07-25 01:00:00,0.5234,0.52436,0.5232,0.52422,761
2025-07-25 02:00:00,0.52423,0.5244,0.52407,0.52416,823
2025-07-25 03:00:00,0.52417,0.52464,0.52415,0.52461,2367
2025-07-25 04:00:00,0.5246,0.52466,0.52408,0.52451,2624
2025-07-25 05:00:00,0.52452,0.52458,0.52397,0.52419,2022
2025-07-25 06:00:00,0.52418,0.52437,0.52397,0.52417,1497
2025-07-25 07:00:00,0.52417,0.52432,0.52299,0.52306,1916
2025-07-25 08:00:00,0.52306,0.52383,0.52301,0.52346,2046
2025-07-25 09:00:00,0.52344,0.52379,0.52292,0.52335,3077
2025-07-25 10:00:00,0.52334,0.52345,0.52256,0.52282,3111
2025-07-25 11:00:00,0.52281,0.52297,0.52245,0.52276,3043
2025-07-25 12:00:00,0.52273,0.52299,0.52241,0.52285,2260
2025-07-25 13:00:00,0.52284,0.5231,0.52224,0.52307,2228
2025-07-25 14:00:00,0.52309,0.52338,0.52293,0.52326,2514
2025-07-25 15:00:00,0.52323,0.52347,0.52276,0.5229,2658
2025-07-25 16:00:00,0.52288,0.5231,0.52238,0.52259,5105
2025-07-25 17:00:00,0.52258,0.52309,0.52246,0.52252,4042
2025-07-25 18:00:00,0.52253,0.52269,0.5219,0.52204,2855
2025-07-25 19:00:00,0.52205,0.52226,0.52172,0.52181,1716
2025-07-25 20:00:00,0.52179,0.522,0.52168,0.52171,1313
2025-07-25 21:00:00,0.52172,0.52198,0.52162,0.52167,1189
2025-07-25 22:00:00,0.52166,0.5219,0.52153,0.52179,783
2025-07-25 23:00:00,0.52177,0.52203,0.5213,0.5216,902
2025-07-28 00:00:00,0.52292,0.52292,0.52213,0.52232,473
2025-07-28 01:00:00,0.52232,0.52295,0.52208,0.52273,1298
2025-07-28 02:00:00,0.52274,0.52287,0.52253,0.52264,1166
2025-07-28 03:00:00,0.52266,0.52316,0.52244,0.52311,3119
2025-07-28 04:00:00,0.52312,0.5233,0.5225,0.52262,2946
2025-07-28 05:00:00,0.52262,0.52321,0.5225,0.52292,2456
2025-07-28 06:00:00,0.52289,0.52301,0.52207,0.52208,1835
2025-07-28 07:00:00,0.52208,0.5224,0.52196,0.52237,1685
2025-07-28 08:00:00,0.52238,0.52252,0.52218,0.52251,1750
2025-07-28 09:00:00,0.52252,0.52252,0.52121,0.52134,3498
2025-07-28 10:00:00,0.52136,0.52162,0.52039,0.52114,4432
2025-07-28 11:00:00,0.52115,0.52122,0.52025,0.52118,3764
2025-07-28 12:00:00,0.52119,0.52207,0.52093,0.52197,3037
2025-07-28 13:00:00,0.52196,0.52319,0.52192,0.52276,3071
2025-07-28 14:00:00,0.52274,0.52318,0.52269,0.52303,3171
2025-07-28 15:00:00,0.52302,0.52318,0.52255,0.52318,3531
2025-07-28 16:00:00,0.52317,0.52375,0.52284,0.52289,3867
2025-07-28 17:00:00,0.5229,0.52345,0.52228,0.52293,3841
2025-07-28 18:00:00,0.52294,0.52308,0.5226,0.52302,3391
2025-07-28 19:00:00,0.523,0.5233,0.52294,0.52317,1895
2025-07-28 20:00:00,0.52317,0.52338,0.52279,0.52299,1442
2025-07-28 21:00:00,0.523,0.52353,0.5229,0.52338,1244
2025-07-28 22:00:00,0.52339,0.52377,0.52331,0.52374,1072
2025-07-28 23:00:00,0.52372,0.52399,0.52369,0.52391,741
2025-07-29 00:00:00,0.5233,0.52363,0.522,0.52291,610
2025-07-29 01:00:00,0.52314,0.52418,0.52314,0.52412,797
2025-07-29 02:00:00,0.52412,0.52422,0.52379,0.52383,621
2025-07-29 03:00:00,0.52381,0.52383,0.52321,0.52354,2100
2025-07-29 04:00:00,0.52356,0.52411,0.52351,0.52383,2352
2025-07-29 05:00:00,0.52384,0.52416,0.52353,0.52406,1908
2025-07-29 06:00:00,0.52405,0.52414,0.52368,0.52394,1834
2025-07-29 07:00:00,0.52395,0.52442,0.52393,0.52421,1651
2025-07-29 08:00:00,0.52422,0.52473,0.52408,0.52464,1883
2025-07-29 09:00:00,0.52471,0.52494,0.52411,0.52459,3658
2025-07-29 10:00:00,0.52458,0.52487,0.52394,0.52401,4228
2025-07-29 11:00:00,0.52399,0.52457,0.52381,0.52448,3238
2025-07-29 12:00:00,0.52447,0.52483,0.52422,0.52428,2688
2025-07-29 13:00:00,0.52426,0.52427,0.52359,0.52382,2257
2025-07-29 14:00:00,0.52382,0.5244,0.52341,0.52422,3013
2025-07-29 15:00:00,0.52421,0.52491,0.52393,0.52468,3222
2025-07-29 16:00:00,0.52469,0.52503,0.5239,0.5239,3417
2025-07-29 17:00:00,0.5239,0.5254,0.52376,0.52536,4950
2025-07-29 18:00:00,0.52536,0.52551,0.52468,0.52517,3748
2025-07-29 19:00:00,0.52519,0.52523,0.52483,0.52493,2203
2025-07-29 20:00:00,0.52494,0.52508,0.52463,0.52486,2109
2025-07-29 21:00:00,0.52487,0.52509,0.52472,0.52483,1637
2025-07-29 22:00:00,0.52482,0.5249,0.52443,0.52467,1389
2025-07-29 23:00:00,0.52468,0.52499,0.52463,0.52471,950
2025-07-30 00:00:00,0.52338,0.52439,0.5233,0.52404,564
2025-07-30 01:00:00,0.52412,0.52465,0.52399,0.52456,1093
2025-07-30 02:00:00,0.52455,0.52473,0.52431,0.52453,755
2025-07-30 03:00:00,0.5245,0.52492,0.5244,0.52469,2862
2025-07-30 04:00:00,0.52466,0.52483,0.52303,0.52413,3333
2025-07-30 05:00:00,0.52413,0.5244,0.52391,0.52433,2450
2025-07-30 06:00:00,0.52432,0.52453,0.52405,0.52452,2261
2025-07-30 07:00:00,0.52453,0.52459,0.5242,0.52441,1965
2025-07-30 08:00:00,0.52441,0.5246,0.52396,0.52449,2332
2025-07-30 09:00:00,0.52446,0.52467,0.52381,0.52399,2845
2025-07-30 10:00:00,0.52396,0.52398,0.52317,0.52321,3105
2025-07-30 11:00:00,0.52322,0.52331,0.52243,0.52287,2562
2025-07-30 12:00:00,0.52288,0.52324,0.52267,0.52311,2716
2025-07-30 13:00:00,0.52312,0.52336,0.52287,0.52314,2611
2025-07-30 14:00:00,0.52314,0.52348,0.52301,0.52313,2225
2025-07-30 15:00:00,0.52313,0.52443,0.52283,0.52389,4440
2025-07-30 16:00:00,0.52388,0.52455,0.52346,0.52395,4392
2025-07-30 17:00:00,0.52395,0.52415,0.52336,0.52367,3459
2025-07-30 18:00:00,0.52366,0.52374,0.52282,0.52319,2395
2025-07-30 19:00:00,0.5232,0.52354,0.5231,0.5232,1728
2025-07-30 20:00:00,0.5232,0.52371,0.5226,0.5226,1539
2025-07-30 21:00:00,0.52274,0.52371,0.52222,0.52299,5898
2025-07-30 22:00:00,0.52297,0.52346,0.52243,0.52325,4345
2025-07-30 23:00:00,0.52324,0.52449,0.52316,0.52419,2117
2025-07-31 00:00:00,0.52256,0.52426,0.52256,0.52389,608
2025-07-31 01:00:00,0.52384,0.52465,0.52382,0.52462,1401
2025-07-31 02:00:00,0.52461,0.52461,0.52415,0.52417,1017
2025-07-31 03:00:00,0.52415,0.52425,0.52368,0.52384,2716
2025-07-31 04:00:00,0.52383,0.52464,0.52337,0.52459,2923
2025-07-31 05:00:00,0.52457,0.52484,0.52426,0.52457,2488
2025-07-31 06:00:00,0.52457,0.52534,0.52446,0.52516,2424
2025-07-31 07:00:00,0.52515,0.52564,0.52472,0.52561,2169
2025-07-31 08:00:00,0.52559,0.52571,0.52509,0.52554,2313
2025-07-31 09:00:00,0.52553,0.52569,0.52497,0.52517,3063
2025-07-31 10:00:00,0.52518,0.5255,0.52496,0.52515,3524
2025-07-31 11:00:00,0.52514,0.52515,0.52446,0.52482,2996
2025-07-31 12:00:00,0.52482,0.52497,0.52447,0.52458,2576
2025-07-31 13:00:00,0.52457,0.52477,0.52337,0.52342,2472
2025-07-31 14:00:00,0.5234,0.52377,0.52326,0.52328,2249
2025-07-31 15:00:00,0.52327,0.52382,0.52295,0.5236,3492
2025-07-31 16:00:00,0.52359,0.52403,0.52346,0.52378,3583
2025-07-31 17:00:00,0.52377,0.52399,0.52216,0.52274,4032
2025-07-31 18:00:00,0.52276,0.52297,0.5219,0.52216,3441
2025-07-31 19:00:00,0.52214,0.52274,0.52206,0.52252,2234
2025-07-31 20:00:00,0.52251,0.52252,0.52195,0.52222,2152
2025-07-31 21:00:00,0.52222,0.52255,0.52189,0.5224,2029
2025-07-31 22:00:00,0.52242,0.52255,0.52157,0.5219,2047
2025-07-31 23:00:00,0.52191,0.52227,0.52175,0.52177,1616
2025-08-01 00:00:00,0.5218,0.52186,0.52116,0.52143,668
2025-08-01 01:00:00,0.52152,0.52218,0.52127,0.52192,1522
2025-08-01 02:00:00,0.52191,0.52336,0.52186,0.5231,1980
2025-08-01 03:00:00,0.52308,0.5232,0.52249,0.5227,2815
2025-08-01 04:00:00,0.52269,0.52358,0.52249,0.52338,2882
2025-08-01 05:00:00,0.52337,0.52349,0.52304,0.52316,2478
2025-08-01 06:00:00,0.52315,0.52379,0.52315,0.52358,1995
2025-08-01 07:00:00,0.52356,0.524,0.52349,0.52379,1675
2025-08-01 08:00:00,0.52377,0.52404,0.52356,0.52363,2084
2025-08-01 09:00:00,0.52358,0.52378,0.52276,0.52301,2506
2025-08-01 10:00:00,0.523,0.52389,0.52293,0.52373,2718
2025-08-01 11:00:00,0.52375,0.52496,0.52366,0.52467,2628
2025-08-01 12:00:00,0.52468,0.52472,0.52371,0.52417,2234
2025-08-01 13:00:00,0.52415,0.52424,0.52381,0.52411,2382
2025-08-01 14:00:00,0.52412,0.52467,0.52403,0.52416,2248
2025-08-01 15:00:00,0.52415,0.52447,0.52188,0.52198,5922
2025-08-01 16:00:00,0.52195,0.52318,0.51992,0.51992,6959
2025-08-01 17:00:00,0.51989,0.52106,0.51947,0.52099,7011
2025-08-01 18:00:00,0.52099,0.5217,0.52069,0.52163,4550
2025-08-01 19:00:00,0.52164,0.52169,0.52044,0.52052,2980
2025-08-01 20:00:00,0.52054,0.52061,0.51947,0.52031,3005
2025-08-01 21:00:00,0.52033,0.52059,0.52,0.52032,2678
2025-08-01 22:00:00,0.52031,0.52041,0.51943,0.51975,3562
2025-08-01 23:00:00,0.51974,0.5203,0.51966,0.51984,2599
2025-08-04 00:00:00,0.52067,0.52067,0.51812,0.51897,942
2025-08-04 01:00:00,0.51908,0.52016,0.51884,0.51996,2101
2025-08-04 02:00:00,0.51995,0.52028,0.51978,0.52005,1945
2025-08-04 03:00:00,0.52006,0.52205,0.51999,0.52204,3363
2025-08-04 04:00:00,0.52205,0.52255,0.52144,0.52236,3421
2025-08-04 05:00:00,0.52235,0.52239,0.52132,0.52166,2348
2025-08-04 06:00:00,0.52163,0.52188,0.52151,0.52174,2130
2025-08-04 07:00:00,0.52173,0.52209,0.52164,0.5219,1783
2025-08-04 08:00:00,0.5219,0.52246,0.52177,0.5224,2149
2025-08-04 09:00:00,0.52235,0.52364,0.52105,0.52341,3146
2025-08-04 10:00:00,0.5234,0.52378,0.52297,0.52329,3546
2025-08-04 11:00:00,0.52331,0.52408,0.52314,0.52404,3234
2025-08-04 12:00:00,0.52405,0.52448,0.52396,0.52403,2742
2025-08-04 13:00:00,0.52403,0.52427,0.52332,0.52332,2462
2025-08-04 14:00:00,0.52333,0.52344,0.52285,0.52343,2738
2025-08-04 15:00:00,0.52344,0.52366,0.52258,0.52287,3013
2025-08-04 16:00:00,0.52286,0.52371,0.52256,0.52336,3545
2025-08-04 17:00:00,0.52337,0.52394,0.52292,0.52308,3924
2025-08-04 18:00:00,0.52309,0.52322,0.52249,0.52251,3284
2025-08-04 19:00:00,0.5225,0.52284,0.52219,0.52219,2419
2025-08-04 20:00:00,0.52219,0.52247,0.52192,0.52206,2149
2025-08-04 21:00:00,0.52205,0.52227,0.52189,0.52203,2114
2025-08-04 22:00:00,0.52203,0.5226,0.52198,0.52253,1905
2025-08-04 23:00:00,0.52252,0.52279,0.52234,0.52252,1159
2025-08-05 00:00:00,0.52197,0.52284,0.52094,0.52177,1578
2025-08-05 01:00:00,0.52178,0.52261,0.52164,0.52245,1327
2025-08-05 02:00:00,0.52247,0.52265,0.52224,0.52248,1326
2025-08-05 03:00:00,0.52247,0.52347,0.52219,0.52314,2519
2025-08-05 04:00:00,0.52314,0.52342,0.52258,0.52271,2753
2025-08-05 05:00:00,0.52274,0.52277,0.52248,0.52273,2122
2025-08-05 06:00:00,0.52274,0.5228,0.52241,0.52247,1545
2025-08-05 07:00:00,0.52247,0.52325,0.52239,0.52319,1636
2025-08-05 08:00:00,0.52321,0.52331,0.52288,0.52316,1949
2025-08-05 09:00:00,0.52312,0.52362,0.52293,0.52298,2383
2025-08-05 10:00:00,0.52297,0.52323,0.52247,0.52278,2948
2025-08-05 11:00:00,0.52279,0.52355,0.52267,0.52334,3084
2025-08-05 12:00:00,0.52337,0.52378,0.52319,0.52335,2427
2025-08-05 13:00:00,0.52335,0.52368,0.52311,0.52312,2027
2025-08-05 14:00:00,0.52311,0.52351,0.52306,0.52324,2012
2025-08-05 15:00:00,0.52323,0.5237,0.52304,0.52348,3206
2025-08-05 16:00:00,0.5235,0.5236,0.52298,0.52317,3277
2025-08-05 17:00:00,0.52315,0.52334,0.52136,0.52162,5003
2025-08-05 18:00:00,0.52161,0.5223,0.52146,0.52223,3577
2025-08-05 19:00:00,0.52225,0.52265,0.52211,0.52259,2264
2025-08-05 20:00:00,0.52259,0.52303,0.52257,0.52277,1760
2025-08-05 21:00:00,0.52277,0.52279,0.52217,0.52222,1952
2025-08-05 22:00:00,0.52221,0.52258,0.52212,0.52215,1635
2025-08-05 23:00:00,0.52215,0.52252,0.52213,0.52248,1018
2025-08-06 00:00:00,0.52244,0.52244,0.52104,0.52161,1299
2025-08-06 01:00:00,0.52164,0.52245,0.5216,0.52231,1468
2025-08-06 02:00:00,0.52228,0.52255,0.52221,0.52221,1157
2025-08-06 03:00:00,0.52219,0.52314,0.52216,0.52289,2378
2025-08-06 04:00:00,0.52289,0.52334,0.52275,0.52323,2268
2025-08-06 05:00:00,0.52323,0.5236,0.52312,0.52345,2023
2025-08-06 06:00:00,0.52347,0.52372,0.52336,0.52338,1385
2025-08-06 07:00:00,0.52337,0.52387,0.52336,0.52382,1245
2025-08-06 08:00:00,0.52384,0.52394,0.52329,0.52344,1429
2025-08-06 09:00:00,0.52347,0.52409,0.52329,0.52389,2124
2025-08-06 10:00:00,0.52391,0.52488,0.52386,0.52462,2440
2025-08-06 11:00:00,0.52463,0.52509,0.52454,0.525,2195
2025-08-06 12:00:00,0.52501,0.52515,0.52454,0.52456,2238
2025-08-06 13:00:00,0.52454,0.52485,0.52417,0.52479,2614
2025-08-06 14:00:00,0.52479,0.52502,0.5246,0.52487,2013
2025-08-06 15:00:00,0.52488,0.52508,0.52414,0.52439,2416
2025-08-06 16:00:00,0.52438,0.52463,0.52396,0.52397,2987
2025-08-06 17:00:00,0.52398,0.52451,0.52358,0.52426,3311
2025-08-06 18:00:00,0.52427,0.52437,0.52358,0.52358,3381
2025-08-06 19:00:00,0.52357,0.52485,0.52325,0.52441,2822
2025-08-06 20:00:00,0.5244,0.52498,0.52421,0.52478,2267
2025-08-06 21:00:00,0.52479,0.52483,0.52427,0.52443,1975
2025-08-06 22:00:00,0.52442,0.52469,0.52438,0.52457,1547
2025-08-06 23:00:00,0.52458,0.52464,0.5239,0.52436,1431
2025-08-07 00:00:00,0.52312,0.52433,0.52312,0.52375,842
2025-08-07 01:00:00,0.52363,0.52442,0.52328,0.52425,921
2025-08-07 02:00:00,0.52427,0.52448,0.52385,0.52386,1128
2025-08-07 03:00:00,0.52385,0.52446,0.52382,0.52392,2439
2025-08-07 04:00:00,0.52393,0.52475,0.52374,0.52452,2428
2025-08-07 05:00:00,0.52454,0.52461,0.52412,0.5242,1839
2025-08-07 06:00:00,0.5242,0.52462,0.52414,0.52447,1881
2025-08-07 07:00:00,0.52447,0.52462,0.52433,0.52455,1764
2025-08-07 08:00:00,0.52456,0.52492,0.52443,0.52468,1857
2025-08-07 09:00:00,0.52461,0.52533,0.52455,0.52489,2458
2025-08-07 10:00:00,0.5249,0.52598,0.5248,0.52594,2799
2025-08-07 11:00:00,0.52595,0.52713,0.52589,0.5262,3274
2025-08-07 12:00:00,0.52621,0.52662,0.52592,0.52595,2460
2025-08-07 13:00:00,0.52596,0.52623,0.52574,0.52612,2567
2025-08-07 14:00:00,0.52613,0.52749,0.52595,0.52737,3487
2025-08-07 15:00:00,0.52738,0.52749,0.5267,0.52721,3301
2025-08-07 16:00:00,0.52722,0.52754,0.52593,0.52618,3793
2025-08-07 17:00:00,0.52619,0.5262,0.52476,0.52481,4678
2025-08-07 18:00:00,0.52481,0.5251,0.52468,0.52482,3096
2025-08-07 19:00:00,0.52481,0.52511,0.52441,0.52467,2146
2025-08-07 20:00:00,0.52468,0.52532,0.52457,0.52515,2417
2025-08-07 21:00:00,0.52517,0.52524,0.52484,0.52513,1780
2025-08-07 22:00:00,0.52515,0.52546,0.52501,0.52545,2530
2025-08-07 23:00:00,0.52544,0.52597,0.52532,0.52595,1575
2025-08-08 00:00:00,0.52595,0.52626,0.52401,0.52511,1319
2025-08-08 01:00:00,0.52513,0.52619,0.52508,0.52567,1109
2025-08-08 02:00:00,0.5257,0.52594,0.52561,0.52565,978
2025-08-08 03:00:00,0.52565,0.52596,0.52546,0.52568,2340
2025-08-08 04:00:00,0.52569,0.52611,0.52549,0.52577,2173
2025-08-08 05:00:00,0.52577,0.52621,0.5257,0.52616,1741
2025-08-08 06:00:00,0.52617,0.52624,0.52587,0.52606,1617
2025-08-08 07:00:00,0.52604,0.52621,0.52595,0.52609,1300
2025-08-08 08:00:00,0.52609,0.52661,0.52593,0.52641,1656
2025-08-08 09:00:00,0.52643,0.52701,0.52625,0.52689,1970
2025-08-08 10:00:00,0.52688,0.52741,0.52679,0.52708,2745
2025-08-08 11:00:00,0.5271,0.5277,0.52688,0.52708,2550
2025-08-08 12:00:00,0.52707,0.52719,0.52665,0.52699,2413
2025-08-08 13:00:00,0.527,0.52733,0.52676,0.52712,1983
2025-08-08 14:00:00,0.52712,0.52721,0.5269,0.52696,1805
2025-08-08 15:00:00,0.52695,0.52708,0.52613,0.52635,2532
2025-08-08 16:00:00,0.52636,0.52697,0.52621,0.52686,2610
2025-08-08 17:00:00,0.52686,0.52693,0.52649,0.52681,3029
2025-08-08 18:00:00,0.52684,0.52721,0.52636,0.52684,2533
2025-08-08 19:00:00,0.52684,0.52729,0.52677,0.52716,1874
2025-08-08 20:00:00,0.52718,0.52741,0.52695,0.52723,1438
2025-08-08 21:00:00,0.52722,0.52744,0.5271,0.52731,1960
2025-08-08 22:00:00,0.52729,0.52732,0.52693,0.52713,1664
2025-08-08 23:00:00,0.52712,0.52718,0.52637,0.52657,1329
2025-08-11 00:00:00,0.5268,0.52683,0.52594,0.52609,547
2025-08-11 01:00:00,0.52645,0.52696,0.52608,0.52689,799
2025-08-11 02:00:00,0.52688,0.52689,0.52617,0.52617,1153
2025-08-11 03:00:00,0.52617,0.52663,0.5261,0.52623,2187
2025-08-11 04:00:00,0.52621,0.52657,0.52604,0.52625,2374
2025-08-11 05:00:00,0.52626,0.52648,0.52605,0.52628,1684
2025-08-11 06:00:00,0.52627,0.52636,0.52598,0.52629,1700
2025-08-11 07:00:00,0.52628,0.52635,0.52597,0.52609,1302
2025-08-11 08:00:00,0.52609,0.5262,0.52588,0.52618,1441
2025-08-11 09:00:00,0.52616,0.5266,0.52602,0.52636,1767
2025-08-11 10:00:00,0.52635,0.52663,0.52598,0.52638,2539
2025-08-11 11:00:00,0.52637,0.52723,0.52635,0.52708,2321
2025-08-11 12:00:00,0.52708,0.5277,0.527,0.52761,2061
2025-08-11 13:00:00,0.52762,0.52817,0.52758,0.5279,1772
2025-08-11 14:00:00,0.52788,0.52805,0.5277,0.52798,2219
2025-08-11 15:00:00,0.52797,0.52806,0.52741,0.52793,2585
2025-08-11 16:00:00,0.52794,0.52845,0.52771,0.52844,2882
2025-08-11 17:00:00,0.52846,0.5291,0.52833,0.52854,3113
2025-08-11 18:00:00,0.52854,0.5293,0.52843,0.52925,2723
2025-08-11 19:00:00,0.52922,0.52951,0.52905,0.52915,1868
2025-08-11 20:00:00,0.52915,0.52927,0.52888,0.52905,1688
2025-08-11 21:00:00,0.52905,0.52927,0.52901,0.52919,1589
2025-08-11 22:00:00,0.52918,0.5292,0.52865,0.52908,1376
2025-08-11 23:00:00,0.52909,0.5291,0.52881,0.52903,938
2025-08-12 00:00:00,0.52887,0.52901,0.52784,0.5281,529
2025-08-12 01:00:00,0.5283,0.52926,0.5283,0.5292,893
2025-08-12 02:00:00,0.52919,0.52925,0.52883,0.52887,776
2025-08-12 03:00:00,0.52886,0.52945,0.52885,0.52913,2075
2025-08-12 04:00:00,0.52909,0.52911,0.52842,0.52845,2282
2025-08-12 05:00:00,0.52846,0.52901,0.52845,0.52894,1753
2025-08-12 06:00:00,0.52893,0.52918,0.52876,0.52876,1531
2025-08-12 07:00:00,0.52875,0.52887,0.52746,0.5283,2580
2025-08-12 08:00:00,0.52831,0.52844,0.52661,0.52694,3131
2025-08-12 09:00:00,0.52693,0.52759,0.52671,0.52736,2755
2025-08-12 10:00:00,0.52735,0.52761,0.52639,0.5266,2925
2025-08-12 11:00:00,0.52662,0.5267,0.52532,0.52585,2680
2025-08-12 12:00:00,0.52586,0.52648,0.52571,0.52622,2385
2025-08-12 13:00:00,0.52621,0.52661,0.52613,0.52621,1933
2025-08-12 14:00:00,0.52623,0.52642,0.52594,0.52621,2251
2025-08-12 15:00:00,0.5262,0.52669,0.52588,0.52664,5026
2025-08-12 16:00:00,0.52665,0.52693,0.52615,0.52626,5577
2025-08-12 17:00:00,0.52625,0.5273,0.52614,0.52724,4703
2025-08-12 18:00:00,0.52723,0.52793,0.52723,0.52776,4267
2025-08-12 19:00:00,0.52777,0.52779,0.52722,0.52727,2775
2025-08-12 20:00:00,0.52726,0.52741,0.52705,0.52738,2030
2025-08-12 21:00:00,0.52736,0.52752,0.52694,0.52714,1610
2025-08-12 22:00:00,0.52714,0.52721,0.52637,0.5265,1634
2025-08-12 23:00:00,0.52651,0.52683,0.52643,0.5265,1066
2025-08-13 00:00:00,0.52576,0.52629,0.52524,0.52607,1178
2025-08-13 01:00:00,0.52609,0.52648,0.52609,0.52633,954
2025-08-13 02:00:00,0.52633,0.52651,0.52631,0.52637,806
2025-08-13 03:00:00,0.52638,0.52656,0.5262,0.52622,1780
2025-08-13 04:00:00,0.5262,0.52635,0.52557,0.52598,2067
2025-08-13 05:00:00,0.52599,0.52684,0.5259,0.52661,1637
2025-08-13 06:00:00,0.52663,0.52664,0.52641,0.52651,1457
2025-08-13 07:00:00,0.5265,0.52702,0.52645,0.5267,1590
2025-08-13 08:00:00,0.52672,0.5269,0.52649,0.52676,1601
2025-08-13 09:00:00,0.52672,0.52747,0.52639,0.52725,2222
2025-08-13 10:00:00,0.52726,0.52744,0.52631,0.5264,2598
2025-08-13 11:00:00,0.52641,0.52643,0.52583,0.52623,2591
2025-08-13 12:00:00,0.52623,0.5267,0.52577,0.52668,2241
2025-08-13 13:00:00,0.52672,0.52692,0.52643,0.52685,1942
2025-08-13 14:00:00,0.52683,0.52684,0.52636,0.52641,1971
2025-08-13 15:00:00,0.5264,0.52663,0.52593,0.52643,2366
2025-08-13 16:00:00,0.52643,0.52699,0.52629,0.52686,2513
2025-08-13 17:00:00,0.52687,0.52714,0.52631,0.52671,3079
2025-08-13 18:00:00,0.52672,0.52676,0.52618,0.52636,2478
2025-08-13 19:00:00,0.52637,0.52684,0.52631,0.5267,1665
2025-08-13 20:00:00,0.52669,0.52684,0.52641,0.52657,1522
2025-08-13 21:00:00,0.52657,0.52697,0.52654,0.52682,1270
2025-08-13 22:00:00,0.52683,0.52716,0.52681,0.52706,1113
2025-08-13 23:00:00,0.52707,0.5272,0.52703,0.52716,723
2025-08-14 00:00:00,0.52585,0.52682,0.52556,0.52586,1028
2025-08-14 01:00:00,0.52598,0.52713,0.52598,0.52706,1041
2025-08-14 02:00:00,0.52705,0.52733,0.5269,0.52718,865
2025-08-14 03:00:00,0.52717,0.52766,0.52714,0.52744,2462
2025-08-14 04:00:00,0.52745,0.52857,0.52716,0.52836,2651
2025-08-14 05:00:00,0.52836,0.52841,0.52779,0.52815,2322
2025-08-14 06:00:00,0.52815,0.52815,0.52738,0.52741,1907
2025-08-14 07:00:00,0.52742,0.52769,0.52728,0.52747,1448
2025-08-14 08:00:00,0.52748,0.52782,0.52726,0.52751,2027
2025-08-14 09:00:00,0.52746,0.5279,0.52693,0.52711,2711
2025-08-14 10:00:00,0.52709,0.52752,0.52652,0.52682,2826
2025-08-14 11:00:00,0.52684,0.52712,0.52634,0.52638,2414
2025-08-14 12:00:00,0.52637,0.52669,0.52622,0.52636,2217
2025-08-14 13:00:00,0.52636,0.52638,0.52562,0.52574,2181
2025-08-14 14:00:00,0.52575,0.52596,0.52527,0.52548,1948
2025-08-14 15:00:00,0.52547,0.52565,0.52466,0.52471,4255
2025-08-14 16:00:00,0.5247,0.52489,0.52406,0.52436,4274
2025-08-14 17:00:00,0.52437,0.52537,0.52427,0.52472,3838
2025-08-14 18:00:00,0.52472,0.52483,0.52409,0.52412,3268
2025-08-14 19:00:00,0.52414,0.52502,0.52409,0.5247,2524
2025-08-14 20:00:00,0.52471,0.52499,0.52469,0.52495,1881
2025-08-14 21:00:00,0.52496,0.5251,0.52467,0.52503,1793
2025-08-14 22:00:00,0.52503,0.52505,0.52451,0.52467,1524
2025-08-14 23:00:00,0.52466,0.52468,0.52436,0.52444,1055
2025-08-15 00:00:00,0.52363,0.52459,0.52282,0.52428,612
2025-08-15 01:00:00,0.52427,0.52489,0.52413,0.52472,979
2025-08-15 02:00:00,0.52471,0.52489,0.52458,0.52468,766
2025-08-15 03:00:00,0.5247,0.52498,0.52438,0.52477,2027
2025-08-15 04:00:00,0.52478,0.52503,0.52427,0.5245,2175
2025-08-15 05:00:00,0.52449,0.52456,0.52373,0.5242,1926
2025-08-15 06:00:00,0.5242,0.52461,0.5242,0.52458,1583
2025-08-15 07:00:00,0.52457,0.52469,0.52416,0.52427,1256
2025-08-15 08:00:00,0.52426,0.52442,0.52409,0.52425,1488
2025-08-15 09:00:00,0.52422,0.52487,0.52417,0.52464,2095
2025-08-15 10:00:00,0.52466,0.52499,0.52428,0.52447,2191
2025-08-15 11:00:00,0.52447,0.52465,0.52398,0.52406,2135
2025-08-15 12:00:00,0.52407,0.52418,0.52386,0.52407,2177
2025-08-15 13:00:00,0.52405,0.5249,0.52402,0.52488,1957
2025-08-15 14:00:00,0.52487,0.52501,0.52472,0.52482,1740
2025-08-15 15:00:00,0.52481,0.52506,0.52443,0.52478,3270
2025-08-15 16:00:00,0.52478,0.52519,0.52467,0.52504,3582
2025-08-15 17:00:00,0.52505,0.52505,0.52442,0.52493,3643
2025-08-15 18:00:00,0.52492,0.5254,0.52479,0.52501,2716
2025-08-15 19:00:00,0.525,0.52525,0.52486,0.52493,1807
2025-08-15 20:00:00,0.52492,0.52494,0.52438,0.52454,1581
2025-08-15 21:00:00,0.52454,0.52464,0.52436,0.52441,1434
2025-08-15 22:00:00,0.52441,0.5249,0.52436,0.52485,1322
2025-08-15 23:00:00,0.52485,0.52514,0.52437,0.52447,1352
2025-08-18 00:00:00,0.5234,0.52424,0.52326,0.52406,555
2025-08-18 01:00:00,0.52416,0.52508,0.52411,0.52499,1085
2025-08-18 02:00:00,0.52499,0.52526,0.52497,0.5252,930
2025-08-18 03:00:00,0.52519,0.52561,0.525,0.52532,1716
2025-08-18 04:00:00,0.52532,0.5258,0.52532,0.52554,1818
2025-08-18 05:00:00,0.52555,0.52555,0.52519,0.52535,1490
2025-08-18 06:00:00,0.52534,0.52565,0.52527,0.52561,1440
2025-08-18 07:00:00,0.5256,0.52569,0.52543,0.52549,1462
2025-08-18 08:00:00,0.52549,0.5259,0.52529,0.52529,1584
2025-08-18 09:00:00,0.52533,0.52547,0.52462,0.52466,1878
2025-08-18 10:00:00,0.52464,0.52541,0.52464,0.52539,2497
2025-08-18 11:00:00,0.52538,0.52606,0.52524,0.52585,2701
2025-08-18 12:00:00,0.52584,0.52617,0.52573,0.52577,2406
2025-08-18 13:00:00,0.52579,0.52584,0.52536,0.52546,1820
2025-08-18 14:00:00,0.52547,0.5255,0.52522,0.52539,1484
2025-08-18 15:00:00,0.52537,0.52581,0.52518,0.52538,2005
2025-08-18 16:00:00,0.52535,0.52551,0.52461,0.52464,2280
2025-08-18 17:00:00,0.52465,0.52479,0.5233,0.52354,2743
2025-08-18 18:00:00,0.52353,0.52382,0.5232,0.52381,2244
2025-08-18 19:00:00,0.5238,0.52415,0.52367,0.52381,1640
2025-08-18 20:00:00,0.5238,0.52422,0.52373,0.52414,1507
2025-08-18 21:00:00,0.52414,0.5242,0.5238,0.5241,1343
2025-08-18 22:00:00,0.52409,0.52423,0.524,0.52413,1105
2025-08-18 23:00:00,0.52414,0.52419,0.52388,0.52409,823
2025-08-19 00:00:00,0.52371,0.52418,0.52329,0.52374,780
2025-08-19 01:00:00,0.52377,0.5243,0.52362,0.5242,970
2025-08-19 02:00:00,0.52419,0.52446,0.52403,0.52436,925
2025-08-19 03:00:00,0.52435,0.5245,0.52413,0.52429,1840
2025-08-19 04:00:00,0.52429,0.52444,0.52391,0.52415,2385
2025-08-19 05:00:00,0.52414,0.52426,0.52376,0.52418,1825
2025-08-19 06:00:00,0.52419,0.52432,0.52376,0.52376,1923
2025-08-19 07:00:00,0.52377,0.52397,0.52368,0.52374,1488
2025-08-19 08:00:00,0.52375,0.52387,0.523,0.52304,1857
2025-08-19 09:00:00,0.52303,0.52365,0.52298,0.52317,2143
2025-08-19 10:00:00,0.52317,0.52356,0.5223,0.52261,2809
2025-08-19 11:00:00,0.52266,0.52286,0.52234,0.5226,2034
2025-08-19 12:00:00,0.5226,0.52308,0.52259,0.52286,1883
2025-08-19 13:00:00,0.52289,0.52292,0.52242,0.52246,1863
2025-08-19 14:00:00,0.52244,0.52299,0.52237,0.5229,1646
2025-08-19 15:00:00,0.52289,0.52293,0.52225,0.52233,2259
2025-08-19 16:00:00,0.52234,0.52236,0.52165,0.52172,2686
2025-08-19 17:00:00,0.52171,0.52194,0.52107,0.52118,2761
2025-08-19 18:00:00,0.52119,0.52131,0.52093,0.52115,2388
2025-08-19 19:00:00,0.52115,0.52139,0.52101,0.52117,1781
2025-08-19 20:00:00,0.52115,0.52141,0.52099,0.52131,1645
2025-08-19 21:00:00,0.5213,0.52132,0.52094,0.52103,1557
2025-08-19 22:00:00,0.52101,0.52123,0.52089,0.52118,1443
2025-08-19 23:00:00,0.52119,0.52138,0.52112,0.5212,796
2025-08-20 00:00:00,0.52078,0.52154,0.52008,0.52033,683
2025-08-20 01:00:00,0.5206,0.52135,0.5206,0.52122,1321
2025-08-20 02:00:00,0.52116,0.5214,0.52109,0.52132,979
2025-08-20 03:00:00,0.52131,0.52181,0.5213,0.52156,2037
2025-08-20 04:00:00,0.52157,0.52181,0.52118,0.5215,2196
2025-08-20 05:00:00,0.52151,0.52153,0.52018,0.52048,2825
2025-08-20 06:00:00,0.52047,0.52071,0.51995,0.51997,2225
2025-08-20 07:00:00,0.51996,0.52095,0.51995,0.52089,1467
2025-08-20 08:00:00,0.5209,0.52116,0.52061,0.52115,1709
2025-08-20 09:00:00,0.52118,0.52125,0.52022,0.52077,2587
2025-08-20 10:00:00,0.52078,0.52103,0.52008,0.52047,2357
2025-08-20 11:00:00,0.52048,0.52052,0.51926,0.51978,2306
2025-08-20 12:00:00,0.51979,0.52005,0.51939,0.51958,1999
2025-08-20 13:00:00,0.51957,0.51958,0.51911,0.51941,1734
2025-08-20 14:00:00,0.51943,0.51972,0.51914,0.51917,1624
2025-08-20 15:00:00,0.51916,0.51985,0.51911,0.51911,2508
2025-08-20 16:00:00,0.51909,0.5194,0.51753,0.51761,2733
2025-08-20 17:00:00,0.5176,0.51793,0.51635,0.51683,3989
2025-08-20 18:00:00,0.51683,0.51774,0.51675,0.51696,2695
2025-08-20 19:00:00,0.51698,0.51748,0.51695,0.5173,1782
2025-08-20 20:00:00,0.51732,0.51737,0.51679,0.51704,1777
2025-08-20 21:00:00,0.51702,0.51726,0.51684,0.51699,2107
2025-08-20 22:00:00,0.51699,0.51735,0.5169,0.51723,1490
2025-08-20 23:00:00,0.51724,0.51744,0.51704,0.51729,827
2025-08-21 00:00:00,0.517,0.51708,0.51635,0.51654,267
2025-08-21 01:00:00,0.5166,0.51723,0.51649,0.51721,1034
2025-08-21 02:00:00,0.51721,0.51757,0.51712,0.51744,997
2025-08-21 03:00:00,0.51742,0.51786,0.51698,0.517,2192
2025-08-21 04:00:00,0.51699,0.51776,0.5167,0.51764,2411
2025-08-21 05:00:00,0.51763,0.51768,0.51669,0.51672,1907
2025-08-21 06:00:00,0.51673,0.51717,0.5167,0.51695,1404
2025-08-21 07:00:00,0.51696,0.5171,0.51681,0.51699,1502
2025-08-21 08:00:00,0.51698,0.51731,0.5166,0.51711,1674
2025-08-21 09:00:00,0.51711,0.51807,0.51697,0.51755,2281
2025-08-21 10:00:00,0.51756,0.51769,0.51683,0.51696,2521
2025-08-21 11:00:00,0.51699,0.51732,0.51677,0.51728,2421
2025-08-21 12:00:00,0.51727,0.51757,0.51716,0.51734,1995
2025-08-21 13:00:00,0.51735,0.51815,0.51729,0.51811,1848
2025-08-21 14:00:00,0.51811,0.51858,0.51798,0.51804,1918
2025-08-21 15:00:00,0.51803,0.51825,0.51735,0.51755,2679
2025-08-21 16:00:00,0.51758,0.51857,0.51758,0.51838,3299
2025-08-21 17:00:00,0.51838,0.51933,0.51825,0.51913,3580
2025-08-21 18:00:00,0.51914,0.51931,0.51878,0.519,3319
2025-08-21 19:00:00,0.51899,0.5191,0.51872,0.51894,2010
2025-08-21 20:00:00,0.51895,0.51958,0.51891,0.51941,1697
2025-08-21 21:00:00,0.5194,0.51979,0.51932,0.51963,1528
2025-08-21 22:00:00,0.51963,0.5197,0.51921,0.51941,1132
2025-08-21 23:00:00,0.51942,0.51956,0.51908,0.51928,674
2025-08-22 00:00:00,0.51887,0.51887,0.51764,0.51791,928
2025-08-22 01:00:00,0.51818,0.51947,0.51818,0.51936,920
2025-08-22 02:00:00,0.51936,0.51962,0.51929,0.51959,856
2025-08-22 03:00:00,0.51958,0.52006,0.51936,0.51964,2106
2025-08-22 04:00:00,0.51964,0.5201,0.51958,0.51997,2000
2025-08-22 05:00:00,0.51998,0.52028,0.51976,0.51993,1739
2025-08-22 06:00:00,0.51992,0.52048,0.51984,0.52015,1687
2025-08-22 07:00:00,0.52015,0.52025,0.51994,0.52012,1276
2025-08-22 08:00:00,0.5201,0.52012,0.51965,0.51967,1411
2025-08-22 09:00:00,0.51963,0.52017,0.5195,0.51991,2054
2025-08-22 10:00:00,0.51992,0.52011,0.51934,0.51994,2150
2025-08-22 11:00:00,0.51993,0.52061,0.51991,0.5204,1947
2025-08-22 12:00:00,0.52041,0.52048,0.51952,0.51969,1731
2025-08-22 13:00:00,0.51968,0.5197,0.51893,0.51914,1397
2025-08-22 14:00:00,0.51912,0.51922,0.51893,0.51902,1744
2025-08-22 15:00:00,0.51903,0.51932,0.51888,0.51889,1934
2025-08-22 16:00:00,0.5189,0.52002,0.51884,0.51968,2310
2025-08-22 17:00:00,0.51969,0.52101,0.51903,0.52039,7206
2025-08-22 18:00:00,0.52037,0.52055,0.51936,0.51966,3869
2025-08-22 19:00:00,0.51966,0.52016,0.51957,0.51988,2703
2025-08-22 20:00:00,0.51989,0.51999,0.51958,0.51981,2174
2025-08-22 21:00:00,0.51981,0.51998,0.51962,0.51977,1687
2025-08-22 22:00:00,0.51978,0.51992,0.51962,0.51984,1469
2025-08-22 23:00:00,0.51982,0.52026,0.51957,0.51975,1070
2025-08-25 00:00:00,0.51912,0.5203,0.51886,0.51966,1247
2025-08-25 01:00:00,0.51994,0.52059,0.5197,0.52044,1358
2025-08-25 02:00:00,0.52045,0.52059,0.5202,0.5203,1157
2025-08-25 03:00:00,0.52031,0.52071,0.52027,0.52057,2053
2025-08-25 04:00:00,0.52058,0.52061,0.5199,0.51994,2132
2025-08-25 05:00:00,0.51995,0.52063,0.51995,0.52062,1706
2025-08-25 06:00:00,0.52062,0.52095,0.5204,0.52065,1533
2025-08-25 07:00:00,0.52066,0.52129,0.5206,0.52101,1171
2025-08-25 08:00:00,0.52103,0.52172,0.52103,0.5215,1521
2025-08-25 09:00:00,0.52152,0.52204,0.5213,0.52144,2203
2025-08-25 10:00:00,0.52144,0.52148,0.52038,0.52044,2187
2025-08-25 11:00:00,0.52047,0.52126,0.52047,0.52086,1739
2025-08-25 12:00:00,0.52086,0.52097,0.52035,0.5206,1440
2025-08-25 13:00:00,0.52062,0.52098,0.52056,0.52092,1530
2025-08-25 14:00:00,0.52093,0.52131,0.52089,0.5212,1642
2025-08-25 15:00:00,0.52121,0.5213,0.52085,0.52088,1797
2025-08-25 16:00:00,0.52087,0.52147,0.52075,0.5213,2203
2025-08-25 17:00:00,0.52131,0.52225,0.5212,0.52191,2839
2025-08-25 18:00:00,0.52191,0.52209,0.52183,0.52208,2358
2025-08-25 19:00:00,0.52207,0.52263,0.52196,0.52235,1881
2025-08-25 20:00:00,0.52235,0.52244,0.52203,0.52226,1674
2025-08-25 21:00:00,0.52227,0.52265,0.52221,0.52251,1769
2025-08-25 22:00:00,0.5225,0.52293,0.52247,0.52274,1757
2025-08-25 23:00:00,0.52271,0.52284,0.52237,0.52244,967
2025-08-26 00:00:00,0.52184,0.52184,0.5204,0.52162,826
2025-08-26 01:00:00,0.52171,0.52264,0.52171,0.52248,843
2025-08-26 02:00:00,0.52248,0.52258,0.52238,0.52252,1030
2025-08-26 03:00:00,0.52251,0.52268,0.5209,0.52144,4658
2025-08-26 04:00:00,0.52142,0.52185,0.52067,0.52074,2565
2025-08-26 05:00:00,0.52074,0.52173,0.52074,0.52141,2294
2025-08-26 06:00:00,0.5214,0.52161,0.52104,0.52147,2038
2025-08-26 07:00:00,0.52147,0.52198,0.52131,0.52184,1575
2025-08-26 08:00:00,0.52184,0.52207,0.52155,0.52173,1769
2025-08-26 09:00:00,0.52176,0.52278,0.52176,0.52267,2576
2025-08-26 10:00:00,0.52266,0.52278,0.52164,0.52166,3134
2025-08-26 11:00:00,0.52167,0.52258,0.52156,0.52246,2621
2025-08-26 12:00:00,0.52245,0.52303,0.52231,0.52255,2146
2025-08-26 13:00:00,0.52256,0.52287,0.52236,0.52246,1914
2025-08-26 14:00:00,0.52245,0.52259,0.52207,0.52223,1983
2025-08-26 15:00:00,0.52222,0.52224,0.52154,0.52177,2397
2025-08-26 16:00:00,0.52177,0.52197,0.52128,0.52167,2764
2025-08-26 17:00:00,0.52168,0.52217,0.52162,0.52202,3142
2025-08-26 18:00:00,0.52203,0.52217,0.52163,0.52179,2486
2025-08-26 19:00:00,0.52178,0.52185,0.52153,0.52181,1894
2025-08-26 20:00:00,0.5218,0.52191,0.52161,0.52188,1723
2025-08-26 21:00:00,0.52187,0.52208,0.52158,0.52159,1447
2025-08-26 22:00:00,0.52159,0.52172,0.52146,0.52164,1343
2025-08-26 23:00:00,0.52161,0.52197,0.52159,0.52175,898
2025-08-27 00:00:00,0.52122,0.52145,0.52054,0.52106,1158
2025-08-27 01:00:00,0.52134,0.52204,0.52086,0.52199,1046
2025-08-27 02:00:00,0.522,0.52208,0.52191,0.52206,894
2025-08-27 03:00:00,0.52207,0.52214,0.52184,0.52204,1718
2025-08-27 04:00:00,0.52203,0.52299,0.52175,0.52262,2435
2025-08-27 05:00:00,0.52262,0.52286,0.52201,0.52217,1915
2025-08-27 06:00:00,0.52217,0.52233,0.522,0.52207,1432
2025-08-27 07:00:00,0.52208,0.52233,0.52193,0.52213,1435
2025-08-27 08:00:00,0.52214,0.52225,0.5219,0.52215,1550
2025-08-27 09:00:00,0.52213,0.52263,0.52207,0.52247,1992
2025-08-27 10:00:00,0.52248,0.52261,0.52173,0.52191,2461
2025-08-27 11:00:00,0.52192,0.52238,0.52165,0.52177,2685
2025-08-27 12:00:00,0.52178,0.52229,0.52152,0.5221,2036
2025-08-27 13:00:00,0.5221,0.52212,0.52174,0.52184,1893
2025-08-27 14:00:00,0.52183,0.52188,0.52153,0.52172,1959
2025-08-27 15:00:00,0.52173,0.52184,0.52082,0.52106,2436
2025-08-27 16:00:00,0.52105,0.52134,0.52075,0.52116,2941
2025-08-27 17:00:00,0.52115,0.52149,0.52066,0.52136,3202
2025-08-27 18:00:00,0.52137,0.52202,0.52128,0.52201,2753
2025-08-27 19:00:00,0.52202,0.52215,0.52166,0.52192,2124
2025-08-27 20:00:00,0.52193,0.52233,0.52183,0.52225,1931
2025-08-27 21:00:00,0.52224,0.52239,0.5221,0.52237,1671
2025-08-27 22:00:00,0.52237,0.52241,0.52214,0.52224,1390
2025-08-27 23:00:00,0.52223,0.52229,0.52187,0.52187,1151
2025-08-28 00:00:00,0.52147,0.52176,0.52116,0.52133,1016
2025-08-28 01:00:00,0.52132,0.52188,0.5213,0.52179,928
2025-08-28 02:00:00,0.52178,0.52197,0.52165,0.52197,934
2025-08-28 03:00:00,0.52196,0.52226,0.52185,0.52206,1752
2025-08-28 04:00:00,0.52205,0.52236,0.52186,0.52193,1926
2025-08-28 05:00:00,0.52194,0.52231,0.52191,0.52225,1610
2025-08-28 06:00:00,0.52227,0.52243,0.52182,0.52198,1464
2025-08-28 07:00:00,0.52197,0.52201,0.52176,0.52185,1411
2025-08-28 08:00:00,0.52184,0.5219,0.52159,0.52179,1433
2025-08-28 09:00:00,0.52181,0.52231,0.52178,0.52209,2090
2025-08-28 10:00:00,0.52207,0.52218,0.52174,0.52194,2161
2025-08-28 11:00:00,0.52198,0.5224,0.52158,0.52228,2142
2025-08-28 12:00:00,0.52229,0.52241,0.52189,0.5221,1937
2025-08-28 13:00:00,0.5221,0.52231,0.5218,0.52193,1993
2025-08-28 14:00:00,0.52194,0.52314,0.52184,0.5229,2054
2025-08-28 15:00:00,0.5229,0.52365,0.52272,0.52353,3411
2025-08-28 16:00:00,0.52354,0.52404,0.52272,0.52286,3500
2025-08-28 17:00:00,0.52287,0.52377,0.52282,0.52324,3229
2025-08-28 18:00:00,0.52322,0.52368,0.52322,0.5235,2410
2025-08-28 19:00:00,0.52353,0.52356,0.52301,0.52301,1676
2025-08-28 20:00:00,0.52301,0.52322,0.52274,0.52314,1676
2025-08-28 21:00:00,0.52313,0.52369,0.52312,0.52357,1312
2025-08-28 22:00:00,0.52356,0.52364,0.52343,0.52347,1156
2025-08-28 23:00:00,0.52347,0.5237,0.52335,0.52342,750
2025-08-29 00:00:00,0.52285,0.52311,0.52219,0.52236,1363
2025-08-29 01:00:00,0.52268,0.52363,0.5226,0.52352,1245
2025-08-29 02:00:00,0.52353,0.52359,0.52334,0.52357,749
2025-08-29 03:00:00,0.52357,0.52421,0.52353,0.52415,1661
2025-08-29 04:00:00,0.52416,0.52518,0.52393,0.52517,2277
2025-08-29 05:00:00,0.52517,0.5252,0.52472,0.52485,1785
2025-08-29 06:00:00,0.52486,0.525,0.52428,0.52453,1374
2025-08-29 07:00:00,0.52452,0.52482,0.52452,0.52475,1243
2025-08-29 08:00:00,0.52474,0.52482,0.52434,0.52438,1441
2025-08-29 09:00:00,0.5244,0.52471,0.52362,0.52373,1960
2025-08-29 10:00:00,0.52367,0.524,0.5229,0.52335,2255
2025-08-29 11:00:00,0.52334,0.52348,0.5228,0.52329,2456
2025-08-29 12:00:00,0.52327,0.52336,0.52292,0.52311,2143
2025-08-29 13:00:00,0.52312,0.52383,0.52305,0.52377,1861
2025-08-29 14:00:00,0.52378,0.5241,0.52366,0.52391,1605
2025-08-29 15:00:00,0.5239,0.52433,0.52352,0.52387,2774
2025-08-29 16:00:00,0.52388,0.52398,0.52332,0.52351,2972
2025-08-29 17:00:00,0.52349,0.52388,0.52274,0.52289,4441
2025-08-29 18:00:00,0.52288,0.52345,0.5224,0.52327,3148
2025-08-29 19:00:00,0.52326,0.52357,0.52311,0.52317,1968
2025-08-29 20:00:00,0.52318,0.52335,0.52302,0.52332,1673
2025-08-29 21:00:00,0.52333,0.52362,0.52327,0.52357,1313
2025-08-29 22:00:00,0.52357,0.52381,0.52345,0.52361,1255
2025-08-29 23:00:00,0.52365,0.52372,0.52302,0.52302,1476
2025-09-01 00:00:00,0.52218,0.52318,0.52202,0.52218,916
2025-09-01 01:00:00,0.52238,0.524,0.52238,0.52388,835
2025-09-01 02:00:00,0.52389,0.52404,0.52382,0.52384,834
2025-09-01 03:00:00,0.52387,0.52437,0.52386,0.52422,1407
2025-09-01 04:00:00,0.52421,0.52421,0.5235,0.52372,1956
2025-09-01 05:00:00,0.52371,0.52384,0.52333,0.52345,2109
2025-09-01 06:00:00,0.52345,0.52351,0.52314,0.52345,1583
2025-09-01 07:00:00,0.52346,0.52352,0.52309,0.52314,1265
2025-09-01 08:00:00,0.52315,0.52332,0.52292,0.52296,1395
2025-09-01 09:00:00,0.52293,0.52309,0.52263,0.52293,2202
2025-09-01 10:00:00,0.52294,0.52314,0.52257,0.52302,2158
2025-09-01 11:00:00,0.523,0.52375,0.52295,0.52372,2006
2025-09-01 12:00:00,0.52371,0.52419,0.52363,0.52411,1937
2025-09-01 13:00:00,0.52411,0.5244,0.52388,0.5241,1583
2025-09-01 14:00:00,0.52408,0.52469,0.52377,0.52461,1541
2025-09-01 15:00:00,0.5246,0.52492,0.52429,0.52484,1989
2025-09-01 16:00:00,0.52486,0.52489,0.52418,0.5246,2205
2025-09-01 17:00:00,0.52461,0.52506,0.5245,0.52468,2050
2025-09-01 18:00:00,0.52465,0.52533,0.52461,0.52519,1673
2025-09-01 19:00:00,0.5252,0.52522,0.5248,0.52503,1182
2025-09-01 20:00:00,0.52504,0.52506,0.52487,0.5249,854
2025-09-01 21:00:00,0.52491,0.52491,0.52476,0.52484,696
2025-09-01 22:00:00,0.52484,0.52484,0.52449,0.52458,839
2025-09-01 23:00:00,0.52458,0.52467,0.52451,0.52463,1124
2025-09-02 00:00:00,0.52402,0.52456,0.52328,0.52413,913
2025-09-02 01:00:00,0.52412,0.52484,0.52408,0.52462,818
2025-09-02 02:00:00,0.52462,0.52475,0.52444,0.52466,777
2025-09-02 03:00:00,0.52466,0.52504,0.52456,0.52498,2104
2025-09-02 04:00:00,0.52496,0.52503,0.52444,0.52448,2571
2025-09-02 05:00:00,0.52447,0.52452,0.52396,0.52441,2082
2025-09-02 06:00:00,0.5244,0.52456,0.52391,0.52412,1586
2025-09-02 07:00:00,0.52413,0.52416,0.5237,0.52381,1424
2025-09-02 08:00:00,0.52382,0.52418,0.52359,0.52398,1569
2025-09-02 09:00:00,0.52399,0.5244,0.52379,0.5244,2240
2025-09-02 10:00:00,0.52439,0.52445,0.52218,0.52253,4228
2025-09-02 11:00:00,0.52253,0.52406,0.52245,0.52383,3888
2025-09-02 12:00:00,0.52386,0.5243,0.5235,0.5241,3235
2025-09-02 13:00:00,0.52409,0.52426,0.52358,0.52382,2993
2025-09-02 14:00:00,0.52383,0.52396,0.52325,0.52331,2870
2025-09-02 15:00:00,0.5233,0.52355,0.52221,0.5223,3748
2025-09-02 16:00:00,0.52229,0.5236,0.52197,0.52311,3914
2025-09-02 17:00:00,0.52309,0.52385,0.52291,0.52352,4256
2025-09-02 18:00:00,0.52353,0.5238,0.52306,0.52335,3026
2025-09-02 19:00:00,0.52334,0.52433,0.52333,0.52416,2229
2025-09-02 20:00:00,0.52417,0.52438,0.52397,0.52434,1864
2025-09-02 21:00:00,0.5243,0.52457,0.52415,0.52448,2176
2025-09-02 22:00:00,0.52448,0.52473,0.52442,0.52463,1775
2025-09-02 23:00:00,0.52462,0.52482,0.5245,0.52458,1236
2025-09-03 00:00:00,0.52421,0.5243,0.5229,0.52365,1044
2025-09-03 01:00:00,0.52374,0.52472,0.52368,0.52462,861
2025-09-03 02:00:00,0.52462,0.52498,0.52462,0.52493,864
2025-09-03 03:00:00,0.52491,0.52494,0.52449,0.5248,1643
2025-09-03 04:00:00,0.5248,0.52558,0.52466,0.52553,2162
2025-09-03 05:00:00,0.52554,0.52556,0.52497,0.52525,2079
2025-09-03 06:00:00,0.52524,0.52544,0.52494,0.52514,1636
2025-09-03 07:00:00,0.52515,0.52529,0.52496,0.52503,1407
2025-09-03 08:00:00,0.52503,0.5251,0.52407,0.52439,1578
2025-09-03 09:00:00,0.5244,0.52468,0.52394,0.52409,2112
2025-09-03 10:00:00,0.52407,0.52525,0.52406,0.5252,3097
2025-09-03 11:00:00,0.52519,0.52535,0.5246,0.52466,2679
2025-09-03 12:00:00,0.52467,0.52506,0.52454,0.52478,2363
2025-09-03 13:00:00,0.52478,0.52528,0.52476,0.52527,2038
2025-09-03 14:00:00,0.52527,0.52601,0.52521,0.52575,2044
2025-09-03 15:00:00,0.52575,0.52661,0.52569,0.52659,2549
2025-09-03 16:00:00,0.5266,0.5267,0.52572,0.52572,3467
2025-09-03 17:00:00,0.52569,0.52621,0.52524,0.52578,4171
2025-09-03 18:00:00,0.52577,0.52609,0.52562,0.52595,2842
2025-09-03 19:00:00,0.52596,0.52633,0.52591,0.52614,1930
2025-09-03 20:00:00,0.52615,0.52644,0.52587,0.52618,1874
2025-09-03 21:00:00,0.52617,0.52633,0.52607,0.52621,2067
2025-09-03 22:00:00,0.52619,0.5263,0.5259,0.526,1616
2025-09-03 23:00:00,0.52599,0.52632,0.52598,0.5262,961
2025-09-04 00:00:00,0.52526,0.52587,0.52458,0.52528,777
2025-09-04 01:00:00,0.52548,0.52603,0.5254,0.52585,731
2025-09-04 02:00:00,0.52587,0.52606,0.52583,0.52606,976
2025-09-04 03:00:00,0.52607,0.52664,0.526,0.52641,2451
2025-09-04 04:00:00,0.5264,0.5264,0.52556,0.52567,2473
2025-09-04 05:00:00,0.52568,0.52577,0.52553,0.52568,1979
2025-09-04 06:00:00,0.52569,0.52579,0.52534,0.52549,1742
2025-09-04 07:00:00,0.5255,0.52561,0.52509,0.52513,1377
2025-09-04 08:00:00,0.52511,0.52511,0.52463,0.52468,1839
2025-09-04 09:00:00,0.52468,0.52531,0.52448,0.52507,2239
2025-09-04 10:00:00,0.52506,0.5255,0.52477,0.52539,2429
2025-09-04 11:00:00,0.5254,0.52547,0.52498,0.52499,2455
2025-09-04 12:00:00,0.525,0.5251,0.52456,0.52471,2372
2025-09-04 13:00:00,0.52472,0.52477,0.52445,0.52473,2034
2025-09-04 14:00:00,0.52472,0.52512,0.52459,0.52486,1864
2025-09-04 15:00:00,0.52487,0.52528,0.52401,0.52526,3265
2025-09-04 16:00:00,0.52529,0.52536,0.52481,0.52506,3335
2025-09-04 17:00:00,0.52496,0.52523,0.52404,0.52487,3838
2025-09-04 18:00:00,0.52485,0.52495,0.52453,0.52472,2436
2025-09-04 19:00:00,0.52471,0.52529,0.52466,0.52513,1977
2025-09-04 20:00:00,0.52511,0.52571,0.52505,0.52505,1783
2025-09-04 21:00:00,0.52506,0.52524,0.52496,0.52509,1779
2025-09-04 22:00:00,0.5251,0.52513,0.52485,0.52504,1338
2025-09-04 23:00:00,0.52502,0.5251,0.52495,0.525,832
2025-09-05 00:00:00,0.52451,0.52476,0.52344,0.52417,905
2025-09-05 01:00:00,0.52434,0.52519,0.5243,0.52512,713
2025-09-05 02:00:00,0.5251,0.52514,0.52479,0.5251,866
2025-09-05 03:00:00,0.52511,0.52541,0.52496,0.52536,2204
2025-09-05 04:00:00,0.52538,0.52547,0.52518,0.52521,1892
2025-09-05 05:00:00,0.5252,0.52544,0.52504,0.52539,1430
2025-09-05 06:00:00,0.5254,0.5254,0.52509,0.52534,1268
2025-09-05 07:00:00,0.52535,0.5254,0.52518,0.5253,1040
2025-09-05 08:00:00,0.52529,0.52564,0.52523,0.52545,1201
2025-09-05 09:00:00,0.52543,0.5258,0.52519,0.52545,1987
2025-09-05 10:00:00,0.52545,0.52593,0.52539,0.52589,2242
2025-09-05 11:00:00,0.52584,0.52612,0.52564,0.52567,1829
2025-09-05 12:00:00,0.52568,0.52571,0.52532,0.52551,1645
2025-09-05 13:00:00,0.52552,0.52567,0.52531,0.52533,1581
2025-09-05 14:00:00,0.52532,0.52589,0.52532,0.52549,1680
2025-09-05 15:00:00,0.52548,0.52567,0.52411,0.52556,5152
2025-09-05 16:00:00,0.52549,0.52607,0.52508,0.52555,4968
2025-09-05 17:00:00,0.52554,0.52555,0.52287,0.52304,4880
2025-09-05 18:00:00,0.52302,0.52329,0.52226,0.52265,3460
2025-09-05 19:00:00,0.52264,0.52329,0.52251,0.52313,2601
2025-09-05 20:00:00,0.52312,0.52325,0.52271,0.52286,2251
2025-09-05 21:00:00,0.52287,0.5231,0.52276,0.52303,1777
2025-09-05 22:00:00,0.52299,0.52313,0.52288,0.52299,1434
2025-09-05 23:00:00,0.523,0.52334,0.52263,0.52283,978
2025-09-08 00:00:00,0.52276,0.52306,0.52074,0.52205,1122
2025-09-08 01:00:00,0.52224,0.52366,0.5221,0.52324,1501
2025-09-08 02:00:00,0.52322,0.52388,0.5232,0.52387,1458
2025-09-08 03:00:00,0.52383,0.52383,0.52306,0.52337,2529
2025-09-08 04:00:00,0.5234,0.52414,0.52309,0.52408,2608
2025-09-08 05:00:00,0.5241,0.52411,0.52309,0.52377,2642
2025-09-08 06:00:00,0.52376,0.52379,0.52346,0.5235,1896
2025-09-08 07:00:00,0.52349,0.5235,0.52304,0.5233,1654
2025-09-08 08:00:00,0.52329,0.52365,0.52308,0.52328,1754
2025-09-08 09:00:00,0.52328,0.52382,0.52316,0.52375,2703
2025-09-08 10:00:00,0.52374,0.52429,0.52363,0.52403,2906
2025-09-08 11:00:00,0.52404,0.52425,0.52368,0.52402,2562
2025-09-08 12:00:00,0.52403,0.5243,0.52391,0.52414,2050
2025-09-08 13:00:00,0.52413,0.52447,0.52373,0.52385,2067
2025-09-08 14:00:00,0.52385,0.52447,0.52374,0.52437,1779
2025-09-08 15:00:00,0.52437,0.52439,0.5238,0.5241,2573
2025-09-08 16:00:00,0.52409,0.52412,0.52276,0.52293,2948
2025-09-08 17:00:00,0.52291,0.52304,0.5226,0.52262,3015
2025-09-08 18:00:00,0.52263,0.52288,0.52236,0.52287,2227
2025-09-08 19:00:00,0.52287,0.52306,0.52265,0.523,1936
2025-09-08 20:00:00,0.52299,0.52304,0.52284,0.52297,1510
2025-09-08 21:00:00,0.52299,0.52313,0.52282,0.52297,1600
2025-09-08 22:00:00,0.52296,0.52303,0.52271,0.52296,1603
2025-09-08 23:00:00,0.52295,0.52307,0.52265,0.52271,1051
2025-09-09 00:00:00,0.52249,0.52257,0.52117,0.52237,1151
2025-09-09 01:00:00,0.52244,0.52311,0.5222,0.52307,783
2025-09-09 02:00:00,0.52306,0.52315,0.52288,0.52306,869
2025-09-09 03:00:00,0.52307,0.52313,0.52269,0.52271,1874
2025-09-09 04:00:00,0.5227,0.52274,0.52227,0.52272,2006
2025-09-09 05:00:00,0.52274,0.52335,0.52268,0.52331,1830
2025-09-09 06:00:00,0.52332,0.52338,0.52289,0.52327,1568
2025-09-09 07:00:00,0.52328,0.52337,0.52308,0.52337,1274
2025-09-09 08:00:00,0.52336,0.52364,0.52328,0.52364,1676
2025-09-09 09:00:00,0.52363,0.52368,0.52293,0.52317,2595
2025-09-09 10:00:00,0.52319,0.52428,0.52312,0.52428,2739
2025-09-09 11:00:00,0.52429,0.52482,0.52403,0.52437,3512
2025-09-09 12:00:00,0.52438,0.52469,0.52418,0.52466,2293
2025-09-09 13:00:00,0.52467,0.52505,0.52449,0.5249,1918
2025-09-09 14:00:00,0.52488,0.52499,0.52454,0.52491,1656
2025-09-09 15:00:00,0.5249,0.5252,0.52445,0.52448,2377
2025-09-09 16:00:00,0.52445,0.52465,0.52396,0.52439,2839
2025-09-09 17:00:00,0.5244,0.52496,0.52398,0.52426,4913
2025-09-09 18:00:00,0.52428,0.52463,0.52411,0.52462,2892
2025-09-09 19:00:00,0.52462,0.52522,0.52447,0.52514,2057
2025-09-09 20:00:00,0.52513,0.52525,0.52484,0.52503,1953
2025-09-09 21:00:00,0.52502,0.52531,0.52487,0.52514,1705
2025-09-09 22:00:00,0.52515,0.52531,0.525,0.52501,1268
2025-09-09 23:00:00,0.52502,0.52515,0.52492,0.52495,787
2025-09-10 00:00:00,0.52313,0.52504,0.52313,0.52443,542
2025-09-10 01:00:00,0.52447,0.52501,0.52439,0.52489,694
2025-09-10 02:00:00,0.52487,0.52515,0.52458,0.52514,811
2025-09-10 03:00:00,0.52513,0.52559,0.5251,0.52559,1776
2025-09-10 04:00:00,0.52558,0.52583,0.5253,0.52571,2772
2025-09-10 05:00:00,0.52569,0.52621,0.52557,0.52621,1881
2025-09-10 06:00:00,0.52621,0.5267,0.52611,0.52659,1335
2025-09-10 07:00:00,0.5266,0.52685,0.52641,0.52679,1383
2025-09-10 08:00:00,0.52678,0.52681,0.5262,0.52655,1476
2025-09-10 09:00:00,0.52655,0.52697,0.52621,0.5267,2508
2025-09-10 10:00:00,0.52671,0.52701,0.52641,0.52659,2672
2025-09-10 11:00:00,0.52658,0.52684,0.52627,0.52636,2209
2025-09-10 12:00:00,0.52636,0.52669,0.52634,0.52654,1863
2025-09-10 13:00:00,0.52653,0.52684,0.52637,0.52677,1753
2025-09-10 14:00:00,0.52676,0.52719,0.52647,0.52669,1769
2025-09-10 15:00:00,0.5267,0.52803,0.52642,0.5276,3508
2025-09-10 16:00:00,0.52761,0.52824,0.52692,0.52803,3790
2025-09-10 17:00:00,0.52802,0.52873,0.52799,0.52835,3569
2025-09-10 18:00:00,0.52833,0.52865,0.52782,0.52859,2285
2025-09-10 19:00:00,0.5286,0.52888,0.52827,0.52869,1744
2025-09-10 20:00:00,0.52871,0.52915,0.52867,0.52912,1630
2025-09-10 21:00:00,0.52911,0.52917,0.52874,0.52879,1370
2025-09-10 22:00:00,0.52878,0.5288,0.52845,0.52874,1600
2025-09-10 23:00:00,0.52872,0.52877,0.52829,0.52845,816
2025-09-11 00:00:00,0.52773,0.5283,0.52756,0.52768,572
2025-09-11 01:00:00,0.52744,0.52863,0.52744,0.52858,548
2025-09-11 02:00:00,0.52854,0.52874,0.52842,0.52863,689
2025-09-11 03:00:00,0.52864,0.52873,0.5282,0.52826,1600
2025-09-11 04:00:00,0.52827,0.52869,0.52802,0.52859,1937
2025-09-11 05:00:00,0.5286,0.52863,0.52812,0.52814,1232
2025-09-11 06:00:00,0.52811,0.52846,0.528,0.52833,1153
2025-09-11 07:00:00,0.52833,0.52834,0.52787,0.52788,959
2025-09-11 08:00:00,0.52789,0.52803,0.52763,0.52788,1431
2025-09-11 09:00:00,0.52789,0.52868,0.52782,0.52864,2915
2025-09-11 10:00:00,0.52863,0.52869,0.52815,0.52849,3283
2025-09-11 11:00:00,0.52847,0.52863,0.52815,0.5282,2598
2025-09-11 12:00:00,0.52818,0.52822,0.52757,0.52793,2732
2025-09-11 13:00:00,0.52792,0.52833,0.5278,0.52821,2012
2025-09-11 14:00:00,0.5282,0.52841,0.52785,0.52797,1599
2025-09-11 15:00:00,0.52796,0.52845,0.5265,0.5283,4323
2025-09-11 16:00:00,0.52828,0.52863,0.5279,0.52826,4120
2025-09-11 17:00:00,0.52827,0.5292,0.52816,0.52917,3559
2025-09-11 18:00:00,0.52918,0.52998,0.52898,0.52989,2395
2025-09-11 19:00:00,0.52988,0.53024,0.52972,0.53,2007
2025-09-11 20:00:00,0.53,0.53019,0.52977,0.53016,1867
2025-09-11 21:00:00,0.53015,0.5302,0.52995,0.52997,1494
2025-09-11 22:00:00,0.52998,0.53032,0.52994,0.5302,1330
2025-09-11 23:00:00,0.5302,0.53036,0.52996,0.52997,960
2025-09-12 00:00:00,0.52884,0.5299,0.52874,0.52955,646
2025-09-12 01:00:00,0.52956,0.5302,0.52953,0.53016,580
2025-09-12 02:00:00,0.53014,0.53058,0.53012,0.53051,666
2025-09-12 03:00:00,0.5305,0.53078,0.53011,0.53075,1689
2025-09-12 04:00:00,0.53077,0.53079,0.53007,0.53018,1717
2025-09-12 05:00:00,0.53017,0.53062,0.53002,0.53054,1176
2025-09-12 06:00:00,0.53055,0.53082,0.53033,0.53061,946
2025-09-12 07:00:00,0.53062,0.53089,0.53038,0.5304,1003
2025-09-12 08:00:00,0.5304,0.53059,0.53014,0.53017,1007
2025-09-12 09:00:00,0.53018,0.53018,0.52975,0.5301,1852
2025-09-12 10:00:00,0.53011,0.53038,0.5299,0.53021,2135
2025-09-12 11:00:00,0.5302,0.53027,0.52969,0.52983,2530
2025-09-12 12:00:00,0.52985,0.53055,0.52983,0.53031,1885
2025-09-12 13:00:00,0.53031,0.53035,0.52939,0.5296,1591
2025-09-12 14:00:00,0.52961,0.52969,0.5291,0.52969,1756
2025-09-12 15:00:00,0.52968,0.52972,0.52933,0.52959,2695
2025-09-12 16:00:00,0.52955,0.52969,0.52938,0.52941,2706
2025-09-12 17:00:00,0.52933,0.52954,0.52892,0.52928,3002
2025-09-12 18:00:00,0.52927,0.52928,0.52871,0.52907,2106
2025-09-12 19:00:00,0.52909,0.52922,0.52884,0.52912,1678
2025-09-12 20:00:00,0.52911,0.52942,0.52901,0.52931,1278
2025-09-12 21:00:00,0.52932,0.52947,0.52918,0.52944,1141
2025-09-12 22:00:00,0.52942,0.52956,0.52926,0.5295,1205
2025-09-12 23:00:00,0.52951,0.52962,0.52918,0.52929,1297
2025-09-15 00:00:00,0.52828,0.529,0.52737,0.52858,796
2025-09-15 01:00:00,0.52846,0.52958,0.52846,0.52954,775
2025-09-15 02:00:00,0.52955,0.52971,0.52941,0.5297,660
2025-09-15 03:00:00,0.5297,0.52988,0.5294,0.52976,1026
2025-09-15 04:00:00,0.52977,0.53043,0.52968,0.53035,1401
2025-09-15 05:00:00,0.53036,0.53041,0.5301,0.53016,1016
2025-09-15 06:00:00,0.53015,0.53071,0.53008,0.53043,949
2025-09-15 07:00:00,0.53042,0.53068,0.53036,0.53059,794
2025-09-15 08:00:00,0.53061,0.53063,0.53027,0.53041,930
2025-09-15 09:00:00,0.53042,0.53072,0.53022,0.5304,1866
2025-09-15 10:00:00,0.53042,0.53077,0.53028,0.53064,1882
2025-09-15 11:00:00,0.53064,0.53064,0.53006,0.53015,1739
2025-09-15 12:00:00,0.53016,0.53016,0.52927,0.52931,1640
2025-09-15 13:00:00,0.52929,0.52947,0.52905,0.52912,1688
2025-09-15 14:00:00,0.52916,0.52959,0.52907,0.52935,1614
2025-09-15 15:00:00,0.52935,0.52991,0.52934,0.52976,2260
2025-09-15 16:00:00,0.52975,0.52989,0.52911,0.52917,2477
2025-09-15 17:00:00,0.52919,0.52962,0.52897,0.52922,2456
2025-09-15 18:00:00,0.52925,0.52956,0.52912,0.52945,2060
2025-09-15 19:00:00,0.52944,0.52975,0.52938,0.52962,1731
2025-09-15 20:00:00,0.52961,0.52987,0.52951,0.52979,1422
2025-09-15 21:00:00,0.52979,0.52995,0.5297,0.5298,1543
2025-09-15 22:00:00,0.5298,0.52997,0.5297,0.52993,1328
2025-09-15 23:00:00,0.52994,0.53005,0.52985,0.53004,946
2025-09-16 00:00:00,0.5288,0.52951,0.52852,0.5292,634
2025-09-16 01:00:00,0.52931,0.53007,0.52931,0.53006,617
2025-09-16 02:00:00,0.53005,0.53024,0.53003,0.53021,636
2025-09-16 03:00:00,0.53019,0.53041,0.52964,0.52969,1421
2025-09-16 04:00:00,0.52967,0.53006,0.52963,0.52981,1534
2025-09-16 05:00:00,0.5298,0.5298,0.52893,0.52894,1480
2025-09-16 06:00:00,0.52892,0.5294,0.52884,0.52923,1184
2025-09-16 07:00:00,0.52925,0.52926,0.52864,0.52868,1169
2025-09-16 08:00:00,0.52869,0.52898,0.52862,0.52886,1279
2025-09-16 09:00:00,0.52888,0.52896,0.5283,0.52842,2052
2025-09-16 10:00:00,0.52843,0.5285,0.52766,0.52772,2253
2025-09-16 11:00:00,0.52771,0.52807,0.5276,0.52779,2021
2025-09-16 12:00:00,0.52779,0.52804,0.52731,0.52753,2121
2025-09-16 13:00:00,0.5275,0.52768,0.52732,0.52738,1850
2025-09-16 14:00:00,0.52736,0.52778,0.52727,0.5274,2006
2025-09-16 15:00:00,0.5274,0.52786,0.52705,0.52729,3131
2025-09-16 16:00:00,0.5273,0.52736,0.52598,0.52605,3191
2025-09-16 17:00:00,0.52606,0.52613,0.52515,0.52584,3757
2025-09-16 18:00:00,0.52586,0.52594,0.52532,0.52582,2632
2025-09-16 19:00:00,0.52583,0.52596,0.52543,0.52545,1956
2025-09-16 20:00:00,0.52544,0.52578,0.52516,0.52552,1892
2025-09-16 21:00:00,0.52552,0.52562,0.52531,0.5254,1559
2025-09-16 22:00:00,0.5254,0.52553,0.52526,0.52528,1328
2025-09-16 23:00:00,0.5253,0.52569,0.52522,0.52522,1048
2025-09-17 00:00:00,0.52458,0.52521,0.5241,0.5251,655
2025-09-17 01:00:00,0.5251,0.52551,0.52499,0.52547,747
2025-09-17 02:00:00,0.52548,0.52565,0.52534,0.52564,617
2025-09-17 03:00:00,0.52562,0.52581,0.52543,0.52564,1564
2025-09-17 04:00:00,0.52565,0.5258,0.52524,0.52554,1664
2025-09-17 05:00:00,0.52553,0.52559,0.52498,0.52531,1109
2025-09-17 06:00:00,0.52532,0.52558,0.52531,0.52539,804
2025-09-17 07:00:00,0.52539,0.52554,0.52521,0.52533,781
2025-09-17 08:00:00,0.52532,0.52554,0.52519,0.52549,887
2025-09-17 09:00:00,0.5255,0.52554,0.52497,0.52509,1875
2025-09-17 10:00:00,0.52507,0.52541,0.525,0.52539,1993
2025-09-17 11:00:00,0.52539,0.52545,0.52475,0.52493,1748
2025-09-17 12:00:00,0.52492,0.52496,0.52467,0.52476,1494
2025-09-17 13:00:00,0.52479,0.52526,0.5247,0.52475,1648
2025-09-17 14:00:00,0.52475,0.52522,0.52471,0.52518,1438
2025-09-17 15:00:00,0.52517,0.52593,0.52516,0.52562,1700
2025-09-17 16:00:00,0.52561,0.52566,0.52517,0.52555,1923
2025-09-17 17:00:00,0.52555,0.52557,0.52474,0.52482,2301
2025-09-17 18:00:00,0.52483,0.52486,0.52425,0.52473,1711
2025-09-17 19:00:00,0.52472,0.52476,0.52424,0.52437,1565
2025-09-17 20:00:00,0.52437,0.52481,0.52388,0.52388,1676
2025-09-17 21:00:00,0.52394,0.52559,0.52386,0.52483,7903
2025-09-17 22:00:00,0.52481,0.52544,0.52462,0.52501,5810
2025-09-17 23:00:00,0.525,0.52513,0.52468,0.52468,1725
2025-09-18 00:00:00,0.52436,0.52451,0.52346,0.52449,954
2025-09-18 01:00:00,0.52445,0.525,0.52431,0.52492,1232
2025-09-18 02:00:00,0.52493,0.52493,0.52432,0.5244,1246
2025-09-18 03:00:00,0.52439,0.52453,0.52407,0.52442,2279
2025-09-18 04:00:00,0.52444,0.52492,0.5236,0.52412,2843
2025-09-18 05:00:00,0.52413,0.52483,0.52412,0.52464,1514
2025-09-18 06:00:00,0.52465,0.52478,0.52451,0.52452,1132
2025-09-18 07:00:00,0.52451,0.5246,0.5239,0.52423,1217
2025-09-18 08:00:00,0.52422,0.52424,0.52356,0.52371,1595
2025-09-18 09:00:00,0.52369,0.52395,0.52348,0.52385,2552
2025-09-18 10:00:00,0.52387,0.52412,0.52351,0.5239,2878
2025-09-18 11:00:00,0.52391,0.52399,0.52351,0.52381,2590
2025-09-18 12:00:00,0.5238,0.52414,0.52347,0.52414,2497
2025-09-18 13:00:00,0.52414,0.52488,0.524,0.52438,2077
2025-09-18 14:00:00,0.52435,0.52521,0.52435,0.52477,2351
2025-09-18 15:00:00,0.52474,0.525,0.52385,0.5245,2875
2025-09-18 16:00:00,0.5245,0.52506,0.52438,0.52488,3899
2025-09-18 17:00:00,0.52487,0.52496,0.52387,0.52397,3837
2025-09-18 18:00:00,0.52398,0.52445,0.52356,0.52421,2931
2025-09-18 19:00:00,0.52419,0.52457,0.52408,0.52435,2043
2025-09-18 20:00:00,0.52434,0.52452,0.52415,0.52425,1854
2025-09-18 21:00:00,0.52424,0.52441,0.52397,0.52411,1595
2025-09-18 22:00:00,0.5241,0.52427,0.52399,0.5241,1466
2025-09-18 23:00:00,0.52409,0.52426,0.52389,0.52406,988
2025-09-19 00:00:00,0.52267,0.52396,0.52234,0.52333,768
2025-09-19 01:00:00,0.5234,0.52449,0.52338,0.52415,1878
2025-09-19 02:00:00,0.52416,0.52444,0.52405,0.52437,993
2025-09-19 03:00:00,0.52438,0.5247,0.52381,0.52392,2069
2025-09-19 04:00:00,0.5239,0.52425,0.52346,0.52362,2032
2025-09-19 05:00:00,0.52362,0.52419,0.52358,0.52403,1494
2025-09-19 06:00:00,0.52404,0.52427,0.52376,0.52399,1983
2025-09-19 07:00:00,0.52401,0.52415,0.52355,0.52368,2059
2025-09-19 08:00:00,0.52367,0.5238,0.52307,0.52325,1519
2025-09-19 09:00:00,0.52324,0.52384,0.52293,0.52377,2904
2025-09-19 10:00:00,0.52379,0.52477,0.52373,0.52422,2937
2025-09-19 11:00:00,0.52421,0.52549,0.52404,0.52538,2172
2025-09-19 12:00:00,0.5254,0.52543,0.52488,0.52495,2044
2025-09-19 13:00:00,0.52495,0.52524,0.52476,0.52504,1665
2025-09-19 14:00:00,0.52508,0.52538,0.52478,0.5248,1903
2025-09-19 15:00:00,0.52481,0.52492,0.52426,0.52433,2482
2025-09-19 16:00:00,0.52432,0.52447,0.52364,0.52386,2890
2025-09-19 17:00:00,0.52382,0.52459,0.52363,0.52457,3076
2025-09-19 18:00:00,0.52456,0.52467,0.52399,0.52417,2651
2025-09-19 19:00:00,0.52413,0.52448,0.52405,0.52415,1862
2025-09-19 20:00:00,0.52414,0.5245,0.5241,0.52442,1473
2025-09-19 21:00:00,0.52443,0.52459,0.52431,0.52458,1426
2025-09-19 22:00:00,0.52456,0.52481,0.52449,0.52458,1416
2025-09-19 23:00:00,0.52457,0.52464,0.52408,0.52408,1369
2025-09-22 00:00:00,0.52345,0.52352,0.52258,0.5226,832
2025-09-22 01:00:00,0.52265,0.52481,0.52265,0.52478,1274
2025-09-22 02:00:00,0.52478,0.52487,0.52455,0.52455,1188
2025-09-22 03:00:00,0.52456,0.5255,0.52443,0.52445,2016
2025-09-22 04:00:00,0.52446,0.52477,0.52416,0.52467,2486
2025-09-22 05:00:00,0.52466,0.52529,0.52461,0.52526,1648
2025-09-22 06:00:00,0.52524,0.52562,0.52521,0.52548,1244
2025-09-22 07:00:00,0.52548,0.52569,0.52535,0.52563,1005
2025-09-22 08:00:00,0.52562,0.52566,0.52497,0.52503,1204
2025-09-22 09:00:00,0.525,0.52507,0.5242,0.52424,1889
2025-09-22 10:00:00,0.52425,0.52425,0.52298,0.5235,2567
2025-09-22 11:00:00,0.52351,0.52382,0.52322,0.52367,2211
2025-09-22 12:00:00,0.52368,0.52419,0.52343,0.524,1692
2025-09-22 13:00:00,0.52401,0.52401,0.52336,0.52349,1478
2025-09-22 14:00:00,0.52347,0.52353,0.52312,0.52331,1615
2025-09-22 15:00:00,0.5233,0.52339,0.52303,0.52325,2157
2025-09-22 16:00:00,0.52323,0.52337,0.52275,0.5229,2675
2025-09-22 17:00:00,0.52289,0.52299,0.52216,0.52298,2416
2025-09-22 18:00:00,0.52297,0.52312,0.52267,0.52284,2013
2025-09-22 19:00:00,0.52283,0.52318,0.52261,0.52272,1734
2025-09-22 20:00:00,0.52273,0.52301,0.52269,0.52278,1147
2025-09-22 21:00:00,0.52281,0.52306,0.52273,0.52293,1130
2025-09-22 22:00:00,0.52292,0.52311,0.52282,0.52288,1201
2025-09-22 23:00:00,0.52285,0.52295,0.52269,0.52286,920
2025-09-23 00:00:00,0.52224,0.52326,0.52212,0.52239,1374
2025-09-23 01:00:00,0.52246,0.52285,0.52239,0.52277,843
2025-09-23 02:00:00,0.52278,0.52303,0.52271,0.52303,941
2025-09-23 03:00:00,0.52306,0.52309,0.52224,0.52242,1600
2025-09-23 04:00:00,0.52243,0.52247,0.5215,0.52168,1828
2025-09-23 05:00:00,0.52167,0.52178,0.52125,0.5215,1618
2025-09-23 06:00:00,0.52151,0.52188,0.52145,0.52164,1430
2025-09-23 07:00:00,0.52165,0.52191,0.52151,0.52166,1214
2025-09-23 08:00:00,0.52167,0.52215,0.52161,0.52205,1408
2025-09-23 09:00:00,0.52211,0.52251,0.52172,0.52235,1951
2025-09-23 10:00:00,0.52236,0.52245,0.52184,0.52216,2492
2025-09-23 11:00:00,0.52217,0.52285,0.52214,0.52251,2177
2025-09-23 12:00:00,0.52252,0.52319,0.5225,0.52302,1652
2025-09-23 13:00:00,0.52303,0.52376,0.52302,0.52343,1631
2025-09-23 14:00:00,0.52342,0.52373,0.52313,0.52323,1527
2025-09-23 15:00:00,0.52324,0.52379,0.52309,0.52341,2108
2025-09-23 16:00:00,0.52344,0.52387,0.52277,0.52324,3009
2025-09-23 17:00:00,0.52324,0.52384,0.52313,0.5237,3191
2025-09-23 18:00:00,0.52369,0.52371,0.52273,0.52279,2281
2025-09-23 19:00:00,0.52276,0.52313,0.52252,0.52278,2550
2025-09-23 20:00:00,0.52277,0.52295,0.52173,0.522,2676
2025-09-23 21:00:00,0.52201,0.52213,0.52165,0.52195,2002
2025-09-23 22:00:00,0.52196,0.52227,0.52194,0.52215,1726
2025-09-23 23:00:00,0.52215,0.52221,0.52183,0.52209,845
2025-09-24 00:00:00,0.52148,0.52191,0.5207,0.52153,2057
2025-09-24 01:00:00,0.52144,0.52236,0.52144,0.52222,1274
2025-09-24 02:00:00,0.52222,0.52236,0.52197,0.5222,950
2025-09-24 03:00:00,0.52219,0.52245,0.52193,0.52224,2165
2025-09-24 04:00:00,0.52225,0.52376,0.52187,0.52366,2694
2025-09-24 05:00:00,0.52367,0.52461,0.52363,0.52453,1942
2025-09-24 06:00:00,0.52455,0.52463,0.5241,0.52421,1259
2025-09-24 07:00:00,0.52422,0.52457,0.52413,0.52432,1135
2025-09-24 08:00:00,0.52432,0.52465,0.52409,0.52458,1322
2025-09-24 09:00:00,0.52463,0.52517,0.52432,0.52436,2059
2025-09-24 10:00:00,0.52435,0.52513,0.52417,0.52499,2201
2025-09-24 11:00:00,0.52498,0.5253,0.52461,0.525,2212
2025-09-24 12:00:00,0.52499,0.52522,0.52481,0.52506,1856
2025-09-24 13:00:00,0.52505,0.52519,0.52492,0.5251,1647
2025-09-24 14:00:00,0.52509,0.52515,0.5244,0.52444,1754
2025-09-24 15:00:00,0.52443,0.52493,0.52372,0.52386,2686
2025-09-24 16:00:00,0.52385,0.52404,0.52342,0.52373,2872
2025-09-24 17:00:00,0.52374,0.52402,0.52327,0.52361,3467
2025-09-24 18:00:00,0.52362,0.52403,0.52346,0.52361,2432
2025-09-24 19:00:00,0.5236,0.52364,0.52304,0.52319,2048
2025-09-24 20:00:00,0.5232,0.5236,0.52318,0.52341,1769
2025-09-24 21:00:00,0.52342,0.52345,0.52324,0.52331,1518
2025-09-24 22:00:00,0.52331,0.52356,0.52328,0.52354,1322
2025-09-24 23:00:00,0.52354,0.52359,0.52328,0.52338,1023
2025-09-25 00:00:00,0.52262,0.52297,0.52214,0.52242,1627
2025-09-25 01:00:00,0.52246,0.52335,0.52246,0.52331,974
2025-09-25 02:00:00,0.52331,0.52345,0.52316,0.52344,895
2025-09-25 03:00:00,0.52346,0.52389,0.52329,0.5237,1849
2025-09-25 04:00:00,0.52372,0.52384,0.52347,0.52362,1837
2025-09-25 05:00:00,0.52361,0.52449,0.52361,0.52448,1494
2025-09-25 06:00:00,0.52445,0.52461,0.52431,0.52445,1083
2025-09-25 07:00:00,0.52447,0.52453,0.52423,0.5243,878
2025-09-25 08:00:00,0.5243,0.5244,0.52393,0.52434,1177
2025-09-25 09:00:00,0.52434,0.52494,0.52424,0.52444,2083
2025-09-25 10:00:00,0.52443,0.52475,0.52395,0.52462,2539
2025-09-25 11:00:00,0.52461,0.52554,0.52457,0.5251,2306
2025-09-25 12:00:00,0.52509,0.52547,0.52478,0.52506,1852
2025-09-25 13:00:00,0.52506,0.52508,0.52421,0.52425,1685
2025-09-25 14:00:00,0.52424,0.5245,0.5239,0.52395,1785
2025-09-25 15:00:00,0.52394,0.52444,0.52313,0.52419,3853
2025-09-25 16:00:00,0.52419,0.52423,0.52268,0.52304,4144
2025-09-25 17:00:00,0.52305,0.5241,0.52305,0.52397,3835
2025-09-25 18:00:00,0.52398,0.52437,0.52379,0.52433,2768
2025-09-25 19:00:00,0.52432,0.52433,0.52388,0.52394,2298
2025-09-25 20:00:00,0.52393,0.52395,0.52276,0.52278,2458
2025-09-25 21:00:00,0.52277,0.52317,0.52223,0.52294,2388
2025-09-25 22:00:00,0.52293,0.523,0.52258,0.5229,1865
2025-09-25 23:00:00,0.52292,0.52296,0.52272,0.52288,1217
2025-09-26 00:00:00,0.52187,0.52285,0.52162,0.52252,1973
2025-09-26 01:00:00,0.52218,0.52306,0.5219,0.5228,843
2025-09-26 02:00:00,0.52279,0.52318,0.52265,0.52308,1135
2025-09-26 03:00:00,0.52307,0.52318,0.5226,0.52282,1874
2025-09-26 04:00:00,0.52283,0.52293,0.52247,0.52267,1934
2025-09-26 05:00:00,0.52265,0.52316,0.52264,0.52293,1447
2025-09-26 06:00:00,0.52293,0.52304,0.52281,0.52295,1064
2025-09-26 07:00:00,0.52294,0.52294,0.5227,0.52276,1048
2025-09-26 08:00:00,0.52277,0.52285,0.52255,0.52268,1132
2025-09-26 09:00:00,0.52267,0.52291,0.52199,0.52214,2180
2025-09-26 10:00:00,0.52215,0.52247,0.52183,0.52238,2416
2025-09-26 11:00:00,0.52239,0.52249,0.52187,0.52198,2027
2025-09-26 12:00:00,0.52199,0.52249,0.52181,0.52187,1856
2025-09-26 13:00:00,0.52188,0.52196,0.52164,0.52195,1645
2025-09-26 14:00:00,0.52195,0.52217,0.52185,0.52192,1715
2025-09-26 15:00:00,0.52192,0.52235,0.52166,0.52228,2877
2025-09-26 16:00:00,0.52229,0.52249,0.52181,0.52205,3491
2025-09-26 17:00:00,0.522,0.52248,0.52166,0.52238,3704
2025-09-26 18:00:00,0.52239,0.5226,0.52225,0.52251,2478
2025-09-26 19:00:00,0.52251,0.52282,0.52221,0.52282,2275
2025-09-26 20:00:00,0.52283,0.52285,0.52232,0.52247,1698
2025-09-26 21:00:00,0.52247,0.5226,0.5223,0.52234,1646
2025-09-26 22:00:00,0.52233,0.52248,0.52221,0.52242,1427
2025-09-26 23:00:00,0.52241,0.52242,0.52197,0.52206,1317
2025-09-29 00:00:00,0.52088,0.52215,0.52071,0.52164,646
2025-09-29 01:00:00,0.5217,0.52258,0.5216,0.5224,1542
2025-09-29 02:00:00,0.52239,0.52253,0.52222,0.52247,883
2025-09-29 03:00:00,0.52248,0.52254,0.52212,0.52221,1461
2025-09-29 04:00:00,0.52219,0.52237,0.52181,0.52199,1936
2025-09-29 05:00:00,0.52198,0.5225,0.52185,0.52231,1577
2025-09-29 06:00:00,0.5223,0.5228,0.52211,0.52277,1084
2025-09-29 07:00:00,0.52276,0.52307,0.5226,0.52303,975
2025-09-29 08:00:00,0.52304,0.52325,0.52271,0.52314,1501
2025-09-29 09:00:00,0.52313,0.52326,0.52288,0.52298,2139
2025-09-29 10:00:00,0.52304,0.52306,0.52241,0.52266,2235
2025-09-29 11:00:00,0.52266,0.52303,0.52251,0.52291,1965
2025-09-29 12:00:00,0.5229,0.52326,0.52282,0.52317,1768
2025-09-29 13:00:00,0.52318,0.52345,0.52312,0.52334,1487
2025-09-29 14:00:00,0.52335,0.5242,0.52334,0.52397,1811
2025-09-29 15:00:00,0.52396,0.52396,0.52279,0.52293,2769
2025-09-29 16:00:00,0.52292,0.52368,0.52288,0.52363,2974
2025-09-29 17:00:00,0.52364,0.5245,0.52336,0.52438,2752
2025-09-29 18:00:00,0.52437,0.52462,0.52401,0.52409,2486
2025-09-29 19:00:00,0.5241,0.52425,0.52397,0.5241,1657
2025-09-29 20:00:00,0.52411,0.52436,0.52407,0.52432,1346
2025-09-29 21:00:00,0.52433,0.52462,0.52427,0.52459,1259
2025-09-29 22:00:00,0.52461,0.5247,0.52442,0.52453,1256
2025-09-29 23:00:00,0.52453,0.52465,0.52437,0.52443,899
2025-09-30 00:00:00,0.5238,0.52444,0.5237,0.52389,984
2025-09-30 01:00:00,0.52387,0.52468,0.52379,0.52456,739
2025-09-30 02:00:00,0.52456,0.52477,0.52447,0.5245,849
2025-09-30 03:00:00,0.52451,0.5249,0.5243,0.52488,2067
2025-09-30 04:00:00,0.52487,0.5255,0.52475,0.52479,2150
2025-09-30 05:00:00,0.52479,0.52588,0.52462,0.52588,1713
2025-09-30 06:00:00,0.52589,0.5261,0.52526,0.52526,1365
2025-09-30 07:00:00,0.52526,0.52687,0.52504,0.52647,1671
2025-09-30 08:00:00,0.52647,0.52697,0.52605,0.52638,1872
2025-09-30 09:00:00,0.52642,0.52656,0.52533,0.52546,2691
2025-09-30 10:00:00,0.52547,0.52571,0.52356,0.52553,3160
2025-09-30 11:00:00,0.52543,0.52637,0.52539,0.52621,3106
2025-09-30 12:00:00,0.5262,0.52709,0.52594,0.52706,2433
2025-09-30 13:00:00,0.52705,0.52719,0.52679,0.52717,1827
2025-09-30 14:00:00,0.52719,0.52739,0.52676,0.52702,1716
2025-09-30 15:00:00,0.52701,0.52738,0.52679,0.52704,2186
2025-09-30 16:00:00,0.52705,0.5279,0.527,0.52744,2899
2025-09-30 17:00:00,0.5273,0.52798,0.52651,0.52725,3798
2025-09-30 18:00:00,0.52726,0.52734,0.52671,0.52676,3038
2025-09-30 19:00:00,0.52675,0.52677,0.52593,0.52597,2261
2025-09-30 20:00:00,0.52597,0.52647,0.52555,0.52623,1835
2025-09-30 21:00:00,0.52623,0.52669,0.52613,0.52665,1612
2025-09-30 22:00:00,0.52664,0.52675,0.52642,0.52663,1745
2025-09-30 23:00:00,0.52663,0.52665,0.52644,0.52657,1136
2025-10-01 00:00:00,0.52606,0.52642,0.525,0.52539,1034
2025-10-01 01:00:00,0.5256,0.52675,0.5256,0.52663,1047
2025-10-01 02:00:00,0.52663,0.52684,0.52632,0.52645,1070
2025-10-01 03:00:00,0.52646,0.5266,0.52585,0.52588,1968
2025-10-01 04:00:00,0.52587,0.52594,0.52518,0.52558,1769
2025-10-01 05:00:00,0.52557,0.5257,0.52509,0.52519,1434
2025-10-01 06:00:00,0.52521,0.52523,0.52464,0.5249,1343
2025-10-01 07:00:00,0.52491,0.525,0.52432,0.52449,1661
2025-10-01 08:00:00,0.52451,0.52511,0.52426,0.52455,2097
2025-10-01 09:00:00,0.52456,0.52514,0.52417,0.52444,2500
2025-10-01 10:00:00,0.5245,0.52537,0.52423,0.52536,3431
2025-10-01 11:00:00,0.5254,0.5264,0.52527,0.52635,2705
2025-10-01 12:00:00,0.52634,0.52673,0.52592,0.52669,2348
2025-10-01 13:00:00,0.5267,0.52771,0.5267,0.52734,2455
2025-10-01 14:00:00,0.52735,0.52814,0.52733,0.52802,1789
2025-10-01 15:00:00,0.52803,0.52803,0.52701,0.5278,4615
2025-10-01 16:00:00,0.52778,0.52798,0.52655,0.52671,3473
2025-10-01 17:00:00,0.52664,0.52794,0.52656,0.52683,4208
2025-10-01 18:00:00,0.52684,0.52719,0.52679,0.52709,3019
2025-10-01 19:00:00,0.52713,0.52786,0.5271,0.52749,2249
2025-10-01 20:00:00,0.52747,0.5275,0.52711,0.52722,1663
2025-10-01 21:00:00,0.52722,0.52754,0.52711,0.52736,1814
2025-10-01 22:00:00,0.52737,0.52746,0.52696,0.52702,1516
2025-10-01 23:00:00,0.52701,0.52712,0.52685,0.527,1139
2025-10-02 00:00:00,0.52651,0.52653,0.52586,0.52633,844
2025-10-02 01:00:00,0.52637,0.52699,0.52636,0.52679,754
2025-10-02 02:00:00,0.52681,0.52713,0.52674,0.52713,706
2025-10-02 03:00:00,0.52712,0.52716,0.5265,0.52654,1784
2025-10-02 04:00:00,0.52654,0.52709,0.52623,0.52701,2085
2025-10-02 05:00:00,0.52699,0.52708,0.52672,0.52682,1140
2025-10-02 06:00:00,0.52683,0.52694,0.52648,0.52688,1105
2025-10-02 07:00:00,0.52688,0.52717,0.52672,0.5271,956
2025-10-02 08:00:00,0.52709,0.52734,0.52698,0.52712,1447
2025-10-02 09:00:00,0.52713,0.52765,0.52691,0.52737,2291
2025-10-02 10:00:00,0.52735,0.52765,0.52698,0.52743,2426
2025-10-02 11:00:00,0.52742,0.52747,0.52672,0.52706,2116
2025-10-02 12:00:00,0.52707,0.52709,0.52614,0.52627,1948
2025-10-02 13:00:00,0.52629,0.52653,0.52591,0.52594,1679
2025-10-02 14:00:00,0.52593,0.52604,0.52548,0.52557,1701
2025-10-02 15:00:00,0.52557,0.52594,0.52537,0.52586,2122
2025-10-02 16:00:00,0.52585,0.52642,0.52569,0.52597,2967
2025-10-02 17:00:00,0.52598,0.526,0.5255,0.52569,3094
2025-10-02 18:00:00,0.52568,0.52637,0.52567,0.52632,2572
2025-10-02 19:00:00,0.5263,0.52643,0.52611,0.52614,2071
2025-10-02 20:00:00,0.52613,0.52626,0.52598,0.52623,1649
2025-10-02 21:00:00,0.52624,0.52641,0.52606,0.52612,1367
2025-10-02 22:00:00,0.52613,0.5262,0.52588,0.52605,1294
2025-10-02 23:00:00,0.52603,0.52618,0.52598,0.5261,1042
2025-10-03 00:00:00,0.5253,0.52568,0.52488,0.5254,579
2025-10-03 01:00:00,0.52543,0.52606,0.52543,0.52589,759
2025-10-03 02:00:00,0.52591,0.52598,0.52566,0.52588,644
2025-10-03 03:00:00,0.52588,0.52645,0.52585,0.52623,1300
2025-10-03 04:00:00,0.52622,0.52642,0.52603,0.52633,1948
2025-10-03 05:00:00,0.52632,0.52635,0.52585,0.52604,1146
2025-10-03 06:00:00,0.52603,0.52616,0.52591,0.52606,1003
2025-10-03 07:00:00,0.52605,0.52609,0.52564,0.52567,853
2025-10-03 08:00:00,0.52567,0.52603,0.52565,0.52571,1475
2025-10-03 09:00:00,0.5257,0.52635,0.52555,0.52613,1774
2025-10-03 10:00:00,0.52611,0.52683,0.52607,0.52634,1846
2025-10-03 11:00:00,0.52632,0.52668,0.52567,0.52594,1889
2025-10-03 12:00:00,0.52596,0.52637,0.52588,0.52626,1412
2025-10-03 13:00:00,0.52625,0.52639,0.52595,0.52596,1265
2025-10-03 14:00:00,0.52596,0.52611,0.52554,0.52579,1454
2025-10-03 15:00:00,0.52577,0.52578,0.52511,0.52562,1941
2025-10-03 16:00:00,0.52561,0.52591,0.5253,0.52565,2516
2025-10-03 17:00:00,0.52524,0.52569,0.52495,0.52507,4008
2025-10-03 18:00:00,0.52506,0.52558,0.52484,0.52556,2092
2025-10-03 19:00:00,0.52555,0.52572,0.52543,0.5255,1652
2025-10-03 20:00:00,0.52548,0.52555,0.52494,0.52516,1846
2025-10-03 21:00:00,0.52517,0.52537,0.52493,0.52508,1590
2025-10-03 22:00:00,0.52507,0.52525,0.52504,0.52517,1396
2025-10-03 23:00:00,0.52516,0.52523,0.52436,0.52446,1066
2025-10-06 00:00:00,0.52344,0.52454,0.52336,0.52441,450
2025-10-06 01:00:00,0.52442,0.52557,0.52436,0.5254,2131
2025-10-06 02:00:00,0.52538,0.5258,0.52532,0.52565,3021
2025-10-06 03:00:00,0.52563,0.52573,0.52538,0.52553,2510
2025-10-06 04:00:00,0.52551,0.52602,0.52518,0.52594,1988
2025-10-06 05:00:00,0.52594,0.52606,0.52555,0.52596,1308
2025-10-06 06:00:00,0.52595,0.52603,0.52565,0.52579,1197
2025-10-06 07:00:00,0.52578,0.52593,0.52549,0.52554,1557
2025-10-06 08:00:00,0.52555,0.52589,0.52526,0.52574,1474
2025-10-06 09:00:00,0.52575,0.52723,0.52561,0.52719,2538
2025-10-06 10:00:00,0.52718,0.52778,0.52712,0.52766,3595
2025-10-06 11:00:00,0.52767,0.52785,0.52667,0.52702,2972
2025-10-06 12:00:00,0.52699,0.52702,0.52648,0.52696,1954
2025-10-06 13:00:00,0.52697,0.52711,0.52643,0.52646,1915
2025-10-06 14:00:00,0.52647,0.5266,0.52631,0.52644,1786
2025-10-06 15:00:00,0.52643,0.52699,0.52612,0.52689,2831
2025-10-06 16:00:00,0.52688,0.52749,0.52663,0.52704,2491
2025-10-06 17:00:00,0.52703,0.52741,0.52621,0.52627,2647
2025-10-06 18:00:00,0.5263,0.52645,0.52606,0.52636,1961
2025-10-06 19:00:00,0.52633,0.5264,0.52603,0.52608,1480
2025-10-06 20:00:00,0.52609,0.52641,0.52605,0.52641,1438
2025-10-06 21:00:00,0.5264,0.52645,0.52612,0.52627,1331
2025-10-06 22:00:00,0.52627,0.5263,0.52585,0.52587,1496
2025-10-06 23:00:00,0.52587,0.52609,0.52587,0.5259,954
2025-10-07 00:00:00,0.52544,0.52574,0.5251,0.52519,373
2025-10-07 01:00:00,0.5254,0.52615,0.52536,0.52612,1603
2025-10-07 02:00:00,0.52611,0.52617,0.52586,0.52594,1091
2025-10-07 03:00:00,0.52595,0.5264,0.5253,0.5254,1904
2025-10-07 04:00:00,0.52539,0.52625,0.52524,0.52622,1623
2025-10-07 05:00:00,0.52622,0.52663,0.52612,0.52658,1097
2025-10-07 06:00:00,0.52659,0.52688,0.52633,0.52647,918
2025-10-07 07:00:00,0.52649,0.52655,0.52588,0.52596,1139
2025-10-07 08:00:00,0.52595,0.52601,0.52544,0.52548,1224
2025-10-07 09:00:00,0.52549,0.52577,0.52528,0.52564,2115
2025-10-07 10:00:00,0.52563,0.52563,0.52491,0.52554,2345
2025-10-07 11:00:00,0.52555,0.52574,0.52513,0.52573,1797
2025-10-07 12:00:00,0.52574,0.52628,0.52546,0.52627,1818
2025-10-07 13:00:00,0.52626,0.52629,0.52547,0.52549,1595
2025-10-07 14:00:00,0.52552,0.52602,0.52551,0.52596,1801
2025-10-07 15:00:00,0.52593,0.52611,0.52526,0.52529,2617
2025-10-07 16:00:00,0.5253,0.52632,0.52518,0.52619,3036
2025-10-07 17:00:00,0.52621,0.52621,0.52561,0.52571,3047
2025-10-07 18:00:00,0.5257,0.52586,0.52467,0.52482,3184
2025-10-07 19:00:00,0.52481,0.52541,0.52467,0.52508,2683
2025-10-07 20:00:00,0.52507,0.52547,0.52483,0.52537,2219
2025-10-07 21:00:00,0.52537,0.52557,0.52518,0.52548,2125
2025-10-07 22:00:00,0.52549,0.52558,0.52529,0.52554,1951
2025-10-07 23:00:00,0.52555,0.52562,0.52523,0.52527,1162
2025-10-08 00:00:00,0.52406,0.5251,0.52394,0.52482,1760
2025-10-08 01:00:00,0.52495,0.52557,0.52486,0.52554,649
2025-10-08 02:00:00,0.52553,0.5257,0.52544,0.52547,997
2025-10-08 03:00:00,0.52548,0.52565,0.52514,0.52536,1884
2025-10-08 04:00:00,0.52532,0.52577,0.52482,0.5251,3251
2025-10-08 05:00:00,0.52511,0.52547,0.52496,0.52533,1888
2025-10-08 06:00:00,0.52534,0.52574,0.52522,0.5257,1254
2025-10-08 07:00:00,0.52571,0.52579,0.52549,0.52563,1139
2025-10-08 08:00:00,0.52562,0.5258,0.52542,0.52563,1239
2025-10-08 09:00:00,0.52567,0.52593,0.52548,0.52573,2654
2025-10-08 10:00:00,0.52572,0.52618,0.52568,0.52589,3011
2025-10-08 11:00:00,0.52589,0.52604,0.52545,0.52553,2512
2025-10-08 12:00:00,0.52554,0.52577,0.52525,0.52541,2360
2025-10-08 13:00:00,0.5254,0.52603,0.52538,0.52575,2127
2025-10-08 14:00:00,0.52576,0.52593,0.52555,0.52582,1881
2025-10-08 15:00:00,0.5258,0.52651,0.52578,0.52651,2445
2025-10-08 16:00:00,0.52652,0.52745,0.52652,0.52715,3188
2025-10-08 17:00:00,0.52718,0.52729,0.52676,0.52691,3207
2025-10-08 18:00:00,0.52692,0.52811,0.5268,0.52776,2941
2025-10-08 19:00:00,0.52777,0.52792,0.52762,0.52779,2031
2025-10-08 20:00:00,0.5278,0.52809,0.52768,0.5277,1316
2025-10-08 21:00:00,0.52766,0.52825,0.5275,0.52803,2451
2025-10-08 22:00:00,0.52804,0.52817,0.52792,0.52801,1488
2025-10-08 23:00:00,0.52802,0.52827,0.52791,0.52817,861
2025-10-09 00:00:00,0.52682,0.5276,0.52666,0.52731,422
2025-10-09 01:00:00,0.52732,0.52822,0.52731,0.52815,983
2025-10-09 02:00:00,0.52814,0.52814,0.52751,0.52773,1034
2025-10-09 03:00:00,0.52774,0.52828,0.52766,0.52813,1616
2025-10-09 04:00:00,0.52814,0.52826,0.52778,0.52784,2417
2025-10-09 05:00:00,0.52783,0.52834,0.52767,0.52826,1201
2025-10-09 06:00:00,0.52827,0.52846,0.52814,0.52839,950
2025-10-09 07:00:00,0.52839,0.52912,0.52834,0.52881,793
2025-10-09 08:00:00,0.5288,0.5292,0.5288,0.52886,1004
2025-10-09 09:00:00,0.52888,0.52897,0.52749,0.52782,3224
2025-10-09 10:00:00,0.52778,0.5289,0.52775,0.52882,3206
2025-10-09 11:00:00,0.52885,0.52887,0.52726,0.52778,2749
2025-10-09 12:00:00,0.52779,0.52823,0.52773,0.52811,2773
2025-10-09 13:00:00,0.5281,0.52836,0.52795,0.52799,1883
2025-10-09 14:00:00,0.52798,0.52861,0.52789,0.52855,1972
2025-10-09 15:00:00,0.52856,0.53004,0.52847,0.52997,2897
2025-10-09 16:00:00,0.52998,0.53036,0.52897,0.52914,4658
2025-10-09 17:00:00,0.52911,0.52911,0.52761,0.52796,4794
2025-10-09 18:00:00,0.52798,0.52831,0.52776,0.52821,4061
2025-10-09 19:00:00,0.52823,0.52856,0.52813,0.52819,3003
2025-10-09 20:00:00,0.52817,0.52858,0.52808,0.52845,3165
2025-10-09 21:00:00,0.52846,0.52859,0.52805,0.5283,2025
2025-10-09 22:00:00,0.52829,0.52846,0.52811,0.52842,1934
2025-10-09 23:00:00,0.52841,0.52848,0.52817,0.52836,1225
2025-10-10 00:00:00,0.5282,0.52824,0.52738,0.52777,383
2025-10-10 01:00:00,0.52784,0.52868,0.5278,0.52865,1001
2025-10-10 02:00:00,0.52866,0.52893,0.52857,0.52892,1165
2025-10-10 03:00:00,0.52894,0.52949,0.52874,0.5294,1923
2025-10-10 04:00:00,0.52941,0.52979,0.52933,0.52959,1823
2025-10-10 05:00:00,0.52959,0.52982,0.52947,0.52971,1275
2025-10-10 06:00:00,0.5297,0.52981,0.52928,0.52937,1111
2025-10-10 07:00:00,0.52936,0.5294,0.52907,0.52916,943
2025-10-10 08:00:00,0.52916,0.52932,0.52885,0.52912,1169
2025-10-10 09:00:00,0.52908,0.52917,0.52764,0.52795,2923
2025-10-10 10:00:00,0.52796,0.52826,0.52749,0.52821,3101
2025-10-10 11:00:00,0.5282,0.52846,0.52764,0.52794,2497
2025-10-10 12:00:00,0.52795,0.52813,0.52759,0.52782,2149
2025-10-10 13:00:00,0.52781,0.52814,0.52775,0.52794,1872
2025-10-10 14:00:00,0.52794,0.52828,0.5279,0.52828,2144
2025-10-10 15:00:00,0.52827,0.52839,0.52762,0.528,2768
2025-10-10 16:00:00,0.52801,0.52807,0.52701,0.52701,3257
2025-10-10 17:00:00,0.52701,0.52753,0.52614,0.52616,3808
2025-10-10 18:00:00,0.52614,0.52614,0.5189,0.52038,9451
2025-10-10 19:00:00,0.52036,0.52096,0.51942,0.51959,5708
2025-10-10 20:00:00,0.51955,0.52042,0.51912,0.52018,3838
2025-10-10 21:00:00,0.52022,0.52031,0.51932,0.51949,3035
2025-10-10 22:00:00,0.51948,0.51984,0.51914,0.51942,2903
2025-10-10 23:00:00,0.5194,0.51955,0.5165,0.51652,2605
2025-10-13 00:00:00,0.52044,0.52071,0.51928,0.51956,813
2025-10-13 01:00:00,0.5195,0.52254,0.519,0.52126,3518
2025-10-13 02:00:00,0.52125,0.52143,0.5205,0.52132,2434
2025-10-13 03:00:00,0.52132,0.52201,0.52113,0.5219,3290
2025-10-13 04:00:00,0.52192,0.52339,0.52177,0.52304,3402
2025-10-13 05:00:00,0.52301,0.52327,0.52271,0.52286,1856
2025-10-13 06:00:00,0.52284,0.52314,0.52188,0.52212,1598
2025-10-13 07:00:00,0.52213,0.52256,0.52207,0.5225,1262
2025-10-13 08:00:00,0.52251,0.52288,0.52242,0.52264,1674
2025-10-13 09:00:00,0.52263,0.52275,0.5218,0.52198,2999
2025-10-13 10:00:00,0.52197,0.5236,0.52183,0.52345,3793
2025-10-13 11:00:00,0.52343,0.52434,0.52341,0.52432,2870
2025-10-13 12:00:00,0.52433,0.52435,0.52336,0.52388,2161
2025-10-13 13:00:00,0.52387,0.52441,0.52374,0.52424,2138
2025-10-13 14:00:00,0.52422,0.52424,0.52297,0.52332,3301
2025-10-13 15:00:00,0.52328,0.52394,0.52314,0.52369,3051
2025-10-13 16:00:00,0.5237,0.52435,0.52364,0.52431,3884
2025-10-13 17:00:00,0.52429,0.52485,0.52384,0.52436,3981
2025-10-13 18:00:00,0.52435,0.52492,0.52409,0.52418,2790
2025-10-13 19:00:00,0.52419,0.52462,0.52398,0.5245,1757
2025-10-13 20:00:00,0.52451,0.52455,0.52407,0.52426,1221
2025-10-13 21:00:00,0.52425,0.52445,0.52382,0.52385,1276
2025-10-13 22:00:00,0.52388,0.52417,0.52383,0.524,1094
2025-10-13 23:00:00,0.52399,0.52401,0.52368,0.52379,713
2025-10-14 00:00:00,0.52274,0.52382,0.52274,0.5235,660
2025-10-14 01:00:00,0.5235,0.52425,0.52314,0.52416,1100
2025-10-14 02:00:00,0.52416,0.5242,0.52357,0.52374,1102
2025-10-14 03:00:00,0.52373,0.52481,0.52371,0.52442,2929
2025-10-14 04:00:00,0.52439,0.52447,0.52339,0.52359,2916
2025-10-14 05:00:00,0.52358,0.52391,0.5233,0.52344,1722
2025-10-14 06:00:00,0.52343,0.52354,0.52186,0.52213,2487
2025-10-14 07:00:00,0.52217,0.52217,0.51961,0.52005,3834
2025-10-14 08:00:00,0.52006,0.52022,0.51822,0.51888,3509
2025-10-14 09:00:00,0.51887,0.51964,0.51865,0.51934,4910
2025-10-14 10:00:00,0.51933,0.52002,0.51839,0.5191,5253
2025-10-14 11:00:00,0.51911,0.51947,0.51863,0.51869,3283
2025-10-14 12:00:00,0.5187,0.51918,0.51832,0.51852,2815
2025-10-14 13:00:00,0.51853,0.51858,0.51762,0.51815,3086
2025-10-14 14:00:00,0.51824,0.51936,0.51808,0.5193,2925
2025-10-14 15:00:00,0.51931,0.51938,0.51813,0.51845,3959
2025-10-14 16:00:00,0.51844,0.51915,0.51777,0.51878,5649
2025-10-14 17:00:00,0.5188,0.52053,0.51876,0.51995,5001
2025-10-14 18:00:00,0.51993,0.52044,0.51951,0.51992,4546
2025-10-14 19:00:00,0.5199,0.5202,0.5195,0.51984,3652
2025-10-14 20:00:00,0.51983,0.52021,0.51935,0.51981,2470
2025-10-14 21:00:00,0.51983,0.52004,0.51955,0.51996,1765
2025-10-14 22:00:00,0.51996,0.52016,0.51874,0.5193,2800
2025-10-14 23:00:00,0.5193,0.51951,0.5192,0.51946,923
2025-10-15 00:00:00,0.51914,0.51914,0.51779,0.51893,694
2025-10-15 01:00:00,0.51895,0.52011,0.51882,0.52006,1132
2025-10-15 02:00:00,0.52007,0.52043,0.51994,0.52018,1140
2025-10-15 03:00:00,0.52018,0.52036,0.51966,0.52034,2546
2025-10-15 04:00:00,0.52033,0.52073,0.51994,0.52045,3320
2025-10-15 05:00:00,0.52046,0.52129,0.5204,0.52072,2417
2025-10-15 06:00:00,0.52071,0.52137,0.52059,0.52094,1854
2025-10-15 07:00:00,0.52094,0.52156,0.52085,0.52112,1408
2025-10-15 08:00:00,0.52123,0.52135,0.52083,0.52109,1670
2025-10-15 09:00:00,0.52105,0.52147,0.52083,0.5213,3117
2025-10-15 10:00:00,0.52131,0.52136,0.52083,0.52101,3238
2025-10-15 11:00:00,0.52101,0.52139,0.5209,0.52124,2554
2025-10-15 12:00:00,0.52125,0.52173,0.52116,0.52171,2674
2025-10-15 13:00:00,0.52173,0.52223,0.5217,0.52213,2121
2025-10-15 14:00:00,0.5221,0.52219,0.52128,0.5214,2188
2025-10-15 15:00:00,0.52139,0.52162,0.52095,0.52105,3870
2025-10-15 16:00:00,0.52105,0.52137,0.51987,0.52024,4607
2025-10-15 17:00:00,0.52025,0.52077,0.5199,0.52039,3785
2025-10-15 18:00:00,0.52038,0.52052,0.51838,0.5191,4722
2025-10-15 19:00:00,0.51911,0.51948,0.51882,0.51886,2751
2025-10-15 20:00:00,0.51888,0.51891,0.51696,0.51848,3670
2025-10-15 21:00:00,0.51846,0.51893,0.51832,0.51881,1869
2025-10-15 22:00:00,0.51883,0.51887,0.5184,0.51868,1486
2025-10-15 23:00:00,0.51868,0.51889,0.51864,0.51876,963
2025-10-16 00:00:00,0.51774,0.51868,0.51744,0.51806,931
2025-10-16 01:00:00,0.51822,0.51884,0.51808,0.51876,1096
2025-10-16 02:00:00,0.51875,0.51881,0.51795,0.51834,1249
2025-10-16 03:00:00,0.51837,0.51851,0.51532,0.51607,3642
2025-10-16 04:00:00,0.51606,0.51698,0.51552,0.51554,4086
2025-10-16 05:00:00,0.51553,0.51615,0.51509,0.51585,2729
2025-10-16 06:00:00,0.51585,0.51585,0.5151,0.51565,1914
2025-10-16 07:00:00,0.51566,0.51637,0.51561,0.5163,1597
2025-10-16 08:00:00,0.51629,0.51702,0.51621,0.51668,2349
2025-10-16 09:00:00,0.51665,0.51782,0.51661,0.51765,3270
2025-10-16 10:00:00,0.51766,0.51893,0.51766,0.51856,4029
2025-10-16 11:00:00,0.51856,0.51892,0.51814,0.51824,3381
2025-10-16 12:00:00,0.51824,0.51857,0.51785,0.51816,2580
2025-10-16 13:00:00,0.51817,0.51875,0.51813,0.51868,2511
2025-10-16 14:00:00,0.51867,0.51939,0.5186,0.51937,2855
2025-10-16 15:00:00,0.51936,0.51938,0.51791,0.51797,3660
2025-10-16 16:00:00,0.51796,0.51863,0.51674,0.5168,4563
2025-10-16 17:00:00,0.51679,0.51771,0.51628,0.517,4924
2025-10-16 18:00:00,0.51701,0.51723,0.51636,0.51646,4262
2025-10-16 19:00:00,0.51644,0.51687,0.51419,0.51549,5344
2025-10-16 20:00:00,0.5155,0.51581,0.51419,0.51448,4566
2025-10-16 21:00:00,0.51448,0.51456,0.51327,0.51412,3797
2025-10-16 22:00:00,0.51413,0.51428,0.51326,0.51404,3105
2025-10-16 23:00:00,0.51404,0.51421,0.51391,0.51412,1148
2025-10-17 00:00:00,0.51382,0.5139,0.51336,0.51382,427
2025-10-17 01:00:00,0.51374,0.51429,0.51373,0.5138,1367
2025-10-17 02:00:00,0.51379,0.51401,0.5127,0.51329,1503
2025-10-17 03:00:00,0.5133,0.51347,0.51281,0.51305,2999
2025-10-17 04:00:00,0.51304,0.51348,0.51201,0.51212,3802
2025-10-17 05:00:00,0.51213,0.51231,0.51123,0.51145,2750
2025-10-17 06:00:00,0.51146,0.51167,0.51059,0.51105,2036
2025-10-17 07:00:00,0.51104,0.51182,0.51104,0.51166,1844
2025-10-17 08:00:00,0.51165,0.51168,0.51095,0.51115,2209
2025-10-17 09:00:00,0.51111,0.51154,0.51002,0.51007,4612
2025-10-17 10:00:00,0.51002,0.51019,0.5077,0.51006,6762
2025-10-17 11:00:00,0.51007,0.51029,0.50923,0.50984,4603
2025-10-17 12:00:00,0.50983,0.51063,0.50957,0.51034,3670
2025-10-17 13:00:00,0.51035,0.5119,0.51008,0.51172,3764
2025-10-17 14:00:00,0.51176,0.51464,0.51115,0.51337,5506
2025-10-17 15:00:00,0.51336,0.51438,0.5128,0.51288,5247
2025-10-17 16:00:00,0.51285,0.51338,0.51181,0.51252,5356
2025-10-17 17:00:00,0.5125,0.51407,0.51218,0.51389,6344
2025-10-17 18:00:00,0.5139,0.51427,0.51265,0.51355,4567
2025-10-17 19:00:00,0.51354,0.51407,0.51337,0.51364,2876
2025-10-17 20:00:00,0.51363,0.51431,0.51344,0.51429,2721
2025-10-17 21:00:00,0.51428,0.51528,0.51427,0.51489,2206
2025-10-17 22:00:00,0.5149,0.5154,0.51482,0.5151,1639
2025-10-17 23:00:00,0.51511,0.51536,0.51484,0.51488,1596
2025-10-20 00:00:00,0.51338,0.51451,0.51316,0.51442,440
2025-10-20 01:00:00,0.51467,0.51652,0.51467,0.51652,1439
2025-10-20 02:00:00,0.51652,0.51652,0.51555,0.51591,1354
2025-10-20 03:00:00,0.51592,0.51592,0.51523,0.51573,3207
2025-10-20 04:00:00,0.51574,0.5168,0.51572,0.51597,2830
2025-10-20 05:00:00,0.51598,0.51641,0.51598,0.51613,1858
2025-10-20 06:00:00,0.51612,0.51624,0.51537,0.51566,1467
2025-10-20 07:00:00,0.51567,0.51588,0.51535,0.51547,1383
2025-10-20 08:00:00,0.51546,0.51605,0.51537,0.51584,1700
2025-10-20 09:00:00,0.51583,0.51587,0.51535,0.51575,3515
2025-10-20 10:00:00,0.51575,0.51609,0.51512,0.51519,3468
2025-10-20 11:00:00,0.51518,0.51559,0.51464,0.51486,2892
2025-10-20 12:00:00,0.51485,0.51547,0.51457,0.51469,2777
2025-10-20 13:00:00,0.51468,0.515,0.51432,0.51448,2625
2025-10-20 14:00:00,0.51445,0.51473,0.5143,0.51432,2434
2025-10-20 15:00:00,0.51432,0.5146,0.51405,0.51449,3201
2025-10-20 16:00:00,0.51449,0.51545,0.51423,0.51505,3392
2025-10-20 17:00:00,0.51506,0.51526,0.51451,0.51482,3384
2025-10-20 18:00:00,0.51483,0.51641,0.51478,0.51588,3435
2025-10-20 19:00:00,0.51587,0.51608,0.51573,0.5159,2206
2025-10-20 20:00:00,0.5159,0.51621,0.51586,0.51601,1354
2025-10-20 21:00:00,0.51602,0.51626,0.51576,0.51583,1262
2025-10-20 22:00:00,0.51584,0.51613,0.51584,0.51599,1120
2025-10-20 23:00:00,0.51597,0.51611,0.51575,0.51596,861
2025-10-21 00:00:00,0.51527,0.51565,0.51504,0.51536,446
2025-10-21 01:00:00,0.51556,0.51636,0.51552,0.51635,943
2025-10-21 02:00:00,0.51634,0.51642,0.51614,0.51632,855
2025-10-21 03:00:00,0.51633,0.51653,0.51585,0.51651,2410
2025-10-21 04:00:00,0.51652,0.51655,0.51587,0.51617,2503
2025-10-21 05:00:00,0.51616,0.51643,0.51594,0.51607,2286
2025-10-21 06:00:00,0.51606,0.51621,0.51577,0.51593,1683
2025-10-21 07:00:00,0.51594,0.51606,0.51529,0.51571,1925
2025-10-21 08:00:00,0.51575,0.51578,0.5148,0.51504,2593
2025-10-21 09:00:00,0.51503,0.51507,0.51427,0.51438,3423
2025-10-21 10:00:00,0.51437,0.5147,0.51403,0.51435,4002
2025-10-21 11:00:00,0.51439,0.5148,0.51354,0.51468,4217
2025-10-21 12:00:00,0.51467,0.51539,0.51447,0.51535,2796
2025-10-21 13:00:00,0.51536,0.51588,0.51525,0.51547,3249
2025-10-21 14:00:00,0.51547,0.5161,0.51538,0.5159,3058
2025-10-21 15:00:00,0.51591,0.5167,0.51577,0.51668,4412
2025-10-21 16:00:00,0.51669,0.51669,0.51421,0.51438,4935
2025-10-21 17:00:00,0.51439,0.51658,0.51403,0.51641,4772
2025-10-21 18:00:00,0.51643,0.51681,0.516,0.51659,3515
2025-10-21 19:00:00,0.51657,0.51725,0.51648,0.51659,3230
2025-10-21 20:00:00,0.51659,0.5166,0.51605,0.51649,2654
2025-10-21 21:00:00,0.51649,0.51667,0.51633,0.51664,1567
2025-10-21 22:00:00,0.51665,0.51683,0.51654,0.51666,1382
2025-10-21 23:00:00,0.51665,0.51678,0.51642,0.51659,884
2025-10-22 00:00:00,0.51567,0.5162,0.51546,0.51586,1500
2025-10-22 01:00:00,0.51588,0.51702,0.51586,0.51702,969
2025-10-22 02:00:00,0.517,0.51729,0.51688,0.51714,859
2025-10-22 03:00:00,0.51714,0.51743,0.5162,0.51622,3091
2025-10-22 04:00:00,0.5162,0.51649,0.51601,0.51642,2814
2025-10-22 05:00:00,0.51643,0.5169,0.51626,0.5167,1640
2025-10-22 06:00:00,0.51671,0.51691,0.51649,0.51687,1628
2025-10-22 07:00:00,0.51686,0.51758,0.51686,0.5172,1434
2025-10-22 08:00:00,0.51719,0.51748,0.51706,0.51731,1616
2025-10-22 09:00:00,0.5173,0.51788,0.51702,0.51746,3425
2025-10-22 10:00:00,0.51747,0.51775,0.51719,0.51764,3402
2025-10-22 11:00:00,0.51762,0.51776,0.51687,0.51701,3926
2025-10-22 12:00:00,0.517,0.51727,0.51657,0.51717,2852
2025-10-22 13:00:00,0.51716,0.51752,0.51687,0.51691,2761
2025-10-22 14:00:00,0.51688,0.51706,0.51614,0.51626,2913
2025-10-22 15:00:00,0.51627,0.5171,0.51626,0.51707,3648
2025-10-22 16:00:00,0.51706,0.5177,0.51688,0.51736,3669
2025-10-22 17:00:00,0.51737,0.51775,0.51619,0.51659,4485
2025-10-22 18:00:00,0.51658,0.51752,0.51637,0.51732,3788
2025-10-22 19:00:00,0.51733,0.5174,0.51515,0.51642,4203
2025-10-22 20:00:00,0.51644,0.51664,0.51514,0.51552,3153
2025-10-22 21:00:00,0.51551,0.51632,0.51521,0.51622,2538
2025-10-22 22:00:00,0.51621,0.5168,0.51608,0.5167,2177
2025-10-22 23:00:00,0.5167,0.51677,0.5163,0.51648,1030
2025-10-23 00:00:00,0.51516,0.51621,0.51516,0.51599,604
2025-10-23 01:00:00,0.516,0.5166,0.51596,0.51653,1146
2025-10-23 02:00:00,0.51651,0.51664,0.51637,0.51652,984
2025-10-23 03:00:00,0.51649,0.51696,0.51623,0.51694,2619
2025-10-23 04:00:00,0.51695,0.51749,0.51688,0.51689,2238
2025-10-23 05:00:00,0.5169,0.51709,0.51659,0.51697,1717
2025-10-23 06:00:00,0.51696,0.51724,0.51662,0.51667,1544
2025-10-23 07:00:00,0.51666,0.51706,0.51666,0.51697,1309
2025-10-23 08:00:00,0.51697,0.51737,0.51689,0.5173,1398
2025-10-23 09:00:00,0.51728,0.51851,0.51725,0.51837,3027
2025-10-23 10:00:00,0.51838,0.51915,0.51838,0.51851,2940
2025-10-23 11:00:00,0.51852,0.51922,0.51852,0.51901,2343
2025-10-23 12:00:00,0.51902,0.51969,0.51861,0.51963,1995
2025-10-23 13:00:00,0.51962,0.51967,0.51915,0.51933,2033
2025-10-23 14:00:00,0.51933,0.51942,0.51886,0.51889,2061
2025-10-23 15:00:00,0.51887,0.51895,0.51819,0.51834,2666
2025-10-23 16:00:00,0.51832,0.51894,0.51822,0.51858,3246
2025-10-23 17:00:00,0.5186,0.51874,0.51783,0.51824,3441
2025-10-23 18:00:00,0.51825,0.51851,0.51784,0.51831,3093
2025-10-23 19:00:00,0.5183,0.51841,0.51789,0.51806,1612
2025-10-23 20:00:00,0.51806,0.51867,0.51774,0.51834,1644
2025-10-23 21:00:00,0.51836,0.51847,0.51818,0.51819,1033
2025-10-23 22:00:00,0.5182,0.5182,0.51778,0.51778,830
2025-10-23 23:00:00,0.51777,0.518,0.51765,0.51785,675
2025-10-24 00:00:00,0.51709,0.51755,0.51698,0.51748,1080
2025-10-24 01:00:00,0.51746,0.51809,0.5174,0.51797,1110
2025-10-24 02:00:00,0.51796,0.51801,0.51781,0.51795,745
2025-10-24 03:00:00,0.51796,0.51801,0.51762,0.51789,2143
2025-10-24 04:00:00,0.51789,0.51806,0.51775,0.51784,2191
2025-10-24 05:00:00,0.51785,0.51805,0.51705,0.51707,2209
2025-10-24 06:00:00,0.51709,0.5177,0.51707,0.51769,1515
2025-10-24 07:00:00,0.51769,0.51771,0.51736,0.51751,1289
2025-10-24 08:00:00,0.51751,0.51759,0.51698,0.51727,1734
2025-10-24 09:00:00,0.51727,0.51773,0.51727,0.51759,2245
2025-10-24 10:00:00,0.5176,0.5176,0.51692,0.51724,3012
2025-10-24 11:00:00,0.51725,0.51734,0.5167,0.51688,2938
2025-10-24 12:00:00,0.51688,0.51729,0.51667,0.51702,2016
2025-10-24 13:00:00,0.51701,0.51747,0.51699,0.51738,1604
2025-10-24 14:00:00,0.51739,0.51779,0.51724,0.51757,1969
2025-10-24 15:00:00,0.51756,0.51837,0.51694,0.51783,5237
2025-10-24 16:00:00,0.51784,0.51796,0.51732,0.5178,4938
2025-10-24 17:00:00,0.51782,0.51789,0.51661,0.51682,4462
2025-10-24 18:00:00,0.51681,0.51808,0.51678,0.51796,3041
2025-10-24 19:00:00,0.51795,0.51816,0.51784,0.51798,1347
2025-10-24 20:00:00,0.51797,0.51813,0.51781,0.51781,1095
2025-10-24 21:00:00,0.5178,0.51806,0.5177,0.51797,963
2025-10-24 22:00:00,0.51798,0.51811,0.51774,0.51779,779
2025-10-24 23:00:00,0.51778,0.51796,0.51734,0.5176,1070
2025-10-27 00:00:00,0.52051,0.5207,0.51912,0.52,1001
2025-10-27 01:00:00,0.52012,0.5211,0.52002,0.52033,1976
2025-10-27 02:00:00,0.52032,0.5205,0.52002,0.52008,1311
2025-10-27 03:00:00,0.52005,0.52049,0.51933,0.51941,2573
2025-10-27 04:00:00,0.5194,0.5198,0.51924,0.51954,3077
2025-10-27 05:00:00,0.51953,0.52016,0.51948,0.5201,1908
2025-10-27 06:00:00,0.52012,0.52016,0.51967,0.51974,1618
2025-10-27 07:00:00,0.51975,0.5201,0.51971,0.52007,1475
2025-10-27 08:00:00,0.52008,0.52067,0.51999,0.52062,1622
2025-10-27 09:00:00,0.52061,0.52133,0.52058,0.52096,2203
2025-10-27 10:00:00,0.52094,0.52103,0.52059,0.52069,2616
2025-10-27 11:00:00,0.52068,0.5224,0.52065,0.5223,3108
2025-10-27 12:00:00,0.52232,0.52234,0.52143,0.52188,3212
2025-10-27 13:00:00,0.52189,0.52201,0.52163,0.52181,2386
2025-10-27 14:00:00,0.52179,0.52193,0.52142,0.52144,2152
2025-10-27 15:00:00,0.52143,0.5217,0.52104,0.52156,2747
2025-10-27 16:00:00,0.52156,0.52198,0.52111,0.52155,3189
2025-10-27 17:00:00,0.52156,0.52172,0.52105,0.52131,2902
2025-10-27 18:00:00,0.5213,0.52193,0.52115,0.52189,2795
2025-10-27 19:00:00,0.52189,0.5219,0.52152,0.52157,1612
2025-10-27 20:00:00,0.52156,0.52186,0.52141,0.52165,1195
2025-10-27 21:00:00,0.52163,0.52183,0.52126,0.52129,1336
2025-10-27 22:00:00,0.52128,0.52139,0.52116,0.52131,1108
2025-10-27 23:00:00,0.5213,0.52148,0.52125,0.52132,718
2025-10-28 00:00:00,0.52098,0.52118,0.52059,0.52094,434
2025-10-28 01:00:00,0.52078,0.52148,0.52078,0.52131,1027
2025-10-28 02:00:00,0.52133,0.52136,0.52098,0.52111,1291
2025-10-28 03:00:00,0.5211,0.52117,0.52065,0.52077,2028
2025-10-28 04:00:00,0.52077,0.5208,0.52041,0.52068,2357
2025-10-28 05:00:00,0.52067,0.52115,0.52057,0.52081,1718
2025-10-28 06:00:00,0.52078,0.52089,0.52055,0.52069,1789
2025-10-28 07:00:00,0.5207,0.52083,0.52046,0.5206,1900
2025-10-28 08:00:00,0.5206,0.52078,0.52002,0.52019,1926
2025-10-28 09:00:00,0.52017,0.52028,0.51985,0.52005,1831
2025-10-28 10:00:00,0.52007,0.52069,0.52004,0.52035,2352
2025-10-28 11:00:00,0.52034,0.52052,0.51936,0.51974,3208
2025-10-28 12:00:00,0.51973,0.52027,0.51966,0.52017,2491
2025-10-28 13:00:00,0.52019,0.52063,0.52017,0.52054,2009
2025-10-28 14:00:00,0.52053,0.5211,0.52049,0.52075,1893
2025-10-28 15:00:00,0.52076,0.52171,0.5207,0.52143,2859
2025-10-28 16:00:00,0.52145,0.52201,0.52137,0.52171,3786
2025-10-28 17:00:00,0.52172,0.52235,0.52172,0.5219,3515
2025-10-28 18:00:00,0.5219,0.52204,0.52126,0.52188,3039
2025-10-28 19:00:00,0.52189,0.52276,0.52176,0.52232,2562
2025-10-28 20:00:00,0.52232,0.52266,0.52227,0.52258,1470
2025-10-28 21:00:00,0.52259,0.52272,0.52228,0.52248,1230
2025-10-28 22:00:00,0.52247,0.52247,0.52213,0.52233,999
2025-10-28 23:00:00,0.52232,0.52244,0.52219,0.52226,688
2025-10-29 00:00:00,0.52188,0.52211,0.52145,0.52188,990
2025-10-29 01:00:00,0.52185,0.52246,0.52185,0.52219,837
2025-10-29 02:00:00,0.52217,0.52234,0.52192,0.52202,897
2025-10-29 03:00:00,0.52203,0.52396,0.52146,0.52311,3625
2025-10-29 04:00:00,0.52307,0.52362,0.52281,0.5232,2957
2025-10-29 05:00:00,0.52318,0.52378,0.52283,0.52369,1775
2025-10-29 06:00:00,0.5237,0.52402,0.52358,0.52401,1601
2025-10-29 07:00:00,0.52402,0.52404,0.5237,0.5238,1508
2025-10-29 08:00:00,0.52382,0.52481,0.52371,0.52426,2252
2025-10-29 09:00:00,0.52427,0.5253,0.52427,0.52505,2065
2025-10-29 10:00:00,0.52503,0.52611,0.52498,0.52594,3185
2025-10-29 11:00:00,0.52594,0.52667,0.52525,0.52535,3361
2025-10-29 12:00:00,0.52536,0.52584,0.52517,0.52541,3060
2025-10-29 13:00:00,0.52543,0.5257,0.52525,0.52547,2193
2025-10-29 14:00:00,0.52548,0.52588,0.52535,0.52582,2190
2025-10-29 15:00:00,0.52583,0.52611,0.525,0.52608,2774
2025-10-29 16:00:00,0.52608,0.52685,0.52589,0.5266,3710
2025-10-29 17:00:00,0.52658,0.52665,0.52591,0.52639,3287
2025-10-29 18:00:00,0.52638,0.52726,0.52586,0.52613,3413
2025-10-29 19:00:00,0.52612,0.52672,0.52599,0.52659,2005
2025-10-29 20:00:00,0.52658,0.52705,0.52648,0.52661,1649
2025-10-29 21:00:00,0.5266,0.52721,0.52552,0.52676,7982
2025-10-29 22:00:00,0.52675,0.52681,0.52565,0.52619,6588
2025-10-29 23:00:00,0.5262,0.5266,0.52574,0.52596,2137
2025-10-30 00:00:00,0.52448,0.52564,0.5244,0.52518,861
2025-10-30 01:00:00,0.52518,0.52575,0.52517,0.52526,1263
2025-10-30 02:00:00,0.52525,0.5262,0.52524,0.52615,915
2025-10-30 03:00:00,0.52614,0.52671,0.52614,0.52669,2885
2025-10-30 04:00:00,0.52668,0.52678,0.52594,0.52627,3436
2025-10-30 05:00:00,0.52626,0.52687,0.52595,0.52654,2712
2025-10-30 06:00:00,0.52653,0.52695,0.52638,0.52668,2812
2025-10-30 07:00:00,0.52667,0.52681,0.52451,0.52602,5428
2025-10-30 08:00:00,0.52603,0.52654,0.5254,0.52645,3228
2025-10-30 09:00:00,0.52646,0.52667,0.52562,0.52572,3280
2025-10-30 10:00:00,0.52571,0.52642,0.52527,0.52549,4004
2025-10-30 11:00:00,0.52551,0.52589,0.52521,0.52536,3787
2025-10-30 12:00:00,0.52535,0.52555,0.52438,0.52466,3272
2025-10-30 13:00:00,0.52464,0.52516,0.52459,0.52516,2862
2025-10-30 14:00:00,0.52517,0.52537,0.52471,0.52486,2922
2025-10-30 15:00:00,0.52482,0.52513,0.52446,0.52493,3933
2025-10-30 16:00:00,0.52492,0.52521,0.52397,0.5248,5639
2025-10-30 17:00:00,0.52478,0.52538,0.52458,0.52507,5385
2025-10-30 18:00:00,0.52508,0.52596,0.52493,0.52559,3746
2025-10-30 19:00:00,0.52558,0.52579,0.52517,0.52529,2204
2025-10-30 20:00:00,0.52528,0.52606,0.52514,0.52582,1899
2025-10-30 21:00:00,0.52583,0.52592,0.52543,0.52554,1916
2025-10-30 22:00:00,0.52553,0.52556,0.52508,0.52528,1698
2025-10-30 23:00:00,0.52527,0.52556,0.52518,0.5254,1269
2025-10-31 00:00:00,0.5253,0.52538,0.52488,0.52508,405
2025-10-31 01:00:00,0.52518,0.52539,0.52494,0.52522,807
2025-10-31 02:00:00,0.52525,0.52577,0.52523,0.52574,837
2025-10-31 03:00:00,0.52575,0.52576,0.52526,0.52527,2109
2025-10-31 04:00:00,0.52525,0.52549,0.52472,0.52533,2640
2025-10-31 05:00:00,0.52532,0.52555,0.52485,0.52528,2160
2025-10-31 06:00:00,0.52528,0.52537,0.52478,0.52516,1747
2025-10-31 07:00:00,0.52515,0.52536,0.52485,0.52508,1273
2025-10-31 08:00:00,0.52508,0.52508,0.52434,0.52439,1887
2025-10-31 09:00:00,0.5244,0.52472,0.52428,0.52457,2018
2025-10-31 10:00:00,0.52459,0.52516,0.52456,0.52492,2882
2025-10-31 11:00:00,0.52493,0.52505,0.52455,0.525,2824
2025-10-31 12:00:00,0.52498,0.52499,0.52419,0.52429,2339
2025-10-31 13:00:00,0.5243,0.52485,0.52429,0.52479,2147
2025-10-31 14:00:00,0.52477,0.52551,0.5246,0.5255,2374
2025-10-31 15:00:00,0.52549,0.52576,0.52518,0.52537,3379
2025-10-31 16:00:00,0.52538,0.52657,0.52535,0.52647,3857
2025-10-31 17:00:00,0.52649,0.52654,0.52593,0.52653,4169
2025-10-31 18:00:00,0.52654,0.52671,0.52512,0.52536,4464
2025-10-31 19:00:00,0.52535,0.52582,0.52508,0.52555,3073
2025-10-31 20:00:00,0.52554,0.52571,0.5251,0.52567,1983
2025-10-31 21:00:00,0.52567,0.52641,0.52564,0.52638,1598
2025-10-31 22:00:00,0.52635,0.52664,0.52628,0.52639,1162
2025-10-31 23:00:00,0.52639,0.52698,0.5263,0.52633,1220
2025-11-03 00:00:00,0.5251,0.52609,0.52502,0.5252,780
2025-11-03 01:00:00,0.52573,0.52699,0.52544,0.52683,3663
2025-11-03 02:00:00,0.52682,0.52694,0.52652,0.52665,1945
2025-11-03 03:00:00,0.52664,0.52711,0.52648,0.5267,1811
2025-11-03 04:00:00,0.52671,0.52705,0.52649,0.52701,1650
2025-11-03 05:00:00,0.52702,0.52722,0.52664,0.52721,1378
2025-11-03 06:00:00,0.52722,0.52734,0.52705,0.52723,1548
2025-11-03 07:00:00,0.5272,0.52787,0.52717,0.52758,1384
2025-11-03 08:00:00,0.52757,0.52766,0.52701,0.52715,1456
2025-11-03 09:00:00,0.52717,0.52788,0.52673,0.52759,2597
2025-11-03 10:00:00,0.52759,0.52867,0.52727,0.52854,3180
2025-11-03 11:00:00,0.52855,0.52886,0.52818,0.52842,2640
2025-11-03 12:00:00,0.52845,0.52888,0.52806,0.52854,2459
2025-11-03 13:00:00,0.52853,0.52875,0.52834,0.52849,2137
2025-11-03 14:00:00,0.5285,0.52875,0.52827,0.52849,1935
2025-11-03 15:00:00,0.52848,0.52891,0.52826,0.52854,2888
2025-11-03 16:00:00,0.52853,0.52888,0.52748,0.52755,3375
2025-11-03 17:00:00,0.5275,0.52777,0.52659,0.52702,4735
2025-11-03 18:00:00,0.52706,0.52767,0.52699,0.52755,3249
2025-11-03 19:00:00,0.52754,0.52796,0.52732,0.52784,1824
2025-11-03 20:00:00,0.52785,0.52822,0.52771,0.52811,1393
2025-11-03 21:00:00,0.52812,0.52833,0.52785,0.52818,1318
2025-11-03 22:00:00,0.52816,0.52832,0.52799,0.52822,1023
2025-11-03 23:00:00,0.52824,0.52833,0.52807,0.52821,627
2025-11-04 00:00:00,0.52779,0.52811,0.52738,0.52778,773
2025-11-04 01:00:00,0.52777,0.52835,0.52777,0.52835,1966
2025-11-04 02:00:00,0.52836,0.52905,0.52821,0.52898,2269
2025-11-04 03:00:00,0.52902,0.52912,0.52857,0.52884,2523
2025-11-04 04:00:00,0.52886,0.52887,0.52767,0.52768,2208
2025-11-04 05:00:00,0.52767,0.52843,0.52706,0.52835,2556
2025-11-04 06:00:00,0.52833,0.52881,0.52801,0.52862,2256
2025-11-04 07:00:00,0.5286,0.52869,0.52654,0.52662,2608
2025-11-04 08:00:00,0.52665,0.52689,0.52554,0.52585,3135
2025-11-04 09:00:00,0.52584,0.52617,0.52522,0.52602,3270
2025-11-04 10:00:00,0.52602,0.52655,0.52571,0.52598,3749
2025-11-04 11:00:00,0.52597,0.52631,0.52514,0.5252,3324
2025-11-04 12:00:00,0.52519,0.52573,0.52461,0.52553,2642
2025-11-04 13:00:00,0.52552,0.52607,0.52531,0.52595,1806
2025-11-04 14:00:00,0.52594,0.52595,0.52544,0.52551,2926
2025-11-04 15:00:00,0.52549,0.52568,0.52474,0.52485,2766
2025-11-04 16:00:00,0.52484,0.52591,0.52465,0.52572,3902
2025-11-04 17:00:00,0.52573,0.52672,0.52573,0.52611,4365
2025-11-04 18:00:00,0.52612,0.52633,0.52571,0.52592,3464
2025-11-04 19:00:00,0.52592,0.52592,0.52528,0.52551,1744
2025-11-04 20:00:00,0.5255,0.52561,0.5251,0.52542,1682
2025-11-04 21:00:00,0.52543,0.52562,0.52519,0.52546,1947
2025-11-04 22:00:00,0.52547,0.52593,0.52542,0.52581,1628
2025-11-04 23:00:00,0.52578,0.52595,0.52541,0.52589,1211
2025-11-05 00:00:00,0.52514,0.52572,0.52446,0.52546,581
2025-11-05 01:00:00,0.52543,0.52617,0.52542,0.52545,1002
2025-11-05 02:00:00,0.52544,0.52564,0.52397,0.52416,2631
2025-11-05 03:00:00,0.52415,0.52417,0.52202,0.52296,4539
2025-11-05 04:00:00,0.52295,0.52432,0.52282,0.52429,2937
2025-11-05 05:00:00,0.5243,0.52591,0.5243,0.5257,2446
2025-11-05 06:00:00,0.5257,0.5258,0.52507,0.5255,2200
2025-11-05 07:00:00,0.52551,0.52606,0.52495,0.52501,2357
2025-11-05 08:00:00,0.52502,0.52548,0.52488,0.52515,1992
2025-11-05 09:00:00,0.52517,0.52534,0.52467,0.52512,2235
2025-11-05 10:00:00,0.52512,0.52585,0.52496,0.52564,2983
2025-11-05 11:00:00,0.52564,0.52586,0.5252,0.52536,2595
2025-11-05 12:00:00,0.52536,0.52598,0.52503,0.52521,2437
2025-11-05 13:00:00,0.52519,0.52532,0.52465,0.52479,2262
2025-11-05 14:00:00,0.52467,0.52495,0.52437,0.52485,2459
2025-11-05 15:00:00,0.52484,0.52615,0.52477,0.52592,3492
2025-11-05 16:00:00,0.52592,0.52649,0.52522,0.52628,3810
2025-11-05 17:00:00,0.52629,0.52721,0.52591,0.5272,5697
2025-11-05 18:00:00,0.52721,0.52799,0.5269,0.52781,3481
2025-11-05 19:00:00,0.5278,0.5281,0.52751,0.52763,1755
2025-11-05 20:00:00,0.52762,0.52768,0.52727,0.52761,1310
2025-11-05 21:00:00,0.5276,0.5276,0.52712,0.52717,868
2025-11-05 22:00:00,0.52715,0.5274,0.52693,0.52697,959
2025-11-05 23:00:00,0.52693,0.52712,0.52676,0.52705,708
2025-11-06 00:00:00,0.52664,0.5269,0.52615,0.52688,451
2025-11-06 01:00:00,0.52695,0.52736,0.52681,0.52713,1386
2025-11-06 02:00:00,0.52714,0.52715,0.52615,0.52624,2554
2025-11-06 03:00:00,0.52623,0.52669,0.52543,0.52664,2774
2025-11-06 04:00:00,0.52665,0.52701,0.5263,0.52663,2039
2025-11-06 05:00:00,0.52662,0.52705,0.52648,0.52692,1578
2025-11-06 06:00:00,0.52692,0.52739,0.52674,0.52707,1569
2025-11-06 07:00:00,0.52708,0.52721,0.52644,0.52651,1747
2025-11-06 08:00:00,0.52652,0.52691,0.52647,0.5267,1609
2025-11-06 09:00:00,0.5267,0.52691,0.52644,0.52669,2383
2025-11-06 10:00:00,0.52667,0.52685,0.52632,0.52674,3273
2025-11-06 11:00:00,0.52674,0.5272,0.52656,0.52682,2418
2025-11-06 12:00:00,0.52683,0.52711,0.52652,0.5266,2203
2025-11-06 13:00:00,0.52659,0.52671,0.52613,0.52623,2399
2025-11-06 14:00:00,0.52623,0.52662,0.52616,0.52646,2844
2025-11-06 15:00:00,0.52643,0.52646,0.52553,0.52557,3090
2025-11-06 16:00:00,0.52558,0.52568,0.52402,0.52405,4204
2025-11-06 17:00:00,0.52403,0.52409,0.52198,0.52199,5747
2025-11-06 18:00:00,0.52199,0.52253,0.52165,0.52188,4602
2025-11-06 19:00:00,0.52189,0.52307,0.52178,0.52281,3458
2025-11-06 20:00:00,0.52282,0.52324,0.52213,0.52278,2795
2025-11-06 21:00:00,0.52279,0.52328,0.52272,0.52292,2216
2025-11-06 22:00:00,0.52291,0.52305,0.52207,0.52229,2011
2025-11-06 23:00:00,0.52228,0.52236,0.52212,0.52229,900
2025-11-07 00:00:00,0.52206,0.52248,0.52168,0.52245,2258
2025-11-07 01:00:00,0.52244,0.52285,0.52215,0.52265,1296
2025-11-07 02:00:00,0.52266,0.52335,0.52252,0.52292,2519
2025-11-07 03:00:00,0.52293,0.52305,0.52204,0.52268,3267
2025-11-07 04:00:00,0.52269,0.52273,0.5223,0.52259,2428
2025-11-07 05:00:00,0.52258,0.52268,0.52216,0.52252,2011
2025-11-07 06:00:00,0.5225,0.52294,0.52217,0.52275,1748
2025-11-07 07:00:00,0.52276,0.52357,0.52275,0.52328,1999
2025-11-07 08:00:00,0.52327,0.52373,0.52323,0.5237,1985
2025-11-07 09:00:00,0.52367,0.52415,0.52355,0.52356,2464
2025-11-07 10:00:00,0.52356,0.52416,0.52326,0.52414,3035
2025-11-07 11:00:00,0.52413,0.52415,0.52334,0.52386,2727
2025-11-07 12:00:00,0.52386,0.52397,0.52326,0.52342,2610
2025-11-07 13:00:00,0.52341,0.52347,0.52179,0.52256,3003
2025-11-07 14:00:00,0.52256,0.52274,0.52166,0.52212,2726
2025-11-07 15:00:00,0.52209,0.52281,0.52174,0.52236,3945
2025-11-07 16:00:00,0.52234,0.5225,0.52048,0.52154,4737
2025-11-07 17:00:00,0.52151,0.52161,0.52005,0.52077,5682
2025-11-07 18:00:00,0.52077,0.52103,0.52014,0.52052,3451
2025-11-07 19:00:00,0.52052,0.52132,0.52023,0.52118,2832
2025-11-07 20:00:00,0.5212,0.5219,0.52097,0.52182,2214
2025-11-07 21:00:00,0.52184,0.52335,0.52177,0.52318,2412
2025-11-07 22:00:00,0.52316,0.52331,0.52252,0.52308,2431
2025-11-07 23:00:00,0.52307,0.52326,0.52255,0.52259,1067
2025-11-10 00:00:00,0.52189,0.52325,0.52189,0.52241,1589
2025-11-10 01:00:00,0.52256,0.52483,0.52228,0.52475,2608
2025-11-10 02:00:00,0.52473,0.52516,0.52386,0.5246,3720
2025-11-10 03:00:00,0.52459,0.52581,0.52457,0.5255,3553
2025-11-10 04:00:00,0.52551,0.52567,0.52503,0.52544,2273
2025-11-10 05:00:00,0.52545,0.52566,0.5252,0.52521,2206
2025-11-10 06:00:00,0.5252,0.52598,0.52519,0.52589,2215
2025-11-10 07:00:00,0.52588,0.52629,0.52583,0.52601,2527
2025-11-10 08:00:00,0.52602,0.52644,0.52594,0.52635,2322
2025-11-10 09:00:00,0.52636,0.52653,0.52572,0.52595,3097
2025-11-10 10:00:00,0.52594,0.52626,0.52559,0.5261,3454
2025-11-10 11:00:00,0.52608,0.5269,0.52605,0.52678,3260
2025-11-10 12:00:00,0.52679,0.52679,0.52618,0.5266,2586
2025-11-10 13:00:00,0.52659,0.52671,0.52627,0.52649,2383
2025-11-10 14:00:00,0.52648,0.52657,0.52597,0.52612,2278
2025-11-10 15:00:00,0.5261,0.52623,0.52522,0.52539,2519
2025-11-10 16:00:00,0.52538,0.52559,0.52495,0.52545,3318
2025-11-10 17:00:00,0.52545,0.526,0.52522,0.52547,3872
2025-11-10 18:00:00,0.52547,0.5258,0.52517,0.52579,3200
2025-11-10 19:00:00,0.52579,0.52632,0.52549,0.52612,2175
2025-11-10 20:00:00,0.52612,0.52627,0.52598,0.52605,1267
2025-11-10 21:00:00,0.52604,0.52621,0.52596,0.52608,1024
2025-11-10 22:00:00,0.52607,0.52625,0.52596,0.52601,1094
2025-11-10 23:00:00,0.52602,0.52624,0.526,0.52615,590
2025-11-11 00:00:00,0.52484,0.52634,0.52479,0.52581,678
2025-11-11 01:00:00,0.52578,0.52622,0.52578,0.52611,975
2025-11-11 02:00:00,0.52611,0.52637,0.52595,0.52637,2010
2025-11-11 03:00:00,0.52638,0.52643,0.52582,0.52586,2377
2025-11-11 04:00:00,0.52587,0.52587,0.52538,0.52547,1839
2025-11-11 05:00:00,0.52549,0.52566,0.5253,0.52558,1619
2025-11-11 06:00:00,0.52557,0.52574,0.52483,0.52483,1527
2025-11-11 07:00:00,0.52484,0.5249,0.52401,0.52402,2198
2025-11-11 08:00:00,0.52402,0.52474,0.52401,0.52452,1903
2025-11-11 09:00:00,0.52453,0.52467,0.52368,0.52377,3005
2025-11-11 10:00:00,0.52376,0.52452,0.52367,0.52397,3177
2025-11-11 11:00:00,0.52397,0.52415,0.52312,0.52358,2719
2025-11-11 12:00:00,0.52356,0.52367,0.52308,0.52316,2432
2025-11-11 13:00:00,0.52317,0.52327,0.52274,0.52325,2590
2025-11-11 14:00:00,0.52324,0.52338,0.52292,0.52297,2503
2025-11-11 15:00:00,0.52297,0.52308,0.52205,0.52237,4330
2025-11-11 16:00:00,0.52238,0.52265,0.52147,0.52256,3760
2025-11-11 17:00:00,0.52253,0.52267,0.52143,0.52149,4400
2025-11-11 18:00:00,0.52147,0.52225,0.52147,0.52177,3329
2025-11-11 19:00:00,0.52175,0.52235,0.52173,0.52235,1661
2025-11-11 20:00:00,0.52236,0.52263,0.52222,0.52245,1336
2025-11-11 21:00:00,0.52244,0.52279,0.52237,0.52261,1281
2025-11-11 22:00:00,0.52261,0.52271,0.52213,0.52257,1269
2025-11-11 23:00:00,0.52257,0.52264,0.52225,0.52248,797
2025-11-12 00:00:00,0.52139,0.52242,0.52102,0.52201,1263
2025-11-12 01:00:00,0.52199,0.52282,0.52192,0.52252,906
2025-11-12 02:00:00,0.52253,0.52277,0.52196,0.52224,2128
2025-11-12 03:00:00,0.52226,0.52243,0.52212,0.52243,2428
2025-11-12 04:00:00,0.52242,0.52272,0.52211,0.52219,1837
2025-11-12 05:00:00,0.5222,0.52236,0.52205,0.52226,1493
2025-11-12 06:00:00,0.52226,0.52237,0.52178,0.52222,1821
2025-11-12 07:00:00,0.52221,0.52283,0.52186,0.52273,2092
2025-11-12 08:00:00,0.52275,0.52326,0.5227,0.52292,1759
2025-11-12 09:00:00,0.52291,0.52333,0.52266,0.52277,2477
2025-11-12 10:00:00,0.52276,0.52306,0.52206,0.52277,3442
2025-11-12 11:00:00,0.52278,0.52293,0.52206,0.52211,3119
2025-11-12 12:00:00,0.5221,0.52241,0.52184,0.52216,2548
2025-11-12 13:00:00,0.52217,0.52237,0.52195,0.522,2419
2025-11-12 14:00:00,0.522,0.52284,0.52194,0.52268,3139
2025-11-12 15:00:00,0.52268,0.52271,0.5219,0.52192,3231
2025-11-12 16:00:00,0.52192,0.52217,0.52133,0.52151,4052
2025-11-12 17:00:00,0.5215,0.52183,0.52084,0.52123,4308
2025-11-12 18:00:00,0.52124,0.52171,0.52093,0.52132,3833
2025-11-12 19:00:00,0.5213,0.52162,0.52119,0.52141,2085
2025-11-12 20:00:00,0.52142,0.5222,0.52141,0.52217,1497
2025-11-12 21:00:00,0.52219,0.52219,0.52179,0.52203,1452
2025-11-12 22:00:00,0.52204,0.52208,0.52178,0.52186,1107
2025-11-12 23:00:00,0.5219,0.52208,0.52171,0.52177,655
2025-11-13 00:00:00,0.52097,0.5216,0.52086,0.52115,936
2025-11-13 01:00:00,0.52114,0.52161,0.52096,0.52145,1123
2025-11-13 02:00:00,0.52146,0.52402,0.52102,0.52312,3240
2025-11-13 03:00:00,0.52308,0.52392,0.52297,0.52335,3790
2025-11-13 04:00:00,0.52333,0.52426,0.52324,0.52397,2428
2025-11-13 05:00:00,0.52398,0.52426,0.52354,0.52361,2109
2025-11-13 06:00:00,0.5236,0.52367,0.5231,0.52352,1725
2025-11-13 07:00:00,0.52351,0.52416,0.52349,0.52406,1932
2025-11-13 08:00:00,0.52405,0.52422,0.52383,0.52391,2331
2025-11-13 09:00:00,0.5239,0.52486,0.52355,0.52359,3499
2025-11-13 10:00:00,0.5236,0.52369,0.52255,0.52258,3699
2025-11-13 11:00:00,0.52259,0.52299,0.52233,0.52282,3823
2025-11-13 12:00:00,0.52283,0.52288,0.52238,0.52247,2749
2025-11-13 13:00:00,0.52245,0.5226,0.5221,0.52227,3038
2025-11-13 14:00:00,0.52226,0.52226,0.5217,0.52199,3091
2025-11-13 15:00:00,0.52197,0.52197,0.52112,0.52145,3690
2025-11-13 16:00:00,0.52147,0.52148,0.51952,0.52042,4838
2025-11-13 17:00:00,0.52041,0.52071,0.51886,0.51942,5555
2025-11-13 18:00:00,0.51941,0.51968,0.5185,0.51874,5083
2025-11-13 19:00:00,0.51871,0.51893,0.51788,0.51812,4033
2025-11-13 20:00:00,0.51813,0.51824,0.51637,0.51715,3816
2025-11-13 21:00:00,0.51717,0.51767,0.51687,0.51743,3064
2025-11-13 22:00:00,0.51744,0.51771,0.51712,0.5177,2977
2025-11-13 23:00:00,0.51771,0.51792,0.51748,0.51751,1130
2025-11-14 00:00:00,0.51655,0.51761,0.51655,0.51745,1439
2025-11-14 01:00:00,0.51773,0.51814,0.51749,0.51768,1761
2025-11-14 02:00:00,0.51769,0.51826,0.51751,0.51789,2871
2025-11-14 03:00:00,0.51788,0.51889,0.51777,0.51871,3134
2025-11-14 04:00:00,0.51874,0.51951,0.51862,0.5187,2286
2025-11-14 05:00:00,0.51867,0.51895,0.5181,0.51834,2327
2025-11-14 06:00:00,0.51834,0.51838,0.51724,0.51731,2084
2025-11-14 07:00:00,0.51731,0.5179,0.51707,0.51773,2431
2025-11-14 08:00:00,0.51774,0.51783,0.51719,0.51738,2622
2025-11-14 09:00:00,0.51737,0.51737,0.51611,0.51672,3899
2025-11-14 10:00:00,0.51669,0.51681,0.51525,0.51673,5141
2025-11-14 11:00:00,0.51675,0.51723,0.51629,0.51656,3353
2025-11-14 12:00:00,0.51654,0.51707,0.51608,0.51627,2918
2025-11-14 13:00:00,0.51627,0.51638,0.51494,0.51513,3509
2025-11-14 14:00:00,0.51515,0.51518,0.51373,0.51449,4309
2025-11-14 15:00:00,0.5145,0.51508,0.51413,0.51504,5084
2025-11-14 16:00:00,0.51503,0.5173,0.51469,0.51729,5609
2025-11-14 17:00:00,0.5173,0.51934,0.51686,0.51928,6108
2025-11-14 18:00:00,0.51929,0.5197,0.51881,0.51938,4118
2025-11-14 19:00:00,0.51937,0.52003,0.51924,0.5194,2902
2025-11-14 20:00:00,0.5194,0.5194,0.51859,0.51886,3343
2025-11-14 21:00:00,0.51885,0.51918,0.5186,0.51904,2477
2025-11-14 22:00:00,0.51906,0.51916,0.5187,0.5189,2174
2025-11-14 23:00:00,0.51889,0.51927,0.51869,0.51869,1113
2025-11-17 00:00:00,0.51731,0.51861,0.51731,0.51832,706
2025-11-17 01:00:00,0.51816,0.51904,0.51812,0.51885,1739
2025-11-17 02:00:00,0.51887,0.51901,0.51832,0.51849,2721
2025-11-17 03:00:00,0.5185,0.51855,0.51784,0.51788,2689
2025-11-17 04:00:00,0.5179,0.51844,0.51773,0.51834,2247
2025-11-17 05:00:00,0.51834,0.51857,0.51791,0.51829,1458
2025-11-17 06:00:00,0.5183,0.51863,0.51828,0.51837,1269
2025-11-17 07:00:00,0.51837,0.51861,0.51816,0.51848,1857
2025-11-17 08:00:00,0.51847,0.51878,0.51816,0.51842,2123
2025-11-17 09:00:00,0.51841,0.51881,0.51825,0.51849,2480
2025-11-17 10:00:00,0.5185,0.5188,0.51819,0.51836,3579
2025-11-17 11:00:00,0.51837,0.51862,0.51777,0.51788,2906
2025-11-17 12:00:00,0.51787,0.5184,0.51781,0.51802,2853
2025-11-17 13:00:00,0.51801,0.51846,0.51783,0.51833,2964
2025-11-17 14:00:00,0.51831,0.51884,0.51814,0.51847,2377
2025-11-17 15:00:00,0.51846,0.51861,0.51781,0.5181,2952
2025-11-17 16:00:00,0.51808,0.51838,0.51754,0.51803,3703
2025-11-17 17:00:00,0.51802,0.51818,0.51732,0.51772,4434
2025-11-17 18:00:00,0.51773,0.5183,0.51691,0.5183,3339
2025-11-17 19:00:00,0.51829,0.51842,0.51772,0.5179,2531
2025-11-17 20:00:00,0.51791,0.518,0.51705,0.51709,2418
2025-11-17 21:00:00,0.51708,0.51713,0.5163,0.51635,2497
2025-11-17 22:00:00,0.51634,0.51712,0.51621,0.51705,2595
2025-11-17 23:00:00,0.51705,0.5172,0.51668,0.51685,989
2025-11-18 00:00:00,0.51639,0.51696,0.51595,0.51677,531
2025-11-18 01:00:00,0.51663,0.51734,0.51646,0.51692,1079
2025-11-18 02:00:00,0.51691,0.51706,0.51602,0.51613,2352
2025-11-18 03:00:00,0.51618,0.51677,0.51612,0.51665,2871
2025-11-18 04:00:00,0.51666,0.51721,0.5164,0.5164,2389
2025-11-18 05:00:00,0.51641,0.51641,0.51512,0.51529,2719
2025-11-18 06:00:00,0.51529,0.51529,0.51349,0.51473,3592
2025-11-18 07:00:00,0.51472,0.5153,0.51423,0.51496,2418
2025-11-18 08:00:00,0.51497,0.51516,0.51413,0.51431,2626
2025-11-18 09:00:00,0.51432,0.51564,0.51406,0.51557,3456
2025-11-18 10:00:00,0.51558,0.51686,0.51543,0.51626,4165
2025-11-18 11:00:00,0.51625,0.51733,0.51618,0.51726,3348
2025-11-18 12:00:00,0.51725,0.51835,0.51707,0.51832,2657
2025-11-18 13:00:00,0.5183,0.51841,0.518,0.5182,2299
2025-11-18 14:00:00,0.51817,0.51823,0.51749,0.51772,2651
2025-11-18 15:00:00,0.51771,0.51857,0.51759,0.51812,3746
2025-11-18 16:00:00,0.5181,0.51864,0.51753,0.51762,4587
2025-11-18 17:00:00,0.5176,0.51835,0.51682,0.51796,6847
2025-11-18 18:00:00,0.51797,0.52045,0.5178,0.51999,5441
2025-11-18 19:00:00,0.52,0.52074,0.51909,0.52057,3732
2025-11-18 20:00:00,0.52058,0.52087,0.52019,0.52032,3231
2025-11-18 21:00:00,0.52032,0.52081,0.52016,0.52075,2574
2025-11-18 22:00:00,0.52074,0.52091,0.52055,0.5206,2411
2025-11-18 23:00:00,0.52059,0.52073,0.52023,0.52033,1209
2025-11-19 00:00:00,0.51939,0.52023,0.51917,0.52015,478
2025-11-19 01:00:00,0.52006,0.52095,0.52006,0.52078,1185
2025-11-19 02:00:00,0.52078,0.52082,0.51964,0.51999,2581
2025-11-19 03:00:00,0.51998,0.52015,0.51944,0.51959,3249
2025-11-19 04:00:00,0.5196,0.52025,0.5194,0.51945,2522
2025-11-19 05:00:00,0.51944,0.51946,0.51836,0.51852,2544
2025-11-19 06:00:00,0.51855,0.51899,0.51803,0.51861,2192
2025-11-19 07:00:00,0.51863,0.51877,0.51805,0.51864,2470
2025-11-19 08:00:00,0.51865,0.51931,0.51856,0.51898,2113
2025-11-19 09:00:00,0.51901,0.51942,0.51878,0.51894,2962
2025-11-19 10:00:00,0.51895,0.51895,0.518,0.5183,3331
2025-11-19 11:00:00,0.5183,0.51995,0.51828,0.51978,3311
2025-11-19 12:00:00,0.5198,0.52084,0.51967,0.52074,3586
2025-11-19 13:00:00,0.52075,0.52077,0.51975,0.5202,3296
2025-11-19 14:00:00,0.52015,0.5206,0.51988,0.5204,2490
2025-11-19 15:00:00,0.52038,0.52039,0.51965,0.52032,2992
2025-11-19 16:00:00,0.52031,0.52182,0.51977,0.52163,4577
2025-11-19 17:00:00,0.52164,0.522,0.51993,0.52009,5202
2025-11-19 18:00:00,0.52006,0.52044,0.51973,0.52033,4730
2025-11-19 19:00:00,0.52032,0.52046,0.51948,0.51983,4023
2025-11-19 20:00:00,0.51983,0.52071,0.51981,0.52058,3008
2025-11-19 21:00:00,0.5206,0.52138,0.52035,0.52122,3520
2025-11-19 22:00:00,0.52119,0.52161,0.52104,0.52129,2576
2025-11-19 23:00:00,0.5213,0.52226,0.52114,0.5219,1877
2025-11-20 00:00:00,0.52151,0.52166,0.52084,0.52147,662
2025-11-20 01:00:00,0.52164,0.52282,0.52155,0.5227,1429
2025-11-20 02:00:00,0.52271,0.52302,0.52207,0.52214,2597
2025-11-20 03:00:00,0.52215,0.52257,0.52207,0.52239,2805
2025-11-20 04:00:00,0.52238,0.52263,0.5221,0.52247,2469
2025-11-20 05:00:00,0.52248,0.5233,0.52248,0.52305,2441
2025-11-20 06:00:00,0.52306,0.52323,0.52288,0.52316,1758
2025-11-20 07:00:00,0.52315,0.52355,0.52254,0.52267,1935
2025-11-20 08:00:00,0.52268,0.52278,0.52214,0.52261,2065
2025-11-20 09:00:00,0.52258,0.52274,0.52193,0.52198,2916
2025-11-20 10:00:00,0.52197,0.52219,0.52172,0.52199,3566
2025-11-20 11:00:00,0.522,0.52218,0.52173,0.52217,3348
2025-11-20 12:00:00,0.52218,0.52292,0.52215,0.52277,2590
2025-11-20 13:00:00,0.52278,0.52301,0.52237,0.52269,2635
2025-11-20 14:00:00,0.52272,0.5231,0.5226,0.52301,2350
2025-11-20 15:00:00,0.52301,0.52404,0.5219,0.52343,5792
2025-11-20 16:00:00,0.52345,0.52391,0.52313,0.52383,5824
2025-11-20 17:00:00,0.52384,0.52397,0.52221,0.52233,4815
2025-11-20 18:00:00,0.52234,0.52235,0.51916,0.51925,6457
2025-11-20 19:00:00,0.51916,0.52009,0.51841,0.51924,7081
2025-11-20 20:00:00,0.51922,0.52071,0.51869,0.51886,4842
2025-11-20 21:00:00,0.51885,0.51999,0.51858,0.51994,3958
2025-11-20 22:00:00,0.51993,0.52011,0.5193,0.51938,3416
2025-11-20 23:00:00,0.51937,0.51952,0.51878,0.51887,1276
2025-11-21 00:00:00,0.51774,0.5193,0.51774,0.5193,1285
2025-11-21 01:00:00,0.51944,0.51959,0.51864,0.51948,2003
2025-11-21 02:00:00,0.51947,0.52,0.51935,0.51969,2604
2025-11-21 03:00:00,0.51968,0.52003,0.51919,0.51979,3326
2025-11-21 04:00:00,0.5198,0.51989,0.51887,0.51888,2419
2025-11-21 05:00:00,0.51887,0.51914,0.51874,0.51881,2430
2025-11-21 06:00:00,0.5188,0.51884,0.51804,0.51848,2370
2025-11-21 07:00:00,0.51848,0.51912,0.51847,0.51868,2713
2025-11-21 08:00:00,0.51867,0.51924,0.51851,0.519,2534
2025-11-21 09:00:00,0.51901,0.51903,0.51725,0.51757,3572
2025-11-21 10:00:00,0.51757,0.51966,0.51729,0.51953,4828
2025-11-21 11:00:00,0.51952,0.51968,0.51816,0.51838,4034
2025-11-21 12:00:00,0.51839,0.51852,0.51761,0.51833,4287
2025-11-21 13:00:00,0.51832,0.51953,0.51832,0.51906,3235
2025-11-21 14:00:00,0.51908,0.51987,0.51813,0.51938,5644
2025-11-21 15:00:00,0.51942,0.52062,0.51924,0.5203,4159
2025-11-21 16:00:00,0.52031,0.52038,0.51889,0.51941,5558
2025-11-21 17:00:00,0.51938,0.52034,0.51857,0.5201,7719
2025-11-21 18:00:00,0.5201,0.52206,0.51991,0.52202,5936
2025-11-21 19:00:00,0.52207,0.52249,0.52164,0.52171,3833
2025-11-21 20:00:00,0.52171,0.52252,0.52129,0.52184,3626
2025-11-21 21:00:00,0.52184,0.52199,0.52132,0.52144,2573
2025-11-21 22:00:00,0.52143,0.52192,0.52133,0.52153,2584
2025-11-21 23:00:00,0.52151,0.5219,0.52141,0.5216,1479
2025-11-24 00:00:00,0.52102,0.52193,0.5205,0.52168,1434
2025-11-24 01:00:00,0.52152,0.5229,0.52152,0.5225,1602
2025-11-24 02:00:00,0.52249,0.52255,0.52164,0.52176,2032
2025-11-24 03:00:00,0.52174,0.52219,0.52157,0.52192,2772
2025-11-24 04:00:00,0.52191,0.52263,0.52172,0.52238,2387
2025-11-24 05:00:00,0.52239,0.52253,0.52207,0.52232,1792
2025-11-24 06:00:00,0.52234,0.52257,0.52203,0.52214,1416
2025-11-24 07:00:00,0.52213,0.5224,0.52201,0.52231,2225
2025-11-24 08:00:00,0.5223,0.52275,0.52222,0.52229,1735
2025-11-24 09:00:00,0.52228,0.52331,0.52213,0.52327,2784
2025-11-24 10:00:00,0.52327,0.52328,0.52152,0.52163,3958
2025-11-24 11:00:00,0.52161,0.52168,0.52003,0.52035,3727
2025-11-24 12:00:00,0.52034,0.52061,0.5197,0.52001,3204
2025-11-24 13:00:00,0.52001,0.52068,0.51983,0.52054,2602
2025-11-24 14:00:00,0.52054,0.5212,0.52001,0.52117,2692
2025-11-24 15:00:00,0.52116,0.52154,0.52076,0.52109,2689
2025-11-24 16:00:00,0.5211,0.52148,0.5203,0.52125,4609
2025-11-24 17:00:00,0.52126,0.52232,0.52103,0.52154,4546
2025-11-24 18:00:00,0.52155,0.52211,0.5215,0.52179,2610
2025-11-24 19:00:00,0.5218,0.52256,0.52179,0.52222,2250
2025-11-24 20:00:00,0.52223,0.52229,0.52186,0.52214,1690
2025-11-24 21:00:00,0.52215,0.52231,0.52181,0.52187,1632
2025-11-24 22:00:00,0.52187,0.52262,0.52186,0.52255,1723
2025-11-24 23:00:00,0.52254,0.52266,0.5223,0.52239,800
2025-11-25 00:00:00,0.5222,0.5224,0.52162,0.52236,762
2025-11-25 01:00:00,0.5224,0.5229,0.5224,0.52269,1156
2025-11-25 02:00:00,0.52268,0.52268,0.52208,0.52219,1786
2025-11-25 03:00:00,0.5222,0.52273,0.52211,0.52234,2472
2025-11-25 04:00:00,0.52235,0.52277,0.52217,0.52275,1995
2025-11-25 05:00:00,0.52276,0.5228,0.52177,0.5219,2047
2025-11-25 06:00:00,0.52191,0.52241,0.52187,0.52226,1561
2025-11-25 07:00:00,0.52225,0.52251,0.52204,0.52231,1643
2025-11-25 08:00:00,0.52231,0.52259,0.52183,0.52191,1720
2025-11-25 09:00:00,0.52197,0.52227,0.5218,0.52211,2633
2025-11-25 10:00:00,0.52208,0.52253,0.52175,0.52201,3215
2025-11-25 11:00:00,0.52199,0.52283,0.52188,0.52277,3010
2025-11-25 12:00:00,0.52276,0.52336,0.52263,0.52269,2592
2025-11-25 13:00:00,0.5227,0.52272,0.52202,0.52243,2205
2025-11-25 14:00:00,0.52243,0.52257,0.52206,0.52227,3470
2025-11-25 15:00:00,0.52227,0.52319,0.52213,0.52231,4664
2025-11-25 16:00:00,0.5223,0.52237,0.51953,0.52107,5139
2025-11-25 17:00:00,0.52106,0.52111,0.51977,0.52076,6647
2025-11-25 18:00:00,0.52077,0.52198,0.52069,0.52195,3846
2025-11-25 19:00:00,0.52193,0.52271,0.52177,0.52193,3851
2025-11-25 20:00:00,0.52194,0.52228,0.52188,0.52199,2556
2025-11-25 21:00:00,0.52197,0.52209,0.52164,0.52202,1959
2025-11-25 22:00:00,0.52202,0.52263,0.52201,0.52216,2107
2025-11-25 23:00:00,0.52215,0.52263,0.52208,0.52242,1023
2025-11-26 00:00:00,0.52156,0.52207,0.52134,0.52206,533
2025-11-26 01:00:00,0.5221,0.52277,0.52206,0.52272,1193
2025-11-26 02:00:00,0.52272,0.52394,0.52254,0.52319,2986
2025-11-26 03:00:00,0.52318,0.52395,0.52295,0.52374,4605
2025-11-26 04:00:00,0.52375,0.5239,0.52331,0.52354,3391
2025-11-26 05:00:00,0.52353,0.52403,0.5235,0.52371,2588
2025-11-26 06:00:00,0.5237,0.52421,0.52369,0.52404,1687
2025-11-26 07:00:00,0.52406,0.52439,0.52317,0.52337,2126
2025-11-26 08:00:00,0.52337,0.52405,0.52336,0.52356,2459
2025-11-26 09:00:00,0.52354,0.52417,0.52338,0.52385,3536
2025-11-26 10:00:00,0.52385,0.52421,0.52313,0.52377,4093
2025-11-26 11:00:00,0.52376,0.52424,0.52352,0.52417,3408
2025-11-26 12:00:00,0.52418,0.52418,0.52345,0.52351,3222
2025-11-26 13:00:00,0.52351,0.5238,0.52317,0.52367,3471
2025-11-26 14:00:00,0.52366,0.52399,0.52305,0.52391,4192
2025-11-26 15:00:00,0.5239,0.52461,0.52385,0.52446,5052
2025-11-26 16:00:00,0.52447,0.52489,0.52402,0.5243,4014
2025-11-26 17:00:00,0.52429,0.52479,0.52364,0.52434,4827
2025-11-26 18:00:00,0.52435,0.52458,0.52405,0.52434,3350
2025-11-26 19:00:00,0.52434,0.52446,0.5238,0.52384,2186
2025-11-26 20:00:00,0.52385,0.52432,0.52365,0.52421,2198
2025-11-26 21:00:00,0.5242,0.52435,0.52407,0.52422,1779
2025-11-26 22:00:00,0.52423,0.52433,0.52404,0.52423,1632
2025-11-26 23:00:00,0.52422,0.52434,0.52408,0.52412,876
2025-11-27 00:00:00,0.52356,0.52412,0.52356,0.52369,509
2025-11-27 01:00:00,0.52384,0.52459,0.52367,0.52408,1288
2025-11-27 02:00:00,0.52407,0.52422,0.52395,0.52412,1882
2025-11-27 03:00:00,0.52413,0.52442,0.52406,0.52437,2647
2025-11-27 04:00:00,0.52436,0.5247,0.52421,0.52431,2382
2025-11-27 05:00:00,0.52431,0.52489,0.52423,0.52487,1812
2025-11-27 06:00:00,0.52488,0.52526,0.52465,0.52524,1569
2025-11-27 07:00:00,0.52525,0.52546,0.52491,0.52491,1799
2025-11-27 08:00:00,0.52492,0.52506,0.52457,0.52493,2187
2025-11-27 09:00:00,0.52494,0.52566,0.52479,0.5256,2321
2025-11-27 10:00:00,0.52556,0.52571,0.52502,0.52516,3121
2025-11-27 11:00:00,0.52515,0.52581,0.52508,0.52553,2728
2025-11-27 12:00:00,0.52554,0.52608,0.52541,0.52563,2101
2025-11-27 13:00:00,0.52563,0.5261,0.52544,0.52598,2172
2025-11-27 14:00:00,0.526,0.52608,0.52576,0.52585,1855
2025-11-27 15:00:00,0.52586,0.526,0.52534,0.52536,2250
2025-11-27 16:00:00,0.52537,0.52596,0.52535,0.52588,1756
2025-11-27 17:00:00,0.52587,0.52628,0.52584,0.52605,1580
2025-11-27 18:00:00,0.52603,0.5262,0.52555,0.5256,1179
2025-11-27 19:00:00,0.5256,0.52575,0.52556,0.52568,916
2025-11-27 20:00:00,0.52564,0.52579,0.52561,0.52569,506
2025-11-27 21:00:00,0.5257,0.52572,0.52557,0.52561,613
2025-11-27 22:00:00,0.5256,0.52572,0.52557,0.5257,1395
2025-11-27 23:00:00,0.52573,0.52579,0.52563,0.52576,671
2025-11-28 00:00:00,0.52542,0.52585,0.52492,0.52563,370
2025-11-28 01:00:00,0.52558,0.52592,0.52537,0.52581,804
2025-11-28 02:00:00,0.52582,0.52626,0.52573,0.52606,2900
2025-11-28 03:00:00,0.52607,0.52649,0.52595,0.52633,2834
2025-11-28 04:00:00,0.52633,0.52651,0.52599,0.52628,4846
2025-11-28 05:00:00,0.5263,0.52658,0.5259,0.52593,8043
2025-11-28 06:00:00,0.52591,0.52615,0.52563,0.52571,7634
2025-11-28 07:00:00,0.52572,0.52589,0.52519,0.52528,8282
2025-11-28 08:00:00,0.52531,0.5255,0.52497,0.5253,7180
2025-11-28 09:00:00,0.52532,0.52593,0.52523,0.52552,8413
2025-11-28 10:00:00,0.52551,0.52587,0.52514,0.52516,8108
2025-11-28 11:00:00,0.52518,0.52631,0.52513,0.52609,8233
2025-11-28 12:00:00,0.52607,0.52642,0.52565,0.52628,7342
2025-11-28 13:00:00,0.52629,0.52654,0.52566,0.52568,7710
2025-11-28 14:00:00,0.52567,0.52599,0.52552,0.52568,7591
2025-11-28 15:00:00,0.52569,0.52611,0.52556,0.52605,7366
2025-11-28 16:00:00,0.52604,0.52652,0.52558,0.52604,4530
2025-11-28 17:00:00,0.52603,0.52712,0.52601,0.52641,4852
2025-11-28 18:00:00,0.52642,0.52653,0.52614,0.52638,2805
2025-11-28 19:00:00,0.52636,0.52646,0.52574,0.5261,1911
2025-11-28 20:00:00,0.5261,0.5263,0.52584,0.52602,1543
2025-11-28 21:00:00,0.52603,0.5263,0.52596,0.52627,1669
2025-11-28 22:00:00,0.52628,0.52637,0.52599,0.52611,3157
2025-11-28 23:00:00,0.52605,0.52643,0.52526,0.52528,6272
2025-12-01 00:00:00,0.52518,0.52592,0.52506,0.52529,1112
2025-12-01 01:00:00,0.52531,0.52637,0.52531,0.52627,1628
2025-12-01 02:00:00,0.52627,0.52639,0.52515,0.52549,2486
2025-12-01 03:00:00,0.52549,0.52663,0.52524,0.52638,3252
2025-12-01 04:00:00,0.52639,0.52648,0.52578,0.52604,2178
2025-12-01 05:00:00,0.52605,0.52646,0.52585,0.52645,1426
2025-12-01 06:00:00,0.52645,0.52655,0.52602,0.52618,1383
2025-12-01 07:00:00,0.52618,0.52627,0.52559,0.52617,1902
2025-12-01 08:00:00,0.52617,0.52641,0.526,0.52631,2017
2025-12-01 09:00:00,0.5263,0.52643,0.52591,0.52627,2678
2025-12-01 10:00:00,0.52628,0.52634,0.52545,0.52579,3475
2025-12-01 11:00:00,0.52581,0.52602,0.52539,0.52581,2764
2025-12-01 12:00:00,0.5258,0.52628,0.52536,0.52576,2380
2025-12-01 13:00:00,0.52577,0.52608,0.52553,0.52585,2183
2025-12-01 14:00:00,0.52583,0.52595,0.5248,0.52513,2539
2025-12-01 15:00:00,0.52513,0.52556,0.52493,0.52526,3394
2025-12-01 16:00:00,0.52525,0.52642,0.52525,0.52617,4098
2025-12-01 17:00:00,0.52574,0.52653,0.52529,0.52578,4438
2025-12-01 18:00:00,0.5258,0.52659,0.52553,0.52648,3289
2025-12-01 19:00:00,0.52646,0.52667,0.5263,0.52659,2363
2025-12-01 20:00:00,0.52659,0.52671,0.52624,0.52657,1980
2025-12-01 21:00:00,0.52656,0.52659,0.52606,0.52625,1926
2025-12-01 22:00:00,0.52624,0.52656,0.52612,0.52655,1606
2025-12-01 23:00:00,0.52652,0.52657,0.52625,0.52649,938
2025-12-02 00:00:00,0.52575,0.52608,0.5244,0.52564,343
2025-12-02 01:00:00,0.52561,0.52671,0.52553,0.5264,862
2025-12-02 02:00:00,0.52641,0.5266,0.52624,0.52656,1314
2025-12-02 03:00:00,0.52655,0.52667,0.52622,0.52648,1835
2025-12-02 04:00:00,0.52648,0.52699,0.52635,0.52684,1191
2025-12-02 05:00:00,0.52683,0.52701,0.52652,0.52675,1136
2025-12-02 06:00:00,0.52676,0.52696,0.5267,0.52685,774
2025-12-02 07:00:00,0.52686,0.52743,0.5268,0.5272,784
2025-12-02 08:00:00,0.52719,0.52738,0.52702,0.52716,1002
2025-12-02 09:00:00,0.52717,0.52738,0.52694,0.52727,1421
2025-12-02 10:00:00,0.52728,0.52752,0.52701,0.52728,1869
2025-12-02 11:00:00,0.52727,0.52735,0.52646,0.52659,1988
2025-12-02 12:00:00,0.52658,0.52709,0.52648,0.52685,2009
2025-12-02 13:00:00,0.52684,0.52713,0.52668,0.52674,1582
2025-12-02 14:00:00,0.52677,0.52721,0.52675,0.52713,1489
2025-12-02 15:00:00,0.52713,0.52792,0.52711,0.52789,1899
2025-12-02 16:00:00,0.52788,0.52836,0.52729,0.52778,3219
2025-12-02 17:00:00,0.52777,0.52848,0.52691,0.52848,3837
2025-12-02 18:00:00,0.52849,0.52849,0.52724,0.52739,3517
2025-12-02 19:00:00,0.52738,0.5278,0.527,0.527,2563
2025-12-02 20:00:00,0.52694,0.52729,0.52689,0.52718,2279
2025-12-02 21:00:00,0.52719,0.52733,0.52703,0.52724,1879
2025-12-02 22:00:00,0.52723,0.5273,0.52699,0.52713,1693
2025-12-02 23:00:00,0.52714,0.52726,0.52688,0.52712,818
2025-12-03 00:00:00,0.52606,0.52703,0.52604,0.52681,541
2025-12-03 01:00:00,0.52691,0.52775,0.52668,0.52768,1019
2025-12-03 02:00:00,0.52767,0.5279,0.52564,0.52675,2166
2025-12-03 03:00:00,0.52676,0.52736,0.52652,0.52723,2025
2025-12-03 04:00:00,0.52724,0.52759,0.52698,0.52731,1595
2025-12-03 05:00:00,0.52732,0.52766,0.52725,0.52759,1048
2025-12-03 06:00:00,0.5276,0.52776,0.52747,0.52764,755
2025-12-03 07:00:00,0.52763,0.52792,0.5275,0.52789,991
2025-12-03 08:00:00,0.52789,0.52792,0.52746,0.52763,1226
2025-12-03 09:00:00,0.52762,0.528,0.52715,0.52759,2239
2025-12-03 10:00:00,0.52759,0.52782,0.52702,0.52737,2090
2025-12-03 11:00:00,0.52736,0.52796,0.52727,0.52769,2012
2025-12-03 12:00:00,0.52768,0.52784,0.52743,0.52756,1973
2025-12-03 13:00:00,0.52755,0.52763,0.52704,0.52717,1662
2025-12-03 14:00:00,0.52718,0.52746,0.52699,0.52731,1784
2025-12-03 15:00:00,0.5273,0.52749,0.52697,0.52731,2965
2025-12-03 16:00:00,0.52732,0.52733,0.52578,0.52683,4448
2025-12-03 17:00:00,0.52682,0.5284,0.52653,0.52812,4343
2025-12-03 18:00:00,0.52813,0.52827,0.52743,0.52751,2593
2025-12-03 19:00:00,0.52752,0.52768,0.52724,0.52731,2165
2025-12-03 20:00:00,0.52732,0.52758,0.52716,0.52751,1930
2025-12-03 21:00:00,0.5275,0.52762,0.52738,0.5276,1337
2025-12-03 22:00:00,0.52765,0.52795,0.5275,0.52791,1210
2025-12-03 23:00:00,0.52791,0.52799,0.52776,0.52776,884
2025-12-04 00:00:00,0.52744,0.52753,0.52682,0.52728,1125
2025-12-04 01:00:00,0.52741,0.52818,0.52726,0.52814,993
2025-12-04 02:00:00,0.52813,0.5289,0.52812,0.5288,1425
2025-12-04 03:00:00,0.5288,0.52885,0.52835,0.52853,2007
2025-12-04 04:00:00,0.52854,0.52895,0.52851,0.52881,1512
2025-12-04 05:00:00,0.52879,0.52931,0.52855,0.52925,1203
2025-12-04 06:00:00,0.52924,0.52966,0.5292,0.52958,1016
2025-12-04 07:00:00,0.52958,0.5297,0.52917,0.52942,1627
2025-12-04 08:00:00,0.52943,0.52959,0.52915,0.52941,1320
2025-12-04 09:00:00,0.52939,0.52984,0.5293,0.52966,1745
2025-12-04 10:00:00,0.52965,0.5301,0.52885,0.52893,2832
2025-12-04 11:00:00,0.52895,0.52926,0.52876,0.52901,2573
2025-12-04 12:00:00,0.52902,0.52955,0.52897,0.5292,1995
2025-12-04 13:00:00,0.52921,0.52921,0.52831,0.52863,2089
2025-12-04 14:00:00,0.52859,0.52905,0.52858,0.52887,1735
2025-12-04 15:00:00,0.52886,0.52939,0.52876,0.52904,2987
2025-12-04 16:00:00,0.52906,0.52942,0.52892,0.52927,3393
2025-12-04 17:00:00,0.52928,0.53021,0.52926,0.53013,3424
2025-12-04 18:00:00,0.53014,0.53089,0.52993,0.53082,3040
2025-12-04 19:00:00,0.53081,0.53101,0.53062,0.53089,1969
2025-12-04 20:00:00,0.5309,0.5312,0.53075,0.5311,1779
2025-12-04 21:00:00,0.53111,0.53121,0.53068,0.53115,1811
2025-12-04 22:00:00,0.53113,0.53155,0.53103,0.53152,1710
2025-12-04 23:00:00,0.53151,0.53159,0.5309,0.53107,934
2025-12-05 00:00:00,0.53021,0.53089,0.52932,0.53045,409
2025-12-05 01:00:00,0.53075,0.5312,0.53056,0.53093,870
2025-12-05 02:00:00,0.53094,0.53112,0.53078,0.53098,1278
2025-12-05 03:00:00,0.53099,0.53135,0.53099,0.53114,1600
2025-12-05 04:00:00,0.53115,0.53146,0.53107,0.53136,1250
2025-12-05 05:00:00,0.53136,0.53146,0.53112,0.53143,997
2025-12-05 06:00:00,0.53142,0.53166,0.53132,0.53159,1129
2025-12-05 07:00:00,0.5316,0.53179,0.53137,0.53164,1216
2025-12-05 08:00:00,0.53164,0.53196,0.53145,0.53183,1398
2025-12-05 09:00:00,0.53186,0.53192,0.5313,0.53172,2093
2025-12-05 10:00:00,0.53171,0.53267,0.53153,0.53223,2449
2025-12-05 11:00:00,0.53222,0.53241,0.53193,0.5322,1814
2025-12-05 12:00:00,0.53221,0.53287,0.532,0.53268,1683
2025-12-05 13:00:00,0.53266,0.53288,0.53216,0.53254,1616
2025-12-05 14:00:00,0.53253,0.5336,0.53253,0.53358,1901
2025-12-05 15:00:00,0.53357,0.53382,0.5331,0.53357,2539
2025-12-05 16:00:00,0.53358,0.53399,0.53317,0.53382,3080
2025-12-05 17:00:00,0.53379,0.53436,0.53362,0.53412,3626
2025-12-05 18:00:00,0.53412,0.53418,0.53348,0.53403,4554
2025-12-05 19:00:00,0.53398,0.53439,0.53391,0.5343,2418
2025-12-05 20:00:00,0.5343,0.53436,0.53391,0.5342,1802
2025-12-05 21:00:00,0.5342,0.53422,0.53383,0.53395,1626
2025-12-05 22:00:00,0.53397,0.53397,0.53374,0.53387,1618
2025-12-05 23:00:00,0.53388,0.5342,0.53383,0.53392,1311
2025-12-08 00:00:00,0.53302,0.53339,0.5325,0.53285,2812
2025-12-08 01:00:00,0.53278,0.53427,0.53278,0.53395,3546
2025-12-08 02:00:00,0.53397,0.53406,0.53361,0.53367,2456
2025-12-08 03:00:00,0.53366,0.53417,0.5336,0.53376,2537
2025-12-08 04:00:00,0.53375,0.53416,0.53368,0.53416,1785
2025-12-08 05:00:00,0.53415,0.53416,0.53353,0.53375,1539
2025-12-08 06:00:00,0.53375,0.53401,0.53369,0.53374,1262
2025-12-08 07:00:00,0.53375,0.53394,0.53347,0.53384,1555
2025-12-08 08:00:00,0.53383,0.53385,0.53352,0.53367,2336
2025-12-08 09:00:00,0.53373,0.53386,0.53285,0.5332,2420
2025-12-08 10:00:00,0.53321,0.53392,0.53308,0.53382,2931
2025-12-08 11:00:00,0.53381,0.53388,0.53345,0.53368,2727
2025-12-08 12:00:00,0.53369,0.53405,0.53352,0.53364,2274
2025-12-08 13:00:00,0.53363,0.53455,0.53345,0.53439,2498
2025-12-08 14:00:00,0.53438,0.53474,0.53426,0.53465,2474
2025-12-08 15:00:00,0.53465,0.53513,0.53459,0.5348,3164
2025-12-08 16:00:00,0.53481,0.5349,0.53447,0.53463,3791
2025-12-08 17:00:00,0.53462,0.53513,0.53432,0.53456,4573
2025-12-08 18:00:00,0.53458,0.53507,0.53426,0.53485,3619
2025-12-08 19:00:00,0.53482,0.5349,0.53447,0.53464,2367
2025-12-08 20:00:00,0.53465,0.53475,0.53398,0.53405,2194
2025-12-08 21:00:00,0.53406,0.53433,0.53395,0.53426,1944
2025-12-08 22:00:00,0.53424,0.53455,0.53415,0.53454,1406
2025-12-08 23:00:00,0.53455,0.53464,0.53416,0.53435,857
2025-12-09 00:00:00,0.53406,0.5342,0.53321,0.53404,467
2025-12-09 01:00:00,0.53413,0.53462,0.534,0.53453,868
2025-12-09 02:00:00,0.53451,0.53463,0.53404,0.53413,1650
2025-12-09 03:00:00,0.53412,0.53437,0.53384,0.53415,2257
2025-12-09 04:00:00,0.53416,0.53429,0.53403,0.53425,1925
2025-12-09 05:00:00,0.53424,0.53442,0.53262,0.53407,2388
2025-12-09 06:00:00,0.53408,0.53615,0.53387,0.53584,2738
2025-12-09 07:00:00,0.53585,0.53603,0.53488,0.53503,2733
2025-12-09 08:00:00,0.53504,0.53537,0.53481,0.5353,2708
2025-12-09 09:00:00,0.5353,0.53545,0.53477,0.53516,2394
2025-12-09 10:00:00,0.53519,0.53532,0.53434,0.53458,2916
2025-12-09 11:00:00,0.53457,0.53564,0.53445,0.5353,2937
2025-12-09 12:00:00,0.53529,0.53555,0.53508,0.53531,2626
2025-12-09 13:00:00,0.5353,0.5355,0.53516,0.53523,2624
2025-12-09 14:00:00,0.53525,0.53569,0.53517,0.53526,2416
2025-12-09 15:00:00,0.53525,0.53538,0.53469,0.53508,3344
2025-12-09 16:00:00,0.53507,0.53603,0.535,0.53565,4182
2025-12-09 17:00:00,0.53565,0.53683,0.53546,0.53611,5128
2025-12-09 18:00:00,0.53611,0.53636,0.53599,0.53614,2972
2025-12-09 19:00:00,0.53613,0.53626,0.53513,0.53525,2553
2025-12-09 20:00:00,0.53526,0.53536,0.53496,0.5353,1936
2025-12-09 21:00:00,0.53529,0.53535,0.53497,0.53498,1715
2025-12-09 22:00:00,0.53497,0.53517,0.53487,0.5351,1186
2025-12-09 23:00:00,0.53509,0.53528,0.53503,0.53519,812
2025-12-10 00:00:00,0.53522,0.53537,0.53436,0.53527,609
2025-12-10 01:00:00,0.53516,0.5356,0.5351,0.53513,892
2025-12-10 02:00:00,0.53512,0.5357,0.53509,0.5355,2169
2025-12-10 03:00:00,0.53549,0.53563,0.53477,0.53481,2830
2025-12-10 04:00:00,0.53479,0.53516,0.5343,0.53509,2081
2025-12-10 05:00:00,0.5351,0.53526,0.53487,0.53499,1875
2025-12-10 06:00:00,0.53497,0.53535,0.53494,0.53525,1340
2025-12-10 07:00:00,0.53526,0.53539,0.53485,0.53534,1551
2025-12-10 08:00:00,0.53533,0.5357,0.53532,0.53554,1675
2025-12-10 09:00:00,0.53557,0.53575,0.53507,0.53512,2231
2025-12-10 10:00:00,0.53509,0.53532,0.53473,0.53493,2822
2025-12-10 11:00:00,0.53494,0.53534,0.5347,0.53533,2807
2025-12-10 12:00:00,0.53535,0.53569,0.53504,0.53526,2387
2025-12-10 13:00:00,0.53526,0.53538,0.53482,0.53529,2469
2025-12-10 14:00:00,0.53528,0.53535,0.53431,0.53439,2284
2025-12-10 15:00:00,0.53437,0.53439,0.53339,0.53349,3027
2025-12-10 16:00:00,0.5335,0.53356,0.53284,0.53309,3934
2025-12-10 17:00:00,0.53309,0.53316,0.53234,0.53264,3731
2025-12-10 18:00:00,0.53263,0.53322,0.53247,0.53308,2926
2025-12-10 19:00:00,0.53306,0.53314,0.53274,0.53291,2063
2025-12-10 20:00:00,0.53291,0.53327,0.53234,0.53234,2050
2025-12-10 21:00:00,0.53241,0.53412,0.53218,0.53403,8071
2025-12-10 22:00:00,0.53405,0.53464,0.53368,0.53436,5004
2025-12-10 23:00:00,0.53436,0.5344,0.53397,0.53414,1349
2025-12-11 00:00:00,0.53326,0.53374,0.5331,0.53323,557
2025-12-11 01:00:00,0.53312,0.53374,0.53312,0.5334,1340
2025-12-11 02:00:00,0.53338,0.53374,0.53225,0.53267,3193
2025-12-11 03:00:00,0.53262,0.53306,0.53245,0.53284,3575
2025-12-11 04:00:00,0.53286,0.53302,0.53156,0.5317,3190
2025-12-11 05:00:00,0.53169,0.53175,0.53018,0.53023,3491
2025-12-11 06:00:00,0.53024,0.53077,0.52971,0.53064,2141
2025-12-11 07:00:00,0.53062,0.53077,0.53032,0.53058,2403
2025-12-11 08:00:00,0.53056,0.53072,0.53004,0.5305,2511
2025-12-11 09:00:00,0.5305,0.53162,0.53025,0.53118,3070
2025-12-11 10:00:00,0.53122,0.53141,0.53049,0.53087,3810
2025-12-11 11:00:00,0.53087,0.53113,0.53047,0.53079,3513
2025-12-11 12:00:00,0.53078,0.53093,0.53026,0.53045,2991
2025-12-11 13:00:00,0.53045,0.53054,0.52999,0.53021,2966
2025-12-11 14:00:00,0.5302,0.53047,0.52969,0.53016,2806
2025-12-11 15:00:00,0.53015,0.53048,0.5299,0.53012,4154
2025-12-11 16:00:00,0.53011,0.53028,0.52881,0.52882,4730
2025-12-11 17:00:00,0.5288,0.52996,0.52843,0.52935,4798
2025-12-11 18:00:00,0.52934,0.52973,0.52877,0.52901,4283
2025-12-11 19:00:00,0.52901,0.52935,0.52878,0.52921,2911
2025-12-11 20:00:00,0.52919,0.52963,0.52912,0.52939,2012
2025-12-11 21:00:00,0.52938,0.52994,0.52938,0.52991,2016
2025-12-11 22:00:00,0.52992,0.52998,0.52914,0.52955,1914
2025-12-11 23:00:00,0.52954,0.52995,0.52947,0.52986,1016
2025-12-12 00:00:00,0.52973,0.52987,0.5285,0.52879,1496
2025-12-12 01:00:00,0.52878,0.53,0.52878,0.52937,1106
2025-12-12 02:00:00,0.52935,0.53005,0.52927,0.52984,2778
2025-12-12 03:00:00,0.52983,0.53011,0.52954,0.5298,2853
2025-12-12 04:00:00,0.52979,0.52999,0.5295,0.52967,2326
2025-12-12 05:00:00,0.52966,0.52983,0.52962,0.52968,1510
2025-12-12 06:00:00,0.52967,0.52975,0.52941,0.52948,1467
2025-12-12 07:00:00,0.5295,0.5299,0.52943,0.5298,1748
2025-12-12 08:00:00,0.52981,0.5302,0.52965,0.52974,1892
2025-12-12 09:00:00,0.52972,0.53014,0.52927,0.53011,2537
2025-12-12 10:00:00,0.53013,0.53079,0.53,0.53066,3567
2025-12-12 11:00:00,0.5307,0.53073,0.52987,0.53008,2976
2025-12-12 12:00:00,0.53007,0.53043,0.52965,0.53034,2534
2025-12-12 13:00:00,0.53034,0.53042,0.52991,0.53014,2287
2025-12-12 14:00:00,0.53012,0.53055,0.53011,0.53017,2334
2025-12-12 15:00:00,0.53018,0.53049,0.53006,0.53033,3226
2025-12-12 16:00:00,0.53035,0.53059,0.52948,0.52977,4165
2025-12-12 17:00:00,0.52975,0.52976,0.52825,0.52855,5761
2025-12-12 18:00:00,0.52853,0.52877,0.52785,0.5285,5675
2025-12-12 19:00:00,0.52847,0.52958,0.52841,0.52913,3319
2025-12-12 20:00:00,0.52912,0.52965,0.52905,0.52932,2755
2025-12-12 21:00:00,0.52933,0.52948,0.52912,0.5294,2523
2025-12-12 22:00:00,0.52939,0.52955,0.52915,0.52952,2345
2025-12-12 23:00:00,0.52952,0.52958,0.52905,0.52905,1162
2025-12-15 00:00:00,0.5263,0.52884,0.5263,0.5279,2567
2025-12-15 01:00:00,0.52791,0.52922,0.52791,0.52919,1579
2025-12-15 02:00:00,0.52921,0.52957,0.52906,0.52924,2321
2025-12-15 03:00:00,0.52924,0.5298,0.52914,0.52953,2959
2025-12-15 04:00:00,0.52948,0.52952,0.52854,0.52875,2859
2025-12-15 05:00:00,0.52873,0.52918,0.52873,0.52896,2288
2025-12-15 06:00:00,0.52895,0.52903,0.52862,0.52901,2020
2025-12-15 07:00:00,0.529,0.5291,0.52884,0.52889,2068
2025-12-15 08:00:00,0.5289,0.52934,0.52877,0.52932,2312
2025-12-15 09:00:00,0.52932,0.52964,0.52891,0.52946,2959
2025-12-15 10:00:00,0.52948,0.53022,0.52913,0.53004,3334
2025-12-15 11:00:00,0.53002,0.53021,0.52915,0.52926,2785
2025-12-15 12:00:00,0.52922,0.52929,0.52864,0.52911,2029
2025-12-15 13:00:00,0.52912,0.52939,0.52889,0.52923,1795
2025-12-15 14:00:00,0.52924,0.52945,0.52904,0.52944,1938
2025-12-15 15:00:00,0.52945,0.52961,0.52924,0.52941,2939
2025-12-15 16:00:00,0.52939,0.52955,0.52788,0.5279,4312
2025-12-15 17:00:00,0.52791,0.52883,0.52769,0.52879,5675
2025-12-15 18:00:00,0.5288,0.52903,0.52839,0.52889,4457
2025-12-15 19:00:00,0.52889,0.52916,0.5287,0.52892,3008
2025-12-15 20:00:00,0.52891,0.529,0.52853,0.52881,2627
2025-12-15 21:00:00,0.5288,0.52909,0.52878,0.52907,1807
2025-12-15 22:00:00,0.52908,0.52908,0.52867,0.52877,1954
2025-12-15 23:00:00,0.52877,0.52883,0.52858,0.52869,873
2025-12-16 00:00:00,0.52817,0.52852,0.52746,0.52841,670
2025-12-16 01:00:00,0.52843,0.52934,0.52841,0.52876,1002
2025-12-16 02:00:00,0.52875,0.5288,0.52772,0.52795,2627
2025-12-16 03:00:00,0.52794,0.52811,0.52675,0.52691,4326
2025-12-16 04:00:00,0.5269,0.52785,0.52672,0.52724,3583
2025-12-16 05:00:00,0.52723,0.52804,0.52723,0.52796,2925
2025-12-16 06:00:00,0.52795,0.52848,0.52789,0.52833,1858
2025-12-16 07:00:00,0.52834,0.52871,0.528,0.52811,2115
2025-12-16 08:00:00,0.5281,0.5289,0.52803,0.52885,2025
2025-12-16 09:00:00,0.52886,0.52928,0.52855,0.52871,2079
2025-12-16 10:00:00,0.52872,0.5292,0.52861,0.52882,2966
2025-12-16 11:00:00,0.52881,0.52889,0.52793,0.52795,2436
2025-12-16 12:00:00,0.52794,0.52829,0.52771,0.5282,2250
2025-12-16 13:00:00,0.52822,0.52846,0.52795,0.52797,1805
2025-12-16 14:00:00,0.52798,0.52801,0.52693,0.52701,2204
2025-12-16 15:00:00,0.52701,0.52837,0.52681,0.52817,5747
2025-12-16 16:00:00,0.52817,0.5286,0.52783,0.52802,5965
2025-12-16 17:00:00,0.52803,0.5281,0.52653,0.52792,5974
2025-12-16 18:00:00,0.52788,0.52806,0.5271,0.5275,4269
2025-12-16 19:00:00,0.52749,0.52769,0.52678,0.52686,3233
2025-12-16 20:00:00,0.52687,0.52782,0.52668,0.5276,3093
2025-12-16 21:00:00,0.5276,0.5276,0.52701,0.52732,3241
2025-12-16 22:00:00,0.52733,0.52754,0.52713,0.52748,2284
2025-12-16 23:00:00,0.52749,0.52749,0.527,0.52737,1057
2025-12-17 00:00:00,0.52608,0.52721,0.52607,0.52717,941
2025-12-17 01:00:00,0.52706,0.52755,0.52706,0.52743,817
2025-12-17 02:00:00,0.52742,0.52746,0.52621,0.52639,2493
2025-12-17 03:00:00,0.52641,0.52744,0.52641,0.52741,3190
2025-12-17 04:00:00,0.5274,0.52743,0.52678,0.52709,2808
2025-12-17 05:00:00,0.52709,0.5274,0.52686,0.52721,2026
2025-12-17 06:00:00,0.52723,0.52739,0.52661,0.52671,1956
2025-12-17 07:00:00,0.52672,0.52704,0.52661,0.52704,2167
2025-12-17 08:00:00,0.52705,0.52762,0.527,0.52756,2573
2025-12-17 09:00:00,0.52758,0.52847,0.52748,0.52812,3965
2025-12-17 10:00:00,0.5281,0.52843,0.52777,0.52828,3458
2025-12-17 11:00:00,0.52828,0.52873,0.52767,0.52771,3066
2025-12-17 12:00:00,0.52772,0.52798,0.52724,0.52725,2700
2025-12-17 13:00:00,0.52726,0.52753,0.52698,0.52745,2696
2025-12-17 14:00:00,0.52745,0.52758,0.52684,0.52701,2479
2025-12-17 15:00:00,0.527,0.52717,0.5263,0.527,4017
2025-12-17 16:00:00,0.52699,0.52722,0.52639,0.52701,4396
2025-12-17 17:00:00,0.52699,0.52699,0.52473,0.52522,5538
2025-12-17 18:00:00,0.52521,0.52584,0.52482,0.52512,5312
2025-12-17 19:00:00,0.52511,0.5255,0.52482,0.52498,3314
2025-12-17 20:00:00,0.52497,0.52529,0.52462,0.52469,2621
2025-12-17 21:00:00,0.52468,0.52531,0.52467,0.52519,2356
2025-12-17 22:00:00,0.5252,0.52562,0.52515,0.52547,2148
2025-12-17 23:00:00,0.52546,0.5257,0.52541,0.52543,964
2025-12-18 00:00:00,0.52428,0.52506,0.52396,0.52499,818
2025-12-18 01:00:00,0.52467,0.52544,0.52467,0.52484,1066
2025-12-18 02:00:00,0.52483,0.52503,0.52448,0.52478,2724
2025-12-18 03:00:00,0.52479,0.52508,0.52444,0.52497,3492
2025-12-18 04:00:00,0.52498,0.52514,0.52462,0.52483,2652
2025-12-18 05:00:00,0.52483,0.52494,0.52428,0.52441,1962
2025-12-18 06:00:00,0.52442,0.52493,0.52434,0.52493,1573
2025-12-18 07:00:00,0.52492,0.52529,0.52478,0.52503,2116
2025-12-18 08:00:00,0.52504,0.52533,0.52483,0.52525,2282
2025-12-18 09:00:00,0.52526,0.52584,0.52512,0.52566,2802
2025-12-18 10:00:00,0.52566,0.52582,0.52543,0.52553,3270
2025-12-18 11:00:00,0.52552,0.52623,0.52549,0.52605,2841
2025-12-18 12:00:00,0.52602,0.52627,0.52535,0.52547,2379
2025-12-18 13:00:00,0.52547,0.52558,0.52517,0.52552,2074
2025-12-18 14:00:00,0.52553,0.52563,0.52524,0.5253,2747
2025-12-18 15:00:00,0.52529,0.52592,0.52477,0.52565,5952
2025-12-18 16:00:00,0.52564,0.5263,0.52559,0.52615,6153
2025-12-18 17:00:00,0.52614,0.52637,0.52515,0.52518,5252
2025-12-18 18:00:00,0.52519,0.52577,0.52514,0.5256,3850
2025-12-18 19:00:00,0.52561,0.5257,0.52477,0.52552,3951
2025-12-18 20:00:00,0.52552,0.52584,0.52525,0.52556,2704
2025-12-18 21:00:00,0.52557,0.52563,0.52509,0.52514,2582
2025-12-18 22:00:00,0.52514,0.52521,0.52489,0.52492,2090
2025-12-18 23:00:00,0.5249,0.52503,0.52478,0.52497,852
2025-12-19 00:00:00,0.52463,0.52496,0.52462,0.52478,892
2025-12-19 01:00:00,0.52487,0.52531,0.52481,0.52513,902
2025-12-19 02:00:00,0.52513,0.52598,0.52509,0.52581,2007
2025-12-19 03:00:00,0.52582,0.52589,0.52532,0.52541,2582
2025-12-19 04:00:00,0.5254,0.52561,0.5251,0.52542,2014
2025-12-19 05:00:00,0.52544,0.52575,0.52519,0.5255,2859
2025-12-19 06:00:00,0.52551,0.52568,0.5253,0.52547,1788
2025-12-19 07:00:00,0.52546,0.52551,0.52491,0.52493,1906
2025-12-19 08:00:00,0.52493,0.52539,0.52487,0.525,2785
2025-12-19 09:00:00,0.52498,0.52548,0.52482,0.52525,3244
2025-12-19 10:00:00,0.52524,0.52567,0.52522,0.52538,3614
2025-12-19 11:00:00,0.52536,0.52566,0.52511,0.52542,3043
2025-12-19 12:00:00,0.52543,0.52559,0.52502,0.52528,2808
2025-12-19 13:00:00,0.52527,0.5256,0.52517,0.5256,2719
2025-12-19 14:00:00,0.52562,0.52572,0.52532,0.52544,2581
2025-12-19 15:00:00,0.52543,0.52573,0.52522,0.52553,3352
2025-12-19 16:00:00,0.52554,0.52663,0.52518,0.52652,4425
2025-12-19 17:00:00,0.52648,0.52698,0.52587,0.52588,4572
2025-12-19 18:00:00,0.52587,0.52651,0.52574,0.52589,2995
2025-12-19 19:00:00,0.5259,0.52616,0.52573,0.52588,1695
2025-12-19 20:00:00,0.52589,0.52614,0.52575,0.52602,1585
2025-12-19 21:00:00,0.52601,0.52614,0.52587,0.52598,1382
2025-12-19 22:00:00,0.52596,0.52608,0.52575,0.52578,1552
2025-12-19 23:00:00,0.52577,0.5259,0.52556,0.5256,1298
2025-12-22 00:00:00,0.52492,0.52569,0.52432,0.52466,774
2025-12-22 01:00:00,0.5247,0.5261,0.52464,0.52592,4073
2025-12-22 02:00:00,0.5259,0.52603,0.52544,0.52585,3410
2025-12-22 03:00:00,0.52589,0.52623,0.52578,0.52619,2516
2025-12-22 04:00:00,0.5262,0.52658,0.52615,0.52648,1750
2025-12-22 05:00:00,0.52648,0.52658,0.52594,0.526,1543
2025-12-22 06:00:00,0.526,0.52652,0.526,0.52648,1299
2025-12-22 07:00:00,0.52647,0.52664,0.52634,0.52648,1785
2025-12-22 08:00:00,0.52649,0.52715,0.52644,0.52687,2073
2025-12-22 09:00:00,0.52688,0.52756,0.52684,0.5274,2342
2025-12-22 10:00:00,0.5274,0.52761,0.52696,0.52719,3002
2025-12-22 11:00:00,0.52718,0.52729,0.52668,0.52671,2766
2025-12-22 12:00:00,0.52672,0.52711,0.52662,0.52679,2002
2025-12-22 13:00:00,0.52677,0.52705,0.52669,0.52701,1873
2025-12-22 14:00:00,0.527,0.52733,0.52679,0.52718,2237
2025-12-22 15:00:00,0.52717,0.52731,0.52677,0.527,3104
2025-12-22 16:00:00,0.52701,0.5274,0.52655,0.52697,3612
2025-12-22 17:00:00,0.52695,0.52757,0.5269,0.5274,3813
2025-12-22 18:00:00,0.5274,0.52758,0.52712,0.52746,2895
2025-12-22 19:00:00,0.52748,0.52754,0.52708,0.52716,1919
2025-12-22 20:00:00,0.52715,0.5273,0.52693,0.52698,1587
2025-12-22 21:00:00,0.52697,0.52709,0.52682,0.52683,1434
2025-12-22 22:00:00,0.52684,0.52725,0.52679,0.5271,1332
2025-12-22 23:00:00,0.52711,0.52727,0.52702,0.52712,588
2025-12-23 00:00:00,0.52652,0.52722,0.52647,0.52705,845
2025-12-23 01:00:00,0.52702,0.52734,0.52687,0.52691,1152
2025-12-23 02:00:00,0.52692,0.52733,0.52655,0.52671,1965
2025-12-23 03:00:00,0.52672,0.52698,0.52641,0.52675,2843
2025-12-23 04:00:00,0.52675,0.527,0.52644,0.52665,2355
2025-12-23 05:00:00,0.52666,0.52672,0.52616,0.5265,2185
2025-12-23 06:00:00,0.5265,0.52661,0.52634,0.52649,2512
2025-12-23 07:00:00,0.52649,0.5265,0.52606,0.52642,2632
2025-12-23 08:00:00,0.52641,0.52724,0.5264,0.52712,1899
2025-12-23 09:00:00,0.52713,0.52788,0.52702,0.52758,2899
2025-12-23 10:00:00,0.52757,0.52784,0.5272,0.52744,3230
2025-12-23 11:00:00,0.52743,0.52778,0.52698,0.52757,3432
2025-12-23 12:00:00,0.52755,0.52778,0.52709,0.52718,2645
2025-12-23 13:00:00,0.52719,0.52732,0.52694,0.52705,2056
2025-12-23 14:00:00,0.52707,0.52723,0.52661,0.52706,2385
2025-12-23 15:00:00,0.52705,0.52838,0.52704,0.52765,4089
2025-12-23 16:00:00,0.52763,0.52832,0.52751,0.52801,4774
2025-12-23 17:00:00,0.52801,0.52877,0.52767,0.52846,4367
2025-12-23 18:00:00,0.52845,0.52853,0.52812,0.52852,2827
2025-12-23 19:00:00,0.52851,0.52851,0.52779,0.52791,1702
2025-12-23 20:00:00,0.5279,0.52813,0.52782,0.52789,1512
2025-12-23 21:00:00,0.5279,0.52802,0.5275,0.52756,1528
2025-12-23 22:00:00,0.52757,0.52793,0.5275,0.52783,1304
2025-12-23 23:00:00,0.52785,0.52798,0.52757,0.52764,880
2025-12-24 00:00:00,0.52764,0.52786,0.52727,0.52738,601
2025-12-24 01:00:00,0.52742,0.52779,0.52736,0.52777,1126
2025-12-24 02:00:00,0.5278,0.52781,0.52726,0.52733,2113
2025-12-24 03:00:00,0.52732,0.5277,0.52693,0.5277,2690
2025-12-24 04:00:00,0.52769,0.52802,0.52761,0.52794,2279
2025-12-24 05:00:00,0.52794,0.52845,0.52785,0.52787,2180
2025-12-24 06:00:00,0.52786,0.52825,0.52776,0.52804,1471
2025-12-24 07:00:00,0.52804,0.52823,0.52796,0.52821,1579
2025-12-24 08:00:00,0.52819,0.52855,0.52798,0.52844,1935
2025-12-24 09:00:00,0.52844,0.52899,0.5283,0.52852,2409
2025-12-24 10:00:00,0.52853,0.5287,0.52805,0.5281,3489
2025-12-24 11:00:00,0.52808,0.5281,0.52768,0.52778,2690
2025-12-24 12:00:00,0.52777,0.52825,0.52761,0.52814,2381
2025-12-24 13:00:00,0.52812,0.52821,0.52764,0.52775,2003
2025-12-24 14:00:00,0.52771,0.52815,0.52768,0.528,2011
2025-12-24 15:00:00,0.52799,0.52836,0.52769,0.52836,3404
2025-12-24 16:00:00,0.52837,0.52878,0.52818,0.52863,3363
2025-12-24 17:00:00,0.52864,0.52946,0.52851,0.52944,3482
2025-12-24 18:00:00,0.52945,0.52978,0.52889,0.52893,2840
2025-12-24 19:00:00,0.52892,0.52908,0.52862,0.52876,1658
2025-12-24 20:00:00,0.52876,0.52881,0.52826,0.52831,1570
2025-12-24 21:00:00,0.52833,0.52844,0.52812,0.52842,1601
2025-12-24 22:00:00,0.52843,0.52844,0.5279,0.52807,5810
2025-12-24 23:00:00,0.52806,0.52816,0.52772,0.52782,3543
2025-12-26 00:00:00,0.52502,0.52756,0.52502,0.52692,908
2025-12-26 01:00:00,0.52716,0.52847,0.5267,0.52841,3229
2025-12-26 02:00:00,0.52842,0.52917,0.5284,0.52869,3002
2025-12-26 03:00:00,0.5287,0.52916,0.52848,0.52871,3506
2025-12-26 04:00:00,0.5287,0.52931,0.5287,0.52925,2259
2025-12-26 05:00:00,0.52927,0.52935,0.52867,0.52871,2531
2025-12-26 06:00:00,0.52871,0.52898,0.5285,0.52869,2062
2025-12-26 07:00:00,0.52866,0.52885,0.52846,0.52872,2030
2025-12-26 08:00:00,0.52876,0.52903,0.5286,0.52879,2622
2025-12-26 09:00:00,0.52878,0.52931,0.52878,0.52905,2709
2025-12-26 10:00:00,0.52904,0.52944,0.52889,0.52898,2514
2025-12-26 11:00:00,0.52897,0.52922,0.52889,0.52903,2252
2025-12-26 12:00:00,0.52902,0.52948,0.52891,0.52922,1949
2025-12-26 13:00:00,0.52921,0.52942,0.52913,0.5293,2000
2025-12-26 14:00:00,0.5293,0.52942,0.52916,0.5294,1830
2025-12-26 15:00:00,0.52939,0.52949,0.52894,0.52942,2999
2025-12-26 16:00:00,0.52941,0.52993,0.52938,0.52972,3508
2025-12-26 17:00:00,0.52973,0.5299,0.52954,0.52967,3411
2025-12-26 18:00:00,0.52968,0.52999,0.52948,0.52992,5222
2025-12-26 19:00:00,0.52992,0.53004,0.52975,0.52981,3989
2025-12-26 20:00:00,0.52982,0.53004,0.52976,0.52994,3104
2025-12-26 21:00:00,0.52993,0.52997,0.52947,0.52949,1658
2025-12-26 22:00:00,0.52948,0.52977,0.52942,0.52972,1456
2025-12-26 23:00:00,0.52972,0.53001,0.52936,0.52941,1433
2025-12-29 00:00:00,0.52792,0.52939,0.52778,0.52906,1411
2025-12-29 01:00:00,0.52902,0.52993,0.52872,0.52988,3156
2025-12-29 02:00:00,0.52987,0.53005,0.52938,0.52944,3258
2025-12-29 03:00:00,0.52945,0.52994,0.52937,0.52983,3257
2025-12-29 04:00:00,0.52984,0.53078,0.52976,0.53066,2736
2025-12-29 05:00:00,0.53064,0.53102,0.53052,0.53085,1734
2025-12-29 06:00:00,0.53083,0.53114,0.53069,0.53076,1763
2025-12-29 07:00:00,0.53075,0.53101,0.5304,0.53044,2572
2025-12-29 08:00:00,0.53042,0.5305,0.52998,0.53018,2857
2025-12-29 09:00:00,0.53021,0.53037,0.5293,0.52934,2920
2025-12-29 10:00:00,0.52931,0.5294,0.52858,0.52871,3132
2025-12-29 11:00:00,0.52871,0.52877,0.52774,0.52819,3363
2025-12-29 12:00:00,0.5282,0.52934,0.5282,0.52929,3086
2025-12-29 13:00:00,0.52928,0.53006,0.52893,0.52908,3230
2025-12-29 14:00:00,0.52907,0.52911,0.52827,0.52869,3582
2025-12-29 15:00:00,0.52868,0.52884,0.52805,0.52876,3961
2025-12-29 16:00:00,0.52877,0.529,0.52778,0.5278,4928
2025-12-29 17:00:00,0.52779,0.52847,0.52737,0.52843,5594
2025-12-29 18:00:00,0.52845,0.52878,0.52816,0.52841,4026
2025-12-29 19:00:00,0.5284,0.52898,0.52827,0.52878,2306
2025-12-29 20:00:00,0.52879,0.52903,0.52858,0.52871,1914
2025-12-29 21:00:00,0.52872,0.5288,0.52856,0.52869,1561
2025-12-29 22:00:00,0.52869,0.52871,0.52827,0.52836,1755
2025-12-29 23:00:00,0.52836,0.52841,0.52801,0.52802,957
2025-12-30 00:00:00,0.52708,0.52802,0.52703,0.5279,822
2025-12-30 01:00:00,0.52791,0.52829,0.52746,0.52809,1344
2025-12-30 02:00:00,0.52809,0.52821,0.52771,0.52819,2392
2025-12-30 03:00:00,0.52821,0.52881,0.52792,0.52881,3099
2025-12-30 04:00:00,0.52879,0.52908,0.52842,0.529,2337
2025-12-30 05:00:00,0.529,0.52909,0.52876,0.52885,2050
2025-12-30 06:00:00,0.52884,0.52913,0.52883,0.52895,1251
2025-12-30 07:00:00,0.52894,0.52947,0.52882,0.52944,2192
2025-12-30 08:00:00,0.52943,0.52959,0.52914,0.52949,2105
2025-12-30 09:00:00,0.52948,0.52972,0.52903,0.52905,2062
2025-12-30 10:00:00,0.52903,0.52955,0.52883,0.52942,2801
2025-12-30 11:00:00,0.52941,0.52968,0.52864,0.52878,2697
2025-12-30 12:00:00,0.52876,0.52894,0.52851,0.5287,2203
2025-12-30 13:00:00,0.5287,0.52887,0.5284,0.52862,2265
2025-12-30 14:00:00,0.52863,0.52929,0.52857,0.52926,2779
2025-12-30 15:00:00,0.52929,0.52979,0.52852,0.52872,3444
2025-12-30 16:00:00,0.52871,0.52972,0.52871,0.52963,3466
2025-12-30 17:00:00,0.52962,0.53,0.52913,0.52987,3630
2025-12-30 18:00:00,0.52986,0.53001,0.52965,0.52989,2987
2025-12-30 19:00:00,0.52985,0.53036,0.52979,0.53031,1836
2025-12-30 20:00:00,0.53032,0.53032,0.52995,0.52995,1427
2025-12-30 21:00:00,0.53003,0.53013,0.52978,0.53011,1530
2025-12-30 22:00:00,0.53008,0.53043,0.53004,0.53024,1559
2025-12-30 23:00:00,0.53025,0.5303,0.53007,0.53011,682
2025-12-31 00:00:00,0.52929,0.52982,0.52926,0.52972,488
2025-12-31 01:00:00,0.52956,0.53035,0.52956,0.53018,1217
2025-12-31 02:00:00,0.53018,0.53042,0.53009,0.53036,2112
2025-12-31 03:00:00,0.53036,0.53048,0.52996,0.53006,2840
2025-12-31 04:00:00,0.53007,0.53074,0.53,0.53057,2878
2025-12-31 05:00:00,0.53056,0.53071,0.53031,0.53039,1873
2025-12-31 06:00:00,0.53039,0.53056,0.53025,0.5303,1309
2025-12-31 07:00:00,0.53031,0.53051,0.53007,0.53027,1773
2025-12-31 08:00:00,0.53029,0.53034,0.53004,0.53024,1670
2025-12-31 09:00:00,0.53023,0.53042,0.52992,0.53035,1986
2025-12-31 10:00:00,0.53034,0.53085,0.53014,0.53047,2377
2025-12-31 11:00:00,0.53046,0.53067,0.53001,0.53025,2294
2025-12-31 12:00:00,0.53025,0.53039,0.5295,0.52989,2143
2025-12-31 13:00:00,0.52988,0.53035,0.52969,0.52971,2316
2025-12-31 14:00:00,0.5297,0.53004,0.52957,0.52976,2681
2025-12-31 15:00:00,0.52975,0.52983,0.52897,0.52961,4011
2025-12-31 16:00:00,0.52961,0.52963,0.52881,0.52922,4246
2025-12-31 17:00:00,0.52923,0.5293,0.52797,0.52825,4762
2025-12-31 18:00:00,0.52826,0.52936,0.52817,0.52915,3433
2025-12-31 19:00:00,0.52915,0.52962,0.52904,0.52931,2508
2025-12-31 20:00:00,0.52932,0.52944,0.5291,0.52925,2156
2025-12-31 21:00:00,0.52926,0.52927,0.52894,0.52901,1830
2025-12-31 22:00:00,0.52902,0.52907,0.52849,0.52856,1782
2025-12-31 23:00:00,0.52857,0.52896,0.52837,0.52872,1382
2026-01-02 00:00:00,0.52761,0.52872,0.5276,0.5276,943
2026-01-02 01:00:00,0.52772,0.52914,0.52772,0.52888,1123
2026-01-02 02:00:00,0.52888,0.5293,0.52879,0.52918,1713
2026-01-02 03:00:00,0.52916,0.52957,0.52905,0.52944,2608
2026-01-02 04:00:00,0.52945,0.5296,0.52919,0.52955,2199
2026-01-02 05:00:00,0.52956,0.53024,0.52955,0.52997,1964
2026-01-02 06:00:00,0.52996,0.53058,0.52991,0.5304,1796
2026-01-02 07:00:00,0.53039,0.53065,0.53018,0.53055,1727
2026-01-02 08:00:00,0.53053,0.53091,0.53045,0.53067,1811
2026-01-02 09:00:00,0.53068,0.53127,0.53052,0.53124,2514
2026-01-02 10:00:00,0.53124,0.53208,0.53104,0.53177,3423
2026-01-02 11:00:00,0.53176,0.53176,0.53104,0.5316,2866
2026-01-02 12:00:00,0.53161,0.53184,0.53104,0.5313,2335
2026-01-02 13:00:00,0.53129,0.53141,0.53046,0.5306,1925
2026-01-02 14:00:00,0.53061,0.53082,0.53031,0.53069,2163
2026-01-02 15:00:00,0.53067,0.53099,0.53029,0.53037,2875
2026-01-02 16:00:00,0.53038,0.53068,0.52988,0.53013,3532
2026-01-02 17:00:00,0.53012,0.5302,0.52848,0.52857,5257
2026-01-02 18:00:00,0.52856,0.52925,0.52828,0.52913,4573
2026-01-02 19:00:00,0.52909,0.5297,0.529,0.52935,3015
2026-01-02 20:00:00,0.52934,0.52952,0.52922,0.52932,2600
2026-01-02 21:00:00,0.52933,0.52986,0.5293,0.52974,2445
2026-01-02 22:00:00,0.52973,0.53048,0.52959,0.53044,2110
2026-01-02 23:00:00,0.53045,0.53065,0.52998,0.53002,763
2026-01-05 00:00:00,0.52826,0.52983,0.52822,0.52939,1345
2026-01-05 01:00:00,0.52936,0.53062,0.52936,0.53014,2289
2026-01-05 02:00:00,0.53015,0.53027,0.52923,0.52947,3414
2026-01-05 03:00:00,0.52942,0.53023,0.52881,0.52961,4317
2026-01-05 04:00:00,0.52963,0.53062,0.52926,0.53033,3395
2026-01-05 05:00:00,0.53035,0.53058,0.53004,0.53024,3117
2026-01-05 06:00:00,0.53025,0.53031,0.52956,0.52978,2622
2026-01-05 07:00:00,0.52978,0.53009,0.52948,0.53008,2121
2026-01-05 08:00:00,0.53007,0.53039,0.52994,0.53028,2259
2026-01-05 09:00:00,0.53033,0.53049,0.52992,0.53017,2660
2026-01-05 10:00:00,0.53016,0.53083,0.52993,0.53077,3634
2026-01-05 11:00:00,0.53076,0.53175,0.53072,0.53158,3269
2026-01-05 12:00:00,0.53159,0.53205,0.53106,0.53107,3127
2026-01-05 13:00:00,0.53108,0.53173,0.53103,0.53112,2986
2026-01-05 14:00:00,0.53111,0.53148,0.53059,0.5308,2918
2026-01-05 15:00:00,0.53083,0.53118,0.53062,0.53113,4781
2026-01-05 16:00:00,0.53112,0.53243,0.53096,0.53176,4928
2026-01-05 17:00:00,0.53181,0.53275,0.53161,0.53223,4903
2026-01-05 18:00:00,0.53224,0.53245,0.53204,0.53224,3562
2026-01-05 19:00:00,0.53223,0.53257,0.53195,0.53198,2590
2026-01-05 20:00:00,0.53196,0.53204,0.53144,0.53145,1797
2026-01-05 21:00:00,0.53143,0.53159,0.53136,0.53155,1981
2026-01-05 22:00:00,0.53155,0.53159,0.53139,0.53149,1364
2026-01-05 23:00:00,0.53146,0.5317,0.53142,0.53145,778
2026-01-06 00:00:00,0.53117,0.53144,0.53069,0.53143,611
2026-01-06 01:00:00,0.53139,0.53181,0.5311,0.53177,1034
2026-01-06 02:00:00,0.53179,0.53201,0.53132,0.53134,2356
2026-01-06 03:00:00,0.53133,0.53167,0.53093,0.5314,3193
2026-01-06 04:00:00,0.5314,0.53177,0.53131,0.5316,2559
2026-01-06 05:00:00,0.53161,0.53189,0.53147,0.53171,2106
2026-01-06 06:00:00,0.53172,0.53204,0.53167,0.53196,1659
2026-01-06 07:00:00,0.53197,0.53243,0.53192,0.53233,2132
2026-01-06 08:00:00,0.53232,0.5332,0.53209,0.53302,2292
2026-01-06 09:00:00,0.53301,0.53301,0.53217,0.5325,2342
2026-01-06 10:00:00,0.53252,0.53283,0.53215,0.53259,3253
2026-01-06 11:00:00,0.5326,0.53284,0.53219,0.53233,3310
2026-01-06 12:00:00,0.53234,0.53291,0.53217,0.53232,2394
2026-01-06 13:00:00,0.53233,0.53296,0.5322,0.53283,2054
2026-01-06 14:00:00,0.53285,0.5333,0.53267,0.53318,2078
2026-01-06 15:00:00,0.5332,0.5334,0.53268,0.53329,3823
2026-01-06 16:00:00,0.5333,0.53406,0.53317,0.53382,4509
2026-01-06 17:00:00,0.53381,0.53508,0.53377,0.53488,5013
2026-01-06 18:00:00,0.53489,0.53572,0.53479,0.53536,3519
2026-01-06 19:00:00,0.53535,0.53574,0.53531,0.53539,2325
2026-01-06 20:00:00,0.5354,0.53597,0.53531,0.53585,1992
2026-01-06 21:00:00,0.53586,0.53597,0.53541,0.53542,1778
2026-01-06 22:00:00,0.53543,0.53626,0.53531,0.5362,1594
2026-01-06 23:00:00,0.53618,0.53631,0.53605,0.53615,826
2026-01-07 00:00:00,0.5351,0.53582,0.53485,0.53577,535
2026-01-07 01:00:00,0.53558,0.5363,0.53558,0.53585,1531
2026-01-07 02:00:00,0.53586,0.53621,0.53445,0.53565,3386
2026-01-07 03:00:00,0.53564,0.53652,0.53508,0.53637,3895
2026-01-07 04:00:00,0.53635,0.53653,0.53601,0.53653,2707
2026-01-07 05:00:00,0.53654,0.53722,0.53638,0.53703,2110
2026-01-07 06:00:00,0.53702,0.53775,0.53696,0.53753,2498
2026-01-07 07:00:00,0.53754,0.53756,0.53661,0.53689,2294
2026-01-07 08:00:00,0.5369,0.5371,0.5363,0.5365,2590
2026-01-07 09:00:00,0.53647,0.53679,0.53621,0.53675,2973
2026-01-07 10:00:00,0.53674,0.53687,0.53603,0.53623,2970
2026-01-07 11:00:00,0.53623,0.53632,0.53581,0.5362,2202
2026-01-07 12:00:00,0.53619,0.53638,0.53584,0.53626,2536
2026-01-07 13:00:00,0.53625,0.53701,0.5362,0.53654,2005
2026-01-07 14:00:00,0.53655,0.53664,0.5358,0.53582,2516
2026-01-07 15:00:00,0.53585,0.5363,0.53563,0.53629,3693
2026-01-07 16:00:00,0.5363,0.53676,0.53603,0.53605,4513
2026-01-07 17:00:00,0.53605,0.53669,0.53557,0.53581,5468
2026-01-07 18:00:00,0.53582,0.53612,0.53558,0.5359,3192
2026-01-07 19:00:00,0.53589,0.53631,0.53571,0.53617,2225
2026-01-07 20:00:00,0.53617,0.53686,0.53611,0.53686,2249
2026-01-07 21:00:00,0.53687,0.5369,0.5364,0.53647,2207
2026-01-07 22:00:00,0.53646,0.53652,0.53601,0.53603,2155
2026-01-07 23:00:00,0.53604,0.53616,0.53588,0.53607,928
2026-01-08 00:00:00,0.53456,0.53579,0.53456,0.53547,596
2026-01-08 01:00:00,0.53543,0.53635,0.53542,0.5362,902
2026-01-08 02:00:00,0.53619,0.53631,0.53571,0.53594,1828
2026-01-08 03:00:00,0.53593,0.53651,0.5359,0.53643,2730
2026-01-08 04:00:00,0.53646,0.53646,0.5351,0.53516,2920
2026-01-08 05:00:00,0.53516,0.53528,0.53483,0.53516,2212
2026-01-08 06:00:00,0.53516,0.53528,0.53461,0.53465,1666
2026-01-08 07:00:00,0.53465,0.53469,0.53409,0.53438,2360
2026-01-08 08:00:00,0.53437,0.53437,0.53322,0.53413,3103
2026-01-08 09:00:00,0.53411,0.53463,0.53374,0.53393,2668
2026-01-08 10:00:00,0.53396,0.53513,0.53391,0.53446,3098
2026-01-08 11:00:00,0.53448,0.53481,0.53354,0.53376,2629
2026-01-08 12:00:00,0.53377,0.53385,0.53339,0.53373,2585
2026-01-08 13:00:00,0.53372,0.53405,0.53367,0.5338,1952
2026-01-08 14:00:00,0.53381,0.5344,0.53371,0.53424,2133
2026-01-08 15:00:00,0.53425,0.53443,0.53397,0.53419,3237
2026-01-08 16:00:00,0.53418,0.53449,0.53368,0.53389,4678
2026-01-08 17:00:00,0.53387,0.53493,0.5338,0.53492,4386
2026-01-08 18:00:00,0.53493,0.53505,0.5346,0.53495,3514
2026-01-08 19:00:00,0.53495,0.53524,0.53477,0.53519,2336
2026-01-08 20:00:00,0.53518,0.53525,0.53491,0.53503,1977
2026-01-08 21:00:00,0.53502,0.53523,0.53496,0.53506,1657
2026-01-08 22:00:00,0.53506,0.53548,0.53505,0.53543,1630
2026-01-08 23:00:00,0.53543,0.53546,0.53494,0.53494,1287
2026-01-09 00:00:00,0.53506,0.53512,0.53387,0.53492,612
2026-01-09 01:00:00,0.53496,0.53544,0.5349,0.53521,1054
2026-01-09 02:00:00,0.5352,0.53538,0.53505,0.53512,1854
2026-01-09 03:00:00,0.53513,0.53538,0.53474,0.53529,2915
2026-01-09 04:00:00,0.53531,0.53573,0.53506,0.53511,2775
2026-01-09 05:00:00,0.53512,0.53525,0.53485,0.5352,1961
2026-01-09 06:00:00,0.53519,0.53553,0.53519,0.53546,1780
2026-01-09 07:00:00,0.53545,0.53565,0.53524,0.53537,2180
2026-01-09 08:00:00,0.53536,0.53544,0.53495,0.53501,2022
2026-01-09 09:00:00,0.53501,0.53507,0.53429,0.53429,2232
2026-01-09 10:00:00,0.53426,0.53468,0.53387,0.53438,3083
2026-01-09 11:00:00,0.53439,0.53471,0.53421,0.53451,2343
2026-01-09 12:00:00,0.53452,0.53468,0.53404,0.53404,2034
2026-01-09 13:00:00,0.53402,0.53476,0.53402,0.53443,1826
2026-01-09 14:00:00,0.53443,0.53452,0.53391,0.53416,2469
2026-01-09 15:00:00,0.53415,0.53543,0.53344,0.53494,5779
2026-01-09 16:00:00,0.53493,0.53531,0.53438,0.53506,6652
2026-01-09 17:00:00,0.53505,0.53573,0.53404,0.53513,6585
2026-01-09 18:00:00,0.53511,0.53545,0.53491,0.53532,4163
2026-01-09 19:00:00,0.53534,0.53562,0.53522,0.53543,2278
2026-01-09 20:00:00,0.53543,0.53578,0.53536,0.53568,1997
2026-01-09 21:00:00,0.53569,0.53572,0.53534,0.53552,1383
2026-01-09 22:00:00,0.53553,0.53571,0.53548,0.53565,1179
2026-01-09 23:00:00,0.53563,0.53575,0.53524,0.53532,881
2026-01-12 00:00:00,0.53414,0.53511,0.5339,0.53509,805
2026-01-12 01:00:00,0.5351,0.53605,0.53484,0.53594,1689
2026-01-12 02:00:00,0.53593,0.53594,0.53448,0.53453,4230
2026-01-12 03:00:00,0.5345,0.53493,0.53432,0.53478,4650
2026-01-12 04:00:00,0.53477,0.53497,0.53462,0.53494,2819
2026-01-12 05:00:00,0.53495,0.53519,0.53482,0.53519,2112
2026-01-12 06:00:00,0.53519,0.53529,0.53475,0.53486,1761
2026-01-12 07:00:00,0.53486,0.53495,0.53424,0.53452,2343
2026-01-12 08:00:00,0.53453,0.53473,0.53427,0.5345,2442
2026-01-12 09:00:00,0.53446,0.53449,0.53389,0.53399,3072
2026-01-12 10:00:00,0.53397,0.53447,0.53346,0.53359,3550
2026-01-12 11:00:00,0.53362,0.53453,0.53341,0.5345,3069
2026-01-12 12:00:00,0.53449,0.53518,0.5342,0.53486,2740
2026-01-12 13:00:00,0.53485,0.5351,0.53454,0.53486,2467
2026-01-12 14:00:00,0.53487,0.53528,0.53458,0.53503,2732
2026-01-12 15:00:00,0.53499,0.5352,0.53429,0.53476,3650
2026-01-12 16:00:00,0.53475,0.53511,0.5343,0.5349,4901
2026-01-12 17:00:00,0.53489,0.53501,0.53457,0.53499,3678
2026-01-12 18:00:00,0.53498,0.53546,0.53491,0.53528,3024
2026-01-12 19:00:00,0.53526,0.53547,0.53501,0.53511,2470
2026-01-12 20:00:00,0.53513,0.53535,0.53489,0.53492,1737
2026-01-12 21:00:00,0.53491,0.53511,0.53477,0.53508,1421
2026-01-12 22:00:00,0.53509,0.53555,0.53497,0.53545,1430
2026-01-12 23:00:00,0.53544,0.53561,0.53492,0.53503,997
2026-01-13 00:00:00,0.53471,0.53484,0.53404,0.53431,653
2026-01-13 01:00:00,0.53431,0.53518,0.53431,0.53479,1450
2026-01-13 02:00:00,0.53478,0.53524,0.53473,0.53513,2090
2026-01-13 03:00:00,0.53515,0.53562,0.53508,0.53543,3346
2026-01-13 04:00:00,0.53544,0.53582,0.53524,0.53528,2375
2026-01-13 05:00:00,0.5353,0.53547,0.5351,0.53529,1780
2026-01-13 06:00:00,0.5353,0.53533,0.53486,0.53494,2067
2026-01-13 07:00:00,0.53494,0.53495,0.53453,0.53491,2330
2026-01-13 08:00:00,0.53492,0.53516,0.5348,0.53504,2630
2026-01-13 09:00:00,0.53503,0.53508,0.5346,0.53461,2351
2026-01-13 10:00:00,0.53459,0.53476,0.53424,0.53455,2980
2026-01-13 11:00:00,0.53454,0.53502,0.53454,0.53488,2392
2026-01-13 12:00:00,0.53486,0.53494,0.53454,0.53472,2159
2026-01-13 13:00:00,0.53473,0.5352,0.53461,0.53512,1961
2026-01-13 14:00:00,0.53513,0.53529,0.53497,0.53518,1888
2026-01-13 15:00:00,0.53516,0.5365,0.53468,0.53555,5698
2026-01-13 16:00:00,0.53553,0.53578,0.53483,0.53493,5338
2026-01-13 17:00:00,0.53495,0.53505,0.53409,0.53484,5264
2026-01-13 18:00:00,0.53485,0.53515,0.53473,0.53494,3985
2026-01-13 19:00:00,0.53495,0.53538,0.53484,0.53496,2818
2026-01-13 20:00:00,0.53495,0.53517,0.53472,0.53473,2585
2026-01-13 21:00:00,0.53472,0.53497,0.53469,0.53489,2287
2026-01-13 22:00:00,0.53488,0.5351,0.53477,0.53509,1805
2026-01-13 23:00:00,0.53509,0.53512,0.53487,0.53504,797
2026-01-14 00:00:00,0.53481,0.53548,0.534,0.53543,1354
2026-01-14 01:00:00,0.53548,0.5357,0.53527,0.53532,1049
2026-01-14 02:00:00,0.53531,0.53557,0.53525,0.53529,2331
2026-01-14 03:00:00,0.5353,0.5357,0.5352,0.53561,2904
2026-01-14 04:00:00,0.53562,0.53637,0.53558,0.53625,2834
2026-01-14 05:00:00,0.53626,0.53657,0.53618,0.53647,2254
2026-01-14 06:00:00,0.53647,0.53665,0.53632,0.53659,1700
2026-01-14 07:00:00,0.53658,0.53675,0.53638,0.53646,2345
2026-01-14 08:00:00,0.53646,0.53658,0.53624,0.53653,2852
2026-01-14 09:00:00,0.53656,0.5367,0.53619,0.53625,2304
2026-01-14 10:00:00,0.53624,0.5371,0.53578,0.53694,3981
2026-01-14 11:00:00,0.53693,0.53745,0.53671,0.53696,2941
2026-01-14 12:00:00,0.53696,0.53721,0.53502,0.53541,2806
2026-01-14 13:00:00,0.53539,0.53545,0.53493,0.53515,2510
2026-01-14 14:00:00,0.53515,0.53543,0.53482,0.53497,2690
2026-01-14 15:00:00,0.53496,0.53513,0.53443,0.53508,3555
2026-01-14 16:00:00,0.53507,0.53524,0.53407,0.5345,5088
2026-01-14 17:00:00,0.53451,0.53493,0.53362,0.53375,5102
2026-01-14 18:00:00,0.53376,0.5343,0.53321,0.53334,3504
2026-01-14 19:00:00,0.53335,0.53385,0.53329,0.53361,2897
2026-01-14 20:00:00,0.53359,0.53437,0.53359,0.53437,2341
2026-01-14 21:00:00,0.53438,0.53462,0.53426,0.53462,1976
2026-01-14 22:00:00,0.53461,0.53497,0.53442,0.53497,2654
2026-01-14 23:00:00,0.53495,0.53498,0.53426,0.53451,1180
2026-01-15 00:00:00,0.5333,0.53416,0.53284,0.53403,1298
2026-01-15 01:00:00,0.53415,0.53449,0.53374,0.53437,2132
2026-01-15 02:00:00,0.53438,0.53474,0.53424,0.53458,1694
2026-01-15 03:00:00,0.53458,0.53462,0.53398,0.5343,2955
2026-01-15 04:00:00,0.5343,0.53438,0.53401,0.53405,2223
2026-01-15 05:00:00,0.53406,0.53417,0.53348,0.53404,1921
2026-01-15 06:00:00,0.53403,0.53469,0.53397,0.53461,1429
2026-01-15 07:00:00,0.5346,0.5349,0.53447,0.53477,1779
2026-01-15 08:00:00,0.53476,0.5355,0.53467,0.53512,2437
2026-01-15 09:00:00,0.53512,0.53559,0.53507,0.53542,2175
2026-01-15 10:00:00,0.53544,0.53634,0.53526,0.53634,2638
2026-01-15 11:00:00,0.53635,0.5366,0.53588,0.53592,2530
2026-01-15 12:00:00,0.53592,0.53625,0.53587,0.53608,2106
2026-01-15 13:00:00,0.53605,0.53659,0.53604,0.53652,2045
2026-01-15 14:00:00,0.53653,0.53664,0.53583,0.53604,1886
2026-01-15 15:00:00,0.53602,0.53621,0.53553,0.53579,3759
2026-01-15 16:00:00,0.5358,0.53719,0.53563,0.53715,4303
2026-01-15 17:00:00,0.53715,0.53833,0.53714,0.53825,4215
2026-01-15 18:00:00,0.53826,0.53872,0.53803,0.53836,3379
2026-01-15 19:00:00,0.53836,0.53853,0.53807,0.53835,2081
2026-01-15 20:00:00,0.53834,0.53865,0.53822,0.53831,1607
2026-01-15 21:00:00,0.5383,0.53838,0.5379,0.5382,1942
2026-01-15 22:00:00,0.53819,0.53823,0.53798,0.53816,1771
2026-01-15 23:00:00,0.53817,0.53824,0.53796,0.538,794
2026-01-16 00:00:00,0.53706,0.53779,0.53656,0.53761,607
2026-01-16 01:00:00,0.5376,0.5385,0.5376,0.53829,1316
2026-01-16 02:00:00,0.5383,0.53853,0.53824,0.5383,1650
2026-01-16 03:00:00,0.53829,0.53865,0.53794,0.53799,2554
2026-01-16 04:00:00,0.53798,0.53809,0.53769,0.53782,2296
2026-01-16 05:00:00,0.53781,0.53822,0.53779,0.53793,1901
2026-01-16 06:00:00,0.53794,0.53809,0.53778,0.53801,1105
2026-01-16 07:00:00,0.53802,0.53803,0.53773,0.5378,1735
2026-01-16 08:00:00,0.53781,0.5379,0.53748,0.53761,1574
2026-01-16 09:00:00,0.53762,0.53778,0.53739,0.53756,2037
2026-01-16 10:00:00,0.53755,0.53799,0.53755,0.53768,2160
2026-01-16 11:00:00,0.53768,0.53785,0.53729,0.53761,1894
2026-01-16 12:00:00,0.53761,0.53777,0.53734,0.53759,1795
2026-01-16 13:00:00,0.5376,0.53784,0.53715,0.53726,1656
2026-01-16 14:00:00,0.53725,0.53777,0.53692,0.53703,2125
2026-01-16 15:00:00,0.53702,0.53709,0.53621,0.53654,2688
2026-01-16 16:00:00,0.53653,0.53666,0.53558,0.53582,3273
2026-01-16 17:00:00,0.53581,0.5366,0.5357,0.53628,5645
2026-01-16 18:00:00,0.53625,0.53636,0.536,0.53622,4291
2026-01-16 19:00:00,0.53616,0.53656,0.53598,0.53646,1984
2026-01-16 20:00:00,0.53647,0.53685,0.53642,0.53675,1433
2026-01-16 21:00:00,0.53674,0.53698,0.53667,0.53692,1442
2026-01-16 22:00:00,0.53691,0.53696,0.53662,0.53681,1139
2026-01-16 23:00:00,0.53681,0.53684,0.53622,0.53632,972
2026-01-19 00:00:00,0.53414,0.53482,0.53399,0.53438,1950
2026-01-19 01:00:00,0.53458,0.53495,0.53358,0.53414,4557
2026-01-19 02:00:00,0.53412,0.53471,0.5338,0.53421,4153
2026-01-19 03:00:00,0.53421,0.53446,0.53353,0.53408,3797
2026-01-19 04:00:00,0.53408,0.53437,0.53396,0.53401,2903
2026-01-19 05:00:00,0.53399,0.53449,0.5339,0.53429,2474
2026-01-19 06:00:00,0.53429,0.53448,0.53412,0.53437,2186
2026-01-19 07:00:00,0.53438,0.53502,0.53423,0.53487,2197
2026-01-19 08:00:00,0.53486,0.535,0.53458,0.53466,2199
2026-01-19 09:00:00,0.53465,0.53505,0.53408,0.5347,2981
2026-01-19 10:00:00,0.53472,0.53541,0.53467,0.53509,2935
2026-01-19 11:00:00,0.53507,0.53539,0.53473,0.53489,3097
2026-01-19 12:00:00,0.5349,0.53551,0.53487,0.53525,2132
2026-01-19 13:00:00,0.53525,0.53546,0.53515,0.53527,1782
2026-01-19 14:00:00,0.53526,0.53533,0.53492,0.53526,2024
2026-01-19 15:00:00,0.53527,0.53533,0.53465,0.53494,2253
2026-01-19 16:00:00,0.53496,0.53507,0.53437,0.53454,2290
2026-01-19 17:00:00,0.53455,0.53528,0.53445,0.53488,2801
2026-01-19 18:00:00,0.53489,0.53541,0.53476,0.53539,2108
2026-01-19 19:00:00,0.53539,0.53561,0.53536,0.53549,1097
2026-01-19 20:00:00,0.53548,0.53549,0.53519,0.53531,650
2026-01-19 21:00:00,0.53531,0.53541,0.53517,0.53529,357
2026-01-19 22:00:00,0.5353,0.53554,0.53526,0.53545,363
2026-01-19 23:00:00,0.53545,0.53546,0.53521,0.53527,489
2026-01-20 00:00:00,0.53456,0.53505,0.5342,0.53489,614
2026-01-20 01:00:00,0.53487,0.53552,0.53485,0.5353,911
2026-01-20 02:00:00,0.53529,0.5358,0.53513,0.53522,1874
2026-01-20 03:00:00,0.53522,0.53541,0.53488,0.53516,2771
2026-01-20 04:00:00,0.53515,0.53553,0.53499,0.53547,2019
2026-01-20 05:00:00,0.53546,0.53597,0.53544,0.53591,1888
2026-01-20 06:00:00,0.53593,0.53657,0.5355,0.53638,1709
2026-01-20 07:00:00,0.53638,0.53677,0.53624,0.53637,2094
2026-01-20 08:00:00,0.53636,0.53664,0.53546,0.53568,2779
2026-01-20 09:00:00,0.53574,0.53617,0.53487,0.53513,3591
2026-01-20 10:00:00,0.5351,0.53532,0.53238,0.53269,5174
2026-01-20 11:00:00,0.53272,0.53292,0.53106,0.53187,4647
2026-01-20 12:00:00,0.53187,0.53271,0.53134,0.53134,3555
2026-01-20 13:00:00,0.5313,0.5321,0.53114,0.53196,3363
2026-01-20 14:00:00,0.53198,0.53222,0.53103,0.53202,3232
2026-01-20 15:00:00,0.53205,0.5321,0.53075,0.53178,5221
2026-01-20 16:00:00,0.53177,0.53319,0.53172,0.53307,6222
2026-01-20 17:00:00,0.53306,0.53322,0.53209,0.53268,5835
2026-01-20 18:00:00,0.53264,0.53274,0.53201,0.53201,4029
2026-01-20 19:00:00,0.532,0.53218,0.53171,0.53194,2814
2026-01-20 20:00:00,0.53193,0.53233,0.53131,0.53154,2641
2026-01-20 21:00:00,0.53155,0.53209,0.53142,0.53207,2616
2026-01-20 22:00:00,0.53208,0.53225,0.53184,0.53221,2392
2026-01-20 23:00:00,0.53222,0.53228,0.53194,0.53201,944
2026-01-21 00:00:00,0.53064,0.53173,0.53034,0.53131,1243
2026-01-21 01:00:00,0.53136,0.5321,0.53133,0.53147,1360
2026-01-21 02:00:00,0.53154,0.5321,0.53152,0.53177,1798
2026-01-21 03:00:00,0.53177,0.5323,0.5316,0.53224,2713
2026-01-21 04:00:00,0.53225,0.53242,0.53163,0.53196,2024
2026-01-21 05:00:00,0.53194,0.53306,0.53194,0.53228,1957
2026-01-21 06:00:00,0.53227,0.53254,0.5321,0.53239,1476
2026-01-21 07:00:00,0.5324,0.53299,0.53223,0.53274,1752
2026-01-21 08:00:00,0.53275,0.53396,0.53266,0.53381,1959
2026-01-21 09:00:00,0.53379,0.5347,0.53356,0.53431,2558
2026-01-21 10:00:00,0.5343,0.53515,0.53421,0.53442,2987
2026-01-21 11:00:00,0.53442,0.53515,0.53439,0.5349,2426
2026-01-21 12:00:00,0.53491,0.53512,0.53419,0.53441,2491
2026-01-21 13:00:00,0.53442,0.53483,0.53364,0.53388,2396
2026-01-21 14:00:00,0.53392,0.53445,0.53376,0.53426,3062
2026-01-21 15:00:00,0.53427,0.53516,0.53423,0.53499,3369
2026-01-21 16:00:00,0.53498,0.53648,0.53471,0.53636,6318
2026-01-21 17:00:00,0.5364,0.53788,0.53635,0.53759,5065
2026-01-21 18:00:00,0.53759,0.53777,0.53624,0.53634,4475
2026-01-21 19:00:00,0.53634,0.53652,0.53537,0.53621,4110
2026-01-21 20:00:00,0.53621,0.53667,0.53581,0.53645,2743
2026-01-21 21:00:00,0.53644,0.53856,0.53611,0.53808,4622
2026-01-21 22:00:00,0.53807,0.53826,0.53759,0.53777,3287
2026-01-21 23:00:00,0.53778,0.53804,0.53772,0.5379,1013
2026-01-22 00:00:00,0.53752,0.53784,0.53704,0.53735,1129
2026-01-22 01:00:00,0.53732,0.53797,0.53719,0.53781,1524
2026-01-22 02:00:00,0.53781,0.54025,0.5377,0.53973,2946
2026-01-22 03:00:00,0.5397,0.54067,0.53967,0.54063,2976
2026-01-22 04:00:00,0.54064,0.54077,0.54016,0.54055,1950
2026-01-22 05:00:00,0.54056,0.54106,0.54049,0.54092,1756
2026-01-22 06:00:00,0.54091,0.54094,0.54048,0.54066,1529
2026-01-22 07:00:00,0.54069,0.54094,0.54028,0.54068,1803
2026-01-22 08:00:00,0.54068,0.5409,0.54009,0.5409,1953
2026-01-22 09:00:00,0.54086,0.54152,0.53993,0.54018,2290
2026-01-22 10:00:00,0.5402,0.54045,0.5395,0.53961,3143
2026-01-22 11:00:00,0.53959,0.54041,0.53915,0.53949,2597
2026-01-22 12:00:00,0.53948,0.54,0.53941,0.53958,2244
2026-01-22 13:00:00,0.53958,0.53967,0.53898,0.53922,2890
2026-01-22 14:00:00,0.53923,0.5398,0.53907,0.53968,2294
2026-01-22 15:00:00,0.53967,0.54005,0.539,0.53996,3415
2026-01-22 16:00:00,0.53995,0.54018,0.53936,0.53953,3914
2026-01-22 17:00:00,0.53952,0.53988,0.53912,0.53964,4036
2026-01-22 18:00:00,0.53963,0.5402,0.5394,0.54008,3157
2026-01-22 19:00:00,0.54009,0.54034,0.53965,0.54028,2560
2026-01-22 20:00:00,0.54029,0.54057,0.54011,0.54037,1561
2026-01-22 21:00:00,0.54036,0.54068,0.54016,0.5403,1313
2026-01-22 22:00:00,0.54028,0.54029,0.53965,0.53983,1385
2026-01-22 23:00:00,0.53985,0.53993,0.53953,0.53955,1029
2026-01-23 00:00:00,0.53901,0.54022,0.53869,0.53953,1053
2026-01-23 01:00:00,0.53945,0.53975,0.5393,0.53958,1270
2026-01-23 02:00:00,0.53958,0.54013,0.53956,0.54007,1804
2026-01-23 03:00:00,0.54006,0.54084,0.53999,0.54045,2816
2026-01-23 04:00:00,0.54046,0.54064,0.54023,0.54058,1925
2026-01-23 05:00:00,0.54057,0.54082,0.54015,0.5408,1852
2026-01-23 06:00:00,0.54081,0.5411,0.5405,0.54106,1277
2026-01-23 07:00:00,0.54107,0.54122,0.54074,0.54101,1579
2026-01-23 08:00:00,0.541,0.54169,0.5409,0.54142,2204
2026-01-23 09:00:00,0.54138,0.54161,0.54026,0.5408,3386
2026-01-23 10:00:00,0.54082,0.54116,0.54044,0.54115,3706
2026-01-23 11:00:00,0.54116,0.54152,0.5407,0.54095,3356
2026-01-23 12:00:00,0.54095,0.5413,0.54059,0.54102,2658
2026-01-23 13:00:00,0.54101,0.5419,0.54101,0.54149,2724
2026-01-23 14:00:00,0.54149,0.5425,0.5414,0.54237,2172
2026-01-23 15:00:00,0.54236,0.54245,0.54152,0.54162,2580
2026-01-23 16:00:00,0.54162,0.54229,0.54137,0.54228,3314
2026-01-23 17:00:00,0.54229,0.54292,0.54192,0.54218,3283
2026-01-23 18:00:00,0.54217,0.54245,0.54149,0.5417,3696
2026-01-23 19:00:00,0.54168,0.54205,0.54065,0.54072,4594
2026-01-23 20:00:00,0.54072,0.54121,0.54039,0.54054,3965
2026-01-23 21:00:00,0.54054,0.54061,0.53819,0.53879,3017
2026-01-23 22:00:00,0.53878,0.53947,0.53845,0.53882,3014
2026-01-23 23:00:00,0.53881,0.53906,0.53719,0.5379,1828
2026-01-26 00:00:00,0.53605,0.53684,0.53538,0.53673,2671
2026-01-26 01:00:00,0.53671,0.53797,0.53548,0.53785,4235
2026-01-26 02:00:00,0.53787,0.53862,0.53754,0.53779,4304
2026-01-26 03:00:00,0.53779,0.53844,0.53747,0.53798,4360
2026-01-26 04:00:00,0.53799,0.53804,0.53732,0.53741,3780
2026-01-26 05:00:00,0.53742,0.53774,0.53698,0.53713,2488
2026-01-26 06:00:00,0.53713,0.53741,0.53691,0.53732,2427
2026-01-26 07:00:00,0.53731,0.53735,0.53697,0.53721,2452
2026-01-26 08:00:00,0.5372,0.53803,0.53716,0.53772,2956
2026-01-26 09:00:00,0.53767,0.53849,0.53708,0.53845,3416
2026-01-26 10:00:00,0.53849,0.5387,0.5376,0.5378,4175
2026-01-26 11:00:00,0.53782,0.53809,0.53657,0.537,3904
2026-01-26 12:00:00,0.53699,0.53802,0.53697,0.53767,3032
2026-01-26 13:00:00,0.53766,0.5381,0.5376,0.53798,2821
2026-01-26 14:00:00,0.538,0.53866,0.53798,0.53829,2862
2026-01-26 15:00:00,0.53831,0.53846,0.53777,0.53793,3227
2026-01-26 16:00:00,0.53792,0.53875,0.53769,0.53813,4367
2026-01-26 17:00:00,0.53812,0.53829,0.53665,0.53704,4114
2026-01-26 18:00:00,0.53706,0.53759,0.53637,0.53742,4349
2026-01-26 19:00:00,0.53741,0.53836,0.53735,0.53823,2616
2026-01-26 20:00:00,0.53822,0.53844,0.53775,0.5382,2573
2026-01-26 21:00:00,0.53819,0.53834,0.5369,0.53709,2833
2026-01-26 22:00:00,0.53708,0.5374,0.53689,0.53724,2230
2026-01-26 23:00:00,0.53725,0.53757,0.53711,0.53736,1223
2026-01-27 00:00:00,0.53683,0.53697,0.53291,0.53672,953
2026-01-27 01:00:00,0.53673,0.53745,0.53671,0.53737,1202
2026-01-27 02:00:00,0.53738,0.53743,0.53678,0.53684,2197
2026-01-27 03:00:00,0.53685,0.53758,0.53679,0.53748,2569
2026-01-27 04:00:00,0.53747,0.53773,0.53689,0.53694,2374
2026-01-27 05:00:00,0.53693,0.53738,0.53671,0.53731,2008
2026-01-27 06:00:00,0.53732,0.53767,0.53698,0.53753,1819
2026-01-27 07:00:00,0.53751,0.53761,0.53699,0.53738,1755
2026-01-27 08:00:00,0.53737,0.53781,0.53725,0.53779,1709
2026-01-27 09:00:00,0.53778,0.53807,0.53757,0.53784,2640
2026-01-27 10:00:00,0.53781,0.53798,0.53699,0.53717,3395
2026-01-27 11:00:00,0.53715,0.538,0.53711,0.53732,2905
2026-01-27 12:00:00,0.53733,0.53799,0.53684,0.537,3114
2026-01-27 13:00:00,0.53698,0.53733,0.53659,0.53667,2342
2026-01-27 14:00:00,0.53666,0.53687,0.53507,0.53549,4329
2026-01-27 15:00:00,0.53545,0.53572,0.53478,0.53527,4715
2026-01-27 16:00:00,0.53527,0.53575,0.53372,0.53509,5626
2026-01-27 17:00:00,0.53504,0.53551,0.53395,0.5348,5529
2026-01-27 18:00:00,0.53481,0.53508,0.53457,0.5349,4647
2026-01-27 19:00:00,0.5349,0.53535,0.53461,0.53479,3349
2026-01-27 20:00:00,0.53479,0.53511,0.53432,0.53472,2899
2026-01-27 21:00:00,0.53471,0.53512,0.53463,0.53495,2124
2026-01-27 22:00:00,0.53496,0.53513,0.53307,0.53417,4700
2026-01-27 23:00:00,0.53416,0.53445,0.53336,0.53373,3613
2026-01-28 00:00:00,0.53301,0.53438,0.53182,0.53313,2372
2026-01-28 01:00:00,0.53314,0.53395,0.5331,0.53371,2517
2026-01-28 02:00:00,0.53372,0.53611,0.53362,0.53452,4766
2026-01-28 03:00:00,0.53449,0.53504,0.53426,0.53495,4200
2026-01-28 04:00:00,0.53496,0.53541,0.5347,0.53527,2764
2026-01-28 05:00:00,0.53529,0.53549,0.53511,0.53521,2134
2026-01-28 06:00:00,0.5352,0.5352,0.53485,0.53514,1925
2026-01-28 07:00:00,0.53515,0.53592,0.53514,0.53587,3061
2026-01-28 08:00:00,0.53587,0.53631,0.53548,0.53548,3046
2026-01-28 09:00:00,0.53547,0.53619,0.535,0.5355,3929
2026-01-28 10:00:00,0.53548,0.53791,0.53516,0.53708,4992
2026-01-28 11:00:00,0.53709,0.53716,0.53644,0.53709,4153
2026-01-28 12:00:00,0.53709,0.53797,0.53693,0.53751,3459
2026-01-28 13:00:00,0.5375,0.538,0.53746,0.53785,3254
2026-01-28 14:00:00,0.53785,0.53787,0.53678,0.53679,3269
2026-01-28 15:00:00,0.53682,0.53767,0.53679,0.53757,3934
2026-01-28 16:00:00,0.53756,0.53784,0.5369,0.5374,4605
2026-01-28 17:00:00,0.53737,0.53911,0.53731,0.53836,7699
2026-01-28 18:00:00,0.53838,0.53868,0.53789,0.53793,5422
2026-01-28 19:00:00,0.53794,0.53904,0.53783,0.53864,3360
2026-01-28 20:00:00,0.53864,0.53964,0.53828,0.53828,3372
2026-01-28 21:00:00,0.53842,0.54007,0.53825,0.53969,6712
2026-01-28 22:00:00,0.5397,0.54078,0.53948,0.54045,3667
2026-01-28 23:00:00,0.54046,0.54135,0.54032,0.54093,1989
2026-01-29 00:00:00,0.53974,0.54111,0.53942,0.54039,2355
2026-01-29 01:00:00,0.54042,0.54081,0.53874,0.53881,2976
2026-01-29 02:00:00,0.53879,0.53926,0.53829,0.53866,3889
2026-01-29 03:00:00,0.53867,0.53934,0.53851,0.53922,4223
2026-01-29 04:00:00,0.53923,0.54033,0.53913,0.54015,3372
2026-01-29 05:00:00,0.54014,0.54179,0.54012,0.54176,3417
2026-01-29 06:00:00,0.54174,0.54279,0.5414,0.54251,3014
2026-01-29 07:00:00,0.54253,0.54301,0.54221,0.54271,3005
2026-01-29 08:00:00,0.54272,0.54275,0.54197,0.54219,3068
2026-01-29 09:00:00,0.54212,0.5424,0.54166,0.5418,3220
2026-01-29 10:00:00,0.5418,0.54195,0.54108,0.54145,4291
2026-01-29 11:00:00,0.54148,0.5421,0.54106,0.54175,3515
2026-01-29 12:00:00,0.54176,0.54177,0.5403,0.54032,3559
2026-01-29 13:00:00,0.5403,0.54079,0.53995,0.54074,3676
2026-01-29 14:00:00,0.54074,0.54191,0.5407,0.5418,3044
2026-01-29 15:00:00,0.5418,0.54257,0.54142,0.54222,4316
2026-01-29 16:00:00,0.54223,0.54295,0.54064,0.54069,6019
2026-01-29 17:00:00,0.5407,0.54082,0.53554,0.53589,10911
2026-01-29 18:00:00,0.53588,0.53821,0.53579,0.53787,8565
2026-01-29 19:00:00,0.53786,0.53929,0.53759,0.53796,5678
2026-01-29 20:00:00,0.53797,0.5391,0.53771,0.53892,4649
2026-01-29 21:00:00,0.53891,0.53924,0.53844,0.53851,3919
2026-01-29 22:00:00,0.5385,0.53942,0.53839,0.53931,3065
2026-01-29 23:00:00,0.5393,0.53956,0.53855,0.53877,2004
2026-01-30 00:00:00,0.53837,0.54,0.53818,0.53859,4706
2026-01-30 01:00:00,0.53862,0.53894,0.53805,0.53866,2377
2026-01-30 02:00:00,0.53865,0.53941,0.5384,0.53892,4273
2026-01-30 03:00:00,0.53891,0.53927,0.53792,0.53825,6004
2026-01-30 04:00:00,0.53825,0.53841,0.53657,0.5383,6870
2026-01-30 05:00:00,0.53833,0.53855,0.53753,0.53781,3955
2026-01-30 06:00:00,0.53779,0.53834,0.53768,0.5381,2778
2026-01-30 07:00:00,0.53809,0.53822,0.53761,0.53794,3070
2026-01-30 08:00:00,0.53794,0.53807,0.53663,0.53666,4013
2026-01-30 09:00:00,0.53665,0.53749,0.53664,0.53702,4683
2026-01-30 10:00:00,0.53702,0.53794,0.53673,0.53785,5221
2026-01-30 11:00:00,0.53786,0.53847,0.53647,0.5369,5501
2026-01-30 12:00:00,0.53686,0.53822,0.53686,0.53785,4454
2026-01-30 13:00:00,0.53785,0.53877,0.53777,0.53861,4245
2026-01-30 14:00:00,0.5386,0.53901,0.5381,0.53829,4240
2026-01-30 15:00:00,0.53829,0.53908,0.53723,0.53751,5862
2026-01-30 16:00:00,0.53752,0.53978,0.53745,0.53912,6756
2026-01-30 17:00:00,0.53911,0.54049,0.53841,0.53945,7801
2026-01-30 18:00:00,0.53943,0.53964,0.53873,0.53919,6297
2026-01-30 19:00:00,0.53917,0.5393,0.53785,0.53809,6620
2026-01-30 20:00:00,0.5381,0.53833,0.53602,0.53813,7359
2026-01-30 21:00:00,0.5381,0.53857,0.5379,0.53817,6246
2026-01-30 22:00:00,0.53816,0.53842,0.5378,0.53819,4749
2026-01-30 23:00:00,0.5382,0.53843,0.53792,0.53793,2415
2026-02-02 00:00:00,0.53615,0.53698,0.53593,0.53597,1694
2026-02-02 01:00:00,0.53606,0.53771,0.53602,0.53722,6016
2026-02-02 02:00:00,0.53724,0.53846,0.53721,0.53818,5776
2026-02-02 03:00:00,0.53817,0.53828,0.53678,0.5377,6904
2026-02-02 04:00:00,0.53769,0.53814,0.5365,0.53686,5484
2026-02-02 05:00:00,0.53688,0.53715,0.53584,0.53605,5078
2026-02-02 06:00:00,0.53604,0.53634,0.53498,0.53606,4132
2026-02-02 07:00:00,0.53605,0.53623,0.53477,0.53529,4427
2026-02-02 08:00:00,0.53529,0.53574,0.53407,0.53493,5550
2026-02-02 09:00:00,0.53494,0.53707,0.5349,0.53687,5025
2026-02-02 10:00:00,0.53685,0.53832,0.5364,0.5381,5003
2026-02-02 11:00:00,0.53809,0.53963,0.53739,0.53958,4743
2026-02-02 12:00:00,0.53958,0.54008,0.53905,0.53964,4419
2026-02-02 13:00:00,0.53963,0.54038,0.53924,0.53931,3555
2026-02-02 14:00:00,0.53932,0.54032,0.53928,0.54024,4187
2026-02-02 15:00:00,0.54023,0.54117,0.53941,0.54099,5692
2026-02-02 16:00:00,0.54099,0.54256,0.54086,0.54192,6255
2026-02-02 17:00:00,0.5419,0.54348,0.54173,0.54267,7631
2026-02-02 18:00:00,0.54267,0.54354,0.54227,0.54257,6029
2026-02-02 19:00:00,0.54258,0.54279,0.542,0.54204,3947
2026-02-02 20:00:00,0.54203,0.54228,0.54149,0.54176,3467
2026-02-02 21:00:00,0.54176,0.54188,0.54133,0.54154,2462
2026-02-02 22:00:00,0.54153,0.54211,0.54133,0.5418,2683
2026-02-02 23:00:00,0.54176,0.54198,0.54164,0.54171,1135
2026-02-03 00:00:00,0.54111,0.54224,0.54076,0.54141,1284
2026-02-03 01:00:00,0.5413,0.542,0.54128,0.54196,1782
2026-02-03 02:00:00,0.54196,0.5427,0.5418,0.54236,2393
2026-02-03 03:00:00,0.54234,0.54305,0.54228,0.54297,3438
2026-02-03 04:00:00,0.54299,0.54301,0.54176,0.54214,2942
2026-02-03 05:00:00,0.54214,0.54675,0.54184,0.54656,4531
2026-02-03 06:00:00,0.54657,0.54737,0.54472,0.54537,3496
2026-02-03 07:00:00,0.54536,0.54574,0.54487,0.54523,3176
2026-02-03 08:00:00,0.54524,0.54602,0.54501,0.54584,3646
2026-02-03 09:00:00,0.54583,0.54786,0.54553,0.54745,4068
2026-02-03 10:00:00,0.54743,0.54746,0.54613,0.54642,4156
2026-02-03 11:00:00,0.54641,0.54665,0.5448,0.54562,4656
2026-02-03 12:00:00,0.54562,0.54606,0.54506,0.5451,3451
2026-02-03 13:00:00,0.5451,0.54535,0.54469,0.5448,2939
2026-02-03 14:00:00,0.54482,0.54524,0.5446,0.54509,3013
2026-02-03 15:00:00,0.5451,0.54516,0.54438,0.54472,4066
2026-02-03 16:00:00,0.54474,0.54501,0.54316,0.54321,4875
2026-02-03 17:00:00,0.54321,0.54407,0.54267,0.54363,6459
2026-02-03 18:00:00,0.54362,0.5443,0.54313,0.54388,5127
2026-02-03 19:00:00,0.54389,0.54389,0.54286,0.54335,4747
2026-02-03 20:00:00,0.54335,0.54365,0.5427,0.54276,4445
2026-02-03 21:00:00,0.54277,0.54379,0.5424,0.54339,4865
2026-02-03 22:00:00,0.54337,0.54448,0.54328,0.54432,3298
2026-02-03 23:00:00,0.54433,0.54469,0.54418,0.54428,1358
2026-02-04 00:00:00,0.54335,0.54449,0.54329,0.54356,1484
2026-02-04 01:00:00,0.54352,0.54478,0.54339,0.54477,1539
2026-02-04 02:00:00,0.54476,0.54523,0.5445,0.54486,2490
2026-02-04 03:00:00,0.54487,0.54585,0.54468,0.54517,3705
2026-02-04 04:00:00,0.54519,0.54548,0.54425,0.54432,2969
2026-02-04 05:00:00,0.54435,0.54467,0.54406,0.54437,2465
2026-02-04 06:00:00,0.54436,0.54458,0.54412,0.54412,1534
2026-02-04 07:00:00,0.54413,0.54505,0.54409,0.54472,1798
2026-02-04 08:00:00,0.54473,0.54512,0.54454,0.54508,2280
2026-02-04 09:00:00,0.54505,0.54594,0.54488,0.5457,2674
2026-02-04 10:00:00,0.54574,0.54657,0.54542,0.54594,3388
2026-02-04 11:00:00,0.54593,0.54593,0.54468,0.54493,3245
2026-02-04 12:00:00,0.54491,0.54543,0.54477,0.54509,2823
2026-02-04 13:00:00,0.54506,0.54516,0.54454,0.54515,2893
2026-02-04 14:00:00,0.54513,0.54534,0.54485,0.54505,2457
2026-02-04 15:00:00,0.54504,0.54553,0.54464,0.54538,4216
2026-02-04 16:00:00,0.54537,0.54552,0.54395,0.54428,6311
2026-02-04 17:00:00,0.54417,0.54471,0.54354,0.54382,8035
2026-02-04 18:00:00,0.54381,0.54383,0.54244,0.54328,6288
2026-02-04 19:00:00,0.54326,0.54347,0.5414,0.54208,5938
2026-02-04 20:00:00,0.54208,0.54258,0.54151,0.54214,4866
2026-02-04 21:00:00,0.54215,0.54367,0.54192,0.54342,4397
2026-02-04 22:00:00,0.54344,0.54387,0.54328,0.54361,2748
2026-02-04 23:00:00,0.54362,0.54407,0.54343,0.54397,1531
2026-02-05 00:00:00,0.54254,0.54421,0.54229,0.54332,1085
2026-02-05 01:00:00,0.54331,0.54389,0.54325,0.54367,1591
2026-02-05 02:00:00,0.54369,0.54455,0.54352,0.54406,2124
2026-02-05 03:00:00,0.54406,0.54439,0.5435,0.54358,3628
2026-02-05 04:00:00,0.5436,0.54367,0.54098,0.54142,5264
2026-02-05 05:00:00,0.54141,0.54248,0.54132,0.54177,4828
2026-02-05 06:00:00,0.54176,0.54264,0.54176,0.54239,2113
2026-02-05 07:00:00,0.54238,0.54254,0.54199,0.54248,2455
2026-02-05 08:00:00,0.54247,0.54318,0.54235,0.54304,2871
2026-02-05 09:00:00,0.54303,0.54321,0.54244,0.54251,3125
2026-02-05 10:00:00,0.54251,0.54327,0.54205,0.54206,3804
2026-02-05 11:00:00,0.54211,0.54285,0.54129,0.54232,3961
2026-02-05 12:00:00,0.54233,0.54251,0.54192,0.54246,3090
2026-02-05 13:00:00,0.54247,0.54305,0.5423,0.54265,2588
2026-02-05 14:00:00,0.54266,0.54294,0.54023,0.54077,5911
2026-02-05 15:00:00,0.54074,0.54147,0.53979,0.5399,6058
2026-02-05 16:00:00,0.53989,0.54176,0.53965,0.54123,7652
2026-02-05 17:00:00,0.54124,0.54126,0.53862,0.54035,8516
2026-02-05 18:00:00,0.54034,0.5422,0.53993,0.54193,6569
2026-02-05 19:00:00,0.54192,0.54237,0.54093,0.54151,5021
2026-02-05 20:00:00,0.54151,0.54179,0.54049,0.54085,3821
2026-02-05 21:00:00,0.54083,0.54162,0.54082,0.541,3296
2026-02-05 22:00:00,0.54101,0.54159,0.54003,0.54033,3114
2026-02-05 23:00:00,0.54032,0.54043,0.53888,0.539,2132
2026-02-06 00:00:00,0.53858,0.53917,0.53786,0.53865,794
2026-02-06 01:00:00,0.5387,0.53901,0.53764,0.53786,2482
2026-02-06 02:00:00,0.53785,0.53821,0.53647,0.53799,4579
2026-02-06 03:00:00,0.53799,0.53919,0.53723,0.539,5168
2026-02-06 04:00:00,0.53897,0.5397,0.53896,0.53908,3811
2026-02-06 05:00:00,0.53907,0.53952,0.5388,0.53947,2775
2026-02-06 06:00:00,0.53944,0.5397,0.53879,0.53907,2181
2026-02-06 07:00:00,0.53908,0.54007,0.53883,0.54005,2823
2026-02-06 08:00:00,0.54006,0.54067,0.53989,0.54018,2811
2026-02-06 09:00:00,0.54014,0.54108,0.53986,0.54105,2746
2026-02-06 10:00:00,0.541,0.54215,0.54053,0.54201,3670
2026-02-06 11:00:00,0.54201,0.54297,0.54162,0.54296,3323
2026-02-06 12:00:00,0.54296,0.54298,0.54213,0.54237,2343
2026-02-06 13:00:00,0.54234,0.54363,0.54234,0.54354,2808
2026-02-06 14:00:00,0.54349,0.54356,0.54294,0.54299,2746
2026-02-06 15:00:00,0.54298,0.54376,0.5429,0.5434,3775
2026-02-06 16:00:00,0.54339,0.54399,0.54305,0.54367,5287
2026-02-06 17:00:00,0.54368,0.54425,0.54297,0.54306,6314
2026-02-06 18:00:00,0.54306,0.54432,0.54302,0.54408,3927
2026-02-06 19:00:00,0.54407,0.54482,0.54399,0.54435,2598
2026-02-06 20:00:00,0.54436,0.54461,0.5441,0.5441,1722
2026-02-06 21:00:00,0.54411,0.54429,0.5439,0.54402,1387
2026-02-06 22:00:00,0.54402,0.54426,0.5439,0.54413,1269
2026-02-06 23:00:00,0.54412,0.54454,0.54406,0.54409,1572
2026-02-09 00:00:00,0.54234,0.5446,0.54234,0.54415,1153
2026-02-09 01:00:00,0.54316,0.54605,0.54316,0.54585,3068
2026-02-09 02:00:00,0.54584,0.54584,0.54456,0.54462,3328
2026-02-09 03:00:00,0.54461,0.54467,0.54378,0.54428,3598
2026-02-09 04:00:00,0.54427,0.5458,0.54426,0.54536,2522
2026-02-09 05:00:00,0.54536,0.5456,0.54475,0.54484,1835
2026-02-09 06:00:00,0.54485,0.54501,0.54455,0.5447,1286
2026-02-09 07:00:00,0.54472,0.54481,0.54437,0.54465,1472
2026-02-09 08:00:00,0.54466,0.54469,0.54375,0.5443,3371
2026-02-09 09:00:00,0.54429,0.54456,0.54337,0.5436,3305
2026-02-09 10:00:00,0.54358,0.54391,0.5431,0.54359,3608
2026-02-09 11:00:00,0.54358,0.54389,0.54316,0.54326,2666
2026-02-09 12:00:00,0.54328,0.54335,0.54179,0.54227,3314
2026-02-09 13:00:00,0.54226,0.54294,0.5419,0.54272,3130
2026-02-09 14:00:00,0.54272,0.54315,0.54253,0.54285,3009
2026-02-09 15:00:00,0.54284,0.54324,0.54247,0.54249,4470
2026-02-09 16:00:00,0.5425,0.54369,0.54192,0.54334,5732
2026-02-09 17:00:00,0.54331,0.54389,0.5429,0.54325,4809
2026-02-09 18:00:00,0.54326,0.5443,0.54314,0.54418,3251
2026-02-09 19:00:00,0.54416,0.54421,0.54379,0.54392,1828
2026-02-09 20:00:00,0.54392,0.54405,0.54342,0.54372,2421
2026-02-09 21:00:00,0.54373,0.54389,0.54337,0.54351,1756
2026-02-09 22:00:00,0.54349,0.5438,0.54331,0.54361,1494
2026-02-09 23:00:00,0.54361,0.54381,0.54334,0.54344,909
2026-02-10 00:00:00,0.54264,0.5437,0.54244,0.54322,818
2026-02-10 01:00:00,0.54333,0.5438,0.54321,0.54329,1646
2026-02-10 02:00:00,0.5433,0.54353,0.54308,0.5433,1797
2026-02-10 03:00:00,0.54333,0.54356,0.54305,0.54355,2821
2026-02-10 04:00:00,0.54354,0.54357,0.54283,0.54288,2261
2026-02-10 05:00:00,0.54287,0.54299,0.54195,0.54221,2049
2026-02-10 06:00:00,0.54222,0.54274,0.54221,0.54248,1357
2026-02-10 07:00:00,0.54251,0.54291,0.54239,0.54256,1511
2026-02-10 08:00:00,0.54254,0.54259,0.54196,0.54243,1839
2026-02-10 09:00:00,0.54239,0.54253,0.54208,0.54217,2024
2026-02-10 10:00:00,0.54213,0.54275,0.5419,0.54194,2811
2026-02-10 11:00:00,0.54195,0.54213,0.54139,0.54158,2365
2026-02-10 12:00:00,0.54159,0.54205,0.54124,0.54177,2359
2026-02-10 13:00:00,0.54176,0.54233,0.54168,0.54219,1937
2026-02-10 14:00:00,0.5422,0.5423,0.54147,0.54196,2719
2026-02-10 15:00:00,0.54194,0.54231,0.5413,0.54133,3800
2026-02-10 16:00:00,0.54133,0.54154,0.53975,0.54082,5141
2026-02-10 17:00:00,0.54083,0.54217,0.54062,0.54201,5452
2026-02-10 18:00:00,0.542,0.54257,0.54162,0.54211,4492
2026-02-10 19:00:00,0.54213,0.54323,0.54188,0.54297,2505
2026-02-10 20:00:00,0.54298,0.54335,0.54259,0.5433,2642
2026-02-10 21:00:00,0.54331,0.54371,0.54314,0.54322,1836
2026-02-10 22:00:00,0.5432,0.54339,0.54305,0.54314,1652
2026-02-10 23:00:00,0.54315,0.54333,0.54296,0.54323,728
2026-02-11 00:00:00,0.54317,0.54317,0.54002,0.54256,1354
2026-02-11 01:00:00,0.54267,0.54372,0.54246,0.54367,1115
2026-02-11 02:00:00,0.54368,0.54401,0.54339,0.54381,1899
2026-02-11 03:00:00,0.54379,0.54512,0.54375,0.54485,2520
2026-02-11 04:00:00,0.54484,0.54641,0.54448,0.54582,2660
2026-02-11 05:00:00,0.54582,0.54624,0.54556,0.54609,1836
2026-02-11 06:00:00,0.54606,0.54626,0.54489,0.54493,1511
2026-02-11 07:00:00,0.54493,0.54517,0.54438,0.54465,1856
2026-02-11 08:00:00,0.54462,0.54482,0.54385,0.54416,2456
2026-02-11 09:00:00,0.54417,0.54451,0.54396,0.54425,2232
2026-02-11 10:00:00,0.54423,0.545,0.54343,0.54479,2871
2026-02-11 11:00:00,0.5448,0.54538,0.54446,0.54468,2702
2026-02-11 12:00:00,0.54467,0.54545,0.54419,0.54531,2489
2026-02-11 13:00:00,0.54533,0.54554,0.54465,0.54488,2650
2026-02-11 14:00:00,0.54488,0.54602,0.54479,0.546,2908
2026-02-11 15:00:00,0.54599,0.54834,0.54511,0.54834,6783
2026-02-11 16:00:00,0.54836,0.55033,0.54835,0.54995,7811
2026-02-11 17:00:00,0.54994,0.55037,0.54778,0.54906,7982
2026-02-11 18:00:00,0.54905,0.54938,0.54848,0.54884,5504
2026-02-11 19:00:00,0.54884,0.54994,0.54868,0.54976,4243
2026-02-11 20:00:00,0.54975,0.54977,0.54886,0.54951,3506
2026-02-11 21:00:00,0.54951,0.54974,0.54918,0.54933,2672
2026-02-11 22:00:00,0.54933,0.54965,0.54925,0.54957,1738
2026-02-11 23:00:00,0.54958,0.54998,0.54949,0.54981,1039
2026-02-12 00:00:00,0.54798,0.5495,0.54706,0.54925,737
2026-02-12 01:00:00,0.54882,0.5498,0.54868,0.54942,1543
2026-02-12 02:00:00,0.54941,0.54985,0.54912,0.5498,2219
2026-02-12 03:00:00,0.54977,0.55061,0.54961,0.55026,2948
2026-02-12 04:00:00,0.55027,0.55041,0.54932,0.54966,2328
2026-02-12 05:00:00,0.54967,0.54994,0.54939,0.54952,2253
2026-02-12 06:00:00,0.54953,0.54996,0.54867,0.54882,2082
2026-02-12 07:00:00,0.5489,0.54957,0.54884,0.54956,2077
2026-02-12 08:00:00,0.54957,0.54958,0.54861,0.54908,3136
2026-02-12 09:00:00,0.54906,0.54957,0.54866,0.54883,2443
2026-02-12 10:00:00,0.54885,0.54912,0.54771,0.54784,3103
2026-02-12 11:00:00,0.54786,0.54786,0.54686,0.54706,2914
2026-02-12 12:00:00,0.54709,0.54741,0.54685,0.5471,2418
2026-02-12 13:00:00,0.54713,0.54727,0.54665,0.54667,2257
2026-02-12 14:00:00,0.54664,0.54815,0.54661,0.54807,2864
2026-02-12 15:00:00,0.54807,0.54913,0.54783,0.54891,3618
2026-02-12 16:00:00,0.54891,0.54932,0.54713,0.54736,5208
2026-02-12 17:00:00,0.54737,0.54784,0.54624,0.54761,5963
2026-02-12 18:00:00,0.5476,0.54767,0.5448,0.54595,8581
2026-02-12 19:00:00,0.54586,0.54608,0.54517,0.54545,5898
2026-02-12 20:00:00,0.54544,0.54615,0.54476,0.54586,5100
2026-02-12 21:00:00,0.54584,0.54643,0.54564,0.54602,3227
2026-02-12 22:00:00,0.54603,0.54626,0.54491,0.54526,2908
2026-02-12 23:00:00,0.54526,0.5455,0.54506,0.54546,1155
2026-02-13 00:00:00,0.54464,0.54544,0.54284,0.54383,1117
2026-02-13 01:00:00,0.54379,0.54562,0.54379,0.54538,1669
2026-02-13 02:00:00,0.54538,0.54577,0.54466,0.54467,2391
2026-02-13 03:00:00,0.54468,0.5462,0.54468,0.54526,3061
2026-02-13 04:00:00,0.54526,0.54566,0.54525,0.54554,1914
2026-02-13 05:00:00,0.54554,0.54563,0.54485,0.54522,1537
2026-02-13 06:00:00,0.54522,0.54578,0.54494,0.54536,1345
2026-02-13 07:00:00,0.54535,0.54581,0.54414,0.54441,2464
2026-02-13 08:00:00,0.54441,0.54446,0.54308,0.54351,2765
2026-02-13 09:00:00,0.54351,0.54456,0.54288,0.54396,3243
2026-02-13 10:00:00,0.544,0.5448,0.54382,0.54477,3541
2026-02-13 11:00:00,0.54477,0.54477,0.54391,0.54426,3032
2026-02-13 12:00:00,0.54426,0.54443,0.54341,0.54341,2474
2026-02-13 13:00:00,0.54343,0.54347,0.54217,0.54265,3353
2026-02-13 14:00:00,0.54253,0.5427,0.54189,0.54228,3239
2026-02-13 15:00:00,0.54228,0.54356,0.54148,0.54319,5977
2026-02-13 16:00:00,0.54311,0.54394,0.54164,0.5419,7524
2026-02-13 17:00:00,0.54192,0.54433,0.54182,0.54383,7979
2026-02-13 18:00:00,0.54382,0.54399,0.54265,0.54306,5552
2026-02-13 19:00:00,0.54305,0.54358,0.54289,0.54332,3541
2026-02-13 20:00:00,0.54332,0.54395,0.54303,0.54363,2899
2026-02-13 21:00:00,0.54364,0.54392,0.54312,0.54323,2616
2026-02-13 22:00:00,0.54322,0.54357,0.54273,0.54316,3046
2026-02-13 23:00:00,0.54318,0.54335,0.54235,0.54235,1110
2026-02-16 00:00:00,0.54146,0.54232,0.54123,0.5421,1374
2026-02-16 01:00:00,0.54211,0.54334,0.54189,0.5433,2138
2026-02-16 02:00:00,0.5433,0.54399,0.54308,0.54396,2213
2026-02-16 03:00:00,0.54397,0.5446,0.54369,0.54428,1791
2026-02-16 04:00:00,0.54434,0.54444,0.5441,0.54419,1785
2026-02-16 05:00:00,0.5442,0.54438,0.54392,0.54409,1493
2026-02-16 06:00:00,0.54409,0.54476,0.54402,0.5447,1351
2026-02-16 07:00:00,0.5447,0.54478,0.54449,0.54468,1211
2026-02-16 08:00:00,0.54467,0.54494,0.54452,0.54456,1337
2026-02-16 09:00:00,0.54455,0.54496,0.54444,0.54462,1727
2026-02-16 10:00:00,0.54465,0.54565,0.54444,0.54548,2792
2026-02-16 11:00:00,0.54548,0.54566,0.54455,0.54508,1896
2026-02-16 12:00:00,0.5451,0.54562,0.54483,0.54534,1933
2026-02-16 13:00:00,0.54536,0.54541,0.54488,0.54529,1533
2026-02-16 14:00:00,0.54526,0.54572,0.5452,0.54567,1670
2026-02-16 15:00:00,0.54568,0.54572,0.54518,0.54521,1772
2026-02-16 16:00:00,0.54521,0.54529,0.54409,0.54448,2422
2026-02-16 17:00:00,0.54449,0.54462,0.54375,0.5438,2205
2026-02-16 18:00:00,0.54379,0.54444,0.54366,0.54417,1991
2026-02-16 19:00:00,0.54416,0.54451,0.54409,0.5443,796
2026-02-16 20:00:00,0.54431,0.54444,0.54424,0.54428,327
2026-02-16 21:00:00,0.54429,0.54434,0.54421,0.54422,252
2026-02-16 22:00:00,0.54422,0.54432,0.5442,0.54427,193
2026-02-16 23:00:00,0.54427,0.54429,0.54399,0.54411,365
2026-02-17 00:00:00,0.54341,0.54378,0.5427,0.54365,520
2026-02-17 01:00:00,0.54376,0.54445,0.54365,0.54433,1151
2026-02-17 02:00:00,0.54433,0.54446,0.54375,0.54388,2470
2026-02-17 03:00:00,0.5439,0.54454,0.54311,0.54326,2911
2026-02-17 04:00:00,0.54325,0.5435,0.54272,0.54323,2293
2026-02-17 05:00:00,0.54323,0.54324,0.54232,0.54284,2211
2026-02-17 06:00:00,0.54285,0.54375,0.54281,0.54373,1550
2026-02-17 07:00:00,0.54374,0.54383,0.54287,0.54311,2454
2026-02-17 08:00:00,0.54309,0.54353,0.54309,0.54351,1784
2026-02-17 09:00:00,0.54348,0.54428,0.54295,0.54425,2711
2026-02-17 10:00:00,0.54422,0.54455,0.54323,0.54357,3496
2026-02-17 11:00:00,0.54356,0.54407,0.54346,0.54398,2547
2026-02-17 12:00:00,0.54398,0.54424,0.54349,0.54356,2651
2026-02-17 13:00:00,0.54357,0.54411,0.5434,0.54402,2824
2026-02-17 14:00:00,0.54401,0.54417,0.5434,0.54361,2804
2026-02-17 15:00:00,0.5436,0.5445,0.54278,0.54328,4495
2026-02-17 16:00:00,0.54326,0.54446,0.54299,0.54328,6845
2026-02-17 17:00:00,0.54325,0.54498,0.54321,0.54496,7437
2026-02-17 18:00:00,0.54496,0.54561,0.54485,0.5451,5621
2026-02-17 19:00:00,0.54509,0.54509,0.54418,0.54482,4192
2026-02-17 20:00:00,0.54484,0.54617,0.54464,0.54592,3734
2026-02-17 21:00:00,0.54591,0.54602,0.5454,0.54545,2481
2026-02-17 22:00:00,0.54544,0.54561,0.54529,0.54543,2074
2026-02-17 23:00:00,0.54545,0.54568,0.54532,0.54559,895
2026-02-18 00:00:00,0.54474,0.54629,0.54468,0.54523,1404
2026-02-18 01:00:00,0.54523,0.54573,0.54516,0.54547,1490
2026-02-18 02:00:00,0.54547,0.54567,0.54492,0.54502,2144
2026-02-18 03:00:00,0.54504,0.5454,0.54487,0.54505,2047
2026-02-18 04:00:00,0.54506,0.54525,0.54455,0.54456,1736
2026-02-18 05:00:00,0.54456,0.54515,0.54452,0.54502,1479
2026-02-18 06:00:00,0.54502,0.54528,0.54489,0.54504,1194
2026-02-18 07:00:00,0.54503,0.54511,0.54475,0.54482,957
2026-02-18 08:00:00,0.54481,0.54511,0.54469,0.54485,1283
2026-02-18 09:00:00,0.54483,0.54539,0.54478,0.54534,1821
2026-02-18 10:00:00,0.54535,0.54611,0.54534,0.54557,2717
2026-02-18 11:00:00,0.54558,0.54612,0.54547,0.54599,2404
2026-02-18 12:00:00,0.54599,0.54624,0.54582,0.54598,2032
2026-02-18 13:00:00,0.54599,0.54601,0.54512,0.54524,1738
2026-02-18 14:00:00,0.54523,0.54557,0.54457,0.54488,2488
2026-02-18 15:00:00,0.54488,0.54514,0.54443,0.54444,3050
2026-02-18 16:00:00,0.54446,0.5451,0.54406,0.54502,5042
2026-02-18 17:00:00,0.54502,0.54578,0.545,0.54543,4060
2026-02-18 18:00:00,0.54542,0.54588,0.54535,0.54555,3403
2026-02-18 19:00:00,0.54554,0.54597,0.54545,0.54579,2324
2026-02-18 20:00:00,0.54578,0.54586,0.54456,0.54471,2667
2026-02-18 21:00:00,0.54463,0.54501,0.54353,0.54376,3668
2026-02-18 22:00:00,0.54376,0.54444,0.54369,0.54434,2099
2026-02-18 23:00:00,0.54433,0.54436,0.5441,0.54429,742
2026-02-19 00:00:00,0.5407,0.54405,0.5407,0.54398,896
2026-02-19 01:00:00,0.54393,0.54433,0.54376,0.54398,1226
2026-02-19 02:00:00,0.54399,0.54487,0.54378,0.54455,2363
2026-02-19 03:00:00,0.54453,0.54568,0.54451,0.54563,2238
2026-02-19 04:00:00,0.54563,0.54598,0.54523,0.54598,1601
2026-02-19 05:00:00,0.54598,0.54623,0.54586,0.54592,1470
2026-02-19 06:00:00,0.54593,0.54606,0.54502,0.54505,1411
2026-02-19 07:00:00,0.54505,0.54525,0.54465,0.54517,1568
2026-02-19 08:00:00,0.54516,0.54576,0.54503,0.54575,1628
2026-02-19 09:00:00,0.54578,0.54641,0.54577,0.54632,1951
2026-02-19 10:00:00,0.54633,0.54676,0.5458,0.5461,2745
2026-02-19 11:00:00,0.54612,0.54652,0.54528,0.54582,2995
2026-02-19 12:00:00,0.54581,0.54607,0.54532,0.54572,2936
2026-02-19 13:00:00,0.54573,0.54618,0.54513,0.54539,2423
2026-02-19 14:00:00,0.54542,0.54628,0.54529,0.54618,2570
2026-02-19 15:00:00,0.5462,0.54657,0.54584,0.54629,3830
2026-02-19 16:00:00,0.54629,0.54639,0.54489,0.54574,5512
2026-02-19 17:00:00,0.54572,0.54743,0.54539,0.54728,6691
2026-02-19 18:00:00,0.54728,0.54731,0.54658,0.54676,4952
2026-02-19 19:00:00,0.54677,0.54733,0.54644,0.54667,3480
2026-02-19 20:00:00,0.54665,0.54697,0.54632,0.54687,3007
2026-02-19 21:00:00,0.54688,0.54702,0.54648,0.54681,2418
2026-02-19 22:00:00,0.54682,0.54708,0.54674,0.54706,1878
2026-02-19 23:00:00,0.54705,0.54726,0.54683,0.54702,1120
2026-02-20 00:00:00,0.54544,0.54679,0.54544,0.54678,750
2026-02-20 01:00:00,0.54665,0.54727,0.54665,0.54707,1458
2026-02-20 02:00:00,0.54707,0.54725,0.5468,0.54701,1961
2026-02-20 03:00:00,0.54702,0.5471,0.54487,0.54544,2977
2026-02-20 04:00:00,0.54544,0.54568,0.54446,0.54487,3102
2026-02-20 05:00:00,0.54488,0.54551,0.54487,0.54534,1824
2026-02-20 06:00:00,0.54533,0.54575,0.5451,0.54557,1535
2026-02-20 07:00:00,0.54558,0.54638,0.54558,0.54638,1755
2026-02-20 08:00:00,0.54637,0.54663,0.54625,0.54655,1717
2026-02-20 09:00:00,0.54657,0.54685,0.54628,0.54657,2579
2026-02-20 10:00:00,0.54657,0.5471,0.5463,0.54698,3574
2026-02-20 11:00:00,0.54698,0.54782,0.54689,0.54726,2824
2026-02-20 12:00:00,0.54728,0.54809,0.54718,0.54752,2651
2026-02-20 13:00:00,0.54751,0.54762,0.54692,0.54702,2375
2026-02-20 14:00:00,0.54702,0.54741,0.54643,0.54658,2786
2026-02-20 15:00:00,0.54659,0.54753,0.54647,0.54734,4201
2026-02-20 16:00:00,0.54733,0.54827,0.54663,0.54809,5165
2026-02-20 17:00:00,0.54806,0.54969,0.54675,0.54867,10374
2026-02-20 18:00:00,0.54868,0.54938,0.54788,0.54912,6213
2026-02-20 19:00:00,0.54912,0.54923,0.54801,0.54858,5622
2026-02-20 20:00:00,0.54857,0.54935,0.54779,0.54933,6470
2026-02-20 21:00:00,0.54933,0.54939,0.54865,0.54891,3755
2026-02-20 22:00:00,0.54892,0.54916,0.5487,0.54899,2125
2026-02-20 23:00:00,0.54897,0.54932,0.54874,0.54923,1418
2026-02-23 00:00:00,0.54708,0.54827,0.5468,0.54786,982
2026-02-23 01:00:00,0.54791,0.54885,0.54772,0.54884,3778
2026-02-23 02:00:00,0.54883,0.54888,0.5468,0.54689,3737
2026-02-23 03:00:00,0.54691,0.54701,0.54625,0.54636,4490
2026-02-23 04:00:00,0.54633,0.54648,0.54541,0.54568,3318
2026-02-23 05:00:00,0.54568,0.54625,0.54567,0.54583,2198
2026-02-23 06:00:00,0.54582,0.54621,0.54567,0.54612,1702
2026-02-23 07:00:00,0.54611,0.54657,0.54603,0.54644,1588
2026-02-23 08:00:00,0.54644,0.54693,0.54622,0.54686,1755
2026-02-23 09:00:00,0.54687,0.54721,0.5465,0.54672,2459
2026-02-23 10:00:00,0.54667,0.54803,0.5465,0.54784,3364
2026-02-23 11:00:00,0.54783,0.54861,0.54783,0.54847,2411
2026-02-23 12:00:00,0.54846,0.54863,0.54817,0.54828,2396
2026-02-23 13:00:00,0.54827,0.54898,0.54826,0.54879,2300
2026-02-23 14:00:00,0.54881,0.54885,0.54796,0.54836,2681
2026-02-23 15:00:00,0.54836,0.54858,0.54764,0.54777,3097
2026-02-23 16:00:00,0.54778,0.54872,0.54753,0.54756,4695
2026-02-23 17:00:00,0.54757,0.54775,0.54635,0.54653,5538
2026-02-23 18:00:00,0.54654,0.5468,0.54592,0.54605,5514
2026-02-23 19:00:00,0.54606,0.54629,0.54561,0.5462,3291
2026-02-23 20:00:00,0.54619,0.54689,0.54615,0.54633,2255
2026-02-23 21:00:00,0.54635,0.54649,0.54622,0.54629,2076
2026-02-23 22:00:00,0.54628,0.54643,0.54609,0.5464,1998
2026-02-23 23:00:00,0.5464,0.54662,0.54637,0.5465,884
2026-02-24 00:00:00,0.54484,0.54634,0.54484,0.54605,903
2026-02-24 01:00:00,0.54604,0.54682,0.54596,0.54659,1598
2026-02-24 02:00:00,0.5466,0.54715,0.54645,0.54712,2200
2026-02-24 03:00:00,0.54711,0.54734,0.54688,0.54731,3972
2026-02-24 04:00:00,0.5473,0.54815,0.54714,0.54809,2490
2026-02-24 05:00:00,0.54809,0.54822,0.54777,0.54821,1760
2026-02-24 06:00:00,0.54818,0.54832,0.54797,0.54813,1396
2026-02-24 07:00:00,0.54812,0.54831,0.5478,0.54785,1859
2026-02-24 08:00:00,0.54785,0.54819,0.54776,0.54789,1879
2026-02-24 09:00:00,0.54791,0.54849,0.54786,0.54811,3656
2026-02-24 10:00:00,0.54812,0.54822,0.5464,0.54708,3712
2026-02-24 11:00:00,0.54707,0.54734,0.54657,0.54659,2739
2026-02-24 12:00:00,0.54661,0.54678,0.54549,0.54573,2300
2026-02-24 13:00:00,0.54576,0.54578,0.54497,0.54518,2232
2026-02-24 14:00:00,0.54517,0.54551,0.54498,0.54512,2721
2026-02-24 15:00:00,0.54511,0.54547,0.54481,0.545,3537
2026-02-24 16:00:00,0.54501,0.54577,0.54416,0.54501,4980
2026-02-24 17:00:00,0.54502,0.54659,0.54487,0.54633,5493
2026-02-24 18:00:00,0.54636,0.54681,0.54624,0.54648,3604
2026-02-24 19:00:00,0.54649,0.5469,0.54619,0.54636,1878
2026-02-24 20:00:00,0.54635,0.54638,0.54598,0.54628,1816
2026-02-24 21:00:00,0.54629,0.54635,0.54593,0.54605,1508
2026-02-24 22:00:00,0.54604,0.54636,0.5459,0.54627,1490
2026-02-24 23:00:00,0.54628,0.54636,0.54612,0.54622,775
2026-02-25 00:00:00,0.54557,0.54676,0.54508,0.54596,1224
2026-02-25 01:00:00,0.54601,0.54644,0.54596,0.5462,955
2026-02-25 02:00:00,0.54618,0.54786,0.54605,0.54733,2508
2026-02-25 03:00:00,0.54735,0.54781,0.54715,0.54748,3202
2026-02-25 04:00:00,0.54747,0.54824,0.54738,0.54822,3059
2026-02-25 05:00:00,0.54821,0.54924,0.54775,0.54889,3502
2026-02-25 06:00:00,0.5489,0.54947,0.54882,0.54914,1782
2026-02-25 07:00:00,0.54913,0.54934,0.54878,0.54903,2122
2026-02-25 08:00:00,0.54902,0.54963,0.5488,0.54947,2163
2026-02-25 09:00:00,0.54949,0.54977,0.54891,0.54909,2324
2026-02-25 10:00:00,0.54909,0.54941,0.54879,0.54915,2798
2026-02-25 11:00:00,0.54912,0.54964,0.54834,0.5485,2974
2026-02-25 12:00:00,0.54851,0.54914,0.54845,0.54859,2469
2026-02-25 13:00:00,0.54862,0.54903,0.5483,0.54902,2356
2026-02-25 14:00:00,0.549,0.54939,0.54874,0.54931,2285
2026-02-25 15:00:00,0.5493,0.54957,0.54876,0.54939,2891
2026-02-25 16:00:00,0.54938,0.5497,0.54845,0.54875,3904
2026-02-25 17:00:00,0.54875,0.54971,0.5483,0.54971,4846
2026-02-25 18:00:00,0.54971,0.54989,0.54941,0.54977,3235
2026-02-25 19:00:00,0.54977,0.54993,0.54969,0.54989,2063
2026-02-25 20:00:00,0.5499,0.55013,0.54968,0.55013,1264
2026-02-25 21:00:00,0.55012,0.55053,0.5501,0.55041,1196
2026-02-25 22:00:00,0.55042,0.55049,0.55016,0.55027,1372
2026-02-25 23:00:00,0.55027,0.55074,0.55026,0.55041,1070
2026-02-26 00:00:00,0.54644,0.55004,0.54639,0.54973,1283
2026-02-26 01:00:00,0.54944,0.5502,0.54928,0.54973,2827
2026-02-26 02:00:00,0.54973,0.55019,0.54967,0.55017,2034
2026-02-26 03:00:00,0.55016,0.5504,0.54966,0.54989,3315
2026-02-26 04:00:00,0.54988,0.54994,0.54916,0.54981,2542
2026-02-26 05:00:00,0.54981,0.5502,0.54953,0.54995,1753
2026-02-26 06:00:00,0.54994,0.55034,0.54988,0.5501,1593
2026-02-26 07:00:00,0.55009,0.55071,0.55003,0.55068,2165
2026-02-26 08:00:00,0.55068,0.55075,0.55032,0.55032,2057
2026-02-26 09:00:00,0.55037,0.5506,0.54966,0.54968,2343
2026-02-26 10:00:00,0.5497,0.55011,0.54941,0.54998,3556
2026-02-26 11:00:00,0.54999,0.55124,0.54982,0.5509,2433
2026-02-26 12:00:00,0.55089,0.55132,0.55084,0.55098,1863
2026-02-26 13:00:00,0.55098,0.55173,0.55096,0.55118,1892
2026-02-26 14:00:00,0.55124,0.5514,0.55097,0.55117,1880
2026-02-26 15:00:00,0.55115,0.55129,0.55042,0.55042,3116
2026-02-26 16:00:00,0.55042,0.55044,0.54944,0.5495,5006
2026-02-26 17:00:00,0.54949,0.54964,0.54743,0.54921,7609
2026-02-26 18:00:00,0.54923,0.54952,0.5486,0.5487,5157
2026-02-26 19:00:00,0.5487,0.54879,0.54822,0.54848,3313
2026-02-26 20:00:00,0.54847,0.55004,0.54827,0.54986,3474
2026-02-26 21:00:00,0.54986,0.55037,0.54978,0.55019,2131
2026-02-26 22:00:00,0.5502,0.55039,0.55004,0.5503,1473
2026-02-26 23:00:00,0.55031,0.55037,0.5498,0.54983,747
2026-02-27 00:00:00,0.54947,0.55016,0.54883,0.5491,1494
2026-02-27 01:00:00,0.54919,0.54946,0.54887,0.54915,1523
2026-02-27 02:00:00,0.54916,0.54948,0.54871,0.54895,2556
2026-02-27 03:00:00,0.54895,0.54973,0.54895,0.54973,3412
2026-02-27 04:00:00,0.54975,0.55038,0.54959,0.55035,2366
2026-02-27 05:00:00,0.55035,0.55062,0.55003,0.55026,1797
2026-02-27 06:00:00,0.55024,0.55049,0.55019,0.55042,1688
2026-02-27 07:00:00,0.5504,0.55112,0.55038,0.55074,1834
2026-02-27 08:00:00,0.55075,0.55081,0.55018,0.55078,2374
2026-02-27 09:00:00,0.55084,0.5511,0.55032,0.55052,2800
2026-02-27 10:00:00,0.55049,0.5506,0.54982,0.54982,3357
2026-02-27 11:00:00,0.54985,0.55023,0.54964,0.54982,3218
2026-02-27 12:00:00,0.54981,0.54983,0.54869,0.54936,2808
2026-02-27 13:00:00,0.54936,0.54945,0.54874,0.54881,2584
2026-02-27 14:00:00,0.54883,0.54899,0.54798,0.5482,2888
2026-02-27 15:00:00,0.54821,0.54832,0.54617,0.54687,5372
2026-02-27 16:00:00,0.54688,0.5472,0.54606,0.5462,6198
2026-02-27 17:00:00,0.5462,0.548,0.54607,0.54793,6556
2026-02-27 18:00:00,0.54793,0.54812,0.54721,0.54727,4909
2026-02-27 19:00:00,0.54728,0.54778,0.5467,0.54702,3468
2026-02-27 20:00:00,0.54701,0.54714,0.54654,0.54656,2573
2026-02-27 21:00:00,0.54657,0.5468,0.54608,0.54644,2171
2026-02-27 22:00:00,0.54643,0.54719,0.5464,0.54707,1954
2026-02-27 23:00:00,0.54709,0.54744,0.54668,0.5471,1555
2026-03-02 00:00:00,0.53951,0.54191,0.53945,0.54084,2251
2026-03-02 01:00:00,0.5409,0.54431,0.54045,0.54293,5749
2026-03-02 02:00:00,0.54296,0.54474,0.54274,0.5446,5091
2026-03-02 03:00:00,0.5446,0.54663,0.54456,0.54605,6378
2026-03-02 04:00:00,0.54605,0.54632,0.54542,0.546,4203
2026-03-02 05:00:00,0.546,0.54652,0.54586,0.54616,3234
2026-03-02 06:00:00,0.54614,0.54638,0.54501,0.54503,3050
2026-03-02 07:00:00,0.54503,0.54518,0.544,0.54411,3255
2026-03-02 08:00:00,0.5441,0.54471,0.54383,0.54432,4455
2026-03-02 09:00:00,0.5443,0.54571,0.54425,0.54534,5661
2026-03-02 10:00:00,0.54533,0.54661,0.54469,0.54605,6373
2026-03-02 11:00:00,0.54604,0.54707,0.54565,0.54651,4674
2026-03-02 12:00:00,0.54651,0.54792,0.54648,0.54788,4425
2026-03-02 13:00:00,0.54787,0.54912,0.54773,0.54897,4357
2026-03-02 14:00:00,0.54896,0.55059,0.54881,0.54898,4801
2026-03-02 15:00:00,0.54896,0.55029,0.54882,0.54924,5885
2026-03-02 16:00:00,0.54923,0.55111,0.54889,0.5505,7076
2026-03-02 17:00:00,0.55043,0.55206,0.55021,0.55069,7932
2026-03-02 18:00:00,0.55071,0.55183,0.55052,0.55093,6397
2026-03-02 19:00:00,0.55093,0.55149,0.5505,0.55128,4058
2026-03-02 20:00:00,0.55126,0.55182,0.55115,0.55173,3133
2026-03-02 21:00:00,0.55174,0.5529,0.55172,0.55267,2880
2026-03-02 22:00:00,0.55268,0.55269,0.55166,0.55242,5648
2026-03-02 23:00:00,0.55242,0.5529,0.55235,0.55283,1713
2026-03-03 00:00:00,0.55208,0.55305,0.55043,0.55294,2022
2026-03-03 01:00:00,0.55288,0.55349,0.55269,0.55308,2083
2026-03-03 02:00:00,0.55307,0.55352,0.55278,0.55323,2773
2026-03-03 03:00:00,0.55324,0.55469,0.55309,0.55318,5039
2026-03-03 04:00:00,0.55319,0.55412,0.55255,0.5538,5404
2026-03-03 05:00:00,0.55381,0.5549,0.55381,0.55457,3560
2026-03-03 06:00:00,0.55457,0.55516,0.55451,0.55471,2957
2026-03-03 07:00:00,0.55473,0.55528,0.55346,0.55381,4517
2026-03-03 08:00:00,0.5538,0.55399,0.55326,0.55387,4572
2026-03-03 09:00:00,0.55385,0.55498,0.55376,0.55406,4956
2026-03-03 10:00:00,0.554,0.55486,0.55289,0.55312,6958
2026-03-03 11:00:00,0.55311,0.55416,0.55287,0.55322,6680
2026-03-03 12:00:00,0.55322,0.55372,0.55215,0.55285,6622
2026-03-03 13:00:00,0.55283,0.55308,0.55162,0.5525,7585
2026-03-03 14:00:00,0.55253,0.55323,0.55079,0.55132,6683
2026-03-03 15:00:00,0.55133,0.5515,0.54955,0.5506,6489
2026-03-03 16:00:00,0.55061,0.55072,0.54721,0.54739,8525
2026-03-03 17:00:00,0.54738,0.54938,0.54559,0.54904,10889
2026-03-03 18:00:00,0.54902,0.55001,0.54841,0.54988,9549
2026-03-03 19:00:00,0.54989,0.55057,0.5491,0.54963,7268
2026-03-03 20:00:00,0.54964,0.55101,0.54959,0.55072,5778
2026-03-03 21:00:00,0.55072,0.55124,0.54999,0.55045,6734
2026-03-03 22:00:00,0.55046,0.55077,0.54979,0.55016,5315
2026-03-03 23:00:00,0.55015,0.55049,0.54983,0.54983,1925
2026-03-04 00:00:00,0.54965,0.55143,0.54837,0.5501,1444
2026-03-04 01:00:00,0.54998,0.55087,0.5499,0.55043,2798
2026-03-04 02:00:00,0.55042,0.55049,0.54747,0.54837,5241
2026-03-04 03:00:00,0.5484,0.54871,0.54706,0.54792,7675
2026-03-04 04:00:00,0.54795,0.54864,0.54767,0.54792,6151
2026-03-04 05:00:00,0.54791,0.54793,0.54627,0.54704,5401
2026-03-04 06:00:00,0.54705,0.54755,0.5459,0.54657,5009
2026-03-04 07:00:00,0.54657,0.54789,0.54653,0.54729,5605
2026-03-04 08:00:00,0.54729,0.54809,0.54697,0.54788,4895
2026-03-04 09:00:00,0.54786,0.54902,0.54774,0.54856,4955
2026-03-04 10:00:00,0.54855,0.54995,0.54805,0.54909,6627
2026-03-04 11:00:00,0.54907,0.55156,0.54842,0.55139,5785
2026-03-04 12:00:00,0.55139,0.5527,0.55013,0.55032,7197
2026-03-04 13:00:00,0.55031,0.55081,0.55014,0.55029,5294
2026-03-04 14:00:00,0.55031,0.55084,0.54915,0.54989,5825
2026-03-04 15:00:00,0.54988,0.55073,0.54986,0.55069,6364
2026-03-04 16:00:00,0.55065,0.55095,0.54928,0.55022,7744
2026-03-04 17:00:00,0.55018,0.55173,0.54973,0.55149,8021
2026-03-04 18:00:00,0.55149,0.55183,0.55087,0.55137,5799
2026-03-04 19:00:00,0.55139,0.55163,0.55092,0.55137,4502
2026-03-04 20:00:00,0.55139,0.55156,0.55096,0.55149,3577
2026-03-04 21:00:00,0.55149,0.55194,0.55146,0.55155,2741
2026-03-04 22:00:00,0.55156,0.55168,0.55114,0.55142,2931
2026-03-04 23:00:00,0.55143,0.55167,0.55112,0.55115,1629
2026-03-05 00:00:00,0.55086,0.55195,0.55045,0.55106,895
2026-03-05 01:00:00,0.5511,0.55146,0.55082,0.55126,1846
2026-03-05 02:00:00,0.55126,0.5517,0.55106,0.5514,2713
2026-03-05 03:00:00,0.55141,0.5518,0.55035,0.55054,5507
2026-03-05 04:00:00,0.55055,0.55126,0.55038,0.55121,4859
2026-03-05 05:00:00,0.5512,0.55139,0.54994,0.5501,4377
2026-03-05 06:00:00,0.55006,0.5505,0.54983,0.55028,3403
2026-03-05 07:00:00,0.5503,0.5504,0.54991,0.55011,3547
2026-03-05 08:00:00,0.55008,0.55027,0.54924,0.55004,4886
2026-03-05 09:00:00,0.55003,0.55039,0.54871,0.54899,4754
2026-03-05 10:00:00,0.549,0.54918,0.54791,0.54914,6209
2026-03-05 11:00:00,0.54914,0.5511,0.54841,0.54874,7938
2026-03-05 12:00:00,0.54872,0.5499,0.54829,0.54989,4686
2026-03-05 13:00:00,0.54991,0.55039,0.54963,0.54991,4017
2026-03-05 14:00:00,0.54994,0.54996,0.54919,0.54986,4374
2026-03-05 15:00:00,0.54984,0.54991,0.54864,0.54927,6038
2026-03-05 16:00:00,0.54924,0.54943,0.54787,0.5492,7390
2026-03-05 17:00:00,0.54921,0.54963,0.54772,0.54827,8291
2026-03-05 18:00:00,0.54827,0.54834,0.54676,0.54762,7715
2026-03-05 19:00:00,0.54765,0.54803,0.54614,0.54641,7128
2026-03-05 20:00:00,0.5464,0.54692,0.54616,0.54677,6951
2026-03-05 21:00:00,0.54676,0.54717,0.54635,0.54698,5174
2026-03-05 22:00:00,0.547,0.54777,0.54674,0.54755,6578
2026-03-05 23:00:00,0.54756,0.54757,0.54714,0.54718,1751
2026-03-06 00:00:00,0.54675,0.54748,0.54661,0.54673,529
2026-03-06 01:00:00,0.54677,0.54756,0.54666,0.54729,2115
2026-03-06 02:00:00,0.54731,0.54819,0.54719,0.54811,2598
2026-03-06 03:00:00,0.54812,0.54893,0.54795,0.54881,4624
2026-03-06 04:00:00,0.5488,0.54934,0.5488,0.54909,3116
2026-03-06 05:00:00,0.54908,0.54936,0.54899,0.54924,2487
2026-03-06 06:00:00,0.54923,0.54928,0.54856,0.54861,1960
2026-03-06 07:00:00,0.5486,0.54933,0.54852,0.54895,2765
2026-03-06 08:00:00,0.54894,0.54956,0.54894,0.54936,2846
2026-03-06 09:00:00,0.54938,0.5498,0.54898,0.54898,2989
2026-03-06 10:00:00,0.54898,0.54945,0.54849,0.54906,4055
2026-03-06 11:00:00,0.54907,0.54907,0.54721,0.54736,5672
2026-03-06 12:00:00,0.54736,0.54794,0.54716,0.54782,4468
2026-03-06 13:00:00,0.54782,0.54819,0.5467,0.54687,4780
2026-03-06 14:00:00,0.54688,0.54779,0.54664,0.5477,5089
2026-03-06 15:00:00,0.5477,0.54831,0.54573,0.54593,7802
2026-03-06 16:00:00,0.5459,0.54661,0.54446,0.54486,9439
2026-03-06 17:00:00,0.54486,0.54705,0.54485,0.546,9219
2026-03-06 18:00:00,0.546,0.54651,0.5457,0.54609,7396
2026-03-06 19:00:00,0.54609,0.54617,0.54494,0.54501,6402
2026-03-06 20:00:00,0.545,0.54567,0.54494,0.54538,6056
2026-03-06 21:00:00,0.54541,0.54593,0.54518,0.54592,4868
2026-03-06 22:00:00,0.54593,0.54604,0.54522,0.54554,5119
2026-03-06 23:00:00,0.54553,0.54569,0.54495,0.5451,2540
2026-03-09 00:00:00,0.5438,0.54458,0.54301,0.54396,1251
2026-03-09 01:00:00,0.54392,0.54481,0.54355,0.5444,5941
2026-03-09 02:00:00,0.54439,0.54503,0.5439,0.54437,4745
2026-03-09 03:00:00,0.54436,0.5448,0.54381,0.54433,5576
2026-03-09 04:00:00,0.54433,0.54535,0.5442,0.54507,6617
2026-03-09 05:00:00,0.54507,0.54665,0.54502,0.54659,6532
2026-03-09 06:00:00,0.54657,0.54678,0.54572,0.54617,5152
2026-03-09 07:00:00,0.54616,0.54655,0.54561,0.54584,3585
2026-03-09 08:00:00,0.54583,0.54701,0.54545,0.54612,6374
2026-03-09 09:00:00,0.54611,0.54679,0.54587,0.54595,5536
2026-03-09 10:00:00,0.54594,0.54672,0.54502,0.54541,5969
2026-03-09 11:00:00,0.54542,0.54572,0.54408,0.54565,7278
2026-03-09 12:00:00,0.54564,0.54739,0.54514,0.54672,7117
2026-03-09 13:00:00,0.5467,0.547,0.54597,0.54628,6532
2026-03-09 14:00:00,0.54629,0.54687,0.54615,0.54637,5228
2026-03-09 15:00:00,0.54637,0.54691,0.54616,0.54654,5405
2026-03-09 16:00:00,0.54653,0.54753,0.54653,0.54732,7901
2026-03-09 17:00:00,0.54731,0.54852,0.54711,0.54801,9103
2026-03-09 18:00:00,0.548,0.54881,0.54766,0.54853,6371
2026-03-09 19:00:00,0.54855,0.54936,0.54813,0.54918,5123
2026-03-09 20:00:00,0.54919,0.54919,0.54843,0.54854,4263
2026-03-09 21:00:00,0.54853,0.54949,0.54848,0.54944,4039
2026-03-09 22:00:00,0.54944,0.55065,0.54935,0.55008,7382
2026-03-09 23:00:00,0.55007,0.55026,0.54957,0.55006,3124
2026-03-10 00:00:00,0.54957,0.55049,0.5493,0.54976,722
2026-03-10 01:00:00,0.54978,0.55026,0.5496,0.54974,2548
2026-03-10 02:00:00,0.54973,0.55022,0.54953,0.54982,2559
2026-03-10 03:00:00,0.54983,0.54994,0.54922,0.54938,4637
2026-03-10 04:00:00,0.54936,0.54984,0.54905,0.54968,5414
2026-03-10 05:00:00,0.54969,0.54993,0.54865,0.54883,4027
2026-03-10 06:00:00,0.54884,0.54936,0.54879,0.54916,3686
2026-03-10 07:00:00,0.54917,0.5495,0.54902,0.54932,2947
2026-03-10 08:00:00,0.54932,0.55025,0.54893,0.55022,3472
2026-03-10 09:00:00,0.55025,0.5515,0.54999,0.55113,3389
2026-03-10 10:00:00,0.55117,0.55243,0.55104,0.55167,4824
2026-03-10 11:00:00,0.5517,0.55186,0.55066,0.55074,5295
2026-03-10 12:00:00,0.55072,0.55175,0.55068,0.55156,4390
2026-03-10 13:00:00,0.55154,0.55263,0.55136,0.55201,4739
2026-03-10 14:00:00,0.55199,0.55262,0.55149,0.55248,5192
2026-03-10 15:00:00,0.55247,0.55271,0.55184,0.55199,5945
2026-03-10 16:00:00,0.55199,0.55227,0.55155,0.55212,7073
2026-03-10 17:00:00,0.55213,0.55414,0.55186,0.55398,6469
2026-03-10 18:00:00,0.55399,0.55477,0.55381,0.55425,5431
2026-03-10 19:00:00,0.55426,0.55489,0.55378,0.55455,4200
2026-03-10 20:00:00,0.55454,0.55599,0.55451,0.55585,5092
2026-03-10 21:00:00,0.55584,0.55594,0.55461,0.55498,7456
2026-03-10 22:00:00,0.55499,0.55513,0.55421,0.55431,5993
2026-03-10 23:00:00,0.55431,0.55456,0.55408,0.55419,1827
2026-03-11 00:00:00,0.55354,0.55431,0.5523,0.55316,908
2026-03-11 01:00:00,0.55316,0.55418,0.55296,0.55406,1410
2026-03-11 02:00:00,0.55407,0.55442,0.55401,0.55429,1412
2026-03-11 03:00:00,0.55431,0.55529,0.55422,0.55503,3597
2026-03-11 04:00:00,0.55504,0.55631,0.55499,0.55606,3816
2026-03-11 05:00:00,0.55605,0.55761,0.55567,0.55686,3086
2026-03-11 06:00:00,0.55685,0.55759,0.55667,0.55751,2471
2026-03-11 07:00:00,0.5575,0.55822,0.55738,0.558,2183
2026-03-11 08:00:00,0.558,0.55809,0.5569,0.55749,2663
2026-03-11 09:00:00,0.5575,0.55768,0.55697,0.55743,2766
2026-03-11 10:00:00,0.55741,0.558,0.55633,0.55715,4488
2026-03-11 11:00:00,0.55716,0.55818,0.55658,0.55689,5037
2026-03-11 12:00:00,0.55688,0.55723,0.55579,0.55638,4830
2026-03-11 13:00:00,0.55636,0.55768,0.55636,0.55739,3945
2026-03-11 14:00:00,0.55742,0.55827,0.55727,0.55752,4420
2026-03-11 15:00:00,0.55753,0.55761,0.55668,0.55693,6055
2026-03-11 16:00:00,0.55692,0.55828,0.55687,0.55825,6708
2026-03-11 17:00:00,0.55825,0.5594,0.5581,0.55927,8031
2026-03-11 18:00:00,0.55927,0.55953,0.55784,0.55802,6082
2026-03-11 19:00:00,0.558,0.55822,0.55758,0.55767,4924
2026-03-11 20:00:00,0.55767,0.5578,0.55691,0.55694,4995
2026-03-11 21:00:00,0.55694,0.55771,0.55668,0.5575,4437
2026-03-11 22:00:00,0.55749,0.55796,0.55717,0.55796,2965
2026-03-11 23:00:00,0.55795,0.55822,0.55775,0.55812,1299
2026-03-12 00:00:00,0.5567,0.55788,0.5541,0.55715,816
2026-03-12 01:00:00,0.5572,0.55763,0.55686,0.55726,2602
2026-03-12 02:00:00,0.55727,0.55761,0.55703,0.55726,3142
2026-03-12 03:00:00,0.55727,0.55821,0.557,0.55819,4202
2026-03-12 04:00:00,0.5582,0.55911,0.55787,0.55852,4139
2026-03-12 05:00:00,0.55852,0.55883,0.5576,0.55793,3633
2026-03-12 06:00:00,0.55792,0.5581,0.55748,0.5581,2824
2026-03-12 07:00:00,0.55809,0.55811,0.55708,0.55716,2095
2026-03-12 08:00:00,0.55717,0.55768,0.55658,0.55682,3872
2026-03-12 09:00:00,0.55682,0.55713,0.55583,0.55685,3475
2026-03-12 10:00:00,0.55685,0.55805,0.55652,0.55777,3467
2026-03-12 11:00:00,0.55776,0.5586,0.55759,0.5579,4446
2026-03-12 12:00:00,0.55791,0.55793,0.55648,0.55699,4265
2026-03-12 13:00:00,0.55698,0.55748,0.55646,0.55702,3775
2026-03-12 14:00:00,0.55701,0.55789,0.55687,0.5574,3160
2026-03-12 15:00:00,0.5574,0.55783,0.55707,0.55764,4355
2026-03-12 16:00:00,0.55765,0.55783,0.55533,0.55542,6893
2026-03-12 17:00:00,0.55543,0.55637,0.5551,0.55576,7150
2026-03-12 18:00:00,0.55576,0.55623,0.55474,0.55601,7509
2026-03-12 19:00:00,0.556,0.5565,0.55538,0.55594,6387
2026-03-12 20:00:00,0.55595,0.55621,0.55552,0.55573,5012
2026-03-12 21:00:00,0.55573,0.55621,0.55568,0.55613,4071
2026-03-12 22:00:00,0.55612,0.55645,0.55596,0.55618,3690
2026-03-12 23:00:00,0.55617,0.55655,0.55606,0.55617,1527
2026-03-13 00:00:00,0.55494,0.55567,0.55494,0.55518,521
2026-03-13 01:00:00,0.55513,0.55628,0.55511,0.55612,1916
2026-03-13 02:00:00,0.55611,0.55624,0.5556,0.55576,1823
2026-03-13 03:00:00,0.55573,0.55641,0.55516,0.55612,3219
2026-03-13 04:00:00,0.55614,0.55671,0.55607,0.55643,3285
2026-03-13 05:00:00,0.55642,0.55695,0.5561,0.55642,2879
2026-03-13 06:00:00,0.55643,0.5567,0.55542,0.5561,2639
2026-03-13 07:00:00,0.55612,0.55627,0.55563,0.55565,2301
2026-03-13 08:00:00,0.55566,0.55592,0.55531,0.55591,2714
2026-03-13 09:00:00,0.55589,0.55589,0.55427,0.55439,3688
2026-03-13 10:00:00,0.55439,0.55455,0.5535,0.55407,4562
2026-03-13 11:00:00,0.55406,0.555,0.55358,0.5549,5387
2026-03-13 12:00:00,0.55487,0.55538,0.5541,0.55466,4511
2026-03-13 13:00:00,0.55465,0.55509,0.55454,0.55473,4324
2026-03-13 14:00:00,0.55471,0.55501,0.55406,0.5548,4690
2026-03-13 15:00:00,0.55481,0.55531,0.55435,0.55531,5555
2026-03-13 16:00:00,0.55531,0.55537,0.55369,0.55451,6186
2026-03-13 17:00:00,0.55453,0.55514,0.55377,0.55401,7282
2026-03-13 18:00:00,0.55402,0.55433,0.55295,0.55297,6722
2026-03-13 19:00:00,0.55296,0.55359,0.55267,0.55324,5800
2026-03-13 20:00:00,0.55325,0.55363,0.5529,0.55303,4895
2026-03-13 21:00:00,0.55305,0.55371,0.55299,0.55358,3881
2026-03-13 22:00:00,0.55357,0.55363,0.553,0.55304,3272
2026-03-13 23:00:00,0.55303,0.55311,0.55215,0.55222,2013
2026-03-16 00:00:00,0.55158,0.55261,0.54948,0.55211,941
2026-03-16 01:00:00,0.55238,0.55314,0.55226,0.55268,2989
2026-03-16 02:00:00,0.55269,0.55351,0.55268,0.55331,3164
2026-03-16 03:00:00,0.55329,0.55401,0.55319,0.55352,3818
2026-03-16 04:00:00,0.55353,0.55379,0.55272,0.5536,4244
2026-03-16 05:00:00,0.55359,0.55363,0.55295,0.55296,3399
2026-03-16 06:00:00,0.55299,0.55343,0.55295,0.55325,2397
2026-03-16 07:00:00,0.55324,0.55354,0.553,0.55354,1888
2026-03-16 08:00:00,0.55353,0.55464,0.55338,0.5543,2592
2026-03-16 09:00:00,0.5543,0.55516,0.55428,0.55503,2734
2026-03-16 10:00:00,0.55505,0.55553,0.55492,0.55499,3469
2026-03-16 11:00:00,0.55498,0.55523,0.55384,0.55437,4663
2026-03-16 12:00:00,0.55437,0.55453,0.55397,0.55444,4005
2026-03-16 13:00:00,0.55443,0.55562,0.55427,0.5556,3785
2026-03-16 14:00:00,0.55558,0.5558,0.55499,0.55526,3061
2026-03-16 15:00:00,0.55528,0.55571,0.55512,0.55539,3913
2026-03-16 16:00:00,0.55539,0.55661,0.55534,0.55651,4672
2026-03-16 17:00:00,0.55649,0.55708,0.55611,0.55666,5303
2026-03-16 18:00:00,0.55667,0.55672,0.55617,0.5564,4580
2026-03-16 19:00:00,0.55639,0.55657,0.55558,0.55572,4374
2026-03-16 20:00:00,0.55575,0.55621,0.55569,0.55617,4058
2026-03-16 21:00:00,0.55618,0.55686,0.55614,0.5568,3208
2026-03-16 22:00:00,0.55679,0.55707,0.55648,0.55701,3424
2026-03-16 23:00:00,0.557,0.55711,0.5568,0.55693,1122
2026-03-17 00:00:00,0.55548,0.55689,0.55548,0.55646,561
2026-03-17 01:00:00,0.55646,0.55689,0.5563,0.55673,1258
2026-03-17 02:00:00,0.55671,0.55707,0.55663,0.55694,1081
2026-03-17 03:00:00,0.55694,0.55714,0.55655,0.55672,2394
2026-03-17 04:00:00,0.55675,0.55848,0.55669,0.55847,3009
2026-03-17 05:00:00,0.55848,0.55894,0.55805,0.55805,1962
2026-03-17 06:00:00,0.55807,0.55895,0.55556,0.55721,3317
2026-03-17 07:00:00,0.5572,0.55794,0.55662,0.55743,2291
2026-03-17 08:00:00,0.55743,0.55886,0.5574,0.55774,2923
2026-03-17 09:00:00,0.55774,0.55803,0.5573,0.55782,3853
2026-03-17 10:00:00,0.55781,0.55782,0.55638,0.55667,3230
2026-03-17 11:00:00,0.55666,0.55743,0.55625,0.55737,4184
2026-03-17 12:00:00,0.55738,0.55787,0.55718,0.55771,3477
2026-03-17 13:00:00,0.5577,0.55787,0.55696,0.55743,3126
2026-03-17 14:00:00,0.55742,0.5576,0.55713,0.55747,2854
2026-03-17 15:00:00,0.55747,0.55854,0.55735,0.55824,3694
2026-03-17 16:00:00,0.55824,0.5595,0.55807,0.55929,5207
2026-03-17 17:00:00,0.55929,0.55929,0.558,0.55829,5306
2026-03-17 18:00:00,0.55828,0.5583,0.55684,0.55774,5437
2026-03-17 19:00:00,0.55775,0.5582,0.55743,0.55749,4351
2026-03-17 20:00:00,0.5575,0.55819,0.55748,0.55813,2903
2026-03-17 21:00:00,0.55814,0.55818,0.55741,0.55754,2421
2026-03-17 22:00:00,0.55753,0.55774,0.55732,0.55773,1807
2026-03-17 23:00:00,0.55774,0.55782,0.55739,0.55747,832
2026-03-18 00:00:00,0.55656,0.55755,0.55642,0.55688,966
2026-03-18 01:00:00,0.55677,0.55785,0.55676,0.55779,1218
2026-03-18 02:00:00,0.55779,0.558,0.55757,0.55793,1413
2026-03-18 03:00:00,0.55794,0.55822,0.55763,0.55802,2766
2026-03-18 04:00:00,0.55803,0.55894,0.55803,0.55873,2337
2026-03-18 05:00:00,0.55872,0.55877,0.55767,0.55778,1919
2026-03-18 06:00:00,0.55777,0.55849,0.55764,0.55847,1479
2026-03-18 07:00:00,0.5585,0.55887,0.55812,0.55864,1454
2026-03-18 08:00:00,0.55865,0.55903,0.55841,0.55885,1961
2026-03-18 09:00:00,0.55884,0.55923,0.55871,0.55919,2084
2026-03-18 10:00:00,0.55917,0.55949,0.55891,0.55933,2303
2026-03-18 11:00:00,0.55935,0.55949,0.55867,0.5588,3221
2026-03-18 12:00:00,0.55882,0.55933,0.55872,0.55905,2846
2026-03-18 13:00:00,0.55906,0.55913,0.55825,0.55828,2315
2026-03-18 14:00:00,0.55827,0.55854,0.55759,0.55778,4095
2026-03-18 15:00:00,0.55777,0.55783,0.55586,0.55622,6441
2026-03-18 16:00:00,0.55625,0.55699,0.55603,0.55685,7092
2026-03-18 17:00:00,0.55685,0.55805,0.5567,0.55803,6286
2026-03-18 18:00:00,0.55805,0.55857,0.55791,0.55844,4718
2026-03-18 19:00:00,0.55844,0.55897,0.55829,0.55893,3694
2026-03-18 20:00:00,0.55893,0.55964,0.55869,0.55925,3305
2026-03-18 21:00:00,0.55839,0.55998,0.55805,0.55859,6276
2026-03-18 22:00:00,0.55858,0.55871,0.55747,0.55779,4389
2026-03-18 23:00:00,0.55778,0.55782,0.55683,0.55704,2264
2026-03-19 00:00:00,0.55662,0.55723,0.55635,0.55677,1074
2026-03-19 01:00:00,0.55688,0.55731,0.5567,0.55688,1949
2026-03-19 02:00:00,0.55687,0.55722,0.55667,0.55718,1762
2026-03-19 03:00:00,0.55717,0.55795,0.55667,0.55789,3622
2026-03-19 04:00:00,0.55788,0.55809,0.55732,0.55759,3822
2026-03-19 05:00:00,0.55759,0.55816,0.55708,0.55769,3772
2026-03-19 06:00:00,0.5577,0.55838,0.55767,0.55807,2095
2026-03-19 07:00:00,0.55806,0.55814,0.55772,0.55778,2046
2026-03-19 08:00:00,0.55778,0.5581,0.55737,0.55756,2499
2026-03-19 09:00:00,0.55755,0.55806,0.55718,0.55747,3428
2026-03-19 10:00:00,0.55746,0.55778,0.55623,0.55646,5014
2026-03-19 11:00:00,0.55647,0.55838,0.55641,0.55765,5940
2026-03-19 12:00:00,0.55765,0.5613,0.55765,0.56012,7257
2026-03-19 13:00:00,0.5601,0.56104,0.55944,0.56084,4791
2026-03-19 14:00:00,0.56085,0.56094,0.55931,0.55961,4130
2026-03-19 15:00:00,0.5596,0.5596,0.55681,0.55717,6973
2026-03-19 16:00:00,0.55717,0.55767,0.55561,0.55756,9077
2026-03-19 17:00:00,0.55756,0.55869,0.557,0.55782,8801
2026-03-19 18:00:00,0.55783,0.55836,0.5563,0.55744,7469
2026-03-19 19:00:00,0.55742,0.55881,0.55731,0.558,6744
2026-03-19 20:00:00,0.55799,0.55806,0.55694,0.55774,5029
2026-03-19 21:00:00,0.55772,0.55832,0.5575,0.55819,3974
2026-03-19 22:00:00,0.55815,0.55927,0.55797,0.55842,7823
2026-03-19 23:00:00,0.55843,0.5586,0.55821,0.55851,1872
2026-03-20 00:00:00,0.5578,0.5588,0.5578,0.55849,671
2026-03-20 01:00:00,0.5585,0.55889,0.55793,0.55861,1694
2026-03-20 02:00:00,0.5586,0.55914,0.55843,0.55853,1840
2026-03-20 03:00:00,0.55853,0.55877,0.55787,0.55852,2863
2026-03-20 04:00:00,0.5585,0.5592,0.55839,0.55869,3915
2026-03-20 05:00:00,0.55871,0.55921,0.55852,0.55912,2597
2026-03-20 06:00:00,0.55912,0.55933,0.5587,0.55893,2257
2026-03-20 07:00:00,0.55893,0.55947,0.55862,0.55943,1766
2026-03-20 08:00:00,0.55944,0.55993,0.55914,0.55928,2542
2026-03-20 09:00:00,0.55929,0.55965,0.55861,0.55901,2643
2026-03-20 10:00:00,0.55902,0.56004,0.55879,0.5594,3616
2026-03-20 11:00:00,0.5594,0.55961,0.55846,0.5589,4291
2026-03-20 12:00:00,0.55892,0.55892,0.55667,0.55697,4828
2026-03-20 13:00:00,0.55697,0.55719,0.55612,0.55677,5380
2026-03-20 14:00:00,0.55676,0.55749,0.5566,0.55701,4031
2026-03-20 15:00:00,0.55701,0.55715,0.55607,0.55629,5074
2026-03-20 16:00:00,0.55628,0.55661,0.55534,0.55554,6317
2026-03-20 17:00:00,0.55553,0.55608,0.55491,0.55531,7356
2026-03-20 18:00:00,0.55533,0.55606,0.55476,0.55482,6804
2026-03-20 19:00:00,0.55482,0.55514,0.55429,0.55465,5330
2026-03-20 20:00:00,0.55466,0.55493,0.55421,0.55469,5411
2026-03-20 21:00:00,0.5547,0.55471,0.55285,0.5529,5444
2026-03-20 22:00:00,0.55289,0.55324,0.55256,0.55308,4709
2026-03-20 23:00:00,0.55309,0.55359,0.55273,0.55308,2299
2026-03-23 00:00:00,0.55066,0.55125,0.55042,0.55101,853
2026-03-23 01:00:00,0.55083,0.5518,0.55076,0.55152,3134
2026-03-23 02:00:00,0.55153,0.5524,0.55152,0.55216,3504
2026-03-23 03:00:00,0.55219,0.55252,0.55132,0.5518,5988
2026-03-23 04:00:00,0.55179,0.55241,0.55087,0.55139,7022
2026-03-23 05:00:00,0.5514,0.55176,0.55063,0.55086,5028
2026-03-23 06:00:00,0.55088,0.55124,0.55055,0.55092,3947
2026-03-23 07:00:00,0.55094,0.5511,0.55055,0.55061,3001
2026-03-23 08:00:00,0.55062,0.55083,0.54963,0.54993,3725
2026-03-23 09:00:00,0.54994,0.55,0.5493,0.5494,5327
2026-03-23 10:00:00,0.54942,0.54955,0.54869,0.54893,5866
2026-03-23 11:00:00,0.54892,0.55112,0.54868,0.55111,6910
2026-03-23 12:00:00,0.55109,0.55154,0.55025,0.55045,6110
2026-03-23 13:00:00,0.55048,0.5507,0.54827,0.54949,5812
2026-03-23 14:00:00,0.5495,0.55559,0.5495,0.55155,13097
2026-03-23 15:00:00,0.55156,0.55312,0.55088,0.55217,11267
2026-03-23 16:00:00,0.55219,0.55311,0.55139,0.55309,10473
2026-03-23 17:00:00,0.55309,0.55387,0.55251,0.55336,9305
2026-03-23 18:00:00,0.55335,0.55358,0.55028,0.55085,8819
2026-03-23 19:00:00,0.55084,0.55169,0.55016,0.55148,8067
2026-03-23 20:00:00,0.55149,0.5525,0.55139,0.55196,6244
2026-03-23 21:00:00,0.55197,0.55198,0.55103,0.55151,5760
2026-03-23 22:00:00,0.5515,0.55165,0.551,0.5512,4070
2026-03-23 23:00:00,0.55115,0.55139,0.55096,0.5512,1571
2026-03-24 00:00:00,0.55092,0.55139,0.54993,0.54993,785
2026-03-24 01:00:00,0.54993,0.55238,0.54993,0.55179,1870
2026-03-24 02:00:00,0.55181,0.55182,0.55103,0.55127,2210
2026-03-24 03:00:00,0.55126,0.55126,0.54933,0.5507,5721
2026-03-24 04:00:00,0.55074,0.55101,0.54936,0.54946,6433
2026-03-24 05:00:00,0.54947,0.54992,0.54894,0.54932,5527
2026-03-24 06:00:00,0.54931,0.54986,0.54899,0.54933,3530
2026-03-24 07:00:00,0.54933,0.54952,0.54896,0.54938,3156
2026-03-24 08:00:00,0.54939,0.54947,0.5485,0.54921,4539
2026-03-24 09:00:00,0.54922,0.55066,0.54911,0.55055,4479
2026-03-24 10:00:00,0.55058,0.55184,0.54922,0.54946,6194
2026-03-24 11:00:00,0.54945,0.54975,0.54785,0.54804,6778
2026-03-24 12:00:00,0.54805,0.54853,0.54743,0.54841,5296
2026-03-24 13:00:00,0.54843,0.54942,0.54801,0.5493,4719
2026-03-24 14:00:00,0.54931,0.54959,0.54825,0.54883,4991
2026-03-24 15:00:00,0.54885,0.54908,0.54818,0.54897,5303
2026-03-24 16:00:00,0.54897,0.5505,0.54876,0.5505,7832
2026-03-24 17:00:00,0.55051,0.55175,0.55018,0.55064,8264
2026-03-24 18:00:00,0.55065,0.55149,0.55043,0.55114,7574
2026-03-24 19:00:00,0.55114,0.55142,0.55054,0.55102,5151
2026-03-24 20:00:00,0.55101,0.55108,0.5494,0.55011,6770
2026-03-24 21:00:00,0.55012,0.55126,0.55005,0.5509,5473
2026-03-24 22:00:00,0.5509,0.55126,0.5505,0.55061,3489
2026-03-24 23:00:00,0.55063,0.55204,0.55043,0.55136,5372
2026-03-25 00:00:00,0.55114,0.55114,0.55012,0.55039,1052
2026-03-25 01:00:00,0.55079,0.55153,0.55065,0.55146,2090
2026-03-25 02:00:00,0.55145,0.55159,0.55101,0.55119,2059
2026-03-25 03:00:00,0.55118,0.55158,0.54997,0.55081,4415
2026-03-25 04:00:00,0.55078,0.55108,0.55018,0.55029,4947
2026-03-25 05:00:00,0.5503,0.55074,0.54983,0.55031,3490
2026-03-25 06:00:00,0.55032,0.5507,0.55006,0.55065,2795
2026-03-25 07:00:00,0.55064,0.55092,0.5505,0.55053,2077
2026-03-25 08:00:00,0.55053,0.55088,0.55041,0.55062,2956
2026-03-25 09:00:00,0.55061,0.55084,0.55026,0.55052,2845
2026-03-25 10:00:00,0.55053,0.55068,0.55018,0.55031,3808
2026-03-25 11:00:00,0.5503,0.55129,0.55026,0.55089,5450
2026-03-25 12:00:00,0.55088,0.5514,0.55019,0.55046,4305
2026-03-25 13:00:00,0.55048,0.55059,0.54952,0.54971,4062
2026-03-25 14:00:00,0.54968,0.5501,0.5492,0.54947,3514
2026-03-25 15:00:00,0.54948,0.54986,0.54891,0.54948,5849
2026-03-25 16:00:00,0.54949,0.55075,0.54943,0.54993,6074
2026-03-25 17:00:00,0.54992,0.55083,0.54974,0.55064,6675
2026-03-25 18:00:00,0.55066,0.55114,0.55008,0.55113,6036
2026-03-25 19:00:00,0.55111,0.55119,0.55075,0.55096,4896
2026-03-25 20:00:00,0.55095,0.55114,0.55063,0.55069,3826
2026-03-25 21:00:00,0.55068,0.55089,0.55011,0.55039,3529
2026-03-25 22:00:00,0.55037,0.55038,0.54985,0.55005,3038
2026-03-25 23:00:00,0.55004,0.5503,0.54983,0.54986,1004
2026-03-26 00:00:00,0.54957,0.55028,0.5494,0.54972,749
2026-03-26 01:00:00,0.54965,0.55016,0.5493,0.54981,1350
2026-03-26 02:00:00,0.54982,0.54983,0.54928,0.54953,1383
2026-03-26 03:00:00,0.54952,0.54989,0.54933,0.54938,2714
2026-03-26 04:00:00,0.54938,0.54986,0.54928,0.54978,3357
2026-03-26 05:00:00,0.54977,0.54987,0.54917,0.54948,2686
2026-03-26 06:00:00,0.54949,0.55034,0.54949,0.55025,2261
2026-03-26 07:00:00,0.55026,0.55067,0.55002,0.55044,1646
2026-03-26 08:00:00,0.55046,0.55059,0.55003,0.5504,2537
2026-03-26 09:00:00,0.55039,0.55071,0.55019,0.55056,3214
2026-03-26 10:00:00,0.55056,0.55075,0.54976,0.5498,3481
2026-03-26 11:00:00,0.54977,0.55004,0.54917,0.5495,4337
2026-03-26 12:00:00,0.54951,0.54972,0.54899,0.54935,4112
2026-03-26 13:00:00,0.54935,0.54944,0.54879,0.54905,3255
2026-03-26 14:00:00,0.54902,0.54917,0.54829,0.54833,3108
2026-03-26 15:00:00,0.54829,0.54879,0.54742,0.54752,3909
2026-03-26 16:00:00,0.54753,0.54933,0.54751,0.54923,5615
2026-03-26 17:00:00,0.54923,0.54942,0.54786,0.54829,6842
2026-03-26 18:00:00,0.54829,0.54898,0.54805,0.54839,5733
2026-03-26 19:00:00,0.54839,0.54852,0.54779,0.54803,3952
2026-03-26 20:00:00,0.54801,0.54826,0.54731,0.54733,3214
2026-03-26 21:00:00,0.54732,0.54803,0.54732,0.54796,3129
2026-03-26 22:00:00,0.54798,0.54798,0.54709,0.54716,2692
2026-03-26 23:00:00,0.54715,0.54885,0.54711,0.54749,4082
2026-03-27 00:00:00,0.5472,0.54814,0.54604,0.54664,1779
2026-03-27 01:00:00,0.54678,0.54762,0.54672,0.5476,1572
2026-03-27 02:00:00,0.54758,0.54781,0.54721,0.54727,1498
2026-03-27 03:00:00,0.54723,0.54756,0.54647,0.54656,3703
2026-03-27 04:00:00,0.54655,0.5474,0.54633,0.54738,3728
2026-03-27 05:00:00,0.54739,0.54818,0.54737,0.54796,2641
2026-03-27 06:00:00,0.54795,0.5493,0.54791,0.54925,2341
2026-03-27 07:00:00,0.54925,0.54964,0.54895,0.54952,1918
2026-03-27 08:00:00,0.54952,0.5496,0.54856,0.54865,3147
2026-03-27 09:00:00,0.54863,0.54933,0.54842,0.54912,2621
2026-03-27 10:00:00,0.54911,0.54931,0.54837,0.5489,3436
2026-03-27 11:00:00,0.54886,0.54953,0.5483,0.54927,4177
2026-03-27 12:00:00,0.54928,0.54983,0.54885,0.5496,4022
2026-03-27 13:00:00,0.54959,0.55005,0.54921,0.54972,3588
2026-03-27 14:00:00,0.54971,0.54995,0.54926,0.54927,3294
2026-03-27 15:00:00,0.54928,0.54948,0.54875,0.54884,3723
2026-03-27 16:00:00,0.54883,0.5489,0.54756,0.54813,5610
2026-03-27 17:00:00,0.54814,0.54886,0.54807,0.54881,5878
2026-03-27 18:00:00,0.54881,0.54973,0.54874,0.54895,6061
2026-03-27 19:00:00,0.54895,0.54906,0.54786,0.54849,4353
2026-03-27 20:00:00,0.5485,0.54901,0.54763,0.54793,3862
2026-03-27 21:00:00,0.54791,0.5488,0.54791,0.54878,3230
2026-03-27 22:00:00,0.54877,0.54904,0.54864,0.54889,2733
2026-03-27 23:00:00,0.54887,0.54966,0.54863,0.54875,2221
2026-03-30 00:00:00,0.54595,0.54814,0.54481,0.54754,1293
2026-03-30 01:00:00,0.54759,0.54844,0.54738,0.54785,2640
2026-03-30 02:00:00,0.54785,0.54821,0.54762,0.54788,3097
2026-03-30 03:00:00,0.54789,0.54794,0.54685,0.54726,5493
2026-03-30 04:00:00,0.54727,0.54781,0.54707,0.54735,4532
2026-03-30 05:00:00,0.54736,0.54802,0.54732,0.54762,3363
2026-03-30 06:00:00,0.54762,0.54869,0.54756,0.54862,2534
2026-03-30 07:00:00,0.54861,0.54867,0.54826,0.54837,1861
2026-03-30 08:00:00,0.54837,0.5488,0.54825,0.54849,2655
2026-03-30 09:00:00,0.54844,0.54865,0.54801,0.54803,2949
2026-03-30 10:00:00,0.54802,0.54864,0.54764,0.5479,3309
2026-03-30 11:00:00,0.54791,0.5488,0.54777,0.54834,3141
2026-03-30 12:00:00,0.54833,0.54848,0.54793,0.54826,3063
2026-03-30 13:00:00,0.54825,0.54861,0.548,0.54808,2593
2026-03-30 14:00:00,0.54809,0.54865,0.5478,0.54861,4123
2026-03-30 15:00:00,0.54863,0.54926,0.54858,0.54883,3505
2026-03-30 16:00:00,0.54883,0.54896,0.5474,0.54758,5127
2026-03-30 17:00:00,0.54757,0.54841,0.54702,0.54832,6409
2026-03-30 18:00:00,0.54832,0.54875,0.54782,0.54857,5192
2026-03-30 19:00:00,0.54857,0.54863,0.54811,0.54851,3531
2026-03-30 20:00:00,0.54852,0.54889,0.54839,0.5486,3486
2026-03-30 21:00:00,0.54861,0.54864,0.54776,0.54802,3110
2026-03-30 22:00:00,0.54802,0.54805,0.54729,0.5478,2847
2026-03-30 23:00:00,0.54778,0.5478,0.54755,0.5478,1196
2026-03-31 00:00:00,0.54715,0.54746,0.5457,0.54706,978
2026-03-31 01:00:00,0.54703,0.54814,0.54703,0.54807,1119
2026-03-31 02:00:00,0.54802,0.54804,0.54739,0.54752,1549
2026-03-31 03:00:00,0.54752,0.54849,0.54681,0.54772,5294
2026-03-31 04:00:00,0.54771,0.54855,0.54747,0.5482,5762
2026-03-31 05:00:00,0.5482,0.54836,0.5475,0.54751,3738
2026-03-31 06:00:00,0.5475,0.54764,0.54681,0.54702,2828
2026-03-31 07:00:00,0.54703,0.54731,0.54656,0.54658,2183
2026-03-31 08:00:00,0.54657,0.54758,0.54624,0.54741,2852
2026-03-31 09:00:00,0.5474,0.54801,0.54696,0.54797,3539
2026-03-31 10:00:00,0.54799,0.54935,0.54723,0.54921,3969
2026-03-31 11:00:00,0.5492,0.54939,0.5482,0.54878,3598
2026-03-31 12:00:00,0.54879,0.54917,0.54861,0.5487,3355
2026-03-31 13:00:00,0.54873,0.5489,0.54846,0.54876,3024
2026-03-31 14:00:00,0.54878,0.55037,0.54868,0.55026,4963
2026-03-31 15:00:00,0.55028,0.55078,0.5498,0.55018,5477
2026-03-31 16:00:00,0.55021,0.55097,0.54974,0.55051,4905
2026-03-31 17:00:00,0.55053,0.55067,0.54903,0.55046,6822
2026-03-31 18:00:00,0.55041,0.55156,0.54983,0.55009,6782
2026-03-31 19:00:00,0.55007,0.55241,0.55006,0.55153,6591
2026-03-31 20:00:00,0.55154,0.55216,0.55107,0.55119,7166
2026-03-31 21:00:00,0.55119,0.55177,0.55116,0.55145,4362
2026-03-31 22:00:00,0.55147,0.55189,0.55142,0.55164,3253
2026-03-31 23:00:00,0.55163,0.55181,0.55128,0.55151,1566
2026-04-01 00:00:00,0.55109,0.55213,0.5507,0.55103,889
2026-04-01 01:00:00,0.55104,0.55167,0.55095,0.55159,1387
2026-04-01 02:00:00,0.55158,0.55203,0.55146,0.55199,1377
2026-04-01 03:00:00,0.55197,0.55243,0.55173,0.55194,3274
2026-04-01 04:00:00,0.55197,0.55249,0.55144,0.55183,4039
2026-04-01 05:00:00,0.55182,0.55205,0.55115,0.55117,2589
2026-04-01 06:00:00,0.55116,0.55131,0.55057,0.55104,2232
2026-04-01 07:00:00,0.55105,0.5511,0.55051,0.55054,1865
2026-04-01 08:00:00,0.55053,0.55109,0.55005,0.55016,2751
2026-04-01 09:00:00,0.55016,0.5518,0.55001,0.55177,5005
2026-04-01 10:00:00,0.55177,0.55185,0.55011,0.55037,5461
2026-04-01 11:00:00,0.55038,0.5514,0.55012,0.55081,4980
2026-04-01 12:00:00,0.55085,0.55102,0.5502,0.55048,4268
2026-04-01 13:00:00,0.55048,0.55088,0.55007,0.55016,3741
2026-04-01 14:00:00,0.55016,0.5513,0.55004,0.55058,2948
2026-04-01 15:00:00,0.55058,0.55073,0.54948,0.54966,5236
2026-04-01 16:00:00,0.54965,0.55081,0.54941,0.55034,6674
2026-04-01 17:00:00,0.5502,0.55124,0.54982,0.55037,7104
2026-04-01 18:00:00,0.55038,0.55092,0.55019,0.55078,4802
2026-04-01 19:00:00,0.55075,0.55092,0.55025,0.55026,3250
2026-04-01 20:00:00,0.55029,0.55059,0.5499,0.54993,2863
2026-04-01 21:00:00,0.54993,0.54993,0.54917,0.5496,4204
2026-04-01 22:00:00,0.54959,0.55037,0.54951,0.55012,3280
2026-04-01 23:00:00,0.55012,0.55033,0.55007,0.55027,882
2026-04-02 00:00:00,0.54998,0.55053,0.54867,0.54965,484
2026-04-02 01:00:00,0.5496,0.55031,0.54956,0.54983,1209
2026-04-02 02:00:00,0.54984,0.54995,0.54951,0.54969,1202
2026-04-02 03:00:00,0.54968,0.54999,0.54936,0.54966,3838
2026-04-02 04:00:00,0.54968,0.55027,0.54789,0.54841,9214
2026-04-02 05:00:00,0.54841,0.54938,0.54841,0.54913,4897
2026-04-02 06:00:00,0.54911,0.5494,0.54901,0.54933,3207
2026-04-02 07:00:00,0.54934,0.54935,0.5487,0.54924,2678
2026-04-02 08:00:00,0.54925,0.54961,0.54884,0.54896,3106
2026-04-02 09:00:00,0.54898,0.54987,0.54866,0.549,4130
2026-04-02 10:00:00,0.54901,0.5503,0.5489,0.54999,3997
2026-04-02 11:00:00,0.55003,0.55008,0.54942,0.54964,3566
2026-04-02 12:00:00,0.54964,0.54985,0.54917,0.54984,3168
2026-04-02 13:00:00,0.54984,0.55002,0.54938,0.5495,3404
2026-04-02 14:00:00,0.54951,0.54964,0.54909,0.54915,3065
2026-04-02 15:00:00,0.54914,0.55037,0.54892,0.54986,4037
2026-04-02 16:00:00,0.54986,0.55164,0.5496,0.55131,5879
2026-04-02 17:00:00,0.55132,0.55231,0.55088,0.55215,7209
2026-04-02 18:00:00,0.55216,0.55218,0.5513,0.55168,6520
2026-04-02 19:00:00,0.55168,0.55208,0.55136,0.55179,4404
2026-04-02 20:00:00,0.55177,0.55188,0.55146,0.55155,3055
2026-04-02 21:00:00,0.55156,0.55196,0.55156,0.55173,2796
2026-04-02 22:00:00,0.55175,0.55189,0.55154,0.55181,2226
2026-04-02 23:00:00,0.55182,0.552,0.5517,0.55185,985
2026-04-03 00:00:00,0.55043,0.55125,0.54926,0.55039,1897
2026-04-03 01:00:00,0.55064,0.55207,0.55064,0.55198,504
2026-04-03 02:00:00,0.55198,0.55207,0.55191,0.55193,330
2026-04-03 03:00:00,0.55196,0.55223,0.55195,0.55213,1254
2026-04-03 04:00:00,0.55214,0.55218,0.55195,0.55196,1045
2026-04-03 05:00:00,0.55196,0.55199,0.55153,0.55171,896
2026-04-03 06:00:00,0.55172,0.55179,0.55157,0.55159,555
2026-04-03 07:00:00,0.55158,0.55171,0.55146,0.55162,636
2026-04-03 08:00:00,0.55161,0.55166,0.55144,0.55158,716
2026-04-03 09:00:00,0.55158,0.55176,0.55142,0.55161,923
2026-04-03 10:00:00,0.55161,0.55167,0.55111,0.55115,1193
2026-04-03 11:00:00,0.55115,0.55133,0.55101,0.55129,881
2026-04-03 12:00:00,0.55126,0.55132,0.55104,0.55115,1081
2026-04-03 13:00:00,0.55114,0.55125,0.55095,0.55123,1093
2026-04-03 14:00:00,0.5512,0.55151,0.55108,0.55142,1081
2026-04-03 15:00:00,0.55143,0.55253,0.55108,0.55145,2851
2026-04-03 16:00:00,0.55146,0.55166,0.55118,0.5513,1340
2026-04-03 17:00:00,0.55131,0.55146,0.5511,0.55123,1003
2026-04-03 18:00:00,0.55124,0.55184,0.55026,0.55147,4998
2026-04-03 19:00:00,0.55152,0.55184,0.55135,0.5518,3199
2026-04-03 20:00:00,0.55184,0.55206,0.55149,0.55175,3816
2026-04-03 21:00:00,0.55184,0.55188,0.55149,0.55171,1660
2026-04-03 22:00:00,0.55169,0.55202,0.55124,0.55147,1567
2026-04-03 23:00:00,0.55132,0.55213,0.54973,0.55008,1246
2026-04-06 00:00:00,0.55034,0.55039,0.54953,0.54984,742
2026-04-06 01:00:00,0.55015,0.55159,0.55008,0.55132,3021
2026-04-06 02:00:00,0.55137,0.55163,0.55122,0.55159,2085
2026-04-06 03:00:00,0.55159,0.55244,0.55155,0.55243,2994
2026-04-06 04:00:00,0.55246,0.5529,0.55227,0.55277,2258
2026-04-06 05:00:00,0.55276,0.55373,0.55275,0.55292,3272
2026-04-06 06:00:00,0.55292,0.55293,0.55261,0.55273,2554
2026-04-06 07:00:00,0.55273,0.5531,0.55268,0.55306,1795
2026-04-06 08:00:00,0.55305,0.55312,0.55278,0.5528,1832
2026-04-06 09:00:00,0.55284,0.55298,0.55266,0.55279,2656
2026-04-06 10:00:00,0.55278,0.55318,0.55209,0.55215,3251
2026-04-06 11:00:00,0.55214,0.55272,0.55214,0.5526,3460
2026-04-06 12:00:00,0.5526,0.55302,0.55248,0.55249,2938
2026-04-06 13:00:00,0.55248,0.55294,0.55244,0.55254,2829
2026-04-06 14:00:00,0.55253,0.55306,0.5525,0.55284,2719
2026-04-06 15:00:00,0.55285,0.55305,0.55221,0.55224,2728
2026-04-06 16:00:00,0.55221,0.5526,0.55213,0.55227,4225
2026-04-06 17:00:00,0.55206,0.55259,0.55139,0.55222,5963
2026-04-06 18:00:00,0.55221,0.5523,0.55173,0.55192,4489
2026-04-06 19:00:00,0.55193,0.55205,0.55168,0.55186,2462
2026-04-06 20:00:00,0.55186,0.55203,0.55148,0.55202,3450
2026-04-06 21:00:00,0.55203,0.55221,0.55184,0.55214,2992
2026-04-06 22:00:00,0.55215,0.55229,0.55203,0.55221,1419
2026-04-06 23:00:00,0.55223,0.55225,0.55201,0.55204,778
2026-04-07 00:00:00,0.55135,0.55183,0.55111,0.55138,553
2026-04-07 01:00:00,0.55154,0.55228,0.55138,0.5518,1114
2026-04-07 02:00:00,0.55179,0.55205,0.55178,0.55199,914
2026-04-07 03:00:00,0.55199,0.55277,0.55188,0.55213,3001
2026-04-07 04:00:00,0.55212,0.55251,0.55163,0.55206,3936
2026-04-07 05:00:00,0.55206,0.55251,0.55181,0.55231,2498
2026-04-07 06:00:00,0.5523,0.55261,0.55228,0.55243,1839
2026-04-07 07:00:00,0.55245,0.55276,0.55223,0.5524,2076
2026-04-07 08:00:00,0.55241,0.55242,0.55203,0.55229,2375
2026-04-07 09:00:00,0.5523,0.55288,0.5523,0.55273,3226
2026-04-07 10:00:00,0.55275,0.55314,0.55235,0.5531,3486
2026-04-07 11:00:00,0.55307,0.5544,0.55246,0.55425,5205
2026-04-07 12:00:00,0.55423,0.55445,0.55392,0.5542,3481
2026-04-07 13:00:00,0.55419,0.55438,0.55373,0.554,5395
2026-04-07 14:00:00,0.55399,0.55455,0.55398,0.55443,3343
2026-04-07 15:00:00,0.55443,0.55504,0.55422,0.55473,4338
2026-04-07 16:00:00,0.55474,0.55511,0.55435,0.55438,5283
2026-04-07 17:00:00,0.55438,0.55566,0.55425,0.55501,6099
2026-04-07 18:00:00,0.55502,0.55551,0.55476,0.55521,5390
2026-04-07 19:00:00,0.55522,0.55568,0.55492,0.55517,4001
2026-04-07 20:00:00,0.55516,0.55572,0.55505,0.55558,3515
2026-04-07 21:00:00,0.55557,0.55564,0.55515,0.55521,2732
2026-04-07 22:00:00,0.5552,0.55617,0.55515,0.55615,4883
2026-04-07 23:00:00,0.55613,0.55644,0.556,0.55642,2355
2026-04-08 00:00:00,0.55531,0.55671,0.55492,0.55543,1851
2026-04-08 01:00:00,0.55582,0.5594,0.55574,0.55875,6109
2026-04-08 02:00:00,0.55886,0.56041,0.55864,0.55929,6217
2026-04-08 03:00:00,0.5593,0.5598,0.55785,0.55808,6400
2026-04-08 04:00:00,0.55807,0.55875,0.55782,0.55825,5208
2026-04-08 05:00:00,0.55824,0.55845,0.55727,0.55741,3741
2026-04-08 06:00:00,0.55742,0.55747,0.55663,0.55736,3175
2026-04-08 07:00:00,0.55735,0.55815,0.55726,0.55794,3171
2026-04-08 08:00:00,0.55795,0.55829,0.55749,0.5577,3846
2026-04-08 09:00:00,0.5577,0.55782,0.55653,0.55723,4950
2026-04-08 10:00:00,0.55722,0.55751,0.55604,0.55607,5058
2026-04-08 11:00:00,0.55603,0.55605,0.55478,0.55564,4581
2026-04-08 12:00:00,0.55565,0.55605,0.55483,0.555,3864
2026-04-08 13:00:00,0.555,0.55553,0.55489,0.55493,3325
2026-04-08 14:00:00,0.55491,0.55622,0.55476,0.55611,4048
2026-04-08 15:00:00,0.55612,0.55689,0.55582,0.55677,5438
2026-04-08 16:00:00,0.55676,0.55722,0.55626,0.5568,5978
2026-04-08 17:00:00,0.55678,0.5571,0.55569,0.55656,6871
2026-04-08 18:00:00,0.55656,0.55772,0.55636,0.55762,5161
2026-04-08 19:00:00,0.55762,0.55785,0.55724,0.55773,3798
2026-04-08 20:00:00,0.55774,0.55782,0.55717,0.55756,3356
2026-04-08 21:00:00,0.55756,0.55777,0.55706,0.55712,4476
2026-04-08 22:00:00,0.55711,0.55798,0.557,0.55792,3764
2026-04-08 23:00:00,0.55792,0.55803,0.55728,0.55728,1289
2026-04-09 00:00:00,0.55668,0.5575,0.55626,0.55707,774
2026-04-09 01:00:00,0.55705,0.55749,0.55682,0.55746,1173
2026-04-09 02:00:00,0.55746,0.5575,0.55704,0.55704,1209
2026-04-09 03:00:00,0.55705,0.55717,0.55662,0.55702,3308
2026-04-09 04:00:00,0.55701,0.5571,0.5564,0.55665,3508
2026-04-09 05:00:00,0.55667,0.55697,0.55644,0.55675,2576
2026-04-09 06:00:00,0.55674,0.55711,0.55662,0.55701,2127
2026-04-09 07:00:00,0.55703,0.55709,0.55685,0.55693,1688
2026-04-09 08:00:00,0.55694,0.55734,0.55681,0.55689,2244
2026-04-09 09:00:00,0.55687,0.55722,0.55675,0.55708,3337
2026-04-09 10:00:00,0.55709,0.55718,0.55585,0.55593,3618
2026-04-09 11:00:00,0.55593,0.55612,0.55561,0.55579,3185
2026-04-09 12:00:00,0.5558,0.55651,0.55565,0.55627,2672
2026-04-09 13:00:00,0.55628,0.5566,0.5562,0.55648,2707
2026-04-09 14:00:00,0.55649,0.55691,0.55633,0.55685,2641
2026-04-09 15:00:00,0.55685,0.55689,0.55629,0.55657,3395
2026-04-09 16:00:00,0.55655,0.55706,0.55627,0.55661,4192
2026-04-09 17:00:00,0.55657,0.55813,0.55653,0.55802,5224
2026-04-09 18:00:00,0.55803,0.55896,0.55773,0.55892,5616
2026-04-09 19:00:00,0.55892,0.55916,0.55857,0.55864,4207
2026-04-09 20:00:00,0.55865,0.5593,0.55854,0.55924,3646
2026-04-09 21:00:00,0.55925,0.55951,0.55886,0.55946,3747
2026-04-09 22:00:00,0.55947,0.56003,0.55943,0.56,2675
2026-04-09 23:00:00,0.56001,0.5601,0.55985,0.55987,1182
2026-04-10 00:00:00,0.55804,0.55969,0.55804,0.55867,651
2026-04-10 01:00:00,0.55864,0.55989,0.55864,0.5597,1598
2026-04-10 02:00:00,0.55972,0.5598,0.55952,0.55952,998
2026-04-10 03:00:00,0.55954,0.55979,0.55941,0.55977,2441
2026-04-10 04:00:00,0.55978,0.55985,0.55929,0.55932,2310
2026-04-10 05:00:00,0.55931,0.55952,0.55886,0.5589,2102
2026-04-10 06:00:00,0.5589,0.559,0.5586,0.55867,1488
2026-04-10 07:00:00,0.55866,0.55877,0.55832,0.5585,1571
2026-04-10 08:00:00,0.55851,0.55882,0.55838,0.55878,1636
2026-04-10 09:00:00,0.55877,0.55883,0.55783,0.55811,2310
2026-04-10 10:00:00,0.55808,0.55812,0.55753,0.55766,2733
2026-04-10 11:00:00,0.55765,0.55798,0.55746,0.55767,2651
2026-04-10 12:00:00,0.55766,0.55835,0.55737,0.55819,3517
2026-04-10 13:00:00,0.55818,0.55832,0.55754,0.5578,2575
2026-04-10 14:00:00,0.55781,0.558,0.55762,0.55777,2311
2026-04-10 15:00:00,0.5578,0.55829,0.55714,0.55775,3973
2026-04-10 16:00:00,0.55775,0.55797,0.55672,0.55697,4544
2026-04-10 17:00:00,0.55699,0.5594,0.55647,0.5588,5464
2026-04-10 18:00:00,0.55881,0.55883,0.55806,0.5585,4321
2026-04-10 19:00:00,0.5585,0.55863,0.55804,0.5582,3695
2026-04-10 20:00:00,0.55819,0.55858,0.55815,0.55849,2655
2026-04-10 21:00:00,0.55848,0.55848,0.55817,0.5583,2818
2026-04-10 22:00:00,0.55828,0.55851,0.55822,0.55839,2092
2026-04-10 23:00:00,0.55841,0.55857,0.55762,0.55769,1729
2026-04-13 00:00:00,0.55177,0.55418,0.55152,0.55377,562
2026-04-13 01:00:00,0.5537,0.55682,0.55343,0.55655,3742
2026-04-13 02:00:00,0.55655,0.5566,0.5561,0.55634,2197
2026-04-13 03:00:00,0.55633,0.5574,0.55616,0.55737,3380
2026-04-13 04:00:00,0.55736,0.55778,0.55694,0.55719,3369
2026-04-13 05:00:00,0.5572,0.55737,0.55686,0.5572,2222
2026-04-13 06:00:00,0.55721,0.55735,0.55691,0.55723,2000
2026-04-13 07:00:00,0.55723,0.55759,0.55713,0.5573,1742
2026-04-13 08:00:00,0.5573,0.55772,0.55724,0.55749,2206
2026-04-13 09:00:00,0.55748,0.55781,0.55722,0.55722,2739
2026-04-13 10:00:00,0.55721,0.5575,0.55703,0.55742,3100
2026-04-13 11:00:00,0.55743,0.55756,0.55721,0.55736,2765
2026-04-13 12:00:00,0.55735,0.55742,0.55677,0.55695,2136
2026-04-13 13:00:00,0.55695,0.55706,0.55677,0.55689,1972
2026-04-13 14:00:00,0.55692,0.55709,0.5562,0.55645,2857
2026-04-13 15:00:00,0.55644,0.55647,0.55559,0.55613,3651
2026-04-13 16:00:00,0.55613,0.55693,0.55607,0.55673,4480
2026-04-13 17:00:00,0.55675,0.55699,0.55608,0.55633,4744
2026-04-13 18:00:00,0.55632,0.55648,0.55585,0.55616,3975
2026-04-13 19:00:00,0.55616,0.55658,0.55571,0.55644,4756
2026-04-13 20:00:00,0.55644,0.55669,0.55626,0.55668,2953
2026-04-13 21:00:00,0.55667,0.55669,0.55594,0.55594,2865
2026-04-13 22:00:00,0.55594,0.55625,0.55588,0.55617,2527
2026-04-13 23:00:00,0.55616,0.55632,0.55612,0.55612,1196
2026-04-14 00:00:00,0.55541,0.55584,0.55474,0.55532,426
2026-04-14 01:00:00,0.55535,0.5564,0.55522,0.5563,1211
2026-04-14 02:00:00,0.55631,0.55635,0.55582,0.55596,1320
2026-04-14 03:00:00,0.55593,0.55599,0.55496,0.55513,2643
2026-04-14 04:00:00,0.55514,0.55526,0.55458,0.55463,2566
2026-04-14 05:00:00,0.55463,0.55517,0.55455,0.55492,2014
2026-04-14 06:00:00,0.55493,0.55534,0.55469,0.55471,1762
2026-04-14 07:00:00,0.55472,0.55518,0.55471,0.55505,1585
2026-04-14 08:00:00,0.55508,0.55508,0.55455,0.55461,2251
2026-04-14 09:00:00,0.5546,0.55507,0.55444,0.5548,2550
2026-04-14 10:00:00,0.55477,0.55493,0.55371,0.55433,4406
2026-04-14 11:00:00,0.55434,0.55502,0.5542,0.5545,3213
2026-04-14 12:00:00,0.55451,0.5553,0.55434,0.55523,2611
2026-04-14 13:00:00,0.55522,0.55595,0.55521,0.55582,2779
2026-04-14 14:00:00,0.55581,0.5562,0.55573,0.55605,2698
2026-04-14 15:00:00,0.55606,0.55657,0.55552,0.55653,3995
2026-04-14 16:00:00,0.55654,0.55714,0.55647,0.55707,4213
2026-04-14 17:00:00,0.55708,0.55717,0.55653,0.55683,4681
2026-04-14 18:00:00,0.55683,0.5572,0.55658,0.55686,4322
2026-04-14 19:00:00,0.55686,0.55698,0.55663,0.55684,2815
2026-04-14 20:00:00,0.55685,0.55706,0.55668,0.55691,2450
2026-04-14 21:00:00,0.55689,0.55692,0.55646,0.55664,2856
2026-04-14 22:00:00,0.55664,0.55685,0.55662,0.55675,1973
2026-04-14 23:00:00,0.55674,0.55679,0.55645,0.55649,1156
2026-04-15 00:00:00,0.55569,0.5563,0.55458,0.55615,489
2026-04-15 01:00:00,0.55619,0.55669,0.55589,0.55666,1354
2026-04-15 02:00:00,0.55668,0.55688,0.55653,0.55668,1501
2026-04-15 03:00:00,0.55666,0.5569,0.55637,0.55647,2454
2026-04-15 04:00:00,0.55646,0.55693,0.5563,0.55681,2792
2026-04-15 05:00:00,0.55682,0.55736,0.55678,0.55729,2200
2026-04-15 06:00:00,0.55728,0.5573,0.55703,0.5571,1618
2026-04-15 07:00:00,0.5571,0.55734,0.55705,0.55723,1265
2026-04-15 08:00:00,0.55723,0.55784,0.55722,0.5574,2522
2026-04-15 09:00:00,0.55744,0.55781,0.55742,0.55755,2584
2026-04-15 10:00:00,0.55754,0.55817,0.55751,0.55786,3041
2026-04-15 11:00:00,0.55787,0.55792,0.55727,0.55777,2730
2026-04-15 12:00:00,0.55776,0.55833,0.55771,0.55833,3359
2026-04-15 13:00:00,0.55834,0.55858,0.5579,0.55849,3509
2026-04-15 14:00:00,0.55849,0.55886,0.55836,0.55872,2932
2026-04-15 15:00:00,0.5587,0.55874,0.55825,0.55851,3544
2026-04-15 16:00:00,0.5585,0.55876,0.55825,0.55868,4026
2026-04-15 17:00:00,0.55869,0.5594,0.55847,0.55924,4313
2026-04-15 18:00:00,0.55922,0.55969,0.55909,0.55953,3842
2026-04-15 19:00:00,0.55954,0.56017,0.55947,0.56013,3269
2026-04-15 20:00:00,0.56014,0.56052,0.55994,0.56037,2597
2026-04-15 21:00:00,0.56036,0.56079,0.5603,0.56075,2748
2026-04-15 22:00:00,0.56076,0.56084,0.56064,0.56074,1889
2026-04-15 23:00:00,0.56072,0.56074,0.56054,0.56065,1136
2026-04-16 00:00:00,0.5599,0.56067,0.55954,0.56025,1237
2026-04-16 01:00:00,0.56015,0.56075,0.56006,0.56055,1147
2026-04-16 02:00:00,0.56054,0.56064,0.56034,0.5606,1156
2026-04-16 03:00:00,0.56058,0.5606,0.56019,0.56043,2395
2026-04-16 04:00:00,0.56044,0.56082,0.55982,0.56071,2931
2026-04-16 05:00:00,0.56071,0.56143,0.56057,0.56105,2677
2026-04-16 06:00:00,0.56104,0.56143,0.56078,0.56127,2729
2026-04-16 07:00:00,0.56128,0.56156,0.56116,0.56126,1959
2026-04-16 08:00:00,0.56125,0.56158,0.56101,0.56148,2316
2026-04-16 09:00:00,0.56148,0.56157,0.56086,0.56121,2887
2026-04-16 10:00:00,0.5612,0.56197,0.56115,0.56172,3358
2026-04-16 11:00:00,0.56171,0.56176,0.56102,0.56127,3209
2026-04-16 12:00:00,0.56128,0.56188,0.56125,0.56183,2334
2026-04-16 13:00:00,0.56185,0.56205,0.56175,0.56178,2266
2026-04-16 14:00:00,0.56173,0.56205,0.56165,0.56184,2555
2026-04-16 15:00:00,0.56184,0.56209,0.56146,0.56189,3088
2026-04-16 16:00:00,0.5619,0.56206,0.56123,0.56164,4341
2026-04-16 17:00:00,0.56162,0.5621,0.56105,0.56139,5000
2026-04-16 18:00:00,0.5614,0.56211,0.56138,0.56157,4237
2026-04-16 19:00:00,0.56157,0.56181,0.56096,0.56123,4002
2026-04-16 20:00:00,0.56122,0.56143,0.5608,0.5613,3766
2026-04-16 21:00:00,0.5613,0.56137,0.56065,0.56079,3718
2026-04-16 22:00:00,0.56077,0.56097,0.56055,0.56092,2396
2026-04-16 23:00:00,0.56091,0.56111,0.56082,0.56101,1311
2026-04-17 00:00:00,0.56079,0.56115,0.55987,0.56022,536
2026-04-17 01:00:00,0.56026,0.56106,0.56023,0.56102,1027
2026-04-17 02:00:00,0.56101,0.56108,0.56061,0.56065,1016
2026-04-17 03:00:00,0.56062,0.56107,0.56036,0.56083,2507
2026-04-17 04:00:00,0.56083,0.5612,0.56079,0.56095,2468
2026-04-17 05:00:00,0.56095,0.56132,0.56093,0.56119,1678
2026-04-17 06:00:00,0.56118,0.5613,0.56108,0.5612,1505
2026-04-17 07:00:00,0.56119,0.56154,0.56111,0.56147,1460
2026-04-17 08:00:00,0.56146,0.56168,0.56131,0.56159,1943
2026-04-17 09:00:00,0.56157,0.56157,0.56116,0.56142,2532
2026-04-17 10:00:00,0.56141,0.56165,0.56111,0.56161,2723
2026-04-17 11:00:00,0.56163,0.56186,0.56149,0.56154,2411
2026-04-17 12:00:00,0.56155,0.56175,0.56082,0.56112,2417
2026-04-17 13:00:00,0.56111,0.5614,0.56096,0.5611,2011
2026-04-17 14:00:00,0.56109,0.56138,0.56086,0.56126,1993
2026-04-17 15:00:00,0.56127,0.56215,0.56114,0.56187,4993
2026-04-17 16:00:00,0.56185,0.56226,0.56114,0.56139,7789
2026-04-17 17:00:00,0.56139,0.5615,0.56039,0.56081,6158
2026-04-17 18:00:00,0.5608,0.56086,0.55992,0.56048,5888
2026-04-17 19:00:00,0.56047,0.56054,0.56009,0.56023,3378
2026-04-17 20:00:00,0.56024,0.56038,0.55997,0.56013,4214
2026-04-17 21:00:00,0.56014,0.56021,0.55975,0.55992,3798
2026-04-17 22:00:00,0.55994,0.5603,0.55989,0.56024,2891
2026-04-17 23:00:00,0.56023,0.56039,0.55984,0.56004,1836
2026-04-20 00:00:00,0.55624,0.55735,0.55584,0.5564,690
2026-04-20 01:00:00,0.5564,0.55959,0.5564,0.55948,2882
2026-04-20 02:00:00,0.55951,0.55954,0.5589,0.55914,2416
2026-04-20 03:00:00,0.55914,0.55954,0.55883,0.55951,3923
2026-04-20 04:00:00,0.5595,0.55983,0.5593,0.55935,3281
2026-04-20 05:00:00,0.55935,0.55994,0.55918,0.55984,2328
2026-04-20 06:00:00,0.55984,0.56,0.55954,0.5596,2131
2026-04-20 07:00:00,0.55961,0.55998,0.55949,0.55989,2014
2026-04-20 08:00:00,0.55988,0.55998,0.55944,0.55968,2849
2026-04-20 09:00:00,0.55968,0.5598,0.55917,0.5596,3540
2026-04-20 10:00:00,0.55961,0.55992,0.55891,0.55912,4268
2026-04-20 11:00:00,0.55914,0.55922,0.55892,0.55904,3980
2026-04-20 12:00:00,0.55903,0.55925,0.55897,0.55924,3306
2026-04-20 13:00:00,0.55922,0.55939,0.55888,0.55899,2687
2026-04-20 14:00:00,0.55898,0.5595,0.55859,0.55939,2930
2026-04-20 15:00:00,0.55939,0.55948,0.55883,0.55898,3276
2026-04-20 16:00:00,0.55897,0.5591,0.55858,0.55902,4487
2026-04-20 17:00:00,0.55902,0.55917,0.55745,0.55755,5514
2026-04-20 18:00:00,0.55757,0.55825,0.55748,0.55825,5015
2026-04-20 19:00:00,0.55822,0.55834,0.55806,0.55813,3354
2026-04-20 20:00:00,0.55814,0.55851,0.55806,0.55845,2611
2026-04-20 21:00:00,0.55843,0.55877,0.55835,0.55874,2784
2026-04-20 22:00:00,0.55873,0.55881,0.55852,0.55881,1955
2026-04-20 23:00:00,0.55881,0.55883,0.55859,0.55867,1381
2026-04-21 00:00:00,0.55836,0.55876,0.55739,0.55815,592
2026-04-21 01:00:00,0.55802,0.55876,0.55802,0.55875,1589
2026-04-21 02:00:00,0.55875,0.5588,0.55842,0.55848,1171
2026-04-21 03:00:00,0.55849,0.55876,0.55831,0.55854,3021
2026-04-21 04:00:00,0.55856,0.5591,0.55841,0.55872,2565
2026-04-21 05:00:00,0.55872,0.5589,0.55856,0.55866,1955
2026-04-21 06:00:00,0.55867,0.55871,0.55837,0.55848,1795
2026-04-21 07:00:00,0.55848,0.55857,0.55835,0.55844,1139
2026-04-21 08:00:00,0.55845,0.55859,0.55797,0.55804,1997
2026-04-21 09:00:00,0.55802,0.55818,0.55773,0.55787,2611
2026-04-21 10:00:00,0.55787,0.55815,0.5575,0.55759,3474
2026-04-21 11:00:00,0.55756,0.55844,0.55738,0.55832,3763
2026-04-21 12:00:00,0.55833,0.55839,0.55759,0.55763,2521
2026-04-21 13:00:00,0.55762,0.55832,0.5576,0.55825,2181
2026-04-21 14:00:00,0.55825,0.55851,0.558,0.5583,2544
2026-04-21 15:00:00,0.55831,0.55855,0.55795,0.55854,3616
2026-04-21 16:00:00,0.55855,0.55902,0.55837,0.55898,3975
2026-04-21 17:00:00,0.559,0.55947,0.55867,0.55868,4747
2026-04-21 18:00:00,0.55869,0.55902,0.55838,0.55872,5367
2026-04-21 19:00:00,0.55872,0.55893,0.55829,0.55829,3812
2026-04-21 20:00:00,0.5583,0.55852,0.55784,0.55846,5617
2026-04-21 21:00:00,0.55848,0.55861,0.55823,0.55839,4595
2026-04-21 22:00:00,0.55841,0.55871,0.55772,0.55802,5597
2026-04-21 23:00:00,0.55801,0.55904,0.55798,0.5585,3471
2026-04-22 00:00:00,0.55736,0.55864,0.55711,0.55821,656
2026-04-22 01:00:00,0.55833,0.55868,0.55813,0.55849,1203
2026-04-22 02:00:00,0.5585,0.55865,0.55841,0.55851,1191
2026-04-22 03:00:00,0.55853,0.55901,0.55834,0.55892,2951
2026-04-22 04:00:00,0.55891,0.55903,0.55862,0.55873,2904
2026-04-22 05:00:00,0.55873,0.55899,0.5586,0.55862,2275
2026-04-22 06:00:00,0.55863,0.55891,0.5585,0.55859,2090
2026-04-22 07:00:00,0.55858,0.5589,0.55856,0.55874,1895
2026-04-22 08:00:00,0.55873,0.55929,0.55868,0.55901,2971
2026-04-22 09:00:00,0.55903,0.55946,0.55875,0.5591,2646
2026-04-22 10:00:00,0.55909,0.55912,0.55846,0.55899,3127
2026-04-22 11:00:00,0.55898,0.55912,0.55869,0.55886,3316
2026-04-22 12:00:00,0.55885,0.55962,0.5587,0.55938,2916
2026-04-22 13:00:00,0.55938,0.5594,0.55904,0.55922,2754
2026-04-22 14:00:00,0.55923,0.55954,0.55908,0.5592,2792
2026-04-22 15:00:00,0.5592,0.55989,0.55909,0.55969,3273
2026-04-22 16:00:00,0.55971,0.56052,0.55942,0.56042,4683
2026-04-22 17:00:00,0.56043,0.56082,0.5601,0.56061,4569
2026-04-22 18:00:00,0.56063,0.56102,0.56047,0.56102,3830
2026-04-22 19:00:00,0.56102,0.56116,0.56069,0.56107,3354
2026-04-22 20:00:00,0.56106,0.56158,0.56101,0.56151,3142
2026-04-22 21:00:00,0.56152,0.56158,0.56136,0.56147,2550
2026-04-22 22:00:00,0.56147,0.56187,0.56133,0.56177,2400
2026-04-22 23:00:00,0.56178,0.56198,0.56165,0.56192,1553
2026-04-23 00:00:00,0.56159,0.56159,0.55989,0.56101,434
2026-04-23 01:00:00,0.56107,0.56168,0.56107,0.56155,1005
2026-04-23 02:00:00,0.56155,0.56174,0.56149,0.56167,970
2026-04-23 03:00:00,0.56164,0.56191,0.56075,0.56163,5324
2026-04-23 04:00:00,0.56163,0.56163,0.56092,0.56139,3385
2026-04-23 05:00:00,0.56139,0.56158,0.56106,0.56122,3819
2026-04-23 06:00:00,0.56122,0.5613,0.5607,0.56094,3437
2026-04-23 07:00:00,0.56093,0.56143,0.56079,0.5614,2210
2026-04-23 08:00:00,0.56141,0.56163,0.56126,0.56151,2226
2026-04-23 09:00:00,0.56153,0.5616,0.56088,0.56101,2510
2026-04-23 10:00:00,0.561,0.56156,0.56074,0.56153,3213
2026-04-23 11:00:00,0.56154,0.56156,0.56083,0.56084,3471
2026-04-23 12:00:00,0.56085,0.56116,0.56067,0.56107,3391
2026-04-23 13:00:00,0.56106,0.56115,0.56014,0.56044,3129
2026-04-23 14:00:00,0.56046,0.56101,0.56037,0.56082,3333
2026-04-23 15:00:00,0.56082,0.56132,0.56068,0.56119,4635
2026-04-23 16:00:00,0.56119,0.56188,0.56084,0.56131,4431
2026-04-23 17:00:00,0.56131,0.56159,0.56086,0.56098,4944
2026-04-23 18:00:00,0.56098,0.56124,0.56086,0.56109,4622
2026-04-23 19:00:00,0.56109,0.56148,0.56105,0.56129,3214
2026-04-23 20:00:00,0.56131,0.56146,0.55976,0.56104,7419
2026-04-23 21:00:00,0.56107,0.56134,0.56072,0.56081,5247
2026-04-23 22:00:00,0.56081,0.56084,0.56045,0.56075,3744
2026-04-23 23:00:00,0.56074,0.56083,0.56021,0.56044,1844
2026-04-24 00:00:00,0.55956,0.56022,0.5589,0.56006,483
2026-04-24 01:00:00,0.56003,0.56079,0.56003,0.56078,1077
2026-04-24 02:00:00,0.5608,0.56088,0.56044,0.56046,999
2026-04-24 03:00:00,0.56044,0.56084,0.56037,0.56071,2827
2026-04-24 04:00:00,0.56072,0.5609,0.5604,0.56061,3337
2026-04-24 05:00:00,0.56062,0.56062,0.56016,0.56024,2827
2026-04-24 06:00:00,0.56025,0.56038,0.56,0.56016,2636
2026-04-24 07:00:00,0.56017,0.56064,0.56012,0.56063,2138
2026-04-24 08:00:00,0.56064,0.56078,0.56039,0.56062,2367
2026-04-24 09:00:00,0.5606,0.56095,0.56034,0.56084,2561
2026-04-24 10:00:00,0.56085,0.56128,0.56066,0.56103,2433
2026-04-24 11:00:00,0.56104,0.56122,0.56044,0.56058,3365
2026-04-24 12:00:00,0.56057,0.56107,0.56047,0.56099,2783
2026-04-24 13:00:00,0.561,0.5611,0.56052,0.56059,2148
2026-04-24 14:00:00,0.56061,0.56156,0.56045,0.56094,4688
2026-04-24 15:00:00,0.56094,0.56121,0.56054,0.56085,3844
2026-04-24 16:00:00,0.56086,0.5615,0.56064,0.56127,4541
2026-04-24 17:00:00,0.56126,0.56131,0.5607,0.56122,5331
2026-04-24 18:00:00,0.56123,0.56132,0.56088,0.56125,4712
2026-04-24 19:00:00,0.56126,0.56132,0.56084,0.5612,3270
2026-04-24 20:00:00,0.5612,0.56154,0.56118,0.56137,2631
2026-04-24 21:00:00,0.56136,0.56152,0.56126,0.56147,2193
2026-04-24 22:00:00,0.56146,0.56154,0.56124,0.56126,1850
2026-04-24 23:00:00,0.56125,0.5613,0.56088,0.56091,1301
2026-04-27 00:00:00,0.56052,0.56121,0.56014,0.56025,730
2026-04-27 01:00:00,0.56058,0.56174,0.5603,0.56172,1613
2026-04-27 02:00:00,0.56171,0.56187,0.56168,0.5617,1032
2026-04-27 03:00:00,0.56171,0.56233,0.56158,0.56233,2637
2026-04-27 04:00:00,0.56235,0.56279,0.56229,0.56267,3799
2026-04-27 05:00:00,0.56266,0.56306,0.56245,0.56284,2481
2026-04-27 06:00:00,0.56283,0.56296,0.56277,0.56286,2027
2026-04-27 07:00:00,0.56285,0.56288,0.56233,0.5625,1689
2026-04-27 08:00:00,0.56249,0.56256,0.56229,0.56252,2024
2026-04-27 09:00:00,0.56249,0.56279,0.56218,0.5624,2774
2026-04-27 10:00:00,0.56238,0.56329,0.56237,0.56316,2691
2026-04-27 11:00:00,0.56317,0.56342,0.56283,0.56319,3068
2026-04-27 12:00:00,0.56318,0.5635,0.56308,0.56343,2204
2026-04-27 13:00:00,0.56344,0.56367,0.56339,0.56356,2165
2026-04-27 14:00:00,0.56356,0.56392,0.56335,0.56383,2431
2026-04-27 15:00:00,0.56384,0.56396,0.56361,0.56382,3224
2026-04-27 16:00:00,0.56381,0.56396,0.56353,0.56391,4089
2026-04-27 17:00:00,0.56392,0.56411,0.56346,0.56404,4234
2026-04-27 18:00:00,0.56406,0.56431,0.56375,0.56418,3397
2026-04-27 19:00:00,0.56418,0.56463,0.56412,0.56461,2139
2026-04-27 20:00:00,0.5646,0.56485,0.56449,0.5647,2393
2026-04-27 21:00:00,0.56469,0.56475,0.56439,0.56447,2094
2026-04-27 22:00:00,0.56446,0.56459,0.56438,0.56454,1596
2026-04-27 23:00:00,0.56455,0.56466,0.56438,0.56441,848
2026-04-28 00:00:00,0.56334,0.56384,0.5629,0.56344,324
2026-04-28 01:00:00,0.56356,0.56447,0.56356,0.56436,1260
2026-04-28 02:00:00,0.56437,0.56467,0.56433,0.56465,853
2026-04-28 03:00:00,0.56465,0.56522,0.56449,0.56508,2856
2026-04-28 04:00:00,0.56506,0.56511,0.5645,0.56462,3135
2026-04-28 05:00:00,0.56461,0.56478,0.56433,0.56464,2562
2026-04-28 06:00:00,0.56465,0.56513,0.56456,0.56506,2667
2026-04-28 07:00:00,0.56507,0.56523,0.56489,0.56514,2082
2026-04-28 08:00:00,0.56513,0.56523,0.5648,0.56507,2784
2026-04-28 09:00:00,0.56507,0.56576,0.56485,0.56559,3509
2026-04-28 10:00:00,0.5656,0.56678,0.56537,0.56677,3910
2026-04-28 11:00:00,0.56675,0.56675,0.56571,0.56624,4058
2026-04-28 12:00:00,0.56623,0.56673,0.56566,0.56666,3615
2026-04-28 13:00:00,0.56666,0.56674,0.56551,0.56553,3238
2026-04-28 14:00:00,0.56553,0.56576,0.56517,0.56566,3985
2026-04-28 15:00:00,0.56568,0.56608,0.56553,0.56573,4815
2026-04-28 16:00:00,0.56572,0.56689,0.56561,0.56656,4959
2026-04-28 17:00:00,0.56655,0.56714,0.56572,0.56603,5976
2026-04-28 18:00:00,0.56602,0.5664,0.56587,0.56633,4537
2026-04-28 19:00:00,0.56634,0.56685,0.56624,0.56669,3600
2026-04-28 20:00:00,0.56668,0.56705,0.5666,0.56692,2631
2026-04-28 21:00:00,0.56691,0.5672,0.56685,0.56716,2181
2026-04-28 22:00:00,0.56714,0.56718,0.56681,0.56685,2001
2026-04-28 23:00:00,0.56684,0.56695,0.5667,0.56677,1071
2026-04-29 00:00:00,0.56586,0.56692,0.56568,0.56609,703
2026-04-29 01:00:00,0.56613,0.56684,0.56612,0.56671,662
2026-04-29 02:00:00,0.56672,0.567,0.56662,0.56698,780
2026-04-29 03:00:00,0.56699,0.56712,0.56675,0.56692,2546
2026-04-29 04:00:00,0.5669,0.5669,0.5654,0.56558,4545
2026-04-29 05:00:00,0.56562,0.56582,0.56472,0.56482,3525
2026-04-29 06:00:00,0.56483,0.56517,0.56474,0.56495,2490
2026-04-29 07:00:00,0.56496,0.56521,0.56486,0.56512,1793
2026-04-29 08:00:00,0.56513,0.56546,0.56509,0.5653,2280
2026-04-29 09:00:00,0.56529,0.56533,0.56468,0.5649,2966
2026-04-29 10:00:00,0.56488,0.56548,0.56465,0.56525,3360
2026-04-29 11:00:00,0.56525,0.56535,0.56475,0.56496,3863
2026-04-29 12:00:00,0.56496,0.56519,0.5647,0.56495,3148
2026-04-29 13:00:00,0.56494,0.56548,0.56483,0.56495,2519
2026-04-29 14:00:00,0.56496,0.56506,0.56462,0.56499,2709
2026-04-29 15:00:00,0.56498,0.56555,0.56474,0.56528,3354
2026-04-29 16:00:00,0.5653,0.5655,0.56387,0.56391,5126
2026-04-29 17:00:00,0.56392,0.56424,0.5635,0.56388,5213
2026-04-29 18:00:00,0.56388,0.56402,0.5628,0.56329,5039
2026-04-29 19:00:00,0.56328,0.56368,0.56322,0.56339,4117
2026-04-29 20:00:00,0.56339,0.56381,0.56316,0.56316,3329
2026-04-29 21:00:00,0.56319,0.56369,0.56258,0.56301,6166
2026-04-29 22:00:00,0.56301,0.56307,0.5626,0.56294,4131
2026-04-29 23:00:00,0.56292,0.56343,0.56284,0.56313,2852
2026-04-30 00:00:00,0.56171,0.56247,0.56138,0.56176,1210
2026-04-30 01:00:00,0.56208,0.56336,0.56208,0.56321,1725
2026-04-30 02:00:00,0.56321,0.56363,0.56318,0.56346,1580
2026-04-30 03:00:00,0.5635,0.56367,0.56314,0.56315,3820
2026-04-30 04:00:00,0.56313,0.56356,0.56285,0.56351,3603
2026-04-30 05:00:00,0.56351,0.56405,0.56338,0.56397,3642
2026-04-30 06:00:00,0.56396,0.56423,0.56384,0.56387,2863
2026-04-30 07:00:00,0.56388,0.56395,0.56349,0.5635,3523
2026-04-30 08:00:00,0.56349,0.56387,0.56315,0.56326,3106
2026-04-30 09:00:00,0.56326,0.5634,0.56281,0.56318,3898
2026-04-30 10:00:00,0.56321,0.56366,0.56312,0.56341,4105
2026-04-30 11:00:00,0.56341,0.56366,0.5628,0.56289,4724
2026-04-30 12:00:00,0.56293,0.56301,0.56225,0.56254,5031
2026-04-30 13:00:00,0.56254,0.56279,0.56202,0.56211,6084
2026-04-30 14:00:00,0.5621,0.56252,0.56145,0.56152,6274
2026-04-30 15:00:00,0.56152,0.56181,0.55996,0.56046,5617
2026-04-30 16:00:00,0.56045,0.56208,0.5603,0.56164,6200
2026-04-30 17:00:00,0.56166,0.56317,0.56125,0.56216,7506
2026-04-30 18:00:00,0.56218,0.56258,0.56109,0.56198,6014
2026-04-30 19:00:00,0.56197,0.56243,0.56161,0.56198,3768
2026-04-30 20:00:00,0.56197,0.56218,0.5617,0.56196,3501
2026-04-30 21:00:00,0.56197,0.56246,0.56197,0.56233,3053
2026-04-30 22:00:00,0.56234,0.56255,0.56212,0.56235,3073
2026-04-30 23:00:00,0.56234,0.5627,0.56224,0.56269,1799
2026-05-01 00:00:00,0.5614,0.56303,0.5614,0.56177,563
2026-05-01 01:00:00,0.56212,0.56284,0.56186,0.56258,1118
2026-05-01 02:00:00,0.56257,0.56304,0.56252,0.5628,1384
2026-05-01 03:00:00,0.56279,0.56294,0.56237,0.56278,3062
2026-05-01 04:00:00,0.56279,0.56295,0.56258,0.56282,2567
2026-05-01 05:00:00,0.5628,0.56288,0.56243,0.56255,2297
2026-05-01 06:00:00,0.56255,0.56274,0.56226,0.56234,1912
2026-05-01 07:00:00,0.56233,0.56249,0.5621,0.56241,1870
2026-05-01 08:00:00,0.56242,0.56288,0.56242,0.56264,1866
2026-05-01 09:00:00,0.56263,0.56295,0.5612,0.56185,3405
2026-05-01 10:00:00,0.56187,0.56277,0.56187,0.5625,4145
2026-05-01 11:00:00,0.56254,0.56258,0.56178,0.56181,3437
2026-05-01 12:00:00,0.56181,0.56213,0.56127,0.56147,2869
2026-05-01 13:00:00,0.56146,0.56171,0.56131,0.56134,2379
2026-05-01 14:00:00,0.56134,0.56175,0.5613,0.56164,2808
2026-05-01 15:00:00,0.56161,0.56201,0.56129,0.56188,4154
2026-05-01 16:00:00,0.56188,0.56266,0.56182,0.56229,4490
2026-05-01 17:00:00,0.56228,0.56264,0.56185,0.562,5852
2026-05-01 18:00:00,0.56201,0.5628,0.56198,0.5626,4621
2026-05-01 19:00:00,0.56261,0.56291,0.56251,0.56285,3626
2026-05-01 20:00:00,0.56284,0.5631,0.56279,0.56297,2724
2026-05-01 21:00:00,0.56297,0.56315,0.56267,0.56312,2852
2026-05-01 22:00:00,0.56311,0.56332,0.56307,0.56315,1785
2026-05-01 23:00:00,0.56316,0.56324,0.56254,0.56267,1414
2026-05-04 00:00:00,0.56193,0.56286,0.56144,0.56263,725
2026-05-04 01:00:00,0.56321,0.56372,0.56285,0.56326,1668
2026-05-04 02:00:00,0.56326,0.56331,0.5631,0.5632,1354
2026-05-04 03:00:00,0.56318,0.56342,0.56294,0.56296,3178
2026-05-04 04:00:00,0.56295,0.56324,0.56281,0.56315,3456
2026-05-04 05:00:00,0.56317,0.56318,0.56267,0.56291,2960
2026-05-04 06:00:00,0.56292,0.56309,0.56271,0.56283,3417
2026-05-04 07:00:00,0.56284,0.563,0.56273,0.56283,2370
2026-05-04 08:00:00,0.56284,0.56289,0.5625,0.56275,2678
2026-05-04 09:00:00,0.56273,0.56278,0.56204,0.56234,2984
2026-05-04 10:00:00,0.56236,0.56307,0.56217,0.56287,3515
2026-05-04 11:00:00,0.56286,0.56355,0.56282,0.56293,3342
2026-05-04 12:00:00,0.56292,0.5636,0.56288,0.56353,2622
2026-05-04 13:00:00,0.56352,0.56359,0.56213,0.56308,6031
2026-05-04 14:00:00,0.5631,0.56327,0.56275,0.56296,4036
2026-05-04 15:00:00,0.56297,0.56328,0.56286,0.56289,3865
2026-05-04 16:00:00,0.56288,0.5629,0.56219,0.56235,4567
2026-05-04 17:00:00,0.56234,0.56268,0.56221,0.56221,4470
2026-05-04 18:00:00,0.56222,0.56235,0.56126,0.56139,6450
2026-05-04 19:00:00,0.56139,0.56177,0.5609,0.56159,5573
2026-05-04 20:00:00,0.56159,0.5621,0.56157,0.56172,3734
2026-05-04 21:00:00,0.56173,0.56189,0.56161,0.5617,2939
2026-05-04 22:00:00,0.5617,0.56202,0.56159,0.56195,2770
2026-05-04 23:00:00,0.56196,0.562,0.56169,0.56174,1314
2026-05-05 00:00:00,0.56154,0.56184,0.56089,0.56121,427
2026-05-05 01:00:00,0.56125,0.56196,0.56125,0.56194,1057
2026-05-05 02:00:00,0.56194,0.56199,0.56183,0.56188,879
2026-05-05 03:00:00,0.56187,0.56218,0.56146,0.56158,2579
2026-05-05 04:00:00,0.56158,0.56158,0.56107,0.56115,2770
2026-05-05 05:00:00,0.56114,0.56171,0.5611,0.56143,1988
2026-05-05 06:00:00,0.56141,0.56147,0.56085,0.56089,1673
2026-05-05 07:00:00,0.5609,0.56229,0.56084,0.56114,2382
2026-05-05 08:00:00,0.56112,0.56128,0.55946,0.55991,3510
2026-05-05 09:00:00,0.5599,0.56058,0.55987,0.56017,3284
2026-05-05 10:00:00,0.56016,0.56068,0.56005,0.56034,3513
2026-05-05 11:00:00,0.56033,0.56091,0.56024,0.56072,2995
2026-05-05 12:00:00,0.56072,0.56117,0.56061,0.56099,2998
2026-05-05 13:00:00,0.561,0.56143,0.56083,0.56133,2465
2026-05-05 14:00:00,0.56129,0.56233,0.56125,0.56203,2824
2026-05-05 15:00:00,0.56202,0.5626,0.56186,0.56226,3666
2026-05-05 16:00:00,0.56227,0.5625,0.56214,0.56214,3809
2026-05-05 17:00:00,0.56211,0.56261,0.56186,0.56188,4907
2026-05-05 18:00:00,0.56187,0.56286,0.56172,0.56272,3614
2026-05-05 19:00:00,0.56269,0.56277,0.56245,0.56263,2635
2026-05-05 20:00:00,0.56263,0.56275,0.56245,0.56256,2374
2026-05-05 21:00:00,0.56258,0.56278,0.56247,0.56255,1622
2026-05-05 22:00:00,0.56256,0.56268,0.56233,0.56247,1558
2026-05-05 23:00:00,0.56246,0.56254,0.56229,0.56241,1109
2026-05-06 00:00:00,0.56218,0.56227,0.56113,0.56219,680
2026-05-06 01:00:00,0.56217,0.56294,0.56206,0.56285,1564
2026-05-06 02:00:00,0.56284,0.56305,0.56263,0.56283,2703
2026-05-06 03:00:00,0.56283,0.56437,0.56283,0.56433,4143
2026-05-06 04:00:00,0.56434,0.565,0.56423,0.56483,3987
2026-05-06 05:00:00,0.56484,0.56547,0.56467,0.56547,3027
2026-05-06 06:00:00,0.56546,0.56586,0.5652,0.56524,2770
2026-05-06 07:00:00,0.56525,0.56558,0.56457,0.56471,4558
2026-05-06 08:00:00,0.56471,0.5655,0.56467,0.56539,3407
2026-05-06 09:00:00,0.56537,0.56574,0.56491,0.56572,3157
2026-05-06 10:00:00,0.56571,0.56604,0.56459,0.56467,3720
2026-05-06 11:00:00,0.56468,0.56553,0.56445,0.56546,4657
2026-05-06 12:00:00,0.56544,0.56604,0.56506,0.56553,4743
2026-05-06 13:00:00,0.56555,0.56571,0.56493,0.56513,4748
2026-05-06 14:00:00,0.56508,0.56508,0.56422,0.56441,5207
2026-05-06 15:00:00,0.56441,0.5645,0.56377,0.564,5488
2026-05-06 16:00:00,0.564,0.56433,0.56372,0.56415,5774
2026-05-06 17:00:00,0.56413,0.56442,0.56369,0.56399,5369
2026-05-06 18:00:00,0.56399,0.56415,0.56338,0.56374,4155
2026-05-06 19:00:00,0.56373,0.56386,0.56334,0.56346,3423
2026-05-06 20:00:00,0.56348,0.56353,0.56328,0.56348,2714
2026-05-06 21:00:00,0.56349,0.56356,0.56331,0.56342,2427
2026-05-06 22:00:00,0.56342,0.56368,0.56338,0.56353,2139
2026-05-06 23:00:00,0.56353,0.56365,0.56337,0.56355,1434
2026-05-07 00:00:00,0.56291,0.5634,0.56215,0.56332,1368
2026-05-07 01:00:00,0.56348,0.56355,0.56302,0.56348,881
2026-05-07 02:00:00,0.56349,0.56361,0.56341,0.56347,1006
2026-05-07 03:00:00,0.56349,0.56384,0.5634,0.56362,3356
2026-05-07 04:00:00,0.56364,0.56391,0.56343,0.56377,3772
2026-05-07 05:00:00,0.56376,0.56407,0.56375,0.56391,2744
2026-05-07 06:00:00,0.56392,0.56431,0.56377,0.56423,2290
2026-05-07 07:00:00,0.56427,0.56459,0.56421,0.56453,2218
2026-05-07 08:00:00,0.56453,0.56472,0.56443,0.56447,2473
2026-05-07 09:00:00,0.56446,0.56472,0.56416,0.56441,3133
2026-05-07 10:00:00,0.56439,0.56477,0.56403,0.56465,4279
2026-05-07 11:00:00,0.56466,0.56492,0.56432,0.56436,3530
2026-05-07 12:00:00,0.56437,0.56444,0.56403,0.56441,2920
2026-05-07 13:00:00,0.56442,0.56459,0.56406,0.56438,2858
2026-05-07 14:00:00,0.56436,0.56478,0.56401,0.5646,2959
2026-05-07 15:00:00,0.56461,0.56474,0.56358,0.5637,3751
2026-05-07 16:00:00,0.56369,0.5637,0.56305,0.56326,4546
2026-05-07 17:00:00,0.56326,0.56388,0.56305,0.56367,4624
2026-05-07 18:00:00,0.56365,0.56383,0.56296,0.56299,4004
2026-05-07 19:00:00,0.56298,0.56334,0.5628,0.56333,4299
2026-05-07 20:00:00,0.56332,0.56365,0.56314,0.56348,4764
2026-05-07 21:00:00,0.56349,0.5635,0.56278,0.56312,4089
2026-05-07 22:00:00,0.56311,0.56321,0.5628,0.56285,4173
2026-05-07 23:00:00,0.56286,0.56338,0.5623,0.56245,2555
2026-05-08 00:00:00,0.56143,0.56244,0.5605,0.56128,1540
2026-05-08 01:00:00,0.56136,0.56252,0.56131,0.56233,1919
2026-05-08 02:00:00,0.56233,0.56262,0.56225,0.56256,1415
2026-05-08 03:00:00,0.5626,0.56266,0.56211,0.56253,3570
2026-05-08 04:00:00,0.56254,0.5628,0.56241,0.56258,3313
2026-05-08 05:00:00,0.5626,0.56296,0.56249,0.56281,3324
2026-05-08 06:00:00,0.56282,0.56349,0.56277,0.56313,2496
2026-05-08 07:00:00,0.56313,0.56328,0.56286,0.56305,2284
2026-05-08 08:00:00,0.56305,0.5634,0.56287,0.56324,2539
2026-05-08 09:00:00,0.56325,0.56328,0.56295,0.56303,2941
2026-05-08 10:00:00,0.56304,0.56311,0.56267,0.56285,3304
2026-05-08 11:00:00,0.56286,0.56302,0.56263,0.56293,3027
2026-05-08 12:00:00,0.56294,0.56312,0.56247,0.56264,2850
2026-05-08 13:00:00,0.56265,0.5634,0.5626,0.56325,2536
2026-05-08 14:00:00,0.56324,0.56362,0.56278,0.56295,2568
2026-05-08 15:00:00,0.56294,0.56348,0.56226,0.56281,4563
2026-05-08 16:00:00,0.56283,0.56312,0.56234,0.56299,4863
2026-05-08 17:00:00,0.56298,0.56349,0.56292,0.56304,4491
2026-05-08 18:00:00,0.56305,0.56327,0.56274,0.56287,4225
2026-05-08 19:00:00,0.56288,0.56299,0.56267,0.56268,2884
2026-05-08 20:00:00,0.56269,0.56284,0.56263,0.56281,2003
2026-05-08 21:00:00,0.56281,0.56289,0.56224,0.56234,2390
2026-05-08 22:00:00,0.56233,0.56294,0.56233,0.56293,2041
2026-05-08 23:00:00,0.56292,0.56301,0.56222,0.56241,1370
2026-05-11 00:00:00,0.56084,0.56133,0.56035,0.56081,519
2026-05-11 01:00:00,0.56094,0.56277,0.56077,0.56267,1784
2026-05-11 02:00:00,0.56265,0.56291,0.56254,0.56262,1329
2026-05-11 03:00:00,0.56262,0.56307,0.56251,0.56296,3105
2026-05-11 04:00:00,0.56299,0.56306,0.56268,0.56305,3469
2026-05-11 05:00:00,0.56307,0.56331,0.56295,0.563,2421
2026-05-11 06:00:00,0.56298,0.56327,0.56296,0.56313,2018
2026-05-11 07:00:00,0.56312,0.56326,0.56291,0.56325,1509
2026-05-11 08:00:00,0.56326,0.56352,0.56318,0.56342,1958
2026-05-11 09:00:00,0.5634,0.56381,0.56301,0.56314,2616
2026-05-11 10:00:00,0.56315,0.56344,0.56303,0.56339,2728
2026-05-11 11:00:00,0.5634,0.56372,0.56312,0.56342,2864
2026-05-11 12:00:00,0.56341,0.56367,0.56336,0.56357,1978
2026-05-11 13:00:00,0.5636,0.56387,0.56349,0.56383,2565
2026-05-11 14:00:00,0.56383,0.564,0.56372,0.56393,2672
2026-05-11 15:00:00,0.56394,0.56402,0.56351,0.56364,3087
2026-05-11 16:00:00,0.56364,0.56418,0.56362,0.56393,3588
2026-05-11 17:00:00,0.56391,0.56409,0.56364,0.56386,4086
2026-05-11 18:00:00,0.56387,0.56414,0.56369,0.56407,3233
2026-05-11 19:00:00,0.56408,0.56417,0.56374,0.56393,2805
2026-05-11 20:00:00,0.56394,0.56419,0.56382,0.56398,2190
2026-05-11 21:00:00,0.56398,0.56422,0.56398,0.56406,2010
2026-05-11 22:00:00,0.56408,0.56418,0.56393,0.56407,2068
2026-05-11 23:00:00,0.56408,0.56408,0.56384,0.56396,1217
2026-05-12 00:00:00,0.56356,0.56391,0.56233,0.5634,385
2026-05-12 01:00:00,0.56323,0.56399,0.56323,0.56388,1009
2026-05-12 02:00:00,0.56388,0.56404,0.56374,0.56382,846
2026-05-12 03:00:00,0.56381,0.56382,0.56336,0.56352,2790
2026-05-12 04:00:00,0.5635,0.56374,0.56305,0.56368,3958
2026-05-12 05:00:00,0.56369,0.56401,0.56358,0.56396,2693
2026-05-12 06:00:00,0.56396,0.564,0.56362,0.56373,1992
2026-05-12 07:00:00,0.56373,0.56415,0.56373,0.56385,1895
2026-05-12 08:00:00,0.56386,0.56393,0.56322,0.56331,2847
2026-05-12 09:00:00,0.56332,0.56333,0.56252,0.56256,3954
2026-05-12 10:00:00,0.56257,0.56356,0.56248,0.56344,4121
2026-05-12 11:00:00,0.56344,0.56358,0.56308,0.56337,3773
2026-05-12 12:00:00,0.56337,0.56405,0.56325,0.56391,3429
2026-05-12 13:00:00,0.5639,0.56435,0.56387,0.56424,2757
2026-05-12 14:00:00,0.56427,0.56455,0.56417,0.56454,3149
2026-05-12 15:00:00,0.56454,0.56457,0.5633,0.56423,4290
2026-05-12 16:00:00,0.56422,0.56472,0.564,0.56434,4779
2026-05-12 17:00:00,0.56436,0.56509,0.56427,0.56479,5483
2026-05-12 18:00:00,0.56478,0.56485,0.56426,0.56453,4604
2026-05-12 19:00:00,0.56452,0.56468,0.56414,0.5642,3506
2026-05-12 20:00:00,0.56423,0.56463,0.56418,0.56459,3055
2026-05-12 21:00:00,0.5646,0.56498,0.56456,0.56482,2864
2026-05-12 22:00:00,0.56481,0.56512,0.56474,0.56506,2546
2026-05-12 23:00:00,0.56507,0.56509,0.56489,0.56501,1098
2026-05-13 00:00:00,0.56464,0.56495,0.56423,0.56462,1003
2026-05-13 01:00:00,0.56457,0.56516,0.56455,0.56496,597
2026-05-13 02:00:00,0.56495,0.56506,0.56481,0.56483,850
2026-05-13 03:00:00,0.56484,0.56492,0.5644,0.56449,3054
2026-05-13 04:00:00,0.56448,0.56527,0.56435,0.56512,3104
2026-05-13 05:00:00,0.5651,0.56523,0.5647,0.56481,2187
2026-05-13 06:00:00,0.5648,0.56482,0.56448,0.56464,2198
2026-05-13 07:00:00,0.56465,0.56472,0.56445,0.56463,1517
2026-05-13 08:00:00,0.56463,0.56497,0.56459,0.56491,2094
2026-05-13 09:00:00,0.5649,0.56527,0.56471,0.56521,2735
2026-05-13 10:00:00,0.56521,0.56552,0.56509,0.56531,2908
2026-05-13 11:00:00,0.5653,0.56636,0.56529,0.56633,2676
2026-05-13 12:00:00,0.56634,0.56648,0.56598,0.56646,2667
2026-05-13 13:00:00,0.56645,0.56658,0.5662,0.56636,2788
2026-05-13 14:00:00,0.56636,0.56661,0.56623,0.56651,2367
2026-05-13 15:00:00,0.5665,0.56694,0.56594,0.56672,3886
2026-05-13 16:00:00,0.56673,0.56707,0.56621,0.56659,4401
2026-05-13 17:00:00,0.56659,0.56796,0.56659,0.56786,4183
2026-05-13 18:00:00,0.56787,0.56864,0.56754,0.56818,3629
2026-05-13 19:00:00,0.56817,0.56837,0.56794,0.56802,3091
2026-05-13 20:00:00,0.56801,0.56809,0.56768,0.5677,2337
2026-05-13 21:00:00,0.56769,0.56795,0.56733,0.5676,2891
2026-05-13 22:00:00,0.56761,0.56765,0.56697,0.56698,2406
2026-05-13 23:00:00,0.567,0.56733,0.56681,0.56723,1194
2026-05-14 00:00:00,0.56669,0.56734,0.56664,0.56671,597
2026-05-14 01:00:00,0.56683,0.56738,0.56683,0.56735,885
2026-05-14 02:00:00,0.56736,0.56741,0.56688,0.567,1275
2026-05-14 03:00:00,0.567,0.56708,0.56643,0.56663,3089
2026-05-14 04:00:00,0.56662,0.56668,0.56623,0.56627,2907
2026-05-14 05:00:00,0.56626,0.56693,0.56612,0.56688,2304
2026-05-14 06:00:00,0.56687,0.56702,0.56658,0.56689,2092
2026-05-14 07:00:00,0.56691,0.56735,0.56683,0.56725,2015
2026-05-14 08:00:00,0.56725,0.56772,0.56704,0.56737,2607
2026-05-14 09:00:00,0.56738,0.56766,0.567,0.56703,3046
2026-05-14 10:00:00,0.56702,0.56739,0.56642,0.56651,3514
2026-05-14 11:00:00,0.56646,0.56719,0.56645,0.56706,3317
2026-05-14 12:00:00,0.56706,0.56707,0.56636,0.56648,2702
2026-05-14 13:00:00,0.56647,0.56666,0.56608,0.56621,3028
2026-05-14 14:00:00,0.5662,0.56635,0.56601,0.56613,2842
2026-05-14 15:00:00,0.56612,0.56615,0.56556,0.56575,3397
2026-05-14 16:00:00,0.56575,0.56581,0.56477,0.56484,4872
2026-05-14 17:00:00,0.56483,0.56592,0.5648,0.5659,4586
2026-05-14 18:00:00,0.56589,0.56604,0.5656,0.56562,3588
2026-05-14 19:00:00,0.56562,0.56563,0.56534,0.56553,3386
2026-05-14 20:00:00,0.56552,0.5659,0.56547,0.56571,2942
2026-05-14 21:00:00,0.5657,0.56597,0.56548,0.5659,2627
2026-05-14 22:00:00,0.56592,0.56597,0.56568,0.56577,1970
2026-05-14 23:00:00,0.56576,0.56598,0.56573,0.56585,1171
2026-05-15 00:00:00,0.56493,0.56548,0.56493,0.56533,331
2026-05-15 01:00:00,0.5653,0.56612,0.5653,0.56609,745
2026-05-15 02:00:00,0.5661,0.56627,0.56567,0.56569,1284
2026-05-15 03:00:00,0.56568,0.56601,0.56518,0.56542,3146
2026-05-15 04:00:00,0.56542,0.5655,0.56449,0.56456,4283
2026-05-15 05:00:00,0.56456,0.56496,0.56429,0.56461,3645
2026-05-15 06:00:00,0.5646,0.56478,0.56439,0.56474,2991
2026-05-15 07:00:00,0.56475,0.56478,0.56414,0.56416,2532
2026-05-15 08:00:00,0.56417,0.56418,0.56264,0.56281,4355
2026-05-15 09:00:00,0.56275,0.56307,0.56236,0.56264,4845
2026-05-15 10:00:00,0.56266,0.56315,0.56247,0.56272,4437
2026-05-15 11:00:00,0.56273,0.56279,0.56216,0.56226,4582
2026-05-15 12:00:00,0.56228,0.56233,0.56137,0.56181,4342
2026-05-15 13:00:00,0.56182,0.56277,0.56168,0.56257,4491
2026-05-15 14:00:00,0.56258,0.56267,0.56201,0.56215,3342
2026-05-15 15:00:00,0.56217,0.56271,0.562,0.56268,4463
2026-05-15 16:00:00,0.56268,0.56279,0.56195,0.56218,5461
2026-05-15 17:00:00,0.5622,0.56301,0.56204,0.56258,6269
2026-05-15 18:00:00,0.56258,0.56278,0.56229,0.56258,5195
2026-05-15 19:00:00,0.5626,0.56302,0.56248,0.56285,3707
2026-05-15 20:00:00,0.56286,0.56311,0.56282,0.56304,2906
2026-05-15 21:00:00,0.56307,0.56318,0.56269,0.56282,3349
2026-05-15 22:00:00,0.56281,0.56283,0.56235,0.56238,2945
2026-05-15 23:00:00,0.56236,0.56243,0.56197,0.56208,1675
2026-05-18 00:00:00,0.5605,0.56236,0.5605,0.56199,379
2026-05-18 01:00:00,0.56182,0.5629,0.56172,0.56252,2084
2026-05-18 02:00:00,0.56253,0.56262,0.56118,0.5613,2465
2026-05-18 03:00:00,0.5613,0.56147,0.56049,0.56094,5371
2026-05-18 04:00:00,0.56093,0.5612,0.56068,0.56102,5035
2026-05-18 05:00:00,0.56098,0.56125,0.5606,0.56074,3525
2026-05-18 06:00:00,0.56075,0.56129,0.5607,0.56128,3247
2026-05-18 07:00:00,0.56127,0.56141,0.56108,0.56113,2711
2026-05-18 08:00:00,0.56114,0.56125,0.56087,0.56102,3338
2026-05-18 09:00:00,0.56101,0.56151,0.56092,0.5615,3566
2026-05-18 10:00:00,0.56153,0.56185,0.56115,0.56161,4009
2026-05-18 11:00:00,0.56161,0.56213,0.56128,0.5618,4048
2026-05-18 12:00:00,0.5618,0.56229,0.56175,0.56206,2986
2026-05-18 13:00:00,0.56207,0.56216,0.56171,0.56205,2925
2026-05-18 14:00:00,0.56206,0.56271,0.56167,0.56233,4134
2026-05-18 15:00:00,0.56232,0.56363,0.56222,0.56348,4489
2026-05-18 16:00:00,0.56347,0.56358,0.56269,0.56304,5252
2026-05-18 17:00:00,0.56302,0.56302,0.56211,0.56253,5665
2026-05-18 18:00:00,0.56254,0.56263,0.56206,0.56235,5475
2026-05-18 19:00:00,0.56236,0.56238,0.56177,0.56202,4583
2026-05-18 20:00:00,0.562,0.56232,0.56189,0.56207,3388
2026-05-18 21:00:00,0.56206,0.5621,0.56163,0.56188,3683
2026-05-18 22:00:00,0.56189,0.56254,0.5618,0.5623,5107
2026-05-18 23:00:00,0.56231,0.56233,0.56205,0.56223,1507
2026-05-19 00:00:00,0.56119,0.56213,0.56117,0.56183,588
2026-05-19 01:00:00,0.56179,0.56246,0.56179,0.56246,815
2026-05-19 02:00:00,0.56245,0.56272,0.56234,0.56246,1067
2026-05-19 03:00:00,0.56247,0.56259,0.56142,0.56148,3565
2026-05-19 04:00:00,0.56146,0.56161,0.56069,0.56101,4377
2026-05-19 05:00:00,0.56102,0.56108,0.56055,0.56103,3596
2026-05-19 06:00:00,0.56101,0.56116,0.5607,0.56077,2562
2026-05-19 07:00:00,0.56078,0.56084,0.56015,0.56023,2485
2026-05-19 08:00:00,0.56023,0.56038,0.55986,0.56018,3344
2026-05-19 09:00:00,0.56022,0.5607,0.56005,0.56062,3657
2026-05-19 10:00:00,0.56062,0.56076,0.55948,0.5595,3689
2026-05-19 11:00:00,0.55948,0.56021,0.55908,0.55999,3840
2026-05-19 12:00:00,0.55999,0.56022,0.55968,0.56003,3539
2026-05-19 13:00:00,0.56001,0.56031,0.55979,0.56002,3381
2026-05-19 14:00:00,0.56003,0.56065,0.55999,0.56053,3458
2026-05-19 15:00:00,0.56052,0.56079,0.56027,0.5605,3862
2026-05-19 16:00:00,0.56049,0.56111,0.56025,0.56083,5613
2026-05-19 17:00:00,0.56082,0.56101,0.55937,0.56,6382
2026-05-19 18:00:00,0.56,0.56075,0.55959,0.56063,4599
2026-05-19 19:00:00,0.56065,0.56107,0.56044,0.56098,4043
2026-05-19 20:00:00,0.56099,0.56118,0.56076,0.56088,2979
2026-05-19 21:00:00,0.56088,0.56101,0.56072,0.56078,3214
2026-05-19 22:00:00,0.56078,0.56099,0.56065,0.56076,3096
2026-05-19 23:00:00,0.56077,0.5608,0.56053,0.56059,1240
2026-05-20 00:00:00,0.55996,0.56066,0.55996,0.56022,293
2026-05-20 01:00:00,0.56018,0.56073,0.56018,0.56064,963
2026-05-20 02:00:00,0.56064,0.56077,0.56034,0.56035,1185
2026-05-20 03:00:00,0.5603,0.56035,0.55978,0.55979,4465
2026-05-20 04:00:00,0.5598,0.5609,0.55971,0.56088,4633
2026-05-20 05:00:00,0.56091,0.56105,0.56026,0.56043,3874
2026-05-20 06:00:00,0.56044,0.56089,0.56037,0.56077,3235
2026-05-20 07:00:00,0.56077,0.56105,0.56064,0.56079,2603
2026-05-20 08:00:00,0.56078,0.56119,0.56064,0.56111,3437
2026-05-20 09:00:00,0.56111,0.56158,0.56101,0.5615,3670
2026-05-20 10:00:00,0.5615,0.56199,0.56141,0.56171,3084
2026-05-20 11:00:00,0.56169,0.5624,0.56159,0.56194,3492
2026-05-20 12:00:00,0.56193,0.56236,0.5619,0.56222,2684
2026-05-20 13:00:00,0.56221,0.56268,0.56219,0.56262,2464
2026-05-20 14:00:00,0.5626,0.56342,0.56252,0.56314,2543
2026-05-20 15:00:00,0.56313,0.56372,0.56301,0.5631,3141
2026-05-20 16:00:00,0.56311,0.56337,0.56264,0.56289,4317
2026-05-20 17:00:00,0.56291,0.56356,0.56249,0.56319,6834
2026-05-20 18:00:00,0.5632,0.56398,0.56308,0.56317,6254
2026-05-20 19:00:00,0.56318,0.5635,0.56298,0.56318,4613
2026-05-20 20:00:00,0.56319,0.56337,0.56299,0.563,3520
2026-05-20 21:00:00,0.56297,0.56337,0.56297,0.56315,3206
2026-05-20 22:00:00,0.56314,0.56338,0.56307,0.56334,2449
2026-05-20 23:00:00,0.56335,0.56335,0.56291,0.56301,1875
2026-05-21 00:00:00,0.56149,0.56273,0.56149,0.56256,1612
2026-05-21 01:00:00,0.56256,0.56288,0.56244,0.56281,1170
2026-05-21 02:00:00,0.56281,0.56287,0.56266,0.5627,1184
2026-05-21 03:00:00,0.56271,0.5628,0.56242,0.56253,3263
2026-05-21 04:00:00,0.56252,0.56279,0.55943,0.55998,4273
2026-05-21 05:00:00,0.55997,0.5603,0.55914,0.55961,4211
2026-05-21 06:00:00,0.5596,0.5604,0.55957,0.56037,2398
2026-05-21 07:00:00,0.56036,0.56096,0.56034,0.56079,1992
2026-05-21 08:00:00,0.56079,0.56086,0.56017,0.56054,3069
2026-05-21 09:00:00,0.56054,0.56088,0.55976,0.55996,3898
2026-05-21 10:00:00,0.55996,0.5607,0.55995,0.56057,4237
2026-05-21 11:00:00,0.56057,0.56155,0.56035,0.56125,4431
2026-05-21 12:00:00,0.56126,0.56158,0.56097,0.561,3536
2026-05-21 13:00:00,0.56099,0.56146,0.56059,0.56138,5055
2026-05-21 14:00:00,0.56136,0.56195,0.56112,0.56161,3778
2026-05-21 15:00:00,0.56162,0.56221,0.56153,0.56197,4387
2026-05-21 16:00:00,0.56196,0.56275,0.56175,0.56264,5297
2026-05-21 17:00:00,0.56264,0.56292,0.56229,0.56288,5385
2026-05-21 18:00:00,0.56287,0.56299,0.56227,0.56297,4743
2026-05-21 19:00:00,0.56295,0.56335,0.5628,0.56295,3710
2026-05-21 20:00:00,0.56296,0.56342,0.56287,0.5631,6034
2026-05-21 21:00:00,0.56309,0.56315,0.56254,0.56269,5050
2026-05-21 22:00:00,0.56268,0.56278,0.56233,0.56242,3939
2026-05-21 23:00:00,0.56243,0.56247,0.56231,0.56234,1501
2026-05-22 00:00:00,0.56144,0.56217,0.56144,0.56175,702
2026-05-22 01:00:00,0.56181,0.56261,0.56181,0.56243,866
2026-05-22 02:00:00,0.56244,0.56244,0.56203,0.56216,859
2026-05-22 03:00:00,0.56214,0.56221,0.56177,0.56189,2865
2026-05-22 04:00:00,0.56182,0.56198,0.5615,0.56167,3037
2026-05-22 05:00:00,0.56167,0.56193,0.56145,0.56159,2186
2026-05-22 06:00:00,0.56158,0.56168,0.56133,0.56165,1987
2026-05-22 07:00:00,0.56163,0.56169,0.56133,0.56141,1352
2026-05-22 08:00:00,0.56142,0.56195,0.56139,0.56169,2217
2026-05-22 09:00:00,0.56166,0.56178,0.56103,0.56133,3287
2026-05-22 10:00:00,0.56131,0.56147,0.56054,0.56082,3323
2026-05-22 11:00:00,0.56083,0.56118,0.56048,0.56077,3441
2026-05-22 12:00:00,0.56077,0.56077,0.56019,0.5604,3222
2026-05-22 13:00:00,0.56039,0.56059,0.56017,0.56053,2839
2026-05-22 14:00:00,0.56053,0.5606,0.55987,0.55992,2648
2026-05-22 15:00:00,0.55992,0.56034,0.55984,0.56032,3962
2026-05-22 16:00:00,0.56035,0.56048,0.55972,0.55989,5072
2026-05-22 17:00:00,0.55964,0.56049,0.5595,0.56003,5571
2026-05-22 18:00:00,0.56004,0.56037,0.56001,0.56022,3680
2026-05-22 19:00:00,0.56023,0.56036,0.55949,0.55954,3416
2026-05-22 20:00:00,0.55955,0.55998,0.55945,0.55984,3786
2026-05-22 21:00:00,0.55983,0.56002,0.55972,0.55987,2586
2026-05-22 22:00:00,0.55986,0.5599,0.55964,0.55967,2702
2026-05-22 23:00:00,0.55968,0.55973,0.55922,0.55954,1699
2026-05-25 00:00:00,0.56065,0.56084,0.56035,0.56067,298
2026-05-25 01:00:00,0.56067,0.56067,0.55956,0.55973,2132
2026-05-25 02:00:00,0.55973,0.55994,0.55971,0.55985,1628
2026-05-25 03:00:00,0.55984,0.56013,0.55966,0.56004,2568
2026-05-25 04:00:00,0.56005,0.56066,0.56002,0.56046,2887
2026-05-25 05:00:00,0.56047,0.56065,0.56025,0.56027,1736
2026-05-25 06:00:00,0.56028,0.56037,0.56,0.5601,1867
2026-05-25 07:00:00,0.56011,0.56064,0.5601,0.56051,1391
2026-05-25 08:00:00,0.56047,0.5606,0.56028,0.56038,1667
2026-05-25 09:00:00,0.56035,0.56055,0.55993,0.56009,1975
2026-05-25 10:00:00,0.56009,0.5601,0.55947,0.5599,2822
2026-05-25 11:00:00,0.55991,0.56033,0.55979,0.56017,2115
2026-05-25 12:00:00,0.56018,0.56032,0.55994,0.5601,1303
2026-05-25 13:00:00,0.56011,0.56022,0.55987,0.55995,1204
2026-05-25 14:00:00,0.55997,0.56032,0.55987,0.56017,1867
2026-05-25 15:00:00,0.56017,0.56031,0.5599,0.55996,2355
2026-05-25 16:00:00,0.55995,0.56162,0.5599,0.56139,2500
2026-05-25 17:00:00,0.56138,0.56206,0.56138,0.56201,2178
2026-05-25 18:00:00,0.56199,0.56218,0.56143,0.56151,2221
2026-05-25 19:00:00,0.5615,0.56178,0.56141,0.56165,1449
2026-05-25 20:00:00,0.56165,0.56175,0.56151,0.56155,850
2026-05-25 21:00:00,0.56155,0.56159,0.56142,0.56142,533
2026-05-25 22:00:00,0.56144,0.56159,0.56144,0.56152,529
2026-05-25 23:00:00,0.56154,0.56161,0.5614,0.56148,502
2026-05-26 00:00:00,0.56071,0.56112,0.56071,0.56095,285
2026-05-26 01:00:00,0.56106,0.56169,0.56106,0.56153,868
2026-05-26 02:00:00,0.56152,0.56163,0.56133,0.56139,1119
2026-05-26 03:00:00,0.5614,0.56168,0.56133,0.56161,2995
2026-05-26 04:00:00,0.5616,0.56166,0.56118,0.56133,3245
2026-05-26 05:00:00,0.56133,0.56151,0.56119,0.56137,1983
2026-05-26 06:00:00,0.56138,0.56162,0.56133,0.56141,1633
2026-05-26 07:00:00,0.56142,0.56149,0.56091,0.56099,1514
2026-05-26 08:00:00,0.561,0.5612,0.56064,0.56116,2062
2026-05-26 09:00:00,0.56117,0.56258,0.56109,0.56231,2767
2026-05-26 10:00:00,0.56232,0.56233,0.56162,0.56188,3452
2026-05-26 11:00:00,0.56189,0.56217,0.56169,0.56203,2817
2026-05-26 12:00:00,0.56205,0.56208,0.5615,0.56178,2464
2026-05-26 13:00:00,0.56179,0.56227,0.56167,0.56213,2574
2026-05-26 14:00:00,0.56214,0.56264,0.56208,0.5626,3018
2026-05-26 15:00:00,0.56258,0.5628,0.56245,0.56272,2826
2026-05-26 16:00:00,0.56271,0.56322,0.56262,0.56263,4088
2026-05-26 17:00:00,0.56263,0.56312,0.56243,0.56295,4573
2026-05-26 18:00:00,0.56296,0.56302,0.56271,0.56278,4330
2026-05-26 19:00:00,0.56279,0.56301,0.56261,0.56279,2631
2026-05-26 20:00:00,0.56279,0.56293,0.56274,0.56285,2230
2026-05-26 21:00:00,0.56285,0.56322,0.56283,0.56313,2075
2026-05-26 22:00:00,0.56314,0.56332,0.56304,0.56326,1842
2026-05-26 23:00:00,0.56326,0.56328,0.56292,0.563,915
2026-05-27 00:00:00,0.56217,0.56301,0.56217,0.56276,381
2026-05-27 01:00:00,0.56275,0.56311,0.56273,0.56291,816
2026-05-27 02:00:00,0.5629,0.56316,0.56286,0.56299,869
2026-05-27 03:00:00,0.56298,0.56362,0.56276,0.56337,2277
2026-05-27 04:00:00,0.56334,0.56366,0.56186,0.56209,2766
2026-05-27 05:00:00,0.56217,0.56268,0.5619,0.56244,2970
2026-05-27 06:00:00,0.56246,0.56265,0.56211,0.56225,2132
2026-05-27 07:00:00,0.56224,0.56242,0.56205,0.56219,2082
2026-05-27 08:00:00,0.56218,0.56223,0.56181,0.56182,2607
2026-05-27 09:00:00,0.56183,0.56189,0.56082,0.56083,3021
2026-05-27 10:00:00,0.56085,0.56103,0.5604,0.56077,2999
2026-05-27 11:00:00,0.56076,0.56144,0.56048,0.56138,3051
2026-05-27 12:00:00,0.5614,0.56145,0.56105,0.56114,2197
2026-05-27 13:00:00,0.56113,0.56146,0.56055,0.56072,2512
2026-05-27 14:00:00,0.56072,0.56092,0.56061,0.5609,3043
2026-05-27 15:00:00,0.56088,0.56092,0.55995,0.56017,5342
2026-05-27 16:00:00,0.56016,0.56056,0.55993,0.56053,5385
2026-05-27 17:00:00,0.56054,0.56069,0.55989,0.56065,5913
2026-05-27 18:00:00,0.56066,0.56158,0.56065,0.56157,4554
2026-05-27 19:00:00,0.56158,0.56182,0.56147,0.56148,3188
2026-05-27 20:00:00,0.56148,0.56163,0.56141,0.56149,3036
2026-05-27 21:00:00,0.56147,0.56175,0.56147,0.56167,2303
2026-05-27 22:00:00,0.56166,0.56202,0.56158,0.56197,2024
2026-05-27 23:00:00,0.56196,0.56206,0.56188,0.56202,1102
2026-05-28 00:00:00,0.56151,0.5617,0.56072,0.56104,688
2026-05-28 01:00:00,0.5611,0.5621,0.5611,0.56206,1018
2026-05-28 02:00:00,0.56204,0.56229,0.56192,0.56194,1535
2026-05-28 03:00:00,0.56189,0.56204,0.56162,0.5618,3174
2026-05-28 04:00:00,0.5618,0.562,0.56122,0.56138,3413
2026-05-28 05:00:00,0.56139,0.56174,0.56133,0.56172,2533
2026-05-28 06:00:00,0.56171,0.56195,0.56075,0.5609,4012
2026-05-28 07:00:00,0.56089,0.56104,0.5606,0.56088,2910
2026-05-28 08:00:00,0.56088,0.56152,0.56065,0.56123,2956
2026-05-28 09:00:00,0.56123,0.56165,0.56081,0.56087,2918
2026-05-28 10:00:00,0.56086,0.56135,0.56081,0.56133,3404
2026-05-28 11:00:00,0.56132,0.5617,0.5613,0.56143,3194
2026-05-28 12:00:00,0.56143,0.56193,0.5612,0.56189,2604
2026-05-28 13:00:00,0.56188,0.56224,0.56144,0.56167,2950
2026-05-28 14:00:00,0.56167,0.56184,0.56136,0.56149,2671
2026-05-28 15:00:00,0.5615,0.56173,0.56077,0.5611,3643
2026-05-28 16:00:00,0.56109,0.56124,0.5605,0.561,4215
2026-05-28 17:00:00,0.56099,0.56181,0.56079,0.56097,6732
2026-05-28 18:00:00,0.56099,0.56158,0.56097,0.56152,4779
2026-05-28 19:00:00,0.56152,0.56182,0.56144,0.56163,3405
2026-05-28 20:00:00,0.56163,0.56176,0.56146,0.56147,2723
2026-05-28 21:00:00,0.56146,0.56167,0.5613,0.56161,2865
2026-05-28 22:00:00,0.56161,0.56163,0.56129,0.56133,2320
2026-05-28 23:00:00,0.56134,0.56149,0.56128,0.56139,1182
2026-05-29 00:00:00,0.56121,0.56126,0.56026,0.56089,432
2026-05-29 01:00:00,0.56094,0.56153,0.56094,0.56145,776
2026-05-29 02:00:00,0.56147,0.56157,0.56129,0.56142,1189
2026-05-29 03:00:00,0.56141,0.56162,0.56107,0.56121,2543
2026-05-29 04:00:00,0.5612,0.56139,0.56091,0.56135,3008
2026-05-29 05:00:00,0.56135,0.56139,0.56097,0.56113,2232
2026-05-29 06:00:00,0.56115,0.56137,0.56101,0.56122,2054
2026-05-29 07:00:00,0.56124,0.5617,0.56119,0.56164,2021
2026-05-29 08:00:00,0.56163,0.56182,0.56143,0.56147,1825
2026-05-29 09:00:00,0.56147,0.56166,0.56085,0.56087,2956
2026-05-29 10:00:00,0.56092,0.56135,0.56067,0.56118,3153
2026-05-29 11:00:00,0.5612,0.56128,0.56073,0.56097,3098
2026-05-29 12:00:00,0.56098,0.56102,0.56049,0.56053,3123
2026-05-29 13:00:00,0.56052,0.56071,0.56016,0.5602,2416
2026-05-29 14:00:00,0.5602,0.56086,0.56011,0.56075,2668
2026-05-29 15:00:00,0.56074,0.56113,0.56067,0.56091,3426
2026-05-29 16:00:00,0.56092,0.56162,0.56085,0.56157,3994
2026-05-29 17:00:00,0.56158,0.56243,0.56077,0.56243,5704
2026-05-29 18:00:00,0.56242,0.56283,0.56156,0.56157,5704
2026-05-29 19:00:00,0.56159,0.56195,0.56153,0.56164,3825
2026-05-29 20:00:00,0.56164,0.56196,0.56159,0.56192,3127
2026-05-29 21:00:00,0.56192,0.5621,0.56084,0.56098,3246
2026-05-29 22:00:00,0.56099,0.56099,0.56052,0.56082,3045
2026-05-29 23:00:00,0.56081,0.56119,0.56066,0.56069,1731
2026-06-01 00:00:00,0.55908,0.56034,0.55891,0.56018,432
2026-06-01 01:00:00,0.56028,0.56112,0.56028,0.56105,1470
2026-06-01 02:00:00,0.56104,0.56156,0.56101,0.56135,1716
2026-06-01 03:00:00,0.56136,0.56232,0.56125,0.56225,3286
2026-06-01 04:00:00,0.56226,0.56264,0.56218,0.56256,2564
2026-06-01 05:00:00,0.56256,0.56288,0.56251,0.56259,2445
2026-06-01 06:00:00,0.5626,0.56262,0.56204,0.56228,2334
2026-06-01 07:00:00,0.56229,0.56261,0.56227,0.56255,1269
2026-06-01 08:00:00,0.56256,0.56265,0.56234,0.56237,2069
2026-06-01 09:00:00,0.56236,0.56248,0.56161,0.56163,2945
2026-06-01 10:00:00,0.56161,0.56241,0.56146,0.56224,2934
2026-06-01 11:00:00,0.56223,0.56256,0.56209,0.56255,2456
2026-06-01 12:00:00,0.56256,0.56292,0.56242,0.56277,2697
2026-06-01 13:00:00,0.56278,0.56293,0.56247,0.5625,2343
2026-06-01 14:00:00,0.56252,0.56268,0.56224,0.56232,2568
2026-06-01 15:00:00,0.56233,0.56291,0.56195,0.56285,3241
2026-06-01 16:00:00,0.56287,0.56313,0.56192,0.56205,6532
2026-06-01 17:00:00,0.56201,0.56269,0.56185,0.56221,5770
2026-06-01 18:00:00,0.5622,0.56289,0.56208,0.56271,4244
2026-06-01 19:00:00,0.56271,0.56319,0.56264,0.56303,3638
2026-06-01 20:00:00,0.56302,0.56353,0.563,0.56339,3813
2026-06-01 21:00:00,0.56339,0.56339,0.56314,0.56317,2207
2026-06-01 22:00:00,0.56318,0.56333,0.56313,0.56327,2084
2026-06-01 23:00:00,0.56329,0.56331,0.56311,0.56318,1509
2026-06-02 00:00:00,0.56249,0.56324,0.56234,0.56292,623
2026-06-02 01:00:00,0.56304,0.56341,0.56288,0.56334,864
2026-06-02 02:00:00,0.56333,0.56336,0.56311,0.56331,889
2026-06-02 03:00:00,0.56333,0.56356,0.56309,0.5633,2622
2026-06-02 04:00:00,0.56331,0.56374,0.56292,0.56293,3202
2026-06-02 05:00:00,0.56293,0.56323,0.56281,0.56311,2471
2026-06-02 06:00:00,0.56312,0.56317,0.56272,0.56308,2067
2026-06-02 07:00:00,0.56307,0.56315,0.56288,0.56305,1833
2026-06-02 08:00:00,0.56304,0.56335,0.56294,0.56307,2146
2026-06-02 09:00:00,0.56307,0.56346,0.56288,0.56315,3335
2026-06-02 10:00:00,0.56314,0.56402,0.56303,0.5637,3134
2026-06-02 11:00:00,0.5637,0.56443,0.5636,0.56427,2625
2026-06-02 12:00:00,0.56427,0.56456,0.5639,0.56444,2620
2026-06-02 13:00:00,0.56443,0.56454,0.56407,0.56414,2132
2026-06-02 14:00:00,0.56414,0.56422,0.56367,0.5637,2355
2026-06-02 15:00:00,0.56372,0.56405,0.5636,0.56388,3035
2026-06-02 16:00:00,0.56388,0.56439,0.56355,0.56429,4475
2026-06-02 17:00:00,0.56415,0.56475,0.56387,0.56467,4414
2026-06-02 18:00:00,0.56469,0.56494,0.56451,0.56462,3352
2026-06-02 19:00:00,0.56461,0.56515,0.5646,0.56507,2603
2026-06-02 20:00:00,0.56507,0.5652,0.56494,0.565,2606
2026-06-02 21:00:00,0.565,0.56541,0.56498,0.56519,2328
2026-06-02 22:00:00,0.56518,0.56532,0.56508,0.56516,1563
2026-06-02 23:00:00,0.56515,0.56524,0.56507,0.56524,1004
2026-06-03 00:00:00,0.56501,0.56504,0.56424,0.56493,727
2026-06-03 01:00:00,0.56488,0.56523,0.56473,0.56513,925
2026-06-03 02:00:00,0.56514,0.56551,0.5651,0.56549,1826
2026-06-03 03:00:00,0.56548,0.56568,0.56533,0.56563,1964
2026-06-03 04:00:00,0.56562,0.56562,0.56482,0.56532,2735
2026-06-03 05:00:00,0.56531,0.56551,0.56491,0.56511,2070
2026-06-03 06:00:00,0.56512,0.56533,0.56502,0.56519,1664
2026-06-03 07:00:00,0.56518,0.56553,0.56505,0.56513,1336
2026-06-03 08:00:00,0.56512,0.5653,0.56473,0.56489,1979
2026-06-03 09:00:00,0.56491,0.56512,0.56427,0.56484,3384
2026-06-03 10:00:00,0.56484,0.56562,0.56474,0.56556,3402
2026-06-03 11:00:00,0.56555,0.56564,0.56507,0.56531,3144
2026-06-03 12:00:00,0.5653,0.56572,0.56527,0.56541,2723
2026-06-03 13:00:00,0.56541,0.56611,0.56536,0.56557,2923
2026-06-03 14:00:00,0.56556,0.56569,0.56505,0.56513,2275
2026-06-03 15:00:00,0.5651,0.56552,0.56494,0.56528,3328
2026-06-03 16:00:00,0.56528,0.5654,0.56408,0.56408,4315
2026-06-03 17:00:00,0.56408,0.56522,0.5637,0.5646,5496
2026-06-03 18:00:00,0.5646,0.56476,0.56416,0.56444,4203
2026-06-03 19:00:00,0.56444,0.56513,0.56437,0.56501,3710
2026-06-03 20:00:00,0.565,0.56522,0.56493,0.56513,2614
2026-06-03 21:00:00,0.56512,0.56523,0.56491,0.56495,2269
2026-06-03 22:00:00,0.56496,0.56496,0.56468,0.56472,2271
2026-06-03 23:00:00,0.56471,0.56481,0.56448,0.5645,1313
2026-06-04 00:00:00,0.56431,0.56457,0.56358,0.56413,912
2026-06-04 01:00:00,0.56408,0.56479,0.56377,0.56459,1709
2026-06-04 02:00:00,0.5646,0.56467,0.56394,0.56424,1598
2026-06-04 03:00:00,0.56421,0.56435,0.56391,0.56412,3336
2026-06-04 04:00:00,0.56411,0.56428,0.56363,0.56376,3308
2026-06-04 05:00:00,0.56377,0.56377,0.56313,0.56331,2927
2026-06-04 06:00:00,0.56332,0.56375,0.56327,0.56373,1946
2026-06-04 07:00:00,0.56373,0.56386,0.56355,0.56357,1674
2026-06-04 08:00:00,0.56358,0.56371,0.56338,0.56356,2102
2026-06-04 09:00:00,0.56355,0.56463,0.56349,0.56453,2898
2026-06-04 10:00:00,0.56453,0.56469,0.56436,0.56452,3264
2026-06-04 11:00:00,0.56453,0.56466,0.56362,0.56389,3313
2026-06-04 12:00:00,0.56382,0.56385,0.56331,0.56338,3593
2026-06-04 13:00:00,0.56338,0.56346,0.56304,0.56314,2646
2026-06-04 14:00:00,0.56315,0.56317,0.56209,0.56244,3776
2026-06-04 15:00:00,0.56245,0.56251,0.56165,0.56239,4179
2026-06-04 16:00:00,0.5624,0.56289,0.56222,0.56274,4647
2026-06-04 17:00:00,0.56274,0.56303,0.56256,0.56271,4844
2026-06-04 18:00:00,0.56272,0.5631,0.5627,0.56303,3390
2026-06-04 19:00:00,0.56303,0.56322,0.56292,0.56315,2456
2026-06-04 20:00:00,0.56314,0.56326,0.56304,0.5631,2051
2026-06-04 21:00:00,0.56311,0.56332,0.56305,0.56311,2261
2026-06-04 22:00:00,0.56312,0.56323,0.56306,0.56312,1817
2026-06-04 23:00:00,0.56313,0.56325,0.56302,0.56304,1051
2026-06-05 00:00:00,0.56269,0.56296,0.56122,0.56241,1013
2026-06-05 01:00:00,0.56243,0.56316,0.56243,0.56307,810
2026-06-05 02:00:00,0.56306,0.56316,0.56252,0.56264,925
2026-06-05 03:00:00,0.56261,0.56269,0.56199,0.56202,3087
2026-06-05 04:00:00,0.56202,0.56207,0.56084,0.56187,3542
2026-06-05 05:00:00,0.56187,0.56247,0.56174,0.56233,2435
2026-06-05 06:00:00,0.56235,0.56255,0.56197,0.56204,2050
2026-06-05 07:00:00,0.56204,0.56248,0.56199,0.56234,1839
2026-06-05 08:00:00,0.56234,0.5624,0.56165,0.56174,1919
2026-06-05 09:00:00,0.56172,0.56192,0.56121,0.56153,3147
2026-06-05 10:00:00,0.56153,0.56188,0.56123,0.56166,3102
2026-06-05 11:00:00,0.56165,0.56213,0.56161,0.5619,2903
2026-06-05 12:00:00,0.56191,0.56235,0.56189,0.56219,2752
2026-06-05 13:00:00,0.56218,0.56241,0.56209,0.56237,2267
2026-06-05 14:00:00,0.56236,0.56286,0.56216,0.56273,2329
2026-06-05 15:00:00,0.56274,0.56374,0.56169,0.56323,4912
2026-06-05 16:00:00,0.56325,0.56334,0.56179,0.56182,6620
2026-06-05 17:00:00,0.56182,0.56226,0.56141,0.5622,6293
2026-06-05 18:00:00,0.56223,0.56228,0.56143,0.56143,5139
2026-06-05 19:00:00,0.56142,0.56149,0.561,0.56143,4631
2026-06-05 20:00:00,0.56144,0.56195,0.56137,0.56174,4108
2026-06-05 21:00:00,0.56175,0.56176,0.5607,0.56072,4361
2026-06-05 22:00:00,0.5607,0.56089,0.56053,0.56071,4296
2026-06-05 23:00:00,0.5607,0.56077,0.56017,0.56042,2677
2026-06-08 00:00:00,0.55808,0.55954,0.55731,0.55934,208
2026-06-08 01:00:00,0.55936,0.56087,0.55934,0.56048,2943
2026-06-08 02:00:00,0.56051,0.56094,0.5605,0.5609,2304
2026-06-08 03:00:00,0.5609,0.56187,0.56074,0.56166,3071
2026-06-08 04:00:00,0.56167,0.56212,0.56096,0.56211,6026
2026-06-08 05:00:00,0.56211,0.56242,0.56182,0.56229,4304
2026-06-08 06:00:00,0.56229,0.56246,0.56155,0.56171,3301
2026-06-08 07:00:00,0.56172,0.56195,0.56126,0.56127,2939
2026-06-08 08:00:00,0.56126,0.56149,0.56107,0.5613,4895
2026-06-08 09:00:00,0.56127,0.56174,0.56121,0.56158,4722
2026-06-08 10:00:00,0.56156,0.56254,0.56154,0.56234,4858
2026-06-08 11:00:00,0.56234,0.56278,0.562,0.56245,4256
2026-06-08 12:00:00,0.56244,0.5628,0.56206,0.56273,4439
2026-06-08 13:00:00,0.56271,0.56303,0.56227,0.5627,3802
2026-06-08 14:00:00,0.56269,0.56339,0.56257,0.56308,4496
2026-06-08 15:00:00,0.56309,0.56335,0.56252,0.56264,4357
2026-06-08 16:00:00,0.56263,0.56265,0.56164,0.56193,5980
2026-06-08 17:00:00,0.56194,0.56272,0.56177,0.56246,5910
2026-06-08 18:00:00,0.56248,0.56266,0.56209,0.5623,4701
2026-06-08 19:00:00,0.5623,0.56242,0.56206,0.56222,4170
2026-06-08 20:00:00,0.56222,0.56222,0.56181,0.56207,4300
2026-06-08 21:00:00,0.56206,0.56234,0.56197,0.56208,3391
2026-06-08 22:00:00,0.5621,0.56231,0.56177,0.5623,3698
2026-06-08 23:00:00,0.56229,0.56234,0.56194,0.56203,1521
2026-06-09 00:00:00,0.56168,0.5618,0.56128,0.56158,336
2026-06-09 01:00:00,0.56158,0.56205,0.56154,0.56198,1267
2026-06-09 02:00:00,0.56199,0.56208,0.56165,0.56182,1389
2026-06-09 03:00:00,0.56181,0.56208,0.5615,0.56207,4243
2026-06-09 04:00:00,0.56207,0.56281,0.56202,0.56269,4412
2026-06-09 05:00:00,0.56269,0.56276,0.56192,0.56212,3390
2026-06-09 06:00:00,0.56212,0.56221,0.56158,0.56183,3243
2026-06-09 07:00:00,0.56183,0.56242,0.56168,0.56224,2335
2026-06-09 08:00:00,0.56224,0.56243,0.56179,0.56198,3606
2026-06-09 09:00:00,0.56199,0.56279,0.56199,0.56214,3720
2026-06-09 10:00:00,0.56215,0.56237,0.56175,0.56197,4272
2026-06-09 11:00:00,0.56198,0.56223,0.56141,0.5616,4114
2026-06-09 12:00:00,0.56161,0.56181,0.56138,0.56142,2898
2026-06-09 13:00:00,0.56142,0.56188,0.56119,0.56181,2699
2026-06-09 14:00:00,0.56181,0.56185,0.56143,0.56169,2596
2026-06-09 15:00:00,0.5617,0.56178,0.56146,0.56172,3043
2026-06-09 16:00:00,0.56173,0.56181,0.56083,0.56109,4834
2026-06-09 17:00:00,0.5611,0.56141,0.56059,0.56101,6998
2026-06-09 18:00:00,0.56102,0.56118,0.56006,0.56013,7528
2026-06-09 19:00:00,0.56013,0.56044,0.55968,0.56006,7845
2026-06-09 20:00:00,0.56004,0.5607,0.56004,0.56057,6462
2026-06-09 21:00:00,0.56056,0.56117,0.56053,0.56107,4977
2026-06-09 22:00:00,0.56106,0.56119,0.56074,0.56113,5217
2026-06-09 23:00:00,0.56114,0.56122,0.5609,0.56094,1843
2026-06-10 00:00:00,0.55972,0.56086,0.55933,0.56008,346
2026-06-10 01:00:00,0.56016,0.56104,0.56016,0.56074,1800
2026-06-10 02:00:00,0.56075,0.5614,0.56066,0.56136,2005
2026-06-10 03:00:00,0.56133,0.56161,0.56088,0.56144,4820
2026-06-10 04:00:00,0.56144,0.56177,0.56125,0.56162,5433
2026-06-10 05:00:00,0.56161,0.56164,0.56106,0.56113,4286
2026-06-10 06:00:00,0.56114,0.56138,0.56107,0.56126,3235
2026-06-10 07:00:00,0.56128,0.56132,0.56062,0.56074,3390
2026-06-10 08:00:00,0.56075,0.56075,0.55998,0.56011,4377
2026-06-10 09:00:00,0.56013,0.56053,0.55997,0.56019,3755
2026-06-10 10:00:00,0.56017,0.56051,0.55998,0.56029,3811
2026-06-10 11:00:00,0.56027,0.56047,0.55993,0.55994,4567
2026-06-10 12:00:00,0.55993,0.55995,0.55949,0.55974,4433
2026-06-10 13:00:00,0.55975,0.55997,0.55941,0.55995,3775
2026-06-10 14:00:00,0.55994,0.55999,0.55923,0.55951,6128
2026-06-10 15:00:00,0.5595,0.56061,0.55911,0.55966,6195
2026-06-10 16:00:00,0.55966,0.56057,0.55954,0.56045,6763
2026-06-10 17:00:00,0.56047,0.5606,0.56002,0.56019,6960
2026-06-10 18:00:00,0.5602,0.56081,0.55998,0.5605,7103
2026-06-10 19:00:00,0.56053,0.56073,0.56024,0.56031,5946
2026-06-10 20:00:00,0.56033,0.5606,0.56017,0.56049,5535
2026-06-10 21:00:00,0.5605,0.56064,0.56003,0.56032,5051
2026-06-10 22:00:00,0.56033,0.56038,0.5598,0.55987,4941
2026-06-10 23:00:00,0.55987,0.55994,0.5596,0.55972,2359
2026-06-11 00:00:00,0.55909,0.55986,0.55749,0.55887,931
2026-06-11 01:00:00,0.55899,0.55966,0.55894,0.55943,2795
2026-06-11 02:00:00,0.55944,0.55983,0.55935,0.55946,3600
2026-06-11 03:00:00,0.55945,0.5597,0.55907,0.55925,5774
2026-06-11 04:00:00,0.55924,0.55959,0.55903,0.55935,4918
2026-06-11 05:00:00,0.55934,0.55936,0.55894,0.55921,4376
2026-06-11 06:00:00,0.55922,0.55933,0.55892,0.55917,3473
2026-06-11 07:00:00,0.55918,0.55958,0.55913,0.55951,2777
2026-06-11 08:00:00,0.55951,0.55967,0.55937,0.55939,3317
2026-06-11 09:00:00,0.55938,0.55968,0.55926,0.55937,3534
2026-06-11 10:00:00,0.55936,0.55954,0.55911,0.5595,3594
2026-06-11 11:00:00,0.55949,0.55959,0.55918,0.55947,3704
2026-06-11 12:00:00,0.55948,0.55982,0.55934,0.55936,2855
2026-06-11 13:00:00,0.55935,0.55969,0.55927,0.55933,2762
2026-06-11 14:00:00,0.5593,0.55934,0.55889,0.55897,3451
2026-06-11 15:00:00,0.55896,0.55935,0.55827,0.55836,5775
2026-06-11 16:00:00,0.55836,0.55892,0.55816,0.55883,6544
2026-06-11 17:00:00,0.55884,0.55945,0.55859,0.55899,6561
2026-06-11 18:00:00,0.559,0.56005,0.55889,0.55993,6181
2026-06-11 19:00:00,0.55993,0.56022,0.55964,0.5597,4938
2026-06-11 20:00:00,0.5597,0.56074,0.55951,0.56044,7262
2026-06-11 21:00:00,0.56046,0.56049,0.56009,0.56015,6925
2026-06-11 22:00:00,0.56014,0.56048,0.56005,0.56029,6130
2026-06-11 23:00:00,0.56028,0.56033,0.55983,0.56033,2897
2026-06-12 00:00:00,0.55953,0.56005,0.55917,0.55964,628
2026-06-12 01:00:00,0.55948,0.56032,0.55948,0.56013,1860
2026-06-12 02:00:00,0.56016,0.56043,0.55996,0.5603,2292
2026-06-12 03:00:00,0.56029,0.56065,0.56008,0.56061,4321
2026-06-12 04:00:00,0.56059,0.56063,0.5596,0.56004,4379
2026-06-12 05:00:00,0.56004,0.5603,0.55958,0.56011,3419
2026-06-12 06:00:00,0.56012,0.5603,0.55995,0.56007,3443
2026-06-12 07:00:00,0.56007,0.5605,0.55998,0.56033,2877
2026-06-12 08:00:00,0.56031,0.56035,0.55962,0.55985,3926
2026-06-12 09:00:00,0.55978,0.56033,0.55976,0.55995,4058
2026-06-12 10:00:00,0.55994,0.56045,0.55944,0.56001,4469
2026-06-12 11:00:00,0.56002,0.5605,0.55981,0.56018,5130
2026-06-12 12:00:00,0.56018,0.56082,0.56008,0.56035,4311
2026-06-12 13:00:00,0.56037,0.56073,0.5602,0.56062,3956
2026-06-12 14:00:00,0.56063,0.56072,0.56035,0.56047,3577
2026-06-12 15:00:00,0.56045,0.56096,0.56034,0.56074,4401
2026-06-12 16:00:00,0.56075,0.56119,0.56057,0.56103,6042
2026-06-12 17:00:00,0.56085,0.56165,0.56071,0.56163,6695
2026-06-12 18:00:00,0.56166,0.56181,0.56108,0.56113,6311
2026-06-12 19:00:00,0.56112,0.56171,0.56103,0.56143,5597
2026-06-12 20:00:00,0.56144,0.56159,0.56126,0.5615,3844
2026-06-12 21:00:00,0.56151,0.56153,0.56132,0.56146,3179
2026-06-12 22:00:00,0.56145,0.5617,0.56133,0.56167,3285
2026-06-12 23:00:00,0.56168,0.56178,0.56107,0.56112,1495
2026-06-15 00:00:00,0.55986,0.56244,0.55967,0.56225,521
2026-06-15 01:00:00,0.56227,0.56254,0.56138,0.56164,4162
2026-06-15 02:00:00,0.56163,0.56191,0.56136,0.56167,2601
2026-06-15 03:00:00,0.56169,0.56228,0.56144,0.56152,3657
2026-06-15 04:00:00,0.56153,0.56212,0.56138,0.56202,3420
2026-06-15 05:00:00,0.56201,0.56219,0.5618,0.56195,2447
2026-06-15 06:00:00,0.56194,0.56233,0.56189,0.5621,2189
2026-06-15 07:00:00,0.56211,0.56215,0.56164,0.56179,2010
2026-06-15 08:00:00,0.5618,0.56192,0.56137,0.56143,2544
2026-06-15 09:00:00,0.56146,0.56178,0.56142,0.56154,3327
2026-06-15 10:00:00,0.56155,0.5616,0.56041,0.561,3654
2026-06-15 11:00:00,0.56101,0.56115,0.56065,0.56094,3154
2026-06-15 12:00:00,0.56093,0.56105,0.56068,0.56075,2710
2026-06-15 13:00:00,0.56073,0.56086,0.56038,0.56062,2371
2026-06-15 14:00:00,0.56064,0.56099,0.56052,0.56098,2675
2026-06-15 15:00:00,0.56098,0.56101,0.5604,0.56059,3283
2026-06-15 16:00:00,0.56059,0.56072,0.56036,0.56049,3945
2026-06-15 17:00:00,0.56048,0.56179,0.56045,0.56165,4933
2026-06-15 18:00:00,0.56164,0.56198,0.56164,0.56191,3368
2026-06-15 19:00:00,0.5619,0.56212,0.56171,0.56187,2545
2026-06-15 20:00:00,0.56188,0.56194,0.56159,0.56177,2193
2026-06-15 21:00:00,0.56178,0.56179,0.56153,0.56166,2405
2026-06-15 22:00:00,0.56165,0.56199,0.56163,0.56199,2561
2026-06-15 23:00:00,0.56198,0.562,0.56175,0.56184,1092
2026-06-16 00:00:00,0.56153,0.56186,0.56039,0.56141,360
2026-06-16 01:00:00,0.56115,0.56194,0.56106,0.56178,939
2026-06-16 02:00:00,0.56177,0.56193,0.56168,0.56181,1129
2026-06-16 03:00:00,0.5618,0.56181,0.56158,0.5617,2462
2026-06-16 04:00:00,0.56171,0.5618,0.5612,0.56131,3112
2026-06-16 05:00:00,0.5613,0.5614,0.56095,0.56139,2373
2026-06-16 06:00:00,0.56138,0.56154,0.5612,0.56141,2090
2026-06-16 07:00:00,0.56142,0.56142,0.56064,0.56096,2592
2026-06-16 08:00:00,0.56097,0.56115,0.56028,0.56082,2659
2026-06-16 09:00:00,0.56084,0.56113,0.56068,0.56076,3036
2026-06-16 10:00:00,0.56078,0.56127,0.56073,0.56122,2830
2026-06-16 11:00:00,0.56121,0.56168,0.56091,0.56157,2896
2026-06-16 12:00:00,0.56157,0.56196,0.56146,0.56172,2677
2026-06-16 13:00:00,0.56171,0.56212,0.56164,0.56198,2352
2026-06-16 14:00:00,0.56199,0.56207,0.56174,0.56204,2298
2026-06-16 15:00:00,0.56205,0.56212,0.56186,0.56196,3039
2026-06-16 16:00:00,0.56199,0.56234,0.5618,0.56204,4066
2026-06-16 17:00:00,0.56204,0.56217,0.56104,0.56136,4674
2026-06-16 18:00:00,0.56135,0.56155,0.56081,0.56096,4236
2026-06-16 19:00:00,0.56097,0.56105,0.56055,0.56067,3545
2026-06-16 20:00:00,0.56067,0.56077,0.56046,0.56071,2728
2026-06-16 21:00:00,0.5607,0.5609,0.56068,0.56089,2263
2026-06-16 22:00:00,0.56088,0.56092,0.56045,0.56051,2437
2026-06-16 23:00:00,0.5605,0.56059,0.56037,0.56043,1005
2026-06-17 00:00:00,0.56019,0.56032,0.55983,0.56018,280
2026-06-17 01:00:00,0.55997,0.56059,0.55997,0.56046,1033
2026-06-17 02:00:00,0.56045,0.56053,0.56024,0.56036,1306
2026-06-17 03:00:00,0.56035,0.56044,0.56011,0.56018,2875
2026-06-17 04:00:00,0.56017,0.56032,0.56004,0.56014,2276
2026-06-17 05:00:00,0.56015,0.56016,0.55963,0.55973,1722
2026-06-17 06:00:00,0.55974,0.55976,0.55943,0.55953,1779
2026-06-17 07:00:00,0.55953,0.5596,0.5592,0.55924,1592
2026-06-17 08:00:00,0.55925,0.55937,0.55889,0.55906,1702
2026-06-17 09:00:00,0.55905,0.55913,0.55863,0.55876,2305
2026-06-17 10:00:00,0.55875,0.55902,0.55841,0.55888,2816
2026-06-17 11:00:00,0.55887,0.55925,0.55859,0.55913,2940
2026-06-17 12:00:00,0.55912,0.55925,0.55878,0.5589,2216
2026-06-17 13:00:00,0.55892,0.55927,0.55878,0.55924,2146
2026-06-17 14:00:00,0.55925,0.55998,0.55917,0.55974,2507
2026-06-17 15:00:00,0.55971,0.55988,0.55933,0.55974,2839
2026-06-17 16:00:00,0.55975,0.56043,0.55972,0.56018,3581
2026-06-17 17:00:00,0.56018,0.56092,0.56017,0.56042,4636
2026-06-17 18:00:00,0.56041,0.56099,0.56038,0.56068,3708
2026-06-17 19:00:00,0.56066,0.56101,0.56054,0.56095,2659
2026-06-17 20:00:00,0.56096,0.56107,0.56016,0.56016,2839
2026-06-17 21:00:00,0.56003,0.56161,0.55929,0.56131,9193
2026-06-17 22:00:00,0.5613,0.56171,0.56052,0.56093,8641
2026-06-17 23:00:00,0.56092,0.56124,0.56064,0.56081,3054
2026-06-18 00:00:00,0.56081,0.56084,0.56028,0.5604,850
2026-06-18 01:00:00,0.56046,0.5612,0.56033,0.56091,1447
2026-06-18 02:00:00,0.56093,0.56111,0.5609,0.56102,1666
2026-06-18 03:00:00,0.56102,0.56148,0.56091,0.56097,3876
2026-06-18 04:00:00,0.56096,0.56169,0.56095,0.56166,3342
2026-06-18 05:00:00,0.56166,0.56218,0.56164,0.562,2341
2026-06-18 06:00:00,0.56199,0.56226,0.56197,0.56219,1986
2026-06-18 07:00:00,0.56219,0.56224,0.5615,0.56161,2320
2026-06-18 08:00:00,0.56161,0.5621,0.56154,0.56198,2632
2026-06-18 09:00:00,0.56196,0.56229,0.56155,0.56224,3361
2026-06-18 10:00:00,0.56223,0.56275,0.56164,0.56264,3703
2026-06-18 11:00:00,0.56264,0.56326,0.5624,0.56262,4038
2026-06-18 12:00:00,0.56259,0.56326,0.5624,0.563,3694
2026-06-18 13:00:00,0.56301,0.56333,0.56285,0.56305,3849
2026-06-18 14:00:00,0.56301,0.56355,0.5628,0.56346,4239
2026-06-18 15:00:00,0.56348,0.56413,0.56299,0.56396,4426
2026-06-18 16:00:00,0.56395,0.56437,0.56374,0.56435,5871
2026-06-18 17:00:00,0.56436,0.56455,0.5639,0.56438,5770
2026-06-18 18:00:00,0.56437,0.56458,0.564,0.56427,5120
2026-06-18 19:00:00,0.56426,0.56473,0.56422,0.56465,3939
2026-06-18 20:00:00,0.56466,0.56502,0.56459,0.5648,2984
2026-06-18 21:00:00,0.56481,0.5649,0.56465,0.56467,3131
2026-06-18 22:00:00,0.56465,0.565,0.56438,0.56438,3920
2026-06-18 23:00:00,0.56437,0.56448,0.56412,0.56421,1516
2026-06-19 00:00:00,0.56306,0.56426,0.56306,0.56385,480
2026-06-19 01:00:00,0.56401,0.56455,0.56401,0.56436,1430
2026-06-19 02:00:00,0.56437,0.56453,0.56429,0.56443,1141
2026-06-19 03:00:00,0.56442,0.56446,0.56412,0.56419,2705
2026-06-19 04:00:00,0.5642,0.56437,0.56389,0.56431,2395
2026-06-19 05:00:00,0.56431,0.5649,0.56426,0.56487,2235
2026-06-19 06:00:00,0.56489,0.56517,0.56454,0.56458,2585
2026-06-19 07:00:00,0.56459,0.56524,0.56445,0.56519,2882
2026-06-19 08:00:00,0.5652,0.56586,0.56516,0.56572,3284
2026-06-19 09:00:00,0.56571,0.56588,0.56547,0.56549,3162
2026-06-19 10:00:00,0.56549,0.56599,0.56542,0.56594,3170
2026-06-19 11:00:00,0.56594,0.56619,0.56537,0.56553,3520
2026-06-19 12:00:00,0.56553,0.56562,0.56509,0.56526,2903
2026-06-19 13:00:00,0.56525,0.56562,0.56523,0.56552,2792
2026-06-19 14:00:00,0.56552,0.56571,0.56536,0.56565,2435
2026-06-19 15:00:00,0.56564,0.56622,0.56558,0.5662,3316
2026-06-19 16:00:00,0.56621,0.56661,0.56582,0.56589,3640
2026-06-19 17:00:00,0.5659,0.5665,0.56578,0.56639,3080
2026-06-19 18:00:00,0.56638,0.56644,0.56594,0.56615,2122
2026-06-19 19:00:00,0.56612,0.5662,0.56588,0.56591,1389
2026-06-19 20:00:00,0.56592,0.56607,0.56567,0.56585,3365
2026-06-19 21:00:00,0.56585,0.5659,0.56553,0.5656,2832
2026-06-19 22:00:00,0.56561,0.56582,0.56521,0.56559,6227
2026-06-19 23:00:00,0.5656,0.56584,0.56488,0.56514,4695
2026-06-22 00:00:00,0.5651,0.56621,0.56495,0.56553,239
2026-06-22 01:00:00,0.56554,0.56613,0.56532,0.56585,1775
2026-06-22 02:00:00,0.56584,0.56587,0.56562,0.56578,1744
2026-06-22 03:00:00,0.5658,0.56663,0.5657,0.56647,3121
2026-06-22 04:00:00,0.56648,0.56677,0.56621,0.56635,3858
2026-06-22 05:00:00,0.56635,0.56635,0.56575,0.56595,2701
2026-06-22 06:00:00,0.56596,0.56638,0.56585,0.56616,2660
2026-06-22 07:00:00,0.56617,0.56639,0.56602,0.56626,2266
2026-06-22 08:00:00,0.56627,0.56649,0.56592,0.56601,2705
2026-06-22 09:00:00,0.56602,0.56622,0.56544,0.56586,3446
2026-06-22 10:00:00,0.56586,0.56624,0.56563,0.56592,3419
2026-06-22 11:00:00,0.56594,0.56605,0.56516,0.56516,3714
2026-06-22 12:00:00,0.56513,0.56538,0.565,0.56512,3241
2026-06-22 13:00:00,0.56513,0.56576,0.56512,0.56558,2752
2026-06-22 14:00:00,0.56558,0.56622,0.56556,0.56618,2925
2026-06-22 15:00:00,0.56619,0.56657,0.56598,0.56644,3606
2026-06-22 16:00:00,0.56643,0.56726,0.56642,0.56695,5309
2026-06-22 17:00:00,0.56696,0.56706,0.56584,0.56618,6254
2026-06-22 18:00:00,0.56619,0.56652,0.56604,0.56626,4902
2026-06-22 19:00:00,0.56626,0.56656,0.5662,0.56644,3378
2026-06-22 20:00:00,0.56645,0.5666,0.56637,0.56646,2415
2026-06-22 21:00:00,0.56646,0.56653,0.5663,0.56639,2235
2026-06-22 22:00:00,0.5664,0.56645,0.56595,0.56595,2628
2026-06-22 23:00:00,0.56597,0.56608,0.56587,0.56597,1095
2026-06-23 00:00:00,0.56564,0.56628,0.56528,0.56571,202
2026-06-23 01:00:00,0.56578,0.5662,0.56574,0.56594,1068
2026-06-23 02:00:00,0.56592,0.566,0.56567,0.56567,1097
2026-06-23 03:00:00,0.56568,0.56568,0.56488,0.56502,3189
2026-06-23 04:00:00,0.56503,0.56517,0.56436,0.56456,3683
2026-06-23 05:00:00,0.56458,0.56473,0.56402,0.56405,3401
2026-06-23 06:00:00,0.56406,0.56415,0.56363,0.56404,2923
2026-06-23 07:00:00,0.56405,0.56414,0.56363,0.56372,2633
2026-06-23 08:00:00,0.56373,0.56375,0.56312,0.56322,3259
2026-06-23 09:00:00,0.56325,0.56342,0.56207,0.56253,4335
2026-06-23 10:00:00,0.56253,0.56259,0.56184,0.56212,4768
2026-06-23 11:00:00,0.56211,0.56265,0.56197,0.56247,4428
2026-06-23 12:00:00,0.56248,0.56338,0.56247,0.56332,3165
2026-06-23 13:00:00,0.56331,0.56357,0.56249,0.56251,2969
2026-06-23 14:00:00,0.56251,0.56264,0.56152,0.56158,3357
2026-06-23 15:00:00,0.56157,0.56181,0.56103,0.56128,4156
2026-06-23 16:00:00,0.5613,0.56161,0.56008,0.56096,5298
2026-06-23 17:00:00,0.56095,0.56167,0.56079,0.56106,5461
2026-06-23 18:00:00,0.56107,0.56108,0.5604,0.56063,4841
2026-06-23 19:00:00,0.56067,0.56088,0.56032,0.56044,3510
2026-06-23 20:00:00,0.56045,0.56055,0.56002,0.56009,2547
2026-06-23 21:00:00,0.56008,0.56016,0.55965,0.55969,2460
2026-06-23 22:00:00,0.5597,0.56005,0.55962,0.55983,3404
2026-06-23 23:00:00,0.55985,0.56,0.55968,0.55968,1022
2026-06-24 00:00:00,0.5599,0.56003,0.55925,0.55969,340
2026-06-24 01:00:00,0.55976,0.56017,0.55959,0.55959,1114
2026-06-24 02:00:00,0.5596,0.55989,0.55947,0.55989,1556
2026-06-24 03:00:00,0.5599,0.56057,0.55986,0.56041,3825
2026-06-24 04:00:00,0.56041,0.56083,0.55975,0.56007,4111
2026-06-24 05:00:00,0.56008,0.56028,0.5594,0.55945,3104
2026-06-24 06:00:00,0.55947,0.56018,0.55943,0.55959,3436
2026-06-24 07:00:00,0.55957,0.56026,0.55938,0.56019,2418
2026-06-24 08:00:00,0.56019,0.56066,0.56018,0.56044,2885
2026-06-24 09:00:00,0.56041,0.56086,0.5602,0.56045,3369
2026-06-24 10:00:00,0.56046,0.56056,0.55994,0.55998,3193
2026-06-24 11:00:00,0.55998,0.56011,0.55954,0.55971,3692
2026-06-24 12:00:00,0.55972,0.55984,0.55933,0.55939,3452
2026-06-24 13:00:00,0.55939,0.55984,0.55924,0.5598,2986
2026-06-24 14:00:00,0.55981,0.56043,0.55976,0.56031,3505
2026-06-24 15:00:00,0.5603,0.56073,0.56007,0.56055,4581
2026-06-24 16:00:00,0.56056,0.56081,0.56,0.56058,5839
2026-06-24 17:00:00,0.5606,0.56066,0.55991,0.56055,6265
2026-06-24 18:00:00,0.56057,0.56059,0.55976,0.56021,5017
2026-06-24 19:00:00,0.56021,0.5604,0.56,0.56028,3872
2026-06-24 20:00:00,0.56028,0.56034,0.55947,0.55957,4235
2026-06-24 21:00:00,0.55958,0.55983,0.55927,0.55939,4215
2026-06-24 22:00:00,0.55939,0.56019,0.55925,0.56017,3882
2026-06-24 23:00:00,0.56017,0.56069,0.56006,0.56047,2269
2026-06-25 00:00:00,0.56017,0.56037,0.55898,0.5599,383
2026-06-25 01:00:00,0.55994,0.56046,0.55976,0.56019,1909
2026-06-25 02:00:00,0.5602,0.56057,0.56015,0.56053,1123
2026-06-25 03:00:00,0.56057,0.56058,0.55999,0.56004,3370
2026-06-25 04:00:00,0.56003,0.56052,0.5593,0.55955,4314
2026-06-25 05:00:00,0.55956,0.55968,0.55866,0.55933,3373
2026-06-25 06:00:00,0.55933,0.55938,0.55887,0.55916,2707
2026-06-25 07:00:00,0.55916,0.55973,0.55912,0.5597,2132
2026-06-25 08:00:00,0.55971,0.55987,0.55934,0.55935,2587
2026-06-25 09:00:00,0.55933,0.55969,0.55911,0.55941,3129
2026-06-25 10:00:00,0.55942,0.55987,0.55914,0.55973,2999
2026-06-25 11:00:00,0.55973,0.55987,0.55933,0.55957,3232
2026-06-25 12:00:00,0.55957,0.55997,0.55953,0.55989,2591
2026-06-25 13:00:00,0.5599,0.56004,0.5597,0.55999,2318
2026-06-25 14:00:00,0.55999,0.56037,0.55997,0.56025,2671
2026-06-25 15:00:00,0.56027,0.56083,0.55934,0.56077,4674
2026-06-25 16:00:00,0.56075,0.56077,0.55883,0.55886,6068
2026-06-25 17:00:00,0.55887,0.55956,0.55874,0.55936,7735
2026-06-25 18:00:00,0.5594,0.56021,0.55936,0.56007,6018
2026-06-25 19:00:00,0.56007,0.56049,0.56,0.56016,4762
2026-06-25 20:00:00,0.56017,0.56037,0.56,0.56028,3467
2026-06-25 21:00:00,0.56029,0.56034,0.55977,0.55991,3959
2026-06-25 22:00:00,0.5599,0.55995,0.55946,0.55962,3815
2026-06-25 23:00:00,0.55961,0.55977,0.55946,0.55977,1508
2026-06-26 00:00:00,0.55923,0.55959,0.55726,0.55891,369
2026-06-26 01:00:00,0.55889,0.55964,0.55889,0.55952,1586
2026-06-26 02:00:00,0.55952,0.55996,0.55929,0.55935,1784
2026-06-26 03:00:00,0.55936,0.55943,0.55886,0.55896,3759
2026-06-26 04:00:00,0.55897,0.55922,0.55839,0.55855,3994
2026-06-26 05:00:00,0.55858,0.55861,0.5575,0.55768,3712
2026-06-26 06:00:00,0.55768,0.55786,0.55719,0.55783,3579
2026-06-26 07:00:00,0.55783,0.55801,0.55669,0.55677,3415
2026-06-26 08:00:00,0.55679,0.55773,0.55672,0.55747,3471
2026-06-26 09:00:00,0.55752,0.55813,0.55718,0.558,3444
2026-06-26 10:00:00,0.55801,0.55807,0.55684,0.55723,3541
2026-06-26 11:00:00,0.55721,0.55757,0.55685,0.55737,4055
2026-06-26 12:00:00,0.55737,0.55815,0.55729,0.55765,3399
2026-06-26 13:00:00,0.55765,0.55808,0.55761,0.55798,3023
2026-06-26 14:00:00,0.55799,0.55827,0.55786,0.55796,3388
2026-06-26 15:00:00,0.55793,0.55813,0.55714,0.55718,3968
2026-06-26 16:00:00,0.55719,0.55785,0.55709,0.55743,5897
2026-06-26 17:00:00,0.55743,0.55865,0.55739,0.55826,5520
2026-06-26 18:00:00,0.55824,0.55845,0.55782,0.55804,4725
2026-06-26 19:00:00,0.55802,0.55853,0.55801,0.55851,3682
2026-06-26 20:00:00,0.55852,0.55863,0.55835,0.55849,2908
2026-06-26 21:00:00,0.5585,0.55871,0.55803,0.55817,2698
2026-06-26 22:00:00,0.5582,0.55851,0.5581,0.55825,2814
2026-06-26 23:00:00,0.55826,0.55838,0.55785,0.5579,2637
2026-06-29 00:00:00,0.55776,0.55804,0.55713,0.5577,360
2026-06-29 01:00:00,0.55801,0.55872,0.55788,0.5585,1466
2026-06-29 02:00:00,0.55849,0.55868,0.55844,0.55856,1581
2026-06-29 03:00:00,0.55857,0.55859,0.5574,0.55755,4004
2026-06-29 04:00:00,0.55754,0.55795,0.55732,0.55767,3958
2026-06-29 05:00:00,0.55766,0.55808,0.5575,0.55789,3462
2026-06-29 06:00:00,0.55789,0.55818,0.55785,0.55793,2575
2026-06-29 07:00:00,0.55794,0.55808,0.55785,0.55793,2202
2026-06-29 08:00:00,0.55792,0.55809,0.55773,0.55799,2256
2026-06-29 09:00:00,0.55803,0.55851,0.55789,0.55803,2790
2026-06-29 10:00:00,0.55804,0.55837,0.55766,0.55767,2962
2026-06-29 11:00:00,0.55766,0.55781,0.55743,0.55751,2939
2026-06-29 12:00:00,0.55749,0.55791,0.55741,0.55783,2770
2026-06-29 13:00:00,0.55784,0.5579,0.55759,0.55772,2392
2026-06-29 14:00:00,0.55773,0.55796,0.55742,0.55767,3084
2026-06-29 15:00:00,0.55766,0.55798,0.55758,0.55774,3312
2026-06-29 16:00:00,0.55775,0.55777,0.55657,0.55668,4053
2026-06-29 17:00:00,0.55669,0.55681,0.55602,0.55624,5899
2026-06-29 18:00:00,0.55626,0.55647,0.55604,0.55628,4649
2026-06-29 19:00:00,0.55629,0.55645,0.55618,0.55619,2853
2026-06-29 20:00:00,0.55621,0.5564,0.55602,0.55612,2432
2026-06-29 21:00:00,0.55613,0.55641,0.55613,0.55631,2179
2026-06-29 22:00:00,0.55632,0.55635,0.55612,0.55619,2041
2026-06-29 23:00:00,0.5562,0.55625,0.55603,0.55605,921
2026-06-30 00:00:00,0.55584,0.55623,0.55564,0.55584,403
2026-06-30 01:00:00,0.55589,0.55627,0.55576,0.55607,805
2026-06-30 02:00:00,0.55607,0.55619,0.55584,0.55588,980
2026-06-30 03:00:00,0.55589,0.55591,0.55499,0.55522,3018
2026-06-30 04:00:00,0.55523,0.55609,0.55501,0.5556,3878
2026-06-30 05:00:00,0.5556,0.55572,0.55521,0.55546,2788
2026-06-30 06:00:00,0.55546,0.55578,0.55546,0.55574,2327
2026-06-30 07:00:00,0.55575,0.55623,0.55574,0.5561,1753
2026-06-30 08:00:00,0.55609,0.55659,0.55609,0.5563,2408
2026-06-30 09:00:00,0.55632,0.5566,0.55613,0.55617,3361
2026-06-30 10:00:00,0.55617,0.55667,0.55584,0.55655,2897
2026-06-30 11:00:00,0.55656,0.55702,0.55654,0.55694,3551
2026-06-30 12:00:00,0.55693,0.55753,0.55692,0.55725,2611
2026-06-30 13:00:00,0.55725,0.55735,0.55693,0.5572,2274
2026-06-30 14:00:00,0.55718,0.5576,0.55698,0.55752,2598
2026-06-30 15:00:00,0.55751,0.55763,0.55692,0.55707,3577
2026-06-30 16:00:00,0.55708,0.55766,0.55706,0.55746,4247
2026-06-30 17:00:00,0.55738,0.55888,0.55728,0.55859,5552
2026-06-30 18:00:00,0.5586,0.55895,0.55857,0.55878,4383
2026-06-30 19:00:00,0.55876,0.55899,0.55855,0.55891,2567
2026-06-30 20:00:00,0.55892,0.55907,0.55881,0.55902,2058
2026-06-30 21:00:00,0.55903,0.5593,0.55885,0.55927,1925
2026-06-30 22:00:00,0.55926,0.5595,0.55918,0.55931,2286
2026-06-30 23:00:00,0.55929,0.55939,0.55909,0.55923,1398
2026-07-01 00:00:00,0.55895,0.55895,0.55829,0.55847,531
2026-07-01 01:00:00,0.55838,0.55929,0.55838,0.55916,802
2026-07-01 02:00:00,0.55914,0.55916,0.5589,0.55895,1066
2026-07-01 03:00:00,0.55895,0.5591,0.55818,0.55821,2439
2026-07-01 04:00:00,0.55821,0.55833,0.55749,0.55765,2818
2026-07-01 05:00:00,0.55766,0.55769,0.55696,0.55747,2692
2026-07-01 06:00:00,0.55748,0.55776,0.55736,0.55774,2070
2026-07-01 07:00:00,0.55776,0.55777,0.5573,0.5576,1747
2026-07-01 08:00:00,0.55759,0.55795,0.55747,0.55783,2087
2026-07-01 09:00:00,0.55782,0.55784,0.55747,0.55778,2415
2026-07-01 10:00:00,0.5578,0.55808,0.55763,0.55801,2733
2026-07-01 11:00:00,0.558,0.5583,0.55791,0.55803,2573
2026-07-01 12:00:00,0.55803,0.55841,0.55792,0.5583,2350
2026-07-01 13:00:00,0.55831,0.55854,0.55821,0.5585,1976
2026-07-01 14:00:00,0.55849,0.55896,0.55842,0.55893,2418
2026-07-01 15:00:00,0.55891,0.55944,0.55838,0.55927,3469
2026-07-01 16:00:00,0.55926,0.55937,0.55839,0.55859,6266
2026-07-01 17:00:00,0.55826,0.55882,0.5577,0.55797,6060
2026-07-01 18:00:00,0.55796,0.55827,0.55772,0.55806,4236
2026-07-01 19:00:00,0.55806,0.55815,0.55782,0.55808,3324
2026-07-01 20:00:00,0.55809,0.55814,0.55788,0.55793,2557
2026-07-01 21:00:00,0.55794,0.55804,0.5578,0.5579,2308
2026-07-01 22:00:00,0.5579,0.55811,0.55783,0.55787,2380
2026-07-01 23:00:00,0.55787,0.55798,0.55768,0.55795,1153
2026-07-02 00:00:00,0.55719,0.55788,0.55665,0.55732,492
2026-07-02 01:00:00,0.55736,0.55803,0.55733,0.55778,656
2026-07-02 02:00:00,0.55778,0.55787,0.55746,0.55748,850
2026-07-02 03:00:00,0.5575,0.55762,0.55697,0.55751,3331
2026-07-02 04:00:00,0.55752,0.558,0.55751,0.55776,3001
2026-07-02 05:00:00,0.55775,0.55793,0.55756,0.55762,2654
2026-07-02 06:00:00,0.55763,0.55773,0.55708,0.55746,2487
2026-07-02 07:00:00,0.55747,0.55754,0.55724,0.55751,2272
2026-07-02 08:00:00,0.55753,0.55766,0.5573,0.55742,2264
2026-07-02 09:00:00,0.55743,0.55755,0.55714,0.55716,3704
2026-07-02 10:00:00,0.55718,0.55719,0.55576,0.55579,4115
2026-07-02 11:00:00,0.55577,0.55615,0.55532,0.55601,3991
2026-07-02 12:00:00,0.55559,0.55593,0.55537,0.5559,3509
2026-07-02 13:00:00,0.55588,0.5561,0.55564,0.55565,2742
2026-07-02 14:00:00,0.55566,0.55588,0.55543,0.55546,2915
2026-07-02 15:00:00,0.55546,0.55668,0.55444,0.5561,6609
2026-07-02 16:00:00,0.55607,0.5573,0.55582,0.55684,7345
2026-07-02 17:00:00,0.55682,0.55693,0.55596,0.55639,6941
2026-07-02 18:00:00,0.55639,0.55646,0.55581,0.55592,5449
2026-07-02 19:00:00,0.55593,0.55595,0.55553,0.55585,4216
2026-07-02 20:00:00,0.55588,0.55622,0.55573,0.55585,3993
2026-07-02 21:00:00,0.55584,0.55619,0.5558,0.556,3519
2026-07-02 22:00:00,0.55598,0.55614,0.55563,0.55612,2856
2026-07-02 23:00:00,0.55612,0.55612,0.5559,0.55611,982
2026-07-03 00:00:00,0.55579,0.55584,0.55471,0.5555,819
2026-07-03 01:00:00,0.5555,0.55633,0.5555,0.55619,1079
2026-07-03 02:00:00,0.5562,0.55637,0.55611,0.55627,1490
2026-07-03 03:00:00,0.55626,0.55637,0.55598,0.5561,3333
2026-07-03 04:00:00,0.55611,0.55672,0.556,0.55661,4095
2026-07-03 05:00:00,0.55662,0.557,0.55643,0.55691,2658
2026-07-03 06:00:00,0.5569,0.55698,0.55659,0.55675,2033
2026-07-03 07:00:00,0.55676,0.557,0.55668,0.55672,1756
2026-07-03 08:00:00,0.55672,0.5568,0.55653,0.55664,2393
2026-07-03 09:00:00,0.55667,0.55693,0.5564,0.55654,3036
2026-07-03 10:00:00,0.55657,0.55706,0.55648,0.55686,2838
2026-07-03 11:00:00,0.55687,0.55713,0.5568,0.557,2500
2026-07-03 12:00:00,0.557,0.55727,0.55692,0.55718,1969
2026-07-03 13:00:00,0.55717,0.5573,0.55691,0.55722,1583
2026-07-03 14:00:00,0.55723,0.55739,0.5569,0.55694,2044
2026-07-03 15:00:00,0.55695,0.55726,0.55679,0.55713,2039
2026-07-03 16:00:00,0.55714,0.55744,0.55709,0.55729,2400
2026-07-03 17:00:00,0.5573,0.55738,0.55694,0.5571,2360
2026-07-03 18:00:00,0.55709,0.55735,0.557,0.55724,1624
2026-07-03 19:00:00,0.55725,0.55747,0.55715,0.55743,1083
2026-07-03 20:00:00,0.55744,0.55746,0.55699,0.55732,5818
2026-07-03 21:00:00,0.55733,0.55751,0.55685,0.55745,8700
2026-07-03 22:00:00,0.55747,0.55772,0.55707,0.55751,8529
2026-07-03 23:00:00,0.55753,0.5576,0.55696,0.55709,2340
2026-07-06,0.55654,0.55723,0.55635,0.55723,215
2026-07-06 01:00:00,0.55714,0.5576,0.55698,0.55752,1078
2026-07-06 02:00:00,0.55752,0.55772,0.55747,0.55751,1449
2026-07-06 03:00:00,0.55752,0.55752,0.55707,0.55723,3315
2026-07-06 04:00:00,0.55722,0.5577,0.55704,0.55752,3597
2026-07-06 05:00:00,0.55751,0.55771,0.55718,0.55721,2914
2026-07-06 06:00:00,0.55722,0.55724,0.5568,0.55714,2047
2026-07-06 07:00:00,0.55715,0.55775,0.5571,0.55768,1531
2026-07-06 08:00:00,0.55767,0.55791,0.55756,0.55783,2012
2026-07-06 09:00:00,0.55782,0.55825,0.55774,0.55815,2701
2026-07-06 10:00:00,0.55815,0.55855,0.55803,0.55814,2985
2026-07-06 11:00:00,0.55813,0.55839,0.55803,0.55829,2674
2026-07-06 12:00:00,0.55828,0.55856,0.55816,0.5585,2264
2026-07-06 13:00:00,0.5585,0.5587,0.55843,0.5586,1932
2026-07-06 14:00:00,0.55861,0.55909,0.55853,0.55877,2183
2026-07-06 15:00:00,0.55879,0.55888,0.55816,0.55846,2616
2026-07-06 16:00:00,0.55848,0.55938,0.5582,0.55887,3690
2026-07-06 17:00:00,0.55888,0.5598,0.55888,0.55948,3608
2026-07-06 18:00:00,0.55948,0.55992,0.55946,0.55978,2633
2026-07-06 19:00:00,0.55976,0.55986,0.55967,0.55986,2092
2026-07-06 20:00:00,0.55985,0.56008,0.55978,0.5598,2130
2026-07-06 21:00:00,0.5598,0.56011,0.5598,0.55997,1858
2026-07-06 22:00:00,0.55998,0.56018,0.55987,0.56013,1965
2026-07-06 23:00:00,0.56013,0.56021,0.55996,0.56012,883
2026-07-07 00:00:00,0.55949,0.55989,0.55803,0.55937,462
2026-07-07 01:00:00,0.55937,0.5601,0.55937,0.56,605
2026-07-07 02:00:00,0.56,0.56007,0.5599,0.55992,767
2026-07-07 03:00:00,0.55991,0.56013,0.55982,0.55985,2685
2026-07-07 04:00:00,0.55985,0.56016,0.55961,0.56008,3167
2026-07-07 05:00:00,0.56009,0.5602,0.55979,0.55983,1972
2026-07-07 06:00:00,0.55984,0.55997,0.55923,0.55952,2170
2026-07-07 07:00:00,0.55952,0.55968,0.55928,0.55928,1682
2026-07-07 08:00:00,0.55929,0.55962,0.55889,0.55955,2556
2026-07-07 09:00:00,0.55952,0.55973,0.55946,0.5597,2399
2026-07-07 10:00:00,0.5597,0.56,0.55957,0.55975,2741
2026-07-07 11:00:00,0.55974,0.56006,0.55963,0.55968,3171
2026-07-07 12:00:00,0.55968,0.56035,0.55963,0.56031,2332
2026-07-07 13:00:00,0.56032,0.5605,0.56011,0.56022,1859
2026-07-07 14:00:00,0.56021,0.56039,0.56007,0.56024,2671
2026-07-07 15:00:00,0.56023,0.56026,0.55988,0.5601,2921
2026-07-07 16:00:00,0.5601,0.56018,0.55945,0.55948,4261
2026-07-07 17:00:00,0.55949,0.55984,0.55934,0.55943,4991
2026-07-07 18:00:00,0.55944,0.55963,0.55921,0.55958,3785
2026-07-07 19:00:00,0.55958,0.55992,0.55954,0.55984,2678
2026-07-07 20:00:00,0.55983,0.56003,0.55976,0.55996,2126
2026-07-07 21:00:00,0.55997,0.56008,0.55978,0.55992,2808
2026-07-07 22:00:00,0.5599,0.56023,0.55967,0.56019,3944
2026-07-07 23:00:00,0.5602,0.56027,0.56007,0.56007,1225
2026-07-08 00:00:00,0.55913,0.55995,0.55849,0.55914,473
2026-07-08 01:00:00,0.55924,0.56005,0.55923,0.55999,661
2026-07-08 02:00:00,0.56001,0.56028,0.55994,0.55995,926
2026-07-08 03:00:00,0.55997,0.56095,0.55994,0.56095,3343
2026-07-08 04:00:00,0.56096,0.56132,0.56074,0.5612,3017
2026-07-08 05:00:00,0.56119,0.56148,0.56102,0.56113,3101
2026-07-08 06:00:00,0.56115,0.56142,0.561,0.56104,2333
2026-07-08 07:00:00,0.56104,0.56115,0.5609,0.56098,2427
2026-07-08 08:00:00,0.56099,0.5612,0.56076,0.56083,3013
2026-07-08 09:00:00,0.56088,0.56089,0.55973,0.55975,3669
2026-07-08 10:00:00,0.55976,0.55997,0.5596,0.5597,3298
2026-07-08 11:00:00,0.5597,0.55972,0.55838,0.55857,5829
2026-07-08 12:00:00,0.55855,0.55915,0.55809,0.55885,4946
2026-07-08 13:00:00,0.55885,0.55941,0.55885,0.55915,3448
2026-07-08 14:00:00,0.55914,0.55962,0.55883,0.55953,3577
2026-07-08 15:00:00,0.55952,0.56014,0.55937,0.55974,4083
2026-07-08 16:00:00,0.55976,0.56033,0.55976,0.56003,5233
2026-07-08 17:00:00,0.56002,0.56017,0.55952,0.55969,5326
2026-07-08 18:00:00,0.55968,0.56018,0.55953,0.56005,4819
2026-07-08 19:00:00,0.56006,0.56034,0.55993,0.5602,4417
2026-07-08 20:00:00,0.56023,0.56047,0.56006,0.56009,3704
2026-07-08 21:00:00,0.56011,0.56033,0.56007,0.56016,3434
2026-07-08 22:00:00,0.56015,0.56045,0.56004,0.56037,3070
2026-07-08 23:00:00,0.56038,0.56045,0.56017,0.56025,1508
2026-07-09 00:00:00,0.55929,0.56008,0.5584,0.55993,519
2026-07-09 01:00:00,0.55978,0.56044,0.55971,0.56004,861
2026-07-09 02:00:00,0.56004,0.56055,0.55996,0.56047,981
2026-07-09 03:00:00,0.56046,0.56049,0.55965,0.55979,2967
2026-07-09 04:00:00,0.55981,0.55981,0.55945,0.55953,3268
2026-07-09 05:00:00,0.55954,0.56004,0.55945,0.55973,2782
2026-07-09 06:00:00,0.55972,0.55984,0.55938,0.55969,2339
2026-07-09 07:00:00,0.55968,0.55988,0.55949,0.55983,1942
2026-07-09 08:00:00,0.55984,0.55992,0.55937,0.55969,2732
2026-07-09 09:00:00,0.55968,0.55974,0.55914,0.55925,3102
2026-07-09 10:00:00,0.55926,0.5596,0.55924,0.55938,3070
2026-07-09 11:00:00,0.55937,0.55965,0.55903,0.55964,2748
2026-07-09 12:00:00,0.55962,0.56009,0.5596,0.55974,2744
2026-07-09 13:00:00,0.55972,0.56006,0.55959,0.55977,2408
2026-07-09 14:00:00,0.55976,0.55994,0.55965,0.55983,2553
2026-07-09 15:00:00,0.55982,0.55993,0.55956,0.55975,3175
2026-07-09 16:00:00,0.55976,0.56018,0.55969,0.55997,3627
2026-07-09 17:00:00,0.55996,0.56023,0.5596,0.55969,4188
2026-07-09 18:00:00,0.55969,0.5602,0.55969,0.55982,3287
2026-07-09 19:00:00,0.55983,0.56012,0.5596,0.55976,2197
2026-07-09 20:00:00,0.55977,0.55989,0.55952,0.5598,2044
2026-07-09 21:00:00,0.5598,0.55999,0.55977,0.55996,1637
2026-07-09 22:00:00,0.55997,0.56013,0.55985,0.55996,1786
2026-07-09 23:00:00,0.55996,0.56007,0.55981,0.56007,869
2026-07-10 00:00:00,0.55882,0.55975,0.55882,0.55907,199
2026-07-10 01:00:00,0.55917,0.56013,0.55914,0.55982,662
2026-07-10 02:00:00,0.55983,0.56,0.55982,0.55996,557
2026-07-10 03:00:00,0.55998,0.56004,0.55955,0.55964,1263
2026-07-10 04:00:00,0.55953,0.55964,0.55888,0.5591,3934
2026-07-10 05:00:00,0.55911,0.55976,0.55895,0.55963,3522
2026-07-10 06:00:00,0.55962,0.55972,0.55926,0.55948,2036
2026-07-10 07:00:00,0.55947,0.55963,0.55938,0.55954,1544
2026-07-10 08:00:00,0.55955,0.55961,0.5591,0.55919,2326
2026-07-10 09:00:00,0.5592,0.55961,0.55906,0.55945,3078
2026-07-10 10:00:00,0.55944,0.55979,0.55913,0.55934,2809
2026-07-10 11:00:00,0.55933,0.55987,0.55908,0.55977,3210
2026-07-10 12:00:00,0.55977,0.56039,0.55968,0.56039,2351
2026-07-10 13:00:00,0.5604,0.56062,0.56033,0.56044,2332
2026-07-10 14:00:00,0.56044,0.56067,0.56027,0.5606,2490
2026-07-10 15:00:00,0.56059,0.56099,0.56058,0.56083,3120
2026-07-10 16:00:00,0.56083,0.56167,0.56079,0.56128,3692
2026-07-10 17:00:00,0.5613,0.56153,0.56086,0.56115,5105
2026-07-10 18:00:00,0.56115,0.5613,0.56091,0.56102,4133
2026-07-10 19:00:00,0.56106,0.56167,0.56105,0.5616,3225
2026-07-10 20:00:00,0.56159,0.56204,0.56156,0.56189,2407
2026-07-10 21:00:00,0.56191,0.56228,0.56187,0.56206,2213
2026-07-10 22:00:00,0.56205,0.56223,0.562,0.56212,1567
2026-07-10 23:00:00,0.56213,0.56225,0.5618,0.56188,1344
2026-07-13,0.5603,0.56148,0.55994,0.56118,280
2026-07-13 01:00:00,0.56116,0.5623,0.56115,0.56181,1961
2026-07-13 02:00:00,0.56182,0.56217,0.56174,0.56183,1471
2026-07-13 03:00:00,0.56185,0.56219,0.56173,0.56183,1795
2026-07-14 00:00:00,0.56312,0.5632,0.5628,0.56305,289
2026-07-14 01:00:00,0.56308,0.56377,0.56308,0.56354,1071
2026-07-14 02:00:00,0.56353,0.56364,0.56339,0.56363,1592
2026-07-14 03:00:00,0.56364,0.56372,0.56326,0.56354,4922
2026-07-14 04:00:00,0.56355,0.56375,0.56325,0.56341,4011
2026-07-14 05:00:00,0.56342,0.56362,0.56316,0.56337,3290
2026-07-14 06:00:00,0.56337,0.56389,0.56323,0.56378,3116
2026-07-14 07:00:00,0.5638,0.56422,0.56369,0.5642,2389
2026-07-14 08:00:00,0.56421,0.56441,0.56403,0.56427,2683
2026-07-14 09:00:00,0.56425,0.56447,0.56417,0.56432,3128
2026-07-14 10:00:00,0.56435,0.56511,0.56431,0.56475,3749
2026-07-14 11:00:00,0.56474,0.56474,0.56386,0.56419,3708
2026-07-14 12:00:00,0.56418,0.5646,0.56407,0.56441,3216
2026-07-14 13:00:00,0.5644,0.56464,0.56404,0.56412,3061
2026-07-14 14:00:00,0.5641,0.56416,0.56334,0.56356,3552
2026-07-14 15:00:00,0.56358,0.56359,0.56086,0.56313,6329
2026-07-14 16:00:00,0.56313,0.56362,0.56302,0.56358,6700
2026-07-14 17:00:00,0.56359,0.56427,0.56299,0.56419,6188
2026-07-14 18:00:00,0.56419,0.5645,0.56393,0.56413,4991
2026-07-14 19:00:00,0.56413,0.56427,0.56394,0.56426,3721
2026-07-14 20:00:00,0.56427,0.56458,0.56415,0.56451,3065
2026-07-14 21:00:00,0.5645,0.56457,0.56423,0.5643,2876
2026-07-14 22:00:00,0.56431,0.56441,0.56413,0.56434,2741
2026-07-14 23:00:00,0.56434,0.56441,0.56421,0.56434,1233
2026-07-15 00:00:00,0.56284,0.56389,0.56277,0.56353,394
2026-07-15 01:00:00,0.56368,0.56466,0.56364,0.56431,974
2026-07-15 02:00:00,0.56431,0.56452,0.56427,0.56438,1155
2026-07-15 03:00:00,0.56439,0.56479,0.56435,0.56464,2816
2026-07-15 04:00:00,0.56465,0.56489,0.56426,0.56487,3749
2026-07-15 05:00:00,0.56489,0.56537,0.56474,0.56532,2399
2026-07-15 06:00:00,0.56533,0.5654,0.56516,0.56532,2227
2026-07-15 07:00:00,0.56533,0.56546,0.56498,0.56509,1598
2026-07-15 08:00:00,0.56511,0.56527,0.56498,0.56508,2705
2026-07-15 09:00:00,0.56509,0.56525,0.56494,0.56522,2734
2026-07-15 10:00:00,0.56522,0.56582,0.56497,0.56565,3036
2026-07-15 11:00:00,0.56565,0.56605,0.56559,0.56603,2939
2026-07-15 12:00:00,0.56603,0.56645,0.56596,0.56644,2918
2026-07-15 13:00:00,0.56643,0.56652,0.56613,0.56617,2624
2026-07-15 14:00:00,0.56618,0.56655,0.56604,0.56651,2750
2026-07-15 15:00:00,0.56651,0.56662,0.56582,0.56595,4021
2026-07-15 16:00:00,0.56594,0.56604,0.56508,0.56525,4421
2026-07-15 17:00:00,0.56527,0.56552,0.56477,0.56504,4614
2026-07-15 18:00:00,0.56503,0.56503,0.56439,0.56447,3982
2026-07-15 19:00:00,0.56444,0.56452,0.56401,0.56434,3663
2026-07-15 20:00:00,0.56433,0.56458,0.5641,0.5642,3493
2026-07-15 21:00:00,0.5642,0.5643,0.56384,0.56388,2953
2026-07-15 22:00:00,0.56389,0.56414,0.56379,0.5641,3034
2026-07-15 23:00:00,0.56411,0.56435,0.56404,0.56421,1059
2026-07-16 00:00:00,0.56305,0.56413,0.56239,0.5634,209
2026-07-16 01:00:00,0.56334,0.56409,0.56334,0.56388,1124
2026-07-16 02:00:00,0.56386,0.56413,0.56381,0.56387,976
2026-07-16 03:00:00,0.56388,0.5641,0.56369,0.56369,1247
2026-07-17 00:00:00,0.56513,0.56543,0.56442,0.56513,382
2026-07-17 01:00:00,0.56516,0.56578,0.56506,0.56572,584
2026-07-17 02:00:00,0.56572,0.56595,0.56568,0.56592,1094
2026-07-17 03:00:00,0.56592,0.56595,0.56525,0.56564,3435
2026-07-17 04:00:00,0.56564,0.56592,0.56478,0.56495,4081
2026-07-17 05:00:00,0.56495,0.56499,0.56452,0.56468,3029
2026-07-17 06:00:00,0.56467,0.56513,0.56466,0.56479,2480
2026-07-17 07:00:00,0.56479,0.56481,0.56446,0.56472,2446
2026-07-17 08:00:00,0.56472,0.56481,0.56411,0.56434,3501
2026-07-17 09:00:00,0.56435,0.56469,0.56422,0.56436,4201
2026-07-17 10:00:00,0.56436,0.56455,0.56357,0.56373,4297
2026-07-17 11:00:00,0.56373,0.56397,0.56233,0.56236,5034
2026-07-17 12:00:00,0.56236,0.56314,0.56211,0.56298,3335
2026-07-17 13:00:00,0.56298,0.56325,0.56285,0.56317,3541
2026-07-17 14:00:00,0.56317,0.56317,0.56257,0.56296,3205
2026-07-17 15:00:00,0.56295,0.56304,0.56267,0.56272,3915
2026-07-17 16:00:00,0.56271,0.56343,0.56261,0.56336,6840
2026-07-17 17:00:00,0.56336,0.56369,0.56308,0.56313,6197
2026-07-17 18:00:00,0.56313,0.56356,0.56287,0.56349,5202
2026-07-17 19:00:00,0.56349,0.56401,0.56339,0.56381,4111
2026-07-17 20:00:00,0.5638,0.56401,0.56375,0.56381,2060
2026-07-17 21:00:00,0.56382,0.5639,0.56366,0.56378,2071
2026-07-17 22:00:00,0.56378,0.56399,0.56373,0.56382,2105
2026-07-17 23:00:00,0.56381,0.56383,0.56357,0.5637,968
2026-07-20,0.56232,0.56282,0.56204,0.56256,694
2026-07-20 01:00:00,0.56256,0.56401,0.56256,0.56401,1155
2026-07-20 02:00:00,0.56401,0.56428,0.56395,0.56421,1687
2026-07-20 03:00:00,0.56421,0.56464,0.56389,0.56438,3450
2026-07-20 04:00:00,0.56438,0.56474,0.5643,0.56457,3998
2026-07-20 05:00:00,0.56457,0.56483,0.56443,0.56462,3192
2026-07-20 06:00:00,0.56463,0.56471,0.56438,0.56461,1987
2026-07-20 07:00:00,0.56461,0.56485,0.56459,0.56466,1645
2026-07-20 08:00:00,0.56466,0.56466,0.56421,0.56441,2102
2026-07-20 09:00:00,0.56441,0.56444,0.56385,0.56433,2668
2026-07-20 10:00:00,0.56433,0.56487,0.56431,0.56451,3751
2026-07-20 11:00:00,0.5645,0.56493,0.56446,0.56493,2547
2026-07-20 12:00:00,0.56493,0.56563,0.56477,0.56551,2460
2026-07-20 13:00:00,0.56551,0.56609,0.56531,0.56608,1887
2026-07-20 14:00:00,0.56608,0.56628,0.56601,0.56621,3946
2026-07-20 15:00:00,0.56621,0.56679,0.56608,0.56656,4071
2026-07-20 16:00:00,0.56656,0.56751,0.56654,0.56751,4236
2026-07-20 17:00:00,0.56752,0.5679,0.5672,0.56725,5245
2026-07-20 18:00:00,0.56725,0.56746,0.56706,0.56742,4796
2026-07-20 19:00:00,0.56743,0.56765,0.56732,0.56747,3374
2026-07-20 20:00:00,0.56747,0.56748,0.56719,0.56732,2263
2026-07-20 21:00:00,0.56732,0.56746,0.56711,0.56713,2460
2026-07-20 22:00:00,0.56714,0.56719,0.56694,0.56702,2630
2026-07-20 23:00:00,0.56702,0.56709,0.56691,0.56708,665
2026-07-21 00:00:00,0.56598,0.56695,0.56561,0.56621,323
2026-07-21 01:00:00,0.56636,0.56692,0.56636,0.56674,1115
2026-07-21 02:00:00,0.56674,0.56718,0.5667,0.56701,1344
2026-07-21 03:00:00,0.56701,0.56761,0.5668,0.56741,3382
2026-07-21 04:00:00,0.56742,0.56782,0.56736,0.56772,3854
2026-07-21 05:00:00,0.56772,0.56804,0.56766,0.5679,3077
2026-07-21 06:00:00,0.5679,0.56801,0.56772,0.56778,2068
2026-07-21 07:00:00,0.56778,0.56786,0.5676,0.56775,1558
2026-07-21 08:00:00,0.56775,0.56795,0.5677,0.56784,1928
2026-07-21 09:00:00,0.56785,0.5684,0.56767,0.56837,2986
2026-07-21 10:00:00,0.56837,0.56858,0.56795,0.56836,3384
2026-07-21 11:00:00,0.56836,0.56905,0.5683,0.56894,3038
2026-07-21 12:00:00,0.56895,0.56907,0.56873,0.56886,2514
2026-07-21 13:00:00,0.56885,0.56887,0.56839,0.56862,3233
2026-07-21 14:00:00,0.56862,0.56886,0.56854,0.56886,2954
2026-07-21 15:00:00,0.56887,0.56896,0.56857,0.56885,3912
2026-07-21 16:00:00,0.56884,0.56905,0.56841,0.5685,5984
2026-07-21 17:00:00,0.5685,0.56943,0.56841,0.56913,6426
2026-07-21 18:00:00,0.56913,0.56946,0.56901,0.56914,4151
2026-07-21 19:00:00,0.56914,0.56921,0.56885,0.56913,2155
2026-07-21 20:00:00,0.56913,0.56928,0.56913,0.56925,1619
2026-07-21 21:00:00,0.56925,0.56949,0.56923,0.56944,1996
2026-07-21 22:00:00,0.56944,0.56954,0.56899,0.56911,1776
2026-07-21 23:00:00,0.56911,0.56912,0.56869,0.5688,838
2026-07-22 00:00:00,0.56829,0.56863,0.56771,0.5683,210
2026-07-22 01:00:00,0.5684,0.5689,0.56827,0.56882,802
2026-07-22 02:00:00,0.56882,0.56896,0.56873,0.56885,1088
2026-07-22 03:00:00,0.56886,0.56961,0.56875,0.56959,3174
2026-07-22 04:00:00,0.5696,0.56974,0.56942,0.56954,3176
2026-07-22 05:00:00,0.56954,0.56957,0.56908,0.56921,2561
2026-07-22 06:00:00,0.56919,0.56934,0.56884,0.56886,2433
2026-07-22 07:00:00,0.56886,0.56904,0.56884,0.56897,1448
2026-07-22 08:00:00,0.56897,0.569,0.56847,0.56857,2152
2026-07-22 09:00:00,0.56857,0.56864,0.56803,0.56836,2735
2026-07-22 10:00:00,0.56836,0.56855,0.56813,0.56813,3893
2026-07-22 11:00:00,0.56814,0.5682,0.56778,0.56804,3119
2026-07-22 12:00:00,0.56804,0.56831,0.5679,0.56827,2617
2026-07-22 13:00:00,0.56827,0.56852,0.56817,0.56823,2559
2026-07-22 14:00:00,0.56821,0.56851,0.56801,0.56836,3161
2026-07-22 15:00:00,0.56836,0.56841,0.56748,0.56758,3866
2026-07-22 16:00:00,0.56757,0.56822,0.56757,0.56821,5637
2026-07-22 17:00:00,0.56821,0.56922,0.56817,0.56922,5562
2026-07-22 18:00:00,0.56922,0.56942,0.56892,0.56937,3512
2026-07-22 19:00:00,0.56937,0.56968,0.56928,0.56968,2697
2026-07-22 20:00:00,0.56968,0.56971,0.56951,0.56954,1793
2026-07-22 21:00:00,0.56954,0.56984,0.56952,0.56981,1959
2026-07-22 22:00:00,0.56981,0.56989,0.56973,0.56975,1315
2026-07-22 23:00:00,0.56975,0.56997,0.56969,0.56981,1174
2026-07-23 00:00:00,0.56983,0.56983,0.56845,0.5691,309
2026-07-23 01:00:00,0.5691,0.56964,0.5691,0.56921,756
2026-07-23 02:00:00,0.56921,0.56928,0.569,0.5691,1061
2026-07-23 03:00:00,0.5691,0.56934,0.56899,0.56925,3022
2026-07-23 04:00:00,0.56925,0.57133,0.56921,0.57078,4918
2026-07-23 05:00:00,0.57078,0.57121,0.57058,0.57072,3066
2026-07-23 06:00:00,0.57072,0.57083,0.57046,0.57082,2612
2026-07-23 07:00:00,0.57081,0.57086,0.57043,0.5705,2360
2026-07-23 08:00:00,0.57049,0.57058,0.57028,0.57035,2345
2026-07-23 09:00:00,0.57035,0.57067,0.57027,0.57027,2706
2026-07-23 10:00:00,0.57027,0.57104,0.57017,0.5706,4625
2026-07-23 11:00:00,0.5706,0.57071,0.57023,0.57034,4335
2026-07-23 12:00:00,0.57034,0.57057,0.57009,0.57011,3410
2026-07-23 13:00:00,0.57011,0.57047,0.56998,0.57035,3018
2026-07-23 14:00:00,0.57035,0.57077,0.57024,0.57063,4766
2026-07-23 15:00:00,0.57063,0.57068,0.56985,0.56993,5750
2026-07-23 16:00:00,0.56994,0.57008,0.56935,0.56949,8814
2026-07-23 17:00:00,0.56949,0.56971,0.56929,0.56933,8354
2026-07-23 18:00:00,0.56933,0.57008,0.56914,0.56997,6995
2026-07-23 19:00:00,0.56997,0.57001,0.56942,0.56958,3828
2026-07-23 20:00:00,0.56958,0.56966,0.56923,0.56957,3266
2026-07-23 21:00:00,0.56957,0.5696,0.56905,0.56909,2572
2026-07-23 22:00:00,0.56909,0.56912,0.56871,0.56896,2274
2026-07-23 23:00:00,0.56897,0.56917,0.56895,0.56915,921
2026-07-24 00:00:00,0.56879,0.56901,0.56749,0.56845,538
2026-07-24 01:00:00,0.56862,0.56921,0.56853,0.5691,732
2026-07-24 02:00:00,0.56906,0.56919,0.56904,0.56912,1087
2026-07-24 03:00:00,0.56912,0.56963,0.56904,0.5695,3546
2026-07-24 04:00:00,0.56949,0.56964,0.5691,0.56958,3635
2026-07-24 05:00:00,0.56958,0.57006,0.56942,0.56976,2886
2026-07-24 06:00:00,0.56976,0.5702,0.56974,0.56982,2108
2026-07-24 07:00:00,0.56982,0.57006,0.56978,0.56997,1942
2026-07-24 08:00:00,0.56998,0.57028,0.56991,0.56992,2803
2026-07-24 09:00:00,0.56992,0.57034,0.56988,0.57032,2857
2026-07-24 10:00:00,0.57032,0.57049,0.56976,0.57009,3794
2026-07-24 11:00:00,0.57009,0.57066,0.57002,0.57055,3610
2026-07-24 12:00:00,0.57055,0.57082,0.57041,0.5708,2720
2026-07-24 13:00:00,0.5708,0.57123,0.57078,0.57113,2528
2026-07-24 14:00:00,0.57113,0.57146,0.57097,0.57138,2811
2026-07-24 15:00:00,0.57136,0.57137,0.57055,0.57066,4265
2026-07-24 16:00:00,0.57067,0.57095,0.57057,0.57061,5660
2026-07-24 17:00:00,0.57061,0.57128,0.5705,0.57128,6321
2026-07-24 18:00:00,0.57128,0.5715,0.57096,0.57136,6132
2026-07-24 19:00:00,0.57136,0.57141,0.57108,0.57138,2656
2026-07-24 20:00:00,0.57138,0.5717,0.57131,0.5716,2328
2026-07-24 21:00:00,0.5716,0.57168,0.57127,0.57133,1642
2026-07-24 22:00:00,0.57133,0.57133,0.57107,0.57121,2036
2026-07-24 23:00:00,0.57121,0.57139,0.57107,0.57123,845
2026-07-27,0.57059,0.57148,0.57026,0.57058,912
2026-07-27 01:00:00,0.57058,0.57145,0.57032,0.57109,1473
2026-07-27 02:00:00,0.57109,0.57118,0.5709,0.57092,1555
2026-07-27 03:00:00,0.57092,0.57103,0.56996,0.56997,5619
2026-07-27 04:00:00,0.56997,0.57023,0.56977,0.57017,4478
2026-07-27 05:00:00,0.57017,0.57035,0.57009,0.57026,3274
2026-07-27 06:00:00,0.57027,0.57042,0.57009,0.57033,2419
2026-07-27 07:00:00,0.57033,0.57038,0.57015,0.57025,1944
2026-07-27 08:00:00,0.57025,0.57088,0.57024,0.5708,2171
2026-07-27 09:00:00,0.5708,0.57083,0.57027,0.5707,3636
2026-07-27 10:00:00,0.57072,0.57095,0.5704,0.57074,4623
2026-07-27 11:00:00,0.57073,0.57092,0.57055,0.57069,3702
2026-07-27 12:00:00,0.57069,0.57071,0.57043,0.57059,2559
2026-07-27 13:00:00,0.57058,0.57072,0.57036,0.57069,2842
2026-07-27 14:00:00,0.57069,0.57086,0.57042,0.57056,3267
2026-07-27 15:00:00,0.57056,0.57124,0.57025,0.57117,3734
2026-07-27 16:00:00,0.57117,0.57269,0.57117,0.57254,7712
2026-07-27 17:00:00,0.57254,0.57257,0.57189,0.57242,6604
2026-07-27 18:00:00,0.57242,0.57265,0.57216,0.57242,4986
2026-07-27 19:00:00,0.57242,0.57249,0.5721,0.57216,4516
2026-07-27 20:00:00,0.57216,0.5724,0.57207,0.5724,3470
2026-07-27 21:00:00,0.5724,0.57241,0.57219,0.57234,2734
2026-07-27 22:00:00,0.57234,0.57279,0.57229,0.57276,1755
2026-07-27 23:00:00,0.57276,0.57279,0.57255,0.57261,610
2026-07-28 00:00:00,0.57137,0.572,0.57099,0.57173,219
2026-07-28 01:00:00,0.5719,0.57256,0.5719,0.57251,743
2026-07-28 02:00:00,0.57251,0.57251,0.57223,0.57248,827
2026-07-28 03:00:00,0.57248,0.57257,0.57188,0.57223,2958
2026-07-28 04:00:00,0.57223,0.57262,0.57194,0.57243,3386
2026-07-28 05:00:00,0.57243,0.57288,0.57242,0.57252,2728
2026-07-28 06:00:00,0.57252,0.57258,0.57151,0.5716,3582
2026-07-28 07:00:00,0.5716,0.57161,0.57088,0.57107,2370
2026-07-28 08:00:00,0.57107,0.57118,0.57059,0.57085,2808
2026-07-28 09:00:00,0.57085,0.5714,0.5705,0.57121,3135
2026-07-28 10:00:00,0.57121,0.57148,0.5711,0.57141,3389
2026-07-28 11:00:00,0.57141,0.57155,0.57111,0.57131,3636
2026-07-28 12:00:00,0.57131,0.57165,0.57127,0.57129,2378
2026-07-28 13:00:00,0.57129,0.57146,0.57103,0.57124,2910
2026-07-28 14:00:00,0.57124,0.57133,0.57072,0.57084,3398
2026-07-28 15:00:00,0.57084,0.57162,0.57084,0.57121,3593
2026-07-28 16:00:00,0.57121,0.57137,0.57041,0.57072,4728
2026-07-28 17:00:00,0.57071,0.57094,0.57012,0.57016,5791
2026-07-28 18:00:00,0.57016,0.57056,0.57007,0.5705,7084
2026-07-28 19:00:00,0.5705,0.57104,0.57045,0.57098,3895
2026-07-28 20:00:00,0.57098,0.57105,0.57083,0.57095,3070
2026-07-28 21:00:00,0.57096,0.57128,0.57087,0.57124,2275
2026-07-28 22:00:00,0.57125,0.57147,0.57122,0.57144,1448
2026-07-28 23:00:00,0.57144,0.57151,0.5713,0.57137,808
2026-07-29 00:00:00,0.57043,0.57132,0.56994,0.57069,1157
2026-07-29 01:00:00,0.57069,0.5715,0.57069,0.57142,1326
2026-07-29 02:00:00,0.57144,0.57182,0.5714,0.57152,1625
2026-07-29 03:00:00,0.57152,0.57162,0.5708,0.57083,3661
2026-07-29 04:00:00,0.57083,0.57102,0.56838,0.56858,6133
2026-07-29 05:00:00,0.56858,0.56927,0.56839,0.56854,4354
2026-07-29 06:00:00,0.56854,0.56876,0.5679,0.56822,2784
2026-07-29 07:00:00,0.56822,0.56827,0.56749,0.5682,3626
2026-07-29 08:00:00,0.5682,0.56882,0.5681,0.5688,2791
2026-07-29 09:00:00,0.5688,0.56917,0.56873,0.56896,3052
2026-07-29 10:00:00,0.56896,0.56919,0.56858,0.56884,3226
2026-07-29 11:00:00,0.56884,0.56898,0.56859,0.56866,3205
2026-07-29 12:00:00,0.56866,0.5692,0.5686,0.56906,2524
2026-07-29 13:00:00,0.56906,0.56941,0.56895,0.56912,2738
2026-07-29 14:00:00,0.56912,0.56931,0.56886,0.56909,2531
2026-07-29 15:00:00,0.56909,0.56932,0.5689,0.56905,4426
2026-07-29 16:00:00,0.56905,0.56917,0.56832,0.56869,4693
2026-07-29 17:00:00,0.56869,0.56891,0.56779,0.56802,6519
2026-07-29 18:00:00,0.56802,0.56841,0.56783,0.56817,4942
2026-07-29 19:00:00,0.56817,0.56844,0.56796,0.56838,3413
2026-07-29 20:00:00,0.56838,0.56861,0.5682,0.5682,3481
2026-07-29 21:00:00,0.56814,0.56927,0.56772,0.56914,19070
2026-07-29 22:00:00,0.56915,0.56919,0.56628,0.56646,16561
2026-07-29 23:00:00,0.56646,0.56657,0.56547,0.56578,4686
2026-07-30 00:00:00,0.5654,0.56595,0.56466,0.56518,3845
2026-07-30 01:00:00,0.56536,0.56623,0.56528,0.56621,1858
2026-07-30 02:00:00,0.56622,0.56637,0.56589,0.56595,1913
2026-07-30 03:00:00,0.56596,0.56687,0.56591,0.56662,4059
2026-07-30 04:00:00,0.56662,0.56734,0.56644,0.56709,3717
2026-07-30 05:00:00,0.5671,0.56748,0.56676,0.56679,2638
2026-07-30 06:00:00,0.56678,0.56698,0.56664,0.56677,2709
2026-07-30 07:00:00,0.56677,0.56694,0.56669,0.56674,2153
2026-07-30 08:00:00,0.56674,0.56697,0.56647,0.56679,2838
2026-07-30 09:00:00,0.56677,0.56725,0.56668,0.56718,3216
2026-07-30 10:00:00,0.56718,0.56819,0.56712,0.56794,3872
2026-07-30 11:00:00,0.56795,0.56802,0.5674,0.568,3891
2026-07-30 12:00:00,0.568,0.56824,0.56745,0.56757,3816
2026-07-30 13:00:00,0.56755,0.56768,0.56671,0.56699,4240
2026-07-30 14:00:00,0.56699,0.56761,0.56681,0.56726,3347
2026-07-30 15:00:00,0.56725,0.56726,0.56652,0.56693,4490
2026-07-30 16:00:00,0.56694,0.56704,0.56565,0.56589,6829
2026-07-30 17:00:00,0.56591,0.56641,0.56441,0.56562,8090
2026-07-30 18:00:00,0.56562,0.56594,0.56535,0.56558,5288
2026-07-30 19:00:00,0.56559,0.56585,0.56524,0.56534,3880
2026-07-30 20:00:00,0.56535,0.56589,0.5652,0.56544,3796
2026-07-30 21:00:00,0.56544,0.56565,0.56502,0.56503,3027
2026-07-30 22:00:00,0.56505,0.56583,0.56504,0.5657,2508
2026-07-30 23:00:00,0.56571,0.56607,0.5657,0.56579,1404
2026-07-31 00:00:00,0.56514,0.56546,0.56443,0.56506,293
2026-07-30 01:00:00,0.56536,0.56623,0.56528,0.56621,1858
2026-07-30 02:00:00,0.56622,0.56637,0.56589,0.56595,1913
2026-07-30 03:00:00,0.56596,0.56687,0.56591,0.56662,4059
2026-07-30 04:00:00,0.56662,0.56734,0.56644,0.56709,3717
2026-07-30 05:00:00,0.5671,0.56748,0.56676,0.56679,2638
2026-07-30 06:00:00,0.56678,0.56698,0.56664,0.56677,2709
2026-07-30 07:00:00,0.56677,0.56694,0.56669,0.56674,2153
2026-07-30 08:00:00,0.56674,0.56697,0.56647,0.56679,2838
2026-07-30 09:00:00,0.56677,0.56725,0.56668,0.56718,3216
2026-07-30 10:00:00,0.56718,0.56819,0.56712,0.56794,3872
2026-07-30 11:00:00,0.56795,0.56802,0.5674,0.568,3891
2026-07-30 12:00:00,0.568,0.56824,0.56745,0.56757,3816
2026-07-30 13:00:00,0.56755,0.56768,0.56671,0.56699,4240
2026-07-30 14:00:00,0.56699,0.56761,0.56681,0.56726,3347
2026-07-30 15:00:00,0.56725,0.56726,0.56652,0.56693,4490
2026-07-30 16:00:00,0.56694,0.56704,0.56565,0.56589,6829
2026-07-30 17:00:00,0.56591,0.56641,0.56441,0.56562,8090
2026-07-30 18:00:00,0.56562,0.56594,0.56535,0.56558,5288
2026-07-30 19:00:00,0.56559,0.56585,0.56524,0.56534,3880
2026-07-30 20:00:00,0.56535,0.56589,0.5652,0.56544,3796
2026-07-30 21:00:00,0.56544,0.56565,0.56502,0.56503,3027
2026-07-30 22:00:00,0.56505,0.56583,0.56504,0.5657,2508
2026-07-30 23:00:00,0.56571,0.56607,0.5657,0.56579,1404
2026-07-31 00:00:00,0.56514,0.56546,0.56443,0.56506,293
2026-07-31 01:00:00,0.565,0.56603,0.565,0.56592,1276
2026-07-31 02:00:00,0.56592,0.56614,0.56582,0.56599,2124
2026-07-31 03:00:00,0.566,0.56685,0.56599,0.56665,4880
2026-07-31 04:00:00,0.56665,0.56681,0.56604,0.56674,4448
2026-07-31 05:00:00,0.56673,0.56683,0.56613,0.56673,2953
2026-07-31 06:00:00,0.56673,0.56699,0.56642,0.56679,3221
2026-07-31 07:00:00,0.56679,0.56734,0.56677,0.56712,2304
2026-07-31 08:00:00,0.56712,0.56778,0.56707,0.56775,2607
2026-07-31 09:00:00,0.56775,0.56779,0.56704,0.56716,5259
2026-07-31 10:00:00,0.56716,0.56767,0.56699,0.56736,4844
2026-07-31 11:00:00,0.56735,0.568,0.56735,0.56761,5384
2026-07-31 12:00:00,0.56761,0.56859,0.56728,0.56846,7190
2026-07-31 13:00:00,0.56846,0.5688,0.56831,0.56874,3960
2026-07-31 14:00:00,0.56874,0.56903,0.56819,0.56831,4257
2026-07-31 15:00:00,0.5683,0.56876,0.56824,0.56833,4324
2026-07-31 16:00:00,0.56833,0.56922,0.56798,0.56897,11966
2026-07-31 17:00:00,0.56896,0.56907,0.56778,0.56806,12263
2026-07-31 18:00:00,0.56806,0.56834,0.56749,0.56756,8842
2026-07-31 19:00:00,0.56757,0.56836,0.56756,0.56819,4389
2026-07-31 20:00:00,0.56819,0.56844,0.56793,0.56827,6627
2026-07-31 21:00:00,0.56828,0.56875,0.5681,0.56867,3812
2026-07-31 22:00:00,0.56866,0.56894,0.56855,0.56864,2744
2026-07-31 23:00:00,0.56865,0.56905,0.56795,0.56818,5077
2026-07-31 01:00:00,0.565,0.56603,0.565,0.56592,1276
2026-07-31 02:00:00,0.56592,0.56614,0.56582,0.56599,2124
2026-07-31 03:00:00,0.566,0.56685,0.56599,0.56665,4880
2026-07-31 04:00:00,0.56665,0.56681,0.56604,0.56674,4448
2026-07-31 05:00:00,0.56673,0.56683,0.56613,0.56673,2953
2026-07-31 06:00:00,0.56673,0.56699,0.56642,0.56679,3221
2026-07-31 07:00:00,0.56679,0.56734,0.56677,0.56712,2304
2026-07-31 08:00:00,0.56712,0.56778,0.56707,0.56775,2607
2026-07-31 09:00:00,0.56775,0.56779,0.56704,0.56716,5259
2026-07-31 10:00:00,0.56716,0.56767,0.56699,0.56736,4844
2026-07-31 11:00:00,0.56735,0.568,0.56735,0.56761,5384
2026-07-31 12:00:00,0.56761,0.56859,0.56728,0.56846,7190
2026-07-31 13:00:00,0.56846,0.5688,0.56831,0.56874,3960
2026-07-31 14:00:00,0.56874,0.56903,0.56819,0.56831,4257
2026-07-31 15:00:00,0.5683,0.56876,0.56824,0.56833,4324
2026-07-31 16:00:00,0.56833,0.56922,0.56798,0.56897,11966
2026-07-31 17:00:00,0.56896,0.56907,0.56778,0.56806,12263
2026-07-31 18:00:00,0.56806,0.56834,0.56749,0.56756,8842
2026-07-31 19:00:00,0.56757,0.56836,0.56756,0.56819,4389
2026-07-31 20:00:00,0.56819,0.56844,0.56793,0.56827,6627
2026-07-31 21:00:00,0.56828,0.56875,0.5681,0.56867,3812
2026-07-31 22:00:00,0.56866,0.56894,0.56855,0.56864,2744
2026-07-31 23:00:00,0.56865,0.56905,0.56795,0.56818,5077
2026-08-03,0.56714,0.56873,0.56631,0.56761,1099
2026-08-03 01:00:00,0.56761,0.56886,0.5671,0.56858,2116
2026-08-03 02:00:00,0.56858,0.56877,0.56826,0.56856,1677
2026-08-03 03:00:00,0.56856,0.56869,0.56746,0.56816,7820
2026-08-03 04:00:00,0.56817,0.56906,0.56802,0.56892,5699
2026-08-03 05:00:00,0.56891,0.56905,0.56858,0.56872,3319
2026-08-03 06:00:00,0.56872,0.569,0.56862,0.56875,2458
2026-08-03 07:00:00,0.56874,0.56881,0.56852,0.56852,1783
2026-08-03 08:00:00,0.56851,0.56875,0.56835,0.56867,2068
2026-08-03 09:00:00,0.56868,0.5688,0.56843,0.56868,3365
2026-08-03 10:00:00,0.56868,0.56877,0.56717,0.56729,5084
2026-08-03 11:00:00,0.56728,0.5673,0.56691,0.567,3822
2026-08-03 12:00:00,0.567,0.56702,0.5661,0.56645,3687
2026-08-03 13:00:00,0.56645,0.56649,0.56607,0.5664,3243
2026-08-03 14:00:00,0.56639,0.56667,0.56622,0.56625,3129
2026-08-03 15:00:00,0.56625,0.56639,0.56601,0.56619,4106
2026-08-03 16:00:00,0.56619,0.56632,0.56523,0.56554,7078
2026-08-03 17:00:00,0.5655,0.56714,0.5654,0.56709,6152
2026-08-03 18:00:00,0.56709,0.56779,0.56709,0.56737,5299
2026-08-03 19:00:00,0.56737,0.56754,0.5672,0.56744,3323
2026-08-03 20:00:00,0.56744,0.56752,0.56722,0.56734,1970
2026-08-03 21:00:00,0.56734,0.56739,0.56682,0.56699,2541
2026-08-03 22:00:00,0.56699,0.56715,0.5668,0.56709,1546
2026-08-03 23:00:00,0.56709,0.56733,0.56704,0.56724,884
2026-08-04 00:00:00,0.56661,0.56703,0.56607,0.56623,362
2026-08-04 01:00:00,0.56623,0.56721,0.56623,0.567,607
2026-08-04 02:00:00,0.567,0.56711,0.56687,0.56704,1139
2026-08-04 03:00:00,0.56704,0.56728,0.56682,0.56713,3786
2026-08-04 04:00:00,0.56713,0.56806,0.56692,0.56805,3930
2026-08-04 05:00:00,0.56805,0.56844,0.56788,0.56841,3287
2026-08-04 06:00:00,0.56841,0.56881,0.56836,0.56875,2658
2026-08-04 07:00:00,0.56875,0.56881,0.56851,0.56865,1737
2026-08-04 08:00:00,0.56865,0.56883,0.56852,0.56876,2525
2026-08-04 09:00:00,0.56876,0.56888,0.56811,0.56829,3440
2026-08-04 10:00:00,0.5683,0.56876,0.56827,0.56856,3499
2026-08-04 11:00:00,0.56855,0.56908,0.56854,0.56893,3242
2026-08-04 12:00:00,0.56893,0.56928,0.56873,0.56926,2773
2026-08-04 13:00:00,0.56926,0.56958,0.56919,0.5695,3630
2026-08-04 14:00:00,0.5695,0.56954,0.56871,0.56883,5066
2026-08-04 15:00:00,0.56884,0.56901,0.56851,0.56889,4296
2026-08-04 16:00:00,0.56888,0.56947,0.56863,0.56872,6599
2026-08-04 17:00:00,0.56871,0.56934,0.5687,0.56925,5815
2026-08-04 18:00:00,0.56926,0.56955,0.56916,0.56939,4605
2026-08-04 19:00:00,0.56938,0.57027,0.56938,0.5702,2706
2026-08-04 20:00:00,0.5702,0.57038,0.57007,0.57019,2432
2026-08-04 21:00:00,0.57019,0.57028,0.56995,0.57014,2724
2026-08-04 22:00:00,0.57014,0.57037,0.57003,0.57024,1938
2026-08-04 23:00:00,0.57023,0.57028,0.56993,0.57002,1029
2026-08-05 00:00:00,0.5697,0.56993,0.56902,0.56963,482
2026-08-05 01:00:00,0.56963,0.57037,0.56963,0.57036,807
2026-08-05 02:00:00,0.57036,0.57051,0.57013,0.57014,1306
2026-08-05 03:00:00,0.57013,0.57046,0.56966,0.56973,3213
2026-08-05 04:00:00,0.56973,0.56998,0.56962,0.56978,3670
2026-08-05 05:00:00,0.56978,0.56993,0.56921,0.56947,3957
2026-08-05 06:00:00,0.56947,0.5696,0.56923,0.56939,2375
2026-08-05 07:00:00,0.56939,0.56987,0.56939,0.56964,2320
2026-08-05 08:00:00,0.56964,0.56971,0.56939,0.56953,2472
2026-08-05 09:00:00,0.56953,0.56977,0.56933,0.56936,3897
2026-08-05 10:00:00,0.56935,0.57025,0.56931,0.57022,4873
2026-08-05 11:00:00,0.57022,0.57054,0.56993,0.57037,4183
2026-08-05 12:00:00,0.57036,0.57046,0.56998,0.5702,3055
2026-08-05 13:00:00,0.5702,0.57032,0.57006,0.57009,2792
2026-08-05 14:00:00,0.5701,0.57015,0.5697,0.56997,3373
2026-08-05 15:00:00,0.56997,0.5705,0.56996,0.57044,4460
2026-08-05 16:00:00,0.57044,0.5705,0.56954,0.56991,6529
2026-08-05 17:00:00,0.56991,0.57029,0.56929,0.56944,8071
2026-08-05 18:00:00,0.56944,0.56975,0.56931,0.56944,5493
2026-08-05 19:00:00,0.56944,0.56975,0.56941,0.56962,3265
2026-08-05 20:00:00,0.56962,0.56977,0.56942,0.56969,2590
2026-08-05 21:00:00,0.56969,0.56979,0.56962,0.56973,2541
2026-08-05 22:00:00,0.56973,0.57001,0.5695,0.56951,2000
2026-08-05 23:00:00,0.56951,0.5697,0.56942,0.56957,1260
2026-08-06 00:00:00,0.56887,0.56925,0.56832,0.56879,1216
2026-08-06 01:00:00,0.56879,0.56965,0.56879,0.56951,769
2026-08-06 02:00:00,0.56951,0.56954,0.56923,0.56928,1094
2026-08-06 03:00:00,0.56928,0.56945,0.56904,0.56918,3425
2026-08-06 04:00:00,0.56917,0.56928,0.56888,0.56895,3677
2026-08-06 05:00:00,0.56895,0.56917,0.56881,0.56894,2508
2026-08-06 06:00:00,0.56895,0.56901,0.56869,0.56886,2199
2026-08-06 07:00:00,0.56886,0.56903,0.56868,0.569,1645
2026-08-06 08:00:00,0.569,0.56911,0.56872,0.56893,1882
2026-08-06 09:00:00,0.56893,0.56919,0.56879,0.56916,2693
2026-08-06 10:00:00,0.56916,0.56931,0.56889,0.5691,3196
2026-08-06 11:00:00,0.5691,0.56965,0.56893,0.56957,2905
2026-08-06 12:00:00,0.56957,0.57006,0.56934,0.57003,2208
2026-08-06 13:00:00,0.57003,0.57014,0.56979,0.57006,1991
2026-08-06 14:00:00,0.57006,0.57029,0.56973,0.57026,2839
2026-08-06 15:00:00,0.57026,0.57031,0.56992,0.56996,3425
2026-08-06 16:00:00,0.56996,0.56997,0.56947,0.56956,4766
2026-08-06 17:00:00,0.56956,0.57052,0.56946,0.57051,5519
2026-08-06 18:00:00,0.5705,0.5719,0.57038,0.57128,6362
2026-08-06 19:00:00,0.57129,0.57133,0.57097,0.57119,4132
2026-08-06 20:00:00,0.57119,0.57162,0.5711,0.57133,2595
2026-08-06 21:00:00,0.57133,0.57148,0.57114,0.5712,2009
2026-08-06 22:00:00,0.5712,0.57142,0.57116,0.57128,2898
2026-08-06 23:00:00,0.57128,0.57138,0.57112,0.57116,1231
2026-08-07 00:00:00,0.57073,0.57096,0.56993,0.57075,958
